customer_id,customer_name,email,phone,city,state,signup_date,customer_segment
CUST00001,Ananya Miller,ananya.miller1@mail.com,8123156124,Lucknow,Uttar Pradesh,10/28/2023,premium
CUST00002,Amelia Rao,amelia.rao2@outlook.com,6204496093,Agra,Uttar Pradesh,03 Oct 2021,premium
CUST00003,Liam Rao,liam.rao3@yahoo.com,8889542655,Kanpur,Uttar Pradesh,05-09-2024,Regular
CUST00004,Isabella Singh,isabella.singh4@gmail.com,8156341511,VADODARA,Gujarat,2023/05/09,regular
CUST00005,Aditya Gupta,aditya.gupta5@yahoo.com,8800935401,Bengaluru,Karnataka,01/20/2024,premium
CUST00006,Kabir Gupta,kabir.gupta6@gmail.com,8124724799,AGRA,Uttar Pradesh,22 Feb 2024,New
CUST00007,Liam Brown,liam.brown7@outlook.com,9866402704,LUDHIANA,Punjab,28 Jun 2022,VIP
CUST00008,Amelia Miller,amelia.miller8@gmail.com,9909073286,HYDERABAD,Telangana,06/20/2022,regular
CUST00009,Kabir Verma,kabir.verma9@yahoo.com,9703975707,Delhi,Delhi,05 Dec 2021,Regular
CUST00010,Aarav Iyer,aarav.iyer10@outlook.com,7807765063,Ahmedabad,Gujarat,08/09/2024,VIP
CUST00011,Noah Reddy,noah.reddy11@gmail.com,9301942549,Kolkata,West Bengal,16/03/2022,regular
CUST00012,ABIGAIL BROWN,abigail.brown12@gmail.com,8529560480,jaipur,Rajasthan,2023/11/03,premium
CUST00013,diya johnson,diya.johnson13@yahoo.com,65068,Nashik,Maharashtra,2022/11/03,Regular
CUST00014,ARJUN SMITH,arjun.smith14@gmail.com,7257120244,Pune,Maharashtra,27-12-2022,Regular
CUST00015,ishaan gupta,ishaan.gupta15@yahoo.com,6202585894,AGRA,Uttar Pradesh,2023-01-13,regular
CUST00016,,william.singh16@outlook.com,6612026532,jaipur,Rajasthan,04-07-2021,premium
CUST00017,Henry Nair,henry.nair17@gmail.com,7859674935,Nashik,Maharashtra,19/10/2023,premium
CUST00018,Noah Rao,noah.rao18@outlook.com,8427692509,Bengaluru,Karnataka,2023/03/02,VIP
CUST00019,Kiara Patel,kiara.patel19@yahoo.com,7695024527,Mumbai,Maharashtra,10/31/2023,premium
CUST00020,Lucas Gupta,lucas.gupta20_at_mail.com,9866823538,Ludhiana,Punjab,22 May 2023,Premium
CUST00021,Aditya Anderson,aditya.anderson21@mail.com,8287705313,Ahmedabad,Gujarat,05/02/2024,New
CUST00022,KABIR SMITH,kabir.smith22@yahoo.com,9411454646,Surat,Gujarat,12/09/2022,Premium
CUST00023,ira davis,ira.davis23@gmail.com,6161736645,NASHIK,Maharashtra,13/01/2024,New
CUST00024,Ananya Williams,ananya.williams24_at_outlook.com,8190992937,AHMEDABAD,Gujarat,2023/10/04,Regular
CUST00025,Liam Williams,liam.williams25@outlook.com,8675984517,hyderabad,Telangana,30/11/2023,premium
CUST00026,Aarav Johnson,aarav.johnson26@yahoo.com,8523640548,Lucknow,Uttar Pradesh,2021/08/18,Premium
CUST00027,Kabir Brown,kabir.brown27@mail.com,8448845506,Nagpur,Maharashtra,04/07/2024,premium
CUST00028,Ishaan Sharma,ishaan.sharma28@yahoo.com,8155877346,Lucknow,Uttar Pradesh,11/11/2023,regular
CUST00029,reyansh brown,reyansh.brown29@yahoo.com,8367862922,Hyderabad,Telangana,06-12-2022,premium
CUST00030,Ishaan Davis,ishaan.davis30@yahoo.com,8346299407,Nagpur,Maharashtra,,New
CUST00031,Diya Patel,diya.patel31@gmail.com,8338129347,PATNA,Bihar,2021-10-18,regular
CUST00032,Pari Johnson,pari.johnson32@mail.com,81439,Lucknow,Uttar Pradesh,2022-08-23,New
CUST00033,Anaya Miller,anaya.miller33@outlook.com,9833324339,Ahmedabad,Gujarat,24 Apr 2023,New
CUST00034,Olivia Iyer,olivia.iyer34@outlook.com,9240107634,Nashik,Maharashtra,2022/02/16,Regular
CUST00035,diya jones,diya.jones35@gmail.com,7423707839,KOLKATA,West Bengal,06/11/2024,premium
CUST00036,Anaya Garcia,anaya.garcia36@outlook.com,9568286479,indore,Madhya Pradesh,22/05/2024,regular
CUST00037,Rohan Rao,rohan.rao37@gmail.com,8895336885,patna,Bihar,09 Jun 2024,regular
CUST00038,William Williams,,8735776226,Vadodara,Gujarat,03/01/2024,regular
CUST00039,riya nair,riya.nair39@gmail.com,84133,Ahmedabad,Gujarat,2023/01/04,Premium
CUST00040,MYRA GARCIA,myra.garcia40_at_gmail.com,7448495661,Ludhiana,Punjab,07/12/2022,premium
CUST00041,Vihaan Sharma,vihaan.sharma41@outlook.com,8374864174,Ludhiana,Punjab,2024/09/21,Regular
CUST00042,alexander garcia,alexander.garcia42@yahoo.com,7318955963,Nagpur,Maharashtra,29/04/2022,VIP
CUST00043,Liam Patel,liam.patel43@mail.com,8302786799,Chennai,Tamil Nadu,01/13/2023,Regular
CUST00044,DIYA PATEL,diya.patel44@yahoo.com,6207625222,Ahmedabad,Gujarat,2021-07-09,regular
CUST00045,Aditya Kumar,aditya.kumar45@yahoo.com,9950833480,Hyderabad,Telangana,2024-06-29,premium
CUST00046,Liam Wilson,liam.wilson46@mail.com,6265907416,LUDHIANA,Punjab,2022-12-14,premium
CUST00047,riya gupta,riya.gupta47@mail.com,9343390582,Ahmedabad,Gujarat,2023/06/08,premium
CUST00048,Kabir Miller,kabir.miller48@yahoo.com,7483656443,Lucknow,Uttar Pradesh,2022-02-12,New
CUST00049,Ananya Brown,ananya.brown49@outlook.com,8816479341,nashik,Maharashtra,01/23/2023,New
CUST00050,ANAYA PATEL,anaya.patel50@gmail.com,8443872264,Bhopal,Madhya Pradesh,2024/02/19,Regular
CUST00051,Reyansh Smith,reyansh.smith51@yahoo.com,7630650165,Indore,Madhya Pradesh,2024/10/29,premium
CUST00052,William Brown,william.brown52@mail.com,8512990369,Indore,Madhya Pradesh,29-05-2024,regular
CUST00053,Kiara Johnson,kiara.johnson53@gmail.com,7699550021,Ahmedabad,Gujarat,26-01-2022,Regular
CUST00054,ARYAN GARCIA,aryan.garcia54@mail.com,9902080160,Ahmedabad,Gujarat,28/07/2023,premium
CUST00055,ISHAAN WILSON,ishaan.wilson55@gmail.com,8132411682,Ahmedabad,Gujarat,11/23/2021,Premium
CUST00056,Ananya Miller,ananya.miller56@yahoo.com,7604856763,lucknow,Uttar Pradesh,11-12-2023,premium
CUST00057,Aditya Anderson,,6830040870,Bhopal,Madhya Pradesh,23 Jul 2024,premium
CUST00058,aadhya brown,aadhya.brown58@yahoo.com,6234360915,nagpur,Maharashtra,2024/12/03,Regular
CUST00059,Alexander Patel,alexander.patel59@mail.com,6988256872,delhi,Delhi,2023-07-15,premium
CUST00060,Alexander Smith,alexander.smith60@gmail.com,9170135921,Mumbai,Maharashtra,2023-03-10,Premium
CUST00061,Reyansh Wilson,reyansh.wilson61@gmail.com,9151592119,Surat,Gujarat,02 Jul 2021,New
CUST00062,Sophia Johnson,sophia.johnson62@yahoo.com,6896127318,Vadodara,Gujarat,18 Apr 2022,Regular
CUST00063,aditya rao,aditya.rao63@yahoo.com,9871443460,Kolkata,West Bengal,30 Mar 2022,premium
CUST00064,Alexander Davis,alexander.davis64@outlook.com,7486886743,Indore,Madhya Pradesh,04-09-2021,premium
CUST00065,Alexander Patel,alexander.patel65@yahoo.com,99640,Surat,Gujarat,09-07-2024,Regular
CUST00066,Saanvi Patel,saanvi.patel66@outlook.com,9292399773,Bhopal,Madhya Pradesh,11/25/2022,VIP
CUST00067,Rohan Gupta,rohan.gupta67@mail.com,6539196085,Ahmedabad,Gujarat,04/12/2023,New
CUST00068,James Davis,james.davis68@mail.com,9766378908,DELHI,Delhi,2022-10-29,premium
CUST00069,Saanvi Wilson,saanvi.wilson69@mail.com,6818494947,Bhopal,Madhya Pradesh,2024-01-30,premium
CUST00070,Ishaan Williams,ishaan.williams70@mail.com,7467674476,PATNA,Bihar,08/24/2022,premium
CUST00071,Aryan Miller,aryan.miller71@yahoo.com,9745401958,delhi,Delhi,25-06-2023,VIP
CUST00072,Isabella Nair,isabella.nair72@outlook.com,9394103594,Surat,Gujarat,26/12/2023,VIP
CUST00073,Vihaan Patel,vihaan.patel73@mail.com,8313250824,Indore,Madhya Pradesh,2024/02/26,VIP
CUST00074,Henry Williams,henry.williams74@gmail.com,8183546470,Agra,Uttar Pradesh,2024/11/28,Premium
CUST00075,John Sharma,john.sharma75@yahoo.com,6439740334,Indore,Madhya Pradesh,05-12-2022,regular
CUST00076,evelyn gupta,evelyn.gupta76@gmail.com,6847803291,chennai,Tamil Nadu,27-10-2024,VIP
CUST00077,Henry Sharma,,7639109879,Hyderabad,Telangana,02/04/2024,premium
CUST00078,Lucas Brown,lucas.brown78@outlook.com,6500636145,nashik,Maharashtra,2022/05/14,regular
CUST00079,Isabella Rao,isabella.rao79@gmail.com,9196248006,Nashik,Maharashtra,05 Oct 2023,Regular
CUST00080,benjamin davis,benjamin.davis80@gmail.com,8339314901,Ludhiana,Punjab,2023-08-04,Regular
CUST00081,Mia Brown,mia.brown81_at_mail.com,8644989272,JAIPUR,Rajasthan,0000-00-00,VIP
CUST00082,Vivaan Kumar,vivaan.kumar82@outlook.com,7459800080,Agra,Uttar Pradesh,12 Nov 2023,Premium
CUST00083,vihaan wilson,vihaan.wilson83@mail.com,8532845746,Vadodara,Gujarat,05-05-2022,VIP
CUST00084,Henry Williams,henry.williams84@outlook.com,7318788403,Mumbai,Maharashtra,2023-11-27,Regular
CUST00085,Lucas Patel,lucas.patel85@mail.com,6781249622,kanpur,Uttar Pradesh,02-07-2022,Premium
CUST00086,Kiara Williams,kiara.williams86@outlook.com,87737,Agra,Uttar Pradesh,2022-01-12,Regular
CUST00087,Anaya Singh,anaya.singh87@gmail.com,8519618529,Mumbai,Maharashtra,10-10-2023,Regular
CUST00088,William Smith,william.smith88@mail.com,9291853043,Nashik,Maharashtra,08/18/2021,Regular
CUST00089,Alexander Garcia,alexander.garcia89@gmail.com,9307066016,ludhiana,Punjab,01/08/2021,regular
CUST00090,Myra Sharma,myra.sharma90@outlook.com,8387323147,Kolkata,West Bengal,12/20/2021,New
CUST00091,Charlotte Brown,charlotte.brown91@mail.com,8837722327,Jaipur,Rajasthan,28/08/2023,Regular
CUST00092,Myra Miller,myra.miller92@mail.com,7976057581,Hyderabad,Telangana,09/11/2024,VIP
CUST00093,Arjun Jones,arjun.jones93@yahoo.com,7730146055,NASHIK,Maharashtra,05/06/2024,New
CUST00094,Ananya Johnson,ananya.johnson94@yahoo.com,7255735166,Hyderabad,Telangana,04-07-2021,New
CUST00095,John Iyer,john.iyer95@gmail.com,8210509713,Nashik,Maharashtra,11/15/2021,regular
CUST00096,John Reddy,john.reddy96@yahoo.com,9394651349,Hyderabad,Telangana,29-12-2023,Premium
CUST00097,Riya Sharma,riya.sharma97@gmail.com,6139737245,VADODARA,Gujarat,2021-09-03,New
CUST00098,James Rao,james.rao98@outlook.com,9697483848,Patna,Bihar,11/20/2024,Regular
CUST00099,kabir johnson,kabir.johnson99@gmail.com,9248964957,lucknow,Uttar Pradesh,24/11/2023,Premium
CUST00100,Lucas Sharma,lucas.sharma100@gmail.com,9151543246,Bengaluru,Karnataka,12/07/2022,New
CUST00101,SAANVI KUMAR,saanvi.kumar101@mail.com,8908564991,Indore,Madhya Pradesh,17 Dec 2023,premium
CUST00102,Charlotte Nair,charlotte.nair102@outlook.com,9383266009,bengaluru,Karnataka,2023/06/07,regular
CUST00103,MYRA PATEL,myra.patel103@gmail.com,9819942770,nagpur,Maharashtra,04 Jul 2022,VIP
CUST00104,Noah Smith,noah.smith104@outlook.com,9239651408,Kanpur,Uttar Pradesh,08/13/2023,VIP
CUST00105,PARI BROWN,pari.brown105@yahoo.com,9258151146,Hyderabad,Telangana,0000-00-00,Premium
CUST00106,Amelia Jones,amelia.jones106@outlook.com,9480562915,Ahmedabad,Gujarat,09/05/2023,regular
CUST00107,Ishaan Verma,ishaan.verma107@mail.com,7303419997,Nashik,Maharashtra,2023-01-01,regular
CUST00108,Kiara Gupta,kiara.gupta108@yahoo.com,7356374256,Hyderabad,Telangana,12/31/2022,Premium
CUST00109,ISHAAN IYER,ishaan.iyer109@outlook.com,8473268212,nashik,Maharashtra,2023/01/25,premium
CUST00110,Ira Iyer,ira.iyer110@yahoo.com,8456649049,Ahmedabad,Gujarat,11-07-2021,premium
CUST00111,Arjun Singh,arjun.singh111@gmail.com,9624316008,Patna,Bihar,25/01/2022,Regular
CUST00112,Amelia Davis,amelia.davis112@yahoo.com,9427064197,Lucknow,Uttar Pradesh,28/12/2023,VIP
CUST00113,anaya johnson,anaya.johnson113_at_mail.com,7656016860,Nashik,Maharashtra,0000-00-00,Regular
CUST00114,James Iyer,james.iyer114@yahoo.com,6485924214,Bengaluru,Karnataka,2022/07/16,VIP
CUST00115,BENJAMIN DAVIS,benjamin.davis115@yahoo.com,7519861213,Jaipur,Rajasthan,10/03/2023,Premium
CUST00116,KABIR BROWN,kabir.brown116@mail.com,7409676308,Mumbai,Maharashtra,01 Apr 2024,premium
CUST00117,ABIGAIL GARCIA,abigail.garcia117@yahoo.com,7116742210,Kolkata,West Bengal,2023-01-15,regular
CUST00118,Aarav Verma,aarav.verma118@outlook.com,8192345517,AHMEDABAD,Gujarat,0000-00-00,VIP
CUST00119,Michael Iyer,michael.iyer119@mail.com,9380526766,Nashik,Maharashtra,13/03/2023,Premium
CUST00120,Rohan Reddy,rohan.reddy120@outlook.com,7427487069,Agra,Uttar Pradesh,12/22/2024,VIP
CUST00121,Amelia Jones,amelia.jones121@outlook.com,7602917984,Bhopal,Madhya Pradesh,2023-10-24,VIP
CUST00122,James Patel,james.patel122@yahoo.com,8723116455,Ahmedabad,Gujarat,2024-12-07,regular
CUST00123,Sophia Kumar,sophia.kumar123@mail.com,6158353824,Jaipur,Rajasthan,20 Jan 2022,New
CUST00124,Emma Verma,emma.verma124@gmail.com,9853307914,AHMEDABAD,Gujarat,2024/08/09,premium
CUST00125,aryan rao,aryan.rao125@outlook.com,6769654032,Hyderabad,Telangana,30 Oct 2021,Regular
CUST00126,Myra Gupta,myra.gupta126@mail.com,6159757124,Surat,Gujarat,21 Sep 2023,VIP
CUST00127,Abigail Jones,abigail.jones127@gmail.com,8252134379,Pune,Maharashtra,05/30/2022,regular
CUST00128,RIYA GUPTA,riya.gupta128@mail.com,6849098886,bhopal,Madhya Pradesh,2023-10-16,VIP
CUST00129,Aarav Wilson,aarav.wilson129@outlook.com,6145775539,Kanpur,Uttar Pradesh,2022-03-27,VIP
CUST00130,Michael Davis,michael.davis130@yahoo.com,6650878040,Ahmedabad,Gujarat,2023/06/05,premium
CUST00131,Rohan Nair,rohan.nair131@outlook.com,6504288204,Nashik,Maharashtra,2022/06/19,regular
CUST00132,,rohan.smith132@outlook.com,91482,Chennai,Tamil Nadu,2022/10/02,Regular
CUST00133,aadhya iyer,aadhya.iyer133@gmail.com,6911548967,BENGALURU,Karnataka,2021/10/19,regular
CUST00134,olivia anderson,olivia.anderson134@gmail.com,6505475993,Agra,Uttar Pradesh,2024/07/28,Premium
CUST00135,Diya Singh,diya.singh135@mail.com,8192361447,Hyderabad,Telangana,05/08/2022,Regular
CUST00136,Henry Garcia,henry.garcia136@gmail.com,6304157942,Agra,Uttar Pradesh,10 Feb 2024,regular
CUST00137,Arjun Jones,arjun.jones137@mail.com,9236571776,SURAT,Gujarat,07 Jan 2022,Regular
CUST00138,Aadhya Rao,aadhya.rao138@outlook.com,8409311735,Agra,Uttar Pradesh,10/22/2022,regular
CUST00139,Lucas Gupta,lucas.gupta139@mail.com,9134654722,JAIPUR,Rajasthan,30-07-2022,New
CUST00140,Emma Verma,emma.verma140@yahoo.com,9471348848,INDORE,Madhya Pradesh,22 Oct 2024,premium
CUST00141,ROHAN NAIR,rohan.nair141@gmail.com,8798294005,PATNA,Bihar,26-02-2023,Premium
CUST00142,William Sharma,william.sharma142@mail.com,8561406882,Ludhiana,Punjab,24/03/2022,Regular
CUST00143,Emma Brown,emma.brown143@gmail.com,9343874566,LUDHIANA,Punjab,2024/08/21,Regular
CUST00144,Vihaan Patel,vihaan.patel144@gmail.com,9437290100,Pune,Maharashtra,2023-02-03,Premium
CUST00145,arjun nair,arjun.nair145@yahoo.com,7336531677,Surat,Gujarat,06 Jul 2023,regular
CUST00146,John Garcia,john.garcia146@gmail.com,6400415621,Ahmedabad,Gujarat,2024-05-16,Premium
CUST00147,Aryan Verma,aryan.verma147@yahoo.com,62226,Delhi,Delhi,2022-12-20,New
CUST00148,Abigail Williams,abigail.williams148_at_mail.com,6147690834,NAGPUR,Maharashtra,0000-00-00,premium
CUST00149,Michael Sharma,michael.sharma149@outlook.com,89130,Nashik,Maharashtra,2023-11-20,VIP
CUST00150,harper williams,harper.williams150@outlook.com,6555089389,Agra,Uttar Pradesh,2024/05/12,New
CUST00151,Kiara Kumar,kiara.kumar151@gmail.com,7191844510,LUDHIANA,Punjab,10/02/2023,New
CUST00152,ANAYA ANDERSON,anaya.anderson152@gmail.com,7997647951,CHENNAI,Tamil Nadu,2023-12-10,VIP
CUST00153,Liam Garcia,liam.garcia153@yahoo.com,9396831273,ludhiana,Punjab,20/03/2023,Regular
CUST00154,Charlotte Kumar,charlotte.kumar154@yahoo.com,9349830146,Delhi,Delhi,27/06/2022,premium
CUST00155,AADHYA VERMA,,7680294485,Nashik,Maharashtra,2022-10-08,New
CUST00156,Kiara Reddy,kiara.reddy156@outlook.com,6176657833,Surat,Gujarat,04/04/2022,Regular
CUST00157,Olivia Miller,olivia.miller157@outlook.com,9412322106,Agra,Uttar Pradesh,06 Aug 2021,Regular
CUST00158,Noah Wilson,noah.wilson158@outlook.com,9805512080,Nagpur,Maharashtra,22 Nov 2021,Regular
CUST00159,Henry Garcia,henry.garcia159@mail.com,9751870820,vadodara,Gujarat,15 May 2024,VIP
CUST00160,Kiara Smith,kiara.smith160@yahoo.com,8589434256,Hyderabad,Telangana,21/10/2022,VIP
CUST00161,Harper Davis,harper.davis161@gmail.com,8582075743,pune,Maharashtra,08/24/2024,Premium
CUST00162,Rohan Anderson,rohan.anderson162@outlook.com,9187516357,Vadodara,Gujarat,14-04-2022,regular
CUST00163,Mia Sharma,mia.sharma163@yahoo.com,6897633403,Delhi,Delhi,15-11-2023,Regular
CUST00164,Amelia Williams,amelia.williams164@mail.com,8864486473,LUCKNOW,Uttar Pradesh,2023/05/05,regular
CUST00165,Michael Jones,michael.jones165@mail.com,6410623993,Ahmedabad,Gujarat,25 Jun 2022,premium
CUST00166,aarav wilson,aarav.wilson166@outlook.com,7570929255,Agra,Uttar Pradesh,2023-01-08,Regular
CUST00167,amelia wilson,amelia.wilson167@mail.com,82537,Kolkata,West Bengal,13/11/2023,regular
CUST00168,Riya Singh,riya.singh168@gmail.com,8281806799,Jaipur,Rajasthan,07-11-2024,Regular
CUST00169,harper davis,harper.davis169@yahoo.com,8107156607,Mumbai,Maharashtra,07/11/2023,Premium
CUST00170,Amelia Kumar,amelia.kumar170@mail.com,9577176303,Patna,Bihar,2022/12/05,Regular
CUST00171,Michael Patel,michael.patel171@yahoo.com,7396468739,Vadodara,Gujarat,2021-11-13,premium
CUST00172,Amelia Smith,amelia.smith172@yahoo.com,9781286134,Pune,Maharashtra,2022/03/22,regular
CUST00173,Liam Kumar,liam.kumar173@mail.com,7241510509,BENGALURU,Karnataka,2024-05-07,premium
CUST00174,Abigail Reddy,abigail.reddy174@yahoo.com,6777559423,kanpur,Uttar Pradesh,02/03/2024,regular
CUST00175,Riya Miller,riya.miller175@mail.com,7683485601,Hyderabad,Telangana,06/09/2022,Regular
CUST00176,BENJAMIN SMITH,benjamin.smith176@yahoo.com,6442422662,Kanpur,Uttar Pradesh,09/08/2023,premium
CUST00177,Kiara Sharma,kiara.sharma177@outlook.com,6165287000,Lucknow,Uttar Pradesh,12/02/2022,premium
CUST00178,Anaya Verma,anaya.verma178@outlook.com,9431260784,Pune,Maharashtra,2024-08-30,Premium
CUST00179,ABIGAIL ANDERSON,abigail.anderson179@outlook.com,9961584268,LUCKNOW,Uttar Pradesh,07-06-2023,regular
CUST00180,diya singh,diya.singh180@mail.com,8501450537,KOLKATA,West Bengal,2024-07-21,premium
CUST00181,Amelia Gupta,amelia.gupta181@mail.com,74236,Pune,Maharashtra,08/23/2021,New
CUST00182,ROHAN NAIR,rohan.nair182@gmail.com,61216,Ludhiana,Punjab,11/04/2024,Premium
CUST00183,Alexander Rao,alexander.rao183@outlook.com,7394258670,Hyderabad,Telangana,12/08/2022,premium
CUST00184,James Garcia,james.garcia184@outlook.com,85106,Patna,Bihar,08/30/2023,New
CUST00185,VIVAAN WILLIAMS,vivaan.williams185@yahoo.com,9790221180,ahmedabad,Gujarat,12/26/2024,Regular
CUST00186,Reyansh Kumar,reyansh.kumar186@mail.com,8163278782,Jaipur,Rajasthan,2023-10-06,New
CUST00187,Henry Anderson,henry.anderson187@mail.com,8910715800,Patna,Bihar,06/07/2024,VIP
CUST00188,Liam Davis,liam.davis188@gmail.com,9503389825,mumbai,Maharashtra,05/12/2022,regular
CUST00189,KABIR VERMA,kabir.verma189@mail.com,6250179318,LUDHIANA,Punjab,19/10/2023,VIP
CUST00190,Pari Davis,pari.davis190@outlook.com,8251953364,Kolkata,West Bengal,11/23/2024,premium
CUST00191,Emma Kumar,emma.kumar191@yahoo.com,9441114921,AHMEDABAD,Gujarat,2024/02/03,Regular
CUST00192,Ishaan Garcia,ishaan.garcia192@mail.com,6738290623,KANPUR,Uttar Pradesh,03-08-2024,Premium
CUST00193,isabella wilson,isabella.wilson193@outlook.com,7702489740,Kolkata,West Bengal,20/11/2021,regular
CUST00194,Henry Gupta,henry.gupta194@yahoo.com,6454506806,Agra,Uttar Pradesh,04 Nov 2024,New
CUST00195,liam reddy,liam.reddy195_at_yahoo.com,8198073715,Nashik,Maharashtra,11/04/2022,Premium
CUST00196,Vihaan Kumar,vihaan.kumar196@mail.com,7637273677,Pune,Maharashtra,08/05/2024,VIP
CUST00197,Amelia Smith,amelia.smith197@gmail.com,8780505229,Ahmedabad,Gujarat,27/11/2023,regular
CUST00198,Harper Brown,harper.brown198@outlook.com,6927580907,Indore,Madhya Pradesh,26-08-2022,regular
CUST00199,Ananya Sharma,ananya.sharma199@yahoo.com,9729415010,HYDERABAD,Telangana,0000-00-00,New
CUST00200,Pari Miller,pari.miller200@mail.com,7394391911,Agra,Uttar Pradesh,2021/08/16,premium
CUST00201,Ananya Miller,,8857674720,AHMEDABAD,Gujarat,12/01/2021,VIP
CUST00202,Vihaan Smith,vihaan.smith202@gmail.com,8803413874,Mumbai,Maharashtra,2023/04/27,premium
CUST00203,evelyn johnson,evelyn.johnson203@gmail.com,9169744792,vadodara,Gujarat,2022-04-13,premium
CUST00204,Diya Davis,diya.davis204@mail.com,9434110361,Kanpur,Uttar Pradesh,2022-02-11,New
CUST00205,mia patel,mia.patel205@gmail.com,9299349714,Mumbai,Maharashtra,2022-05-27,Regular
CUST00206,KIARA RAO,kiara.rao206@yahoo.com,7157268351,Surat,Gujarat,14-06-2022,New
CUST00207,Pari Reddy,pari.reddy207@yahoo.com,6384053184,Kanpur,Uttar Pradesh,09/12/2024,New
CUST00208,Saanvi Verma,saanvi.verma208@mail.com,6472504153,Surat,Gujarat,2022/08/13,New
CUST00209,Reyansh Davis,reyansh.davis209@yahoo.com,9223800483,Chennai,Tamil Nadu,13 Feb 2024,Premium
CUST00210,Evelyn Verma,evelyn.verma210@outlook.com,9270457051,lucknow,Uttar Pradesh,05/05/2023,premium
CUST00211,Mia Garcia,mia.garcia211@yahoo.com,6737346037,indore,Madhya Pradesh,10/09/2023,VIP
CUST00212,Liam Williams,liam.williams212@outlook.com,8919450756,vadodara,Gujarat,21 Jan 2022,VIP
CUST00213,Vivaan Singh,vivaan.singh213@yahoo.com,8709872762,Ahmedabad,Gujarat,28-04-2023,Regular
CUST00214,Mia Williams,mia.williams214@yahoo.com,8284757079,Bengaluru,Karnataka,2022/06/28,Premium
CUST00215,Harper Johnson,harper.johnson215@gmail.com,6690374468,Kolkata,West Bengal,07-02-2024,premium
CUST00216,Ishaan Williams,ishaan.williams216@yahoo.com,6930282074,SURAT,Gujarat,11/01/2023,regular
CUST00217,Evelyn Sharma,evelyn.sharma217@yahoo.com,8496353078,Vadodara,Gujarat,2021-06-18,regular
CUST00218,rohan miller,rohan.miller218@yahoo.com,9464628392,Chennai,Tamil Nadu,0000-00-00,Premium
CUST00219,James Singh,james.singh219@yahoo.com,9599206945,Kanpur,Uttar Pradesh,2022-01-08,premium
CUST00220,Rohan Wilson,,6553609821,SURAT,Gujarat,11/02/2023,New
CUST00221,Liam Smith,liam.smith221@outlook.com,6670921009,Bengaluru,Karnataka,18 Apr 2022,Regular
CUST00222,Noah Anderson,noah.anderson222@mail.com,9230514870,Bhopal,Madhya Pradesh,06/07/2023,Regular
CUST00223,Riya Sharma,riya.sharma223@outlook.com,9579715798,DELHI,Delhi,2024/10/17,Regular
CUST00224,Ananya Patel,ananya.patel224@gmail.com,6562890681,Kanpur,Uttar Pradesh,2024/01/09,premium
CUST00225,Henry Jones,henry.jones225@gmail.com,8754288322,HYDERABAD,Telangana,2023/08/06,regular
CUST00226,isabella williams,isabella.williams226@gmail.com,9998564400,Hyderabad,Telangana,12 Jul 2022,regular
CUST00227,Kiara Verma,kiara.verma227@outlook.com,6395050028,Chennai,Tamil Nadu,02-01-2023,regular
CUST00228,pari sharma,pari.sharma228@mail.com,8395030606,NASHIK,Maharashtra,28/03/2023,Regular
CUST00229,Abigail Rao,abigail.rao229@mail.com,7681386019,Ludhiana,Punjab,07/10/2021,New
CUST00230,Charlotte Reddy,charlotte.reddy230@yahoo.com,9809419607,Bengaluru,Karnataka,29-12-2024,VIP
CUST00231,Amelia Johnson,amelia.johnson231@outlook.com,6131744717,Agra,Uttar Pradesh,2022-05-22,regular
CUST00232,riya garcia,riya.garcia232@mail.com,8506334876,Hyderabad,Telangana,30 Dec 2021,VIP
CUST00233,Saanvi Williams,saanvi.williams233@mail.com,7442956891,Hyderabad,Telangana,03/27/2023,regular
CUST00234,mia rao,mia.rao234@mail.com,64096,Lucknow,Uttar Pradesh,01/21/2024,premium
CUST00235,James Brown,,8248790594,Vadodara,Gujarat,2021-11-26,regular
CUST00236,Kiara Singh,kiara.singh236@mail.com,9897752993,Nagpur,Maharashtra,19-07-2024,regular
CUST00237,Kiara Singh,kiara.singh237@mail.com,7242431913,mumbai,Maharashtra,12 Aug 2022,regular
CUST00238,KIARA SINGH,kiara.singh238@mail.com,7271011192,Bengaluru,Karnataka,29 Jun 2021,premium
CUST00239,William Patel,william.patel239@mail.com,9868578864,Ludhiana,Punjab,02/08/2021,VIP
CUST00240,Aditya Johnson,aditya.johnson240@mail.com,6560193439,Hyderabad,Telangana,2022-04-09,New
CUST00241,Olivia Brown,olivia.brown241@outlook.com,6325577036,Lucknow,Uttar Pradesh,13-11-2021,VIP
CUST00242,Emma Rao,emma.rao242@mail.com,7710133596,DELHI,Delhi,28/03/2022,Premium
CUST00243,riya rao,riya.rao243@yahoo.com,6822927518,Ahmedabad,Gujarat,2022/04/11,regular
CUST00244,Myra Wilson,,7874317498,vadodara,Gujarat,24/09/2023,VIP
CUST00245,Evelyn Davis,evelyn.davis245@outlook.com,6796188973,Vadodara,Gujarat,2024/02/27,Premium
CUST00246,Emma Iyer,emma.iyer246@outlook.com,9797928604,Patna,Bihar,2024/01/11,regular
CUST00247,Amelia Iyer,amelia.iyer247@yahoo.com,9453814126,Jaipur,Rajasthan,2024-07-22,regular
CUST00248,Vihaan Jones,vihaan.jones248@yahoo.com,8840558696,pune,Maharashtra,25 Sep 2022,premium
CUST00249,Pari Patel,pari.patel249@yahoo.com,8661092057,Kolkata,West Bengal,09/24/2022,Premium
CUST00250,Vihaan Smith,vihaan.smith250@gmail.com,9611139557,ludhiana,Punjab,2024-10-04,Premium
CUST00251,Kabir Jones,kabir.jones251@yahoo.com,6100531633,indore,Madhya Pradesh,28 Oct 2024,New
CUST00252,RIYA RAO,riya.rao252@outlook.com,7827827896,Surat,Gujarat,17-12-2024,VIP
CUST00253,John Davis,john.davis253@mail.com,6822602684,Bhopal,Madhya Pradesh,17-05-2023,premium
CUST00254,Aadhya Reddy,aadhya.reddy254@outlook.com,6210506411,Nashik,Maharashtra,19-08-2022,regular
CUST00255,Saanvi Singh,saanvi.singh255@yahoo.com,6801680220,Indore,Madhya Pradesh,18/12/2022,Premium
CUST00256,IRA SMITH,ira.smith256@outlook.com,7556660155,Indore,Madhya Pradesh,2021/06/26,VIP
CUST00257,Mia Nair,mia.nair257@gmail.com,7416535751,Mumbai,Maharashtra,05 Apr 2023,VIP
CUST00258,Myra Anderson,myra.anderson258@mail.com,8272247459,Patna,Bihar,2024/10/11,VIP
CUST00259,Charlotte Iyer,charlotte.iyer259@outlook.com,9208920285,Lucknow,Uttar Pradesh,2023-01-01,regular
CUST00260,Arjun Smith,arjun.smith260@mail.com,7716422428,Bengaluru,Karnataka,2023/11/29,Premium
CUST00261,Amelia Rao,amelia.rao261@gmail.com,7487867336,bhopal,Madhya Pradesh,28/08/2022,Premium
CUST00262,Anaya Nair,anaya.nair262@gmail.com,6525532451,Delhi,Delhi,2024-06-01,Regular
CUST00263,Aditya Davis,aditya.davis263@outlook.com,7781153731,Bengaluru,Karnataka,15 Aug 2024,Regular
CUST00264,Noah Patel,noah.patel264@mail.com,9923683760,Jaipur,Rajasthan,24-01-2024,VIP
CUST00265,Arjun Singh,arjun.singh265@outlook.com,6123067767,SURAT,Gujarat,28-06-2021,regular
CUST00266,Aryan Nair,aryan.nair266@yahoo.com,6801811295,agra,Uttar Pradesh,11-06-2023,premium
CUST00267,Ananya Gupta,ananya.gupta267@gmail.com,9936942259,Kanpur,Uttar Pradesh,2021/11/03,New
CUST00268,Ira Singh,ira.singh268@mail.com,8929299488,Ahmedabad,Gujarat,12/02/2023,Regular
CUST00269,Myra Williams,myra.williams269@gmail.com,8927837480,Hyderabad,Telangana,22 Dec 2021,Premium
CUST00270,Myra Gupta,myra.gupta270@mail.com,7545740154,Bengaluru,Karnataka,,New
CUST00271,William Brown,william.brown271@mail.com,7432840339,INDORE,Madhya Pradesh,2023/02/20,Premium
CUST00272,LIAM SHARMA,liam.sharma272@outlook.com,9251113932,chennai,Tamil Nadu,2024/08/14,Regular
CUST00273,aditya verma,aditya.verma273@yahoo.com,7763094664,Chennai,Tamil Nadu,21-10-2023,Premium
CUST00274,Ananya Johnson,,8428634596,Kanpur,Uttar Pradesh,0000-00-00,regular
CUST00275,LIAM VERMA,liam.verma275@yahoo.com,6918730606,Vadodara,Gujarat,28-05-2022,Premium
CUST00276,Arjun Gupta,arjun.gupta276@mail.com,6244316695,Mumbai,Maharashtra,14-03-2023,VIP
CUST00277,Lucas Johnson,lucas.johnson277@gmail.com,8235112134,Ahmedabad,Gujarat,2022/04/03,Premium
CUST00278,Abigail Gupta,abigail.gupta278@yahoo.com,7452859218,Bhopal,Madhya Pradesh,06/10/2024,regular
CUST00279,Rohan Smith,rohan.smith279@mail.com,9903090102,Nagpur,Maharashtra,2024-12-30,Regular
CUST00280,Aditya Iyer,,6619524460,Kolkata,West Bengal,12/23/2024,regular
CUST00281,Lucas Jones,lucas.jones281@gmail.com,7462124359,Chennai,Tamil Nadu,19 Nov 2022,New
CUST00282,,ishaan.smith282@outlook.com,9683384105,Pune,Maharashtra,07-01-2024,Regular
CUST00283,Ira Jones,ira.jones283@mail.com,8526874753,vadodara,Gujarat,2022-07-19,Premium
CUST00284,Michael Davis,michael.davis284@yahoo.com,9959272620,Ludhiana,Punjab,29/09/2022,premium
CUST00285,saanvi anderson,saanvi.anderson285@yahoo.com,8680702735,Nashik,Maharashtra,10/31/2023,Premium
CUST00286,Amelia Brown,amelia.brown286@mail.com,7100379688,Ludhiana,Punjab,2023-03-15,Premium
CUST00287,james kumar,james.kumar287@yahoo.com,8520088892,Indore,Madhya Pradesh,2023-08-24,regular
CUST00288,Pari Kumar,pari.kumar288@mail.com,8321009450,Jaipur,Rajasthan,16 Apr 2023,Regular
CUST00289,Alexander Miller,alexander.miller289@yahoo.com,9681172939,Bhopal,Madhya Pradesh,2022/04/25,Regular
CUST00290,Pari Verma,pari.verma290@mail.com,6557317997,PATNA,Bihar,2023/02/01,Premium
CUST00291,Alexander Johnson,alexander.johnson291@yahoo.com,6552769142,Hyderabad,Telangana,2023/01/09,premium
CUST00292,James Nair,james.nair292@outlook.com,6360644618,PUNE,Maharashtra,2024/10/07,VIP
CUST00293,ALEXANDER WILSON,alexander.wilson293@mail.com,6145205850,Agra,Uttar Pradesh,02-01-2022,regular
CUST00294,Alexander Brown,alexander.brown294@mail.com,6594718999,Vadodara,Gujarat,08/30/2021,VIP
CUST00295,Vivaan Reddy,vivaan.reddy295@yahoo.com,9413829870,Mumbai,Maharashtra,06/01/2024,New
CUST00296,Kiara Nair,kiara.nair296@mail.com,7925289923,Kolkata,West Bengal,01/08/2024,regular
CUST00297,Ananya Miller,ananya.miller297@gmail.com,8439875950,Hyderabad,Telangana,2021/12/17,premium
CUST00298,William Reddy,william.reddy298@outlook.com,7965325849,KANPUR,Uttar Pradesh,07 May 2022,Premium
CUST00299,Noah Garcia,noah.garcia299@outlook.com,6764078159,Kolkata,West Bengal,2021/12/23,Regular
CUST00300,Anaya Kumar,anaya.kumar300@outlook.com,6211267593,Surat,Gujarat,22-11-2024,regular
CUST00301,Aditya Iyer,aditya.iyer301@yahoo.com,6341021325,Pune,Maharashtra,,Premium
CUST00302,Kiara Sharma,kiara.sharma302@mail.com,8542729056,Vadodara,Gujarat,09/16/2024,VIP
CUST00303,Olivia Nair,olivia.nair303@mail.com,8443763518,Bengaluru,Karnataka,17-03-2022,New
CUST00304,Evelyn Kumar,evelyn.kumar304@gmail.com,6674838329,Nashik,Maharashtra,24 Sep 2022,premium
CUST00305,Aadhya Jones,aadhya.jones305@outlook.com,6633792439,Bengaluru,Karnataka,2022-05-31,Regular
CUST00306,Liam Kumar,liam.kumar306@gmail.com,7711768303,Mumbai,Maharashtra,21-10-2024,VIP
CUST00307,Myra Jones,myra.jones307@outlook.com,7349714065,Vadodara,Gujarat,26 Sep 2023,Premium
CUST00308,Aarav Anderson,aarav.anderson308@gmail.com,9931742876,nashik,Maharashtra,23-10-2021,regular
CUST00309,Alexander Singh,alexander.singh309@yahoo.com,9456256926,Nagpur,Maharashtra,09/02/2024,premium
CUST00310,liam kumar,liam.kumar310@outlook.com,8859417815,Jaipur,Rajasthan,03-04-2024,Regular
CUST00311,Reyansh Smith,reyansh.smith311@mail.com,9750858728,ludhiana,Punjab,,premium
CUST00312,john williams,john.williams312@outlook.com,7174506118,kolkata,West Bengal,07/12/2024,VIP
CUST00313,ARYAN ANDERSON,aryan.anderson313@outlook.com,8644740074,Bhopal,Madhya Pradesh,2021-08-16,regular
CUST00314,Ira Rao,ira.rao314@gmail.com,8207075216,Nashik,Maharashtra,2022/04/28,regular
CUST00315,WILLIAM JONES,william.jones315@gmail.com,8492660421,PATNA,Bihar,07/05/2022,VIP
CUST00316,EVELYN GUPTA,evelyn.gupta316@gmail.com,6912740386,Kolkata,West Bengal,14/01/2023,New
CUST00317,Isabella Williams,isabella.williams317@mail.com,6212011137,Patna,Bihar,14/11/2024,VIP
CUST00318,VIHAAN DAVIS,vihaan.davis318@gmail.com,8788195959,Delhi,Delhi,13-06-2024,Regular
CUST00319,Lucas Verma,lucas.verma319@mail.com,8646261415,delhi,Delhi,28-08-2022,Regular
CUST00320,ARJUN REDDY,arjun.reddy320@mail.com,9148569511,kolkata,West Bengal,08/02/2022,New
CUST00321,William Iyer,william.iyer321@outlook.com,8252116381,Nashik,Maharashtra,2022/11/25,VIP
CUST00322,PARI BROWN,pari.brown322@gmail.com,7303470329,Patna,Bihar,2022-11-16,regular
CUST00323,benjamin kumar,benjamin.kumar323@yahoo.com,8949533843,Chennai,Tamil Nadu,2024/06/18,New
CUST00324,Sophia Rao,sophia.rao324@outlook.com,9917106027,kolkata,West Bengal,09 Dec 2021,regular
CUST00325,Liam Miller,liam.miller325@gmail.com,6298082098,Bengaluru,Karnataka,23-10-2022,VIP
CUST00326,Aditya Davis,aditya.davis326@yahoo.com,97107,Ahmedabad,Gujarat,15-05-2023,New
CUST00327,Vihaan Williams,vihaan.williams327@mail.com,9341844881,KOLKATA,West Bengal,05/03/2023,premium
CUST00328,Kiara Anderson,kiara.anderson328@outlook.com,7160895260,Bengaluru,Karnataka,02-10-2023,regular
CUST00329,John Johnson,john.johnson329@gmail.com,8106336800,AGRA,Uttar Pradesh,12-10-2021,VIP
CUST00330,Aditya Wilson,aditya.wilson330_at_gmail.com,6713634721,Surat,Gujarat,2024/11/27,VIP
CUST00331,Anaya Johnson,anaya.johnson331@mail.com,6676013819,pune,Maharashtra,04/06/2022,New
CUST00332,SAANVI JOHNSON,saanvi.johnson332@gmail.com,9593848297,Ludhiana,Punjab,22-09-2022,VIP
CUST00333,James Brown,james.brown333@mail.com,6597697758,lucknow,Uttar Pradesh,09-09-2023,Premium
CUST00334,Henry Reddy,henry.reddy334@outlook.com,6502456303,Kolkata,West Bengal,08/28/2023,Premium
CUST00335,Abigail Brown,abigail.brown335@gmail.com,8808295367,VADODARA,Gujarat,16-11-2023,Premium
CUST00336,ANANYA NAIR,ananya.nair336@yahoo.com,8261794917,Bhopal,Madhya Pradesh,31/10/2022,premium
CUST00337,Abigail Davis,abigail.davis337@gmail.com,91230,Delhi,Delhi,24-04-2023,Regular
CUST00338,MYRA RAO,myra.rao338@gmail.com,6610121136,Chennai,Tamil Nadu,29-01-2023,New
CUST00339,Kabir Garcia,kabir.garcia339@mail.com,6851471754,Pune,Maharashtra,2022-02-02,premium
CUST00340,Rohan Williams,rohan.williams340@mail.com,9729401014,Kanpur,Uttar Pradesh,2023-12-05,regular
CUST00341,HENRY JOHNSON,henry.johnson341@outlook.com,9290305140,Surat,Gujarat,2023/08/30,Premium
CUST00342,John Rao,john.rao342@gmail.com,6117132120,agra,Uttar Pradesh,18 Oct 2023,Premium
CUST00343,AMELIA SHARMA,amelia.sharma343@mail.com,8852172135,Bhopal,Madhya Pradesh,2023/11/18,New
CUST00344,Reyansh Smith,reyansh.smith344@gmail.com,9888815055,Surat,Gujarat,2023-08-03,Premium
CUST00345,pari williams,pari.williams345@outlook.com,6537222341,ahmedabad,Gujarat,25/05/2023,premium
CUST00346,benjamin patel,benjamin.patel346@outlook.com,9970541642,HYDERABAD,Telangana,25 Oct 2022,Regular
CUST00347,Reyansh Patel,reyansh.patel347@gmail.com,7762993351,Agra,Uttar Pradesh,2024/12/18,VIP
CUST00348,Kabir Verma,kabir.verma348@yahoo.com,9299259436,bengaluru,Karnataka,2021-06-22,VIP
CUST00349,William Smith,william.smith349@yahoo.com,6750105387,Patna,Bihar,2023-01-25,premium
CUST00350,Noah Sharma,noah.sharma350@gmail.com,8681966388,kolkata,West Bengal,23/02/2022,premium
CUST00351,Aadhya Singh,aadhya.singh351@mail.com,6644016077,Kolkata,West Bengal,,New
CUST00352,Anaya Rao,anaya.rao352@yahoo.com,7886960612,Indore,Madhya Pradesh,2021-11-25,premium
CUST00353,Reyansh Smith,reyansh.smith353@outlook.com,9711175063,Lucknow,Uttar Pradesh,12/25/2023,New
CUST00354,Charlotte Smith,charlotte.smith354@yahoo.com,7539946808,Bhopal,Madhya Pradesh,04/10/2023,VIP
CUST00355,William Brown,william.brown355@gmail.com,6778812108,Kanpur,Uttar Pradesh,13-07-2021,VIP
CUST00356,Ananya Reddy,ananya.reddy356_at_gmail.com,7462189456,Patna,Bihar,27 Aug 2023,Premium
CUST00357,DIYA MILLER,diya.miller357@mail.com,8623279634,Delhi,Delhi,06/08/2023,Regular
CUST00358,Aryan Iyer,aryan.iyer358@mail.com,9430720723,Lucknow,Uttar Pradesh,2024-12-27,New
CUST00359,Amelia Rao,amelia.rao359@outlook.com,8496820123,Patna,Bihar,22-10-2021,Regular
CUST00360,Aadhya Smith,aadhya.smith360@mail.com,7849825646,Ahmedabad,Gujarat,2023/04/05,premium
CUST00361,Kiara Iyer,kiara.iyer361@mail.com,7648639619,Nagpur,Maharashtra,04/14/2022,regular
CUST00362,pari patel,pari.patel362@mail.com,7864404989,DELHI,Delhi,10/02/2024,Premium
CUST00363,liam garcia,liam.garcia363@yahoo.com,6437335622,Ludhiana,Punjab,29 Jul 2022,premium
CUST00364,VIHAAN REDDY,vihaan.reddy364@outlook.com,9420165131,Ahmedabad,Gujarat,02/11/2023,Regular
CUST00365,mia kumar,mia.kumar365@mail.com,6914391910,Jaipur,Rajasthan,04/01/2024,New
CUST00366,Rohan Smith,rohan.smith366@gmail.com,6496019605,Nagpur,Maharashtra,07/15/2024,Regular
CUST00367,Abigail Verma,abigail.verma367@outlook.com,9649442680,AHMEDABAD,Gujarat,2024-03-28,Regular
CUST00368,KIARA PATEL,kiara.patel368@outlook.com,6468908800,Patna,Bihar,09/13/2023,regular
CUST00369,Harper Patel,harper.patel369@yahoo.com,7344164763,Ludhiana,Punjab,08/03/2021,Regular
CUST00370,Aadhya Iyer,aadhya.iyer370@yahoo.com,7446765196,Nagpur,Maharashtra,2021/07/24,regular
CUST00371,JAMES GARCIA,james.garcia371@gmail.com,8346430177,Mumbai,Maharashtra,31 May 2023,premium
CUST00372,Saanvi Williams,,7385235995,Vadodara,Gujarat,19/08/2023,Premium
CUST00373,john nair,john.nair373@mail.com,9578398626,VADODARA,Gujarat,2023-09-23,Premium
CUST00374,myra reddy,myra.reddy374@outlook.com,7487554574,PUNE,Maharashtra,2024-08-18,New
CUST00375,Ananya Smith,ananya.smith375@yahoo.com,7591649559,Nashik,Maharashtra,2022/05/19,VIP
CUST00376,Kiara Patel,kiara.patel376@gmail.com,9112038691,Mumbai,Maharashtra,26-02-2023,VIP
CUST00377,Olivia Reddy,olivia.reddy377@yahoo.com,7181711216,Mumbai,Maharashtra,14/02/2023,Regular
CUST00378,Myra Gupta,myra.gupta378@gmail.com,8115401798,pune,Maharashtra,2024-01-03,regular
CUST00379,liam patel,liam.patel379@yahoo.com,61321,INDORE,Madhya Pradesh,2024-01-24,VIP
CUST00380,PARI RAO,pari.rao380@mail.com,7301938429,Bhopal,Madhya Pradesh,06/18/2021,premium
CUST00381,Charlotte Iyer,charlotte.iyer381@gmail.com,7589902736,Ludhiana,Punjab,16 May 2022,New
CUST00382,John Johnson,john.johnson382@mail.com,6473057766,Ahmedabad,Gujarat,03/23/2024,premium
CUST00383,Anaya Kumar,anaya.kumar383@outlook.com,6909282771,Chennai,Tamil Nadu,2021/09/10,New
CUST00384,Emma Garcia,emma.garcia384@yahoo.com,8985499313,Bengaluru,Karnataka,21 Oct 2023,Regular
CUST00385,Aarav Nair,aarav.nair385@yahoo.com,7625253023,Kanpur,Uttar Pradesh,12-07-2024,VIP
CUST00386,JAMES GUPTA,james.gupta386@yahoo.com,88690,VADODARA,Gujarat,21/01/2022,VIP
CUST00387,sophia rao,sophia.rao387@yahoo.com,81252,Surat,Gujarat,2022-02-17,Premium
CUST00388,benjamin gupta,benjamin.gupta388@mail.com,9849276925,Lucknow,Uttar Pradesh,18 Aug 2023,New
CUST00389,Abigail Wilson,abigail.wilson389@gmail.com,6443202087,Jaipur,Rajasthan,02/09/2024,VIP
CUST00390,ABIGAIL JOHNSON,abigail.johnson390@mail.com,6915023166,patna,Bihar,2022/11/13,regular
CUST00391,Ishaan Jones,ishaan.jones391@mail.com,6136874602,LUDHIANA,Punjab,2023/12/26,Premium
CUST00392,Vivaan Davis,vivaan.davis392@mail.com,7848538764,Ludhiana,Punjab,09/22/2021,New
CUST00393,Benjamin Rao,benjamin.rao393@yahoo.com,6217762169,BENGALURU,Karnataka,2022/07/27,VIP
CUST00394,ANANYA WILLIAMS,ananya.williams394@gmail.com,6345599679,Hyderabad,Telangana,08 Jan 2022,Premium
CUST00395,benjamin miller,benjamin.miller395@outlook.com,7781645666,Indore,Madhya Pradesh,02/10/2024,Regular
CUST00396,reyansh nair,reyansh.nair396@outlook.com,8247668785,chennai,Tamil Nadu,2021/12/08,regular
CUST00397,olivia garcia,olivia.garcia397@outlook.com,8725047143,Ludhiana,Punjab,2021/09/04,Premium
CUST00398,Aarav Johnson,,7728754062,Surat,Gujarat,22-03-2022,New
CUST00399,Liam Miller,liam.miller399@mail.com,9256886986,Vadodara,Gujarat,2022-04-08,Regular
CUST00400,KIARA BROWN,kiara.brown400@outlook.com,6164073412,Delhi,Delhi,02/04/2023,VIP
CUST00401,Alexander Iyer,alexander.iyer401@yahoo.com,6793681192,Chennai,Tamil Nadu,2022-10-22,regular
CUST00402,vivaan brown,vivaan.brown402@gmail.com,8929914461,Kanpur,Uttar Pradesh,04/01/2023,VIP
CUST00403,Lucas Anderson,lucas.anderson403@outlook.com,6649154475,Agra,Uttar Pradesh,05 Aug 2024,premium
CUST00404,Emma Patel,emma.patel404@mail.com,9370145861,Jaipur,Rajasthan,27/01/2023,regular
CUST00405,Henry Reddy,henry.reddy405@outlook.com,7655845816,Jaipur,Rajasthan,07 Dec 2022,regular
CUST00406,ROHAN RAO,rohan.rao406@yahoo.com,7319542069,Agra,Uttar Pradesh,15/05/2024,Premium
CUST00407,Myra Anderson,myra.anderson407@outlook.com,6502651705,Patna,Bihar,21/12/2022,regular
CUST00408,Anaya Gupta,anaya.gupta408@mail.com,9171453662,Jaipur,Rajasthan,24/03/2024,VIP
CUST00409,JAMES REDDY,james.reddy409@outlook.com,6739168200,indore,Madhya Pradesh,16/08/2023,New
CUST00410,Vihaan Verma,vihaan.verma410@gmail.com,7236818449,Indore,Madhya Pradesh,2022-08-08,Regular
CUST00411,Abigail Nair,abigail.nair411@outlook.com,7693366694,Pune,Maharashtra,21-04-2022,Regular
CUST00412,william reddy,william.reddy412@gmail.com,7969248053,Hyderabad,Telangana,01-11-2022,VIP
CUST00413,aadhya nair,aadhya.nair413_at_gmail.com,6722381103,Nagpur,Maharashtra,12/15/2023,Premium
CUST00414,Benjamin Kumar,benjamin.kumar414@mail.com,9681178463,Kolkata,West Bengal,0000-00-00,VIP
CUST00415,Noah Anderson,noah.anderson415@mail.com,7255172591,nashik,Maharashtra,28/07/2023,Premium
CUST00416,Pari Iyer,pari.iyer416@outlook.com,6126066135,Agra,Uttar Pradesh,2022-10-27,premium
CUST00417,michael johnson,michael.johnson417@mail.com,6555414514,Jaipur,Rajasthan,29/05/2023,Premium
CUST00418,Saanvi Iyer,saanvi.iyer418@yahoo.com,7151516549,Bengaluru,Karnataka,06/05/2022,Regular
CUST00419,ANAYA JONES,anaya.jones419@yahoo.com,7299737529,Surat,Gujarat,22 May 2022,regular
CUST00420,ANANYA RAO,ananya.rao420@mail.com,8118448829,Kolkata,West Bengal,31/10/2024,premium
CUST00421,Ananya Garcia,ananya.garcia421@gmail.com,7876539211,Ludhiana,Punjab,02-07-2022,Premium
CUST00422,Noah Sharma,noah.sharma422@gmail.com,6267406452,pune,Maharashtra,13-11-2024,New
CUST00423,Kabir Iyer,kabir.iyer423@yahoo.com,9505257116,Surat,Gujarat,01/14/2024,regular
CUST00424,Sophia Davis,sophia.davis424@mail.com,7944374163,nagpur,Maharashtra,11/11/2022,regular
CUST00425,aditya reddy,aditya.reddy425@gmail.com,7224056047,INDORE,Madhya Pradesh,08/07/2023,VIP
CUST00426,vivaan reddy,vivaan.reddy426@mail.com,6733969290,AHMEDABAD,Gujarat,23-02-2023,VIP
CUST00427,Anaya Miller,anaya.miller427@mail.com,8597463844,Delhi,Delhi,30/10/2022,Premium
CUST00428,MICHAEL JONES,michael.jones428@mail.com,9742351513,Vadodara,Gujarat,07/18/2024,VIP
CUST00429,EMMA REDDY,emma.reddy429@outlook.com,9256700837,ludhiana,Punjab,19 Dec 2022,Regular
CUST00430,Benjamin Williams,benjamin.williams430@outlook.com,7405938220,Vadodara,Gujarat,09/26/2024,Regular
CUST00431,ADITYA GARCIA,aditya.garcia431@gmail.com,6454498073,Bhopal,Madhya Pradesh,2022-12-14,Premium
CUST00432,Pari Williams,pari.williams432@yahoo.com,8308835747,Kolkata,West Bengal,,Premium
CUST00433,ARJUN SINGH,arjun.singh433@gmail.com,9335250877,Chennai,Tamil Nadu,21/03/2024,Regular
CUST00434,Olivia Miller,olivia.miller434@outlook.com,7778094295,Vadodara,Gujarat,29 Apr 2022,premium
CUST00435,Alexander Iyer,alexander.iyer435@yahoo.com,7452352269,SURAT,Gujarat,01 Apr 2024,premium
CUST00436,Anaya Gupta,anaya.gupta436@yahoo.com,8367080413,Ahmedabad,Gujarat,2022/01/02,premium
CUST00437,Henry Smith,henry.smith437@outlook.com,6811764494,Lucknow,Uttar Pradesh,10/09/2021,VIP
CUST00438,vivaan smith,vivaan.smith438@outlook.com,6525571850,Nagpur,Maharashtra,12-11-2023,Premium
CUST00439,Alexander Smith,alexander.smith439@mail.com,9954907113,AHMEDABAD,Gujarat,2024/06/25,VIP
CUST00440,VIHAAN SHARMA,vihaan.sharma440@mail.com,7828791229,Kanpur,Uttar Pradesh,29/08/2024,Regular
CUST00441,evelyn patel,evelyn.patel441@gmail.com,8947765006,nagpur,Maharashtra,15 Mar 2024,Regular
CUST00442,Abigail Rao,abigail.rao442@yahoo.com,7269000566,Vadodara,Gujarat,2021-12-28,VIP
CUST00443,Emma Singh,emma.singh443@mail.com,7415307795,Nagpur,Maharashtra,2023/10/19,Premium
CUST00444,KIARA JONES,kiara.jones444@yahoo.com,9731019919,Ahmedabad,Gujarat,21/01/2022,VIP
CUST00445,John Wilson,john.wilson445@yahoo.com,9791823689,ludhiana,Punjab,09/30/2024,New
CUST00446,Olivia Singh,olivia.singh446@mail.com,9962888328,Chennai,Tamil Nadu,2024/03/30,VIP
CUST00447,Benjamin Kumar,benjamin.kumar447@outlook.com,7906932134,Chennai,Tamil Nadu,06/30/2021,Premium
CUST00448,Emma Kumar,emma.kumar448@gmail.com,6398352378,Chennai,Tamil Nadu,2023/10/18,Regular
CUST00449,Abigail Johnson,abigail.johnson449_at_outlook.com,8326625846,Vadodara,Gujarat,27 Dec 2022,regular
CUST00450,Abigail Reddy,abigail.reddy450@mail.com,9588501521,Agra,Uttar Pradesh,2024-07-09,New
CUST00451,Vivaan Brown,vivaan.brown451@gmail.com,6753651567,Lucknow,Uttar Pradesh,2024/10/07,Premium
CUST00452,AADHYA WILSON,,8143533949,BHOPAL,Madhya Pradesh,2022-10-17,VIP
CUST00453,pari garcia,pari.garcia453_at_mail.com,7925601009,Delhi,Delhi,28/03/2024,regular
CUST00454,KIARA WILLIAMS,kiara.williams454@outlook.com,9835603384,LUCKNOW,Uttar Pradesh,2022/10/30,VIP
CUST00455,Saanvi Rao,saanvi.rao455@outlook.com,8882931517,Hyderabad,Telangana,2023/01/27,New
CUST00456,Aryan Gupta,aryan.gupta456@gmail.com,7292168084,Bhopal,Madhya Pradesh,07 May 2023,Regular
CUST00457,Kabir Miller,kabir.miller457@outlook.com,9479288737,Kolkata,West Bengal,05 Jul 2024,New
CUST00458,Reyansh Patel,reyansh.patel458@yahoo.com,8613989854,Kanpur,Uttar Pradesh,08/15/2021,New
CUST00459,Noah Williams,noah.williams459@yahoo.com,6930499979,Bengaluru,Karnataka,22 Sep 2022,premium
CUST00460,William Smith,william.smith460@outlook.com,63019,Kanpur,Uttar Pradesh,07/20/2021,premium
CUST00461,Aarav Smith,aarav.smith461@mail.com,9736605966,Patna,Bihar,22 Jul 2024,regular
CUST00462,john iyer,john.iyer462@outlook.com,9214433227,Surat,Gujarat,22-03-2022,premium
CUST00463,James Patel,james.patel463@outlook.com,75368,Surat,Gujarat,17 Apr 2023,Premium
CUST00464,Ishaan Johnson,ishaan.johnson464@gmail.com,7441784608,CHENNAI,Tamil Nadu,2024-09-07,Premium
CUST00465,Harper Garcia,harper.garcia465@gmail.com,7693099275,Hyderabad,Telangana,2023-09-19,Regular
CUST00466,Pari Verma,pari.verma466@yahoo.com,9214706435,DELHI,Delhi,31-01-2024,New
CUST00467,Harper Iyer,harper.iyer467@gmail.com,9777358085,patna,Bihar,2022/09/05,premium
CUST00468,James Sharma,james.sharma468@outlook.com,8628981921,Delhi,Delhi,12 Nov 2023,Premium
CUST00469,Rohan Williams,rohan.williams469@mail.com,8761838191,Hyderabad,Telangana,2023-10-23,New
CUST00470,Diya Nair,diya.nair470@yahoo.com,9820506291,Delhi,Delhi,2022/09/30,Premium
CUST00471,myra nair,myra.nair471@gmail.com,9991174263,INDORE,Madhya Pradesh,2022/01/20,New
CUST00472,Kabir Johnson,kabir.johnson472@outlook.com,7576109760,Ahmedabad,Gujarat,2022/08/12,VIP
CUST00473,charlotte nair,,6270300931,Delhi,Delhi,10/01/2024,regular
CUST00474,pari singh,pari.singh474@mail.com,9729732882,Surat,Gujarat,09/17/2022,VIP
CUST00475,Pari Singh,pari.singh475@mail.com,9938600755,Patna,Bihar,2023/08/11,Premium
CUST00476,KABIR NAIR,kabir.nair476@outlook.com,7806837607,Surat,Gujarat,2023-09-19,Regular
CUST00477,Riya Nair,riya.nair477@yahoo.com,8773793757,Vadodara,Gujarat,2021/06/21,Premium
CUST00478,James Wilson,james.wilson478_at_outlook.com,9886643597,Indore,Madhya Pradesh,2022/11/11,premium
CUST00479,Alexander Wilson,alexander.wilson479@outlook.com,8362942260,Lucknow,Uttar Pradesh,06/15/2023,VIP
CUST00480,Harper Sharma,harper.sharma480@gmail.com,8541023669,Kolkata,West Bengal,2024-01-27,VIP
CUST00481,HARPER JONES,harper.jones481@yahoo.com,72039,mumbai,Maharashtra,30 Sep 2024,VIP
CUST00482,Myra Patel,myra.patel482@outlook.com,9964808637,Nashik,Maharashtra,2024-06-18,premium
CUST00483,PARI GARCIA,pari.garcia483@yahoo.com,9625649719,Kolkata,West Bengal,06-10-2023,New
CUST00484,Pari Sharma,pari.sharma484@mail.com,6697308464,Mumbai,Maharashtra,31-12-2021,premium
CUST00485,Saanvi Iyer,saanvi.iyer485@gmail.com,8312219350,Bhopal,Madhya Pradesh,2021-10-18,premium
CUST00486,myra johnson,myra.johnson486@outlook.com,9995092299,PATNA,Bihar,29-07-2023,Regular
CUST00487,James Gupta,james.gupta487@gmail.com,8545659596,Pune,Maharashtra,2022/05/21,New
CUST00488,Evelyn Wilson,evelyn.wilson488@outlook.com,8582172975,Nashik,Maharashtra,2023/12/13,New
CUST00489,vivaan reddy,vivaan.reddy489@mail.com,6197737072,Hyderabad,Telangana,2022-03-01,Regular
CUST00490,Sophia Wilson,sophia.wilson490@yahoo.com,8957858403,DELHI,Delhi,21 Apr 2024,regular
CUST00491,EMMA DAVIS,emma.davis491@gmail.com,8989176460,Indore,Madhya Pradesh,2024/03/15,Premium
CUST00492,amelia kumar,amelia.kumar492@mail.com,9892143483,Bhopal,Madhya Pradesh,0000-00-00,premium
CUST00493,Aarav Sharma,aarav.sharma493@gmail.com,9446278097,Agra,Uttar Pradesh,2021-11-28,Regular
CUST00494,Lucas Johnson,lucas.johnson494@gmail.com,9872262401,Kanpur,Uttar Pradesh,17 Mar 2023,VIP
CUST00495,Riya Nair,riya.nair495@yahoo.com,6408361258,bengaluru,Karnataka,19 Apr 2022,Premium
CUST00496,John Williams,john.williams496@mail.com,9147401848,Mumbai,Maharashtra,2022-12-02,Premium
CUST00497,Amelia Nair,amelia.nair497@yahoo.com,8543425740,Jaipur,Rajasthan,2024-04-27,Premium
CUST00498,Saanvi Wilson,saanvi.wilson498@mail.com,9771106793,Indore,Madhya Pradesh,14 Aug 2022,Premium
CUST00499,Michael Sharma,michael.sharma499@yahoo.com,9231437224,Jaipur,Rajasthan,,Regular
CUST00500,ANAYA SINGH,anaya.singh500@mail.com,8505968811,kolkata,West Bengal,01-06-2024,premium
CUST00501,Aryan Williams,aryan.williams501@outlook.com,7537701423,MUMBAI,Maharashtra,2022/10/25,VIP
CUST00502,Amelia Brown,amelia.brown502@yahoo.com,7188227515,Delhi,Delhi,23-08-2023,New
CUST00503,Olivia Rao,olivia.rao503@gmail.com,7464997824,Chennai,Tamil Nadu,2023-02-06,Premium
CUST00504,Liam Williams,liam.williams504@outlook.com,7650808238,Vadodara,Gujarat,14/04/2024,Regular
CUST00505,noah davis,noah.davis505@yahoo.com,8600022986,Delhi,Delhi,12/05/2023,Regular
CUST00506,MYRA REDDY,myra.reddy506@outlook.com,7861152018,Pune,Maharashtra,03/31/2022,Regular
CUST00507,Kabir Garcia,kabir.garcia507@gmail.com,9777395366,Patna,Bihar,01-09-2022,Premium
CUST00508,James Verma,james.verma508@gmail.com,6914324029,Nagpur,Maharashtra,27 Dec 2021,VIP
CUST00509,AMELIA SHARMA,amelia.sharma509@gmail.com,99704,HYDERABAD,Telangana,01 May 2023,VIP
CUST00510,Aarav Iyer,aarav.iyer510@mail.com,6383346670,Nashik,Maharashtra,15 Feb 2022,premium
CUST00511,Sophia Johnson,sophia.johnson511@outlook.com,7748208713,hyderabad,Telangana,27 May 2024,premium
CUST00512,aadhya williams,,8912308435,kolkata,West Bengal,30 May 2022,premium
CUST00513,Arjun Iyer,arjun.iyer513@mail.com,9199025561,Delhi,Delhi,2023/02/07,Premium
CUST00514,OLIVIA SHARMA,olivia.sharma514@outlook.com,6567476314,Delhi,Delhi,05/13/2024,premium
CUST00515,Vivaan Verma,vivaan.verma515@yahoo.com,8487966651,Nashik,Maharashtra,2021-12-13,Regular
CUST00516,myra gupta,myra.gupta516@yahoo.com,7482032339,Indore,Madhya Pradesh,04/22/2024,regular
CUST00517,Charlotte Brown,charlotte.brown517@yahoo.com,7411815504,Delhi,Delhi,07 Feb 2022,Premium
CUST00518,Diya Smith,diya.smith518@outlook.com,85375,PUNE,Maharashtra,2023/07/21,regular
CUST00519,Vivaan Anderson,vivaan.anderson519@gmail.com,9962522337,Agra,Uttar Pradesh,22/06/2022,Regular
CUST00520,Saanvi Williams,saanvi.williams520@mail.com,6938075564,Ludhiana,Punjab,11/04/2024,regular
CUST00521,Amelia Rao,amelia.rao521@yahoo.com,6783734099,pune,Maharashtra,11 Apr 2022,New
CUST00522,Henry Anderson,henry.anderson522@yahoo.com,9298593487,Pune,Maharashtra,07 Feb 2023,Premium
CUST00523,Vihaan Brown,vihaan.brown523@gmail.com,6787451903,Indore,Madhya Pradesh,16/08/2021,premium
CUST00524,Aadhya Davis,aadhya.davis524@yahoo.com,7798135755,Vadodara,Gujarat,25/03/2022,premium
CUST00525,Michael Brown,michael.brown525@gmail.com,64665,Ahmedabad,Gujarat,24-09-2023,regular
CUST00526,PARI PATEL,pari.patel526@mail.com,9990362496,Ludhiana,Punjab,26-02-2024,VIP
CUST00527,amelia smith,amelia.smith527@outlook.com,7306202347,Nagpur,Maharashtra,27/06/2024,Premium
CUST00528,Pari Verma,pari.verma528@gmail.com,81010,Vadodara,Gujarat,2023-11-21,regular
CUST00529,Kabir Williams,kabir.williams529@yahoo.com,7984291393,MUMBAI,Maharashtra,2021/09/21,Regular
CUST00530,Riya Anderson,riya.anderson530@gmail.com,6537862298,Vadodara,Gujarat,2022/07/21,regular
CUST00531,Olivia Iyer,olivia.iyer531@outlook.com,6575340078,Nagpur,Maharashtra,13-05-2022,Regular
CUST00532,James Kumar,james.kumar532@yahoo.com,9900864316,Patna,Bihar,11 Aug 2023,Regular
CUST00533,anaya sharma,anaya.sharma533@mail.com,7172110452,Kolkata,West Bengal,04/08/2022,VIP
CUST00534,Saanvi Reddy,saanvi.reddy534@outlook.com,6684851504,Bhopal,Madhya Pradesh,06-07-2021,Premium
CUST00535,,reyansh.anderson535_at_yahoo.com,6355521543,Lucknow,Uttar Pradesh,13/03/2022,VIP
CUST00536,Diya Reddy,diya.reddy536@mail.com,7429744237,DELHI,Delhi,05/26/2022,regular
CUST00537,Aditya Gupta,aditya.gupta537@mail.com,8585050672,JAIPUR,Rajasthan,09-01-2022,VIP
CUST00538,Charlotte Davis,charlotte.davis538@yahoo.com,8786188102,PATNA,Bihar,03-10-2024,regular
CUST00539,James Singh,james.singh539@outlook.com,6351110105,Pune,Maharashtra,23-06-2024,Premium
CUST00540,John Brown,john.brown540@gmail.com,68932,Agra,Uttar Pradesh,2024-07-04,premium
CUST00541,VIHAAN WILLIAMS,vihaan.williams541@mail.com,89508,Mumbai,Maharashtra,25-07-2023,regular
CUST00542,Michael Smith,michael.smith542@yahoo.com,7115925900,Ludhiana,Punjab,18-12-2023,Regular
CUST00543,Amelia Singh,amelia.singh543@gmail.com,6590405507,Delhi,Delhi,30-07-2024,regular
CUST00544,Alexander Garcia,alexander.garcia544@outlook.com,8236230005,Delhi,Delhi,23-04-2023,Regular
CUST00545,Lucas Brown,lucas.brown545@outlook.com,8420122455,LUCKNOW,Uttar Pradesh,2024-11-14,regular
CUST00546,benjamin garcia,benjamin.garcia546@mail.com,9846551607,Bengaluru,Karnataka,06/16/2023,Premium
CUST00547,Diya Garcia,diya.garcia547@yahoo.com,7508503245,Nashik,Maharashtra,10/23/2021,premium
CUST00548,Charlotte Williams,charlotte.williams548@yahoo.com,6643104518,ahmedabad,Gujarat,2022/03/07,New
CUST00549,Lucas Smith,lucas.smith549@gmail.com,8495868120,Jaipur,Rajasthan,08/15/2021,premium
CUST00550,Abigail Smith,abigail.smith550@mail.com,9280302367,Ludhiana,Punjab,10/06/2022,premium
CUST00551,amelia williams,amelia.williams551@mail.com,7987413711,Surat,Gujarat,2022/06/30,premium
CUST00552,Henry Nair,henry.nair552@mail.com,8686458547,agra,Uttar Pradesh,2022/01/12,New
CUST00553,John Singh,john.singh553@outlook.com,8468669978,agra,Uttar Pradesh,2022/06/01,VIP
CUST00554,Amelia Anderson,amelia.anderson554@outlook.com,9701224039,Kanpur,Uttar Pradesh,04/07/2023,Regular
CUST00555,Harper Smith,harper.smith555@gmail.com,7985688820,MUMBAI,Maharashtra,2022/07/17,New
CUST00556,henry patel,henry.patel556@gmail.com,8150347583,LUCKNOW,Uttar Pradesh,18/09/2024,Premium
CUST00557,Ira Patel,ira.patel557@outlook.com,7317214952,Chennai,Tamil Nadu,07/04/2023,regular
CUST00558,Amelia Gupta,amelia.gupta558@yahoo.com,71491,Nashik,Maharashtra,2022-12-11,Premium
CUST00559,Reyansh Verma,reyansh.verma559@outlook.com,9847408994,Patna,Bihar,,Regular
CUST00560,Olivia Kumar,olivia.kumar560@yahoo.com,7531852098,Ahmedabad,Gujarat,04/23/2023,regular
CUST00561,John Wilson,john.wilson561@mail.com,6400151735,Chennai,Tamil Nadu,2022/03/25,VIP
CUST00562,Pari Garcia,pari.garcia562@outlook.com,7955345361,Nashik,Maharashtra,25 Jan 2023,Premium
CUST00563,reyansh brown,reyansh.brown563@outlook.com,91423,Surat,Gujarat,17-07-2023,premium
CUST00564,Kiara Kumar,kiara.kumar564@gmail.com,93237,Lucknow,Uttar Pradesh,02/24/2024,Regular
CUST00565,Ananya Gupta,ananya.gupta565@outlook.com,6514277130,Patna,Bihar,06-04-2022,VIP
CUST00566,benjamin rao,,7653314213,Chennai,Tamil Nadu,10 Jul 2023,New
CUST00567,Ananya Garcia,ananya.garcia567@gmail.com,9235608676,AHMEDABAD,Gujarat,06/29/2021,premium
CUST00568,reyansh davis,reyansh.davis568@yahoo.com,8870457628,Kanpur,Uttar Pradesh,03 Aug 2021,regular
CUST00569,mia singh,mia.singh569@yahoo.com,7379538662,KANPUR,Uttar Pradesh,09-08-2024,premium
CUST00570,ADITYA SMITH,aditya.smith570@yahoo.com,6510612598,LUDHIANA,Punjab,21-10-2022,premium
CUST00571,Kabir Miller,kabir.miller571@yahoo.com,8575558434,kolkata,West Bengal,2024-08-14,premium
CUST00572,Ananya Kumar,ananya.kumar572@yahoo.com,9886843517,lucknow,Uttar Pradesh,25 Sep 2024,Regular
CUST00573,SAANVI SMITH,saanvi.smith573@outlook.com,8443816109,Surat,Gujarat,12/13/2022,VIP
CUST00574,Charlotte Iyer,charlotte.iyer574@yahoo.com,9713153523,Jaipur,Rajasthan,09-09-2024,VIP
CUST00575,Alexander Wilson,alexander.wilson575_at_mail.com,6175035741,Lucknow,Uttar Pradesh,01 Nov 2022,premium
CUST00576,KABIR REDDY,kabir.reddy576@mail.com,8722317728,Vadodara,Gujarat,2022-10-25,Premium
CUST00577,Olivia Williams,olivia.williams577@gmail.com,9384876123,Patna,Bihar,08 Nov 2024,premium
CUST00578,Benjamin Johnson,benjamin.johnson578@yahoo.com,7816559352,Chennai,Tamil Nadu,2022-10-12,premium
CUST00579,Pari Rao,pari.rao579@yahoo.com,7217554153,Kanpur,Uttar Pradesh,0000-00-00,Premium
CUST00580,aryan wilson,aryan.wilson580@yahoo.com,78129,Surat,Gujarat,27 Jul 2022,VIP
CUST00581,Abigail Reddy,abigail.reddy581@gmail.com,9325933645,PATNA,Bihar,2021-12-22,regular
CUST00582,Aryan Gupta,aryan.gupta582@yahoo.com,6540353886,Ahmedabad,Gujarat,2021-10-02,Regular
CUST00583,William Williams,william.williams583@gmail.com,9763044120,Bhopal,Madhya Pradesh,20 Mar 2022,premium
CUST00584,kiara reddy,kiara.reddy584@yahoo.com,6508326415,Ludhiana,Punjab,2021/07/12,premium
CUST00585,Amelia Gupta,amelia.gupta585@yahoo.com,9196744637,Ludhiana,Punjab,2023-09-01,premium
CUST00586,John Kumar,john.kumar586@yahoo.com,9983945276,Kanpur,Uttar Pradesh,2023/06/01,premium
CUST00587,AARAV REDDY,aarav.reddy587@outlook.com,69842,hyderabad,Telangana,09/26/2022,VIP
CUST00588,Harper Smith,harper.smith588@outlook.com,8327646801,JAIPUR,Rajasthan,11/15/2021,premium
CUST00589,Isabella Gupta,isabella.gupta589@outlook.com,6398425899,Nashik,Maharashtra,2024-12-04,Regular
CUST00590,evelyn sharma,evelyn.sharma590@mail.com,7670207584,Hyderabad,Telangana,2023/05/17,New
CUST00591,Aarav Iyer,aarav.iyer591@outlook.com,9761572282,Nagpur,Maharashtra,27/03/2024,regular
CUST00592,Ira Anderson,ira.anderson592@gmail.com,7499399531,CHENNAI,Tamil Nadu,01/11/2022,New
CUST00593,AARAV GUPTA,aarav.gupta593@gmail.com,9141586445,Indore,Madhya Pradesh,2024-07-23,Premium
CUST00594,ISABELLA DAVIS,isabella.davis594@gmail.com,7580779943,Agra,Uttar Pradesh,2021-08-16,premium
CUST00595,Diya Davis,diya.davis595@gmail.com,9596010919,lucknow,Uttar Pradesh,25 Nov 2021,Regular
CUST00596,Charlotte Rao,charlotte.rao596@yahoo.com,81266,Indore,Madhya Pradesh,22/06/2022,New
CUST00597,isabella anderson,isabella.anderson597@outlook.com,9458374978,Kolkata,West Bengal,11/09/2024,VIP
CUST00598,ISABELLA WILLIAMS,isabella.williams598@mail.com,9663302051,Ahmedabad,Gujarat,02/12/2024,Regular
CUST00599,Ishaan Rao,,9953735774,BHOPAL,Madhya Pradesh,02/10/2024,VIP
CUST00600,Anaya Wilson,anaya.wilson600@yahoo.com,9981056108,Jaipur,Rajasthan,2024/09/02,Regular
CUST00601,Ananya Verma,ananya.verma601@outlook.com,7794264349,Patna,Bihar,01-09-2023,regular
CUST00602,Diya Jones,diya.jones602@mail.com,6747452339,Surat,Gujarat,10-01-2022,VIP
CUST00603,riya verma,riya.verma603@mail.com,8992189756,Lucknow,Uttar Pradesh,26 Nov 2023,Premium
CUST00604,Alexander Rao,alexander.rao604@gmail.com,9171935975,Jaipur,Rajasthan,0000-00-00,VIP
CUST00605,Mia Verma,mia.verma605@mail.com,8213485048,DELHI,Delhi,2022/05/05,premium
CUST00606,Ishaan Garcia,ishaan.garcia606@gmail.com,6257416872,Bengaluru,Karnataka,2023/12/12,Regular
CUST00607,Riya Davis,riya.davis607@gmail.com,6379211235,Ahmedabad,Gujarat,10/05/2022,Regular
CUST00608,AADHYA WILSON,aadhya.wilson608@mail.com,9678853959,Mumbai,Maharashtra,11/28/2022,regular
CUST00609,Ananya Reddy,ananya.reddy609@mail.com,6198251357,Bengaluru,Karnataka,04 May 2022,regular
CUST00610,Saanvi Anderson,saanvi.anderson610@mail.com,6879757156,agra,Uttar Pradesh,17 Feb 2024,premium
CUST00611,Kabir Nair,kabir.nair611@gmail.com,75586,Ludhiana,Punjab,2022/11/05,Premium
CUST00612,Aadhya Smith,aadhya.smith612@mail.com,6723880239,Nagpur,Maharashtra,06/22/2022,New
CUST00613,Riya Anderson,riya.anderson613@mail.com,7756919472,JAIPUR,Rajasthan,2023-12-29,regular
CUST00614,Emma Gupta,emma.gupta614@mail.com,7722767457,INDORE,Madhya Pradesh,30 Dec 2022,regular
CUST00615,aadhya nair,aadhya.nair615@mail.com,9568052911,Jaipur,Rajasthan,02 Sep 2023,VIP
CUST00616,henry patel,henry.patel616@mail.com,9422014834,Hyderabad,Telangana,28 Sep 2024,premium
CUST00617,Saanvi Reddy,saanvi.reddy617@mail.com,6100455715,Pune,Maharashtra,09/12/2021,New
CUST00618,Vivaan Singh,vivaan.singh618@outlook.com,7632137816,Hyderabad,Telangana,28-11-2024,Regular
CUST00619,pari sharma,pari.sharma619@mail.com,6902645429,Vadodara,Gujarat,01 Mar 2022,premium
CUST00620,Lucas Garcia,lucas.garcia620@gmail.com,8204043553,Bhopal,Madhya Pradesh,21-12-2022,VIP
CUST00621,Abigail Singh,abigail.singh621@mail.com,6761927655,Nashik,Maharashtra,06 Nov 2022,premium
CUST00622,IRA DAVIS,ira.davis622@mail.com,9451464283,JAIPUR,Rajasthan,19-03-2023,premium
CUST00623,ANANYA VERMA,ananya.verma623@mail.com,68460,Hyderabad,Telangana,2021-11-06,VIP
CUST00624,alexander garcia,alexander.garcia624@mail.com,6861665879,Hyderabad,Telangana,2024-05-04,regular
CUST00625,aarav verma,aarav.verma625@gmail.com,7966502737,vadodara,Gujarat,09/15/2024,New
CUST00626,Pari Garcia,pari.garcia626@mail.com,7947373339,Chennai,Tamil Nadu,07/14/2021,New
CUST00627,Emma Garcia,emma.garcia627@gmail.com,7924639504,PUNE,Maharashtra,13-07-2022,regular
CUST00628,Olivia Nair,olivia.nair628@mail.com,8927237224,Surat,Gujarat,03 Oct 2021,Regular
CUST00629,Vihaan Sharma,vihaan.sharma629@mail.com,8263376073,Bhopal,Madhya Pradesh,11/08/2023,VIP
CUST00630,John Anderson,john.anderson630@gmail.com,8401646940,Hyderabad,Telangana,21/12/2021,New
CUST00631,Amelia Williams,amelia.williams631_at_gmail.com,9216337617,Vadodara,Gujarat,04-09-2023,VIP
CUST00632,Reyansh Singh,reyansh.singh632@outlook.com,9961048611,Ahmedabad,Gujarat,09/29/2023,New
CUST00633,Kabir Singh,kabir.singh633@gmail.com,6467381114,Kanpur,Uttar Pradesh,2024-10-02,premium
CUST00634,Michael Singh,michael.singh634@outlook.com,8432605434,ludhiana,Punjab,04/10/2022,regular
CUST00635,ISABELLA NAIR,isabella.nair635@outlook.com,6463503699,kolkata,West Bengal,2021/11/19,Regular
CUST00636,Riya Garcia,riya.garcia636@mail.com,9583989254,Nagpur,Maharashtra,2022/08/11,Premium
CUST00637,Charlotte Singh,charlotte.singh637@gmail.com,6835602271,Bengaluru,Karnataka,2024-02-12,New
CUST00638,Arjun Anderson,arjun.anderson638@mail.com,7453208783,Kolkata,West Bengal,21-08-2021,VIP
CUST00639,Lucas Davis,lucas.davis639@yahoo.com,7346443488,Mumbai,Maharashtra,27 Aug 2021,premium
CUST00640,sophia jones,sophia.jones640@mail.com,9556323792,Chennai,Tamil Nadu,07/01/2023,New
CUST00641,Isabella Verma,isabella.verma641@yahoo.com,9610147017,KOLKATA,West Bengal,2023/12/24,premium
CUST00642,John Iyer,john.iyer642@gmail.com,7678603686,Nashik,Maharashtra,21 Aug 2024,regular
CUST00643,ALEXANDER VERMA,alexander.verma643@outlook.com,8999269991,Jaipur,Rajasthan,2023-12-22,premium
CUST00644,alexander garcia,alexander.garcia644@mail.com,8318758887,pune,Maharashtra,10 Oct 2024,VIP
CUST00645,Aryan Gupta,aryan.gupta645@mail.com,8708361982,Chennai,Tamil Nadu,08 May 2024,regular
CUST00646,Saanvi Kumar,saanvi.kumar646@gmail.com,8346981498,Mumbai,Maharashtra,07/18/2021,Regular
CUST00647,aditya sharma,aditya.sharma647@mail.com,9978138128,Kanpur,Uttar Pradesh,09-08-2023,Regular
CUST00648,RIYA SMITH,riya.smith648@yahoo.com,9944142304,Indore,Madhya Pradesh,07/16/2024,premium
CUST00649,Evelyn Smith,evelyn.smith649@gmail.com,9590747323,Nagpur,Maharashtra,23/06/2022,Regular
CUST00650,EVELYN WILLIAMS,evelyn.williams650@mail.com,9568056579,NAGPUR,Maharashtra,2023/10/27,New
CUST00651,OLIVIA RAO,olivia.rao651@gmail.com,84030,Bhopal,Madhya Pradesh,28 Jun 2024,New
CUST00652,ABIGAIL MILLER,,8561597861,Kolkata,West Bengal,07 Feb 2023,regular
CUST00653,Sophia Singh,sophia.singh653@mail.com,8679751450,Ludhiana,Punjab,2024/05/15,premium
CUST00654,Charlotte Anderson,charlotte.anderson654@gmail.com,6293928606,BENGALURU,Karnataka,24 Aug 2024,VIP
CUST00655,Vivaan Patel,vivaan.patel655@yahoo.com,7588071626,vadodara,Gujarat,2024-09-09,regular
CUST00656,Reyansh Garcia,reyansh.garcia656@gmail.com,7249465081,Bhopal,Madhya Pradesh,2023-06-24,New
CUST00657,Mia Rao,mia.rao657@gmail.com,7513494288,Bengaluru,Karnataka,29 Dec 2021,regular
CUST00658,Reyansh Anderson,reyansh.anderson658@mail.com,8274717968,Patna,Bihar,2023/04/30,regular
CUST00659,Anaya Johnson,anaya.johnson659@outlook.com,7831234560,Patna,Bihar,2021-09-15,New
CUST00660,Aryan Kumar,,98884,Nagpur,Maharashtra,2022-09-07,premium
CUST00661,Myra Kumar,myra.kumar661@outlook.com,8640198103,Ludhiana,Punjab,,New
CUST00662,Reyansh Miller,reyansh.miller662@yahoo.com,6358095832,Indore,Madhya Pradesh,,VIP
CUST00663,arjun verma,arjun.verma663@outlook.com,9198211758,Kanpur,Uttar Pradesh,2021-06-17,regular
CUST00664,REYANSH SMITH,reyansh.smith664@yahoo.com,9898722372,BHOPAL,Madhya Pradesh,10/02/2021,regular
CUST00665,Isabella Wilson,,6375334983,Bengaluru,Karnataka,12/04/2024,regular
CUST00666,Aadhya Kumar,aadhya.kumar666@mail.com,8542515870,Nashik,Maharashtra,11/23/2022,New
CUST00667,reyansh anderson,reyansh.anderson667@yahoo.com,7970736744,KOLKATA,West Bengal,06/11/2021,Regular
CUST00668,Abigail Williams,abigail.williams668@yahoo.com,7329067512,Kanpur,Uttar Pradesh,28-11-2023,New
CUST00669,Aryan Brown,aryan.brown669@gmail.com,6141787662,Bhopal,Madhya Pradesh,16/07/2022,regular
CUST00670,Lucas Davis,lucas.davis670@yahoo.com,7959210287,Surat,Gujarat,2023-09-24,Premium
CUST00671,Benjamin Nair,benjamin.nair671@gmail.com,7478428730,Nagpur,Maharashtra,2022-05-07,Premium
CUST00672,LUCAS SMITH,lucas.smith672@outlook.com,78844,NASHIK,Maharashtra,2022-01-09,Premium
CUST00673,Noah Williams,noah.williams673@gmail.com,8452760649,bhopal,Madhya Pradesh,0000-00-00,Regular
CUST00674,Abigail Johnson,abigail.johnson674@yahoo.com,7850151038,chennai,Tamil Nadu,16/06/2021,Regular
CUST00675,Henry Johnson,henry.johnson675_at_gmail.com,9184761083,Lucknow,Uttar Pradesh,28/08/2022,premium
CUST00676,Evelyn Nair,evelyn.nair676@mail.com,9570365157,Patna,Bihar,01/05/2022,VIP
CUST00677,Vihaan Johnson,vihaan.johnson677@outlook.com,91516,Nagpur,Maharashtra,,premium
CUST00678,Evelyn Gupta,evelyn.gupta678@gmail.com,9330331543,vadodara,Gujarat,2024-11-18,premium
CUST00679,Abigail Gupta,abigail.gupta679@yahoo.com,8685665348,PUNE,Maharashtra,20/07/2023,premium
CUST00680,ADITYA VERMA,aditya.verma680@mail.com,97916,Agra,Uttar Pradesh,2023/11/09,regular
CUST00681,Anaya Verma,anaya.verma681@yahoo.com,8869503997,Kolkata,West Bengal,2022/07/16,regular
CUST00682,OLIVIA IYER,olivia.iyer682_at_gmail.com,6914715334,chennai,Tamil Nadu,30/04/2023,New
CUST00683,arjun miller,arjun.miller683@yahoo.com,8520008070,Hyderabad,Telangana,2024/01/11,regular
CUST00684,Henry Kumar,henry.kumar684@yahoo.com,91748,Delhi,Delhi,2024/08/28,Regular
CUST00685,Kiara Sharma,kiara.sharma685@mail.com,8225250114,Nagpur,Maharashtra,2023-12-11,Premium
CUST00686,Emma Jones,emma.jones686@outlook.com,6447116699,Chennai,Tamil Nadu,12/11/2021,Premium
CUST00687,Sophia Verma,sophia.verma687@yahoo.com,89561,ahmedabad,Gujarat,08/01/2024,New
CUST00688,Mia Sharma,mia.sharma688_at_yahoo.com,9960231593,CHENNAI,Tamil Nadu,20-09-2022,premium
CUST00689,Saanvi Gupta,saanvi.gupta689@yahoo.com,9660765929,PATNA,Bihar,2021-06-23,premium
CUST00690,Noah Brown,noah.brown690@yahoo.com,9884185895,Lucknow,Uttar Pradesh,23-08-2024,premium
CUST00691,Ishaan Williams,ishaan.williams691@gmail.com,7353760819,Nashik,Maharashtra,31-08-2022,Regular
CUST00692,Evelyn Miller,evelyn.miller692@yahoo.com,7157359761,Vadodara,Gujarat,2022-03-24,Premium
CUST00693,HARPER REDDY,harper.reddy693@outlook.com,8245245357,ahmedabad,Gujarat,14/10/2021,New
CUST00694,ROHAN DAVIS,rohan.davis694@gmail.com,7719843588,Kolkata,West Bengal,2021-07-05,premium
CUST00695,Myra Verma,myra.verma695@outlook.com,8240875515,BHOPAL,Madhya Pradesh,2024-03-30,New
CUST00696,Diya Verma,diya.verma696@yahoo.com,9537182575,KOLKATA,West Bengal,2021/06/20,premium
CUST00697,AADHYA JONES,aadhya.jones697@mail.com,9756169258,ahmedabad,Gujarat,07 Nov 2021,premium
CUST00698,Arjun Miller,arjun.miller698@outlook.com,8724961011,VADODARA,Gujarat,04-09-2022,Regular
CUST00699,Lucas Nair,lucas.nair699@gmail.com,8709336770,Kolkata,West Bengal,12/02/2022,VIP
CUST00700,Olivia Brown,olivia.brown700@mail.com,9511419981,Nagpur,Maharashtra,24/04/2022,Regular
CUST00701,Ira Wilson,ira.wilson701@outlook.com,78044,Indore,Madhya Pradesh,25-08-2023,Premium
CUST00702,HENRY BROWN,henry.brown702_at_outlook.com,6279609980,Ahmedabad,Gujarat,2022-05-26,VIP
CUST00703,aryan nair,aryan.nair703@yahoo.com,7802813440,Lucknow,Uttar Pradesh,12 Dec 2022,premium
CUST00704,aditya garcia,aditya.garcia704@mail.com,9894467258,Indore,Madhya Pradesh,2022/04/13,premium
CUST00705,Alexander Wilson,alexander.wilson705@mail.com,7964359962,ahmedabad,Gujarat,12/01/2023,VIP
CUST00706,Olivia Garcia,olivia.garcia706@yahoo.com,89753,Pune,Maharashtra,2021/11/20,Regular
CUST00707,Sophia Sharma,sophia.sharma707@outlook.com,6935759851,Agra,Uttar Pradesh,17 Dec 2022,VIP
CUST00708,Pari Smith,pari.smith708@yahoo.com,7705931484,Jaipur,Rajasthan,28 Aug 2023,VIP
CUST00709,Arjun Brown,arjun.brown709@yahoo.com,8468569991,Mumbai,Maharashtra,15 Jun 2024,premium
CUST00710,Ira Davis,ira.davis710@gmail.com,6739890586,Kanpur,Uttar Pradesh,06-09-2024,VIP
CUST00711,kiara sharma,kiara.sharma711@mail.com,8495075488,AGRA,Uttar Pradesh,13/02/2022,New
CUST00712,Anaya Garcia,anaya.garcia712@yahoo.com,6976793968,LUCKNOW,Uttar Pradesh,09 Mar 2023,Premium
CUST00713,,mia.iyer713@gmail.com,9132199020,Hyderabad,Telangana,26-03-2024,regular
CUST00714,Reyansh Johnson,reyansh.johnson714@mail.com,7441810296,Kanpur,Uttar Pradesh,08 Jan 2023,premium
CUST00715,Anaya Nair,anaya.nair715@mail.com,8795897174,Mumbai,Maharashtra,02-06-2024,VIP
CUST00716,benjamin jones,benjamin.jones716@mail.com,7536731210,BHOPAL,Madhya Pradesh,2021-06-21,Regular
CUST00717,Michael Kumar,michael.kumar717@mail.com,7449485406,Delhi,Delhi,2021/08/28,Regular
CUST00718,Rohan Patel,rohan.patel718@outlook.com,8228757852,Nashik,Maharashtra,2023-02-21,Premium
CUST00719,Myra Williams,myra.williams719@gmail.com,9313094252,nagpur,Maharashtra,12/10/2024,New
CUST00720,Vivaan Anderson,vivaan.anderson720@yahoo.com,6941913481,Ahmedabad,Gujarat,2023/07/19,regular
CUST00721,Kiara Kumar,kiara.kumar721@yahoo.com,6343566988,KOLKATA,West Bengal,19/05/2024,regular
CUST00722,AADHYA JOHNSON,aadhya.johnson722@yahoo.com,9644683359,DELHI,Delhi,02/01/2024,VIP
CUST00723,ANANYA WILLIAMS,ananya.williams723@mail.com,8990953276,NAGPUR,Maharashtra,09/02/2021,Regular
CUST00724,Harper Iyer,harper.iyer724@yahoo.com,6815348960,Indore,Madhya Pradesh,12/03/2022,regular
CUST00725,Benjamin Nair,benjamin.nair725@yahoo.com,8841796333,Ahmedabad,Gujarat,11 May 2022,premium
CUST00726,Aryan Johnson,aryan.johnson726@yahoo.com,8291811319,Kanpur,Uttar Pradesh,22 Sep 2023,Regular
CUST00727,Emma Reddy,emma.reddy727@outlook.com,8994551628,PATNA,Bihar,2022-10-29,Regular
CUST00728,Charlotte Nair,,7346010547,SURAT,Gujarat,2022/02/19,premium
CUST00729,William Singh,william.singh729@mail.com,7812932571,AGRA,Uttar Pradesh,2024/02/09,premium
CUST00730,Liam Verma,liam.verma730@outlook.com,8772387031,kanpur,Uttar Pradesh,2021-12-09,VIP
CUST00731,Emma Smith,emma.smith731@mail.com,9718724373,Agra,Uttar Pradesh,22/08/2022,regular
CUST00732,Vihaan Miller,,8566644744,Mumbai,Maharashtra,07-11-2021,regular
CUST00733,Reyansh Kumar,reyansh.kumar733@outlook.com,8907344076,Nashik,Maharashtra,09/19/2023,VIP
CUST00734,Amelia Miller,amelia.miller734@yahoo.com,6348382474,Nashik,Maharashtra,2022-06-29,Premium
CUST00735,EMMA WILSON,emma.wilson735@mail.com,8784405675,AGRA,Uttar Pradesh,03/09/2023,Premium
CUST00736,Diya Sharma,diya.sharma736@outlook.com,9270230537,Bengaluru,Karnataka,06/05/2023,Regular
CUST00737,Riya Wilson,riya.wilson737@mail.com,98633,Ahmedabad,Gujarat,24 Oct 2023,regular
CUST00738,Isabella Miller,isabella.miller738@mail.com,6432333282,Bengaluru,Karnataka,2023/10/22,Premium
CUST00739,Anaya Smith,anaya.smith739@gmail.com,7850579456,Kolkata,West Bengal,31 Aug 2021,regular
CUST00740,ananya jones,ananya.jones740@mail.com,7247481857,Nagpur,Maharashtra,14 Sep 2022,New
CUST00741,aarav singh,aarav.singh741@outlook.com,8596790858,KOLKATA,West Bengal,05/11/2023,New
CUST00742,Amelia Anderson,amelia.anderson742@outlook.com,7544472750,Pune,Maharashtra,16/02/2023,New
CUST00743,Ira Nair,ira.nair743@gmail.com,9524688436,nashik,Maharashtra,2024/10/03,Premium
CUST00744,ANAYA NAIR,anaya.nair744@mail.com,7540145946,VADODARA,Gujarat,07/08/2024,Premium
CUST00745,Rohan Anderson,rohan.anderson745@mail.com,7207115374,HYDERABAD,Telangana,01-07-2021,regular
CUST00746,Liam Verma,liam.verma746@mail.com,7306927649,Indore,Madhya Pradesh,13-07-2023,New
CUST00747,Aarav Verma,aarav.verma747@outlook.com,7509634059,Ahmedabad,Gujarat,17-11-2024,Premium
CUST00748,Michael Gupta,michael.gupta748@yahoo.com,6457897966,kanpur,Uttar Pradesh,01 Jun 2024,premium
CUST00749,liam sharma,liam.sharma749@mail.com,8173856614,Kanpur,Uttar Pradesh,07/20/2024,New
CUST00750,reyansh patel,reyansh.patel750@yahoo.com,9319798782,Chennai,Tamil Nadu,0000-00-00,VIP
CUST00751,Kiara Reddy,kiara.reddy751@outlook.com,6323244104,Mumbai,Maharashtra,02/21/2023,Premium
CUST00752,Sophia Garcia,sophia.garcia752@gmail.com,7863168039,Ahmedabad,Gujarat,2024-08-23,New
CUST00753,REYANSH MILLER,reyansh.miller753@mail.com,7302210968,surat,Gujarat,14/08/2022,New
CUST00754,SAANVI SINGH,saanvi.singh754@outlook.com,6907031284,Chennai,Tamil Nadu,27 Jul 2022,Premium
CUST00755,aarav kumar,aarav.kumar755@gmail.com,9331419540,mumbai,Maharashtra,09/28/2022,Regular
CUST00756,Kabir Brown,kabir.brown756@mail.com,6558346197,Patna,Bihar,14-11-2024,regular
CUST00757,Vihaan Singh,vihaan.singh757@outlook.com,9285801953,agra,Uttar Pradesh,2024-07-27,New
CUST00758,Rohan Verma,rohan.verma758@yahoo.com,9197567679,chennai,Tamil Nadu,15/05/2022,premium
CUST00759,James Nair,james.nair759@mail.com,6789549602,Patna,Bihar,03 Apr 2023,New
CUST00760,Ananya Nair,ananya.nair760@gmail.com,8676409237,BHOPAL,Madhya Pradesh,26 Apr 2022,premium
CUST00761,arjun singh,arjun.singh761@yahoo.com,7513688446,Ludhiana,Punjab,2023/01/13,premium
CUST00762,Kiara Miller,kiara.miller762@yahoo.com,9953011821,AHMEDABAD,Gujarat,12/05/2021,Regular
CUST00763,Aditya Iyer,aditya.iyer763@outlook.com,9818987870,Bengaluru,Karnataka,2024/01/01,Regular
CUST00764,Aadhya Anderson,aadhya.anderson764@yahoo.com,7845654564,Nashik,Maharashtra,03/28/2023,premium
CUST00765,Ananya Kumar,ananya.kumar765@mail.com,8336558240,chennai,Tamil Nadu,15-05-2022,Regular
CUST00766,ananya williams,ananya.williams766@outlook.com,6306542440,mumbai,Maharashtra,24/06/2024,Premium
CUST00767,Vivaan Rao,vivaan.rao767@mail.com,7112609563,Mumbai,Maharashtra,05/21/2022,Regular
CUST00768,Michael Patel,michael.patel768@outlook.com,6376358226,chennai,Tamil Nadu,06 Sep 2023,VIP
CUST00769,james iyer,james.iyer769@outlook.com,6442423545,Chennai,Tamil Nadu,06/19/2023,regular
CUST00770,Reyansh Kumar,reyansh.kumar770@yahoo.com,8262037706,Hyderabad,Telangana,11/08/2021,New
CUST00771,Aryan Wilson,aryan.wilson771@outlook.com,6349743101,Bhopal,Madhya Pradesh,2022/04/26,premium
CUST00772,ananya verma,ananya.verma772@mail.com,7769480579,Ludhiana,Punjab,11-05-2023,Regular
CUST00773,Aditya Verma,aditya.verma773@outlook.com,8856314186,BENGALURU,Karnataka,03-12-2021,Premium
CUST00774,Olivia Rao,olivia.rao774@gmail.com,6683514119,PATNA,Bihar,15 Sep 2023,New
CUST00775,john nair,john.nair775@gmail.com,8998906236,Mumbai,Maharashtra,09/10/2021,VIP
CUST00776,AMELIA MILLER,amelia.miller776@yahoo.com,6784838854,Nagpur,Maharashtra,13-03-2023,premium
CUST00777,Ananya Gupta,ananya.gupta777@yahoo.com,8292248833,CHENNAI,Tamil Nadu,20-07-2021,New
CUST00778,Lucas Reddy,lucas.reddy778@gmail.com,9196687876,Nashik,Maharashtra,16 Dec 2023,Premium
CUST00779,Abigail Nair,abigail.nair779@gmail.com,8219071165,Mumbai,Maharashtra,2021-10-09,Premium
CUST00780,Saanvi Sharma,saanvi.sharma780_at_gmail.com,8679006009,LUDHIANA,Punjab,2023/09/04,Premium
CUST00781,ananya nair,ananya.nair781@yahoo.com,9481476905,Chennai,Tamil Nadu,18 Oct 2023,regular
CUST00782,Benjamin Williams,benjamin.williams782@mail.com,6362063464,Chennai,Tamil Nadu,07/27/2024,Premium
CUST00783,Myra Reddy,myra.reddy783@mail.com,7781825780,LUDHIANA,Punjab,09/17/2023,Premium
CUST00784,Ishaan Sharma,ishaan.sharma784@gmail.com,8315956412,Nashik,Maharashtra,2022/04/23,Regular
CUST00785,Michael Singh,michael.singh785@mail.com,9667316833,MUMBAI,Maharashtra,2023-09-24,VIP
CUST00786,OLIVIA WILSON,olivia.wilson786_at_yahoo.com,9802430291,Pune,Maharashtra,11/15/2021,regular
CUST00787,Noah Gupta,noah.gupta787@outlook.com,8680913418,KANPUR,Uttar Pradesh,2024/03/29,Premium
CUST00788,Aryan Williams,aryan.williams788@mail.com,6673234879,CHENNAI,Tamil Nadu,18/11/2024,New
CUST00789,ira anderson,ira.anderson789@yahoo.com,7820655221,MUMBAI,Maharashtra,0000-00-00,premium
CUST00790,Pari Miller,pari.miller790@yahoo.com,7167569640,Agra,Uttar Pradesh,03 Dec 2024,VIP
CUST00791,Mia Rao,mia.rao791@mail.com,7535539861,Vadodara,Gujarat,2022-07-16,regular
CUST00792,Kiara Rao,kiara.rao792@mail.com,8528066498,ludhiana,Punjab,11 Jun 2024,Regular
CUST00793,anaya rao,anaya.rao793_at_outlook.com,6110643751,CHENNAI,Tamil Nadu,02/12/2022,Regular
CUST00794,Sophia Rao,sophia.rao794_at_gmail.com,7674066705,KANPUR,Uttar Pradesh,15 May 2024,Regular
CUST00795,Diya Verma,diya.verma795@outlook.com,8764489816,Patna,Bihar,12/03/2022,premium
CUST00796,Kiara Sharma,kiara.sharma796@yahoo.com,71136,Kolkata,West Bengal,2021/09/17,premium
CUST00797,evelyn anderson,,7515970340,Ludhiana,Punjab,01 Dec 2022,regular
CUST00798,riya brown,riya.brown798@mail.com,6874182210,Hyderabad,Telangana,0000-00-00,VIP
CUST00799,Myra Brown,myra.brown799@outlook.com,8391395622,Surat,Gujarat,11/13/2022,Premium
CUST00800,Emma Brown,emma.brown800@mail.com,7141467227,Ahmedabad,Gujarat,02/09/2022,New
CUST00801,Rohan Smith,rohan.smith801@mail.com,8234093369,Lucknow,Uttar Pradesh,11/10/2022,Premium
CUST00802,vivaan nair,vivaan.nair802@mail.com,7681091741,Lucknow,Uttar Pradesh,17-07-2023,regular
CUST00803,aadhya garcia,aadhya.garcia803@yahoo.com,9247295778,Kanpur,Uttar Pradesh,04 Sep 2022,Regular
CUST00804,Kiara Williams,kiara.williams804@yahoo.com,9870013710,Pune,Maharashtra,04/04/2022,premium
CUST00805,Lucas Garcia,lucas.garcia805@yahoo.com,7695007427,Chennai,Tamil Nadu,23/09/2024,premium
CUST00806,John Gupta,john.gupta806@mail.com,6495398331,BHOPAL,Madhya Pradesh,2021/10/29,Regular
CUST00807,Ira Anderson,ira.anderson807@gmail.com,7606393748,kanpur,Uttar Pradesh,28 Aug 2022,New
CUST00808,Riya Gupta,riya.gupta808@mail.com,6314145782,Nashik,Maharashtra,0000-00-00,Regular
CUST00809,Diya Gupta,diya.gupta809@yahoo.com,9839143299,VADODARA,Gujarat,10/27/2024,Premium
CUST00810,Ananya Garcia,ananya.garcia810@gmail.com,63107,LUDHIANA,Punjab,22-11-2023,Premium
CUST00811,Ira Brown,ira.brown811@outlook.com,7882691805,Vadodara,Gujarat,25/09/2021,Regular
CUST00812,Liam Reddy,liam.reddy812@outlook.com,9889437181,Nagpur,Maharashtra,2022-05-13,regular
CUST00813,AADHYA REDDY,aadhya.reddy813@mail.com,7503802726,Indore,Madhya Pradesh,03 Dec 2022,New
CUST00814,Aditya Gupta,aditya.gupta814@gmail.com,6344678956,ludhiana,Punjab,2022/10/07,premium
CUST00815,Alexander Brown,alexander.brown815@outlook.com,7518611609,Vadodara,Gujarat,2024/05/08,New
CUST00816,Mia Wilson,mia.wilson816@outlook.com,7984640015,Patna,Bihar,18 Apr 2023,premium
CUST00817,Amelia Gupta,amelia.gupta817@gmail.com,6885042792,bengaluru,Karnataka,23 Mar 2022,New
CUST00818,Benjamin Patel,benjamin.patel818_at_mail.com,7382063522,Hyderabad,Telangana,11-12-2022,Premium
CUST00819,SOPHIA DAVIS,sophia.davis819@gmail.com,9325399930,LUCKNOW,Uttar Pradesh,21-11-2023,regular
CUST00820,Charlotte Garcia,charlotte.garcia820@gmail.com,99816,Nashik,Maharashtra,08/31/2024,premium
CUST00821,Vihaan Johnson,vihaan.johnson821@outlook.com,6728354912,Kanpur,Uttar Pradesh,15 Dec 2021,premium
CUST00822,Vivaan Jones,vivaan.jones822@gmail.com,8235867560,Mumbai,Maharashtra,,Regular
CUST00823,LUCAS KUMAR,lucas.kumar823@mail.com,7475339059,Indore,Madhya Pradesh,09 Sep 2021,regular
CUST00824,NOAH GUPTA,noah.gupta824@gmail.com,8421410504,Bhopal,Madhya Pradesh,2022/08/12,VIP
CUST00825,Amelia Miller,amelia.miller825@yahoo.com,6184681609,Kanpur,Uttar Pradesh,23-04-2024,premium
CUST00826,abigail verma,abigail.verma826@gmail.com,6197009970,Surat,Gujarat,12/24/2023,premium
CUST00827,Kiara Wilson,kiara.wilson827@mail.com,9208729236,Pune,Maharashtra,28 Aug 2023,premium
CUST00828,Liam Miller,liam.miller828@yahoo.com,6922174127,indore,Madhya Pradesh,24 Jun 2021,New
CUST00829,Anaya Nair,anaya.nair829@gmail.com,9137540074,nashik,Maharashtra,16 Jan 2024,New
CUST00830,IRA BROWN,ira.brown830@outlook.com,9140236774,Ludhiana,Punjab,2024-07-08,Regular
CUST00831,Charlotte Brown,charlotte.brown831@yahoo.com,9382713132,Jaipur,Rajasthan,30 Dec 2023,Regular
CUST00832,Myra Sharma,myra.sharma832@mail.com,6531785885,Nashik,Maharashtra,19-12-2024,premium
CUST00833,Pari Anderson,pari.anderson833@mail.com,7220136491,Pune,Maharashtra,04/19/2023,regular
CUST00834,Pari Reddy,pari.reddy834@gmail.com,9947006402,NAGPUR,Maharashtra,21/12/2022,premium
CUST00835,Evelyn Davis,evelyn.davis835@gmail.com,6575868914,kanpur,Uttar Pradesh,28/04/2024,Premium
CUST00836,Benjamin Sharma,benjamin.sharma836@outlook.com,9768606852,Kanpur,Uttar Pradesh,2022-07-15,regular
CUST00837,Rohan Williams,rohan.williams837@yahoo.com,9381283935,Chennai,Tamil Nadu,04/10/2022,Regular
CUST00838,Rohan Sharma,rohan.sharma838@outlook.com,9859431922,agra,Uttar Pradesh,24/12/2022,Regular
CUST00839,Kiara Garcia,kiara.garcia839@gmail.com,7206075687,Ahmedabad,Gujarat,06 Apr 2022,New
CUST00840,Harper Miller,harper.miller840@yahoo.com,6319780028,Kanpur,Uttar Pradesh,22-11-2021,VIP
CUST00841,ANAYA REDDY,anaya.reddy841@yahoo.com,9138059895,Nagpur,Maharashtra,2024-05-26,VIP
CUST00842,Aryan Garcia,aryan.garcia842@mail.com,9262614360,delhi,Delhi,10/14/2024,New
CUST00843,ARJUN WILSON,arjun.wilson843@outlook.com,9110712073,PATNA,Bihar,04-11-2024,New
CUST00844,henry sharma,henry.sharma844@gmail.com,6196073310,DELHI,Delhi,26 Dec 2023,Premium
CUST00845,Henry Verma,henry.verma845@mail.com,6253045844,Mumbai,Maharashtra,16/11/2022,New
CUST00846,kabir miller,kabir.miller846@gmail.com,9608911742,BHOPAL,Madhya Pradesh,22-11-2022,New
CUST00847,ira rao,ira.rao847@yahoo.com,6116532141,CHENNAI,Tamil Nadu,2022/08/28,regular
CUST00848,vivaan wilson,vivaan.wilson848@outlook.com,6293589775,Mumbai,Maharashtra,15/08/2022,premium
CUST00849,Aadhya Kumar,aadhya.kumar849@mail.com,7873308960,Ahmedabad,Gujarat,20 Dec 2022,New
CUST00850,william verma,william.verma850@yahoo.com,9443242122,Ludhiana,Punjab,09/17/2024,Regular
CUST00851,Riya Anderson,riya.anderson851@mail.com,6236259676,nagpur,Maharashtra,10/13/2021,Regular
CUST00852,Noah Iyer,noah.iyer852@mail.com,9706186445,Delhi,Delhi,2024-03-15,New
CUST00853,Aditya Verma,aditya.verma853@mail.com,8522021469,ahmedabad,Gujarat,24/07/2022,New
CUST00854,Pari Jones,pari.jones854@gmail.com,6442052414,chennai,Tamil Nadu,14-04-2022,premium
CUST00855,Charlotte Kumar,charlotte.kumar855@gmail.com,8917506752,Delhi,Delhi,27/07/2021,Regular
CUST00856,sophia jones,sophia.jones856@yahoo.com,9654220401,Agra,Uttar Pradesh,0000-00-00,Regular
CUST00857,Reyansh Williams,reyansh.williams857@yahoo.com,6316403562,Agra,Uttar Pradesh,08 Jun 2024,regular
CUST00858,AARAV GARCIA,aarav.garcia858@outlook.com,9687995164,JAIPUR,Rajasthan,19 Aug 2023,Premium
CUST00859,Evelyn Davis,evelyn.davis859@outlook.com,9203917887,Pune,Maharashtra,2023-12-14,Regular
CUST00860,alexander garcia,alexander.garcia860@outlook.com,8915216554,surat,Gujarat,,Regular
CUST00861,Olivia Reddy,olivia.reddy861@outlook.com,6132181468,nagpur,Maharashtra,2024/09/04,regular
CUST00862,Sophia Brown,sophia.brown862@mail.com,9691134013,Mumbai,Maharashtra,2022/03/27,premium
CUST00863,Rohan Iyer,rohan.iyer863@mail.com,9260300857,Nagpur,Maharashtra,2022-03-30,Regular
CUST00864,JOHN KUMAR,john.kumar864@mail.com,8541936923,pune,Maharashtra,21-05-2023,VIP
CUST00865,HARPER KUMAR,harper.kumar865@outlook.com,6174564173,Lucknow,Uttar Pradesh,05/24/2023,regular
CUST00866,Aditya Verma,aditya.verma866@mail.com,7557919259,Delhi,Delhi,12/06/2021,Premium
CUST00867,Reyansh Singh,reyansh.singh867@yahoo.com,6173705699,Ahmedabad,Gujarat,2021/08/14,premium
CUST00868,charlotte brown,charlotte.brown868@mail.com,7435068180,DELHI,Delhi,03/02/2023,premium
CUST00869,Aadhya Rao,,9457444674,Kanpur,Uttar Pradesh,02-04-2024,premium
CUST00870,ira miller,ira.miller870@yahoo.com,6189200192,Indore,Madhya Pradesh,2024-06-14,Premium
CUST00871,Rohan Jones,rohan.jones871@yahoo.com,6549152157,Nagpur,Maharashtra,04-06-2023,premium
CUST00872,Arjun Anderson,arjun.anderson872@mail.com,6648292001,Jaipur,Rajasthan,2024/12/13,New
CUST00873,Vihaan Reddy,vihaan.reddy873_at_outlook.com,9965732675,Vadodara,Gujarat,16-08-2024,VIP
CUST00874,Pari Reddy,pari.reddy874@outlook.com,6688070959,Hyderabad,Telangana,19/04/2022,Regular
CUST00875,Michael Singh,michael.singh875@outlook.com,9529141769,Jaipur,Rajasthan,2023-01-15,premium
CUST00876,abigail miller,abigail.miller876@yahoo.com,8597785971,Indore,Madhya Pradesh,06/10/2022,New
CUST00877,Noah Singh,noah.singh877@gmail.com,66764,NAGPUR,Maharashtra,2023-09-22,New
CUST00878,aditya singh,aditya.singh878@gmail.com,7310532121,Jaipur,Rajasthan,2021-11-30,premium
CUST00879,Vihaan Rao,vihaan.rao879_at_mail.com,6252769430,vadodara,Gujarat,2023-08-12,Regular
CUST00880,diya gupta,diya.gupta880@mail.com,9186094666,Jaipur,Rajasthan,08/20/2021,Regular
CUST00881,KIARA GUPTA,kiara.gupta881@mail.com,6918113517,Indore,Madhya Pradesh,09/16/2021,premium
CUST00882,Aryan Johnson,aryan.johnson882@gmail.com,7783042112,Vadodara,Gujarat,2023-04-19,New
CUST00883,Benjamin Smith,benjamin.smith883@yahoo.com,9124302873,Chennai,Tamil Nadu,01 Aug 2024,regular
CUST00884,LIAM KUMAR,liam.kumar884@mail.com,8602455623,Indore,Madhya Pradesh,2022-01-17,VIP
CUST00885,Liam Kumar,liam.kumar885@yahoo.com,6369846581,Hyderabad,Telangana,2024-06-15,Premium
CUST00886,James Garcia,,76873,Ludhiana,Punjab,,New
CUST00887,ANAYA RAO,anaya.rao887@yahoo.com,6299955363,Hyderabad,Telangana,24 Aug 2023,regular
CUST00888,William Garcia,william.garcia888@outlook.com,6121392269,Bhopal,Madhya Pradesh,15-06-2023,Regular
CUST00889,Olivia Kumar,olivia.kumar889@gmail.com,6420180997,NAGPUR,Maharashtra,10-11-2021,Regular
CUST00890,amelia nair,amelia.nair890@yahoo.com,9765722917,Pune,Maharashtra,10 Sep 2024,Premium
CUST00891,VIVAAN SHARMA,vivaan.sharma891@outlook.com,99740,Pune,Maharashtra,09/18/2021,Premium
CUST00892,Olivia Garcia,olivia.garcia892@mail.com,8348129275,NASHIK,Maharashtra,2023-04-21,Premium
CUST00893,Kabir Nair,kabir.nair893@mail.com,8626760528,agra,Uttar Pradesh,01/11/2023,Regular
CUST00894,Kabir Kumar,kabir.kumar894@gmail.com,7966702929,Pune,Maharashtra,2024-10-09,New
CUST00895,anaya kumar,anaya.kumar895@mail.com,6272632082,nagpur,Maharashtra,2021/07/23,Premium
CUST00896,olivia nair,olivia.nair896@mail.com,9484510222,Hyderabad,Telangana,08/09/2021,VIP
CUST00897,William Nair,william.nair897@mail.com,8616635640,Delhi,Delhi,01-09-2022,Regular
CUST00898,ananya jones,ananya.jones898@outlook.com,7857715792,chennai,Tamil Nadu,09/08/2023,Regular
CUST00899,Sophia Davis,sophia.davis899@mail.com,8695927284,surat,Gujarat,2021-09-16,VIP
CUST00900,William Reddy,william.reddy900@yahoo.com,8463201016,LUDHIANA,Punjab,14 Sep 2023,VIP
CUST00901,Amelia Brown,amelia.brown901@mail.com,9956127755,vadodara,Gujarat,2023/08/29,regular
CUST00902,Olivia Iyer,olivia.iyer902_at_outlook.com,8609238563,Indore,Madhya Pradesh,03/12/2021,New
CUST00903,John Reddy,john.reddy903@outlook.com,6637076670,bhopal,Madhya Pradesh,04/03/2024,premium
CUST00904,Evelyn Sharma,evelyn.sharma904@yahoo.com,8294269615,nagpur,Maharashtra,2022/03/08,VIP
CUST00905,ARYAN MILLER,aryan.miller905@gmail.com,6991347764,Patna,Bihar,11/04/2023,regular
CUST00906,Riya Singh,riya.singh906@outlook.com,6719682691,Delhi,Delhi,,Premium
CUST00907,evelyn singh,evelyn.singh907@yahoo.com,6710571363,Mumbai,Maharashtra,12/27/2021,New
CUST00908,Vihaan Brown,vihaan.brown908@gmail.com,9331968644,Bengaluru,Karnataka,12/09/2023,Premium
CUST00909,aditya rao,aditya.rao909@yahoo.com,6297074370,JAIPUR,Rajasthan,07/26/2023,regular
CUST00910,Pari Jones,pari.jones910@mail.com,9679746759,Agra,Uttar Pradesh,20/08/2021,premium
CUST00911,Michael Anderson,michael.anderson911@outlook.com,8236602037,CHENNAI,Tamil Nadu,21 Mar 2024,Premium
CUST00912,William Iyer,william.iyer912@outlook.com,6163887297,Indore,Madhya Pradesh,22-10-2023,VIP
CUST00913,Saanvi Garcia,saanvi.garcia913@outlook.com,6384299976,AGRA,Uttar Pradesh,20 Jul 2023,Regular
CUST00914,Aarav Brown,aarav.brown914@mail.com,92821,Mumbai,Maharashtra,12 Jan 2022,regular
CUST00915,Ananya Patel,ananya.patel915@outlook.com,87653,Jaipur,Rajasthan,29-06-2024,regular
CUST00916,Michael Reddy,,8362721556,Delhi,Delhi,26/04/2022,New
CUST00917,Vihaan Gupta,vihaan.gupta917@yahoo.com,9342704655,agra,Uttar Pradesh,12-04-2024,regular
CUST00918,Kiara Reddy,kiara.reddy918@yahoo.com,8735757701,Mumbai,Maharashtra,19 Jun 2024,Regular
CUST00919,Aadhya Gupta,aadhya.gupta919@yahoo.com,7197136989,Agra,Uttar Pradesh,10/10/2021,VIP
CUST00920,Abigail Anderson,abigail.anderson920@yahoo.com,8633019373,Bengaluru,Karnataka,25-02-2024,VIP
CUST00921,Aarav Williams,aarav.williams921@yahoo.com,9708121424,BHOPAL,Madhya Pradesh,16-05-2023,regular
CUST00922,benjamin patel,benjamin.patel922@yahoo.com,6237555813,Jaipur,Rajasthan,2024/02/09,New
CUST00923,ANAYA WILLIAMS,anaya.williams923@gmail.com,9766590553,Bhopal,Madhya Pradesh,2022/09/26,Regular
CUST00924,lucas nair,lucas.nair924@outlook.com,8278472364,Bengaluru,Karnataka,2023-06-09,premium
CUST00925,Pari Reddy,pari.reddy925@yahoo.com,7355295845,Delhi,Delhi,2024/05/09,VIP
CUST00926,Mia Anderson,mia.anderson926@yahoo.com,8264631914,vadodara,Gujarat,2024/07/05,Premium
CUST00927,Lucas Gupta,lucas.gupta927@yahoo.com,7928564446,Patna,Bihar,07 Sep 2021,VIP
CUST00928,Myra Iyer,myra.iyer928@yahoo.com,6480416158,Nashik,Maharashtra,2021/10/10,Premium
CUST00929,Isabella Nair,isabella.nair929@gmail.com,7889458889,Kolkata,West Bengal,06/27/2024,Premium
CUST00930,Liam Kumar,,7527240351,agra,Uttar Pradesh,2022/05/25,New
CUST00931,Olivia Patel,olivia.patel931@mail.com,84761,Hyderabad,Telangana,2024/06/11,Premium
CUST00932,ira jones,ira.jones932@yahoo.com,7293574280,bengaluru,Karnataka,28/05/2022,Premium
CUST00933,Ananya Anderson,ananya.anderson933@gmail.com,6523504172,BHOPAL,Madhya Pradesh,04/09/2021,Premium
CUST00934,vihaan wilson,vihaan.wilson934@outlook.com,6997598639,DELHI,Delhi,2021/07/23,premium
CUST00935,Henry Iyer,henry.iyer935@yahoo.com,8244384755,bhopal,Madhya Pradesh,2021-12-23,Regular
CUST00936,James Sharma,james.sharma936@yahoo.com,7529469086,Hyderabad,Telangana,19-10-2023,Regular
CUST00937,Myra Davis,myra.davis937_at_outlook.com,8597173429,Jaipur,Rajasthan,30-10-2023,Regular
CUST00938,Kabir Reddy,kabir.reddy938@yahoo.com,7403991650,Indore,Madhya Pradesh,02/18/2023,Premium
CUST00939,Riya Gupta,riya.gupta939@yahoo.com,6661952340,indore,Madhya Pradesh,18/08/2021,VIP
CUST00940,Ananya Anderson,ananya.anderson940@gmail.com,9608289487,LUCKNOW,Uttar Pradesh,2022-01-05,regular
CUST00941,charlotte anderson,charlotte.anderson941@yahoo.com,9281140337,pune,Maharashtra,12/13/2023,New
CUST00942,Pari Johnson,pari.johnson942@mail.com,6714824024,agra,Uttar Pradesh,07 Jul 2021,Premium
CUST00943,Aadhya Williams,aadhya.williams943@yahoo.com,7838964597,kolkata,West Bengal,,VIP
CUST00944,Aarav Anderson,aarav.anderson944@outlook.com,7617230874,jaipur,Rajasthan,07/06/2022,Regular
CUST00945,Alexander Sharma,alexander.sharma945@gmail.com,9381159559,Delhi,Delhi,2023/03/01,VIP
CUST00946,Aadhya Jones,aadhya.jones946@outlook.com,6881406427,Ludhiana,Punjab,12/26/2023,premium
CUST00947,james jones,james.jones947@yahoo.com,8533933602,Bengaluru,Karnataka,08 Jul 2023,premium
CUST00948,Amelia Anderson,amelia.anderson948@gmail.com,6847085890,HYDERABAD,Telangana,07/07/2021,regular
CUST00949,harper williams,harper.williams949@gmail.com,6908418894,delhi,Delhi,07/05/2023,Regular
CUST00950,Evelyn Davis,evelyn.davis950@yahoo.com,6814974518,Nagpur,Maharashtra,04 Feb 2024,premium
CUST00951,Ananya Singh,ananya.singh951@mail.com,7933332667,Mumbai,Maharashtra,28/04/2024,VIP
CUST00952,Emma Anderson,emma.anderson952@gmail.com,6319419497,Chennai,Tamil Nadu,05/04/2024,premium
CUST00953,vivaan smith,vivaan.smith953@outlook.com,7713108415,Hyderabad,Telangana,01/03/2024,Regular
CUST00954,Arjun Garcia,arjun.garcia954@mail.com,6519569086,Delhi,Delhi,2021/11/04,VIP
CUST00955,Aarav Miller,aarav.miller955@yahoo.com,8923278321,Nashik,Maharashtra,26-11-2021,premium
CUST00956,Harper Kumar,harper.kumar956@mail.com,8929589050,Bhopal,Madhya Pradesh,17 Dec 2021,VIP
CUST00957,Ira Anderson,ira.anderson957@outlook.com,8132434551,agra,Uttar Pradesh,2024-06-15,premium
CUST00958,Kiara Smith,kiara.smith958@outlook.com,9221284215,Agra,Uttar Pradesh,16 Nov 2024,VIP
CUST00959,Abigail Smith,abigail.smith959@mail.com,8391579290,Vadodara,Gujarat,2023/01/05,premium
CUST00960,ARJUN JONES,arjun.jones960@gmail.com,9514855862,Jaipur,Rajasthan,12 Sep 2022,premium
CUST00961,Vihaan Gupta,vihaan.gupta961@mail.com,8802279710,Lucknow,Uttar Pradesh,2021-06-18,Premium
CUST00962,Alexander Kumar,alexander.kumar962@mail.com,93185,Ludhiana,Punjab,2021-08-18,regular
CUST00963,Sophia Kumar,sophia.kumar963@yahoo.com,8799308705,Surat,Gujarat,2023/02/17,regular
CUST00964,MIA KUMAR,mia.kumar964@outlook.com,6777902474,Bengaluru,Karnataka,2023/10/21,regular
CUST00965,Alexander Williams,alexander.williams965@gmail.com,62421,delhi,Delhi,2024-06-05,Premium
CUST00966,Ananya Brown,ananya.brown966@yahoo.com,7389183905,Nashik,Maharashtra,05/08/2023,premium
CUST00967,Charlotte Sharma,charlotte.sharma967@gmail.com,7970274679,Ahmedabad,Gujarat,02/15/2023,Premium
CUST00968,Evelyn Patel,evelyn.patel968@yahoo.com,8109615290,Jaipur,Rajasthan,2024/08/25,VIP
CUST00969,Abigail Williams,abigail.williams969_at_mail.com,7360149444,ahmedabad,Gujarat,03/08/2023,Regular
CUST00970,reyansh garcia,reyansh.garcia970@mail.com,78297,Pune,Maharashtra,12 Sep 2023,premium
CUST00971,Kabir Johnson,kabir.johnson971@mail.com,7396830806,Nagpur,Maharashtra,04-10-2023,Premium
CUST00972,William Williams,william.williams972@mail.com,6404624645,Ahmedabad,Gujarat,2023/07/18,regular
CUST00973,ROHAN VERMA,rohan.verma973@outlook.com,8278010892,Agra,Uttar Pradesh,2024-12-05,Premium
CUST00974,Henry Wilson,henry.wilson974@mail.com,6755275455,Nashik,Maharashtra,2022/04/27,regular
CUST00975,Myra Smith,myra.smith975@mail.com,6862480777,Nashik,Maharashtra,03/07/2022,New
CUST00976,Anaya Davis,anaya.davis976@yahoo.com,7752844381,Hyderabad,Telangana,16 Apr 2023,Premium
CUST00977,Rohan Williams,rohan.williams977@gmail.com,74194,Bhopal,Madhya Pradesh,2023-09-09,Premium
CUST00978,Ira Iyer,ira.iyer978@gmail.com,9333782758,Mumbai,Maharashtra,07-08-2022,regular
CUST00979,Lucas Miller,lucas.miller979@yahoo.com,6791948631,Nagpur,Maharashtra,2023/02/13,Premium
CUST00980,Aarav Smith,aarav.smith980@yahoo.com,7992978282,Agra,Uttar Pradesh,2024-03-03,VIP
CUST00981,ANAYA GARCIA,anaya.garcia981@mail.com,9796896016,KANPUR,Uttar Pradesh,09/16/2023,regular
CUST00982,Kiara Sharma,kiara.sharma982@mail.com,6714041754,Patna,Bihar,24/04/2022,premium
CUST00983,Aarav Rao,aarav.rao983@yahoo.com,7229403043,Lucknow,Uttar Pradesh,19 Sep 2022,Regular
CUST00984,sophia gupta,sophia.gupta984@gmail.com,8789732649,PATNA,Bihar,01 Jun 2023,Regular
CUST00985,Ananya Verma,ananya.verma985@yahoo.com,9734351958,patna,Bihar,2022/07/16,Premium
CUST00986,Riya Rao,riya.rao986@outlook.com,9937229493,Indore,Madhya Pradesh,06-08-2021,VIP
CUST00987,John Patel,john.patel987@gmail.com,7181836665,Nashik,Maharashtra,2021/11/08,VIP
CUST00988,Michael Patel,michael.patel988@mail.com,8677901703,Bengaluru,Karnataka,2022-12-15,New
CUST00989,arjun garcia,arjun.garcia989@outlook.com,9882671628,Hyderabad,Telangana,03 Apr 2023,VIP
CUST00990,Olivia Iyer,olivia.iyer990@gmail.com,6981819236,Delhi,Delhi,2023-01-19,Regular
CUST00991,JOHN RAO,john.rao991@gmail.com,8748762306,Ludhiana,Punjab,2022/04/17,Premium
CUST00992,William Williams,william.williams992@yahoo.com,9356138322,ludhiana,Punjab,2024/07/24,VIP
CUST00993,Benjamin Garcia,benjamin.garcia993@gmail.com,7197219827,Nagpur,Maharashtra,14-01-2023,premium
CUST00994,Emma Brown,emma.brown994@yahoo.com,6422102201,Mumbai,Maharashtra,04/10/2024,regular
CUST00995,Noah Anderson,noah.anderson995@mail.com,8144051620,Hyderabad,Telangana,2024/10/24,premium
CUST00996,Riya Iyer,riya.iyer996@gmail.com,8970543563,Hyderabad,Telangana,29 Dec 2021,New
CUST00997,SAANVI WILLIAMS,saanvi.williams997@yahoo.com,6134733994,bhopal,Madhya Pradesh,05/06/2022,Premium
CUST00998,Liam Miller,liam.miller998@outlook.com,6879976256,Delhi,Delhi,2024/06/08,premium
CUST00999,Reyansh Jones,reyansh.jones999@gmail.com,7882966815,Jaipur,Rajasthan,25-10-2023,VIP
CUST01000,Ananya Iyer,ananya.iyer1000@outlook.com,9490092645,Mumbai,Maharashtra,,premium
CUST01001,OLIVIA MILLER,olivia.miller1001_at_mail.com,6151989168,Delhi,Delhi,08/29/2023,Premium
CUST01002,Olivia Verma,olivia.verma1002@yahoo.com,9794688785,JAIPUR,Rajasthan,01-07-2021,regular
CUST01003,Evelyn Gupta,evelyn.gupta1003@yahoo.com,9253719450,Mumbai,Maharashtra,11/11/2024,New
CUST01004,HENRY JONES,henry.jones1004@outlook.com,85213,Nashik,Maharashtra,06/11/2024,VIP
CUST01005,Charlotte Rao,charlotte.rao1005@outlook.com,8147077936,Ludhiana,Punjab,04-11-2024,New
CUST01006,Kabir Garcia,kabir.garcia1006@gmail.com,6473512658,Vadodara,Gujarat,21/08/2022,New
CUST01007,Sophia Singh,sophia.singh1007@yahoo.com,8232443879,Patna,Bihar,30-09-2021,New
CUST01008,james gupta,james.gupta1008@mail.com,6132731256,Surat,Gujarat,,premium
CUST01009,diya johnson,diya.johnson1009@gmail.com,9502072103,Mumbai,Maharashtra,2021-10-31,VIP
CUST01010,ishaan smith,ishaan.smith1010@mail.com,9500956334,Jaipur,Rajasthan,23/02/2023,Regular
CUST01011,ANAYA VERMA,anaya.verma1011@mail.com,7329559732,Lucknow,Uttar Pradesh,2024-01-28,regular
CUST01012,Reyansh Davis,reyansh.davis1012@mail.com,7871488705,KOLKATA,West Bengal,11-11-2023,New
CUST01013,John Anderson,john.anderson1013@mail.com,6525188957,Mumbai,Maharashtra,21-07-2023,premium
CUST01014,LIAM MILLER,liam.miller1014@gmail.com,9965125276,Agra,Uttar Pradesh,06/30/2022,Premium
CUST01015,DIYA KUMAR,diya.kumar1015@mail.com,8707225056,Nagpur,Maharashtra,28-01-2023,New
CUST01016,Saanvi Williams,saanvi.williams1016@mail.com,8377333882,patna,Bihar,2022/10/12,regular
CUST01017,Emma Kumar,emma.kumar1017@gmail.com,9717650280,mumbai,Maharashtra,26-10-2021,VIP
CUST01018,Riya Kumar,riya.kumar1018@yahoo.com,9749237951,Ahmedabad,Gujarat,11/11/2024,Regular
CUST01019,emma nair,emma.nair1019@outlook.com,6447470858,Nashik,Maharashtra,0000-00-00,Regular
CUST01020,Sophia Rao,sophia.rao1020@yahoo.com,6771536189,Ahmedabad,Gujarat,04-03-2022,VIP
CUST01021,James Davis,james.davis1021@gmail.com,7883953139,BHOPAL,Madhya Pradesh,06/22/2021,Premium
CUST01022,Emma Anderson,emma.anderson1022@outlook.com,7245247252,Bengaluru,Karnataka,2021/08/30,premium
CUST01023,Charlotte Nair,charlotte.nair1023@gmail.com,6939130551,VADODARA,Gujarat,23 May 2022,VIP
CUST01024,Isabella Singh,isabella.singh1024@gmail.com,6304988340,Kanpur,Uttar Pradesh,19/09/2023,New
CUST01025,Pari Smith,pari.smith1025@mail.com,8730366539,Agra,Uttar Pradesh,03/03/2024,premium
CUST01026,ALEXANDER PATEL,alexander.patel1026@outlook.com,6136917065,nashik,Maharashtra,2023/03/22,New
CUST01027,Myra Kumar,myra.kumar1027@mail.com,8236965418,PUNE,Maharashtra,2024-10-06,New
CUST01028,HARPER WILSON,harper.wilson1028@gmail.com,7761336752,Lucknow,Uttar Pradesh,24-09-2022,New
CUST01029,Isabella Singh,isabella.singh1029@yahoo.com,7634409591,Chennai,Tamil Nadu,2023/05/14,VIP
CUST01030,Noah Davis,noah.davis1030@yahoo.com,6664637437,Patna,Bihar,11/10/2021,New
CUST01031,Amelia Verma,amelia.verma1031@mail.com,8849372868,Agra,Uttar Pradesh,12 Jul 2023,VIP
CUST01032,pari williams,pari.williams1032@gmail.com,6837336933,Jaipur,Rajasthan,19-08-2024,VIP
CUST01033,Abigail Jones,abigail.jones1033@yahoo.com,9683045299,AHMEDABAD,Gujarat,2023-10-17,Regular
CUST01034,Michael Smith,michael.smith1034@mail.com,7454918890,Vadodara,Gujarat,09/09/2023,New
CUST01035,Ananya Nair,,9514909754,Lucknow,Uttar Pradesh,17/05/2024,VIP
CUST01036,MICHAEL PATEL,michael.patel1036@mail.com,9265255578,Jaipur,Rajasthan,24 Feb 2023,New
CUST01037,Riya Sharma,riya.sharma1037@yahoo.com,8668314010,ludhiana,Punjab,04/11/2023,Regular
CUST01038,,aditya.patel1038_at_mail.com,8148943157,Surat,Gujarat,12/15/2022,Premium
CUST01039,aditya smith,aditya.smith1039@gmail.com,8132638306,Jaipur,Rajasthan,03 Nov 2021,Premium
CUST01040,arjun anderson,arjun.anderson1040@mail.com,6244879413,lucknow,Uttar Pradesh,04/24/2022,regular
CUST01041,Amelia Sharma,amelia.sharma1041@outlook.com,8480037473,Nagpur,Maharashtra,2024-03-18,New
CUST01042,Charlotte Iyer,charlotte.iyer1042@outlook.com,9250705917,indore,Madhya Pradesh,17-06-2021,Premium
CUST01043,aditya iyer,aditya.iyer1043@gmail.com,8456614938,Nashik,Maharashtra,2021-07-20,VIP
CUST01044,Henry Jones,henry.jones1044@mail.com,6489311064,Hyderabad,Telangana,09/03/2023,Regular
CUST01045,Amelia Singh,amelia.singh1045_at_yahoo.com,8751088958,Vadodara,Gujarat,2023-09-04,premium
CUST01046,Saanvi Iyer,saanvi.iyer1046@yahoo.com,9891163757,ludhiana,Punjab,07/26/2023,premium
CUST01047,liam rao,liam.rao1047@yahoo.com,88513,Nagpur,Maharashtra,2022/06/22,regular
CUST01048,Reyansh Davis,reyansh.davis1048@gmail.com,7936379822,Nagpur,Maharashtra,25 Jun 2023,New
CUST01049,Vivaan Brown,vivaan.brown1049@yahoo.com,8336291485,Hyderabad,Telangana,24-12-2023,regular
CUST01050,Aadhya Miller,aadhya.miller1050@gmail.com,6439687249,Ludhiana,Punjab,21 Dec 2024,premium
CUST01051,Mia Jones,mia.jones1051@outlook.com,6551743874,Lucknow,Uttar Pradesh,03 Aug 2022,regular
CUST01052,Aditya Jones,aditya.jones1052@yahoo.com,9444032888,Delhi,Delhi,31 Jul 2024,regular
CUST01053,WILLIAM SINGH,william.singh1053@mail.com,7691088471,indore,Madhya Pradesh,2022-08-09,regular
CUST01054,Sophia Patel,sophia.patel1054@yahoo.com,9293710228,Nashik,Maharashtra,11 Aug 2021,premium
CUST01055,Lucas Gupta,lucas.gupta1055@yahoo.com,6804013071,HYDERABAD,Telangana,,Premium
CUST01056,SOPHIA WILLIAMS,sophia.williams1056@gmail.com,8335628419,Ahmedabad,Gujarat,04-10-2024,regular
CUST01057,Noah Brown,noah.brown1057@outlook.com,9360500943,Delhi,Delhi,10/24/2023,VIP
CUST01058,Aadhya Reddy,aadhya.reddy1058@outlook.com,6574872187,hyderabad,Telangana,30/05/2022,premium
CUST01059,Aditya Smith,aditya.smith1059@mail.com,8791175622,Patna,Bihar,01 Dec 2024,regular
CUST01060,Pari Nair,pari.nair1060@gmail.com,8212389230,Surat,Gujarat,2021/10/23,New
CUST01061,Ishaan Kumar,ishaan.kumar1061@yahoo.com,9313086324,Bhopal,Madhya Pradesh,03 Feb 2022,New
CUST01062,Aditya Wilson,aditya.wilson1062@mail.com,6677379805,Ahmedabad,Gujarat,2022/10/03,premium
CUST01063,Isabella Davis,isabella.davis1063@outlook.com,7126564074,Pune,Maharashtra,2023-10-29,premium
CUST01064,Myra Kumar,myra.kumar1064@outlook.com,8227802344,patna,Bihar,2023/07/04,VIP
CUST01065,Benjamin Iyer,benjamin.iyer1065@gmail.com,88630,Agra,Uttar Pradesh,2021/12/13,New
CUST01066,Saanvi Iyer,saanvi.iyer1066@yahoo.com,7174058729,Jaipur,Rajasthan,2024-06-19,Premium
CUST01067,Myra Rao,myra.rao1067@outlook.com,7517445276,Hyderabad,Telangana,23/05/2023,premium
CUST01068,Charlotte Nair,charlotte.nair1068@gmail.com,7114096002,Chennai,Tamil Nadu,19 Nov 2021,regular
CUST01069,Riya Gupta,riya.gupta1069@yahoo.com,7816879784,delhi,Delhi,10/06/2024,New
CUST01070,Riya Sharma,riya.sharma1070@yahoo.com,8675541228,Pune,Maharashtra,2022/08/01,Regular
CUST01071,Vivaan Wilson,vivaan.wilson1071@mail.com,8546264411,Bhopal,Madhya Pradesh,02/22/2022,regular
CUST01072,ARJUN SHARMA,arjun.sharma1072@yahoo.com,8398376580,Delhi,Delhi,17-03-2022,Premium
CUST01073,Evelyn Garcia,evelyn.garcia1073@gmail.com,6554597289,INDORE,Madhya Pradesh,03/10/2024,New
CUST01074,abigail patel,abigail.patel1074@outlook.com,6229168599,Mumbai,Maharashtra,29/11/2024,Premium
CUST01075,Ira Williams,ira.williams1075@outlook.com,6973549236,LUDHIANA,Punjab,09-08-2023,Premium
CUST01076,Evelyn Johnson,evelyn.johnson1076@mail.com,7725613347,Chennai,Tamil Nadu,06/03/2024,premium
CUST01077,Ira Anderson,ira.anderson1077@gmail.com,7102663028,Lucknow,Uttar Pradesh,19/05/2023,Regular
CUST01078,ANAYA GARCIA,anaya.garcia1078@mail.com,87148,Patna,Bihar,21/10/2022,Premium
CUST01079,Reyansh Johnson,reyansh.johnson1079@mail.com,8483968051,Jaipur,Rajasthan,01/10/2024,VIP
CUST01080,Rohan Sharma,rohan.sharma1080_at_outlook.com,8573318556,INDORE,Madhya Pradesh,02 Nov 2023,Regular
CUST01081,Noah Verma,noah.verma1081@gmail.com,6361143429,Kolkata,West Bengal,19/09/2024,Regular
CUST01082,LIAM GARCIA,liam.garcia1082@mail.com,9621715301,Bengaluru,Karnataka,07/12/2024,VIP
CUST01083,John Brown,john.brown1083@outlook.com,9536525602,Mumbai,Maharashtra,03-04-2022,VIP
CUST01084,arjun johnson,arjun.johnson1084@outlook.com,95340,Chennai,Tamil Nadu,19/07/2022,Regular
CUST01085,Emma Sharma,emma.sharma1085@outlook.com,7895535798,Surat,Gujarat,2022-04-25,Regular
CUST01086,ANAYA SMITH,anaya.smith1086_at_yahoo.com,6555712014,Kolkata,West Bengal,13/05/2024,Premium
CUST01087,John Iyer,john.iyer1087@yahoo.com,7505638961,Mumbai,Maharashtra,2021-12-27,premium
CUST01088,Myra Nair,myra.nair1088@outlook.com,8344625145,Kanpur,Uttar Pradesh,21-06-2022,regular
CUST01089,Alexander Nair,alexander.nair1089@outlook.com,7457831517,Surat,Gujarat,30/06/2022,regular
CUST01090,isabella sharma,isabella.sharma1090@yahoo.com,6307582943,Delhi,Delhi,2024/09/21,New
CUST01091,kiara nair,kiara.nair1091@outlook.com,8482479056,Bengaluru,Karnataka,05/01/2023,premium
CUST01092,Emma Wilson,emma.wilson1092@gmail.com,6269335584,Pune,Maharashtra,26/04/2024,Regular
CUST01093,Liam Johnson,liam.johnson1093@yahoo.com,7270997635,Bhopal,Madhya Pradesh,21-12-2022,VIP
CUST01094,Harper Wilson,harper.wilson1094@mail.com,7903091954,Surat,Gujarat,03 Aug 2022,premium
CUST01095,ishaan smith,ishaan.smith1095@mail.com,6311007145,Ludhiana,Punjab,17/09/2022,New
CUST01096,Emma Davis,emma.davis1096@mail.com,6942664268,Ludhiana,Punjab,12-04-2022,New
CUST01097,Lucas Patel,lucas.patel1097@mail.com,9208991359,VADODARA,Gujarat,2022-07-22,premium
CUST01098,Myra Miller,myra.miller1098@yahoo.com,8932166594,Mumbai,Maharashtra,12/27/2021,New
CUST01099,Vivaan Garcia,vivaan.garcia1099@yahoo.com,8226513239,Hyderabad,Telangana,20/01/2023,VIP
CUST01100,benjamin williams,benjamin.williams1100@yahoo.com,8903873197,Chennai,Tamil Nadu,19-08-2023,premium
CUST01101,Diya Anderson,diya.anderson1101@gmail.com,7112184992,AGRA,Uttar Pradesh,2022/12/04,regular
CUST01102,James Williams,james.williams1102@outlook.com,6584792101,mumbai,Maharashtra,06/10/2023,premium
CUST01103,Kabir Verma,kabir.verma1103@gmail.com,7943174275,mumbai,Maharashtra,02 Feb 2022,VIP
CUST01104,Evelyn Verma,evelyn.verma1104@gmail.com,7331331418,Indore,Madhya Pradesh,27/02/2024,premium
CUST01105,Ishaan Rao,ishaan.rao1105@gmail.com,7195145232,BENGALURU,Karnataka,21/11/2023,VIP
CUST01106,reyansh gupta,reyansh.gupta1106_at_mail.com,99285,Surat,Gujarat,05/11/2022,Regular
CUST01107,Kabir Williams,kabir.williams1107@gmail.com,9364621313,Hyderabad,Telangana,30/07/2022,New
CUST01108,,anaya.kumar1108@gmail.com,6165909932,Agra,Uttar Pradesh,2021-12-28,VIP
CUST01109,Lucas Williams,lucas.williams1109@gmail.com,9853648746,Patna,Bihar,2022-02-07,Premium
CUST01110,IRA SHARMA,ira.sharma1110@yahoo.com,9273486582,VADODARA,Gujarat,26-07-2024,premium
CUST01111,Mia Rao,mia.rao1111@outlook.com,9929580506,Kolkata,West Bengal,11/25/2023,VIP
CUST01112,Isabella Reddy,isabella.reddy1112@gmail.com,9140275218,Patna,Bihar,02/22/2023,regular
CUST01113,Henry Rao,henry.rao1113@yahoo.com,7404898529,bengaluru,Karnataka,2022-10-14,Regular
CUST01114,Isabella Singh,isabella.singh1114@mail.com,7461996126,Lucknow,Uttar Pradesh,,premium
CUST01115,Olivia Rao,olivia.rao1115@mail.com,6726796234,Nashik,Maharashtra,01/01/2023,regular
CUST01116,Riya Davis,riya.davis1116@yahoo.com,9734417214,Lucknow,Uttar Pradesh,11/18/2023,VIP
CUST01117,Olivia Davis,olivia.davis1117@outlook.com,8581309963,BENGALURU,Karnataka,2024/01/04,Premium
CUST01118,Olivia Sharma,,98122,SURAT,Gujarat,12/29/2022,Regular
CUST01119,James Singh,james.singh1119@outlook.com,6935402644,Mumbai,Maharashtra,22 Jun 2021,premium
CUST01120,Pari Gupta,pari.gupta1120@mail.com,6537704234,Vadodara,Gujarat,28-01-2022,Regular
CUST01121,Aryan Garcia,aryan.garcia1121@yahoo.com,7114142209,Patna,Bihar,15 Apr 2023,Premium
CUST01122,Ira Verma,ira.verma1122@gmail.com,7585729796,HYDERABAD,Telangana,2022-09-25,New
CUST01123,Michael Sharma,michael.sharma1123@outlook.com,6256357107,VADODARA,Gujarat,10/09/2024,Premium
CUST01124,OLIVIA MILLER,olivia.miller1124@gmail.com,8131364696,Ludhiana,Punjab,20 Jul 2021,Regular
CUST01125,Emma Iyer,emma.iyer1125@outlook.com,8944651846,Hyderabad,Telangana,12/04/2022,New
CUST01126,Rohan Garcia,rohan.garcia1126@gmail.com,8124237378,Kanpur,Uttar Pradesh,2024/03/30,regular
CUST01127,Mia Garcia,mia.garcia1127@gmail.com,6369059310,Pune,Maharashtra,17/09/2023,regular
CUST01128,MICHAEL MILLER,michael.miller1128@outlook.com,9684900730,Chennai,Tamil Nadu,09/06/2024,premium
CUST01129,Vihaan Rao,vihaan.rao1129@outlook.com,6115862045,delhi,Delhi,08/19/2023,New
CUST01130,Olivia Jones,olivia.jones1130@gmail.com,6544931228,pune,Maharashtra,19 Oct 2023,premium
CUST01131,michael iyer,michael.iyer1131@gmail.com,6761387608,Nashik,Maharashtra,09/07/2023,New
CUST01132,Ananya Smith,ananya.smith1132@gmail.com,8898806620,JAIPUR,Rajasthan,2022-06-06,Premium
CUST01133,Mia Kumar,mia.kumar1133@outlook.com,8527693141,lucknow,Uttar Pradesh,13 Jun 2024,New
CUST01134,William Singh,william.singh1134@mail.com,8398017489,bhopal,Madhya Pradesh,2021/10/18,Premium
CUST01135,emma anderson,emma.anderson1135@outlook.com,9445915066,ahmedabad,Gujarat,25-05-2024,VIP
CUST01136,SOPHIA SINGH,sophia.singh1136@gmail.com,7268549881,Ahmedabad,Gujarat,08-08-2021,New
CUST01137,Michael Iyer,michael.iyer1137@yahoo.com,8609854554,Mumbai,Maharashtra,2023-09-04,Premium
CUST01138,Kabir Iyer,kabir.iyer1138@yahoo.com,7108149630,DELHI,Delhi,19 Oct 2023,Regular
CUST01139,KIARA REDDY,kiara.reddy1139@outlook.com,6191002437,Mumbai,Maharashtra,2021/10/12,premium
CUST01140,Ishaan Williams,ishaan.williams1140@yahoo.com,7851634174,Vadodara,Gujarat,2023/07/09,New
CUST01141,abigail kumar,abigail.kumar1141_at_yahoo.com,7880563393,Kolkata,West Bengal,2022/03/21,premium
CUST01142,Mia Garcia,mia.garcia1142@gmail.com,6888037262,PUNE,Maharashtra,11/12/2023,Regular
CUST01143,Michael Reddy,michael.reddy1143@gmail.com,6559462927,Indore,Madhya Pradesh,2023/05/12,Regular
CUST01144,JAMES PATEL,james.patel1144@yahoo.com,9981935980,Lucknow,Uttar Pradesh,2024/02/16,regular
CUST01145,Aryan Kumar,aryan.kumar1145@yahoo.com,6772230652,Bhopal,Madhya Pradesh,08/03/2021,VIP
CUST01146,Kiara Kumar,kiara.kumar1146@yahoo.com,7728969739,ahmedabad,Gujarat,30 Jul 2023,premium
CUST01147,Aadhya Miller,aadhya.miller1147@gmail.com,73067,Mumbai,Maharashtra,29-10-2022,VIP
CUST01148,Lucas Wilson,lucas.wilson1148@yahoo.com,9322456840,Indore,Madhya Pradesh,05/21/2023,regular
CUST01149,Myra Kumar,myra.kumar1149@mail.com,7210897670,Ludhiana,Punjab,2022-08-02,premium
CUST01150,Emma Reddy,emma.reddy1150@yahoo.com,7816506780,Nagpur,Maharashtra,08-06-2023,Premium
CUST01151,Aadhya Johnson,aadhya.johnson1151@gmail.com,7439219391,Pune,Maharashtra,11/06/2022,VIP
CUST01152,william anderson,william.anderson1152@mail.com,6649014160,Indore,Madhya Pradesh,08/05/2022,Premium
CUST01153,Kabir Sharma,kabir.sharma1153@outlook.com,9543751428,Agra,Uttar Pradesh,2023-10-20,New
CUST01154,VIHAAN BROWN,vihaan.brown1154@yahoo.com,6292546728,Pune,Maharashtra,31-03-2023,premium
CUST01155,Pari Kumar,pari.kumar1155@gmail.com,6940289501,mumbai,Maharashtra,07/01/2022,Premium
CUST01156,Aarav Rao,aarav.rao1156@outlook.com,6247038561,Vadodara,Gujarat,01-02-2023,premium
CUST01157,ABIGAIL DAVIS,abigail.davis1157@yahoo.com,8931260068,Bhopal,Madhya Pradesh,2022/04/30,premium
CUST01158,Arjun Williams,arjun.williams1158@mail.com,9524583449,PUNE,Maharashtra,2022-03-29,regular
CUST01159,Aryan Sharma,aryan.sharma1159@gmail.com,7640499929,Ahmedabad,Gujarat,18-08-2023,New
CUST01160,Myra Brown,myra.brown1160@mail.com,8842318351,NAGPUR,Maharashtra,01-04-2024,premium
CUST01161,Emma Nair,emma.nair1161@outlook.com,8125798620,Kanpur,Uttar Pradesh,2023-10-21,New
CUST01162,Aryan Nair,aryan.nair1162@outlook.com,85017,mumbai,Maharashtra,2021-11-20,Regular
CUST01163,AMELIA VERMA,amelia.verma1163@gmail.com,9406919711,bengaluru,Karnataka,18/10/2021,New
CUST01164,Noah Smith,noah.smith1164@gmail.com,8660966411,Hyderabad,Telangana,12/29/2022,regular
CUST01165,Noah Verma,noah.verma1165@yahoo.com,9533057132,Lucknow,Uttar Pradesh,08/05/2023,New
CUST01166,Aditya Patel,aditya.patel1166@gmail.com,9534649019,Vadodara,Gujarat,2024-08-02,premium
CUST01167,Ishaan Johnson,ishaan.johnson1167@mail.com,6221142507,Agra,Uttar Pradesh,2024/02/02,VIP
CUST01168,diya singh,diya.singh1168@mail.com,7130154837,Ludhiana,Punjab,13 Aug 2022,New
CUST01169,Michael Brown,michael.brown1169@outlook.com,7365121603,Pune,Maharashtra,03 Nov 2022,regular
CUST01170,Saanvi Williams,saanvi.williams1170@mail.com,6459865737,Bengaluru,Karnataka,04/22/2023,regular
CUST01171,Alexander Reddy,alexander.reddy1171@gmail.com,9262806001,Lucknow,Uttar Pradesh,08/07/2022,Premium
CUST01172,ISABELLA WILSON,isabella.wilson1172@yahoo.com,7970811194,Delhi,Delhi,18/05/2022,New
CUST01173,Kiara Sharma,kiara.sharma1173@mail.com,9674635345,Patna,Bihar,26-02-2022,premium
CUST01174,Saanvi Miller,saanvi.miller1174@mail.com,9229783792,Vadodara,Gujarat,02/04/2023,Premium
CUST01175,William Reddy,william.reddy1175@gmail.com,6189060646,DELHI,Delhi,31/03/2022,premium
CUST01176,Charlotte Reddy,charlotte.reddy1176@gmail.com,6604283985,Nashik,Maharashtra,11/06/2023,Regular
CUST01177,Olivia Anderson,olivia.anderson1177@mail.com,6536711889,Nashik,Maharashtra,14-11-2024,premium
CUST01178,Pari Sharma,pari.sharma1178@gmail.com,8984892178,ahmedabad,Gujarat,08/01/2023,premium
CUST01179,Ananya Kumar,ananya.kumar1179@gmail.com,8769764671,Bhopal,Madhya Pradesh,28-07-2021,New
CUST01180,Kabir Smith,kabir.smith1180@mail.com,94529,Hyderabad,Telangana,12-09-2021,Regular
CUST01181,Vivaan Davis,vivaan.davis1181@gmail.com,8818789234,Bhopal,Madhya Pradesh,04-05-2023,regular
CUST01182,RIYA DAVIS,riya.davis1182@yahoo.com,8215746097,nagpur,Maharashtra,06-02-2024,regular
CUST01183,Noah Brown,noah.brown1183@mail.com,8972214492,Kolkata,West Bengal,12/19/2021,VIP
CUST01184,ARYAN DAVIS,aryan.davis1184@yahoo.com,7735917832,Patna,Bihar,2022/03/05,New
CUST01185,Aryan Sharma,aryan.sharma1185@mail.com,69481,Bengaluru,Karnataka,03-10-2024,Regular
CUST01186,Charlotte Gupta,charlotte.gupta1186@mail.com,9792525544,Kolkata,West Bengal,08-10-2022,New
CUST01187,DIYA SHARMA,diya.sharma1187@gmail.com,9732791389,Nashik,Maharashtra,2024-10-02,Premium
CUST01188,Ira Garcia,ira.garcia1188@gmail.com,8460693834,Jaipur,Rajasthan,25-10-2021,New
CUST01189,Vihaan Anderson,vihaan.anderson1189@yahoo.com,8780062139,Indore,Madhya Pradesh,13 Dec 2021,Premium
CUST01190,Vivaan Davis,vivaan.davis1190@gmail.com,6658252128,Agra,Uttar Pradesh,02/25/2023,VIP
CUST01191,Michael Iyer,michael.iyer1191@gmail.com,9139015343,ludhiana,Punjab,23 Aug 2022,premium
CUST01192,Diya Anderson,diya.anderson1192@mail.com,8201645222,Hyderabad,Telangana,03/08/2023,Premium
CUST01193,Michael Sharma,michael.sharma1193@gmail.com,6840966807,Vadodara,Gujarat,2024/03/25,VIP
CUST01194,Myra Brown,myra.brown1194@yahoo.com,7126386985,nagpur,Maharashtra,11-05-2022,VIP
CUST01195,Isabella Brown,isabella.brown1195@mail.com,9711899667,Kolkata,West Bengal,18/12/2023,premium
CUST01196,Harper Anderson,harper.anderson1196@gmail.com,8968038114,Ludhiana,Punjab,01/18/2022,Premium
CUST01197,ISABELLA SMITH,,8698121114,LUDHIANA,Punjab,2021/08/04,New
CUST01198,RIYA GUPTA,riya.gupta1198@mail.com,6453971277,Agra,Uttar Pradesh,05 Jul 2022,regular
CUST01199,MICHAEL WILLIAMS,michael.williams1199@outlook.com,6186198710,Surat,Gujarat,26/05/2024,VIP
CUST01200,Aarav Anderson,aarav.anderson1200@yahoo.com,8661409134,Ludhiana,Punjab,2024/03/17,New
CUST01201,Vivaan Kumar,vivaan.kumar1201_at_yahoo.com,8464959908,BENGALURU,Karnataka,18/04/2024,VIP
CUST01202,Vivaan Williams,vivaan.williams1202@outlook.com,8302972197,Kolkata,West Bengal,,premium
CUST01203,Charlotte Reddy,charlotte.reddy1203@gmail.com,8513277550,Indore,Madhya Pradesh,26/03/2022,New
CUST01204,Riya Sharma,riya.sharma1204@outlook.com,9966251541,Jaipur,Rajasthan,01/03/2023,VIP
CUST01205,charlotte nair,charlotte.nair1205@gmail.com,6947167085,Surat,Gujarat,2022-11-15,New
CUST01206,Isabella Garcia,isabella.garcia1206@mail.com,8815388098,Jaipur,Rajasthan,17-04-2024,Premium
CUST01207,Michael Garcia,michael.garcia1207@mail.com,6331750332,nagpur,Maharashtra,2023/02/18,regular
CUST01208,liam johnson,liam.johnson1208_at_mail.com,7361674305,Indore,Madhya Pradesh,15/11/2024,regular
CUST01209,Isabella Anderson,isabella.anderson1209@outlook.com,9919435702,Surat,Gujarat,30 Mar 2023,Regular
CUST01210,Pari Williams,pari.williams1210@mail.com,9591650963,Chennai,Tamil Nadu,11/01/2024,Premium
CUST01211,Charlotte Kumar,charlotte.kumar1211@outlook.com,7816136735,MUMBAI,Maharashtra,22-10-2022,regular
CUST01212,MICHAEL GUPTA,michael.gupta1212@outlook.com,9422012349,mumbai,Maharashtra,28-06-2022,regular
CUST01213,rohan jones,rohan.jones1213@outlook.com,8985154285,Patna,Bihar,2024/12/06,New
CUST01214,KABIR KUMAR,kabir.kumar1214@yahoo.com,7279175108,Chennai,Tamil Nadu,2024/01/14,New
CUST01215,ananya johnson,ananya.johnson1215@gmail.com,6339921653,Ludhiana,Punjab,01/06/2023,New
CUST01216,Isabella Verma,isabella.verma1216@gmail.com,9611784511,Surat,Gujarat,2023/05/20,New
CUST01217,Aditya Brown,aditya.brown1217@yahoo.com,9546390055,Pune,Maharashtra,07-12-2023,New
CUST01218,JOHN MILLER,john.miller1218@outlook.com,8917171804,hyderabad,Telangana,2022-06-05,VIP
CUST01219,benjamin williams,benjamin.williams1219_at_yahoo.com,9555155329,Bengaluru,Karnataka,01-11-2024,VIP
CUST01220,Alexander Smith,alexander.smith1220@gmail.com,9433681017,Lucknow,Uttar Pradesh,26-11-2024,regular
CUST01221,James Jones,james.jones1221@yahoo.com,8916676253,PUNE,Maharashtra,06 Jun 2024,regular
CUST01222,reyansh rao,reyansh.rao1222@yahoo.com,8530289001,Delhi,Delhi,2022-04-07,regular
CUST01223,Rohan Miller,rohan.miller1223@outlook.com,6298433240,Bengaluru,Karnataka,2022/01/26,premium
CUST01224,Anaya Reddy,anaya.reddy1224@gmail.com,7367073513,NASHIK,Maharashtra,2023-07-17,Premium
CUST01225,Saanvi Wilson,saanvi.wilson1225@mail.com,94443,Ahmedabad,Gujarat,24 Sep 2024,Regular
CUST01226,EMMA PATEL,emma.patel1226@mail.com,9558875079,Nashik,Maharashtra,02-12-2021,premium
CUST01227,Aryan Singh,aryan.singh1227@gmail.com,9944869714,KOLKATA,West Bengal,2024-01-14,VIP
CUST01228,Henry Davis,henry.davis1228@mail.com,7471790720,NASHIK,Maharashtra,27/11/2021,New
CUST01229,Aarav Singh,aarav.singh1229@gmail.com,8701790761,Nashik,Maharashtra,24/08/2021,Premium
CUST01230,Saanvi Anderson,saanvi.anderson1230@outlook.com,6150713791,Delhi,Delhi,24-12-2022,Regular
CUST01231,MIA JOHNSON,mia.johnson1231@outlook.com,8357798550,Ludhiana,Punjab,14 Apr 2024,Regular
CUST01232,Benjamin Singh,benjamin.singh1232@gmail.com,9361654107,nagpur,Maharashtra,2021-10-16,Regular
CUST01233,Lucas Garcia,lucas.garcia1233@yahoo.com,9927799366,KOLKATA,West Bengal,2021/11/19,premium
CUST01234,James Sharma,james.sharma1234@yahoo.com,9796335345,PATNA,Bihar,2022/10/30,premium
CUST01235,Ira Miller,ira.miller1235@mail.com,9479662428,Jaipur,Rajasthan,01/05/2022,Regular
CUST01236,Kiara Nair,,7211883427,Bhopal,Madhya Pradesh,28 Jun 2021,regular
CUST01237,Abigail Nair,abigail.nair1237@outlook.com,6750159178,Nashik,Maharashtra,02 Sep 2023,New
CUST01238,Isabella Miller,isabella.miller1238@gmail.com,9838840227,Vadodara,Gujarat,04-04-2024,VIP
CUST01239,Sophia Gupta,sophia.gupta1239@yahoo.com,6933611596,pune,Maharashtra,2021-08-05,New
CUST01240,Amelia Miller,amelia.miller1240@outlook.com,8333448013,Surat,Gujarat,08/03/2023,Regular
CUST01241,isabella reddy,isabella.reddy1241_at_yahoo.com,9176899644,Indore,Madhya Pradesh,2021-12-30,premium
CUST01242,RIYA DAVIS,riya.davis1242@yahoo.com,6322488904,indore,Madhya Pradesh,03/12/2022,VIP
CUST01243,Henry Williams,henry.williams1243@mail.com,81032,Ludhiana,Punjab,08-09-2022,VIP
CUST01244,Aadhya Patel,aadhya.patel1244@outlook.com,8936943479,Nashik,Maharashtra,2022-02-02,premium
CUST01245,ALEXANDER IYER,alexander.iyer1245@outlook.com,9504929915,Ahmedabad,Gujarat,12-09-2024,Regular
CUST01246,Pari Miller,,9579264693,Nagpur,Maharashtra,02 Oct 2021,VIP
CUST01247,AMELIA NAIR,amelia.nair1247@mail.com,6770317828,LUCKNOW,Uttar Pradesh,11/05/2022,Premium
CUST01248,James Smith,james.smith1248@mail.com,9110107303,Patna,Bihar,2022/08/21,premium
CUST01249,Kiara Gupta,kiara.gupta1249@mail.com,6493551454,Bhopal,Madhya Pradesh,06/14/2022,premium
CUST01250,Alexander Brown,alexander.brown1250@yahoo.com,9195219382,Kolkata,West Bengal,26 May 2024,premium
CUST01251,Amelia Singh,amelia.singh1251@gmail.com,9636431847,Patna,Bihar,2023-05-28,Premium
CUST01252,DIYA BROWN,diya.brown1252@gmail.com,6759191828,Lucknow,Uttar Pradesh,15/12/2022,regular
CUST01253,Vihaan Iyer,vihaan.iyer1253@mail.com,7498971883,Lucknow,Uttar Pradesh,11-04-2024,Premium
CUST01254,EVELYN GARCIA,evelyn.garcia1254@gmail.com,8748278756,Ahmedabad,Gujarat,2023-04-05,New
CUST01255,Ananya Smith,ananya.smith1255@gmail.com,7993429894,Indore,Madhya Pradesh,2022/06/17,Regular
CUST01256,Aditya Gupta,aditya.gupta1256@mail.com,7377248732,KOLKATA,West Bengal,07/25/2024,New
CUST01257,Vihaan Anderson,vihaan.anderson1257_at_yahoo.com,6741899836,Lucknow,Uttar Pradesh,2024/12/09,Regular
CUST01258,Evelyn Garcia,evelyn.garcia1258@mail.com,9703875995,Nashik,Maharashtra,2024/11/05,Premium
CUST01259,Diya Smith,diya.smith1259@gmail.com,9321401007,Nashik,Maharashtra,02/03/2024,Premium
CUST01260,Kabir Miller,kabir.miller1260@yahoo.com,8428167622,chennai,Tamil Nadu,2022/05/30,premium
CUST01261,AADHYA VERMA,aadhya.verma1261@mail.com,8565874575,Mumbai,Maharashtra,24/12/2021,regular
CUST01262,Riya Garcia,riya.garcia1262@outlook.com,9268944599,Pune,Maharashtra,07/08/2023,Regular
CUST01263,Reyansh Gupta,reyansh.gupta1263@mail.com,63941,Agra,Uttar Pradesh,19 Jan 2023,Regular
CUST01264,Arjun Reddy,arjun.reddy1264@mail.com,8422210519,Bengaluru,Karnataka,12/13/2024,Regular
CUST01265,Arjun Sharma,arjun.sharma1265@yahoo.com,7294603463,agra,Uttar Pradesh,06/09/2022,Regular
CUST01266,william brown,william.brown1266@mail.com,7350963145,Nagpur,Maharashtra,2021/12/23,regular
CUST01267,Diya Anderson,diya.anderson1267@gmail.com,7236168242,Ahmedabad,Gujarat,07 Feb 2023,Regular
CUST01268,Pari Brown,pari.brown1268@yahoo.com,8355690120,Patna,Bihar,07/14/2023,Regular
CUST01269,Abigail Nair,abigail.nair1269@gmail.com,7971808980,Surat,Gujarat,07 Nov 2022,premium
CUST01270,Harper Smith,harper.smith1270@outlook.com,7981748727,Agra,Uttar Pradesh,2023/05/27,Premium
CUST01271,Amelia Anderson,amelia.anderson1271@outlook.com,6778127307,Pune,Maharashtra,08/23/2024,VIP
CUST01272,myra smith,myra.smith1272@gmail.com,7148105326,HYDERABAD,Telangana,14 Jul 2024,regular
CUST01273,Emma Nair,emma.nair1273@yahoo.com,8395033851,Nashik,Maharashtra,09/16/2023,premium
CUST01274,LUCAS ANDERSON,lucas.anderson1274@outlook.com,9591318575,Mumbai,Maharashtra,19 Nov 2023,regular
CUST01275,Reyansh Patel,reyansh.patel1275@gmail.com,7954824896,Bhopal,Madhya Pradesh,01/11/2022,New
CUST01276,john sharma,john.sharma1276@outlook.com,6121477842,Nagpur,Maharashtra,2024/03/17,premium
CUST01277,Myra Rao,myra.rao1277@yahoo.com,6717920888,MUMBAI,Maharashtra,05/01/2023,New
CUST01278,James Wilson,james.wilson1278@yahoo.com,8985648037,Jaipur,Rajasthan,2022/06/14,regular
CUST01279,Saanvi Smith,saanvi.smith1279@mail.com,8454805543,Pune,Maharashtra,06/22/2024,New
CUST01280,William Rao,william.rao1280@gmail.com,8655448583,Agra,Uttar Pradesh,2022-10-28,premium
CUST01281,Diya Smith,diya.smith1281@outlook.com,9123338491,Ahmedabad,Gujarat,2023-12-01,regular
CUST01282,Abigail Reddy,abigail.reddy1282@gmail.com,7258301477,Patna,Bihar,2024-01-12,New
CUST01283,William Smith,william.smith1283@mail.com,6331533041,Surat,Gujarat,21 Aug 2022,premium
CUST01284,Kiara Iyer,kiara.iyer1284@gmail.com,8310642659,Bhopal,Madhya Pradesh,2023-10-26,Regular
CUST01285,Aadhya Gupta,aadhya.gupta1285@mail.com,6595586415,Chennai,Tamil Nadu,10/09/2023,Premium
CUST01286,aditya davis,aditya.davis1286@mail.com,6930413941,nashik,Maharashtra,25/12/2022,premium
CUST01287,Emma Kumar,emma.kumar1287@outlook.com,6945261899,Mumbai,Maharashtra,10/19/2022,VIP
CUST01288,anaya kumar,anaya.kumar1288@gmail.com,6480847085,NASHIK,Maharashtra,13/12/2023,New
CUST01289,MYRA REDDY,myra.reddy1289@gmail.com,9790791506,Agra,Uttar Pradesh,01/04/2023,premium
CUST01290,noah kumar,noah.kumar1290@yahoo.com,7362171421,Lucknow,Uttar Pradesh,28-10-2023,New
CUST01291,ROHAN BROWN,rohan.brown1291@mail.com,9139534273,MUMBAI,Maharashtra,26-08-2024,premium
CUST01292,EVELYN JOHNSON,evelyn.johnson1292@mail.com,6995015427,Bengaluru,Karnataka,09 Dec 2021,regular
CUST01293,Benjamin Nair,benjamin.nair1293@mail.com,7605070797,Bengaluru,Karnataka,04/25/2024,premium
CUST01294,Pari Jones,pari.jones1294@mail.com,6687938169,NASHIK,Maharashtra,07/17/2021,premium
CUST01295,Alexander Wilson,alexander.wilson1295_at_outlook.com,9396595818,Pune,Maharashtra,02-10-2022,Regular
CUST01296,riya sharma,riya.sharma1296@outlook.com,8769093336,Chennai,Tamil Nadu,29-04-2022,Regular
CUST01297,Lucas Williams,lucas.williams1297@mail.com,6361602151,Agra,Uttar Pradesh,16/12/2021,New
CUST01298,Mia Rao,,7750373616,hyderabad,Telangana,2021/07/19,premium
CUST01299,NOAH MILLER,noah.miller1299@yahoo.com,6544120877,PATNA,Bihar,21-02-2024,New
CUST01300,Arjun Davis,arjun.davis1300_at_yahoo.com,7310018939,Indore,Madhya Pradesh,28 Mar 2023,regular
CUST01301,Lucas Johnson,lucas.johnson1301@yahoo.com,7469074264,Nashik,Maharashtra,2021/10/11,regular
CUST01302,Arjun Singh,arjun.singh1302@mail.com,9504574960,Nashik,Maharashtra,2022-06-14,Premium
CUST01303,Ira Garcia,ira.garcia1303@gmail.com,9886343655,Kolkata,West Bengal,10-06-2024,Regular
CUST01304,Alexander Singh,alexander.singh1304@outlook.com,7716578295,PUNE,Maharashtra,2021-09-29,regular
CUST01305,Aryan Miller,aryan.miller1305@yahoo.com,7877098180,Kolkata,West Bengal,07/11/2022,Regular
CUST01306,Vihaan Patel,vihaan.patel1306@outlook.com,74187,BHOPAL,Madhya Pradesh,2024-06-10,Regular
CUST01307,James Johnson,james.johnson1307@outlook.com,6536773725,Indore,Madhya Pradesh,14/10/2022,premium
CUST01308,HARPER SINGH,harper.singh1308@gmail.com,7466407103,Indore,Madhya Pradesh,2023/03/05,premium
CUST01309,Vivaan Brown,vivaan.brown1309@gmail.com,6840905178,Mumbai,Maharashtra,13-10-2021,premium
CUST01310,Rohan Gupta,rohan.gupta1310@mail.com,8263149661,Patna,Bihar,06/13/2023,premium
CUST01311,Henry Williams,henry.williams1311@yahoo.com,7633187276,bengaluru,Karnataka,2021/06/22,Regular
CUST01312,MICHAEL MILLER,michael.miller1312@yahoo.com,6152781191,Chennai,Tamil Nadu,04/09/2022,Regular
CUST01313,,pari.garcia1313@outlook.com,7964428168,BHOPAL,Madhya Pradesh,20/02/2022,Premium
CUST01314,ADITYA SMITH,aditya.smith1314@gmail.com,6117110715,Delhi,Delhi,25-01-2023,regular
CUST01315,James Johnson,james.johnson1315@outlook.com,6843662896,lucknow,Uttar Pradesh,2021-09-08,premium
CUST01316,Evelyn Davis,evelyn.davis1316@outlook.com,73192,Nagpur,Maharashtra,20-04-2023,premium
CUST01317,HARPER MILLER,harper.miller1317@mail.com,6848673952,Nashik,Maharashtra,2024-12-12,Premium
CUST01318,rohan kumar,rohan.kumar1318@gmail.com,8697013957,Jaipur,Rajasthan,2024-02-27,regular
CUST01319,Abigail Sharma,abigail.sharma1319@yahoo.com,9915966459,Jaipur,Rajasthan,2024/05/17,regular
CUST01320,saanvi wilson,saanvi.wilson1320@outlook.com,9378760003,Agra,Uttar Pradesh,20 Sep 2021,New
CUST01321,Michael Patel,michael.patel1321@mail.com,7882449471,nagpur,Maharashtra,21 Mar 2024,Regular
CUST01322,sophia davis,sophia.davis1322@mail.com,8736730173,Kanpur,Uttar Pradesh,14 Jun 2024,premium
CUST01323,Lucas Sharma,lucas.sharma1323@gmail.com,73251,Vadodara,Gujarat,2024/05/03,New
CUST01324,Isabella Miller,isabella.miller1324@mail.com,6399082069,Ludhiana,Punjab,06 Sep 2022,VIP
CUST01325,Henry Miller,henry.miller1325@outlook.com,8187145898,Lucknow,Uttar Pradesh,2023/05/21,premium
CUST01326,Noah Anderson,noah.anderson1326@mail.com,7193400066,Bengaluru,Karnataka,01-02-2023,regular
CUST01327,John Gupta,john.gupta1327@gmail.com,6376136215,Jaipur,Rajasthan,21/11/2024,VIP
CUST01328,Isabella Rao,isabella.rao1328@gmail.com,6355102635,Mumbai,Maharashtra,25 Sep 2021,regular
CUST01329,Vihaan Gupta,vihaan.gupta1329@mail.com,9914541546,agra,Uttar Pradesh,13/02/2024,premium
CUST01330,Amelia Nair,amelia.nair1330@yahoo.com,8614963740,Ludhiana,Punjab,09/22/2021,regular
CUST01331,Vihaan Patel,vihaan.patel1331@gmail.com,8422135540,bengaluru,Karnataka,29 Apr 2023,Premium
CUST01332,Charlotte Gupta,charlotte.gupta1332@outlook.com,9470494952,Ahmedabad,Gujarat,28/08/2023,Regular
CUST01333,SOPHIA KUMAR,sophia.kumar1333@mail.com,8524222220,Surat,Gujarat,14-12-2024,regular
CUST01334,Michael Brown,michael.brown1334@mail.com,8962235694,Delhi,Delhi,30/05/2022,Regular
CUST01335,Myra Garcia,myra.garcia1335@yahoo.com,6465269903,Ludhiana,Punjab,03/26/2022,Regular
CUST01336,Alexander Johnson,alexander.johnson1336@mail.com,7903575808,BHOPAL,Madhya Pradesh,08/07/2024,regular
CUST01337,Reyansh Wilson,reyansh.wilson1337@gmail.com,6502271249,ahmedabad,Gujarat,30/08/2024,premium
CUST01338,Saanvi Smith,saanvi.smith1338@yahoo.com,7765625990,Vadodara,Gujarat,28 Oct 2022,regular
CUST01339,Benjamin Jones,benjamin.jones1339@mail.com,96169,Lucknow,Uttar Pradesh,2023/02/25,premium
CUST01340,Ira Iyer,ira.iyer1340@mail.com,9461083934,Agra,Uttar Pradesh,07/06/2022,Premium
CUST01341,Vihaan Miller,vihaan.miller1341@mail.com,7220853189,Kanpur,Uttar Pradesh,2024/10/12,VIP
CUST01342,kabir smith,kabir.smith1342@outlook.com,7759880446,Pune,Maharashtra,08-11-2021,premium
CUST01343,Olivia Jones,olivia.jones1343@outlook.com,7390300589,Patna,Bihar,2023/03/09,Regular
CUST01344,Myra Anderson,myra.anderson1344@outlook.com,7500376095,Mumbai,Maharashtra,09/19/2024,New
CUST01345,noah gupta,noah.gupta1345@mail.com,7774384849,Kolkata,West Bengal,2023/10/03,Premium
CUST01346,Ira Jones,ira.jones1346@gmail.com,7529976876,Bhopal,Madhya Pradesh,28 Dec 2021,New
CUST01347,Kiara Rao,kiara.rao1347@gmail.com,7144818105,Kolkata,West Bengal,2024-04-02,New
CUST01348,Vivaan Reddy,vivaan.reddy1348@mail.com,7761183026,Delhi,Delhi,01/15/2022,VIP
CUST01349,pari wilson,pari.wilson1349@gmail.com,8668011655,Hyderabad,Telangana,07/09/2023,premium
CUST01350,Kiara Garcia,kiara.garcia1350@mail.com,7312538392,Patna,Bihar,2022/10/19,New
CUST01351,James Verma,james.verma1351@mail.com,8390007607,Kolkata,West Bengal,,New
CUST01352,Pari Reddy,pari.reddy1352@gmail.com,7277133568,Surat,Gujarat,24-11-2024,Premium
CUST01353,HENRY BROWN,henry.brown1353@mail.com,7658517601,Kolkata,West Bengal,2021/07/07,premium
CUST01354,Olivia Brown,olivia.brown1354@outlook.com,9651544844,Lucknow,Uttar Pradesh,06/21/2022,premium
CUST01355,Anaya Patel,anaya.patel1355@yahoo.com,6560811579,Hyderabad,Telangana,13-12-2021,Premium
CUST01356,Saanvi Smith,saanvi.smith1356@yahoo.com,9728762664,Ludhiana,Punjab,20/08/2024,Premium
CUST01357,john jones,john.jones1357@outlook.com,7851690652,KANPUR,Uttar Pradesh,26 Mar 2023,New
CUST01358,lucas smith,lucas.smith1358@gmail.com,8648906908,Lucknow,Uttar Pradesh,2022/04/06,Regular
CUST01359,evelyn reddy,evelyn.reddy1359@mail.com,7937865413,Jaipur,Rajasthan,0000-00-00,Regular
CUST01360,arjun nair,arjun.nair1360@yahoo.com,9204631774,Bhopal,Madhya Pradesh,,regular
CUST01361,Liam Williams,liam.williams1361@outlook.com,9552891279,patna,Bihar,11/23/2023,Regular
CUST01362,ALEXANDER JOHNSON,alexander.johnson1362@gmail.com,9783445927,Hyderabad,Telangana,01 Apr 2024,Premium
CUST01363,Vihaan Rao,vihaan.rao1363@gmail.com,8148013555,Chennai,Tamil Nadu,16/08/2023,New
CUST01364,MIA RAO,mia.rao1364@gmail.com,9446712607,Pune,Maharashtra,13/11/2024,premium
CUST01365,Henry Verma,henry.verma1365@mail.com,8461091943,HYDERABAD,Telangana,2024-10-17,VIP
CUST01366,olivia garcia,olivia.garcia1366@gmail.com,8722316254,Mumbai,Maharashtra,17-01-2024,New
CUST01367,Kiara Williams,kiara.williams1367@yahoo.com,8531138599,Ahmedabad,Gujarat,2022-06-06,Regular
CUST01368,Noah Jones,noah.jones1368@outlook.com,8747986180,Kanpur,Uttar Pradesh,05-07-2024,Premium
CUST01369,Abigail Patel,abigail.patel1369@gmail.com,7190689340,Lucknow,Uttar Pradesh,2022/11/16,VIP
CUST01370,Vivaan Singh,vivaan.singh1370@gmail.com,9261643050,Pune,Maharashtra,2022/07/07,Regular
CUST01371,Liam Wilson,liam.wilson1371@gmail.com,6207337954,patna,Bihar,28/11/2021,VIP
CUST01372,Benjamin Verma,benjamin.verma1372@outlook.com,6105167612,Nagpur,Maharashtra,2022/11/15,regular
CUST01373,,john.reddy1373@yahoo.com,9911806980,Nagpur,Maharashtra,,VIP
CUST01374,Pari Iyer,pari.iyer1374@outlook.com,6826195560,Pune,Maharashtra,2021-11-25,premium
CUST01375,ANANYA NAIR,ananya.nair1375@mail.com,6457911424,PATNA,Bihar,07 Dec 2022,New
CUST01376,Lucas Verma,lucas.verma1376@outlook.com,8225700427,Kanpur,Uttar Pradesh,16-08-2023,Regular
CUST01377,MIA ANDERSON,mia.anderson1377@outlook.com,7961942251,Hyderabad,Telangana,16 Jan 2022,Regular
CUST01378,ira jones,ira.jones1378@outlook.com,6466597469,Vadodara,Gujarat,15 Aug 2024,VIP
CUST01379,Noah Smith,noah.smith1379@outlook.com,87227,Vadodara,Gujarat,2022/11/25,premium
CUST01380,Isabella Williams,isabella.williams1380@yahoo.com,6172670133,Ahmedabad,Gujarat,10/02/2023,regular
CUST01381,mia jones,mia.jones1381@outlook.com,8711499269,Indore,Madhya Pradesh,06-04-2022,VIP
CUST01382,benjamin patel,benjamin.patel1382@gmail.com,8483959761,Ludhiana,Punjab,2024-10-19,VIP
CUST01383,Saanvi Rao,saanvi.rao1383@yahoo.com,8155711888,kolkata,West Bengal,0000-00-00,regular
CUST01384,Sophia Sharma,sophia.sharma1384@mail.com,8830199142,nagpur,Maharashtra,11/19/2024,New
CUST01385,Sophia Smith,sophia.smith1385@yahoo.com,7360318076,delhi,Delhi,21 Aug 2021,VIP
CUST01386,Harper Smith,harper.smith1386@outlook.com,7363505836,agra,Uttar Pradesh,29/12/2024,regular
CUST01387,Ira Kumar,ira.kumar1387@gmail.com,6916186193,Ahmedabad,Gujarat,07/02/2023,New
CUST01388,benjamin garcia,benjamin.garcia1388@mail.com,8875356177,AHMEDABAD,Gujarat,0000-00-00,Regular
CUST01389,Reyansh Anderson,reyansh.anderson1389@outlook.com,8735511831,Ahmedabad,Gujarat,24-06-2024,VIP
CUST01390,Amelia Miller,amelia.miller1390@yahoo.com,7960538333,surat,Gujarat,2024-08-20,New
CUST01391,HENRY WILLIAMS,henry.williams1391@outlook.com,8309055506,LUDHIANA,Punjab,29/07/2024,regular
CUST01392,Aditya Singh,aditya.singh1392@mail.com,8122765715,Chennai,Tamil Nadu,22/06/2021,Regular
CUST01393,Pari Patel,pari.patel1393@mail.com,8807111088,BENGALURU,Karnataka,10/06/2021,New
CUST01394,Vivaan Gupta,vivaan.gupta1394@outlook.com,6371508892,Delhi,Delhi,28/09/2022,premium
CUST01395,Lucas Reddy,lucas.reddy1395_at_yahoo.com,6252212272,Ludhiana,Punjab,08/31/2022,VIP
CUST01396,Reyansh Nair,reyansh.nair1396@outlook.com,8244506497,Bengaluru,Karnataka,2022/12/15,premium
CUST01397,Mia Sharma,mia.sharma1397@gmail.com,6632953308,Patna,Bihar,12 Mar 2022,Regular
CUST01398,Kabir Garcia,kabir.garcia1398@yahoo.com,8355845761,Ahmedabad,Gujarat,15 Aug 2024,VIP
CUST01399,DIYA MILLER,diya.miller1399@outlook.com,9469013930,Kanpur,Uttar Pradesh,06 Apr 2023,Regular
CUST01400,Reyansh Rao,reyansh.rao1400@yahoo.com,6458894827,Bhopal,Madhya Pradesh,24/02/2023,premium
CUST01401,Ira Garcia,ira.garcia1401@mail.com,8513904749,nashik,Maharashtra,2021-11-25,regular
CUST01402,henry miller,henry.miller1402@mail.com,6860509917,Patna,Bihar,01-06-2022,New
CUST01403,Emma Rao,emma.rao1403@mail.com,6488590565,lucknow,Uttar Pradesh,24 Sep 2023,premium
CUST01404,Aditya Singh,aditya.singh1404@gmail.com,9787954347,Surat,Gujarat,0000-00-00,regular
CUST01405,Vihaan Wilson,vihaan.wilson1405_at_outlook.com,7618541306,Indore,Madhya Pradesh,2022/03/03,New
CUST01406,Rohan Kumar,rohan.kumar1406@outlook.com,9337107717,NASHIK,Maharashtra,30/09/2022,Regular
CUST01407,Vihaan Gupta,vihaan.gupta1407@outlook.com,9907606463,chennai,Tamil Nadu,04/09/2023,New
CUST01408,aarav sharma,aarav.sharma1408@gmail.com,8333461156,Nashik,Maharashtra,30-05-2024,premium
CUST01409,Lucas Iyer,lucas.iyer1409@outlook.com,6945589539,BENGALURU,Karnataka,07-06-2023,Premium
CUST01410,Saanvi Rao,saanvi.rao1410@mail.com,71113,Kolkata,West Bengal,2022/04/04,regular
CUST01411,Vihaan Brown,vihaan.brown1411@outlook.com,7423310129,Vadodara,Gujarat,12/03/2024,Premium
CUST01412,Vihaan Rao,vihaan.rao1412@yahoo.com,6742839570,Delhi,Delhi,18/11/2023,VIP
CUST01413,Aadhya Anderson,aadhya.anderson1413@yahoo.com,67308,Lucknow,Uttar Pradesh,23-08-2022,premium
CUST01414,michael singh,michael.singh1414@mail.com,6312738336,Vadodara,Gujarat,02-01-2022,Premium
CUST01415,Kiara Reddy,kiara.reddy1415@gmail.com,7208953506,AHMEDABAD,Gujarat,05 Feb 2023,VIP
CUST01416,diya jones,diya.jones1416@yahoo.com,9448103516,NAGPUR,Maharashtra,2021-09-21,Premium
CUST01417,charlotte patel,charlotte.patel1417@outlook.com,6158131291,Jaipur,Rajasthan,2021/09/30,New
CUST01418,emma williams,emma.williams1418@outlook.com,8498718714,Bengaluru,Karnataka,2022-03-11,New
CUST01419,Amelia Patel,amelia.patel1419@gmail.com,7122893809,Pune,Maharashtra,2023-03-12,regular
CUST01420,Liam Gupta,liam.gupta1420@outlook.com,7484337635,hyderabad,Telangana,27 Aug 2023,VIP
CUST01421,Rohan Nair,rohan.nair1421@mail.com,6229197565,Ahmedabad,Gujarat,14/11/2021,premium
CUST01422,isabella iyer,isabella.iyer1422@outlook.com,9591990047,BENGALURU,Karnataka,17 Mar 2023,Regular
CUST01423,william davis,william.davis1423@outlook.com,6594543087,Surat,Gujarat,2022-07-08,premium
CUST01424,noah verma,noah.verma1424@gmail.com,7921724415,HYDERABAD,Telangana,25 Sep 2021,premium
CUST01425,HARPER GUPTA,harper.gupta1425@yahoo.com,6804850981,Pune,Maharashtra,07/25/2024,regular
CUST01426,Michael Patel,michael.patel1426@outlook.com,9476365139,Agra,Uttar Pradesh,05 Aug 2023,New
CUST01427,William Miller,,8867226818,Mumbai,Maharashtra,23/07/2024,Regular
CUST01428,DIYA JONES,diya.jones1428@yahoo.com,6653798487,Mumbai,Maharashtra,06/11/2024,Premium
CUST01429,amelia anderson,amelia.anderson1429@outlook.com,7752367808,Indore,Madhya Pradesh,16 Jan 2024,Regular
CUST01430,Isabella Williams,isabella.williams1430@mail.com,7919116279,Hyderabad,Telangana,04/12/2021,VIP
CUST01431,Olivia Williams,olivia.williams1431@yahoo.com,96409,BHOPAL,Madhya Pradesh,2022-08-18,regular
CUST01432,AMELIA JOHNSON,amelia.johnson1432@mail.com,8927350687,patna,Bihar,02/27/2024,Premium
CUST01433,harper miller,harper.miller1433@gmail.com,6215675480,Ludhiana,Punjab,24-02-2024,premium
CUST01434,Vihaan Kumar,vihaan.kumar1434@outlook.com,7125528300,Lucknow,Uttar Pradesh,2023/02/10,regular
CUST01435,Henry Wilson,henry.wilson1435@yahoo.com,6354371107,Patna,Bihar,2022-03-18,New
CUST01436,Riya Iyer,riya.iyer1436@yahoo.com,9723052768,Pune,Maharashtra,17-03-2023,Premium
CUST01437,Charlotte Nair,charlotte.nair1437@gmail.com,6437253608,Indore,Madhya Pradesh,17-08-2023,Premium
CUST01438,amelia anderson,amelia.anderson1438@mail.com,6935359438,nagpur,Maharashtra,07-10-2021,Regular
CUST01439,Riya Verma,riya.verma1439@outlook.com,9298054041,Kanpur,Uttar Pradesh,2024-05-12,regular
CUST01440,Saanvi Davis,saanvi.davis1440@gmail.com,6146648196,Hyderabad,Telangana,18 Jun 2022,Premium
CUST01441,Pari Miller,pari.miller1441@gmail.com,8546981755,Ahmedabad,Gujarat,10/02/2024,VIP
CUST01442,ARYAN SHARMA,aryan.sharma1442@yahoo.com,8369575884,Nagpur,Maharashtra,11-07-2022,premium
CUST01443,Ira Johnson,ira.johnson1443@gmail.com,96723,Ahmedabad,Gujarat,2023-08-02,premium
CUST01444,Kabir Anderson,kabir.anderson1444@yahoo.com,61915,Bhopal,Madhya Pradesh,2021-12-21,regular
CUST01445,Abigail Kumar,abigail.kumar1445@outlook.com,8426174634,indore,Madhya Pradesh,2024-08-05,regular
CUST01446,AADHYA NAIR,aadhya.nair1446@gmail.com,9653695027,Ludhiana,Punjab,2022-01-13,New
CUST01447,Aadhya Singh,aadhya.singh1447@outlook.com,9432556882,Delhi,Delhi,08/04/2024,New
CUST01448,william jones,william.jones1448@gmail.com,6665397101,Mumbai,Maharashtra,07/25/2022,Regular
CUST01449,liam kumar,liam.kumar1449@yahoo.com,6743862317,delhi,Delhi,01/02/2024,premium
CUST01450,Abigail Wilson,abigail.wilson1450_at_mail.com,8753327440,Pune,Maharashtra,2023-08-29,premium
CUST01451,Sophia Rao,sophia.rao1451_at_gmail.com,8280205750,Bhopal,Madhya Pradesh,03 Jun 2023,Premium
CUST01452,Charlotte Williams,charlotte.williams1452@yahoo.com,9128735716,Nashik,Maharashtra,2023-09-24,premium
CUST01453,Aadhya Williams,aadhya.williams1453@gmail.com,9401612810,Vadodara,Gujarat,09/12/2023,VIP
CUST01454,EVELYN DAVIS,evelyn.davis1454@outlook.com,6113010576,PUNE,Maharashtra,09/23/2023,Regular
CUST01455,aarav patel,aarav.patel1455@mail.com,8802057639,agra,Uttar Pradesh,2023-03-11,regular
CUST01456,ISHAAN GUPTA,ishaan.gupta1456@gmail.com,6993511454,Delhi,Delhi,05/01/2023,regular
CUST01457,Reyansh Johnson,reyansh.johnson1457@outlook.com,7344222169,Vadodara,Gujarat,2023/02/25,premium
CUST01458,Olivia Singh,olivia.singh1458@yahoo.com,9978904410,Pune,Maharashtra,2023-06-22,Premium
CUST01459,Evelyn Wilson,evelyn.wilson1459@yahoo.com,7330255706,Hyderabad,Telangana,2024-11-22,VIP
CUST01460,Myra Wilson,myra.wilson1460@outlook.com,8393181224,Ahmedabad,Gujarat,21 Jul 2022,premium
CUST01461,EMMA IYER,emma.iyer1461@yahoo.com,6694217441,Bengaluru,Karnataka,01-12-2022,premium
CUST01462,DIYA GUPTA,diya.gupta1462@mail.com,95621,Kanpur,Uttar Pradesh,03/08/2024,premium
CUST01463,Rohan Gupta,rohan.gupta1463@gmail.com,6848919850,Ludhiana,Punjab,20/11/2024,Premium
CUST01464,sophia reddy,sophia.reddy1464_at_mail.com,7487211937,Pune,Maharashtra,10/24/2024,premium
CUST01465,ISHAAN GARCIA,ishaan.garcia1465@mail.com,8488818951,Nashik,Maharashtra,10/05/2021,New
CUST01466,Aarav Verma,aarav.verma1466@gmail.com,9816424534,Delhi,Delhi,02 Dec 2021,New
CUST01467,Harper Nair,harper.nair1467@outlook.com,9249588410,Pune,Maharashtra,17-06-2021,Regular
CUST01468,DIYA DAVIS,diya.davis1468@outlook.com,9920512735,Ludhiana,Punjab,22-09-2023,VIP
CUST01469,Anaya Nair,anaya.nair1469@gmail.com,6774414062,INDORE,Madhya Pradesh,28-06-2023,New
CUST01470,Arjun Davis,,8906007418,NAGPUR,Maharashtra,2023/01/24,Regular
CUST01471,Aadhya Sharma,aadhya.sharma1471@yahoo.com,9841180257,Nashik,Maharashtra,2022/10/16,VIP
CUST01472,Arjun Brown,,8258207194,agra,Uttar Pradesh,31-10-2021,premium
CUST01473,Rohan Garcia,rohan.garcia1473@yahoo.com,6964408627,hyderabad,Telangana,08 Jun 2022,VIP
CUST01474,abigail wilson,abigail.wilson1474@outlook.com,8436104080,Nashik,Maharashtra,11/10/2023,New
CUST01475,Kiara Brown,kiara.brown1475@mail.com,9179870836,PUNE,Maharashtra,2022/09/10,Regular
CUST01476,John Garcia,john.garcia1476@mail.com,7854282710,Delhi,Delhi,19 Aug 2023,premium
CUST01477,Abigail Verma,abigail.verma1477@yahoo.com,8116977346,JAIPUR,Rajasthan,23-08-2023,Premium
CUST01478,Sophia Williams,sophia.williams1478@gmail.com,7177803614,Mumbai,Maharashtra,08 Jun 2022,regular
CUST01479,Charlotte Jones,charlotte.jones1479@yahoo.com,8746010657,PATNA,Bihar,2024/09/12,New
CUST01480,anaya jones,anaya.jones1480@outlook.com,6825218649,Nagpur,Maharashtra,04-01-2024,Regular
CUST01481,Sophia Jones,sophia.jones1481@mail.com,7884135737,Kolkata,West Bengal,14/08/2022,Regular
CUST01482,Kiara Verma,kiara.verma1482@yahoo.com,7784503779,Vadodara,Gujarat,26-01-2024,Premium
CUST01483,Aditya Miller,aditya.miller1483@yahoo.com,8869088091,kanpur,Uttar Pradesh,01/31/2023,regular
CUST01484,Arjun Anderson,arjun.anderson1484@mail.com,8684942314,Bengaluru,Karnataka,2023/11/26,premium
CUST01485,Myra Williams,myra.williams1485@outlook.com,7479548891,MUMBAI,Maharashtra,2021-07-22,New
CUST01486,Lucas Nair,lucas.nair1486@yahoo.com,88409,KOLKATA,West Bengal,19-10-2023,Regular
CUST01487,Aryan Davis,aryan.davis1487_at_yahoo.com,7833153976,jaipur,Rajasthan,2022-07-24,VIP
CUST01488,Henry Kumar,henry.kumar1488@gmail.com,6861781403,Hyderabad,Telangana,10/27/2023,VIP
CUST01489,IRA SHARMA,,7398981443,Bengaluru,Karnataka,23 Jul 2021,VIP
CUST01490,vivaan garcia,vivaan.garcia1490@outlook.com,9207215676,Hyderabad,Telangana,03/14/2024,VIP
CUST01491,Saanvi Davis,saanvi.davis1491@gmail.com,94851,Mumbai,Maharashtra,11/14/2024,VIP
CUST01492,Diya Gupta,diya.gupta1492@outlook.com,7271580966,Chennai,Tamil Nadu,2022-03-14,premium
CUST01493,Harper Reddy,harper.reddy1493@mail.com,8475639404,delhi,Delhi,03/03/2023,VIP
CUST01494,Diya Anderson,diya.anderson1494@outlook.com,9453918250,Lucknow,Uttar Pradesh,03/31/2023,regular
CUST01495,lucas garcia,lucas.garcia1495@yahoo.com,6396739691,Mumbai,Maharashtra,15 Oct 2022,Regular
CUST01496,Noah Sharma,noah.sharma1496@mail.com,9958212496,Surat,Gujarat,10/03/2022,Premium
CUST01497,Emma Rao,emma.rao1497@outlook.com,7890759554,Agra,Uttar Pradesh,26 Sep 2023,VIP
CUST01498,Reyansh Gupta,reyansh.gupta1498@yahoo.com,8119672496,Lucknow,Uttar Pradesh,28/01/2024,VIP
CUST01499,Ishaan Patel,ishaan.patel1499_at_mail.com,7669734831,Delhi,Delhi,24-01-2022,New
CUST01500,Myra Reddy,myra.reddy1500@mail.com,61652,Vadodara,Gujarat,2022-07-20,New
CUST01501,noah wilson,noah.wilson1501_at_yahoo.com,6401467271,Hyderabad,Telangana,09 Feb 2022,premium
CUST01502,Liam Wilson,liam.wilson1502@yahoo.com,7847250957,Delhi,Delhi,09 Sep 2022,Premium
CUST01503,Michael Kumar,michael.kumar1503@outlook.com,6650324388,Ludhiana,Punjab,2022/11/25,Premium
CUST01504,Henry Sharma,henry.sharma1504@gmail.com,7760862890,Nashik,Maharashtra,2023/02/13,New
CUST01505,Ira Nair,ira.nair1505@gmail.com,6724413505,Chennai,Tamil Nadu,04/11/2023,Premium
CUST01506,Aadhya Rao,aadhya.rao1506@mail.com,9840204610,Jaipur,Rajasthan,07-11-2022,New
CUST01507,Amelia Smith,amelia.smith1507@gmail.com,6490707021,Lucknow,Uttar Pradesh,12/24/2023,regular
CUST01508,Harper Patel,harper.patel1508@mail.com,8429191024,Patna,Bihar,2022-08-20,Regular
CUST01509,Mia Jones,mia.jones1509@mail.com,8439627700,Mumbai,Maharashtra,18-03-2024,regular
CUST01510,Diya Davis,diya.davis1510@outlook.com,8538945901,Nashik,Maharashtra,2023-05-12,Premium
CUST01511,Aadhya Patel,aadhya.patel1511@yahoo.com,6438294185,Bhopal,Madhya Pradesh,2022-10-15,New
CUST01512,benjamin kumar,benjamin.kumar1512@outlook.com,8237394847,Patna,Bihar,08/03/2024,Regular
CUST01513,Evelyn Iyer,evelyn.iyer1513@outlook.com,6144991551,Ahmedabad,Gujarat,2021-08-29,Regular
CUST01514,ira nair,ira.nair1514@outlook.com,6219353997,Hyderabad,Telangana,2024-07-17,regular
CUST01515,Aryan Miller,aryan.miller1515@gmail.com,6889138945,Ahmedabad,Gujarat,26-05-2022,Premium
CUST01516,Vivaan Johnson,vivaan.johnson1516@mail.com,7366644863,Jaipur,Rajasthan,14 Jul 2023,New
CUST01517,Rohan Brown,rohan.brown1517@yahoo.com,6635173347,Ludhiana,Punjab,06-11-2024,premium
CUST01518,charlotte brown,charlotte.brown1518@yahoo.com,7828398741,Delhi,Delhi,13-08-2021,regular
CUST01519,William Kumar,william.kumar1519@mail.com,8836213139,Delhi,Delhi,2024-08-13,VIP
CUST01520,MIA ANDERSON,mia.anderson1520@gmail.com,6125508865,BENGALURU,Karnataka,13-05-2023,premium
CUST01521,MYRA NAIR,myra.nair1521@outlook.com,6275653186,Nagpur,Maharashtra,2022/06/23,premium
CUST01522,Aadhya Wilson,aadhya.wilson1522@gmail.com,6940950983,ahmedabad,Gujarat,01/31/2022,Regular
CUST01523,ananya brown,ananya.brown1523@gmail.com,8256033604,Bhopal,Madhya Pradesh,2023-12-12,premium
CUST01524,Abigail Garcia,abigail.garcia1524@outlook.com,6947489355,ludhiana,Punjab,2022/04/08,Regular
CUST01525,Vivaan Patel,vivaan.patel1525@yahoo.com,9412605184,INDORE,Madhya Pradesh,03/07/2023,regular
CUST01526,Aarav Wilson,aarav.wilson1526@mail.com,6991543818,Bhopal,Madhya Pradesh,29/04/2022,premium
CUST01527,Mia Reddy,mia.reddy1527@mail.com,6631306826,Ludhiana,Punjab,2022/12/01,Regular
CUST01528,James Smith,james.smith1528@mail.com,9565978543,Nashik,Maharashtra,02-05-2024,regular
CUST01529,ARYAN WILLIAMS,aryan.williams1529@gmail.com,8530628139,BENGALURU,Karnataka,28/07/2023,New
CUST01530,Charlotte Patel,charlotte.patel1530@mail.com,6682772025,Kolkata,West Bengal,11/14/2021,premium
CUST01531,Liam Wilson,liam.wilson1531@outlook.com,8232296457,jaipur,Rajasthan,15/03/2022,regular
CUST01532,Pari Patel,pari.patel1532@mail.com,9762289174,JAIPUR,Rajasthan,2024/07/28,Regular
CUST01533,Aarav Davis,aarav.davis1533@mail.com,72831,Bhopal,Madhya Pradesh,12/01/2022,premium
CUST01534,AADHYA IYER,aadhya.iyer1534@mail.com,6741134027,AHMEDABAD,Gujarat,2023-02-06,VIP
CUST01535,henry sharma,henry.sharma1535@gmail.com,9632964809,Kanpur,Uttar Pradesh,11-08-2021,premium
CUST01536,RIYA WILSON,riya.wilson1536@mail.com,8855194295,Chennai,Tamil Nadu,21 Aug 2021,Regular
CUST01537,Liam Johnson,liam.johnson1537@mail.com,7787198747,Nashik,Maharashtra,10/27/2023,New
CUST01538,Anaya Singh,anaya.singh1538@outlook.com,7818278581,DELHI,Delhi,2023/01/12,Regular
CUST01539,Riya Verma,riya.verma1539@outlook.com,8355932228,Nashik,Maharashtra,09/28/2022,VIP
CUST01540,Alexander Jones,alexander.jones1540@mail.com,6923691492,VADODARA,Gujarat,04/01/2023,New
CUST01541,ADITYA JOHNSON,aditya.johnson1541@outlook.com,9395313844,Nashik,Maharashtra,25/08/2021,regular
CUST01542,Saanvi Rao,saanvi.rao1542@gmail.com,74550,nashik,Maharashtra,09/09/2024,regular
CUST01543,John Kumar,john.kumar1543@mail.com,9197204959,Delhi,Delhi,11 May 2024,New
CUST01544,Isabella Davis,isabella.davis1544@outlook.com,9360664643,agra,Uttar Pradesh,2023/10/06,Regular
CUST01545,Diya Nair,diya.nair1545@gmail.com,8258695504,Indore,Madhya Pradesh,12/09/2022,Premium
CUST01546,Rohan Sharma,rohan.sharma1546@outlook.com,8983298638,PATNA,Bihar,2024-07-11,Regular
CUST01547,riya miller,riya.miller1547@outlook.com,6427541829,Surat,Gujarat,2022-06-07,regular
CUST01548,Harper Nair,harper.nair1548@mail.com,9381589317,BHOPAL,Madhya Pradesh,25/06/2022,VIP
CUST01549,Aryan Anderson,aryan.anderson1549@yahoo.com,6765369356,Vadodara,Gujarat,12/03/2024,VIP
CUST01550,EMMA RAO,emma.rao1550@outlook.com,6914424256,Bengaluru,Karnataka,10-10-2022,New
CUST01551,Evelyn Reddy,evelyn.reddy1551@mail.com,7746464434,Bhopal,Madhya Pradesh,27 Apr 2023,premium
CUST01552,William Iyer,william.iyer1552@gmail.com,7945706949,Nashik,Maharashtra,10/24/2022,VIP
CUST01553,Arjun Johnson,arjun.johnson1553@mail.com,8852940586,Delhi,Delhi,24/01/2024,Regular
CUST01554,JOHN IYER,john.iyer1554@gmail.com,8582658418,Surat,Gujarat,2022/10/22,Premium
CUST01555,Charlotte Patel,charlotte.patel1555@mail.com,7590236437,Kanpur,Uttar Pradesh,2023-10-19,Premium
CUST01556,ARJUN REDDY,arjun.reddy1556@gmail.com,6679376355,Delhi,Delhi,02/09/2023,VIP
CUST01557,noah smith,noah.smith1557@mail.com,7860908072,Bengaluru,Karnataka,2024/05/20,Regular
CUST01558,Emma Kumar,emma.kumar1558@gmail.com,6564706101,Lucknow,Uttar Pradesh,22 Nov 2024,New
CUST01559,ira singh,ira.singh1559@yahoo.com,7582118154,Lucknow,Uttar Pradesh,2022/04/26,Regular
CUST01560,Abigail Garcia,abigail.garcia1560@mail.com,8325065070,Mumbai,Maharashtra,14/08/2022,VIP
CUST01561,Benjamin Miller,benjamin.miller1561@mail.com,7299879835,VADODARA,Gujarat,18-01-2024,premium
CUST01562,Noah Miller,noah.miller1562@mail.com,6185892425,mumbai,Maharashtra,25-09-2023,Premium
CUST01563,Michael Johnson,michael.johnson1563@mail.com,8307100976,Ahmedabad,Gujarat,2023-12-29,VIP
CUST01564,Myra Smith,myra.smith1564@outlook.com,9235105839,Pune,Maharashtra,03/01/2022,Premium
CUST01565,Vivaan Rao,vivaan.rao1565@yahoo.com,8455480893,Surat,Gujarat,2023/10/03,regular
CUST01566,Evelyn Jones,evelyn.jones1566@mail.com,9546213863,Ludhiana,Punjab,2024/06/19,Regular
CUST01567,Riya Williams,riya.williams1567@mail.com,7508143904,Surat,Gujarat,2023/01/06,regular
CUST01568,Charlotte Iyer,charlotte.iyer1568@yahoo.com,9840649545,Ludhiana,Punjab,2024/10/30,New
CUST01569,aarav brown,aarav.brown1569@yahoo.com,7725651911,Jaipur,Rajasthan,2022-05-07,VIP
CUST01570,ALEXANDER SMITH,alexander.smith1570@yahoo.com,9342009512,PUNE,Maharashtra,2024/09/06,regular
CUST01571,Charlotte Patel,charlotte.patel1571@mail.com,7555586900,DELHI,Delhi,02 Apr 2023,regular
CUST01572,Kabir Johnson,kabir.johnson1572@yahoo.com,8450122924,Mumbai,Maharashtra,06 Mar 2022,premium
CUST01573,Arjun Smith,arjun.smith1573@mail.com,7596798815,Agra,Uttar Pradesh,10/02/2023,New
CUST01574,Olivia Johnson,olivia.johnson1574@gmail.com,8839087567,Ahmedabad,Gujarat,11/08/2024,premium
CUST01575,Riya Patel,riya.patel1575@yahoo.com,7240640266,Kanpur,Uttar Pradesh,04 Apr 2022,Regular
CUST01576,Noah Singh,noah.singh1576@gmail.com,9755259962,Chennai,Tamil Nadu,21/12/2021,New
CUST01577,john kumar,john.kumar1577@gmail.com,8608507254,Nashik,Maharashtra,03 Dec 2022,VIP
CUST01578,Vihaan Reddy,vihaan.reddy1578@outlook.com,9943718307,surat,Gujarat,21-01-2023,Regular
CUST01579,Isabella Iyer,isabella.iyer1579@outlook.com,9718340557,Chennai,Tamil Nadu,2021/12/13,regular
CUST01580,LIAM WILSON,liam.wilson1580@outlook.com,9403131401,Patna,Bihar,2024/11/10,New
CUST01581,Aryan Smith,aryan.smith1581@outlook.com,9939374575,Surat,Gujarat,10/05/2022,New
CUST01582,myra anderson,myra.anderson1582@mail.com,6687191522,CHENNAI,Tamil Nadu,2024-03-21,Premium
CUST01583,Saanvi Anderson,saanvi.anderson1583@gmail.com,93402,surat,Gujarat,09 Oct 2024,New
CUST01584,VIHAAN GARCIA,vihaan.garcia1584@gmail.com,7969268634,Kolkata,West Bengal,09 Feb 2022,regular
CUST01585,Aryan Patel,aryan.patel1585@yahoo.com,8201039298,Ahmedabad,Gujarat,10/06/2022,VIP
CUST01586,IRA PATEL,ira.patel1586@mail.com,8841721188,Agra,Uttar Pradesh,12/20/2021,regular
CUST01587,John Sharma,john.sharma1587@gmail.com,8124616875,Pune,Maharashtra,12/24/2022,New
CUST01588,Amelia Miller,amelia.miller1588@mail.com,6587244650,Ahmedabad,Gujarat,18-06-2023,premium
CUST01589,William Reddy,william.reddy1589@gmail.com,6789868119,Bengaluru,Karnataka,2021-12-22,premium
CUST01590,BENJAMIN SHARMA,benjamin.sharma1590@yahoo.com,6928376932,Indore,Madhya Pradesh,10 Sep 2023,VIP
CUST01591,Alexander Williams,alexander.williams1591@mail.com,8922344427,Bhopal,Madhya Pradesh,14/10/2021,Regular
CUST01592,aarav sharma,aarav.sharma1592@mail.com,9700686670,Pune,Maharashtra,06/23/2022,Premium
CUST01593,Lucas Miller,lucas.miller1593@outlook.com,8768996152,Chennai,Tamil Nadu,26 Oct 2022,VIP
CUST01594,Aryan Davis,aryan.davis1594@outlook.com,8836476019,Lucknow,Uttar Pradesh,28-12-2022,New
CUST01595,Kabir Wilson,kabir.wilson1595@mail.com,7657680283,Pune,Maharashtra,09 Nov 2023,VIP
CUST01596,Diya Williams,diya.williams1596@yahoo.com,9134941234,Pune,Maharashtra,10/05/2023,New
CUST01597,PARI DAVIS,pari.davis1597@mail.com,7205511157,patna,Bihar,12/12/2021,Premium
CUST01598,SAANVI WILSON,saanvi.wilson1598@mail.com,7484775654,Mumbai,Maharashtra,30/04/2024,Regular
CUST01599,Olivia Jones,olivia.jones1599@yahoo.com,8854891556,BENGALURU,Karnataka,10/11/2021,VIP
CUST01600,Vivaan Reddy,vivaan.reddy1600@mail.com,8529140922,Mumbai,Maharashtra,04/27/2023,New
CUST01601,ANAYA SINGH,anaya.singh1601@mail.com,7936281472,pune,Maharashtra,2024-04-03,VIP
CUST01602,pari smith,pari.smith1602@outlook.com,7824310998,INDORE,Madhya Pradesh,2021-08-12,Regular
CUST01603,James Kumar,james.kumar1603@yahoo.com,8661201193,Agra,Uttar Pradesh,2024/02/05,New
CUST01604,Benjamin Reddy,benjamin.reddy1604@mail.com,7806651177,Delhi,Delhi,2024-09-16,New
CUST01605,EVELYN REDDY,evelyn.reddy1605@outlook.com,9536355289,kanpur,Uttar Pradesh,2021/08/21,regular
CUST01606,VIVAAN IYER,vivaan.iyer1606@outlook.com,7302743323,Patna,Bihar,01/20/2024,Regular
CUST01607,Emma Wilson,emma.wilson1607@outlook.com,8737714362,Jaipur,Rajasthan,19/01/2023,regular
CUST01608,Reyansh Miller,reyansh.miller1608@outlook.com,7280985702,Mumbai,Maharashtra,2022/01/30,VIP
CUST01609,Benjamin Reddy,benjamin.reddy1609@outlook.com,7848524398,AGRA,Uttar Pradesh,06/27/2022,Premium
CUST01610,Harper Iyer,harper.iyer1610@yahoo.com,6871410381,Delhi,Delhi,2021-10-01,Regular
CUST01611,abigail rao,abigail.rao1611@outlook.com,8143974140,Agra,Uttar Pradesh,22/02/2023,regular
CUST01612,Kiara Smith,kiara.smith1612@outlook.com,8787094626,Chennai,Tamil Nadu,2024/06/14,VIP
CUST01613,Harper Gupta,harper.gupta1613@yahoo.com,7506257861,Bhopal,Madhya Pradesh,07 Feb 2024,Regular
CUST01614,Arjun Davis,arjun.davis1614@mail.com,7178366314,MUMBAI,Maharashtra,03/09/2024,premium
CUST01615,Ira Williams,ira.williams1615@outlook.com,9210671759,Vadodara,Gujarat,21/10/2022,Regular
CUST01616,Ira Miller,ira.miller1616@yahoo.com,7862838044,Patna,Bihar,2024/02/28,New
CUST01617,AARAV VERMA,aarav.verma1617@mail.com,8465756137,Lucknow,Uttar Pradesh,26 Dec 2021,Premium
CUST01618,HARPER SINGH,harper.singh1618@yahoo.com,9759819416,Nagpur,Maharashtra,06/10/2023,premium
CUST01619,Myra Garcia,myra.garcia1619@yahoo.com,7593249310,Surat,Gujarat,,premium
CUST01620,Aarav Reddy,aarav.reddy1620_at_mail.com,95799,Pune,Maharashtra,09 Mar 2024,regular
CUST01621,James Brown,james.brown1621@yahoo.com,9712718970,Vadodara,Gujarat,2022/10/08,New
CUST01622,Isabella Miller,isabella.miller1622@outlook.com,8761092866,delhi,Delhi,12/02/2024,New
CUST01623,BENJAMIN KUMAR,benjamin.kumar1623@mail.com,7196435175,Vadodara,Gujarat,09/05/2022,regular
CUST01624,henry johnson,henry.johnson1624@gmail.com,8429994450,Ahmedabad,Gujarat,04/16/2022,Regular
CUST01625,aadhya verma,aadhya.verma1625@yahoo.com,7470777296,Kanpur,Uttar Pradesh,2023/12/09,Premium
CUST01626,Mia Nair,mia.nair1626@gmail.com,9564587184,Ahmedabad,Gujarat,15/04/2022,New
CUST01627,Emma Garcia,emma.garcia1627@yahoo.com,9166409609,Kanpur,Uttar Pradesh,18 Aug 2022,VIP
CUST01628,Diya Kumar,diya.kumar1628@mail.com,7239069405,Kanpur,Uttar Pradesh,12-09-2023,Premium
CUST01629,Aadhya Miller,aadhya.miller1629@yahoo.com,82095,Pune,Maharashtra,2024-02-05,premium
CUST01630,evelyn rao,evelyn.rao1630@yahoo.com,9319487821,Mumbai,Maharashtra,14-12-2022,Premium
CUST01631,Lucas Davis,lucas.davis1631@yahoo.com,9237312945,patna,Bihar,10-07-2024,premium
CUST01632,EVELYN DAVIS,evelyn.davis1632@outlook.com,9612731589,Agra,Uttar Pradesh,2023/08/13,regular
CUST01633,Olivia Johnson,olivia.johnson1633@outlook.com,8202927908,ludhiana,Punjab,0000-00-00,VIP
CUST01634,Myra Kumar,myra.kumar1634@mail.com,6660917085,NASHIK,Maharashtra,07 Aug 2022,New
CUST01635,Henry Verma,henry.verma1635@yahoo.com,6826857206,KOLKATA,West Bengal,21-08-2022,Regular
CUST01636,NOAH JOHNSON,noah.johnson1636@mail.com,9831148751,Mumbai,Maharashtra,2022/03/03,New
CUST01637,Sophia Verma,sophia.verma1637@mail.com,7630656408,Bengaluru,Karnataka,14-02-2023,regular
CUST01638,evelyn johnson,,7298855373,Patna,Bihar,04 Aug 2023,Premium
CUST01639,Kiara Jones,kiara.jones1639@outlook.com,6344654366,jaipur,Rajasthan,25-11-2024,New
CUST01640,michael smith,michael.smith1640@outlook.com,7313015750,DELHI,Delhi,2024/05/01,VIP
CUST01641,Vivaan Kumar,vivaan.kumar1641@mail.com,6337777259,Chennai,Tamil Nadu,03-06-2023,premium
CUST01642,Ananya Singh,ananya.singh1642@yahoo.com,7705891322,Bengaluru,Karnataka,04 Nov 2023,premium
CUST01643,Alexander Sharma,alexander.sharma1643@outlook.com,9902933277,Ahmedabad,Gujarat,09 Oct 2023,New
CUST01644,Diya Miller,diya.miller1644@outlook.com,7198103184,Indore,Madhya Pradesh,10/12/2021,regular
CUST01645,james rao,james.rao1645@outlook.com,9406622147,Patna,Bihar,02 Nov 2022,premium
CUST01646,Anaya Miller,anaya.miller1646@yahoo.com,6924755606,Delhi,Delhi,2023/04/12,Premium
CUST01647,Isabella Johnson,isabella.johnson1647@gmail.com,7894730104,Bengaluru,Karnataka,12-10-2024,regular
CUST01648,Pari Iyer,pari.iyer1648@outlook.com,6645580284,Kolkata,West Bengal,2024-04-10,Regular
CUST01649,aditya davis,aditya.davis1649@mail.com,8384775347,Surat,Gujarat,03/10/2022,New
CUST01650,KABIR SINGH,kabir.singh1650@gmail.com,8641599563,Mumbai,Maharashtra,17/05/2024,regular
CUST01651,Riya Williams,riya.williams1651_at_mail.com,9327566219,Jaipur,Rajasthan,05 Dec 2023,New
CUST01652,Reyansh Brown,reyansh.brown1652@gmail.com,7147544994,Pune,Maharashtra,03/09/2024,premium
CUST01653,James Davis,james.davis1653@gmail.com,9145532188,surat,Gujarat,21-02-2022,New
CUST01654,Lucas Brown,lucas.brown1654_at_mail.com,7438930285,Mumbai,Maharashtra,23-05-2022,regular
CUST01655,Aarav Gupta,aarav.gupta1655@gmail.com,7600039145,Ludhiana,Punjab,2021/12/21,New
CUST01656,ALEXANDER RAO,alexander.rao1656@gmail.com,7138850168,Lucknow,Uttar Pradesh,17 Feb 2022,regular
CUST01657,Henry Brown,henry.brown1657@mail.com,6182466503,Ludhiana,Punjab,08 Jul 2021,premium
CUST01658,saanvi garcia,saanvi.garcia1658_at_outlook.com,9744419648,AHMEDABAD,Gujarat,07-10-2024,Premium
CUST01659,MICHAEL SINGH,michael.singh1659@yahoo.com,7144397688,Kolkata,West Bengal,02/18/2024,premium
CUST01660,Harper Johnson,harper.johnson1660@mail.com,9517320341,Bengaluru,Karnataka,0000-00-00,VIP
CUST01661,AADHYA VERMA,aadhya.verma1661@mail.com,9560985529,Bengaluru,Karnataka,2022/05/25,Regular
CUST01662,REYANSH GUPTA,reyansh.gupta1662@yahoo.com,8829658251,Nashik,Maharashtra,11 Sep 2022,Premium
CUST01663,Noah Miller,noah.miller1663@yahoo.com,8223504047,Lucknow,Uttar Pradesh,2024/10/25,VIP
CUST01664,Ishaan Sharma,ishaan.sharma1664@mail.com,66879,SURAT,Gujarat,20-06-2023,Regular
CUST01665,myra brown,myra.brown1665@gmail.com,7933195802,Ludhiana,Punjab,07/12/2021,New
CUST01666,Lucas Patel,lucas.patel1666@mail.com,8393319570,Lucknow,Uttar Pradesh,,New
CUST01667,emma davis,emma.davis1667@gmail.com,6381616407,Indore,Madhya Pradesh,13 Oct 2024,regular
CUST01668,Michael Wilson,michael.wilson1668@gmail.com,7183938732,Nashik,Maharashtra,2021/07/17,New
CUST01669,Isabella Singh,isabella.singh1669@outlook.com,7587628422,Nagpur,Maharashtra,04-11-2024,Regular
CUST01670,Sophia Rao,sophia.rao1670@mail.com,6232567157,Surat,Gujarat,23-07-2023,regular
CUST01671,WILLIAM KUMAR,william.kumar1671@mail.com,6515480357,ludhiana,Punjab,10 Sep 2023,VIP
CUST01672,pari williams,pari.williams1672@mail.com,6496831088,patna,Bihar,16/03/2024,premium
CUST01673,Charlotte Kumar,charlotte.kumar1673@yahoo.com,7258869891,Kolkata,West Bengal,,Premium
CUST01674,JOHN DAVIS,john.davis1674@outlook.com,6293008105,Delhi,Delhi,2023/05/11,Premium
CUST01675,Emma Reddy,emma.reddy1675@gmail.com,7498859500,Mumbai,Maharashtra,20/04/2023,regular
CUST01676,Kiara Kumar,kiara.kumar1676@yahoo.com,9749110817,Ahmedabad,Gujarat,12-09-2024,New
CUST01677,Pari Patel,pari.patel1677@outlook.com,6649749055,Kolkata,West Bengal,2024/01/24,VIP
CUST01678,Aditya Kumar,aditya.kumar1678@gmail.com,8344905498,Patna,Bihar,11 Dec 2024,regular
CUST01679,Ishaan Sharma,ishaan.sharma1679@gmail.com,8433646237,Indore,Madhya Pradesh,05/20/2023,VIP
CUST01680,Emma Johnson,emma.johnson1680@mail.com,7236898431,SURAT,Gujarat,2024/04/08,regular
CUST01681,Charlotte Kumar,charlotte.kumar1681@outlook.com,8786544697,Lucknow,Uttar Pradesh,2022/02/09,Regular
CUST01682,Ananya Garcia,ananya.garcia1682@gmail.com,7461216890,Ludhiana,Punjab,2024-05-29,Premium
CUST01683,Benjamin Williams,benjamin.williams1683@mail.com,9671527981,Ludhiana,Punjab,25 Mar 2024,New
CUST01684,rohan verma,rohan.verma1684@mail.com,8869639577,Ludhiana,Punjab,2023/06/22,regular
CUST01685,Rohan Gupta,rohan.gupta1685@gmail.com,9375870677,JAIPUR,Rajasthan,09/08/2022,Regular
CUST01686,Riya Johnson,riya.johnson1686@yahoo.com,6428448079,bhopal,Madhya Pradesh,15 Mar 2023,New
CUST01687,liam gupta,liam.gupta1687@gmail.com,8979059360,Jaipur,Rajasthan,16 Sep 2024,VIP
CUST01688,Reyansh Sharma,reyansh.sharma1688@gmail.com,7342973406,Nashik,Maharashtra,2024/10/25,VIP
CUST01689,Harper Brown,harper.brown1689@gmail.com,9999655565,Vadodara,Gujarat,19-09-2023,Regular
CUST01690,Henry Wilson,henry.wilson1690@yahoo.com,6569337854,pune,Maharashtra,2024-05-04,Premium
CUST01691,Myra Reddy,myra.reddy1691@gmail.com,7383509352,Bhopal,Madhya Pradesh,13/07/2021,New
CUST01692,AMELIA REDDY,amelia.reddy1692@mail.com,6876376627,Jaipur,Rajasthan,06/28/2021,VIP
CUST01693,Michael Williams,michael.williams1693_at_gmail.com,6869925101,ludhiana,Punjab,2022/04/27,Regular
CUST01694,Rohan Gupta,rohan.gupta1694@yahoo.com,8616213582,Jaipur,Rajasthan,03-12-2023,Premium
CUST01695,Diya Sharma,diya.sharma1695@outlook.com,6711947172,Delhi,Delhi,16/09/2023,VIP
CUST01696,Aadhya Gupta,aadhya.gupta1696@yahoo.com,7320744105,Vadodara,Gujarat,2023-01-03,regular
CUST01697,Ira Brown,ira.brown1697@outlook.com,82270,NAGPUR,Maharashtra,,VIP
CUST01698,Harper Iyer,harper.iyer1698@mail.com,9189296072,Lucknow,Uttar Pradesh,13 Sep 2024,New
CUST01699,olivia wilson,olivia.wilson1699@outlook.com,6716121956,Hyderabad,Telangana,16/08/2022,VIP
CUST01700,Ananya Miller,ananya.miller1700@mail.com,6624110579,kolkata,West Bengal,24/06/2023,regular
CUST01701,Anaya Anderson,anaya.anderson1701@gmail.com,9688116102,Surat,Gujarat,16-06-2022,VIP
CUST01702,ALEXANDER SHARMA,alexander.sharma1702@mail.com,9135603000,Bengaluru,Karnataka,2022-09-16,regular
CUST01703,ANANYA REDDY,ananya.reddy1703@mail.com,8914047367,Agra,Uttar Pradesh,02 Nov 2024,Regular
CUST01704,Ishaan Williams,ishaan.williams1704@outlook.com,9434863746,Nashik,Maharashtra,26-08-2024,Regular
CUST01705,Vivaan Williams,vivaan.williams1705@mail.com,6815441398,Bhopal,Madhya Pradesh,2022-06-21,Regular
CUST01706,Diya Jones,diya.jones1706@yahoo.com,8161348078,nagpur,Maharashtra,20/08/2024,regular
CUST01707,abigail miller,abigail.miller1707@gmail.com,7488599931,Bhopal,Madhya Pradesh,,Premium
CUST01708,Kabir Smith,kabir.smith1708@outlook.com,6825771480,Chennai,Tamil Nadu,10 Oct 2023,Regular
CUST01709,Noah Garcia,noah.garcia1709@mail.com,7823219092,Kolkata,West Bengal,26 May 2023,regular
CUST01710,Myra Reddy,myra.reddy1710@mail.com,9280620796,Ahmedabad,Gujarat,14/03/2024,VIP
CUST01711,ANAYA SMITH,anaya.smith1711@mail.com,7979678856,Jaipur,Rajasthan,2023/12/08,premium
CUST01712,kiara nair,kiara.nair1712@mail.com,9869766707,Jaipur,Rajasthan,02 Aug 2021,New
CUST01713,harper nair,harper.nair1713@mail.com,7457304940,Pune,Maharashtra,2023-12-05,New
CUST01714,liam davis,liam.davis1714@gmail.com,8883184224,Nagpur,Maharashtra,15-09-2024,Premium
CUST01715,WILLIAM RAO,william.rao1715@gmail.com,9609725187,KOLKATA,West Bengal,10/06/2021,New
CUST01716,Anaya Sharma,anaya.sharma1716@outlook.com,8537669307,Pune,Maharashtra,10-06-2024,VIP
CUST01717,Sophia Jones,sophia.jones1717@outlook.com,6563731500,pune,Maharashtra,05 Sep 2022,Premium
CUST01718,anaya gupta,anaya.gupta1718@outlook.com,7978494502,Delhi,Delhi,2021-12-13,Regular
CUST01719,Lucas Gupta,lucas.gupta1719@outlook.com,7735546816,Patna,Bihar,16-08-2024,premium
CUST01720,Vivaan Brown,vivaan.brown1720@gmail.com,7580163611,Kanpur,Uttar Pradesh,19-12-2022,premium
CUST01721,Vivaan Johnson,vivaan.johnson1721@yahoo.com,6131131342,Vadodara,Gujarat,02/03/2024,New
CUST01722,lucas gupta,lucas.gupta1722@yahoo.com,6201847444,Agra,Uttar Pradesh,25/01/2022,Premium
CUST01723,Evelyn Davis,evelyn.davis1723@outlook.com,8366782407,Vadodara,Gujarat,2023-12-15,Regular
CUST01724,Arjun Verma,arjun.verma1724@mail.com,9979040076,Delhi,Delhi,26 Mar 2024,Regular
CUST01725,Ira Jones,ira.jones1725@outlook.com,9344811018,Kanpur,Uttar Pradesh,2024/01/18,Premium
CUST01726,Aarav Rao,aarav.rao1726@outlook.com,97596,Hyderabad,Telangana,2023/12/27,regular
CUST01727,Anaya Iyer,anaya.iyer1727@gmail.com,7901132345,Jaipur,Rajasthan,2022/12/01,New
CUST01728,John Wilson,john.wilson1728@yahoo.com,9595174981,Kanpur,Uttar Pradesh,24-11-2023,Regular
CUST01729,Abigail Verma,abigail.verma1729@gmail.com,9239939262,nashik,Maharashtra,10 Dec 2024,VIP
CUST01730,Saanvi Iyer,saanvi.iyer1730@outlook.com,7103454272,MUMBAI,Maharashtra,03/12/2023,regular
CUST01731,VIHAAN SINGH,vihaan.singh1731@mail.com,9256733548,Nashik,Maharashtra,,Premium
CUST01732,Riya Kumar,riya.kumar1732@yahoo.com,88513,NAGPUR,Maharashtra,09 May 2024,Premium
CUST01733,Aditya Wilson,aditya.wilson1733@yahoo.com,7419246769,Bhopal,Madhya Pradesh,09/03/2022,regular
CUST01734,Myra Wilson,myra.wilson1734@yahoo.com,7354157021,Hyderabad,Telangana,2023/07/22,Regular
CUST01735,Noah Kumar,noah.kumar1735@mail.com,7205727707,Chennai,Tamil Nadu,27 Jun 2023,New
CUST01736,reyansh smith,reyansh.smith1736@outlook.com,9717602891,Nashik,Maharashtra,04/18/2023,New
CUST01737,EMMA SHARMA,emma.sharma1737@outlook.com,9865574996,mumbai,Maharashtra,04/25/2024,regular
CUST01738,Aditya Iyer,aditya.iyer1738@outlook.com,6739584741,Kanpur,Uttar Pradesh,06-06-2023,regular
CUST01739,Emma Davis,emma.davis1739@gmail.com,8813015216,Bhopal,Madhya Pradesh,2023/04/21,New
CUST01740,CHARLOTTE NAIR,charlotte.nair1740@outlook.com,7860251497,kolkata,West Bengal,03 May 2024,VIP
CUST01741,Kiara Miller,,9863102777,Lucknow,Uttar Pradesh,30/06/2023,regular
CUST01742,James Jones,james.jones1742@outlook.com,9568556116,Kolkata,West Bengal,08/12/2024,New
CUST01743,Emma Johnson,,8933785479,BHOPAL,Madhya Pradesh,06/12/2022,regular
CUST01744,Aryan Kumar,aryan.kumar1744@mail.com,7311896936,surat,Gujarat,2023-07-08,Regular
CUST01745,Vihaan Verma,vihaan.verma1745@outlook.com,8948584327,Kanpur,Uttar Pradesh,12/10/2024,New
CUST01746,KABIR BROWN,kabir.brown1746@yahoo.com,6850927218,Indore,Madhya Pradesh,12 Oct 2023,regular
CUST01747,Aarav Rao,aarav.rao1747@gmail.com,9415361317,Patna,Bihar,13 Dec 2021,New
CUST01748,Saanvi Patel,saanvi.patel1748@mail.com,6149634628,Nashik,Maharashtra,24 Oct 2022,Regular
CUST01749,AMELIA DAVIS,,9135875791,LUDHIANA,Punjab,23-07-2022,regular
CUST01750,Saanvi Williams,saanvi.williams1750@outlook.com,8836557272,Pune,Maharashtra,2022-09-02,regular
CUST01751,aarav iyer,aarav.iyer1751@mail.com,9700863437,Kolkata,West Bengal,31 May 2024,New
CUST01752,james jones,james.jones1752@mail.com,7963701556,Mumbai,Maharashtra,02-07-2024,Premium
CUST01753,Sophia Brown,sophia.brown1753@outlook.com,6429589436,mumbai,Maharashtra,2022/11/24,VIP
CUST01754,Charlotte Anderson,charlotte.anderson1754@mail.com,7656502319,Ludhiana,Punjab,11 Feb 2024,VIP
CUST01755,Ira Williams,ira.williams1755@mail.com,7512340708,kolkata,West Bengal,23/08/2024,regular
CUST01756,Isabella Williams,isabella.williams1756@outlook.com,7110991797,Nagpur,Maharashtra,09/21/2024,Regular
CUST01757,Evelyn Williams,evelyn.williams1757@mail.com,9230712174,Ludhiana,Punjab,22-06-2022,Premium
CUST01758,Rohan Nair,rohan.nair1758@mail.com,9343263101,pune,Maharashtra,03/06/2024,premium
CUST01759,Arjun Reddy,arjun.reddy1759@mail.com,7632331549,Delhi,Delhi,10/12/2022,New
CUST01760,BENJAMIN WILLIAMS,benjamin.williams1760@outlook.com,6703037523,Delhi,Delhi,06/07/2023,New
CUST01761,LIAM BROWN,liam.brown1761@outlook.com,7330677893,Pune,Maharashtra,20/05/2022,VIP
CUST01762,michael reddy,michael.reddy1762@outlook.com,9413360097,Vadodara,Gujarat,15/11/2023,VIP
CUST01763,Kiara Smith,kiara.smith1763@gmail.com,7820126282,MUMBAI,Maharashtra,12-05-2023,VIP
CUST01764,Harper Smith,harper.smith1764@gmail.com,8299318337,Agra,Uttar Pradesh,05-04-2024,VIP
CUST01765,Charlotte Wilson,charlotte.wilson1765@gmail.com,8688375406,Nagpur,Maharashtra,2021-09-06,premium
CUST01766,Charlotte Verma,charlotte.verma1766@gmail.com,9667735459,Bhopal,Madhya Pradesh,10 Feb 2023,regular
CUST01767,Emma Kumar,emma.kumar1767_at_mail.com,6202738319,Surat,Gujarat,30-08-2022,New
CUST01768,Aarav Miller,aarav.miller1768@mail.com,7232610028,indore,Madhya Pradesh,19-11-2021,Regular
CUST01769,Harper Wilson,harper.wilson1769@mail.com,8983803428,surat,Gujarat,17/12/2023,Premium
CUST01770,abigail kumar,abigail.kumar1770@mail.com,8544279752,kanpur,Uttar Pradesh,2023-09-08,Regular
CUST01771,Michael Smith,michael.smith1771@gmail.com,6449892997,Ahmedabad,Gujarat,2023/10/25,VIP
CUST01772,Liam Verma,liam.verma1772@yahoo.com,9108271710,Kanpur,Uttar Pradesh,2023-11-26,regular
CUST01773,Arjun Patel,arjun.patel1773@yahoo.com,6587092224,Nashik,Maharashtra,03-08-2022,Premium
CUST01774,Aadhya Iyer,aadhya.iyer1774@gmail.com,7888208090,Lucknow,Uttar Pradesh,11/29/2021,VIP
CUST01775,Diya Kumar,diya.kumar1775@gmail.com,8391423873,Jaipur,Rajasthan,2023/10/07,premium
CUST01776,Kabir Wilson,kabir.wilson1776@gmail.com,9931951286,Bengaluru,Karnataka,07/04/2023,premium
CUST01777,Alexander Iyer,alexander.iyer1777@yahoo.com,8340808551,Kolkata,West Bengal,15/10/2022,Regular
CUST01778,Diya Jones,diya.jones1778_at_gmail.com,7228331462,JAIPUR,Rajasthan,2022/10/05,VIP
CUST01779,Mia Sharma,mia.sharma1779@outlook.com,8466155656,Nashik,Maharashtra,28-05-2022,regular
CUST01780,Henry Miller,henry.miller1780@gmail.com,7508754444,BHOPAL,Madhya Pradesh,30 Jul 2023,regular
CUST01781,Kiara Wilson,kiara.wilson1781@yahoo.com,9836190949,Kanpur,Uttar Pradesh,04 Oct 2024,Regular
CUST01782,Arjun Miller,arjun.miller1782@yahoo.com,6129989456,Jaipur,Rajasthan,2023/02/19,Regular
CUST01783,MICHAEL KUMAR,michael.kumar1783@outlook.com,76015,patna,Bihar,06-08-2023,New
CUST01784,Liam Garcia,liam.garcia1784@outlook.com,8583362893,Chennai,Tamil Nadu,2023/10/04,Regular
CUST01785,Arjun Gupta,arjun.gupta1785@mail.com,9128335562,PUNE,Maharashtra,24/11/2023,Regular
CUST01786,AARAV GARCIA,aarav.garcia1786@gmail.com,8245958019,Nagpur,Maharashtra,2022/05/25,regular
CUST01787,Amelia Jones,amelia.jones1787@mail.com,9190867372,Agra,Uttar Pradesh,2024-01-21,Premium
CUST01788,Emma Brown,,6582752335,Lucknow,Uttar Pradesh,2024/10/14,New
CUST01789,Evelyn Singh,evelyn.singh1789@yahoo.com,9319743713,Pune,Maharashtra,2024/08/23,premium
CUST01790,Abigail Singh,abigail.singh1790@outlook.com,9555712924,jaipur,Rajasthan,25 May 2024,VIP
CUST01791,Rohan Gupta,rohan.gupta1791@mail.com,6402959443,Nashik,Maharashtra,16 Oct 2022,New
CUST01792,Emma Garcia,emma.garcia1792@outlook.com,6748980793,Patna,Bihar,2022-02-24,Premium
CUST01793,Vihaan Williams,vihaan.williams1793@outlook.com,8509657880,Hyderabad,Telangana,09 Sep 2024,Regular
CUST01794,OLIVIA IYER,olivia.iyer1794@gmail.com,6697871670,Lucknow,Uttar Pradesh,2023/08/29,regular
CUST01795,olivia iyer,olivia.iyer1795@yahoo.com,6840394317,Ahmedabad,Gujarat,10/22/2024,premium
CUST01796,Noah Gupta,noah.gupta1796@gmail.com,8411796187,hyderabad,Telangana,27-12-2023,Premium
CUST01797,Aadhya Patel,aadhya.patel1797@mail.com,7108670337,Agra,Uttar Pradesh,03/01/2023,premium
CUST01798,Vihaan Smith,vihaan.smith1798@outlook.com,6878216445,AGRA,Uttar Pradesh,23-11-2021,VIP
CUST01799,Myra Rao,myra.rao1799@outlook.com,9173776438,PATNA,Bihar,06/05/2023,Regular
CUST01800,abigail nair,abigail.nair1800@gmail.com,7583943298,indore,Madhya Pradesh,2022-07-01,regular
CUST01801,William Jones,william.jones1801@gmail.com,7117794810,jaipur,Rajasthan,2022-09-24,regular
CUST01802,arjun sharma,arjun.sharma1802@outlook.com,6379648060,Kanpur,Uttar Pradesh,2023-01-06,regular
CUST01803,Amelia Patel,amelia.patel1803@mail.com,9329918068,Agra,Uttar Pradesh,30-10-2022,New
CUST01804,Noah Patel,noah.patel1804@gmail.com,9302563717,Kanpur,Uttar Pradesh,09/03/2023,Regular
CUST01805,Saanvi Williams,saanvi.williams1805@yahoo.com,7404762660,Chennai,Tamil Nadu,21/06/2021,Premium
CUST01806,William Anderson,william.anderson1806@yahoo.com,7104258484,bengaluru,Karnataka,12/12/2023,Premium
CUST01807,Vihaan Anderson,vihaan.anderson1807@outlook.com,9873891172,Indore,Madhya Pradesh,2021-09-26,Premium
CUST01808,Henry Johnson,henry.johnson1808@gmail.com,9378913646,bengaluru,Karnataka,2022/06/13,Regular
CUST01809,Emma Williams,emma.williams1809@gmail.com,7568283033,Bengaluru,Karnataka,2024-06-01,premium
CUST01810,Diya Brown,diya.brown1810@mail.com,8656078651,Nashik,Maharashtra,30/10/2021,New
CUST01811,Benjamin Anderson,benjamin.anderson1811@gmail.com,8707544198,Lucknow,Uttar Pradesh,13-06-2022,premium
CUST01812,Evelyn Gupta,evelyn.gupta1812@gmail.com,7640926620,hyderabad,Telangana,18 Jan 2023,Regular
CUST01813,Sophia Wilson,sophia.wilson1813@yahoo.com,8542583515,MUMBAI,Maharashtra,02/17/2022,Premium
CUST01814,Aditya Kumar,aditya.kumar1814@gmail.com,7853595916,Nashik,Maharashtra,10/04/2024,regular
CUST01815,Lucas Patel,lucas.patel1815@yahoo.com,9365528784,Bhopal,Madhya Pradesh,15/04/2023,regular
CUST01816,HENRY GUPTA,henry.gupta1816@outlook.com,9701023171,Hyderabad,Telangana,02-01-2022,Premium
CUST01817,Michael Williams,michael.williams1817@yahoo.com,8683196777,Mumbai,Maharashtra,26/02/2022,Premium
CUST01818,sophia miller,sophia.miller1818@gmail.com,8110767117,Lucknow,Uttar Pradesh,11/02/2022,New
CUST01819,Benjamin Miller,benjamin.miller1819@mail.com,8799878663,Agra,Uttar Pradesh,06/15/2024,VIP
CUST01820,Liam Rao,liam.rao1820@gmail.com,6622691997,bengaluru,Karnataka,04/09/2021,VIP
CUST01821,vihaan sharma,vihaan.sharma1821@yahoo.com,71784,Nashik,Maharashtra,20-03-2024,Premium
CUST01822,Ananya Brown,ananya.brown1822@outlook.com,8737295639,Indore,Madhya Pradesh,07-10-2022,regular
CUST01823,Ishaan Garcia,ishaan.garcia1823@yahoo.com,8509446519,Chennai,Tamil Nadu,01/11/2024,regular
CUST01824,Aditya Nair,aditya.nair1824@yahoo.com,6930295523,Bengaluru,Karnataka,2024-05-17,regular
CUST01825,ISABELLA WILSON,isabella.wilson1825@yahoo.com,7367841031,Bhopal,Madhya Pradesh,,New
CUST01826,Liam Johnson,liam.johnson1826@gmail.com,7708105497,Agra,Uttar Pradesh,14/11/2024,regular
CUST01827,Noah Brown,noah.brown1827@mail.com,9971735162,Agra,Uttar Pradesh,19 Jun 2023,Regular
CUST01828,Michael Nair,michael.nair1828@yahoo.com,7461471892,KOLKATA,West Bengal,24/08/2021,premium
CUST01829,JAMES REDDY,james.reddy1829@outlook.com,9127820312,patna,Bihar,03/09/2023,New
CUST01830,MICHAEL ANDERSON,michael.anderson1830@gmail.com,9370377672,pune,Maharashtra,03/28/2024,Premium
CUST01831,CHARLOTTE DAVIS,charlotte.davis1831@mail.com,8986974265,KOLKATA,West Bengal,2024-07-05,Regular
CUST01832,AMELIA ANDERSON,amelia.anderson1832@yahoo.com,6896419624,lucknow,Uttar Pradesh,2022/03/26,Regular
CUST01833,Evelyn Brown,evelyn.brown1833@yahoo.com,8175516523,NASHIK,Maharashtra,2022-08-10,Premium
CUST01834,Noah Williams,noah.williams1834@yahoo.com,6885982551,AGRA,Uttar Pradesh,28 Nov 2022,premium
CUST01835,Vivaan Iyer,vivaan.iyer1835@mail.com,98274,Delhi,Delhi,2022/03/06,Regular
CUST01836,Lucas Patel,lucas.patel1836@mail.com,6167303380,Ludhiana,Punjab,03-02-2024,regular
CUST01837,Arjun Rao,arjun.rao1837@mail.com,8813759019,Mumbai,Maharashtra,09/01/2023,Premium
CUST01838,MYRA RAO,myra.rao1838@outlook.com,7171235647,MUMBAI,Maharashtra,07/02/2023,VIP
CUST01839,Kabir Iyer,kabir.iyer1839@outlook.com,6713347848,DELHI,Delhi,07-02-2024,Premium
CUST01840,Michael Brown,michael.brown1840@mail.com,6953529074,Vadodara,Gujarat,2024/10/25,regular
CUST01841,MIA MILLER,mia.miller1841@mail.com,7168255263,Patna,Bihar,22 Jan 2024,premium
CUST01842,lucas wilson,lucas.wilson1842@yahoo.com,8144796232,PATNA,Bihar,18/09/2022,Regular
CUST01843,Noah Brown,noah.brown1843@gmail.com,8401237575,Ludhiana,Punjab,08/16/2021,VIP
CUST01844,Aditya Iyer,aditya.iyer1844@gmail.com,7647607014,Kolkata,West Bengal,22/08/2024,Regular
CUST01845,Sophia Kumar,sophia.kumar1845@gmail.com,7745265870,Pune,Maharashtra,22/09/2024,Premium
CUST01846,james iyer,james.iyer1846@outlook.com,9250616480,Bhopal,Madhya Pradesh,14/11/2021,New
CUST01847,Michael Johnson,michael.johnson1847@outlook.com,7386667664,Delhi,Delhi,12/23/2023,regular
CUST01848,Noah Davis,noah.davis1848@yahoo.com,8957981052,Delhi,Delhi,2021-09-02,VIP
CUST01849,Vivaan Anderson,vivaan.anderson1849@outlook.com,9939978716,Nagpur,Maharashtra,17 Jan 2022,premium
CUST01850,Pari Gupta,pari.gupta1850@gmail.com,6539004547,VADODARA,Gujarat,10/19/2023,New
CUST01851,Riya Rao,riya.rao1851@mail.com,6604679018,Mumbai,Maharashtra,10-02-2022,regular
CUST01852,John Jones,john.jones1852@gmail.com,8943778802,Bhopal,Madhya Pradesh,10/28/2022,Premium
CUST01853,Henry Anderson,henry.anderson1853@mail.com,9910420270,DELHI,Delhi,12/01/2022,Premium
CUST01854,ALEXANDER DAVIS,alexander.davis1854@yahoo.com,8404545182,Surat,Gujarat,30-05-2024,Regular
CUST01855,Noah Brown,noah.brown1855@outlook.com,7483619073,kanpur,Uttar Pradesh,30/12/2021,regular
CUST01856,Liam Verma,liam.verma1856@gmail.com,6390781985,Ahmedabad,Gujarat,2023-06-10,VIP
CUST01857,Emma Reddy,emma.reddy1857@mail.com,8320659150,LUCKNOW,Uttar Pradesh,2022-11-25,Regular
CUST01858,Vivaan Williams,vivaan.williams1858@gmail.com,6797519047,delhi,Delhi,2021/08/21,New
CUST01859,Saanvi Brown,saanvi.brown1859@mail.com,7976497758,JAIPUR,Rajasthan,03/20/2022,New
CUST01860,John Anderson,john.anderson1860@outlook.com,9673312028,Lucknow,Uttar Pradesh,21/03/2023,Premium
CUST01861,Aryan Williams,aryan.williams1861@yahoo.com,9673225190,NASHIK,Maharashtra,15-09-2024,premium
CUST01862,Michael Garcia,michael.garcia1862@outlook.com,9844816522,Lucknow,Uttar Pradesh,06/01/2022,regular
CUST01863,Charlotte Davis,charlotte.davis1863@gmail.com,6967900379,jaipur,Rajasthan,2023/02/08,Premium
CUST01864,Charlotte Miller,charlotte.miller1864@outlook.com,6384051216,Pune,Maharashtra,2021-08-23,New
CUST01865,William Wilson,william.wilson1865@yahoo.com,8896411037,Kanpur,Uttar Pradesh,02 Jul 2023,Premium
CUST01866,Riya Williams,riya.williams1866@gmail.com,93729,Chennai,Tamil Nadu,23-06-2023,New
CUST01867,Aditya Patel,aditya.patel1867@mail.com,8251757781,JAIPUR,Rajasthan,30-01-2024,Regular
CUST01868,Ishaan Miller,ishaan.miller1868@outlook.com,9333653334,Delhi,Delhi,01 Oct 2022,premium
CUST01869,ALEXANDER DAVIS,alexander.davis1869@outlook.com,6697871037,Ahmedabad,Gujarat,25 Oct 2022,VIP
CUST01870,henry brown,henry.brown1870@outlook.com,7863703626,Bhopal,Madhya Pradesh,2024/04/18,Regular
CUST01871,riya kumar,riya.kumar1871@mail.com,8255763158,Jaipur,Rajasthan,08/02/2021,Premium
CUST01872,Rohan Miller,rohan.miller1872@mail.com,78628,Jaipur,Rajasthan,2021/09/05,New
CUST01873,Reyansh Singh,reyansh.singh1873@mail.com,9117081325,ahmedabad,Gujarat,03/10/2022,regular
CUST01874,Riya Smith,riya.smith1874@outlook.com,8574973335,indore,Madhya Pradesh,15 Mar 2024,VIP
CUST01875,Anaya Reddy,anaya.reddy1875@yahoo.com,6307797296,Ahmedabad,Gujarat,2023/12/04,regular
CUST01876,reyansh johnson,reyansh.johnson1876@gmail.com,9625829742,Chennai,Tamil Nadu,31/10/2021,New
CUST01877,Amelia Williams,amelia.williams1877@mail.com,7332546789,BENGALURU,Karnataka,2023-06-24,New
CUST01878,Aarav Garcia,aarav.garcia1878@yahoo.com,9814323571,Kanpur,Uttar Pradesh,09/28/2021,VIP
CUST01879,Aadhya Gupta,aadhya.gupta1879@yahoo.com,7191949852,Vadodara,Gujarat,2023/05/12,Regular
CUST01880,OLIVIA ANDERSON,olivia.anderson1880@gmail.com,9100277777,Patna,Bihar,04/19/2022,Premium
CUST01881,saanvi gupta,saanvi.gupta1881@outlook.com,7712284927,Delhi,Delhi,11 Mar 2022,Premium
CUST01882,,abigail.davis1882@mail.com,7578330240,Mumbai,Maharashtra,24 Jul 2022,Premium
CUST01883,Vihaan Brown,vihaan.brown1883@gmail.com,9599136365,Chennai,Tamil Nadu,2023-01-08,Regular
CUST01884,Lucas Brown,lucas.brown1884@mail.com,6448474222,Ludhiana,Punjab,2023-05-08,Regular
CUST01885,aditya rao,aditya.rao1885@mail.com,6767893791,Nagpur,Maharashtra,04/03/2022,VIP
CUST01886,Kabir Rao,kabir.rao1886@yahoo.com,8799329110,lucknow,Uttar Pradesh,09/17/2021,premium
CUST01887,Charlotte Williams,charlotte.williams1887@outlook.com,8716321691,Hyderabad,Telangana,03/11/2023,premium
CUST01888,Benjamin Garcia,benjamin.garcia1888@mail.com,7672195337,JAIPUR,Rajasthan,12/06/2024,Regular
CUST01889,Isabella Jones,isabella.jones1889@yahoo.com,9641169864,Pune,Maharashtra,12-09-2024,VIP
CUST01890,Vihaan Patel,vihaan.patel1890@yahoo.com,9562954633,Kanpur,Uttar Pradesh,20/10/2024,regular
CUST01891,BENJAMIN GARCIA,,9618051282,Kolkata,West Bengal,08/20/2023,New
CUST01892,Evelyn Singh,evelyn.singh1892@mail.com,8912663283,Pune,Maharashtra,05/06/2022,VIP
CUST01893,Olivia Williams,olivia.williams1893@mail.com,83675,Ludhiana,Punjab,15/05/2023,VIP
CUST01894,Kabir Johnson,kabir.johnson1894@yahoo.com,7932786773,Mumbai,Maharashtra,2021-06-29,regular
CUST01895,Emma Miller,emma.miller1895@yahoo.com,8133099332,Jaipur,Rajasthan,2021/11/11,Premium
CUST01896,Evelyn Davis,evelyn.davis1896@outlook.com,7761996679,Nashik,Maharashtra,2023-12-10,premium
CUST01897,ADITYA BROWN,aditya.brown1897@gmail.com,6206636688,PUNE,Maharashtra,03/11/2022,VIP
CUST01898,Reyansh Miller,reyansh.miller1898@outlook.com,6701101447,Nagpur,Maharashtra,16-10-2022,regular
CUST01899,MICHAEL MILLER,michael.miller1899@mail.com,7373768402,VADODARA,Gujarat,27 Nov 2023,VIP
CUST01900,Ira Patel,ira.patel1900@outlook.com,8774060037,hyderabad,Telangana,03-11-2024,regular
CUST01901,Henry Singh,henry.singh1901@gmail.com,8718734932,Vadodara,Gujarat,2022-05-07,Regular
CUST01902,Kabir Reddy,,7649172043,Kanpur,Uttar Pradesh,22/10/2023,VIP
CUST01903,Pari Gupta,pari.gupta1903@mail.com,9418580153,Ludhiana,Punjab,10/03/2024,Premium
CUST01904,Ira Johnson,ira.johnson1904@mail.com,6907277180,Kanpur,Uttar Pradesh,10/02/2024,premium
CUST01905,Sophia Verma,sophia.verma1905@outlook.com,7788011512,Indore,Madhya Pradesh,2023-03-13,New
CUST01906,vihaan rao,vihaan.rao1906@mail.com,6254179962,Surat,Gujarat,2022/12/31,Premium
CUST01907,olivia verma,olivia.verma1907@mail.com,6941423105,VADODARA,Gujarat,11/16/2023,premium
CUST01908,James Brown,james.brown1908@yahoo.com,9375890588,Kolkata,West Bengal,14-12-2021,regular
CUST01909,Vivaan Patel,vivaan.patel1909@gmail.com,78178,Kanpur,Uttar Pradesh,11/12/2022,regular
CUST01910,Rohan Rao,rohan.rao1910@outlook.com,7180337073,Indore,Madhya Pradesh,2024/11/12,VIP
CUST01911,Myra Smith,myra.smith1911@gmail.com,8798111415,Bengaluru,Karnataka,10/22/2022,New
CUST01912,isabella iyer,isabella.iyer1912@yahoo.com,7862991099,Ludhiana,Punjab,27 Nov 2023,premium
CUST01913,John Williams,john.williams1913@gmail.com,9932057012,Indore,Madhya Pradesh,06/03/2022,New
CUST01914,James Singh,james.singh1914@yahoo.com,7247519427,Kanpur,Uttar Pradesh,02/09/2022,VIP
CUST01915,Alexander Verma,,6973156351,Delhi,Delhi,06-12-2024,New
CUST01916,DIYA GARCIA,diya.garcia1916@mail.com,9933057819,kanpur,Uttar Pradesh,16/11/2021,regular
CUST01917,William Singh,william.singh1917@outlook.com,6839408642,Delhi,Delhi,2021/12/24,VIP
CUST01918,Alexander Reddy,alexander.reddy1918@outlook.com,8885756969,AHMEDABAD,Gujarat,,Premium
CUST01919,Vihaan Miller,vihaan.miller1919@outlook.com,7170379231,Chennai,Tamil Nadu,18-10-2021,Premium
CUST01920,Michael Verma,,8891885938,Chennai,Tamil Nadu,05 May 2024,Regular
CUST01921,Mia Sharma,,81923,Nashik,Maharashtra,09-07-2021,VIP
CUST01922,Emma Iyer,emma.iyer1922@yahoo.com,8625616844,Lucknow,Uttar Pradesh,11/23/2022,VIP
CUST01923,Aadhya Smith,aadhya.smith1923@outlook.com,7602675155,Chennai,Tamil Nadu,2023/08/21,VIP
CUST01924,Myra Wilson,myra.wilson1924@yahoo.com,9993641788,BENGALURU,Karnataka,24/05/2023,Regular
CUST01925,aadhya iyer,aadhya.iyer1925@gmail.com,7641430582,Surat,Gujarat,16 Dec 2023,VIP
CUST01926,Rohan Anderson,rohan.anderson1926@gmail.com,9258954825,Kanpur,Uttar Pradesh,24/10/2024,Premium
CUST01927,Reyansh Rao,reyansh.rao1927@yahoo.com,6822993852,Chennai,Tamil Nadu,2021/08/22,premium
CUST01928,reyansh verma,reyansh.verma1928@gmail.com,8522919028,kolkata,West Bengal,27-08-2023,New
CUST01929,Henry Brown,henry.brown1929@gmail.com,9778111556,Ahmedabad,Gujarat,19/05/2022,VIP
CUST01930,Noah Verma,noah.verma1930@mail.com,6214271444,kolkata,West Bengal,2022-07-05,regular
CUST01931,Aditya Verma,aditya.verma1931@mail.com,7652417581,indore,Madhya Pradesh,14/02/2024,VIP
CUST01932,Kabir Miller,kabir.miller1932@yahoo.com,68024,surat,Gujarat,2022/12/28,VIP
CUST01933,WILLIAM JOHNSON,william.johnson1933@mail.com,9458828163,Indore,Madhya Pradesh,31-07-2022,New
CUST01934,Arjun Davis,arjun.davis1934@outlook.com,6525076462,Nagpur,Maharashtra,20 Jun 2023,premium
CUST01935,James Sharma,james.sharma1935@gmail.com,8857352096,Lucknow,Uttar Pradesh,25/04/2022,Premium
CUST01936,Rohan Patel,rohan.patel1936@gmail.com,8450112522,Jaipur,Rajasthan,09/05/2023,New
CUST01937,diya jones,diya.jones1937@yahoo.com,9393148484,ahmedabad,Gujarat,11/11/2023,New
CUST01938,Arjun Iyer,arjun.iyer1938@mail.com,82308,Kolkata,West Bengal,2023/06/25,premium
CUST01939,ARYAN SINGH,aryan.singh1939@outlook.com,7709633898,Ahmedabad,Gujarat,2024/07/29,New
CUST01940,Evelyn Smith,evelyn.smith1940@yahoo.com,6678206746,Surat,Gujarat,2024-04-01,VIP
CUST01941,Benjamin Davis,benjamin.davis1941@yahoo.com,6505107543,Ludhiana,Punjab,2022/09/12,VIP
CUST01942,ira reddy,ira.reddy1942@mail.com,78825,Lucknow,Uttar Pradesh,05/02/2023,regular
CUST01943,Liam Singh,liam.singh1943@mail.com,8326253648,ahmedabad,Gujarat,16-04-2023,VIP
CUST01944,ira brown,ira.brown1944@yahoo.com,7602000979,Pune,Maharashtra,11/15/2022,premium
CUST01945,ishaan verma,ishaan.verma1945@outlook.com,6193344808,Nagpur,Maharashtra,05/01/2024,VIP
CUST01946,Amelia Davis,amelia.davis1946@mail.com,8391885050,Nashik,Maharashtra,2022/11/18,Regular
CUST01947,ABIGAIL JOHNSON,abigail.johnson1947@gmail.com,7547844736,Pune,Maharashtra,18 Feb 2023,New
CUST01948,Kiara Gupta,kiara.gupta1948@yahoo.com,8387607301,Agra,Uttar Pradesh,01-11-2021,Premium
CUST01949,CHARLOTTE ANDERSON,charlotte.anderson1949@yahoo.com,9197773793,chennai,Tamil Nadu,08 May 2022,Regular
CUST01950,Ananya Sharma,ananya.sharma1950@gmail.com,9490640622,Bengaluru,Karnataka,2022/07/19,Premium
CUST01951,Arjun Rao,arjun.rao1951@gmail.com,86208,Pune,Maharashtra,0000-00-00,regular
CUST01952,Kabir Singh,kabir.singh1952@outlook.com,8204886542,Bhopal,Madhya Pradesh,2024/03/06,premium
CUST01953,Aarav Sharma,aarav.sharma1953@gmail.com,9597049646,Lucknow,Uttar Pradesh,24 Aug 2022,Premium
CUST01954,MYRA DAVIS,myra.davis1954@mail.com,7405670893,Surat,Gujarat,2023/11/23,regular
CUST01955,harper jones,harper.jones1955@gmail.com,8135625403,Delhi,Delhi,2021/09/18,regular
CUST01956,Lucas Reddy,lucas.reddy1956@outlook.com,9291900437,CHENNAI,Tamil Nadu,01/02/2022,VIP
CUST01957,Myra Singh,myra.singh1957@outlook.com,8833624527,kanpur,Uttar Pradesh,02-07-2022,premium
CUST01958,Aditya Singh,aditya.singh1958@gmail.com,6705589863,Surat,Gujarat,20-05-2022,regular
CUST01959,Charlotte Sharma,charlotte.sharma1959@gmail.com,6642815871,Indore,Madhya Pradesh,,premium
CUST01960,john gupta,john.gupta1960@outlook.com,7909614661,BHOPAL,Madhya Pradesh,06 Oct 2022,Regular
CUST01961,liam smith,,9487635834,BENGALURU,Karnataka,2024/11/11,regular
CUST01962,BENJAMIN SMITH,benjamin.smith1962_at_outlook.com,7275896782,Indore,Madhya Pradesh,13 Mar 2024,VIP
CUST01963,benjamin anderson,,8125443880,NAGPUR,Maharashtra,25 Dec 2022,premium
CUST01964,JOHN SHARMA,john.sharma1964@gmail.com,8588082687,bhopal,Madhya Pradesh,2022-10-24,premium
CUST01965,Harper Iyer,harper.iyer1965_at_yahoo.com,8167872219,Jaipur,Rajasthan,0000-00-00,VIP
CUST01966,Abigail Anderson,abigail.anderson1966@gmail.com,9530817164,bengaluru,Karnataka,01/31/2024,premium
CUST01967,Reyansh Jones,reyansh.jones1967@gmail.com,7971874799,Agra,Uttar Pradesh,2023/11/24,regular
CUST01968,Saanvi Nair,saanvi.nair1968@gmail.com,9430611102,Ludhiana,Punjab,2021-11-26,Premium
CUST01969,Kabir Gupta,kabir.gupta1969@outlook.com,6636707230,NAGPUR,Maharashtra,22/01/2024,VIP
CUST01970,HENRY WILLIAMS,henry.williams1970@gmail.com,8948415007,Indore,Madhya Pradesh,03/04/2023,New
CUST01971,Aditya Kumar,aditya.kumar1971@yahoo.com,7855880512,pune,Maharashtra,03/02/2023,VIP
CUST01972,John Reddy,john.reddy1972@yahoo.com,8671354510,Agra,Uttar Pradesh,26 Jul 2024,VIP
CUST01973,Mia Singh,mia.singh1973@yahoo.com,6834935084,Chennai,Tamil Nadu,19 Nov 2022,Regular
CUST01974,Isabella Reddy,isabella.reddy1974@outlook.com,7386224283,Bhopal,Madhya Pradesh,11/05/2022,regular
CUST01975,michael kumar,michael.kumar1975@yahoo.com,6810294650,Chennai,Tamil Nadu,29-04-2022,VIP
CUST01976,IRA SHARMA,ira.sharma1976@mail.com,9541320138,Pune,Maharashtra,20-12-2022,Regular
CUST01977,Sophia Reddy,sophia.reddy1977@outlook.com,8546249621,Chennai,Tamil Nadu,31-05-2024,regular
CUST01978,Aditya Rao,aditya.rao1978@outlook.com,9894779964,Surat,Gujarat,2022-08-05,New
CUST01979,Mia Smith,mia.smith1979@outlook.com,7613303624,Chennai,Tamil Nadu,27-11-2021,premium
CUST01980,Ira Williams,ira.williams1980@yahoo.com,9273323418,Hyderabad,Telangana,28-09-2023,New
CUST01981,William Rao,william.rao1981@yahoo.com,6286325822,Kolkata,West Bengal,07 Apr 2023,Premium
CUST01982,Olivia Wilson,olivia.wilson1982@gmail.com,9598986853,Hyderabad,Telangana,01 Dec 2022,New
CUST01983,Pari Miller,pari.miller1983@yahoo.com,9464647391,ludhiana,Punjab,0000-00-00,New
CUST01984,noah patel,noah.patel1984@yahoo.com,8897560868,NAGPUR,Maharashtra,2022/05/25,New
CUST01985,Pari Brown,pari.brown1985@gmail.com,6222655545,Nagpur,Maharashtra,15/10/2024,premium
CUST01986,Aryan Patel,aryan.patel1986@mail.com,9514203944,Indore,Madhya Pradesh,2021-11-20,New
CUST01987,Saanvi Smith,saanvi.smith1987@gmail.com,95459,Jaipur,Rajasthan,30 Sep 2021,Premium
CUST01988,Abigail Garcia,abigail.garcia1988@mail.com,8785983266,CHENNAI,Tamil Nadu,2021/10/16,regular
CUST01989,Harper Rao,harper.rao1989@yahoo.com,6919114609,nashik,Maharashtra,2023-12-29,regular
CUST01990,riya patel,riya.patel1990@outlook.com,6114861102,Pune,Maharashtra,03/11/2024,Premium
CUST01991,Michael Wilson,michael.wilson1991@outlook.com,7894426794,Nashik,Maharashtra,2022/12/26,VIP
CUST01992,Charlotte Anderson,,7635703214,Patna,Bihar,10/27/2024,premium
CUST01993,Vivaan Miller,vivaan.miller1993@outlook.com,7729889255,Jaipur,Rajasthan,15-06-2024,Regular
CUST01994,Kiara Smith,kiara.smith1994@mail.com,7924095431,Indore,Madhya Pradesh,2024-12-03,premium
CUST01995,JAMES REDDY,james.reddy1995@outlook.com,6118351442,LUCKNOW,Uttar Pradesh,29/11/2021,Premium
CUST01996,Saanvi Kumar,saanvi.kumar1996@mail.com,96652,AHMEDABAD,Gujarat,04/01/2023,New
CUST01997,Alexander Iyer,alexander.iyer1997@outlook.com,8960177991,Pune,Maharashtra,03/02/2024,VIP
CUST01998,Benjamin Brown,benjamin.brown1998@outlook.com,8621667484,Jaipur,Rajasthan,2024/08/05,premium
CUST01999,Arjun Singh,arjun.singh1999@yahoo.com,7550229286,Agra,Uttar Pradesh,28-09-2021,Regular
CUST02000,Liam Wilson,liam.wilson2000@yahoo.com,6451924593,Kolkata,West Bengal,14 Dec 2024,VIP
CUST02001,henry anderson,henry.anderson2001@gmail.com,73890,MUMBAI,Maharashtra,13 Oct 2021,regular
CUST02002,Rohan Rao,rohan.rao2002@yahoo.com,6443772986,ludhiana,Punjab,13 May 2023,Regular
CUST02003,william iyer,william.iyer2003@outlook.com,9435321969,Indore,Madhya Pradesh,0000-00-00,Regular
CUST02004,kiara reddy,kiara.reddy2004@outlook.com,6664334046,Bhopal,Madhya Pradesh,05/04/2022,regular
CUST02005,diya reddy,diya.reddy2005@gmail.com,9616430225,Nagpur,Maharashtra,2021/09/21,Premium
CUST02006,noah johnson,noah.johnson2006@outlook.com,7368221798,INDORE,Madhya Pradesh,04 Oct 2021,premium
CUST02007,Reyansh Iyer,reyansh.iyer2007@mail.com,8834604200,Delhi,Delhi,2024/09/15,Premium
CUST02008,Charlotte Jones,charlotte.jones2008@mail.com,7921675210,Nagpur,Maharashtra,2023-03-14,New
CUST02009,NOAH GUPTA,noah.gupta2009@outlook.com,8484644591,Hyderabad,Telangana,21 Jan 2022,Regular
CUST02010,Myra Iyer,myra.iyer2010@gmail.com,8306309493,Kolkata,West Bengal,2021-11-30,Premium
CUST02011,Amelia Smith,,9253820143,Mumbai,Maharashtra,11/17/2023,Premium
CUST02012,Ishaan Smith,ishaan.smith2012@gmail.com,6569203099,Indore,Madhya Pradesh,21/01/2023,regular
CUST02013,Mia Wilson,mia.wilson2013@mail.com,7157638567,Lucknow,Uttar Pradesh,18-02-2024,Premium
CUST02014,Olivia Davis,olivia.davis2014@yahoo.com,8501836552,Ludhiana,Punjab,2022-12-08,regular
CUST02015,Evelyn Rao,evelyn.rao2015@outlook.com,7771024994,Agra,Uttar Pradesh,01/01/2023,New
CUST02016,Isabella Nair,isabella.nair2016@outlook.com,9132397255,Kanpur,Uttar Pradesh,2022/05/28,New
CUST02017,Charlotte Garcia,charlotte.garcia2017@outlook.com,9945531967,Agra,Uttar Pradesh,2024-02-02,VIP
CUST02018,IRA WILLIAMS,ira.williams2018@mail.com,8554750117,Lucknow,Uttar Pradesh,2021-09-14,premium
CUST02019,ira patel,ira.patel2019@mail.com,6359108379,Indore,Madhya Pradesh,10-09-2021,premium
CUST02020,Aarav Miller,aarav.miller2020@yahoo.com,6387971745,Lucknow,Uttar Pradesh,2022/06/13,VIP
CUST02021,Diya Kumar,diya.kumar2021@mail.com,7196969363,Delhi,Delhi,29/10/2023,VIP
CUST02022,Mia Gupta,mia.gupta2022@outlook.com,6186920316,Indore,Madhya Pradesh,04 Aug 2024,regular
CUST02023,kiara williams,,7436707793,Indore,Madhya Pradesh,02/08/2022,Regular
CUST02024,ANANYA KUMAR,ananya.kumar2024@outlook.com,8500712702,Nagpur,Maharashtra,2021/10/30,regular
CUST02025,Henry Jones,henry.jones2025@outlook.com,6722484519,Surat,Gujarat,2024/05/26,VIP
CUST02026,james reddy,james.reddy2026@gmail.com,9473130116,Delhi,Delhi,29-11-2022,premium
CUST02027,Michael Wilson,michael.wilson2027@gmail.com,9229387378,Surat,Gujarat,2023-09-23,regular
CUST02028,Myra Gupta,myra.gupta2028@gmail.com,6361689140,mumbai,Maharashtra,,New
CUST02029,Aryan Singh,aryan.singh2029_at_yahoo.com,6605141758,Kanpur,Uttar Pradesh,15/03/2024,VIP
CUST02030,alexander davis,,7109019228,delhi,Delhi,02-09-2022,premium
CUST02031,Ira Davis,ira.davis2031@yahoo.com,6322284641,Lucknow,Uttar Pradesh,03/02/2022,premium
CUST02032,Harper Davis,harper.davis2032_at_yahoo.com,9837373222,Agra,Uttar Pradesh,20-04-2023,regular
CUST02033,Harper Smith,harper.smith2033@yahoo.com,9862540280,Chennai,Tamil Nadu,2024-04-09,Regular
CUST02034,Myra Williams,myra.williams2034@mail.com,7615569354,Bengaluru,Karnataka,01 Nov 2022,Premium
CUST02035,Emma Sharma,emma.sharma2035@yahoo.com,9870007557,Nashik,Maharashtra,05-01-2023,Regular
CUST02036,Diya Gupta,diya.gupta2036@yahoo.com,7235446522,BHOPAL,Madhya Pradesh,2023/04/21,VIP
CUST02037,kiara verma,kiara.verma2037@outlook.com,9589713565,Ahmedabad,Gujarat,08 Sep 2023,New
CUST02038,LUCAS ANDERSON,lucas.anderson2038@gmail.com,8645115590,CHENNAI,Tamil Nadu,23 Jun 2021,premium
CUST02039,CHARLOTTE BROWN,charlotte.brown2039@outlook.com,9538311729,Bhopal,Madhya Pradesh,10-10-2023,New
CUST02040,William Gupta,william.gupta2040@outlook.com,9240703390,ludhiana,Punjab,2022/12/06,regular
CUST02041,John Jones,john.jones2041@mail.com,6182489377,Pune,Maharashtra,,regular
CUST02042,Aditya Wilson,aditya.wilson2042@gmail.com,6899738261,Kolkata,West Bengal,2022/04/01,Premium
CUST02043,Olivia Wilson,,9721882750,Bengaluru,Karnataka,2022-04-26,premium
CUST02044,John Iyer,john.iyer2044@mail.com,9570664967,Ahmedabad,Gujarat,13 Aug 2021,Premium
CUST02045,ishaan patel,ishaan.patel2045_at_yahoo.com,6525221115,INDORE,Madhya Pradesh,2022/09/08,VIP
CUST02046,Riya Nair,riya.nair2046@yahoo.com,66186,Hyderabad,Telangana,2024/09/13,premium
CUST02047,charlotte rao,charlotte.rao2047@yahoo.com,9441070609,Bhopal,Madhya Pradesh,2022/08/01,regular
CUST02048,Evelyn Smith,evelyn.smith2048@outlook.com,6901294642,Delhi,Delhi,2023-06-09,regular
CUST02049,saanvi smith,saanvi.smith2049@yahoo.com,8553571777,Indore,Madhya Pradesh,03 Mar 2022,New
CUST02050,Aditya Wilson,aditya.wilson2050@outlook.com,9937068198,Hyderabad,Telangana,2023-03-23,regular
CUST02051,Arjun Wilson,arjun.wilson2051@gmail.com,6325093754,Lucknow,Uttar Pradesh,24-11-2022,VIP
CUST02052,charlotte rao,charlotte.rao2052@yahoo.com,8980770281,delhi,Delhi,24 Jul 2024,regular
CUST02053,Henry Williams,henry.williams2053@mail.com,9315959370,Kanpur,Uttar Pradesh,06/02/2023,Premium
CUST02054,ANANYA JOHNSON,ananya.johnson2054@gmail.com,9310795836,nashik,Maharashtra,2023/02/19,premium
CUST02055,Arjun Singh,arjun.singh2055@outlook.com,9882433435,Ahmedabad,Gujarat,11/02/2022,regular
CUST02056,William Brown,william.brown2056@gmail.com,8881590468,Lucknow,Uttar Pradesh,2021-11-07,Premium
CUST02057,HENRY ANDERSON,henry.anderson2057@mail.com,7411596208,kolkata,West Bengal,28-07-2021,regular
CUST02058,Henry Reddy,henry.reddy2058@mail.com,6360227614,Mumbai,Maharashtra,2024-02-06,Regular
CUST02059,Kabir Iyer,kabir.iyer2059@yahoo.com,6646915535,Lucknow,Uttar Pradesh,2023-11-28,VIP
CUST02060,harper garcia,harper.garcia2060@yahoo.com,9267595517,Bhopal,Madhya Pradesh,31 Mar 2023,VIP
CUST02061,ananya iyer,,6624848555,Hyderabad,Telangana,10/14/2024,premium
CUST02062,Ananya Williams,ananya.williams2062@outlook.com,9303305360,surat,Gujarat,07/09/2024,VIP
CUST02063,IRA SMITH,ira.smith2063@yahoo.com,7576099730,Surat,Gujarat,11-05-2024,regular
CUST02064,Alexander Wilson,alexander.wilson2064@gmail.com,7211914434,Hyderabad,Telangana,30-01-2022,New
CUST02065,Lucas Johnson,lucas.johnson2065@gmail.com,6630906743,Kanpur,Uttar Pradesh,,premium
CUST02066,ALEXANDER GARCIA,alexander.garcia2066@yahoo.com,9725876210,Indore,Madhya Pradesh,08/04/2023,premium
CUST02067,Isabella Verma,isabella.verma2067@yahoo.com,7504609925,pune,Maharashtra,12 Aug 2022,regular
CUST02068,Olivia Kumar,olivia.kumar2068@outlook.com,7182818059,Lucknow,Uttar Pradesh,02/03/2024,regular
CUST02069,Lucas Sharma,lucas.sharma2069@yahoo.com,8598202534,Hyderabad,Telangana,2024/05/25,premium
CUST02070,NOAH WILLIAMS,noah.williams2070@mail.com,6876679394,Kolkata,West Bengal,31/12/2024,VIP
CUST02071,pari miller,pari.miller2071@mail.com,6665442575,Kolkata,West Bengal,21/02/2022,regular
CUST02072,ANANYA IYER,ananya.iyer2072@yahoo.com,6299103734,Agra,Uttar Pradesh,10/11/2022,premium
CUST02073,Pari Patel,pari.patel2073@yahoo.com,8191845943,mumbai,Maharashtra,27-09-2021,Premium
CUST02074,Saanvi Davis,saanvi.davis2074@yahoo.com,77575,Bhopal,Madhya Pradesh,2024-09-13,regular
CUST02075,Noah Wilson,noah.wilson2075@mail.com,8936939523,Kanpur,Uttar Pradesh,10/15/2021,regular
CUST02076,john williams,john.williams2076@outlook.com,6515110070,Vadodara,Gujarat,21/06/2024,Premium
CUST02077,ANANYA DAVIS,ananya.davis2077@outlook.com,8521907128,Nagpur,Maharashtra,08/03/2022,Premium
CUST02078,LIAM SINGH,liam.singh2078@mail.com,9352991320,Nagpur,Maharashtra,15/03/2023,regular
CUST02079,Charlotte Rao,charlotte.rao2079@gmail.com,8372866860,PUNE,Maharashtra,2021/08/24,Premium
CUST02080,james iyer,james.iyer2080@mail.com,8662814138,LUCKNOW,Uttar Pradesh,2023/03/03,Regular
CUST02081,Abigail Williams,abigail.williams2081@yahoo.com,9920132217,MUMBAI,Maharashtra,04/27/2024,New
CUST02082,james verma,james.verma2082@gmail.com,9418036151,Mumbai,Maharashtra,13-01-2022,VIP
CUST02083,Abigail Gupta,abigail.gupta2083@mail.com,7397916412,Mumbai,Maharashtra,15/10/2023,VIP
CUST02084,Liam Iyer,liam.iyer2084@yahoo.com,9290803802,Jaipur,Rajasthan,24/04/2022,Premium
CUST02085,Anaya Sharma,anaya.sharma2085@mail.com,9837678691,chennai,Tamil Nadu,2024/11/28,regular
CUST02086,Michael Sharma,michael.sharma2086@mail.com,7351239442,kolkata,West Bengal,19 Feb 2022,VIP
CUST02087,MICHAEL NAIR,michael.nair2087@gmail.com,8414291521,Agra,Uttar Pradesh,14 Jun 2022,Premium
CUST02088,HARPER PATEL,harper.patel2088@outlook.com,7248919095,Bhopal,Madhya Pradesh,27-08-2023,regular
CUST02089,Isabella Singh,isabella.singh2089@outlook.com,9612418026,AHMEDABAD,Gujarat,06 Jan 2023,premium
CUST02090,Vihaan Iyer,vihaan.iyer2090@yahoo.com,8622207816,Nagpur,Maharashtra,22/04/2022,Premium
CUST02091,Aadhya Miller,aadhya.miller2091@mail.com,7265742617,ludhiana,Punjab,2023-06-14,premium
CUST02092,Anaya Gupta,anaya.gupta2092@outlook.com,8734348517,VADODARA,Gujarat,30/03/2023,Regular
CUST02093,noah miller,,7226613964,KOLKATA,West Bengal,2024-01-26,VIP
CUST02094,Riya Nair,riya.nair2094@mail.com,9842830716,HYDERABAD,Telangana,03-03-2024,New
CUST02095,Michael Williams,michael.williams2095@outlook.com,7823925805,Kolkata,West Bengal,02/20/2024,New
CUST02096,AARAV JONES,aarav.jones2096@yahoo.com,9924083071,Patna,Bihar,,Regular
CUST02097,ISABELLA DAVIS,isabella.davis2097@yahoo.com,8948811210,agra,Uttar Pradesh,16-12-2024,New
CUST02098,Kabir Williams,kabir.williams2098@gmail.com,7618779635,Kanpur,Uttar Pradesh,13/03/2022,premium
CUST02099,vihaan reddy,vihaan.reddy2099@gmail.com,9593849572,jaipur,Rajasthan,07/22/2024,Regular
CUST02100,Saanvi Anderson,saanvi.anderson2100@yahoo.com,8770142092,Kanpur,Uttar Pradesh,10/20/2022,regular
CUST02101,lucas johnson,lucas.johnson2101@yahoo.com,6354197434,Mumbai,Maharashtra,12/22/2021,Regular
CUST02102,Ira Jones,ira.jones2102@outlook.com,65973,Agra,Uttar Pradesh,27 Nov 2024,Regular
CUST02103,Ira Johnson,ira.johnson2103@mail.com,6583956666,Nagpur,Maharashtra,0000-00-00,Regular
CUST02104,Liam Reddy,liam.reddy2104@mail.com,9154952447,Mumbai,Maharashtra,05/02/2023,Regular
CUST02105,Pari Reddy,pari.reddy2105@gmail.com,8964487619,Vadodara,Gujarat,2024/04/16,VIP
CUST02106,HENRY WILSON,henry.wilson2106@gmail.com,8348677782,Surat,Gujarat,05/11/2021,Regular
CUST02107,Harper Brown,harper.brown2107@mail.com,8513428322,Patna,Bihar,08-05-2022,regular
CUST02108,Evelyn Gupta,evelyn.gupta2108@yahoo.com,7796346761,Agra,Uttar Pradesh,2024/09/19,Regular
CUST02109,Ishaan Johnson,ishaan.johnson2109@outlook.com,8166262401,jaipur,Rajasthan,28 Aug 2022,VIP
CUST02110,Henry Williams,henry.williams2110@mail.com,6906783874,Jaipur,Rajasthan,19/11/2022,regular
CUST02111,AARAV SHARMA,aarav.sharma2111@gmail.com,6496845925,Ahmedabad,Gujarat,2022-10-16,Regular
CUST02112,Alexander Miller,alexander.miller2112@yahoo.com,8289477810,vadodara,Gujarat,22-04-2023,premium
CUST02113,anaya wilson,anaya.wilson2113@mail.com,8502474902,Nashik,Maharashtra,2024/02/23,premium
CUST02114,John Nair,john.nair2114@mail.com,6997986716,Pune,Maharashtra,02/03/2024,Regular
CUST02115,Evelyn Kumar,evelyn.kumar2115@outlook.com,6844319912,Bhopal,Madhya Pradesh,2022-02-16,regular
CUST02116,Ishaan Miller,ishaan.miller2116@outlook.com,7165785502,CHENNAI,Tamil Nadu,02/06/2023,VIP
CUST02117,Ishaan Brown,ishaan.brown2117@mail.com,8615714783,Mumbai,Maharashtra,28 Nov 2023,Regular
CUST02118,Mia Gupta,mia.gupta2118@mail.com,7109954228,Surat,Gujarat,15 Jun 2022,premium
CUST02119,RIYA REDDY,riya.reddy2119@gmail.com,6526961925,Chennai,Tamil Nadu,29-11-2023,Regular
CUST02120,SOPHIA IYER,sophia.iyer2120@gmail.com,6392819218,ahmedabad,Gujarat,05/03/2023,VIP
CUST02121,Noah Singh,noah.singh2121@gmail.com,9519597846,Hyderabad,Telangana,2023/04/01,premium
CUST02122,SOPHIA PATEL,sophia.patel2122@yahoo.com,6343132816,Ahmedabad,Gujarat,04/27/2022,premium
CUST02123,Isabella Williams,,8890148916,JAIPUR,Rajasthan,05/02/2022,premium
CUST02124,Pari Iyer,pari.iyer2124@outlook.com,6178682334,mumbai,Maharashtra,0000-00-00,regular
CUST02125,Emma Jones,emma.jones2125@yahoo.com,6699064387,Ludhiana,Punjab,12-08-2023,New
CUST02126,John Gupta,john.gupta2126@gmail.com,7814676275,patna,Bihar,02/07/2021,New
CUST02127,Sophia Garcia,sophia.garcia2127@mail.com,9236050996,Lucknow,Uttar Pradesh,28 Sep 2024,regular
CUST02128,ananya smith,ananya.smith2128@mail.com,8436770037,Delhi,Delhi,2023-08-08,premium
CUST02129,liam wilson,liam.wilson2129@mail.com,8609621464,Jaipur,Rajasthan,01-10-2024,New
CUST02130,diya nair,diya.nair2130@outlook.com,9818373999,patna,Bihar,29/10/2023,premium
CUST02131,reyansh williams,reyansh.williams2131@outlook.com,8851525410,INDORE,Madhya Pradesh,2023/05/02,Premium
CUST02132,Benjamin Verma,,7666963041,Chennai,Tamil Nadu,20 Sep 2024,premium
CUST02133,Harper Anderson,harper.anderson2133@outlook.com,7694641788,Hyderabad,Telangana,20 Mar 2022,VIP
CUST02134,AARAV DAVIS,aarav.davis2134@gmail.com,9454013170,VADODARA,Gujarat,08-09-2021,regular
CUST02135,Vivaan Smith,vivaan.smith2135@gmail.com,9464109206,Pune,Maharashtra,05/14/2023,premium
CUST02136,Evelyn Wilson,evelyn.wilson2136@gmail.com,8173537573,Indore,Madhya Pradesh,2024/08/22,New
CUST02137,Riya Brown,riya.brown2137@mail.com,8643012864,Kanpur,Uttar Pradesh,17-08-2024,regular
CUST02138,Pari Anderson,pari.anderson2138@outlook.com,7742976240,CHENNAI,Tamil Nadu,20-08-2023,Regular
CUST02139,Anaya Brown,anaya.brown2139@outlook.com,6868191322,Hyderabad,Telangana,22 Oct 2023,VIP
CUST02140,Myra Sharma,myra.sharma2140@outlook.com,9425565329,vadodara,Gujarat,2024-08-24,premium
CUST02141,MICHAEL VERMA,michael.verma2141@mail.com,7304043434,Ahmedabad,Gujarat,02/03/2022,Premium
CUST02142,Harper Miller,harper.miller2142@mail.com,6206018368,Agra,Uttar Pradesh,06/30/2023,New
CUST02143,Aarav Smith,aarav.smith2143@yahoo.com,9656282200,Jaipur,Rajasthan,07 Jan 2023,Premium
CUST02144,Lucas Davis,,6500387432,Kolkata,West Bengal,14-06-2022,New
CUST02145,ISABELLA SINGH,isabella.singh2145@yahoo.com,9965651180,lucknow,Uttar Pradesh,2022/09/30,New
CUST02146,MICHAEL SMITH,michael.smith2146@mail.com,9272871570,Ahmedabad,Gujarat,2024-05-02,Regular
CUST02147,Vivaan Brown,vivaan.brown2147@yahoo.com,9243365520,Agra,Uttar Pradesh,2023/01/22,New
CUST02148,Ishaan Rao,ishaan.rao2148@yahoo.com,8300015824,Hyderabad,Telangana,06/01/2024,VIP
CUST02149,Vihaan Brown,vihaan.brown2149@mail.com,7605404137,AHMEDABAD,Gujarat,2021-09-28,premium
CUST02150,Harper Iyer,harper.iyer2150@outlook.com,85233,Bengaluru,Karnataka,07 Jul 2024,VIP
CUST02151,Aadhya Reddy,aadhya.reddy2151@outlook.com,8761387681,Jaipur,Rajasthan,03/04/2022,New
CUST02152,mia jones,mia.jones2152@outlook.com,9277012251,VADODARA,Gujarat,26/05/2024,New
CUST02153,Isabella Verma,isabella.verma2153@yahoo.com,8725385693,Ludhiana,Punjab,12-03-2024,regular
CUST02154,Vivaan Rao,vivaan.rao2154@mail.com,8495680533,NASHIK,Maharashtra,03/14/2023,VIP
CUST02155,KIARA WILSON,kiara.wilson2155@yahoo.com,9261290454,Lucknow,Uttar Pradesh,2023/03/12,VIP
CUST02156,Liam Wilson,liam.wilson2156@outlook.com,6664078664,Bengaluru,Karnataka,2024/05/14,regular
CUST02157,Reyansh Iyer,reyansh.iyer2157@outlook.com,7943085108,Bengaluru,Karnataka,05-02-2022,premium
CUST02158,emma verma,emma.verma2158@gmail.com,6623358636,Ahmedabad,Gujarat,14 Sep 2023,premium
CUST02159,MICHAEL RAO,michael.rao2159@mail.com,6694804930,Ahmedabad,Gujarat,0000-00-00,Regular
CUST02160,Vivaan Gupta,vivaan.gupta2160@outlook.com,6740111836,Chennai,Tamil Nadu,31/03/2023,Regular
CUST02161,Evelyn Verma,evelyn.verma2161@mail.com,9812749913,Mumbai,Maharashtra,12/10/2022,premium
CUST02162,Pari Singh,pari.singh2162@yahoo.com,7873841783,NAGPUR,Maharashtra,30/10/2023,New
CUST02163,diya verma,diya.verma2163@outlook.com,6266739771,Bengaluru,Karnataka,18-06-2022,premium
CUST02164,Kiara Smith,kiara.smith2164@yahoo.com,6829978607,Bhopal,Madhya Pradesh,24-08-2022,New
CUST02165,EMMA GARCIA,emma.garcia2165@mail.com,9109744303,AGRA,Uttar Pradesh,11/28/2023,regular
CUST02166,Ananya Davis,ananya.davis2166@gmail.com,9616866304,Nagpur,Maharashtra,08/28/2023,premium
CUST02167,Pari Miller,pari.miller2167@yahoo.com,9593345145,Chennai,Tamil Nadu,2023/01/29,Premium
CUST02168,Vihaan Reddy,vihaan.reddy2168@yahoo.com,7867863460,Kanpur,Uttar Pradesh,04/13/2023,regular
CUST02169,John Sharma,john.sharma2169@mail.com,9809943424,Vadodara,Gujarat,09/16/2022,premium
CUST02170,James Patel,james.patel2170@yahoo.com,8804654672,Pune,Maharashtra,01/20/2022,regular
CUST02171,ira nair,ira.nair2171@yahoo.com,7168325456,LUCKNOW,Uttar Pradesh,2023/08/29,VIP
CUST02172,William Kumar,william.kumar2172@gmail.com,9517514639,Bhopal,Madhya Pradesh,2024/04/25,VIP
CUST02173,Vihaan Rao,vihaan.rao2173@gmail.com,7921571174,Kolkata,West Bengal,15-02-2024,premium
CUST02174,Olivia Singh,olivia.singh2174@mail.com,7723570134,NAGPUR,Maharashtra,04/12/2023,VIP
CUST02175,Evelyn Wilson,evelyn.wilson2175@gmail.com,6753891670,hyderabad,Telangana,,New
CUST02176,rohan wilson,rohan.wilson2176@yahoo.com,9327788735,Nagpur,Maharashtra,,regular
CUST02177,ARJUN IYER,arjun.iyer2177@mail.com,7181327806,Patna,Bihar,2021-12-03,premium
CUST02178,Ananya Johnson,ananya.johnson2178@gmail.com,6908407634,indore,Madhya Pradesh,01-07-2023,New
CUST02179,Olivia Kumar,olivia.kumar2179@outlook.com,63093,Ahmedabad,Gujarat,13 Apr 2022,regular
CUST02180,Kiara Johnson,kiara.johnson2180@yahoo.com,6211529715,Kolkata,West Bengal,03-06-2023,regular
CUST02181,IRA MILLER,ira.miller2181@outlook.com,7136323063,AHMEDABAD,Gujarat,2024-05-14,Premium
CUST02182,Michael Verma,michael.verma2182@gmail.com,6894606068,Kanpur,Uttar Pradesh,,premium
CUST02183,Amelia Sharma,amelia.sharma2183_at_gmail.com,6622355901,Jaipur,Rajasthan,11/16/2022,VIP
CUST02184,Harper Brown,harper.brown2184@mail.com,7517322658,Pune,Maharashtra,07/09/2022,Premium
CUST02185,JAMES IYER,james.iyer2185@yahoo.com,8267736703,Indore,Madhya Pradesh,,regular
CUST02186,Myra Miller,myra.miller2186@outlook.com,6362931213,LUCKNOW,Uttar Pradesh,,New
CUST02187,aarav nair,aarav.nair2187@mail.com,6788908162,Chennai,Tamil Nadu,10/15/2024,Regular
CUST02188,James Williams,james.williams2188@gmail.com,7723414808,Ludhiana,Punjab,2021/12/22,VIP
CUST02189,Isabella Johnson,isabella.johnson2189@yahoo.com,7662611415,Surat,Gujarat,2024/04/16,premium
CUST02190,Benjamin Gupta,benjamin.gupta2190@yahoo.com,7381797466,nashik,Maharashtra,23 Aug 2023,Regular
CUST02191,Emma Miller,emma.miller2191@outlook.com,8570930538,Bengaluru,Karnataka,04/01/2022,Premium
CUST02192,ARJUN ANDERSON,arjun.anderson2192@gmail.com,6456600530,agra,Uttar Pradesh,20 Jun 2024,Premium
CUST02193,Vivaan Verma,vivaan.verma2193@outlook.com,7893966332,pune,Maharashtra,01/08/2023,New
CUST02194,arjun wilson,arjun.wilson2194@yahoo.com,7538891720,patna,Bihar,2022-01-12,Premium
CUST02195,James Smith,james.smith2195@yahoo.com,8866308936,PATNA,Bihar,03/19/2023,regular
CUST02196,Saanvi Davis,saanvi.davis2196@yahoo.com,6100100093,Ludhiana,Punjab,2024/03/12,premium
CUST02197,Aryan Miller,aryan.miller2197@yahoo.com,8150897628,Patna,Bihar,2024/01/04,Premium
CUST02198,Isabella Williams,isabella.williams2198@mail.com,6640354999,lucknow,Uttar Pradesh,07/07/2021,Regular
CUST02199,Benjamin Kumar,benjamin.kumar2199@mail.com,9836875369,Bhopal,Madhya Pradesh,19-11-2024,Premium
CUST02200,Aryan Jones,aryan.jones2200@yahoo.com,9457090387,BENGALURU,Karnataka,06/04/2023,VIP
CUST02201,Evelyn Garcia,evelyn.garcia2201@mail.com,7694440422,Agra,Uttar Pradesh,2024/07/21,VIP
CUST02202,Aarav Miller,aarav.miller2202@outlook.com,9491450094,NAGPUR,Maharashtra,09 May 2023,regular
CUST02203,Abigail Johnson,abigail.johnson2203@gmail.com,9474951411,Kolkata,West Bengal,2021-09-16,VIP
CUST02204,Lucas Gupta,lucas.gupta2204@outlook.com,69390,chennai,Tamil Nadu,01 Mar 2024,regular
CUST02205,harper kumar,harper.kumar2205@gmail.com,8433053083,Patna,Bihar,01/12/2022,VIP
CUST02206,Henry Verma,henry.verma2206@outlook.com,7833868418,Kolkata,West Bengal,02-11-2023,regular
CUST02207,Sophia Brown,sophia.brown2207@outlook.com,6609816204,kanpur,Uttar Pradesh,13/08/2024,New
CUST02208,Aarav Smith,aarav.smith2208@mail.com,7112818661,Chennai,Tamil Nadu,2023/04/18,premium
CUST02209,Noah Garcia,noah.garcia2209@gmail.com,7965354657,Bhopal,Madhya Pradesh,20/04/2022,Premium
CUST02210,Aryan Verma,aryan.verma2210@gmail.com,9951446055,Kanpur,Uttar Pradesh,14/10/2021,VIP
CUST02211,Kabir Williams,kabir.williams2211_at_mail.com,6923051820,Hyderabad,Telangana,12/08/2021,New
CUST02212,Riya Sharma,riya.sharma2212@outlook.com,91451,Surat,Gujarat,03 May 2023,regular
CUST02213,rohan miller,rohan.miller2213@gmail.com,9798810084,Nashik,Maharashtra,07/03/2023,regular
CUST02214,Noah Verma,noah.verma2214@yahoo.com,8533201061,Ahmedabad,Gujarat,2022/05/18,New
CUST02215,Aditya Davis,aditya.davis2215@yahoo.com,7790225247,Jaipur,Rajasthan,2022/12/24,premium
CUST02216,James Williams,james.williams2216@yahoo.com,98834,Kanpur,Uttar Pradesh,2022-08-22,regular
CUST02217,Harper Garcia,harper.garcia2217@mail.com,7212195050,AGRA,Uttar Pradesh,26 Jul 2023,Regular
CUST02218,benjamin reddy,,9527349223,LUDHIANA,Punjab,2024/08/06,Regular
CUST02219,William Anderson,william.anderson2219@gmail.com,7158679037,Jaipur,Rajasthan,12-04-2023,New
CUST02220,Aadhya Gupta,aadhya.gupta2220@yahoo.com,9236612957,Agra,Uttar Pradesh,05-04-2024,VIP
CUST02221,Evelyn Johnson,evelyn.johnson2221@mail.com,7624289354,Delhi,Delhi,26 Jul 2024,Regular
CUST02222,kabir jones,kabir.jones2222@yahoo.com,7931083181,Indore,Madhya Pradesh,2021-08-29,New
CUST02223,anaya jones,anaya.jones2223@gmail.com,7381848962,Kanpur,Uttar Pradesh,2022/06/29,VIP
CUST02224,Aryan Anderson,aryan.anderson2224@mail.com,7375899492,Agra,Uttar Pradesh,04 Feb 2022,Premium
CUST02225,Alexander Davis,alexander.davis2225@mail.com,8970358503,Kolkata,West Bengal,2023/12/11,Premium
CUST02226,Ananya Miller,ananya.miller2226_at_mail.com,7808557702,Surat,Gujarat,2023-11-26,New
CUST02227,ISABELLA GUPTA,isabella.gupta2227@yahoo.com,7479268962,Bengaluru,Karnataka,2024/07/29,Premium
CUST02228,Reyansh Reddy,reyansh.reddy2228@outlook.com,7470094662,Mumbai,Maharashtra,2024/09/05,premium
CUST02229,ARYAN MILLER,aryan.miller2229_at_outlook.com,9648202855,vadodara,Gujarat,2022-06-02,premium
CUST02230,Diya Reddy,diya.reddy2230@outlook.com,8624751439,hyderabad,Telangana,05-11-2022,Premium
CUST02231,James Kumar,james.kumar2231@mail.com,6412910275,Nashik,Maharashtra,03 May 2023,regular
CUST02232,Riya Williams,riya.williams2232@mail.com,7726603341,agra,Uttar Pradesh,2023-01-28,New
CUST02233,Charlotte Johnson,charlotte.johnson2233@mail.com,6539020290,Nashik,Maharashtra,06/24/2021,premium
CUST02234,Noah Reddy,noah.reddy2234@yahoo.com,9865754942,KOLKATA,West Bengal,20-01-2022,VIP
CUST02235,MYRA GARCIA,myra.garcia2235@yahoo.com,7954149619,Hyderabad,Telangana,28 Apr 2024,Regular
CUST02236,Saanvi Iyer,saanvi.iyer2236@mail.com,9741014837,Vadodara,Gujarat,2024-11-24,premium
CUST02237,Pari Iyer,pari.iyer2237@mail.com,6364215788,BENGALURU,Karnataka,03/27/2023,regular
CUST02238,Aarav Davis,aarav.davis2238@mail.com,6479263134,Nagpur,Maharashtra,31-08-2021,Premium
CUST02239,Ira Miller,ira.miller2239@yahoo.com,7212491024,LUDHIANA,Punjab,10-04-2022,VIP
CUST02240,James Kumar,james.kumar2240@gmail.com,9446902546,NASHIK,Maharashtra,18-09-2024,VIP
CUST02241,Amelia Patel,amelia.patel2241@gmail.com,7297499216,Indore,Madhya Pradesh,06 Jun 2024,VIP
CUST02242,Harper Patel,harper.patel2242@mail.com,8222095875,BHOPAL,Madhya Pradesh,2022/09/20,VIP
CUST02243,Reyansh Nair,reyansh.nair2243@yahoo.com,9747221383,Ahmedabad,Gujarat,2021/08/07,Regular
CUST02244,Sophia Verma,sophia.verma2244_at_mail.com,7628750928,Lucknow,Uttar Pradesh,21 Dec 2023,regular
CUST02245,Arjun Iyer,arjun.iyer2245@yahoo.com,7286950818,Kolkata,West Bengal,04-06-2022,Premium
CUST02246,john nair,john.nair2246@gmail.com,8691274740,Surat,Gujarat,13 Mar 2024,New
CUST02247,Ira Johnson,ira.johnson2247@outlook.com,6974015955,Agra,Uttar Pradesh,05-06-2022,premium
CUST02248,Alexander Davis,alexander.davis2248@yahoo.com,77961,Lucknow,Uttar Pradesh,2024-07-03,Premium
CUST02249,Charlotte Jones,charlotte.jones2249@gmail.com,8224091859,Ahmedabad,Gujarat,26/12/2021,premium
CUST02250,NOAH SHARMA,noah.sharma2250@outlook.com,7822982159,INDORE,Madhya Pradesh,0000-00-00,Regular
CUST02251,Abigail Reddy,,6278650342,NAGPUR,Maharashtra,10/04/2021,premium
CUST02252,rohan williams,rohan.williams2252@mail.com,9507098663,DELHI,Delhi,07/14/2024,Premium
CUST02253,Benjamin Gupta,benjamin.gupta2253@outlook.com,7149608134,Hyderabad,Telangana,02 Nov 2024,premium
CUST02254,Aarav Sharma,aarav.sharma2254@outlook.com,8784711924,INDORE,Madhya Pradesh,09/20/2022,New
CUST02255,Ananya Nair,ananya.nair2255@gmail.com,8856479646,VADODARA,Gujarat,07/25/2023,VIP
CUST02256,ISABELLA SHARMA,isabella.sharma2256@yahoo.com,8493346468,Bhopal,Madhya Pradesh,2023-12-10,New
CUST02257,Reyansh Miller,reyansh.miller2257@outlook.com,6832581346,Nashik,Maharashtra,21-03-2024,premium
CUST02258,Kabir Smith,kabir.smith2258@mail.com,9530617934,LUDHIANA,Punjab,2022-11-07,Regular
CUST02259,ANAYA SINGH,anaya.singh2259@outlook.com,7491122166,Indore,Madhya Pradesh,02-12-2023,Premium
CUST02260,LIAM NAIR,liam.nair2260@gmail.com,6531952678,Surat,Gujarat,2023/03/27,premium
CUST02261,Diya Nair,diya.nair2261@gmail.com,9629269388,bengaluru,Karnataka,2024-01-16,Regular
CUST02262,Rohan Jones,rohan.jones2262@yahoo.com,9588635270,Pune,Maharashtra,03/28/2023,VIP
CUST02263,Vivaan Patel,vivaan.patel2263@gmail.com,7412211356,Nagpur,Maharashtra,10-10-2021,premium
CUST02264,Arjun Gupta,arjun.gupta2264@mail.com,8425297455,Bengaluru,Karnataka,20/02/2022,New
CUST02265,ISABELLA KUMAR,isabella.kumar2265@outlook.com,8345698449,DELHI,Delhi,2023-11-03,New
CUST02266,noah nair,noah.nair2266@mail.com,7205008111,Lucknow,Uttar Pradesh,11/22/2024,Premium
CUST02267,Aryan Patel,aryan.patel2267@mail.com,8917385792,Hyderabad,Telangana,0000-00-00,New
CUST02268,John Rao,john.rao2268@gmail.com,6801437265,Pune,Maharashtra,31-01-2023,premium
CUST02269,Aarav Miller,aarav.miller2269@gmail.com,7586264509,Delhi,Delhi,2022-01-29,regular
CUST02270,John Nair,john.nair2270@outlook.com,8355677171,Pune,Maharashtra,07/15/2023,premium
CUST02271,Alexander Miller,alexander.miller2271@gmail.com,7267757872,Kanpur,Uttar Pradesh,10/22/2022,Regular
CUST02272,John Verma,john.verma2272@outlook.com,86087,Hyderabad,Telangana,2024/05/11,New
CUST02273,Vivaan Anderson,,7134906592,Patna,Bihar,08/26/2024,Premium
CUST02274,William Williams,william.williams2274@gmail.com,8409259245,hyderabad,Telangana,2021/12/17,regular
CUST02275,William Singh,william.singh2275@mail.com,9648169346,DELHI,Delhi,2023-08-30,regular
CUST02276,Kabir Jones,kabir.jones2276@outlook.com,8935915390,chennai,Tamil Nadu,08/18/2022,Premium
CUST02277,rohan johnson,rohan.johnson2277@gmail.com,8657382882,Indore,Madhya Pradesh,2022-02-22,VIP
CUST02278,Anaya Patel,anaya.patel2278@yahoo.com,6302538800,Lucknow,Uttar Pradesh,18-03-2024,Premium
CUST02279,Ishaan Rao,ishaan.rao2279_at_yahoo.com,9571680871,Patna,Bihar,2022-12-01,Regular
CUST02280,Abigail Rao,abigail.rao2280@yahoo.com,7708355272,LUCKNOW,Uttar Pradesh,21 Sep 2022,premium
CUST02281,Harper Miller,harper.miller2281@mail.com,8524537308,Chennai,Tamil Nadu,11-03-2024,Premium
CUST02282,ishaan brown,ishaan.brown2282@gmail.com,8444262621,BENGALURU,Karnataka,10/18/2022,premium
CUST02283,olivia verma,olivia.verma2283@yahoo.com,7664005381,Surat,Gujarat,13-01-2022,Premium
CUST02284,Saanvi Verma,saanvi.verma2284@mail.com,7855776841,patna,Bihar,2021-10-14,premium
CUST02285,Aarav Davis,aarav.davis2285@outlook.com,8615100741,Hyderabad,Telangana,19 Sep 2022,Regular
CUST02286,WILLIAM VERMA,william.verma2286@gmail.com,8579289643,Hyderabad,Telangana,15 Dec 2024,Premium
CUST02287,ALEXANDER GARCIA,alexander.garcia2287@yahoo.com,7797956960,Pune,Maharashtra,07/02/2024,Regular
CUST02288,ANAYA WILSON,anaya.wilson2288@outlook.com,7436252671,Bhopal,Madhya Pradesh,10/03/2024,Regular
CUST02289,Noah Davis,noah.davis2289@yahoo.com,9816331932,vadodara,Gujarat,2021/08/10,premium
CUST02290,Amelia Smith,amelia.smith2290@gmail.com,7628447135,Ludhiana,Punjab,20-05-2022,New
CUST02291,Olivia Brown,olivia.brown2291@outlook.com,8332319991,Bhopal,Madhya Pradesh,07/18/2021,VIP
CUST02292,Sophia Reddy,sophia.reddy2292@yahoo.com,9871626990,Bengaluru,Karnataka,2022-01-14,regular
CUST02293,CHARLOTTE REDDY,charlotte.reddy2293@gmail.com,9347353405,Nashik,Maharashtra,11/20/2021,VIP
CUST02294,MYRA SHARMA,myra.sharma2294@mail.com,8154594124,Surat,Gujarat,2023-07-14,regular
CUST02295,Pari Jones,pari.jones2295@outlook.com,7613443780,Kanpur,Uttar Pradesh,03-04-2023,Regular
CUST02296,Alexander Sharma,alexander.sharma2296@outlook.com,6770306614,Ahmedabad,Gujarat,2021/08/03,VIP
CUST02297,ABIGAIL JOHNSON,abigail.johnson2297@mail.com,9351421589,Lucknow,Uttar Pradesh,07/07/2021,regular
CUST02298,Anaya Nair,anaya.nair2298@outlook.com,6898989840,ludhiana,Punjab,0000-00-00,premium
CUST02299,John Nair,john.nair2299@gmail.com,9497181205,lucknow,Uttar Pradesh,22 Oct 2023,VIP
CUST02300,Vihaan Gupta,vihaan.gupta2300@mail.com,8138048068,Mumbai,Maharashtra,2021-11-08,Premium
CUST02301,Aditya Johnson,aditya.johnson2301@gmail.com,9373635484,jaipur,Rajasthan,,New
CUST02302,riya verma,riya.verma2302@gmail.com,7370496308,Nagpur,Maharashtra,06/01/2024,Premium
CUST02303,Olivia Brown,olivia.brown2303@gmail.com,8402818238,AHMEDABAD,Gujarat,24-03-2023,VIP
CUST02304,liam anderson,liam.anderson2304@outlook.com,9283221485,Hyderabad,Telangana,2023-08-10,New
CUST02305,kabir johnson,kabir.johnson2305@outlook.com,9463137675,Bhopal,Madhya Pradesh,2021/11/06,VIP
CUST02306,liam williams,liam.williams2306@yahoo.com,97719,Pune,Maharashtra,05/01/2022,premium
CUST02307,Saanvi Johnson,saanvi.johnson2307@outlook.com,7414095439,Agra,Uttar Pradesh,21 Oct 2023,New
CUST02308,Ananya Nair,ananya.nair2308@outlook.com,8298878836,Bengaluru,Karnataka,12/12/2021,Premium
CUST02309,Pari Miller,pari.miller2309@yahoo.com,7717073859,Jaipur,Rajasthan,0000-00-00,regular
CUST02310,Aarav Wilson,aarav.wilson2310@outlook.com,7535055742,Agra,Uttar Pradesh,27 Apr 2022,premium
CUST02311,Vivaan Miller,vivaan.miller2311@yahoo.com,6548890714,AGRA,Uttar Pradesh,02-02-2024,Premium
CUST02312,Aryan Johnson,aryan.johnson2312@gmail.com,6231661481,Ludhiana,Punjab,08/28/2024,VIP
CUST02313,Sophia Verma,sophia.verma2313@gmail.com,7275752032,Jaipur,Rajasthan,28-02-2022,New
CUST02314,ISABELLA WILSON,isabella.wilson2314@mail.com,7551465782,Bhopal,Madhya Pradesh,2023/03/29,regular
CUST02315,MYRA WILSON,myra.wilson2315@mail.com,7942991517,Patna,Bihar,01/28/2022,New
CUST02316,vihaan kumar,vihaan.kumar2316@outlook.com,9486520493,Surat,Gujarat,21 Nov 2022,regular
CUST02317,Lucas Smith,lucas.smith2317@mail.com,6776382555,Jaipur,Rajasthan,2022/12/14,premium
CUST02318,Liam Williams,liam.williams2318@mail.com,72972,Lucknow,Uttar Pradesh,2021-08-08,regular
CUST02319,Saanvi Miller,saanvi.miller2319@mail.com,8609815493,Lucknow,Uttar Pradesh,19 Apr 2024,regular
CUST02320,pari singh,,6554911237,Ludhiana,Punjab,2021/08/17,premium
CUST02321,Anaya Garcia,anaya.garcia2321@yahoo.com,7311039646,Delhi,Delhi,2021-10-08,VIP
CUST02322,Aadhya Miller,aadhya.miller2322@mail.com,7249858373,HYDERABAD,Telangana,2023-10-23,New
CUST02323,ISABELLA WILSON,isabella.wilson2323@outlook.com,6962018380,Nashik,Maharashtra,2022-06-10,New
CUST02324,ABIGAIL MILLER,abigail.miller2324@gmail.com,8157413841,delhi,Delhi,2021/07/28,regular
CUST02325,evelyn sharma,evelyn.sharma2325@yahoo.com,7348784267,Indore,Madhya Pradesh,02 Sep 2024,premium
CUST02326,Harper Sharma,harper.sharma2326@gmail.com,7755839861,Hyderabad,Telangana,07/06/2022,regular
CUST02327,ARJUN GUPTA,arjun.gupta2327@yahoo.com,9382574120,KANPUR,Uttar Pradesh,0000-00-00,New
CUST02328,diya iyer,diya.iyer2328@gmail.com,6564094293,Agra,Uttar Pradesh,16/11/2022,Premium
CUST02329,Harper Reddy,harper.reddy2329@mail.com,7270743836,Surat,Gujarat,12/08/2023,Premium
CUST02330,John Verma,john.verma2330_at_yahoo.com,8581630049,Ahmedabad,Gujarat,11/24/2021,VIP
CUST02331,Aditya Smith,aditya.smith2331@outlook.com,8398415148,SURAT,Gujarat,26 Apr 2024,Premium
CUST02332,Charlotte Wilson,charlotte.wilson2332@yahoo.com,7738353691,Chennai,Tamil Nadu,05/28/2024,VIP
CUST02333,Lucas Williams,,6856944771,Chennai,Tamil Nadu,10/19/2024,VIP
CUST02334,Riya Gupta,riya.gupta2334@outlook.com,92511,MUMBAI,Maharashtra,2022-12-07,Regular
CUST02335,Rohan Anderson,rohan.anderson2335@outlook.com,6160375531,Chennai,Tamil Nadu,27/10/2023,New
CUST02336,Aadhya Johnson,aadhya.johnson2336@outlook.com,7324440246,Bengaluru,Karnataka,16/08/2021,Regular
CUST02337,AADHYA PATEL,aadhya.patel2337@yahoo.com,9813051822,Jaipur,Rajasthan,19/08/2024,Premium
CUST02338,Vivaan Miller,vivaan.miller2338_at_yahoo.com,6328825128,Pune,Maharashtra,2024-10-16,VIP
CUST02339,Aarav Gupta,aarav.gupta2339@outlook.com,9988076915,ludhiana,Punjab,2024/11/28,Premium
CUST02340,ANAYA SHARMA,anaya.sharma2340@gmail.com,6459316345,Agra,Uttar Pradesh,05/11/2023,VIP
CUST02341,Pari Iyer,pari.iyer2341@outlook.com,7989778637,Bengaluru,Karnataka,2024-07-29,premium
CUST02342,Emma Verma,emma.verma2342@gmail.com,9859921062,Lucknow,Uttar Pradesh,17-11-2024,premium
CUST02343,alexander reddy,alexander.reddy2343@outlook.com,6620480230,Indore,Madhya Pradesh,24/09/2021,New
CUST02344,John Miller,john.miller2344_at_outlook.com,8432446887,jaipur,Rajasthan,2021/10/09,VIP
CUST02345,James Gupta,james.gupta2345@mail.com,9893205393,Patna,Bihar,01 Apr 2024,Regular
CUST02346,ISHAAN WILLIAMS,ishaan.williams2346@gmail.com,9709372436,lucknow,Uttar Pradesh,06/10/2023,VIP
CUST02347,William Smith,william.smith2347@gmail.com,9421047254,jaipur,Rajasthan,23-03-2022,regular
CUST02348,Charlotte Sharma,charlotte.sharma2348@gmail.com,9452623423,Pune,Maharashtra,29-11-2023,premium
CUST02349,ANAYA ANDERSON,anaya.anderson2349@mail.com,9541287015,Vadodara,Gujarat,2022-02-08,New
CUST02350,William Garcia,,6674317397,Jaipur,Rajasthan,2022/09/08,VIP
CUST02351,ALEXANDER JONES,alexander.jones2351@mail.com,9435961980,Bhopal,Madhya Pradesh,,New
CUST02352,mia johnson,mia.johnson2352@gmail.com,9105845783,patna,Bihar,22/07/2024,New
CUST02353,Isabella Gupta,isabella.gupta2353@mail.com,9565433390,Ahmedabad,Gujarat,21-12-2021,regular
CUST02354,Aadhya Rao,,8218911427,Bhopal,Madhya Pradesh,11-06-2022,premium
CUST02355,Mia Nair,mia.nair2355@gmail.com,9283156730,delhi,Delhi,23/05/2023,regular
CUST02356,sophia wilson,sophia.wilson2356@gmail.com,8467479615,AHMEDABAD,Gujarat,2021-10-17,regular
CUST02357,LUCAS VERMA,lucas.verma2357@yahoo.com,9950539974,Nagpur,Maharashtra,2022/05/25,premium
CUST02358,Vihaan Iyer,vihaan.iyer2358@outlook.com,9441492541,Bhopal,Madhya Pradesh,30 Jul 2023,Regular
CUST02359,Michael Garcia,michael.garcia2359@mail.com,6158358754,kanpur,Uttar Pradesh,26-10-2022,VIP
CUST02360,abigail kumar,abigail.kumar2360@yahoo.com,9964439712,Mumbai,Maharashtra,17 Aug 2023,regular
CUST02361,Mia Reddy,mia.reddy2361@mail.com,8782899041,Hyderabad,Telangana,07/10/2021,Regular
CUST02362,noah rao,noah.rao2362@yahoo.com,8129335052,Jaipur,Rajasthan,2023/11/13,Regular
CUST02363,Aarav Garcia,aarav.garcia2363@mail.com,8604992164,Mumbai,Maharashtra,2023-01-18,New
CUST02364,John Garcia,john.garcia2364@yahoo.com,8624601661,Agra,Uttar Pradesh,02/08/2021,Premium
CUST02365,Diya Sharma,diya.sharma2365@gmail.com,9226989739,Ludhiana,Punjab,17 Apr 2023,VIP
CUST02366,Aarav Garcia,aarav.garcia2366@outlook.com,6271705826,Vadodara,Gujarat,12-04-2023,Regular
CUST02367,OLIVIA KUMAR,olivia.kumar2367@outlook.com,9225699009,Chennai,Tamil Nadu,14 Nov 2022,VIP
CUST02368,Michael Sharma,michael.sharma2368@outlook.com,9669725641,BENGALURU,Karnataka,30/04/2024,Regular
CUST02369,Vivaan Sharma,vivaan.sharma2369@mail.com,7889174911,Bengaluru,Karnataka,24-04-2023,VIP
CUST02370,aryan miller,aryan.miller2370@mail.com,6703180271,Agra,Uttar Pradesh,10 Dec 2022,VIP
CUST02371,Henry Kumar,henry.kumar2371@outlook.com,9503161995,KANPUR,Uttar Pradesh,2023-10-08,Premium
CUST02372,kabir reddy,kabir.reddy2372@mail.com,9246999043,Ludhiana,Punjab,04 Nov 2021,regular
CUST02373,Diya Brown,diya.brown2373@outlook.com,8190235204,Lucknow,Uttar Pradesh,2024-10-17,New
CUST02374,Lucas Wilson,lucas.wilson2374@outlook.com,6852951092,Hyderabad,Telangana,06/12/2024,VIP
CUST02375,Kiara Verma,kiara.verma2375@yahoo.com,8358423998,VADODARA,Gujarat,25 May 2024,premium
CUST02376,aryan smith,aryan.smith2376@gmail.com,86322,Mumbai,Maharashtra,08/03/2021,New
CUST02377,Isabella Davis,isabella.davis2377@outlook.com,85173,Chennai,Tamil Nadu,01/21/2024,New
CUST02378,diya brown,diya.brown2378@gmail.com,6307803427,Ludhiana,Punjab,2024-05-26,Premium
CUST02379,VIVAAN PATEL,vivaan.patel2379@yahoo.com,6488627046,Nagpur,Maharashtra,2022/03/25,Regular
CUST02380,James Reddy,james.reddy2380@mail.com,8642761876,Bengaluru,Karnataka,2023-10-30,regular
CUST02381,Sophia Davis,sophia.davis2381@gmail.com,9434554252,chennai,Tamil Nadu,11/07/2023,Premium
CUST02382,Vivaan Brown,vivaan.brown2382@gmail.com,8777848904,Nashik,Maharashtra,14-11-2024,VIP
CUST02383,Harper Verma,harper.verma2383@yahoo.com,7878922249,Vadodara,Gujarat,04/01/2024,regular
CUST02384,LUCAS IYER,lucas.iyer2384@yahoo.com,7678946712,BHOPAL,Madhya Pradesh,2022-03-19,VIP
CUST02385,Noah Sharma,noah.sharma2385@mail.com,6419593355,Nashik,Maharashtra,0000-00-00,VIP
CUST02386,CHARLOTTE GARCIA,charlotte.garcia2386@gmail.com,8789787994,Pune,Maharashtra,30 Nov 2023,Regular
CUST02387,Vivaan Rao,vivaan.rao2387@gmail.com,6680370755,hyderabad,Telangana,2022-10-09,premium
CUST02388,saanvi gupta,saanvi.gupta2388@mail.com,8390018252,nashik,Maharashtra,2022-12-31,premium
CUST02389,LUCAS SINGH,lucas.singh2389@mail.com,7797159141,Patna,Bihar,2023-09-29,VIP
CUST02390,Benjamin Davis,benjamin.davis2390@outlook.com,9920310353,Bhopal,Madhya Pradesh,2023-12-21,New
CUST02391,Charlotte Davis,charlotte.davis2391@outlook.com,8439405039,Surat,Gujarat,04/17/2022,New
CUST02392,ABIGAIL SINGH,abigail.singh2392@gmail.com,6606998382,Delhi,Delhi,19/11/2023,premium
CUST02393,AMELIA SINGH,amelia.singh2393@mail.com,6820394476,kolkata,West Bengal,12 Oct 2022,regular
CUST02394,Alexander Davis,alexander.davis2394@mail.com,7554413540,Indore,Madhya Pradesh,2022-07-02,regular
CUST02395,Olivia Williams,olivia.williams2395@outlook.com,9700823325,Kolkata,West Bengal,15 Mar 2024,premium
CUST02396,Aryan Miller,,6133774136,bengaluru,Karnataka,04/15/2022,VIP
CUST02397,Aditya Wilson,aditya.wilson2397@mail.com,9708346161,Bengaluru,Karnataka,28/06/2021,Regular
CUST02398,Evelyn Smith,evelyn.smith2398@outlook.com,8141600982,PATNA,Bihar,2024/05/12,New
CUST02399,Ira Singh,ira.singh2399@gmail.com,8464937804,Ludhiana,Punjab,26-08-2024,regular
CUST02400,Diya Singh,diya.singh2400@gmail.com,6711549995,Delhi,Delhi,12/18/2023,Regular
CUST02401,Arjun Gupta,arjun.gupta2401@mail.com,7100997899,kanpur,Uttar Pradesh,08/22/2021,Regular
CUST02402,Anaya Iyer,anaya.iyer2402@outlook.com,6463388114,Indore,Madhya Pradesh,14/06/2023,Regular
CUST02403,Charlotte Nair,charlotte.nair2403@gmail.com,8645831987,Agra,Uttar Pradesh,06 Jun 2023,Premium
CUST02404,Charlotte Smith,charlotte.smith2404@outlook.com,6439761421,Chennai,Tamil Nadu,14/10/2021,New
CUST02405,Amelia Singh,amelia.singh2405@yahoo.com,6393968749,MUMBAI,Maharashtra,11/01/2022,premium
CUST02406,,pari.rao2406@outlook.com,8736882742,Kanpur,Uttar Pradesh,01/06/2024,regular
CUST02407,Riya Verma,riya.verma2407@outlook.com,6239026711,Nagpur,Maharashtra,2022/12/28,regular
CUST02408,Myra Rao,,6774115553,Bengaluru,Karnataka,29/07/2021,Regular
CUST02409,ANANYA ANDERSON,ananya.anderson2409@yahoo.com,6782958601,Hyderabad,Telangana,05/03/2022,regular
CUST02410,Liam Verma,liam.verma2410@yahoo.com,9467635611,Patna,Bihar,12 Aug 2024,regular
CUST02411,Aadhya Nair,aadhya.nair2411@outlook.com,9798636808,pune,Maharashtra,2023/01/23,Premium
CUST02412,vivaan davis,vivaan.davis2412@gmail.com,9887856235,Lucknow,Uttar Pradesh,11/15/2024,premium
CUST02413,pari smith,pari.smith2413@gmail.com,9267553968,Bengaluru,Karnataka,07-01-2022,Regular
CUST02414,NOAH PATEL,noah.patel2414@outlook.com,8923790633,Bhopal,Madhya Pradesh,0000-00-00,VIP
CUST02415,Olivia Sharma,olivia.sharma2415@mail.com,8299181540,Chennai,Tamil Nadu,19-11-2022,premium
CUST02416,Emma Jones,emma.jones2416_at_yahoo.com,9374163157,Delhi,Delhi,2024/02/25,regular
CUST02417,Alexander Davis,alexander.davis2417@mail.com,8766059883,INDORE,Madhya Pradesh,19 Jul 2022,VIP
CUST02418,Pari Nair,pari.nair2418@gmail.com,8644324579,Bhopal,Madhya Pradesh,22-08-2024,Premium
CUST02419,Vivaan Gupta,vivaan.gupta2419@mail.com,7747764102,Lucknow,Uttar Pradesh,20 May 2022,VIP
CUST02420,CHARLOTTE GUPTA,charlotte.gupta2420@outlook.com,8319879459,Bhopal,Madhya Pradesh,2024/09/02,Premium
CUST02421,Charlotte Smith,charlotte.smith2421@mail.com,6904705206,BHOPAL,Madhya Pradesh,2023-08-01,New
CUST02422,Aditya Singh,aditya.singh2422@mail.com,7976612944,Bhopal,Madhya Pradesh,08/10/2021,Regular
CUST02423,vihaan brown,vihaan.brown2423@yahoo.com,7331676721,Nagpur,Maharashtra,2024/10/21,Premium
CUST02424,Saanvi Miller,saanvi.miller2424@outlook.com,8292184697,VADODARA,Gujarat,2024/11/17,VIP
CUST02425,SAANVI NAIR,saanvi.nair2425@yahoo.com,9577249237,Nashik,Maharashtra,14/07/2022,premium
CUST02426,Alexander Nair,alexander.nair2426@gmail.com,7438844898,Agra,Uttar Pradesh,11 Aug 2023,Premium
CUST02427,Henry Kumar,henry.kumar2427@mail.com,7583685123,Pune,Maharashtra,2023-10-10,regular
CUST02428,Kabir Garcia,kabir.garcia2428@yahoo.com,99485,Kolkata,West Bengal,2021-12-15,premium
CUST02429,Evelyn Gupta,evelyn.gupta2429@outlook.com,6561316189,Bengaluru,Karnataka,2024/12/04,VIP
CUST02430,Aarav Patel,aarav.patel2430@outlook.com,7101578394,Mumbai,Maharashtra,06/29/2022,VIP
CUST02431,Mia Johnson,mia.johnson2431@mail.com,6489503546,Kolkata,West Bengal,27/03/2022,regular
CUST02432,VIHAAN SMITH,vihaan.smith2432@gmail.com,9950696685,Ahmedabad,Gujarat,10/22/2022,Premium
CUST02433,Ananya Gupta,ananya.gupta2433@outlook.com,6999642363,Nagpur,Maharashtra,30-04-2023,Premium
CUST02434,Aarav Smith,aarav.smith2434@yahoo.com,8683226844,Patna,Bihar,31-05-2024,Regular
CUST02435,VIHAAN WILSON,vihaan.wilson2435@mail.com,6219779283,Delhi,Delhi,16-11-2023,VIP
CUST02436,Mia Verma,mia.verma2436@outlook.com,9594051334,Agra,Uttar Pradesh,2024-02-01,VIP
CUST02437,Riya Brown,riya.brown2437@mail.com,68227,BHOPAL,Madhya Pradesh,22-12-2022,regular
CUST02438,Noah Iyer,noah.iyer2438@gmail.com,7864664844,agra,Uttar Pradesh,23-06-2024,regular
CUST02439,abigail williams,abigail.williams2439@mail.com,8579953541,Vadodara,Gujarat,2022-07-03,premium
CUST02440,Benjamin Patel,benjamin.patel2440@outlook.com,7117131921,kolkata,West Bengal,2022/08/31,VIP
CUST02441,John Williams,john.williams2441@mail.com,93974,Chennai,Tamil Nadu,06/14/2024,Premium
CUST02442,ALEXANDER GUPTA,alexander.gupta2442@yahoo.com,7160061481,Chennai,Tamil Nadu,09/01/2022,premium
CUST02443,Liam Garcia,liam.garcia2443@gmail.com,9491462883,Bengaluru,Karnataka,2022-10-22,VIP
CUST02444,Benjamin Anderson,benjamin.anderson2444@gmail.com,7742554101,Kanpur,Uttar Pradesh,07-07-2024,Regular
CUST02445,Aryan Miller,aryan.miller2445@gmail.com,9768135778,CHENNAI,Tamil Nadu,20 Nov 2023,regular
CUST02446,Isabella Verma,isabella.verma2446@mail.com,7431035358,INDORE,Madhya Pradesh,11/05/2023,premium
CUST02447,Alexander Nair,alexander.nair2447@yahoo.com,6153851349,Mumbai,Maharashtra,17 May 2023,premium
CUST02448,aarav nair,aarav.nair2448@mail.com,7853406890,surat,Gujarat,28/06/2021,Regular
CUST02449,Amelia Brown,amelia.brown2449@gmail.com,6291204755,Surat,Gujarat,16/11/2024,New
CUST02450,ISHAAN ANDERSON,ishaan.anderson2450@outlook.com,8294508017,BENGALURU,Karnataka,10/23/2024,regular
CUST02451,Anaya Anderson,anaya.anderson2451@yahoo.com,6848782861,Delhi,Delhi,07-06-2024,New
CUST02452,Ananya Iyer,ananya.iyer2452@outlook.com,7374950896,CHENNAI,Tamil Nadu,2021-12-19,Premium
CUST02453,Emma Miller,emma.miller2453@mail.com,7210228696,ludhiana,Punjab,27-06-2023,New
CUST02454,Aarav Davis,aarav.davis2454@yahoo.com,6443185548,lucknow,Uttar Pradesh,17/04/2022,premium
CUST02455,aryan gupta,aryan.gupta2455@yahoo.com,6949975410,INDORE,Madhya Pradesh,13-04-2023,VIP
CUST02456,Olivia Sharma,olivia.sharma2456@gmail.com,7928173888,vadodara,Gujarat,13/09/2021,New
CUST02457,Lucas Singh,lucas.singh2457@mail.com,6903693454,Kolkata,West Bengal,27-12-2023,Regular
CUST02458,OLIVIA DAVIS,olivia.davis2458@mail.com,9494267534,ahmedabad,Gujarat,2022/03/20,VIP
CUST02459,James Jones,james.jones2459@outlook.com,7312564760,Bhopal,Madhya Pradesh,04/08/2021,Premium
CUST02460,Benjamin Miller,benjamin.miller2460@outlook.com,6327143626,Bengaluru,Karnataka,,VIP
CUST02461,Vivaan Smith,vivaan.smith2461@yahoo.com,9956947241,Ahmedabad,Gujarat,14/09/2022,premium
CUST02462,Olivia Reddy,olivia.reddy2462@mail.com,7456670446,lucknow,Uttar Pradesh,09 Aug 2023,Premium
CUST02463,Myra Nair,myra.nair2463@mail.com,8731452848,Nagpur,Maharashtra,19 Feb 2022,Premium
CUST02464,William Verma,william.verma2464@mail.com,8749842159,Lucknow,Uttar Pradesh,14 Nov 2021,Regular
CUST02465,Aryan Anderson,aryan.anderson2465@yahoo.com,6115794381,Chennai,Tamil Nadu,2024-03-03,regular
CUST02466,Kiara Brown,kiara.brown2466@yahoo.com,7799372436,Indore,Madhya Pradesh,06/10/2022,New
CUST02467,Arjun Kumar,arjun.kumar2467@yahoo.com,9827310781,Ludhiana,Punjab,03 May 2024,regular
CUST02468,AARAV JONES,aarav.jones2468@gmail.com,8855903974,Pune,Maharashtra,10 Oct 2023,regular
CUST02469,Riya Nair,riya.nair2469@outlook.com,8937058492,Kolkata,West Bengal,06/05/2022,VIP
CUST02470,James Reddy,james.reddy2470@yahoo.com,9834384424,delhi,Delhi,28-02-2023,Premium
CUST02471,EVELYN MILLER,evelyn.miller2471@mail.com,7289597601,Hyderabad,Telangana,2024/07/27,Regular
CUST02472,Mia Singh,mia.singh2472@gmail.com,8212524824,Nagpur,Maharashtra,2023-06-15,regular
CUST02473,Rohan Reddy,rohan.reddy2473@gmail.com,9580789494,Mumbai,Maharashtra,03/08/2023,Premium
CUST02474,Amelia Garcia,amelia.garcia2474@gmail.com,8125958699,MUMBAI,Maharashtra,12/02/2022,Regular
CUST02475,Sophia Patel,sophia.patel2475_at_gmail.com,91456,bengaluru,Karnataka,12/01/2024,regular
CUST02476,Sophia Singh,sophia.singh2476@yahoo.com,9331207845,Delhi,Delhi,11 Jun 2022,Regular
CUST02477,REYANSH ANDERSON,reyansh.anderson2477_at_outlook.com,7516791263,Bengaluru,Karnataka,11-10-2022,VIP
CUST02478,saanvi verma,saanvi.verma2478@outlook.com,9565901909,kolkata,West Bengal,2023-06-03,Premium
CUST02479,Sophia Singh,sophia.singh2479@mail.com,9435339436,Agra,Uttar Pradesh,2022-12-24,VIP
CUST02480,Olivia Patel,olivia.patel2480@outlook.com,8131480206,Bhopal,Madhya Pradesh,04-08-2022,Regular
CUST02481,aarav miller,aarav.miller2481@outlook.com,7708879438,Indore,Madhya Pradesh,12-10-2023,New
CUST02482,AADHYA DAVIS,aadhya.davis2482@outlook.com,9731407355,Vadodara,Gujarat,24/07/2021,premium
CUST02483,Aryan Williams,aryan.williams2483@mail.com,7562272293,Hyderabad,Telangana,2022-12-15,VIP
CUST02484,ANAYA JOHNSON,anaya.johnson2484@outlook.com,7517159541,SURAT,Gujarat,2022/05/11,Regular
CUST02485,Vivaan Kumar,vivaan.kumar2485@yahoo.com,7212915341,LUDHIANA,Punjab,02 Nov 2024,Regular
CUST02486,Charlotte Johnson,charlotte.johnson2486@gmail.com,8518633591,BHOPAL,Madhya Pradesh,02/09/2024,premium
CUST02487,Sophia Singh,sophia.singh2487@yahoo.com,7310753076,Indore,Madhya Pradesh,2023/05/24,VIP
CUST02488,Charlotte Singh,,6186256652,pune,Maharashtra,08/09/2023,premium
CUST02489,Reyansh Nair,reyansh.nair2489@outlook.com,6223477745,AGRA,Uttar Pradesh,28/11/2023,New
CUST02490,Olivia Johnson,olivia.johnson2490@gmail.com,9255850767,Mumbai,Maharashtra,05-11-2023,premium
CUST02491,ISABELLA NAIR,isabella.nair2491@yahoo.com,7318107558,Bengaluru,Karnataka,31-08-2021,regular
CUST02492,Vihaan Davis,vihaan.davis2492@gmail.com,75745,KOLKATA,West Bengal,2023-10-19,Regular
CUST02493,AARAV SINGH,aarav.singh2493@yahoo.com,8809466292,Kolkata,West Bengal,18-11-2022,premium
CUST02494,Henry Johnson,henry.johnson2494@outlook.com,78290,Nagpur,Maharashtra,03 Nov 2022,VIP
CUST02495,Saanvi Garcia,saanvi.garcia2495@gmail.com,8910828125,NAGPUR,Maharashtra,02 Dec 2024,premium
CUST02496,evelyn brown,evelyn.brown2496@outlook.com,9939066046,Nagpur,Maharashtra,01/19/2023,VIP
CUST02497,Mia Garcia,mia.garcia2497@outlook.com,9696013253,Kanpur,Uttar Pradesh,11/10/2021,premium
CUST02498,Henry Wilson,henry.wilson2498@yahoo.com,8652592068,Mumbai,Maharashtra,2022-04-06,regular
CUST02499,Amelia Kumar,amelia.kumar2499@outlook.com,8299348566,LUDHIANA,Punjab,2023-10-01,New
CUST02500,HENRY DAVIS,henry.davis2500@gmail.com,8969002252,Delhi,Delhi,09-05-2023,Premium
CUST02501,Lucas Iyer,lucas.iyer2501@gmail.com,7119929255,Indore,Madhya Pradesh,2024/02/12,VIP
CUST02502,Arjun Wilson,arjun.wilson2502@gmail.com,6209038146,delhi,Delhi,29/10/2024,New
CUST02503,pari sharma,pari.sharma2503@mail.com,9432221450,Bhopal,Madhya Pradesh,20-11-2023,VIP
CUST02504,John Johnson,john.johnson2504@mail.com,6771015336,nagpur,Maharashtra,06/18/2022,premium
CUST02505,Anaya Iyer,anaya.iyer2505@mail.com,9713079856,Delhi,Delhi,2023-04-14,VIP
CUST02506,Anaya Patel,,6526464252,Pune,Maharashtra,2022/04/18,regular
CUST02507,Isabella Verma,isabella.verma2507@outlook.com,9605508259,Chennai,Tamil Nadu,15-12-2022,Premium
CUST02508,myra jones,myra.jones2508@yahoo.com,9664285297,Kolkata,West Bengal,01/24/2023,Regular
CUST02509,isabella garcia,isabella.garcia2509@yahoo.com,7595280960,Chennai,Tamil Nadu,08/05/2021,VIP
CUST02510,Aadhya Johnson,aadhya.johnson2510@outlook.com,7474724514,Indore,Madhya Pradesh,2023-03-02,VIP
CUST02511,Sophia Davis,sophia.davis2511@outlook.com,8608329463,Mumbai,Maharashtra,13 Jul 2021,regular
CUST02512,Harper Reddy,harper.reddy2512@gmail.com,7608870403,HYDERABAD,Telangana,21 Sep 2023,New
CUST02513,Anaya Patel,anaya.patel2513@gmail.com,7405299995,Chennai,Tamil Nadu,07/27/2024,regular
CUST02514,WILLIAM VERMA,william.verma2514@mail.com,8183958514,Kolkata,West Bengal,23-12-2021,regular
CUST02515,Evelyn Reddy,,8103527493,Vadodara,Gujarat,09/28/2022,New
CUST02516,James Nair,james.nair2516@yahoo.com,6695908547,KOLKATA,West Bengal,2022/10/06,premium
CUST02517,charlotte garcia,charlotte.garcia2517@gmail.com,8807770065,Kanpur,Uttar Pradesh,2024-04-11,regular
CUST02518,Charlotte Patel,charlotte.patel2518@mail.com,7178029004,patna,Bihar,05/17/2024,VIP
CUST02519,AARAV MILLER,aarav.miller2519@yahoo.com,7669892777,Mumbai,Maharashtra,05/09/2023,premium
CUST02520,Arjun Singh,arjun.singh2520@yahoo.com,7780969954,Delhi,Delhi,07/28/2024,Premium
CUST02521,Amelia Gupta,amelia.gupta2521@outlook.com,7363159489,indore,Madhya Pradesh,05-10-2024,regular
CUST02522,Saanvi Rao,saanvi.rao2522@mail.com,7563657877,Chennai,Tamil Nadu,0000-00-00,Regular
CUST02523,henry nair,henry.nair2523@mail.com,7855650208,Ahmedabad,Gujarat,07-08-2024,Regular
CUST02524,Harper Reddy,harper.reddy2524@mail.com,7640941355,Chennai,Tamil Nadu,08/27/2022,VIP
CUST02525,Liam Iyer,liam.iyer2525@yahoo.com,6127202040,Kolkata,West Bengal,2024/11/17,premium
CUST02526,Harper Wilson,harper.wilson2526@gmail.com,7179943300,Agra,Uttar Pradesh,07/12/2024,New
CUST02527,kiara iyer,kiara.iyer2527@mail.com,6938652771,Vadodara,Gujarat,12/24/2022,New
CUST02528,Amelia Johnson,amelia.johnson2528@yahoo.com,7642348579,Bengaluru,Karnataka,2024/06/16,premium
CUST02529,RIYA RAO,riya.rao2529@yahoo.com,6140299232,Jaipur,Rajasthan,12/13/2022,New
CUST02530,Vihaan Kumar,vihaan.kumar2530@gmail.com,8763410140,Agra,Uttar Pradesh,2024-07-26,regular
CUST02531,aadhya jones,aadhya.jones2531@mail.com,7102742306,vadodara,Gujarat,2021/08/17,New
CUST02532,Abigail Garcia,abigail.garcia2532@gmail.com,72289,Indore,Madhya Pradesh,2022-01-09,regular
CUST02533,noah reddy,noah.reddy2533@yahoo.com,7134658905,Patna,Bihar,2023-07-06,regular
CUST02534,Sophia Johnson,sophia.johnson2534@mail.com,7659878193,Ahmedabad,Gujarat,2024/07/26,Regular
CUST02535,Aarav Smith,aarav.smith2535@mail.com,7614155864,SURAT,Gujarat,2022-02-07,Regular
CUST02536,William Gupta,william.gupta2536@mail.com,9808660325,Bengaluru,Karnataka,04-12-2023,VIP
CUST02537,Olivia Williams,olivia.williams2537@mail.com,9414984031,Nagpur,Maharashtra,05/12/2024,VIP
CUST02538,vivaan williams,vivaan.williams2538@yahoo.com,6122975316,Pune,Maharashtra,24 May 2024,regular
CUST02539,ISABELLA WILSON,isabella.wilson2539@mail.com,9651788942,LUCKNOW,Uttar Pradesh,,regular
CUST02540,James Iyer,james.iyer2540@outlook.com,9248298332,Nagpur,Maharashtra,17 Feb 2022,regular
CUST02541,Saanvi Singh,saanvi.singh2541@yahoo.com,7416008913,bengaluru,Karnataka,2022/05/15,Regular
CUST02542,Benjamin Anderson,benjamin.anderson2542@gmail.com,7530651298,LUDHIANA,Punjab,2024/03/04,Premium
CUST02543,james johnson,james.johnson2543@mail.com,6849247738,kanpur,Uttar Pradesh,01/24/2022,Regular
CUST02544,William Miller,william.miller2544@outlook.com,8898200698,ahmedabad,Gujarat,2022-12-22,regular
CUST02545,liam smith,liam.smith2545@outlook.com,9968718972,NASHIK,Maharashtra,03-03-2023,New
CUST02546,abigail nair,abigail.nair2546@outlook.com,8504873371,BHOPAL,Madhya Pradesh,2023/09/19,regular
CUST02547,Charlotte Nair,charlotte.nair2547@mail.com,6746954865,Vadodara,Gujarat,2024-02-20,regular
CUST02548,Ira Gupta,ira.gupta2548@yahoo.com,7754880270,surat,Gujarat,2023-02-01,New
CUST02549,Olivia Rao,olivia.rao2549@outlook.com,6168444357,lucknow,Uttar Pradesh,11/14/2022,VIP
CUST02550,vihaan jones,vihaan.jones2550@outlook.com,8756003669,Jaipur,Rajasthan,05 Aug 2023,Regular
CUST02551,Vivaan Iyer,vivaan.iyer2551@outlook.com,9825811404,Ludhiana,Punjab,2023/07/17,regular
CUST02552,Vivaan Gupta,vivaan.gupta2552@yahoo.com,8999837326,Chennai,Tamil Nadu,06 Apr 2023,VIP
CUST02553,Liam Rao,liam.rao2553@mail.com,6935056307,Vadodara,Gujarat,2023/09/18,Premium
CUST02554,amelia brown,amelia.brown2554@gmail.com,8922060832,Kolkata,West Bengal,12-06-2024,Regular
CUST02555,James Kumar,james.kumar2555@outlook.com,64255,Jaipur,Rajasthan,17 Sep 2023,VIP
CUST02556,VIVAAN SMITH,vivaan.smith2556@yahoo.com,8977382142,AGRA,Uttar Pradesh,05/05/2023,New
CUST02557,Vihaan Garcia,vihaan.garcia2557@gmail.com,8373441600,Chennai,Tamil Nadu,09 Jun 2024,Regular
CUST02558,Vivaan Johnson,vivaan.johnson2558@yahoo.com,7779661983,VADODARA,Gujarat,2023-11-05,regular
CUST02559,Myra Reddy,myra.reddy2559@gmail.com,7115656082,Hyderabad,Telangana,18/03/2023,premium
CUST02560,Aryan Jones,aryan.jones2560@mail.com,9799707939,Patna,Bihar,21-12-2023,premium
CUST02561,Aadhya Iyer,aadhya.iyer2561@outlook.com,72660,Ludhiana,Punjab,12/15/2022,New
CUST02562,Ananya Wilson,ananya.wilson2562@outlook.com,9114914064,Ludhiana,Punjab,03/05/2023,Regular
CUST02563,Ananya Brown,ananya.brown2563@outlook.com,6496699237,KANPUR,Uttar Pradesh,2023/01/12,VIP
CUST02564,Aadhya Garcia,aadhya.garcia2564@outlook.com,8567714669,Delhi,Delhi,17 Nov 2021,regular
CUST02565,Noah Anderson,noah.anderson2565@gmail.com,7327654972,Jaipur,Rajasthan,06/18/2022,New
CUST02566,Lucas Brown,lucas.brown2566@gmail.com,9997313665,Vadodara,Gujarat,2023-01-17,premium
CUST02567,anaya verma,anaya.verma2567@mail.com,7119817168,Ludhiana,Punjab,2022/03/25,premium
CUST02568,Pari Brown,pari.brown2568@outlook.com,9810679923,Indore,Madhya Pradesh,23/01/2022,Regular
CUST02569,Mia Reddy,mia.reddy2569@mail.com,9349145370,Ludhiana,Punjab,25 Dec 2022,VIP
CUST02570,Pari Kumar,pari.kumar2570@gmail.com,9165693027,Chennai,Tamil Nadu,2022-08-20,Regular
CUST02571,Harper Miller,harper.miller2571_at_yahoo.com,87247,Delhi,Delhi,19-10-2022,New
CUST02572,Abigail Singh,abigail.singh2572@mail.com,7925677851,Kanpur,Uttar Pradesh,08/07/2023,Premium
CUST02573,MICHAEL JONES,michael.jones2573@yahoo.com,8746781652,Surat,Gujarat,2022-08-14,Regular
CUST02574,Noah Davis,noah.davis2574@outlook.com,8943115413,Mumbai,Maharashtra,16 Aug 2024,New
CUST02575,Benjamin Davis,benjamin.davis2575_at_yahoo.com,6973621225,Agra,Uttar Pradesh,2024/05/20,New
CUST02576,Benjamin Rao,benjamin.rao2576@outlook.com,7828979122,Bhopal,Madhya Pradesh,22 Jun 2021,Premium
CUST02577,Noah Jones,noah.jones2577@outlook.com,9953269563,Delhi,Delhi,2022/03/12,Regular
CUST02578,Aditya Nair,aditya.nair2578@mail.com,9596831965,Kolkata,West Bengal,16 Sep 2024,Regular
CUST02579,Charlotte Reddy,charlotte.reddy2579@yahoo.com,7985508331,Jaipur,Rajasthan,11 Jul 2021,premium
CUST02580,Lucas Anderson,lucas.anderson2580@gmail.com,8913160478,CHENNAI,Tamil Nadu,11/16/2024,premium
CUST02581,Anaya Kumar,anaya.kumar2581@mail.com,6545719748,Jaipur,Rajasthan,01 Mar 2024,Regular
CUST02582,ANANYA JONES,ananya.jones2582@outlook.com,9683802071,Kolkata,West Bengal,2021-07-08,premium
CUST02583,Amelia Iyer,amelia.iyer2583@yahoo.com,9163796293,Patna,Bihar,02/09/2023,Regular
CUST02584,Pari Reddy,,7259308220,pune,Maharashtra,29/12/2021,VIP
CUST02585,Anaya Nair,anaya.nair2585@mail.com,6165827827,Pune,Maharashtra,17-03-2024,VIP
CUST02586,Kabir Garcia,kabir.garcia2586@gmail.com,9640932557,Patna,Bihar,2024/12/07,regular
CUST02587,Vihaan Johnson,vihaan.johnson2587@mail.com,6894782459,KANPUR,Uttar Pradesh,01-01-2024,New
CUST02588,Aadhya Williams,aadhya.williams2588@mail.com,7924860861,Nashik,Maharashtra,2021/12/02,Regular
CUST02589,myra miller,myra.miller2589@outlook.com,7274198525,Delhi,Delhi,20-06-2024,Regular
CUST02590,myra sharma,myra.sharma2590@outlook.com,9945600346,Delhi,Delhi,06/19/2021,Regular
CUST02591,Anaya Jones,anaya.jones2591@outlook.com,6964301452,Bengaluru,Karnataka,2023-11-01,Premium
CUST02592,Aryan Reddy,aryan.reddy2592@gmail.com,8196348313,Chennai,Tamil Nadu,19 Aug 2023,Premium
CUST02593,VIHAAN NAIR,vihaan.nair2593@gmail.com,6845864005,Chennai,Tamil Nadu,07-07-2023,regular
CUST02594,John Jones,john.jones2594@mail.com,6214909295,Vadodara,Gujarat,2022/01/17,Regular
CUST02595,James Brown,james.brown2595@yahoo.com,7263467675,PATNA,Bihar,08/02/2022,premium
CUST02596,Sophia Garcia,sophia.garcia2596@mail.com,6892610391,Hyderabad,Telangana,31 Jan 2023,VIP
CUST02597,Isabella Garcia,isabella.garcia2597@outlook.com,8468070275,Bhopal,Madhya Pradesh,2023/12/11,VIP
CUST02598,Liam Iyer,liam.iyer2598@outlook.com,6136514318,Chennai,Tamil Nadu,2022-11-07,premium
CUST02599,Vivaan Anderson,vivaan.anderson2599@outlook.com,6954721886,BENGALURU,Karnataka,04 Jun 2023,premium
CUST02600,Aadhya Kumar,aadhya.kumar2600@yahoo.com,6262078356,Agra,Uttar Pradesh,2023/10/20,Regular
CUST02601,michael iyer,michael.iyer2601@yahoo.com,7198382763,Agra,Uttar Pradesh,20 Jul 2021,VIP
CUST02602,James Williams,james.williams2602@gmail.com,8128681923,AGRA,Uttar Pradesh,14 Jun 2024,Regular
CUST02603,Diya Nair,diya.nair2603@yahoo.com,9843441213,Vadodara,Gujarat,01-04-2024,VIP
CUST02604,aryan rao,aryan.rao2604@outlook.com,6254882602,LUDHIANA,Punjab,03/16/2024,premium
CUST02605,Ira Kumar,ira.kumar2605@yahoo.com,7661021340,NASHIK,Maharashtra,2022/06/02,regular
CUST02606,EVELYN VERMA,evelyn.verma2606@outlook.com,8505473997,Patna,Bihar,10/08/2022,Premium
CUST02607,Rohan Garcia,rohan.garcia2607@mail.com,7107538045,Hyderabad,Telangana,11/12/2024,VIP
CUST02608,Mia Brown,mia.brown2608@outlook.com,8425720751,Nashik,Maharashtra,2023-09-14,regular
CUST02609,ananya patel,ananya.patel2609@mail.com,8498966772,ahmedabad,Gujarat,0000-00-00,regular
CUST02610,John Sharma,john.sharma2610@gmail.com,7833312276,Vadodara,Gujarat,09/12/2021,VIP
CUST02611,Kabir Iyer,kabir.iyer2611@yahoo.com,9631933606,Pune,Maharashtra,2022/07/22,New
CUST02612,Rohan Nair,rohan.nair2612@outlook.com,9515432471,Kolkata,West Bengal,2023/07/01,Premium
CUST02613,Ira Brown,ira.brown2613@gmail.com,9135007223,Surat,Gujarat,2024-01-18,Premium
CUST02614,Henry Davis,henry.davis2614@yahoo.com,7402506204,MUMBAI,Maharashtra,01/03/2022,Premium
CUST02615,Ishaan Smith,ishaan.smith2615@mail.com,8988610802,mumbai,Maharashtra,10/06/2024,Regular
CUST02616,Anaya Sharma,,8278857838,Delhi,Delhi,09/17/2023,New
CUST02617,Riya Verma,riya.verma2617@yahoo.com,6370400523,INDORE,Madhya Pradesh,2023-03-30,regular
CUST02618,Kiara Garcia,kiara.garcia2618@mail.com,6146974130,LUDHIANA,Punjab,2021-07-01,New
CUST02619,Harper Davis,harper.davis2619_at_gmail.com,9456675322,Bhopal,Madhya Pradesh,20 Jun 2024,Premium
CUST02620,Saanvi Kumar,saanvi.kumar2620@gmail.com,9587804537,ludhiana,Punjab,21-10-2021,VIP
CUST02621,Evelyn Jones,evelyn.jones2621@mail.com,9493287931,KANPUR,Uttar Pradesh,2021-10-31,regular
CUST02622,Rohan Jones,rohan.jones2622@yahoo.com,7982085037,Ludhiana,Punjab,30-09-2023,Premium
CUST02623,Saanvi Williams,saanvi.williams2623@yahoo.com,6792418863,NASHIK,Maharashtra,09-04-2023,New
CUST02624,aadhya iyer,aadhya.iyer2624@outlook.com,7589131559,Ahmedabad,Gujarat,05-05-2024,premium
CUST02625,alexander gupta,alexander.gupta2625@mail.com,7444863850,Ludhiana,Punjab,10-03-2024,New
CUST02626,Reyansh Nair,reyansh.nair2626@gmail.com,7169239457,Agra,Uttar Pradesh,17-04-2023,premium
CUST02627,Noah Anderson,noah.anderson2627@gmail.com,9969295093,Nashik,Maharashtra,17/02/2022,VIP
CUST02628,Ira Garcia,ira.garcia2628@mail.com,9718815672,Indore,Madhya Pradesh,06/26/2022,regular
CUST02629,Lucas Sharma,lucas.sharma2629@mail.com,9698554797,MUMBAI,Maharashtra,06/13/2023,VIP
CUST02630,MYRA SMITH,myra.smith2630@mail.com,8454523625,Kanpur,Uttar Pradesh,26/10/2023,regular
CUST02631,Alexander Sharma,alexander.sharma2631@gmail.com,9237131529,nagpur,Maharashtra,2022/04/23,New
CUST02632,Riya Miller,riya.miller2632_at_gmail.com,7224649837,DELHI,Delhi,2023/08/29,premium
CUST02633,isabella verma,isabella.verma2633@outlook.com,6271085326,Ludhiana,Punjab,2024-02-21,VIP
CUST02634,Lucas Reddy,lucas.reddy2634@outlook.com,9763542965,Delhi,Delhi,29/08/2021,premium
CUST02635,Ira Patel,ira.patel2635@gmail.com,8148919774,Chennai,Tamil Nadu,07/18/2022,Regular
CUST02636,Mia Iyer,mia.iyer2636@yahoo.com,8638213166,Nagpur,Maharashtra,20-05-2023,VIP
CUST02637,James Garcia,james.garcia2637@outlook.com,7126274515,Indore,Madhya Pradesh,11 Aug 2023,New
CUST02638,sophia rao,sophia.rao2638@mail.com,9288712486,Jaipur,Rajasthan,22-09-2023,premium
CUST02639,Abigail Davis,abigail.davis2639@outlook.com,7409052787,Surat,Gujarat,12/02/2022,premium
CUST02640,William Reddy,william.reddy2640@yahoo.com,7796600671,Bengaluru,Karnataka,20-05-2024,Regular
CUST02641,Benjamin Johnson,benjamin.johnson2641@outlook.com,8717258154,Hyderabad,Telangana,11/07/2022,Premium
CUST02642,Abigail Jones,abigail.jones2642@mail.com,9215904590,nagpur,Maharashtra,06-12-2023,premium
CUST02643,Anaya Garcia,anaya.garcia2643@gmail.com,8570824305,Jaipur,Rajasthan,09/15/2022,premium
CUST02644,Alexander Reddy,alexander.reddy2644@outlook.com,8868078895,Bengaluru,Karnataka,24 Aug 2023,premium
CUST02645,Mia Williams,mia.williams2645@outlook.com,9679462904,bengaluru,Karnataka,2024-12-02,VIP
CUST02646,Benjamin Wilson,,7308000593,Ahmedabad,Gujarat,10/22/2023,Regular
CUST02647,Rohan Garcia,rohan.garcia2647@outlook.com,6554685761,Kanpur,Uttar Pradesh,2024-08-15,Regular
CUST02648,Charlotte Davis,charlotte.davis2648@yahoo.com,8474256444,Surat,Gujarat,24/01/2022,Premium
CUST02649,ANANYA REDDY,ananya.reddy2649@yahoo.com,9904387448,KANPUR,Uttar Pradesh,03/30/2023,VIP
CUST02650,Mia Nair,mia.nair2650@yahoo.com,7740947862,INDORE,Madhya Pradesh,31-07-2022,Premium
CUST02651,Anaya Verma,anaya.verma2651@yahoo.com,6103090799,patna,Bihar,18-08-2023,Premium
CUST02652,JAMES SHARMA,james.sharma2652@yahoo.com,6323402679,Kanpur,Uttar Pradesh,08-09-2023,New
CUST02653,Harper Miller,harper.miller2653@gmail.com,9486532703,Bengaluru,Karnataka,17/12/2022,premium
CUST02654,ishaan miller,ishaan.miller2654@yahoo.com,7146768810,SURAT,Gujarat,16-06-2024,New
CUST02655,KIARA SMITH,kiara.smith2655@outlook.com,83753,Lucknow,Uttar Pradesh,2023-06-22,Premium
CUST02656,AADHYA ANDERSON,aadhya.anderson2656_at_gmail.com,8608170682,Chennai,Tamil Nadu,22/07/2022,New
CUST02657,Aadhya Iyer,aadhya.iyer2657@outlook.com,8646662241,Ludhiana,Punjab,22-10-2021,regular
CUST02658,BENJAMIN RAO,benjamin.rao2658@mail.com,7869412010,Kolkata,West Bengal,2022/08/03,regular
CUST02659,Sophia Williams,sophia.williams2659@gmail.com,7370441839,Kanpur,Uttar Pradesh,07/08/2021,Regular
CUST02660,Sophia Johnson,sophia.johnson2660@outlook.com,9793128014,Ludhiana,Punjab,2023/09/05,regular
CUST02661,SAANVI REDDY,saanvi.reddy2661@yahoo.com,8119480979,PUNE,Maharashtra,10/24/2021,regular
CUST02662,LIAM GUPTA,liam.gupta2662@yahoo.com,9917948772,BENGALURU,Karnataka,21-02-2023,premium
CUST02663,ishaan kumar,ishaan.kumar2663@yahoo.com,93894,AHMEDABAD,Gujarat,2023/01/24,New
CUST02664,saanvi rao,saanvi.rao2664@yahoo.com,8931073670,Mumbai,Maharashtra,09 Aug 2021,Regular
CUST02665,Saanvi Nair,saanvi.nair2665@yahoo.com,6708998957,Pune,Maharashtra,05/03/2023,Premium
CUST02666,Charlotte Brown,charlotte.brown2666@yahoo.com,7537977943,Nagpur,Maharashtra,21 Jan 2023,Regular
CUST02667,Mia Wilson,mia.wilson2667@outlook.com,7103732451,Mumbai,Maharashtra,23-01-2024,Regular
CUST02668,Rohan Miller,rohan.miller2668@yahoo.com,7554270033,Chennai,Tamil Nadu,26-10-2023,Regular
CUST02669,Evelyn Kumar,evelyn.kumar2669@outlook.com,6859880098,bhopal,Madhya Pradesh,20/07/2022,regular
CUST02670,noah kumar,noah.kumar2670@gmail.com,8277976841,Chennai,Tamil Nadu,2024-06-04,Premium
CUST02671,john singh,john.singh2671@yahoo.com,9513156443,Mumbai,Maharashtra,2024-09-16,premium
CUST02672,Ishaan Nair,ishaan.nair2672@outlook.com,8299205872,Ahmedabad,Gujarat,12 Nov 2022,New
CUST02673,henry iyer,henry.iyer2673@yahoo.com,7137157460,Chennai,Tamil Nadu,11/22/2024,premium
CUST02674,Michael Reddy,michael.reddy2674@outlook.com,8322503874,Bhopal,Madhya Pradesh,21 Apr 2024,premium
CUST02675,ABIGAIL SHARMA,abigail.sharma2675@outlook.com,7465370381,Kanpur,Uttar Pradesh,26-08-2024,New
CUST02676,Liam Kumar,liam.kumar2676@yahoo.com,81150,MUMBAI,Maharashtra,08/03/2024,VIP
CUST02677,Ira Davis,ira.davis2677@outlook.com,6872122938,kanpur,Uttar Pradesh,25-05-2022,premium
CUST02678,william johnson,william.johnson2678@gmail.com,8813578545,Bhopal,Madhya Pradesh,2021/06/16,premium
CUST02679,ANAYA GUPTA,anaya.gupta2679@gmail.com,7481271337,Chennai,Tamil Nadu,02/26/2023,Regular
CUST02680,Noah Sharma,noah.sharma2680@outlook.com,6424503190,pune,Maharashtra,30/07/2022,VIP
CUST02681,john reddy,john.reddy2681@yahoo.com,8250573353,BENGALURU,Karnataka,2023/02/09,Premium
CUST02682,Myra Miller,myra.miller2682@gmail.com,7304079881,Delhi,Delhi,11/12/2024,Regular
CUST02683,Vivaan Anderson,vivaan.anderson2683@outlook.com,9902557783,Chennai,Tamil Nadu,29/06/2023,Premium
CUST02684,Riya Jones,riya.jones2684@mail.com,6411891678,vadodara,Gujarat,10/10/2023,premium
CUST02685,Vivaan Jones,vivaan.jones2685@gmail.com,9217184510,Surat,Gujarat,22/05/2024,Regular
CUST02686,Ishaan Gupta,ishaan.gupta2686@mail.com,9127400352,Agra,Uttar Pradesh,2021-11-04,Regular
CUST02687,Diya Patel,diya.patel2687@outlook.com,9404115104,kolkata,West Bengal,18/07/2021,premium
CUST02688,arjun verma,arjun.verma2688@mail.com,81805,Kanpur,Uttar Pradesh,13 Jul 2023,Regular
CUST02689,HARPER SMITH,,6577677889,Kanpur,Uttar Pradesh,07/02/2022,New
CUST02690,Emma Williams,emma.williams2690@gmail.com,8591588520,Ahmedabad,Gujarat,2021-10-26,New
CUST02691,Emma Gupta,emma.gupta2691@gmail.com,8878363857,Hyderabad,Telangana,21/11/2022,Premium
CUST02692,sophia gupta,,7848947803,Chennai,Tamil Nadu,2023-03-27,New
CUST02693,Charlotte Patel,charlotte.patel2693@yahoo.com,78877,Surat,Gujarat,2023-04-03,premium
CUST02694,ISABELLA VERMA,isabella.verma2694@mail.com,8972486399,Delhi,Delhi,2022/01/04,premium
CUST02695,Henry Iyer,henry.iyer2695@gmail.com,9930047911,Jaipur,Rajasthan,13 Oct 2021,Regular
CUST02696,Abigail Jones,abigail.jones2696@gmail.com,8654424488,Surat,Gujarat,19/11/2021,New
CUST02697,michael nair,michael.nair2697@yahoo.com,9259610844,Jaipur,Rajasthan,06/05/2022,VIP
CUST02698,Sophia Brown,sophia.brown2698@outlook.com,9458924718,Chennai,Tamil Nadu,08/16/2024,premium
CUST02699,Pari Reddy,pari.reddy2699@gmail.com,6763068422,NAGPUR,Maharashtra,2024-01-03,VIP
CUST02700,Rohan Nair,rohan.nair2700@gmail.com,7189383056,Pune,Maharashtra,07/11/2022,premium
CUST02701,VIHAAN GARCIA,vihaan.garcia2701@yahoo.com,6190083348,Nagpur,Maharashtra,16-05-2022,Regular
CUST02702,John Gupta,john.gupta2702@yahoo.com,6162218795,LUDHIANA,Punjab,2023-10-20,regular
CUST02703,vivaan garcia,vivaan.garcia2703_at_outlook.com,9897021653,Patna,Bihar,24 Aug 2023,VIP
CUST02704,Myra Reddy,myra.reddy2704@outlook.com,6790166436,INDORE,Madhya Pradesh,0000-00-00,premium
CUST02705,ADITYA SMITH,aditya.smith2705@gmail.com,8146225778,Nashik,Maharashtra,02 Jul 2022,New
CUST02706,michael johnson,michael.johnson2706@mail.com,9728180496,Surat,Gujarat,10/31/2021,Premium
CUST02707,Aarav Singh,aarav.singh2707@gmail.com,9918537166,hyderabad,Telangana,03/12/2023,regular
CUST02708,Abigail Sharma,abigail.sharma2708@yahoo.com,6575074476,Bengaluru,Karnataka,2022-02-13,VIP
CUST02709,Aditya Nair,aditya.nair2709@yahoo.com,8892218029,Lucknow,Uttar Pradesh,14-12-2023,New
CUST02710,Abigail Smith,abigail.smith2710@gmail.com,6138416820,agra,Uttar Pradesh,10/13/2021,Premium
CUST02711,Olivia Williams,olivia.williams2711@mail.com,7180542318,Pune,Maharashtra,26/11/2022,premium
CUST02712,Rohan Miller,rohan.miller2712@gmail.com,66859,Mumbai,Maharashtra,,VIP
CUST02713,Aryan Sharma,aryan.sharma2713@yahoo.com,9972675012,Mumbai,Maharashtra,20/10/2024,premium
CUST02714,amelia garcia,amelia.garcia2714@outlook.com,97039,Nagpur,Maharashtra,30/11/2022,New
CUST02715,Evelyn Rao,evelyn.rao2715@mail.com,8234365767,BHOPAL,Madhya Pradesh,11/12/2023,Premium
CUST02716,Aditya Singh,aditya.singh2716_at_mail.com,7953841828,Lucknow,Uttar Pradesh,24 Sep 2024,Premium
CUST02717,lucas davis,lucas.davis2717@mail.com,8306131900,Bhopal,Madhya Pradesh,2022-12-29,New
CUST02718,Ananya Iyer,ananya.iyer2718@outlook.com,7426053490,Pune,Maharashtra,2023-12-05,Premium
CUST02719,Vihaan Davis,vihaan.davis2719@outlook.com,6747305491,nagpur,Maharashtra,31/08/2022,Regular
CUST02720,henry sharma,henry.sharma2720@gmail.com,8789643521,Lucknow,Uttar Pradesh,2022/05/02,Premium
CUST02721,ARJUN SINGH,arjun.singh2721@gmail.com,68893,VADODARA,Gujarat,11/12/2024,VIP
CUST02722,NOAH ANDERSON,noah.anderson2722@mail.com,7238979395,Indore,Madhya Pradesh,23 Jun 2023,regular
CUST02723,anaya verma,anaya.verma2723@outlook.com,9840257492,Agra,Uttar Pradesh,16-07-2024,VIP
CUST02724,William Williams,william.williams2724@gmail.com,7751932544,Delhi,Delhi,23-03-2022,regular
CUST02725,HARPER IYER,harper.iyer2725@gmail.com,96147,nashik,Maharashtra,14 Jan 2022,regular
CUST02726,amelia brown,amelia.brown2726@gmail.com,8356353572,Jaipur,Rajasthan,29 Mar 2023,Regular
CUST02727,Anaya Johnson,anaya.johnson2727@outlook.com,8936165273,Vadodara,Gujarat,2022/01/22,New
CUST02728,MICHAEL SHARMA,michael.sharma2728@mail.com,8149202876,Nashik,Maharashtra,2023-06-13,premium
CUST02729,Isabella Jones,isabella.jones2729@mail.com,9934621005,Lucknow,Uttar Pradesh,2024/03/02,premium
CUST02730,AADHYA WILLIAMS,aadhya.williams2730@mail.com,9388969136,Jaipur,Rajasthan,2024-02-06,New
CUST02731,aadhya kumar,aadhya.kumar2731@outlook.com,7645787884,Chennai,Tamil Nadu,08/12/2022,premium
CUST02732,Amelia Singh,amelia.singh2732@mail.com,6317933169,Nagpur,Maharashtra,2021-11-01,New
CUST02733,Anaya Patel,anaya.patel2733@mail.com,9165929996,Agra,Uttar Pradesh,28-04-2022,New
CUST02734,Emma Anderson,emma.anderson2734@mail.com,8772024076,Ludhiana,Punjab,2024-02-10,VIP
CUST02735,Ira Miller,ira.miller2735@gmail.com,8585013387,mumbai,Maharashtra,03/03/2022,regular
CUST02736,Isabella Smith,isabella.smith2736@yahoo.com,6613976621,Chennai,Tamil Nadu,,New
CUST02737,ira wilson,ira.wilson2737@yahoo.com,7453513537,SURAT,Gujarat,22 Dec 2024,Premium
CUST02738,Aditya Smith,aditya.smith2738@outlook.com,6484454281,Kolkata,West Bengal,2024-11-15,premium
CUST02739,Harper Jones,harper.jones2739@mail.com,8996382371,Jaipur,Rajasthan,19-10-2022,regular
CUST02740,AMELIA JONES,amelia.jones2740@gmail.com,8391434322,Jaipur,Rajasthan,2022/09/18,Regular
CUST02741,Kiara Garcia,kiara.garcia2741@outlook.com,8962349070,Ahmedabad,Gujarat,2024-11-26,New
CUST02742,Isabella Davis,isabella.davis2742@mail.com,9679029002,nagpur,Maharashtra,28-07-2022,New
CUST02743,Mia Gupta,mia.gupta2743@gmail.com,8615852787,LUDHIANA,Punjab,12/06/2021,New
CUST02744,charlotte reddy,charlotte.reddy2744@mail.com,8896772898,Patna,Bihar,24-07-2022,Regular
CUST02745,Henry Gupta,henry.gupta2745@mail.com,9555478977,Nagpur,Maharashtra,2024/11/30,premium
CUST02746,liam williams,liam.williams2746@yahoo.com,8293441982,agra,Uttar Pradesh,12/24/2024,premium
CUST02747,Harper Brown,harper.brown2747@mail.com,9521360893,Bengaluru,Karnataka,15 Dec 2022,regular
CUST02748,mia garcia,mia.garcia2748@outlook.com,7262493926,Delhi,Delhi,07-08-2021,regular
CUST02749,Kiara Nair,kiara.nair2749@outlook.com,6993680966,Hyderabad,Telangana,27-10-2021,New
CUST02750,Arjun Garcia,arjun.garcia2750@gmail.com,6198868979,Mumbai,Maharashtra,12/25/2023,Regular
CUST02751,Alexander Reddy,alexander.reddy2751@gmail.com,6419691540,ludhiana,Punjab,22/07/2022,Premium
CUST02752,Aarav Iyer,aarav.iyer2752@outlook.com,8975475862,delhi,Delhi,01/06/2022,Premium
CUST02753,alexander patel,alexander.patel2753@outlook.com,7712936055,Bhopal,Madhya Pradesh,,Regular
CUST02754,Isabella Garcia,isabella.garcia2754@yahoo.com,9171912523,Kolkata,West Bengal,21-04-2023,New
CUST02755,Liam Anderson,liam.anderson2755@yahoo.com,6779363322,Surat,Gujarat,0000-00-00,premium
CUST02756,Sophia Reddy,sophia.reddy2756@yahoo.com,8706167169,mumbai,Maharashtra,27 Jul 2023,premium
CUST02757,ABIGAIL ANDERSON,abigail.anderson2757@yahoo.com,8385997827,Kolkata,West Bengal,12/27/2024,New
CUST02758,saanvi verma,saanvi.verma2758@yahoo.com,9201360590,Mumbai,Maharashtra,30 Aug 2022,regular
CUST02759,ALEXANDER VERMA,,7767522383,Surat,Gujarat,2024-03-14,VIP
CUST02760,William Davis,william.davis2760@gmail.com,9106584316,LUCKNOW,Uttar Pradesh,2022/12/20,VIP
CUST02761,Kabir Nair,kabir.nair2761@yahoo.com,7629999455,CHENNAI,Tamil Nadu,10/01/2022,premium
CUST02762,Emma Anderson,emma.anderson2762@yahoo.com,6739128620,Hyderabad,Telangana,18 Oct 2024,VIP
CUST02763,Vihaan Anderson,vihaan.anderson2763@gmail.com,6790890807,Agra,Uttar Pradesh,05 Mar 2022,Regular
CUST02764,Myra Williams,myra.williams2764@gmail.com,9551557339,Mumbai,Maharashtra,2022/01/20,Regular
CUST02765,James Sharma,james.sharma2765@mail.com,7778247209,KOLKATA,West Bengal,2022-12-13,regular
CUST02766,james verma,james.verma2766@gmail.com,9485271309,Kanpur,Uttar Pradesh,16 Nov 2023,premium
CUST02767,Harper Garcia,harper.garcia2767@gmail.com,6146398378,Jaipur,Rajasthan,2024-07-18,premium
CUST02768,HENRY REDDY,henry.reddy2768@yahoo.com,7921168501,Bhopal,Madhya Pradesh,28-01-2023,Regular
CUST02769,Henry Gupta,henry.gupta2769@gmail.com,9844760260,Nagpur,Maharashtra,2024/03/30,VIP
CUST02770,Aryan Patel,aryan.patel2770@outlook.com,6669774042,Delhi,Delhi,01-12-2022,premium
CUST02771,Aditya Davis,aditya.davis2771@yahoo.com,7619764676,Kolkata,West Bengal,12-11-2024,premium
CUST02772,Myra Jones,myra.jones2772@mail.com,9495375085,Ludhiana,Punjab,01/10/2023,regular
CUST02773,Vihaan Jones,vihaan.jones2773@outlook.com,9963053560,MUMBAI,Maharashtra,,New
CUST02774,Vihaan Patel,vihaan.patel2774@gmail.com,6180493247,Delhi,Delhi,19/06/2021,Regular
CUST02775,Ishaan Kumar,ishaan.kumar2775@yahoo.com,9109012008,Agra,Uttar Pradesh,18-01-2023,premium
CUST02776,William Kumar,william.kumar2776@outlook.com,7388761489,AHMEDABAD,Gujarat,2024-08-13,regular
CUST02777,Rohan Gupta,rohan.gupta2777@outlook.com,6965768101,hyderabad,Telangana,29/12/2021,New
CUST02778,Aditya Anderson,aditya.anderson2778@mail.com,8826671288,Bengaluru,Karnataka,2022/03/11,Regular
CUST02779,Amelia Patel,amelia.patel2779_at_gmail.com,8335418832,Mumbai,Maharashtra,21/02/2022,VIP
CUST02780,William Jones,william.jones2780@yahoo.com,8516859471,Hyderabad,Telangana,05-02-2023,Premium
CUST02781,NOAH SHARMA,noah.sharma2781@mail.com,9436920854,Vadodara,Gujarat,,premium
CUST02782,PARI SINGH,pari.singh2782@gmail.com,8455793773,Patna,Bihar,16-06-2022,Regular
CUST02783,Kabir Verma,kabir.verma2783@outlook.com,7895811211,Agra,Uttar Pradesh,22/04/2024,premium
CUST02784,Reyansh Garcia,reyansh.garcia2784@outlook.com,7279815482,JAIPUR,Rajasthan,11/02/2022,premium
CUST02785,Harper Rao,harper.rao2785@yahoo.com,8708301164,Chennai,Tamil Nadu,07/31/2021,Premium
CUST02786,William Smith,william.smith2786@gmail.com,72563,Lucknow,Uttar Pradesh,15-03-2024,regular
CUST02787,OLIVIA WILLIAMS,olivia.williams2787@yahoo.com,8164921174,JAIPUR,Rajasthan,26-10-2021,Premium
CUST02788,Isabella Rao,isabella.rao2788@outlook.com,6789550281,Mumbai,Maharashtra,2023/07/15,New
CUST02789,Liam Miller,liam.miller2789@gmail.com,9895093748,Bhopal,Madhya Pradesh,11 Sep 2023,regular
CUST02790,Amelia Jones,amelia.jones2790@yahoo.com,6795748068,Bengaluru,Karnataka,2021/10/23,Premium
CUST02791,Riya Anderson,riya.anderson2791@mail.com,6304011395,Indore,Madhya Pradesh,2024-04-16,Regular
CUST02792,RIYA MILLER,riya.miller2792@outlook.com,7781823692,Delhi,Delhi,12/26/2021,Regular
CUST02793,AARAV RAO,aarav.rao2793@yahoo.com,8352833585,Ahmedabad,Gujarat,19-08-2022,regular
CUST02794,ARJUN BROWN,arjun.brown2794@mail.com,6430070858,INDORE,Madhya Pradesh,19 Sep 2024,VIP
CUST02795,EVELYN SMITH,evelyn.smith2795@gmail.com,6685353206,ahmedabad,Gujarat,2022-10-19,regular
CUST02796,Olivia Davis,olivia.davis2796_at_mail.com,8325736791,Chennai,Tamil Nadu,24/02/2023,New
CUST02797,Evelyn Reddy,evelyn.reddy2797@mail.com,6471940261,Vadodara,Gujarat,2021-08-01,New
CUST02798,charlotte davis,charlotte.davis2798@outlook.com,9267663264,jaipur,Rajasthan,22-04-2024,regular
CUST02799,Myra Williams,myra.williams2799@mail.com,7678460106,BHOPAL,Madhya Pradesh,2022-02-09,Regular
CUST02800,Charlotte Jones,charlotte.jones2800@yahoo.com,7731489792,Vadodara,Gujarat,02-02-2023,New
CUST02801,Kiara Gupta,kiara.gupta2801@gmail.com,7229823995,Lucknow,Uttar Pradesh,03/01/2023,premium
CUST02802,Alexander Jones,alexander.jones2802@gmail.com,9611301011,Delhi,Delhi,0000-00-00,premium
CUST02803,vivaan patel,vivaan.patel2803@mail.com,7212023200,Chennai,Tamil Nadu,04 Jun 2023,regular
CUST02804,Michael Williams,michael.williams2804@mail.com,7493018845,chennai,Tamil Nadu,14 Apr 2023,Regular
CUST02805,JOHN KUMAR,john.kumar2805@mail.com,7331956502,ahmedabad,Gujarat,14-04-2024,premium
CUST02806,Pari Patel,pari.patel2806@gmail.com,6145057416,Nagpur,Maharashtra,2023/05/13,Premium
CUST02807,Pari Davis,pari.davis2807@mail.com,6348971345,Kanpur,Uttar Pradesh,2021-08-22,Regular
CUST02808,Emma Williams,emma.williams2808@yahoo.com,9553629065,Delhi,Delhi,2023/09/05,regular
CUST02809,Emma Garcia,emma.garcia2809@outlook.com,8526189687,JAIPUR,Rajasthan,2021-11-09,Regular
CUST02810,Saanvi Verma,saanvi.verma2810@mail.com,7162788356,INDORE,Madhya Pradesh,05/04/2022,Premium
CUST02811,Mia Smith,mia.smith2811@gmail.com,8719097454,LUCKNOW,Uttar Pradesh,21/05/2024,VIP
CUST02812,myra nair,myra.nair2812@yahoo.com,9407950685,DELHI,Delhi,01/03/2024,VIP
CUST02813,Alexander Smith,alexander.smith2813@yahoo.com,7276515523,Nagpur,Maharashtra,2021/08/21,Regular
CUST02814,Amelia Jones,amelia.jones2814@yahoo.com,9226792140,Kolkata,West Bengal,21 Aug 2021,premium
CUST02815,myra davis,myra.davis2815@yahoo.com,8325887355,Lucknow,Uttar Pradesh,2021-09-13,New
CUST02816,Kiara Singh,kiara.singh2816@outlook.com,6689364444,Delhi,Delhi,01/06/2023,Regular
CUST02817,OLIVIA SMITH,olivia.smith2817@outlook.com,8807261692,Patna,Bihar,2021/10/07,Premium
CUST02818,William Anderson,william.anderson2818@gmail.com,9154177321,Nashik,Maharashtra,07/11/2023,premium
CUST02819,Reyansh Wilson,reyansh.wilson2819@gmail.com,6599202494,Chennai,Tamil Nadu,2024-12-01,premium
CUST02820,myra smith,myra.smith2820@mail.com,8584368812,Jaipur,Rajasthan,,premium
CUST02821,Lucas Johnson,lucas.johnson2821@gmail.com,6443839941,Pune,Maharashtra,2022-06-10,Premium
CUST02822,Arjun Miller,arjun.miller2822@outlook.com,8831830179,Agra,Uttar Pradesh,20-11-2021,VIP
CUST02823,Alexander Kumar,alexander.kumar2823@outlook.com,6454709565,Patna,Bihar,08/23/2023,Regular
CUST02824,anaya johnson,,8352221822,Surat,Gujarat,20-09-2021,regular
CUST02825,Myra Williams,myra.williams2825@gmail.com,8517751472,Nagpur,Maharashtra,2023-08-07,premium
CUST02826,olivia brown,,8971412843,Kanpur,Uttar Pradesh,2021-07-12,regular
CUST02827,AARAV ANDERSON,aarav.anderson2827@yahoo.com,8585979757,Jaipur,Rajasthan,01/04/2022,premium
CUST02828,Ananya Miller,ananya.miller2828@yahoo.com,6877165316,nashik,Maharashtra,01/06/2023,regular
CUST02829,Rohan Anderson,rohan.anderson2829@yahoo.com,6884865077,VADODARA,Gujarat,08/27/2022,Premium
CUST02830,Noah Patel,noah.patel2830@outlook.com,6180859009,MUMBAI,Maharashtra,04 Oct 2024,regular
CUST02831,Vihaan Nair,vihaan.nair2831@gmail.com,8569860227,jaipur,Rajasthan,23/02/2023,New
CUST02832,Rohan Williams,rohan.williams2832@mail.com,6292682000,ahmedabad,Gujarat,09/01/2022,New
CUST02833,Ishaan Williams,ishaan.williams2833@yahoo.com,6372303500,Bengaluru,Karnataka,2023-09-01,New
CUST02834,Lucas Williams,lucas.williams2834@yahoo.com,7214074136,AGRA,Uttar Pradesh,2023/11/02,VIP
CUST02835,mia smith,mia.smith2835@yahoo.com,7614217670,Bengaluru,Karnataka,,Regular
CUST02836,Aryan Reddy,aryan.reddy2836@gmail.com,7529083358,Kanpur,Uttar Pradesh,2021/10/04,VIP
CUST02837,Noah Smith,noah.smith2837@gmail.com,6796648899,Kanpur,Uttar Pradesh,05 Dec 2024,regular
CUST02838,James Wilson,james.wilson2838@mail.com,8311861687,Surat,Gujarat,2024/08/29,premium
CUST02839,RIYA IYER,riya.iyer2839@mail.com,8830003579,Ahmedabad,Gujarat,02/12/2023,regular
CUST02840,Charlotte Jones,charlotte.jones2840@mail.com,7258821771,Hyderabad,Telangana,2022-06-30,premium
CUST02841,Evelyn Miller,evelyn.miller2841@yahoo.com,9349725016,KOLKATA,West Bengal,13-01-2022,VIP
CUST02842,Olivia Garcia,olivia.garcia2842@yahoo.com,8352490436,Hyderabad,Telangana,03/08/2021,New
CUST02843,Myra Smith,myra.smith2843@mail.com,7341777585,Bhopal,Madhya Pradesh,2021-11-21,regular
CUST02844,William Iyer,william.iyer2844@yahoo.com,9853308975,Jaipur,Rajasthan,21-08-2022,Premium
CUST02845,Ishaan Miller,ishaan.miller2845@mail.com,8135010109,Ludhiana,Punjab,2022/03/14,regular
CUST02846,Harper Verma,harper.verma2846@yahoo.com,7594846252,Ludhiana,Punjab,18 Oct 2023,regular
CUST02847,noah patel,noah.patel2847@mail.com,7740940102,Hyderabad,Telangana,2023-02-24,New
CUST02848,Amelia Brown,amelia.brown2848@gmail.com,7514496328,hyderabad,Telangana,11/11/2023,Regular
CUST02849,Liam Iyer,liam.iyer2849@mail.com,76195,nashik,Maharashtra,07/22/2023,Premium
CUST02850,Alexander Rao,alexander.rao2850@gmail.com,6250782082,indore,Madhya Pradesh,16 Dec 2023,Premium
CUST02851,Abigail Reddy,abigail.reddy2851@gmail.com,6576515733,Bhopal,Madhya Pradesh,2023/03/19,premium
CUST02852,Anaya Sharma,anaya.sharma2852@gmail.com,7469925726,HYDERABAD,Telangana,12/29/2023,New
CUST02853,Isabella Gupta,isabella.gupta2853@outlook.com,7152466220,bhopal,Madhya Pradesh,02/27/2022,VIP
CUST02854,Evelyn Verma,evelyn.verma2854@outlook.com,9761975092,kolkata,West Bengal,29/09/2023,premium
CUST02855,saanvi davis,saanvi.davis2855@yahoo.com,8763295552,Indore,Madhya Pradesh,06/03/2024,regular
CUST02856,Michael Garcia,michael.garcia2856@outlook.com,6932388060,Pune,Maharashtra,2024/04/29,New
CUST02857,ARYAN SMITH,aryan.smith2857@outlook.com,8551974018,Vadodara,Gujarat,03/29/2024,Regular
CUST02858,Myra Smith,myra.smith2858@outlook.com,7496535024,Indore,Madhya Pradesh,2024/08/21,regular
CUST02859,Anaya Garcia,anaya.garcia2859@mail.com,6855783163,LUCKNOW,Uttar Pradesh,12 Apr 2023,premium
CUST02860,Abigail Rao,abigail.rao2860@yahoo.com,9382725545,Bengaluru,Karnataka,2023-06-14,New
CUST02861,mia williams,mia.williams2861@yahoo.com,7631097975,Surat,Gujarat,07/31/2021,New
CUST02862,Mia Sharma,mia.sharma2862@yahoo.com,6508408088,Pune,Maharashtra,09/25/2021,VIP
CUST02863,Alexander Miller,alexander.miller2863@outlook.com,9524375780,KANPUR,Uttar Pradesh,02-01-2022,regular
CUST02864,Aadhya Nair,aadhya.nair2864@mail.com,7227070399,Bengaluru,Karnataka,02-04-2024,Regular
CUST02865,Aryan Smith,aryan.smith2865@gmail.com,9104695175,KANPUR,Uttar Pradesh,09/14/2021,Regular
CUST02866,Benjamin Singh,benjamin.singh2866@gmail.com,7235880134,vadodara,Gujarat,07/04/2022,premium
CUST02867,Riya Smith,riya.smith2867@mail.com,8985508022,Kolkata,West Bengal,20 Aug 2022,Premium
CUST02868,IRA BROWN,ira.brown2868@outlook.com,8865518345,KOLKATA,West Bengal,2021-10-01,regular
CUST02869,Vihaan Williams,vihaan.williams2869@outlook.com,9316194074,AGRA,Uttar Pradesh,10/25/2022,New
CUST02870,Diya Reddy,diya.reddy2870@outlook.com,9914014083,bhopal,Madhya Pradesh,2022-01-28,regular
CUST02871,Lucas Singh,lucas.singh2871@gmail.com,6814200912,Chennai,Tamil Nadu,2022/09/08,Regular
CUST02872,kabir patel,kabir.patel2872@gmail.com,9265626229,Pune,Maharashtra,28 Jun 2024,regular
CUST02873,AARAV KUMAR,aarav.kumar2873@outlook.com,8940028233,SURAT,Gujarat,2022/12/20,premium
CUST02874,Michael Rao,michael.rao2874@mail.com,8735476360,Nagpur,Maharashtra,13-05-2022,New
CUST02875,ANAYA ANDERSON,anaya.anderson2875@yahoo.com,7768984311,Lucknow,Uttar Pradesh,2021/07/05,regular
CUST02876,Olivia Miller,olivia.miller2876@yahoo.com,8760208560,Agra,Uttar Pradesh,15-12-2021,Regular
CUST02877,amelia singh,amelia.singh2877@mail.com,8917136296,Delhi,Delhi,14 Jun 2022,premium
CUST02878,Saanvi Iyer,saanvi.iyer2878@outlook.com,8129225921,Hyderabad,Telangana,30 Jun 2023,premium
CUST02879,Charlotte Anderson,charlotte.anderson2879_at_yahoo.com,7212579828,Ludhiana,Punjab,25-01-2024,Regular
CUST02880,Benjamin Jones,benjamin.jones2880@outlook.com,7934697517,NASHIK,Maharashtra,03-06-2024,Premium
CUST02881,Pari Gupta,pari.gupta2881@gmail.com,9158830538,Nashik,Maharashtra,12/31/2023,Premium
CUST02882,Michael Gupta,michael.gupta2882@yahoo.com,9630289419,Indore,Madhya Pradesh,22-08-2022,Premium
CUST02883,mia williams,mia.williams2883@mail.com,8226786900,Patna,Bihar,21-01-2023,VIP
CUST02884,Henry Johnson,henry.johnson2884@yahoo.com,6476300867,Bengaluru,Karnataka,0000-00-00,Premium
CUST02885,Henry Rao,henry.rao2885@outlook.com,7323381898,Indore,Madhya Pradesh,21-07-2022,VIP
CUST02886,James Rao,james.rao2886@outlook.com,6569190734,Kanpur,Uttar Pradesh,08/04/2023,premium
CUST02887,James Johnson,james.johnson2887@gmail.com,6400702178,BENGALURU,Karnataka,04 Jan 2022,New
CUST02888,Emma Brown,emma.brown2888_at_mail.com,6381686001,Nashik,Maharashtra,03 Apr 2024,regular
CUST02889,IRA WILLIAMS,ira.williams2889@mail.com,6336622695,chennai,Tamil Nadu,04/13/2024,New
CUST02890,mia smith,mia.smith2890@gmail.com,8129638297,chennai,Tamil Nadu,19-06-2022,New
CUST02891,Ananya Wilson,ananya.wilson2891@outlook.com,8628935287,lucknow,Uttar Pradesh,12/28/2021,New
CUST02892,John Gupta,john.gupta2892@yahoo.com,7496965484,Ludhiana,Punjab,22-10-2024,Premium
CUST02893,Aadhya Smith,aadhya.smith2893@outlook.com,9565206355,Pune,Maharashtra,29-05-2023,premium
CUST02894,Liam Smith,,9170590544,Patna,Bihar,2023-02-23,regular
CUST02895,Alexander Brown,alexander.brown2895@yahoo.com,9157765869,Mumbai,Maharashtra,01/13/2023,premium
CUST02896,Ishaan Anderson,ishaan.anderson2896@mail.com,9130063285,Kanpur,Uttar Pradesh,29/11/2024,VIP
CUST02897,Riya Johnson,,72749,vadodara,Gujarat,2023/02/07,Regular
CUST02898,JAMES SMITH,james.smith2898@outlook.com,6286904469,Delhi,Delhi,2023-07-19,New
CUST02899,Henry Reddy,henry.reddy2899@mail.com,6102391519,BHOPAL,Madhya Pradesh,2024/09/13,VIP
CUST02900,Isabella Wilson,isabella.wilson2900@outlook.com,9284506990,Jaipur,Rajasthan,28/07/2024,Premium
CUST02901,Olivia Garcia,olivia.garcia2901@yahoo.com,6726019633,Ahmedabad,Gujarat,21/03/2022,VIP
CUST02902,Anaya Anderson,,8634005101,Mumbai,Maharashtra,2021-07-07,Premium
CUST02903,vivaan anderson,vivaan.anderson2903@outlook.com,6726568630,patna,Bihar,09-08-2022,premium
CUST02904,Isabella Reddy,isabella.reddy2904@yahoo.com,7735930867,Pune,Maharashtra,06/26/2024,premium
CUST02905,Kabir Garcia,kabir.garcia2905@gmail.com,9228834078,Pune,Maharashtra,09-02-2024,regular
CUST02906,Ishaan Nair,ishaan.nair2906@yahoo.com,6113370283,Hyderabad,Telangana,04/07/2022,VIP
CUST02907,Noah Miller,noah.miller2907@gmail.com,8824846536,chennai,Tamil Nadu,2021-09-26,regular
CUST02908,Amelia Rao,amelia.rao2908@yahoo.com,6652877423,Ludhiana,Punjab,01/01/2022,VIP
CUST02909,aditya rao,aditya.rao2909@yahoo.com,9115955433,chennai,Tamil Nadu,2024-04-26,New
CUST02910,KABIR GARCIA,kabir.garcia2910@yahoo.com,8630884087,Jaipur,Rajasthan,2022-08-18,New
CUST02911,LIAM WILSON,liam.wilson2911@yahoo.com,9634739743,Pune,Maharashtra,27-05-2023,regular
CUST02912,vihaan patel,vihaan.patel2912@outlook.com,6761714088,KANPUR,Uttar Pradesh,,VIP
CUST02913,Vihaan Brown,vihaan.brown2913@yahoo.com,9984169146,mumbai,Maharashtra,2024/01/07,premium
CUST02914,myra williams,myra.williams2914@yahoo.com,8877119292,Hyderabad,Telangana,01/15/2022,Premium
CUST02915,evelyn smith,evelyn.smith2915@gmail.com,9986113192,vadodara,Gujarat,2024/09/26,regular
CUST02916,alexander jones,alexander.jones2916@yahoo.com,8807287965,Delhi,Delhi,27-01-2023,VIP
CUST02917,Benjamin Johnson,benjamin.johnson2917@mail.com,9382265050,Lucknow,Uttar Pradesh,2022/01/07,New
CUST02918,Charlotte Rao,charlotte.rao2918@gmail.com,8440455450,Vadodara,Gujarat,04/26/2024,regular
CUST02919,vivaan garcia,vivaan.garcia2919@yahoo.com,9610735285,Surat,Gujarat,28-04-2022,Regular
CUST02920,ALEXANDER ANDERSON,alexander.anderson2920@mail.com,8623638284,Ahmedabad,Gujarat,05-12-2023,premium
CUST02921,Kabir Singh,kabir.singh2921@outlook.com,9869420031,vadodara,Gujarat,08/20/2022,New
CUST02922,Aadhya Jones,aadhya.jones2922@yahoo.com,9743385124,KOLKATA,West Bengal,02/17/2024,Regular
CUST02923,Kiara Anderson,kiara.anderson2923@mail.com,7271046626,mumbai,Maharashtra,2024/06/06,New
CUST02924,Michael Garcia,michael.garcia2924@yahoo.com,8194069769,Jaipur,Rajasthan,11/07/2023,Regular
CUST02925,henry wilson,henry.wilson2925@gmail.com,7294716653,Patna,Bihar,2024-08-05,Premium
CUST02926,Diya Reddy,diya.reddy2926@outlook.com,8301419917,Bhopal,Madhya Pradesh,03/01/2022,regular
CUST02927,Henry Reddy,henry.reddy2927@yahoo.com,8989010016,Delhi,Delhi,08/04/2021,regular
CUST02928,william reddy,william.reddy2928@yahoo.com,9806156451,Patna,Bihar,30 May 2022,New
CUST02929,Charlotte Gupta,charlotte.gupta2929@yahoo.com,7632316924,Ludhiana,Punjab,2024-10-01,VIP
CUST02930,Kabir Wilson,kabir.wilson2930@yahoo.com,7412328901,Kanpur,Uttar Pradesh,2022/06/11,Regular
CUST02931,Michael Kumar,michael.kumar2931@yahoo.com,6629358871,Kanpur,Uttar Pradesh,2022-01-19,VIP
CUST02932,LUCAS VERMA,lucas.verma2932@gmail.com,9906839654,Bhopal,Madhya Pradesh,22-08-2023,Regular
CUST02933,Rohan Smith,,9120774697,Indore,Madhya Pradesh,19 Jun 2024,New
CUST02934,LIAM IYER,liam.iyer2934@outlook.com,9900030721,Jaipur,Rajasthan,2023-07-04,regular
CUST02935,ISHAAN SINGH,ishaan.singh2935@gmail.com,8609575435,Lucknow,Uttar Pradesh,2022-02-01,Regular
CUST02936,myra patel,myra.patel2936@gmail.com,6126445724,Nagpur,Maharashtra,01-01-2024,premium
CUST02937,saanvi kumar,saanvi.kumar2937@yahoo.com,6461492636,JAIPUR,Rajasthan,23 Mar 2024,VIP
CUST02938,Olivia Johnson,olivia.johnson2938@gmail.com,7903023466,Surat,Gujarat,05/05/2022,Premium
CUST02939,BENJAMIN WILLIAMS,benjamin.williams2939@yahoo.com,6518588118,Surat,Gujarat,03/12/2023,regular
CUST02940,Aryan Rao,aryan.rao2940@yahoo.com,6379950698,Ahmedabad,Gujarat,07/05/2023,New
CUST02941,LIAM PATEL,liam.patel2941@mail.com,7906092318,Nashik,Maharashtra,2024-03-05,Premium
CUST02942,Emma Iyer,emma.iyer2942@outlook.com,7400603907,Jaipur,Rajasthan,24/06/2021,Regular
CUST02943,Mia Anderson,mia.anderson2943@gmail.com,9670397169,Pune,Maharashtra,09/05/2023,regular
CUST02944,Aadhya Brown,aadhya.brown2944@outlook.com,6500566867,Bhopal,Madhya Pradesh,03/09/2024,regular
CUST02945,Riya Singh,riya.singh2945@gmail.com,8512952752,Patna,Bihar,04/14/2023,VIP
CUST02946,Amelia Smith,amelia.smith2946@gmail.com,6661026403,indore,Madhya Pradesh,25 Feb 2024,Premium
CUST02947,Amelia Sharma,amelia.sharma2947@mail.com,7500647985,nashik,Maharashtra,13/09/2022,premium
CUST02948,Arjun Wilson,arjun.wilson2948@yahoo.com,62132,Mumbai,Maharashtra,11/04/2022,premium
CUST02949,WILLIAM REDDY,william.reddy2949@outlook.com,6476737740,Kanpur,Uttar Pradesh,08/06/2022,Premium
CUST02950,vivaan patel,vivaan.patel2950@outlook.com,9767629221,Chennai,Tamil Nadu,13-08-2024,premium
CUST02951,JOHN DAVIS,john.davis2951@gmail.com,8265027323,Vadodara,Gujarat,10/08/2024,New
CUST02952,DIYA VERMA,diya.verma2952@yahoo.com,6208814543,Indore,Madhya Pradesh,2024/01/10,regular
CUST02953,Myra Gupta,myra.gupta2953@mail.com,6470479886,PATNA,Bihar,2023-03-10,VIP
CUST02954,Alexander Jones,,6159105521,Kolkata,West Bengal,03/12/2022,New
CUST02955,Arjun Garcia,,7944437047,Bhopal,Madhya Pradesh,,Regular
CUST02956,ARYAN KUMAR,aryan.kumar2956@yahoo.com,6700869078,Nashik,Maharashtra,2021-09-08,New
CUST02957,Arjun Garcia,arjun.garcia2957@gmail.com,7879838251,Mumbai,Maharashtra,08/06/2023,VIP
CUST02958,aditya gupta,aditya.gupta2958@outlook.com,6346286349,LUDHIANA,Punjab,04/17/2022,premium
CUST02959,Rohan Wilson,rohan.wilson2959@outlook.com,6578960771,bengaluru,Karnataka,03/03/2024,Regular
CUST02960,Ira Anderson,ira.anderson2960@mail.com,8858179074,Chennai,Tamil Nadu,03/12/2021,regular
CUST02961,anaya davis,anaya.davis2961@gmail.com,7763237878,Lucknow,Uttar Pradesh,2021/06/19,Premium
CUST02962,James Reddy,james.reddy2962@yahoo.com,9808094505,Lucknow,Uttar Pradesh,2023/01/24,regular
CUST02963,ARYAN SHARMA,aryan.sharma2963_at_yahoo.com,8761007660,Ahmedabad,Gujarat,07/14/2021,Premium
CUST02964,MIA NAIR,mia.nair2964@outlook.com,66955,Kolkata,West Bengal,25/11/2024,Regular
CUST02965,Aadhya Verma,aadhya.verma2965@mail.com,6287512589,Delhi,Delhi,12/31/2024,Premium
CUST02966,Ira Anderson,ira.anderson2966@gmail.com,7950413160,Hyderabad,Telangana,12/10/2023,New
CUST02967,John Davis,john.davis2967@outlook.com,7602268738,Hyderabad,Telangana,2022-10-30,premium
CUST02968,Anaya Singh,anaya.singh2968@mail.com,8659553229,Bhopal,Madhya Pradesh,08/29/2022,Premium
CUST02969,Isabella Smith,isabella.smith2969@outlook.com,7237535558,Surat,Gujarat,13/10/2024,New
CUST02970,vihaan reddy,vihaan.reddy2970@gmail.com,9422392617,Indore,Madhya Pradesh,14-04-2023,regular
CUST02971,Harper Singh,harper.singh2971@yahoo.com,7876577383,kanpur,Uttar Pradesh,17-08-2023,VIP
CUST02972,Amelia Anderson,amelia.anderson2972@mail.com,7425629437,Ahmedabad,Gujarat,2021-06-25,Premium
CUST02973,Aadhya Jones,aadhya.jones2973@mail.com,7821544361,MUMBAI,Maharashtra,2022-01-04,New
CUST02974,AMELIA GUPTA,amelia.gupta2974@mail.com,7361294207,Chennai,Tamil Nadu,2024/07/12,Regular
CUST02975,Emma Verma,emma.verma2975@gmail.com,6784605015,Kanpur,Uttar Pradesh,01-12-2023,premium
CUST02976,olivia patel,olivia.patel2976@gmail.com,91667,AGRA,Uttar Pradesh,12/09/2022,New
CUST02977,Rohan Sharma,rohan.sharma2977@mail.com,8579392293,Kolkata,West Bengal,07/22/2024,Regular
CUST02978,Saanvi Williams,saanvi.williams2978@mail.com,9194186499,Bengaluru,Karnataka,18 Oct 2021,VIP
CUST02979,liam patel,liam.patel2979@outlook.com,8563721199,Surat,Gujarat,2022/03/16,regular
CUST02980,Anaya Williams,anaya.williams2980@gmail.com,8995209486,Vadodara,Gujarat,22-10-2021,VIP
CUST02981,alexander smith,alexander.smith2981@outlook.com,7805062227,Pune,Maharashtra,31-07-2024,regular
CUST02982,evelyn miller,evelyn.miller2982@yahoo.com,6705506024,Agra,Uttar Pradesh,01/07/2024,Premium
CUST02983,RIYA SHARMA,,9422344506,Nashik,Maharashtra,09/11/2023,Regular
CUST02984,John Nair,john.nair2984@outlook.com,9874489243,NASHIK,Maharashtra,2024/07/08,VIP
CUST02985,Ananya Reddy,ananya.reddy2985@yahoo.com,9134927810,ahmedabad,Gujarat,25/05/2023,premium
CUST02986,ananya johnson,ananya.johnson2986@mail.com,6817466871,Hyderabad,Telangana,2022/06/09,New
CUST02987,Aditya Gupta,aditya.gupta2987@yahoo.com,9167120276,Hyderabad,Telangana,15-03-2024,Premium
CUST02988,Riya Wilson,riya.wilson2988@yahoo.com,6721850349,Pune,Maharashtra,07/21/2024,VIP
CUST02989,Aadhya Smith,aadhya.smith2989@yahoo.com,9160565479,jaipur,Rajasthan,06/21/2024,Premium
CUST02990,Isabella Nair,isabella.nair2990@yahoo.com,9562204037,AHMEDABAD,Gujarat,15 Jun 2021,premium
CUST02991,Lucas Miller,lucas.miller2991@outlook.com,6454887069,PUNE,Maharashtra,2023/09/06,premium
CUST02992,Michael Verma,michael.verma2992@mail.com,8886857498,nagpur,Maharashtra,2024-05-10,New
CUST02993,Henry Iyer,henry.iyer2993@yahoo.com,9443427382,ludhiana,Punjab,2023/03/27,New
CUST02994,ishaan davis,ishaan.davis2994@gmail.com,9868548216,Indore,Madhya Pradesh,2022-11-08,Premium
CUST02995,Saanvi Kumar,saanvi.kumar2995@gmail.com,9313964630,Delhi,Delhi,03 Dec 2023,premium
CUST02996,Reyansh Rao,reyansh.rao2996@outlook.com,73134,Bhopal,Madhya Pradesh,02/03/2023,New
CUST02997,liam rao,liam.rao2997@gmail.com,6982432522,Kanpur,Uttar Pradesh,06-01-2022,regular
CUST02998,Olivia Iyer,olivia.iyer2998@yahoo.com,7590440899,BHOPAL,Madhya Pradesh,2024-04-15,VIP
CUST02999,Emma Sharma,emma.sharma2999@mail.com,6147900638,Agra,Uttar Pradesh,16-06-2023,Regular
CUST03000,Vihaan Brown,vihaan.brown3000@mail.com,8245969904,Jaipur,Rajasthan,27/03/2024,New
CUST03001,PARI SHARMA,pari.sharma3001@outlook.com,7652759367,LUCKNOW,Uttar Pradesh,2024-09-21,VIP
CUST03002,ARYAN SHARMA,aryan.sharma3002@mail.com,9736102709,AGRA,Uttar Pradesh,2024-12-29,premium
CUST03003,Henry Iyer,henry.iyer3003@gmail.com,8203427125,Mumbai,Maharashtra,31/12/2021,regular
CUST03004,AARAV GUPTA,aarav.gupta3004@gmail.com,6834089828,Ahmedabad,Gujarat,2022-02-28,VIP
CUST03005,amelia anderson,amelia.anderson3005@yahoo.com,6568671450,bengaluru,Karnataka,09 Mar 2024,VIP
CUST03006,Mia Rao,mia.rao3006@yahoo.com,6826243822,Chennai,Tamil Nadu,05/21/2023,New
CUST03007,Arjun Patel,arjun.patel3007@yahoo.com,6772207200,Hyderabad,Telangana,08/09/2023,Premium
CUST03008,emma nair,emma.nair3008@yahoo.com,8408512877,Lucknow,Uttar Pradesh,2021/08/02,Premium
CUST03009,EVELYN BROWN,evelyn.brown3009@mail.com,7559447963,Surat,Gujarat,11/15/2022,regular
CUST03010,Harper Singh,harper.singh3010@gmail.com,7647719535,Patna,Bihar,04/02/2024,New
CUST03011,Arjun Smith,arjun.smith3011@gmail.com,6500952886,Indore,Madhya Pradesh,04/07/2023,premium
CUST03012,Aadhya Garcia,aadhya.garcia3012@mail.com,6183980181,Bengaluru,Karnataka,19 May 2022,New
CUST03013,Kiara Nair,kiara.nair3013@gmail.com,6987994646,Nashik,Maharashtra,12/07/2024,VIP
CUST03014,aditya brown,aditya.brown3014@mail.com,8329782429,Bhopal,Madhya Pradesh,2024-03-08,VIP
CUST03015,Harper Nair,harper.nair3015@yahoo.com,9658100928,Delhi,Delhi,2021-07-10,Premium
CUST03016,KIARA SMITH,kiara.smith3016@yahoo.com,6312705378,AHMEDABAD,Gujarat,10/01/2021,Premium
CUST03017,Isabella Johnson,isabella.johnson3017@gmail.com,7609909044,Vadodara,Gujarat,31 Mar 2024,premium
CUST03018,Ira Johnson,ira.johnson3018@mail.com,6852231853,BENGALURU,Karnataka,03 Jan 2022,New
CUST03019,JAMES PATEL,james.patel3019@gmail.com,8958905792,Agra,Uttar Pradesh,2023/06/10,Regular
CUST03020,Myra Kumar,myra.kumar3020@mail.com,6658586732,LUDHIANA,Punjab,2024-11-07,regular
CUST03021,WILLIAM SMITH,william.smith3021@gmail.com,7250120235,Hyderabad,Telangana,12/25/2022,Premium
CUST03022,Ishaan Iyer,ishaan.iyer3022@yahoo.com,7744448030,Indore,Madhya Pradesh,01 Oct 2021,Premium
CUST03023,Arjun Sharma,arjun.sharma3023@outlook.com,8910854612,patna,Bihar,10/03/2021,New
CUST03024,Sophia Patel,sophia.patel3024@yahoo.com,6627114831,Hyderabad,Telangana,2022-07-21,New
CUST03025,Aadhya Gupta,aadhya.gupta3025@outlook.com,8834391574,Ludhiana,Punjab,2024-09-07,regular
CUST03026,Vihaan Verma,vihaan.verma3026@outlook.com,99361,Chennai,Tamil Nadu,08-01-2023,Regular
CUST03027,anaya singh,anaya.singh3027@yahoo.com,8183348400,Ahmedabad,Gujarat,2023-03-14,Regular
CUST03028,HENRY MILLER,henry.miller3028@mail.com,6941453056,Nashik,Maharashtra,07 Feb 2023,premium
CUST03029,Aditya Gupta,aditya.gupta3029@mail.com,8186873393,Bengaluru,Karnataka,02/23/2024,New
CUST03030,James Iyer,james.iyer3030@gmail.com,9811286817,Jaipur,Rajasthan,09/28/2024,VIP
CUST03031,John Patel,john.patel3031@mail.com,7476776135,Indore,Madhya Pradesh,25 Mar 2023,premium
CUST03032,MYRA JONES,myra.jones3032@outlook.com,9825950352,Bhopal,Madhya Pradesh,21-02-2022,Premium
CUST03033,ALEXANDER PATEL,alexander.patel3033@mail.com,9814959333,Patna,Bihar,08 Jul 2021,Regular
CUST03034,Saanvi Nair,saanvi.nair3034@outlook.com,73104,Mumbai,Maharashtra,2022-09-07,regular
CUST03035,Riya Brown,riya.brown3035@outlook.com,9807260534,Ludhiana,Punjab,12/10/2023,regular
CUST03036,Noah Miller,noah.miller3036@outlook.com,8108277313,Agra,Uttar Pradesh,03/31/2022,Premium
CUST03037,Vivaan Reddy,vivaan.reddy3037@mail.com,6670476240,Surat,Gujarat,17/04/2023,VIP
CUST03038,evelyn kumar,evelyn.kumar3038@outlook.com,8119397713,Hyderabad,Telangana,09/13/2022,Premium
CUST03039,Anaya Patel,anaya.patel3039@yahoo.com,8843259526,Mumbai,Maharashtra,2024/08/29,New
CUST03040,Benjamin Iyer,benjamin.iyer3040@gmail.com,6552997964,jaipur,Rajasthan,17 Mar 2024,VIP
CUST03041,NOAH VERMA,noah.verma3041@mail.com,8373876865,Vadodara,Gujarat,09 Nov 2023,New
CUST03042,alexander williams,alexander.williams3042@mail.com,8911591659,kolkata,West Bengal,10/31/2022,regular
CUST03043,Harper Davis,harper.davis3043@yahoo.com,8470975528,Bhopal,Madhya Pradesh,19 Aug 2022,regular
CUST03044,william johnson,william.johnson3044@yahoo.com,9627373961,Nashik,Maharashtra,12/29/2024,regular
CUST03045,Olivia Kumar,olivia.kumar3045@gmail.com,6654495151,Nashik,Maharashtra,20/09/2023,Regular
CUST03046,ABIGAIL JOHNSON,abigail.johnson3046@gmail.com,8538436344,INDORE,Madhya Pradesh,06/29/2022,regular
CUST03047,Benjamin Garcia,benjamin.garcia3047@mail.com,8852936583,BENGALURU,Karnataka,2024/06/10,Regular
CUST03048,ANAYA BROWN,anaya.brown3048@yahoo.com,64013,INDORE,Madhya Pradesh,2022/05/04,New
CUST03049,Aryan Nair,aryan.nair3049@mail.com,9667098407,Nashik,Maharashtra,01/28/2022,regular
CUST03050,Aryan Wilson,aryan.wilson3050@outlook.com,7607400000,Bhopal,Madhya Pradesh,18-09-2023,Premium
CUST03051,AMELIA SMITH,amelia.smith3051_at_gmail.com,7343332844,Kanpur,Uttar Pradesh,24 May 2024,Regular
CUST03052,Isabella Brown,isabella.brown3052@yahoo.com,78409,Lucknow,Uttar Pradesh,10/25/2021,New
CUST03053,Michael Anderson,michael.anderson3053@mail.com,7953463584,NAGPUR,Maharashtra,2023-02-06,regular
CUST03054,Henry Anderson,henry.anderson3054@mail.com,8849078685,nagpur,Maharashtra,,New
CUST03055,Charlotte Sharma,charlotte.sharma3055@yahoo.com,9611373761,Nashik,Maharashtra,03 Feb 2024,premium
CUST03056,John Gupta,john.gupta3056@outlook.com,6796948412,Mumbai,Maharashtra,09-02-2022,VIP
CUST03057,Aditya Miller,aditya.miller3057@outlook.com,6756984985,Nashik,Maharashtra,27/11/2021,New
CUST03058,aadhya wilson,aadhya.wilson3058@yahoo.com,7442328944,INDORE,Madhya Pradesh,09/05/2023,Premium
CUST03059,Lucas Anderson,lucas.anderson3059@outlook.com,7804325365,bhopal,Madhya Pradesh,2023-09-16,regular
CUST03060,Reyansh Smith,reyansh.smith3060@mail.com,96171,INDORE,Madhya Pradesh,10/21/2024,New
CUST03061,Myra Brown,myra.brown3061@gmail.com,8657160072,Surat,Gujarat,2021-09-07,premium
CUST03062,Diya Sharma,diya.sharma3062@mail.com,8174356111,Ahmedabad,Gujarat,05 Jul 2024,VIP
CUST03063,EVELYN WILSON,evelyn.wilson3063@mail.com,8107994132,CHENNAI,Tamil Nadu,20 Jul 2024,New
CUST03064,John Williams,john.williams3064@gmail.com,9713059520,Indore,Madhya Pradesh,2021/10/02,New
CUST03065,Henry Brown,henry.brown3065@outlook.com,9688334321,Jaipur,Rajasthan,07/16/2021,regular
CUST03066,Ira Jones,ira.jones3066@gmail.com,6788769440,Delhi,Delhi,07/18/2023,New
CUST03067,Sophia Williams,sophia.williams3067@yahoo.com,9995161254,mumbai,Maharashtra,09/23/2024,premium
CUST03068,Olivia Sharma,olivia.sharma3068@gmail.com,8459199959,Nagpur,Maharashtra,2024-12-22,New
CUST03069,Olivia Sharma,olivia.sharma3069@outlook.com,7791403675,Bhopal,Madhya Pradesh,08-11-2023,New
CUST03070,Liam Wilson,liam.wilson3070@yahoo.com,7623464021,BHOPAL,Madhya Pradesh,22-04-2022,regular
CUST03071,ARYAN PATEL,,9128890699,Indore,Madhya Pradesh,24/12/2022,VIP
CUST03072,Aadhya Singh,aadhya.singh3072@gmail.com,9240412690,indore,Madhya Pradesh,2022/03/15,Premium
CUST03073,Ishaan Iyer,ishaan.iyer3073_at_yahoo.com,8204946204,Kanpur,Uttar Pradesh,2022-05-13,Premium
CUST03074,William Reddy,william.reddy3074@yahoo.com,6383756886,Kanpur,Uttar Pradesh,16 Oct 2023,New
CUST03075,Lucas Verma,lucas.verma3075@outlook.com,9868293858,Ludhiana,Punjab,06-09-2024,premium
CUST03076,John Miller,john.miller3076@outlook.com,9437123440,Ludhiana,Punjab,2023-04-28,VIP
CUST03077,Mia Anderson,mia.anderson3077@outlook.com,9958033147,Vadodara,Gujarat,2024/05/14,Regular
CUST03078,Kabir Rao,kabir.rao3078@outlook.com,7371159411,Bengaluru,Karnataka,26/08/2021,Regular
CUST03079,Aryan Williams,aryan.williams3079@mail.com,7941567549,lucknow,Uttar Pradesh,10/09/2022,premium
CUST03080,OLIVIA ANDERSON,olivia.anderson3080@outlook.com,8395850222,Ahmedabad,Gujarat,05-10-2022,regular
CUST03081,pari davis,pari.davis3081@outlook.com,6203824447,chennai,Tamil Nadu,12/07/2024,regular
CUST03082,VIHAAN JOHNSON,vihaan.johnson3082@yahoo.com,9776401766,KOLKATA,West Bengal,05/23/2023,VIP
CUST03083,Saanvi Miller,saanvi.miller3083@outlook.com,6991677278,kolkata,West Bengal,14 Dec 2023,Premium
CUST03084,Kabir Miller,kabir.miller3084@mail.com,6698681060,Chennai,Tamil Nadu,25 May 2023,regular
CUST03085,Pari Reddy,pari.reddy3085@gmail.com,7847558097,Patna,Bihar,0000-00-00,Regular
CUST03086,Benjamin Reddy,benjamin.reddy3086@mail.com,9900856734,Indore,Madhya Pradesh,2023-05-15,VIP
CUST03087,Noah Iyer,noah.iyer3087@outlook.com,96433,Lucknow,Uttar Pradesh,2022/11/30,New
CUST03088,Ishaan Johnson,ishaan.johnson3088@yahoo.com,7687499649,BENGALURU,Karnataka,2023/11/04,Regular
CUST03089,ANAYA ANDERSON,anaya.anderson3089@gmail.com,8628553973,Kanpur,Uttar Pradesh,17 Jun 2022,Regular
CUST03090,Isabella Gupta,isabella.gupta3090@mail.com,9476564640,Pune,Maharashtra,,VIP
CUST03091,Abigail Patel,abigail.patel3091@yahoo.com,9116751778,Patna,Bihar,2022/01/28,regular
CUST03092,Michael Gupta,michael.gupta3092@outlook.com,7450997346,Kolkata,West Bengal,2024-06-30,VIP
CUST03093,Mia Singh,mia.singh3093@mail.com,9674557436,Vadodara,Gujarat,12 May 2024,Regular
CUST03094,mia singh,,9589277125,SURAT,Gujarat,2023-08-12,New
CUST03095,william sharma,william.sharma3095@outlook.com,9649354430,VADODARA,Gujarat,02/21/2024,Premium
CUST03096,William Iyer,william.iyer3096@yahoo.com,8321973278,PUNE,Maharashtra,05-11-2023,regular
CUST03097,William Verma,william.verma3097@outlook.com,8482937298,Ahmedabad,Gujarat,17/05/2022,VIP
CUST03098,Myra Verma,myra.verma3098@outlook.com,6303832629,Kanpur,Uttar Pradesh,29 Dec 2021,Premium
CUST03099,Riya Kumar,riya.kumar3099@mail.com,98677,Ludhiana,Punjab,2024-12-10,premium
CUST03100,Reyansh Nair,reyansh.nair3100@yahoo.com,7197847721,Nashik,Maharashtra,11/25/2024,Regular
CUST03101,Vihaan Singh,vihaan.singh3101@outlook.com,85595,Indore,Madhya Pradesh,02-03-2022,regular
CUST03102,Amelia Nair,amelia.nair3102@yahoo.com,8677429351,Lucknow,Uttar Pradesh,31 Aug 2024,New
CUST03103,John Patel,john.patel3103@mail.com,8740472923,Bhopal,Madhya Pradesh,09-01-2024,New
CUST03104,NOAH ANDERSON,noah.anderson3104@outlook.com,8559730971,INDORE,Madhya Pradesh,2023-05-26,VIP
CUST03105,Rohan Patel,rohan.patel3105@yahoo.com,6482721695,Jaipur,Rajasthan,15-06-2022,Regular
CUST03106,Emma Rao,emma.rao3106@outlook.com,8764035991,Vadodara,Gujarat,30/07/2022,regular
CUST03107,myra verma,myra.verma3107@yahoo.com,7285627734,Kanpur,Uttar Pradesh,10/22/2021,VIP
CUST03108,VIVAAN BROWN,vivaan.brown3108@yahoo.com,9484332949,LUCKNOW,Uttar Pradesh,2023-10-13,Regular
CUST03109,MYRA SHARMA,myra.sharma3109@yahoo.com,8325108452,Kanpur,Uttar Pradesh,19 Jan 2022,Premium
CUST03110,Rohan Reddy,rohan.reddy3110@yahoo.com,9381059740,Chennai,Tamil Nadu,2023/10/01,Premium
CUST03111,Riya Nair,riya.nair3111@outlook.com,77936,Lucknow,Uttar Pradesh,02/25/2022,regular
CUST03112,noah verma,noah.verma3112@gmail.com,9323396472,ludhiana,Punjab,2023/02/16,Premium
CUST03113,EMMA JOHNSON,emma.johnson3113@outlook.com,8306431520,Agra,Uttar Pradesh,05/07/2022,Regular
CUST03114,Henry Jones,henry.jones3114@yahoo.com,9480112557,Lucknow,Uttar Pradesh,2022/03/23,VIP
CUST03115,Saanvi Williams,saanvi.williams3115@gmail.com,7561175408,Agra,Uttar Pradesh,04 Oct 2022,Regular
CUST03116,Alexander Patel,alexander.patel3116_at_outlook.com,6631978277,nagpur,Maharashtra,24 Aug 2024,regular
CUST03117,HENRY GUPTA,henry.gupta3117@outlook.com,6392994807,Chennai,Tamil Nadu,2022-10-08,premium
CUST03118,Riya Patel,riya.patel3118@outlook.com,7658036827,kolkata,West Bengal,0000-00-00,Premium
CUST03119,Noah Wilson,noah.wilson3119@mail.com,6968965560,ludhiana,Punjab,2023-07-10,regular
CUST03120,saanvi patel,saanvi.patel3120@gmail.com,7910165807,Nashik,Maharashtra,11/15/2022,VIP
CUST03121,Riya Reddy,riya.reddy3121_at_gmail.com,6171290590,Kolkata,West Bengal,05 Oct 2021,premium
CUST03122,Harper Garcia,harper.garcia3122@outlook.com,8456204404,surat,Gujarat,06/08/2022,New
CUST03123,EMMA SINGH,emma.singh3123@gmail.com,6148719774,MUMBAI,Maharashtra,15/12/2024,regular
CUST03124,Henry Anderson,henry.anderson3124@gmail.com,7900104341,MUMBAI,Maharashtra,2023-06-18,Regular
CUST03125,pari miller,pari.miller3125@outlook.com,6335336767,Jaipur,Rajasthan,11/09/2021,Premium
CUST03126,Pari Iyer,pari.iyer3126@yahoo.com,6114078363,AHMEDABAD,Gujarat,16/11/2022,Regular
CUST03127,Pari Kumar,pari.kumar3127@outlook.com,6666852457,chennai,Tamil Nadu,28 Dec 2023,VIP
CUST03128,HARPER GUPTA,harper.gupta3128@yahoo.com,6518547762,Jaipur,Rajasthan,2022-05-07,regular
CUST03129,ALEXANDER JONES,alexander.jones3129@gmail.com,7209001712,Lucknow,Uttar Pradesh,11-12-2024,Regular
CUST03130,Benjamin Verma,benjamin.verma3130@yahoo.com,8356886280,Patna,Bihar,2021/06/18,regular
CUST03131,liam johnson,liam.johnson3131@mail.com,6192789157,delhi,Delhi,2022-02-05,New
CUST03132,ANANYA SMITH,ananya.smith3132@mail.com,7577857355,BENGALURU,Karnataka,2022-07-10,Premium
CUST03133,Noah Iyer,noah.iyer3133@outlook.com,7269525882,Indore,Madhya Pradesh,2022-07-24,Regular
CUST03134,Abigail Sharma,abigail.sharma3134@yahoo.com,7842407181,Pune,Maharashtra,17-11-2021,New
CUST03135,william brown,william.brown3135@mail.com,6857896455,Bengaluru,Karnataka,2023/02/22,New
CUST03136,Rohan Smith,rohan.smith3136@yahoo.com,7878653027,Nashik,Maharashtra,17 Dec 2023,regular
CUST03137,Michael Jones,michael.jones3137@mail.com,8472079275,Nashik,Maharashtra,2024-03-27,Regular
CUST03138,Riya Patel,riya.patel3138@yahoo.com,9447317550,Ahmedabad,Gujarat,2023-03-08,New
CUST03139,BENJAMIN SMITH,benjamin.smith3139@gmail.com,67811,KOLKATA,West Bengal,2022-12-18,regular
CUST03140,Rohan Williams,rohan.williams3140@mail.com,7279456320,Ahmedabad,Gujarat,13/11/2021,Premium
CUST03141,Riya Reddy,riya.reddy3141@mail.com,6756273333,Patna,Bihar,03-03-2023,VIP
CUST03142,Noah Brown,noah.brown3142_at_yahoo.com,8321323599,Patna,Bihar,25 Nov 2024,regular
CUST03143,Ishaan Jones,ishaan.jones3143@gmail.com,6229520941,nagpur,Maharashtra,2021-11-06,New
CUST03144,Michael Gupta,michael.gupta3144@outlook.com,9546470817,Kolkata,West Bengal,2024/07/04,New
CUST03145,Vivaan Brown,vivaan.brown3145@yahoo.com,6708069883,Nagpur,Maharashtra,08 Nov 2021,New
CUST03146,WILLIAM PATEL,william.patel3146@outlook.com,8269677099,Bhopal,Madhya Pradesh,30/05/2024,regular
CUST03147,aditya brown,aditya.brown3147@gmail.com,8406664015,PATNA,Bihar,0000-00-00,Regular
CUST03148,Rohan Iyer,rohan.iyer3148@outlook.com,9845424366,AGRA,Uttar Pradesh,18-12-2024,Premium
CUST03149,ADITYA REDDY,aditya.reddy3149@yahoo.com,8340849880,NASHIK,Maharashtra,20-06-2023,Regular
CUST03150,Abigail Wilson,abigail.wilson3150@mail.com,8680974612,Bhopal,Madhya Pradesh,10/29/2024,Premium
CUST03151,LUCAS SINGH,lucas.singh3151@yahoo.com,7295789744,nagpur,Maharashtra,28/09/2023,New
CUST03152,William Smith,,6266671329,Nagpur,Maharashtra,31 May 2024,Regular
CUST03153,HENRY ANDERSON,henry.anderson3153@gmail.com,8154072129,AGRA,Uttar Pradesh,2024-05-02,Regular
CUST03154,kiara reddy,kiara.reddy3154@gmail.com,9910457708,bhopal,Madhya Pradesh,2024/10/07,VIP
CUST03155,Aarav Jones,aarav.jones3155@outlook.com,7403731652,Chennai,Tamil Nadu,05 Dec 2023,Regular
CUST03156,aarav kumar,aarav.kumar3156@outlook.com,9954898518,Bengaluru,Karnataka,07/28/2023,regular
CUST03157,Pari Verma,pari.verma3157@outlook.com,6349799303,Vadodara,Gujarat,2022/01/13,Premium
CUST03158,RIYA PATEL,riya.patel3158@gmail.com,8288132993,Lucknow,Uttar Pradesh,27/10/2024,New
CUST03159,Lucas Reddy,lucas.reddy3159@outlook.com,7629428331,hyderabad,Telangana,10/05/2023,New
CUST03160,Noah Nair,noah.nair3160@mail.com,9950729381,Delhi,Delhi,14 Jun 2022,regular
CUST03161,EMMA GUPTA,emma.gupta3161@gmail.com,9987598714,hyderabad,Telangana,2023/01/20,VIP
CUST03162,Emma Wilson,emma.wilson3162@mail.com,9204555604,Delhi,Delhi,20/06/2024,Regular
CUST03163,Reyansh Williams,reyansh.williams3163@mail.com,8586393694,Ludhiana,Punjab,21 Sep 2024,Premium
CUST03164,MIA DAVIS,mia.davis3164@mail.com,8670999863,Patna,Bihar,2023-12-10,premium
CUST03165,ANAYA MILLER,anaya.miller3165@yahoo.com,9298382304,CHENNAI,Tamil Nadu,25/12/2021,Premium
CUST03166,Ananya Rao,ananya.rao3166@gmail.com,8122451267,Surat,Gujarat,10 Mar 2023,VIP
CUST03167,John Wilson,john.wilson3167@mail.com,99168,Bengaluru,Karnataka,06 Oct 2024,VIP
CUST03168,pari johnson,pari.johnson3168@gmail.com,7195873700,Kolkata,West Bengal,12/25/2024,Regular
CUST03169,Arjun Miller,arjun.miller3169@gmail.com,6835811590,Ludhiana,Punjab,2022/12/15,VIP
CUST03170,Vivaan Anderson,vivaan.anderson3170@mail.com,9649636291,nagpur,Maharashtra,02/09/2024,VIP
CUST03171,Anaya Verma,anaya.verma3171@outlook.com,7635221715,Chennai,Tamil Nadu,01-12-2021,Premium
CUST03172,Sophia Kumar,sophia.kumar3172@gmail.com,6108170049,Jaipur,Rajasthan,09/23/2024,premium
CUST03173,Saanvi Reddy,,6160015075,nagpur,Maharashtra,10/30/2023,regular
CUST03174,LUCAS JOHNSON,lucas.johnson3174@yahoo.com,7880230221,Delhi,Delhi,01/03/2023,VIP
CUST03175,Reyansh Singh,reyansh.singh3175@mail.com,6844051106,Indore,Madhya Pradesh,23/03/2023,VIP
CUST03176,Kabir Patel,kabir.patel3176@gmail.com,9212277476,Mumbai,Maharashtra,07/05/2023,premium
CUST03177,Charlotte Wilson,charlotte.wilson3177@yahoo.com,8488201280,LUCKNOW,Uttar Pradesh,2022-03-23,New
CUST03178,Kiara Reddy,kiara.reddy3178@outlook.com,76750,Vadodara,Gujarat,2023/10/18,Regular
CUST03179,amelia reddy,amelia.reddy3179@gmail.com,8272927538,Patna,Bihar,2024-06-25,New
CUST03180,aarav patel,aarav.patel3180@yahoo.com,8110309297,Jaipur,Rajasthan,06/30/2021,Regular
CUST03181,Ira Wilson,ira.wilson3181@gmail.com,7564556069,Mumbai,Maharashtra,2022/04/14,New
CUST03182,alexander verma,alexander.verma3182@outlook.com,6889685428,Mumbai,Maharashtra,2022-12-22,VIP
CUST03183,Henry Gupta,henry.gupta3183@yahoo.com,7669760571,Kolkata,West Bengal,08/03/2023,Premium
CUST03184,Diya Williams,diya.williams3184@mail.com,9588999581,Bhopal,Madhya Pradesh,2023/03/28,Premium
CUST03185,Ira Singh,ira.singh3185@mail.com,7859474676,NASHIK,Maharashtra,2024/01/17,regular
CUST03186,Rohan Nair,rohan.nair3186@outlook.com,6138060846,LUDHIANA,Punjab,02/07/2024,New
CUST03187,RIYA GARCIA,riya.garcia3187@gmail.com,6574490685,Agra,Uttar Pradesh,2023-07-08,Regular
CUST03188,diya davis,diya.davis3188@mail.com,9420840394,Mumbai,Maharashtra,2022/01/08,Premium
CUST03189,Ira Reddy,ira.reddy3189@yahoo.com,94335,Nagpur,Maharashtra,2022/06/12,New
CUST03190,michael jones,michael.jones3190@yahoo.com,6343991413,Vadodara,Gujarat,26/08/2024,Regular
CUST03191,noah rao,noah.rao3191@yahoo.com,9902470060,Delhi,Delhi,13 Oct 2024,New
CUST03192,Charlotte Jones,charlotte.jones3192@yahoo.com,9715142529,Agra,Uttar Pradesh,16 Nov 2024,premium
CUST03193,Pari Williams,pari.williams3193@mail.com,7226811353,Delhi,Delhi,30-08-2022,premium
CUST03194,Sophia Kumar,sophia.kumar3194@gmail.com,9252998036,Kanpur,Uttar Pradesh,0000-00-00,regular
CUST03195,Vihaan Nair,vihaan.nair3195@outlook.com,6830057899,Kanpur,Uttar Pradesh,0000-00-00,Premium
CUST03196,KABIR JONES,kabir.jones3196@outlook.com,8706074809,Lucknow,Uttar Pradesh,2022/07/17,VIP
CUST03197,sophia sharma,sophia.sharma3197@mail.com,8263914434,Jaipur,Rajasthan,13-05-2024,regular
CUST03198,Liam Johnson,liam.johnson3198@mail.com,7503611133,ludhiana,Punjab,11/04/2023,Premium
CUST03199,Aryan Brown,aryan.brown3199@gmail.com,6780290362,Indore,Madhya Pradesh,21 May 2023,regular
CUST03200,Ira Johnson,ira.johnson3200@gmail.com,7247688601,PUNE,Maharashtra,2022/12/10,VIP
CUST03201,Harper Johnson,harper.johnson3201@gmail.com,6323123615,Bengaluru,Karnataka,16/07/2024,VIP
CUST03202,Arjun Nair,arjun.nair3202@outlook.com,6573862982,Indore,Madhya Pradesh,2022-07-23,regular
CUST03203,Amelia Garcia,amelia.garcia3203@mail.com,8633977948,Agra,Uttar Pradesh,19 Oct 2023,Regular
CUST03204,William Jones,william.jones3204@outlook.com,9454883675,mumbai,Maharashtra,10-04-2023,VIP
CUST03205,arjun williams,arjun.williams3205@yahoo.com,9670448155,LUCKNOW,Uttar Pradesh,02/02/2022,New
CUST03206,Aadhya Davis,aadhya.davis3206@yahoo.com,67695,INDORE,Madhya Pradesh,2024/04/22,VIP
CUST03207,JAMES VERMA,james.verma3207@gmail.com,7708460207,Indore,Madhya Pradesh,2024/01/19,Regular
CUST03208,Saanvi Singh,saanvi.singh3208@mail.com,7514295885,Kanpur,Uttar Pradesh,01 May 2023,Premium
CUST03209,CHARLOTTE GARCIA,charlotte.garcia3209@mail.com,8440555392,Ludhiana,Punjab,16-10-2022,Premium
CUST03210,MIA GUPTA,mia.gupta3210@gmail.com,9164278438,Jaipur,Rajasthan,27 Oct 2024,regular
CUST03211,john smith,john.smith3211@outlook.com,7837283354,Ahmedabad,Gujarat,05-08-2024,Premium
CUST03212,Arjun Garcia,arjun.garcia3212@yahoo.com,7769670891,Kanpur,Uttar Pradesh,09/30/2024,regular
CUST03213,Charlotte Reddy,charlotte.reddy3213@yahoo.com,7648118412,Lucknow,Uttar Pradesh,06-11-2023,Premium
CUST03214,ARYAN NAIR,aryan.nair3214@outlook.com,7473331989,Nashik,Maharashtra,2021-08-13,regular
CUST03215,Mia Davis,mia.davis3215@yahoo.com,8557079318,Lucknow,Uttar Pradesh,04/08/2024,regular
CUST03216,Pari Nair,pari.nair3216@outlook.com,8188161441,VADODARA,Gujarat,09-01-2023,Premium
CUST03217,Evelyn Iyer,evelyn.iyer3217@gmail.com,9253801519,Chennai,Tamil Nadu,2021/11/13,New
CUST03218,Michael Patel,michael.patel3218@yahoo.com,7412088857,Nagpur,Maharashtra,2023-04-25,Premium
CUST03219,benjamin miller,benjamin.miller3219@mail.com,9320806466,Indore,Madhya Pradesh,08/08/2021,VIP
CUST03220,Riya Iyer,riya.iyer3220@yahoo.com,7553346459,Pune,Maharashtra,20-11-2021,Regular
CUST03221,Aadhya Garcia,aadhya.garcia3221@outlook.com,6616582041,KANPUR,Uttar Pradesh,07/11/2024,New
CUST03222,Pari Smith,pari.smith3222@mail.com,8200045094,Bengaluru,Karnataka,16 Apr 2022,New
CUST03223,Amelia Reddy,,9386941257,Lucknow,Uttar Pradesh,2024-01-28,Regular
CUST03224,Abigail Singh,abigail.singh3224@outlook.com,7422599479,Patna,Bihar,2023-04-13,premium
CUST03225,Kabir Johnson,kabir.johnson3225@mail.com,8225752673,ahmedabad,Gujarat,16 Feb 2023,Premium
CUST03226,ISABELLA IYER,isabella.iyer3226@outlook.com,7651419240,Hyderabad,Telangana,10 Jul 2021,regular
CUST03227,NOAH MILLER,noah.miller3227@yahoo.com,64757,chennai,Tamil Nadu,16/03/2024,premium
CUST03228,aarav singh,aarav.singh3228@yahoo.com,8654366956,Ludhiana,Punjab,2021/08/17,VIP
CUST03229,Ira Wilson,ira.wilson3229@mail.com,7721493093,Mumbai,Maharashtra,2024/12/27,Regular
CUST03230,Aadhya Iyer,aadhya.iyer3230@outlook.com,79463,Bengaluru,Karnataka,,Regular
CUST03231,Aditya Sharma,aditya.sharma3231@gmail.com,8159119030,ahmedabad,Gujarat,2022/05/22,Regular
CUST03232,Vihaan Davis,vihaan.davis3232@gmail.com,6225129674,Mumbai,Maharashtra,20/12/2021,New
CUST03233,MICHAEL WILSON,michael.wilson3233@gmail.com,87095,Nagpur,Maharashtra,20 Oct 2023,New
CUST03234,NOAH JOHNSON,noah.johnson3234@mail.com,8599123000,Kolkata,West Bengal,18/02/2022,VIP
CUST03235,Ira Smith,ira.smith3235@gmail.com,8235982875,delhi,Delhi,2023-05-31,Premium
CUST03236,Isabella Anderson,isabella.anderson3236@outlook.com,7563072602,Nagpur,Maharashtra,2024/06/18,VIP
CUST03237,Anaya Brown,anaya.brown3237@gmail.com,71089,Mumbai,Maharashtra,25/01/2022,Premium
CUST03238,NOAH NAIR,,6357967722,Chennai,Tamil Nadu,2022/07/10,Premium
CUST03239,Aadhya Iyer,aadhya.iyer3239@mail.com,8789555341,KOLKATA,West Bengal,09/10/2022,New
CUST03240,Charlotte Williams,charlotte.williams3240@outlook.com,61842,Delhi,Delhi,2021-08-27,Regular
CUST03241,William Singh,william.singh3241@outlook.com,8771621320,surat,Gujarat,20-04-2024,premium
CUST03242,EVELYN WILLIAMS,evelyn.williams3242@yahoo.com,7780064237,Vadodara,Gujarat,09/20/2021,premium
CUST03243,MIA SMITH,mia.smith3243@gmail.com,8889627802,Ahmedabad,Gujarat,14/07/2022,VIP
CUST03244,William Garcia,william.garcia3244_at_outlook.com,9362586723,surat,Gujarat,24-01-2022,regular
CUST03245,SOPHIA NAIR,sophia.nair3245@outlook.com,6368009933,Patna,Bihar,08/31/2021,Regular
CUST03246,riya wilson,riya.wilson3246@mail.com,8184840684,Ludhiana,Punjab,04/30/2022,VIP
CUST03247,Alexander Anderson,,9642706453,Nagpur,Maharashtra,2021-07-06,regular
CUST03248,Harper Singh,harper.singh3248@yahoo.com,6436309052,surat,Gujarat,07 Sep 2022,New
CUST03249,Aadhya Reddy,aadhya.reddy3249@mail.com,8638584294,Indore,Madhya Pradesh,2024/09/12,Regular
CUST03250,Sophia Garcia,sophia.garcia3250@mail.com,7957475617,nagpur,Maharashtra,01/08/2023,premium
CUST03251,Henry Wilson,henry.wilson3251@yahoo.com,81584,Kanpur,Uttar Pradesh,06/14/2024,Regular
CUST03252,Kiara Nair,kiara.nair3252@outlook.com,9644341198,pune,Maharashtra,2023-01-30,regular
CUST03253,Ananya Jones,ananya.jones3253@yahoo.com,6643392952,Surat,Gujarat,19-09-2021,VIP
CUST03254,noah patel,noah.patel3254@gmail.com,6585243143,hyderabad,Telangana,06/28/2021,Premium
CUST03255,isabella patel,isabella.patel3255@mail.com,7213263138,Nashik,Maharashtra,2021-10-28,regular
CUST03256,vivaan sharma,vivaan.sharma3256@gmail.com,8874637043,LUDHIANA,Punjab,2024-10-02,Regular
CUST03257,kiara wilson,kiara.wilson3257@yahoo.com,9723008908,Patna,Bihar,2022/04/12,New
CUST03258,Riya Smith,riya.smith3258@mail.com,7557713417,Hyderabad,Telangana,19-07-2023,premium
CUST03259,Sophia Smith,sophia.smith3259@mail.com,9412996933,Hyderabad,Telangana,2024-11-01,Premium
CUST03260,Aadhya Iyer,aadhya.iyer3260@yahoo.com,6230232913,LUDHIANA,Punjab,09/16/2024,VIP
CUST03261,ABIGAIL WILSON,abigail.wilson3261@gmail.com,8882442860,Bhopal,Madhya Pradesh,2023/12/29,premium
CUST03262,William Johnson,william.johnson3262@mail.com,6498526922,Bhopal,Madhya Pradesh,12/07/2023,premium
CUST03263,Liam Reddy,liam.reddy3263@gmail.com,9886372298,vadodara,Gujarat,03/14/2022,Premium
CUST03264,Aadhya Wilson,aadhya.wilson3264@yahoo.com,9813275592,Indore,Madhya Pradesh,04/01/2024,regular
CUST03265,KIARA GARCIA,kiara.garcia3265@outlook.com,7266870330,bhopal,Madhya Pradesh,2022/08/19,Premium
CUST03266,Benjamin Garcia,benjamin.garcia3266@yahoo.com,9276510757,Chennai,Tamil Nadu,10/02/2024,premium
CUST03267,MYRA VERMA,myra.verma3267@yahoo.com,6742585376,BENGALURU,Karnataka,2024/10/28,premium
CUST03268,Reyansh Johnson,reyansh.johnson3268@outlook.com,9704474283,Surat,Gujarat,01/01/2024,Regular
CUST03269,sophia miller,sophia.miller3269@gmail.com,8414762619,lucknow,Uttar Pradesh,26/09/2024,VIP
CUST03270,Vihaan Anderson,vihaan.anderson3270@outlook.com,6588717909,Mumbai,Maharashtra,04/15/2024,regular
CUST03271,Kiara Kumar,kiara.kumar3271@gmail.com,6581918158,Nashik,Maharashtra,2021-11-18,regular
CUST03272,emma anderson,emma.anderson3272@yahoo.com,9653745911,ludhiana,Punjab,30 Jul 2021,Premium
CUST03273,sophia verma,sophia.verma3273@outlook.com,6217022586,Bengaluru,Karnataka,02/10/2024,Premium
CUST03274,Anaya Patel,anaya.patel3274@outlook.com,7422157396,Chennai,Tamil Nadu,03 Nov 2022,Premium
CUST03275,Ira Anderson,ira.anderson3275@gmail.com,8125239827,Nagpur,Maharashtra,29 Jul 2022,Premium
CUST03276,Vivaan Verma,vivaan.verma3276@mail.com,7292585099,LUCKNOW,Uttar Pradesh,17/06/2021,Regular
CUST03277,Anaya Jones,anaya.jones3277@gmail.com,6967692158,Patna,Bihar,05-03-2024,regular
CUST03278,Ira Smith,ira.smith3278@yahoo.com,6394963377,BENGALURU,Karnataka,2023-03-24,Premium
CUST03279,Diya Johnson,diya.johnson3279@gmail.com,6324050761,Nashik,Maharashtra,24-11-2022,premium
CUST03280,,mia.patel3280@gmail.com,9285728113,Jaipur,Rajasthan,2022-10-10,regular
CUST03281,Harper Gupta,harper.gupta3281@yahoo.com,9511449339,pune,Maharashtra,18-08-2024,premium
CUST03282,Sophia Kumar,sophia.kumar3282@outlook.com,6487950228,Hyderabad,Telangana,2022/01/28,premium
CUST03283,Henry Gupta,henry.gupta3283@yahoo.com,8102791505,INDORE,Madhya Pradesh,04-06-2022,Premium
CUST03284,ABIGAIL SINGH,abigail.singh3284@outlook.com,9629954779,Hyderabad,Telangana,2024-08-31,VIP
CUST03285,ARYAN ANDERSON,aryan.anderson3285@yahoo.com,7706664647,Kolkata,West Bengal,25/06/2023,Premium
CUST03286,LUCAS JONES,lucas.jones3286@yahoo.com,9928308985,Mumbai,Maharashtra,2024/09/03,New
CUST03287,Isabella Garcia,isabella.garcia3287@yahoo.com,8183236511,ahmedabad,Gujarat,2023-01-30,New
CUST03288,William Kumar,william.kumar3288_at_mail.com,7791336376,bhopal,Madhya Pradesh,30-09-2022,Premium
CUST03289,anaya singh,anaya.singh3289@mail.com,8521704697,bengaluru,Karnataka,05-05-2022,New
CUST03290,Charlotte Garcia,charlotte.garcia3290@outlook.com,7377201740,bengaluru,Karnataka,,VIP
CUST03291,mia wilson,mia.wilson3291@outlook.com,7295964365,KOLKATA,West Bengal,11/06/2022,regular
CUST03292,Lucas Iyer,lucas.iyer3292@outlook.com,7442796920,Ludhiana,Punjab,02/11/2024,VIP
CUST03293,Lucas Gupta,,6554748369,mumbai,Maharashtra,2022-01-13,premium
CUST03294,Benjamin Jones,benjamin.jones3294@gmail.com,6277183117,Jaipur,Rajasthan,23 Sep 2024,Premium
CUST03295,Kiara Sharma,kiara.sharma3295@outlook.com,9700945503,Vadodara,Gujarat,2022-06-09,Regular
CUST03296,Noah Singh,noah.singh3296@yahoo.com,8482700537,Hyderabad,Telangana,23-06-2021,premium
CUST03297,Michael Nair,michael.nair3297@mail.com,8626022230,Agra,Uttar Pradesh,09-03-2022,regular
CUST03298,Vivaan Sharma,vivaan.sharma3298@yahoo.com,8487746581,agra,Uttar Pradesh,26 Aug 2024,regular
CUST03299,Anaya Reddy,anaya.reddy3299@yahoo.com,8283327187,Ludhiana,Punjab,2021-06-24,premium
CUST03300,Lucas Gupta,lucas.gupta3300@mail.com,6682068711,Surat,Gujarat,04 Aug 2023,Regular
CUST03301,Olivia Wilson,olivia.wilson3301@yahoo.com,7225699133,Bengaluru,Karnataka,07/02/2022,Premium
CUST03302,Vivaan Wilson,vivaan.wilson3302@mail.com,7217673566,Bhopal,Madhya Pradesh,26-01-2022,New
CUST03303,Noah Miller,noah.miller3303@yahoo.com,9910502592,lucknow,Uttar Pradesh,2024/10/30,regular
CUST03304,Aadhya Kumar,aadhya.kumar3304@mail.com,6179894984,Chennai,Tamil Nadu,19 Aug 2024,premium
CUST03305,Alexander Smith,alexander.smith3305@mail.com,6821018302,PATNA,Bihar,2021-09-28,Regular
CUST03306,vihaan iyer,vihaan.iyer3306@outlook.com,8475091612,hyderabad,Telangana,17/12/2024,VIP
CUST03307,reyansh johnson,reyansh.johnson3307@outlook.com,6551470748,Hyderabad,Telangana,12/24/2022,premium
CUST03308,Emma Rao,emma.rao3308@yahoo.com,9848218233,Vadodara,Gujarat,2024-12-07,New
CUST03309,william smith,william.smith3309@outlook.com,6802431191,SURAT,Gujarat,07/12/2024,Regular
CUST03310,vivaan sharma,vivaan.sharma3310@gmail.com,9986670783,indore,Madhya Pradesh,04/11/2022,regular
CUST03311,William Johnson,william.johnson3311@outlook.com,7186213447,Nashik,Maharashtra,12/16/2024,premium
CUST03312,Emma Smith,emma.smith3312@gmail.com,7406015004,NAGPUR,Maharashtra,2024/09/13,regular
CUST03313,Pari Johnson,pari.johnson3313@outlook.com,9404544993,DELHI,Delhi,2024-05-24,Regular
CUST03314,John Williams,john.williams3314@gmail.com,8304726745,Patna,Bihar,2024-10-03,Premium
CUST03315,KIARA VERMA,kiara.verma3315@mail.com,9803817097,Jaipur,Rajasthan,2021-07-27,regular
CUST03316,Ishaan Jones,,7749945758,Mumbai,Maharashtra,25/06/2024,VIP
CUST03317,Michael Johnson,michael.johnson3317@yahoo.com,7884701926,lucknow,Uttar Pradesh,11/21/2022,regular
CUST03318,Ishaan Kumar,ishaan.kumar3318@mail.com,9107758300,ludhiana,Punjab,2023-07-24,premium
CUST03319,mia verma,mia.verma3319@yahoo.com,9598469437,Ahmedabad,Gujarat,08 Nov 2022,premium
CUST03320,Reyansh Anderson,reyansh.anderson3320@gmail.com,6205764473,Hyderabad,Telangana,06/07/2024,Regular
CUST03321,Anaya Williams,anaya.williams3321@mail.com,9165603927,Ahmedabad,Gujarat,05/22/2023,regular
CUST03322,Emma Nair,emma.nair3322@outlook.com,6710076386,kanpur,Uttar Pradesh,,regular
CUST03323,Arjun Nair,arjun.nair3323@gmail.com,9459413072,Surat,Gujarat,14/03/2023,regular
CUST03324,KABIR BROWN,kabir.brown3324@outlook.com,6976913276,Kolkata,West Bengal,09/19/2024,premium
CUST03325,Charlotte Johnson,charlotte.johnson3325@yahoo.com,8115145920,Pune,Maharashtra,2022-01-13,New
CUST03326,michael garcia,michael.garcia3326@gmail.com,7912935229,patna,Bihar,2023-11-28,regular
CUST03327,abigail brown,abigail.brown3327@gmail.com,8593406696,Indore,Madhya Pradesh,2023/10/13,Premium
CUST03328,ANANYA BROWN,ananya.brown3328@gmail.com,6286187302,Lucknow,Uttar Pradesh,03-05-2023,regular
CUST03329,Isabella Gupta,isabella.gupta3329@yahoo.com,8985918454,Mumbai,Maharashtra,30 Nov 2021,premium
CUST03330,Diya Kumar,diya.kumar3330@gmail.com,8146266409,Nagpur,Maharashtra,2024-02-04,premium
CUST03331,olivia iyer,olivia.iyer3331@yahoo.com,6416773457,Pune,Maharashtra,2023/04/09,VIP
CUST03332,mia smith,mia.smith3332@yahoo.com,7682962831,pune,Maharashtra,14/10/2022,VIP
CUST03333,EVELYN BROWN,evelyn.brown3333@outlook.com,9506096370,Nashik,Maharashtra,17-08-2022,premium
CUST03334,harper davis,harper.davis3334@gmail.com,8189851040,Lucknow,Uttar Pradesh,2023/05/04,VIP
CUST03335,Rohan Johnson,rohan.johnson3335@gmail.com,8843460649,MUMBAI,Maharashtra,21/11/2021,VIP
CUST03336,EMMA JOHNSON,emma.johnson3336@mail.com,6261643988,INDORE,Madhya Pradesh,26-12-2023,Regular
CUST03337,Ira Johnson,ira.johnson3337@mail.com,6465915414,NASHIK,Maharashtra,03-06-2022,Premium
CUST03338,Ananya Kumar,ananya.kumar3338@yahoo.com,6513452270,Kolkata,West Bengal,14/07/2022,premium
CUST03339,Alexander Anderson,alexander.anderson3339@mail.com,9170932969,Ahmedabad,Gujarat,22 Nov 2024,Premium
CUST03340,Evelyn Reddy,evelyn.reddy3340@gmail.com,72349,Hyderabad,Telangana,23-12-2021,VIP
CUST03341,Arjun Verma,arjun.verma3341@gmail.com,75212,Lucknow,Uttar Pradesh,30/06/2022,premium
CUST03342,James Garcia,james.garcia3342@mail.com,8688741552,kanpur,Uttar Pradesh,08/20/2022,VIP
CUST03343,Amelia Iyer,,7947436477,Surat,Gujarat,2022-12-15,regular
CUST03344,James Anderson,james.anderson3344@mail.com,6437645509,Agra,Uttar Pradesh,2023-06-06,regular
CUST03345,Kiara Patel,kiara.patel3345@yahoo.com,7834151834,Bhopal,Madhya Pradesh,2022-12-02,regular
CUST03346,Sophia Verma,sophia.verma3346@outlook.com,9699165607,Chennai,Tamil Nadu,2022/08/26,premium
CUST03347,Riya Nair,riya.nair3347@mail.com,7675383721,Kanpur,Uttar Pradesh,02/09/2023,regular
CUST03348,Reyansh Nair,reyansh.nair3348@yahoo.com,8766406964,BENGALURU,Karnataka,2022-11-22,Premium
CUST03349,evelyn patel,evelyn.patel3349@outlook.com,6532954455,Nagpur,Maharashtra,06/02/2022,Premium
CUST03350,Aryan Smith,aryan.smith3350@gmail.com,9984871597,bhopal,Madhya Pradesh,05 Dec 2023,premium
CUST03351,Mia Garcia,mia.garcia3351@gmail.com,8374155253,Nagpur,Maharashtra,10-05-2022,Regular
CUST03352,Alexander Patel,alexander.patel3352@yahoo.com,9647699512,Kolkata,West Bengal,02/04/2023,Regular
CUST03353,JOHN SMITH,john.smith3353@gmail.com,9471212964,Bengaluru,Karnataka,09/12/2022,VIP
CUST03354,James Singh,james.singh3354@gmail.com,6274007286,Chennai,Tamil Nadu,11/03/2023,Premium
CUST03355,OLIVIA BROWN,olivia.brown3355@outlook.com,7736481545,lucknow,Uttar Pradesh,08/05/2022,premium
CUST03356,Kiara Garcia,kiara.garcia3356@outlook.com,9195840823,Ahmedabad,Gujarat,28 Mar 2022,Regular
CUST03357,Noah Rao,noah.rao3357@gmail.com,9484283066,Pune,Maharashtra,0000-00-00,regular
CUST03358,Henry Kumar,henry.kumar3358@yahoo.com,7174185892,Indore,Madhya Pradesh,2023/09/27,regular
CUST03359,Amelia Reddy,amelia.reddy3359@yahoo.com,6581429992,Mumbai,Maharashtra,06/29/2021,regular
CUST03360,riya wilson,riya.wilson3360@mail.com,77348,Hyderabad,Telangana,31-03-2022,Regular
CUST03361,Saanvi Smith,saanvi.smith3361@yahoo.com,6882607597,Indore,Madhya Pradesh,2024/09/17,Premium
CUST03362,Isabella Rao,isabella.rao3362@outlook.com,7652998937,Hyderabad,Telangana,13/11/2021,regular
CUST03363,Charlotte Singh,charlotte.singh3363@gmail.com,7343845254,Nagpur,Maharashtra,2024-07-18,New
CUST03364,Alexander Rao,alexander.rao3364_at_outlook.com,8880898015,Bhopal,Madhya Pradesh,06 May 2022,Premium
CUST03365,Evelyn Kumar,evelyn.kumar3365@mail.com,92051,Lucknow,Uttar Pradesh,2022/06/18,regular
CUST03366,John Singh,john.singh3366@yahoo.com,7921807847,pune,Maharashtra,13/12/2023,Regular
CUST03367,Vivaan Verma,vivaan.verma3367@outlook.com,7963181303,Bhopal,Madhya Pradesh,08/25/2024,regular
CUST03368,Harper Davis,harper.davis3368@gmail.com,7728888706,Kanpur,Uttar Pradesh,20-10-2024,Regular
CUST03369,RIYA GARCIA,riya.garcia3369@mail.com,7212474052,Patna,Bihar,14 Jan 2022,New
CUST03370,Henry Johnson,henry.johnson3370@gmail.com,8243667609,KOLKATA,West Bengal,2024-01-05,premium
CUST03371,Amelia Rao,amelia.rao3371@gmail.com,6840477746,Mumbai,Maharashtra,12/12/2024,premium
CUST03372,Alexander Gupta,alexander.gupta3372@outlook.com,8923737298,Vadodara,Gujarat,02/23/2023,Premium
CUST03373,Mia Nair,mia.nair3373@gmail.com,6400566801,Nagpur,Maharashtra,2023/12/04,regular
CUST03374,William Rao,william.rao3374@yahoo.com,9201352457,Vadodara,Gujarat,10-07-2023,regular
CUST03375,Charlotte Gupta,charlotte.gupta3375@mail.com,8437699520,pune,Maharashtra,,premium
CUST03376,Reyansh Sharma,reyansh.sharma3376@yahoo.com,8844775738,jaipur,Rajasthan,2024-08-28,premium
CUST03377,Rohan Verma,rohan.verma3377@gmail.com,6377246749,Bengaluru,Karnataka,18 Mar 2023,premium
CUST03378,Pari Kumar,pari.kumar3378@yahoo.com,9285556549,Ludhiana,Punjab,2022-04-26,New
CUST03379,vivaan miller,vivaan.miller3379@gmail.com,7581696190,Kolkata,West Bengal,02-10-2023,premium
CUST03380,Mia Verma,mia.verma3380@yahoo.com,7984649135,Surat,Gujarat,2023-09-09,VIP
CUST03381,Ananya Wilson,ananya.wilson3381@mail.com,8852467864,Vadodara,Gujarat,2023/11/28,Regular
CUST03382,ira nair,ira.nair3382@outlook.com,7150248937,Agra,Uttar Pradesh,26/07/2021,premium
CUST03383,alexander davis,alexander.davis3383@gmail.com,7102068391,Ahmedabad,Gujarat,2023/12/25,regular
CUST03384,pari anderson,pari.anderson3384@outlook.com,7967184115,Nashik,Maharashtra,06/10/2021,New
CUST03385,Charlotte Anderson,charlotte.anderson3385@yahoo.com,6122618506,AHMEDABAD,Gujarat,,premium
CUST03386,Ananya Anderson,ananya.anderson3386@mail.com,6884634865,Ahmedabad,Gujarat,,New
CUST03387,Aryan Kumar,aryan.kumar3387@yahoo.com,9528124032,Kolkata,West Bengal,01-04-2023,regular
CUST03388,aryan iyer,aryan.iyer3388@yahoo.com,7248376670,Nagpur,Maharashtra,2021/10/11,regular
CUST03389,Anaya Garcia,anaya.garcia3389@outlook.com,8330440432,Kolkata,West Bengal,03/01/2022,Premium
CUST03390,sophia gupta,sophia.gupta3390@mail.com,9922577760,kolkata,West Bengal,2022/04/11,Regular
CUST03391,Ananya Patel,ananya.patel3391@outlook.com,7376333095,Ahmedabad,Gujarat,19 Feb 2024,Regular
CUST03392,abigail miller,abigail.miller3392@outlook.com,8806122831,bhopal,Madhya Pradesh,30/07/2022,Regular
CUST03393,AMELIA REDDY,amelia.reddy3393@mail.com,8888361274,Delhi,Delhi,12 Sep 2023,premium
CUST03394,Mia Miller,mia.miller3394@yahoo.com,6618601334,Vadodara,Gujarat,2023-06-13,regular
CUST03395,john jones,john.jones3395@yahoo.com,8638524362,Agra,Uttar Pradesh,2021/08/30,Premium
CUST03396,Riya Verma,riya.verma3396@outlook.com,6507824010,Nashik,Maharashtra,2022-05-26,VIP
CUST03397,Aditya Jones,aditya.jones3397@mail.com,7269943973,Ahmedabad,Gujarat,2024/01/01,New
CUST03398,Benjamin Kumar,benjamin.kumar3398@gmail.com,9168334972,Lucknow,Uttar Pradesh,22/04/2023,New
CUST03399,Olivia Gupta,olivia.gupta3399@gmail.com,7419003610,NASHIK,Maharashtra,2024/11/06,regular
CUST03400,Kabir Williams,kabir.williams3400@mail.com,93523,chennai,Tamil Nadu,2023/01/22,regular
CUST03401,AARAV GARCIA,aarav.garcia3401@yahoo.com,6964765555,Lucknow,Uttar Pradesh,17 Mar 2023,premium
CUST03402,vihaan iyer,vihaan.iyer3402@gmail.com,8213205566,pune,Maharashtra,2023/12/05,premium
CUST03403,VIVAAN NAIR,vivaan.nair3403@gmail.com,7706826937,agra,Uttar Pradesh,18 Jan 2024,Premium
CUST03404,liam davis,liam.davis3404@gmail.com,8960450980,Agra,Uttar Pradesh,2024/06/23,VIP
CUST03405,Ananya Sharma,ananya.sharma3405@outlook.com,6311013194,Pune,Maharashtra,30 Jun 2024,Regular
CUST03406,LUCAS WILLIAMS,lucas.williams3406@mail.com,6979683599,Jaipur,Rajasthan,2024-09-28,Regular
CUST03407,ANAYA SINGH,anaya.singh3407@mail.com,7593248548,Hyderabad,Telangana,12/04/2024,premium
CUST03408,Ananya Iyer,ananya.iyer3408@gmail.com,6961618463,Kanpur,Uttar Pradesh,05-05-2022,Regular
CUST03409,Aryan Iyer,aryan.iyer3409@gmail.com,8408363067,Nagpur,Maharashtra,08/09/2023,Premium
CUST03410,Evelyn Jones,evelyn.jones3410@yahoo.com,75374,Kolkata,West Bengal,02/21/2023,VIP
CUST03411,Vihaan Anderson,vihaan.anderson3411@mail.com,6938907129,vadodara,Gujarat,03/13/2024,Regular
CUST03412,ABIGAIL KUMAR,abigail.kumar3412@gmail.com,8518318082,Lucknow,Uttar Pradesh,22 Oct 2022,regular
CUST03413,Reyansh Sharma,reyansh.sharma3413@gmail.com,6680279961,hyderabad,Telangana,2024/05/11,Premium
CUST03414,evelyn garcia,evelyn.garcia3414@mail.com,8299683645,Vadodara,Gujarat,13-12-2021,regular
CUST03415,Anaya Rao,anaya.rao3415@outlook.com,7925410924,Patna,Bihar,09 May 2022,VIP
CUST03416,Riya Rao,riya.rao3416@mail.com,6975752928,Surat,Gujarat,08/02/2021,VIP
CUST03417,Henry Nair,henry.nair3417@yahoo.com,6229501297,indore,Madhya Pradesh,11/13/2024,regular
CUST03418,HARPER KUMAR,harper.kumar3418@outlook.com,8131915448,VADODARA,Gujarat,22 Mar 2024,regular
CUST03419,Ananya Patel,ananya.patel3419@yahoo.com,9492281135,Bengaluru,Karnataka,22-08-2021,Premium
CUST03420,Ishaan Anderson,ishaan.anderson3420@yahoo.com,7412038885,Chennai,Tamil Nadu,2024-06-27,Premium
CUST03421,Ishaan Singh,ishaan.singh3421@outlook.com,9384945857,Delhi,Delhi,2024/08/10,Regular
CUST03422,riya miller,riya.miller3422@mail.com,6650907015,Kolkata,West Bengal,2021-12-31,VIP
CUST03423,Myra Miller,myra.miller3423@outlook.com,7669562687,Hyderabad,Telangana,2024-10-16,premium
CUST03424,John Patel,john.patel3424_at_yahoo.com,7767402767,Kanpur,Uttar Pradesh,08/11/2022,regular
CUST03425,Sophia Garcia,sophia.garcia3425@outlook.com,8845187325,hyderabad,Telangana,09/19/2021,VIP
CUST03426,Alexander Anderson,alexander.anderson3426@mail.com,7607446641,Lucknow,Uttar Pradesh,19-09-2021,Premium
CUST03427,Kabir Singh,kabir.singh3427@yahoo.com,7406493604,agra,Uttar Pradesh,2023-07-04,New
CUST03428,John Garcia,john.garcia3428@yahoo.com,6572777105,Nashik,Maharashtra,,VIP
CUST03429,BENJAMIN SMITH,benjamin.smith3429@gmail.com,6557642403,Patna,Bihar,2024-12-08,New
CUST03430,MIA KUMAR,mia.kumar3430@yahoo.com,6518941429,Mumbai,Maharashtra,03/09/2022,VIP
CUST03431,Vivaan Singh,vivaan.singh3431@gmail.com,64574,LUCKNOW,Uttar Pradesh,2024/05/20,New
CUST03432,Ananya Kumar,ananya.kumar3432@yahoo.com,9861367414,AGRA,Uttar Pradesh,10/07/2022,New
CUST03433,NOAH WILLIAMS,noah.williams3433@yahoo.com,9475936910,Nagpur,Maharashtra,22/08/2021,VIP
CUST03434,Ishaan Miller,ishaan.miller3434@outlook.com,8553215672,bengaluru,Karnataka,08/22/2021,regular
CUST03435,Arjun Nair,arjun.nair3435@mail.com,9922971729,Lucknow,Uttar Pradesh,09/25/2021,regular
CUST03436,Emma Davis,emma.davis3436@outlook.com,6678611535,Bengaluru,Karnataka,04 Nov 2023,premium
CUST03437,Arjun Gupta,arjun.gupta3437@mail.com,6308457206,Bengaluru,Karnataka,12/02/2024,premium
CUST03438,Mia Rao,mia.rao3438@mail.com,6142582481,Lucknow,Uttar Pradesh,10/05/2023,regular
CUST03439,Olivia Brown,olivia.brown3439@outlook.com,8600799745,Surat,Gujarat,30/11/2021,Regular
CUST03440,MIA VERMA,mia.verma3440@gmail.com,6273791143,NASHIK,Maharashtra,14/08/2024,regular
CUST03441,Evelyn Kumar,evelyn.kumar3441@gmail.com,6355722896,INDORE,Madhya Pradesh,2023/01/04,premium
CUST03442,Ira Wilson,ira.wilson3442@yahoo.com,7453201705,Ludhiana,Punjab,20-08-2022,regular
CUST03443,Reyansh Nair,reyansh.nair3443@yahoo.com,7648913867,Agra,Uttar Pradesh,18-05-2022,regular
CUST03444,SOPHIA BROWN,sophia.brown3444@mail.com,6849317162,Delhi,Delhi,,Regular
CUST03445,Vivaan Reddy,vivaan.reddy3445@yahoo.com,9600894362,Vadodara,Gujarat,27 Apr 2024,VIP
CUST03446,EVELYN PATEL,evelyn.patel3446@mail.com,6846017025,Indore,Madhya Pradesh,23/05/2023,Regular
CUST03447,Saanvi Johnson,saanvi.johnson3447@gmail.com,9488214688,Kanpur,Uttar Pradesh,04-08-2022,VIP
CUST03448,arjun wilson,arjun.wilson3448@mail.com,9503687397,AHMEDABAD,Gujarat,2024/11/07,Premium
CUST03449,Liam Verma,liam.verma3449@gmail.com,7431258059,Ludhiana,Punjab,10/09/2022,New
CUST03450,Charlotte Smith,charlotte.smith3450@gmail.com,8202179967,Kolkata,West Bengal,13-09-2022,Regular
CUST03451,CHARLOTTE WILLIAMS,charlotte.williams3451@yahoo.com,97855,PUNE,Maharashtra,28/12/2023,New
CUST03452,James Williams,james.williams3452@yahoo.com,6823668644,KOLKATA,West Bengal,09 Mar 2022,VIP
CUST03453,ABIGAIL BROWN,abigail.brown3453@yahoo.com,7803861794,Mumbai,Maharashtra,01 Nov 2021,Premium
CUST03454,Anaya Wilson,anaya.wilson3454@outlook.com,7719217926,mumbai,Maharashtra,2021/12/03,regular
CUST03455,EMMA ANDERSON,emma.anderson3455@outlook.com,9378947632,Bengaluru,Karnataka,24 Jun 2021,Premium
CUST03456,,liam.sharma3456@mail.com,6123807808,AHMEDABAD,Gujarat,0000-00-00,Premium
CUST03457,James Garcia,james.garcia3457@mail.com,9143424454,vadodara,Gujarat,18/01/2023,regular
CUST03458,Emma Brown,emma.brown3458@mail.com,9901403679,JAIPUR,Rajasthan,01/16/2023,Regular
CUST03459,Alexander Kumar,alexander.kumar3459@yahoo.com,6909665390,delhi,Delhi,24 Jan 2024,Regular
CUST03460,Aryan Iyer,aryan.iyer3460@outlook.com,8702952937,Agra,Uttar Pradesh,29-04-2023,Regular
CUST03461,Mia Miller,mia.miller3461@gmail.com,9837765854,Nagpur,Maharashtra,07/03/2022,VIP
CUST03462,Lucas Singh,lucas.singh3462@mail.com,8267488946,Nagpur,Maharashtra,11-05-2022,Premium
CUST03463,myra jones,myra.jones3463@yahoo.com,8348987656,Bengaluru,Karnataka,2022-11-29,VIP
CUST03464,Vihaan Anderson,vihaan.anderson3464@outlook.com,9681361335,CHENNAI,Tamil Nadu,2021-10-19,Premium
CUST03465,Kabir Sharma,kabir.sharma3465@outlook.com,9490378123,Agra,Uttar Pradesh,23-06-2024,Regular
CUST03466,Aditya Wilson,aditya.wilson3466@mail.com,6533980866,Vadodara,Gujarat,27-08-2023,New
CUST03467,Ananya Jones,ananya.jones3467@mail.com,7493218228,Surat,Gujarat,0000-00-00,Premium
CUST03468,Alexander Reddy,alexander.reddy3468@yahoo.com,6985543137,Nashik,Maharashtra,08-01-2023,Premium
CUST03469,william verma,william.verma3469@outlook.com,9394860772,Bhopal,Madhya Pradesh,2021/11/17,premium
CUST03470,aadhya smith,aadhya.smith3470@mail.com,8229070937,Delhi,Delhi,29-01-2023,regular
CUST03471,Aadhya Patel,aadhya.patel3471@mail.com,8885254767,surat,Gujarat,2024/02/29,VIP
CUST03472,John Garcia,john.garcia3472@outlook.com,6482456791,Nagpur,Maharashtra,2024/12/09,regular
CUST03473,Henry Miller,henry.miller3473@yahoo.com,6908744171,Lucknow,Uttar Pradesh,2024/05/30,Regular
CUST03474,Ira Kumar,ira.kumar3474@yahoo.com,97700,LUCKNOW,Uttar Pradesh,2021/08/02,New
CUST03475,MICHAEL JOHNSON,michael.johnson3475@gmail.com,9703875599,Nashik,Maharashtra,0000-00-00,Regular
CUST03476,charlotte patel,charlotte.patel3476@mail.com,9984389966,CHENNAI,Tamil Nadu,10/12/2023,regular
CUST03477,Anaya Singh,anaya.singh3477@gmail.com,9935424199,Nashik,Maharashtra,26-02-2024,VIP
CUST03478,ARYAN WILLIAMS,aryan.williams3478@yahoo.com,7862696954,agra,Uttar Pradesh,06/17/2021,premium
CUST03479,Aditya Miller,aditya.miller3479@yahoo.com,7769426996,Hyderabad,Telangana,20-06-2022,Premium
CUST03480,Noah Anderson,noah.anderson3480@gmail.com,8187660695,Bengaluru,Karnataka,10/10/2021,premium
CUST03481,Arjun Patel,arjun.patel3481@mail.com,9800025140,ludhiana,Punjab,2024-03-24,regular
CUST03482,Ira Rao,ira.rao3482@outlook.com,9338742293,AHMEDABAD,Gujarat,20 Jun 2023,New
CUST03483,diya nair,diya.nair3483@gmail.com,9467242315,Mumbai,Maharashtra,2023-12-22,VIP
CUST03484,william kumar,william.kumar3484@outlook.com,9303423752,Lucknow,Uttar Pradesh,10/07/2022,regular
CUST03485,vivaan jones,vivaan.jones3485@outlook.com,7453536775,Delhi,Delhi,06/12/2022,Premium
CUST03486,Rohan Gupta,rohan.gupta3486@gmail.com,6235823797,Bhopal,Madhya Pradesh,06/10/2024,Premium
CUST03487,Pari Johnson,pari.johnson3487@gmail.com,6572503551,Ahmedabad,Gujarat,26 Oct 2021,premium
CUST03488,James Reddy,james.reddy3488@outlook.com,62104,Vadodara,Gujarat,21/11/2022,Premium
CUST03489,Ananya Iyer,ananya.iyer3489@mail.com,7707216274,Ahmedabad,Gujarat,14 Mar 2023,regular
CUST03490,diya singh,diya.singh3490@yahoo.com,84614,Chennai,Tamil Nadu,,VIP
CUST03491,Aadhya Davis,aadhya.davis3491@outlook.com,6110208671,patna,Bihar,2024-03-16,premium
CUST03492,saanvi verma,,8330635975,Jaipur,Rajasthan,14 Mar 2022,Regular
CUST03493,Myra Garcia,myra.garcia3493@outlook.com,8485379036,Delhi,Delhi,26-02-2022,Regular
CUST03494,Sophia Williams,sophia.williams3494@mail.com,8537118362,Vadodara,Gujarat,2023-07-23,premium
CUST03495,Liam Garcia,liam.garcia3495@outlook.com,8862078164,surat,Gujarat,06-02-2023,New
CUST03496,Charlotte Miller,charlotte.miller3496@yahoo.com,7267680599,Bengaluru,Karnataka,2024-04-11,premium
CUST03497,JAMES WILLIAMS,james.williams3497@yahoo.com,9747703585,Lucknow,Uttar Pradesh,28/11/2022,premium
CUST03498,Mia Jones,mia.jones3498@gmail.com,7816045615,Bengaluru,Karnataka,2022/11/30,Regular
CUST03499,Charlotte Williams,charlotte.williams3499@outlook.com,6618057364,Jaipur,Rajasthan,19/10/2024,Regular
CUST03500,Noah Iyer,noah.iyer3500@outlook.com,8337328345,NASHIK,Maharashtra,2023/04/12,VIP
CUST03501,Aryan Reddy,aryan.reddy3501@gmail.com,65306,Agra,Uttar Pradesh,06/11/2023,VIP
CUST03502,Isabella Patel,isabella.patel3502@yahoo.com,8347114786,Surat,Gujarat,25 Nov 2022,Regular
CUST03503,Evelyn Reddy,evelyn.reddy3503@yahoo.com,9966980388,Nashik,Maharashtra,2022/09/16,VIP
CUST03504,Saanvi Anderson,saanvi.anderson3504@gmail.com,9853547223,Vadodara,Gujarat,26/10/2023,VIP
CUST03505,Benjamin Davis,benjamin.davis3505@mail.com,82408,Bengaluru,Karnataka,08/06/2024,Regular
CUST03506,KABIR GARCIA,kabir.garcia3506@yahoo.com,9641539711,bhopal,Madhya Pradesh,09 Oct 2021,premium
CUST03507,Mia Nair,mia.nair3507@gmail.com,9725954004,Agra,Uttar Pradesh,21 Sep 2024,New
CUST03508,kabir gupta,kabir.gupta3508@mail.com,7240698478,BHOPAL,Madhya Pradesh,12-03-2023,Regular
CUST03509,amelia smith,,9153101556,Kanpur,Uttar Pradesh,29 Dec 2023,premium
CUST03510,Kabir Verma,kabir.verma3510@gmail.com,8374038034,hyderabad,Telangana,2022/04/19,regular
CUST03511,Mia Singh,mia.singh3511@mail.com,7156464639,Mumbai,Maharashtra,22/07/2024,VIP
CUST03512,ROHAN WILSON,rohan.wilson3512@outlook.com,9328626528,Delhi,Delhi,17-08-2023,New
CUST03513,Olivia Wilson,olivia.wilson3513@outlook.com,6527783177,bengaluru,Karnataka,20 Jun 2024,premium
CUST03514,Riya Patel,riya.patel3514@yahoo.com,6137508692,KOLKATA,West Bengal,03-04-2024,Regular
CUST03515,ROHAN WILLIAMS,rohan.williams3515@outlook.com,6195739677,Vadodara,Gujarat,2024-06-12,VIP
CUST03516,Isabella Singh,isabella.singh3516@outlook.com,7640921219,Delhi,Delhi,30/09/2021,regular
CUST03517,Abigail Nair,abigail.nair3517@yahoo.com,7534787174,Hyderabad,Telangana,11/22/2023,VIP
CUST03518,BENJAMIN DAVIS,benjamin.davis3518@outlook.com,6922720325,Kolkata,West Bengal,2024-11-21,Premium
CUST03519,Henry Wilson,henry.wilson3519@yahoo.com,8942501989,Nagpur,Maharashtra,2022/01/29,premium
CUST03520,Riya Kumar,riya.kumar3520@yahoo.com,6890813276,Kolkata,West Bengal,27/12/2023,Regular
CUST03521,Lucas Sharma,lucas.sharma3521@mail.com,9841173212,Jaipur,Rajasthan,10/10/2023,New
CUST03522,william reddy,william.reddy3522@mail.com,9324255270,AHMEDABAD,Gujarat,29/03/2022,Premium
CUST03523,Ananya Gupta,ananya.gupta3523@gmail.com,8132927135,Ludhiana,Punjab,12/15/2023,regular
CUST03524,REYANSH SINGH,reyansh.singh3524@yahoo.com,8894738660,patna,Bihar,26-05-2023,regular
CUST03525,Abigail Kumar,abigail.kumar3525@yahoo.com,85766,Surat,Gujarat,2023/04/03,VIP
CUST03526,JOHN VERMA,john.verma3526@mail.com,9186789940,Nashik,Maharashtra,04/29/2022,regular
CUST03527,Ira Anderson,ira.anderson3527@yahoo.com,6702332823,Pune,Maharashtra,12-07-2024,Regular
CUST03528,Harper Reddy,harper.reddy3528@yahoo.com,8854826209,Surat,Gujarat,20 Oct 2021,New
CUST03529,Olivia Brown,olivia.brown3529@gmail.com,9642372631,Bengaluru,Karnataka,08/07/2021,VIP
CUST03530,aryan wilson,aryan.wilson3530@yahoo.com,6898075538,Lucknow,Uttar Pradesh,2024-05-20,regular
CUST03531,Aditya Garcia,aditya.garcia3531@gmail.com,8258826732,Ahmedabad,Gujarat,30-03-2024,New
CUST03532,Reyansh Anderson,,8429682968,Jaipur,Rajasthan,09-11-2022,Premium
CUST03533,IRA PATEL,ira.patel3533@mail.com,6903962175,Ahmedabad,Gujarat,29-08-2022,regular
CUST03534,Alexander Patel,alexander.patel3534@outlook.com,9111382840,Pune,Maharashtra,10-10-2024,VIP
CUST03535,Kiara Rao,kiara.rao3535@gmail.com,8422995196,delhi,Delhi,2023-04-05,regular
CUST03536,Saanvi Brown,saanvi.brown3536@outlook.com,6951773510,Indore,Madhya Pradesh,06/24/2024,regular
CUST03537,Benjamin Singh,benjamin.singh3537@mail.com,7282688344,PATNA,Bihar,2023-07-06,premium
CUST03538,Ira Patel,ira.patel3538@gmail.com,8469459211,CHENNAI,Tamil Nadu,08/22/2022,Regular
CUST03539,saanvi smith,saanvi.smith3539@gmail.com,9145157319,Indore,Madhya Pradesh,04/08/2021,New
CUST03540,noah rao,noah.rao3540@outlook.com,9378380062,DELHI,Delhi,15 Jan 2023,VIP
CUST03541,HARPER GARCIA,harper.garcia3541@mail.com,8272940999,vadodara,Gujarat,17-11-2022,New
CUST03542,Vihaan Singh,vihaan.singh3542@gmail.com,61161,pune,Maharashtra,2022-08-28,New
CUST03543,mia rao,mia.rao3543@gmail.com,7608268005,Vadodara,Gujarat,2024-06-06,Premium
CUST03544,William Gupta,william.gupta3544@outlook.com,8968262648,Agra,Uttar Pradesh,30 Jan 2022,premium
CUST03545,IRA JOHNSON,ira.johnson3545@outlook.com,6772373350,Pune,Maharashtra,21-07-2022,Premium
CUST03546,aditya smith,aditya.smith3546@gmail.com,7353619839,Indore,Madhya Pradesh,26 Feb 2022,regular
CUST03547,ALEXANDER ANDERSON,alexander.anderson3547@outlook.com,7930672693,Kolkata,West Bengal,15 Oct 2022,Premium
CUST03548,Amelia Williams,amelia.williams3548@outlook.com,7806182151,CHENNAI,Tamil Nadu,22-03-2022,Regular
CUST03549,IRA MILLER,ira.miller3549@yahoo.com,8297745871,jaipur,Rajasthan,04/09/2023,New
CUST03550,Alexander Gupta,alexander.gupta3550@outlook.com,9222769584,Delhi,Delhi,,regular
CUST03551,Benjamin Jones,benjamin.jones3551@gmail.com,9207370177,Ludhiana,Punjab,09-09-2022,Regular
CUST03552,Alexander Wilson,alexander.wilson3552@mail.com,7337890184,Pune,Maharashtra,2024-11-28,VIP
CUST03553,John Kumar,john.kumar3553@mail.com,8374205688,delhi,Delhi,2021/08/21,Premium
CUST03554,Lucas Patel,lucas.patel3554@yahoo.com,8256101818,Jaipur,Rajasthan,2021/07/11,premium
CUST03555,AMELIA NAIR,amelia.nair3555@yahoo.com,9859750574,Indore,Madhya Pradesh,13-03-2023,Premium
CUST03556,Noah Rao,noah.rao3556@gmail.com,7406507559,Agra,Uttar Pradesh,2022/07/02,VIP
CUST03557,Abigail Kumar,abigail.kumar3557@gmail.com,7895431074,mumbai,Maharashtra,2022/11/11,New
CUST03558,Riya Iyer,riya.iyer3558@outlook.com,7708950137,Vadodara,Gujarat,03/04/2022,premium
CUST03559,Charlotte Reddy,charlotte.reddy3559@gmail.com,9253308002,Pune,Maharashtra,2021-07-26,Regular
CUST03560,reyansh patel,,7501265207,Bhopal,Madhya Pradesh,19-06-2024,VIP
CUST03561,IRA RAO,ira.rao3561@yahoo.com,7379993041,Patna,Bihar,05-05-2023,New
CUST03562,Amelia Garcia,amelia.garcia3562@gmail.com,6801092237,LUCKNOW,Uttar Pradesh,05-05-2024,regular
CUST03563,Aryan Miller,aryan.miller3563@gmail.com,7415914247,surat,Gujarat,2023/11/22,regular
CUST03564,LUCAS JONES,lucas.jones3564@yahoo.com,8314111193,Ahmedabad,Gujarat,01-03-2022,VIP
CUST03565,Rohan Miller,rohan.miller3565@outlook.com,7690172480,CHENNAI,Tamil Nadu,04-12-2022,New
CUST03566,Kiara Gupta,kiara.gupta3566@gmail.com,7873927346,MUMBAI,Maharashtra,13-04-2023,premium
CUST03567,amelia singh,amelia.singh3567@mail.com,77208,Agra,Uttar Pradesh,27 Nov 2022,premium
CUST03568,arjun reddy,arjun.reddy3568@yahoo.com,8176979164,indore,Madhya Pradesh,26-12-2021,Premium
CUST03569,Kiara Miller,kiara.miller3569@gmail.com,7472719750,NAGPUR,Maharashtra,11/07/2022,New
CUST03570,MICHAEL JONES,michael.jones3570@mail.com,9902261601,Jaipur,Rajasthan,14-08-2024,Premium
CUST03571,Isabella Brown,isabella.brown3571@outlook.com,9785962247,Agra,Uttar Pradesh,06/15/2021,regular
CUST03572,Benjamin Nair,benjamin.nair3572@outlook.com,84988,Indore,Madhya Pradesh,09-07-2022,Premium
CUST03573,Diya Johnson,diya.johnson3573@yahoo.com,7523203769,Patna,Bihar,15/10/2021,premium
CUST03574,Vivaan Nair,vivaan.nair3574@yahoo.com,6332953472,Bengaluru,Karnataka,09/24/2021,Premium
CUST03575,anaya rao,anaya.rao3575@yahoo.com,7254327752,mumbai,Maharashtra,15 May 2024,Premium
CUST03576,Pari Sharma,pari.sharma3576@yahoo.com,8386175755,Nashik,Maharashtra,25-08-2023,New
CUST03577,Abigail Smith,abigail.smith3577@mail.com,7412519162,INDORE,Madhya Pradesh,15 Mar 2022,VIP
CUST03578,saanvi brown,saanvi.brown3578@mail.com,9726251170,NAGPUR,Maharashtra,2023/12/01,Premium
CUST03579,Mia Jones,mia.jones3579@outlook.com,7384906936,Chennai,Tamil Nadu,08/03/2021,New
CUST03580,William Wilson,william.wilson3580@mail.com,8594128280,Jaipur,Rajasthan,10/29/2022,regular
CUST03581,Aditya Jones,aditya.jones3581@yahoo.com,9608834239,kolkata,West Bengal,20-12-2024,New
CUST03582,Noah Jones,noah.jones3582@gmail.com,6570068206,Hyderabad,Telangana,2021/09/21,New
CUST03583,Myra Rao,myra.rao3583@outlook.com,7964979764,Delhi,Delhi,12/06/2024,New
CUST03584,Evelyn Singh,evelyn.singh3584@yahoo.com,9516573754,Ahmedabad,Gujarat,14-11-2024,Regular
CUST03585,Lucas Williams,lucas.williams3585@yahoo.com,6586334960,Pune,Maharashtra,12-12-2024,VIP
CUST03586,Sophia Sharma,sophia.sharma3586@gmail.com,7112001771,Ludhiana,Punjab,31-12-2022,Regular
CUST03587,Henry Verma,henry.verma3587@gmail.com,8952373528,AHMEDABAD,Gujarat,06/24/2021,premium
CUST03588,EVELYN DAVIS,evelyn.davis3588@mail.com,7544796307,indore,Madhya Pradesh,,New
CUST03589,Harper Sharma,harper.sharma3589@yahoo.com,7415876632,INDORE,Madhya Pradesh,2021/12/02,premium
CUST03590,Harper Brown,harper.brown3590@mail.com,6481033545,Delhi,Delhi,16-02-2023,Premium
CUST03591,Ananya Reddy,ananya.reddy3591@outlook.com,9301050181,nashik,Maharashtra,21 Nov 2021,VIP
CUST03592,Benjamin Rao,benjamin.rao3592@yahoo.com,7159358919,Bhopal,Madhya Pradesh,08/06/2021,premium
CUST03593,Abigail Kumar,abigail.kumar3593@mail.com,7965950552,indore,Madhya Pradesh,01/11/2024,premium
CUST03594,Alexander Patel,alexander.patel3594@mail.com,8867551437,Delhi,Delhi,08/12/2021,Regular
CUST03595,Aditya Verma,,8839734701,SURAT,Gujarat,09/03/2022,Premium
CUST03596,ARYAN SHARMA,aryan.sharma3596@outlook.com,7802895178,Chennai,Tamil Nadu,2024-12-17,Regular
CUST03597,Anaya Sharma,anaya.sharma3597@outlook.com,6457877435,Chennai,Tamil Nadu,04/20/2023,premium
CUST03598,Abigail Garcia,abigail.garcia3598@yahoo.com,7128043134,Chennai,Tamil Nadu,09/27/2023,Premium
CUST03599,Charlotte Kumar,charlotte.kumar3599@gmail.com,8864126624,surat,Gujarat,22-07-2022,Regular
CUST03600,Olivia Davis,olivia.davis3600@outlook.com,9545111009,ludhiana,Punjab,02/02/2022,regular
CUST03601,ANAYA RAO,anaya.rao3601@gmail.com,8808215081,Indore,Madhya Pradesh,2024/06/25,regular
CUST03602,Amelia Jones,,9252727936,Bhopal,Madhya Pradesh,2024/03/02,regular
CUST03603,Charlotte Smith,charlotte.smith3603@gmail.com,7327920358,Jaipur,Rajasthan,19-06-2022,regular
CUST03604,Mia Miller,mia.miller3604@yahoo.com,9371427752,Jaipur,Rajasthan,2022/07/16,Premium
CUST03605,ABIGAIL RAO,,7922101991,Kolkata,West Bengal,2022/03/30,Regular
CUST03606,William Johnson,william.johnson3606@mail.com,8339657911,patna,Bihar,22-05-2024,Regular
CUST03607,Arjun Rao,arjun.rao3607@mail.com,7622200939,LUCKNOW,Uttar Pradesh,12/05/2021,premium
CUST03608,Diya Patel,diya.patel3608@yahoo.com,6714642426,Jaipur,Rajasthan,02/10/2024,premium
CUST03609,aadhya smith,aadhya.smith3609@yahoo.com,7511852922,jaipur,Rajasthan,2022-02-23,VIP
CUST03610,Charlotte Smith,charlotte.smith3610@outlook.com,8512193809,Mumbai,Maharashtra,11 Jan 2022,New
CUST03611,EVELYN KUMAR,evelyn.kumar3611@yahoo.com,8255249604,Pune,Maharashtra,2022/08/12,VIP
CUST03612,Noah Brown,noah.brown3612@gmail.com,8137450872,Vadodara,Gujarat,07-01-2024,Premium
CUST03613,kabir anderson,kabir.anderson3613@mail.com,7457723307,Patna,Bihar,2024-12-14,premium
CUST03614,Aryan Miller,aryan.miller3614@mail.com,7674230456,Indore,Madhya Pradesh,2023-06-25,premium
CUST03615,VIHAAN BROWN,vihaan.brown3615@outlook.com,8234185656,Nashik,Maharashtra,24/04/2023,Premium
CUST03616,Sophia Miller,sophia.miller3616@outlook.com,8387952701,Ahmedabad,Gujarat,10 Nov 2024,Premium
CUST03617,Pari Singh,pari.singh3617@yahoo.com,8372199178,nagpur,Maharashtra,31/03/2023,premium
CUST03618,NOAH SMITH,noah.smith3618@outlook.com,7744909052,delhi,Delhi,16 Aug 2023,regular
CUST03619,AMELIA GARCIA,amelia.garcia3619@outlook.com,7924023213,Mumbai,Maharashtra,2023-09-03,Regular
CUST03620,OLIVIA ANDERSON,olivia.anderson3620@outlook.com,8213052291,Vadodara,Gujarat,09/02/2024,regular
CUST03621,DIYA VERMA,,8322032702,NAGPUR,Maharashtra,01/23/2024,VIP
CUST03622,michael iyer,michael.iyer3622@outlook.com,6731294830,pune,Maharashtra,2022/04/04,New
CUST03623,harper davis,harper.davis3623@outlook.com,9426234817,INDORE,Madhya Pradesh,03-06-2022,VIP
CUST03624,KABIR PATEL,kabir.patel3624@outlook.com,7116515216,Surat,Gujarat,2023-09-27,premium
CUST03625,Lucas Patel,lucas.patel3625@gmail.com,6620338829,Patna,Bihar,02/10/2022,Regular
CUST03626,Ira Williams,ira.williams3626@gmail.com,8161223038,PUNE,Maharashtra,14/06/2022,premium
CUST03627,Ishaan Singh,ishaan.singh3627@gmail.com,6859894731,kolkata,West Bengal,12/03/2023,Premium
CUST03628,Reyansh Singh,reyansh.singh3628@gmail.com,8667893828,Ludhiana,Punjab,02/11/2023,VIP
CUST03629,Abigail Davis,abigail.davis3629@yahoo.com,8137346857,Vadodara,Gujarat,2021-12-25,VIP
CUST03630,Evelyn Anderson,evelyn.anderson3630@gmail.com,9172200229,Nagpur,Maharashtra,2022/02/01,regular
CUST03631,Liam Iyer,liam.iyer3631@yahoo.com,8195727428,NAGPUR,Maharashtra,09 Jan 2023,Premium
CUST03632,Kiara Kumar,kiara.kumar3632@outlook.com,6772982132,bhopal,Madhya Pradesh,15-03-2024,Premium
CUST03633,Evelyn Singh,evelyn.singh3633@yahoo.com,8428323507,Nagpur,Maharashtra,09/11/2021,regular
CUST03634,Michael Williams,michael.williams3634@yahoo.com,7128980015,indore,Madhya Pradesh,2024-11-30,New
CUST03635,Isabella Wilson,isabella.wilson3635@gmail.com,9267657784,Ludhiana,Punjab,2021-09-19,Premium
CUST03636,Pari Miller,pari.miller3636@mail.com,9419244258,Hyderabad,Telangana,01/27/2023,Premium
CUST03637,Arjun Williams,arjun.williams3637@gmail.com,98721,Chennai,Tamil Nadu,,VIP
CUST03638,Michael Reddy,michael.reddy3638@gmail.com,6912465452,Bhopal,Madhya Pradesh,17 Jan 2023,VIP
CUST03639,CHARLOTTE MILLER,charlotte.miller3639@mail.com,8375875088,Vadodara,Gujarat,2023/03/15,premium
CUST03640,James Gupta,james.gupta3640@yahoo.com,6213398230,Agra,Uttar Pradesh,20 Nov 2024,regular
CUST03641,Noah Patel,noah.patel3641@outlook.com,9290597834,kanpur,Uttar Pradesh,2023-09-15,Regular
CUST03642,Liam Reddy,liam.reddy3642@yahoo.com,6640427595,vadodara,Gujarat,11/08/2021,Regular
CUST03643,william johnson,william.johnson3643@mail.com,6440303484,Chennai,Tamil Nadu,06-08-2021,New
CUST03644,Liam Davis,liam.davis3644@mail.com,6108325576,Agra,Uttar Pradesh,23-07-2023,Premium
CUST03645,Diya Williams,diya.williams3645@yahoo.com,7924932971,Ludhiana,Punjab,09/11/2021,Premium
CUST03646,Rohan Reddy,rohan.reddy3646@outlook.com,9274678565,Mumbai,Maharashtra,03/14/2023,New
CUST03647,Harper Johnson,harper.johnson3647@outlook.com,9464580753,Delhi,Delhi,2023-01-04,New
CUST03648,William Brown,william.brown3648@gmail.com,7710709719,Jaipur,Rajasthan,2022-08-21,regular
CUST03649,Amelia Davis,amelia.davis3649@yahoo.com,6160217360,Hyderabad,Telangana,2023/10/06,regular
CUST03650,Saanvi Garcia,saanvi.garcia3650@yahoo.com,7759874402,Nagpur,Maharashtra,2023-06-01,VIP
CUST03651,Liam Garcia,liam.garcia3651@gmail.com,7377195275,Ludhiana,Punjab,2022-07-05,VIP
CUST03652,harper iyer,harper.iyer3652@yahoo.com,7405916446,SURAT,Gujarat,26/01/2024,premium
CUST03653,Isabella Jones,isabella.jones3653@outlook.com,6885818414,Bengaluru,Karnataka,2022/01/24,New
CUST03654,James Sharma,james.sharma3654@mail.com,6649102500,Indore,Madhya Pradesh,2023-10-18,Regular
CUST03655,lucas singh,lucas.singh3655@mail.com,7904231944,Pune,Maharashtra,2021-07-19,VIP
CUST03656,Alexander Miller,alexander.miller3656@yahoo.com,8113452726,Agra,Uttar Pradesh,23/11/2024,VIP
CUST03657,olivia kumar,olivia.kumar3657@gmail.com,6437486646,Ludhiana,Punjab,15 Jun 2024,New
CUST03658,Ira Iyer,ira.iyer3658@gmail.com,7214192770,Kanpur,Uttar Pradesh,2024/01/25,regular
CUST03659,MIA REDDY,mia.reddy3659@gmail.com,6720746538,Patna,Bihar,2022-03-10,regular
CUST03660,Vivaan Kumar,vivaan.kumar3660@yahoo.com,6331514276,Bengaluru,Karnataka,31 Aug 2023,premium
CUST03661,HENRY JONES,henry.jones3661@mail.com,6493503031,Indore,Madhya Pradesh,2023-02-10,VIP
CUST03662,Liam Johnson,liam.johnson3662@yahoo.com,9780328060,NASHIK,Maharashtra,12/05/2023,premium
CUST03663,Myra Rao,myra.rao3663@outlook.com,9137407650,Nagpur,Maharashtra,06/23/2022,VIP
CUST03664,Saanvi Jones,saanvi.jones3664@yahoo.com,8507249738,Patna,Bihar,28-07-2022,Regular
CUST03665,James Wilson,james.wilson3665@gmail.com,9562278191,NASHIK,Maharashtra,21/12/2023,Premium
CUST03666,Evelyn Patel,evelyn.patel3666@outlook.com,9178280307,Ludhiana,Punjab,21/08/2022,premium
CUST03667,Riya Patel,,94770,Indore,Madhya Pradesh,29-08-2023,New
CUST03668,anaya smith,anaya.smith3668@outlook.com,6673342772,Lucknow,Uttar Pradesh,2024/12/02,Premium
CUST03669,VIVAAN WILLIAMS,vivaan.williams3669@outlook.com,6794398423,HYDERABAD,Telangana,13 Feb 2023,New
CUST03670,Aarav Reddy,,6887583524,BHOPAL,Madhya Pradesh,2022/06/04,Regular
CUST03671,AMELIA MILLER,amelia.miller3671@gmail.com,9958373867,Nagpur,Maharashtra,2022-04-01,Regular
CUST03672,Aditya Nair,aditya.nair3672@mail.com,6966026291,Nashik,Maharashtra,2024/06/23,Regular
CUST03673,James Johnson,james.johnson3673@gmail.com,6854303430,AHMEDABAD,Gujarat,2021-09-01,regular
CUST03674,,kiara.sharma3674@outlook.com,6991579667,Agra,Uttar Pradesh,29 Nov 2022,VIP
CUST03675,Pari Williams,pari.williams3675@gmail.com,8379247553,Surat,Gujarat,16/07/2021,premium
CUST03676,Ira Rao,ira.rao3676@outlook.com,6983365814,Indore,Madhya Pradesh,13-08-2023,Regular
CUST03677,Saanvi Iyer,,6969692861,Delhi,Delhi,17 Jul 2022,Premium
CUST03678,harper jones,harper.jones3678@yahoo.com,9845737255,Bengaluru,Karnataka,04-02-2022,regular
CUST03679,Vihaan Anderson,vihaan.anderson3679@gmail.com,9523757448,Patna,Bihar,,regular
CUST03680,ROHAN VERMA,rohan.verma3680@gmail.com,9928753741,Patna,Bihar,09/23/2022,Regular
CUST03681,JAMES MILLER,james.miller3681@yahoo.com,6460077300,PUNE,Maharashtra,2024/05/07,New
CUST03682,Evelyn Anderson,evelyn.anderson3682@yahoo.com,8841501877,Jaipur,Rajasthan,2022-12-06,Regular
CUST03683,HENRY SINGH,henry.singh3683@yahoo.com,6987924801,jaipur,Rajasthan,25 Jun 2024,VIP
CUST03684,Emma Wilson,emma.wilson3684@gmail.com,9953968035,Patna,Bihar,30/05/2022,New
CUST03685,Ananya Verma,ananya.verma3685@gmail.com,66511,Patna,Bihar,2022/01/28,Premium
CUST03686,Diya Kumar,diya.kumar3686@outlook.com,7598511860,Pune,Maharashtra,14-11-2023,New
CUST03687,Vivaan Miller,vivaan.miller3687@yahoo.com,87456,Jaipur,Rajasthan,13 Nov 2023,premium
CUST03688,Arjun Patel,arjun.patel3688@mail.com,8615527469,Indore,Madhya Pradesh,2021/11/08,VIP
CUST03689,Charlotte Verma,charlotte.verma3689@yahoo.com,9943709884,CHENNAI,Tamil Nadu,31-12-2021,Regular
CUST03690,Vivaan Wilson,vivaan.wilson3690@gmail.com,9998970538,Ludhiana,Punjab,19-11-2022,Regular
CUST03691,Arjun Davis,arjun.davis3691@yahoo.com,8185548592,Bhopal,Madhya Pradesh,03-04-2022,regular
CUST03692,Mia Patel,mia.patel3692@yahoo.com,9424967023,Pune,Maharashtra,2024-04-19,VIP
CUST03693,AARAV SHARMA,aarav.sharma3693@mail.com,6402495400,Bhopal,Madhya Pradesh,06 Jan 2024,premium
CUST03694,aryan johnson,aryan.johnson3694@yahoo.com,9302105588,Lucknow,Uttar Pradesh,03/08/2023,Regular
CUST03695,anaya nair,anaya.nair3695@outlook.com,7371388070,CHENNAI,Tamil Nadu,14/09/2022,Premium
CUST03696,Noah Johnson,,8780112941,Bhopal,Madhya Pradesh,28/12/2021,Regular
CUST03697,Kiara Patel,kiara.patel3697@outlook.com,6408612896,Nagpur,Maharashtra,07/07/2021,regular
CUST03698,Charlotte Miller,charlotte.miller3698@outlook.com,9899586504,INDORE,Madhya Pradesh,06/18/2024,Premium
CUST03699,Kabir Sharma,kabir.sharma3699@gmail.com,6374286720,surat,Gujarat,10/26/2023,regular
CUST03700,REYANSH JOHNSON,reyansh.johnson3700@gmail.com,96298,Jaipur,Rajasthan,05/01/2023,New
CUST03701,Ananya Iyer,ananya.iyer3701@gmail.com,9961973904,Mumbai,Maharashtra,04/02/2022,VIP
CUST03702,John Singh,john.singh3702@outlook.com,6228146158,Delhi,Delhi,07/08/2023,premium
CUST03703,charlotte reddy,charlotte.reddy3703@gmail.com,8465267536,agra,Uttar Pradesh,04-08-2024,Premium
CUST03704,alexander johnson,alexander.johnson3704@gmail.com,6897593021,jaipur,Rajasthan,22 Jul 2022,Premium
CUST03705,Michael Gupta,michael.gupta3705@mail.com,8805382407,Patna,Bihar,26 Feb 2024,Premium
CUST03706,Kabir Davis,kabir.davis3706@outlook.com,6877771826,Lucknow,Uttar Pradesh,15-10-2023,New
CUST03707,Saanvi Davis,saanvi.davis3707_at_outlook.com,7622850565,Nashik,Maharashtra,,New
CUST03708,SOPHIA DAVIS,sophia.davis3708@outlook.com,8526153795,MUMBAI,Maharashtra,2024/12/17,regular
CUST03709,CHARLOTTE SINGH,charlotte.singh3709@gmail.com,88826,Chennai,Tamil Nadu,08/27/2021,premium
CUST03710,EMMA JONES,emma.jones3710@yahoo.com,9538081177,BENGALURU,Karnataka,05-07-2024,VIP
CUST03711,ISABELLA NAIR,isabella.nair3711@gmail.com,9939646245,Bengaluru,Karnataka,04/28/2024,New
CUST03712,aditya iyer,aditya.iyer3712@gmail.com,6992747592,Nagpur,Maharashtra,16/09/2022,Premium
CUST03713,Aadhya Iyer,aadhya.iyer3713@mail.com,9973386470,Pune,Maharashtra,2023-05-03,Premium
CUST03714,henry kumar,henry.kumar3714@gmail.com,93661,LUCKNOW,Uttar Pradesh,2021-11-13,Regular
CUST03715,amelia patel,amelia.patel3715@outlook.com,6816978673,Lucknow,Uttar Pradesh,2023-07-27,Premium
CUST03716,Mia Wilson,mia.wilson3716@mail.com,7879667135,jaipur,Rajasthan,13/08/2023,New
CUST03717,Myra Miller,myra.miller3717@yahoo.com,9339151117,Jaipur,Rajasthan,05-01-2024,Regular
CUST03718,ANANYA JOHNSON,ananya.johnson3718@yahoo.com,9235016341,BENGALURU,Karnataka,2024-10-11,New
CUST03719,Michael Kumar,michael.kumar3719@gmail.com,9674862080,Surat,Gujarat,01/01/2022,New
CUST03720,Benjamin Verma,benjamin.verma3720@mail.com,8787455399,kolkata,West Bengal,04/01/2024,premium
CUST03721,John Johnson,john.johnson3721@outlook.com,8831258885,SURAT,Gujarat,01/09/2024,VIP
CUST03722,HENRY SHARMA,henry.sharma3722@gmail.com,8501066475,Kanpur,Uttar Pradesh,08/01/2022,New
CUST03723,Ira Verma,ira.verma3723@gmail.com,6459869193,ludhiana,Punjab,09/11/2022,VIP
CUST03724,JOHN WILLIAMS,john.williams3724@mail.com,6919310282,PUNE,Maharashtra,2023/02/02,Regular
CUST03725,Ananya Anderson,,94836,indore,Madhya Pradesh,2022-05-18,regular
CUST03726,Ishaan Jones,ishaan.jones3726@yahoo.com,7338878910,chennai,Tamil Nadu,2021-08-04,regular
CUST03727,harper johnson,harper.johnson3727@mail.com,8410109788,Pune,Maharashtra,12/15/2023,Premium
CUST03728,Charlotte Gupta,charlotte.gupta3728@yahoo.com,6600741130,Patna,Bihar,2024/05/02,regular
CUST03729,Saanvi Smith,saanvi.smith3729@outlook.com,7782261597,AGRA,Uttar Pradesh,13/05/2023,Regular
CUST03730,Vihaan Rao,vihaan.rao3730@yahoo.com,73526,Ludhiana,Punjab,2024-04-29,New
CUST03731,anaya gupta,anaya.gupta3731@outlook.com,9709646356,Nagpur,Maharashtra,2024/09/12,Premium
CUST03732,Vihaan Gupta,vihaan.gupta3732@outlook.com,9559591518,Lucknow,Uttar Pradesh,2024/05/16,New
CUST03733,Ananya Anderson,ananya.anderson3733@mail.com,7609074015,Vadodara,Gujarat,10/19/2021,regular
CUST03734,John Verma,john.verma3734@outlook.com,7430684891,Chennai,Tamil Nadu,2024/01/08,New
CUST03735,PARI SINGH,pari.singh3735@outlook.com,6718294424,Ludhiana,Punjab,0000-00-00,New
CUST03736,Michael Rao,michael.rao3736@gmail.com,75176,kanpur,Uttar Pradesh,04 Jul 2022,New
CUST03737,Isabella Reddy,isabella.reddy3737@outlook.com,9501353460,Patna,Bihar,22/12/2023,Premium
CUST03738,riya reddy,riya.reddy3738@mail.com,8186567475,KOLKATA,West Bengal,2021-11-13,premium
CUST03739,Kabir Verma,kabir.verma3739@yahoo.com,9136091415,Patna,Bihar,02 Aug 2024,regular
CUST03740,Harper Jones,harper.jones3740@gmail.com,6561567920,Vadodara,Gujarat,02/16/2023,Premium
CUST03741,ALEXANDER GARCIA,alexander.garcia3741@yahoo.com,8626541726,Surat,Gujarat,07/11/2024,premium
CUST03742,Ira Reddy,ira.reddy3742@yahoo.com,7613735836,Vadodara,Gujarat,01/13/2023,Premium
CUST03743,Olivia Davis,olivia.davis3743@gmail.com,8815276038,Vadodara,Gujarat,2023-01-12,regular
CUST03744,Aadhya Verma,aadhya.verma3744_at_yahoo.com,8507619835,Nagpur,Maharashtra,16/10/2021,Regular
CUST03745,Olivia Johnson,olivia.johnson3745@gmail.com,9986315157,Bhopal,Madhya Pradesh,07/26/2023,Regular
CUST03746,Ira Iyer,ira.iyer3746@mail.com,9988237240,BENGALURU,Karnataka,09-12-2021,Regular
CUST03747,Sophia Nair,sophia.nair3747@gmail.com,6377726931,vadodara,Gujarat,10/10/2024,New
CUST03748,Emma Reddy,emma.reddy3748@gmail.com,9107176014,Pune,Maharashtra,12/06/2023,Premium
CUST03749,MYRA MILLER,myra.miller3749@yahoo.com,7686989277,Bengaluru,Karnataka,2024-11-30,Regular
CUST03750,Saanvi Nair,saanvi.nair3750@yahoo.com,8582371267,MUMBAI,Maharashtra,2023/08/20,VIP
CUST03751,LIAM GARCIA,liam.garcia3751@mail.com,8885856382,Vadodara,Gujarat,23-01-2023,Premium
CUST03752,Charlotte Nair,charlotte.nair3752@yahoo.com,7159020531,Surat,Gujarat,2024/02/08,regular
CUST03753,Isabella Miller,isabella.miller3753@gmail.com,7915458801,Vadodara,Gujarat,2024-12-23,premium
CUST03754,William Iyer,william.iyer3754@yahoo.com,9429075392,Kanpur,Uttar Pradesh,21-06-2021,regular
CUST03755,Aditya Anderson,aditya.anderson3755@mail.com,8856304205,chennai,Tamil Nadu,2024-10-10,regular
CUST03756,Benjamin Iyer,benjamin.iyer3756@outlook.com,6324989582,Surat,Gujarat,08/08/2023,New
CUST03757,KIARA GUPTA,kiara.gupta3757_at_gmail.com,7236482279,Bengaluru,Karnataka,16 Dec 2024,regular
CUST03758,LUCAS GARCIA,lucas.garcia3758@gmail.com,65125,Ludhiana,Punjab,2022-06-04,Premium
CUST03759,Evelyn Smith,evelyn.smith3759@yahoo.com,7488261804,Kolkata,West Bengal,2021-11-25,VIP
CUST03760,reyansh reddy,reyansh.reddy3760@yahoo.com,6301886015,Hyderabad,Telangana,02/04/2023,Regular
CUST03761,PARI SMITH,pari.smith3761@outlook.com,9574155356,Pune,Maharashtra,16/07/2022,Regular
CUST03762,Mia Williams,mia.williams3762@outlook.com,7890988352,Indore,Madhya Pradesh,2023-08-24,New
CUST03763,Aryan Garcia,aryan.garcia3763@mail.com,8566189096,Hyderabad,Telangana,23-02-2024,Regular
CUST03764,Ananya Kumar,ananya.kumar3764@outlook.com,6858255040,Bengaluru,Karnataka,2023-08-11,New
CUST03765,Aarav Smith,,7879903567,MUMBAI,Maharashtra,11/05/2024,New
CUST03766,SOPHIA GUPTA,sophia.gupta3766@gmail.com,6453413235,Bengaluru,Karnataka,2022-09-21,Regular
CUST03767,Amelia Jones,amelia.jones3767@gmail.com,9553410560,BENGALURU,Karnataka,30 Oct 2023,New
CUST03768,isabella brown,isabella.brown3768@mail.com,7226967267,Ludhiana,Punjab,14/06/2022,Regular
CUST03769,Amelia Johnson,amelia.johnson3769@mail.com,9462030519,SURAT,Gujarat,02 Dec 2021,premium
CUST03770,harper smith,harper.smith3770@gmail.com,9186413609,Patna,Bihar,2024-06-14,VIP
CUST03771,John Gupta,john.gupta3771@outlook.com,6586202516,HYDERABAD,Telangana,03-08-2023,regular
CUST03772,Diya Rao,diya.rao3772@yahoo.com,6731157275,Bhopal,Madhya Pradesh,26 Dec 2021,Premium
CUST03773,mia sharma,mia.sharma3773@gmail.com,7473277490,Ahmedabad,Gujarat,2022-05-25,premium
CUST03774,Amelia Jones,amelia.jones3774@yahoo.com,7884342038,Delhi,Delhi,30-12-2022,Regular
CUST03775,Isabella Kumar,isabella.kumar3775@yahoo.com,7318014875,Chennai,Tamil Nadu,13/02/2022,Regular
CUST03776,Benjamin Kumar,benjamin.kumar3776@mail.com,9564383124,Kanpur,Uttar Pradesh,28 Dec 2022,regular
CUST03777,Vivaan Iyer,vivaan.iyer3777@mail.com,7502105465,DELHI,Delhi,04/17/2024,premium
CUST03778,Rohan Wilson,rohan.wilson3778@outlook.com,9398786390,INDORE,Madhya Pradesh,2024/03/10,Premium
CUST03779,reyansh wilson,reyansh.wilson3779@gmail.com,8585310576,Vadodara,Gujarat,,Regular
CUST03780,Amelia Garcia,amelia.garcia3780@yahoo.com,6102904265,Bhopal,Madhya Pradesh,15-02-2024,Regular
CUST03781,Ira Singh,ira.singh3781@outlook.com,8766401061,Ahmedabad,Gujarat,12/25/2021,Regular
CUST03782,ANAYA VERMA,anaya.verma3782@gmail.com,7983644524,Jaipur,Rajasthan,12-04-2022,VIP
CUST03783,noah gupta,noah.gupta3783@gmail.com,9590620755,LUDHIANA,Punjab,16/07/2024,premium
CUST03784,Ira Johnson,ira.johnson3784@gmail.com,8630505049,Nashik,Maharashtra,04 Jul 2024,premium
CUST03785,charlotte nair,charlotte.nair3785@outlook.com,8283314682,Ludhiana,Punjab,09/09/2023,New
CUST03786,Mia Patel,mia.patel3786@mail.com,7157381419,indore,Madhya Pradesh,2023-11-23,Regular
CUST03787,Isabella Verma,isabella.verma3787@gmail.com,9995382935,hyderabad,Telangana,0000-00-00,Regular
CUST03788,SOPHIA ANDERSON,sophia.anderson3788@yahoo.com,6702373661,chennai,Tamil Nadu,23/07/2021,Premium
CUST03789,Aditya Wilson,aditya.wilson3789@yahoo.com,7902129324,Surat,Gujarat,23 Jun 2021,premium
CUST03790,Riya Kumar,riya.kumar3790@mail.com,6285635357,BHOPAL,Madhya Pradesh,23 Mar 2022,VIP
CUST03791,ADITYA BROWN,aditya.brown3791@gmail.com,9326317102,Surat,Gujarat,2023/06/09,VIP
CUST03792,LIAM REDDY,liam.reddy3792@outlook.com,9372997149,Bengaluru,Karnataka,2022-01-04,New
CUST03793,isabella williams,isabella.williams3793@outlook.com,9631088757,Vadodara,Gujarat,2022/09/12,regular
CUST03794,Anaya Kumar,anaya.kumar3794@outlook.com,7814552611,Ahmedabad,Gujarat,2022-03-04,Premium
CUST03795,Riya Verma,riya.verma3795@gmail.com,7983081620,Hyderabad,Telangana,2022/12/11,Premium
CUST03796,Olivia Brown,olivia.brown3796@outlook.com,6185360829,DELHI,Delhi,16-12-2021,Premium
CUST03797,Charlotte Johnson,charlotte.johnson3797@mail.com,7534608902,Indore,Madhya Pradesh,01/10/2023,VIP
CUST03798,anaya wilson,anaya.wilson3798@gmail.com,9521981370,Jaipur,Rajasthan,09-07-2021,Premium
CUST03799,Anaya Johnson,anaya.johnson3799@yahoo.com,7874661375,AHMEDABAD,Gujarat,15/02/2022,New
CUST03800,Diya Smith,diya.smith3800@gmail.com,9920756876,Ludhiana,Punjab,07/13/2022,VIP
CUST03801,JOHN ANDERSON,john.anderson3801@gmail.com,6479487569,Bhopal,Madhya Pradesh,07 Sep 2024,Regular
CUST03802,Anaya Patel,anaya.patel3802@gmail.com,9733918650,Kolkata,West Bengal,08-04-2023,New
CUST03803,Pari Verma,pari.verma3803@yahoo.com,7288182419,Ahmedabad,Gujarat,,premium
CUST03804,Diya Gupta,diya.gupta3804@yahoo.com,9486414529,Agra,Uttar Pradesh,15/06/2023,regular
CUST03805,ANANYA NAIR,ananya.nair3805@gmail.com,6520286189,KOLKATA,West Bengal,2023/07/31,Regular
CUST03806,AARAV REDDY,aarav.reddy3806@yahoo.com,8845036505,ludhiana,Punjab,2022/07/29,VIP
CUST03807,KABIR MILLER,kabir.miller3807@yahoo.com,7178660658,Ludhiana,Punjab,17/02/2022,Regular
CUST03808,James Garcia,james.garcia3808@mail.com,9630024388,Mumbai,Maharashtra,04/06/2022,Regular
CUST03809,myra johnson,myra.johnson3809@outlook.com,6340147862,Hyderabad,Telangana,2022-04-21,Regular
CUST03810,Ananya Rao,ananya.rao3810@yahoo.com,6848546928,Nashik,Maharashtra,28-01-2022,Premium
CUST03811,AADHYA WILSON,aadhya.wilson3811@outlook.com,6102375000,SURAT,Gujarat,21/10/2023,premium
CUST03812,harper nair,harper.nair3812@outlook.com,8764732325,DELHI,Delhi,11-08-2021,VIP
CUST03813,Diya Johnson,diya.johnson3813@yahoo.com,6767750595,Bhopal,Madhya Pradesh,06/02/2023,Regular
CUST03814,william johnson,william.johnson3814@yahoo.com,8643598194,Nagpur,Maharashtra,12/12/2021,Premium
CUST03815,Charlotte Anderson,,8145002747,Nashik,Maharashtra,2021/10/19,VIP
CUST03816,John Williams,john.williams3816@yahoo.com,8205036623,kolkata,West Bengal,29 Oct 2024,premium
CUST03817,Myra Garcia,myra.garcia3817@mail.com,9817911008,Bengaluru,Karnataka,2023/01/24,Premium
CUST03818,ABIGAIL IYER,abigail.iyer3818@outlook.com,8649478294,Ahmedabad,Gujarat,06/09/2024,regular
CUST03819,abigail williams,abigail.williams3819@gmail.com,6402361293,BHOPAL,Madhya Pradesh,23-07-2021,VIP
CUST03820,Amelia Singh,amelia.singh3820@yahoo.com,8348881280,delhi,Delhi,24 Sep 2023,regular
CUST03821,AADHYA ANDERSON,aadhya.anderson3821@mail.com,6310812096,AHMEDABAD,Gujarat,29/09/2022,regular
CUST03822,NOAH MILLER,noah.miller3822@outlook.com,7550572588,Mumbai,Maharashtra,13 Jul 2022,premium
CUST03823,William Johnson,william.johnson3823@yahoo.com,7654297909,Chennai,Tamil Nadu,07/11/2024,premium
CUST03824,Rohan Jones,rohan.jones3824@mail.com,7748844944,HYDERABAD,Telangana,2024/12/13,premium
CUST03825,Ira Rao,ira.rao3825@mail.com,9682376722,SURAT,Gujarat,12/03/2023,Regular
CUST03826,Aarav Garcia,aarav.garcia3826@yahoo.com,6218397088,AHMEDABAD,Gujarat,2023/06/07,regular
CUST03827,Anaya Singh,anaya.singh3827@mail.com,9384147037,Nashik,Maharashtra,19 Dec 2021,Premium
CUST03828,Kabir Singh,kabir.singh3828@gmail.com,6428352625,Surat,Gujarat,2023/12/10,New
CUST03829,Emma Gupta,emma.gupta3829@yahoo.com,75925,Chennai,Tamil Nadu,14-07-2022,VIP
CUST03830,William Davis,william.davis3830@yahoo.com,9335144397,Kanpur,Uttar Pradesh,03 May 2024,Regular
CUST03831,benjamin anderson,benjamin.anderson3831@outlook.com,6780741648,Jaipur,Rajasthan,21 Jul 2023,Premium
CUST03832,ananya iyer,ananya.iyer3832@outlook.com,7932678937,Chennai,Tamil Nadu,2022-05-28,regular
CUST03833,Evelyn Garcia,evelyn.garcia3833@outlook.com,7405892471,Delhi,Delhi,04/04/2023,New
CUST03834,HENRY GUPTA,henry.gupta3834@yahoo.com,6580963785,Kanpur,Uttar Pradesh,2022/10/10,VIP
CUST03835,MYRA VERMA,myra.verma3835@gmail.com,7482319585,Patna,Bihar,2023/11/12,Premium
CUST03836,Sophia Brown,sophia.brown3836@yahoo.com,6782155216,patna,Bihar,19/12/2022,regular
CUST03837,Vihaan Iyer,vihaan.iyer3837@gmail.com,6817071928,Ahmedabad,Gujarat,2023/08/14,premium
CUST03838,Noah Nair,noah.nair3838@gmail.com,9670617099,indore,Madhya Pradesh,25 Apr 2023,regular
CUST03839,William Gupta,william.gupta3839@mail.com,61622,Surat,Gujarat,16 Dec 2021,Regular
CUST03840,amelia jones,amelia.jones3840@gmail.com,6192786227,JAIPUR,Rajasthan,2024-08-16,VIP
CUST03841,vihaan brown,vihaan.brown3841@outlook.com,9960977003,Patna,Bihar,09/11/2021,premium
CUST03842,Ishaan Gupta,ishaan.gupta3842@outlook.com,7295831575,Jaipur,Rajasthan,25 Dec 2024,Regular
CUST03843,ananya verma,ananya.verma3843@gmail.com,8132295866,PUNE,Maharashtra,10/14/2024,New
CUST03844,John Gupta,john.gupta3844@outlook.com,8382281165,Delhi,Delhi,07/16/2024,regular
CUST03845,Myra Miller,myra.miller3845@mail.com,9512362272,INDORE,Madhya Pradesh,10/01/2021,New
CUST03846,michael gupta,michael.gupta3846@gmail.com,7123618331,Hyderabad,Telangana,2023-02-06,premium
CUST03847,Amelia Wilson,amelia.wilson3847@yahoo.com,8893148083,Surat,Gujarat,19-11-2023,Regular
CUST03848,Reyansh Patel,reyansh.patel3848@yahoo.com,9248530915,Ludhiana,Punjab,17 Aug 2024,Premium
CUST03849,John Singh,john.singh3849@mail.com,6945956851,Lucknow,Uttar Pradesh,28 Sep 2023,Regular
CUST03850,Sophia Davis,sophia.davis3850@outlook.com,8186568783,Patna,Bihar,2024-08-20,premium
CUST03851,Kiara Anderson,kiara.anderson3851@outlook.com,7762274094,Bhopal,Madhya Pradesh,21 Jul 2024,New
CUST03852,Alexander Verma,alexander.verma3852@yahoo.com,6976763975,Hyderabad,Telangana,0000-00-00,premium
CUST03853,ARYAN GARCIA,aryan.garcia3853_at_mail.com,9645091621,INDORE,Madhya Pradesh,27 Nov 2024,Regular
CUST03854,Lucas Gupta,lucas.gupta3854@yahoo.com,9147187056,mumbai,Maharashtra,21/04/2024,premium
CUST03855,AADHYA KUMAR,aadhya.kumar3855@outlook.com,9704348659,lucknow,Uttar Pradesh,2021/11/17,Regular
CUST03856,Rohan Williams,rohan.williams3856@outlook.com,8176080708,kanpur,Uttar Pradesh,2021-12-13,New
CUST03857,aarav garcia,aarav.garcia3857@mail.com,9431035649,Bhopal,Madhya Pradesh,05/20/2022,Premium
CUST03858,Diya Patel,diya.patel3858@outlook.com,98754,Patna,Bihar,2022/07/31,Premium
CUST03859,Evelyn Anderson,evelyn.anderson3859@gmail.com,6365289341,mumbai,Maharashtra,05/29/2022,New
CUST03860,john wilson,john.wilson3860@yahoo.com,7222743137,kanpur,Uttar Pradesh,0000-00-00,premium
CUST03861,Anaya Brown,anaya.brown3861@mail.com,9211777441,Vadodara,Gujarat,2022-04-06,Regular
CUST03862,Aditya Smith,aditya.smith3862@outlook.com,69271,Ahmedabad,Gujarat,07/09/2023,Premium
CUST03863,james miller,james.miller3863@yahoo.com,7730898139,Mumbai,Maharashtra,06-03-2024,Regular
CUST03864,Charlotte Kumar,charlotte.kumar3864@yahoo.com,9267344031,Indore,Madhya Pradesh,18 Jun 2022,regular
CUST03865,Ananya Miller,ananya.miller3865@yahoo.com,9801930855,Chennai,Tamil Nadu,06/09/2023,regular
CUST03866,Aarav Williams,aarav.williams3866@outlook.com,8256287673,Bengaluru,Karnataka,27/09/2022,Premium
CUST03867,Liam Anderson,liam.anderson3867@outlook.com,7546997843,kanpur,Uttar Pradesh,2021-07-13,New
CUST03868,Ira Rao,ira.rao3868@gmail.com,6878219415,NAGPUR,Maharashtra,25-01-2023,Regular
CUST03869,Evelyn Sharma,evelyn.sharma3869@outlook.com,7956677312,Ahmedabad,Gujarat,2021-09-03,VIP
CUST03870,Noah Sharma,noah.sharma3870@outlook.com,8877837367,Agra,Uttar Pradesh,30 Dec 2021,premium
CUST03871,BENJAMIN KUMAR,benjamin.kumar3871@outlook.com,73523,Ludhiana,Punjab,12 Dec 2023,VIP
CUST03872,Sophia Jones,sophia.jones3872@yahoo.com,6166618393,Lucknow,Uttar Pradesh,27/08/2021,Regular
CUST03873,HENRY PATEL,henry.patel3873@outlook.com,6632943442,AGRA,Uttar Pradesh,26 May 2022,Regular
CUST03874,john kumar,john.kumar3874@mail.com,6605016290,Agra,Uttar Pradesh,2023/11/13,regular
CUST03875,Rohan Sharma,rohan.sharma3875@gmail.com,7378761767,Pune,Maharashtra,2022/09/06,Premium
CUST03876,James Reddy,james.reddy3876@outlook.com,9138118377,Pune,Maharashtra,08/10/2023,Premium
CUST03877,EMMA IYER,emma.iyer3877_at_yahoo.com,9678769578,Nagpur,Maharashtra,05/19/2022,New
CUST03878,ARJUN VERMA,arjun.verma3878@mail.com,9714917684,Vadodara,Gujarat,2021/11/01,VIP
CUST03879,LUCAS BROWN,lucas.brown3879@outlook.com,6930618156,KANPUR,Uttar Pradesh,07/20/2021,premium
CUST03880,vihaan iyer,vihaan.iyer3880@mail.com,6793797774,Lucknow,Uttar Pradesh,2021/10/27,New
CUST03881,Ishaan Davis,ishaan.davis3881@gmail.com,8171686247,nashik,Maharashtra,2022-10-19,Premium
CUST03882,Aditya Iyer,aditya.iyer3882@yahoo.com,6746474666,Kanpur,Uttar Pradesh,15/01/2024,Premium
CUST03883,Riya Gupta,riya.gupta3883@gmail.com,72480,Ahmedabad,Gujarat,07-05-2023,regular
CUST03884,Anaya Wilson,anaya.wilson3884@outlook.com,8125039417,vadodara,Gujarat,18-11-2022,premium
CUST03885,john rao,john.rao3885@outlook.com,7176333814,Pune,Maharashtra,26/08/2023,premium
CUST03886,ISABELLA GUPTA,isabella.gupta3886@yahoo.com,8111586044,HYDERABAD,Telangana,2024/12/23,Premium
CUST03887,charlotte kumar,charlotte.kumar3887@yahoo.com,6603986049,Nashik,Maharashtra,03-10-2021,regular
CUST03888,Olivia Singh,olivia.singh3888@yahoo.com,9654651018,AGRA,Uttar Pradesh,07/13/2024,Premium
CUST03889,Myra Iyer,myra.iyer3889@yahoo.com,9302124763,Nashik,Maharashtra,11/30/2021,premium
CUST03890,VIVAAN SINGH,vivaan.singh3890@gmail.com,8703324260,vadodara,Gujarat,12/02/2022,regular
CUST03891,Amelia Brown,amelia.brown3891@yahoo.com,7642764573,Mumbai,Maharashtra,06/27/2023,regular
CUST03892,evelyn brown,evelyn.brown3892@gmail.com,9291544417,indore,Madhya Pradesh,02/12/2022,New
CUST03893,AMELIA WILLIAMS,,8837006852,Mumbai,Maharashtra,08/04/2022,regular
CUST03894,Aryan Kumar,aryan.kumar3894@outlook.com,9423382548,Ludhiana,Punjab,09/07/2024,regular
CUST03895,Alexander Gupta,alexander.gupta3895@outlook.com,6547299366,Hyderabad,Telangana,26 Dec 2022,Regular
CUST03896,emma nair,emma.nair3896@outlook.com,8799991733,Indore,Madhya Pradesh,2022-07-09,Premium
CUST03897,Arjun Patel,arjun.patel3897@mail.com,6538067833,Surat,Gujarat,2023/03/03,premium
CUST03898,evelyn verma,evelyn.verma3898@outlook.com,9512474701,jaipur,Rajasthan,2021/07/14,Premium
CUST03899,Evelyn Brown,evelyn.brown3899@gmail.com,7477864090,Agra,Uttar Pradesh,26-06-2023,Regular
CUST03900,pari garcia,pari.garcia3900@outlook.com,6872990620,Ludhiana,Punjab,24/01/2022,VIP
CUST03901,Amelia Kumar,amelia.kumar3901@mail.com,97821,Vadodara,Gujarat,16-09-2024,premium
CUST03902,vihaan iyer,vihaan.iyer3902@mail.com,9599456373,indore,Madhya Pradesh,2023-11-28,New
CUST03903,Mia Verma,mia.verma3903@outlook.com,9846195258,Kolkata,West Bengal,12/08/2022,Premium
CUST03904,Aadhya Patel,aadhya.patel3904@mail.com,6851230396,Indore,Madhya Pradesh,16-09-2022,Regular
CUST03905,Vivaan Kumar,vivaan.kumar3905@mail.com,9231370400,Vadodara,Gujarat,01-04-2023,Premium
CUST03906,ADITYA JONES,aditya.jones3906@outlook.com,7549682120,Delhi,Delhi,2023-07-16,New
CUST03907,james williams,james.williams3907@yahoo.com,7149611047,Vadodara,Gujarat,2024/07/06,Regular
CUST03908,Anaya Gupta,anaya.gupta3908@gmail.com,8597324490,Kanpur,Uttar Pradesh,12 Jan 2022,Premium
CUST03909,Lucas Garcia,lucas.garcia3909@yahoo.com,7325405213,Jaipur,Rajasthan,17 Nov 2023,Premium
CUST03910,Amelia Williams,amelia.williams3910@yahoo.com,8999592584,Lucknow,Uttar Pradesh,01/14/2024,Regular
CUST03911,Anaya Jones,anaya.jones3911@yahoo.com,9574805986,PUNE,Maharashtra,09-07-2022,VIP
CUST03912,Emma Johnson,emma.johnson3912@outlook.com,8571302770,Agra,Uttar Pradesh,27/12/2023,VIP
CUST03913,anaya smith,anaya.smith3913@mail.com,8261971832,Agra,Uttar Pradesh,08/20/2021,VIP
CUST03914,Emma Nair,,8172840238,Nashik,Maharashtra,08/09/2024,VIP
CUST03915,Aarav Patel,aarav.patel3915@mail.com,6837817895,Kolkata,West Bengal,17 Sep 2024,regular
CUST03916,Diya Williams,diya.williams3916@gmail.com,6724458864,Delhi,Delhi,19 Aug 2024,VIP
CUST03917,vivaan miller,vivaan.miller3917@yahoo.com,9114145447,Kolkata,West Bengal,20-09-2023,Premium
CUST03918,Emma Kumar,emma.kumar3918@mail.com,7370850658,indore,Madhya Pradesh,2022/07/15,premium
CUST03919,Emma Sharma,emma.sharma3919@outlook.com,7637784638,Mumbai,Maharashtra,,regular
CUST03920,Rohan Garcia,rohan.garcia3920@yahoo.com,8810629493,hyderabad,Telangana,2023/02/11,Premium
CUST03921,Noah Verma,noah.verma3921@gmail.com,8808672471,Chennai,Tamil Nadu,2024/06/15,regular
CUST03922,Sophia Anderson,sophia.anderson3922@mail.com,7350933886,LUCKNOW,Uttar Pradesh,24-01-2022,Premium
CUST03923,John Wilson,,8261206484,Delhi,Delhi,2022-09-30,Premium
CUST03924,Diya Jones,diya.jones3924@gmail.com,9761511569,Jaipur,Rajasthan,14/04/2022,regular
CUST03925,ADITYA JONES,aditya.jones3925@yahoo.com,9140736208,Vadodara,Gujarat,15/03/2022,premium
CUST03926,evelyn gupta,evelyn.gupta3926@yahoo.com,9100156290,Lucknow,Uttar Pradesh,03/06/2024,Regular
CUST03927,william nair,william.nair3927@gmail.com,9646817534,Chennai,Tamil Nadu,24-01-2023,Regular
CUST03928,Henry Johnson,henry.johnson3928@gmail.com,8309058101,Chennai,Tamil Nadu,17-02-2022,Premium
CUST03929,lucas smith,lucas.smith3929@gmail.com,84403,Ahmedabad,Gujarat,05 Jan 2022,premium
CUST03930,Reyansh Verma,reyansh.verma3930@gmail.com,7340157768,Bengaluru,Karnataka,15/06/2021,New
CUST03931,Ananya Garcia,ananya.garcia3931@gmail.com,8782832527,Hyderabad,Telangana,03 Dec 2024,premium
CUST03932,mia anderson,mia.anderson3932@gmail.com,9738432785,Hyderabad,Telangana,2022/01/22,New
CUST03933,Isabella Jones,isabella.jones3933@gmail.com,9423889995,Ludhiana,Punjab,2024/05/18,Premium
CUST03934,Aryan Sharma,aryan.sharma3934@gmail.com,8857564302,Indore,Madhya Pradesh,08-07-2023,Premium
CUST03935,ROHAN JOHNSON,rohan.johnson3935@yahoo.com,7506663650,Bhopal,Madhya Pradesh,12/03/2024,premium
CUST03936,ARJUN KUMAR,arjun.kumar3936@mail.com,7963183877,Mumbai,Maharashtra,12/30/2021,Premium
CUST03937,Diya Iyer,diya.iyer3937@yahoo.com,69652,Kolkata,West Bengal,18 Jul 2021,VIP
CUST03938,Harper Brown,harper.brown3938@gmail.com,9864121671,ahmedabad,Gujarat,,regular
CUST03939,Sophia Patel,sophia.patel3939@mail.com,7443268477,HYDERABAD,Telangana,30/03/2023,VIP
CUST03940,Anaya Davis,,9411833731,Nashik,Maharashtra,01/07/2024,Premium
CUST03941,Aditya Smith,aditya.smith3941@mail.com,9619409430,HYDERABAD,Telangana,29-05-2022,VIP
CUST03942,Michael Iyer,michael.iyer3942@yahoo.com,9756547704,Indore,Madhya Pradesh,28-10-2024,VIP
CUST03943,Ananya Verma,ananya.verma3943@outlook.com,7529599674,nashik,Maharashtra,2024-05-22,Regular
CUST03944,Michael Brown,michael.brown3944@outlook.com,9726989249,Jaipur,Rajasthan,27/10/2022,regular
CUST03945,riya rao,,7400669179,Jaipur,Rajasthan,2024-10-31,Regular
CUST03946,Benjamin Wilson,benjamin.wilson3946@outlook.com,7241060555,Vadodara,Gujarat,2022/10/12,Premium
CUST03947,Mia Rao,mia.rao3947@yahoo.com,6896096140,Jaipur,Rajasthan,25 Nov 2024,New
CUST03948,Ira Jones,ira.jones3948@mail.com,6311781200,CHENNAI,Tamil Nadu,2024/04/16,premium
CUST03949,Henry Singh,henry.singh3949@outlook.com,7509248835,Hyderabad,Telangana,03/12/2021,VIP
CUST03950,Isabella Iyer,isabella.iyer3950@gmail.com,8317442923,delhi,Delhi,11/23/2021,New
CUST03951,Olivia Smith,olivia.smith3951@mail.com,7518651241,Bhopal,Madhya Pradesh,2022/08/20,New
CUST03952,Abigail Williams,abigail.williams3952@yahoo.com,6381373419,Nagpur,Maharashtra,2022/02/20,VIP
CUST03953,John Jones,john.jones3953@mail.com,8511073579,VADODARA,Gujarat,08/26/2023,Regular
CUST03954,James Jones,james.jones3954@mail.com,8401399928,indore,Madhya Pradesh,27 Apr 2022,Premium
CUST03955,Noah Smith,noah.smith3955@gmail.com,8633258931,SURAT,Gujarat,2023/12/11,VIP
CUST03956,kiara brown,kiara.brown3956@gmail.com,6613104434,Delhi,Delhi,2023-07-08,Premium
CUST03957,HARPER GUPTA,harper.gupta3957@mail.com,7432155939,Ludhiana,Punjab,2024-12-21,premium
CUST03958,Ira Williams,ira.williams3958@outlook.com,6106677930,Kanpur,Uttar Pradesh,2023-12-27,VIP
CUST03959,William Reddy,william.reddy3959@yahoo.com,6534586055,PATNA,Bihar,01/02/2022,regular
CUST03960,William Smith,william.smith3960@mail.com,9505726336,Delhi,Delhi,11-03-2024,Premium
CUST03961,Diya Brown,diya.brown3961@outlook.com,7593424113,Indore,Madhya Pradesh,06/07/2023,premium
CUST03962,James Nair,james.nair3962@gmail.com,9865983562,Ahmedabad,Gujarat,20/07/2022,New
CUST03963,EMMA JONES,emma.jones3963@yahoo.com,9588985651,Ludhiana,Punjab,2022/06/26,VIP
CUST03964,Evelyn Anderson,evelyn.anderson3964@outlook.com,9703369401,vadodara,Gujarat,19-07-2021,VIP
CUST03965,MICHAEL WILLIAMS,,8985535980,Delhi,Delhi,10 Jun 2024,New
CUST03966,Vihaan Williams,vihaan.williams3966@mail.com,7547420925,BENGALURU,Karnataka,23 Oct 2021,Regular
CUST03967,Evelyn Jones,evelyn.jones3967@outlook.com,9377629396,SURAT,Gujarat,12/15/2022,Regular
CUST03968,Ishaan Reddy,ishaan.reddy3968@gmail.com,7308112869,Indore,Madhya Pradesh,2021-12-12,premium
CUST03969,Noah Sharma,noah.sharma3969@gmail.com,7830083658,patna,Bihar,2023/06/22,regular
CUST03970,Saanvi Rao,saanvi.rao3970@yahoo.com,8678169847,Ahmedabad,Gujarat,09/01/2024,regular
CUST03971,ANAYA NAIR,anaya.nair3971@outlook.com,9467137679,BHOPAL,Madhya Pradesh,2022/08/03,premium
CUST03972,Rohan Williams,rohan.williams3972@gmail.com,6787283301,Surat,Gujarat,07/08/2023,premium
CUST03973,Michael Gupta,michael.gupta3973@yahoo.com,8992018569,Agra,Uttar Pradesh,23-11-2023,Premium
CUST03974,Diya Garcia,diya.garcia3974@outlook.com,6713225098,Lucknow,Uttar Pradesh,2023-12-18,Regular
CUST03975,emma verma,emma.verma3975@yahoo.com,6264887492,Kolkata,West Bengal,04/04/2023,VIP
CUST03976,kiara johnson,kiara.johnson3976@mail.com,9446491799,Nashik,Maharashtra,2022-03-05,Regular
CUST03977,Ananya Davis,ananya.davis3977@mail.com,6135679916,Jaipur,Rajasthan,12-07-2023,VIP
CUST03978,Vihaan Miller,vihaan.miller3978@mail.com,61318,Agra,Uttar Pradesh,13/08/2023,Regular
CUST03979,John Wilson,john.wilson3979@yahoo.com,6176245473,Hyderabad,Telangana,27-06-2023,premium
CUST03980,JAMES PATEL,james.patel3980@gmail.com,8835713681,Bengaluru,Karnataka,06/18/2022,Premium
CUST03981,NOAH RAO,noah.rao3981@mail.com,9541386773,Delhi,Delhi,24/07/2022,New
CUST03982,Aditya Williams,aditya.williams3982@yahoo.com,9394798872,Ludhiana,Punjab,22 Apr 2023,Regular
CUST03983,Aadhya Wilson,aadhya.wilson3983@yahoo.com,7947900368,Nagpur,Maharashtra,25-03-2024,regular
CUST03984,ANAYA WILLIAMS,anaya.williams3984@mail.com,6889855899,AHMEDABAD,Gujarat,11/27/2024,Premium
CUST03985,Aarav Iyer,aarav.iyer3985@mail.com,6388571439,lucknow,Uttar Pradesh,2021/07/19,regular
CUST03986,riya nair,riya.nair3986@outlook.com,8494302441,LUDHIANA,Punjab,21 Feb 2024,premium
CUST03987,Lucas Verma,lucas.verma3987@outlook.com,6960181506,JAIPUR,Rajasthan,2024-04-26,regular
CUST03988,Isabella Verma,isabella.verma3988@gmail.com,8715780807,Agra,Uttar Pradesh,07/20/2024,New
CUST03989,Vivaan Nair,vivaan.nair3989@yahoo.com,8746693771,Lucknow,Uttar Pradesh,2023/02/02,premium
CUST03990,Ira Reddy,ira.reddy3990@yahoo.com,9885095000,Indore,Madhya Pradesh,2022-10-01,New
CUST03991,William Miller,william.miller3991@gmail.com,6799998033,Ludhiana,Punjab,19/10/2021,New
CUST03992,Rohan Wilson,rohan.wilson3992@yahoo.com,7723133739,Ludhiana,Punjab,28-06-2021,regular
CUST03993,Noah Wilson,noah.wilson3993@yahoo.com,7659697645,Nagpur,Maharashtra,05/16/2024,VIP
CUST03994,Pari Patel,pari.patel3994@mail.com,7211365711,Ludhiana,Punjab,2023/12/28,New
CUST03995,John Williams,john.williams3995@mail.com,8396975372,Delhi,Delhi,2022/06/19,New
CUST03996,lucas brown,lucas.brown3996@outlook.com,6549990410,KOLKATA,West Bengal,2023-11-05,Regular
CUST03997,Saanvi Nair,saanvi.nair3997@outlook.com,7618073432,VADODARA,Gujarat,2023/02/16,New
CUST03998,Alexander Anderson,alexander.anderson3998@mail.com,6896658992,Ahmedabad,Gujarat,10-06-2024,regular
CUST03999,Vivaan Johnson,vivaan.johnson3999_at_mail.com,8841100092,mumbai,Maharashtra,01/02/2023,VIP
CUST04000,,ananya.kumar4000@outlook.com,6438909673,Hyderabad,Telangana,2022/01/11,VIP
CUST03627,Ishaan Singh,ishaan.singh3627@gmail.com,6859894731,kolkata,West Bengal,12/03/2023,Premium
CUST03311,William Johnson,william.johnson3311@outlook.com,7186213447,Nashik,Maharashtra,12/16/2024,premium
CUST01143,Michael Reddy,michael.reddy1143@gmail.com,6559462927,Indore,Madhya Pradesh,2023/05/12,Regular
CUST01768,Aarav Miller,aarav.miller1768@mail.com,7232610028,indore,Madhya Pradesh,19-11-2021,Regular
CUST02646,Benjamin Wilson,,7308000593,Ahmedabad,Gujarat,10/22/2023,Regular
CUST03757,KIARA GUPTA,kiara.gupta3757_at_gmail.com,7236482279,Bengaluru,Karnataka,16 Dec 2024,regular
CUST03088,Ishaan Johnson,ishaan.johnson3088@yahoo.com,7687499649,BENGALURU,Karnataka,2023/11/04,Regular
CUST01106,reyansh gupta,reyansh.gupta1106_at_mail.com,99285,Surat,Gujarat,05/11/2022,Regular
CUST03853,ARYAN GARCIA,aryan.garcia3853_at_mail.com,9645091621,INDORE,Madhya Pradesh,27 Nov 2024,Regular
CUST00603,riya verma,riya.verma603@mail.com,8992189756,Lucknow,Uttar Pradesh,26 Nov 2023,Premium
CUST01534,AADHYA IYER,aadhya.iyer1534@mail.com,6741134027,AHMEDABAD,Gujarat,2023-02-06,VIP
CUST01708,Kabir Smith,kabir.smith1708@outlook.com,6825771480,Chennai,Tamil Nadu,10 Oct 2023,Regular
CUST00251,Kabir Jones,kabir.jones251@yahoo.com,6100531633,indore,Madhya Pradesh,28 Oct 2024,New
CUST03217,Evelyn Iyer,evelyn.iyer3217@gmail.com,9253801519,Chennai,Tamil Nadu,2021/11/13,New
CUST00694,ROHAN DAVIS,rohan.davis694@gmail.com,7719843588,Kolkata,West Bengal,2021-07-05,premium
CUST02915,evelyn smith,evelyn.smith2915@gmail.com,9986113192,vadodara,Gujarat,2024/09/26,regular
CUST03796,Olivia Brown,olivia.brown3796@outlook.com,6185360829,DELHI,Delhi,16-12-2021,Premium
CUST02928,william reddy,william.reddy2928@yahoo.com,9806156451,Patna,Bihar,30 May 2022,New
CUST01523,ananya brown,ananya.brown1523@gmail.com,8256033604,Bhopal,Madhya Pradesh,2023-12-12,premium
CUST00884,LIAM KUMAR,liam.kumar884@mail.com,8602455623,Indore,Madhya Pradesh,2022-01-17,VIP
CUST02623,Saanvi Williams,saanvi.williams2623@yahoo.com,6792418863,NASHIK,Maharashtra,09-04-2023,New
CUST03417,Henry Nair,henry.nair3417@yahoo.com,6229501297,indore,Madhya Pradesh,11/13/2024,regular
CUST00624,alexander garcia,alexander.garcia624@mail.com,6861665879,Hyderabad,Telangana,2024-05-04,regular
CUST02694,ISABELLA VERMA,isabella.verma2694@mail.com,8972486399,Delhi,Delhi,2022/01/04,premium
CUST00199,Ananya Sharma,ananya.sharma199@yahoo.com,9729415010,HYDERABAD,Telangana,0000-00-00,New
