order_item_id,order_id,product_id,quantity,discount_pct
OI0000001,ORD000001,PROD00419,5.0,0
OI0000002,ORD000002,PROD00090,10.0,0
OI0000003,ORD000002,PROD00503,10.0,0
OI0000004,ORD000002,PROD00018,5.0,0
OI0000005,ORD000002,PROD00591,5.0,20
OI0000006,ORD000003,PROD00192,3.0,15
OI0000007,ORD000004,PROD00563,-1.0,15
OI0000008,ORD000004,PROD00442,-1.0,5
OI0000009,ORD000004,PROD00594,2.0,20
OI0000010,ORD000005,PROD00271,2.0,0
OI0000011,ORD000006,PROD00253,10.0,15
OI0000012,ORD000007,PROD00342,1.0,15
OI0000013,ORD000008,PROD00531,2.0,10
OI0000014,ORD000008,PROD9334,2.0,0
OI0000015,ORD000008,PROD00564,4.0,10
OI0000016,ORD000009,PROD00367,-1.0,25
OI0000017,ORD000009,PROD00052,2.0,15
OI0000018,ORD000009,PROD00404,3.0,0
OI0000019,ORD000010,PROD00250,-1.0,15
OI0000020,ORD000010,PROD00338,2.0,15
OI0000021,ORD000011,PROD00522,5.0,25
OI0000022,ORD000012,PROD00427,1.0,0
OI0000023,ORD000012,PROD00350,1.0,20
OI0000024,ORD000013,PROD00269,5.0,20
OI0000025,ORD000013,PROD00316,2.0,20
OI0000026,ORD000014,PROD00348,500.0,15
OI0000027,ORD000015,PROD00557,3.0,0
OI0000028,ORD000016,PROD00489,4.0,20
OI0000029,ORD000017,PROD00367,10.0,15
OI0000030,ORD000017,PROD00112,2.0,0
OI0000031,ORD000017,PROD00424,10.0,0
OI0000032,ORD000018,PROD00044,1.0,20
OI0000033,ORD000018,PROD00530,3.0,5
OI0000034,ORD000019,PROD00460,4.0,0
OI0000035,ORD000019,PROD00246,2.0,0
OI0000036,ORD000019,PROD00077,2.0,0
OI0000037,ORD000019,PROD00461,1.0,0
OI0000038,ORD000020,PROD00070,2.0,0
OI0000039,ORD000021,PROD00257,2.0,0
OI0000040,ORD000021,PROD00190,2.0,0
OI0000041,ORD000021,PROD00262,1.0,20
OI0000042,ORD000021,PROD00576,-1.0,0
OI0000043,ORD000022,PROD00364,2.0,10
OI0000044,ORD000023,PROD00448,-1.0,15
OI0000045,ORD000023,PROD00435,1.0,20
OI0000046,ORD000024,PROD00530,10.0,10
OI0000047,ORD000024,PROD00385,10.0,0
OI0000048,ORD000024,PROD00420,5.0,0
OI0000049,ORD000024,PROD00152,5.0,5
OI0000050,ORD000025,PROD00499,2.0,20
OI0000051,ORD000025,PROD00396,1.0,0
OI0000052,ORD000026,PROD00040,10.0,10
OI0000053,ORD000027,PROD00464,2.0,10
OI0000054,ORD000028,PROD00097,4.0,25
OI0000055,ORD000029,PROD00110,2.0,20
OI0000056,ORD000030,PROD00388,1.0,20
OI0000057,ORD000030,PROD00515,-1.0,0
OI0000058,ORD000030,PROD00263,1.0,5
OI0000059,ORD000031,PROD00048,1.0,5
OI0000060,ORD000031,PROD00461,2.0,5
OI0000061,ORD000032,PROD00288,2.0,20
OI0000062,ORD000032,PROD00464,1.0,25
OI0000063,ORD000033,PROD00279,2.0,0
OI0000064,ORD000033,PROD00370,2.0,15
OI0000065,ORD000034,PROD9761,-1.0,0
OI0000066,ORD000034,PROD00030,-1.0,25
OI0000067,ORD000035,PROD00115,1.0,10
OI0000068,ORD000035,PROD00355,5.0,5
OI0000069,ORD000035,PROD00369,5.0,0
OI0000070,ORD000035,PROD00258,2.0,0
OI0000071,ORD000036,PROD00204,1.0,10
OI0000072,ORD000037,PROD00569,2.0,10
OI0000073,ORD000037,PROD00508,10.0,10
OI0000074,ORD000037,PROD00365,1.0,0
OI0000075,ORD000038,PROD00332,-1.0,0
OI0000076,ORD000038,PROD00174,1.0,0
OI0000077,ORD000038,PROD00471,4.0,15
OI0000078,ORD000038,PROD00427,3.0,15
OI0000079,ORD000039,PROD00127,10.0,0
OI0000080,ORD000039,PROD00519,5.0,15
OI0000081,ORD000040,PROD00515,1.0,5
OI0000082,ORD000040,PROD00398,2.0,10
OI0000083,ORD000040,PROD00466,2.0,0
OI0000084,ORD000041,PROD00574,1.0,25
OI0000085,ORD000042,PROD00492,4.0,0
OI0000086,ORD000042,PROD00247,5.0,10
OI0000087,ORD000042,PROD00133,5.0,25
OI0000088,ORD000042,PROD00577,4.0,20
OI0000089,ORD000043,PROD00157,2.0,0
OI0000090,ORD000043,PROD00287,2.0,0
OI0000091,ORD000044,PROD00275,2.0,0
OI0000092,ORD000044,PROD00549,-1.0,10
OI0000093,ORD000044,PROD00286,1.0,5
OI0000094,ORD000045,PROD00504,4.0,15
OI0000095,ORD000046,PROD00043,2.0,5
OI0000096,ORD000046,PROD00263,4.0,0
OI0000097,ORD000046,PROD00422,4.0,20
OI0000098,ORD000046,PROD00563,1.0,15
OI0000099,ORD000047,PROD00110,1.0,15
OI0000100,ORD000047,PROD00472,5.0,15
OI0000101,ORD000047,PROD00052,1.0,0
OI0000102,ORD000048,PROD00062,2.0,0
OI0000103,ORD000048,PROD00227,1.0,0
OI0000104,ORD000049,PROD00495,2.0,10
OI0000105,ORD000049,PROD00385,2.0,0
OI0000106,ORD000050,PROD00135,1.0,20
OI0000107,ORD000050,PROD00552,-1.0,20
OI0000108,ORD000050,PROD00267,-1.0,0
OI0000109,ORD000051,PROD00157,1.0,5
OI0000110,ORD000051,PROD00137,2.0,0
OI0000111,ORD000051,PROD00600,3.0,15
OI0000112,ORD000051,PROD00364,2.0,10
OI0000113,ORD000052,PROD00500,-1.0,15
OI0000114,ORD000053,PROD00042,10.0,20
OI0000115,ORD000054,PROD00120,1.0,0
OI0000116,ORD000054,PROD00581,4.0,0
OI0000117,ORD000055,PROD00021,-1.0,0
OI0000118,ORD000056,PROD00557,-1.0,25
OI0000119,ORD000056,PROD00462,5.0,0
OI0000120,ORD000056,PROD00425,1.0,0
OI0000121,ORD000057,PROD00253,4.0,15
OI0000122,ORD000057,PROD00358,2.0,25
OI0000123,ORD000058,PROD00137,10.0,20
OI0000124,ORD000059,PROD00358,1.0,0
OI0000125,ORD000059,PROD00569,10.0,10
OI0000126,ORD000059,PROD00322,1.0,20
OI0000127,ORD000060,PROD00533,4.0,25
OI0000128,ORD000061,PROD00499,-1.0,15
OI0000129,ORD000061,PROD00373,4.0,15
OI0000130,ORD000062,PROD00539,1.0,20
OI0000131,ORD000063,PROD00218,2.0,5
OI0000132,ORD000064,PROD00566,3.0,0
OI0000133,ORD000064,PROD00328,-1.0,5
OI0000134,ORD000064,PROD00297,2.0,20
OI0000135,ORD000064,PROD00046,5.0,20
OI0000136,ORD000065,PROD00047,1.0,20
OI0000137,ORD000066,PROD00426,2.0,0
OI0000138,ORD000066,PROD00307,10.0,0
OI0000139,ORD000066,PROD00549,10.0,0
OI0000140,ORD000067,PROD00243,4.0,5
OI0000141,ORD000067,PROD00423,10.0,0
OI0000142,ORD000068,PROD00235,4.0,0
OI0000143,ORD000069,PROD00109,1.0,0
OI0000144,ORD000069,PROD00344,10.0,10
OI0000145,ORD000070,PROD00470,4.0,20
OI0000146,ORD000070,PROD00591,10.0,25
OI0000147,ORD000071,PROD00568,1.0,0
OI0000148,ORD000071,PROD00352,4.0,0
OI0000149,ORD000071,PROD00208,3.0,10
OI0000150,ORD000072,PROD00405,-1.0,5
OI0000151,ORD000072,PROD00456,2.0,15
OI0000152,ORD000073,PROD00482,4.0,5
OI0000153,ORD000073,PROD00246,10.0,0
OI0000154,ORD000074,PROD9021,1.0,0
OI0000155,ORD000074,PROD00284,1.0,0
OI0000156,ORD000075,PROD00486,1.0,5
OI0000157,ORD000076,PROD00299,4.0,5
OI0000158,ORD000076,PROD00226,3.0,0
OI0000159,ORD000077,PROD00073,2.0,5
OI0000160,ORD000077,PROD00525,1.0,0
OI0000161,ORD000078,PROD00009,1.0,10
OI0000162,ORD000079,PROD00173,4.0,0
OI0000163,ORD000080,PROD00061,1.0,25
OI0000164,ORD000081,PROD00485,3.0,25
OI0000165,ORD000082,PROD00200,4.0,25
OI0000166,ORD000083,PROD00500,2.0,0
OI0000167,ORD000083,PROD00539,4.0,0
OI0000168,ORD000083,PROD00012,-1.0,25
OI0000169,ORD000084,PROD00020,5.0,25
OI0000170,ORD000085,PROD00382,1.0,5
OI0000171,ORD000086,PROD00324,5.0,25
OI0000172,ORD000087,PROD00189,2.0,10
OI0000173,ORD000088,PROD00124,1.0,0
OI0000174,ORD000088,PROD00257,5.0,15
OI0000175,ORD000089,PROD00049,10.0,5
OI0000176,ORD000090,PROD00262,-1.0,10
OI0000177,ORD000090,PROD00162,3.0,25
OI0000178,ORD000090,PROD00193,1.0,5
OI0000179,ORD000090,PROD00398,1.0,0
OI0000180,ORD000091,PROD00073,1.0,10
OI0000181,ORD000092,PROD00243,1.0,0
OI0000182,ORD000093,PROD00142,2.0,0
OI0000183,ORD000094,PROD00159,5.0,0
OI0000184,ORD000094,PROD00091,5.0,0
OI0000185,ORD000094,PROD00132,2.0,15
OI0000186,ORD000094,PROD00330,10.0,15
OI0000187,ORD000095,PROD00562,2.0,25
OI0000188,ORD000095,PROD00252,5.0,20
OI0000189,ORD000095,PROD00023,4.0,0
OI0000190,ORD000096,PROD00112,1.0,15
OI0000191,ORD000097,PROD00020,-1.0,0
OI0000192,ORD000097,PROD00215,4.0,15
OI0000193,ORD000098,PROD00422,1.0,0
OI0000194,ORD000098,PROD00526,3.0,0
OI0000195,ORD000098,PROD00235,5.0,0
OI0000196,ORD000098,PROD00416,5.0,0
OI0000197,ORD000099,PROD00479,1.0,0
OI0000198,ORD000100,PROD00330,10.0,10
OI0000199,ORD000101,PROD00519,2.0,0
OI0000200,ORD000101,PROD00174,1.0,0
OI0000201,ORD000101,PROD00066,2.0,0
OI0000202,ORD000101,PROD00372,1.0,15
OI0000203,ORD000102,PROD00528,2.0,20
OI0000204,ORD000102,PROD00024,10.0,5
OI0000205,ORD000102,PROD00495,2.0,0
OI0000206,ORD000102,PROD00179,5.0,0
OI0000207,ORD000103,PROD00315,2.0,20
OI0000208,ORD000103,PROD00217,2.0,10
OI0000209,ORD000104,PROD00349,2.0,10
OI0000210,ORD000104,PROD00229,1.0,15
OI0000211,ORD000105,PROD00391,3.0,0
OI0000212,ORD000105,PROD00356,-1.0,10
OI0000213,ORD000106,PROD00179,4.0,10
OI0000214,ORD000106,PROD00533,1.0,0
OI0000215,ORD000106,PROD00221,3.0,25
OI0000216,ORD000107,PROD00520,1.0,25
OI0000217,ORD000108,PROD00171,1.0,20
OI0000218,ORD000108,PROD00250,3.0,0
OI0000219,ORD000109,PROD00535,1.0,0
OI0000220,ORD000109,PROD00521,4.0,20
OI0000221,ORD000109,PROD00424,1.0,25
OI0000222,ORD000109,PROD00544,5.0,0
OI0000223,ORD000110,PROD00081,1.0,0
OI0000224,ORD000110,PROD00499,1.0,10
OI0000225,ORD000110,PROD00213,1.0,0
OI0000226,ORD000111,PROD00462,1.0,25
OI0000227,ORD000111,PROD00204,1.0,20
OI0000228,ORD000111,PROD00450,1.0,20
OI0000229,ORD000112,PROD00084,10.0,20
OI0000230,ORD000112,PROD00195,3.0,0
OI0000231,ORD000113,PROD00139,1.0,0
OI0000232,ORD000113,PROD00244,-1.0,10
OI0000233,ORD000113,PROD00581,1.0,20
OI0000234,ORD000113,PROD00173,5.0,15
OI0000235,ORD000114,PROD00309,1.0,5
OI0000236,ORD000115,PROD00581,4.0,25
OI0000237,ORD000116,PROD00318,500.0,0
OI0000238,ORD000116,PROD00570,2.0,10
OI0000239,ORD000117,PROD00079,10.0,20
OI0000240,ORD000117,PROD00157,1.0,5
OI0000241,ORD000117,PROD00592,-1.0,0
OI0000242,ORD000118,PROD00210,1.0,0
OI0000243,ORD000119,PROD00574,1.0,0
OI0000244,ORD000119,PROD00296,1.0,0
OI0000245,ORD000119,PROD00046,1.0,20
OI0000246,ORD000120,PROD00207,5.0,10
OI0000247,ORD000121,PROD00271,2.0,20
OI0000248,ORD000121,PROD00325,10.0,15
OI0000249,ORD000121,PROD00094,10.0,25
OI0000250,ORD000121,PROD00413,3.0,20
OI0000251,ORD000122,PROD00263,4.0,5
OI0000252,ORD000123,PROD00599,2.0,15
OI0000253,ORD000124,PROD00105,1.0,10
OI0000254,ORD000125,PROD00581,5.0,5
OI0000255,ORD000125,PROD00194,5.0,10
OI0000256,ORD000126,PROD00163,1.0,20
OI0000257,ORD000127,PROD00215,-1.0,5
OI0000258,ORD000127,PROD00223,1.0,25
OI0000259,ORD000128,PROD00225,2.0,5
OI0000260,ORD000128,PROD00473,1.0,20
OI0000261,ORD000129,PROD00041,2.0,10
OI0000262,ORD000129,PROD00155,4.0,10
OI0000263,ORD000130,PROD00072,1.0,0
OI0000264,ORD000131,PROD00246,10.0,25
OI0000265,ORD000131,PROD00583,4.0,15
OI0000266,ORD000132,PROD00490,1.0,15
OI0000267,ORD000132,PROD00207,1.0,15
OI0000268,ORD000133,PROD9657,10.0,5
OI0000269,ORD000134,PROD00409,-1.0,10
OI0000270,ORD000135,PROD00516,2.0,0
OI0000271,ORD000136,PROD00076,2.0,5
OI0000272,ORD000137,PROD00302,2.0,15
OI0000273,ORD000137,PROD00080,2.0,25
OI0000274,ORD000137,PROD00265,2.0,5
OI0000275,ORD000138,PROD00057,1.0,0
OI0000276,ORD000139,PROD00244,5.0,25
OI0000277,ORD000139,PROD00070,3.0,25
OI0000278,ORD000139,PROD00139,3.0,25
OI0000279,ORD000139,PROD00435,1.0,20
OI0000280,ORD000140,PROD00074,1.0,5
OI0000281,ORD000141,PROD00278,5.0,0
OI0000282,ORD000142,PROD00085,4.0,5
OI0000283,ORD000142,PROD00467,2.0,0
OI0000284,ORD000142,PROD00450,1.0,5
OI0000285,ORD000142,PROD00079,3.0,0
OI0000286,ORD000143,PROD00448,1.0,15
OI0000287,ORD000144,PROD00020,1.0,20
OI0000288,ORD000145,PROD00258,10.0,20
OI0000289,ORD000146,PROD00077,1.0,5
OI0000290,ORD000146,PROD00599,1.0,15
OI0000291,ORD000146,PROD00562,1.0,5
OI0000292,ORD000147,PROD00272,2.0,0
OI0000293,ORD000147,PROD00203,3.0,0
OI0000294,ORD000147,PROD00247,-1.0,15
OI0000295,ORD000147,PROD00004,3.0,10
OI0000296,ORD000148,PROD00335,2.0,20
OI0000297,ORD000149,PROD00530,1.0,0
OI0000298,ORD000149,PROD00505,1.0,20
OI0000299,ORD000149,PROD00403,4.0,0
OI0000300,ORD000149,PROD9532,2.0,0
OI0000301,ORD000150,PROD00162,2.0,5
OI0000302,ORD000151,PROD00542,3.0,0
OI0000303,ORD000151,PROD00101,1.0,15
OI0000304,ORD000152,PROD00132,2.0,0
OI0000305,ORD000153,PROD00342,3.0,25
OI0000306,ORD000154,PROD00321,10.0,10
OI0000307,ORD000154,PROD00263,1.0,10
OI0000308,ORD000154,PROD00579,1.0,0
OI0000309,ORD000155,PROD00115,4.0,0
OI0000310,ORD000155,PROD00118,2.0,15
OI0000311,ORD000155,PROD00454,10.0,10
OI0000312,ORD000156,PROD00398,3.0,0
OI0000313,ORD000156,PROD00147,1.0,0
OI0000314,ORD000157,PROD00406,1.0,0
OI0000315,ORD000157,PROD00300,5.0,25
OI0000316,ORD000157,PROD00559,1.0,25
OI0000317,ORD000157,PROD00211,3.0,10
OI0000318,ORD000158,PROD00408,1.0,0
OI0000319,ORD000158,PROD00060,5.0,25
OI0000320,ORD000158,PROD00522,2.0,0
OI0000321,ORD000158,PROD00218,2.0,5
OI0000322,ORD000159,PROD00441,4.0,25
OI0000323,ORD000159,PROD00195,2.0,0
OI0000324,ORD000159,PROD00421,4.0,20
OI0000325,ORD000160,PROD00247,3.0,15
OI0000326,ORD000161,PROD00444,2.0,20
OI0000327,ORD000162,PROD00013,2.0,25
OI0000328,ORD000162,PROD00076,3.0,15
OI0000329,ORD000162,PROD00122,4.0,0
OI0000330,ORD000163,PROD00471,1.0,0
OI0000331,ORD000163,PROD00245,5.0,15
OI0000332,ORD000164,PROD00357,4.0,15
OI0000333,ORD000165,PROD00413,2.0,5
OI0000334,ORD000165,PROD00563,5.0,15
OI0000335,ORD000166,PROD00358,1.0,25
OI0000336,ORD000166,PROD00144,4.0,0
OI0000337,ORD000167,PROD00520,2.0,25
OI0000338,ORD000168,PROD00520,3.0,0
OI0000339,ORD000168,PROD00013,3.0,20
OI0000340,ORD000169,PROD00480,4.0,20
OI0000341,ORD000170,PROD00504,5.0,0
OI0000342,ORD000170,PROD00057,1.0,5
OI0000343,ORD000170,PROD00314,-1.0,20
OI0000344,ORD000171,PROD00021,-1.0,15
OI0000345,ORD000171,PROD00081,1.0,5
OI0000346,ORD000171,PROD00569,4.0,0
OI0000347,ORD000172,PROD00457,5.0,20
OI0000348,ORD000172,PROD00544,1.0,20
OI0000349,ORD000172,PROD00346,10.0,20
OI0000350,ORD000173,PROD00068,-1.0,0
OI0000351,ORD000173,PROD00570,1.0,20
OI0000352,ORD000173,PROD00273,1.0,15
OI0000353,ORD000174,PROD00228,1.0,5
OI0000354,ORD000175,PROD00088,10.0,20
OI0000355,ORD000176,PROD00069,3.0,15
OI0000356,ORD000177,PROD00428,2.0,0
OI0000357,ORD000177,PROD00494,3.0,20
OI0000358,ORD000178,PROD00003,4.0,15
OI0000359,ORD000178,PROD00464,1.0,0
OI0000360,ORD000179,PROD00176,1.0,0
OI0000361,ORD000180,PROD00367,5.0,15
OI0000362,ORD000181,PROD00123,1.0,0
OI0000363,ORD000182,PROD00001,2.0,10
OI0000364,ORD000182,PROD00123,1.0,0
OI0000365,ORD000183,PROD00299,4.0,0
OI0000366,ORD000183,PROD00146,-1.0,0
OI0000367,ORD000183,PROD00257,500.0,0
OI0000368,ORD000184,PROD00151,2.0,5
OI0000369,ORD000185,PROD00217,1.0,20
OI0000370,ORD000186,PROD00501,10.0,15
OI0000371,ORD000186,PROD00127,1.0,25
OI0000372,ORD000186,PROD00572,-1.0,15
OI0000373,ORD000187,PROD00421,10.0,10
OI0000374,ORD000187,PROD00514,2.0,0
OI0000375,ORD000188,PROD00030,2.0,10
OI0000376,ORD000188,PROD00101,4.0,5
OI0000377,ORD000188,PROD00235,1.0,20
OI0000378,ORD000188,PROD00153,10.0,0
OI0000379,ORD000189,PROD00366,1.0,0
OI0000380,ORD000189,PROD00240,1.0,0
OI0000381,ORD000189,PROD00519,1.0,0
OI0000382,ORD000189,PROD00559,2.0,25
OI0000383,ORD000190,PROD00570,2.0,5
OI0000384,ORD000191,PROD00264,3.0,0
OI0000385,ORD000191,PROD00010,2.0,0
OI0000386,ORD000192,PROD00387,10.0,0
OI0000387,ORD000192,PROD00103,-1.0,10
OI0000388,ORD000193,PROD00489,1.0,0
OI0000389,ORD000194,PROD00143,2.0,5
OI0000390,ORD000194,PROD00112,2.0,0
OI0000391,ORD000194,PROD00081,1.0,25
OI0000392,ORD000194,PROD00254,5.0,20
OI0000393,ORD000195,PROD00375,2.0,0
OI0000394,ORD000196,PROD00053,2.0,0
OI0000395,ORD000197,PROD00412,2.0,5
OI0000396,ORD000197,PROD00250,1.0,5
OI0000397,ORD000198,PROD00088,10.0,10
OI0000398,ORD000199,PROD00364,5.0,0
OI0000399,ORD000199,PROD00189,2.0,20
OI0000400,ORD000200,PROD00084,10.0,10
OI0000401,ORD000200,PROD00363,1.0,10
OI0000402,ORD000201,PROD00459,1.0,0
OI0000403,ORD000202,PROD00286,1.0,5
OI0000404,ORD000202,PROD00592,1.0,25
OI0000405,ORD000202,PROD00369,4.0,5
OI0000406,ORD000203,PROD00246,5.0,0
OI0000407,ORD000204,PROD00382,1.0,25
OI0000408,ORD000205,PROD00262,1.0,0
OI0000409,ORD000205,PROD00151,1.0,5
OI0000410,ORD000205,PROD00027,5.0,10
OI0000411,ORD000206,PROD00223,1.0,0
OI0000412,ORD000206,PROD00496,3.0,5
OI0000413,ORD000206,PROD00096,5.0,15
OI0000414,ORD000207,PROD00480,2.0,10
OI0000415,ORD000208,PROD00546,5.0,20
OI0000416,ORD000209,PROD00554,-1.0,0
OI0000417,ORD000210,PROD00071,1.0,10
OI0000418,ORD000210,PROD00096,1.0,15
OI0000419,ORD000211,PROD00399,1.0,25
OI0000420,ORD000212,PROD00239,1.0,0
OI0000421,ORD000212,PROD00503,5.0,10
OI0000422,ORD000212,PROD00131,1.0,10
OI0000423,ORD000213,PROD00134,2.0,0
OI0000424,ORD000214,PROD00458,3.0,0
OI0000425,ORD000214,PROD00547,10.0,15
OI0000426,ORD000214,PROD00425,-1.0,20
OI0000427,ORD000215,PROD00282,3.0,20
OI0000428,ORD000215,PROD00178,1.0,0
OI0000429,ORD000215,PROD00099,2.0,5
OI0000430,ORD000216,PROD00025,5.0,20
OI0000431,ORD000216,PROD00428,4.0,15
OI0000432,ORD000217,PROD00361,3.0,0
OI0000433,ORD000218,PROD00464,2.0,15
OI0000434,ORD000219,PROD00224,3.0,0
OI0000435,ORD000219,PROD00378,1.0,15
OI0000436,ORD000220,PROD00251,1.0,15
OI0000437,ORD000220,PROD00383,2.0,25
OI0000438,ORD000221,PROD00289,1.0,15
OI0000439,ORD000221,PROD00593,10.0,15
OI0000440,ORD000222,PROD00476,10.0,0
OI0000441,ORD000222,PROD00017,1.0,5
OI0000442,ORD000222,PROD00421,5.0,5
OI0000443,ORD000223,PROD00358,4.0,5
OI0000444,ORD000223,PROD00073,1.0,0
OI0000445,ORD000223,PROD00112,3.0,25
OI0000446,ORD000223,PROD00185,2.0,5
OI0000447,ORD000224,PROD00470,4.0,25
OI0000448,ORD000224,PROD00555,4.0,0
OI0000449,ORD000224,PROD00315,3.0,5
OI0000450,ORD000225,PROD00246,2.0,25
OI0000451,ORD000225,PROD00487,1.0,0
OI0000452,ORD000225,PROD00519,2.0,0
OI0000453,ORD000226,PROD00203,2.0,0
OI0000454,ORD000227,PROD00449,2.0,5
OI0000455,ORD000227,PROD00015,1.0,0
OI0000456,ORD000228,PROD00074,1.0,10
OI0000457,ORD000228,PROD00165,-1.0,5
OI0000458,ORD000229,PROD00567,1.0,0
OI0000459,ORD000230,PROD00318,5.0,0
OI0000460,ORD000230,PROD00493,5.0,20
OI0000461,ORD000230,PROD00112,-1.0,20
OI0000462,ORD000230,PROD00395,-1.0,0
OI0000463,ORD000231,PROD00177,2.0,0
OI0000464,ORD000231,PROD00528,3.0,0
OI0000465,ORD000231,PROD00420,2.0,0
OI0000466,ORD000231,PROD00187,2.0,10
OI0000467,ORD000232,PROD00543,1.0,15
OI0000468,ORD000232,PROD00176,10.0,15
OI0000469,ORD000233,PROD00351,3.0,5
OI0000470,ORD000234,PROD00304,1.0,0
OI0000471,ORD000235,PROD00431,1.0,0
OI0000472,ORD000235,PROD00493,2.0,0
OI0000473,ORD000235,PROD00223,5.0,15
OI0000474,ORD000235,PROD00433,1.0,0
OI0000475,ORD000236,PROD00098,4.0,0
OI0000476,ORD000236,PROD00237,3.0,0
OI0000477,ORD000236,PROD00378,2.0,10
OI0000478,ORD000236,PROD00577,5.0,0
OI0000479,ORD000237,PROD00435,2.0,25
OI0000480,ORD000237,PROD00571,10.0,5
OI0000481,ORD000237,PROD00126,10.0,5
OI0000482,ORD000237,PROD00312,1.0,20
OI0000483,ORD000238,PROD00575,4.0,0
OI0000484,ORD000238,PROD00007,4.0,25
OI0000485,ORD000239,PROD00005,2.0,15
OI0000486,ORD000239,PROD00190,1.0,0
OI0000487,ORD000239,PROD00589,1.0,0
OI0000488,ORD000240,PROD00177,2.0,10
OI0000489,ORD000241,PROD00228,1.0,20
OI0000490,ORD000242,PROD00470,1.0,0
OI0000491,ORD000243,PROD00461,1.0,10
OI0000492,ORD000244,PROD00327,10.0,25
OI0000493,ORD000245,PROD00191,-1.0,5
OI0000494,ORD000246,PROD00326,3.0,10
OI0000495,ORD000246,PROD00395,4.0,10
OI0000496,ORD000246,PROD00349,1.0,0
OI0000497,ORD000247,PROD00151,5.0,10
OI0000498,ORD000248,PROD00483,5.0,20
OI0000499,ORD000248,PROD00454,10.0,10
OI0000500,ORD000248,PROD00040,2.0,15
OI0000501,ORD000248,PROD00316,1.0,15
OI0000502,ORD000249,PROD00447,1.0,15
OI0000503,ORD000249,PROD00015,-1.0,0
OI0000504,ORD000249,PROD00310,2.0,10
OI0000505,ORD000250,PROD00497,1.0,0
OI0000506,ORD000251,PROD00474,10.0,0
OI0000507,ORD000252,PROD00338,2.0,20
OI0000508,ORD000252,PROD00454,4.0,0
OI0000509,ORD000252,PROD00005,2.0,0
OI0000510,ORD000253,PROD00341,3.0,25
OI0000511,ORD000254,PROD00468,5.0,0
OI0000512,ORD000254,PROD00386,1.0,5
OI0000513,ORD000255,PROD00552,2.0,5
OI0000514,ORD000255,PROD00160,1.0,15
OI0000515,ORD000255,PROD00597,1.0,25
OI0000516,ORD000256,PROD00171,2.0,25
OI0000517,ORD000257,PROD00515,4.0,5
OI0000518,ORD000258,PROD00215,10.0,0
OI0000519,ORD000259,PROD00206,10.0,10
OI0000520,ORD000259,PROD00019,10.0,5
OI0000521,ORD000259,PROD00016,-1.0,10
OI0000522,ORD000259,PROD00164,4.0,0
OI0000523,ORD000260,PROD00307,10.0,10
OI0000524,ORD000260,PROD00365,2.0,0
OI0000525,ORD000260,PROD00548,2.0,25
OI0000526,ORD000260,PROD00547,1.0,0
OI0000527,ORD000261,PROD00177,1.0,15
OI0000528,ORD000261,PROD00112,2.0,0
OI0000529,ORD000261,PROD00261,2.0,20
OI0000530,ORD000261,PROD00136,1.0,0
OI0000531,ORD000262,PROD00200,1.0,0
OI0000532,ORD000262,PROD00445,1.0,5
OI0000533,ORD000263,PROD00247,1.0,0
OI0000534,ORD000263,PROD00583,10.0,0
OI0000535,ORD000264,PROD00198,5.0,25
OI0000536,ORD000264,PROD00272,5.0,0
OI0000537,ORD000265,PROD00032,1.0,5
OI0000538,ORD000266,PROD00188,-1.0,15
OI0000539,ORD000267,PROD00203,-1.0,0
OI0000540,ORD000268,PROD00523,3.0,0
OI0000541,ORD000269,PROD00036,5.0,10
OI0000542,ORD000269,PROD00538,4.0,10
OI0000543,ORD000270,PROD00039,3.0,20
OI0000544,ORD000271,PROD00262,-1.0,0
OI0000545,ORD000271,PROD00497,1.0,20
OI0000546,ORD000272,PROD00467,2.0,5
OI0000547,ORD000273,PROD00483,1.0,25
OI0000548,ORD000274,PROD00435,1.0,25
OI0000549,ORD000275,PROD00365,2.0,20
OI0000550,ORD000275,PROD00442,-1.0,10
OI0000551,ORD000276,PROD00065,3.0,5
OI0000552,ORD000277,PROD00342,1.0,0
OI0000553,ORD000277,PROD00526,5.0,0
OI0000554,ORD000277,PROD00177,1.0,25
OI0000555,ORD000278,PROD00421,1.0,5
OI0000556,ORD000278,PROD00519,1.0,0
OI0000557,ORD000278,PROD00208,10.0,10
OI0000558,ORD000279,PROD00598,3.0,10
OI0000559,ORD000279,PROD00022,1.0,25
OI0000560,ORD000279,PROD00150,4.0,5
OI0000561,ORD000280,PROD00125,2.0,0
OI0000562,ORD000281,PROD00335,3.0,5
OI0000563,ORD000282,PROD00405,5.0,25
OI0000564,ORD000283,PROD00162,-1.0,15
OI0000565,ORD000283,PROD00295,5.0,10
OI0000566,ORD000283,PROD00241,1.0,0
OI0000567,ORD000284,PROD00297,2.0,0
OI0000568,ORD000284,PROD00599,4.0,20
OI0000569,ORD000284,PROD00067,1.0,20
OI0000570,ORD000285,PROD00071,2.0,0
OI0000571,ORD000285,PROD00135,4.0,10
OI0000572,ORD000286,PROD00396,1.0,0
OI0000573,ORD000287,PROD00475,5.0,25
OI0000574,ORD000287,PROD00517,1.0,25
OI0000575,ORD000287,PROD00365,1.0,0
OI0000576,ORD000288,PROD00085,1.0,0
OI0000577,ORD000288,PROD00527,1.0,20
OI0000578,ORD000289,PROD00544,1.0,0
OI0000579,ORD000289,PROD00090,2.0,20
OI0000580,ORD000290,PROD00209,4.0,0
OI0000581,ORD000290,PROD00034,1.0,10
OI0000582,ORD000291,PROD00229,10.0,0
OI0000583,ORD000292,PROD00144,1.0,10
OI0000584,ORD000292,PROD00484,1.0,15
OI0000585,ORD000292,PROD00361,4.0,25
OI0000586,ORD000293,PROD00210,5.0,0
OI0000587,ORD000294,PROD00198,3.0,5
OI0000588,ORD000294,PROD00086,2.0,0
OI0000589,ORD000295,PROD00243,2.0,15
OI0000590,ORD000296,PROD00090,-1.0,0
OI0000591,ORD000297,PROD00128,4.0,0
OI0000592,ORD000297,PROD00264,1.0,0
OI0000593,ORD000298,PROD00113,5.0,0
OI0000594,ORD000299,PROD00469,1.0,0
OI0000595,ORD000299,PROD00340,500.0,0
OI0000596,ORD000299,PROD00048,1.0,5
OI0000597,ORD000299,PROD00591,1.0,15
OI0000598,ORD000300,PROD00031,1.0,25
OI0000599,ORD000301,PROD00302,1.0,15
OI0000600,ORD000301,PROD00302,10.0,0
OI0000601,ORD000301,PROD00527,2.0,15
OI0000602,ORD000301,PROD00205,10.0,5
OI0000603,ORD000302,PROD00312,10.0,25
OI0000604,ORD000303,PROD00159,10.0,5
OI0000605,ORD000304,PROD00169,1.0,0
OI0000606,ORD000304,PROD00293,5.0,0
OI0000607,ORD000305,PROD00439,1.0,15
OI0000608,ORD000305,PROD00289,1.0,0
OI0000609,ORD000306,PROD00164,-1.0,20
OI0000610,ORD000307,PROD00195,3.0,5
OI0000611,ORD000307,PROD00522,-1.0,25
OI0000612,ORD000307,PROD00419,1.0,20
OI0000613,ORD000308,PROD00352,4.0,10
OI0000614,ORD000308,PROD00184,10.0,25
OI0000615,ORD000309,PROD00371,3.0,0
OI0000616,ORD000309,PROD00458,-1.0,0
OI0000617,ORD000310,PROD00312,1.0,0
OI0000618,ORD000310,PROD00151,3.0,5
OI0000619,ORD000311,PROD00296,1.0,20
OI0000620,ORD000312,PROD00391,-1.0,25
OI0000621,ORD000312,PROD00454,10.0,0
OI0000622,ORD000313,PROD00073,2.0,25
OI0000623,ORD000314,PROD00416,2.0,20
OI0000624,ORD000314,PROD00295,2.0,0
OI0000625,ORD000314,PROD00405,1.0,0
OI0000626,ORD000315,PROD00245,10.0,5
OI0000627,ORD000315,PROD00189,4.0,20
OI0000628,ORD000316,PROD00225,1.0,20
OI0000629,ORD000316,PROD00429,10.0,10
OI0000630,ORD000317,PROD00403,3.0,25
OI0000631,ORD000317,PROD00126,10.0,5
OI0000632,ORD000317,PROD00218,-1.0,10
OI0000633,ORD000318,PROD00084,2.0,15
OI0000634,ORD000318,PROD00413,1.0,15
OI0000635,ORD000319,PROD00262,1.0,0
OI0000636,ORD000319,PROD00572,10.0,10
OI0000637,ORD000319,PROD00397,10.0,0
OI0000638,ORD000319,PROD00291,-1.0,25
OI0000639,ORD000320,PROD00336,4.0,10
OI0000640,ORD000320,PROD00412,1.0,0
OI0000641,ORD000320,PROD00119,4.0,10
OI0000642,ORD000320,PROD00170,2.0,0
OI0000643,ORD000321,PROD00584,5.0,15
OI0000644,ORD000322,PROD00541,10.0,0
OI0000645,ORD000322,PROD00069,1.0,0
OI0000646,ORD000323,PROD00410,3.0,20
OI0000647,ORD000324,PROD00494,4.0,10
OI0000648,ORD000324,PROD00159,1.0,0
OI0000649,ORD000324,PROD00053,2.0,0
OI0000650,ORD000324,PROD00261,2.0,0
OI0000651,ORD000325,PROD00277,2.0,25
OI0000652,ORD000326,PROD00270,2.0,20
OI0000653,ORD000326,PROD00360,3.0,15
OI0000654,ORD000326,PROD00323,4.0,5
OI0000655,ORD000326,PROD00527,4.0,25
OI0000656,ORD000327,PROD00501,4.0,15
OI0000657,ORD000327,PROD00419,1.0,20
OI0000658,ORD000327,PROD00438,5.0,20
OI0000659,ORD000328,PROD00252,4.0,10
OI0000660,ORD000328,PROD00351,3.0,20
OI0000661,ORD000328,PROD00050,3.0,15
OI0000662,ORD000329,PROD00368,1.0,0
OI0000663,ORD000329,PROD00340,5.0,10
OI0000664,ORD000330,PROD00577,5.0,25
OI0000665,ORD000330,PROD00208,1.0,0
OI0000666,ORD000330,PROD00216,2.0,10
OI0000667,ORD000330,PROD00362,2.0,0
OI0000668,ORD000331,PROD00142,10.0,0
OI0000669,ORD000331,PROD00520,1.0,20
OI0000670,ORD000332,PROD00382,1.0,15
OI0000671,ORD000333,PROD00072,1.0,10
OI0000672,ORD000333,PROD00340,2.0,0
OI0000673,ORD000334,PROD00158,2.0,0
OI0000674,ORD000335,PROD00031,1.0,25
OI0000675,ORD000336,PROD00030,1.0,0
OI0000676,ORD000337,PROD00070,1.0,5
OI0000677,ORD000337,PROD00427,1.0,15
OI0000678,ORD000337,PROD00002,2.0,0
OI0000679,ORD000338,PROD00094,10.0,0
OI0000680,ORD000339,PROD00018,10.0,15
OI0000681,ORD000339,PROD00166,1.0,25
OI0000682,ORD000340,PROD00504,-1.0,0
OI0000683,ORD000341,PROD00334,-1.0,5
OI0000684,ORD000342,PROD00224,3.0,0
OI0000685,ORD000343,PROD00064,10.0,0
OI0000686,ORD000343,PROD00247,5.0,0
OI0000687,ORD000343,PROD00383,5.0,25
OI0000688,ORD000343,PROD00021,1.0,15
OI0000689,ORD000344,PROD00572,1.0,10
OI0000690,ORD000344,PROD00429,500.0,0
OI0000691,ORD000344,PROD00029,1.0,0
OI0000692,ORD000345,PROD00008,2.0,25
OI0000693,ORD000346,PROD00248,1.0,15
OI0000694,ORD000346,PROD00413,1.0,5
OI0000695,ORD000346,PROD00429,2.0,25
OI0000696,ORD000347,PROD00139,10.0,10
OI0000697,ORD000348,PROD00252,1.0,0
OI0000698,ORD000348,PROD00116,4.0,10
OI0000699,ORD000348,PROD00027,4.0,20
OI0000700,ORD000349,PROD00290,1.0,25
OI0000701,ORD000349,PROD00151,2.0,5
OI0000702,ORD000349,PROD00340,2.0,5
OI0000703,ORD000349,PROD00297,1.0,10
OI0000704,ORD000350,PROD00370,1.0,0
OI0000705,ORD000351,PROD00436,-1.0,5
OI0000706,ORD000351,PROD00310,2.0,0
OI0000707,ORD000352,PROD00472,1.0,20
OI0000708,ORD000353,PROD00181,-1.0,10
OI0000709,ORD000354,PROD00355,1.0,0
OI0000710,ORD000355,PROD00043,2.0,15
OI0000711,ORD000356,PROD00299,-1.0,5
OI0000712,ORD000356,PROD00168,3.0,15
OI0000713,ORD000357,PROD00135,-1.0,10
OI0000714,ORD000357,PROD00258,1.0,0
OI0000715,ORD000358,PROD00250,4.0,5
OI0000716,ORD000359,PROD00496,1.0,5
OI0000717,ORD000360,PROD00177,3.0,0
OI0000718,ORD000360,PROD00052,5.0,25
OI0000719,ORD000361,PROD00178,3.0,5
OI0000720,ORD000362,PROD00020,3.0,0
OI0000721,ORD000362,PROD00106,10.0,5
OI0000722,ORD000362,PROD00272,1.0,25
OI0000723,ORD000363,PROD00401,2.0,25
OI0000724,ORD000363,PROD00134,2.0,25
OI0000725,ORD000364,PROD00547,1.0,15
OI0000726,ORD000364,PROD00590,3.0,5
OI0000727,ORD000364,PROD00035,1.0,20
OI0000728,ORD000364,PROD00158,3.0,20
OI0000729,ORD000365,PROD00026,2.0,0
OI0000730,ORD000366,PROD00089,1.0,15
OI0000731,ORD000367,PROD00172,2.0,0
OI0000732,ORD000368,PROD00376,4.0,0
OI0000733,ORD000369,PROD00464,1.0,0
OI0000734,ORD000369,PROD00333,1.0,0
OI0000735,ORD000369,PROD00374,10.0,25
OI0000736,ORD000369,PROD00569,1.0,0
OI0000737,ORD000370,PROD00142,1.0,0
OI0000738,ORD000371,PROD00350,5.0,0
OI0000739,ORD000372,PROD00225,1.0,25
OI0000740,ORD000372,PROD00307,3.0,5
OI0000741,ORD000373,PROD00424,5.0,20
OI0000742,ORD000373,PROD00119,3.0,0
OI0000743,ORD000374,PROD00507,10.0,25
OI0000744,ORD000375,PROD00428,3.0,0
OI0000745,ORD000375,PROD00255,1.0,0
OI0000746,ORD000375,PROD00189,2.0,5
OI0000747,ORD000375,PROD00132,1.0,0
OI0000748,ORD000376,PROD00454,4.0,0
OI0000749,ORD000376,PROD00571,1.0,10
OI0000750,ORD000376,PROD00011,1.0,15
OI0000751,ORD000376,PROD00122,1.0,0
OI0000752,ORD000377,PROD00354,4.0,5
OI0000753,ORD000377,PROD00131,1.0,10
OI0000754,ORD000378,PROD00510,1.0,0
OI0000755,ORD000378,PROD00184,4.0,0
OI0000756,ORD000378,PROD00534,-1.0,25
OI0000757,ORD000379,PROD00152,10.0,0
OI0000758,ORD000379,PROD00412,1.0,0
OI0000759,ORD000379,PROD00177,-1.0,0
OI0000760,ORD000380,PROD00126,2.0,25
OI0000761,ORD000380,PROD00256,1.0,0
OI0000762,ORD000381,PROD00370,4.0,5
OI0000763,ORD000381,PROD9611,1.0,0
OI0000764,ORD000381,PROD00377,5.0,0
OI0000765,ORD000382,PROD00254,1.0,0
OI0000766,ORD000383,PROD00412,10.0,10
OI0000767,ORD000384,PROD00275,-1.0,5
OI0000768,ORD000384,PROD00019,2.0,0
OI0000769,ORD000385,PROD00192,4.0,15
OI0000770,ORD000385,PROD00202,10.0,10
OI0000771,ORD000386,PROD00270,4.0,15
OI0000772,ORD000386,PROD00244,1.0,5
OI0000773,ORD000386,PROD00046,10.0,25
OI0000774,ORD000387,PROD00515,1.0,10
OI0000775,ORD000387,PROD00559,1.0,20
OI0000776,ORD000388,PROD00509,2.0,20
OI0000777,ORD000388,PROD00560,5.0,10
OI0000778,ORD000388,PROD00184,5.0,5
OI0000779,ORD000388,PROD00270,1.0,0
OI0000780,ORD000389,PROD00574,-1.0,0
OI0000781,ORD000390,PROD00154,10.0,0
OI0000782,ORD000391,PROD00493,10.0,20
OI0000783,ORD000392,PROD00035,5.0,10
OI0000784,ORD000393,PROD00515,10.0,25
OI0000785,ORD000393,PROD00565,1.0,25
OI0000786,ORD000394,PROD00304,1.0,0
OI0000787,ORD000394,PROD00363,4.0,0
OI0000788,ORD000395,PROD00188,4.0,5
OI0000789,ORD000396,PROD00136,1.0,0
OI0000790,ORD000396,PROD00513,2.0,0
OI0000791,ORD000397,PROD00257,1.0,0
OI0000792,ORD000398,PROD00530,3.0,0
OI0000793,ORD000398,PROD00072,-1.0,0
OI0000794,ORD000399,PROD00449,1.0,0
OI0000795,ORD000399,PROD00009,1.0,0
OI0000796,ORD000399,PROD00543,10.0,20
OI0000797,ORD000399,PROD00007,2.0,10
OI0000798,ORD000400,PROD00012,1.0,25
OI0000799,ORD000400,PROD00428,2.0,0
OI0000800,ORD000401,PROD00093,3.0,0
OI0000801,ORD000402,PROD00438,2.0,20
OI0000802,ORD000403,PROD00219,2.0,5
OI0000803,ORD000403,PROD00506,2.0,5
OI0000804,ORD000403,PROD00390,5.0,0
OI0000805,ORD000403,PROD00358,10.0,0
OI0000806,ORD000404,PROD00126,-1.0,0
OI0000807,ORD000404,PROD00368,2.0,5
OI0000808,ORD000405,PROD00275,2.0,20
OI0000809,ORD000405,PROD00169,1.0,0
OI0000810,ORD000406,PROD00060,2.0,0
OI0000811,ORD000406,PROD00238,10.0,5
OI0000812,ORD000407,PROD00178,10.0,0
OI0000813,ORD000407,PROD00595,10.0,0
OI0000814,ORD000408,PROD00336,2.0,10
OI0000815,ORD000409,PROD00292,2.0,10
OI0000816,ORD000409,PROD00543,3.0,5
OI0000817,ORD000410,PROD00595,3.0,0
OI0000818,ORD000411,PROD00098,10.0,10
OI0000819,ORD000411,PROD00558,1.0,10
OI0000820,ORD000412,PROD00229,10.0,15
OI0000821,ORD000412,PROD00589,3.0,5
OI0000822,ORD000413,PROD00211,5.0,0
OI0000823,ORD000414,PROD00456,1.0,10
OI0000824,ORD000415,PROD00434,2.0,0
OI0000825,ORD000415,PROD00410,-1.0,10
OI0000826,ORD000416,PROD00073,10.0,5
OI0000827,ORD000416,PROD00447,-1.0,0
OI0000828,ORD000417,PROD00597,1.0,0
OI0000829,ORD000417,PROD00234,3.0,20
OI0000830,ORD000418,PROD00195,-1.0,25
OI0000831,ORD000418,PROD00315,1.0,25
OI0000832,ORD000418,PROD00472,5.0,20
OI0000833,ORD000418,PROD00008,10.0,20
OI0000834,ORD000419,PROD00427,1.0,5
OI0000835,ORD000420,PROD00389,2.0,5
OI0000836,ORD000421,PROD00239,3.0,0
OI0000837,ORD000421,PROD00207,3.0,0
OI0000838,ORD000422,PROD00182,4.0,10
OI0000839,ORD000422,PROD00106,2.0,10
OI0000840,ORD000423,PROD00600,-1.0,15
OI0000841,ORD000423,PROD00109,1.0,0
OI0000842,ORD000424,PROD00573,10.0,0
OI0000843,ORD000425,PROD00151,2.0,0
OI0000844,ORD000425,PROD00451,5.0,5
OI0000845,ORD000426,PROD00564,5.0,15
OI0000846,ORD000427,PROD00281,1.0,0
OI0000847,ORD000428,PROD00125,1.0,20
OI0000848,ORD000429,PROD00588,,25
OI0000849,ORD000430,PROD00536,5.0,20
OI0000850,ORD000430,PROD00024,10.0,5
OI0000851,ORD000430,PROD00029,5.0,25
OI0000852,ORD000430,PROD00144,2.0,0
OI0000853,ORD000431,PROD00549,10.0,0
OI0000854,ORD000432,PROD00046,3.0,15
OI0000855,ORD000433,PROD00232,5.0,0
OI0000856,ORD000433,PROD00347,1.0,15
OI0000857,ORD000433,PROD00281,3.0,0
OI0000858,ORD000434,PROD00071,1.0,0
OI0000859,ORD000434,PROD00559,10.0,15
OI0000860,ORD000435,PROD00456,5.0,10
OI0000861,ORD000435,PROD00251,1.0,0
OI0000862,ORD000436,PROD00489,2.0,0
OI0000863,ORD000437,PROD00037,5.0,20
OI0000864,ORD000438,PROD00554,5.0,10
OI0000865,ORD000438,PROD00266,1.0,0
OI0000866,ORD000439,PROD00380,2.0,5
OI0000867,ORD000439,PROD00047,1.0,20
OI0000868,ORD000440,PROD00230,5.0,10
OI0000869,ORD000440,PROD00411,1.0,0
OI0000870,ORD000440,PROD00137,10.0,25
OI0000871,ORD000441,PROD00056,10.0,25
OI0000872,ORD000441,PROD00422,-1.0,0
OI0000873,ORD000442,PROD00485,10.0,0
OI0000874,ORD000442,PROD00300,4.0,20
OI0000875,ORD000442,PROD00105,4.0,25
OI0000876,ORD000442,PROD00361,2.0,10
OI0000877,ORD000443,PROD00377,2.0,0
OI0000878,ORD000444,PROD00417,2.0,0
OI0000879,ORD000445,PROD00497,2.0,5
OI0000880,ORD000445,PROD00280,-1.0,15
OI0000881,ORD000446,PROD00556,1.0,20
OI0000882,ORD000446,PROD00018,1.0,0
OI0000883,ORD000446,PROD00414,2.0,0
OI0000884,ORD000446,PROD00327,1.0,5
OI0000885,ORD000447,PROD00183,-1.0,0
OI0000886,ORD000447,PROD00262,4.0,25
OI0000887,ORD000448,PROD00263,5.0,15
OI0000888,ORD000448,PROD00340,2.0,0
OI0000889,ORD000449,PROD00369,10.0,20
OI0000890,ORD000450,PROD00374,1.0,5
OI0000891,ORD000450,PROD00076,1.0,0
OI0000892,ORD000450,PROD00294,1.0,5
OI0000893,ORD000451,PROD00415,2.0,0
OI0000894,ORD000452,PROD00535,1.0,20
OI0000895,ORD000452,PROD00073,-1.0,0
OI0000896,ORD000453,PROD00519,10.0,15
OI0000897,ORD000454,PROD00445,3.0,10
OI0000898,ORD000454,PROD00581,2.0,5
OI0000899,ORD000455,PROD00441,10.0,0
OI0000900,ORD000455,PROD00151,10.0,25
OI0000901,ORD000455,PROD00164,1.0,0
OI0000902,ORD000455,PROD00563,1.0,25
OI0000903,ORD000456,PROD00598,1.0,0
OI0000904,ORD000457,PROD00155,10.0,20
OI0000905,ORD000458,PROD00490,1.0,0
OI0000906,ORD000459,PROD00435,2.0,20
OI0000907,ORD000459,PROD00323,-1.0,0
OI0000908,ORD000459,PROD00182,1.0,0
OI0000909,ORD000460,PROD00142,10.0,5
OI0000910,ORD000460,PROD00556,-1.0,0
OI0000911,ORD000461,PROD00283,1.0,15
OI0000912,ORD000461,PROD00364,1.0,15
OI0000913,ORD000462,PROD00199,-1.0,25
OI0000914,ORD000462,PROD9047,2.0,10
OI0000915,ORD000462,PROD00063,2.0,20
OI0000916,ORD000463,PROD00227,4.0,0
OI0000917,ORD000464,PROD00386,2.0,20
OI0000918,ORD000465,PROD00279,4.0,5
OI0000919,ORD000465,PROD00516,1.0,15
OI0000920,ORD000466,PROD00245,4.0,20
OI0000921,ORD000466,PROD00455,2.0,20
OI0000922,ORD000466,PROD00441,3.0,15
OI0000923,ORD000467,PROD00012,1.0,5
OI0000924,ORD000468,PROD00366,2.0,20
OI0000925,ORD000468,PROD00368,4.0,5
OI0000926,ORD000468,PROD00233,1.0,0
OI0000927,ORD000468,PROD00295,2.0,15
OI0000928,ORD000469,PROD00358,1.0,15
OI0000929,ORD000470,PROD00546,2.0,0
OI0000930,ORD000470,PROD00433,3.0,0
OI0000931,ORD000470,PROD00468,2.0,5
OI0000932,ORD000471,PROD00271,10.0,15
OI0000933,ORD000471,PROD00225,1.0,0
OI0000934,ORD000471,PROD00551,10.0,15
OI0000935,ORD000471,PROD00099,3.0,5
OI0000936,ORD000472,PROD00511,-1.0,15
OI0000937,ORD000472,PROD00107,-1.0,0
OI0000938,ORD000472,PROD00042,-1.0,5
OI0000939,ORD000472,PROD00529,4.0,0
OI0000940,ORD000473,PROD00370,5.0,20
OI0000941,ORD000474,PROD00340,4.0,0
OI0000942,ORD000474,PROD00279,1.0,15
OI0000943,ORD000475,PROD00013,10.0,0
OI0000944,ORD000475,PROD00508,1.0,20
OI0000945,ORD000475,PROD00104,1.0,15
OI0000946,ORD000476,PROD00176,1.0,20
OI0000947,ORD000476,PROD00258,10.0,0
OI0000948,ORD000476,PROD00142,10.0,25
OI0000949,ORD000476,PROD00354,3.0,15
OI0000950,ORD000477,PROD00047,5.0,20
OI0000951,ORD000478,PROD00127,-1.0,25
OI0000952,ORD000478,PROD00203,500.0,25
OI0000953,ORD000478,PROD00446,5.0,10
OI0000954,ORD000479,PROD00056,1.0,0
OI0000955,ORD000479,PROD00154,10.0,25
OI0000956,ORD000479,PROD00112,-1.0,0
OI0000957,ORD000479,PROD00276,2.0,0
OI0000958,ORD000480,PROD00123,4.0,0
OI0000959,ORD000481,PROD00174,10.0,5
OI0000960,ORD000482,PROD00326,2.0,15
OI0000961,ORD000482,PROD00386,-1.0,20
OI0000962,ORD000483,PROD00274,2.0,0
OI0000963,ORD000484,PROD00249,2.0,25
OI0000964,ORD000485,PROD00509,1.0,15
OI0000965,ORD000486,PROD00411,1.0,0
OI0000966,ORD000487,PROD00107,5.0,5
OI0000967,ORD000487,PROD00121,1.0,0
OI0000968,ORD000488,PROD00019,3.0,5
OI0000969,ORD000488,PROD00085,1.0,25
OI0000970,ORD000488,PROD00492,1.0,0
OI0000971,ORD000488,PROD00582,2.0,15
OI0000972,ORD000489,PROD00356,10.0,5
OI0000973,ORD000489,PROD00068,2.0,25
OI0000974,ORD000490,PROD00077,-1.0,10
OI0000975,ORD000490,PROD00200,1.0,25
OI0000976,ORD000491,PROD00220,1.0,5
OI0000977,ORD000491,PROD00262,2.0,5
OI0000978,ORD000491,PROD00226,1.0,0
OI0000979,ORD000491,PROD00329,10.0,0
OI0000980,ORD000492,PROD00305,2.0,15
OI0000981,ORD000492,PROD00038,1.0,20
OI0000982,ORD000493,PROD00465,-1.0,0
OI0000983,ORD000494,PROD00081,2.0,5
OI0000984,ORD000494,PROD00229,1.0,0
OI0000985,ORD000495,PROD00474,10.0,20
OI0000986,ORD000495,PROD00479,2.0,15
OI0000987,ORD000495,PROD00231,1.0,0
OI0000988,ORD000495,PROD00221,1.0,15
OI0000989,ORD000496,PROD00166,2.0,15
OI0000990,ORD000497,PROD00260,1.0,5
OI0000991,ORD000498,PROD00581,-1.0,10
OI0000992,ORD000498,PROD00283,5.0,15
OI0000993,ORD000498,PROD00482,1.0,25
OI0000994,ORD000498,PROD00476,1.0,15
OI0000995,ORD000499,PROD00504,1.0,0
OI0000996,ORD000500,PROD00199,1.0,25
OI0000997,ORD000500,PROD00372,4.0,25
OI0000998,ORD000500,PROD00012,-1.0,20
OI0000999,ORD000501,PROD00290,2.0,10
OI0001000,ORD000501,PROD00598,1.0,25
OI0001001,ORD000502,PROD00081,2.0,15
OI0001002,ORD000502,PROD00242,2.0,15
OI0001003,ORD000502,PROD00401,3.0,25
OI0001004,ORD000502,PROD00111,1.0,0
OI0001005,ORD000503,PROD00030,10.0,0
OI0001006,ORD000503,PROD00510,2.0,20
OI0001007,ORD000503,PROD00197,1.0,0
OI0001008,ORD000504,PROD00132,4.0,0
OI0001009,ORD000504,PROD00453,5.0,0
OI0001010,ORD000504,PROD00059,1.0,10
OI0001011,ORD000504,PROD00272,-1.0,15
OI0001012,ORD000505,PROD00157,500.0,0
OI0001013,ORD000505,PROD00306,10.0,5
OI0001014,ORD000506,PROD00215,10.0,15
OI0001015,ORD000507,PROD00426,10.0,15
OI0001016,ORD000508,PROD00417,3.0,5
OI0001017,ORD000508,PROD00072,2.0,0
OI0001018,ORD000509,PROD00535,2.0,0
OI0001019,ORD000509,PROD00308,1.0,5
OI0001020,ORD000510,PROD9655,2.0,25
OI0001021,ORD000511,PROD00461,2.0,0
OI0001022,ORD000512,PROD00240,1.0,20
OI0001023,ORD000512,PROD00559,10.0,0
OI0001024,ORD000513,PROD00256,2.0,10
OI0001025,ORD000514,PROD00139,1.0,5
OI0001026,ORD000514,PROD00375,5.0,0
OI0001027,ORD000515,PROD00273,2.0,0
OI0001028,ORD000515,PROD00269,1.0,15
OI0001029,ORD000515,PROD00445,5.0,20
OI0001030,ORD000515,PROD00379,10.0,20
OI0001031,ORD000516,PROD00018,2.0,0
OI0001032,ORD000517,PROD00485,1.0,15
OI0001033,ORD000517,PROD00188,1.0,5
OI0001034,ORD000518,PROD00453,4.0,10
OI0001035,ORD000518,PROD00336,10.0,5
OI0001036,ORD000518,PROD00438,1.0,20
OI0001037,ORD000519,PROD00335,10.0,5
OI0001038,ORD000519,PROD00444,4.0,0
OI0001039,ORD000520,PROD00176,5.0,0
OI0001040,ORD000520,PROD00187,-1.0,25
OI0001041,ORD000520,PROD00143,1.0,0
OI0001042,ORD000521,PROD00150,5.0,0
OI0001043,ORD000522,PROD00356,1.0,20
OI0001044,ORD000523,PROD00206,1.0,10
OI0001045,ORD000523,PROD00496,-1.0,20
OI0001046,ORD000523,PROD00292,1.0,0
OI0001047,ORD000524,PROD00509,2.0,15
OI0001048,ORD000524,PROD00229,10.0,0
OI0001049,ORD000525,PROD00409,2.0,15
OI0001050,ORD000526,PROD00370,1.0,5
OI0001051,ORD000527,PROD00365,1.0,0
OI0001052,ORD000527,PROD00492,1.0,0
OI0001053,ORD000528,PROD00015,3.0,10
OI0001054,ORD000529,PROD00308,-1.0,20
OI0001055,ORD000529,PROD00367,1.0,15
OI0001056,ORD000529,PROD00135,3.0,15
OI0001057,ORD000530,PROD00306,4.0,0
OI0001058,ORD000531,PROD00160,10.0,20
OI0001059,ORD000532,PROD00199,500.0,20
OI0001060,ORD000533,PROD00028,2.0,20
OI0001061,ORD000534,PROD00245,3.0,0
OI0001062,ORD000534,PROD00054,3.0,15
OI0001063,ORD000534,PROD00252,1.0,25
OI0001064,ORD000535,PROD00361,4.0,0
OI0001065,ORD000535,PROD00319,4.0,25
OI0001066,ORD000535,PROD00372,1.0,25
OI0001067,ORD000535,PROD00494,1.0,5
OI0001068,ORD000536,PROD00088,3.0,0
OI0001069,ORD000537,PROD00398,1.0,10
OI0001070,ORD000538,PROD00346,1.0,0
OI0001071,ORD000538,PROD00490,-1.0,20
OI0001072,ORD000539,PROD00166,2.0,0
OI0001073,ORD000540,PROD00253,1.0,15
OI0001074,ORD000540,PROD00486,1.0,25
OI0001075,ORD000540,PROD00147,5.0,15
OI0001076,ORD000540,PROD00441,1.0,20
OI0001077,ORD000541,PROD00380,5.0,20
OI0001078,ORD000542,PROD00319,10.0,25
OI0001079,ORD000543,PROD00297,1.0,15
OI0001080,ORD000543,PROD00003,2.0,15
OI0001081,ORD000543,PROD00432,2.0,25
OI0001082,ORD000544,PROD00033,-1.0,15
OI0001083,ORD000544,PROD00339,1.0,25
OI0001084,ORD000544,PROD00443,2.0,25
OI0001085,ORD000545,PROD00176,2.0,15
OI0001086,ORD000545,PROD00480,-1.0,0
OI0001087,ORD000546,PROD00477,-1.0,0
OI0001088,ORD000547,PROD00535,3.0,5
OI0001089,ORD000547,PROD00435,2.0,15
OI0001090,ORD000548,PROD00446,1.0,0
OI0001091,ORD000549,PROD00591,1.0,0
OI0001092,ORD000549,PROD00023,1.0,0
OI0001093,ORD000550,PROD00588,-1.0,0
OI0001094,ORD000551,PROD00146,-1.0,0
OI0001095,ORD000551,PROD00201,1.0,0
OI0001096,ORD000552,PROD00427,2.0,15
OI0001097,ORD000553,PROD00459,2.0,0
OI0001098,ORD000553,PROD00490,5.0,15
OI0001099,ORD000553,PROD00116,2.0,20
OI0001100,ORD000554,PROD00463,1.0,15
OI0001101,ORD000555,PROD00310,10.0,25
OI0001102,ORD000555,PROD00151,5.0,15
OI0001103,ORD000555,PROD00137,5.0,0
OI0001104,ORD000556,PROD00464,10.0,10
OI0001105,ORD000556,PROD00331,1.0,0
OI0001106,ORD000557,PROD00585,10.0,0
OI0001107,ORD000557,PROD00393,5.0,10
OI0001108,ORD000557,PROD00129,4.0,5
OI0001109,ORD000558,PROD00562,5.0,15
OI0001110,ORD000558,PROD00332,1.0,0
OI0001111,ORD000559,PROD00141,2.0,20
OI0001112,ORD000560,PROD00165,-1.0,10
OI0001113,ORD000560,PROD00459,2.0,10
OI0001114,ORD000560,PROD00182,5.0,0
OI0001115,ORD000560,PROD00230,2.0,5
OI0001116,ORD000561,PROD00107,5.0,0
OI0001117,ORD000561,PROD00557,2.0,15
OI0001118,ORD000561,PROD00497,-1.0,25
OI0001119,ORD000561,PROD00117,1.0,25
OI0001120,ORD000562,PROD00439,3.0,0
OI0001121,ORD000563,PROD00323,1.0,20
OI0001122,ORD000564,PROD00474,1.0,5
OI0001123,ORD000564,PROD00134,-1.0,25
OI0001124,ORD000565,PROD00327,1.0,0
OI0001125,ORD000565,PROD00334,10.0,0
OI0001126,ORD000565,PROD00222,5.0,0
OI0001127,ORD000566,PROD00339,1.0,10
OI0001128,ORD000566,PROD00135,5.0,20
OI0001129,ORD000566,PROD00006,5.0,0
OI0001130,ORD000566,PROD00015,-1.0,20
OI0001131,ORD000567,PROD00216,3.0,25
OI0001132,ORD000567,PROD00132,3.0,10
OI0001133,ORD000568,PROD00228,1.0,25
OI0001134,ORD000568,PROD00598,3.0,15
OI0001135,ORD000569,PROD00027,1.0,5
OI0001136,ORD000569,PROD00047,2.0,25
OI0001137,ORD000569,PROD00020,4.0,25
OI0001138,ORD000569,PROD00009,10.0,0
OI0001139,ORD000570,PROD00228,4.0,20
OI0001140,ORD000570,PROD00505,10.0,0
OI0001141,ORD000571,PROD00587,5.0,0
OI0001142,ORD000571,PROD00075,5.0,20
OI0001143,ORD000571,PROD00058,4.0,15
OI0001144,ORD000571,PROD00486,10.0,15
OI0001145,ORD000572,PROD00526,5.0,0
OI0001146,ORD000573,PROD00310,4.0,10
OI0001147,ORD000574,PROD00343,1.0,20
OI0001148,ORD000574,PROD00577,1.0,0
OI0001149,ORD000574,PROD00216,1.0,20
OI0001150,ORD000575,PROD00338,4.0,0
OI0001151,ORD000575,PROD00503,1.0,20
OI0001152,ORD000575,PROD00494,3.0,10
OI0001153,ORD000576,PROD00366,4.0,20
OI0001154,ORD000577,PROD9110,10.0,0
OI0001155,ORD000578,PROD00327,5.0,0
OI0001156,ORD000578,PROD00485,10.0,5
OI0001157,ORD000579,PROD00282,1.0,10
OI0001158,ORD000580,PROD00114,10.0,25
OI0001159,ORD000581,PROD00136,2.0,0
OI0001160,ORD000582,PROD00008,2.0,20
OI0001161,ORD000582,PROD00250,1.0,0
OI0001162,ORD000582,PROD00485,4.0,20
OI0001163,ORD000582,PROD00534,4.0,0
OI0001164,ORD000583,PROD00406,1.0,10
OI0001165,ORD000583,PROD00339,1.0,25
OI0001166,ORD000583,PROD00571,4.0,5
OI0001167,ORD000584,PROD00326,3.0,20
OI0001168,ORD000584,PROD00251,-1.0,0
OI0001169,ORD000585,PROD00336,4.0,0
OI0001170,ORD000585,PROD00216,-1.0,0
OI0001171,ORD000586,PROD00521,1.0,10
OI0001172,ORD000587,PROD00211,10.0,5
OI0001173,ORD000587,PROD00239,1.0,0
OI0001174,ORD000587,PROD00010,4.0,20
OI0001175,ORD000588,PROD00369,10.0,5
OI0001176,ORD000588,PROD00455,1.0,0
OI0001177,ORD000589,PROD00004,3.0,0
OI0001178,ORD000590,PROD00281,1.0,0
OI0001179,ORD000590,PROD00523,4.0,25
OI0001180,ORD000591,PROD00374,4.0,0
OI0001181,ORD000591,PROD00209,3.0,10
OI0001182,ORD000591,PROD00050,4.0,0
OI0001183,ORD000592,PROD00127,3.0,25
OI0001184,ORD000592,PROD00570,-1.0,0
OI0001185,ORD000593,PROD00465,1.0,20
OI0001186,ORD000593,PROD00174,1.0,25
OI0001187,ORD000593,PROD00174,2.0,15
OI0001188,ORD000593,PROD00294,4.0,5
OI0001189,ORD000594,PROD00395,4.0,5
OI0001190,ORD000594,PROD00024,4.0,20
OI0001191,ORD000595,PROD00233,3.0,20
OI0001192,ORD000595,PROD00156,1.0,20
OI0001193,ORD000595,PROD00421,2.0,25
OI0001194,ORD000596,PROD00123,2.0,0
OI0001195,ORD000596,PROD00384,2.0,5
OI0001196,ORD000597,PROD00027,1.0,0
OI0001197,ORD000598,PROD00134,4.0,25
OI0001198,ORD000598,PROD00293,2.0,10
OI0001199,ORD000599,PROD00453,1.0,15
OI0001200,ORD000599,PROD00170,3.0,20
OI0001201,ORD000599,PROD00300,1.0,15
OI0001202,ORD000599,PROD00317,-1.0,0
OI0001203,ORD000600,PROD00423,1.0,10
OI0001204,ORD000601,PROD00360,2.0,5
OI0001205,ORD000601,PROD00119,10.0,10
OI0001206,ORD000602,PROD00521,1.0,5
OI0001207,ORD000602,PROD00197,2.0,5
OI0001208,ORD000603,PROD00099,-1.0,10
OI0001209,ORD000603,PROD00071,1.0,0
OI0001210,ORD000604,PROD00193,4.0,0
OI0001211,ORD000605,PROD00487,4.0,15
OI0001212,ORD000605,PROD00140,1.0,0
OI0001213,ORD000605,PROD00501,2.0,5
OI0001214,ORD000606,PROD00542,1.0,10
OI0001215,ORD000607,PROD00576,1.0,0
OI0001216,ORD000607,PROD00424,3.0,0
OI0001217,ORD000607,PROD00281,1.0,5
OI0001218,ORD000607,PROD00358,10.0,0
OI0001219,ORD000608,PROD00553,2.0,15
OI0001220,ORD000609,PROD00181,4.0,10
OI0001221,ORD000609,PROD00492,-1.0,25
OI0001222,ORD000610,PROD00177,5.0,20
OI0001223,ORD000611,PROD00591,3.0,0
OI0001224,ORD000612,PROD00365,2.0,5
OI0001225,ORD000612,PROD00127,1.0,15
OI0001226,ORD000613,PROD00317,5.0,0
OI0001227,ORD000613,PROD00003,-1.0,15
OI0001228,ORD000613,PROD00126,3.0,0
OI0001229,ORD000614,PROD00330,-1.0,20
OI0001230,ORD000614,PROD00066,2.0,0
OI0001231,ORD000614,PROD00009,-1.0,20
OI0001232,ORD000615,PROD00204,3.0,0
OI0001233,ORD000615,PROD00432,1.0,0
OI0001234,ORD000615,PROD00115,3.0,0
OI0001235,ORD000616,PROD00161,5.0,15
OI0001236,ORD000616,PROD00338,2.0,20
OI0001237,ORD000616,PROD00538,1.0,25
OI0001238,ORD000616,PROD00410,-1.0,15
OI0001239,ORD000617,PROD00511,10.0,15
OI0001240,ORD000618,PROD00257,1.0,5
OI0001241,ORD000618,PROD00109,5.0,0
OI0001242,ORD000618,PROD00348,10.0,0
OI0001243,ORD000619,PROD00560,10.0,0
OI0001244,ORD000620,PROD00043,1.0,15
OI0001245,ORD000620,PROD00337,1.0,15
OI0001246,ORD000621,PROD00479,1.0,0
OI0001247,ORD000621,PROD9258,1.0,25
OI0001248,ORD000621,PROD00128,-1.0,0
OI0001249,ORD000621,PROD00575,1.0,5
OI0001250,ORD000622,PROD00467,1.0,0
OI0001251,ORD000623,PROD00192,5.0,20
OI0001252,ORD000623,PROD00596,10.0,0
OI0001253,ORD000623,PROD00313,1.0,0
OI0001254,ORD000624,PROD00364,1.0,25
OI0001255,ORD000624,PROD00574,10.0,20
OI0001256,ORD000625,PROD00190,3.0,25
OI0001257,ORD000626,PROD00530,-1.0,0
OI0001258,ORD000627,PROD00501,-1.0,25
OI0001259,ORD000628,PROD00057,1.0,20
OI0001260,ORD000628,PROD00529,2.0,0
OI0001261,ORD000629,PROD00348,5.0,0
OI0001262,ORD000630,PROD00320,2.0,0
OI0001263,ORD000630,PROD00483,1.0,10
OI0001264,ORD000630,PROD00551,3.0,20
OI0001265,ORD000631,PROD00141,-1.0,25
OI0001266,ORD000631,PROD00477,10.0,15
OI0001267,ORD000632,PROD00067,2.0,25
OI0001268,ORD000633,PROD00155,5.0,0
OI0001269,ORD000634,PROD00055,3.0,10
OI0001270,ORD000634,PROD00477,1.0,0
OI0001271,ORD000635,PROD00198,2.0,15
OI0001272,ORD000635,PROD00048,2.0,20
OI0001273,ORD000635,PROD00253,2.0,5
OI0001274,ORD000635,PROD00584,-1.0,0
OI0001275,ORD000636,PROD00240,2.0,15
OI0001276,ORD000637,PROD00348,1.0,15
OI0001277,ORD000637,PROD00031,-1.0,0
OI0001278,ORD000638,PROD00425,5.0,0
OI0001279,ORD000639,PROD00551,1.0,10
OI0001280,ORD000639,PROD00581,1.0,0
OI0001281,ORD000639,PROD00048,-1.0,15
OI0001282,ORD000639,PROD00436,1.0,0
OI0001283,ORD000640,PROD9830,4.0,15
OI0001284,ORD000641,PROD00463,2.0,0
OI0001285,ORD000642,PROD00506,10.0,0
OI0001286,ORD000643,PROD00531,1.0,0
OI0001287,ORD000643,PROD00438,5.0,0
OI0001288,ORD000644,PROD00332,1.0,15
OI0001289,ORD000645,PROD00313,4.0,0
OI0001290,ORD000645,PROD9483,2.0,0
OI0001291,ORD000646,PROD00003,1.0,20
OI0001292,ORD000646,PROD00099,1.0,5
OI0001293,ORD000646,PROD00149,4.0,20
OI0001294,ORD000647,PROD00165,-1.0,15
OI0001295,ORD000648,PROD00028,10.0,20
OI0001296,ORD000649,PROD00231,,0
OI0001297,ORD000649,PROD00549,2.0,0
OI0001298,ORD000649,PROD00032,4.0,5
OI0001299,ORD000650,PROD00112,10.0,0
OI0001300,ORD000650,PROD00010,2.0,0
OI0001301,ORD000651,PROD00241,-1.0,25
OI0001302,ORD000652,PROD00175,1.0,5
OI0001303,ORD000652,PROD00560,5.0,10
OI0001304,ORD000653,PROD00293,1.0,25
OI0001305,ORD000654,PROD00225,1.0,20
OI0001306,ORD000654,PROD00119,2.0,0
OI0001307,ORD000654,PROD00233,2.0,0
OI0001308,ORD000654,PROD00549,1.0,25
OI0001309,ORD000655,PROD00559,1.0,10
OI0001310,ORD000656,PROD00527,,0
OI0001311,ORD000656,PROD00533,5.0,25
OI0001312,ORD000656,PROD00367,3.0,0
OI0001313,ORD000657,PROD00006,1.0,0
OI0001314,ORD000658,PROD00492,3.0,25
OI0001315,ORD000659,PROD00470,10.0,20
OI0001316,ORD000659,PROD00099,-1.0,0
OI0001317,ORD000660,PROD00237,2.0,10
OI0001318,ORD000661,PROD00583,1.0,25
OI0001319,ORD000661,PROD00105,-1.0,0
OI0001320,ORD000661,PROD00175,5.0,15
OI0001321,ORD000662,PROD00594,2.0,15
OI0001322,ORD000663,PROD00466,4.0,25
OI0001323,ORD000663,PROD00275,1.0,5
OI0001324,ORD000663,PROD00049,5.0,0
OI0001325,ORD000663,PROD00536,4.0,0
OI0001326,ORD000664,PROD00069,2.0,10
OI0001327,ORD000665,PROD00029,10.0,15
OI0001328,ORD000665,PROD00153,10.0,5
OI0001329,ORD000666,PROD00450,2.0,15
OI0001330,ORD000666,PROD00145,1.0,0
OI0001331,ORD000667,PROD00310,1.0,0
OI0001332,ORD000668,PROD00366,4.0,0
OI0001333,ORD000669,PROD00523,-1.0,25
OI0001334,ORD000670,PROD00212,-1.0,20
OI0001335,ORD000671,PROD00195,5.0,10
OI0001336,ORD000671,PROD00295,1.0,5
OI0001337,ORD000672,PROD00294,2.0,0
OI0001338,ORD000673,PROD00039,,20
OI0001339,ORD000673,PROD00120,2.0,0
OI0001340,ORD000673,PROD00455,4.0,5
OI0001341,ORD000673,PROD00173,1.0,5
OI0001342,ORD000674,PROD00228,2.0,25
OI0001343,ORD000675,PROD00212,1.0,15
OI0001344,ORD000675,PROD00498,5.0,15
OI0001345,ORD000675,PROD00386,5.0,20
OI0001346,ORD000676,PROD00371,2.0,15
OI0001347,ORD000676,PROD00487,1.0,25
OI0001348,ORD000677,PROD00419,500.0,0
OI0001349,ORD000678,PROD00158,1.0,0
OI0001350,ORD000679,PROD00102,4.0,20
OI0001351,ORD000679,PROD00178,1.0,5
OI0001352,ORD000679,PROD00099,-1.0,10
OI0001353,ORD000679,PROD00541,5.0,0
OI0001354,ORD000680,PROD00458,4.0,10
OI0001355,ORD000680,PROD00554,2.0,0
OI0001356,ORD000681,PROD00055,1.0,20
OI0001357,ORD000682,PROD00137,2.0,20
OI0001358,ORD000683,PROD00098,2.0,15
OI0001359,ORD000683,PROD00460,2.0,25
OI0001360,ORD000683,PROD00094,5.0,0
OI0001361,ORD000683,PROD00200,1.0,15
OI0001362,ORD000684,PROD00363,10.0,10
OI0001363,ORD000684,PROD00205,10.0,15
OI0001364,ORD000684,PROD00099,-1.0,0
OI0001365,ORD000685,PROD00424,1.0,0
OI0001366,ORD000686,PROD00149,4.0,0
OI0001367,ORD000687,PROD00026,10.0,0
OI0001368,ORD000687,PROD00320,1.0,15
OI0001369,ORD000687,PROD00167,3.0,20
OI0001370,ORD000687,PROD00329,2.0,0
OI0001371,ORD000688,PROD00486,4.0,20
OI0001372,ORD000688,PROD00179,2.0,0
OI0001373,ORD000688,PROD00361,3.0,20
OI0001374,ORD000689,PROD00479,1.0,0
OI0001375,ORD000689,PROD00576,1.0,10
OI0001376,ORD000690,PROD00518,1.0,20
OI0001377,ORD000690,PROD00129,2.0,0
OI0001378,ORD000690,PROD00037,1.0,0
OI0001379,ORD000690,PROD00558,2.0,25
OI0001380,ORD000691,PROD00250,1.0,0
OI0001381,ORD000691,PROD00082,4.0,10
OI0001382,ORD000692,PROD00370,-1.0,5
OI0001383,ORD000693,PROD00300,1.0,5
OI0001384,ORD000694,PROD00382,1.0,15
OI0001385,ORD000695,PROD00547,1.0,0
OI0001386,ORD000695,PROD00514,5.0,0
OI0001387,ORD000696,PROD00384,4.0,25
OI0001388,ORD000696,PROD00129,2.0,25
OI0001389,ORD000697,PROD00121,3.0,25
OI0001390,ORD000698,PROD00553,1.0,10
OI0001391,ORD000699,PROD00188,1.0,5
OI0001392,ORD000700,PROD00291,-1.0,0
OI0001393,ORD000701,PROD00014,1.0,10
OI0001394,ORD000701,PROD00413,4.0,20
OI0001395,ORD000702,PROD00599,2.0,15
OI0001396,ORD000702,PROD00368,4.0,20
OI0001397,ORD000702,PROD00544,2.0,5
OI0001398,ORD000702,PROD00015,-1.0,0
OI0001399,ORD000703,PROD00255,2.0,0
OI0001400,ORD000703,PROD00593,2.0,0
OI0001401,ORD000703,PROD00221,2.0,0
OI0001402,ORD000704,PROD00507,1.0,20
OI0001403,ORD000704,PROD00565,5.0,0
OI0001404,ORD000705,PROD00500,2.0,0
OI0001405,ORD000705,PROD00230,4.0,0
OI0001406,ORD000706,PROD00225,5.0,10
OI0001407,ORD000706,PROD00108,1.0,20
OI0001408,ORD000706,PROD00441,2.0,20
OI0001409,ORD000707,PROD00243,1.0,10
OI0001410,ORD000708,PROD00077,10.0,15
OI0001411,ORD000709,PROD00192,10.0,20
OI0001412,ORD000709,PROD00298,1.0,0
OI0001413,ORD000709,PROD00513,2.0,5
OI0001414,ORD000710,PROD00302,2.0,0
OI0001415,ORD000711,PROD00528,2.0,0
OI0001416,ORD000712,PROD00339,-1.0,15
OI0001417,ORD000712,PROD00191,1.0,0
OI0001418,ORD000712,PROD00121,1.0,25
OI0001419,ORD000712,PROD00398,5.0,0
OI0001420,ORD000713,PROD00175,-1.0,0
OI0001421,ORD000713,PROD00313,-1.0,10
OI0001422,ORD000714,PROD00164,5.0,25
OI0001423,ORD000714,PROD00254,1.0,20
OI0001424,ORD000715,PROD00111,4.0,0
OI0001425,ORD000715,PROD00348,1.0,20
OI0001426,ORD000716,PROD00117,2.0,20
OI0001427,ORD000717,PROD00577,2.0,0
OI0001428,ORD000717,PROD00592,5.0,25
OI0001429,ORD000717,PROD00355,2.0,0
OI0001430,ORD000717,PROD00551,2.0,20
OI0001431,ORD000718,PROD00223,3.0,0
OI0001432,ORD000719,PROD00187,2.0,0
OI0001433,ORD000720,PROD00024,2.0,20
OI0001434,ORD000720,PROD00132,1.0,0
OI0001435,ORD000721,PROD00419,2.0,10
OI0001436,ORD000721,PROD00459,1.0,0
OI0001437,ORD000722,PROD00376,1.0,20
OI0001438,ORD000723,PROD00038,5.0,10
OI0001439,ORD000724,PROD00201,1.0,0
OI0001440,ORD000724,PROD00245,4.0,25
OI0001441,ORD000725,PROD00401,1.0,5
OI0001442,ORD000725,PROD00345,1.0,15
OI0001443,ORD000726,PROD00552,1.0,15
OI0001444,ORD000727,PROD00575,4.0,25
OI0001445,ORD000728,PROD00100,5.0,0
OI0001446,ORD000729,PROD00556,5.0,0
OI0001447,ORD000729,PROD00194,-1.0,15
OI0001448,ORD000730,PROD00310,1.0,0
OI0001449,ORD000731,PROD00070,3.0,20
OI0001450,ORD000731,PROD00563,1.0,0
OI0001451,ORD000732,PROD00565,5.0,10
OI0001452,ORD000733,PROD00209,2.0,25
OI0001453,ORD000733,PROD00192,5.0,15
OI0001454,ORD000733,PROD00450,1.0,20
OI0001455,ORD000733,PROD00495,1.0,5
OI0001456,ORD000734,PROD00015,-1.0,0
OI0001457,ORD000734,PROD00016,-1.0,15
OI0001458,ORD000735,PROD00125,1.0,20
OI0001459,ORD000736,PROD00029,2.0,5
OI0001460,ORD000736,PROD00483,1.0,0
OI0001461,ORD000737,PROD00454,2.0,10
OI0001462,ORD000737,PROD00492,4.0,25
OI0001463,ORD000737,PROD00245,5.0,15
OI0001464,ORD000738,PROD00453,10.0,10
OI0001465,ORD000738,PROD00045,10.0,0
OI0001466,ORD000738,PROD00230,2.0,20
OI0001467,ORD000738,PROD00353,1.0,25
OI0001468,ORD000739,PROD00589,-1.0,15
OI0001469,ORD000740,PROD00202,1.0,10
OI0001470,ORD000740,PROD00003,5.0,25
OI0001471,ORD000740,PROD00465,3.0,20
OI0001472,ORD000740,PROD00033,3.0,10
OI0001473,ORD000741,PROD00561,3.0,15
OI0001474,ORD000741,PROD00265,-1.0,0
OI0001475,ORD000741,PROD00453,1.0,0
OI0001476,ORD000742,PROD9691,10.0,10
OI0001477,ORD000742,PROD00382,1.0,15
OI0001478,ORD000742,PROD00018,2.0,20
OI0001479,ORD000743,PROD00069,-1.0,15
OI0001480,ORD000743,PROD00196,-1.0,15
OI0001481,ORD000743,PROD00244,5.0,25
OI0001482,ORD000743,PROD00189,5.0,0
OI0001483,ORD000744,PROD00570,1.0,10
OI0001484,ORD000744,PROD00350,1.0,0
OI0001485,ORD000744,PROD00563,1.0,20
OI0001486,ORD000744,PROD00075,1.0,0
OI0001487,ORD000745,PROD00358,5.0,20
OI0001488,ORD000746,PROD00163,1.0,0
OI0001489,ORD000746,PROD00050,1.0,20
OI0001490,ORD000747,PROD00343,10.0,15
OI0001491,ORD000747,PROD00256,2.0,25
OI0001492,ORD000748,PROD00551,1.0,25
OI0001493,ORD000748,PROD00275,-1.0,20
OI0001494,ORD000749,PROD00493,4.0,0
OI0001495,ORD000750,PROD00498,2.0,10
OI0001496,ORD000751,PROD00134,10.0,10
OI0001497,ORD000751,PROD00594,1.0,0
OI0001498,ORD000752,PROD00517,5.0,25
OI0001499,ORD000753,PROD00284,2.0,20
OI0001500,ORD000753,PROD00285,10.0,10
OI0001501,ORD000753,PROD00522,5.0,25
OI0001502,ORD000754,PROD00423,1.0,0
OI0001503,ORD000754,PROD00486,-1.0,10
OI0001504,ORD000755,PROD00133,4.0,10
OI0001505,ORD000756,PROD00121,1.0,5
OI0001506,ORD000756,PROD00410,3.0,0
OI0001507,ORD000757,PROD00450,2.0,15
OI0001508,ORD000758,PROD00336,10.0,15
OI0001509,ORD000759,PROD00419,1.0,0
OI0001510,ORD000760,PROD00557,1.0,0
OI0001511,ORD000760,PROD00131,2.0,5
OI0001512,ORD000760,PROD00076,10.0,10
OI0001513,ORD000761,PROD00199,1.0,15
OI0001514,ORD000762,PROD00484,4.0,10
OI0001515,ORD000762,PROD00032,1.0,15
OI0001516,ORD000762,PROD00344,10.0,10
OI0001517,ORD000762,PROD00220,4.0,10
OI0001518,ORD000763,PROD00244,3.0,0
OI0001519,ORD000764,PROD00245,10.0,20
OI0001520,ORD000765,PROD00164,1.0,0
OI0001521,ORD000766,PROD00471,4.0,15
OI0001522,ORD000767,PROD00275,1.0,15
OI0001523,ORD000767,PROD00114,2.0,0
OI0001524,ORD000767,PROD00216,5.0,5
OI0001525,ORD000767,PROD00280,10.0,0
OI0001526,ORD000768,PROD00293,2.0,0
OI0001527,ORD000768,PROD00435,4.0,20
OI0001528,ORD000769,PROD00123,500.0,15
OI0001529,ORD000769,PROD00593,10.0,20
OI0001530,ORD000770,PROD00047,4.0,0
OI0001531,ORD000770,PROD00431,2.0,10
OI0001532,ORD000770,PROD00111,2.0,0
OI0001533,ORD000770,PROD00142,-1.0,0
OI0001534,ORD000771,PROD00285,10.0,0
OI0001535,ORD000771,PROD00295,1.0,0
OI0001536,ORD000772,PROD00065,2.0,10
OI0001537,ORD000772,PROD00272,3.0,15
OI0001538,ORD000772,PROD00008,-1.0,20
OI0001539,ORD000773,PROD00593,3.0,15
OI0001540,ORD000774,PROD00019,3.0,20
OI0001541,ORD000774,PROD00191,1.0,10
OI0001542,ORD000775,PROD00215,2.0,0
OI0001543,ORD000775,PROD00471,2.0,10
OI0001544,ORD000775,PROD00117,1.0,15
OI0001545,ORD000775,PROD00112,1.0,0
OI0001546,ORD000776,PROD00585,10.0,20
OI0001547,ORD000776,PROD00352,2.0,0
OI0001548,ORD000777,PROD00282,2.0,25
OI0001549,ORD000778,PROD00436,1.0,5
OI0001550,ORD000779,PROD00509,1.0,0
OI0001551,ORD000779,PROD00066,1.0,5
OI0001552,ORD000779,PROD00082,-1.0,20
OI0001553,ORD000780,PROD00470,1.0,0
OI0001554,ORD000781,PROD00246,2.0,0
OI0001555,ORD000781,PROD00525,2.0,0
OI0001556,ORD000781,PROD00306,3.0,20
OI0001557,ORD000781,PROD00054,1.0,10
OI0001558,ORD000782,PROD00074,1.0,5
OI0001559,ORD000783,PROD00217,-1.0,25
OI0001560,ORD000784,PROD00315,-1.0,10
OI0001561,ORD000785,PROD00346,1.0,25
OI0001562,ORD000786,PROD00336,1.0,0
OI0001563,ORD000786,PROD00266,2.0,25
OI0001564,ORD000787,PROD00185,4.0,0
OI0001565,ORD000788,PROD00063,-1.0,15
OI0001566,ORD000789,PROD00206,1.0,0
OI0001567,ORD000789,PROD00196,1.0,0
OI0001568,ORD000789,PROD00039,5.0,10
OI0001569,ORD000790,PROD00036,500.0,25
OI0001570,ORD000790,PROD00450,1.0,5
OI0001571,ORD000791,PROD00444,1.0,0
OI0001572,ORD000791,PROD00263,1.0,5
OI0001573,ORD000792,PROD00424,4.0,5
OI0001574,ORD000793,PROD00108,1.0,10
OI0001575,ORD000794,PROD00574,3.0,25
OI0001576,ORD000794,PROD00490,5.0,20
OI0001577,ORD000795,PROD00053,3.0,10
OI0001578,ORD000796,PROD00443,4.0,10
OI0001579,ORD000797,PROD00458,1.0,0
OI0001580,ORD000797,PROD00032,1.0,0
OI0001581,ORD000798,PROD00318,10.0,25
OI0001582,ORD000798,PROD00290,2.0,0
OI0001583,ORD000799,PROD00366,5.0,15
OI0001584,ORD000799,PROD00261,1.0,0
OI0001585,ORD000800,PROD00090,3.0,5
OI0001586,ORD000800,PROD00531,3.0,25
OI0001587,ORD000801,PROD00256,5.0,5
OI0001588,ORD000801,PROD00148,5.0,25
OI0001589,ORD000801,PROD00571,4.0,25
OI0001590,ORD000801,PROD00462,4.0,10
OI0001591,ORD000802,PROD00421,2.0,25
OI0001592,ORD000802,PROD00056,1.0,5
OI0001593,ORD000802,PROD00196,5.0,20
OI0001594,ORD000802,PROD00184,1.0,0
OI0001595,ORD000803,PROD00060,5.0,10
OI0001596,ORD000803,PROD00579,5.0,20
OI0001597,ORD000803,PROD00501,1.0,15
OI0001598,ORD000803,PROD00253,1.0,15
OI0001599,ORD000804,PROD00287,10.0,0
OI0001600,ORD000805,PROD00190,4.0,0
OI0001601,ORD000805,PROD00196,-1.0,20
OI0001602,ORD000806,PROD00336,5.0,15
OI0001603,ORD000807,PROD00244,1.0,0
OI0001604,ORD000807,PROD00153,2.0,20
OI0001605,ORD000807,PROD00597,2.0,0
OI0001606,ORD000807,PROD00136,4.0,0
OI0001607,ORD000808,PROD00020,2.0,0
OI0001608,ORD000808,PROD00319,1.0,10
OI0001609,ORD000808,PROD00558,-1.0,10
OI0001610,ORD000809,PROD00181,1.0,10
OI0001611,ORD000810,PROD00176,10.0,0
OI0001612,ORD000810,PROD00446,10.0,20
OI0001613,ORD000811,PROD00519,5.0,0
OI0001614,ORD000812,PROD00542,3.0,15
OI0001615,ORD000813,PROD00586,1.0,15
OI0001616,ORD000813,PROD00317,4.0,15
OI0001617,ORD000814,PROD00471,3.0,20
OI0001618,ORD000815,PROD00448,2.0,10
OI0001619,ORD000816,PROD00555,1.0,0
OI0001620,ORD000817,PROD00262,2.0,0
OI0001621,ORD000818,PROD00213,1.0,25
OI0001622,ORD000818,PROD00104,3.0,0
OI0001623,ORD000818,PROD00549,1.0,0
OI0001624,ORD000818,PROD00339,10.0,0
OI0001625,ORD000819,PROD00025,1.0,15
OI0001626,ORD000819,PROD00262,2.0,0
OI0001627,ORD000820,PROD00100,2.0,15
OI0001628,ORD000820,PROD00407,10.0,0
OI0001629,ORD000821,PROD00244,1.0,10
OI0001630,ORD000821,PROD00574,2.0,25
OI0001631,ORD000821,PROD00420,3.0,20
OI0001632,ORD000822,PROD00288,1.0,25
OI0001633,ORD000823,PROD00450,1.0,20
OI0001634,ORD000823,PROD00233,1.0,0
OI0001635,ORD000824,PROD00595,5.0,25
OI0001636,ORD000824,PROD00202,3.0,0
OI0001637,ORD000825,PROD00306,5.0,0
OI0001638,ORD000825,PROD00427,1.0,10
OI0001639,ORD000826,PROD00397,3.0,5
OI0001640,ORD000826,PROD00323,-1.0,20
OI0001641,ORD000826,PROD00168,10.0,20
OI0001642,ORD000826,PROD00372,4.0,0
OI0001643,ORD000827,PROD00582,1.0,0
OI0001644,ORD000828,PROD00282,2.0,20
OI0001645,ORD000829,PROD00543,5.0,5
OI0001646,ORD000830,PROD00307,3.0,20
OI0001647,ORD000831,PROD00030,10.0,0
OI0001648,ORD000831,PROD00585,-1.0,0
OI0001649,ORD000832,PROD00126,4.0,5
OI0001650,ORD000832,PROD00053,1.0,10
OI0001651,ORD000832,PROD00315,1.0,20
OI0001652,ORD000832,PROD00091,1.0,20
OI0001653,ORD000833,PROD00534,1.0,0
OI0001654,ORD000833,PROD00575,-1.0,20
OI0001655,ORD000833,PROD00442,5.0,20
OI0001656,ORD000834,PROD00026,1.0,0
OI0001657,ORD000835,PROD00166,-1.0,5
OI0001658,ORD000835,PROD00483,1.0,0
OI0001659,ORD000835,PROD00218,1.0,5
OI0001660,ORD000835,PROD00421,1.0,10
OI0001661,ORD000836,PROD00581,-1.0,0
OI0001662,ORD000836,PROD00235,2.0,5
OI0001663,ORD000836,PROD00171,1.0,15
OI0001664,ORD000837,PROD00416,2.0,0
OI0001665,ORD000837,PROD00389,4.0,5
OI0001666,ORD000838,PROD00295,-1.0,0
OI0001667,ORD000839,PROD00536,1.0,25
OI0001668,ORD000839,PROD00146,2.0,0
OI0001669,ORD000840,PROD00554,2.0,20
OI0001670,ORD000840,PROD00333,5.0,10
OI0001671,ORD000841,PROD00425,2.0,0
OI0001672,ORD000842,PROD00404,-1.0,20
OI0001673,ORD000843,PROD00475,2.0,15
OI0001674,ORD000843,PROD00335,-1.0,15
OI0001675,ORD000843,PROD00486,1.0,25
OI0001676,ORD000843,PROD00171,5.0,0
OI0001677,ORD000844,PROD00317,2.0,15
OI0001678,ORD000844,PROD00214,5.0,0
OI0001679,ORD000845,PROD00361,5.0,15
OI0001680,ORD000846,PROD00264,2.0,25
OI0001681,ORD000846,PROD00440,1.0,0
OI0001682,ORD000846,PROD00407,-1.0,15
OI0001683,ORD000847,PROD00440,1.0,5
OI0001684,ORD000848,PROD00117,-1.0,10
OI0001685,ORD000848,PROD00120,10.0,5
OI0001686,ORD000848,PROD00568,1.0,15
OI0001687,ORD000849,PROD00442,1.0,25
OI0001688,ORD000849,PROD00279,1.0,15
OI0001689,ORD000849,PROD00470,2.0,25
OI0001690,ORD000849,PROD00392,-1.0,25
OI0001691,ORD000850,PROD00551,3.0,5
OI0001692,ORD000850,PROD00216,-1.0,0
OI0001693,ORD000850,PROD00504,2.0,20
OI0001694,ORD000850,PROD00332,3.0,0
OI0001695,ORD000851,PROD00466,-1.0,20
OI0001696,ORD000852,PROD00488,1.0,0
OI0001697,ORD000852,PROD00265,3.0,0
OI0001698,ORD000852,PROD00550,1.0,0
OI0001699,ORD000852,PROD00002,2.0,15
OI0001700,ORD000853,PROD00318,3.0,20
OI0001701,ORD000853,PROD00290,2.0,20
OI0001702,ORD000854,PROD00238,2.0,25
OI0001703,ORD000855,PROD00490,-1.0,15
OI0001704,ORD000855,PROD00352,10.0,20
OI0001705,ORD000855,PROD00563,1.0,15
OI0001706,ORD000856,PROD00538,3.0,25
OI0001707,ORD000857,PROD00233,5.0,20
OI0001708,ORD000858,PROD00197,-1.0,15
OI0001709,ORD000858,PROD00186,1.0,0
OI0001710,ORD000858,PROD00435,3.0,5
OI0001711,ORD000859,PROD00595,1.0,10
OI0001712,ORD000860,PROD00073,1.0,0
OI0001713,ORD000861,PROD00312,2.0,25
OI0001714,ORD000861,PROD00512,1.0,15
OI0001715,ORD000862,PROD00417,5.0,0
OI0001716,ORD000863,PROD00318,5.0,15
OI0001717,ORD000864,PROD00157,3.0,0
OI0001718,ORD000864,PROD00031,5.0,0
OI0001719,ORD000864,PROD00019,1.0,0
OI0001720,ORD000864,PROD00288,2.0,0
OI0001721,ORD000865,PROD00261,3.0,0
OI0001722,ORD000866,PROD00417,1.0,20
OI0001723,ORD000866,PROD00215,3.0,15
OI0001724,ORD000867,PROD00410,1.0,5
OI0001725,ORD000867,PROD00357,5.0,0
OI0001726,ORD000868,PROD00245,5.0,5
OI0001727,ORD000868,PROD00252,4.0,0
OI0001728,ORD000869,PROD00597,-1.0,5
OI0001729,ORD000870,PROD00235,1.0,0
OI0001730,ORD000870,PROD00316,2.0,0
OI0001731,ORD000871,PROD00299,5.0,10
OI0001732,ORD000872,PROD00216,3.0,0
OI0001733,ORD000873,PROD00202,4.0,0
OI0001734,ORD000873,PROD00570,10.0,15
OI0001735,ORD000873,PROD00024,2.0,25
OI0001736,ORD000873,PROD00377,-1.0,10
OI0001737,ORD000874,PROD00572,2.0,25
OI0001738,ORD000875,PROD00408,1.0,10
OI0001739,ORD000876,PROD00248,-1.0,20
OI0001740,ORD000876,PROD00495,-1.0,10
OI0001741,ORD000877,PROD00353,5.0,15
OI0001742,ORD000877,PROD00514,10.0,0
OI0001743,ORD000877,PROD00494,10.0,0
OI0001744,ORD000878,PROD00308,2.0,10
OI0001745,ORD000879,PROD00340,1.0,15
OI0001746,ORD000879,PROD00403,4.0,0
OI0001747,ORD000880,PROD00236,4.0,25
OI0001748,ORD000880,PROD00284,2.0,15
OI0001749,ORD000881,PROD00270,2.0,15
OI0001750,ORD000881,PROD00470,3.0,25
OI0001751,ORD000881,PROD00448,4.0,0
OI0001752,ORD000881,PROD00081,-1.0,10
OI0001753,ORD000882,PROD00253,10.0,20
OI0001754,ORD000883,PROD00453,-1.0,0
OI0001755,ORD000884,PROD00031,1.0,15
OI0001756,ORD000884,PROD00501,1.0,25
OI0001757,ORD000885,PROD00077,1.0,5
OI0001758,ORD000885,PROD00342,10.0,5
OI0001759,ORD000886,PROD00096,1.0,25
OI0001760,ORD000886,PROD00457,-1.0,15
OI0001761,ORD000887,PROD00457,-1.0,0
OI0001762,ORD000887,PROD00001,10.0,25
OI0001763,ORD000888,PROD00524,10.0,15
OI0001764,ORD000888,PROD00160,-1.0,25
OI0001765,ORD000888,PROD00314,1.0,0
OI0001766,ORD000889,PROD00169,3.0,10
OI0001767,ORD000889,PROD00256,1.0,5
OI0001768,ORD000890,PROD00117,-1.0,5
OI0001769,ORD000890,PROD00461,1.0,20
OI0001770,ORD000891,PROD00275,3.0,0
OI0001771,ORD000891,PROD00012,5.0,0
OI0001772,ORD000892,PROD00345,-1.0,5
OI0001773,ORD000893,PROD00596,3.0,25
OI0001774,ORD000893,PROD00114,4.0,20
OI0001775,ORD000893,PROD00554,1.0,5
OI0001776,ORD000894,PROD00401,1.0,0
OI0001777,ORD000895,PROD00555,1.0,25
OI0001778,ORD000896,PROD9493,-1.0,0
OI0001779,ORD000896,PROD00560,4.0,5
OI0001780,ORD000897,PROD00238,1.0,0
OI0001781,ORD000898,PROD00471,10.0,0
OI0001782,ORD000898,PROD00496,2.0,5
OI0001783,ORD000899,PROD00298,-1.0,0
OI0001784,ORD000900,PROD00285,3.0,20
OI0001785,ORD000900,PROD00249,500.0,10
OI0001786,ORD000901,PROD00197,10.0,20
OI0001787,ORD000901,PROD00408,2.0,10
OI0001788,ORD000901,PROD00283,1.0,10
OI0001789,ORD000901,PROD00265,4.0,20
OI0001790,ORD000902,PROD00409,-1.0,20
OI0001791,ORD000903,PROD00464,5.0,25
OI0001792,ORD000904,PROD00416,5.0,15
OI0001793,ORD000904,PROD00127,-1.0,15
OI0001794,ORD000905,PROD00567,4.0,0
OI0001795,ORD000906,PROD00211,1.0,25
OI0001796,ORD000907,PROD00590,1.0,25
OI0001797,ORD000908,PROD00334,1.0,20
OI0001798,ORD000908,PROD00220,2.0,0
OI0001799,ORD000908,PROD00042,1.0,25
OI0001800,ORD000909,PROD00387,2.0,25
OI0001801,ORD000909,PROD00296,2.0,0
OI0001802,ORD000910,PROD00314,-1.0,0
OI0001803,ORD000910,PROD00216,1.0,0
OI0001804,ORD000910,PROD00012,5.0,0
OI0001805,ORD000911,PROD00359,4.0,0
OI0001806,ORD000911,PROD00533,4.0,15
OI0001807,ORD000911,PROD00388,1.0,25
OI0001808,ORD000912,PROD00551,3.0,0
OI0001809,ORD000912,PROD00524,2.0,5
OI0001810,ORD000913,PROD00543,1.0,0
OI0001811,ORD000913,PROD00086,-1.0,5
OI0001812,ORD000914,PROD00202,-1.0,0
OI0001813,ORD000914,PROD00494,2.0,0
OI0001814,ORD000914,PROD00450,4.0,25
OI0001815,ORD000914,PROD00470,1.0,10
OI0001816,ORD000915,PROD00311,4.0,15
OI0001817,ORD000915,PROD00554,-1.0,5
OI0001818,ORD000915,PROD00001,1.0,10
OI0001819,ORD000916,PROD00423,5.0,5
OI0001820,ORD000916,PROD00430,2.0,15
OI0001821,ORD000917,PROD00305,-1.0,5
OI0001822,ORD000917,PROD00439,1.0,20
OI0001823,ORD000917,PROD00308,4.0,20
OI0001824,ORD000918,PROD00018,10.0,0
OI0001825,ORD000919,PROD00531,10.0,20
OI0001826,ORD000919,PROD00580,4.0,15
OI0001827,ORD000919,PROD00420,1.0,25
OI0001828,ORD000920,PROD00559,3.0,0
OI0001829,ORD000920,PROD00244,1.0,15
OI0001830,ORD000921,PROD00054,4.0,15
OI0001831,ORD000922,PROD00324,1.0,0
OI0001832,ORD000922,PROD00067,1.0,25
OI0001833,ORD000923,PROD00579,1.0,25
OI0001834,ORD000923,PROD00396,1.0,0
OI0001835,ORD000923,PROD00019,1.0,0
OI0001836,ORD000923,PROD00457,2.0,0
OI0001837,ORD000924,PROD00153,1.0,0
OI0001838,ORD000924,PROD00378,1.0,20
OI0001839,ORD000924,PROD00497,1.0,0
OI0001840,ORD000924,PROD00211,2.0,0
OI0001841,ORD000925,PROD00195,5.0,25
OI0001842,ORD000925,PROD00090,10.0,0
OI0001843,ORD000926,PROD00290,3.0,20
OI0001844,ORD000927,PROD00525,2.0,10
OI0001845,ORD000927,PROD00169,4.0,25
OI0001846,ORD000928,PROD00464,2.0,5
OI0001847,ORD000928,PROD00499,-1.0,0
OI0001848,ORD000928,PROD00371,10.0,10
OI0001849,ORD000929,PROD00232,4.0,20
OI0001850,ORD000930,PROD00556,3.0,15
OI0001851,ORD000930,PROD00547,4.0,0
OI0001852,ORD000931,PROD00241,2.0,5
OI0001853,ORD000932,PROD00246,-1.0,25
OI0001854,ORD000932,PROD00571,5.0,20
OI0001855,ORD000933,PROD00008,5.0,20
OI0001856,ORD000933,PROD00220,3.0,0
OI0001857,ORD000933,PROD00222,2.0,0
OI0001858,ORD000934,PROD00287,1.0,0
OI0001859,ORD000934,PROD00533,3.0,15
OI0001860,ORD000935,PROD00549,2.0,0
OI0001861,ORD000935,PROD00312,4.0,0
OI0001862,ORD000936,PROD00059,1.0,0
OI0001863,ORD000936,PROD00273,3.0,5
OI0001864,ORD000937,PROD00267,10.0,0
OI0001865,ORD000938,PROD00046,5.0,5
OI0001866,ORD000938,PROD00591,3.0,25
OI0001867,ORD000939,PROD00121,2.0,15
OI0001868,ORD000940,PROD00095,2.0,20
OI0001869,ORD000940,PROD00279,4.0,0
OI0001870,ORD000941,PROD00341,10.0,0
OI0001871,ORD000941,PROD00223,1.0,5
OI0001872,ORD000941,PROD00176,4.0,0
OI0001873,ORD000942,PROD00419,1.0,0
OI0001874,ORD000942,PROD00467,2.0,10
OI0001875,ORD000943,PROD00414,1.0,15
OI0001876,ORD000943,PROD00203,1.0,15
OI0001877,ORD000944,PROD00212,10.0,15
OI0001878,ORD000944,PROD00507,1.0,5
OI0001879,ORD000944,PROD00413,1.0,0
OI0001880,ORD000944,PROD00520,10.0,0
OI0001881,ORD000945,PROD00503,2.0,25
OI0001882,ORD000945,PROD00021,5.0,20
OI0001883,ORD000946,PROD00315,10.0,15
OI0001884,ORD000946,PROD00091,4.0,0
OI0001885,ORD000947,PROD00467,4.0,5
OI0001886,ORD000948,PROD00484,3.0,25
OI0001887,ORD000949,PROD00244,1.0,25
OI0001888,ORD000949,PROD00416,10.0,0
OI0001889,ORD000950,PROD00199,5.0,0
OI0001890,ORD000951,PROD00484,10.0,25
OI0001891,ORD000951,PROD00025,1.0,20
OI0001892,ORD000952,PROD00310,1.0,25
OI0001893,ORD000952,PROD00158,4.0,5
OI0001894,ORD000952,PROD00442,5.0,0
OI0001895,ORD000952,PROD00274,2.0,10
OI0001896,ORD000953,PROD00390,2.0,10
OI0001897,ORD000953,PROD00273,1.0,0
OI0001898,ORD000954,PROD00544,4.0,10
OI0001899,ORD000954,PROD00013,1.0,15
OI0001900,ORD000955,PROD00182,1.0,0
OI0001901,ORD000955,PROD00462,3.0,0
OI0001902,ORD000956,PROD00472,5.0,0
OI0001903,ORD000957,PROD00163,1.0,25
OI0001904,ORD000957,PROD00581,4.0,0
OI0001905,ORD000958,PROD00312,-1.0,10
OI0001906,ORD000958,PROD00102,2.0,15
OI0001907,ORD000958,PROD00124,1.0,0
OI0001908,ORD000959,PROD00153,1.0,15
OI0001909,ORD000959,PROD00593,5.0,20
OI0001910,ORD000960,PROD00284,5.0,0
OI0001911,ORD000961,PROD00079,10.0,15
OI0001912,ORD000961,PROD00104,1.0,25
OI0001913,ORD000962,PROD9792,2.0,0
OI0001914,ORD000962,PROD00114,-1.0,0
OI0001915,ORD000962,PROD00442,5.0,0
OI0001916,ORD000962,PROD00096,1.0,25
OI0001917,ORD000963,PROD00174,-1.0,15
OI0001918,ORD000963,PROD00113,1.0,0
OI0001919,ORD000963,PROD00191,-1.0,0
OI0001920,ORD000964,PROD00377,5.0,20
OI0001921,ORD000965,PROD00446,-1.0,5
OI0001922,ORD000965,PROD00190,1.0,0
OI0001923,ORD000966,PROD00269,5.0,25
OI0001924,ORD000966,PROD00560,1.0,0
OI0001925,ORD000967,PROD00493,1.0,0
OI0001926,ORD000967,PROD00401,5.0,0
OI0001927,ORD000968,PROD00130,2.0,0
OI0001928,ORD000968,PROD00336,3.0,10
OI0001929,ORD000969,PROD00198,1.0,0
OI0001930,ORD000969,PROD00171,4.0,15
OI0001931,ORD000970,PROD00468,5.0,15
OI0001932,ORD000970,PROD00579,10.0,0
OI0001933,ORD000971,PROD00080,10.0,0
OI0001934,ORD000972,PROD00254,5.0,0
OI0001935,ORD000972,PROD00121,500.0,10
OI0001936,ORD000973,PROD00428,1.0,0
OI0001937,ORD000974,PROD00525,1.0,0
OI0001938,ORD000974,PROD00311,2.0,10
OI0001939,ORD000975,PROD00155,10.0,0
OI0001940,ORD000975,PROD00230,3.0,5
OI0001941,ORD000975,PROD00463,2.0,0
OI0001942,ORD000976,PROD00173,10.0,0
OI0001943,ORD000977,PROD00305,10.0,20
OI0001944,ORD000977,PROD00419,1.0,20
OI0001945,ORD000977,PROD00387,2.0,5
OI0001946,ORD000977,PROD00352,2.0,0
OI0001947,ORD000978,PROD00311,500.0,10
OI0001948,ORD000979,PROD00298,5.0,25
OI0001949,ORD000980,PROD00088,4.0,25
OI0001950,ORD000980,PROD00153,2.0,15
OI0001951,ORD000980,PROD00289,2.0,5
OI0001952,ORD000980,PROD00339,1.0,0
OI0001953,ORD000981,PROD00440,3.0,0
OI0001954,ORD000981,PROD00219,3.0,20
OI0001955,ORD000981,PROD00559,10.0,20
OI0001956,ORD000981,PROD00102,-1.0,0
OI0001957,ORD000982,PROD00042,1.0,0
OI0001958,ORD000983,PROD00289,4.0,25
OI0001959,ORD000983,PROD00213,5.0,0
OI0001960,ORD000984,PROD00069,1.0,5
OI0001961,ORD000985,PROD00365,5.0,15
OI0001962,ORD000986,PROD00083,-1.0,10
OI0001963,ORD000986,PROD00185,3.0,25
OI0001964,ORD000986,PROD00085,2.0,25
OI0001965,ORD000986,PROD00450,,0
OI0001966,ORD000987,PROD00095,2.0,15
OI0001967,ORD000988,PROD00153,2.0,25
OI0001968,ORD000988,PROD00136,3.0,0
OI0001969,ORD000989,PROD00591,10.0,20
OI0001970,ORD000989,PROD00268,500.0,0
OI0001971,ORD000989,PROD00122,2.0,0
OI0001972,ORD000989,PROD00135,2.0,20
OI0001973,ORD000990,PROD00474,10.0,0
OI0001974,ORD000990,PROD00108,1.0,0
OI0001975,ORD000990,PROD00221,2.0,0
OI0001976,ORD000991,PROD00271,2.0,0
OI0001977,ORD000992,PROD00009,1.0,10
OI0001978,ORD000993,PROD00099,1.0,5
OI0001979,ORD000994,PROD00458,1.0,25
OI0001980,ORD000995,PROD00112,2.0,15
OI0001981,ORD000995,PROD00417,2.0,5
OI0001982,ORD000996,PROD00069,1.0,0
OI0001983,ORD000997,PROD00014,2.0,5
OI0001984,ORD000998,PROD00480,2.0,25
OI0001985,ORD000998,PROD00068,1.0,0
OI0001986,ORD000999,PROD00288,1.0,0
OI0001987,ORD000999,PROD00191,2.0,15
OI0001988,ORD000999,PROD00026,2.0,25
OI0001989,ORD001000,PROD00130,3.0,0
OI0001990,ORD001000,PROD00404,5.0,20
OI0001991,ORD001001,PROD00572,1.0,25
OI0001992,ORD001002,PROD00056,4.0,10
OI0001993,ORD001003,PROD00354,3.0,20
OI0001994,ORD001004,PROD00260,2.0,15
OI0001995,ORD001005,PROD00017,10.0,10
OI0001996,ORD001005,PROD00293,5.0,15
OI0001997,ORD001006,PROD00095,1.0,10
OI0001998,ORD001007,PROD00222,5.0,10
OI0001999,ORD001007,PROD00537,3.0,0
OI0002000,ORD001008,PROD00562,-1.0,0
OI0002001,ORD001009,PROD00282,2.0,0
OI0002002,ORD001009,PROD00134,1.0,10
OI0002003,ORD001010,PROD00528,1.0,5
OI0002004,ORD001010,PROD00577,1.0,25
OI0002005,ORD001011,PROD00353,3.0,0
OI0002006,ORD001011,PROD00029,2.0,20
OI0002007,ORD001011,PROD00365,2.0,20
OI0002008,ORD001011,PROD00290,3.0,0
OI0002009,ORD001012,PROD00245,10.0,25
OI0002010,ORD001013,PROD00195,1.0,25
OI0002011,ORD001013,PROD00181,2.0,15
OI0002012,ORD001013,PROD00428,5.0,25
OI0002013,ORD001014,PROD00184,2.0,10
OI0002014,ORD001015,PROD00445,4.0,5
OI0002015,ORD001016,PROD00024,10.0,0
OI0002016,ORD001016,PROD00219,1.0,0
OI0002017,ORD001016,PROD00421,2.0,25
OI0002018,ORD001016,PROD00129,1.0,5
OI0002019,ORD001017,PROD00355,4.0,10
OI0002020,ORD001017,PROD00415,3.0,0
OI0002021,ORD001017,PROD00514,2.0,20
OI0002022,ORD001017,PROD00340,-1.0,15
OI0002023,ORD001018,PROD00504,1.0,10
OI0002024,ORD001019,PROD00202,10.0,0
OI0002025,ORD001019,PROD00200,2.0,0
OI0002026,ORD001020,PROD00564,1.0,5
OI0002027,ORD001020,PROD00165,2.0,0
OI0002028,ORD001020,PROD00100,1.0,0
OI0002029,ORD001021,PROD00539,2.0,0
OI0002030,ORD001021,PROD00405,3.0,0
OI0002031,ORD001021,PROD00135,10.0,0
OI0002032,ORD001021,PROD00038,3.0,0
OI0002033,ORD001022,PROD00596,1.0,5
OI0002034,ORD001022,PROD00062,-1.0,15
OI0002035,ORD001023,PROD00252,5.0,10
OI0002036,ORD001024,PROD00485,4.0,0
OI0002037,ORD001024,PROD9112,1.0,0
OI0002038,ORD001025,PROD00252,1.0,20
OI0002039,ORD001025,PROD00413,2.0,10
OI0002040,ORD001026,PROD00502,1.0,25
OI0002041,ORD001026,PROD00553,1.0,0
OI0002042,ORD001027,PROD00209,4.0,0
OI0002043,ORD001027,PROD00215,1.0,15
OI0002044,ORD001028,PROD00133,1.0,20
OI0002045,ORD001029,PROD00181,10.0,15
OI0002046,ORD001029,PROD00410,1.0,5
OI0002047,ORD001030,PROD00380,10.0,0
OI0002048,ORD001031,PROD00513,2.0,0
OI0002049,ORD001031,PROD00565,1.0,25
OI0002050,ORD001032,PROD00520,2.0,15
OI0002051,ORD001032,PROD00286,1.0,20
OI0002052,ORD001033,PROD00104,1.0,0
OI0002053,ORD001033,PROD00507,1.0,0
OI0002054,ORD001033,PROD00038,1.0,10
OI0002055,ORD001034,PROD00304,2.0,0
OI0002056,ORD001034,PROD9607,2.0,0
OI0002057,ORD001034,PROD00334,4.0,0
OI0002058,ORD001035,PROD00509,1.0,10
OI0002059,ORD001035,PROD00262,10.0,5
OI0002060,ORD001035,PROD00393,3.0,0
OI0002061,ORD001036,PROD00151,4.0,15
OI0002062,ORD001036,PROD00180,5.0,25
OI0002063,ORD001036,PROD00387,1.0,25
OI0002064,ORD001036,PROD00242,-1.0,10
OI0002065,ORD001037,PROD00314,1.0,10
OI0002066,ORD001037,PROD00191,3.0,0
OI0002067,ORD001037,PROD00163,-1.0,0
OI0002068,ORD001038,PROD00269,2.0,10
OI0002069,ORD001038,PROD00012,-1.0,5
OI0002070,ORD001039,PROD00180,10.0,0
OI0002071,ORD001040,PROD00221,2.0,0
OI0002072,ORD001040,PROD00118,1.0,0
OI0002073,ORD001040,PROD00583,1.0,0
OI0002074,ORD001041,PROD00152,10.0,25
OI0002075,ORD001041,PROD00135,1.0,10
OI0002076,ORD001042,PROD00597,5.0,0
OI0002077,ORD001042,PROD00128,10.0,5
OI0002078,ORD001043,PROD00244,2.0,10
OI0002079,ORD001044,PROD00184,10.0,5
OI0002080,ORD001044,PROD00533,4.0,5
OI0002081,ORD001045,PROD00538,10.0,5
OI0002082,ORD001045,PROD00153,5.0,25
OI0002083,ORD001046,PROD00513,2.0,0
OI0002084,ORD001046,PROD00168,2.0,0
OI0002085,ORD001047,PROD00193,2.0,15
OI0002086,ORD001047,PROD00396,10.0,20
OI0002087,ORD001048,PROD00399,1.0,0
OI0002088,ORD001049,PROD00592,1.0,25
OI0002089,ORD001050,PROD00329,3.0,0
OI0002090,ORD001050,PROD00486,2.0,20
OI0002091,ORD001051,PROD00258,2.0,0
OI0002092,ORD001051,PROD00050,4.0,0
OI0002093,ORD001051,PROD00307,2.0,0
OI0002094,ORD001051,PROD00235,2.0,0
OI0002095,ORD001052,PROD00211,1.0,5
OI0002096,ORD001053,PROD00045,2.0,10
OI0002097,ORD001053,PROD00046,1.0,5
OI0002098,ORD001054,PROD00338,10.0,25
OI0002099,ORD001055,PROD00184,1.0,5
OI0002100,ORD001056,PROD00043,2.0,0
OI0002101,ORD001056,PROD00171,1.0,25
OI0002102,ORD001057,PROD00311,10.0,20
OI0002103,ORD001058,PROD00090,2.0,10
OI0002104,ORD001059,PROD00039,1.0,5
OI0002105,ORD001060,PROD00544,1.0,0
OI0002106,ORD001060,PROD00320,1.0,0
OI0002107,ORD001061,PROD00187,3.0,10
OI0002108,ORD001062,PROD00341,1.0,0
OI0002109,ORD001063,PROD00480,3.0,20
OI0002110,ORD001064,PROD00560,4.0,25
OI0002111,ORD001064,PROD00507,5.0,15
OI0002112,ORD001065,PROD00080,3.0,15
OI0002113,ORD001066,PROD00099,1.0,5
OI0002114,ORD001066,PROD00443,5.0,5
OI0002115,ORD001067,PROD00453,2.0,0
OI0002116,ORD001068,PROD00008,2.0,10
OI0002117,ORD001069,PROD00192,-1.0,0
OI0002118,ORD001069,PROD00569,4.0,10
OI0002119,ORD001069,PROD00167,2.0,5
OI0002120,ORD001070,PROD00235,-1.0,5
OI0002121,ORD001070,PROD00105,10.0,0
OI0002122,ORD001070,PROD00118,-1.0,5
OI0002123,ORD001070,PROD00125,2.0,15
OI0002124,ORD001071,PROD00278,1.0,0
OI0002125,ORD001071,PROD00362,2.0,0
OI0002126,ORD001072,PROD00379,4.0,15
OI0002127,ORD001072,PROD00088,-1.0,0
OI0002128,ORD001072,PROD00269,2.0,25
OI0002129,ORD001073,PROD00440,1.0,0
OI0002130,ORD001074,PROD00304,2.0,25
OI0002131,ORD001074,PROD00087,2.0,0
OI0002132,ORD001075,PROD00583,5.0,5
OI0002133,ORD001075,PROD00447,4.0,15
OI0002134,ORD001075,PROD00521,2.0,15
OI0002135,ORD001075,PROD00018,3.0,15
OI0002136,ORD001076,PROD00354,2.0,20
OI0002137,ORD001077,PROD00101,1.0,0
OI0002138,ORD001078,PROD00411,2.0,0
OI0002139,ORD001078,PROD00326,-1.0,20
OI0002140,ORD001079,PROD00381,1.0,25
OI0002141,ORD001079,PROD00526,3.0,0
OI0002142,ORD001079,PROD00202,2.0,20
OI0002143,ORD001079,PROD9443,2.0,0
OI0002144,ORD001080,PROD00387,2.0,20
OI0002145,ORD001080,PROD00350,1.0,20
OI0002146,ORD001080,PROD00119,1.0,20
OI0002147,ORD001081,PROD00184,2.0,0
OI0002148,ORD001081,PROD00043,1.0,15
OI0002149,ORD001082,PROD00097,4.0,0
OI0002150,ORD001083,PROD00212,1.0,0
OI0002151,ORD001084,PROD00238,2.0,15
OI0002152,ORD001085,PROD00099,3.0,5
OI0002153,ORD001085,PROD00142,1.0,0
OI0002154,ORD001086,PROD00418,1.0,0
OI0002155,ORD001087,PROD00007,-1.0,0
OI0002156,ORD001087,PROD00589,1.0,0
OI0002157,ORD001088,PROD00011,2.0,10
OI0002158,ORD001088,PROD00166,1.0,0
OI0002159,ORD001089,PROD00166,1.0,5
OI0002160,ORD001090,PROD00420,4.0,25
OI0002161,ORD001091,PROD00029,-1.0,15
OI0002162,ORD001092,PROD00079,-1.0,0
OI0002163,ORD001093,PROD00188,1.0,0
OI0002164,ORD001093,PROD00149,3.0,0
OI0002165,ORD001093,PROD00513,10.0,0
OI0002166,ORD001093,PROD00189,1.0,0
OI0002167,ORD001094,PROD00576,2.0,15
OI0002168,ORD001094,PROD00091,4.0,10
OI0002169,ORD001095,PROD00248,4.0,0
OI0002170,ORD001095,PROD00273,3.0,10
OI0002171,ORD001095,PROD00053,2.0,25
OI0002172,ORD001096,PROD00296,5.0,10
OI0002173,ORD001096,PROD00071,4.0,0
OI0002174,ORD001096,PROD00254,2.0,0
OI0002175,ORD001096,PROD00519,2.0,15
OI0002176,ORD001097,PROD00200,10.0,0
OI0002177,ORD001098,PROD00135,4.0,20
OI0002178,ORD001098,PROD00299,1.0,20
OI0002179,ORD001099,PROD00377,3.0,0
OI0002180,ORD001100,PROD00142,500.0,0
OI0002181,ORD001100,PROD00301,3.0,0
OI0002182,ORD001101,PROD00158,-1.0,10
OI0002183,ORD001102,PROD00357,1.0,0
OI0002184,ORD001103,PROD00009,1.0,25
OI0002185,ORD001104,PROD00411,2.0,25
OI0002186,ORD001104,PROD00251,4.0,5
OI0002187,ORD001105,PROD00396,1.0,0
OI0002188,ORD001105,PROD00277,3.0,0
OI0002189,ORD001105,PROD00553,-1.0,5
OI0002190,ORD001106,PROD00153,3.0,20
OI0002191,ORD001106,PROD00193,10.0,20
OI0002192,ORD001107,PROD00243,2.0,15
OI0002193,ORD001108,PROD00506,1.0,0
OI0002194,ORD001108,PROD00041,4.0,10
OI0002195,ORD001109,PROD00200,10.0,10
OI0002196,ORD001110,PROD00343,3.0,0
OI0002197,ORD001111,PROD00216,1.0,10
OI0002198,ORD001112,PROD00378,1.0,5
OI0002199,ORD001112,PROD00321,1.0,25
OI0002200,ORD001112,PROD00597,1.0,25
OI0002201,ORD001112,PROD00449,5.0,5
OI0002202,ORD001113,PROD00322,1.0,15
OI0002203,ORD001113,PROD00036,2.0,0
OI0002204,ORD001114,PROD00453,4.0,20
OI0002205,ORD001114,PROD00130,1.0,0
OI0002206,ORD001115,PROD00114,2.0,0
OI0002207,ORD001115,PROD00434,5.0,15
OI0002208,ORD001115,PROD00343,1.0,0
OI0002209,ORD001115,PROD00414,1.0,0
OI0002210,ORD001116,PROD00233,10.0,0
OI0002211,ORD001116,PROD00318,10.0,0
OI0002212,ORD001116,PROD00192,10.0,10
OI0002213,ORD001116,PROD00511,-1.0,25
OI0002214,ORD001117,PROD00087,2.0,20
OI0002215,ORD001118,PROD00375,4.0,0
OI0002216,ORD001118,PROD00288,2.0,20
OI0002217,ORD001118,PROD00096,1.0,0
OI0002218,ORD001118,PROD00086,2.0,10
OI0002219,ORD001119,PROD00281,2.0,0
OI0002220,ORD001120,PROD00205,4.0,25
OI0002221,ORD001121,PROD00107,5.0,15
OI0002222,ORD001121,PROD00042,10.0,10
OI0002223,ORD001122,PROD00142,2.0,25
OI0002224,ORD001123,PROD00450,1.0,25
OI0002225,ORD001123,PROD00503,4.0,5
OI0002226,ORD001124,PROD00283,4.0,15
OI0002227,ORD001125,PROD00402,-1.0,0
OI0002228,ORD001126,PROD00428,2.0,0
OI0002229,ORD001127,PROD00405,1.0,5
OI0002230,ORD001127,PROD9942,4.0,15
OI0002231,ORD001127,PROD00325,5.0,0
OI0002232,ORD001128,PROD00280,10.0,10
OI0002233,ORD001128,PROD00440,1.0,0
OI0002234,ORD001128,PROD00025,4.0,0
OI0002235,ORD001129,PROD00333,4.0,25
OI0002236,ORD001130,PROD00429,5.0,10
OI0002237,ORD001131,PROD00149,-1.0,0
OI0002238,ORD001131,PROD00017,5.0,25
OI0002239,ORD001132,PROD00573,-1.0,10
OI0002240,ORD001132,PROD00328,2.0,5
OI0002241,ORD001133,PROD00593,2.0,25
OI0002242,ORD001134,PROD00585,3.0,20
OI0002243,ORD001134,PROD00582,1.0,10
OI0002244,ORD001134,PROD00600,-1.0,10
OI0002245,ORD001134,PROD00574,1.0,10
OI0002246,ORD001135,PROD00524,1.0,15
OI0002247,ORD001136,PROD00153,1.0,20
OI0002248,ORD001136,PROD00311,1.0,0
OI0002249,ORD001136,PROD00147,2.0,5
OI0002250,ORD001136,PROD00244,2.0,10
OI0002251,ORD001137,PROD00555,1.0,15
OI0002252,ORD001138,PROD00392,10.0,5
OI0002253,ORD001138,PROD00164,2.0,25
OI0002254,ORD001138,PROD00099,2.0,5
OI0002255,ORD001138,PROD00303,10.0,20
OI0002256,ORD001139,PROD00450,1.0,15
OI0002257,ORD001140,PROD00316,2.0,25
OI0002258,ORD001140,PROD00461,3.0,0
OI0002259,ORD001141,PROD00272,2.0,0
OI0002260,ORD001142,PROD00226,5.0,15
OI0002261,ORD001142,PROD00439,-1.0,15
OI0002262,ORD001143,PROD00043,1.0,0
OI0002263,ORD001143,PROD00319,4.0,0
OI0002264,ORD001144,PROD00251,-1.0,10
OI0002265,ORD001145,PROD00468,3.0,10
OI0002266,ORD001146,PROD00154,2.0,10
OI0002267,ORD001146,PROD00148,3.0,25
OI0002268,ORD001146,PROD00058,1.0,0
OI0002269,ORD001146,PROD00085,2.0,10
OI0002270,ORD001147,PROD00270,1.0,0
OI0002271,ORD001147,PROD00512,10.0,25
OI0002272,ORD001147,PROD00141,2.0,15
OI0002273,ORD001148,PROD00460,3.0,0
OI0002274,ORD001148,PROD00557,4.0,0
OI0002275,ORD001148,PROD00417,1.0,25
OI0002276,ORD001148,PROD00432,1.0,20
OI0002277,ORD001149,PROD00387,1.0,15
OI0002278,ORD001149,PROD00026,1.0,15
OI0002279,ORD001149,PROD00038,1.0,15
OI0002280,ORD001149,PROD00115,2.0,0
OI0002281,ORD001150,PROD00158,10.0,10
OI0002282,ORD001150,PROD00169,2.0,25
OI0002283,ORD001151,PROD00331,1.0,15
OI0002284,ORD001152,PROD00435,5.0,0
OI0002285,ORD001152,PROD00191,5.0,25
OI0002286,ORD001152,PROD00600,4.0,20
OI0002287,ORD001153,PROD00020,1.0,0
OI0002288,ORD001153,PROD00192,-1.0,0
OI0002289,ORD001154,PROD00367,1.0,0
OI0002290,ORD001154,PROD00211,1.0,0
OI0002291,ORD001154,PROD00042,2.0,0
OI0002292,ORD001154,PROD00349,1.0,15
OI0002293,ORD001155,PROD00447,4.0,15
OI0002294,ORD001155,PROD00146,2.0,0
OI0002295,ORD001156,PROD00218,1.0,15
OI0002296,ORD001156,PROD00211,3.0,10
OI0002297,ORD001156,PROD00372,4.0,10
OI0002298,ORD001157,PROD00076,4.0,0
OI0002299,ORD001157,PROD00019,1.0,0
OI0002300,ORD001157,PROD00050,2.0,0
OI0002301,ORD001158,PROD00423,10.0,25
OI0002302,ORD001159,PROD00505,1.0,0
OI0002303,ORD001159,PROD00452,2.0,20
OI0002304,ORD001159,PROD00418,2.0,10
OI0002305,ORD001160,PROD00570,500.0,25
OI0002306,ORD001160,PROD00325,10.0,25
OI0002307,ORD001160,PROD00378,10.0,10
OI0002308,ORD001160,PROD00436,10.0,0
OI0002309,ORD001161,PROD00468,2.0,0
OI0002310,ORD001162,PROD00295,10.0,0
OI0002311,ORD001163,PROD00250,2.0,25
OI0002312,ORD001163,PROD00245,5.0,20
OI0002313,ORD001163,PROD00171,1.0,0
OI0002314,ORD001163,PROD00410,1.0,25
OI0002315,ORD001164,PROD00453,2.0,5
OI0002316,ORD001164,PROD00453,2.0,15
OI0002317,ORD001165,PROD00313,2.0,0
OI0002318,ORD001165,PROD00528,,0
OI0002319,ORD001166,PROD00330,-1.0,15
OI0002320,ORD001166,PROD00553,4.0,20
OI0002321,ORD001166,PROD00434,3.0,10
OI0002322,ORD001166,PROD00106,2.0,0
OI0002323,ORD001167,PROD00341,1.0,15
OI0002324,ORD001167,PROD00288,5.0,25
OI0002325,ORD001168,PROD00138,2.0,10
OI0002326,ORD001168,PROD00092,3.0,20
OI0002327,ORD001169,PROD00499,4.0,25
OI0002328,ORD001169,PROD00195,-1.0,5
OI0002329,ORD001169,PROD00340,-1.0,10
OI0002330,ORD001169,PROD00415,1.0,10
OI0002331,ORD001170,PROD00251,2.0,15
OI0002332,ORD001171,PROD00432,1.0,0
OI0002333,ORD001172,PROD00191,10.0,0
OI0002334,ORD001172,PROD00079,1.0,0
OI0002335,ORD001172,PROD00019,3.0,20
OI0002336,ORD001172,PROD00429,1.0,10
OI0002337,ORD001173,PROD00295,1.0,20
OI0002338,ORD001173,PROD00121,2.0,0
OI0002339,ORD001174,PROD00341,3.0,0
OI0002340,ORD001174,PROD00243,2.0,5
OI0002341,ORD001175,PROD00563,1.0,10
OI0002342,ORD001175,PROD00177,4.0,0
OI0002343,ORD001176,PROD00598,1.0,10
OI0002344,ORD001176,PROD00181,4.0,0
OI0002345,ORD001177,PROD00502,-1.0,25
OI0002346,ORD001177,PROD00061,4.0,0
OI0002347,ORD001178,PROD00168,2.0,20
OI0002348,ORD001179,PROD00057,10.0,25
OI0002349,ORD001179,PROD00319,1.0,25
OI0002350,ORD001179,PROD00295,1.0,0
OI0002351,ORD001180,PROD00084,2.0,0
OI0002352,ORD001180,PROD00149,2.0,25
OI0002353,ORD001181,PROD00449,1.0,0
OI0002354,ORD001181,PROD00026,1.0,0
OI0002355,ORD001182,PROD00114,1.0,20
OI0002356,ORD001183,PROD00314,10.0,0
OI0002357,ORD001183,PROD00510,3.0,15
OI0002358,ORD001183,PROD00349,5.0,10
OI0002359,ORD001184,PROD00088,1.0,0
OI0002360,ORD001185,PROD00094,1.0,0
OI0002361,ORD001186,PROD00582,3.0,0
OI0002362,ORD001187,PROD00400,1.0,0
OI0002363,ORD001187,PROD00544,1.0,0
OI0002364,ORD001188,PROD00465,-1.0,10
OI0002365,ORD001188,PROD00042,2.0,0
OI0002366,ORD001188,PROD00154,5.0,20
OI0002367,ORD001188,PROD00142,4.0,10
OI0002368,ORD001189,PROD00215,5.0,0
OI0002369,ORD001189,PROD00136,1.0,0
OI0002370,ORD001190,PROD00216,3.0,0
OI0002371,ORD001190,PROD00289,10.0,5
OI0002372,ORD001190,PROD00361,1.0,25
OI0002373,ORD001191,PROD00072,2.0,0
OI0002374,ORD001192,PROD00090,1.0,5
OI0002375,ORD001193,PROD00316,1.0,0
OI0002376,ORD001193,PROD00176,2.0,25
OI0002377,ORD001194,PROD00356,5.0,25
OI0002378,ORD001194,PROD00523,3.0,15
OI0002379,ORD001195,PROD00353,4.0,0
OI0002380,ORD001195,PROD00551,5.0,20
OI0002381,ORD001196,PROD00507,1.0,25
OI0002382,ORD001197,PROD00501,2.0,0
OI0002383,ORD001197,PROD00585,4.0,0
OI0002384,ORD001197,PROD00474,2.0,25
OI0002385,ORD001197,PROD00406,1.0,0
OI0002386,ORD001198,PROD00524,1.0,10
OI0002387,ORD001199,PROD00551,-1.0,0
OI0002388,ORD001200,PROD00221,1.0,25
OI0002389,ORD001200,PROD00277,10.0,20
OI0002390,ORD001200,PROD00469,4.0,0
OI0002391,ORD001200,PROD00534,1.0,0
OI0002392,ORD001201,PROD00397,-1.0,20
OI0002393,ORD001202,PROD00158,2.0,0
OI0002394,ORD001202,PROD00114,-1.0,10
OI0002395,ORD001202,PROD00348,10.0,10
OI0002396,ORD001203,PROD00254,1.0,0
OI0002397,ORD001204,PROD00271,1.0,0
OI0002398,ORD001204,PROD00418,1.0,0
OI0002399,ORD001205,PROD00088,10.0,10
OI0002400,ORD001205,PROD00388,4.0,5
OI0002401,ORD001205,PROD00244,1.0,15
OI0002402,ORD001206,PROD00158,4.0,0
OI0002403,ORD001207,PROD00537,2.0,10
OI0002404,ORD001207,PROD00266,10.0,25
OI0002405,ORD001207,PROD00531,2.0,0
OI0002406,ORD001207,PROD00474,-1.0,0
OI0002407,ORD001208,PROD00055,3.0,0
OI0002408,ORD001208,PROD00585,-1.0,15
OI0002409,ORD001208,PROD00124,10.0,25
OI0002410,ORD001209,PROD00142,1.0,25
OI0002411,ORD001209,PROD00055,2.0,15
OI0002412,ORD001210,PROD00214,10.0,0
OI0002413,ORD001210,PROD00386,500.0,0
OI0002414,ORD001210,PROD00106,5.0,0
OI0002415,ORD001211,PROD00039,5.0,0
OI0002416,ORD001211,PROD00444,4.0,0
OI0002417,ORD001211,PROD00089,5.0,5
OI0002418,ORD001212,PROD00505,4.0,0
OI0002419,ORD001212,PROD00329,2.0,0
OI0002420,ORD001213,PROD00507,1.0,25
OI0002421,ORD001213,PROD00596,2.0,5
OI0002422,ORD001213,PROD00272,2.0,20
OI0002423,ORD001213,PROD00071,2.0,10
OI0002424,ORD001214,PROD00490,10.0,0
OI0002425,ORD001215,PROD00510,2.0,10
OI0002426,ORD001215,PROD00087,2.0,0
OI0002427,ORD001215,PROD00520,1.0,0
OI0002428,ORD001216,PROD00557,10.0,20
OI0002429,ORD001217,PROD00573,10.0,0
OI0002430,ORD001217,PROD00008,1.0,5
OI0002431,ORD001218,PROD00107,2.0,20
OI0002432,ORD001218,PROD00389,-1.0,15
OI0002433,ORD001218,PROD00354,10.0,20
OI0002434,ORD001218,PROD00267,2.0,15
OI0002435,ORD001219,PROD00088,-1.0,0
OI0002436,ORD001220,PROD00485,-1.0,25
OI0002437,ORD001221,PROD00470,3.0,0
OI0002438,ORD001222,PROD00243,2.0,25
OI0002439,ORD001222,PROD00395,3.0,0
OI0002440,ORD001223,PROD00245,10.0,20
OI0002441,ORD001223,PROD00277,10.0,0
OI0002442,ORD001223,PROD00258,4.0,25
OI0002443,ORD001224,PROD00291,-1.0,5
OI0002444,ORD001224,PROD00176,10.0,25
OI0002445,ORD001225,PROD00062,10.0,15
OI0002446,ORD001225,PROD00310,-1.0,10
OI0002447,ORD001225,PROD00202,3.0,0
OI0002448,ORD001226,PROD00057,10.0,20
OI0002449,ORD001227,PROD00085,-1.0,25
OI0002450,ORD001228,PROD00321,1.0,25
OI0002451,ORD001228,PROD00080,1.0,20
OI0002452,ORD001228,PROD00276,1.0,0
OI0002453,ORD001228,PROD00049,10.0,15
OI0002454,ORD001229,PROD00503,1.0,10
OI0002455,ORD001230,PROD00204,1.0,15
OI0002456,ORD001230,PROD00139,1.0,0
OI0002457,ORD001230,PROD00081,-1.0,20
OI0002458,ORD001230,PROD00512,2.0,0
OI0002459,ORD001231,PROD00195,2.0,15
OI0002460,ORD001231,PROD00207,4.0,0
OI0002461,ORD001231,PROD00041,1.0,0
OI0002462,ORD001232,PROD00428,10.0,20
OI0002463,ORD001232,PROD00283,2.0,0
OI0002464,ORD001232,PROD00468,2.0,15
OI0002465,ORD001232,PROD00410,1.0,5
OI0002466,ORD001233,PROD00142,2.0,5
OI0002467,ORD001233,PROD00516,1.0,15
OI0002468,ORD001234,PROD00267,1.0,0
OI0002469,ORD001234,PROD00592,1.0,10
OI0002470,ORD001234,PROD00587,3.0,0
OI0002471,ORD001234,PROD00574,1.0,0
OI0002472,ORD001235,PROD00442,-1.0,0
OI0002473,ORD001235,PROD00543,10.0,0
OI0002474,ORD001235,PROD00178,1.0,5
OI0002475,ORD001236,PROD00556,3.0,0
OI0002476,ORD001236,PROD00573,3.0,5
OI0002477,ORD001237,PROD00102,1.0,10
OI0002478,ORD001237,PROD00570,10.0,5
OI0002479,ORD001237,PROD00254,10.0,5
OI0002480,ORD001237,PROD00266,1.0,5
OI0002481,ORD001238,PROD00277,10.0,15
OI0002482,ORD001239,PROD00102,1.0,25
OI0002483,ORD001239,PROD00110,1.0,20
OI0002484,ORD001240,PROD00175,5.0,15
OI0002485,ORD001240,PROD00217,4.0,25
OI0002486,ORD001241,PROD00132,4.0,20
OI0002487,ORD001242,PROD00420,-1.0,15
OI0002488,ORD001242,PROD00555,1.0,15
OI0002489,ORD001242,PROD00259,1.0,20
OI0002490,ORD001242,PROD00139,2.0,20
OI0002491,ORD001243,PROD00518,1.0,0
OI0002492,ORD001243,PROD00110,-1.0,0
OI0002493,ORD001244,PROD00420,-1.0,0
OI0002494,ORD001244,PROD00512,10.0,10
OI0002495,ORD001245,PROD00220,5.0,5
OI0002496,ORD001246,PROD00156,1.0,0
OI0002497,ORD001247,PROD00252,5.0,0
OI0002498,ORD001248,PROD00200,2.0,0
OI0002499,ORD001248,PROD00513,5.0,20
OI0002500,ORD001248,PROD00268,1.0,5
OI0002501,ORD001249,PROD00530,4.0,15
OI0002502,ORD001249,PROD00104,2.0,15
OI0002503,ORD001250,PROD00138,4.0,0
OI0002504,ORD001250,PROD00300,5.0,20
OI0002505,ORD001250,PROD00446,10.0,0
OI0002506,ORD001250,PROD00519,10.0,25
OI0002507,ORD001251,PROD00087,3.0,25
OI0002508,ORD001251,PROD00575,-1.0,0
OI0002509,ORD001252,PROD00558,2.0,20
OI0002510,ORD001253,PROD00117,-1.0,20
OI0002511,ORD001254,PROD00235,1.0,5
OI0002512,ORD001254,PROD00384,3.0,0
OI0002513,ORD001254,PROD00214,5.0,20
OI0002514,ORD001254,PROD00409,3.0,5
OI0002515,ORD001255,PROD00548,3.0,0
OI0002516,ORD001256,PROD00092,2.0,5
OI0002517,ORD001256,PROD00100,-1.0,25
OI0002518,ORD001256,PROD00508,1.0,5
OI0002519,ORD001256,PROD00398,4.0,10
OI0002520,ORD001257,PROD00358,-1.0,0
OI0002521,ORD001257,PROD00189,3.0,0
OI0002522,ORD001258,PROD00393,-1.0,15
OI0002523,ORD001258,PROD00558,1.0,25
OI0002524,ORD001259,PROD00577,2.0,15
OI0002525,ORD001260,PROD00461,10.0,10
OI0002526,ORD001261,PROD00417,2.0,0
OI0002527,ORD001262,PROD00565,3.0,20
OI0002528,ORD001263,PROD00582,5.0,0
OI0002529,ORD001263,PROD00559,1.0,20
OI0002530,ORD001264,PROD00379,1.0,20
OI0002531,ORD001265,PROD00301,500.0,10
OI0002532,ORD001265,PROD00275,5.0,5
OI0002533,ORD001265,PROD00366,1.0,25
OI0002534,ORD001266,PROD00390,3.0,25
OI0002535,ORD001267,PROD9541,4.0,10
OI0002536,ORD001267,PROD00192,1.0,0
OI0002537,ORD001267,PROD00334,2.0,0
OI0002538,ORD001267,PROD00214,5.0,20
OI0002539,ORD001268,PROD00205,4.0,10
OI0002540,ORD001269,PROD00360,2.0,0
OI0002541,ORD001269,PROD00517,1.0,0
OI0002542,ORD001269,PROD00184,2.0,15
OI0002543,ORD001270,PROD00333,10.0,0
OI0002544,ORD001270,PROD00029,5.0,0
OI0002545,ORD001271,PROD00316,1.0,5
OI0002546,ORD001271,PROD9465,1.0,15
OI0002547,ORD001271,PROD00442,1.0,25
OI0002548,ORD001271,PROD00038,2.0,20
OI0002549,ORD001272,PROD00439,1.0,25
OI0002550,ORD001273,PROD00470,10.0,0
OI0002551,ORD001273,PROD00019,2.0,0
OI0002552,ORD001274,PROD00194,-1.0,10
OI0002553,ORD001274,PROD00124,1.0,0
OI0002554,ORD001274,PROD00421,4.0,15
OI0002555,ORD001275,PROD00252,5.0,10
OI0002556,ORD001276,PROD9392,2.0,0
OI0002557,ORD001277,PROD00154,3.0,25
OI0002558,ORD001278,PROD00537,2.0,15
OI0002559,ORD001279,PROD00308,1.0,0
OI0002560,ORD001280,PROD00128,2.0,0
OI0002561,ORD001281,PROD00414,4.0,15
OI0002562,ORD001282,PROD00200,2.0,0
OI0002563,ORD001282,PROD00190,1.0,15
OI0002564,ORD001282,PROD00186,4.0,10
OI0002565,ORD001283,PROD00314,1.0,15
OI0002566,ORD001283,PROD00412,1.0,20
OI0002567,ORD001283,PROD00157,4.0,0
OI0002568,ORD001283,PROD00279,2.0,15
OI0002569,ORD001284,PROD00426,4.0,0
OI0002570,ORD001284,PROD00263,2.0,20
OI0002571,ORD001284,PROD00174,1.0,10
OI0002572,ORD001285,PROD00181,3.0,0
OI0002573,ORD001285,PROD00048,1.0,15
OI0002574,ORD001285,PROD00460,1.0,0
OI0002575,ORD001285,PROD00093,1.0,5
OI0002576,ORD001286,PROD00212,4.0,0
OI0002577,ORD001287,PROD00428,3.0,25
OI0002578,ORD001287,PROD00131,5.0,25
OI0002579,ORD001288,PROD00386,10.0,25
OI0002580,ORD001289,PROD00386,1.0,20
OI0002581,ORD001289,PROD00584,3.0,15
OI0002582,ORD001290,PROD00105,2.0,5
OI0002583,ORD001290,PROD00011,3.0,0
OI0002584,ORD001291,PROD00210,5.0,25
OI0002585,ORD001291,PROD00541,3.0,0
OI0002586,ORD001292,PROD00143,1.0,25
OI0002587,ORD001293,PROD00305,4.0,0
OI0002588,ORD001293,PROD00523,3.0,0
OI0002589,ORD001293,PROD00013,1.0,0
OI0002590,ORD001294,PROD00398,1.0,0
OI0002591,ORD001295,PROD00511,2.0,0
OI0002592,ORD001295,PROD00008,4.0,5
OI0002593,ORD001296,PROD00437,2.0,0
OI0002594,ORD001297,PROD00286,1.0,20
OI0002595,ORD001298,PROD00063,1.0,15
OI0002596,ORD001298,PROD00103,1.0,5
OI0002597,ORD001298,PROD00041,1.0,0
OI0002598,ORD001299,PROD00427,10.0,0
OI0002599,ORD001299,PROD00206,4.0,15
OI0002600,ORD001300,PROD00149,1.0,25
OI0002601,ORD001300,PROD00586,1.0,25
OI0002602,ORD001300,PROD00027,-1.0,0
OI0002603,ORD001301,PROD00554,5.0,20
OI0002604,ORD001301,PROD00057,2.0,0
OI0002605,ORD001302,PROD00474,1.0,25
OI0002606,ORD001302,PROD00171,1.0,0
OI0002607,ORD001303,PROD00398,1.0,5
OI0002608,ORD001304,PROD00017,5.0,25
OI0002609,ORD001304,PROD00042,5.0,0
OI0002610,ORD001305,PROD00489,-1.0,10
OI0002611,ORD001305,PROD00205,1.0,15
OI0002612,ORD001305,PROD00600,1.0,0
OI0002613,ORD001306,PROD00470,-1.0,25
OI0002614,ORD001306,PROD00551,2.0,15
OI0002615,ORD001306,PROD00361,2.0,0
OI0002616,ORD001307,PROD00119,5.0,10
OI0002617,ORD001308,PROD00517,10.0,10
OI0002618,ORD001309,PROD00330,2.0,0
OI0002619,ORD001309,PROD00196,3.0,0
OI0002620,ORD001310,PROD00227,1.0,25
OI0002621,ORD001310,PROD00135,10.0,20
OI0002622,ORD001310,PROD00011,5.0,5
OI0002623,ORD001310,PROD00413,2.0,15
OI0002624,ORD001311,PROD00061,10.0,15
OI0002625,ORD001312,PROD00340,-1.0,20
OI0002626,ORD001313,PROD00333,1.0,0
OI0002627,ORD001314,PROD00050,10.0,0
OI0002628,ORD001314,PROD00251,4.0,0
OI0002629,ORD001314,PROD00044,3.0,5
OI0002630,ORD001314,PROD00164,1.0,20
OI0002631,ORD001315,PROD00588,4.0,20
OI0002632,ORD001316,PROD00255,1.0,10
OI0002633,ORD001317,PROD00581,4.0,10
OI0002634,ORD001318,PROD00578,3.0,10
OI0002635,ORD001319,PROD00177,2.0,0
OI0002636,ORD001319,PROD00576,2.0,20
OI0002637,ORD001320,PROD00078,1.0,5
OI0002638,ORD001320,PROD00509,5.0,15
OI0002639,ORD001320,PROD00340,4.0,20
OI0002640,ORD001320,PROD00263,10.0,15
OI0002641,ORD001321,PROD00536,4.0,15
OI0002642,ORD001321,PROD00129,1.0,10
OI0002643,ORD001322,PROD00272,3.0,0
OI0002644,ORD001323,PROD00023,2.0,20
OI0002645,ORD001323,PROD00110,5.0,0
OI0002646,ORD001323,PROD00166,-1.0,10
OI0002647,ORD001324,PROD00227,5.0,10
OI0002648,ORD001324,PROD00448,1.0,15
OI0002649,ORD001324,PROD00404,1.0,15
OI0002650,ORD001324,PROD00322,3.0,0
OI0002651,ORD001325,PROD00277,3.0,20
OI0002652,ORD001325,PROD00434,4.0,20
OI0002653,ORD001326,PROD00522,2.0,5
OI0002654,ORD001326,PROD00529,1.0,5
OI0002655,ORD001327,PROD00196,2.0,0
OI0002656,ORD001328,PROD00461,-1.0,15
OI0002657,ORD001328,PROD00314,10.0,5
OI0002658,ORD001329,PROD00046,10.0,15
OI0002659,ORD001329,PROD00112,5.0,0
OI0002660,ORD001329,PROD00454,2.0,20
OI0002661,ORD001329,PROD00478,3.0,5
OI0002662,ORD001330,PROD00222,2.0,0
OI0002663,ORD001330,PROD00385,500.0,10
OI0002664,ORD001330,PROD00385,1.0,20
OI0002665,ORD001331,PROD00076,4.0,10
OI0002666,ORD001331,PROD00014,3.0,15
OI0002667,ORD001332,PROD00515,-1.0,25
OI0002668,ORD001333,PROD00287,2.0,0
OI0002669,ORD001333,PROD00209,1.0,5
OI0002670,ORD001334,PROD00338,5.0,10
OI0002671,ORD001334,PROD00599,5.0,5
OI0002672,ORD001334,PROD00067,5.0,25
OI0002673,ORD001334,PROD00162,10.0,15
OI0002674,ORD001335,PROD00216,1.0,20
OI0002675,ORD001336,PROD00547,1.0,5
OI0002676,ORD001336,PROD00470,10.0,10
OI0002677,ORD001337,PROD00347,5.0,0
OI0002678,ORD001338,PROD00545,1.0,25
OI0002679,ORD001338,PROD00142,2.0,25
OI0002680,ORD001339,PROD00347,2.0,15
OI0002681,ORD001339,PROD00099,4.0,15
OI0002682,ORD001339,PROD00227,-1.0,0
OI0002683,ORD001340,PROD00037,5.0,25
OI0002684,ORD001340,PROD00217,1.0,0
OI0002685,ORD001340,PROD00109,3.0,20
OI0002686,ORD001341,PROD00270,1.0,0
OI0002687,ORD001341,PROD00110,1.0,0
OI0002688,ORD001342,PROD9891,2.0,0
OI0002689,ORD001342,PROD00488,2.0,0
OI0002690,ORD001343,PROD00420,10.0,0
OI0002691,ORD001343,PROD00009,2.0,15
OI0002692,ORD001344,PROD00490,3.0,0
OI0002693,ORD001344,PROD00375,3.0,20
OI0002694,ORD001345,PROD00436,1.0,0
OI0002695,ORD001346,PROD00282,5.0,0
OI0002696,ORD001346,PROD00278,2.0,25
OI0002697,ORD001346,PROD00503,3.0,15
OI0002698,ORD001347,PROD00267,3.0,25
OI0002699,ORD001347,PROD00418,-1.0,20
OI0002700,ORD001347,PROD00279,1.0,0
OI0002701,ORD001347,PROD00037,1.0,5
OI0002702,ORD001348,PROD00098,-1.0,0
OI0002703,ORD001348,PROD00308,5.0,5
OI0002704,ORD001349,PROD00475,2.0,25
OI0002705,ORD001349,PROD00338,2.0,0
OI0002706,ORD001350,PROD00061,4.0,25
OI0002707,ORD001351,PROD00444,1.0,0
OI0002708,ORD001351,PROD00070,10.0,25
OI0002709,ORD001351,PROD00391,1.0,0
OI0002710,ORD001352,PROD00194,1.0,5
OI0002711,ORD001352,PROD00482,10.0,0
OI0002712,ORD001352,PROD00458,1.0,15
OI0002713,ORD001352,PROD00031,2.0,15
OI0002714,ORD001353,PROD00259,2.0,15
OI0002715,ORD001353,PROD00475,2.0,0
OI0002716,ORD001353,PROD00449,2.0,0
OI0002717,ORD001354,PROD00399,10.0,25
OI0002718,ORD001354,PROD00349,10.0,0
OI0002719,ORD001355,PROD00001,1.0,5
OI0002720,ORD001356,PROD00447,2.0,5
OI0002721,ORD001357,PROD00095,3.0,0
OI0002722,ORD001357,PROD00257,4.0,5
OI0002723,ORD001358,PROD00542,-1.0,10
OI0002724,ORD001358,PROD00322,1.0,20
OI0002725,ORD001359,PROD00167,4.0,0
OI0002726,ORD001359,PROD00312,4.0,10
OI0002727,ORD001360,PROD00343,3.0,25
OI0002728,ORD001361,PROD00586,2.0,20
OI0002729,ORD001361,PROD00501,1.0,0
OI0002730,ORD001362,PROD00473,4.0,10
OI0002731,ORD001362,PROD00003,2.0,15
OI0002732,ORD001363,PROD00382,5.0,0
OI0002733,ORD001363,PROD00302,-1.0,15
OI0002734,ORD001363,PROD00303,10.0,20
OI0002735,ORD001363,PROD00353,10.0,0
OI0002736,ORD001364,PROD00567,-1.0,25
OI0002737,ORD001364,PROD00339,5.0,5
OI0002738,ORD001364,PROD00576,3.0,25
OI0002739,ORD001365,PROD00096,2.0,5
OI0002740,ORD001365,PROD00424,-1.0,0
OI0002741,ORD001366,PROD00520,10.0,5
OI0002742,ORD001366,PROD00216,-1.0,20
OI0002743,ORD001366,PROD00579,2.0,15
OI0002744,ORD001367,PROD00416,2.0,25
OI0002745,ORD001367,PROD00284,5.0,0
OI0002746,ORD001368,PROD00044,4.0,10
OI0002747,ORD001368,PROD00452,1.0,25
OI0002748,ORD001368,PROD00158,1.0,15
OI0002749,ORD001369,PROD00409,1.0,0
OI0002750,ORD001370,PROD00598,4.0,0
OI0002751,ORD001371,PROD00423,5.0,15
OI0002752,ORD001371,PROD00309,1.0,15
OI0002753,ORD001372,PROD00482,10.0,5
OI0002754,ORD001372,PROD00080,5.0,0
OI0002755,ORD001373,PROD9615,2.0,0
OI0002756,ORD001373,PROD00479,2.0,5
OI0002757,ORD001374,PROD00382,2.0,0
OI0002758,ORD001374,PROD00269,1.0,0
OI0002759,ORD001375,PROD00560,3.0,0
OI0002760,ORD001375,PROD00296,4.0,5
OI0002761,ORD001376,PROD00226,1.0,15
OI0002762,ORD001377,PROD00203,5.0,10
OI0002763,ORD001377,PROD00023,4.0,25
OI0002764,ORD001377,PROD00300,2.0,0
OI0002765,ORD001378,PROD00477,2.0,15
OI0002766,ORD001379,PROD00228,3.0,20
OI0002767,ORD001380,PROD00260,4.0,20
OI0002768,ORD001380,PROD00487,5.0,25
OI0002769,ORD001380,PROD00390,1.0,20
OI0002770,ORD001380,PROD00078,5.0,10
OI0002771,ORD001381,PROD00163,1.0,0
OI0002772,ORD001381,PROD00210,2.0,20
OI0002773,ORD001381,PROD00450,3.0,5
OI0002774,ORD001381,PROD00413,2.0,0
OI0002775,ORD001382,PROD00393,-1.0,0
OI0002776,ORD001383,PROD00015,500.0,15
OI0002777,ORD001383,PROD00240,2.0,0
OI0002778,ORD001383,PROD00426,1.0,10
OI0002779,ORD001384,PROD00452,2.0,0
OI0002780,ORD001384,PROD00412,1.0,0
OI0002781,ORD001384,PROD00428,-1.0,0
OI0002782,ORD001384,PROD00124,-1.0,20
OI0002783,ORD001385,PROD00430,1.0,25
OI0002784,ORD001386,PROD00318,1.0,0
OI0002785,ORD001386,PROD00540,5.0,25
OI0002786,ORD001386,PROD00268,2.0,15
OI0002787,ORD001386,PROD00580,5.0,10
OI0002788,ORD001387,PROD00175,-1.0,5
OI0002789,ORD001388,PROD00236,10.0,0
OI0002790,ORD001389,PROD00506,1.0,25
OI0002791,ORD001389,PROD00311,2.0,15
OI0002792,ORD001389,PROD00332,1.0,0
OI0002793,ORD001390,PROD00343,4.0,10
OI0002794,ORD001390,PROD00543,1.0,25
OI0002795,ORD001390,PROD00513,10.0,25
OI0002796,ORD001390,PROD00090,2.0,25
OI0002797,ORD001391,PROD00285,4.0,25
OI0002798,ORD001392,PROD00463,3.0,0
OI0002799,ORD001393,PROD00056,3.0,10
OI0002800,ORD001394,PROD00398,2.0,15
OI0002801,ORD001395,PROD00112,4.0,15
OI0002802,ORD001395,PROD00555,1.0,10
OI0002803,ORD001395,PROD00503,1.0,15
OI0002804,ORD001395,PROD00349,1.0,0
OI0002805,ORD001396,PROD00263,5.0,25
OI0002806,ORD001397,PROD00579,10.0,15
OI0002807,ORD001397,PROD00364,1.0,0
OI0002808,ORD001397,PROD00057,1.0,15
OI0002809,ORD001398,PROD00318,5.0,0
OI0002810,ORD001398,PROD00453,3.0,15
OI0002811,ORD001399,PROD00086,1.0,20
OI0002812,ORD001399,PROD00194,-1.0,15
OI0002813,ORD001400,PROD00438,-1.0,25
OI0002814,ORD001401,PROD00374,3.0,0
OI0002815,ORD001401,PROD00533,1.0,15
OI0002816,ORD001401,PROD00394,2.0,15
OI0002817,ORD001401,PROD00145,1.0,5
OI0002818,ORD001402,PROD00063,5.0,20
OI0002819,ORD001402,PROD00121,1.0,0
OI0002820,ORD001402,PROD00059,10.0,20
OI0002821,ORD001402,PROD00417,1.0,0
OI0002822,ORD001403,PROD00214,3.0,0
OI0002823,ORD001403,PROD00517,1.0,25
OI0002824,ORD001404,PROD00321,4.0,15
OI0002825,ORD001405,PROD00291,3.0,0
OI0002826,ORD001405,PROD00286,3.0,5
OI0002827,ORD001406,PROD00578,3.0,15
OI0002828,ORD001406,PROD00224,1.0,0
OI0002829,ORD001406,PROD00202,10.0,0
OI0002830,ORD001407,PROD00010,1.0,5
OI0002831,ORD001407,PROD00510,5.0,25
OI0002832,ORD001407,PROD00206,1.0,10
OI0002833,ORD001407,PROD00179,5.0,0
OI0002834,ORD001408,PROD00492,3.0,10
OI0002835,ORD001408,PROD00445,1.0,5
OI0002836,ORD001408,PROD9922,1.0,0
OI0002837,ORD001408,PROD00048,2.0,5
OI0002838,ORD001409,PROD00217,10.0,0
OI0002839,ORD001409,PROD00120,2.0,15
OI0002840,ORD001409,PROD00552,1.0,10
OI0002841,ORD001410,PROD00200,1.0,15
OI0002842,ORD001410,PROD00135,1.0,20
OI0002843,ORD001411,PROD00139,5.0,5
OI0002844,ORD001411,PROD00390,10.0,0
OI0002845,ORD001412,PROD00487,3.0,25
OI0002846,ORD001412,PROD00535,2.0,5
OI0002847,ORD001413,PROD00217,1.0,0
OI0002848,ORD001413,PROD00512,1.0,0
OI0002849,ORD001414,PROD00218,-1.0,20
OI0002850,ORD001414,PROD00525,10.0,15
OI0002851,ORD001414,PROD00448,1.0,25
OI0002852,ORD001415,PROD00134,1.0,0
OI0002853,ORD001415,PROD00031,-1.0,0
OI0002854,ORD001416,PROD00540,3.0,5
OI0002855,ORD001416,PROD00325,1.0,15
OI0002856,ORD001416,PROD00031,5.0,20
OI0002857,ORD001416,PROD00579,1.0,15
OI0002858,ORD001417,PROD00415,-1.0,10
OI0002859,ORD001418,PROD00555,5.0,0
OI0002860,ORD001419,PROD00572,1.0,5
OI0002861,ORD001419,PROD00031,5.0,20
OI0002862,ORD001420,PROD00474,1.0,0
OI0002863,ORD001420,PROD00197,1.0,5
OI0002864,ORD001421,PROD00132,5.0,0
OI0002865,ORD001421,PROD00455,2.0,5
OI0002866,ORD001421,PROD00386,1.0,0
OI0002867,ORD001422,PROD00252,1.0,0
OI0002868,ORD001422,PROD00041,1.0,25
OI0002869,ORD001422,PROD00185,-1.0,0
OI0002870,ORD001422,PROD00120,4.0,0
OI0002871,ORD001423,PROD00515,1.0,0
OI0002872,ORD001424,PROD00127,1.0,5
OI0002873,ORD001424,PROD00059,1.0,10
OI0002874,ORD001424,PROD00504,1.0,10
OI0002875,ORD001425,PROD00232,2.0,10
OI0002876,ORD001425,PROD00530,1.0,15
OI0002877,ORD001425,PROD00308,1.0,25
OI0002878,ORD001425,PROD00339,2.0,0
OI0002879,ORD001426,PROD00216,5.0,0
OI0002880,ORD001427,PROD00182,3.0,25
OI0002881,ORD001427,PROD00201,1.0,10
OI0002882,ORD001427,PROD00592,1.0,10
OI0002883,ORD001428,PROD00569,1.0,0
OI0002884,ORD001429,PROD00030,2.0,20
OI0002885,ORD001430,PROD00098,1.0,0
OI0002886,ORD001431,PROD00023,1.0,0
OI0002887,ORD001432,PROD00009,2.0,0
OI0002888,ORD001432,PROD00381,5.0,0
OI0002889,ORD001433,PROD00032,2.0,0
OI0002890,ORD001434,PROD00360,-1.0,0
OI0002891,ORD001435,PROD00396,10.0,25
OI0002892,ORD001435,PROD00235,4.0,0
OI0002893,ORD001436,PROD00200,2.0,25
OI0002894,ORD001437,PROD00157,2.0,25
OI0002895,ORD001438,PROD00270,10.0,20
OI0002896,ORD001438,PROD00367,2.0,25
OI0002897,ORD001438,PROD00274,3.0,25
OI0002898,ORD001438,PROD00589,5.0,0
OI0002899,ORD001439,PROD00053,1.0,25
OI0002900,ORD001439,PROD00534,2.0,0
OI0002901,ORD001439,PROD00252,5.0,0
OI0002902,ORD001439,PROD00093,1.0,0
OI0002903,ORD001440,PROD00198,5.0,25
OI0002904,ORD001441,PROD00093,2.0,0
OI0002905,ORD001442,PROD00228,1.0,0
OI0002906,ORD001442,PROD00575,1.0,0
OI0002907,ORD001442,PROD00142,1.0,20
OI0002908,ORD001443,PROD00574,5.0,0
OI0002909,ORD001444,PROD00154,2.0,0
OI0002910,ORD001445,PROD00367,2.0,20
OI0002911,ORD001445,PROD00229,2.0,15
OI0002912,ORD001446,PROD00218,4.0,0
OI0002913,ORD001447,PROD00297,1.0,25
OI0002914,ORD001447,PROD00048,2.0,10
OI0002915,ORD001447,PROD00089,1.0,20
OI0002916,ORD001447,PROD00343,5.0,10
OI0002917,ORD001448,PROD00059,1.0,0
OI0002918,ORD001448,PROD00061,-1.0,0
OI0002919,ORD001448,PROD00379,4.0,25
OI0002920,ORD001449,PROD00543,3.0,10
OI0002921,ORD001449,PROD00075,1.0,5
OI0002922,ORD001449,PROD00385,10.0,5
OI0002923,ORD001450,PROD00246,1.0,15
OI0002924,ORD001450,PROD00215,-1.0,0
OI0002925,ORD001451,PROD00313,10.0,10
OI0002926,ORD001451,PROD00573,1.0,15
OI0002927,ORD001451,PROD00014,3.0,15
OI0002928,ORD001451,PROD00323,-1.0,0
OI0002929,ORD001452,PROD00079,1.0,0
OI0002930,ORD001453,PROD00283,1.0,5
OI0002931,ORD001453,PROD00113,5.0,20
OI0002932,ORD001454,PROD00577,2.0,5
OI0002933,ORD001454,PROD00248,1.0,10
OI0002934,ORD001454,PROD00078,4.0,15
OI0002935,ORD001455,PROD00530,1.0,0
OI0002936,ORD001455,PROD00572,1.0,5
OI0002937,ORD001455,PROD00062,1.0,15
OI0002938,ORD001456,PROD00462,10.0,25
OI0002939,ORD001457,PROD00065,4.0,5
OI0002940,ORD001458,PROD00075,2.0,25
OI0002941,ORD001459,PROD00537,2.0,10
OI0002942,ORD001460,PROD00258,1.0,0
OI0002943,ORD001461,PROD00310,1.0,0
OI0002944,ORD001462,PROD00387,10.0,15
OI0002945,ORD001463,PROD00578,3.0,0
OI0002946,ORD001464,PROD00099,2.0,5
OI0002947,ORD001465,PROD00053,4.0,5
OI0002948,ORD001466,PROD00501,4.0,0
OI0002949,ORD001467,PROD00521,1.0,0
OI0002950,ORD001468,PROD00218,4.0,0
OI0002951,ORD001468,PROD00142,1.0,10
OI0002952,ORD001469,PROD00062,1.0,0
OI0002953,ORD001469,PROD00338,2.0,20
OI0002954,ORD001469,PROD00072,2.0,5
OI0002955,ORD001470,PROD00476,1.0,0
OI0002956,ORD001470,PROD00189,5.0,5
OI0002957,ORD001471,PROD00294,1.0,20
OI0002958,ORD001472,PROD00104,1.0,0
OI0002959,ORD001473,PROD00021,10.0,5
OI0002960,ORD001474,PROD00294,10.0,10
OI0002961,ORD001474,PROD00416,2.0,0
OI0002962,ORD001474,PROD00084,2.0,5
OI0002963,ORD001475,PROD00494,1.0,5
OI0002964,ORD001475,PROD00120,10.0,0
OI0002965,ORD001475,PROD00159,-1.0,0
OI0002966,ORD001475,PROD00293,4.0,15
OI0002967,ORD001476,PROD00399,4.0,0
OI0002968,ORD001477,PROD00431,1.0,0
OI0002969,ORD001477,PROD00031,1.0,0
OI0002970,ORD001478,PROD00188,3.0,20
OI0002971,ORD001478,PROD00120,1.0,10
OI0002972,ORD001478,PROD00104,2.0,0
OI0002973,ORD001479,PROD00251,-1.0,10
OI0002974,ORD001480,PROD00296,1.0,15
OI0002975,ORD001480,PROD00526,10.0,25
OI0002976,ORD001480,PROD00134,1.0,5
OI0002977,ORD001481,PROD00468,1.0,0
OI0002978,ORD001481,PROD00036,-1.0,0
OI0002979,ORD001482,PROD00028,10.0,20
OI0002980,ORD001483,PROD00552,2.0,0
OI0002981,ORD001483,PROD00535,4.0,25
OI0002982,ORD001483,PROD00138,1.0,0
OI0002983,ORD001484,PROD00493,1.0,20
OI0002984,ORD001484,PROD00468,5.0,15
OI0002985,ORD001485,PROD00152,3.0,0
OI0002986,ORD001485,PROD00042,3.0,0
OI0002987,ORD001486,PROD00076,4.0,10
OI0002988,ORD001486,PROD00085,-1.0,10
OI0002989,ORD001486,PROD00568,5.0,20
OI0002990,ORD001486,PROD00121,1.0,15
OI0002991,ORD001487,PROD00063,5.0,10
OI0002992,ORD001487,PROD00515,1.0,0
OI0002993,ORD001487,PROD00301,2.0,0
OI0002994,ORD001487,PROD00350,1.0,0
OI0002995,ORD001488,PROD00199,1.0,0
OI0002996,ORD001489,PROD00179,2.0,0
OI0002997,ORD001489,PROD00066,5.0,10
OI0002998,ORD001490,PROD00253,5.0,5
OI0002999,ORD001490,PROD00489,3.0,15
OI0003000,ORD001491,PROD00154,1.0,15
OI0003001,ORD001491,PROD00171,3.0,0
OI0003002,ORD001491,PROD00399,4.0,20
OI0003003,ORD001492,PROD00456,3.0,0
OI0003004,ORD001492,PROD00063,-1.0,20
OI0003005,ORD001493,PROD00591,2.0,0
OI0003006,ORD001493,PROD00164,1.0,15
OI0003007,ORD001494,PROD00164,10.0,10
OI0003008,ORD001494,PROD00585,10.0,0
OI0003009,ORD001495,PROD00270,1.0,10
OI0003010,ORD001496,PROD00491,1.0,20
OI0003011,ORD001496,PROD9853,10.0,0
OI0003012,ORD001496,PROD00124,1.0,0
OI0003013,ORD001497,PROD00239,3.0,10
OI0003014,ORD001498,PROD00551,-1.0,15
OI0003015,ORD001498,PROD00270,10.0,0
OI0003016,ORD001498,PROD00419,1.0,0
OI0003017,ORD001498,PROD00557,3.0,0
OI0003018,ORD001499,PROD00012,1.0,25
OI0003019,ORD001500,PROD00025,2.0,5
OI0003020,ORD001501,PROD00373,10.0,25
OI0003021,ORD001502,PROD00419,2.0,0
OI0003022,ORD001503,PROD00157,2.0,5
OI0003023,ORD001503,PROD00211,4.0,5
OI0003024,ORD001504,PROD00113,1.0,10
OI0003025,ORD001505,PROD00147,3.0,15
OI0003026,ORD001505,PROD00153,1.0,10
OI0003027,ORD001505,PROD00032,1.0,0
OI0003028,ORD001505,PROD00555,10.0,0
OI0003029,ORD001506,PROD00558,1.0,15
OI0003030,ORD001507,PROD00398,-1.0,20
OI0003031,ORD001507,PROD00468,2.0,0
OI0003032,ORD001508,PROD00289,10.0,0
OI0003033,ORD001509,PROD00554,3.0,25
OI0003034,ORD001510,PROD00002,1.0,5
OI0003035,ORD001510,PROD00085,5.0,10
OI0003036,ORD001511,PROD00060,1.0,25
OI0003037,ORD001511,PROD00555,5.0,15
OI0003038,ORD001512,PROD00275,5.0,15
OI0003039,ORD001512,PROD00342,10.0,0
OI0003040,ORD001513,PROD00367,1.0,5
OI0003041,ORD001513,PROD00428,5.0,5
OI0003042,ORD001514,PROD00375,2.0,0
OI0003043,ORD001514,PROD00463,3.0,0
OI0003044,ORD001515,PROD00186,1.0,25
OI0003045,ORD001515,PROD00359,1.0,25
OI0003046,ORD001515,PROD00139,4.0,0
OI0003047,ORD001516,PROD00183,10.0,0
OI0003048,ORD001517,PROD00523,1.0,0
OI0003049,ORD001518,PROD00532,1.0,0
OI0003050,ORD001518,PROD00184,3.0,5
OI0003051,ORD001518,PROD00172,2.0,5
OI0003052,ORD001518,PROD00259,1.0,10
OI0003053,ORD001519,PROD00007,2.0,15
OI0003054,ORD001520,PROD00500,4.0,0
OI0003055,ORD001521,PROD00306,-1.0,0
OI0003056,ORD001521,PROD00061,5.0,10
OI0003057,ORD001521,PROD00184,5.0,15
OI0003058,ORD001521,PROD00512,5.0,0
OI0003059,ORD001522,PROD00405,1.0,0
OI0003060,ORD001523,PROD00525,1.0,0
OI0003061,ORD001524,PROD00409,3.0,10
OI0003062,ORD001524,PROD00078,4.0,20
OI0003063,ORD001525,PROD00406,1.0,0
OI0003064,ORD001526,PROD00142,5.0,5
OI0003065,ORD001527,PROD00430,3.0,25
OI0003066,ORD001527,PROD00318,1.0,15
OI0003067,ORD001527,PROD00282,10.0,20
OI0003068,ORD001527,PROD00560,1.0,0
OI0003069,ORD001528,PROD00245,4.0,0
OI0003070,ORD001528,PROD00269,1.0,15
OI0003071,ORD001529,PROD00465,-1.0,25
OI0003072,ORD001530,PROD00269,3.0,15
OI0003073,ORD001530,PROD00425,10.0,0
OI0003074,ORD001530,PROD00180,1.0,15
OI0003075,ORD001531,PROD00134,-1.0,25
OI0003076,ORD001532,PROD00055,10.0,0
OI0003077,ORD001533,PROD00279,2.0,0
OI0003078,ORD001534,PROD00441,1.0,0
OI0003079,ORD001534,PROD00297,2.0,5
OI0003080,ORD001535,PROD00158,3.0,25
OI0003081,ORD001535,PROD00192,3.0,20
OI0003082,ORD001535,PROD00267,2.0,0
OI0003083,ORD001535,PROD00600,1.0,5
OI0003084,ORD001536,PROD00065,10.0,0
OI0003085,ORD001536,PROD00360,1.0,0
OI0003086,ORD001537,PROD00557,10.0,15
OI0003087,ORD001538,PROD00596,4.0,15
OI0003088,ORD001539,PROD00185,4.0,10
OI0003089,ORD001540,PROD00356,4.0,10
OI0003090,ORD001541,PROD00121,3.0,15
OI0003091,ORD001541,PROD00411,10.0,5
OI0003092,ORD001541,PROD00558,5.0,10
OI0003093,ORD001541,PROD00207,1.0,0
OI0003094,ORD001542,PROD00323,1.0,0
OI0003095,ORD001543,PROD00565,4.0,10
OI0003096,ORD001543,PROD00295,3.0,5
OI0003097,ORD001543,PROD00323,1.0,0
OI0003098,ORD001543,PROD00038,10.0,15
OI0003099,ORD001544,PROD00193,3.0,0
OI0003100,ORD001544,PROD00375,2.0,15
OI0003101,ORD001545,PROD00125,-1.0,0
OI0003102,ORD001545,PROD00155,-1.0,10
OI0003103,ORD001546,PROD00089,5.0,10
OI0003104,ORD001546,PROD00593,4.0,0
OI0003105,ORD001547,PROD00005,5.0,0
OI0003106,ORD001548,PROD00394,1.0,15
OI0003107,ORD001548,PROD00431,1.0,0
OI0003108,ORD001549,PROD00414,1.0,0
OI0003109,ORD001550,PROD00502,5.0,20
OI0003110,ORD001550,PROD00222,1.0,10
OI0003111,ORD001551,PROD00557,1.0,15
OI0003112,ORD001551,PROD00073,2.0,15
OI0003113,ORD001551,PROD00339,-1.0,15
OI0003114,ORD001552,PROD00016,10.0,0
OI0003115,ORD001553,PROD00046,-1.0,15
OI0003116,ORD001554,PROD00152,5.0,10
OI0003117,ORD001554,PROD00383,2.0,25
OI0003118,ORD001554,PROD00237,1.0,0
OI0003119,ORD001555,PROD00248,3.0,25
OI0003120,ORD001556,PROD00012,10.0,0
OI0003121,ORD001556,PROD00534,1.0,5
OI0003122,ORD001556,PROD00553,10.0,0
OI0003123,ORD001557,PROD00579,1.0,0
OI0003124,ORD001558,PROD00157,1.0,0
OI0003125,ORD001558,PROD00380,-1.0,15
OI0003126,ORD001558,PROD00438,1.0,0
OI0003127,ORD001559,PROD00232,1.0,0
OI0003128,ORD001559,PROD00068,-1.0,5
OI0003129,ORD001559,PROD00048,1.0,0
OI0003130,ORD001560,PROD00347,2.0,10
OI0003131,ORD001560,PROD00442,5.0,5
OI0003132,ORD001560,PROD00017,5.0,25
OI0003133,ORD001560,PROD00324,1.0,10
OI0003134,ORD001561,PROD00529,1.0,5
OI0003135,ORD001561,PROD00444,1.0,10
OI0003136,ORD001561,PROD00050,-1.0,5
OI0003137,ORD001562,PROD00239,5.0,5
OI0003138,ORD001562,PROD00293,-1.0,25
OI0003139,ORD001562,PROD00516,-1.0,0
OI0003140,ORD001562,PROD00176,5.0,25
OI0003141,ORD001563,PROD00043,10.0,15
OI0003142,ORD001564,PROD00349,1.0,5
OI0003143,ORD001564,PROD00168,5.0,5
OI0003144,ORD001564,PROD00437,5.0,25
OI0003145,ORD001564,PROD00539,3.0,0
OI0003146,ORD001565,PROD00275,2.0,0
OI0003147,ORD001565,PROD00597,2.0,0
OI0003148,ORD001566,PROD00516,10.0,5
OI0003149,ORD001566,PROD00263,-1.0,0
OI0003150,ORD001567,PROD00240,1.0,15
OI0003151,ORD001568,PROD00039,2.0,25
OI0003152,ORD001569,PROD9131,3.0,0
OI0003153,ORD001570,PROD00426,1.0,10
OI0003154,ORD001570,PROD00437,10.0,0
OI0003155,ORD001571,PROD00489,10.0,10
OI0003156,ORD001572,PROD00404,1.0,0
OI0003157,ORD001573,PROD00458,2.0,15
OI0003158,ORD001574,PROD00031,1.0,20
OI0003159,ORD001575,PROD00123,10.0,0
OI0003160,ORD001575,PROD00060,4.0,0
OI0003161,ORD001576,PROD00464,1.0,5
OI0003162,ORD001576,PROD00298,3.0,20
OI0003163,ORD001576,PROD00386,4.0,0
OI0003164,ORD001577,PROD00128,4.0,0
OI0003165,ORD001577,PROD00192,2.0,20
OI0003166,ORD001578,PROD00541,1.0,0
OI0003167,ORD001578,PROD00300,2.0,0
OI0003168,ORD001578,PROD00313,-1.0,25
OI0003169,ORD001578,PROD00379,2.0,20
OI0003170,ORD001579,PROD00497,10.0,5
OI0003171,ORD001580,PROD00001,1.0,0
OI0003172,ORD001580,PROD00392,1.0,25
OI0003173,ORD001581,PROD00502,4.0,25
OI0003174,ORD001581,PROD00171,-1.0,0
OI0003175,ORD001581,PROD00161,-1.0,0
OI0003176,ORD001581,PROD00041,-1.0,5
OI0003177,ORD001582,PROD00315,1.0,0
OI0003178,ORD001582,PROD00403,1.0,10
OI0003179,ORD001582,PROD00030,1.0,0
OI0003180,ORD001582,PROD00444,4.0,0
OI0003181,ORD001583,PROD00155,10.0,5
OI0003182,ORD001584,PROD00203,5.0,20
OI0003183,ORD001585,PROD00415,1.0,25
OI0003184,ORD001586,PROD00492,1.0,0
OI0003185,ORD001586,PROD00102,1.0,20
OI0003186,ORD001586,PROD00257,2.0,5
OI0003187,ORD001587,PROD00233,4.0,10
OI0003188,ORD001587,PROD00194,4.0,15
OI0003189,ORD001588,PROD00077,2.0,20
OI0003190,ORD001589,PROD00512,-1.0,0
OI0003191,ORD001589,PROD00304,2.0,0
OI0003192,ORD001589,PROD00263,1.0,25
OI0003193,ORD001590,PROD00314,-1.0,0
OI0003194,ORD001590,PROD00451,2.0,15
OI0003195,ORD001591,PROD00300,3.0,0
OI0003196,ORD001592,PROD00226,2.0,25
OI0003197,ORD001592,PROD00058,10.0,10
OI0003198,ORD001592,PROD00329,1.0,25
OI0003199,ORD001593,PROD00357,3.0,5
OI0003200,ORD001594,PROD00354,2.0,5
OI0003201,ORD001595,PROD00295,2.0,5
OI0003202,ORD001595,PROD00337,1.0,5
OI0003203,ORD001596,PROD00413,5.0,5
OI0003204,ORD001596,PROD00472,1.0,0
OI0003205,ORD001596,PROD00210,1.0,0
OI0003206,ORD001596,PROD00480,1.0,5
OI0003207,ORD001597,PROD00122,4.0,25
OI0003208,ORD001597,PROD00142,4.0,0
OI0003209,ORD001597,PROD00120,1.0,10
OI0003210,ORD001597,PROD00154,1.0,25
OI0003211,ORD001598,PROD00459,10.0,25
OI0003212,ORD001598,PROD00159,1.0,15
OI0003213,ORD001598,PROD00458,-1.0,0
OI0003214,ORD001598,PROD00530,1.0,0
OI0003215,ORD001599,PROD00130,3.0,0
OI0003216,ORD001600,PROD9902,1.0,0
OI0003217,ORD001600,PROD00346,2.0,0
OI0003218,ORD001600,PROD00552,-1.0,20
OI0003219,ORD001600,PROD00549,2.0,25
OI0003220,ORD001601,PROD00073,1.0,0
OI0003221,ORD001601,PROD00254,3.0,5
OI0003222,ORD001602,PROD00132,5.0,25
OI0003223,ORD001603,PROD00071,1.0,15
OI0003224,ORD001604,PROD00024,1.0,10
OI0003225,ORD001605,PROD00141,4.0,0
OI0003226,ORD001606,PROD00207,-1.0,10
OI0003227,ORD001607,PROD00067,1.0,0
OI0003228,ORD001607,PROD00397,2.0,20
OI0003229,ORD001608,PROD00421,3.0,0
OI0003230,ORD001608,PROD00045,4.0,20
OI0003231,ORD001608,PROD00197,2.0,20
OI0003232,ORD001608,PROD00450,2.0,0
OI0003233,ORD001609,PROD00545,5.0,15
OI0003234,ORD001610,PROD00133,2.0,20
OI0003235,ORD001610,PROD00311,4.0,10
OI0003236,ORD001611,PROD00254,1.0,20
OI0003237,ORD001611,PROD00244,4.0,25
OI0003238,ORD001612,PROD00297,1.0,25
OI0003239,ORD001613,PROD00149,5.0,0
OI0003240,ORD001614,PROD00319,5.0,15
OI0003241,ORD001614,PROD00558,1.0,0
OI0003242,ORD001614,PROD00096,1.0,15
OI0003243,ORD001614,PROD00142,4.0,0
OI0003244,ORD001615,PROD00196,2.0,20
OI0003245,ORD001616,PROD00431,1.0,0
OI0003246,ORD001616,PROD00598,4.0,5
OI0003247,ORD001616,PROD00142,2.0,0
OI0003248,ORD001616,PROD00051,5.0,0
OI0003249,ORD001617,PROD00118,-1.0,15
OI0003250,ORD001617,PROD00107,-1.0,0
OI0003251,ORD001617,PROD00530,-1.0,15
OI0003252,ORD001617,PROD00020,-1.0,0
OI0003253,ORD001618,PROD00188,4.0,20
OI0003254,ORD001618,PROD00100,1.0,5
OI0003255,ORD001618,PROD00319,3.0,0
OI0003256,ORD001618,PROD00535,500.0,0
OI0003257,ORD001619,PROD00027,5.0,0
OI0003258,ORD001620,PROD00485,5.0,0
OI0003259,ORD001621,PROD00059,1.0,0
OI0003260,ORD001622,PROD00236,3.0,20
OI0003261,ORD001623,PROD00322,1.0,0
OI0003262,ORD001624,PROD00571,1.0,25
OI0003263,ORD001624,PROD00205,1.0,5
OI0003264,ORD001624,PROD00135,-1.0,10
OI0003265,ORD001625,PROD00389,10.0,10
OI0003266,ORD001626,PROD00300,1.0,5
OI0003267,ORD001627,PROD00114,10.0,10
OI0003268,ORD001627,PROD00004,4.0,20
OI0003269,ORD001628,PROD00205,10.0,20
OI0003270,ORD001628,PROD00295,4.0,0
OI0003271,ORD001629,PROD00549,5.0,10
OI0003272,ORD001629,PROD00026,1.0,0
OI0003273,ORD001629,PROD00337,1.0,10
OI0003274,ORD001630,PROD00142,10.0,0
OI0003275,ORD001631,PROD00156,1.0,0
OI0003276,ORD001632,PROD00064,10.0,0
OI0003277,ORD001633,PROD00541,1.0,25
OI0003278,ORD001633,PROD00443,4.0,5
OI0003279,ORD001633,PROD00064,-1.0,15
OI0003280,ORD001634,PROD00456,1.0,5
OI0003281,ORD001634,PROD00143,3.0,0
OI0003282,ORD001635,PROD00574,500.0,5
OI0003283,ORD001635,PROD00217,1.0,25
OI0003284,ORD001635,PROD00387,-1.0,25
OI0003285,ORD001636,PROD00312,-1.0,10
OI0003286,ORD001636,PROD00233,5.0,25
OI0003287,ORD001636,PROD00032,1.0,10
OI0003288,ORD001636,PROD00011,3.0,5
OI0003289,ORD001637,PROD00552,3.0,0
OI0003290,ORD001637,PROD00401,2.0,20
OI0003291,ORD001637,PROD00125,-1.0,0
OI0003292,ORD001637,PROD00568,2.0,5
OI0003293,ORD001638,PROD00043,5.0,0
OI0003294,ORD001638,PROD00068,1.0,0
OI0003295,ORD001639,PROD00309,5.0,5
OI0003296,ORD001640,PROD00371,10.0,20
OI0003297,ORD001640,PROD00084,5.0,25
OI0003298,ORD001640,PROD00382,2.0,10
OI0003299,ORD001641,PROD00420,2.0,10
OI0003300,ORD001641,PROD00403,10.0,10
OI0003301,ORD001641,PROD00483,10.0,0
OI0003302,ORD001642,PROD00165,3.0,20
OI0003303,ORD001642,PROD00547,1.0,0
OI0003304,ORD001642,PROD00381,1.0,15
OI0003305,ORD001643,PROD00106,10.0,20
OI0003306,ORD001643,PROD00093,2.0,0
OI0003307,ORD001643,PROD00352,4.0,15
OI0003308,ORD001643,PROD00027,1.0,10
OI0003309,ORD001644,PROD00141,2.0,0
OI0003310,ORD001644,PROD00413,4.0,0
OI0003311,ORD001644,PROD00330,1.0,20
OI0003312,ORD001644,PROD00576,2.0,10
OI0003313,ORD001645,PROD00183,4.0,10
OI0003314,ORD001645,PROD00404,4.0,15
OI0003315,ORD001646,PROD00294,3.0,25
OI0003316,ORD001647,PROD00052,1.0,0
OI0003317,ORD001648,PROD00599,3.0,0
OI0003318,ORD001649,PROD00374,1.0,10
OI0003319,ORD001649,PROD00214,1.0,20
OI0003320,ORD001650,PROD00571,10.0,0
OI0003321,ORD001650,PROD00209,5.0,20
OI0003322,ORD001650,PROD00409,3.0,0
OI0003323,ORD001650,PROD00418,-1.0,5
OI0003324,ORD001651,PROD00078,2.0,10
OI0003325,ORD001651,PROD00276,10.0,20
OI0003326,ORD001651,PROD00345,3.0,10
OI0003327,ORD001652,PROD00302,5.0,0
OI0003328,ORD001652,PROD00239,5.0,0
OI0003329,ORD001653,PROD00600,-1.0,0
OI0003330,ORD001654,PROD00185,5.0,25
OI0003331,ORD001654,PROD00199,-1.0,0
OI0003332,ORD001655,PROD00229,-1.0,0
OI0003333,ORD001655,PROD00150,10.0,0
OI0003334,ORD001655,PROD00110,3.0,0
OI0003335,ORD001655,PROD00049,5.0,0
OI0003336,ORD001656,PROD00071,10.0,25
OI0003337,ORD001656,PROD00588,1.0,0
OI0003338,ORD001656,PROD00497,10.0,0
OI0003339,ORD001656,PROD00568,2.0,10
OI0003340,ORD001657,PROD00561,4.0,20
OI0003341,ORD001657,PROD00197,-1.0,20
OI0003342,ORD001657,PROD00496,10.0,5
OI0003343,ORD001658,PROD00014,2.0,25
OI0003344,ORD001658,PROD00563,4.0,25
OI0003345,ORD001658,PROD00300,1.0,0
OI0003346,ORD001658,PROD00428,3.0,5
OI0003347,ORD001659,PROD00125,3.0,25
OI0003348,ORD001659,PROD00287,4.0,0
OI0003349,ORD001660,PROD00166,10.0,10
OI0003350,ORD001660,PROD00590,2.0,20
OI0003351,ORD001661,PROD00503,3.0,0
OI0003352,ORD001661,PROD00488,1.0,20
OI0003353,ORD001661,PROD00404,1.0,0
OI0003354,ORD001662,PROD00168,10.0,0
OI0003355,ORD001662,PROD9661,10.0,0
OI0003356,ORD001662,PROD00563,1.0,15
OI0003357,ORD001663,PROD00275,2.0,20
OI0003358,ORD001664,PROD00260,5.0,25
OI0003359,ORD001665,PROD00190,5.0,15
OI0003360,ORD001665,PROD00592,2.0,20
OI0003361,ORD001666,PROD00565,1.0,15
OI0003362,ORD001667,PROD00552,1.0,15
OI0003363,ORD001667,PROD00577,10.0,10
OI0003364,ORD001667,PROD00351,3.0,15
OI0003365,ORD001668,PROD00164,10.0,0
OI0003366,ORD001669,PROD00282,5.0,15
OI0003367,ORD001669,PROD00548,1.0,5
OI0003368,ORD001670,PROD00556,4.0,10
OI0003369,ORD001670,PROD00375,10.0,20
OI0003370,ORD001670,PROD00486,1.0,5
OI0003371,ORD001671,PROD00377,5.0,10
OI0003372,ORD001672,PROD00054,1.0,0
OI0003373,ORD001672,PROD00219,1.0,0
OI0003374,ORD001672,PROD00335,2.0,0
OI0003375,ORD001672,PROD00340,1.0,0
OI0003376,ORD001673,PROD00057,2.0,0
OI0003377,ORD001674,PROD00242,1.0,15
OI0003378,ORD001674,PROD00330,1.0,15
OI0003379,ORD001674,PROD00155,2.0,5
OI0003380,ORD001674,PROD00390,1.0,0
OI0003381,ORD001675,PROD00560,2.0,10
OI0003382,ORD001676,PROD00129,-1.0,10
OI0003383,ORD001677,PROD00400,1.0,20
OI0003384,ORD001677,PROD00507,5.0,0
OI0003385,ORD001678,PROD00411,2.0,0
OI0003386,ORD001679,PROD00018,5.0,15
OI0003387,ORD001680,PROD00594,3.0,0
OI0003388,ORD001680,PROD00270,2.0,0
OI0003389,ORD001680,PROD00241,4.0,0
OI0003390,ORD001681,PROD00328,10.0,0
OI0003391,ORD001682,PROD00135,10.0,0
OI0003392,ORD001682,PROD00308,10.0,25
OI0003393,ORD001682,PROD00082,1.0,0
OI0003394,ORD001682,PROD00160,1.0,20
OI0003395,ORD001683,PROD00110,2.0,20
OI0003396,ORD001684,PROD00397,10.0,15
OI0003397,ORD001685,PROD00529,5.0,15
OI0003398,ORD001685,PROD00111,-1.0,0
OI0003399,ORD001686,PROD00052,5.0,0
OI0003400,ORD001687,PROD00399,1.0,10
OI0003401,ORD001687,PROD00336,-1.0,20
OI0003402,ORD001688,PROD00208,1.0,25
OI0003403,ORD001689,PROD00544,1.0,15
OI0003404,ORD001690,PROD00471,3.0,0
OI0003405,ORD001690,PROD00462,4.0,20
OI0003406,ORD001691,PROD00398,1.0,10
OI0003407,ORD001691,PROD00367,1.0,0
OI0003408,ORD001692,PROD00135,10.0,0
OI0003409,ORD001692,PROD00341,1.0,5
OI0003410,ORD001692,PROD00340,1.0,15
OI0003411,ORD001693,PROD00084,1.0,0
OI0003412,ORD001694,PROD00417,4.0,0
OI0003413,ORD001694,PROD00548,4.0,20
OI0003414,ORD001694,PROD00117,2.0,0
OI0003415,ORD001694,PROD00087,1.0,0
OI0003416,ORD001695,PROD00130,1.0,5
OI0003417,ORD001695,PROD00173,2.0,25
OI0003418,ORD001695,PROD00510,2.0,20
OI0003419,ORD001696,PROD00580,2.0,15
OI0003420,ORD001696,PROD00024,-1.0,0
OI0003421,ORD001697,PROD9111,4.0,10
OI0003422,ORD001698,PROD00339,5.0,0
OI0003423,ORD001698,PROD00433,10.0,5
OI0003424,ORD001699,PROD00477,2.0,20
OI0003425,ORD001700,PROD00160,1.0,0
OI0003426,ORD001700,PROD00512,10.0,25
OI0003427,ORD001700,PROD00097,1.0,0
OI0003428,ORD001701,PROD00344,1.0,10
OI0003429,ORD001701,PROD00527,5.0,20
OI0003430,ORD001701,PROD00062,2.0,25
OI0003431,ORD001701,PROD00416,1.0,10
OI0003432,ORD001702,PROD00382,1.0,0
OI0003433,ORD001703,PROD00401,2.0,25
OI0003434,ORD001704,PROD00545,5.0,5
OI0003435,ORD001705,PROD00006,1.0,20
OI0003436,ORD001705,PROD00275,5.0,10
OI0003437,ORD001706,PROD00342,2.0,0
OI0003438,ORD001706,PROD00485,2.0,0
OI0003439,ORD001707,PROD00082,5.0,25
OI0003440,ORD001708,PROD00397,2.0,0
OI0003441,ORD001709,PROD00308,10.0,20
OI0003442,ORD001709,PROD00420,2.0,5
OI0003443,ORD001710,PROD00109,1.0,5
OI0003444,ORD001710,PROD00334,1.0,20
OI0003445,ORD001711,PROD00071,3.0,5
OI0003446,ORD001711,PROD00056,5.0,0
OI0003447,ORD001711,PROD00492,4.0,25
OI0003448,ORD001712,PROD00490,1.0,0
OI0003449,ORD001712,PROD00534,1.0,10
OI0003450,ORD001713,PROD00250,4.0,25
OI0003451,ORD001714,PROD00593,10.0,0
OI0003452,ORD001715,PROD00458,3.0,0
OI0003453,ORD001715,PROD00373,3.0,5
OI0003454,ORD001715,PROD00345,2.0,0
OI0003455,ORD001715,PROD00020,2.0,5
OI0003456,ORD001716,PROD00152,10.0,0
OI0003457,ORD001717,PROD00185,2.0,5
OI0003458,ORD001717,PROD00031,-1.0,20
OI0003459,ORD001718,PROD00504,1.0,0
OI0003460,ORD001719,PROD00261,1.0,10
OI0003461,ORD001719,PROD00523,2.0,25
OI0003462,ORD001719,PROD00435,10.0,10
OI0003463,ORD001720,PROD00471,2.0,10
OI0003464,ORD001720,PROD00498,1.0,20
OI0003465,ORD001721,PROD00367,2.0,0
OI0003466,ORD001721,PROD00087,2.0,10
OI0003467,ORD001722,PROD00027,10.0,10
OI0003468,ORD001722,PROD00540,10.0,0
OI0003469,ORD001722,PROD00398,1.0,0
OI0003470,ORD001722,PROD00452,1.0,0
OI0003471,ORD001723,PROD00526,-1.0,5
OI0003472,ORD001724,PROD00402,1.0,10
OI0003473,ORD001725,PROD00523,1.0,5
OI0003474,ORD001725,PROD00458,5.0,15
OI0003475,ORD001725,PROD00119,2.0,5
OI0003476,ORD001725,PROD00324,1.0,15
OI0003477,ORD001726,PROD00152,1.0,0
OI0003478,ORD001726,PROD00347,10.0,0
OI0003479,ORD001727,PROD00049,-1.0,15
OI0003480,ORD001727,PROD00534,1.0,10
OI0003481,ORD001727,PROD00238,5.0,0
OI0003482,ORD001728,PROD00279,1.0,0
OI0003483,ORD001729,PROD00108,1.0,10
OI0003484,ORD001729,PROD00065,-1.0,0
OI0003485,ORD001729,PROD00460,1.0,20
OI0003486,ORD001730,PROD00577,2.0,15
OI0003487,ORD001730,PROD00555,2.0,0
OI0003488,ORD001730,PROD00194,4.0,10
OI0003489,ORD001730,PROD00444,2.0,0
OI0003490,ORD001731,PROD00196,2.0,5
OI0003491,ORD001732,PROD00553,1.0,5
OI0003492,ORD001732,PROD00306,2.0,0
OI0003493,ORD001732,PROD00199,2.0,0
OI0003494,ORD001733,PROD00555,4.0,15
OI0003495,ORD001733,PROD00022,1.0,25
OI0003496,ORD001733,PROD00471,3.0,15
OI0003497,ORD001733,PROD00068,2.0,0
OI0003498,ORD001734,PROD00294,2.0,0
OI0003499,ORD001734,PROD00076,1.0,5
OI0003500,ORD001734,PROD00594,500.0,20
OI0003501,ORD001735,PROD00313,1.0,10
OI0003502,ORD001736,PROD00044,3.0,0
OI0003503,ORD001736,PROD00390,-1.0,0
OI0003504,ORD001736,PROD00569,5.0,10
OI0003505,ORD001736,PROD00499,1.0,5
OI0003506,ORD001737,PROD00385,3.0,0
OI0003507,ORD001738,PROD00384,4.0,10
OI0003508,ORD001738,PROD00147,1.0,15
OI0003509,ORD001738,PROD00122,-1.0,0
OI0003510,ORD001738,PROD00395,3.0,15
OI0003511,ORD001739,PROD00312,5.0,20
OI0003512,ORD001740,PROD00132,2.0,5
OI0003513,ORD001741,PROD00184,2.0,0
OI0003514,ORD001741,PROD00531,1.0,20
OI0003515,ORD001742,PROD00121,1.0,0
OI0003516,ORD001742,PROD00198,5.0,0
OI0003517,ORD001742,PROD00084,10.0,25
OI0003518,ORD001743,PROD00343,2.0,0
OI0003519,ORD001743,PROD00092,5.0,0
OI0003520,ORD001744,PROD00476,500.0,25
OI0003521,ORD001745,PROD00581,2.0,25
OI0003522,ORD001745,PROD00271,10.0,0
OI0003523,ORD001745,PROD00244,3.0,15
OI0003524,ORD001745,PROD00055,1.0,20
OI0003525,ORD001746,PROD00120,2.0,10
OI0003526,ORD001746,PROD00104,2.0,0
OI0003527,ORD001746,PROD00136,1.0,15
OI0003528,ORD001747,PROD00022,1.0,0
OI0003529,ORD001747,PROD00014,1.0,25
OI0003530,ORD001748,PROD00168,2.0,0
OI0003531,ORD001748,PROD00192,5.0,0
OI0003532,ORD001748,PROD00312,500.0,15
OI0003533,ORD001749,PROD00404,1.0,0
OI0003534,ORD001749,PROD00153,1.0,20
OI0003535,ORD001749,PROD00452,1.0,0
OI0003536,ORD001749,PROD00332,10.0,0
OI0003537,ORD001750,PROD00190,1.0,25
OI0003538,ORD001751,PROD00074,2.0,0
OI0003539,ORD001751,PROD00598,2.0,0
OI0003540,ORD001751,PROD00284,4.0,20
OI0003541,ORD001752,PROD00586,5.0,0
OI0003542,ORD001752,PROD00079,3.0,5
OI0003543,ORD001753,PROD00094,4.0,0
OI0003544,ORD001754,PROD00058,1.0,0
OI0003545,ORD001754,PROD00357,1.0,15
OI0003546,ORD001754,PROD00305,2.0,25
OI0003547,ORD001754,PROD00421,5.0,10
OI0003548,ORD001755,PROD00495,5.0,10
OI0003549,ORD001756,PROD00075,1.0,20
OI0003550,ORD001756,PROD00506,4.0,10
OI0003551,ORD001756,PROD00556,4.0,0
OI0003552,ORD001756,PROD00339,2.0,0
OI0003553,ORD001757,PROD00526,3.0,20
OI0003554,ORD001757,PROD00296,2.0,20
OI0003555,ORD001757,PROD00362,2.0,10
OI0003556,ORD001757,PROD00091,3.0,25
OI0003557,ORD001758,PROD00061,-1.0,25
OI0003558,ORD001759,PROD00365,2.0,15
OI0003559,ORD001759,PROD00081,2.0,15
OI0003560,ORD001760,PROD00562,10.0,0
OI0003561,ORD001760,PROD00427,5.0,0
OI0003562,ORD001761,PROD00525,1.0,25
OI0003563,ORD001761,PROD00039,1.0,5
OI0003564,ORD001762,PROD00576,3.0,20
OI0003565,ORD001763,PROD00021,1.0,0
OI0003566,ORD001764,PROD00536,1.0,10
OI0003567,ORD001765,PROD00177,1.0,25
OI0003568,ORD001765,PROD00527,3.0,5
OI0003569,ORD001765,PROD00246,1.0,0
OI0003570,ORD001765,PROD00197,2.0,25
OI0003571,ORD001766,PROD00363,4.0,20
OI0003572,ORD001766,PROD00002,-1.0,15
OI0003573,ORD001767,PROD00220,1.0,0
OI0003574,ORD001767,PROD00580,1.0,25
OI0003575,ORD001768,PROD00434,4.0,25
OI0003576,ORD001768,PROD00160,2.0,20
OI0003577,ORD001768,PROD00227,1.0,10
OI0003578,ORD001768,PROD00481,-1.0,20
OI0003579,ORD001769,PROD00143,1.0,15
OI0003580,ORD001769,PROD00041,5.0,0
OI0003581,ORD001769,PROD00487,1.0,15
OI0003582,ORD001770,PROD00169,5.0,0
OI0003583,ORD001771,PROD00288,1.0,20
OI0003584,ORD001771,PROD00239,4.0,20
OI0003585,ORD001772,PROD00371,3.0,0
OI0003586,ORD001772,PROD00380,10.0,15
OI0003587,ORD001773,PROD00361,2.0,20
OI0003588,ORD001773,PROD00497,-1.0,0
OI0003589,ORD001773,PROD00192,4.0,25
OI0003590,ORD001773,PROD00335,10.0,25
OI0003591,ORD001774,PROD00383,1.0,0
OI0003592,ORD001775,PROD00203,5.0,0
OI0003593,ORD001775,PROD00531,-1.0,10
OI0003594,ORD001775,PROD00508,5.0,5
OI0003595,ORD001776,PROD00139,3.0,0
OI0003596,ORD001777,PROD00319,1.0,0
OI0003597,ORD001778,PROD9175,4.0,5
OI0003598,ORD001779,PROD00495,1.0,25
OI0003599,ORD001779,PROD00172,2.0,0
OI0003600,ORD001779,PROD00138,3.0,15
OI0003601,ORD001780,PROD00091,3.0,15
OI0003602,ORD001780,PROD00395,1.0,25
OI0003603,ORD001780,PROD00399,4.0,10
OI0003604,ORD001781,PROD00326,10.0,0
OI0003605,ORD001781,PROD00114,5.0,20
OI0003606,ORD001782,PROD00040,2.0,5
OI0003607,ORD001783,PROD00569,1.0,10
OI0003608,ORD001784,PROD00014,1.0,5
OI0003609,ORD001784,PROD00318,-1.0,15
OI0003610,ORD001785,PROD00189,1.0,20
OI0003611,ORD001786,PROD00126,2.0,5
OI0003612,ORD001787,PROD00305,10.0,20
OI0003613,ORD001787,PROD00261,-1.0,25
OI0003614,ORD001787,PROD00114,2.0,0
OI0003615,ORD001788,PROD00005,10.0,0
OI0003616,ORD001788,PROD00597,2.0,15
OI0003617,ORD001789,PROD00102,4.0,0
OI0003618,ORD001790,PROD00126,-1.0,0
OI0003619,ORD001790,PROD00191,500.0,5
OI0003620,ORD001791,PROD00145,2.0,0
OI0003621,ORD001792,PROD00109,2.0,5
OI0003622,ORD001792,PROD00245,1.0,0
OI0003623,ORD001792,PROD00309,1.0,0
OI0003624,ORD001793,PROD00416,-1.0,15
OI0003625,ORD001794,PROD00255,5.0,5
OI0003626,ORD001794,PROD00149,5.0,0
OI0003627,ORD001794,PROD00242,1.0,10
OI0003628,ORD001795,PROD00544,1.0,0
OI0003629,ORD001795,PROD00133,3.0,15
OI0003630,ORD001796,PROD00220,2.0,20
OI0003631,ORD001796,PROD00173,-1.0,0
OI0003632,ORD001797,PROD00277,4.0,5
OI0003633,ORD001797,PROD00547,1.0,0
OI0003634,ORD001797,PROD00123,1.0,5
OI0003635,ORD001798,PROD00502,2.0,0
OI0003636,ORD001799,PROD00269,3.0,10
OI0003637,ORD001799,PROD00438,3.0,0
OI0003638,ORD001800,PROD00332,1.0,5
OI0003639,ORD001800,PROD00515,1.0,5
OI0003640,ORD001801,PROD00033,2.0,0
OI0003641,ORD001801,PROD00523,5.0,20
OI0003642,ORD001801,PROD00494,1.0,25
OI0003643,ORD001802,PROD00199,2.0,15
OI0003644,ORD001803,PROD00420,4.0,20
OI0003645,ORD001803,PROD00021,10.0,5
OI0003646,ORD001804,PROD00270,3.0,0
OI0003647,ORD001805,PROD00133,10.0,0
OI0003648,ORD001805,PROD00218,1.0,20
OI0003649,ORD001805,PROD00002,1.0,15
OI0003650,ORD001806,PROD00120,10.0,5
OI0003651,ORD001807,PROD00300,1.0,0
OI0003652,ORD001807,PROD00547,1.0,15
OI0003653,ORD001807,PROD00118,1.0,0
OI0003654,ORD001807,PROD00052,1.0,0
OI0003655,ORD001808,PROD00534,5.0,0
OI0003656,ORD001809,PROD00599,-1.0,0
OI0003657,ORD001810,PROD00078,2.0,15
OI0003658,ORD001810,PROD00309,2.0,25
OI0003659,ORD001810,PROD00197,1.0,0
OI0003660,ORD001811,PROD00172,1.0,0
OI0003661,ORD001812,PROD00320,10.0,0
OI0003662,ORD001812,PROD00554,1.0,25
OI0003663,ORD001812,PROD00558,5.0,0
OI0003664,ORD001813,PROD00093,-1.0,0
OI0003665,ORD001813,PROD00106,4.0,25
OI0003666,ORD001813,PROD00409,3.0,0
OI0003667,ORD001813,PROD00484,4.0,0
OI0003668,ORD001814,PROD00016,10.0,20
OI0003669,ORD001814,PROD00489,10.0,10
OI0003670,ORD001814,PROD00117,10.0,0
OI0003671,ORD001815,PROD00035,4.0,0
OI0003672,ORD001815,PROD00411,2.0,0
OI0003673,ORD001816,PROD00267,2.0,0
OI0003674,ORD001817,PROD00300,1.0,0
OI0003675,ORD001817,PROD00585,4.0,15
OI0003676,ORD001818,PROD00391,-1.0,0
OI0003677,ORD001818,PROD00251,10.0,20
OI0003678,ORD001818,PROD00115,1.0,5
OI0003679,ORD001819,PROD00239,1.0,0
OI0003680,ORD001820,PROD00067,2.0,0
OI0003681,ORD001821,PROD00097,1.0,15
OI0003682,ORD001821,PROD00583,-1.0,15
OI0003683,ORD001822,PROD00489,1.0,5
OI0003684,ORD001823,PROD00439,1.0,0
OI0003685,ORD001824,PROD00354,2.0,25
OI0003686,ORD001825,PROD00316,2.0,25
OI0003687,ORD001825,PROD00379,1.0,0
OI0003688,ORD001826,PROD00058,10.0,0
OI0003689,ORD001827,PROD00055,10.0,0
OI0003690,ORD001827,PROD00583,1.0,20
OI0003691,ORD001827,PROD00044,-1.0,0
OI0003692,ORD001827,PROD00449,1.0,0
OI0003693,ORD001828,PROD00522,2.0,0
OI0003694,ORD001828,PROD00222,2.0,25
OI0003695,ORD001829,PROD00071,4.0,20
OI0003696,ORD001830,PROD00116,1.0,0
OI0003697,ORD001831,PROD00573,5.0,0
OI0003698,ORD001831,PROD00498,1.0,20
OI0003699,ORD001832,PROD00339,1.0,10
OI0003700,ORD001833,PROD00494,10.0,5
OI0003701,ORD001833,PROD9082,10.0,10
OI0003702,ORD001834,PROD00178,1.0,15
OI0003703,ORD001834,PROD00232,2.0,15
OI0003704,ORD001835,PROD00201,1.0,0
OI0003705,ORD001836,PROD00102,1.0,25
OI0003706,ORD001836,PROD00111,1.0,5
OI0003707,ORD001836,PROD00059,4.0,15
OI0003708,ORD001836,PROD00548,1.0,0
OI0003709,ORD001837,PROD00538,4.0,25
OI0003710,ORD001837,PROD00045,-1.0,5
OI0003711,ORD001838,PROD00444,3.0,0
OI0003712,ORD001839,PROD00296,2.0,5
OI0003713,ORD001840,PROD00178,2.0,0
OI0003714,ORD001841,PROD00331,1.0,10
OI0003715,ORD001841,PROD00266,-1.0,10
OI0003716,ORD001842,PROD00572,3.0,0
OI0003717,ORD001842,PROD00266,10.0,10
OI0003718,ORD001843,PROD00535,1.0,0
OI0003719,ORD001844,PROD00261,2.0,0
OI0003720,ORD001844,PROD00025,1.0,0
OI0003721,ORD001844,PROD00339,2.0,5
OI0003722,ORD001845,PROD00081,1.0,5
OI0003723,ORD001846,PROD00027,2.0,10
OI0003724,ORD001846,PROD00324,10.0,5
OI0003725,ORD001847,PROD00492,2.0,25
OI0003726,ORD001847,PROD00108,3.0,15
OI0003727,ORD001848,PROD00588,10.0,15
OI0003728,ORD001849,PROD00289,1.0,0
OI0003729,ORD001849,PROD00457,1.0,10
OI0003730,ORD001849,PROD00069,5.0,0
OI0003731,ORD001850,PROD00173,1.0,0
OI0003732,ORD001850,PROD00118,1.0,20
OI0003733,ORD001851,PROD00257,2.0,25
OI0003734,ORD001852,PROD00542,1.0,5
OI0003735,ORD001852,PROD00341,-1.0,10
OI0003736,ORD001853,PROD00135,-1.0,0
OI0003737,ORD001853,PROD00257,1.0,25
OI0003738,ORD001854,PROD00358,1.0,10
OI0003739,ORD001854,PROD00080,10.0,10
OI0003740,ORD001854,PROD9581,4.0,25
OI0003741,ORD001854,PROD00147,-1.0,10
OI0003742,ORD001855,PROD9132,1.0,15
OI0003743,ORD001856,PROD00100,2.0,25
OI0003744,ORD001856,PROD00588,2.0,20
OI0003745,ORD001857,PROD00517,5.0,10
OI0003746,ORD001857,PROD00587,-1.0,20
OI0003747,ORD001857,PROD00483,2.0,5
OI0003748,ORD001858,PROD00539,4.0,0
OI0003749,ORD001859,PROD00160,5.0,0
OI0003750,ORD001859,PROD00087,1.0,20
OI0003751,ORD001859,PROD00431,3.0,15
OI0003752,ORD001859,PROD00587,3.0,0
OI0003753,ORD001860,PROD00091,1.0,0
OI0003754,ORD001860,PROD00094,1.0,20
OI0003755,ORD001860,PROD00405,1.0,15
OI0003756,ORD001861,PROD00422,2.0,15
OI0003757,ORD001862,PROD00479,1.0,5
OI0003758,ORD001863,PROD00366,5.0,25
OI0003759,ORD001863,PROD00352,4.0,10
OI0003760,ORD001864,PROD00142,3.0,5
OI0003761,ORD001864,PROD00054,2.0,0
OI0003762,ORD001865,PROD00467,1.0,0
OI0003763,ORD001865,PROD00135,2.0,20
OI0003764,ORD001865,PROD00212,1.0,5
OI0003765,ORD001865,PROD00254,1.0,0
OI0003766,ORD001866,PROD00468,10.0,15
OI0003767,ORD001867,PROD00055,1.0,25
OI0003768,ORD001867,PROD00473,-1.0,0
OI0003769,ORD001868,PROD00285,4.0,0
OI0003770,ORD001869,PROD00286,1.0,0
OI0003771,ORD001870,PROD00178,2.0,15
OI0003772,ORD001870,PROD00219,1.0,5
OI0003773,ORD001871,PROD00338,5.0,10
OI0003774,ORD001871,PROD00368,1.0,0
OI0003775,ORD001871,PROD00363,2.0,25
OI0003776,ORD001871,PROD00478,2.0,20
OI0003777,ORD001872,PROD00375,4.0,10
OI0003778,ORD001872,PROD00345,3.0,0
OI0003779,ORD001873,PROD00124,3.0,0
OI0003780,ORD001873,PROD00148,3.0,10
OI0003781,ORD001874,PROD00596,4.0,20
OI0003782,ORD001874,PROD00168,4.0,20
OI0003783,ORD001874,PROD00538,-1.0,25
OI0003784,ORD001874,PROD00414,10.0,10
OI0003785,ORD001875,PROD00360,3.0,5
OI0003786,ORD001875,PROD00348,3.0,0
OI0003787,ORD001875,PROD00235,-1.0,0
OI0003788,ORD001875,PROD00196,1.0,25
OI0003789,ORD001876,PROD00276,1.0,20
OI0003790,ORD001876,PROD00512,4.0,10
OI0003791,ORD001876,PROD00503,-1.0,10
OI0003792,ORD001876,PROD00581,1.0,0
OI0003793,ORD001877,PROD00313,1.0,0
OI0003794,ORD001878,PROD00065,2.0,5
OI0003795,ORD001879,PROD00314,-1.0,0
OI0003796,ORD001880,PROD00303,2.0,25
OI0003797,ORD001881,PROD00397,2.0,0
OI0003798,ORD001882,PROD00540,5.0,10
OI0003799,ORD001882,PROD00132,10.0,15
OI0003800,ORD001883,PROD00128,2.0,10
OI0003801,ORD001883,PROD00181,3.0,5
OI0003802,ORD001883,PROD00093,2.0,0
OI0003803,ORD001883,PROD00012,10.0,0
OI0003804,ORD001884,PROD00065,2.0,5
OI0003805,ORD001884,PROD00355,4.0,0
OI0003806,ORD001885,PROD00397,4.0,20
OI0003807,ORD001885,PROD00481,2.0,20
OI0003808,ORD001885,PROD00221,1.0,0
OI0003809,ORD001886,PROD00087,1.0,25
OI0003810,ORD001887,PROD00564,1.0,25
OI0003811,ORD001888,PROD00062,3.0,15
OI0003812,ORD001888,PROD00240,1.0,0
OI0003813,ORD001889,PROD00568,1.0,5
OI0003814,ORD001889,PROD00194,-1.0,10
OI0003815,ORD001889,PROD00249,10.0,25
OI0003816,ORD001890,PROD00396,4.0,25
OI0003817,ORD001891,PROD00425,-1.0,20
OI0003818,ORD001891,PROD00590,10.0,0
OI0003819,ORD001891,PROD00285,1.0,5
OI0003820,ORD001892,PROD9934,3.0,25
OI0003821,ORD001892,PROD00156,2.0,10
OI0003822,ORD001893,PROD00502,1.0,0
OI0003823,ORD001893,PROD00191,1.0,0
OI0003824,ORD001894,PROD00525,2.0,5
OI0003825,ORD001895,PROD00046,2.0,20
OI0003826,ORD001895,PROD00158,2.0,0
OI0003827,ORD001896,PROD00081,3.0,5
OI0003828,ORD001896,PROD00549,5.0,20
OI0003829,ORD001896,PROD00233,1.0,5
OI0003830,ORD001896,PROD00238,-1.0,20
OI0003831,ORD001897,PROD00459,1.0,15
OI0003832,ORD001897,PROD00075,1.0,0
OI0003833,ORD001898,PROD00269,1.0,0
OI0003834,ORD001898,PROD00295,2.0,0
OI0003835,ORD001898,PROD00476,1.0,0
OI0003836,ORD001899,PROD00278,2.0,5
OI0003837,ORD001899,PROD00045,5.0,25
OI0003838,ORD001899,PROD00526,2.0,20
OI0003839,ORD001899,PROD00019,1.0,10
OI0003840,ORD001900,PROD00083,1.0,5
OI0003841,ORD001901,PROD00256,2.0,0
OI0003842,ORD001901,PROD00573,3.0,0
OI0003843,ORD001901,PROD00365,1.0,10
OI0003844,ORD001902,PROD00557,2.0,20
OI0003845,ORD001902,PROD00555,5.0,25
OI0003846,ORD001902,PROD00323,-1.0,0
OI0003847,ORD001902,PROD00421,10.0,0
OI0003848,ORD001903,PROD00018,3.0,15
OI0003849,ORD001904,PROD00304,-1.0,0
OI0003850,ORD001905,PROD00165,5.0,20
OI0003851,ORD001905,PROD00421,-1.0,15
OI0003852,ORD001905,PROD00355,4.0,25
OI0003853,ORD001905,PROD00047,1.0,0
OI0003854,ORD001906,PROD00361,10.0,0
OI0003855,ORD001906,PROD00471,10.0,0
OI0003856,ORD001906,PROD00082,4.0,10
OI0003857,ORD001906,PROD00133,1.0,20
OI0003858,ORD001907,PROD00098,-1.0,0
OI0003859,ORD001908,PROD00457,5.0,10
OI0003860,ORD001909,PROD00379,10.0,0
OI0003861,ORD001909,PROD00199,1.0,0
OI0003862,ORD001909,PROD00099,1.0,15
OI0003863,ORD001910,PROD00206,3.0,0
OI0003864,ORD001910,PROD00425,10.0,20
OI0003865,ORD001910,PROD00270,-1.0,10
OI0003866,ORD001911,PROD00399,1.0,0
OI0003867,ORD001911,PROD00366,1.0,15
OI0003868,ORD001911,PROD00146,4.0,5
OI0003869,ORD001911,PROD00421,-1.0,20
OI0003870,ORD001912,PROD9186,-1.0,0
OI0003871,ORD001913,PROD00184,5.0,0
OI0003872,ORD001913,PROD00581,-1.0,15
OI0003873,ORD001914,PROD00487,2.0,10
OI0003874,ORD001915,PROD00299,4.0,5
OI0003875,ORD001915,PROD00108,2.0,0
OI0003876,ORD001916,PROD00479,2.0,5
OI0003877,ORD001917,PROD00506,1.0,25
OI0003878,ORD001918,PROD00294,-1.0,5
OI0003879,ORD001918,PROD00109,1.0,0
OI0003880,ORD001918,PROD00334,2.0,0
OI0003881,ORD001918,PROD00081,1.0,25
OI0003882,ORD001919,PROD00450,1.0,0
OI0003883,ORD001920,PROD00345,1.0,0
OI0003884,ORD001920,PROD00459,1.0,5
OI0003885,ORD001921,PROD00413,5.0,0
OI0003886,ORD001922,PROD00298,10.0,10
OI0003887,ORD001922,PROD9802,4.0,20
OI0003888,ORD001922,PROD00391,4.0,20
OI0003889,ORD001922,PROD00502,1.0,10
OI0003890,ORD001923,PROD00430,1.0,10
OI0003891,ORD001924,PROD00068,2.0,0
OI0003892,ORD001924,PROD00128,4.0,5
OI0003893,ORD001924,PROD00063,1.0,0
OI0003894,ORD001924,PROD00475,5.0,5
OI0003895,ORD001925,PROD00111,-1.0,0
OI0003896,ORD001925,PROD00425,1.0,15
OI0003897,ORD001925,PROD00576,10.0,0
OI0003898,ORD001926,PROD00440,5.0,0
OI0003899,ORD001926,PROD00256,1.0,0
OI0003900,ORD001926,PROD00171,3.0,0
OI0003901,ORD001927,PROD9660,1.0,20
OI0003902,ORD001927,PROD00349,3.0,0
OI0003903,ORD001927,PROD00347,5.0,0
OI0003904,ORD001928,PROD00515,10.0,0
OI0003905,ORD001929,PROD00472,2.0,0
OI0003906,ORD001929,PROD00144,-1.0,25
OI0003907,ORD001930,PROD00439,1.0,0
OI0003908,ORD001930,PROD00079,,0
OI0003909,ORD001930,PROD00327,2.0,20
OI0003910,ORD001931,PROD00475,1.0,25
OI0003911,ORD001932,PROD00214,5.0,25
OI0003912,ORD001932,PROD00573,3.0,0
OI0003913,ORD001932,PROD00576,10.0,5
OI0003914,ORD001932,PROD00484,1.0,20
OI0003915,ORD001933,PROD00329,3.0,20
OI0003916,ORD001933,PROD00457,1.0,20
OI0003917,ORD001934,PROD00368,1.0,15
OI0003918,ORD001934,PROD00061,1.0,25
OI0003919,ORD001934,PROD00312,5.0,15
OI0003920,ORD001935,PROD00104,3.0,0
OI0003921,ORD001936,PROD00044,3.0,20
OI0003922,ORD001937,PROD00145,-1.0,25
OI0003923,ORD001937,PROD00316,3.0,25
OI0003924,ORD001938,PROD00169,1.0,20
OI0003925,ORD001938,PROD00567,1.0,5
OI0003926,ORD001939,PROD00525,4.0,0
OI0003927,ORD001939,PROD00125,3.0,0
OI0003928,ORD001940,PROD00176,5.0,25
OI0003929,ORD001941,PROD00138,10.0,15
OI0003930,ORD001941,PROD00393,2.0,20
OI0003931,ORD001942,PROD00136,3.0,0
OI0003932,ORD001943,PROD00562,-1.0,15
OI0003933,ORD001943,PROD00330,10.0,10
OI0003934,ORD001944,PROD00142,4.0,0
OI0003935,ORD001945,PROD00356,2.0,20
OI0003936,ORD001945,PROD00085,-1.0,5
OI0003937,ORD001945,PROD00124,1.0,0
OI0003938,ORD001946,PROD00312,4.0,10
OI0003939,ORD001946,PROD00301,4.0,0
OI0003940,ORD001947,PROD00511,1.0,10
OI0003941,ORD001947,PROD00206,2.0,25
OI0003942,ORD001948,PROD00359,3.0,20
OI0003943,ORD001949,PROD00345,4.0,0
OI0003944,ORD001949,PROD00508,-1.0,0
OI0003945,ORD001950,PROD00367,1.0,0
OI0003946,ORD001951,PROD00171,4.0,0
OI0003947,ORD001951,PROD00005,1.0,20
OI0003948,ORD001952,PROD00182,1.0,25
OI0003949,ORD001952,PROD00240,-1.0,0
OI0003950,ORD001952,PROD00083,2.0,0
OI0003951,ORD001952,PROD00032,3.0,10
OI0003952,ORD001953,PROD00475,1.0,0
OI0003953,ORD001953,PROD00099,1.0,0
OI0003954,ORD001954,PROD00045,10.0,20
OI0003955,ORD001955,PROD00455,4.0,20
OI0003956,ORD001955,PROD00155,1.0,0
OI0003957,ORD001955,PROD00449,3.0,5
OI0003958,ORD001956,PROD00130,3.0,25
OI0003959,ORD001956,PROD00254,4.0,0
OI0003960,ORD001956,PROD00030,4.0,10
OI0003961,ORD001957,PROD00050,2.0,0
OI0003962,ORD001958,PROD00010,2.0,20
OI0003963,ORD001959,PROD00012,1.0,0
OI0003964,ORD001959,PROD00235,3.0,5
OI0003965,ORD001959,PROD00310,1.0,15
OI0003966,ORD001959,PROD00403,1.0,15
OI0003967,ORD001960,PROD00230,10.0,20
OI0003968,ORD001960,PROD00381,10.0,25
OI0003969,ORD001961,PROD00494,1.0,0
OI0003970,ORD001961,PROD00577,4.0,10
OI0003971,ORD001961,PROD00272,5.0,25
OI0003972,ORD001961,PROD00027,10.0,0
OI0003973,ORD001962,PROD00054,3.0,20
OI0003974,ORD001962,PROD00128,1.0,0
OI0003975,ORD001963,PROD00231,5.0,25
OI0003976,ORD001963,PROD00160,1.0,0
OI0003977,ORD001963,PROD00082,10.0,10
OI0003978,ORD001964,PROD00278,3.0,15
OI0003979,ORD001964,PROD00342,2.0,5
OI0003980,ORD001964,PROD00094,2.0,15
OI0003981,ORD001964,PROD00591,1.0,5
OI0003982,ORD001965,PROD00356,-1.0,0
OI0003983,ORD001965,PROD00422,1.0,25
OI0003984,ORD001965,PROD00450,4.0,10
OI0003985,ORD001966,PROD00528,-1.0,20
OI0003986,ORD001966,PROD00389,-1.0,0
OI0003987,ORD001967,PROD00197,2.0,0
OI0003988,ORD001967,PROD00598,1.0,20
OI0003989,ORD001968,PROD00005,1.0,0
OI0003990,ORD001969,PROD00021,3.0,5
OI0003991,ORD001969,PROD00356,1.0,5
OI0003992,ORD001970,PROD00330,1.0,20
OI0003993,ORD001970,PROD00297,1.0,15
OI0003994,ORD001971,PROD00534,1.0,20
OI0003995,ORD001972,PROD00141,2.0,15
OI0003996,ORD001973,PROD00501,2.0,0
OI0003997,ORD001973,PROD00196,10.0,10
OI0003998,ORD001974,PROD00522,1.0,25
OI0003999,ORD001974,PROD00505,1.0,20
OI0004000,ORD001975,PROD00236,1.0,10
OI0004001,ORD001975,PROD00116,10.0,0
OI0004002,ORD001975,PROD00562,3.0,10
OI0004003,ORD001976,PROD00347,5.0,25
OI0004004,ORD001976,PROD00482,1.0,0
OI0004005,ORD001976,PROD00493,5.0,0
OI0004006,ORD001976,PROD00430,10.0,15
OI0004007,ORD001977,PROD00124,-1.0,25
OI0004008,ORD001977,PROD00341,5.0,5
OI0004009,ORD001977,PROD00117,4.0,25
OI0004010,ORD001978,PROD00317,1.0,10
OI0004011,ORD001979,PROD00298,5.0,0
OI0004012,ORD001980,PROD00043,1.0,0
OI0004013,ORD001980,PROD00153,2.0,10
OI0004014,ORD001981,PROD00232,5.0,0
OI0004015,ORD001981,PROD00349,1.0,0
OI0004016,ORD001981,PROD00407,-1.0,15
OI0004017,ORD001982,PROD00426,2.0,25
OI0004018,ORD001982,PROD00099,4.0,0
OI0004019,ORD001982,PROD00060,4.0,25
OI0004020,ORD001983,PROD00138,2.0,25
OI0004021,ORD001983,PROD00496,4.0,0
OI0004022,ORD001984,PROD00335,1.0,5
OI0004023,ORD001985,PROD00175,1.0,10
OI0004024,ORD001986,PROD00274,2.0,0
OI0004025,ORD001987,PROD00125,5.0,0
OI0004026,ORD001988,PROD00169,1.0,15
OI0004027,ORD001988,PROD00310,4.0,10
OI0004028,ORD001988,PROD00347,5.0,20
OI0004029,ORD001988,PROD00579,3.0,0
OI0004030,ORD001989,PROD00462,1.0,0
OI0004031,ORD001990,PROD00428,2.0,5
OI0004032,ORD001990,PROD00407,3.0,0
OI0004033,ORD001991,PROD00335,1.0,0
OI0004034,ORD001991,PROD00181,500.0,0
OI0004035,ORD001992,PROD00597,2.0,0
OI0004036,ORD001992,PROD00073,3.0,20
OI0004037,ORD001993,PROD00203,-1.0,0
OI0004038,ORD001993,PROD00040,5.0,10
OI0004039,ORD001994,PROD00199,1.0,25
OI0004040,ORD001994,PROD00159,1.0,25
OI0004041,ORD001994,PROD00421,2.0,15
OI0004042,ORD001995,PROD00170,1.0,25
OI0004043,ORD001995,PROD00361,2.0,0
OI0004044,ORD001995,PROD00368,2.0,15
OI0004045,ORD001996,PROD00472,5.0,0
OI0004046,ORD001996,PROD00110,2.0,0
OI0004047,ORD001996,PROD00108,3.0,5
OI0004048,ORD001997,PROD00136,4.0,10
OI0004049,ORD001998,PROD00265,3.0,15
OI0004050,ORD001999,PROD00371,1.0,0
OI0004051,ORD001999,PROD00009,2.0,0
OI0004052,ORD001999,PROD00310,1.0,0
OI0004053,ORD001999,PROD00109,4.0,5
OI0004054,ORD002000,PROD00529,500.0,0
OI0004055,ORD002000,PROD00254,1.0,5
OI0004056,ORD002000,PROD00387,10.0,15
OI0004057,ORD002001,PROD00067,-1.0,0
OI0004058,ORD002001,PROD00211,5.0,15
OI0004059,ORD002002,PROD00446,2.0,5
OI0004060,ORD002003,PROD00569,2.0,0
OI0004061,ORD002003,PROD00035,2.0,0
OI0004062,ORD002004,PROD00259,4.0,20
OI0004063,ORD002004,PROD00480,1.0,20
OI0004064,ORD002004,PROD00433,1.0,0
OI0004065,ORD002004,PROD00234,2.0,15
OI0004066,ORD002005,PROD00047,1.0,0
OI0004067,ORD002005,PROD00209,5.0,0
OI0004068,ORD002005,PROD00385,1.0,0
OI0004069,ORD002006,PROD00598,1.0,0
OI0004070,ORD002006,PROD00021,4.0,15
OI0004071,ORD002006,PROD00504,-1.0,5
OI0004072,ORD002006,PROD00527,2.0,0
OI0004073,ORD002007,PROD00160,1.0,0
OI0004074,ORD002008,PROD00316,5.0,20
OI0004075,ORD002009,PROD00598,3.0,15
OI0004076,ORD002009,PROD00537,1.0,0
OI0004077,ORD002009,PROD00194,2.0,10
OI0004078,ORD002010,PROD00334,3.0,20
OI0004079,ORD002010,PROD00397,10.0,0
OI0004080,ORD002011,PROD00024,2.0,0
OI0004081,ORD002012,PROD00070,4.0,20
OI0004082,ORD002012,PROD00537,1.0,0
OI0004083,ORD002012,PROD00177,3.0,0
OI0004084,ORD002013,PROD00252,1.0,25
OI0004085,ORD002014,PROD00480,5.0,5
OI0004086,ORD002014,PROD00224,1.0,0
OI0004087,ORD002014,PROD00119,1.0,0
OI0004088,ORD002015,PROD00344,1.0,5
OI0004089,ORD002015,PROD00287,10.0,0
OI0004090,ORD002015,PROD00080,2.0,15
OI0004091,ORD002015,PROD00107,1.0,20
OI0004092,ORD002016,PROD00159,10.0,25
OI0004093,ORD002017,PROD00001,-1.0,5
OI0004094,ORD002017,PROD00123,2.0,10
OI0004095,ORD002017,PROD00571,5.0,0
OI0004096,ORD002018,PROD00026,5.0,5
OI0004097,ORD002019,PROD00044,3.0,15
OI0004098,ORD002020,PROD00169,2.0,0
OI0004099,ORD002020,PROD00433,2.0,25
OI0004100,ORD002021,PROD00470,4.0,20
OI0004101,ORD002021,PROD00430,5.0,0
OI0004102,ORD002022,PROD00350,2.0,25
OI0004103,ORD002023,PROD00348,1.0,0
OI0004104,ORD002023,PROD00515,1.0,20
OI0004105,ORD002023,PROD00329,3.0,0
OI0004106,ORD002023,PROD00471,1.0,0
OI0004107,ORD002024,PROD00189,2.0,0
OI0004108,ORD002024,PROD00245,-1.0,0
OI0004109,ORD002025,PROD00363,2.0,0
OI0004110,ORD002025,PROD00103,1.0,5
OI0004111,ORD002026,PROD00525,1.0,10
OI0004112,ORD002026,PROD00073,10.0,15
OI0004113,ORD002027,PROD00020,3.0,20
OI0004114,ORD002028,PROD00015,2.0,0
OI0004115,ORD002028,PROD00557,-1.0,15
OI0004116,ORD002028,PROD00004,5.0,20
OI0004117,ORD002028,PROD00527,-1.0,0
OI0004118,ORD002029,PROD00378,2.0,0
OI0004119,ORD002030,PROD00361,1.0,5
OI0004120,ORD002030,PROD00119,10.0,25
OI0004121,ORD002031,PROD00575,-1.0,25
OI0004122,ORD002031,PROD00265,10.0,20
OI0004123,ORD002032,PROD00451,2.0,0
OI0004124,ORD002033,PROD00073,1.0,0
OI0004125,ORD002033,PROD00218,2.0,25
OI0004126,ORD002033,PROD00600,2.0,15
OI0004127,ORD002033,PROD00506,4.0,0
OI0004128,ORD002034,PROD00542,5.0,25
OI0004129,ORD002034,PROD00290,4.0,0
OI0004130,ORD002035,PROD00332,2.0,15
OI0004131,ORD002036,PROD00535,3.0,0
OI0004132,ORD002037,PROD00370,1.0,0
OI0004133,ORD002038,PROD00104,5.0,10
OI0004134,ORD002039,PROD00220,2.0,10
OI0004135,ORD002040,PROD00032,1.0,0
OI0004136,ORD002041,PROD00170,1.0,10
OI0004137,ORD002042,PROD00107,2.0,0
OI0004138,ORD002042,PROD00121,1.0,15
OI0004139,ORD002043,PROD00581,-1.0,15
OI0004140,ORD002044,PROD00541,4.0,25
OI0004141,ORD002044,PROD00218,4.0,10
OI0004142,ORD002045,PROD00070,-1.0,20
OI0004143,ORD002046,PROD00509,2.0,0
OI0004144,ORD002047,PROD00433,2.0,0
OI0004145,ORD002048,PROD00171,3.0,15
OI0004146,ORD002049,PROD00573,4.0,0
OI0004147,ORD002050,PROD00386,1.0,15
OI0004148,ORD002051,PROD00229,5.0,5
OI0004149,ORD002052,PROD00183,1.0,25
OI0004150,ORD002052,PROD00191,1.0,15
OI0004151,ORD002053,PROD9581,2.0,5
OI0004152,ORD002053,PROD00440,1.0,0
OI0004153,ORD002053,PROD00242,1.0,15
OI0004154,ORD002053,PROD00128,10.0,0
OI0004155,ORD002054,PROD00216,1.0,0
OI0004156,ORD002054,PROD00194,1.0,0
OI0004157,ORD002055,PROD00236,1.0,0
OI0004158,ORD002055,PROD00320,4.0,25
OI0004159,ORD002055,PROD00542,1.0,10
OI0004160,ORD002055,PROD00359,5.0,20
OI0004161,ORD002056,PROD00508,1.0,20
OI0004162,ORD002056,PROD00578,5.0,0
OI0004163,ORD002056,PROD00387,5.0,0
OI0004164,ORD002057,PROD00424,1.0,0
OI0004165,ORD002057,PROD00180,1.0,0
OI0004166,ORD002058,PROD00591,2.0,15
OI0004167,ORD002058,PROD00355,4.0,0
OI0004168,ORD002059,PROD00101,3.0,20
OI0004169,ORD002060,PROD00048,1.0,15
OI0004170,ORD002060,PROD00475,1.0,0
OI0004171,ORD002061,PROD00134,1.0,0
OI0004172,ORD002062,PROD00526,5.0,5
OI0004173,ORD002062,PROD00540,1.0,20
OI0004174,ORD002063,PROD00465,1.0,0
OI0004175,ORD002063,PROD00588,-1.0,5
OI0004176,ORD002064,PROD00331,1.0,25
OI0004177,ORD002065,PROD00373,2.0,5
OI0004178,ORD002065,PROD00369,5.0,5
OI0004179,ORD002065,PROD00287,1.0,5
OI0004180,ORD002066,PROD00433,2.0,20
OI0004181,ORD002066,PROD00279,1.0,5
OI0004182,ORD002067,PROD00472,1.0,0
OI0004183,ORD002068,PROD00336,5.0,20
OI0004184,ORD002068,PROD00534,1.0,15
OI0004185,ORD002069,PROD00580,2.0,0
OI0004186,ORD002069,PROD00339,2.0,0
OI0004187,ORD002070,PROD00216,4.0,0
OI0004188,ORD002071,PROD00552,3.0,20
OI0004189,ORD002071,PROD00246,1.0,0
OI0004190,ORD002071,PROD00206,3.0,5
OI0004191,ORD002071,PROD00586,3.0,25
OI0004192,ORD002072,PROD00316,1.0,10
OI0004193,ORD002073,PROD00072,2.0,5
OI0004194,ORD002073,PROD00106,3.0,10
OI0004195,ORD002074,PROD00471,1.0,15
OI0004196,ORD002074,PROD00338,1.0,0
OI0004197,ORD002075,PROD00048,5.0,0
OI0004198,ORD002075,PROD00555,1.0,5
OI0004199,ORD002076,PROD00004,5.0,5
OI0004200,ORD002076,PROD00399,1.0,5
OI0004201,ORD002076,PROD00401,1.0,0
OI0004202,ORD002076,PROD00051,4.0,0
OI0004203,ORD002077,PROD00122,4.0,0
OI0004204,ORD002077,PROD00482,1.0,5
OI0004205,ORD002077,PROD00132,1.0,0
OI0004206,ORD002078,PROD00263,5.0,20
OI0004207,ORD002078,PROD00166,1.0,25
OI0004208,ORD002078,PROD00456,1.0,25
OI0004209,ORD002078,PROD00443,5.0,5
OI0004210,ORD002079,PROD00308,2.0,25
OI0004211,ORD002080,PROD00528,2.0,15
OI0004212,ORD002081,PROD00256,1.0,0
OI0004213,ORD002081,PROD00041,4.0,15
OI0004214,ORD002081,PROD00542,2.0,15
OI0004215,ORD002082,PROD00092,3.0,0
OI0004216,ORD002082,PROD00434,-1.0,0
OI0004217,ORD002082,PROD00401,1.0,0
OI0004218,ORD002082,PROD00014,1.0,0
OI0004219,ORD002083,PROD00452,2.0,25
OI0004220,ORD002084,PROD00520,1.0,20
OI0004221,ORD002085,PROD00028,3.0,25
OI0004222,ORD002085,PROD00214,2.0,15
OI0004223,ORD002086,PROD00183,2.0,5
OI0004224,ORD002086,PROD00010,10.0,0
OI0004225,ORD002087,PROD00239,-1.0,0
OI0004226,ORD002087,PROD00462,1.0,5
OI0004227,ORD002087,PROD00444,1.0,0
OI0004228,ORD002087,PROD00096,4.0,25
OI0004229,ORD002088,PROD00498,10.0,20
OI0004230,ORD002088,PROD00292,2.0,0
OI0004231,ORD002089,PROD00243,4.0,5
OI0004232,ORD002089,PROD00361,1.0,15
OI0004233,ORD002090,PROD00046,10.0,15
OI0004234,ORD002090,PROD00595,5.0,0
OI0004235,ORD002090,PROD00377,-1.0,15
OI0004236,ORD002091,PROD00210,1.0,0
OI0004237,ORD002092,PROD00474,2.0,0
OI0004238,ORD002092,PROD00571,1.0,20
OI0004239,ORD002092,PROD00185,10.0,10
OI0004240,ORD002092,PROD00571,3.0,15
OI0004241,ORD002093,PROD00473,2.0,10
OI0004242,ORD002093,PROD00054,5.0,20
OI0004243,ORD002094,PROD00405,1.0,20
OI0004244,ORD002094,PROD00534,4.0,0
OI0004245,ORD002094,PROD00028,1.0,0
OI0004246,ORD002094,PROD00302,1.0,0
OI0004247,ORD002095,PROD00465,1.0,10
OI0004248,ORD002095,PROD00168,2.0,20
OI0004249,ORD002096,PROD00199,1.0,5
OI0004250,ORD002096,PROD00490,2.0,15
OI0004251,ORD002096,PROD00135,3.0,0
OI0004252,ORD002097,PROD00201,1.0,10
OI0004253,ORD002097,PROD00538,4.0,0
OI0004254,ORD002098,PROD00275,5.0,15
OI0004255,ORD002099,PROD00020,2.0,15
OI0004256,ORD002100,PROD00292,-1.0,10
OI0004257,ORD002101,PROD00373,5.0,0
OI0004258,ORD002102,PROD00308,3.0,0
OI0004259,ORD002102,PROD00117,4.0,0
OI0004260,ORD002103,PROD00199,10.0,25
OI0004261,ORD002104,PROD00526,1.0,0
OI0004262,ORD002104,PROD00586,1.0,25
OI0004263,ORD002104,PROD00221,1.0,20
OI0004264,ORD002105,PROD00188,2.0,20
OI0004265,ORD002105,PROD00580,3.0,5
OI0004266,ORD002105,PROD00068,1.0,15
OI0004267,ORD002106,PROD00266,4.0,0
OI0004268,ORD002106,PROD00247,1.0,0
OI0004269,ORD002106,PROD00209,5.0,0
OI0004270,ORD002107,PROD00209,10.0,20
OI0004271,ORD002107,PROD00394,2.0,20
OI0004272,ORD002108,PROD00057,3.0,5
OI0004273,ORD002108,PROD00171,-1.0,0
OI0004274,ORD002109,PROD00590,3.0,0
OI0004275,ORD002110,PROD00037,-1.0,5
OI0004276,ORD002111,PROD00049,5.0,15
OI0004277,ORD002111,PROD00575,-1.0,20
OI0004278,ORD002112,PROD00540,2.0,0
OI0004279,ORD002113,PROD00423,5.0,10
OI0004280,ORD002114,PROD00160,-1.0,0
OI0004281,ORD002115,PROD00092,-1.0,0
OI0004282,ORD002115,PROD00009,5.0,0
OI0004283,ORD002115,PROD00469,1.0,15
OI0004284,ORD002116,PROD00565,2.0,5
OI0004285,ORD002116,PROD00191,5.0,10
OI0004286,ORD002117,PROD00063,1.0,10
OI0004287,ORD002118,PROD00273,1.0,0
OI0004288,ORD002118,PROD00171,1.0,0
OI0004289,ORD002118,PROD00090,1.0,10
OI0004290,ORD002118,PROD00474,-1.0,0
OI0004291,ORD002119,PROD00312,3.0,0
OI0004292,ORD002119,PROD00195,3.0,5
OI0004293,ORD002120,PROD00073,-1.0,0
OI0004294,ORD002120,PROD00067,1.0,0
OI0004295,ORD002120,PROD00486,1.0,0
OI0004296,ORD002121,PROD00579,1.0,0
OI0004297,ORD002121,PROD00197,4.0,0
OI0004298,ORD002121,PROD00062,2.0,10
OI0004299,ORD002121,PROD00130,1.0,5
OI0004300,ORD002122,PROD00094,10.0,5
OI0004301,ORD002123,PROD00374,10.0,10
OI0004302,ORD002124,PROD00176,3.0,25
OI0004303,ORD002125,PROD00031,1.0,5
OI0004304,ORD002125,PROD00476,4.0,0
OI0004305,ORD002126,PROD00445,1.0,10
OI0004306,ORD002126,PROD00470,2.0,0
OI0004307,ORD002126,PROD00385,1.0,10
OI0004308,ORD002126,PROD00035,-1.0,5
OI0004309,ORD002127,PROD00415,2.0,0
OI0004310,ORD002128,PROD00501,3.0,0
OI0004311,ORD002128,PROD00226,2.0,5
OI0004312,ORD002129,PROD00480,10.0,0
OI0004313,ORD002129,PROD00557,2.0,0
OI0004314,ORD002130,PROD00413,2.0,0
OI0004315,ORD002130,PROD00135,-1.0,0
OI0004316,ORD002130,PROD00049,3.0,15
OI0004317,ORD002131,PROD00304,3.0,0
OI0004318,ORD002132,PROD00565,1.0,20
OI0004319,ORD002133,PROD00071,5.0,0
OI0004320,ORD002134,PROD00399,1.0,0
OI0004321,ORD002135,PROD00485,1.0,25
OI0004322,ORD002135,PROD00028,3.0,0
OI0004323,ORD002135,PROD00290,2.0,25
OI0004324,ORD002136,PROD00050,2.0,10
OI0004325,ORD002136,PROD00269,5.0,25
OI0004326,ORD002137,PROD00264,-1.0,20
OI0004327,ORD002137,PROD00026,4.0,20
OI0004328,ORD002138,PROD00586,10.0,5
OI0004329,ORD002139,PROD00255,2.0,0
OI0004330,ORD002139,PROD00436,2.0,5
OI0004331,ORD002139,PROD00554,4.0,0
OI0004332,ORD002140,PROD00258,5.0,0
OI0004333,ORD002140,PROD00185,2.0,15
OI0004334,ORD002141,PROD9173,2.0,5
OI0004335,ORD002141,PROD00152,1.0,15
OI0004336,ORD002141,PROD00315,2.0,20
OI0004337,ORD002141,PROD00584,5.0,0
OI0004338,ORD002142,PROD00009,3.0,0
OI0004339,ORD002142,PROD00252,-1.0,5
OI0004340,ORD002142,PROD00449,-1.0,25
OI0004341,ORD002142,PROD00161,2.0,0
OI0004342,ORD002143,PROD00597,2.0,15
OI0004343,ORD002143,PROD00385,4.0,0
OI0004344,ORD002143,PROD00117,5.0,5
OI0004345,ORD002144,PROD00512,2.0,15
OI0004346,ORD002145,PROD00333,2.0,0
OI0004347,ORD002146,PROD00500,1.0,15
OI0004348,ORD002146,PROD00202,1.0,15
OI0004349,ORD002146,PROD00341,4.0,10
OI0004350,ORD002147,PROD00152,2.0,0
OI0004351,ORD002148,PROD00164,5.0,0
OI0004352,ORD002149,PROD00096,2.0,5
OI0004353,ORD002150,PROD00090,2.0,25
OI0004354,ORD002150,PROD00298,2.0,15
OI0004355,ORD002150,PROD00282,5.0,0
OI0004356,ORD002150,PROD00572,5.0,15
OI0004357,ORD002151,PROD00153,2.0,15
OI0004358,ORD002151,PROD00316,2.0,20
OI0004359,ORD002152,PROD00123,-1.0,0
OI0004360,ORD002152,PROD00143,1.0,10
OI0004361,ORD002153,PROD00104,2.0,5
OI0004362,ORD002154,PROD00507,2.0,15
OI0004363,ORD002155,PROD00395,-1.0,20
OI0004364,ORD002156,PROD00326,4.0,5
OI0004365,ORD002156,PROD00272,1.0,15
OI0004366,ORD002157,PROD00184,4.0,0
OI0004367,ORD002158,PROD00518,1.0,25
OI0004368,ORD002158,PROD00019,1.0,20
OI0004369,ORD002158,PROD00082,3.0,15
OI0004370,ORD002158,PROD00168,2.0,10
OI0004371,ORD002159,PROD00341,5.0,5
OI0004372,ORD002160,PROD00090,1.0,15
OI0004373,ORD002160,PROD00582,2.0,0
OI0004374,ORD002161,PROD00420,1.0,0
OI0004375,ORD002161,PROD00262,-1.0,5
OI0004376,ORD002161,PROD00226,1.0,0
OI0004377,ORD002161,PROD00386,-1.0,25
OI0004378,ORD002162,PROD00451,1.0,15
OI0004379,ORD002163,PROD00255,1.0,25
OI0004380,ORD002164,PROD00223,2.0,0
OI0004381,ORD002165,PROD00324,1.0,25
OI0004382,ORD002165,PROD00240,5.0,5
OI0004383,ORD002165,PROD00418,4.0,20
OI0004384,ORD002165,PROD00340,5.0,25
OI0004385,ORD002166,PROD00184,4.0,10
OI0004386,ORD002167,PROD00098,-1.0,25
OI0004387,ORD002167,PROD00446,1.0,0
OI0004388,ORD002168,PROD00297,4.0,20
OI0004389,ORD002169,PROD00132,1.0,5
OI0004390,ORD002169,PROD00515,3.0,15
OI0004391,ORD002170,PROD00584,2.0,0
OI0004392,ORD002171,PROD00061,1.0,10
OI0004393,ORD002172,PROD00090,4.0,0
OI0004394,ORD002172,PROD00478,1.0,0
OI0004395,ORD002173,PROD00033,1.0,0
OI0004396,ORD002174,PROD00029,2.0,15
OI0004397,ORD002174,PROD00508,3.0,10
OI0004398,ORD002175,PROD00520,10.0,0
OI0004399,ORD002175,PROD00246,1.0,20
OI0004400,ORD002176,PROD00223,3.0,0
OI0004401,ORD002177,PROD00174,1.0,25
OI0004402,ORD002178,PROD00277,2.0,25
OI0004403,ORD002179,PROD00079,3.0,20
OI0004404,ORD002179,PROD00525,10.0,10
OI0004405,ORD002180,PROD00238,4.0,0
OI0004406,ORD002180,PROD00135,1.0,0
OI0004407,ORD002181,PROD00499,4.0,10
OI0004408,ORD002181,PROD00037,10.0,5
OI0004409,ORD002181,PROD00535,2.0,0
OI0004410,ORD002182,PROD00366,-1.0,0
OI0004411,ORD002183,PROD00476,3.0,0
OI0004412,ORD002184,PROD00041,500.0,5
OI0004413,ORD002184,PROD00191,5.0,25
OI0004414,ORD002184,PROD00337,10.0,10
OI0004415,ORD002184,PROD00577,5.0,25
OI0004416,ORD002185,PROD00584,10.0,25
OI0004417,ORD002185,PROD00555,1.0,15
OI0004418,ORD002185,PROD00266,1.0,25
OI0004419,ORD002186,PROD00335,1.0,20
OI0004420,ORD002186,PROD00208,1.0,0
OI0004421,ORD002187,PROD00146,1.0,5
OI0004422,ORD002188,PROD00228,3.0,25
OI0004423,ORD002188,PROD00050,5.0,15
OI0004424,ORD002188,PROD00294,1.0,0
OI0004425,ORD002189,PROD00117,10.0,5
OI0004426,ORD002189,PROD00443,1.0,0
OI0004427,ORD002189,PROD00356,2.0,15
OI0004428,ORD002189,PROD00051,3.0,10
OI0004429,ORD002190,PROD00501,2.0,15
OI0004430,ORD002191,PROD00473,1.0,5
OI0004431,ORD002192,PROD00542,2.0,10
OI0004432,ORD002192,PROD00391,2.0,0
OI0004433,ORD002193,PROD00150,10.0,25
OI0004434,ORD002193,PROD00340,3.0,15
OI0004435,ORD002194,PROD00279,1.0,5
OI0004436,ORD002194,PROD00552,2.0,0
OI0004437,ORD002194,PROD00446,10.0,20
OI0004438,ORD002195,PROD00296,1.0,0
OI0004439,ORD002196,PROD00408,1.0,10
OI0004440,ORD002196,PROD00190,1.0,25
OI0004441,ORD002197,PROD00120,2.0,0
OI0004442,ORD002198,PROD00308,-1.0,25
OI0004443,ORD002198,PROD00528,2.0,0
OI0004444,ORD002199,PROD00138,-1.0,0
OI0004445,ORD002199,PROD00327,10.0,5
OI0004446,ORD002199,PROD00239,1.0,5
OI0004447,ORD002199,PROD00425,1.0,15
OI0004448,ORD002200,PROD00085,4.0,5
OI0004449,ORD002200,PROD00514,4.0,20
OI0004450,ORD002201,PROD00588,1.0,0
OI0004451,ORD002201,PROD00298,5.0,0
OI0004452,ORD002202,PROD00319,1.0,0
OI0004453,ORD002203,PROD00503,2.0,0
OI0004454,ORD002203,PROD00219,5.0,15
OI0004455,ORD002203,PROD00192,2.0,0
OI0004456,ORD002204,PROD00310,2.0,25
OI0004457,ORD002204,PROD00265,1.0,10
OI0004458,ORD002204,PROD00496,10.0,5
OI0004459,ORD002204,PROD00018,10.0,0
OI0004460,ORD002205,PROD00288,10.0,10
OI0004461,ORD002205,PROD00075,2.0,0
OI0004462,ORD002206,PROD00440,4.0,0
OI0004463,ORD002206,PROD00075,1.0,20
OI0004464,ORD002206,PROD00511,3.0,0
OI0004465,ORD002207,PROD00313,4.0,0
OI0004466,ORD002207,PROD00370,4.0,20
OI0004467,ORD002207,PROD00108,1.0,0
OI0004468,ORD002207,PROD00362,1.0,0
OI0004469,ORD002208,PROD00130,1.0,20
OI0004470,ORD002208,PROD00453,3.0,25
OI0004471,ORD002208,PROD00442,10.0,10
OI0004472,ORD002208,PROD00294,2.0,15
OI0004473,ORD002209,PROD00049,5.0,25
OI0004474,ORD002209,PROD00351,10.0,0
OI0004475,ORD002210,PROD00135,1.0,20
OI0004476,ORD002211,PROD00396,2.0,0
OI0004477,ORD002212,PROD00589,4.0,0
OI0004478,ORD002212,PROD00418,1.0,0
OI0004479,ORD002212,PROD00097,2.0,5
OI0004480,ORD002212,PROD9085,2.0,25
OI0004481,ORD002213,PROD00512,4.0,20
OI0004482,ORD002214,PROD00310,10.0,0
OI0004483,ORD002215,PROD00255,10.0,15
OI0004484,ORD002215,PROD00497,3.0,20
OI0004485,ORD002215,PROD00450,1.0,0
OI0004486,ORD002215,PROD00238,1.0,20
OI0004487,ORD002216,PROD00446,3.0,0
OI0004488,ORD002216,PROD00353,5.0,20
OI0004489,ORD002217,PROD00497,1.0,10
OI0004490,ORD002217,PROD00322,5.0,0
OI0004491,ORD002218,PROD00311,2.0,0
OI0004492,ORD002218,PROD00092,5.0,0
OI0004493,ORD002219,PROD00092,10.0,25
OI0004494,ORD002220,PROD00065,2.0,0
OI0004495,ORD002221,PROD00122,2.0,25
OI0004496,ORD002222,PROD00277,1.0,0
OI0004497,ORD002222,PROD00311,-1.0,15
OI0004498,ORD002222,PROD00071,1.0,25
OI0004499,ORD002223,PROD00020,2.0,0
OI0004500,ORD002224,PROD00409,4.0,20
OI0004501,ORD002225,PROD00155,2.0,0
OI0004502,ORD002225,PROD00086,10.0,0
OI0004503,ORD002225,PROD00325,2.0,0
OI0004504,ORD002226,PROD00008,2.0,0
OI0004505,ORD002226,PROD00473,5.0,15
OI0004506,ORD002227,PROD00237,4.0,25
OI0004507,ORD002227,PROD00076,-1.0,10
OI0004508,ORD002228,PROD00146,4.0,0
OI0004509,ORD002228,PROD00371,3.0,0
OI0004510,ORD002228,PROD00296,1.0,0
OI0004511,ORD002229,PROD00372,4.0,25
OI0004512,ORD002230,PROD00271,1.0,0
OI0004513,ORD002230,PROD00582,1.0,10
OI0004514,ORD002231,PROD00196,1.0,20
OI0004515,ORD002231,PROD00366,-1.0,10
OI0004516,ORD002232,PROD00465,1.0,5
OI0004517,ORD002232,PROD00250,5.0,0
OI0004518,ORD002233,PROD00318,-1.0,10
OI0004519,ORD002234,PROD9095,1.0,10
OI0004520,ORD002234,PROD00298,10.0,0
OI0004521,ORD002235,PROD00041,4.0,5
OI0004522,ORD002235,PROD00007,1.0,25
OI0004523,ORD002236,PROD00310,2.0,0
OI0004524,ORD002237,PROD00083,-1.0,20
OI0004525,ORD002237,PROD00110,-1.0,25
OI0004526,ORD002237,PROD00376,1.0,0
OI0004527,ORD002238,PROD00339,2.0,20
OI0004528,ORD002239,PROD00092,-1.0,25
OI0004529,ORD002239,PROD00443,5.0,20
OI0004530,ORD002240,PROD00484,2.0,20
OI0004531,ORD002241,PROD9462,5.0,0
OI0004532,ORD002241,PROD00540,1.0,15
OI0004533,ORD002241,PROD00523,-1.0,25
OI0004534,ORD002241,PROD00581,2.0,0
OI0004535,ORD002242,PROD00192,2.0,25
OI0004536,ORD002243,PROD00265,1.0,0
OI0004537,ORD002244,PROD00353,2.0,10
OI0004538,ORD002245,PROD00172,10.0,10
OI0004539,ORD002245,PROD00311,-1.0,10
OI0004540,ORD002246,PROD00585,1.0,0
OI0004541,ORD002246,PROD00572,2.0,15
OI0004542,ORD002247,PROD00568,5.0,0
OI0004543,ORD002247,PROD00121,-1.0,25
OI0004544,ORD002247,PROD00421,1.0,0
OI0004545,ORD002247,PROD00412,2.0,10
OI0004546,ORD002248,PROD00149,10.0,20
OI0004547,ORD002248,PROD00574,2.0,5
OI0004548,ORD002248,PROD00146,1.0,15
OI0004549,ORD002248,PROD00403,4.0,20
OI0004550,ORD002249,PROD00367,1.0,0
OI0004551,ORD002249,PROD00156,-1.0,0
OI0004552,ORD002250,PROD00007,1.0,25
OI0004553,ORD002251,PROD00043,3.0,0
OI0004554,ORD002251,PROD00182,-1.0,5
OI0004555,ORD002251,PROD9191,4.0,20
OI0004556,ORD002251,PROD00085,3.0,15
OI0004557,ORD002252,PROD00590,3.0,0
OI0004558,ORD002252,PROD00245,5.0,10
OI0004559,ORD002252,PROD00592,5.0,0
OI0004560,ORD002252,PROD00195,2.0,25
OI0004561,ORD002253,PROD00320,-1.0,10
OI0004562,ORD002254,PROD00508,-1.0,0
OI0004563,ORD002254,PROD00227,-1.0,20
OI0004564,ORD002255,PROD00307,3.0,10
OI0004565,ORD002256,PROD00320,2.0,0
OI0004566,ORD002257,PROD00384,5.0,15
OI0004567,ORD002258,PROD00180,1.0,0
OI0004568,ORD002258,PROD00281,1.0,0
OI0004569,ORD002258,PROD00046,5.0,10
OI0004570,ORD002259,PROD00270,10.0,10
OI0004571,ORD002259,PROD00467,2.0,0
OI0004572,ORD002260,PROD00484,4.0,0
OI0004573,ORD002261,PROD00509,-1.0,10
OI0004574,ORD002261,PROD00137,1.0,5
OI0004575,ORD002262,PROD00140,2.0,10
OI0004576,ORD002262,PROD00184,3.0,0
OI0004577,ORD002262,PROD9288,4.0,0
OI0004578,ORD002263,PROD00121,4.0,0
OI0004579,ORD002263,PROD00177,5.0,0
OI0004580,ORD002264,PROD00082,500.0,20
OI0004581,ORD002265,PROD00451,10.0,20
OI0004582,ORD002265,PROD00273,-1.0,5
OI0004583,ORD002266,PROD00039,2.0,5
OI0004584,ORD002266,PROD00201,10.0,25
OI0004585,ORD002266,PROD00383,10.0,20
OI0004586,ORD002267,PROD00428,10.0,10
OI0004587,ORD002268,PROD00269,1.0,0
OI0004588,ORD002268,PROD00329,1.0,0
OI0004589,ORD002268,PROD00072,5.0,20
OI0004590,ORD002269,PROD00232,2.0,0
OI0004591,ORD002270,PROD00485,10.0,0
OI0004592,ORD002271,PROD00413,4.0,10
OI0004593,ORD002272,PROD00177,2.0,25
OI0004594,ORD002272,PROD00394,2.0,0
OI0004595,ORD002272,PROD00593,10.0,10
OI0004596,ORD002273,PROD00331,2.0,25
OI0004597,ORD002273,PROD00230,3.0,10
OI0004598,ORD002273,PROD00394,2.0,10
OI0004599,ORD002274,PROD00578,-1.0,5
OI0004600,ORD002274,PROD00538,1.0,25
OI0004601,ORD002275,PROD00496,-1.0,15
OI0004602,ORD002276,PROD00469,2.0,0
OI0004603,ORD002276,PROD00033,3.0,10
OI0004604,ORD002276,PROD00081,2.0,10
OI0004605,ORD002277,PROD00570,-1.0,0
OI0004606,ORD002278,PROD00199,-1.0,15
OI0004607,ORD002278,PROD00057,5.0,10
OI0004608,ORD002279,PROD00330,10.0,15
OI0004609,ORD002279,PROD00159,1.0,15
OI0004610,ORD002279,PROD00494,2.0,10
OI0004611,ORD002280,PROD00011,1.0,25
OI0004612,ORD002280,PROD00364,3.0,20
OI0004613,ORD002281,PROD00407,1.0,5
OI0004614,ORD002281,PROD00206,4.0,5
OI0004615,ORD002282,PROD00009,4.0,5
OI0004616,ORD002283,PROD00485,1.0,5
OI0004617,ORD002283,PROD00357,2.0,5
OI0004618,ORD002284,PROD00081,3.0,15
OI0004619,ORD002285,PROD00467,3.0,5
OI0004620,ORD002286,PROD00132,2.0,25
OI0004621,ORD002286,PROD00409,3.0,15
OI0004622,ORD002286,PROD00176,4.0,5
OI0004623,ORD002287,PROD00034,2.0,25
OI0004624,ORD002287,PROD00387,5.0,10
OI0004625,ORD002287,PROD00058,4.0,15
OI0004626,ORD002287,PROD00454,1.0,0
OI0004627,ORD002288,PROD00364,5.0,20
OI0004628,ORD002289,PROD00553,1.0,10
OI0004629,ORD002290,PROD00488,-1.0,25
OI0004630,ORD002291,PROD00241,1.0,0
OI0004631,ORD002292,PROD00143,5.0,20
OI0004632,ORD002293,PROD00175,3.0,0
OI0004633,ORD002293,PROD00504,4.0,0
OI0004634,ORD002293,PROD00128,5.0,5
OI0004635,ORD002294,PROD00200,1.0,25
OI0004636,ORD002295,PROD00413,5.0,10
OI0004637,ORD002296,PROD00353,5.0,20
OI0004638,ORD002297,PROD00600,5.0,10
OI0004639,ORD002297,PROD00505,10.0,0
OI0004640,ORD002297,PROD00560,1.0,0
OI0004641,ORD002298,PROD00458,2.0,0
OI0004642,ORD002298,PROD00362,4.0,25
OI0004643,ORD002299,PROD00228,3.0,0
OI0004644,ORD002300,PROD00026,1.0,25
OI0004645,ORD002301,PROD00424,1.0,15
OI0004646,ORD002301,PROD00004,-1.0,10
OI0004647,ORD002301,PROD00216,4.0,0
OI0004648,ORD002301,PROD00188,4.0,15
OI0004649,ORD002302,PROD00414,2.0,20
OI0004650,ORD002303,PROD00135,1.0,0
OI0004651,ORD002304,PROD00252,2.0,15
OI0004652,ORD002305,PROD00398,-1.0,15
OI0004653,ORD002305,PROD00596,1.0,25
OI0004654,ORD002305,PROD00397,1.0,10
OI0004655,ORD002305,PROD00561,10.0,5
OI0004656,ORD002306,PROD00026,1.0,0
OI0004657,ORD002306,PROD00341,5.0,15
OI0004658,ORD002306,PROD00554,1.0,0
OI0004659,ORD002307,PROD00566,5.0,10
OI0004660,ORD002307,PROD00108,1.0,20
OI0004661,ORD002308,PROD00552,10.0,0
OI0004662,ORD002309,PROD00316,2.0,0
OI0004663,ORD002309,PROD00309,-1.0,0
OI0004664,ORD002309,PROD00027,1.0,25
OI0004665,ORD002309,PROD00555,1.0,15
OI0004666,ORD002310,PROD00143,5.0,0
OI0004667,ORD002310,PROD00146,2.0,5
OI0004668,ORD002311,PROD00361,2.0,10
OI0004669,ORD002312,PROD00567,1.0,10
OI0004670,ORD002313,PROD00319,10.0,0
OI0004671,ORD002314,PROD00390,3.0,25
OI0004672,ORD002314,PROD00082,1.0,15
OI0004673,ORD002315,PROD00589,2.0,0
OI0004674,ORD002316,PROD00270,5.0,0
OI0004675,ORD002316,PROD00305,500.0,5
OI0004676,ORD002316,PROD00308,1.0,15
OI0004677,ORD002317,PROD00182,3.0,25
OI0004678,ORD002317,PROD00549,2.0,10
OI0004679,ORD002317,PROD00302,-1.0,5
OI0004680,ORD002317,PROD00594,10.0,5
OI0004681,ORD002318,PROD00332,2.0,0
OI0004682,ORD002319,PROD00280,1.0,10
OI0004683,ORD002320,PROD00291,-1.0,0
OI0004684,ORD002320,PROD00365,1.0,0
OI0004685,ORD002321,PROD00552,3.0,15
OI0004686,ORD002321,PROD00492,10.0,20
OI0004687,ORD002321,PROD00451,1.0,0
OI0004688,ORD002322,PROD00553,1.0,0
OI0004689,ORD002322,PROD00123,1.0,25
OI0004690,ORD002323,PROD00235,3.0,15
OI0004691,ORD002323,PROD00197,10.0,10
OI0004692,ORD002323,PROD00014,-1.0,5
OI0004693,ORD002323,PROD00581,1.0,0
OI0004694,ORD002324,PROD00109,4.0,0
OI0004695,ORD002324,PROD00298,4.0,0
OI0004696,ORD002324,PROD00578,2.0,0
OI0004697,ORD002324,PROD00392,1.0,5
OI0004698,ORD002325,PROD00595,1.0,10
OI0004699,ORD002325,PROD00347,2.0,0
OI0004700,ORD002325,PROD00298,1.0,0
OI0004701,ORD002325,PROD00252,-1.0,20
OI0004702,ORD002326,PROD00357,2.0,5
OI0004703,ORD002327,PROD00434,1.0,0
OI0004704,ORD002328,PROD00055,4.0,15
OI0004705,ORD002328,PROD00008,2.0,0
OI0004706,ORD002328,PROD00133,4.0,0
OI0004707,ORD002329,PROD00032,3.0,10
OI0004708,ORD002329,PROD00370,1.0,0
OI0004709,ORD002330,PROD00326,2.0,25
OI0004710,ORD002330,PROD00013,1.0,25
OI0004711,ORD002330,PROD00300,2.0,20
OI0004712,ORD002331,PROD00387,10.0,5
OI0004713,ORD002331,PROD00578,10.0,25
OI0004714,ORD002332,PROD00209,1.0,25
OI0004715,ORD002333,PROD00252,1.0,5
OI0004716,ORD002333,PROD00077,-1.0,0
OI0004717,ORD002333,PROD00570,-1.0,0
OI0004718,ORD002334,PROD00312,4.0,0
OI0004719,ORD002334,PROD00159,4.0,20
OI0004720,ORD002335,PROD00364,2.0,10
OI0004721,ORD002335,PROD00589,2.0,10
OI0004722,ORD002336,PROD00170,10.0,10
OI0004723,ORD002337,PROD00442,5.0,15
OI0004724,ORD002337,PROD00085,3.0,10
OI0004725,ORD002337,PROD00217,-1.0,0
OI0004726,ORD002338,PROD00579,5.0,0
OI0004727,ORD002339,PROD00432,2.0,10
OI0004728,ORD002339,PROD00196,-1.0,0
OI0004729,ORD002340,PROD00568,2.0,0
OI0004730,ORD002340,PROD00489,4.0,0
OI0004731,ORD002341,PROD00419,10.0,10
OI0004732,ORD002341,PROD00587,5.0,20
OI0004733,ORD002341,PROD00460,2.0,15
OI0004734,ORD002341,PROD00337,-1.0,0
OI0004735,ORD002342,PROD00107,3.0,0
OI0004736,ORD002342,PROD00450,10.0,0
OI0004737,ORD002343,PROD00090,4.0,0
OI0004738,ORD002343,PROD00138,3.0,0
OI0004739,ORD002343,PROD00033,3.0,15
OI0004740,ORD002344,PROD00033,5.0,0
OI0004741,ORD002344,PROD00496,3.0,20
OI0004742,ORD002344,PROD00265,1.0,15
OI0004743,ORD002344,PROD00312,3.0,20
OI0004744,ORD002345,PROD00208,2.0,0
OI0004745,ORD002345,PROD00309,1.0,0
OI0004746,ORD002346,PROD00008,1.0,0
OI0004747,ORD002346,PROD00536,1.0,25
OI0004748,ORD002347,PROD00143,1.0,0
OI0004749,ORD002347,PROD00552,1.0,0
OI0004750,ORD002348,PROD00142,1.0,15
OI0004751,ORD002349,PROD00437,2.0,20
OI0004752,ORD002349,PROD00349,10.0,0
OI0004753,ORD002350,PROD00164,3.0,25
OI0004754,ORD002351,PROD00229,4.0,5
OI0004755,ORD002351,PROD00062,3.0,25
OI0004756,ORD002352,PROD00211,-1.0,10
OI0004757,ORD002352,PROD00158,2.0,0
OI0004758,ORD002353,PROD00229,2.0,15
OI0004759,ORD002354,PROD00578,5.0,15
OI0004760,ORD002355,PROD00186,1.0,0
OI0004761,ORD002356,PROD00202,1.0,0
OI0004762,ORD002357,PROD00472,2.0,5
OI0004763,ORD002357,PROD00550,3.0,0
OI0004764,ORD002357,PROD00409,10.0,15
OI0004765,ORD002357,PROD9414,3.0,0
OI0004766,ORD002358,PROD00068,1.0,0
OI0004767,ORD002359,PROD00485,1.0,0
OI0004768,ORD002359,PROD00047,2.0,20
OI0004769,ORD002360,PROD9558,-1.0,25
OI0004770,ORD002361,PROD00363,10.0,5
OI0004771,ORD002361,PROD00186,10.0,0
OI0004772,ORD002362,PROD00155,1.0,15
OI0004773,ORD002363,PROD00146,-1.0,20
OI0004774,ORD002364,PROD00508,4.0,0
OI0004775,ORD002364,PROD00111,1.0,5
OI0004776,ORD002364,PROD00147,1.0,0
OI0004777,ORD002364,PROD00029,2.0,0
OI0004778,ORD002365,PROD00079,1.0,15
OI0004779,ORD002366,PROD00560,10.0,0
OI0004780,ORD002366,PROD00366,4.0,5
OI0004781,ORD002367,PROD00288,4.0,0
OI0004782,ORD002367,PROD00104,10.0,10
OI0004783,ORD002367,PROD00540,500.0,25
OI0004784,ORD002368,PROD00183,1.0,0
OI0004785,ORD002368,PROD00275,1.0,0
OI0004786,ORD002369,PROD00536,1.0,0
OI0004787,ORD002369,PROD00486,1.0,25
OI0004788,ORD002370,PROD00396,5.0,0
OI0004789,ORD002371,PROD00177,4.0,25
OI0004790,ORD002371,PROD00302,3.0,15
OI0004791,ORD002372,PROD00326,5.0,25
OI0004792,ORD002372,PROD00021,10.0,20
OI0004793,ORD002372,PROD00222,-1.0,5
OI0004794,ORD002372,PROD00034,10.0,0
OI0004795,ORD002373,PROD00484,1.0,25
OI0004796,ORD002373,PROD00212,1.0,10
OI0004797,ORD002373,PROD00275,2.0,15
OI0004798,ORD002373,PROD00071,-1.0,20
OI0004799,ORD002374,PROD00529,1.0,10
OI0004800,ORD002374,PROD00207,2.0,15
OI0004801,ORD002375,PROD00318,10.0,20
OI0004802,ORD002376,PROD00011,-1.0,0
OI0004803,ORD002376,PROD00013,3.0,25
OI0004804,ORD002377,PROD00361,3.0,5
OI0004805,ORD002377,PROD00071,5.0,0
OI0004806,ORD002378,PROD00211,3.0,5
OI0004807,ORD002379,PROD00015,-1.0,0
OI0004808,ORD002379,PROD00053,-1.0,5
OI0004809,ORD002380,PROD00557,10.0,0
OI0004810,ORD002381,PROD00376,3.0,0
OI0004811,ORD002382,PROD00305,10.0,0
OI0004812,ORD002383,PROD00462,-1.0,10
OI0004813,ORD002383,PROD00231,4.0,0
OI0004814,ORD002383,PROD00507,1.0,0
OI0004815,ORD002384,PROD00556,10.0,25
OI0004816,ORD002384,PROD00496,2.0,15
OI0004817,ORD002384,PROD00213,1.0,20
OI0004818,ORD002385,PROD00048,2.0,5
OI0004819,ORD002386,PROD00137,2.0,20
OI0004820,ORD002386,PROD00044,1.0,0
OI0004821,ORD002386,PROD00056,2.0,20
OI0004822,ORD002386,PROD00015,1.0,10
OI0004823,ORD002387,PROD00500,10.0,0
OI0004824,ORD002387,PROD00150,1.0,20
OI0004825,ORD002387,PROD00511,-1.0,0
OI0004826,ORD002387,PROD00508,3.0,20
OI0004827,ORD002388,PROD00542,1.0,25
OI0004828,ORD002388,PROD00434,1.0,0
OI0004829,ORD002388,PROD00233,2.0,0
OI0004830,ORD002388,PROD00241,1.0,20
OI0004831,ORD002389,PROD00388,1.0,0
OI0004832,ORD002389,PROD00343,2.0,25
OI0004833,ORD002390,PROD00103,4.0,0
OI0004834,ORD002390,PROD00408,2.0,15
OI0004835,ORD002391,PROD00005,4.0,15
OI0004836,ORD002391,PROD00408,2.0,0
OI0004837,ORD002392,PROD00557,1.0,20
OI0004838,ORD002393,PROD00496,5.0,5
OI0004839,ORD002394,PROD9138,1.0,25
OI0004840,ORD002394,PROD00221,4.0,0
OI0004841,ORD002395,PROD00423,1.0,5
OI0004842,ORD002395,PROD00132,4.0,5
OI0004843,ORD002395,PROD00595,2.0,10
OI0004844,ORD002395,PROD00287,2.0,5
OI0004845,ORD002396,PROD00594,-1.0,0
OI0004846,ORD002396,PROD00166,4.0,0
OI0004847,ORD002396,PROD00249,1.0,5
OI0004848,ORD002396,PROD00211,3.0,0
OI0004849,ORD002397,PROD00518,5.0,15
OI0004850,ORD002398,PROD00379,3.0,10
OI0004851,ORD002399,PROD00187,4.0,5
OI0004852,ORD002399,PROD00284,1.0,0
OI0004853,ORD002400,PROD00499,5.0,5
OI0004854,ORD002401,PROD00150,2.0,0
OI0004855,ORD002402,PROD00230,1.0,25
OI0004856,ORD002403,PROD00408,1.0,15
OI0004857,ORD002404,PROD00254,2.0,0
OI0004858,ORD002404,PROD9028,5.0,0
OI0004859,ORD002404,PROD00148,2.0,25
OI0004860,ORD002405,PROD00543,4.0,0
OI0004861,ORD002405,PROD00571,2.0,20
OI0004862,ORD002405,PROD00073,2.0,5
OI0004863,ORD002405,PROD00073,3.0,15
OI0004864,ORD002406,PROD00141,3.0,25
OI0004865,ORD002407,PROD00182,-1.0,0
OI0004866,ORD002407,PROD00115,1.0,0
OI0004867,ORD002407,PROD00012,-1.0,0
OI0004868,ORD002408,PROD00519,1.0,15
OI0004869,ORD002408,PROD00147,2.0,10
OI0004870,ORD002409,PROD00386,1.0,10
OI0004871,ORD002410,PROD00353,1.0,10
OI0004872,ORD002411,PROD00150,2.0,10
OI0004873,ORD002411,PROD00313,1.0,5
OI0004874,ORD002411,PROD00315,5.0,10
OI0004875,ORD002411,PROD00433,1.0,0
OI0004876,ORD002412,PROD00319,3.0,0
OI0004877,ORD002412,PROD00314,2.0,10
OI0004878,ORD002413,PROD00214,1.0,15
OI0004879,ORD002413,PROD00433,4.0,0
OI0004880,ORD002414,PROD00348,1.0,25
OI0004881,ORD002414,PROD00370,2.0,15
OI0004882,ORD002414,PROD00356,1.0,0
OI0004883,ORD002414,PROD00450,1.0,0
OI0004884,ORD002415,PROD00313,2.0,0
OI0004885,ORD002416,PROD00391,10.0,25
OI0004886,ORD002417,PROD00554,1.0,25
OI0004887,ORD002418,PROD00347,10.0,0
OI0004888,ORD002418,PROD00036,10.0,20
OI0004889,ORD002419,PROD00155,1.0,0
OI0004890,ORD002420,PROD00439,1.0,15
OI0004891,ORD002421,PROD00084,4.0,25
OI0004892,ORD002421,PROD00259,5.0,25
OI0004893,ORD002422,PROD00388,2.0,20
OI0004894,ORD002423,PROD00259,2.0,0
OI0004895,ORD002424,PROD00420,2.0,0
OI0004896,ORD002424,PROD00487,10.0,15
OI0004897,ORD002425,PROD00479,3.0,20
OI0004898,ORD002425,PROD00097,1.0,0
OI0004899,ORD002426,PROD00467,4.0,0
OI0004900,ORD002427,PROD00047,2.0,0
OI0004901,ORD002427,PROD00479,4.0,0
OI0004902,ORD002428,PROD00515,1.0,5
OI0004903,ORD002429,PROD00107,2.0,0
OI0004904,ORD002429,PROD00354,1.0,20
OI0004905,ORD002430,PROD00195,3.0,20
OI0004906,ORD002431,PROD00216,-1.0,5
OI0004907,ORD002432,PROD00027,-1.0,25
OI0004908,ORD002433,PROD00287,2.0,10
OI0004909,ORD002434,PROD00164,4.0,15
OI0004910,ORD002435,PROD9008,5.0,10
OI0004911,ORD002435,PROD00568,1.0,0
OI0004912,ORD002436,PROD00381,10.0,0
OI0004913,ORD002437,PROD00069,2.0,0
OI0004914,ORD002437,PROD00066,1.0,0
OI0004915,ORD002438,PROD00568,3.0,20
OI0004916,ORD002438,PROD00301,10.0,0
OI0004917,ORD002438,PROD00206,-1.0,5
OI0004918,ORD002438,PROD00545,10.0,0
OI0004919,ORD002439,PROD00465,1.0,20
OI0004920,ORD002439,PROD00504,2.0,25
OI0004921,ORD002440,PROD00527,1.0,0
OI0004922,ORD002440,PROD00365,1.0,15
OI0004923,ORD002441,PROD00517,3.0,5
OI0004924,ORD002441,PROD00306,2.0,0
OI0004925,ORD002442,PROD00143,2.0,20
OI0004926,ORD002442,PROD00285,1.0,25
OI0004927,ORD002443,PROD00518,2.0,15
OI0004928,ORD002444,PROD00013,-1.0,0
OI0004929,ORD002445,PROD00566,-1.0,15
OI0004930,ORD002446,PROD00571,4.0,0
OI0004931,ORD002446,PROD00345,4.0,5
OI0004932,ORD002447,PROD00048,2.0,5
OI0004933,ORD002447,PROD00254,3.0,0
OI0004934,ORD002447,PROD00291,4.0,15
OI0004935,ORD002447,PROD00267,10.0,20
OI0004936,ORD002448,PROD00214,1.0,0
OI0004937,ORD002448,PROD00102,1.0,0
OI0004938,ORD002449,PROD00554,3.0,15
OI0004939,ORD002449,PROD00548,5.0,20
OI0004940,ORD002450,PROD00125,5.0,5
OI0004941,ORD002450,PROD00229,1.0,25
OI0004942,ORD002451,PROD00451,-1.0,0
OI0004943,ORD002452,PROD00471,1.0,0
OI0004944,ORD002452,PROD00420,1.0,20
OI0004945,ORD002453,PROD00250,10.0,5
OI0004946,ORD002454,PROD00241,2.0,10
OI0004947,ORD002454,PROD00381,1.0,0
OI0004948,ORD002455,PROD00555,-1.0,10
OI0004949,ORD002456,PROD00440,1.0,0
OI0004950,ORD002456,PROD00547,1.0,20
OI0004951,ORD002456,PROD00519,4.0,10
OI0004952,ORD002457,PROD00399,2.0,15
OI0004953,ORD002457,PROD00534,3.0,10
OI0004954,ORD002458,PROD00538,1.0,0
OI0004955,ORD002458,PROD00208,1.0,0
OI0004956,ORD002459,PROD00488,5.0,5
OI0004957,ORD002459,PROD00147,4.0,25
OI0004958,ORD002460,PROD00600,2.0,0
OI0004959,ORD002460,PROD00515,4.0,0
OI0004960,ORD002460,PROD00368,-1.0,0
OI0004961,ORD002461,PROD00396,1.0,10
OI0004962,ORD002461,PROD00314,1.0,10
OI0004963,ORD002462,PROD00434,5.0,0
OI0004964,ORD002463,PROD00511,5.0,25
OI0004965,ORD002464,PROD00374,5.0,0
OI0004966,ORD002464,PROD00414,3.0,10
OI0004967,ORD002464,PROD00211,4.0,0
OI0004968,ORD002464,PROD00198,2.0,25
OI0004969,ORD002465,PROD00459,3.0,5
OI0004970,ORD002465,PROD00439,4.0,10
OI0004971,ORD002466,PROD00082,4.0,0
OI0004972,ORD002467,PROD00487,1.0,0
OI0004973,ORD002467,PROD00593,10.0,15
OI0004974,ORD002467,PROD00148,1.0,10
OI0004975,ORD002467,PROD00509,-1.0,25
OI0004976,ORD002468,PROD00178,2.0,0
OI0004977,ORD002468,PROD00180,10.0,5
OI0004978,ORD002469,PROD00195,3.0,5
OI0004979,ORD002469,PROD00168,1.0,0
OI0004980,ORD002469,PROD00216,1.0,5
OI0004981,ORD002469,PROD00172,4.0,0
OI0004982,ORD002470,PROD00547,1.0,10
OI0004983,ORD002471,PROD00506,2.0,10
OI0004984,ORD002472,PROD00496,3.0,10
OI0004985,ORD002472,PROD00042,1.0,10
OI0004986,ORD002473,PROD00256,10.0,5
OI0004987,ORD002474,PROD00448,2.0,0
OI0004988,ORD002475,PROD00110,2.0,0
OI0004989,ORD002475,PROD00239,5.0,0
OI0004990,ORD002475,PROD00543,4.0,0
OI0004991,ORD002476,PROD00269,-1.0,5
OI0004992,ORD002477,PROD00045,3.0,0
OI0004993,ORD002477,PROD00401,-1.0,5
OI0004994,ORD002478,PROD00588,1.0,25
OI0004995,ORD002479,PROD00267,1.0,0
OI0004996,ORD002480,PROD00070,2.0,20
OI0004997,ORD002480,PROD00307,3.0,0
OI0004998,ORD002481,PROD00171,1.0,20
OI0004999,ORD002481,PROD00533,2.0,20
OI0005000,ORD002482,PROD00053,1.0,15
OI0005001,ORD002483,PROD00334,3.0,0
OI0005002,ORD002483,PROD00113,2.0,5
OI0005003,ORD002484,PROD00044,2.0,5
OI0005004,ORD002485,PROD00427,10.0,10
OI0005005,ORD002485,PROD00486,2.0,0
OI0005006,ORD002486,PROD00304,4.0,0
OI0005007,ORD002486,PROD00347,10.0,0
OI0005008,ORD002487,PROD00011,2.0,15
OI0005009,ORD002487,PROD00228,-1.0,0
OI0005010,ORD002487,PROD00077,2.0,0
OI0005011,ORD002488,PROD00600,5.0,10
OI0005012,ORD002488,PROD00588,4.0,20
OI0005013,ORD002488,PROD00496,2.0,25
OI0005014,ORD002489,PROD00066,3.0,10
OI0005015,ORD002489,PROD00358,1.0,15
OI0005016,ORD002490,PROD00203,1.0,15
OI0005017,ORD002491,PROD00290,1.0,0
OI0005018,ORD002491,PROD00195,1.0,15
OI0005019,ORD002491,PROD00153,10.0,0
OI0005020,ORD002491,PROD00065,-1.0,15
OI0005021,ORD002492,PROD00019,1.0,15
OI0005022,ORD002493,PROD00238,10.0,10
OI0005023,ORD002494,PROD00396,3.0,5
OI0005024,ORD002495,PROD00270,3.0,0
OI0005025,ORD002495,PROD00231,1.0,0
OI0005026,ORD002495,PROD00566,1.0,0
OI0005027,ORD002496,PROD00460,1.0,25
OI0005028,ORD002496,PROD00417,4.0,10
OI0005029,ORD002497,PROD00541,-1.0,20
OI0005030,ORD002497,PROD00409,1.0,0
OI0005031,ORD002497,PROD00257,2.0,15
OI0005032,ORD002498,PROD00248,-1.0,0
OI0005033,ORD002499,PROD00124,3.0,20
OI0005034,ORD002499,PROD00054,-1.0,10
OI0005035,ORD002500,PROD00169,-1.0,25
OI0005036,ORD002501,PROD00263,-1.0,0
OI0005037,ORD002501,PROD00005,3.0,10
OI0005038,ORD002502,PROD00162,1.0,5
OI0005039,ORD002502,PROD00528,1.0,0
OI0005040,ORD002503,PROD00392,1.0,0
OI0005041,ORD002504,PROD00222,-1.0,0
OI0005042,ORD002505,PROD00167,10.0,0
OI0005043,ORD002505,PROD00485,1.0,10
OI0005044,ORD002506,PROD00423,2.0,20
OI0005045,ORD002506,PROD00352,3.0,0
OI0005046,ORD002506,PROD00249,2.0,0
OI0005047,ORD002507,PROD00202,4.0,10
OI0005048,ORD002508,PROD00389,2.0,0
OI0005049,ORD002508,PROD00547,-1.0,0
OI0005050,ORD002509,PROD00142,1.0,5
OI0005051,ORD002509,PROD00452,10.0,0
OI0005052,ORD002509,PROD00409,10.0,20
OI0005053,ORD002510,PROD00081,-1.0,0
OI0005054,ORD002511,PROD00342,4.0,25
OI0005055,ORD002511,PROD00330,2.0,25
OI0005056,ORD002511,PROD00380,2.0,20
OI0005057,ORD002512,PROD00364,1.0,5
OI0005058,ORD002513,PROD9925,10.0,0
OI0005059,ORD002514,PROD00234,1.0,25
OI0005060,ORD002514,PROD00301,2.0,0
OI0005061,ORD002515,PROD00099,2.0,25
OI0005062,ORD002515,PROD00325,-1.0,25
OI0005063,ORD002515,PROD00341,2.0,10
OI0005064,ORD002516,PROD00479,2.0,0
OI0005065,ORD002517,PROD00344,3.0,20
OI0005066,ORD002518,PROD00368,4.0,0
OI0005067,ORD002518,PROD00106,1.0,25
OI0005068,ORD002518,PROD00530,4.0,25
OI0005069,ORD002518,PROD00544,2.0,0
OI0005070,ORD002519,PROD00433,10.0,15
OI0005071,ORD002519,PROD00420,2.0,25
OI0005072,ORD002520,PROD00390,4.0,20
OI0005073,ORD002520,PROD00457,-1.0,0
OI0005074,ORD002520,PROD00467,3.0,10
OI0005075,ORD002520,PROD00025,,5
OI0005076,ORD002521,PROD00555,4.0,5
OI0005077,ORD002521,PROD00575,2.0,20
OI0005078,ORD002521,PROD00495,1.0,25
OI0005079,ORD002521,PROD00179,2.0,0
OI0005080,ORD002522,PROD00184,2.0,0
OI0005081,ORD002523,PROD00266,-1.0,0
OI0005082,ORD002523,PROD00499,2.0,20
OI0005083,ORD002523,PROD00344,1.0,25
OI0005084,ORD002523,PROD00552,3.0,0
OI0005085,ORD002524,PROD00218,4.0,0
OI0005086,ORD002525,PROD9350,4.0,0
OI0005087,ORD002525,PROD00534,4.0,5
OI0005088,ORD002525,PROD00542,5.0,15
OI0005089,ORD002526,PROD00064,4.0,20
OI0005090,ORD002527,PROD00534,5.0,5
OI0005091,ORD002527,PROD00395,10.0,5
OI0005092,ORD002527,PROD00354,4.0,10
OI0005093,ORD002528,PROD00125,10.0,0
OI0005094,ORD002528,PROD00236,-1.0,25
OI0005095,ORD002529,PROD00210,2.0,5
OI0005096,ORD002529,PROD00076,1.0,10
OI0005097,ORD002530,PROD00011,2.0,5
OI0005098,ORD002531,PROD00309,1.0,5
OI0005099,ORD002531,PROD00100,2.0,10
OI0005100,ORD002532,PROD00211,4.0,15
OI0005101,ORD002532,PROD00300,-1.0,20
OI0005102,ORD002533,PROD00116,5.0,0
OI0005103,ORD002533,PROD00231,3.0,20
OI0005104,ORD002534,PROD00582,4.0,25
OI0005105,ORD002535,PROD00205,,5
OI0005106,ORD002536,PROD00055,2.0,0
OI0005107,ORD002537,PROD9649,5.0,20
OI0005108,ORD002537,PROD00431,4.0,25
OI0005109,ORD002538,PROD00341,3.0,0
OI0005110,ORD002538,PROD00179,2.0,0
OI0005111,ORD002538,PROD00372,1.0,0
OI0005112,ORD002538,PROD00348,1.0,15
OI0005113,ORD002539,PROD00123,2.0,20
OI0005114,ORD002540,PROD00275,4.0,5
OI0005115,ORD002541,PROD00489,1.0,25
OI0005116,ORD002542,PROD00139,2.0,10
OI0005117,ORD002543,PROD00268,4.0,15
OI0005118,ORD002543,PROD00457,3.0,0
OI0005119,ORD002544,PROD00181,3.0,5
OI0005120,ORD002545,PROD00079,5.0,0
OI0005121,ORD002545,PROD00243,2.0,10
OI0005122,ORD002545,PROD00193,2.0,0
OI0005123,ORD002545,PROD00567,2.0,25
OI0005124,ORD002546,PROD00247,1.0,20
OI0005125,ORD002547,PROD00571,2.0,0
OI0005126,ORD002547,PROD00544,5.0,5
OI0005127,ORD002547,PROD00348,1.0,0
OI0005128,ORD002547,PROD00571,1.0,25
OI0005129,ORD002548,PROD00507,1.0,5
OI0005130,ORD002549,PROD00533,1.0,10
OI0005131,ORD002549,PROD00259,1.0,25
OI0005132,ORD002550,PROD00551,5.0,0
OI0005133,ORD002551,PROD00167,2.0,0
OI0005134,ORD002551,PROD00102,-1.0,10
OI0005135,ORD002551,PROD00313,1.0,0
OI0005136,ORD002552,PROD00304,1.0,20
OI0005137,ORD002552,PROD00023,2.0,0
OI0005138,ORD002552,PROD00513,5.0,0
OI0005139,ORD002552,PROD00321,2.0,5
OI0005140,ORD002553,PROD00051,2.0,10
OI0005141,ORD002553,PROD00200,1.0,0
OI0005142,ORD002554,PROD00048,1.0,0
OI0005143,ORD002555,PROD00241,2.0,25
OI0005144,ORD002555,PROD00537,-1.0,0
OI0005145,ORD002555,PROD00370,3.0,0
OI0005146,ORD002555,PROD00288,4.0,15
OI0005147,ORD002556,PROD00525,2.0,5
OI0005148,ORD002557,PROD00118,4.0,0
OI0005149,ORD002557,PROD00302,2.0,15
OI0005150,ORD002557,PROD00600,1.0,5
OI0005151,ORD002557,PROD00410,3.0,25
OI0005152,ORD002558,PROD00438,2.0,15
OI0005153,ORD002558,PROD00056,4.0,10
OI0005154,ORD002559,PROD00582,4.0,15
OI0005155,ORD002560,PROD00456,2.0,0
OI0005156,ORD002560,PROD00118,1.0,0
OI0005157,ORD002561,PROD00188,1.0,5
OI0005158,ORD002561,PROD00251,3.0,25
OI0005159,ORD002562,PROD00081,1.0,0
OI0005160,ORD002563,PROD00449,3.0,0
OI0005161,ORD002564,PROD00213,3.0,5
OI0005162,ORD002564,PROD00064,5.0,0
OI0005163,ORD002565,PROD00459,1.0,5
OI0005164,ORD002566,PROD00458,-1.0,5
OI0005165,ORD002567,PROD00363,3.0,0
OI0005166,ORD002568,PROD00335,4.0,10
OI0005167,ORD002569,PROD00350,5.0,15
OI0005168,ORD002570,PROD00406,5.0,15
OI0005169,ORD002571,PROD00503,-1.0,0
OI0005170,ORD002571,PROD00390,1.0,25
OI0005171,ORD002571,PROD00170,1.0,0
OI0005172,ORD002571,PROD00420,1.0,15
OI0005173,ORD002572,PROD00402,1.0,25
OI0005174,ORD002572,PROD00452,1.0,0
OI0005175,ORD002572,PROD00356,3.0,0
OI0005176,ORD002573,PROD00388,5.0,5
OI0005177,ORD002573,PROD00255,3.0,10
OI0005178,ORD002574,PROD00116,1.0,15
OI0005179,ORD002575,PROD00277,1.0,5
OI0005180,ORD002576,PROD00571,1.0,15
OI0005181,ORD002577,PROD00537,2.0,0
OI0005182,ORD002578,PROD00482,2.0,0
OI0005183,ORD002578,PROD00211,3.0,0
OI0005184,ORD002578,PROD00200,5.0,0
OI0005185,ORD002578,PROD00003,3.0,5
OI0005186,ORD002579,PROD00279,1.0,25
OI0005187,ORD002579,PROD00056,5.0,0
OI0005188,ORD002580,PROD00115,1.0,10
OI0005189,ORD002581,PROD00172,3.0,0
OI0005190,ORD002581,PROD00024,2.0,0
OI0005191,ORD002581,PROD00527,4.0,20
OI0005192,ORD002581,PROD00062,5.0,5
OI0005193,ORD002582,PROD00439,5.0,0
OI0005194,ORD002582,PROD00121,2.0,0
OI0005195,ORD002583,PROD00573,2.0,25
OI0005196,ORD002583,PROD00590,-1.0,15
OI0005197,ORD002584,PROD00237,-1.0,5
OI0005198,ORD002584,PROD00211,2.0,15
OI0005199,ORD002584,PROD00038,1.0,10
OI0005200,ORD002585,PROD00424,2.0,0
OI0005201,ORD002586,PROD00126,5.0,0
OI0005202,ORD002586,PROD00221,1.0,20
OI0005203,ORD002587,PROD00376,2.0,15
OI0005204,ORD002588,PROD00427,2.0,15
OI0005205,ORD002588,PROD00418,3.0,20
OI0005206,ORD002589,PROD00172,1.0,5
OI0005207,ORD002589,PROD00090,10.0,0
OI0005208,ORD002590,PROD00156,10.0,10
OI0005209,ORD002590,PROD00368,4.0,20
OI0005210,ORD002590,PROD00089,4.0,25
OI0005211,ORD002591,PROD00306,3.0,0
OI0005212,ORD002591,PROD00460,1.0,25
OI0005213,ORD002591,PROD00007,3.0,0
OI0005214,ORD002592,PROD00464,1.0,5
OI0005215,ORD002592,PROD00452,-1.0,0
OI0005216,ORD002592,PROD00406,1.0,5
OI0005217,ORD002593,PROD00316,1.0,0
OI0005218,ORD002594,PROD00050,1.0,0
OI0005219,ORD002595,PROD00540,2.0,25
OI0005220,ORD002595,PROD00572,1.0,5
OI0005221,ORD002595,PROD00266,2.0,0
OI0005222,ORD002595,PROD00442,4.0,5
OI0005223,ORD002596,PROD00132,3.0,25
OI0005224,ORD002596,PROD00493,-1.0,10
OI0005225,ORD002597,PROD00033,1.0,20
OI0005226,ORD002597,PROD00336,2.0,0
OI0005227,ORD002598,PROD00299,1.0,20
OI0005228,ORD002598,PROD00353,-1.0,0
OI0005229,ORD002598,PROD00178,1.0,20
OI0005230,ORD002599,PROD00351,4.0,0
OI0005231,ORD002599,PROD00592,1.0,15
OI0005232,ORD002600,PROD00214,2.0,0
OI0005233,ORD002600,PROD00302,1.0,0
OI0005234,ORD002600,PROD00408,5.0,15
OI0005235,ORD002601,PROD00107,1.0,10
OI0005236,ORD002601,PROD00225,1.0,0
OI0005237,ORD002602,PROD00551,5.0,15
OI0005238,ORD002603,PROD00232,4.0,10
OI0005239,ORD002604,PROD00282,-1.0,0
OI0005240,ORD002604,PROD00150,10.0,0
OI0005241,ORD002605,PROD00033,2.0,0
OI0005242,ORD002605,PROD00553,2.0,25
OI0005243,ORD002605,PROD00223,1.0,0
OI0005244,ORD002606,PROD00334,4.0,10
OI0005245,ORD002606,PROD00463,2.0,25
OI0005246,ORD002606,PROD00182,2.0,10
OI0005247,ORD002607,PROD00429,-1.0,0
OI0005248,ORD002607,PROD00183,5.0,0
OI0005249,ORD002608,PROD00529,2.0,0
OI0005250,ORD002608,PROD00123,1.0,0
OI0005251,ORD002608,PROD00336,2.0,15
OI0005252,ORD002608,PROD00474,1.0,0
OI0005253,ORD002609,PROD00428,4.0,20
OI0005254,ORD002610,PROD00093,2.0,0
OI0005255,ORD002611,PROD00433,1.0,5
OI0005256,ORD002611,PROD00470,2.0,20
OI0005257,ORD002612,PROD9626,2.0,0
OI0005258,ORD002613,PROD00308,1.0,5
OI0005259,ORD002613,PROD00058,3.0,15
OI0005260,ORD002613,PROD00517,2.0,0
OI0005261,ORD002614,PROD00372,2.0,5
OI0005262,ORD002614,PROD00312,1.0,10
OI0005263,ORD002614,PROD00206,4.0,0
OI0005264,ORD002615,PROD00099,1.0,10
OI0005265,ORD002616,PROD00136,2.0,15
OI0005266,ORD002617,PROD00520,1.0,15
OI0005267,ORD002618,PROD00305,10.0,0
OI0005268,ORD002618,PROD00144,-1.0,15
OI0005269,ORD002618,PROD00447,4.0,0
OI0005270,ORD002618,PROD00437,1.0,0
OI0005271,ORD002619,PROD9709,-1.0,5
OI0005272,ORD002620,PROD00133,1.0,25
OI0005273,ORD002620,PROD00594,2.0,25
OI0005274,ORD002620,PROD00418,1.0,0
OI0005275,ORD002621,PROD00379,10.0,10
OI0005276,ORD002622,PROD00546,10.0,0
OI0005277,ORD002623,PROD00402,2.0,20
OI0005278,ORD002623,PROD00156,5.0,20
OI0005279,ORD002623,PROD00165,1.0,20
OI0005280,ORD002624,PROD00334,3.0,5
OI0005281,ORD002624,PROD00092,10.0,0
OI0005282,ORD002625,PROD00177,10.0,20
OI0005283,ORD002625,PROD00298,1.0,0
OI0005284,ORD002626,PROD00234,1.0,0
OI0005285,ORD002626,PROD00203,3.0,0
OI0005286,ORD002626,PROD00290,1.0,0
OI0005287,ORD002627,PROD00133,4.0,0
OI0005288,ORD002628,PROD00499,10.0,5
OI0005289,ORD002628,PROD00107,1.0,25
OI0005290,ORD002628,PROD00015,5.0,15
OI0005291,ORD002628,PROD00203,1.0,0
OI0005292,ORD002629,PROD00015,1.0,0
OI0005293,ORD002629,PROD00456,-1.0,15
OI0005294,ORD002630,PROD00375,3.0,0
OI0005295,ORD002631,PROD00205,10.0,0
OI0005296,ORD002632,PROD00517,3.0,0
OI0005297,ORD002632,PROD00388,2.0,0
OI0005298,ORD002633,PROD00271,2.0,0
OI0005299,ORD002634,PROD00430,5.0,10
OI0005300,ORD002635,PROD00516,,0
OI0005301,ORD002636,PROD00386,5.0,10
OI0005302,ORD002636,PROD00153,-1.0,0
OI0005303,ORD002637,PROD00086,1.0,10
OI0005304,ORD002638,PROD00176,10.0,5
OI0005305,ORD002638,PROD00167,10.0,25
OI0005306,ORD002638,PROD00296,-1.0,0
OI0005307,ORD002639,PROD00460,10.0,10
OI0005308,ORD002639,PROD00395,1.0,10
OI0005309,ORD002640,PROD00149,1.0,0
OI0005310,ORD002641,PROD00342,10.0,0
OI0005311,ORD002642,PROD00122,1.0,25
OI0005312,ORD002643,PROD00480,2.0,20
OI0005313,ORD002644,PROD00282,3.0,0
OI0005314,ORD002645,PROD00231,10.0,15
OI0005315,ORD002646,PROD00440,10.0,5
OI0005316,ORD002647,PROD00406,1.0,0
OI0005317,ORD002647,PROD00428,2.0,0
OI0005318,ORD002648,PROD00363,3.0,10
OI0005319,ORD002648,PROD00477,3.0,10
OI0005320,ORD002648,PROD00305,2.0,0
OI0005321,ORD002648,PROD00048,5.0,0
OI0005322,ORD002649,PROD00188,1.0,20
OI0005323,ORD002650,PROD00266,2.0,25
OI0005324,ORD002650,PROD00542,10.0,25
OI0005325,ORD002651,PROD00598,10.0,10
OI0005326,ORD002651,PROD00009,3.0,5
OI0005327,ORD002652,PROD00467,1.0,5
OI0005328,ORD002653,PROD00355,1.0,15
OI0005329,ORD002653,PROD00360,1.0,20
OI0005330,ORD002653,PROD00065,2.0,10
OI0005331,ORD002653,PROD00200,5.0,10
OI0005332,ORD002654,PROD00074,-1.0,15
OI0005333,ORD002654,PROD00052,2.0,0
OI0005334,ORD002655,PROD00463,1.0,20
OI0005335,ORD002655,PROD00590,2.0,10
OI0005336,ORD002655,PROD00237,-1.0,15
OI0005337,ORD002655,PROD00496,1.0,25
OI0005338,ORD002656,PROD00592,10.0,5
OI0005339,ORD002656,PROD00090,5.0,5
OI0005340,ORD002657,PROD00341,10.0,0
OI0005341,ORD002658,PROD00308,3.0,10
OI0005342,ORD002658,PROD00227,4.0,10
OI0005343,ORD002659,PROD00349,5.0,25
OI0005344,ORD002659,PROD00239,1.0,5
OI0005345,ORD002660,PROD00401,1.0,0
OI0005346,ORD002660,PROD00553,3.0,0
OI0005347,ORD002660,PROD00468,1.0,0
OI0005348,ORD002660,PROD00506,4.0,25
OI0005349,ORD002661,PROD00270,4.0,20
OI0005350,ORD002662,PROD00109,5.0,0
OI0005351,ORD002662,PROD00110,-1.0,0
OI0005352,ORD002662,PROD00475,5.0,5
OI0005353,ORD002662,PROD00554,10.0,20
OI0005354,ORD002663,PROD00088,1.0,15
OI0005355,ORD002664,PROD00213,1.0,25
OI0005356,ORD002665,PROD00302,5.0,15
OI0005357,ORD002666,PROD00525,1.0,5
OI0005358,ORD002667,PROD00551,-1.0,0
OI0005359,ORD002667,PROD00441,-1.0,15
OI0005360,ORD002667,PROD00241,500.0,0
OI0005361,ORD002668,PROD00544,10.0,0
OI0005362,ORD002669,PROD00121,1.0,20
OI0005363,ORD002670,PROD00332,2.0,0
OI0005364,ORD002671,PROD00037,10.0,5
OI0005365,ORD002672,PROD00019,2.0,0
OI0005366,ORD002673,PROD00486,5.0,0
OI0005367,ORD002673,PROD00022,4.0,0
OI0005368,ORD002673,PROD00384,10.0,10
OI0005369,ORD002673,PROD00276,3.0,0
OI0005370,ORD002674,PROD00230,5.0,0
OI0005371,ORD002675,PROD00597,3.0,5
OI0005372,ORD002676,PROD00308,2.0,0
OI0005373,ORD002676,PROD00587,1.0,10
OI0005374,ORD002676,PROD00152,2.0,15
OI0005375,ORD002676,PROD00168,5.0,0
OI0005376,ORD002677,PROD00509,5.0,20
OI0005377,ORD002677,PROD00486,3.0,0
OI0005378,ORD002678,PROD00018,4.0,0
OI0005379,ORD002679,PROD00080,1.0,0
OI0005380,ORD002680,PROD00007,2.0,0
OI0005381,ORD002680,PROD00399,1.0,0
OI0005382,ORD002681,PROD00074,2.0,20
OI0005383,ORD002682,PROD00038,3.0,15
OI0005384,ORD002682,PROD00189,1.0,15
OI0005385,ORD002683,PROD00438,5.0,20
OI0005386,ORD002684,PROD00263,4.0,0
OI0005387,ORD002684,PROD00268,2.0,0
OI0005388,ORD002684,PROD00157,2.0,25
OI0005389,ORD002685,PROD00244,-1.0,20
OI0005390,ORD002685,PROD00298,2.0,20
OI0005391,ORD002685,PROD00398,1.0,10
OI0005392,ORD002685,PROD00408,2.0,0
OI0005393,ORD002686,PROD00357,1.0,25
OI0005394,ORD002687,PROD00510,2.0,0
OI0005395,ORD002687,PROD00478,2.0,20
OI0005396,ORD002688,PROD00400,10.0,25
OI0005397,ORD002689,PROD00421,5.0,25
OI0005398,ORD002689,PROD00072,-1.0,0
OI0005399,ORD002690,PROD00192,3.0,0
OI0005400,ORD002690,PROD00169,1.0,0
OI0005401,ORD002690,PROD00240,1.0,0
OI0005402,ORD002690,PROD00436,2.0,0
OI0005403,ORD002691,PROD00511,4.0,0
OI0005404,ORD002692,PROD00302,2.0,10
OI0005405,ORD002693,PROD00135,3.0,0
OI0005406,ORD002694,PROD00178,4.0,25
OI0005407,ORD002695,PROD00573,5.0,20
OI0005408,ORD002696,PROD00570,10.0,20
OI0005409,ORD002697,PROD00053,1.0,25
OI0005410,ORD002698,PROD00551,1.0,5
OI0005411,ORD002698,PROD00158,1.0,0
OI0005412,ORD002699,PROD00431,1.0,0
OI0005413,ORD002699,PROD00539,3.0,5
OI0005414,ORD002699,PROD00025,5.0,5
OI0005415,ORD002699,PROD00170,4.0,20
OI0005416,ORD002700,PROD00393,1.0,10
OI0005417,ORD002700,PROD00388,1.0,15
OI0005418,ORD002700,PROD00078,4.0,0
OI0005419,ORD002700,PROD00441,1.0,0
OI0005420,ORD002701,PROD00332,3.0,20
OI0005421,ORD002701,PROD00095,1.0,0
OI0005422,ORD002701,PROD00023,2.0,0
OI0005423,ORD002702,PROD00526,3.0,15
OI0005424,ORD002702,PROD00405,1.0,15
OI0005425,ORD002702,PROD00123,1.0,10
OI0005426,ORD002703,PROD00033,2.0,15
OI0005427,ORD002703,PROD00206,-1.0,10
OI0005428,ORD002704,PROD00585,2.0,10
OI0005429,ORD002704,PROD00242,1.0,5
OI0005430,ORD002704,PROD00455,4.0,15
OI0005431,ORD002704,PROD00147,2.0,5
OI0005432,ORD002705,PROD00430,2.0,15
OI0005433,ORD002705,PROD00171,10.0,0
OI0005434,ORD002705,PROD00162,2.0,10
OI0005435,ORD002706,PROD00051,3.0,25
OI0005436,ORD002706,PROD00253,10.0,25
OI0005437,ORD002707,PROD00295,2.0,15
OI0005438,ORD002708,PROD00469,5.0,0
OI0005439,ORD002709,PROD00050,10.0,0
OI0005440,ORD002709,PROD00283,1.0,25
OI0005441,ORD002710,PROD00071,1.0,15
OI0005442,ORD002710,PROD00088,1.0,15
OI0005443,ORD002710,PROD00119,-1.0,20
OI0005444,ORD002711,PROD00401,4.0,0
OI0005445,ORD002711,PROD00554,4.0,0
OI0005446,ORD002712,PROD00326,4.0,25
OI0005447,ORD002712,PROD00046,1.0,5
OI0005448,ORD002712,PROD00281,1.0,25
OI0005449,ORD002713,PROD00176,4.0,10
OI0005450,ORD002713,PROD00331,1.0,25
OI0005451,ORD002714,PROD00216,2.0,10
OI0005452,ORD002715,PROD00225,1.0,20
OI0005453,ORD002715,PROD00466,2.0,0
OI0005454,ORD002715,PROD00008,2.0,0
OI0005455,ORD002716,PROD00120,3.0,0
OI0005456,ORD002717,PROD00459,2.0,20
OI0005457,ORD002717,PROD00371,-1.0,20
OI0005458,ORD002718,PROD00010,1.0,25
OI0005459,ORD002719,PROD00572,2.0,5
OI0005460,ORD002719,PROD00156,1.0,15
OI0005461,ORD002719,PROD00569,500.0,10
OI0005462,ORD002719,PROD00019,10.0,15
OI0005463,ORD002720,PROD00247,-1.0,0
OI0005464,ORD002721,PROD00037,2.0,5
OI0005465,ORD002721,PROD00537,5.0,20
OI0005466,ORD002722,PROD00383,-1.0,5
OI0005467,ORD002723,PROD00587,3.0,0
OI0005468,ORD002723,PROD00068,1.0,25
OI0005469,ORD002723,PROD00110,1.0,5
OI0005470,ORD002723,PROD00189,1.0,5
OI0005471,ORD002724,PROD00223,10.0,0
OI0005472,ORD002724,PROD00379,10.0,10
OI0005473,ORD002724,PROD00405,2.0,0
OI0005474,ORD002725,PROD00504,3.0,25
OI0005475,ORD002725,PROD00096,1.0,0
OI0005476,ORD002726,PROD00225,1.0,10
OI0005477,ORD002726,PROD00316,2.0,25
OI0005478,ORD002727,PROD00461,4.0,25
OI0005479,ORD002728,PROD00009,3.0,10
OI0005480,ORD002729,PROD00101,1.0,10
OI0005481,ORD002730,PROD00549,1.0,25
OI0005482,ORD002730,PROD00456,2.0,25
OI0005483,ORD002731,PROD00286,-1.0,0
OI0005484,ORD002731,PROD00416,1.0,0
OI0005485,ORD002732,PROD00520,4.0,15
OI0005486,ORD002733,PROD00157,1.0,25
OI0005487,ORD002733,PROD00358,10.0,0
OI0005488,ORD002734,PROD00097,1.0,20
OI0005489,ORD002735,PROD00208,3.0,15
OI0005490,ORD002735,PROD00318,1.0,15
OI0005491,ORD002736,PROD00460,2.0,0
OI0005492,ORD002737,PROD00308,10.0,20
OI0005493,ORD002738,PROD00314,1.0,25
OI0005494,ORD002739,PROD00552,-1.0,0
OI0005495,ORD002740,PROD00139,1.0,25
OI0005496,ORD002740,PROD00275,-1.0,0
OI0005497,ORD002741,PROD00329,3.0,5
OI0005498,ORD002742,PROD00576,4.0,15
OI0005499,ORD002743,PROD9834,4.0,20
OI0005500,ORD002744,PROD00499,10.0,25
OI0005501,ORD002744,PROD00176,2.0,25
OI0005502,ORD002745,PROD00590,10.0,0
OI0005503,ORD002745,PROD00189,10.0,15
OI0005504,ORD002746,PROD00343,2.0,0
OI0005505,ORD002746,PROD00083,1.0,20
OI0005506,ORD002746,PROD00414,1.0,0
OI0005507,ORD002746,PROD00123,2.0,0
OI0005508,ORD002747,PROD00172,10.0,20
OI0005509,ORD002747,PROD00002,2.0,25
OI0005510,ORD002748,PROD00133,1.0,15
OI0005511,ORD002748,PROD9948,1.0,10
OI0005512,ORD002748,PROD00336,2.0,15
OI0005513,ORD002749,PROD00160,10.0,15
OI0005514,ORD002749,PROD00286,2.0,25
OI0005515,ORD002749,PROD00029,2.0,5
OI0005516,ORD002750,PROD00344,1.0,0
OI0005517,ORD002751,PROD00391,2.0,0
OI0005518,ORD002751,PROD00268,3.0,0
OI0005519,ORD002752,PROD00233,4.0,20
OI0005520,ORD002752,PROD00468,1.0,10
OI0005521,ORD002752,PROD00033,2.0,15
OI0005522,ORD002753,PROD00239,10.0,25
OI0005523,ORD002754,PROD00340,10.0,10
OI0005524,ORD002754,PROD00348,1.0,20
OI0005525,ORD002754,PROD00312,2.0,10
OI0005526,ORD002754,PROD00570,2.0,10
OI0005527,ORD002755,PROD00088,1.0,0
OI0005528,ORD002755,PROD00400,3.0,25
OI0005529,ORD002755,PROD00558,1.0,0
OI0005530,ORD002755,PROD00165,-1.0,10
OI0005531,ORD002756,PROD00599,1.0,20
OI0005532,ORD002757,PROD00214,1.0,0
OI0005533,ORD002758,PROD00316,10.0,0
OI0005534,ORD002759,PROD00510,2.0,20
OI0005535,ORD002759,PROD00457,4.0,0
OI0005536,ORD002760,PROD00035,5.0,10
OI0005537,ORD002760,PROD00352,10.0,15
OI0005538,ORD002761,PROD00345,10.0,0
OI0005539,ORD002761,PROD00389,2.0,25
OI0005540,ORD002762,PROD00321,5.0,15
OI0005541,ORD002763,PROD00038,4.0,0
OI0005542,ORD002763,PROD00050,5.0,0
OI0005543,ORD002764,PROD00102,2.0,25
OI0005544,ORD002765,PROD00320,1.0,0
OI0005545,ORD002765,PROD00572,3.0,10
OI0005546,ORD002766,PROD00391,1.0,5
OI0005547,ORD002766,PROD00217,10.0,15
OI0005548,ORD002767,PROD00215,4.0,20
OI0005549,ORD002768,PROD00009,1.0,0
OI0005550,ORD002768,PROD00055,2.0,0
OI0005551,ORD002769,PROD00095,1.0,0
OI0005552,ORD002769,PROD00316,2.0,5
OI0005553,ORD002769,PROD00448,2.0,20
OI0005554,ORD002769,PROD00575,1.0,0
OI0005555,ORD002770,PROD00589,1.0,20
OI0005556,ORD002770,PROD00126,1.0,10
OI0005557,ORD002771,PROD00374,5.0,10
OI0005558,ORD002772,PROD00381,1.0,10
OI0005559,ORD002772,PROD00243,3.0,15
OI0005560,ORD002773,PROD00348,-1.0,0
OI0005561,ORD002773,PROD00499,5.0,20
OI0005562,ORD002773,PROD00381,1.0,0
OI0005563,ORD002773,PROD00100,1.0,25
OI0005564,ORD002774,PROD00300,5.0,5
OI0005565,ORD002775,PROD00025,2.0,0
OI0005566,ORD002775,PROD00429,10.0,10
OI0005567,ORD002776,PROD00044,-1.0,10
OI0005568,ORD002776,PROD00182,3.0,0
OI0005569,ORD002776,PROD00500,-1.0,5
OI0005570,ORD002776,PROD00273,4.0,0
OI0005571,ORD002777,PROD00141,2.0,0
OI0005572,ORD002778,PROD00251,2.0,0
OI0005573,ORD002778,PROD00420,1.0,10
OI0005574,ORD002779,PROD00459,2.0,20
OI0005575,ORD002779,PROD00320,4.0,10
OI0005576,ORD002780,PROD00389,-1.0,15
OI0005577,ORD002781,PROD00340,10.0,25
OI0005578,ORD002781,PROD00405,2.0,5
OI0005579,ORD002781,PROD00354,3.0,15
OI0005580,ORD002782,PROD00312,10.0,5
OI0005581,ORD002782,PROD00407,10.0,20
OI0005582,ORD002783,PROD00084,5.0,0
OI0005583,ORD002783,PROD00054,1.0,5
OI0005584,ORD002783,PROD00357,1.0,20
OI0005585,ORD002784,PROD00264,1.0,5
OI0005586,ORD002785,PROD00296,2.0,0
OI0005587,ORD002785,PROD00412,4.0,5
OI0005588,ORD002786,PROD00302,5.0,0
OI0005589,ORD002787,PROD00432,1.0,5
OI0005590,ORD002788,PROD00350,1.0,0
OI0005591,ORD002788,PROD00293,4.0,10
OI0005592,ORD002788,PROD00141,1.0,15
OI0005593,ORD002788,PROD00302,5.0,25
OI0005594,ORD002789,PROD00563,1.0,10
OI0005595,ORD002790,PROD00201,1.0,10
OI0005596,ORD002791,PROD00548,4.0,10
OI0005597,ORD002791,PROD00150,1.0,10
OI0005598,ORD002792,PROD00369,5.0,25
OI0005599,ORD002792,PROD00492,3.0,0
OI0005600,ORD002792,PROD00268,4.0,0
OI0005601,ORD002792,PROD00549,4.0,10
OI0005602,ORD002793,PROD00241,4.0,0
OI0005603,ORD002793,PROD00131,3.0,5
OI0005604,ORD002794,PROD00120,2.0,0
OI0005605,ORD002794,PROD00394,2.0,0
OI0005606,ORD002794,PROD00313,10.0,5
OI0005607,ORD002795,PROD00394,2.0,25
OI0005608,ORD002795,PROD00056,-1.0,0
OI0005609,ORD002795,PROD00392,10.0,0
OI0005610,ORD002796,PROD00206,5.0,5
OI0005611,ORD002796,PROD00514,4.0,10
OI0005612,ORD002797,PROD00372,10.0,10
OI0005613,ORD002798,PROD00028,3.0,0
OI0005614,ORD002799,PROD00500,1.0,0
OI0005615,ORD002799,PROD00333,1.0,25
OI0005616,ORD002800,PROD00569,10.0,10
OI0005617,ORD002800,PROD00469,10.0,10
OI0005618,ORD002801,PROD00068,1.0,25
OI0005619,ORD002801,PROD00221,2.0,20
OI0005620,ORD002802,PROD00196,1.0,0
OI0005621,ORD002803,PROD00328,-1.0,0
OI0005622,ORD002803,PROD00386,2.0,10
OI0005623,ORD002804,PROD00555,10.0,10
OI0005624,ORD002805,PROD00097,1.0,25
OI0005625,ORD002805,PROD00175,1.0,5
OI0005626,ORD002806,PROD00007,-1.0,10
OI0005627,ORD002806,PROD00244,1.0,25
OI0005628,ORD002806,PROD00124,4.0,5
OI0005629,ORD002807,PROD00287,1.0,5
OI0005630,ORD002808,PROD00496,-1.0,10
OI0005631,ORD002809,PROD00337,3.0,25
OI0005632,ORD002810,PROD00072,2.0,0
OI0005633,ORD002811,PROD00287,4.0,25
OI0005634,ORD002811,PROD00052,4.0,5
OI0005635,ORD002812,PROD00172,1.0,20
OI0005636,ORD002812,PROD00476,10.0,0
OI0005637,ORD002812,PROD00150,-1.0,15
OI0005638,ORD002812,PROD00148,10.0,5
OI0005639,ORD002813,PROD00178,5.0,0
OI0005640,ORD002813,PROD00155,1.0,0
OI0005641,ORD002814,PROD00436,2.0,20
OI0005642,ORD002814,PROD00160,1.0,0
OI0005643,ORD002815,PROD00104,1.0,0
OI0005644,ORD002816,PROD00262,4.0,15
OI0005645,ORD002817,PROD00552,1.0,25
OI0005646,ORD002817,PROD00111,10.0,20
OI0005647,ORD002817,PROD00255,1.0,10
OI0005648,ORD002817,PROD00503,4.0,0
OI0005649,ORD002818,PROD00593,-1.0,20
OI0005650,ORD002819,PROD00233,5.0,0
OI0005651,ORD002819,PROD00334,10.0,5
OI0005652,ORD002820,PROD00490,-1.0,0
OI0005653,ORD002820,PROD00359,3.0,0
OI0005654,ORD002820,PROD00282,1.0,25
OI0005655,ORD002821,PROD00462,3.0,20
OI0005656,ORD002822,PROD00430,1.0,0
OI0005657,ORD002823,PROD00172,5.0,20
OI0005658,ORD002824,PROD00187,4.0,0
OI0005659,ORD002825,PROD00341,5.0,0
OI0005660,ORD002825,PROD00340,-1.0,15
OI0005661,ORD002825,PROD00173,2.0,25
OI0005662,ORD002826,PROD00267,4.0,0
OI0005663,ORD002826,PROD00552,-1.0,10
OI0005664,ORD002827,PROD00027,3.0,10
OI0005665,ORD002828,PROD00393,2.0,20
OI0005666,ORD002829,PROD00135,1.0,0
OI0005667,ORD002829,PROD00087,1.0,0
OI0005668,ORD002830,PROD00063,5.0,20
OI0005669,ORD002830,PROD00293,1.0,25
OI0005670,ORD002830,PROD00181,2.0,0
OI0005671,ORD002830,PROD00380,1.0,0
OI0005672,ORD002831,PROD00001,10.0,5
OI0005673,ORD002832,PROD00324,10.0,0
OI0005674,ORD002832,PROD00227,1.0,20
OI0005675,ORD002832,PROD00293,3.0,15
OI0005676,ORD002832,PROD00421,4.0,0
OI0005677,ORD002833,PROD00568,1.0,5
OI0005678,ORD002833,PROD00046,4.0,0
OI0005679,ORD002834,PROD00274,3.0,5
OI0005680,ORD002834,PROD00600,1.0,0
OI0005681,ORD002834,PROD00315,2.0,0
OI0005682,ORD002835,PROD00374,1.0,10
OI0005683,ORD002836,PROD00268,10.0,0
OI0005684,ORD002837,PROD00405,1.0,0
OI0005685,ORD002837,PROD9408,2.0,20
OI0005686,ORD002838,PROD00095,5.0,10
OI0005687,ORD002839,PROD00040,1.0,0
OI0005688,ORD002839,PROD00272,10.0,0
OI0005689,ORD002840,PROD00001,4.0,15
OI0005690,ORD002841,PROD00122,1.0,20
OI0005691,ORD002841,PROD00053,1.0,0
OI0005692,ORD002842,PROD00028,-1.0,20
OI0005693,ORD002842,PROD00368,10.0,0
OI0005694,ORD002843,PROD00278,5.0,5
OI0005695,ORD002843,PROD00471,2.0,25
OI0005696,ORD002843,PROD00585,3.0,20
OI0005697,ORD002843,PROD00203,3.0,15
OI0005698,ORD002844,PROD00068,4.0,20
OI0005699,ORD002844,PROD00382,10.0,15
OI0005700,ORD002844,PROD00150,2.0,0
OI0005701,ORD002844,PROD00377,10.0,0
OI0005702,ORD002845,PROD00006,2.0,20
OI0005703,ORD002846,PROD00544,1.0,10
OI0005704,ORD002847,PROD00367,1.0,20
OI0005705,ORD002848,PROD00096,-1.0,0
OI0005706,ORD002848,PROD00482,4.0,0
OI0005707,ORD002849,PROD00233,500.0,10
OI0005708,ORD002849,PROD00017,10.0,0
OI0005709,ORD002849,PROD00225,-1.0,0
OI0005710,ORD002850,PROD00433,5.0,0
OI0005711,ORD002851,PROD00157,4.0,20
OI0005712,ORD002852,PROD00033,1.0,20
OI0005713,ORD002852,PROD00189,1.0,25
OI0005714,ORD002852,PROD00514,2.0,15
OI0005715,ORD002852,PROD00035,10.0,0
OI0005716,ORD002853,PROD00188,4.0,10
OI0005717,ORD002854,PROD00073,5.0,5
OI0005718,ORD002854,PROD00547,2.0,0
OI0005719,ORD002855,PROD00270,,0
OI0005720,ORD002856,PROD00594,4.0,0
OI0005721,ORD002856,PROD00131,1.0,0
OI0005722,ORD002857,PROD00158,3.0,15
OI0005723,ORD002858,PROD00149,1.0,0
OI0005724,ORD002859,PROD00346,2.0,25
OI0005725,ORD002860,PROD00177,1.0,20
OI0005726,ORD002860,PROD00485,1.0,0
OI0005727,ORD002861,PROD00138,4.0,20
OI0005728,ORD002862,PROD00135,1.0,25
OI0005729,ORD002862,PROD00136,1.0,20
OI0005730,ORD002862,PROD00248,4.0,0
OI0005731,ORD002862,PROD00504,5.0,5
OI0005732,ORD002863,PROD00121,2.0,0
OI0005733,ORD002864,PROD00504,2.0,0
OI0005734,ORD002865,PROD00325,1.0,0
OI0005735,ORD002866,PROD00248,10.0,0
OI0005736,ORD002867,PROD00415,1.0,0
OI0005737,ORD002867,PROD00525,1.0,0
OI0005738,ORD002868,PROD00385,1.0,5
OI0005739,ORD002869,PROD00375,1.0,15
OI0005740,ORD002869,PROD00469,1.0,0
OI0005741,ORD002869,PROD00058,1.0,0
OI0005742,ORD002869,PROD00310,3.0,15
OI0005743,ORD002870,PROD00289,3.0,20
OI0005744,ORD002871,PROD00288,2.0,20
OI0005745,ORD002871,PROD00219,-1.0,15
OI0005746,ORD002872,PROD00021,5.0,0
OI0005747,ORD002873,PROD00165,3.0,20
OI0005748,ORD002873,PROD00579,2.0,0
OI0005749,ORD002873,PROD00441,4.0,0
OI0005750,ORD002874,PROD00155,2.0,5
OI0005751,ORD002874,PROD00290,-1.0,5
OI0005752,ORD002875,PROD00122,3.0,0
OI0005753,ORD002876,PROD00417,1.0,0
OI0005754,ORD002876,PROD00349,10.0,20
OI0005755,ORD002876,PROD00214,3.0,10
OI0005756,ORD002877,PROD00422,2.0,0
OI0005757,ORD002877,PROD00583,1.0,0
OI0005758,ORD002877,PROD00277,10.0,25
OI0005759,ORD002877,PROD00039,-1.0,0
OI0005760,ORD002878,PROD00012,1.0,15
OI0005761,ORD002878,PROD00013,5.0,5
OI0005762,ORD002878,PROD00598,4.0,0
OI0005763,ORD002878,PROD00540,1.0,15
OI0005764,ORD002879,PROD00429,10.0,20
OI0005765,ORD002879,PROD00400,5.0,15
OI0005766,ORD002880,PROD00094,1.0,0
OI0005767,ORD002880,PROD00069,1.0,0
OI0005768,ORD002880,PROD00238,3.0,10
OI0005769,ORD002881,PROD00411,1.0,0
OI0005770,ORD002881,PROD00554,3.0,5
OI0005771,ORD002882,PROD00481,-1.0,10
OI0005772,ORD002883,PROD00351,2.0,25
OI0005773,ORD002884,PROD00310,-1.0,10
OI0005774,ORD002885,PROD00225,-1.0,15
OI0005775,ORD002885,PROD00051,-1.0,10
OI0005776,ORD002886,PROD00003,1.0,10
OI0005777,ORD002887,PROD00540,2.0,20
OI0005778,ORD002887,PROD00429,1.0,20
OI0005779,ORD002887,PROD00294,1.0,20
OI0005780,ORD002887,PROD00416,1.0,0
OI0005781,ORD002888,PROD00451,-1.0,25
OI0005782,ORD002888,PROD00579,2.0,0
OI0005783,ORD002888,PROD00328,5.0,0
OI0005784,ORD002889,PROD00585,2.0,5
OI0005785,ORD002889,PROD00186,10.0,20
OI0005786,ORD002890,PROD00041,1.0,0
OI0005787,ORD002890,PROD00172,1.0,0
OI0005788,ORD002890,PROD00423,10.0,25
OI0005789,ORD002891,PROD00513,10.0,15
OI0005790,ORD002891,PROD00062,1.0,10
OI0005791,ORD002891,PROD00473,1.0,5
OI0005792,ORD002892,PROD00135,1.0,0
OI0005793,ORD002892,PROD00003,10.0,10
OI0005794,ORD002893,PROD00510,2.0,5
OI0005795,ORD002894,PROD00515,1.0,10
OI0005796,ORD002895,PROD00162,1.0,5
OI0005797,ORD002896,PROD00104,500.0,15
OI0005798,ORD002897,PROD00121,4.0,25
OI0005799,ORD002898,PROD00269,2.0,0
OI0005800,ORD002899,PROD00136,1.0,15
OI0005801,ORD002900,PROD00352,2.0,10
OI0005802,ORD002900,PROD00297,1.0,0
OI0005803,ORD002900,PROD00011,1.0,0
OI0005804,ORD002900,PROD00136,10.0,10
OI0005805,ORD002901,PROD00424,4.0,0
OI0005806,ORD002902,PROD00518,4.0,15
OI0005807,ORD002902,PROD00067,-1.0,20
OI0005808,ORD002902,PROD00058,5.0,25
OI0005809,ORD002903,PROD00052,1.0,15
OI0005810,ORD002904,PROD00048,10.0,0
OI0005811,ORD002905,PROD00234,1.0,20
OI0005812,ORD002905,PROD00108,3.0,20
OI0005813,ORD002906,PROD00136,1.0,10
OI0005814,ORD002907,PROD00012,-1.0,0
OI0005815,ORD002907,PROD00153,10.0,15
OI0005816,ORD002908,PROD00253,2.0,15
OI0005817,ORD002909,PROD00417,3.0,20
OI0005818,ORD002910,PROD00156,4.0,15
OI0005819,ORD002910,PROD00435,-1.0,0
OI0005820,ORD002910,PROD00430,2.0,25
OI0005821,ORD002910,PROD00067,2.0,15
OI0005822,ORD002911,PROD00377,10.0,10
OI0005823,ORD002911,PROD00384,10.0,0
OI0005824,ORD002911,PROD00081,2.0,15
OI0005825,ORD002912,PROD00161,1.0,0
OI0005826,ORD002912,PROD00337,1.0,10
OI0005827,ORD002912,PROD00400,2.0,10
OI0005828,ORD002912,PROD00448,5.0,25
OI0005829,ORD002913,PROD00577,2.0,0
OI0005830,ORD002913,PROD00161,1.0,5
OI0005831,ORD002914,PROD00085,1.0,5
OI0005832,ORD002914,PROD00220,2.0,0
OI0005833,ORD002914,PROD00335,3.0,15
OI0005834,ORD002914,PROD00492,2.0,0
OI0005835,ORD002915,PROD00123,1.0,0
OI0005836,ORD002916,PROD00566,-1.0,25
OI0005837,ORD002916,PROD00417,3.0,20
OI0005838,ORD002916,PROD00091,2.0,0
OI0005839,ORD002916,PROD00156,-1.0,25
OI0005840,ORD002917,PROD00085,2.0,0
OI0005841,ORD002917,PROD00549,3.0,20
OI0005842,ORD002917,PROD00180,2.0,20
OI0005843,ORD002918,PROD00499,2.0,20
OI0005844,ORD002918,PROD00096,1.0,0
OI0005845,ORD002918,PROD00262,1.0,25
OI0005846,ORD002919,PROD00117,2.0,25
OI0005847,ORD002920,PROD00211,10.0,20
OI0005848,ORD002920,PROD00028,5.0,10
OI0005849,ORD002920,PROD00368,1.0,15
OI0005850,ORD002920,PROD00101,4.0,0
OI0005851,ORD002921,PROD00407,1.0,20
OI0005852,ORD002921,PROD9856,2.0,15
OI0005853,ORD002921,PROD00585,-1.0,5
OI0005854,ORD002921,PROD00006,1.0,25
OI0005855,ORD002922,PROD00149,1.0,15
OI0005856,ORD002922,PROD00261,10.0,10
OI0005857,ORD002922,PROD00298,5.0,0
OI0005858,ORD002923,PROD00265,3.0,0
OI0005859,ORD002923,PROD00266,4.0,5
OI0005860,ORD002923,PROD00533,2.0,25
OI0005861,ORD002924,PROD00379,1.0,20
OI0005862,ORD002924,PROD00554,1.0,0
OI0005863,ORD002925,PROD00591,10.0,15
OI0005864,ORD002925,PROD00576,2.0,10
OI0005865,ORD002926,PROD00497,2.0,5
OI0005866,ORD002927,PROD00585,4.0,0
OI0005867,ORD002928,PROD00134,10.0,20
OI0005868,ORD002929,PROD00178,3.0,25
OI0005869,ORD002930,PROD00455,10.0,0
OI0005870,ORD002931,PROD00336,2.0,0
OI0005871,ORD002931,PROD00434,1.0,25
OI0005872,ORD002931,PROD00481,2.0,5
OI0005873,ORD002932,PROD00153,4.0,25
OI0005874,ORD002933,PROD00249,1.0,15
OI0005875,ORD002934,PROD00031,4.0,20
OI0005876,ORD002934,PROD00128,2.0,10
OI0005877,ORD002935,PROD00461,-1.0,5
OI0005878,ORD002936,PROD00535,5.0,20
OI0005879,ORD002936,PROD00320,1.0,25
OI0005880,ORD002937,PROD00557,10.0,0
OI0005881,ORD002937,PROD00586,1.0,25
OI0005882,ORD002937,PROD00519,2.0,0
OI0005883,ORD002937,PROD00210,1.0,0
OI0005884,ORD002938,PROD00071,10.0,0
OI0005885,ORD002939,PROD00559,10.0,20
OI0005886,ORD002940,PROD00188,10.0,10
OI0005887,ORD002941,PROD00007,4.0,25
OI0005888,ORD002941,PROD00311,3.0,0
OI0005889,ORD002941,PROD00116,2.0,0
OI0005890,ORD002941,PROD00226,2.0,10
OI0005891,ORD002942,PROD00123,-1.0,0
OI0005892,ORD002943,PROD00598,1.0,15
OI0005893,ORD002943,PROD00375,5.0,25
OI0005894,ORD002944,PROD00285,10.0,10
OI0005895,ORD002945,PROD00003,1.0,5
OI0005896,ORD002945,PROD00208,-1.0,20
OI0005897,ORD002946,PROD00466,10.0,10
OI0005898,ORD002947,PROD00520,1.0,5
OI0005899,ORD002948,PROD00442,500.0,25
OI0005900,ORD002949,PROD00552,1.0,0
OI0005901,ORD002950,PROD00070,2.0,0
OI0005902,ORD002951,PROD00087,1.0,20
OI0005903,ORD002952,PROD00174,1.0,0
OI0005904,ORD002953,PROD00414,2.0,25
OI0005905,ORD002953,PROD00364,1.0,5
OI0005906,ORD002954,PROD00107,-1.0,0
OI0005907,ORD002954,PROD00109,2.0,0
OI0005908,ORD002955,PROD00228,10.0,20
OI0005909,ORD002955,PROD00437,-1.0,0
OI0005910,ORD002955,PROD00272,5.0,0
OI0005911,ORD002956,PROD00344,10.0,10
OI0005912,ORD002957,PROD00120,2.0,15
OI0005913,ORD002958,PROD00314,500.0,0
OI0005914,ORD002958,PROD00369,2.0,20
OI0005915,ORD002958,PROD00397,1.0,15
OI0005916,ORD002959,PROD00063,-1.0,20
OI0005917,ORD002959,PROD00024,1.0,15
OI0005918,ORD002960,PROD00261,1.0,5
OI0005919,ORD002961,PROD00566,-1.0,0
OI0005920,ORD002962,PROD00079,1.0,0
OI0005921,ORD002963,PROD00335,-1.0,0
OI0005922,ORD002963,PROD00163,10.0,15
OI0005923,ORD002963,PROD00055,10.0,15
OI0005924,ORD002963,PROD00284,1.0,0
OI0005925,ORD002964,PROD00157,1.0,0
OI0005926,ORD002965,PROD00402,2.0,15
OI0005927,ORD002965,PROD00016,1.0,0
OI0005928,ORD002965,PROD00504,4.0,0
OI0005929,ORD002966,PROD00337,5.0,20
OI0005930,ORD002967,PROD00522,1.0,0
OI0005931,ORD002967,PROD00364,-1.0,0
OI0005932,ORD002968,PROD00278,1.0,10
OI0005933,ORD002968,PROD00175,2.0,0
OI0005934,ORD002968,PROD00320,1.0,0
OI0005935,ORD002969,PROD9892,-1.0,10
OI0005936,ORD002969,PROD00482,1.0,0
OI0005937,ORD002970,PROD00259,2.0,20
OI0005938,ORD002970,PROD00502,1.0,5
OI0005939,ORD002971,PROD00199,-1.0,5
OI0005940,ORD002972,PROD00258,2.0,20
OI0005941,ORD002972,PROD00257,10.0,0
OI0005942,ORD002972,PROD00076,2.0,0
OI0005943,ORD002972,PROD00340,4.0,0
OI0005944,ORD002973,PROD00509,1.0,20
OI0005945,ORD002973,PROD9843,4.0,25
OI0005946,ORD002973,PROD00189,2.0,0
OI0005947,ORD002974,PROD00052,3.0,10
OI0005948,ORD002974,PROD00269,1.0,10
OI0005949,ORD002975,PROD00113,1.0,0
OI0005950,ORD002975,PROD00365,1.0,0
OI0005951,ORD002976,PROD00144,-1.0,5
OI0005952,ORD002977,PROD00106,1.0,0
OI0005953,ORD002977,PROD00277,-1.0,15
OI0005954,ORD002978,PROD00155,2.0,0
OI0005955,ORD002978,PROD00283,1.0,0
OI0005956,ORD002978,PROD00559,3.0,0
OI0005957,ORD002979,PROD00124,3.0,5
OI0005958,ORD002980,PROD00281,1.0,25
OI0005959,ORD002981,PROD00242,-1.0,0
OI0005960,ORD002982,PROD00594,1.0,15
OI0005961,ORD002982,PROD00290,1.0,5
OI0005962,ORD002982,PROD00414,2.0,0
OI0005963,ORD002982,PROD00014,3.0,20
OI0005964,ORD002983,PROD00181,4.0,15
OI0005965,ORD002983,PROD00020,1.0,0
OI0005966,ORD002984,PROD00547,1.0,25
OI0005967,ORD002985,PROD00225,2.0,25
OI0005968,ORD002985,PROD00037,1.0,20
OI0005969,ORD002986,PROD00552,1.0,0
OI0005970,ORD002986,PROD00533,1.0,20
OI0005971,ORD002986,PROD00262,2.0,0
OI0005972,ORD002986,PROD00209,4.0,0
OI0005973,ORD002987,PROD00136,5.0,0
OI0005974,ORD002988,PROD00570,4.0,10
OI0005975,ORD002989,PROD00132,2.0,10
OI0005976,ORD002989,PROD00118,2.0,0
OI0005977,ORD002990,PROD00450,2.0,0
OI0005978,ORD002990,PROD00167,2.0,20
OI0005979,ORD002990,PROD00241,2.0,0
OI0005980,ORD002990,PROD00261,-1.0,10
OI0005981,ORD002991,PROD00293,1.0,0
OI0005982,ORD002991,PROD00177,-1.0,0
OI0005983,ORD002992,PROD00170,-1.0,15
OI0005984,ORD002993,PROD00335,2.0,5
OI0005985,ORD002993,PROD00418,1.0,0
OI0005986,ORD002993,PROD00255,1.0,10
OI0005987,ORD002993,PROD00249,3.0,10
OI0005988,ORD002994,PROD00592,2.0,10
OI0005989,ORD002995,PROD00510,2.0,15
OI0005990,ORD002995,PROD00315,5.0,0
OI0005991,ORD002996,PROD00457,5.0,20
OI0005992,ORD002996,PROD00026,3.0,5
OI0005993,ORD002996,PROD00037,4.0,0
OI0005994,ORD002996,PROD00183,-1.0,15
OI0005995,ORD002997,PROD00105,1.0,15
OI0005996,ORD002997,PROD00536,500.0,0
OI0005997,ORD002997,PROD00552,2.0,15
OI0005998,ORD002997,PROD00126,10.0,5
OI0005999,ORD002998,PROD00252,2.0,25
OI0006000,ORD002999,PROD00063,1.0,0
OI0006001,ORD002999,PROD00133,1.0,0
OI0006002,ORD003000,PROD00344,10.0,0
OI0006003,ORD003000,PROD00046,2.0,0
OI0006004,ORD003000,PROD00225,1.0,0
OI0006005,ORD003000,PROD00289,4.0,15
OI0006006,ORD003001,PROD00512,2.0,0
OI0006007,ORD003001,PROD00085,1.0,15
OI0006008,ORD003002,PROD00356,1.0,10
OI0006009,ORD003002,PROD00019,2.0,5
OI0006010,ORD003002,PROD00099,1.0,0
OI0006011,ORD003003,PROD00306,2.0,25
OI0006012,ORD003003,PROD00113,2.0,10
OI0006013,ORD003004,PROD00585,2.0,5
OI0006014,ORD003004,PROD00490,1.0,10
OI0006015,ORD003004,PROD00528,3.0,5
OI0006016,ORD003004,PROD00322,1.0,20
OI0006017,ORD003005,PROD00502,2.0,0
OI0006018,ORD003006,PROD00542,-1.0,10
OI0006019,ORD003006,PROD00200,3.0,20
OI0006020,ORD003007,PROD00284,1.0,15
OI0006021,ORD003008,PROD00142,1.0,5
OI0006022,ORD003008,PROD00599,4.0,0
OI0006023,ORD003008,PROD00059,-1.0,20
OI0006024,ORD003008,PROD00053,2.0,5
OI0006025,ORD003009,PROD00176,5.0,25
OI0006026,ORD003009,PROD00273,10.0,20
OI0006027,ORD003010,PROD00312,3.0,15
OI0006028,ORD003010,PROD00341,1.0,5
OI0006029,ORD003011,PROD00556,1.0,0
OI0006030,ORD003012,PROD00008,2.0,5
OI0006031,ORD003012,PROD00462,3.0,20
OI0006032,ORD003013,PROD00598,2.0,5
OI0006033,ORD003013,PROD00584,3.0,10
OI0006034,ORD003013,PROD00532,1.0,0
OI0006035,ORD003014,PROD00500,-1.0,0
OI0006036,ORD003015,PROD00381,1.0,25
OI0006037,ORD003015,PROD00117,2.0,25
OI0006038,ORD003016,PROD00135,4.0,0
OI0006039,ORD003017,PROD00505,1.0,25
OI0006040,ORD003018,PROD00219,1.0,20
OI0006041,ORD003018,PROD00102,3.0,25
OI0006042,ORD003019,PROD00240,3.0,25
OI0006043,ORD003020,PROD00131,10.0,0
OI0006044,ORD003021,PROD00455,1.0,0
OI0006045,ORD003022,PROD00026,1.0,0
OI0006046,ORD003023,PROD00169,4.0,0
OI0006047,ORD003024,PROD00447,2.0,25
OI0006048,ORD003024,PROD00428,1.0,10
OI0006049,ORD003025,PROD00549,1.0,10
OI0006050,ORD003025,PROD00341,1.0,0
OI0006051,ORD003026,PROD00474,4.0,0
OI0006052,ORD003026,PROD00247,2.0,20
OI0006053,ORD003027,PROD00436,2.0,10
OI0006054,ORD003028,PROD00269,1.0,10
OI0006055,ORD003028,PROD00262,2.0,0
OI0006056,ORD003029,PROD00074,1.0,5
OI0006057,ORD003030,PROD00583,1.0,25
OI0006058,ORD003030,PROD00323,-1.0,25
OI0006059,ORD003031,PROD00493,2.0,5
OI0006060,ORD003032,PROD00387,5.0,10
OI0006061,ORD003033,PROD00164,5.0,20
OI0006062,ORD003033,PROD00201,2.0,0
OI0006063,ORD003033,PROD00599,3.0,20
OI0006064,ORD003034,PROD00444,2.0,15
OI0006065,ORD003034,PROD00167,3.0,25
OI0006066,ORD003034,PROD00370,1.0,0
OI0006067,ORD003034,PROD00101,-1.0,10
OI0006068,ORD003035,PROD00037,3.0,0
OI0006069,ORD003035,PROD00168,10.0,25
OI0006070,ORD003036,PROD00266,1.0,25
OI0006071,ORD003036,PROD00338,2.0,0
OI0006072,ORD003036,PROD00286,2.0,15
OI0006073,ORD003036,PROD00294,10.0,0
OI0006074,ORD003037,PROD00453,4.0,0
OI0006075,ORD003037,PROD00031,2.0,0
OI0006076,ORD003037,PROD00450,5.0,0
OI0006077,ORD003038,PROD00269,1.0,20
OI0006078,ORD003039,PROD00139,1.0,0
OI0006079,ORD003040,PROD00059,1.0,25
OI0006080,ORD003041,PROD00168,-1.0,0
OI0006081,ORD003042,PROD00403,2.0,10
OI0006082,ORD003042,PROD00437,10.0,0
OI0006083,ORD003043,PROD00073,2.0,20
OI0006084,ORD003043,PROD00031,3.0,25
OI0006085,ORD003043,PROD00161,2.0,15
OI0006086,ORD003043,PROD00040,3.0,10
OI0006087,ORD003044,PROD00308,2.0,20
OI0006088,ORD003045,PROD00044,3.0,25
OI0006089,ORD003046,PROD00125,2.0,15
OI0006090,ORD003047,PROD00024,10.0,0
OI0006091,ORD003048,PROD00162,10.0,0
OI0006092,ORD003049,PROD00264,1.0,20
OI0006093,ORD003049,PROD00169,3.0,25
OI0006094,ORD003049,PROD00265,2.0,15
OI0006095,ORD003050,PROD00343,1.0,0
OI0006096,ORD003050,PROD00361,1.0,0
OI0006097,ORD003050,PROD00574,-1.0,15
OI0006098,ORD003051,PROD00488,1.0,0
OI0006099,ORD003052,PROD00406,5.0,20
OI0006100,ORD003052,PROD00583,1.0,20
OI0006101,ORD003052,PROD00525,2.0,25
OI0006102,ORD003052,PROD00066,10.0,0
OI0006103,ORD003053,PROD00583,1.0,10
OI0006104,ORD003054,PROD00191,500.0,20
OI0006105,ORD003054,PROD00086,10.0,10
OI0006106,ORD003055,PROD00465,5.0,0
OI0006107,ORD003056,PROD00334,4.0,0
OI0006108,ORD003057,PROD00421,1.0,10
OI0006109,ORD003057,PROD00038,4.0,0
OI0006110,ORD003058,PROD00111,5.0,5
OI0006111,ORD003059,PROD00554,1.0,0
OI0006112,ORD003059,PROD00430,5.0,25
OI0006113,ORD003060,PROD00249,1.0,0
OI0006114,ORD003061,PROD00279,2.0,0
OI0006115,ORD003061,PROD9397,1.0,0
OI0006116,ORD003062,PROD00268,-1.0,0
OI0006117,ORD003063,PROD00351,2.0,15
OI0006118,ORD003063,PROD00158,10.0,0
OI0006119,ORD003064,PROD00590,1.0,5
OI0006120,ORD003065,PROD00183,4.0,0
OI0006121,ORD003065,PROD00303,-1.0,20
OI0006122,ORD003065,PROD00370,2.0,0
OI0006123,ORD003065,PROD00531,5.0,25
OI0006124,ORD003066,PROD00425,2.0,25
OI0006125,ORD003066,PROD00510,1.0,0
OI0006126,ORD003067,PROD00247,5.0,0
OI0006127,ORD003068,PROD00360,2.0,5
OI0006128,ORD003068,PROD00172,-1.0,5
OI0006129,ORD003068,PROD00360,1.0,15
OI0006130,ORD003069,PROD00311,4.0,0
OI0006131,ORD003070,PROD00306,2.0,10
OI0006132,ORD003071,PROD00303,2.0,20
OI0006133,ORD003071,PROD00327,5.0,0
OI0006134,ORD003072,PROD00524,1.0,15
OI0006135,ORD003072,PROD00480,5.0,5
OI0006136,ORD003072,PROD00416,2.0,0
OI0006137,ORD003073,PROD00542,5.0,15
OI0006138,ORD003073,PROD00051,3.0,10
OI0006139,ORD003074,PROD00147,1.0,25
OI0006140,ORD003075,PROD00373,10.0,25
OI0006141,ORD003076,PROD00371,4.0,0
OI0006142,ORD003077,PROD00245,10.0,15
OI0006143,ORD003077,PROD00038,2.0,25
OI0006144,ORD003078,PROD00079,-1.0,0
OI0006145,ORD003079,PROD00558,5.0,20
OI0006146,ORD003079,PROD00156,4.0,20
OI0006147,ORD003080,PROD00544,-1.0,15
OI0006148,ORD003081,PROD00419,-1.0,5
OI0006149,ORD003082,PROD00250,5.0,25
OI0006150,ORD003083,PROD00404,2.0,0
OI0006151,ORD003084,PROD00089,3.0,15
OI0006152,ORD003084,PROD00375,1.0,0
OI0006153,ORD003084,PROD00034,3.0,10
OI0006154,ORD003085,PROD00277,500.0,0
OI0006155,ORD003086,PROD00154,3.0,10
OI0006156,ORD003086,PROD00316,1.0,0
OI0006157,ORD003087,PROD00194,5.0,0
OI0006158,ORD003087,PROD00416,2.0,25
OI0006159,ORD003087,PROD00444,1.0,5
OI0006160,ORD003087,PROD00591,10.0,0
OI0006161,ORD003088,PROD00335,2.0,15
OI0006162,ORD003089,PROD00520,5.0,0
OI0006163,ORD003089,PROD00146,1.0,0
OI0006164,ORD003089,PROD00530,2.0,0
OI0006165,ORD003090,PROD00511,2.0,5
OI0006166,ORD003091,PROD00105,1.0,25
OI0006167,ORD003091,PROD00379,5.0,5
OI0006168,ORD003092,PROD00119,10.0,10
OI0006169,ORD003093,PROD00446,3.0,10
OI0006170,ORD003093,PROD00428,-1.0,25
OI0006171,ORD003093,PROD00141,1.0,0
OI0006172,ORD003094,PROD00600,2.0,5
OI0006173,ORD003094,PROD00152,-1.0,20
OI0006174,ORD003095,PROD00584,4.0,0
OI0006175,ORD003095,PROD00470,1.0,5
OI0006176,ORD003096,PROD00285,5.0,0
OI0006177,ORD003097,PROD00429,3.0,20
OI0006178,ORD003097,PROD00496,4.0,0
OI0006179,ORD003098,PROD00595,-1.0,0
OI0006180,ORD003099,PROD00571,3.0,0
OI0006181,ORD003100,PROD00141,2.0,10
OI0006182,ORD003101,PROD00341,2.0,5
OI0006183,ORD003101,PROD00222,1.0,20
OI0006184,ORD003102,PROD00169,1.0,15
OI0006185,ORD003103,PROD00049,,0
OI0006186,ORD003104,PROD00167,1.0,20
OI0006187,ORD003104,PROD00127,10.0,25
OI0006188,ORD003104,PROD00086,2.0,0
OI0006189,ORD003105,PROD00273,5.0,0
OI0006190,ORD003105,PROD00375,3.0,20
OI0006191,ORD003106,PROD00180,2.0,0
OI0006192,ORD003106,PROD00452,1.0,25
OI0006193,ORD003106,PROD00475,4.0,15
OI0006194,ORD003106,PROD00517,1.0,20
OI0006195,ORD003107,PROD00185,1.0,0
OI0006196,ORD003108,PROD00072,2.0,0
OI0006197,ORD003109,PROD00041,2.0,0
OI0006198,ORD003110,PROD00444,2.0,20
OI0006199,ORD003111,PROD00067,5.0,5
OI0006200,ORD003111,PROD00227,3.0,25
OI0006201,ORD003111,PROD00341,1.0,25
OI0006202,ORD003112,PROD00198,2.0,0
OI0006203,ORD003112,PROD00340,-1.0,25
OI0006204,ORD003113,PROD00037,-1.0,5
OI0006205,ORD003113,PROD00188,2.0,0
OI0006206,ORD003114,PROD00363,3.0,20
OI0006207,ORD003115,PROD00036,5.0,0
OI0006208,ORD003115,PROD00127,1.0,0
OI0006209,ORD003116,PROD00108,1.0,0
OI0006210,ORD003117,PROD00537,1.0,5
OI0006211,ORD003117,PROD00531,1.0,15
OI0006212,ORD003117,PROD00041,10.0,5
OI0006213,ORD003118,PROD00105,5.0,0
OI0006214,ORD003118,PROD00190,3.0,15
OI0006215,ORD003118,PROD00384,4.0,25
OI0006216,ORD003118,PROD00395,1.0,5
OI0006217,ORD003119,PROD00189,3.0,0
OI0006218,ORD003119,PROD00033,2.0,10
OI0006219,ORD003119,PROD00212,2.0,25
OI0006220,ORD003120,PROD00009,4.0,0
OI0006221,ORD003121,PROD00578,1.0,0
OI0006222,ORD003121,PROD00102,-1.0,0
OI0006223,ORD003122,PROD00425,2.0,0
OI0006224,ORD003122,PROD00590,1.0,20
OI0006225,ORD003123,PROD00291,5.0,0
OI0006226,ORD003123,PROD00556,2.0,15
OI0006227,ORD003123,PROD00205,10.0,20
OI0006228,ORD003123,PROD00429,3.0,25
OI0006229,ORD003124,PROD00249,5.0,0
OI0006230,ORD003124,PROD00303,5.0,0
OI0006231,ORD003125,PROD00147,1.0,0
OI0006232,ORD003125,PROD00472,-1.0,5
OI0006233,ORD003126,PROD00409,2.0,0
OI0006234,ORD003127,PROD00460,2.0,15
OI0006235,ORD003128,PROD00389,2.0,25
OI0006236,ORD003128,PROD00530,2.0,20
OI0006237,ORD003129,PROD00413,1.0,15
OI0006238,ORD003129,PROD00469,1.0,15
OI0006239,ORD003130,PROD00577,10.0,15
OI0006240,ORD003130,PROD00184,5.0,25
OI0006241,ORD003131,PROD00268,2.0,0
OI0006242,ORD003132,PROD00146,10.0,0
OI0006243,ORD003133,PROD00600,1.0,0
OI0006244,ORD003134,PROD00415,2.0,20
OI0006245,ORD003135,PROD00336,2.0,25
OI0006246,ORD003136,PROD00498,4.0,20
OI0006247,ORD003136,PROD00159,-1.0,25
OI0006248,ORD003137,PROD00498,3.0,0
OI0006249,ORD003137,PROD00342,3.0,0
OI0006250,ORD003138,PROD00580,2.0,0
OI0006251,ORD003139,PROD00265,4.0,20
OI0006252,ORD003139,PROD00392,2.0,10
OI0006253,ORD003139,PROD00520,3.0,0
OI0006254,ORD003140,PROD00343,1.0,25
OI0006255,ORD003141,PROD00268,1.0,25
OI0006256,ORD003141,PROD00520,3.0,0
OI0006257,ORD003141,PROD00468,3.0,0
OI0006258,ORD003141,PROD00578,10.0,0
OI0006259,ORD003142,PROD00286,1.0,25
OI0006260,ORD003142,PROD00130,3.0,0
OI0006261,ORD003143,PROD00282,1.0,5
OI0006262,ORD003144,PROD00033,1.0,25
OI0006263,ORD003145,PROD00471,10.0,20
OI0006264,ORD003146,PROD00177,4.0,0
OI0006265,ORD003146,PROD00370,2.0,25
OI0006266,ORD003146,PROD00436,-1.0,10
OI0006267,ORD003147,PROD00185,2.0,0
OI0006268,ORD003147,PROD00167,1.0,0
OI0006269,ORD003148,PROD00468,3.0,0
OI0006270,ORD003148,PROD00218,4.0,25
OI0006271,ORD003148,PROD00242,-1.0,20
OI0006272,ORD003148,PROD00193,3.0,0
OI0006273,ORD003149,PROD00114,-1.0,15
OI0006274,ORD003149,PROD00287,1.0,10
OI0006275,ORD003150,PROD00304,-1.0,0
OI0006276,ORD003150,PROD00185,1.0,5
OI0006277,ORD003150,PROD00313,1.0,25
OI0006278,ORD003150,PROD00320,2.0,20
OI0006279,ORD003151,PROD00144,2.0,0
OI0006280,ORD003152,PROD00114,-1.0,5
OI0006281,ORD003153,PROD00140,2.0,15
OI0006282,ORD003154,PROD00515,3.0,0
OI0006283,ORD003154,PROD00282,10.0,25
OI0006284,ORD003154,PROD00199,1.0,0
OI0006285,ORD003154,PROD00273,-1.0,0
OI0006286,ORD003155,PROD00451,1.0,0
OI0006287,ORD003156,PROD00132,2.0,10
OI0006288,ORD003156,PROD00451,1.0,0
OI0006289,ORD003156,PROD00360,4.0,0
OI0006290,ORD003157,PROD00414,-1.0,0
OI0006291,ORD003157,PROD00589,1.0,25
OI0006292,ORD003157,PROD00468,3.0,20
OI0006293,ORD003158,PROD00112,1.0,0
OI0006294,ORD003159,PROD00295,1.0,0
OI0006295,ORD003159,PROD00006,1.0,0
OI0006296,ORD003159,PROD00416,1.0,0
OI0006297,ORD003160,PROD00558,-1.0,0
OI0006298,ORD003161,PROD00093,5.0,25
OI0006299,ORD003161,PROD00572,1.0,5
OI0006300,ORD003161,PROD00425,1.0,5
OI0006301,ORD003162,PROD00041,-1.0,20
OI0006302,ORD003163,PROD00511,1.0,25
OI0006303,ORD003164,PROD00425,2.0,15
OI0006304,ORD003164,PROD00299,5.0,5
OI0006305,ORD003164,PROD00037,2.0,25
OI0006306,ORD003165,PROD00515,1.0,5
OI0006307,ORD003165,PROD00558,1.0,25
OI0006308,ORD003165,PROD00015,1.0,10
OI0006309,ORD003166,PROD00495,10.0,25
OI0006310,ORD003167,PROD00471,,0
OI0006311,ORD003168,PROD00009,3.0,0
OI0006312,ORD003168,PROD00158,10.0,20
OI0006313,ORD003168,PROD00550,2.0,5
OI0006314,ORD003169,PROD00316,1.0,20
OI0006315,ORD003169,PROD00498,3.0,0
OI0006316,ORD003170,PROD00111,10.0,15
OI0006317,ORD003170,PROD00220,1.0,20
OI0006318,ORD003171,PROD00188,3.0,5
OI0006319,ORD003172,PROD00240,2.0,15
OI0006320,ORD003172,PROD00428,10.0,0
OI0006321,ORD003173,PROD00306,2.0,20
OI0006322,ORD003173,PROD00025,1.0,25
OI0006323,ORD003174,PROD00131,1.0,10
OI0006324,ORD003175,PROD00071,5.0,0
OI0006325,ORD003175,PROD00193,-1.0,25
OI0006326,ORD003176,PROD00221,5.0,20
OI0006327,ORD003176,PROD00015,5.0,20
OI0006328,ORD003176,PROD00102,1.0,15
OI0006329,ORD003176,PROD00163,1.0,25
OI0006330,ORD003177,PROD00547,5.0,20
OI0006331,ORD003177,PROD00123,1.0,0
OI0006332,ORD003177,PROD00030,2.0,5
OI0006333,ORD003178,PROD00540,2.0,0
OI0006334,ORD003178,PROD00010,1.0,5
OI0006335,ORD003178,PROD00293,5.0,15
OI0006336,ORD003179,PROD00586,1.0,15
OI0006337,ORD003179,PROD00402,-1.0,25
OI0006338,ORD003180,PROD00447,1.0,0
OI0006339,ORD003181,PROD00275,4.0,15
OI0006340,ORD003182,PROD00233,1.0,0
OI0006341,ORD003182,PROD00103,10.0,25
OI0006342,ORD003182,PROD00336,1.0,10
OI0006343,ORD003182,PROD00391,-1.0,20
OI0006344,ORD003183,PROD00349,5.0,0
OI0006345,ORD003183,PROD00016,5.0,15
OI0006346,ORD003183,PROD00503,2.0,0
OI0006347,ORD003183,PROD00568,1.0,5
OI0006348,ORD003184,PROD9406,2.0,0
OI0006349,ORD003184,PROD00462,4.0,15
OI0006350,ORD003184,PROD00291,1.0,0
OI0006351,ORD003184,PROD00113,2.0,0
OI0006352,ORD003185,PROD00312,4.0,0
OI0006353,ORD003185,PROD00139,2.0,0
OI0006354,ORD003185,PROD00280,1.0,5
OI0006355,ORD003185,PROD00559,1.0,0
OI0006356,ORD003186,PROD00461,500.0,15
OI0006357,ORD003187,PROD00075,4.0,0
OI0006358,ORD003188,PROD00227,4.0,20
OI0006359,ORD003188,PROD00242,10.0,0
OI0006360,ORD003189,PROD00073,2.0,5
OI0006361,ORD003190,PROD00154,10.0,25
OI0006362,ORD003190,PROD00261,5.0,25
OI0006363,ORD003190,PROD00219,5.0,0
OI0006364,ORD003190,PROD00046,5.0,0
OI0006365,ORD003191,PROD00467,10.0,0
OI0006366,ORD003192,PROD00339,1.0,10
OI0006367,ORD003193,PROD00452,3.0,15
OI0006368,ORD003193,PROD00118,1.0,0
OI0006369,ORD003194,PROD00394,2.0,5
OI0006370,ORD003194,PROD00230,3.0,0
OI0006371,ORD003194,PROD00321,2.0,15
OI0006372,ORD003195,PROD00564,1.0,15
OI0006373,ORD003196,PROD00572,5.0,5
OI0006374,ORD003197,PROD00384,4.0,5
OI0006375,ORD003197,PROD00343,10.0,5
OI0006376,ORD003197,PROD00412,1.0,5
OI0006377,ORD003197,PROD00075,3.0,10
OI0006378,ORD003198,PROD00271,1.0,0
OI0006379,ORD003198,PROD00276,3.0,5
OI0006380,ORD003198,PROD00508,-1.0,0
OI0006381,ORD003199,PROD00025,2.0,15
OI0006382,ORD003200,PROD00022,1.0,20
OI0006383,ORD003200,PROD00359,2.0,20
OI0006384,ORD003201,PROD00001,1.0,25
OI0006385,ORD003202,PROD00059,5.0,20
OI0006386,ORD003203,PROD00534,1.0,10
OI0006387,ORD003204,PROD00237,3.0,0
OI0006388,ORD003204,PROD00243,2.0,15
OI0006389,ORD003204,PROD00299,5.0,20
OI0006390,ORD003204,PROD00497,-1.0,20
OI0006391,ORD003205,PROD00073,-1.0,20
OI0006392,ORD003205,PROD00126,3.0,0
OI0006393,ORD003205,PROD00062,2.0,0
OI0006394,ORD003205,PROD00520,4.0,20
OI0006395,ORD003206,PROD00242,-1.0,20
OI0006396,ORD003206,PROD00190,10.0,20
OI0006397,ORD003206,PROD00239,-1.0,0
OI0006398,ORD003207,PROD00312,4.0,15
OI0006399,ORD003207,PROD00359,2.0,5
OI0006400,ORD003208,PROD00112,4.0,5
OI0006401,ORD003208,PROD00011,-1.0,5
OI0006402,ORD003209,PROD00338,4.0,0
OI0006403,ORD003210,PROD00280,2.0,0
OI0006404,ORD003211,PROD00474,1.0,0
OI0006405,ORD003212,PROD00096,1.0,15
OI0006406,ORD003212,PROD00019,1.0,0
OI0006407,ORD003213,PROD00250,2.0,10
OI0006408,ORD003213,PROD00022,2.0,0
OI0006409,ORD003213,PROD00243,3.0,20
OI0006410,ORD003214,PROD00252,3.0,20
OI0006411,ORD003214,PROD00494,1.0,0
OI0006412,ORD003215,PROD00568,10.0,0
OI0006413,ORD003216,PROD00280,-1.0,5
OI0006414,ORD003216,PROD00325,2.0,0
OI0006415,ORD003217,PROD00485,3.0,5
OI0006416,ORD003217,PROD00579,-1.0,0
OI0006417,ORD003217,PROD00494,2.0,15
OI0006418,ORD003218,PROD00065,4.0,5
OI0006419,ORD003218,PROD00341,1.0,0
OI0006420,ORD003219,PROD00561,1.0,25
OI0006421,ORD003220,PROD00172,-1.0,25
OI0006422,ORD003220,PROD00307,2.0,0
OI0006423,ORD003220,PROD00360,1.0,0
OI0006424,ORD003221,PROD00049,2.0,0
OI0006425,ORD003221,PROD00053,4.0,15
OI0006426,ORD003221,PROD00556,1.0,25
OI0006427,ORD003222,PROD00530,-1.0,5
OI0006428,ORD003222,PROD00136,-1.0,0
OI0006429,ORD003222,PROD00494,-1.0,25
OI0006430,ORD003222,PROD00396,2.0,20
OI0006431,ORD003223,PROD00525,10.0,0
OI0006432,ORD003224,PROD00521,1.0,10
OI0006433,ORD003224,PROD00158,3.0,5
OI0006434,ORD003224,PROD00406,10.0,0
OI0006435,ORD003224,PROD00210,5.0,0
OI0006436,ORD003225,PROD00226,1.0,5
OI0006437,ORD003226,PROD00448,4.0,20
OI0006438,ORD003227,PROD00334,5.0,0
OI0006439,ORD003227,PROD00044,1.0,20
OI0006440,ORD003228,PROD00010,10.0,0
OI0006441,ORD003229,PROD00419,2.0,0
OI0006442,ORD003230,PROD00240,3.0,0
OI0006443,ORD003231,PROD00044,3.0,5
OI0006444,ORD003232,PROD00162,5.0,25
OI0006445,ORD003233,PROD00087,500.0,5
OI0006446,ORD003233,PROD00151,3.0,0
OI0006447,ORD003234,PROD00445,1.0,5
OI0006448,ORD003234,PROD00149,5.0,5
OI0006449,ORD003234,PROD00561,1.0,25
OI0006450,ORD003234,PROD00174,1.0,0
OI0006451,ORD003235,PROD00458,1.0,0
OI0006452,ORD003236,PROD00575,10.0,0
OI0006453,ORD003237,PROD00201,5.0,0
OI0006454,ORD003238,PROD00305,2.0,0
OI0006455,ORD003239,PROD00550,3.0,0
OI0006456,ORD003240,PROD00187,2.0,0
OI0006457,ORD003241,PROD00195,1.0,0
OI0006458,ORD003241,PROD00487,1.0,0
OI0006459,ORD003241,PROD00414,3.0,0
OI0006460,ORD003242,PROD00289,5.0,15
OI0006461,ORD003242,PROD00411,10.0,15
OI0006462,ORD003243,PROD00460,1.0,20
OI0006463,ORD003243,PROD00326,4.0,5
OI0006464,ORD003243,PROD00436,2.0,5
OI0006465,ORD003243,PROD00027,1.0,0
OI0006466,ORD003244,PROD00576,10.0,25
OI0006467,ORD003244,PROD00127,-1.0,0
OI0006468,ORD003244,PROD9472,1.0,25
OI0006469,ORD003245,PROD00182,1.0,5
OI0006470,ORD003246,PROD00548,5.0,10
OI0006471,ORD003246,PROD00118,1.0,0
OI0006472,ORD003247,PROD00093,1.0,5
OI0006473,ORD003247,PROD00495,3.0,0
OI0006474,ORD003248,PROD00327,10.0,5
OI0006475,ORD003248,PROD00269,1.0,20
OI0006476,ORD003248,PROD00560,3.0,25
OI0006477,ORD003249,PROD00202,1.0,15
OI0006478,ORD003250,PROD00146,1.0,25
OI0006479,ORD003251,PROD00283,1.0,10
OI0006480,ORD003251,PROD00059,-1.0,15
OI0006481,ORD003251,PROD00132,1.0,5
OI0006482,ORD003252,PROD00039,2.0,25
OI0006483,ORD003252,PROD00561,1.0,0
OI0006484,ORD003253,PROD00376,10.0,10
OI0006485,ORD003254,PROD00164,10.0,0
OI0006486,ORD003254,PROD00302,3.0,25
OI0006487,ORD003254,PROD00438,-1.0,0
OI0006488,ORD003254,PROD00454,2.0,15
OI0006489,ORD003255,PROD00276,2.0,10
OI0006490,ORD003255,PROD00142,1.0,0
OI0006491,ORD003255,PROD00216,10.0,0
OI0006492,ORD003256,PROD00392,1.0,0
OI0006493,ORD003256,PROD00168,1.0,0
OI0006494,ORD003257,PROD00464,1.0,10
OI0006495,ORD003257,PROD00061,1.0,0
OI0006496,ORD003257,PROD00301,1.0,0
OI0006497,ORD003258,PROD00289,5.0,0
OI0006498,ORD003259,PROD00439,2.0,5
OI0006499,ORD003259,PROD00443,5.0,0
OI0006500,ORD003260,PROD00416,1.0,10
OI0006501,ORD003260,PROD00078,5.0,15
OI0006502,ORD003260,PROD00378,5.0,10
OI0006503,ORD003261,PROD00125,4.0,5
OI0006504,ORD003262,PROD00007,-1.0,0
OI0006505,ORD003263,PROD00348,4.0,10
OI0006506,ORD003264,PROD00156,5.0,10
OI0006507,ORD003264,PROD00599,4.0,0
OI0006508,ORD003264,PROD9119,1.0,5
OI0006509,ORD003265,PROD00308,3.0,0
OI0006510,ORD003265,PROD00567,1.0,0
OI0006511,ORD003265,PROD00451,3.0,5
OI0006512,ORD003265,PROD00212,2.0,0
OI0006513,ORD003266,PROD00565,1.0,20
OI0006514,ORD003266,PROD00098,1.0,10
OI0006515,ORD003266,PROD00101,1.0,5
OI0006516,ORD003266,PROD00373,5.0,25
OI0006517,ORD003267,PROD00275,2.0,0
OI0006518,ORD003268,PROD00589,1.0,10
OI0006519,ORD003269,PROD00559,1.0,0
OI0006520,ORD003270,PROD00372,3.0,5
OI0006521,ORD003270,PROD00214,3.0,0
OI0006522,ORD003271,PROD00047,5.0,10
OI0006523,ORD003271,PROD00015,4.0,10
OI0006524,ORD003271,PROD00327,4.0,25
OI0006525,ORD003271,PROD00508,1.0,20
OI0006526,ORD003272,PROD00194,500.0,10
OI0006527,ORD003272,PROD00352,1.0,0
OI0006528,ORD003273,PROD00568,1.0,25
OI0006529,ORD003274,PROD00439,-1.0,0
OI0006530,ORD003275,PROD00315,-1.0,25
OI0006531,ORD003275,PROD00225,1.0,0
OI0006532,ORD003275,PROD00559,2.0,5
OI0006533,ORD003275,PROD00443,3.0,25
OI0006534,ORD003276,PROD00391,1.0,5
OI0006535,ORD003276,PROD00376,5.0,0
OI0006536,ORD003277,PROD00289,1.0,20
OI0006537,ORD003278,PROD00097,1.0,0
OI0006538,ORD003278,PROD00150,2.0,0
OI0006539,ORD003278,PROD00588,3.0,0
OI0006540,ORD003279,PROD00050,2.0,10
OI0006541,ORD003279,PROD00383,-1.0,10
OI0006542,ORD003280,PROD00526,1.0,10
OI0006543,ORD003280,PROD00260,1.0,0
OI0006544,ORD003281,PROD00599,10.0,20
OI0006545,ORD003281,PROD00578,1.0,0
OI0006546,ORD003281,PROD00072,1.0,10
OI0006547,ORD003281,PROD00416,2.0,20
OI0006548,ORD003282,PROD00562,3.0,0
OI0006549,ORD003282,PROD00194,3.0,0
OI0006550,ORD003282,PROD00148,1.0,20
OI0006551,ORD003283,PROD00201,5.0,20
OI0006552,ORD003283,PROD00475,1.0,0
OI0006553,ORD003283,PROD00135,10.0,0
OI0006554,ORD003284,PROD00051,3.0,0
OI0006555,ORD003284,PROD9156,10.0,15
OI0006556,ORD003284,PROD00246,4.0,5
OI0006557,ORD003285,PROD00400,3.0,15
OI0006558,ORD003285,PROD00540,10.0,25
OI0006559,ORD003285,PROD00140,1.0,0
OI0006560,ORD003285,PROD00120,3.0,0
OI0006561,ORD003286,PROD00327,10.0,5
OI0006562,ORD003287,PROD00268,1.0,5
OI0006563,ORD003288,PROD00317,1.0,5
OI0006564,ORD003289,PROD00138,3.0,5
OI0006565,ORD003289,PROD00541,4.0,0
OI0006566,ORD003289,PROD00443,2.0,5
OI0006567,ORD003289,PROD00079,2.0,0
OI0006568,ORD003290,PROD00327,3.0,15
OI0006569,ORD003291,PROD00088,4.0,5
OI0006570,ORD003292,PROD00215,2.0,0
OI0006571,ORD003292,PROD00263,2.0,0
OI0006572,ORD003293,PROD00453,-1.0,0
OI0006573,ORD003293,PROD00029,2.0,0
OI0006574,ORD003294,PROD00437,1.0,20
OI0006575,ORD003295,PROD00088,1.0,5
OI0006576,ORD003296,PROD00208,2.0,0
OI0006577,ORD003296,PROD00144,2.0,25
OI0006578,ORD003296,PROD00189,-1.0,10
OI0006579,ORD003296,PROD00578,2.0,0
OI0006580,ORD003297,PROD00107,5.0,5
OI0006581,ORD003298,PROD00411,1.0,25
OI0006582,ORD003298,PROD00381,2.0,5
OI0006583,ORD003298,PROD00480,2.0,15
OI0006584,ORD003298,PROD00540,1.0,0
OI0006585,ORD003299,PROD00052,-1.0,0
OI0006586,ORD003299,PROD00371,2.0,25
OI0006587,ORD003300,PROD00137,,0
OI0006588,ORD003301,PROD00590,2.0,0
OI0006589,ORD003301,PROD00139,1.0,0
OI0006590,ORD003302,PROD00042,2.0,0
OI0006591,ORD003303,PROD00509,4.0,0
OI0006592,ORD003303,PROD00058,1.0,10
OI0006593,ORD003303,PROD00257,5.0,10
OI0006594,ORD003303,PROD00529,1.0,15
OI0006595,ORD003304,PROD00404,-1.0,20
OI0006596,ORD003304,PROD00275,4.0,25
OI0006597,ORD003305,PROD00004,3.0,25
OI0006598,ORD003305,PROD00074,2.0,20
OI0006599,ORD003305,PROD00429,10.0,0
OI0006600,ORD003306,PROD00481,-1.0,25
OI0006601,ORD003307,PROD00201,1.0,0
OI0006602,ORD003307,PROD00078,1.0,20
OI0006603,ORD003307,PROD00091,3.0,0
OI0006604,ORD003308,PROD00332,2.0,0
OI0006605,ORD003308,PROD00269,-1.0,20
OI0006606,ORD003309,PROD00142,5.0,15
OI0006607,ORD003309,PROD00443,1.0,0
OI0006608,ORD003310,PROD00244,1.0,0
OI0006609,ORD003310,PROD00585,-1.0,0
OI0006610,ORD003311,PROD00246,2.0,25
OI0006611,ORD003312,PROD00312,-1.0,15
OI0006612,ORD003313,PROD00353,1.0,15
OI0006613,ORD003313,PROD00331,3.0,0
OI0006614,ORD003314,PROD00161,1.0,20
OI0006615,ORD003314,PROD00416,1.0,15
OI0006616,ORD003314,PROD00075,2.0,0
OI0006617,ORD003314,PROD00579,10.0,15
OI0006618,ORD003315,PROD00180,3.0,0
OI0006619,ORD003315,PROD00057,10.0,0
OI0006620,ORD003316,PROD00271,-1.0,0
OI0006621,ORD003316,PROD00028,2.0,25
OI0006622,ORD003316,PROD00339,-1.0,0
OI0006623,ORD003317,PROD00049,1.0,0
OI0006624,ORD003317,PROD00381,2.0,0
OI0006625,ORD003318,PROD00356,1.0,0
OI0006626,ORD003319,PROD00284,5.0,15
OI0006627,ORD003319,PROD00318,1.0,5
OI0006628,ORD003319,PROD00385,5.0,0
OI0006629,ORD003319,PROD00456,3.0,0
OI0006630,ORD003320,PROD00219,1.0,20
OI0006631,ORD003320,PROD00593,-1.0,20
OI0006632,ORD003320,PROD00040,3.0,0
OI0006633,ORD003321,PROD00050,1.0,5
OI0006634,ORD003321,PROD00564,2.0,0
OI0006635,ORD003321,PROD00435,2.0,10
OI0006636,ORD003322,PROD00182,1.0,25
OI0006637,ORD003322,PROD00495,3.0,0
OI0006638,ORD003322,PROD00133,2.0,0
OI0006639,ORD003322,PROD00435,4.0,25
OI0006640,ORD003323,PROD00064,5.0,15
OI0006641,ORD003323,PROD00561,2.0,25
OI0006642,ORD003323,PROD00271,2.0,25
OI0006643,ORD003324,PROD00109,1.0,20
OI0006644,ORD003324,PROD00541,2.0,25
OI0006645,ORD003324,PROD00471,3.0,0
OI0006646,ORD003324,PROD00155,1.0,20
OI0006647,ORD003325,PROD00480,2.0,0
OI0006648,ORD003325,PROD00438,10.0,25
OI0006649,ORD003325,PROD00340,4.0,25
OI0006650,ORD003326,PROD00350,3.0,0
OI0006651,ORD003327,PROD00215,10.0,15
OI0006652,ORD003328,PROD00297,1.0,20
OI0006653,ORD003329,PROD00444,-1.0,10
OI0006654,ORD003330,PROD00110,1.0,20
OI0006655,ORD003331,PROD00302,4.0,15
OI0006656,ORD003331,PROD00168,1.0,0
OI0006657,ORD003332,PROD00237,1.0,0
OI0006658,ORD003332,PROD00591,3.0,0
OI0006659,ORD003333,PROD00321,1.0,0
OI0006660,ORD003333,PROD00312,3.0,0
OI0006661,ORD003334,PROD00087,4.0,5
OI0006662,ORD003335,PROD00511,3.0,0
OI0006663,ORD003335,PROD00285,4.0,0
OI0006664,ORD003335,PROD00346,1.0,10
OI0006665,ORD003336,PROD00135,1.0,10
OI0006666,ORD003336,PROD00265,2.0,25
OI0006667,ORD003337,PROD00525,1.0,5
OI0006668,ORD003337,PROD00257,1.0,20
OI0006669,ORD003338,PROD00220,3.0,0
OI0006670,ORD003338,PROD9077,3.0,10
OI0006671,ORD003339,PROD00381,-1.0,20
OI0006672,ORD003339,PROD00111,2.0,5
OI0006673,ORD003340,PROD00055,-1.0,10
OI0006674,ORD003341,PROD00272,2.0,10
OI0006675,ORD003341,PROD00422,-1.0,0
OI0006676,ORD003341,PROD00213,4.0,0
OI0006677,ORD003341,PROD00344,-1.0,20
OI0006678,ORD003342,PROD00305,10.0,0
OI0006679,ORD003342,PROD00488,2.0,0
OI0006680,ORD003343,PROD00218,3.0,25
OI0006681,ORD003344,PROD00195,1.0,0
OI0006682,ORD003345,PROD00213,1.0,5
OI0006683,ORD003346,PROD00247,3.0,0
OI0006684,ORD003347,PROD00379,1.0,20
OI0006685,ORD003347,PROD00342,10.0,5
OI0006686,ORD003348,PROD00391,2.0,0
OI0006687,ORD003348,PROD00275,1.0,0
OI0006688,ORD003349,PROD00406,1.0,0
OI0006689,ORD003349,PROD00591,2.0,10
OI0006690,ORD003349,PROD00227,1.0,5
OI0006691,ORD003350,PROD00208,4.0,0
OI0006692,ORD003350,PROD00385,4.0,20
OI0006693,ORD003351,PROD00246,1.0,5
OI0006694,ORD003351,PROD00383,-1.0,5
OI0006695,ORD003352,PROD00404,4.0,0
OI0006696,ORD003352,PROD00284,4.0,5
OI0006697,ORD003353,PROD00447,4.0,5
OI0006698,ORD003353,PROD00442,1.0,10
OI0006699,ORD003353,PROD00051,1.0,0
OI0006700,ORD003354,PROD00197,4.0,0
OI0006701,ORD003355,PROD00163,10.0,15
OI0006702,ORD003355,PROD00067,5.0,20
OI0006703,ORD003356,PROD00414,5.0,0
OI0006704,ORD003356,PROD00234,1.0,20
OI0006705,ORD003357,PROD00142,2.0,5
OI0006706,ORD003358,PROD00010,5.0,0
OI0006707,ORD003358,PROD00114,1.0,15
OI0006708,ORD003359,PROD00169,3.0,15
OI0006709,ORD003359,PROD00560,3.0,25
OI0006710,ORD003360,PROD00025,5.0,10
OI0006711,ORD003360,PROD00519,10.0,0
OI0006712,ORD003360,PROD00212,10.0,5
OI0006713,ORD003361,PROD00415,2.0,0
OI0006714,ORD003361,PROD00116,1.0,10
OI0006715,ORD003362,PROD00270,-1.0,25
OI0006716,ORD003362,PROD00171,4.0,10
OI0006717,ORD003362,PROD00576,5.0,0
OI0006718,ORD003362,PROD00303,-1.0,0
OI0006719,ORD003363,PROD00316,-1.0,10
OI0006720,ORD003364,PROD00016,500.0,10
OI0006721,ORD003364,PROD00223,2.0,10
OI0006722,ORD003364,PROD00477,2.0,5
OI0006723,ORD003364,PROD00157,2.0,0
OI0006724,ORD003365,PROD00045,1.0,0
OI0006725,ORD003365,PROD00246,1.0,10
OI0006726,ORD003365,PROD00130,2.0,0
OI0006727,ORD003365,PROD00342,1.0,0
OI0006728,ORD003366,PROD00588,5.0,20
OI0006729,ORD003367,PROD00463,2.0,20
OI0006730,ORD003368,PROD00514,4.0,0
OI0006731,ORD003369,PROD00243,1.0,20
OI0006732,ORD003370,PROD00358,3.0,25
OI0006733,ORD003370,PROD00190,2.0,25
OI0006734,ORD003370,PROD00240,10.0,10
OI0006735,ORD003370,PROD00401,1.0,0
OI0006736,ORD003371,PROD00263,5.0,0
OI0006737,ORD003372,PROD00123,-1.0,5
OI0006738,ORD003373,PROD00501,1.0,25
OI0006739,ORD003373,PROD00256,-1.0,20
OI0006740,ORD003373,PROD00138,500.0,10
OI0006741,ORD003374,PROD00437,5.0,0
OI0006742,ORD003374,PROD00330,-1.0,5
OI0006743,ORD003374,PROD00500,5.0,10
OI0006744,ORD003375,PROD00110,10.0,5
OI0006745,ORD003375,PROD00177,10.0,15
OI0006746,ORD003376,PROD00314,-1.0,0
OI0006747,ORD003376,PROD00306,2.0,20
OI0006748,ORD003376,PROD00057,1.0,15
OI0006749,ORD003377,PROD00149,10.0,15
OI0006750,ORD003377,PROD00590,5.0,0
OI0006751,ORD003377,PROD00145,1.0,5
OI0006752,ORD003377,PROD00290,3.0,5
OI0006753,ORD003378,PROD00108,1.0,5
OI0006754,ORD003378,PROD00019,3.0,0
OI0006755,ORD003378,PROD00170,5.0,10
OI0006756,ORD003378,PROD00156,3.0,0
OI0006757,ORD003379,PROD00183,-1.0,25
OI0006758,ORD003379,PROD00129,2.0,20
OI0006759,ORD003380,PROD00214,1.0,0
OI0006760,ORD003380,PROD00577,-1.0,0
OI0006761,ORD003381,PROD00301,1.0,0
OI0006762,ORD003382,PROD00091,2.0,25
OI0006763,ORD003382,PROD00294,2.0,10
OI0006764,ORD003382,PROD00591,5.0,20
OI0006765,ORD003382,PROD00594,1.0,0
OI0006766,ORD003383,PROD00193,3.0,5
OI0006767,ORD003384,PROD00514,3.0,10
OI0006768,ORD003384,PROD00069,5.0,25
OI0006769,ORD003384,PROD00349,1.0,0
OI0006770,ORD003384,PROD00349,10.0,15
OI0006771,ORD003385,PROD00396,3.0,20
OI0006772,ORD003386,PROD00315,1.0,15
OI0006773,ORD003386,PROD00228,10.0,10
OI0006774,ORD003387,PROD00295,2.0,15
OI0006775,ORD003388,PROD00391,1.0,15
OI0006776,ORD003388,PROD9013,10.0,20
OI0006777,ORD003388,PROD00020,3.0,0
OI0006778,ORD003389,PROD00556,3.0,15
OI0006779,ORD003390,PROD00232,1.0,10
OI0006780,ORD003391,PROD00142,1.0,0
OI0006781,ORD003391,PROD00561,10.0,0
OI0006782,ORD003392,PROD00193,1.0,20
OI0006783,ORD003392,PROD00218,1.0,0
OI0006784,ORD003392,PROD00117,1.0,0
OI0006785,ORD003392,PROD00513,4.0,10
OI0006786,ORD003393,PROD00470,500.0,5
OI0006787,ORD003393,PROD00531,5.0,0
OI0006788,ORD003394,PROD00285,1.0,0
OI0006789,ORD003395,PROD00471,1.0,15
OI0006790,ORD003396,PROD00452,1.0,0
OI0006791,ORD003396,PROD00505,10.0,0
OI0006792,ORD003397,PROD00207,2.0,0
OI0006793,ORD003397,PROD00351,2.0,15
OI0006794,ORD003398,PROD00359,1.0,10
OI0006795,ORD003398,PROD00041,10.0,20
OI0006796,ORD003399,PROD00475,3.0,0
OI0006797,ORD003399,PROD00037,-1.0,5
OI0006798,ORD003399,PROD00461,1.0,10
OI0006799,ORD003399,PROD00495,1.0,10
OI0006800,ORD003400,PROD00525,5.0,10
OI0006801,ORD003400,PROD00320,1.0,10
OI0006802,ORD003401,PROD9777,1.0,0
OI0006803,ORD003402,PROD00108,-1.0,10
OI0006804,ORD003402,PROD00581,1.0,0
OI0006805,ORD003403,PROD00076,10.0,25
OI0006806,ORD003403,PROD00422,-1.0,10
OI0006807,ORD003404,PROD00301,2.0,5
OI0006808,ORD003404,PROD00403,2.0,10
OI0006809,ORD003405,PROD00430,-1.0,25
OI0006810,ORD003406,PROD9817,2.0,5
OI0006811,ORD003406,PROD00181,2.0,15
OI0006812,ORD003406,PROD00002,1.0,15
OI0006813,ORD003407,PROD00418,3.0,20
OI0006814,ORD003407,PROD00296,10.0,15
OI0006815,ORD003408,PROD00319,2.0,0
OI0006816,ORD003408,PROD00028,5.0,10
OI0006817,ORD003408,PROD00549,4.0,20
OI0006818,ORD003408,PROD00199,2.0,15
OI0006819,ORD003409,PROD00419,3.0,10
OI0006820,ORD003409,PROD00335,-1.0,25
OI0006821,ORD003409,PROD00345,1.0,0
OI0006822,ORD003410,PROD00106,5.0,5
OI0006823,ORD003411,PROD00106,3.0,20
OI0006824,ORD003412,PROD00318,3.0,0
OI0006825,ORD003413,PROD00598,1.0,15
OI0006826,ORD003414,PROD00032,2.0,5
OI0006827,ORD003414,PROD00050,-1.0,0
OI0006828,ORD003414,PROD00589,1.0,15
OI0006829,ORD003414,PROD00008,-1.0,15
OI0006830,ORD003415,PROD00358,1.0,5
OI0006831,ORD003415,PROD00592,1.0,10
OI0006832,ORD003415,PROD00116,2.0,20
OI0006833,ORD003415,PROD00527,4.0,0
OI0006834,ORD003416,PROD00476,-1.0,0
OI0006835,ORD003416,PROD00209,-1.0,0
OI0006836,ORD003416,PROD00560,4.0,20
OI0006837,ORD003416,PROD00550,-1.0,15
OI0006838,ORD003417,PROD00353,2.0,15
OI0006839,ORD003418,PROD00190,1.0,5
OI0006840,ORD003419,PROD9589,-1.0,0
OI0006841,ORD003419,PROD00239,1.0,5
OI0006842,ORD003420,PROD00188,1.0,0
OI0006843,ORD003420,PROD00466,2.0,0
OI0006844,ORD003421,PROD00561,5.0,15
OI0006845,ORD003422,PROD00429,1.0,20
OI0006846,ORD003422,PROD00045,3.0,0
OI0006847,ORD003422,PROD00404,-1.0,0
OI0006848,ORD003422,PROD00546,1.0,20
OI0006849,ORD003423,PROD00189,5.0,15
OI0006850,ORD003424,PROD00381,3.0,25
OI0006851,ORD003424,PROD00034,3.0,20
OI0006852,ORD003424,PROD00053,2.0,10
OI0006853,ORD003424,PROD00492,5.0,25
OI0006854,ORD003425,PROD00038,2.0,15
OI0006855,ORD003426,PROD00073,-1.0,25
OI0006856,ORD003427,PROD00108,2.0,25
OI0006857,ORD003428,PROD00493,-1.0,0
OI0006858,ORD003429,PROD00452,1.0,5
OI0006859,ORD003429,PROD00356,2.0,0
OI0006860,ORD003429,PROD00359,5.0,0
OI0006861,ORD003430,PROD00271,10.0,0
OI0006862,ORD003431,PROD00116,1.0,10
OI0006863,ORD003431,PROD00192,1.0,0
OI0006864,ORD003431,PROD00186,4.0,0
OI0006865,ORD003431,PROD00320,2.0,0
OI0006866,ORD003432,PROD00198,-1.0,0
OI0006867,ORD003433,PROD00522,2.0,20
OI0006868,ORD003434,PROD00030,-1.0,5
OI0006869,ORD003435,PROD00061,-1.0,20
OI0006870,ORD003436,PROD00203,-1.0,20
OI0006871,ORD003436,PROD00424,3.0,20
OI0006872,ORD003437,PROD00120,1.0,20
OI0006873,ORD003438,PROD00256,4.0,25
OI0006874,ORD003439,PROD00032,1.0,15
OI0006875,ORD003440,PROD00025,2.0,10
OI0006876,ORD003440,PROD00236,4.0,0
OI0006877,ORD003441,PROD00423,4.0,25
OI0006878,ORD003441,PROD00178,-1.0,15
OI0006879,ORD003441,PROD00140,4.0,15
OI0006880,ORD003442,PROD00481,2.0,0
OI0006881,ORD003443,PROD00472,1.0,0
OI0006882,ORD003443,PROD00111,10.0,20
OI0006883,ORD003443,PROD00522,1.0,10
OI0006884,ORD003443,PROD00435,2.0,5
OI0006885,ORD003444,PROD00456,2.0,0
OI0006886,ORD003444,PROD00234,1.0,5
OI0006887,ORD003445,PROD00083,3.0,0
OI0006888,ORD003445,PROD00457,4.0,0
OI0006889,ORD003446,PROD00481,1.0,10
OI0006890,ORD003447,PROD00093,5.0,0
OI0006891,ORD003448,PROD00098,1.0,0
OI0006892,ORD003448,PROD00243,2.0,10
OI0006893,ORD003449,PROD00306,-1.0,25
OI0006894,ORD003450,PROD00195,3.0,10
OI0006895,ORD003451,PROD00526,-1.0,10
OI0006896,ORD003451,PROD00035,4.0,10
OI0006897,ORD003451,PROD00307,1.0,15
OI0006898,ORD003451,PROD00430,2.0,0
OI0006899,ORD003452,PROD00257,5.0,25
OI0006900,ORD003453,PROD00394,2.0,20
OI0006901,ORD003453,PROD00322,1.0,25
OI0006902,ORD003453,PROD00402,500.0,5
OI0006903,ORD003453,PROD00191,1.0,0
OI0006904,ORD003454,PROD00214,-1.0,5
OI0006905,ORD003454,PROD00452,2.0,0
OI0006906,ORD003455,PROD00321,3.0,20
OI0006907,ORD003455,PROD00584,5.0,0
OI0006908,ORD003455,PROD00426,1.0,20
OI0006909,ORD003456,PROD00431,5.0,0
OI0006910,ORD003456,PROD00571,5.0,0
OI0006911,ORD003456,PROD00156,10.0,0
OI0006912,ORD003457,PROD00553,3.0,0
OI0006913,ORD003458,PROD00282,5.0,0
OI0006914,ORD003459,PROD00211,2.0,20
OI0006915,ORD003459,PROD00275,1.0,15
OI0006916,ORD003460,PROD00200,3.0,20
OI0006917,ORD003461,PROD00474,10.0,10
OI0006918,ORD003461,PROD00072,1.0,0
OI0006919,ORD003461,PROD00360,1.0,10
OI0006920,ORD003462,PROD00058,-1.0,25
OI0006921,ORD003462,PROD00231,-1.0,20
OI0006922,ORD003463,PROD00217,-1.0,0
OI0006923,ORD003463,PROD00145,-1.0,10
OI0006924,ORD003464,PROD00025,4.0,0
OI0006925,ORD003465,PROD00342,1.0,0
OI0006926,ORD003465,PROD00547,-1.0,25
OI0006927,ORD003465,PROD00081,-1.0,20
OI0006928,ORD003466,PROD00508,10.0,10
OI0006929,ORD003466,PROD00405,3.0,0
OI0006930,ORD003466,PROD00457,5.0,5
OI0006931,ORD003466,PROD00124,5.0,15
OI0006932,ORD003467,PROD00477,5.0,25
OI0006933,ORD003467,PROD00334,500.0,5
OI0006934,ORD003467,PROD00135,2.0,0
OI0006935,ORD003468,PROD00163,1.0,5
OI0006936,ORD003468,PROD00441,4.0,0
OI0006937,ORD003469,PROD00276,4.0,0
OI0006938,ORD003469,PROD00152,1.0,15
OI0006939,ORD003469,PROD00037,1.0,25
OI0006940,ORD003469,PROD00429,10.0,25
OI0006941,ORD003470,PROD00226,1.0,0
OI0006942,ORD003471,PROD00528,1.0,10
OI0006943,ORD003471,PROD00081,4.0,15
OI0006944,ORD003471,PROD00361,3.0,0
OI0006945,ORD003471,PROD00420,-1.0,0
OI0006946,ORD003472,PROD00145,2.0,0
OI0006947,ORD003473,PROD00352,5.0,10
OI0006948,ORD003473,PROD00388,10.0,0
OI0006949,ORD003473,PROD00132,2.0,20
OI0006950,ORD003473,PROD00470,2.0,0
OI0006951,ORD003474,PROD00539,2.0,25
OI0006952,ORD003474,PROD00024,3.0,0
OI0006953,ORD003474,PROD00140,1.0,15
OI0006954,ORD003475,PROD00233,5.0,5
OI0006955,ORD003475,PROD00538,4.0,0
OI0006956,ORD003475,PROD00585,3.0,0
OI0006957,ORD003476,PROD00227,4.0,0
OI0006958,ORD003476,PROD00582,2.0,15
OI0006959,ORD003477,PROD00387,1.0,15
OI0006960,ORD003478,PROD00299,1.0,0
OI0006961,ORD003479,PROD00520,2.0,0
OI0006962,ORD003479,PROD00259,1.0,20
OI0006963,ORD003480,PROD00516,1.0,0
OI0006964,ORD003480,PROD00225,1.0,0
OI0006965,ORD003481,PROD00328,2.0,25
OI0006966,ORD003481,PROD00355,1.0,10
OI0006967,ORD003482,PROD00267,3.0,0
OI0006968,ORD003482,PROD00239,1.0,5
OI0006969,ORD003483,PROD00505,3.0,15
OI0006970,ORD003483,PROD00240,5.0,0
OI0006971,ORD003483,PROD00566,1.0,0
OI0006972,ORD003483,PROD00574,4.0,20
OI0006973,ORD003484,PROD9345,-1.0,10
OI0006974,ORD003485,PROD00174,5.0,20
OI0006975,ORD003485,PROD00516,2.0,15
OI0006976,ORD003485,PROD00568,5.0,5
OI0006977,ORD003486,PROD00329,2.0,20
OI0006978,ORD003487,PROD00344,10.0,10
OI0006979,ORD003488,PROD00572,1.0,0
OI0006980,ORD003488,PROD00512,10.0,5
OI0006981,ORD003489,PROD00292,1.0,20
OI0006982,ORD003490,PROD00268,1.0,0
OI0006983,ORD003490,PROD00463,2.0,10
OI0006984,ORD003490,PROD00242,1.0,15
OI0006985,ORD003490,PROD00404,1.0,0
OI0006986,ORD003491,PROD00032,3.0,0
OI0006987,ORD003491,PROD00439,1.0,20
OI0006988,ORD003491,PROD00540,5.0,5
OI0006989,ORD003492,PROD00556,2.0,5
OI0006990,ORD003493,PROD00234,5.0,0
OI0006991,ORD003494,PROD00221,1.0,20
OI0006992,ORD003495,PROD00141,3.0,5
OI0006993,ORD003495,PROD00233,4.0,25
OI0006994,ORD003495,PROD00595,1.0,0
OI0006995,ORD003495,PROD00232,5.0,0
OI0006996,ORD003496,PROD00090,1.0,0
OI0006997,ORD003497,PROD00030,3.0,0
OI0006998,ORD003497,PROD00109,2.0,10
OI0006999,ORD003498,PROD00411,2.0,0
OI0007000,ORD003498,PROD00253,2.0,5
OI0007001,ORD003499,PROD00367,2.0,25
OI0007002,ORD003500,PROD00224,10.0,0
OI0007003,ORD003500,PROD00391,4.0,15
OI0007004,ORD003501,PROD00497,5.0,0
OI0007005,ORD003502,PROD00236,1.0,0
OI0007006,ORD003503,PROD00089,2.0,5
OI0007007,ORD003504,PROD00327,4.0,0
OI0007008,ORD003505,PROD00429,1.0,20
OI0007009,ORD003505,PROD00192,4.0,25
OI0007010,ORD003506,PROD00372,1.0,15
OI0007011,ORD003506,PROD00514,2.0,15
OI0007012,ORD003506,PROD00515,1.0,10
OI0007013,ORD003506,PROD00192,-1.0,10
OI0007014,ORD003507,PROD00413,1.0,10
OI0007015,ORD003508,PROD00134,1.0,5
OI0007016,ORD003508,PROD00272,4.0,15
OI0007017,ORD003508,PROD00122,10.0,10
OI0007018,ORD003508,PROD00260,1.0,0
OI0007019,ORD003509,PROD00599,10.0,25
OI0007020,ORD003510,PROD00347,3.0,15
OI0007021,ORD003510,PROD00263,1.0,5
OI0007022,ORD003511,PROD00229,2.0,0
OI0007023,ORD003512,PROD00326,4.0,20
OI0007024,ORD003513,PROD00064,4.0,0
OI0007025,ORD003513,PROD00297,1.0,5
OI0007026,ORD003514,PROD00403,4.0,5
OI0007027,ORD003515,PROD00122,3.0,0
OI0007028,ORD003516,PROD00516,5.0,0
OI0007029,ORD003517,PROD00446,2.0,0
OI0007030,ORD003518,PROD00179,10.0,25
OI0007031,ORD003518,PROD00111,4.0,0
OI0007032,ORD003519,PROD00352,10.0,20
OI0007033,ORD003519,PROD00268,4.0,0
OI0007034,ORD003520,PROD00171,2.0,0
OI0007035,ORD003520,PROD00479,2.0,0
OI0007036,ORD003521,PROD00023,-1.0,0
OI0007037,ORD003522,PROD00570,4.0,20
OI0007038,ORD003523,PROD00465,1.0,15
OI0007039,ORD003524,PROD00042,4.0,0
OI0007040,ORD003524,PROD00429,1.0,10
OI0007041,ORD003525,PROD00019,1.0,20
OI0007042,ORD003525,PROD00234,1.0,0
OI0007043,ORD003526,PROD00138,10.0,0
OI0007044,ORD003526,PROD00324,1.0,0
OI0007045,ORD003526,PROD00312,10.0,10
OI0007046,ORD003526,PROD00506,1.0,0
OI0007047,ORD003527,PROD00446,1.0,0
OI0007048,ORD003527,PROD00319,-1.0,20
OI0007049,ORD003528,PROD00356,2.0,0
OI0007050,ORD003529,PROD00198,1.0,20
OI0007051,ORD003529,PROD00320,2.0,20
OI0007052,ORD003530,PROD00313,-1.0,0
OI0007053,ORD003530,PROD00008,1.0,0
OI0007054,ORD003531,PROD00260,1.0,0
OI0007055,ORD003532,PROD00276,10.0,0
OI0007056,ORD003533,PROD00292,5.0,0
OI0007057,ORD003534,PROD00018,4.0,0
OI0007058,ORD003534,PROD00553,1.0,15
OI0007059,ORD003534,PROD00054,4.0,15
OI0007060,ORD003534,PROD00542,3.0,0
OI0007061,ORD003535,PROD00055,5.0,25
OI0007062,ORD003536,PROD00485,10.0,0
OI0007063,ORD003536,PROD00090,-1.0,15
OI0007064,ORD003537,PROD00377,1.0,15
OI0007065,ORD003537,PROD00149,1.0,20
OI0007066,ORD003538,PROD00031,4.0,0
OI0007067,ORD003538,PROD00182,-1.0,0
OI0007068,ORD003539,PROD00132,10.0,5
OI0007069,ORD003540,PROD00316,2.0,25
OI0007070,ORD003540,PROD00371,10.0,5
OI0007071,ORD003540,PROD00282,,5
OI0007072,ORD003540,PROD00329,-1.0,5
OI0007073,ORD003541,PROD00557,1.0,5
OI0007074,ORD003541,PROD00003,4.0,20
OI0007075,ORD003542,PROD00103,4.0,25
OI0007076,ORD003542,PROD00048,10.0,5
OI0007077,ORD003543,PROD00194,10.0,0
OI0007078,ORD003543,PROD00211,2.0,0
OI0007079,ORD003543,PROD00014,1.0,0
OI0007080,ORD003544,PROD00305,1.0,15
OI0007081,ORD003544,PROD00525,-1.0,0
OI0007082,ORD003545,PROD9906,2.0,15
OI0007083,ORD003546,PROD00404,1.0,15
OI0007084,ORD003546,PROD00177,5.0,10
OI0007085,ORD003546,PROD00541,1.0,5
OI0007086,ORD003547,PROD00226,4.0,5
OI0007087,ORD003547,PROD00206,2.0,0
OI0007088,ORD003548,PROD00055,1.0,15
OI0007089,ORD003548,PROD00267,5.0,0
OI0007090,ORD003549,PROD00588,4.0,15
OI0007091,ORD003549,PROD00512,1.0,15
OI0007092,ORD003550,PROD00490,5.0,0
OI0007093,ORD003551,PROD00108,2.0,10
OI0007094,ORD003552,PROD00586,1.0,0
OI0007095,ORD003552,PROD00518,10.0,25
OI0007096,ORD003552,PROD00114,10.0,0
OI0007097,ORD003552,PROD00153,10.0,0
OI0007098,ORD003553,PROD00592,10.0,25
OI0007099,ORD003553,PROD00076,3.0,15
OI0007100,ORD003553,PROD00273,4.0,0
OI0007101,ORD003553,PROD00089,3.0,0
OI0007102,ORD003554,PROD00210,2.0,0
OI0007103,ORD003555,PROD00056,1.0,15
OI0007104,ORD003556,PROD00011,4.0,10
OI0007105,ORD003557,PROD00306,2.0,5
OI0007106,ORD003558,PROD00148,4.0,0
OI0007107,ORD003558,PROD00382,5.0,25
OI0007108,ORD003559,PROD00334,5.0,5
OI0007109,ORD003559,PROD00205,2.0,0
OI0007110,ORD003560,PROD00401,1.0,5
OI0007111,ORD003561,PROD00094,2.0,0
OI0007112,ORD003561,PROD00326,3.0,10
OI0007113,ORD003562,PROD00572,-1.0,0
OI0007114,ORD003563,PROD00236,1.0,0
OI0007115,ORD003563,PROD00260,1.0,5
OI0007116,ORD003564,PROD00586,10.0,0
OI0007117,ORD003565,PROD00540,1.0,25
OI0007118,ORD003565,PROD00484,1.0,0
OI0007119,ORD003566,PROD00523,2.0,10
OI0007120,ORD003567,PROD00116,5.0,0
OI0007121,ORD003567,PROD00219,2.0,0
OI0007122,ORD003567,PROD00261,4.0,5
OI0007123,ORD003568,PROD00306,4.0,10
OI0007124,ORD003569,PROD00142,10.0,15
OI0007125,ORD003569,PROD00412,4.0,0
OI0007126,ORD003569,PROD00391,1.0,20
OI0007127,ORD003569,PROD00567,1.0,0
OI0007128,ORD003570,PROD00318,-1.0,10
OI0007129,ORD003571,PROD00298,2.0,0
OI0007130,ORD003572,PROD00370,3.0,0
OI0007131,ORD003572,PROD00084,5.0,0
OI0007132,ORD003572,PROD00579,2.0,10
OI0007133,ORD003573,PROD00193,4.0,10
OI0007134,ORD003574,PROD00589,-1.0,10
OI0007135,ORD003575,PROD00188,3.0,25
OI0007136,ORD003575,PROD00467,1.0,10
OI0007137,ORD003575,PROD00032,2.0,0
OI0007138,ORD003576,PROD00155,4.0,15
OI0007139,ORD003577,PROD00481,-1.0,20
OI0007140,ORD003578,PROD00465,1.0,0
OI0007141,ORD003579,PROD00108,4.0,0
OI0007142,ORD003579,PROD00170,2.0,20
OI0007143,ORD003580,PROD00182,1.0,15
OI0007144,ORD003580,PROD00502,2.0,0
OI0007145,ORD003581,PROD00522,4.0,0
OI0007146,ORD003582,PROD00217,2.0,20
OI0007147,ORD003582,PROD00205,-1.0,20
OI0007148,ORD003583,PROD00491,10.0,10
OI0007149,ORD003584,PROD00378,10.0,20
OI0007150,ORD003584,PROD00151,3.0,0
OI0007151,ORD003584,PROD00397,1.0,0
OI0007152,ORD003584,PROD00518,2.0,10
OI0007153,ORD003585,PROD00201,1.0,15
OI0007154,ORD003586,PROD00408,2.0,0
OI0007155,ORD003586,PROD00435,1.0,25
OI0007156,ORD003587,PROD00135,1.0,20
OI0007157,ORD003588,PROD00201,1.0,15
OI0007158,ORD003588,PROD00278,1.0,5
OI0007159,ORD003588,PROD00443,3.0,5
OI0007160,ORD003589,PROD00204,10.0,5
OI0007161,ORD003590,PROD00063,5.0,0
OI0007162,ORD003591,PROD00390,1.0,20
OI0007163,ORD003591,PROD00561,4.0,5
OI0007164,ORD003592,PROD00544,-1.0,0
OI0007165,ORD003592,PROD00380,2.0,10
OI0007166,ORD003593,PROD00519,10.0,0
OI0007167,ORD003593,PROD00047,1.0,0
OI0007168,ORD003593,PROD00327,2.0,15
OI0007169,ORD003593,PROD00482,3.0,0
OI0007170,ORD003594,PROD00472,4.0,5
OI0007171,ORD003594,PROD00562,4.0,15
OI0007172,ORD003595,PROD00551,3.0,0
OI0007173,ORD003595,PROD00104,-1.0,0
OI0007174,ORD003595,PROD00080,1.0,0
OI0007175,ORD003595,PROD00586,1.0,0
OI0007176,ORD003596,PROD00359,1.0,5
OI0007177,ORD003596,PROD00364,2.0,25
OI0007178,ORD003596,PROD00043,3.0,0
OI0007179,ORD003596,PROD00311,1.0,20
OI0007180,ORD003597,PROD00298,3.0,25
OI0007181,ORD003597,PROD00189,2.0,10
OI0007182,ORD003598,PROD00478,-1.0,25
OI0007183,ORD003599,PROD00207,-1.0,0
OI0007184,ORD003600,PROD00297,3.0,15
OI0007185,ORD003600,PROD00466,-1.0,15
OI0007186,ORD003601,PROD00324,2.0,0
OI0007187,ORD003602,PROD00127,2.0,15
OI0007188,ORD003603,PROD00586,1.0,0
OI0007189,ORD003603,PROD00038,1.0,25
OI0007190,ORD003604,PROD00520,-1.0,0
OI0007191,ORD003604,PROD00096,1.0,5
OI0007192,ORD003604,PROD9480,2.0,5
OI0007193,ORD003604,PROD00122,10.0,10
OI0007194,ORD003605,PROD00085,10.0,25
OI0007195,ORD003606,PROD00562,2.0,5
OI0007196,ORD003606,PROD00002,1.0,10
OI0007197,ORD003606,PROD9648,2.0,0
OI0007198,ORD003606,PROD00349,5.0,20
OI0007199,ORD003607,PROD00090,1.0,0
OI0007200,ORD003608,PROD00254,3.0,20
OI0007201,ORD003608,PROD00026,10.0,25
OI0007202,ORD003609,PROD00425,1.0,15
OI0007203,ORD003609,PROD00468,1.0,20
OI0007204,ORD003609,PROD00457,1.0,0
OI0007205,ORD003609,PROD00600,4.0,10
OI0007206,ORD003610,PROD00017,5.0,0
OI0007207,ORD003610,PROD00290,1.0,0
OI0007208,ORD003610,PROD00500,3.0,5
OI0007209,ORD003610,PROD00470,1.0,20
OI0007210,ORD003611,PROD00511,2.0,20
OI0007211,ORD003612,PROD00505,4.0,0
OI0007212,ORD003613,PROD00398,1.0,0
OI0007213,ORD003614,PROD00549,4.0,25
OI0007214,ORD003614,PROD00582,1.0,15
OI0007215,ORD003614,PROD00435,1.0,0
OI0007216,ORD003615,PROD00236,1.0,5
OI0007217,ORD003616,PROD00461,4.0,0
OI0007218,ORD003617,PROD00298,1.0,10
OI0007219,ORD003617,PROD00311,1.0,20
OI0007220,ORD003617,PROD00305,-1.0,10
OI0007221,ORD003617,PROD00473,1.0,0
OI0007222,ORD003618,PROD00597,2.0,0
OI0007223,ORD003618,PROD00499,2.0,20
OI0007224,ORD003619,PROD00184,1.0,20
OI0007225,ORD003620,PROD00519,4.0,20
OI0007226,ORD003620,PROD00528,1.0,20
OI0007227,ORD003621,PROD00335,2.0,15
OI0007228,ORD003621,PROD00393,4.0,15
OI0007229,ORD003621,PROD00324,3.0,10
OI0007230,ORD003622,PROD00516,4.0,10
OI0007231,ORD003622,PROD00467,4.0,20
OI0007232,ORD003622,PROD00027,4.0,5
OI0007233,ORD003623,PROD00586,1.0,25
OI0007234,ORD003624,PROD00022,1.0,25
OI0007235,ORD003625,PROD00254,3.0,25
OI0007236,ORD003625,PROD00086,5.0,5
OI0007237,ORD003626,PROD00149,3.0,5
OI0007238,ORD003626,PROD00369,3.0,5
OI0007239,ORD003627,PROD00433,3.0,15
OI0007240,ORD003627,PROD00073,5.0,0
OI0007241,ORD003628,PROD00256,5.0,0
OI0007242,ORD003628,PROD00376,-1.0,20
OI0007243,ORD003628,PROD00086,-1.0,5
OI0007244,ORD003628,PROD00146,1.0,25
OI0007245,ORD003629,PROD00287,2.0,0
OI0007246,ORD003630,PROD00343,5.0,20
OI0007247,ORD003630,PROD00225,4.0,10
OI0007248,ORD003631,PROD00068,2.0,10
OI0007249,ORD003632,PROD00474,2.0,5
OI0007250,ORD003633,PROD00569,4.0,0
OI0007251,ORD003633,PROD00291,4.0,15
OI0007252,ORD003634,PROD00236,1.0,15
OI0007253,ORD003635,PROD00207,-1.0,5
OI0007254,ORD003635,PROD00191,2.0,15
OI0007255,ORD003635,PROD00232,4.0,0
OI0007256,ORD003636,PROD00029,2.0,0
OI0007257,ORD003636,PROD00146,4.0,15
OI0007258,ORD003636,PROD00410,10.0,0
OI0007259,ORD003636,PROD00067,2.0,0
OI0007260,ORD003637,PROD00300,3.0,5
OI0007261,ORD003637,PROD00593,2.0,0
OI0007262,ORD003638,PROD00125,4.0,25
OI0007263,ORD003639,PROD00115,2.0,0
OI0007264,ORD003639,PROD00122,3.0,0
OI0007265,ORD003639,PROD00546,4.0,5
OI0007266,ORD003640,PROD00367,2.0,10
OI0007267,ORD003641,PROD00512,1.0,0
OI0007268,ORD003641,PROD00117,3.0,0
OI0007269,ORD003642,PROD00038,2.0,0
OI0007270,ORD003643,PROD00344,3.0,10
OI0007271,ORD003644,PROD00424,5.0,0
OI0007272,ORD003645,PROD00149,3.0,15
OI0007273,ORD003645,PROD00146,1.0,0
OI0007274,ORD003646,PROD00201,2.0,0
OI0007275,ORD003647,PROD00284,2.0,20
OI0007276,ORD003648,PROD00058,2.0,25
OI0007277,ORD003649,PROD00392,1.0,15
OI0007278,ORD003650,PROD00512,2.0,25
OI0007279,ORD003650,PROD00529,5.0,15
OI0007280,ORD003651,PROD00541,1.0,15
OI0007281,ORD003651,PROD00066,5.0,0
OI0007282,ORD003652,PROD00306,1.0,15
OI0007283,ORD003652,PROD00472,-1.0,0
OI0007284,ORD003653,PROD00368,-1.0,0
OI0007285,ORD003654,PROD00020,1.0,0
OI0007286,ORD003654,PROD00226,5.0,0
OI0007287,ORD003654,PROD00506,2.0,15
OI0007288,ORD003654,PROD00513,-1.0,5
OI0007289,ORD003655,PROD00153,1.0,5
OI0007290,ORD003656,PROD00153,10.0,5
OI0007291,ORD003656,PROD00123,500.0,20
OI0007292,ORD003656,PROD00277,-1.0,0
OI0007293,ORD003656,PROD00366,-1.0,5
OI0007294,ORD003657,PROD00100,4.0,0
OI0007295,ORD003658,PROD00582,1.0,0
OI0007296,ORD003659,PROD00498,1.0,0
OI0007297,ORD003659,PROD00302,3.0,0
OI0007298,ORD003659,PROD00334,3.0,20
OI0007299,ORD003659,PROD00367,2.0,0
OI0007300,ORD003660,PROD00389,10.0,5
OI0007301,ORD003660,PROD00072,4.0,20
OI0007302,ORD003660,PROD00156,5.0,0
OI0007303,ORD003661,PROD00377,5.0,25
OI0007304,ORD003662,PROD00428,-1.0,10
OI0007305,ORD003662,PROD00436,2.0,20
OI0007306,ORD003662,PROD00137,-1.0,10
OI0007307,ORD003662,PROD00488,1.0,0
OI0007308,ORD003663,PROD00075,4.0,25
OI0007309,ORD003664,PROD00118,10.0,5
OI0007310,ORD003665,PROD00187,-1.0,0
OI0007311,ORD003665,PROD00552,1.0,0
OI0007312,ORD003666,PROD00208,2.0,25
OI0007313,ORD003666,PROD00582,1.0,0
OI0007314,ORD003666,PROD00371,3.0,10
OI0007315,ORD003667,PROD00449,10.0,15
OI0007316,ORD003667,PROD00045,10.0,0
OI0007317,ORD003668,PROD00589,5.0,0
OI0007318,ORD003668,PROD00224,1.0,15
OI0007319,ORD003668,PROD00445,2.0,0
OI0007320,ORD003669,PROD00032,1.0,15
OI0007321,ORD003670,PROD00221,1.0,10
OI0007322,ORD003671,PROD00134,1.0,10
OI0007323,ORD003671,PROD00172,2.0,0
OI0007324,ORD003672,PROD00521,5.0,25
OI0007325,ORD003672,PROD00378,1.0,10
OI0007326,ORD003672,PROD00099,500.0,0
OI0007327,ORD003673,PROD00011,5.0,0
OI0007328,ORD003673,PROD00005,1.0,25
OI0007329,ORD003673,PROD00383,5.0,25
OI0007330,ORD003673,PROD00484,1.0,10
OI0007331,ORD003674,PROD00163,4.0,10
OI0007332,ORD003674,PROD00307,1.0,5
OI0007333,ORD003674,PROD00580,2.0,15
OI0007334,ORD003674,PROD00494,10.0,10
OI0007335,ORD003675,PROD00159,500.0,10
OI0007336,ORD003675,PROD00331,1.0,5
OI0007337,ORD003675,PROD00113,5.0,0
OI0007338,ORD003675,PROD00061,10.0,5
OI0007339,ORD003676,PROD00138,-1.0,5
OI0007340,ORD003676,PROD00371,1.0,10
OI0007341,ORD003677,PROD00181,1.0,0
OI0007342,ORD003678,PROD00050,2.0,15
OI0007343,ORD003679,PROD00536,10.0,10
OI0007344,ORD003679,PROD00275,3.0,0
OI0007345,ORD003680,PROD00563,3.0,10
OI0007346,ORD003680,PROD00392,5.0,0
OI0007347,ORD003681,PROD00089,2.0,0
OI0007348,ORD003682,PROD00049,1.0,25
OI0007349,ORD003683,PROD00399,4.0,5
OI0007350,ORD003684,PROD00450,1.0,0
OI0007351,ORD003685,PROD00447,1.0,0
OI0007352,ORD003686,PROD00320,1.0,0
OI0007353,ORD003687,PROD9170,1.0,0
OI0007354,ORD003687,PROD00419,10.0,25
OI0007355,ORD003688,PROD00181,2.0,25
OI0007356,ORD003689,PROD00196,1.0,0
OI0007357,ORD003690,PROD00074,1.0,0
OI0007358,ORD003690,PROD00328,1.0,0
OI0007359,ORD003691,PROD00064,3.0,25
OI0007360,ORD003691,PROD00001,5.0,15
OI0007361,ORD003691,PROD9290,2.0,25
OI0007362,ORD003691,PROD00563,1.0,0
OI0007363,ORD003692,PROD00412,3.0,25
OI0007364,ORD003692,PROD00309,1.0,5
OI0007365,ORD003692,PROD00064,1.0,0
OI0007366,ORD003693,PROD00549,3.0,20
OI0007367,ORD003694,PROD00276,500.0,0
OI0007368,ORD003695,PROD00141,-1.0,0
OI0007369,ORD003695,PROD00328,1.0,0
OI0007370,ORD003696,PROD00124,2.0,0
OI0007371,ORD003697,PROD00036,5.0,20
OI0007372,ORD003698,PROD00082,1.0,0
OI0007373,ORD003698,PROD00036,10.0,20
OI0007374,ORD003698,PROD00290,10.0,0
OI0007375,ORD003698,PROD00436,1.0,25
OI0007376,ORD003699,PROD00151,1.0,0
OI0007377,ORD003699,PROD00203,-1.0,0
OI0007378,ORD003700,PROD00316,10.0,10
OI0007379,ORD003701,PROD00015,4.0,25
OI0007380,ORD003702,PROD00527,1.0,25
OI0007381,ORD003702,PROD00229,2.0,20
OI0007382,ORD003703,PROD00486,1.0,0
OI0007383,ORD003704,PROD00119,2.0,20
OI0007384,ORD003705,PROD00269,2.0,0
OI0007385,ORD003706,PROD00323,5.0,0
OI0007386,ORD003706,PROD00283,5.0,20
OI0007387,ORD003706,PROD00336,1.0,5
OI0007388,ORD003707,PROD00574,2.0,5
OI0007389,ORD003707,PROD00433,1.0,20
OI0007390,ORD003707,PROD00123,4.0,20
OI0007391,ORD003707,PROD00253,1.0,0
OI0007392,ORD003708,PROD00064,10.0,0
OI0007393,ORD003708,PROD00263,-1.0,5
OI0007394,ORD003709,PROD00556,1.0,0
OI0007395,ORD003710,PROD00204,10.0,10
OI0007396,ORD003710,PROD00248,1.0,5
OI0007397,ORD003711,PROD00388,10.0,10
OI0007398,ORD003711,PROD00557,10.0,5
OI0007399,ORD003712,PROD00023,1.0,20
OI0007400,ORD003712,PROD00377,2.0,25
OI0007401,ORD003712,PROD00262,10.0,15
OI0007402,ORD003712,PROD00328,2.0,15
OI0007403,ORD003713,PROD00524,2.0,5
OI0007404,ORD003713,PROD00548,2.0,0
OI0007405,ORD003714,PROD00429,1.0,5
OI0007406,ORD003714,PROD00339,1.0,20
OI0007407,ORD003715,PROD00019,5.0,10
OI0007408,ORD003716,PROD00185,2.0,20
OI0007409,ORD003717,PROD00273,5.0,10
OI0007410,ORD003717,PROD00294,10.0,20
OI0007411,ORD003718,PROD00220,5.0,0
OI0007412,ORD003718,PROD00251,3.0,10
OI0007413,ORD003718,PROD00382,3.0,0
OI0007414,ORD003718,PROD00213,3.0,20
OI0007415,ORD003719,PROD00289,3.0,10
OI0007416,ORD003720,PROD00222,2.0,5
OI0007417,ORD003721,PROD00368,-1.0,0
OI0007418,ORD003721,PROD00532,2.0,10
OI0007419,ORD003721,PROD00588,3.0,5
OI0007420,ORD003722,PROD00483,2.0,20
OI0007421,ORD003722,PROD00202,2.0,0
OI0007422,ORD003722,PROD00196,4.0,20
OI0007423,ORD003723,PROD00306,2.0,0
OI0007424,ORD003724,PROD00526,5.0,0
OI0007425,ORD003724,PROD00177,2.0,10
OI0007426,ORD003725,PROD00049,1.0,20
OI0007427,ORD003726,PROD00193,4.0,0
OI0007428,ORD003726,PROD00106,10.0,0
OI0007429,ORD003727,PROD00165,2.0,5
OI0007430,ORD003728,PROD00261,3.0,0
OI0007431,ORD003728,PROD00573,1.0,25
OI0007432,ORD003729,PROD00336,5.0,25
OI0007433,ORD003730,PROD00512,2.0,0
OI0007434,ORD003731,PROD00437,2.0,15
OI0007435,ORD003732,PROD00040,2.0,5
OI0007436,ORD003733,PROD00063,2.0,25
OI0007437,ORD003734,PROD00068,4.0,10
OI0007438,ORD003735,PROD00066,1.0,15
OI0007439,ORD003735,PROD00009,2.0,15
OI0007440,ORD003736,PROD00061,1.0,0
OI0007441,ORD003736,PROD00064,3.0,5
OI0007442,ORD003736,PROD00374,5.0,10
OI0007443,ORD003737,PROD00146,5.0,0
OI0007444,ORD003738,PROD00398,3.0,25
OI0007445,ORD003738,PROD00203,1.0,0
OI0007446,ORD003738,PROD00072,1.0,0
OI0007447,ORD003738,PROD00486,2.0,15
OI0007448,ORD003739,PROD00486,4.0,25
OI0007449,ORD003739,PROD00481,1.0,0
OI0007450,ORD003739,PROD00266,-1.0,0
OI0007451,ORD003740,PROD00104,2.0,5
OI0007452,ORD003740,PROD00409,4.0,0
OI0007453,ORD003741,PROD00064,1.0,25
OI0007454,ORD003741,PROD00590,4.0,0
OI0007455,ORD003741,PROD00142,2.0,20
OI0007456,ORD003741,PROD00217,1.0,20
OI0007457,ORD003742,PROD00262,4.0,20
OI0007458,ORD003742,PROD00041,1.0,25
OI0007459,ORD003742,PROD9059,3.0,10
OI0007460,ORD003742,PROD00192,2.0,5
OI0007461,ORD003743,PROD00224,-1.0,5
OI0007462,ORD003743,PROD00348,2.0,0
OI0007463,ORD003743,PROD9745,5.0,10
OI0007464,ORD003743,PROD00228,2.0,15
OI0007465,ORD003744,PROD00168,1.0,15
OI0007466,ORD003745,PROD00499,10.0,25
OI0007467,ORD003746,PROD00263,-1.0,0
OI0007468,ORD003747,PROD00458,-1.0,10
OI0007469,ORD003747,PROD00551,2.0,20
OI0007470,ORD003748,PROD00072,1.0,20
OI0007471,ORD003748,PROD00133,1.0,0
OI0007472,ORD003748,PROD00052,-1.0,0
OI0007473,ORD003748,PROD00057,10.0,0
OI0007474,ORD003749,PROD00454,5.0,10
OI0007475,ORD003750,PROD00386,5.0,25
OI0007476,ORD003750,PROD00303,10.0,0
OI0007477,ORD003751,PROD00437,-1.0,25
OI0007478,ORD003751,PROD00503,5.0,0
OI0007479,ORD003751,PROD00141,4.0,20
OI0007480,ORD003751,PROD00524,4.0,25
OI0007481,ORD003752,PROD00437,2.0,25
OI0007482,ORD003753,PROD00052,1.0,0
OI0007483,ORD003753,PROD00504,10.0,0
OI0007484,ORD003754,PROD00108,2.0,0
OI0007485,ORD003755,PROD00534,1.0,20
OI0007486,ORD003756,PROD00001,-1.0,5
OI0007487,ORD003756,PROD00151,2.0,5
OI0007488,ORD003757,PROD00429,3.0,25
OI0007489,ORD003758,PROD00097,2.0,0
OI0007490,ORD003759,PROD00491,2.0,25
OI0007491,ORD003759,PROD00407,5.0,20
OI0007492,ORD003759,PROD00015,1.0,15
OI0007493,ORD003760,PROD00110,2.0,25
OI0007494,ORD003760,PROD00376,1.0,0
OI0007495,ORD003760,PROD00392,4.0,0
OI0007496,ORD003760,PROD00040,2.0,0
OI0007497,ORD003761,PROD00175,-1.0,20
OI0007498,ORD003762,PROD00020,2.0,0
OI0007499,ORD003762,PROD00063,5.0,0
OI0007500,ORD003762,PROD00281,1.0,15
OI0007501,ORD003763,PROD00174,3.0,0
OI0007502,ORD003763,PROD00406,10.0,5
OI0007503,ORD003764,PROD00336,1.0,10
OI0007504,ORD003765,PROD00393,3.0,15
OI0007505,ORD003766,PROD00147,3.0,0
OI0007506,ORD003767,PROD00245,4.0,0
OI0007507,ORD003767,PROD00265,4.0,10
OI0007508,ORD003767,PROD00441,4.0,0
OI0007509,ORD003767,PROD00272,-1.0,5
OI0007510,ORD003768,PROD9885,1.0,10
OI0007511,ORD003769,PROD00162,3.0,10
OI0007512,ORD003769,PROD00114,2.0,20
OI0007513,ORD003770,PROD00401,2.0,0
OI0007514,ORD003771,PROD00462,2.0,20
OI0007515,ORD003772,PROD00034,2.0,10
OI0007516,ORD003773,PROD00082,10.0,10
OI0007517,ORD003773,PROD00475,2.0,25
OI0007518,ORD003773,PROD00375,3.0,25
OI0007519,ORD003773,PROD00380,4.0,10
OI0007520,ORD003774,PROD00341,1.0,10
OI0007521,ORD003775,PROD00244,5.0,10
OI0007522,ORD003775,PROD00459,3.0,20
OI0007523,ORD003775,PROD00123,1.0,0
OI0007524,ORD003776,PROD00301,1.0,20
OI0007525,ORD003776,PROD00069,1.0,25
OI0007526,ORD003776,PROD00199,5.0,25
OI0007527,ORD003776,PROD00171,2.0,20
OI0007528,ORD003777,PROD00274,10.0,20
OI0007529,ORD003778,PROD00510,1.0,20
OI0007530,ORD003779,PROD00320,1.0,10
OI0007531,ORD003779,PROD00530,1.0,0
OI0007532,ORD003780,PROD00498,1.0,20
OI0007533,ORD003781,PROD00452,2.0,0
OI0007534,ORD003781,PROD00244,,10
OI0007535,ORD003782,PROD00028,10.0,25
OI0007536,ORD003783,PROD00379,2.0,0
OI0007537,ORD003784,PROD00023,2.0,0
OI0007538,ORD003785,PROD00090,1.0,0
OI0007539,ORD003786,PROD00201,5.0,0
OI0007540,ORD003786,PROD00376,4.0,0
OI0007541,ORD003786,PROD00563,2.0,10
OI0007542,ORD003786,PROD00095,1.0,0
OI0007543,ORD003787,PROD00448,-1.0,0
OI0007544,ORD003787,PROD00287,2.0,20
OI0007545,ORD003788,PROD00252,5.0,20
OI0007546,ORD003788,PROD00209,1.0,10
OI0007547,ORD003788,PROD00147,10.0,5
OI0007548,ORD003788,PROD00329,-1.0,5
OI0007549,ORD003789,PROD00277,1.0,0
OI0007550,ORD003789,PROD00514,4.0,0
OI0007551,ORD003789,PROD00080,-1.0,10
OI0007552,ORD003789,PROD00054,3.0,15
OI0007553,ORD003790,PROD00073,5.0,0
OI0007554,ORD003790,PROD00003,1.0,25
OI0007555,ORD003791,PROD00212,3.0,0
OI0007556,ORD003792,PROD00173,3.0,20
OI0007557,ORD003792,PROD00486,1.0,0
OI0007558,ORD003793,PROD00076,10.0,0
OI0007559,ORD003793,PROD00395,10.0,5
OI0007560,ORD003793,PROD00200,1.0,25
OI0007561,ORD003793,PROD00459,-1.0,20
OI0007562,ORD003794,PROD00042,3.0,0
OI0007563,ORD003795,PROD00027,2.0,0
OI0007564,ORD003796,PROD00234,1.0,0
OI0007565,ORD003796,PROD00339,1.0,20
OI0007566,ORD003796,PROD00534,10.0,0
OI0007567,ORD003797,PROD9232,2.0,0
OI0007568,ORD003797,PROD00043,1.0,0
OI0007569,ORD003798,PROD00539,5.0,0
OI0007570,ORD003799,PROD00548,1.0,20
OI0007571,ORD003800,PROD00262,1.0,25
OI0007572,ORD003800,PROD00182,3.0,25
OI0007573,ORD003800,PROD00238,2.0,0
OI0007574,ORD003800,PROD00345,-1.0,10
OI0007575,ORD003801,PROD00440,4.0,0
OI0007576,ORD003801,PROD00321,4.0,10
OI0007577,ORD003801,PROD9683,2.0,0
OI0007578,ORD003802,PROD00012,-1.0,0
OI0007579,ORD003802,PROD00060,5.0,0
OI0007580,ORD003803,PROD00558,-1.0,0
OI0007581,ORD003803,PROD00469,4.0,5
OI0007582,ORD003803,PROD00252,10.0,10
OI0007583,ORD003803,PROD00159,10.0,0
OI0007584,ORD003804,PROD00261,10.0,0
OI0007585,ORD003805,PROD00357,-1.0,20
OI0007586,ORD003805,PROD00263,3.0,10
OI0007587,ORD003805,PROD00524,2.0,25
OI0007588,ORD003805,PROD00305,2.0,25
OI0007589,ORD003806,PROD9859,1.0,0
OI0007590,ORD003806,PROD00255,1.0,25
OI0007591,ORD003807,PROD00293,1.0,15
OI0007592,ORD003808,PROD00501,5.0,20
OI0007593,ORD003809,PROD00372,1.0,15
OI0007594,ORD003809,PROD00585,1.0,5
OI0007595,ORD003810,PROD00121,3.0,5
OI0007596,ORD003811,PROD00428,500.0,20
OI0007597,ORD003811,PROD00105,1.0,5
OI0007598,ORD003812,PROD00258,3.0,5
OI0007599,ORD003812,PROD00345,10.0,20
OI0007600,ORD003813,PROD00192,10.0,20
OI0007601,ORD003814,PROD00442,2.0,15
OI0007602,ORD003815,PROD00294,2.0,0
OI0007603,ORD003815,PROD00278,1.0,5
OI0007604,ORD003815,PROD00346,5.0,10
OI0007605,ORD003816,PROD00269,1.0,20
OI0007606,ORD003817,PROD00056,5.0,25
OI0007607,ORD003817,PROD00533,1.0,10
OI0007608,ORD003817,PROD00597,1.0,10
OI0007609,ORD003818,PROD00385,1.0,15
OI0007610,ORD003818,PROD00107,4.0,0
OI0007611,ORD003819,PROD00256,1.0,15
OI0007612,ORD003819,PROD00063,-1.0,0
OI0007613,ORD003820,PROD00026,-1.0,20
OI0007614,ORD003820,PROD00135,3.0,0
OI0007615,ORD003820,PROD00511,1.0,10
OI0007616,ORD003820,PROD00385,2.0,0
OI0007617,ORD003821,PROD00304,4.0,0
OI0007618,ORD003822,PROD00171,10.0,10
OI0007619,ORD003822,PROD00491,2.0,5
OI0007620,ORD003823,PROD00350,-1.0,0
OI0007621,ORD003823,PROD00040,1.0,15
OI0007622,ORD003823,PROD00159,4.0,15
OI0007623,ORD003823,PROD00138,-1.0,0
OI0007624,ORD003824,PROD00540,2.0,25
OI0007625,ORD003824,PROD00136,-1.0,10
OI0007626,ORD003824,PROD00517,2.0,0
OI0007627,ORD003824,PROD00177,1.0,10
OI0007628,ORD003825,PROD00090,-1.0,15
OI0007629,ORD003825,PROD00067,-1.0,25
OI0007630,ORD003826,PROD00558,-1.0,10
OI0007631,ORD003826,PROD00293,2.0,0
OI0007632,ORD003827,PROD00307,2.0,10
OI0007633,ORD003828,PROD00080,1.0,0
OI0007634,ORD003829,PROD00374,1.0,20
OI0007635,ORD003829,PROD00138,-1.0,0
OI0007636,ORD003829,PROD00576,-1.0,0
OI0007637,ORD003830,PROD00196,1.0,0
OI0007638,ORD003830,PROD00025,5.0,25
OI0007639,ORD003831,PROD00401,1.0,10
OI0007640,ORD003832,PROD00342,1.0,20
OI0007641,ORD003833,PROD00594,4.0,0
OI0007642,ORD003833,PROD00061,5.0,10
OI0007643,ORD003834,PROD9356,3.0,0
OI0007644,ORD003835,PROD00334,10.0,20
OI0007645,ORD003835,PROD00374,1.0,25
OI0007646,ORD003835,PROD00122,10.0,5
OI0007647,ORD003835,PROD00144,1.0,15
OI0007648,ORD003836,PROD00333,5.0,10
OI0007649,ORD003836,PROD00452,2.0,25
OI0007650,ORD003836,PROD00055,10.0,0
OI0007651,ORD003836,PROD00594,5.0,15
OI0007652,ORD003837,PROD00376,1.0,0
OI0007653,ORD003837,PROD00418,-1.0,15
OI0007654,ORD003838,PROD00259,1.0,25
OI0007655,ORD003839,PROD00447,1.0,25
OI0007656,ORD003840,PROD00468,-1.0,0
OI0007657,ORD003841,PROD00455,1.0,25
OI0007658,ORD003841,PROD00111,2.0,25
OI0007659,ORD003841,PROD00331,4.0,0
OI0007660,ORD003842,PROD00376,1.0,0
OI0007661,ORD003842,PROD00094,3.0,25
OI0007662,ORD003843,PROD00100,1.0,10
OI0007663,ORD003844,PROD00174,3.0,25
OI0007664,ORD003845,PROD00574,5.0,10
OI0007665,ORD003845,PROD00027,5.0,0
OI0007666,ORD003846,PROD00250,-1.0,20
OI0007667,ORD003847,PROD00520,10.0,0
OI0007668,ORD003847,PROD00554,2.0,0
OI0007669,ORD003847,PROD00338,2.0,0
OI0007670,ORD003847,PROD00348,2.0,0
OI0007671,ORD003848,PROD00391,-1.0,20
OI0007672,ORD003848,PROD00525,5.0,0
OI0007673,ORD003849,PROD00424,1.0,15
OI0007674,ORD003849,PROD00182,1.0,15
OI0007675,ORD003849,PROD00312,10.0,15
OI0007676,ORD003850,PROD00523,3.0,25
OI0007677,ORD003850,PROD00489,4.0,10
OI0007678,ORD003850,PROD00143,1.0,0
OI0007679,ORD003850,PROD00071,10.0,25
OI0007680,ORD003851,PROD00255,3.0,10
OI0007681,ORD003851,PROD00364,1.0,20
OI0007682,ORD003851,PROD00096,2.0,0
OI0007683,ORD003851,PROD00528,-1.0,25
OI0007684,ORD003852,PROD00214,2.0,0
OI0007685,ORD003853,PROD00230,2.0,0
OI0007686,ORD003854,PROD00028,1.0,25
OI0007687,ORD003854,PROD00157,10.0,0
OI0007688,ORD003855,PROD00470,3.0,15
OI0007689,ORD003855,PROD00315,1.0,25
OI0007690,ORD003856,PROD00060,10.0,20
OI0007691,ORD003856,PROD00015,1.0,25
OI0007692,ORD003856,PROD00174,1.0,20
OI0007693,ORD003856,PROD00005,-1.0,25
OI0007694,ORD003857,PROD00340,-1.0,0
OI0007695,ORD003857,PROD00590,1.0,5
OI0007696,ORD003857,PROD00550,4.0,10
OI0007697,ORD003858,PROD00468,1.0,0
OI0007698,ORD003859,PROD00029,3.0,15
OI0007699,ORD003859,PROD00077,1.0,0
OI0007700,ORD003860,PROD00518,-1.0,25
OI0007701,ORD003861,PROD00021,1.0,25
OI0007702,ORD003862,PROD00073,4.0,0
OI0007703,ORD003863,PROD00006,2.0,15
OI0007704,ORD003863,PROD00430,4.0,10
OI0007705,ORD003864,PROD00392,3.0,0
OI0007706,ORD003864,PROD00339,1.0,0
OI0007707,ORD003865,PROD00006,3.0,0
OI0007708,ORD003866,PROD00036,3.0,20
OI0007709,ORD003866,PROD00435,2.0,0
OI0007710,ORD003866,PROD00527,10.0,25
OI0007711,ORD003867,PROD00102,1.0,10
OI0007712,ORD003868,PROD00460,-1.0,5
OI0007713,ORD003868,PROD00276,2.0,0
OI0007714,ORD003868,PROD00053,1.0,25
OI0007715,ORD003869,PROD00450,1.0,0
OI0007716,ORD003870,PROD00429,4.0,25
OI0007717,ORD003871,PROD00529,2.0,0
OI0007718,ORD003872,PROD00097,3.0,5
OI0007719,ORD003872,PROD00173,1.0,0
OI0007720,ORD003873,PROD00466,5.0,15
OI0007721,ORD003873,PROD00571,2.0,25
OI0007722,ORD003874,PROD00537,2.0,0
OI0007723,ORD003874,PROD00024,10.0,10
OI0007724,ORD003875,PROD00591,5.0,25
OI0007725,ORD003875,PROD00001,-1.0,0
OI0007726,ORD003876,PROD00448,2.0,0
OI0007727,ORD003877,PROD00282,10.0,0
OI0007728,ORD003877,PROD00319,10.0,0
OI0007729,ORD003877,PROD00270,4.0,0
OI0007730,ORD003877,PROD00394,2.0,25
OI0007731,ORD003878,PROD00062,-1.0,0
OI0007732,ORD003878,PROD00353,10.0,20
OI0007733,ORD003878,PROD00228,2.0,0
OI0007734,ORD003878,PROD00278,1.0,0
OI0007735,ORD003879,PROD00329,-1.0,25
OI0007736,ORD003879,PROD00373,10.0,5
OI0007737,ORD003879,PROD00191,5.0,20
OI0007738,ORD003880,PROD00194,10.0,5
OI0007739,ORD003881,PROD00501,1.0,5
OI0007740,ORD003882,PROD00315,1.0,0
OI0007741,ORD003883,PROD00568,5.0,5
OI0007742,ORD003883,PROD00499,2.0,0
OI0007743,ORD003883,PROD00376,3.0,5
OI0007744,ORD003883,PROD00542,1.0,10
OI0007745,ORD003884,PROD00090,1.0,10
OI0007746,ORD003884,PROD00074,3.0,15
OI0007747,ORD003884,PROD00347,2.0,0
OI0007748,ORD003884,PROD00383,10.0,5
OI0007749,ORD003885,PROD00184,2.0,0
OI0007750,ORD003885,PROD00121,3.0,10
OI0007751,ORD003886,PROD00569,-1.0,0
OI0007752,ORD003886,PROD00572,1.0,0
OI0007753,ORD003886,PROD00403,1.0,15
OI0007754,ORD003886,PROD00273,1.0,5
OI0007755,ORD003887,PROD00039,2.0,25
OI0007756,ORD003887,PROD00310,2.0,0
OI0007757,ORD003888,PROD00147,1.0,0
OI0007758,ORD003889,PROD00017,5.0,5
OI0007759,ORD003890,PROD00007,10.0,20
OI0007760,ORD003891,PROD00265,-1.0,5
OI0007761,ORD003891,PROD00469,2.0,5
OI0007762,ORD003892,PROD00032,3.0,15
OI0007763,ORD003892,PROD00411,3.0,0
OI0007764,ORD003892,PROD00572,1.0,0
OI0007765,ORD003892,PROD00278,10.0,25
OI0007766,ORD003893,PROD00545,1.0,25
OI0007767,ORD003893,PROD00496,10.0,10
OI0007768,ORD003894,PROD00590,5.0,0
OI0007769,ORD003894,PROD00006,5.0,0
OI0007770,ORD003895,PROD00170,3.0,0
OI0007771,ORD003895,PROD00463,1.0,0
OI0007772,ORD003896,PROD00075,4.0,25
OI0007773,ORD003896,PROD00481,3.0,25
OI0007774,ORD003897,PROD00128,2.0,0
OI0007775,ORD003898,PROD00149,10.0,10
OI0007776,ORD003898,PROD00470,5.0,10
OI0007777,ORD003898,PROD00033,1.0,10
OI0007778,ORD003899,PROD00598,2.0,20
OI0007779,ORD003900,PROD00195,5.0,20
OI0007780,ORD003901,PROD00240,10.0,5
OI0007781,ORD003902,PROD00096,-1.0,0
OI0007782,ORD003902,PROD00009,10.0,5
OI0007783,ORD003902,PROD00345,3.0,5
OI0007784,ORD003902,PROD00474,1.0,0
OI0007785,ORD003903,PROD00236,2.0,25
OI0007786,ORD003903,PROD00008,2.0,0
OI0007787,ORD003904,PROD00008,1.0,25
OI0007788,ORD003905,PROD00297,3.0,10
OI0007789,ORD003905,PROD00210,2.0,20
OI0007790,ORD003905,PROD00522,10.0,10
OI0007791,ORD003905,PROD00476,1.0,5
OI0007792,ORD003906,PROD00432,3.0,20
OI0007793,ORD003907,PROD00013,3.0,0
OI0007794,ORD003907,PROD00194,1.0,5
OI0007795,ORD003907,PROD00124,1.0,0
OI0007796,ORD003907,PROD00232,-1.0,0
OI0007797,ORD003908,PROD00215,2.0,25
OI0007798,ORD003909,PROD00389,1.0,25
OI0007799,ORD003909,PROD00029,2.0,0
OI0007800,ORD003910,PROD00202,1.0,0
OI0007801,ORD003910,PROD00454,5.0,25
OI0007802,ORD003911,PROD00396,5.0,15
OI0007803,ORD003912,PROD00164,2.0,0
OI0007804,ORD003913,PROD00537,2.0,20
OI0007805,ORD003913,PROD00477,10.0,15
OI0007806,ORD003913,PROD00017,1.0,10
OI0007807,ORD003913,PROD00331,500.0,0
OI0007808,ORD003914,PROD00352,4.0,5
OI0007809,ORD003914,PROD00420,1.0,20
OI0007810,ORD003915,PROD00594,4.0,25
OI0007811,ORD003916,PROD00216,3.0,15
OI0007812,ORD003916,PROD00260,-1.0,0
OI0007813,ORD003916,PROD00162,3.0,0
OI0007814,ORD003917,PROD00078,10.0,25
OI0007815,ORD003917,PROD00573,3.0,15
OI0007816,ORD003918,PROD00344,-1.0,20
OI0007817,ORD003919,PROD00221,4.0,25
OI0007818,ORD003919,PROD00600,10.0,0
OI0007819,ORD003919,PROD00260,-1.0,10
OI0007820,ORD003919,PROD00131,2.0,25
OI0007821,ORD003920,PROD00381,1.0,15
OI0007822,ORD003920,PROD00311,3.0,0
OI0007823,ORD003920,PROD00367,1.0,0
OI0007824,ORD003921,PROD00118,10.0,0
OI0007825,ORD003921,PROD00452,1.0,15
OI0007826,ORD003921,PROD00511,5.0,10
OI0007827,ORD003921,PROD00476,-1.0,0
OI0007828,ORD003922,PROD00576,1.0,5
OI0007829,ORD003922,PROD00529,,15
OI0007830,ORD003923,PROD00300,1.0,0
OI0007831,ORD003924,PROD00144,1.0,20
OI0007832,ORD003925,PROD00365,10.0,0
OI0007833,ORD003925,PROD00224,10.0,5
OI0007834,ORD003925,PROD00552,3.0,5
OI0007835,ORD003926,PROD00292,10.0,10
OI0007836,ORD003927,PROD00294,2.0,5
OI0007837,ORD003928,PROD00202,,0
OI0007838,ORD003929,PROD00419,-1.0,10
OI0007839,ORD003929,PROD00129,2.0,5
OI0007840,ORD003930,PROD00189,4.0,5
OI0007841,ORD003931,PROD00285,2.0,0
OI0007842,ORD003932,PROD00498,1.0,0
OI0007843,ORD003932,PROD00568,10.0,0
OI0007844,ORD003933,PROD00282,-1.0,15
OI0007845,ORD003933,PROD00215,-1.0,15
OI0007846,ORD003934,PROD00352,1.0,15
OI0007847,ORD003935,PROD00517,1.0,0
OI0007848,ORD003936,PROD00301,5.0,15
OI0007849,ORD003936,PROD00430,1.0,0
OI0007850,ORD003936,PROD00103,1.0,15
OI0007851,ORD003936,PROD00513,3.0,0
OI0007852,ORD003937,PROD00343,1.0,25
OI0007853,ORD003937,PROD00520,1.0,0
OI0007854,ORD003938,PROD00233,2.0,25
OI0007855,ORD003938,PROD00042,1.0,20
OI0007856,ORD003939,PROD00279,-1.0,15
OI0007857,ORD003940,PROD00312,10.0,0
OI0007858,ORD003940,PROD00263,2.0,0
OI0007859,ORD003940,PROD00219,1.0,10
OI0007860,ORD003941,PROD00413,1.0,25
OI0007861,ORD003941,PROD00101,2.0,0
OI0007862,ORD003941,PROD00580,4.0,25
OI0007863,ORD003941,PROD00012,2.0,0
OI0007864,ORD003942,PROD00175,1.0,15
OI0007865,ORD003942,PROD00018,10.0,15
OI0007866,ORD003943,PROD00334,2.0,0
OI0007867,ORD003943,PROD00382,-1.0,0
OI0007868,ORD003944,PROD00306,4.0,5
OI0007869,ORD003945,PROD00059,10.0,25
OI0007870,ORD003945,PROD00242,3.0,20
OI0007871,ORD003945,PROD00589,-1.0,20
OI0007872,ORD003946,PROD00415,1.0,0
OI0007873,ORD003947,PROD00041,2.0,0
OI0007874,ORD003947,PROD00132,1.0,10
OI0007875,ORD003948,PROD00581,2.0,0
OI0007876,ORD003949,PROD00195,-1.0,20
OI0007877,ORD003949,PROD00084,1.0,0
OI0007878,ORD003950,PROD00051,1.0,5
OI0007879,ORD003951,PROD00011,2.0,15
OI0007880,ORD003951,PROD00070,2.0,25
OI0007881,ORD003952,PROD00198,-1.0,0
OI0007882,ORD003952,PROD00263,1.0,10
OI0007883,ORD003953,PROD00121,4.0,0
OI0007884,ORD003954,PROD00558,5.0,25
OI0007885,ORD003955,PROD00591,-1.0,0
OI0007886,ORD003955,PROD00251,1.0,20
OI0007887,ORD003956,PROD00525,3.0,0
OI0007888,ORD003956,PROD00354,-1.0,0
OI0007889,ORD003956,PROD00149,2.0,0
OI0007890,ORD003956,PROD00382,-1.0,10
OI0007891,ORD003957,PROD00014,-1.0,0
OI0007892,ORD003958,PROD00423,1.0,0
OI0007893,ORD003958,PROD00518,5.0,5
OI0007894,ORD003958,PROD00315,4.0,0
OI0007895,ORD003959,PROD00497,1.0,5
OI0007896,ORD003960,PROD00056,-1.0,10
OI0007897,ORD003960,PROD00254,1.0,0
OI0007898,ORD003961,PROD00322,10.0,0
OI0007899,ORD003961,PROD00267,1.0,25
OI0007900,ORD003962,PROD00062,2.0,0
OI0007901,ORD003962,PROD00179,-1.0,10
OI0007902,ORD003962,PROD00348,1.0,0
OI0007903,ORD003963,PROD00132,2.0,0
OI0007904,ORD003963,PROD00319,1.0,0
OI0007905,ORD003964,PROD00302,3.0,5
OI0007906,ORD003965,PROD00575,2.0,15
OI0007907,ORD003966,PROD00477,5.0,15
OI0007908,ORD003966,PROD00450,3.0,0
OI0007909,ORD003967,PROD00053,-1.0,10
OI0007910,ORD003968,PROD00323,4.0,25
OI0007911,ORD003969,PROD00196,1.0,0
OI0007912,ORD003969,PROD00250,2.0,0
OI0007913,ORD003969,PROD00222,2.0,15
OI0007914,ORD003969,PROD00435,1.0,20
OI0007915,ORD003970,PROD00237,2.0,5
OI0007916,ORD003971,PROD00574,-1.0,0
OI0007917,ORD003971,PROD00220,10.0,25
OI0007918,ORD003972,PROD00026,10.0,0
OI0007919,ORD003973,PROD00244,-1.0,0
OI0007920,ORD003973,PROD00346,10.0,10
OI0007921,ORD003973,PROD00106,1.0,25
OI0007922,ORD003974,PROD00285,1.0,10
OI0007923,ORD003974,PROD00257,-1.0,15
OI0007924,ORD003974,PROD00073,1.0,0
OI0007925,ORD003974,PROD00482,1.0,20
OI0007926,ORD003975,PROD00318,1.0,15
OI0007927,ORD003976,PROD00396,2.0,5
OI0007928,ORD003977,PROD00585,-1.0,10
OI0007929,ORD003977,PROD9168,2.0,15
OI0007930,ORD003978,PROD00135,1.0,15
OI0007931,ORD003978,PROD00600,2.0,10
OI0007932,ORD003979,PROD00457,-1.0,15
OI0007933,ORD003979,PROD00245,5.0,0
OI0007934,ORD003979,PROD00312,4.0,5
OI0007935,ORD003979,PROD00502,10.0,20
OI0007936,ORD003980,PROD00077,1.0,25
OI0007937,ORD003981,PROD00540,1.0,0
OI0007938,ORD003981,PROD00535,4.0,15
OI0007939,ORD003981,PROD00598,1.0,5
OI0007940,ORD003982,PROD00544,1.0,0
OI0007941,ORD003983,PROD00397,10.0,15
OI0007942,ORD003983,PROD00285,10.0,15
OI0007943,ORD003984,PROD00312,4.0,15
OI0007944,ORD003984,PROD00135,5.0,0
OI0007945,ORD003985,PROD00330,1.0,25
OI0007946,ORD003985,PROD00110,3.0,25
OI0007947,ORD003985,PROD00349,2.0,10
OI0007948,ORD003986,PROD00247,3.0,10
OI0007949,ORD003987,PROD00426,1.0,5
OI0007950,ORD003987,PROD00210,1.0,5
OI0007951,ORD003987,PROD00563,2.0,0
OI0007952,ORD003988,PROD00573,3.0,15
OI0007953,ORD003988,PROD00315,2.0,0
OI0007954,ORD003988,PROD00388,1.0,0
OI0007955,ORD003989,PROD00286,-1.0,5
OI0007956,ORD003990,PROD00436,1.0,10
OI0007957,ORD003991,PROD00415,4.0,15
OI0007958,ORD003991,PROD00114,2.0,0
OI0007959,ORD003991,PROD00142,1.0,0
OI0007960,ORD003991,PROD00396,4.0,5
OI0007961,ORD003992,PROD00595,-1.0,5
OI0007962,ORD003993,PROD00008,1.0,15
OI0007963,ORD003994,PROD00260,-1.0,5
OI0007964,ORD003995,PROD00584,10.0,15
OI0007965,ORD003996,PROD00206,10.0,15
OI0007966,ORD003996,PROD00264,2.0,0
OI0007967,ORD003996,PROD00217,3.0,0
OI0007968,ORD003996,PROD00500,2.0,15
OI0007969,ORD003997,PROD00558,-1.0,0
OI0007970,ORD003997,PROD00177,3.0,5
OI0007971,ORD003998,PROD00352,3.0,20
OI0007972,ORD003998,PROD00472,1.0,25
OI0007973,ORD003999,PROD00080,1.0,0
OI0007974,ORD003999,PROD00257,3.0,0
OI0007975,ORD004000,PROD00084,-1.0,15
OI0007976,ORD004000,PROD00487,1.0,0
OI0007977,ORD004000,PROD00315,3.0,10
OI0007978,ORD004001,PROD00297,2.0,25
OI0007979,ORD004001,PROD00450,10.0,5
OI0007980,ORD004001,PROD00343,3.0,20
OI0007981,ORD004001,PROD00161,-1.0,25
OI0007982,ORD004002,PROD00417,4.0,20
OI0007983,ORD004002,PROD00477,5.0,10
OI0007984,ORD004003,PROD00198,4.0,5
OI0007985,ORD004004,PROD9984,10.0,0
OI0007986,ORD004004,PROD00015,1.0,0
OI0007987,ORD004004,PROD00272,4.0,15
OI0007988,ORD004004,PROD00566,3.0,0
OI0007989,ORD004005,PROD00408,3.0,0
OI0007990,ORD004006,PROD00198,1.0,0
OI0007991,ORD004007,PROD00459,2.0,15
OI0007992,ORD004008,PROD00226,1.0,25
OI0007993,ORD004009,PROD00161,2.0,0
OI0007994,ORD004009,PROD00332,3.0,10
OI0007995,ORD004010,PROD00239,3.0,15
OI0007996,ORD004011,PROD00257,3.0,15
OI0007997,ORD004012,PROD00022,2.0,0
OI0007998,ORD004012,PROD00100,1.0,0
OI0007999,ORD004013,PROD00339,3.0,0
OI0008000,ORD004014,PROD00571,10.0,0
OI0008001,ORD004015,PROD00060,-1.0,10
OI0008002,ORD004015,PROD00283,4.0,15
OI0008003,ORD004015,PROD00134,3.0,10
OI0008004,ORD004015,PROD00050,1.0,0
OI0008005,ORD004016,PROD00198,1.0,0
OI0008006,ORD004016,PROD00280,1.0,25
OI0008007,ORD004016,PROD00398,1.0,5
OI0008008,ORD004016,PROD00465,1.0,20
OI0008009,ORD004017,PROD00218,10.0,25
OI0008010,ORD004017,PROD00425,4.0,0
OI0008011,ORD004018,PROD00552,5.0,25
OI0008012,ORD004018,PROD00500,4.0,0
OI0008013,ORD004019,PROD00566,4.0,5
OI0008014,ORD004019,PROD00164,1.0,15
OI0008015,ORD004020,PROD00201,3.0,10
OI0008016,ORD004021,PROD00441,4.0,10
OI0008017,ORD004022,PROD00102,5.0,0
OI0008018,ORD004022,PROD00538,1.0,0
OI0008019,ORD004022,PROD00326,3.0,20
OI0008020,ORD004022,PROD00570,2.0,25
OI0008021,ORD004023,PROD00491,2.0,0
OI0008022,ORD004024,PROD00423,2.0,0
OI0008023,ORD004025,PROD00287,1.0,15
OI0008024,ORD004025,PROD00189,4.0,10
OI0008025,ORD004026,PROD00136,1.0,0
OI0008026,ORD004027,PROD00433,1.0,10
OI0008027,ORD004027,PROD00166,5.0,0
OI0008028,ORD004027,PROD00375,5.0,0
OI0008029,ORD004028,PROD00418,1.0,0
OI0008030,ORD004028,PROD00600,10.0,5
OI0008031,ORD004029,PROD00061,5.0,10
OI0008032,ORD004029,PROD00506,1.0,15
OI0008033,ORD004029,PROD00247,1.0,15
OI0008034,ORD004030,PROD00113,3.0,15
OI0008035,ORD004030,PROD00474,1.0,5
OI0008036,ORD004030,PROD00183,2.0,5
OI0008037,ORD004030,PROD00345,10.0,0
OI0008038,ORD004031,PROD00005,1.0,0
OI0008039,ORD004031,PROD00352,2.0,15
OI0008040,ORD004031,PROD00325,10.0,5
OI0008041,ORD004032,PROD00514,-1.0,5
OI0008042,ORD004032,PROD00571,3.0,25
OI0008043,ORD004032,PROD00454,1.0,15
OI0008044,ORD004033,PROD00131,1.0,0
OI0008045,ORD004033,PROD00364,5.0,0
OI0008046,ORD004033,PROD00207,4.0,20
OI0008047,ORD004034,PROD00374,10.0,20
OI0008048,ORD004035,PROD00184,2.0,5
OI0008049,ORD004036,PROD00474,4.0,0
OI0008050,ORD004036,PROD00456,1.0,0
OI0008051,ORD004037,PROD00565,2.0,15
OI0008052,ORD004038,PROD00387,10.0,0
OI0008053,ORD004038,PROD00142,2.0,10
OI0008054,ORD004038,PROD00383,5.0,10
OI0008055,ORD004039,PROD00331,1.0,5
OI0008056,ORD004040,PROD00511,3.0,0
OI0008057,ORD004040,PROD00463,4.0,25
OI0008058,ORD004040,PROD00334,3.0,0
OI0008059,ORD004041,PROD00527,1.0,25
OI0008060,ORD004042,PROD00537,1.0,15
OI0008061,ORD004043,PROD00556,2.0,0
OI0008062,ORD004043,PROD00194,10.0,0
OI0008063,ORD004044,PROD00324,5.0,0
OI0008064,ORD004044,PROD00300,10.0,0
OI0008065,ORD004045,PROD00363,1.0,20
OI0008066,ORD004045,PROD00349,3.0,0
OI0008067,ORD004046,PROD00130,2.0,25
OI0008068,ORD004046,PROD00554,10.0,25
OI0008069,ORD004046,PROD00527,4.0,0
OI0008070,ORD004047,PROD00354,4.0,0
OI0008071,ORD004048,PROD00419,5.0,20
OI0008072,ORD004048,PROD00025,5.0,15
OI0008073,ORD004048,PROD00441,4.0,15
OI0008074,ORD004048,PROD00104,-1.0,0
OI0008075,ORD004049,PROD00504,5.0,20
OI0008076,ORD004049,PROD00311,2.0,0
OI0008077,ORD004049,PROD00399,5.0,25
OI0008078,ORD004050,PROD00484,3.0,5
OI0008079,ORD004050,PROD00362,-1.0,20
OI0008080,ORD004051,PROD00020,2.0,25
OI0008081,ORD004052,PROD00329,5.0,10
OI0008082,ORD004053,PROD00458,1.0,5
OI0008083,ORD004054,PROD9940,2.0,0
OI0008084,ORD004054,PROD00429,5.0,10
OI0008085,ORD004054,PROD00445,2.0,25
OI0008086,ORD004054,PROD00017,3.0,0
OI0008087,ORD004055,PROD00318,3.0,25
OI0008088,ORD004055,PROD00262,10.0,25
OI0008089,ORD004056,PROD00275,1.0,25
OI0008090,ORD004056,PROD00434,2.0,20
OI0008091,ORD004057,PROD00299,1.0,0
OI0008092,ORD004058,PROD00564,2.0,20
OI0008093,ORD004058,PROD00475,2.0,15
OI0008094,ORD004059,PROD00313,5.0,5
OI0008095,ORD004060,PROD00273,5.0,10
OI0008096,ORD004061,PROD00142,1.0,10
OI0008097,ORD004061,PROD00328,1.0,0
OI0008098,ORD004062,PROD00332,1.0,25
OI0008099,ORD004063,PROD00019,1.0,15
OI0008100,ORD004063,PROD00533,1.0,0
OI0008101,ORD004063,PROD00337,1.0,15
OI0008102,ORD004064,PROD00089,2.0,5
OI0008103,ORD004065,PROD00127,2.0,25
OI0008104,ORD004065,PROD00470,2.0,15
OI0008105,ORD004065,PROD00592,3.0,15
OI0008106,ORD004066,PROD00354,5.0,0
OI0008107,ORD004067,PROD00390,2.0,10
OI0008108,ORD004067,PROD00341,-1.0,25
OI0008109,ORD004067,PROD00415,-1.0,15
OI0008110,ORD004067,PROD00479,1.0,0
OI0008111,ORD004068,PROD00489,4.0,0
OI0008112,ORD004068,PROD00218,5.0,0
OI0008113,ORD004068,PROD00534,3.0,15
OI0008114,ORD004069,PROD00440,10.0,15
OI0008115,ORD004069,PROD00035,1.0,10
OI0008116,ORD004070,PROD00054,1.0,0
OI0008117,ORD004070,PROD00483,4.0,0
OI0008118,ORD004071,PROD00592,1.0,0
OI0008119,ORD004072,PROD00293,1.0,25
OI0008120,ORD004073,PROD00123,1.0,0
OI0008121,ORD004074,PROD00279,2.0,0
OI0008122,ORD004074,PROD00331,2.0,0
OI0008123,ORD004075,PROD00029,1.0,0
OI0008124,ORD004075,PROD00555,-1.0,10
OI0008125,ORD004075,PROD00356,1.0,15
OI0008126,ORD004076,PROD00197,2.0,5
OI0008127,ORD004077,PROD00167,10.0,0
OI0008128,ORD004078,PROD00395,4.0,0
OI0008129,ORD004078,PROD00020,4.0,0
OI0008130,ORD004079,PROD00306,4.0,20
OI0008131,ORD004080,PROD00510,10.0,20
OI0008132,ORD004080,PROD00541,1.0,15
OI0008133,ORD004081,PROD00039,1.0,15
OI0008134,ORD004082,PROD00191,1.0,0
OI0008135,ORD004082,PROD00268,10.0,20
OI0008136,ORD004082,PROD00287,4.0,0
OI0008137,ORD004083,PROD00069,3.0,20
OI0008138,ORD004083,PROD00259,2.0,0
OI0008139,ORD004084,PROD00026,10.0,0
OI0008140,ORD004084,PROD00404,2.0,5
OI0008141,ORD004084,PROD00555,2.0,0
OI0008142,ORD004085,PROD00123,-1.0,0
OI0008143,ORD004085,PROD00045,1.0,0
OI0008144,ORD004085,PROD00365,2.0,0
OI0008145,ORD004085,PROD00579,1.0,25
OI0008146,ORD004086,PROD00164,1.0,5
OI0008147,ORD004086,PROD00347,5.0,0
OI0008148,ORD004086,PROD00516,-1.0,20
OI0008149,ORD004086,PROD00453,2.0,10
OI0008150,ORD004087,PROD00184,3.0,25
OI0008151,ORD004088,PROD00494,4.0,0
OI0008152,ORD004088,PROD00041,-1.0,5
OI0008153,ORD004089,PROD00344,1.0,0
OI0008154,ORD004089,PROD00263,2.0,0
OI0008155,ORD004090,PROD00571,2.0,25
OI0008156,ORD004091,PROD00160,-1.0,20
OI0008157,ORD004092,PROD00122,10.0,15
OI0008158,ORD004093,PROD00027,3.0,0
OI0008159,ORD004094,PROD00391,10.0,10
OI0008160,ORD004095,PROD00524,1.0,0
OI0008161,ORD004095,PROD00199,1.0,0
OI0008162,ORD004096,PROD00339,1.0,0
OI0008163,ORD004096,PROD00263,1.0,5
OI0008164,ORD004096,PROD00356,2.0,10
OI0008165,ORD004096,PROD00521,1.0,25
OI0008166,ORD004097,PROD00206,2.0,5
OI0008167,ORD004097,PROD00037,4.0,15
OI0008168,ORD004098,PROD00471,2.0,10
OI0008169,ORD004098,PROD00594,1.0,10
OI0008170,ORD004099,PROD00537,1.0,0
OI0008171,ORD004099,PROD00214,4.0,25
OI0008172,ORD004100,PROD00552,1.0,25
OI0008173,ORD004101,PROD00335,1.0,0
OI0008174,ORD004101,PROD00446,-1.0,15
OI0008175,ORD004102,PROD00175,-1.0,15
OI0008176,ORD004102,PROD00460,2.0,20
OI0008177,ORD004102,PROD00084,1.0,25
OI0008178,ORD004102,PROD00293,1.0,25
OI0008179,ORD004103,PROD00365,2.0,0
OI0008180,ORD004103,PROD00071,2.0,0
OI0008181,ORD004103,PROD00194,2.0,10
OI0008182,ORD004104,PROD00554,3.0,0
OI0008183,ORD004104,PROD00065,1.0,0
OI0008184,ORD004104,PROD00576,1.0,0
OI0008185,ORD004105,PROD00378,1.0,0
OI0008186,ORD004106,PROD00583,10.0,15
OI0008187,ORD004106,PROD00045,-1.0,20
OI0008188,ORD004106,PROD00025,-1.0,0
OI0008189,ORD004106,PROD00059,-1.0,25
OI0008190,ORD004107,PROD00548,4.0,25
OI0008191,ORD004107,PROD00344,2.0,25
OI0008192,ORD004107,PROD00171,3.0,5
OI0008193,ORD004107,PROD00076,10.0,0
OI0008194,ORD004108,PROD00449,1.0,0
OI0008195,ORD004108,PROD00316,-1.0,0
OI0008196,ORD004109,PROD00328,1.0,10
OI0008197,ORD004110,PROD00523,1.0,20
OI0008198,ORD004111,PROD00402,1.0,5
OI0008199,ORD004111,PROD00181,-1.0,0
OI0008200,ORD004111,PROD00344,-1.0,20
OI0008201,ORD004111,PROD00002,2.0,0
OI0008202,ORD004112,PROD00352,1.0,15
OI0008203,ORD004113,PROD00107,1.0,20
OI0008204,ORD004114,PROD00018,2.0,10
OI0008205,ORD004114,PROD00548,1.0,0
OI0008206,ORD004115,PROD00430,4.0,15
OI0008207,ORD004115,PROD00282,1.0,20
OI0008208,ORD004115,PROD00268,5.0,0
OI0008209,ORD004115,PROD00331,10.0,15
OI0008210,ORD004116,PROD00208,5.0,0
OI0008211,ORD004116,PROD00420,2.0,25
OI0008212,ORD004117,PROD00561,5.0,0
OI0008213,ORD004117,PROD00008,1.0,0
OI0008214,ORD004118,PROD00274,2.0,15
OI0008215,ORD004119,PROD00049,1.0,25
OI0008216,ORD004120,PROD00285,3.0,0
OI0008217,ORD004120,PROD00035,4.0,10
OI0008218,ORD004121,PROD00361,4.0,0
OI0008219,ORD004121,PROD00364,4.0,25
OI0008220,ORD004121,PROD00434,2.0,10
OI0008221,ORD004121,PROD00548,4.0,0
OI0008222,ORD004122,PROD00211,-1.0,5
OI0008223,ORD004122,PROD00287,10.0,15
OI0008224,ORD004122,PROD00381,10.0,20
OI0008225,ORD004123,PROD00300,1.0,10
OI0008226,ORD004123,PROD00419,2.0,20
OI0008227,ORD004123,PROD00187,1.0,25
OI0008228,ORD004124,PROD00477,-1.0,5
OI0008229,ORD004124,PROD00484,-1.0,25
OI0008230,ORD004125,PROD00540,,20
OI0008231,ORD004126,PROD00523,1.0,15
OI0008232,ORD004127,PROD00055,-1.0,25
OI0008233,ORD004127,PROD00277,4.0,5
OI0008234,ORD004128,PROD00363,2.0,0
OI0008235,ORD004128,PROD9135,1.0,5
OI0008236,ORD004128,PROD00314,1.0,5
OI0008237,ORD004129,PROD00223,1.0,15
OI0008238,ORD004130,PROD00498,2.0,0
OI0008239,ORD004130,PROD00574,3.0,5
OI0008240,ORD004130,PROD00524,10.0,25
OI0008241,ORD004130,PROD00453,1.0,0
OI0008242,ORD004131,PROD00157,2.0,0
OI0008243,ORD004132,PROD00089,10.0,10
OI0008244,ORD004132,PROD00492,1.0,0
OI0008245,ORD004132,PROD00467,1.0,10
OI0008246,ORD004132,PROD00205,10.0,15
OI0008247,ORD004133,PROD9215,10.0,0
OI0008248,ORD004134,PROD00036,1.0,0
OI0008249,ORD004135,PROD00471,4.0,0
OI0008250,ORD004135,PROD00206,1.0,0
OI0008251,ORD004136,PROD00096,3.0,25
OI0008252,ORD004137,PROD00007,2.0,15
OI0008253,ORD004137,PROD00155,4.0,10
OI0008254,ORD004137,PROD00014,10.0,0
OI0008255,ORD004137,PROD00127,5.0,15
OI0008256,ORD004138,PROD00465,1.0,0
OI0008257,ORD004138,PROD00073,10.0,25
OI0008258,ORD004138,PROD00457,3.0,0
OI0008259,ORD004138,PROD00143,1.0,5
OI0008260,ORD004139,PROD00578,2.0,0
OI0008261,ORD004140,PROD00254,3.0,0
OI0008262,ORD004140,PROD00287,1.0,0
OI0008263,ORD004141,PROD00381,2.0,0
OI0008264,ORD004141,PROD00340,-1.0,15
OI0008265,ORD004142,PROD00057,-1.0,0
OI0008266,ORD004142,PROD00093,2.0,5
OI0008267,ORD004143,PROD00242,5.0,20
OI0008268,ORD004143,PROD00579,1.0,0
OI0008269,ORD004144,PROD00337,1.0,0
OI0008270,ORD004145,PROD00475,3.0,25
OI0008271,ORD004146,PROD00519,1.0,25
OI0008272,ORD004146,PROD00034,10.0,0
OI0008273,ORD004147,PROD00132,1.0,0
OI0008274,ORD004147,PROD00380,-1.0,0
OI0008275,ORD004147,PROD00230,1.0,0
OI0008276,ORD004148,PROD00381,10.0,0
OI0008277,ORD004149,PROD00115,2.0,0
OI0008278,ORD004150,PROD00379,2.0,0
OI0008279,ORD004151,PROD00342,2.0,15
OI0008280,ORD004151,PROD00538,2.0,0
OI0008281,ORD004151,PROD00080,-1.0,0
OI0008282,ORD004152,PROD00004,1.0,10
OI0008283,ORD004153,PROD00164,2.0,0
OI0008284,ORD004153,PROD00245,5.0,0
OI0008285,ORD004154,PROD00552,-1.0,0
OI0008286,ORD004154,PROD00185,10.0,5
OI0008287,ORD004154,PROD00074,2.0,0
OI0008288,ORD004155,PROD00440,4.0,0
OI0008289,ORD004156,PROD00004,10.0,25
OI0008290,ORD004157,PROD00283,-1.0,15
OI0008291,ORD004158,PROD00257,10.0,10
OI0008292,ORD004159,PROD00512,10.0,0
OI0008293,ORD004159,PROD00456,1.0,0
OI0008294,ORD004160,PROD9892,2.0,5
OI0008295,ORD004160,PROD00553,500.0,10
OI0008296,ORD004161,PROD00518,3.0,0
OI0008297,ORD004162,PROD00582,1.0,25
OI0008298,ORD004163,PROD00514,5.0,15
OI0008299,ORD004163,PROD00599,3.0,0
OI0008300,ORD004164,PROD00142,1.0,0
OI0008301,ORD004164,PROD00477,10.0,0
OI0008302,ORD004164,PROD00185,1.0,0
OI0008303,ORD004164,PROD00174,1.0,25
OI0008304,ORD004165,PROD00336,-1.0,15
OI0008305,ORD004166,PROD00421,1.0,0
OI0008306,ORD004166,PROD00173,5.0,5
OI0008307,ORD004167,PROD00314,1.0,5
OI0008308,ORD004167,PROD00572,2.0,15
OI0008309,ORD004167,PROD00536,3.0,10
OI0008310,ORD004168,PROD00474,-1.0,0
OI0008311,ORD004169,PROD00440,1.0,20
OI0008312,ORD004169,PROD00484,3.0,0
OI0008313,ORD004169,PROD00013,1.0,20
OI0008314,ORD004170,PROD00399,4.0,0
OI0008315,ORD004170,PROD00095,3.0,5
OI0008316,ORD004170,PROD00054,5.0,0
OI0008317,ORD004171,PROD00091,10.0,0
OI0008318,ORD004171,PROD00255,2.0,15
OI0008319,ORD004172,PROD00216,5.0,5
OI0008320,ORD004172,PROD00594,4.0,0
OI0008321,ORD004173,PROD00291,1.0,5
OI0008322,ORD004174,PROD00382,2.0,25
OI0008323,ORD004174,PROD00071,5.0,25
OI0008324,ORD004175,PROD00461,3.0,0
OI0008325,ORD004175,PROD00321,1.0,20
OI0008326,ORD004175,PROD00125,1.0,15
OI0008327,ORD004175,PROD00404,4.0,10
OI0008328,ORD004176,PROD00008,1.0,10
OI0008329,ORD004177,PROD00066,1.0,10
OI0008330,ORD004178,PROD00523,5.0,15
OI0008331,ORD004179,PROD00254,2.0,20
OI0008332,ORD004179,PROD00255,1.0,0
OI0008333,ORD004179,PROD00349,1.0,0
OI0008334,ORD004179,PROD00486,1.0,10
OI0008335,ORD004180,PROD00225,3.0,10
OI0008336,ORD004181,PROD00437,4.0,0
OI0008337,ORD004181,PROD00427,1.0,15
OI0008338,ORD004181,PROD00099,5.0,0
OI0008339,ORD004181,PROD00475,3.0,15
OI0008340,ORD004182,PROD00500,4.0,25
OI0008341,ORD004183,PROD00385,4.0,0
OI0008342,ORD004184,PROD00429,-1.0,10
OI0008343,ORD004184,PROD00087,2.0,10
OI0008344,ORD004184,PROD00519,2.0,25
OI0008345,ORD004185,PROD00132,1.0,0
OI0008346,ORD004186,PROD00332,5.0,0
OI0008347,ORD004186,PROD00057,1.0,15
OI0008348,ORD004186,PROD00493,3.0,0
OI0008349,ORD004187,PROD00086,2.0,0
OI0008350,ORD004187,PROD00076,2.0,5
OI0008351,ORD004187,PROD00320,4.0,10
OI0008352,ORD004187,PROD00523,1.0,20
OI0008353,ORD004188,PROD00269,3.0,10
OI0008354,ORD004189,PROD00560,10.0,15
OI0008355,ORD004190,PROD00012,2.0,0
OI0008356,ORD004191,PROD00362,-1.0,25
OI0008357,ORD004191,PROD00341,10.0,5
OI0008358,ORD004191,PROD00382,2.0,0
OI0008359,ORD004191,PROD00567,2.0,20
OI0008360,ORD004192,PROD00361,1.0,5
OI0008361,ORD004193,PROD00174,1.0,25
OI0008362,ORD004193,PROD00567,2.0,0
OI0008363,ORD004194,PROD00532,1.0,25
OI0008364,ORD004194,PROD00326,1.0,5
OI0008365,ORD004195,PROD00420,3.0,10
OI0008366,ORD004195,PROD00589,1.0,5
OI0008367,ORD004195,PROD00245,1.0,0
OI0008368,ORD004195,PROD00323,1.0,20
OI0008369,ORD004196,PROD00093,1.0,10
OI0008370,ORD004197,PROD00539,3.0,15
OI0008371,ORD004198,PROD00483,10.0,0
OI0008372,ORD004199,PROD00289,1.0,0
OI0008373,ORD004200,PROD00012,1.0,0
OI0008374,ORD004200,PROD00282,2.0,20
OI0008375,ORD004201,PROD00392,2.0,10
OI0008376,ORD004201,PROD00029,2.0,0
OI0008377,ORD004201,PROD00285,2.0,15
OI0008378,ORD004201,PROD00556,4.0,10
OI0008379,ORD004202,PROD00236,3.0,15
OI0008380,ORD004202,PROD00127,5.0,5
OI0008381,ORD004203,PROD00355,4.0,10
OI0008382,ORD004204,PROD00345,5.0,20
OI0008383,ORD004204,PROD00489,5.0,10
OI0008384,ORD004204,PROD00140,5.0,5
OI0008385,ORD004205,PROD00125,2.0,25
OI0008386,ORD004205,PROD00120,2.0,0
OI0008387,ORD004205,PROD00151,-1.0,0
OI0008388,ORD004206,PROD00066,5.0,0
OI0008389,ORD004206,PROD00479,4.0,5
OI0008390,ORD004206,PROD00216,2.0,25
OI0008391,ORD004206,PROD00195,2.0,0
OI0008392,ORD004207,PROD00301,5.0,5
OI0008393,ORD004208,PROD00340,2.0,25
OI0008394,ORD004208,PROD00389,2.0,15
OI0008395,ORD004208,PROD00073,-1.0,0
OI0008396,ORD004208,PROD00409,5.0,10
OI0008397,ORD004209,PROD00199,5.0,20
OI0008398,ORD004210,PROD00250,10.0,0
OI0008399,ORD004210,PROD00281,1.0,10
OI0008400,ORD004210,PROD00155,-1.0,0
OI0008401,ORD004210,PROD00185,10.0,5
OI0008402,ORD004211,PROD00385,10.0,0
OI0008403,ORD004211,PROD00481,2.0,20
OI0008404,ORD004212,PROD00152,-1.0,10
OI0008405,ORD004213,PROD00225,3.0,5
OI0008406,ORD004214,PROD00162,4.0,5
OI0008407,ORD004215,PROD00283,4.0,15
OI0008408,ORD004216,PROD00559,1.0,5
OI0008409,ORD004216,PROD00497,4.0,10
OI0008410,ORD004217,PROD00154,10.0,20
OI0008411,ORD004217,PROD00468,-1.0,20
OI0008412,ORD004218,PROD00436,5.0,15
OI0008413,ORD004219,PROD00577,1.0,5
OI0008414,ORD004219,PROD00523,-1.0,20
OI0008415,ORD004220,PROD00541,10.0,5
OI0008416,ORD004220,PROD00584,-1.0,0
OI0008417,ORD004220,PROD00487,10.0,0
OI0008418,ORD004221,PROD00200,2.0,20
OI0008419,ORD004221,PROD00334,4.0,5
OI0008420,ORD004222,PROD00199,-1.0,5
OI0008421,ORD004223,PROD00539,1.0,0
OI0008422,ORD004223,PROD00152,2.0,0
OI0008423,ORD004224,PROD00521,1.0,15
OI0008424,ORD004224,PROD00170,5.0,0
OI0008425,ORD004225,PROD00049,-1.0,10
OI0008426,ORD004225,PROD00198,-1.0,0
OI0008427,ORD004226,PROD00250,10.0,25
OI0008428,ORD004227,PROD00014,4.0,5
OI0008429,ORD004227,PROD00424,2.0,0
OI0008430,ORD004228,PROD00419,1.0,15
OI0008431,ORD004229,PROD00570,1.0,25
OI0008432,ORD004230,PROD00373,10.0,15
OI0008433,ORD004231,PROD00476,4.0,0
OI0008434,ORD004231,PROD00429,5.0,20
OI0008435,ORD004231,PROD00571,5.0,5
OI0008436,ORD004232,PROD00311,4.0,0
OI0008437,ORD004232,PROD00272,-1.0,0
OI0008438,ORD004233,PROD00108,4.0,20
OI0008439,ORD004234,PROD00403,-1.0,0
OI0008440,ORD004235,PROD00331,2.0,0
OI0008441,ORD004235,PROD00198,2.0,15
OI0008442,ORD004235,PROD00277,10.0,0
OI0008443,ORD004235,PROD00184,1.0,5
OI0008444,ORD004236,PROD00308,2.0,5
OI0008445,ORD004237,PROD00389,2.0,0
OI0008446,ORD004237,PROD00347,10.0,0
OI0008447,ORD004237,PROD00062,2.0,15
OI0008448,ORD004237,PROD00564,10.0,0
OI0008449,ORD004238,PROD00338,2.0,25
OI0008450,ORD004239,PROD00211,1.0,5
OI0008451,ORD004240,PROD00226,2.0,25
OI0008452,ORD004240,PROD00392,1.0,10
OI0008453,ORD004241,PROD00366,2.0,0
OI0008454,ORD004241,PROD00482,1.0,0
OI0008455,ORD004242,PROD00498,1.0,0
OI0008456,ORD004242,PROD00161,10.0,0
OI0008457,ORD004243,PROD00423,5.0,5
OI0008458,ORD004243,PROD00448,-1.0,10
OI0008459,ORD004243,PROD00443,10.0,0
OI0008460,ORD004243,PROD00477,5.0,0
OI0008461,ORD004244,PROD00170,2.0,20
OI0008462,ORD004244,PROD00050,2.0,5
OI0008463,ORD004244,PROD00003,1.0,20
OI0008464,ORD004244,PROD00125,1.0,25
OI0008465,ORD004245,PROD00145,1.0,0
OI0008466,ORD004245,PROD00208,5.0,0
OI0008467,ORD004246,PROD00057,3.0,10
OI0008468,ORD004247,PROD00323,1.0,10
OI0008469,ORD004247,PROD00438,5.0,20
OI0008470,ORD004248,PROD00113,1.0,25
OI0008471,ORD004248,PROD00022,2.0,0
OI0008472,ORD004249,PROD00170,2.0,0
OI0008473,ORD004249,PROD00051,1.0,25
OI0008474,ORD004250,PROD00402,1.0,5
OI0008475,ORD004250,PROD00137,1.0,15
OI0008476,ORD004251,PROD00082,1.0,20
OI0008477,ORD004251,PROD00452,2.0,0
OI0008478,ORD004252,PROD00457,2.0,0
OI0008479,ORD004252,PROD00298,2.0,0
OI0008480,ORD004252,PROD00025,1.0,10
OI0008481,ORD004252,PROD00446,1.0,10
OI0008482,ORD004253,PROD00126,1.0,0
OI0008483,ORD004254,PROD00237,1.0,0
OI0008484,ORD004254,PROD00155,4.0,0
OI0008485,ORD004255,PROD00188,-1.0,0
OI0008486,ORD004256,PROD00178,1.0,0
OI0008487,ORD004256,PROD00597,-1.0,20
OI0008488,ORD004256,PROD00547,10.0,5
OI0008489,ORD004257,PROD00465,1.0,15
OI0008490,ORD004257,PROD00273,10.0,10
OI0008491,ORD004257,PROD00474,5.0,20
OI0008492,ORD004257,PROD00521,-1.0,20
OI0008493,ORD004258,PROD00035,2.0,15
OI0008494,ORD004258,PROD00009,-1.0,20
OI0008495,ORD004259,PROD00117,4.0,0
OI0008496,ORD004259,PROD00239,1.0,25
OI0008497,ORD004260,PROD00107,2.0,15
OI0008498,ORD004260,PROD00418,3.0,20
OI0008499,ORD004260,PROD00264,5.0,25
OI0008500,ORD004260,PROD00209,1.0,5
OI0008501,ORD004261,PROD00373,-1.0,5
OI0008502,ORD004261,PROD00043,-1.0,15
OI0008503,ORD004261,PROD00177,-1.0,0
OI0008504,ORD004261,PROD00182,2.0,25
OI0008505,ORD004262,PROD00554,-1.0,10
OI0008506,ORD004262,PROD00020,1.0,0
OI0008507,ORD004263,PROD00380,3.0,20
OI0008508,ORD004263,PROD00310,10.0,5
OI0008509,ORD004264,PROD00263,1.0,15
OI0008510,ORD004264,PROD00542,4.0,0
OI0008511,ORD004264,PROD00227,1.0,0
OI0008512,ORD004264,PROD00260,-1.0,0
OI0008513,ORD004265,PROD9537,1.0,25
OI0008514,ORD004265,PROD00579,3.0,20
OI0008515,ORD004266,PROD00596,2.0,20
OI0008516,ORD004267,PROD00222,10.0,0
OI0008517,ORD004267,PROD00062,1.0,0
OI0008518,ORD004268,PROD00314,1.0,20
OI0008519,ORD004269,PROD00534,3.0,5
OI0008520,ORD004270,PROD00578,1.0,0
OI0008521,ORD004270,PROD00441,1.0,20
OI0008522,ORD004271,PROD00206,2.0,15
OI0008523,ORD004271,PROD00137,-1.0,0
OI0008524,ORD004271,PROD00511,3.0,20
OI0008525,ORD004272,PROD00292,1.0,25
OI0008526,ORD004272,PROD00553,1.0,10
OI0008527,ORD004272,PROD00429,-1.0,5
OI0008528,ORD004272,PROD00489,3.0,20
OI0008529,ORD004273,PROD00219,2.0,5
OI0008530,ORD004273,PROD00196,1.0,0
OI0008531,ORD004274,PROD00026,2.0,10
OI0008532,ORD004275,PROD00548,1.0,0
OI0008533,ORD004275,PROD00314,1.0,0
OI0008534,ORD004275,PROD00470,10.0,15
OI0008535,ORD004276,PROD00013,5.0,0
OI0008536,ORD004276,PROD00174,-1.0,0
OI0008537,ORD004276,PROD00534,10.0,20
OI0008538,ORD004277,PROD00142,4.0,20
OI0008539,ORD004277,PROD00056,2.0,20
OI0008540,ORD004277,PROD00334,1.0,0
OI0008541,ORD004277,PROD00548,-1.0,0
OI0008542,ORD004278,PROD00378,1.0,0
OI0008543,ORD004279,PROD00513,10.0,15
OI0008544,ORD004280,PROD00326,2.0,20
OI0008545,ORD004281,PROD00364,5.0,0
OI0008546,ORD004282,PROD00369,5.0,0
OI0008547,ORD004282,PROD00131,5.0,0
OI0008548,ORD004282,PROD00553,3.0,0
OI0008549,ORD004283,PROD00140,3.0,10
OI0008550,ORD004283,PROD00215,-1.0,25
OI0008551,ORD004283,PROD00345,1.0,0
OI0008552,ORD004283,PROD00190,-1.0,15
OI0008553,ORD004284,PROD00589,2.0,5
OI0008554,ORD004284,PROD00574,4.0,25
OI0008555,ORD004284,PROD00440,2.0,20
OI0008556,ORD004285,PROD00078,4.0,25
OI0008557,ORD004285,PROD00419,2.0,0
OI0008558,ORD004285,PROD00281,1.0,10
OI0008559,ORD004285,PROD00442,2.0,5
OI0008560,ORD004286,PROD00479,2.0,5
OI0008561,ORD004286,PROD00232,1.0,0
OI0008562,ORD004286,PROD00157,1.0,0
OI0008563,ORD004286,PROD00067,-1.0,20
OI0008564,ORD004287,PROD00293,5.0,10
OI0008565,ORD004287,PROD00353,2.0,0
OI0008566,ORD004287,PROD00127,2.0,20
OI0008567,ORD004288,PROD00335,1.0,0
OI0008568,ORD004289,PROD00089,3.0,15
OI0008569,ORD004289,PROD00418,1.0,25
OI0008570,ORD004289,PROD00320,1.0,15
OI0008571,ORD004290,PROD00081,4.0,10
OI0008572,ORD004291,PROD00081,3.0,5
OI0008573,ORD004291,PROD00526,-1.0,5
OI0008574,ORD004292,PROD00348,1.0,0
OI0008575,ORD004292,PROD00422,1.0,5
OI0008576,ORD004292,PROD00421,2.0,10
OI0008577,ORD004293,PROD00266,-1.0,10
OI0008578,ORD004294,PROD00469,2.0,25
OI0008579,ORD004294,PROD00308,10.0,0
OI0008580,ORD004294,PROD00185,1.0,25
OI0008581,ORD004294,PROD00229,1.0,0
OI0008582,ORD004295,PROD00450,4.0,20
OI0008583,ORD004295,PROD00248,4.0,0
OI0008584,ORD004296,PROD00411,10.0,0
OI0008585,ORD004296,PROD00579,5.0,15
OI0008586,ORD004297,PROD00200,10.0,15
OI0008587,ORD004297,PROD00241,5.0,10
OI0008588,ORD004298,PROD00286,1.0,5
OI0008589,ORD004298,PROD00201,1.0,20
OI0008590,ORD004299,PROD00401,2.0,15
OI0008591,ORD004300,PROD00403,2.0,15
OI0008592,ORD004300,PROD00256,4.0,15
OI0008593,ORD004301,PROD00204,4.0,10
OI0008594,ORD004302,PROD00300,1.0,10
OI0008595,ORD004303,PROD00132,-1.0,0
OI0008596,ORD004303,PROD00357,2.0,25
OI0008597,ORD004304,PROD00455,2.0,20
OI0008598,ORD004304,PROD00153,4.0,10
OI0008599,ORD004304,PROD00046,1.0,15
OI0008600,ORD004305,PROD00067,3.0,25
OI0008601,ORD004305,PROD00164,1.0,15
OI0008602,ORD004306,PROD00465,-1.0,10
OI0008603,ORD004307,PROD00074,1.0,25
OI0008604,ORD004308,PROD9827,1.0,15
OI0008605,ORD004308,PROD00448,4.0,15
OI0008606,ORD004308,PROD00285,4.0,10
OI0008607,ORD004308,PROD00171,1.0,0
OI0008608,ORD004309,PROD00563,-1.0,20
OI0008609,ORD004309,PROD00177,1.0,0
OI0008610,ORD004310,PROD00133,4.0,20
OI0008611,ORD004310,PROD00012,-1.0,0
OI0008612,ORD004310,PROD00224,1.0,0
OI0008613,ORD004311,PROD00267,5.0,20
OI0008614,ORD004311,PROD00086,-1.0,10
OI0008615,ORD004311,PROD00486,5.0,0
OI0008616,ORD004312,PROD00372,3.0,25
OI0008617,ORD004312,PROD00534,2.0,10
OI0008618,ORD004312,PROD00587,2.0,0
OI0008619,ORD004313,PROD00063,2.0,15
OI0008620,ORD004314,PROD00377,5.0,0
OI0008621,ORD004315,PROD00349,5.0,15
OI0008622,ORD004315,PROD00420,3.0,0
OI0008623,ORD004316,PROD00508,2.0,10
OI0008624,ORD004316,PROD00505,2.0,15
OI0008625,ORD004316,PROD00030,10.0,15
OI0008626,ORD004317,PROD00196,1.0,20
OI0008627,ORD004317,PROD00022,2.0,10
OI0008628,ORD004317,PROD00356,1.0,5
OI0008629,ORD004318,PROD00323,3.0,5
OI0008630,ORD004319,PROD00564,5.0,10
OI0008631,ORD004319,PROD00409,4.0,0
OI0008632,ORD004319,PROD00134,2.0,5
OI0008633,ORD004320,PROD00368,1.0,0
OI0008634,ORD004320,PROD00099,-1.0,10
OI0008635,ORD004321,PROD00592,3.0,15
OI0008636,ORD004322,PROD00269,1.0,0
OI0008637,ORD004322,PROD00149,1.0,20
OI0008638,ORD004322,PROD00497,-1.0,10
OI0008639,ORD004322,PROD00436,-1.0,25
OI0008640,ORD004323,PROD00073,-1.0,0
OI0008641,ORD004324,PROD00301,2.0,10
OI0008642,ORD004325,PROD00358,10.0,0
OI0008643,ORD004325,PROD00113,1.0,0
OI0008644,ORD004325,PROD00493,2.0,25
OI0008645,ORD004326,PROD00002,5.0,0
OI0008646,ORD004327,PROD00070,5.0,0
OI0008647,ORD004327,PROD00016,4.0,10
OI0008648,ORD004328,PROD00463,5.0,0
OI0008649,ORD004328,PROD00207,-1.0,0
OI0008650,ORD004329,PROD00210,2.0,0
OI0008651,ORD004330,PROD00193,5.0,15
OI0008652,ORD004331,PROD00248,1.0,0
OI0008653,ORD004332,PROD00444,1.0,20
OI0008654,ORD004332,PROD00201,10.0,20
OI0008655,ORD004333,PROD00027,3.0,25
OI0008656,ORD004333,PROD00271,4.0,10
OI0008657,ORD004333,PROD00179,10.0,20
OI0008658,ORD004333,PROD00053,4.0,10
OI0008659,ORD004334,PROD00089,2.0,20
OI0008660,ORD004335,PROD00119,3.0,0
OI0008661,ORD004336,PROD00251,-1.0,15
OI0008662,ORD004337,PROD00273,10.0,0
OI0008663,ORD004337,PROD00598,1.0,25
OI0008664,ORD004338,PROD00277,1.0,20
OI0008665,ORD004338,PROD00487,5.0,0
OI0008666,ORD004338,PROD00163,4.0,20
OI0008667,ORD004338,PROD00251,1.0,0
OI0008668,ORD004339,PROD00446,1.0,10
OI0008669,ORD004339,PROD00066,1.0,25
OI0008670,ORD004340,PROD00023,3.0,0
OI0008671,ORD004340,PROD00117,3.0,0
OI0008672,ORD004341,PROD00482,-1.0,25
OI0008673,ORD004341,PROD00595,4.0,15
OI0008674,ORD004341,PROD00456,4.0,10
OI0008675,ORD004342,PROD00140,1.0,25
OI0008676,ORD004342,PROD00431,5.0,25
OI0008677,ORD004343,PROD00189,2.0,10
OI0008678,ORD004343,PROD00216,-1.0,0
OI0008679,ORD004343,PROD00047,2.0,20
OI0008680,ORD004343,PROD00122,4.0,25
OI0008681,ORD004344,PROD00212,4.0,15
OI0008682,ORD004344,PROD00050,-1.0,10
OI0008683,ORD004344,PROD00321,1.0,15
OI0008684,ORD004344,PROD00343,1.0,25
OI0008685,ORD004345,PROD00024,5.0,0
OI0008686,ORD004346,PROD00340,5.0,0
OI0008687,ORD004346,PROD00571,1.0,0
OI0008688,ORD004346,PROD00145,5.0,0
OI0008689,ORD004347,PROD00189,4.0,0
OI0008690,ORD004347,PROD00330,1.0,5
OI0008691,ORD004348,PROD00287,1.0,20
OI0008692,ORD004348,PROD00299,1.0,20
OI0008693,ORD004348,PROD00370,1.0,0
OI0008694,ORD004348,PROD00174,1.0,15
OI0008695,ORD004349,PROD00477,1.0,0
OI0008696,ORD004350,PROD00450,3.0,0
OI0008697,ORD004351,PROD00118,10.0,0
OI0008698,ORD004351,PROD00472,3.0,20
OI0008699,ORD004352,PROD00125,-1.0,5
OI0008700,ORD004353,PROD00439,5.0,5
OI0008701,ORD004354,PROD00576,10.0,5
OI0008702,ORD004355,PROD00215,10.0,20
OI0008703,ORD004355,PROD00249,1.0,10
OI0008704,ORD004355,PROD00371,4.0,10
OI0008705,ORD004355,PROD00312,2.0,5
OI0008706,ORD004356,PROD00459,1.0,0
OI0008707,ORD004357,PROD9694,4.0,0
OI0008708,ORD004357,PROD00086,2.0,0
OI0008709,ORD004358,PROD00502,2.0,0
OI0008710,ORD004358,PROD00348,1.0,0
OI0008711,ORD004358,PROD00263,2.0,5
OI0008712,ORD004358,PROD00594,5.0,15
OI0008713,ORD004359,PROD00216,3.0,15
OI0008714,ORD004360,PROD00537,10.0,0
OI0008715,ORD004360,PROD00128,10.0,25
OI0008716,ORD004361,PROD9068,2.0,15
OI0008717,ORD004362,PROD00495,10.0,25
OI0008718,ORD004363,PROD00248,3.0,10
OI0008719,ORD004363,PROD00013,2.0,15
OI0008720,ORD004363,PROD00580,10.0,25
OI0008721,ORD004363,PROD00272,2.0,20
OI0008722,ORD004364,PROD00155,1.0,0
OI0008723,ORD004365,PROD00013,,25
OI0008724,ORD004365,PROD00214,2.0,25
OI0008725,ORD004365,PROD00115,1.0,25
OI0008726,ORD004366,PROD00082,-1.0,0
OI0008727,ORD004367,PROD00093,1.0,25
OI0008728,ORD004368,PROD00099,-1.0,20
OI0008729,ORD004368,PROD00428,3.0,10
OI0008730,ORD004368,PROD00022,4.0,5
OI0008731,ORD004369,PROD00186,5.0,0
OI0008732,ORD004370,PROD00542,1.0,0
OI0008733,ORD004370,PROD00110,2.0,0
OI0008734,ORD004371,PROD00297,1.0,25
OI0008735,ORD004372,PROD00074,1.0,25
OI0008736,ORD004372,PROD00158,-1.0,0
OI0008737,ORD004373,PROD00168,5.0,20
OI0008738,ORD004373,PROD00001,5.0,10
OI0008739,ORD004373,PROD00501,5.0,0
OI0008740,ORD004373,PROD00465,2.0,0
OI0008741,ORD004374,PROD00130,1.0,0
OI0008742,ORD004374,PROD00323,3.0,10
OI0008743,ORD004374,PROD00424,1.0,25
OI0008744,ORD004374,PROD00255,1.0,25
OI0008745,ORD004375,PROD00315,3.0,0
OI0008746,ORD004376,PROD00596,4.0,25
OI0008747,ORD004376,PROD00255,-1.0,0
OI0008748,ORD004377,PROD00186,3.0,10
OI0008749,ORD004377,PROD00077,3.0,10
OI0008750,ORD004378,PROD00403,1.0,10
OI0008751,ORD004379,PROD00201,2.0,0
OI0008752,ORD004380,PROD00127,2.0,5
OI0008753,ORD004380,PROD00388,5.0,20
OI0008754,ORD004380,PROD00064,1.0,25
OI0008755,ORD004381,PROD00485,3.0,0
OI0008756,ORD004381,PROD00041,10.0,15
OI0008757,ORD004382,PROD00497,10.0,20
OI0008758,ORD004383,PROD00463,2.0,5
OI0008759,ORD004383,PROD00037,4.0,0
OI0008760,ORD004383,PROD00006,3.0,5
OI0008761,ORD004384,PROD00499,1.0,5
OI0008762,ORD004385,PROD00411,-1.0,15
OI0008763,ORD004386,PROD00455,1.0,25
OI0008764,ORD004387,PROD00080,2.0,0
OI0008765,ORD004388,PROD00014,4.0,25
OI0008766,ORD004389,PROD00016,10.0,10
OI0008767,ORD004389,PROD00491,1.0,10
OI0008768,ORD004389,PROD00023,1.0,5
OI0008769,ORD004390,PROD00467,1.0,10
OI0008770,ORD004391,PROD00422,10.0,20
OI0008771,ORD004391,PROD00580,1.0,15
OI0008772,ORD004391,PROD00259,1.0,15
OI0008773,ORD004392,PROD00564,1.0,5
OI0008774,ORD004392,PROD00073,-1.0,20
OI0008775,ORD004393,PROD00185,2.0,15
OI0008776,ORD004393,PROD00189,1.0,0
OI0008777,ORD004393,PROD00468,10.0,25
OI0008778,ORD004393,PROD00189,1.0,0
OI0008779,ORD004394,PROD00446,2.0,0
OI0008780,ORD004394,PROD00058,-1.0,20
OI0008781,ORD004395,PROD00219,10.0,0
OI0008782,ORD004395,PROD00290,1.0,0
OI0008783,ORD004395,PROD00093,4.0,10
OI0008784,ORD004396,PROD00017,10.0,10
OI0008785,ORD004397,PROD00217,5.0,10
OI0008786,ORD004397,PROD00007,500.0,20
OI0008787,ORD004398,PROD00004,4.0,25
OI0008788,ORD004399,PROD00406,2.0,15
OI0008789,ORD004399,PROD00415,2.0,10
OI0008790,ORD004400,PROD00031,1.0,5
OI0008791,ORD004401,PROD00054,3.0,5
OI0008792,ORD004402,PROD00283,4.0,25
OI0008793,ORD004402,PROD00583,1.0,0
OI0008794,ORD004402,PROD00056,3.0,0
OI0008795,ORD004402,PROD00453,-1.0,0
OI0008796,ORD004403,PROD00151,1.0,20
OI0008797,ORD004403,PROD00396,1.0,20
OI0008798,ORD004404,PROD00106,2.0,0
OI0008799,ORD004404,PROD00169,10.0,10
OI0008800,ORD004405,PROD00512,5.0,15
OI0008801,ORD004405,PROD00456,2.0,5
OI0008802,ORD004405,PROD00595,4.0,0
OI0008803,ORD004406,PROD00506,2.0,0
OI0008804,ORD004406,PROD00181,5.0,15
OI0008805,ORD004407,PROD00266,5.0,25
OI0008806,ORD004408,PROD00566,5.0,10
OI0008807,ORD004409,PROD00152,1.0,0
OI0008808,ORD004409,PROD00485,2.0,20
OI0008809,ORD004410,PROD00050,5.0,25
OI0008810,ORD004411,PROD00317,2.0,0
OI0008811,ORD004411,PROD00567,1.0,15
OI0008812,ORD004411,PROD00282,2.0,25
OI0008813,ORD004412,PROD00010,2.0,0
OI0008814,ORD004412,PROD00550,1.0,25
OI0008815,ORD004413,PROD00222,5.0,10
OI0008816,ORD004414,PROD00167,1.0,5
OI0008817,ORD004415,PROD00118,3.0,15
OI0008818,ORD004415,PROD00514,10.0,25
OI0008819,ORD004416,PROD00281,2.0,0
OI0008820,ORD004417,PROD00156,10.0,15
OI0008821,ORD004417,PROD00193,10.0,0
OI0008822,ORD004417,PROD00426,1.0,20
OI0008823,ORD004418,PROD00246,1.0,0
OI0008824,ORD004418,PROD00526,3.0,25
OI0008825,ORD004418,PROD00094,1.0,15
OI0008826,ORD004419,PROD00109,-1.0,25
OI0008827,ORD004420,PROD00461,1.0,10
OI0008828,ORD004420,PROD00169,2.0,5
OI0008829,ORD004421,PROD00036,3.0,15
OI0008830,ORD004422,PROD00550,2.0,10
OI0008831,ORD004422,PROD00138,1.0,0
OI0008832,ORD004422,PROD00350,2.0,25
OI0008833,ORD004423,PROD00465,1.0,15
OI0008834,ORD004424,PROD00111,1.0,0
OI0008835,ORD004424,PROD00329,1.0,0
OI0008836,ORD004424,PROD9844,1.0,20
OI0008837,ORD004424,PROD00189,500.0,25
OI0008838,ORD004425,PROD00365,4.0,15
OI0008839,ORD004426,PROD00212,-1.0,10
OI0008840,ORD004426,PROD00262,1.0,0
OI0008841,ORD004426,PROD00450,5.0,25
OI0008842,ORD004427,PROD00403,5.0,0
OI0008843,ORD004428,PROD00367,2.0,15
OI0008844,ORD004428,PROD00502,-1.0,10
OI0008845,ORD004429,PROD00403,3.0,20
OI0008846,ORD004429,PROD00237,3.0,5
OI0008847,ORD004429,PROD00153,10.0,0
OI0008848,ORD004430,PROD00137,4.0,15
OI0008849,ORD004430,PROD00164,2.0,0
OI0008850,ORD004430,PROD00486,1.0,20
OI0008851,ORD004430,PROD00581,5.0,0
OI0008852,ORD004431,PROD00460,2.0,10
OI0008853,ORD004432,PROD00056,1.0,10
OI0008854,ORD004432,PROD00159,4.0,0
OI0008855,ORD004432,PROD00387,-1.0,0
OI0008856,ORD004432,PROD00061,4.0,25
OI0008857,ORD004433,PROD00508,2.0,25
OI0008858,ORD004434,PROD00052,-1.0,10
OI0008859,ORD004434,PROD00555,5.0,5
OI0008860,ORD004435,PROD00240,1.0,15
OI0008861,ORD004435,PROD00533,2.0,0
OI0008862,ORD004435,PROD00015,1.0,0
OI0008863,ORD004436,PROD00351,5.0,15
OI0008864,ORD004437,PROD00589,-1.0,5
OI0008865,ORD004437,PROD00074,2.0,5
OI0008866,ORD004438,PROD00034,4.0,0
OI0008867,ORD004438,PROD00533,10.0,0
OI0008868,ORD004439,PROD00347,1.0,0
OI0008869,ORD004439,PROD00447,3.0,20
OI0008870,ORD004439,PROD00579,1.0,5
OI0008871,ORD004439,PROD00028,5.0,15
OI0008872,ORD004440,PROD00173,5.0,15
OI0008873,ORD004441,PROD00560,5.0,20
OI0008874,ORD004441,PROD00008,10.0,15
OI0008875,ORD004442,PROD00206,4.0,15
OI0008876,ORD004442,PROD00599,3.0,25
OI0008877,ORD004442,PROD00052,5.0,0
OI0008878,ORD004443,PROD00187,2.0,20
OI0008879,ORD004443,PROD00457,1.0,0
OI0008880,ORD004444,PROD00121,1.0,10
OI0008881,ORD004445,PROD00301,1.0,25
OI0008882,ORD004446,PROD00085,1.0,0
OI0008883,ORD004446,PROD00587,2.0,0
OI0008884,ORD004446,PROD00371,4.0,0
OI0008885,ORD004447,PROD00269,2.0,10
OI0008886,ORD004448,PROD00120,3.0,25
OI0008887,ORD004448,PROD00062,4.0,0
OI0008888,ORD004449,PROD00434,-1.0,5
OI0008889,ORD004450,PROD00060,5.0,5
OI0008890,ORD004450,PROD00298,2.0,20
OI0008891,ORD004451,PROD00119,2.0,0
OI0008892,ORD004452,PROD00326,2.0,10
OI0008893,ORD004452,PROD9745,4.0,15
OI0008894,ORD004453,PROD00521,-1.0,0
OI0008895,ORD004453,PROD00412,-1.0,0
OI0008896,ORD004453,PROD00360,4.0,15
OI0008897,ORD004454,PROD00333,4.0,0
OI0008898,ORD004455,PROD00200,2.0,0
OI0008899,ORD004455,PROD00458,1.0,0
OI0008900,ORD004455,PROD00258,1.0,5
OI0008901,ORD004455,PROD00135,5.0,10
OI0008902,ORD004456,PROD00567,2.0,25
OI0008903,ORD004456,PROD00240,-1.0,25
OI0008904,ORD004456,PROD00224,2.0,25
OI0008905,ORD004457,PROD00289,5.0,0
OI0008906,ORD004457,PROD00532,2.0,15
OI0008907,ORD004458,PROD00456,5.0,25
OI0008908,ORD004458,PROD00425,-1.0,15
OI0008909,ORD004458,PROD00010,1.0,0
OI0008910,ORD004459,PROD00148,-1.0,0
OI0008911,ORD004459,PROD00373,3.0,5
OI0008912,ORD004459,PROD00285,4.0,0
OI0008913,ORD004460,PROD00311,5.0,25
OI0008914,ORD004460,PROD00270,10.0,15
OI0008915,ORD004460,PROD00102,1.0,25
OI0008916,ORD004461,PROD00510,1.0,20
OI0008917,ORD004461,PROD00545,1.0,0
OI0008918,ORD004461,PROD00112,10.0,0
OI0008919,ORD004461,PROD00216,4.0,0
OI0008920,ORD004462,PROD00441,3.0,0
OI0008921,ORD004463,PROD00414,1.0,25
OI0008922,ORD004463,PROD00492,10.0,20
OI0008923,ORD004463,PROD00370,1.0,20
OI0008924,ORD004463,PROD00035,4.0,25
OI0008925,ORD004464,PROD00566,10.0,5
OI0008926,ORD004464,PROD00143,2.0,5
OI0008927,ORD004464,PROD00365,1.0,10
OI0008928,ORD004465,PROD00258,3.0,15
OI0008929,ORD004466,PROD00220,1.0,15
OI0008930,ORD004466,PROD00476,10.0,10
OI0008931,ORD004466,PROD00592,2.0,5
OI0008932,ORD004467,PROD00209,5.0,20
OI0008933,ORD004468,PROD00091,2.0,10
OI0008934,ORD004468,PROD00159,10.0,10
OI0008935,ORD004468,PROD00091,3.0,15
OI0008936,ORD004468,PROD00348,3.0,20
OI0008937,ORD004469,PROD00283,-1.0,20
OI0008938,ORD004469,PROD00195,1.0,0
OI0008939,ORD004470,PROD00523,1.0,0
OI0008940,ORD004471,PROD00084,1.0,5
OI0008941,ORD004472,PROD00392,10.0,10
OI0008942,ORD004473,PROD00169,1.0,5
OI0008943,ORD004473,PROD00540,1.0,10
OI0008944,ORD004474,PROD00342,3.0,0
OI0008945,ORD004475,PROD00383,3.0,0
OI0008946,ORD004475,PROD00444,3.0,25
OI0008947,ORD004476,PROD00207,5.0,0
OI0008948,ORD004477,PROD00230,4.0,0
OI0008949,ORD004478,PROD00273,10.0,0
OI0008950,ORD004479,PROD00454,5.0,0
OI0008951,ORD004480,PROD00437,1.0,0
OI0008952,ORD004480,PROD00460,1.0,0
OI0008953,ORD004481,PROD00452,10.0,0
OI0008954,ORD004481,PROD00436,-1.0,0
OI0008955,ORD004481,PROD00228,2.0,5
OI0008956,ORD004481,PROD00177,2.0,0
OI0008957,ORD004482,PROD00079,-1.0,0
OI0008958,ORD004482,PROD00217,1.0,0
OI0008959,ORD004482,PROD00441,2.0,10
OI0008960,ORD004482,PROD00486,2.0,15
OI0008961,ORD004483,PROD00135,1.0,0
OI0008962,ORD004483,PROD00421,3.0,0
OI0008963,ORD004484,PROD00215,10.0,25
OI0008964,ORD004485,PROD00530,1.0,15
OI0008965,ORD004485,PROD00376,5.0,0
OI0008966,ORD004486,PROD00222,2.0,25
OI0008967,ORD004486,PROD00153,10.0,20
OI0008968,ORD004486,PROD00033,1.0,10
OI0008969,ORD004487,PROD00557,3.0,10
OI0008970,ORD004487,PROD00555,2.0,0
OI0008971,ORD004487,PROD00196,-1.0,20
OI0008972,ORD004488,PROD00391,1.0,0
OI0008973,ORD004489,PROD00367,-1.0,0
OI0008974,ORD004489,PROD00148,3.0,5
OI0008975,ORD004489,PROD00260,3.0,25
OI0008976,ORD004490,PROD00281,3.0,15
OI0008977,ORD004491,PROD00382,1.0,25
OI0008978,ORD004492,PROD00159,4.0,25
OI0008979,ORD004493,PROD00141,3.0,15
OI0008980,ORD004493,PROD00172,5.0,10
OI0008981,ORD004494,PROD00143,2.0,0
OI0008982,ORD004495,PROD00411,2.0,10
OI0008983,ORD004495,PROD00394,4.0,15
OI0008984,ORD004496,PROD00076,5.0,0
OI0008985,ORD004496,PROD00300,2.0,20
OI0008986,ORD004497,PROD00525,2.0,10
OI0008987,ORD004498,PROD00283,4.0,15
OI0008988,ORD004499,PROD00405,10.0,0
OI0008989,ORD004500,PROD00020,2.0,10
OI0008990,ORD004501,PROD00340,2.0,10
OI0008991,ORD004501,PROD00115,3.0,25
OI0008992,ORD004501,PROD00458,-1.0,0
OI0008993,ORD004501,PROD00135,-1.0,25
OI0008994,ORD004502,PROD00511,5.0,0
OI0008995,ORD004503,PROD00536,2.0,0
OI0008996,ORD004504,PROD00234,2.0,10
OI0008997,ORD004505,PROD00179,2.0,0
OI0008998,ORD004505,PROD00493,1.0,0
OI0008999,ORD004506,PROD00346,10.0,10
OI0009000,ORD004506,PROD00040,1.0,10
OI0009001,ORD004506,PROD00419,1.0,25
OI0009002,ORD004506,PROD00574,-1.0,5
OI0009003,ORD004507,PROD00200,1.0,25
OI0009004,ORD004508,PROD00496,4.0,20
OI0009005,ORD004509,PROD00161,5.0,0
OI0009006,ORD004509,PROD00595,1.0,0
OI0009007,ORD004509,PROD00305,1.0,15
OI0009008,ORD004509,PROD00073,5.0,5
OI0009009,ORD004510,PROD00040,5.0,15
OI0009010,ORD004511,PROD00112,1.0,15
OI0009011,ORD004512,PROD00577,-1.0,0
OI0009012,ORD004513,PROD00267,1.0,5
OI0009013,ORD004514,PROD00199,1.0,0
OI0009014,ORD004515,PROD00600,-1.0,15
OI0009015,ORD004515,PROD00198,10.0,0
OI0009016,ORD004516,PROD00309,4.0,25
OI0009017,ORD004516,PROD00270,5.0,15
OI0009018,ORD004516,PROD00093,5.0,5
OI0009019,ORD004516,PROD00367,2.0,10
OI0009020,ORD004517,PROD00566,10.0,10
OI0009021,ORD004517,PROD00002,2.0,10
OI0009022,ORD004518,PROD00223,-1.0,25
OI0009023,ORD004519,PROD00367,4.0,20
OI0009024,ORD004520,PROD00403,-1.0,5
OI0009025,ORD004520,PROD00436,-1.0,10
OI0009026,ORD004520,PROD00009,3.0,0
OI0009027,ORD004520,PROD00013,4.0,20
OI0009028,ORD004521,PROD00340,5.0,0
OI0009029,ORD004521,PROD00027,500.0,0
OI0009030,ORD004521,PROD00509,-1.0,0
OI0009031,ORD004521,PROD00519,-1.0,0
OI0009032,ORD004522,PROD00375,2.0,15
OI0009033,ORD004522,PROD00584,1.0,15
OI0009034,ORD004522,PROD00109,1.0,25
OI0009035,ORD004523,PROD00292,4.0,0
OI0009036,ORD004523,PROD00080,1.0,0
OI0009037,ORD004524,PROD00530,2.0,10
OI0009038,ORD004525,PROD00433,-1.0,15
OI0009039,ORD004526,PROD00033,5.0,5
OI0009040,ORD004527,PROD00489,5.0,15
OI0009041,ORD004528,PROD00194,1.0,0
OI0009042,ORD004529,PROD00313,10.0,0
OI0009043,ORD004530,PROD00303,1.0,0
OI0009044,ORD004531,PROD00163,5.0,20
OI0009045,ORD004531,PROD00057,1.0,20
OI0009046,ORD004532,PROD00229,10.0,0
OI0009047,ORD004532,PROD00479,10.0,0
OI0009048,ORD004533,PROD00028,1.0,20
OI0009049,ORD004533,PROD00308,3.0,25
OI0009050,ORD004533,PROD00042,3.0,0
OI0009051,ORD004533,PROD00015,-1.0,15
OI0009052,ORD004534,PROD00093,1.0,5
OI0009053,ORD004534,PROD00443,3.0,20
OI0009054,ORD004535,PROD00494,4.0,0
OI0009055,ORD004535,PROD00199,1.0,5
OI0009056,ORD004535,PROD00267,10.0,5
OI0009057,ORD004535,PROD00021,2.0,0
OI0009058,ORD004536,PROD00451,10.0,25
OI0009059,ORD004537,PROD00258,1.0,0
OI0009060,ORD004537,PROD00354,1.0,0
OI0009061,ORD004538,PROD00420,1.0,10
OI0009062,ORD004539,PROD00450,2.0,0
OI0009063,ORD004539,PROD00493,2.0,0
OI0009064,ORD004539,PROD00148,1.0,10
OI0009065,ORD004539,PROD00376,4.0,20
OI0009066,ORD004540,PROD00203,4.0,5
OI0009067,ORD004540,PROD00305,3.0,10
OI0009068,ORD004540,PROD00589,1.0,0
OI0009069,ORD004541,PROD00162,1.0,0
OI0009070,ORD004542,PROD00243,1.0,5
OI0009071,ORD004542,PROD00187,4.0,25
OI0009072,ORD004543,PROD00394,3.0,10
OI0009073,ORD004544,PROD00027,1.0,0
OI0009074,ORD004545,PROD00357,10.0,0
OI0009075,ORD004545,PROD00306,1.0,15
OI0009076,ORD004546,PROD00575,1.0,10
OI0009077,ORD004546,PROD00482,-1.0,0
OI0009078,ORD004546,PROD00320,5.0,20
OI0009079,ORD004547,PROD00121,3.0,15
OI0009080,ORD004548,PROD00302,2.0,0
OI0009081,ORD004548,PROD00581,5.0,25
OI0009082,ORD004548,PROD00377,1.0,0
OI0009083,ORD004548,PROD00226,-1.0,10
OI0009084,ORD004549,PROD00388,2.0,15
OI0009085,ORD004550,PROD00144,1.0,0
OI0009086,ORD004551,PROD00143,1.0,20
OI0009087,ORD004551,PROD00311,5.0,5
OI0009088,ORD004551,PROD00383,2.0,5
OI0009089,ORD004551,PROD00452,1.0,5
OI0009090,ORD004552,PROD00003,2.0,20
OI0009091,ORD004552,PROD00033,4.0,0
OI0009092,ORD004553,PROD00329,1.0,5
OI0009093,ORD004554,PROD00089,1.0,0
OI0009094,ORD004554,PROD00415,1.0,5
OI0009095,ORD004554,PROD00580,4.0,5
OI0009096,ORD004555,PROD00193,-1.0,0
OI0009097,ORD004556,PROD00582,2.0,10
OI0009098,ORD004557,PROD00586,-1.0,0
OI0009099,ORD004558,PROD00363,-1.0,20
OI0009100,ORD004558,PROD00432,1.0,25
OI0009101,ORD004558,PROD00182,5.0,15
OI0009102,ORD004558,PROD00307,10.0,0
OI0009103,ORD004559,PROD00373,2.0,15
OI0009104,ORD004560,PROD00326,2.0,20
OI0009105,ORD004561,PROD00586,2.0,0
OI0009106,ORD004562,PROD00577,1.0,0
OI0009107,ORD004562,PROD00239,1.0,0
OI0009108,ORD004562,PROD00574,10.0,20
OI0009109,ORD004562,PROD00175,2.0,0
OI0009110,ORD004563,PROD00008,10.0,20
OI0009111,ORD004563,PROD00374,4.0,5
OI0009112,ORD004564,PROD00196,1.0,25
OI0009113,ORD004564,PROD00245,-1.0,0
OI0009114,ORD004565,PROD00475,10.0,0
OI0009115,ORD004565,PROD00432,2.0,0
OI0009116,ORD004566,PROD00409,4.0,25
OI0009117,ORD004567,PROD00485,5.0,0
OI0009118,ORD004567,PROD00497,5.0,15
OI0009119,ORD004568,PROD00011,3.0,15
OI0009120,ORD004568,PROD00045,2.0,25
OI0009121,ORD004568,PROD00143,1.0,0
OI0009122,ORD004569,PROD00234,1.0,0
OI0009123,ORD004569,PROD00506,-1.0,20
OI0009124,ORD004569,PROD00392,3.0,20
OI0009125,ORD004569,PROD00083,2.0,20
OI0009126,ORD004570,PROD00265,3.0,10
OI0009127,ORD004571,PROD00544,-1.0,20
OI0009128,ORD004571,PROD00385,2.0,0
OI0009129,ORD004572,PROD00207,2.0,20
OI0009130,ORD004573,PROD00158,3.0,15
OI0009131,ORD004574,PROD00290,1.0,0
OI0009132,ORD004574,PROD00213,1.0,15
OI0009133,ORD004575,PROD00002,1.0,25
OI0009134,ORD004575,PROD00112,-1.0,15
OI0009135,ORD004576,PROD00402,4.0,10
OI0009136,ORD004577,PROD00191,5.0,10
OI0009137,ORD004577,PROD00067,5.0,0
OI0009138,ORD004578,PROD00430,10.0,5
OI0009139,ORD004578,PROD00487,-1.0,25
OI0009140,ORD004579,PROD00395,2.0,15
OI0009141,ORD004580,PROD00559,10.0,0
OI0009142,ORD004580,PROD00352,-1.0,15
OI0009143,ORD004580,PROD00234,2.0,25
OI0009144,ORD004580,PROD00365,1.0,10
OI0009145,ORD004581,PROD00357,5.0,10
OI0009146,ORD004582,PROD00059,1.0,25
OI0009147,ORD004582,PROD00060,5.0,25
OI0009148,ORD004582,PROD00314,5.0,0
OI0009149,ORD004583,PROD00313,3.0,0
OI0009150,ORD004584,PROD00446,1.0,0
OI0009151,ORD004584,PROD00545,5.0,0
OI0009152,ORD004584,PROD00446,5.0,25
OI0009153,ORD004585,PROD00089,3.0,5
OI0009154,ORD004585,PROD00464,1.0,0
OI0009155,ORD004586,PROD00236,2.0,15
OI0009156,ORD004586,PROD00240,1.0,0
OI0009157,ORD004586,PROD00239,2.0,0
OI0009158,ORD004586,PROD00366,2.0,20
OI0009159,ORD004587,PROD00018,3.0,15
OI0009160,ORD004587,PROD00288,2.0,0
OI0009161,ORD004587,PROD00076,1.0,10
OI0009162,ORD004587,PROD00052,1.0,15
OI0009163,ORD004588,PROD00540,1.0,15
OI0009164,ORD004588,PROD00454,1.0,25
OI0009165,ORD004589,PROD00001,3.0,25
OI0009166,ORD004590,PROD00145,1.0,0
OI0009167,ORD004590,PROD00463,1.0,20
OI0009168,ORD004591,PROD00063,1.0,5
OI0009169,ORD004591,PROD00485,4.0,0
OI0009170,ORD004592,PROD00159,4.0,20
OI0009171,ORD004592,PROD00580,10.0,5
OI0009172,ORD004592,PROD00473,3.0,0
OI0009173,ORD004592,PROD00200,3.0,20
OI0009174,ORD004593,PROD00373,1.0,0
OI0009175,ORD004593,PROD00519,2.0,15
OI0009176,ORD004593,PROD00409,2.0,0
OI0009177,ORD004594,PROD00109,2.0,0
OI0009178,ORD004594,PROD00408,-1.0,20
OI0009179,ORD004594,PROD00024,5.0,0
OI0009180,ORD004595,PROD00333,5.0,20
OI0009181,ORD004596,PROD00412,2.0,15
OI0009182,ORD004596,PROD00251,-1.0,10
OI0009183,ORD004596,PROD00049,-1.0,0
OI0009184,ORD004597,PROD00041,2.0,10
OI0009185,ORD004597,PROD00212,1.0,10
OI0009186,ORD004598,PROD00136,10.0,10
OI0009187,ORD004598,PROD00272,1.0,5
OI0009188,ORD004598,PROD00286,4.0,0
OI0009189,ORD004598,PROD00141,1.0,10
OI0009190,ORD004599,PROD00369,2.0,20
OI0009191,ORD004599,PROD00094,3.0,0
OI0009192,ORD004600,PROD00240,-1.0,0
OI0009193,ORD004600,PROD00049,4.0,25
OI0009194,ORD004600,PROD00042,-1.0,20
OI0009195,ORD004600,PROD00096,10.0,10
OI0009196,ORD004601,PROD00153,2.0,20
OI0009197,ORD004601,PROD00541,-1.0,10
OI0009198,ORD004602,PROD00441,1.0,0
OI0009199,ORD004602,PROD00049,3.0,25
OI0009200,ORD004603,PROD00061,5.0,20
OI0009201,ORD004604,PROD00561,1.0,10
OI0009202,ORD004604,PROD00090,3.0,0
OI0009203,ORD004605,PROD00312,10.0,15
OI0009204,ORD004606,PROD00049,4.0,0
OI0009205,ORD004606,PROD00333,10.0,10
OI0009206,ORD004606,PROD00503,1.0,5
OI0009207,ORD004606,PROD00358,-1.0,0
OI0009208,ORD004607,PROD00393,2.0,20
OI0009209,ORD004607,PROD00044,-1.0,20
OI0009210,ORD004607,PROD00110,1.0,5
OI0009211,ORD004608,PROD00294,3.0,0
OI0009212,ORD004609,PROD00540,2.0,20
OI0009213,ORD004610,PROD00556,5.0,25
OI0009214,ORD004610,PROD00195,1.0,0
OI0009215,ORD004611,PROD00464,5.0,20
OI0009216,ORD004612,PROD00040,-1.0,0
OI0009217,ORD004612,PROD00534,2.0,5
OI0009218,ORD004612,PROD00476,3.0,10
OI0009219,ORD004613,PROD00052,1.0,0
OI0009220,ORD004614,PROD00302,10.0,10
OI0009221,ORD004614,PROD00052,5.0,15
OI0009222,ORD004615,PROD00291,10.0,0
OI0009223,ORD004616,PROD00172,5.0,0
OI0009224,ORD004616,PROD00423,1.0,20
OI0009225,ORD004616,PROD00025,1.0,20
OI0009226,ORD004616,PROD00128,5.0,5
OI0009227,ORD004617,PROD00309,4.0,0
OI0009228,ORD004617,PROD00531,3.0,15
OI0009229,ORD004617,PROD00271,10.0,25
OI0009230,ORD004618,PROD00126,1.0,0
OI0009231,ORD004619,PROD00348,2.0,10
OI0009232,ORD004620,PROD00135,4.0,15
OI0009233,ORD004621,PROD00029,2.0,25
OI0009234,ORD004621,PROD00209,2.0,0
OI0009235,ORD004621,PROD00151,2.0,10
OI0009236,ORD004622,PROD00016,2.0,15
OI0009237,ORD004622,PROD00252,1.0,0
OI0009238,ORD004623,PROD00160,-1.0,5
OI0009239,ORD004623,PROD00230,1.0,0
OI0009240,ORD004623,PROD00367,1.0,5
OI0009241,ORD004623,PROD00383,4.0,0
OI0009242,ORD004624,PROD00533,1.0,20
OI0009243,ORD004625,PROD00133,1.0,5
OI0009244,ORD004625,PROD00500,2.0,20
OI0009245,ORD004625,PROD00560,1.0,5
OI0009246,ORD004626,PROD00267,1.0,20
OI0009247,ORD004627,PROD00043,4.0,25
OI0009248,ORD004628,PROD00591,1.0,5
OI0009249,ORD004628,PROD00141,10.0,15
OI0009250,ORD004628,PROD00226,4.0,0
OI0009251,ORD004628,PROD00369,1.0,0
OI0009252,ORD004629,PROD00163,1.0,0
OI0009253,ORD004629,PROD00383,1.0,25
OI0009254,ORD004629,PROD00182,1.0,0
OI0009255,ORD004629,PROD00566,1.0,0
OI0009256,ORD004630,PROD9576,5.0,0
OI0009257,ORD004630,PROD00251,-1.0,25
OI0009258,ORD004631,PROD00287,2.0,0
OI0009259,ORD004632,PROD00369,1.0,15
OI0009260,ORD004633,PROD00584,1.0,25
OI0009261,ORD004633,PROD00593,1.0,10
OI0009262,ORD004633,PROD00448,1.0,5
OI0009263,ORD004634,PROD00597,10.0,15
OI0009264,ORD004635,PROD00234,2.0,0
OI0009265,ORD004635,PROD00374,2.0,5
OI0009266,ORD004636,PROD00547,4.0,5
OI0009267,ORD004636,PROD00067,1.0,5
OI0009268,ORD004636,PROD00001,-1.0,20
OI0009269,ORD004636,PROD00501,4.0,0
OI0009270,ORD004637,PROD00081,1.0,5
OI0009271,ORD004637,PROD00168,1.0,5
OI0009272,ORD004637,PROD00063,1.0,0
OI0009273,ORD004637,PROD00199,1.0,0
OI0009274,ORD004638,PROD00183,3.0,5
OI0009275,ORD004639,PROD00097,10.0,25
OI0009276,ORD004639,PROD00272,-1.0,0
OI0009277,ORD004639,PROD00152,4.0,0
OI0009278,ORD004639,PROD00458,4.0,0
OI0009279,ORD004640,PROD00024,5.0,15
OI0009280,ORD004641,PROD00527,3.0,20
OI0009281,ORD004641,PROD00149,10.0,0
OI0009282,ORD004641,PROD00144,2.0,25
OI0009283,ORD004642,PROD00045,1.0,25
OI0009284,ORD004642,PROD00054,1.0,10
OI0009285,ORD004643,PROD00151,1.0,15
OI0009286,ORD004644,PROD00321,1.0,0
OI0009287,ORD004644,PROD00070,1.0,0
OI0009288,ORD004644,PROD00259,10.0,0
OI0009289,ORD004645,PROD00137,2.0,0
OI0009290,ORD004645,PROD00571,2.0,5
OI0009291,ORD004645,PROD00394,1.0,0
OI0009292,ORD004645,PROD00420,-1.0,5
OI0009293,ORD004646,PROD00577,1.0,20
OI0009294,ORD004646,PROD00166,1.0,25
OI0009295,ORD004646,PROD00117,1.0,0
OI0009296,ORD004647,PROD00393,2.0,10
OI0009297,ORD004647,PROD00537,1.0,5
OI0009298,ORD004647,PROD00308,5.0,25
OI0009299,ORD004647,PROD00127,5.0,0
OI0009300,ORD004648,PROD00242,3.0,0
OI0009301,ORD004648,PROD00283,2.0,0
OI0009302,ORD004648,PROD00481,2.0,10
OI0009303,ORD004649,PROD00360,3.0,5
OI0009304,ORD004649,PROD00358,2.0,0
OI0009305,ORD004649,PROD00455,1.0,5
OI0009306,ORD004649,PROD00417,10.0,0
OI0009307,ORD004650,PROD00129,1.0,0
OI0009308,ORD004650,PROD00271,10.0,0
OI0009309,ORD004651,PROD00234,5.0,0
OI0009310,ORD004651,PROD00143,1.0,0
OI0009311,ORD004652,PROD00274,2.0,0
OI0009312,ORD004652,PROD00417,1.0,5
OI0009313,ORD004653,PROD00055,10.0,15
OI0009314,ORD004653,PROD00343,2.0,0
OI0009315,ORD004654,PROD00454,2.0,0
OI0009316,ORD004655,PROD00159,-1.0,25
OI0009317,ORD004656,PROD00215,1.0,0
OI0009318,ORD004657,PROD00449,10.0,0
OI0009319,ORD004657,PROD00552,1.0,5
OI0009320,ORD004657,PROD00316,1.0,5
OI0009321,ORD004657,PROD00236,1.0,25
OI0009322,ORD004658,PROD00168,5.0,10
OI0009323,ORD004658,PROD00319,1.0,10
OI0009324,ORD004659,PROD00446,2.0,20
OI0009325,ORD004659,PROD00070,5.0,5
OI0009326,ORD004659,PROD00242,3.0,5
OI0009327,ORD004659,PROD00054,1.0,0
OI0009328,ORD004660,PROD00135,-1.0,0
OI0009329,ORD004661,PROD00477,1.0,15
OI0009330,ORD004661,PROD00103,4.0,0
OI0009331,ORD004662,PROD00073,-1.0,0
OI0009332,ORD004662,PROD00076,5.0,0
OI0009333,ORD004663,PROD00540,1.0,0
OI0009334,ORD004663,PROD00068,5.0,15
OI0009335,ORD004664,PROD00118,2.0,0
OI0009336,ORD004665,PROD00245,3.0,10
OI0009337,ORD004665,PROD00162,1.0,15
OI0009338,ORD004666,PROD00249,-1.0,10
OI0009339,ORD004667,PROD00112,4.0,20
OI0009340,ORD004667,PROD00525,5.0,0
OI0009341,ORD004668,PROD00537,3.0,20
OI0009342,ORD004669,PROD00259,-1.0,15
OI0009343,ORD004669,PROD00443,1.0,20
OI0009344,ORD004669,PROD00373,2.0,25
OI0009345,ORD004669,PROD00085,3.0,20
OI0009346,ORD004670,PROD00490,1.0,5
OI0009347,ORD004670,PROD00481,10.0,25
OI0009348,ORD004670,PROD00293,1.0,5
OI0009349,ORD004670,PROD00308,-1.0,0
OI0009350,ORD004671,PROD00453,2.0,5
OI0009351,ORD004671,PROD00178,1.0,5
OI0009352,ORD004671,PROD00552,1.0,10
OI0009353,ORD004672,PROD00022,2.0,0
OI0009354,ORD004673,PROD00251,-1.0,15
OI0009355,ORD004673,PROD00142,3.0,0
OI0009356,ORD004674,PROD00355,4.0,0
OI0009357,ORD004675,PROD00004,2.0,0
OI0009358,ORD004676,PROD00262,5.0,25
OI0009359,ORD004676,PROD00429,2.0,5
OI0009360,ORD004677,PROD00148,-1.0,0
OI0009361,ORD004677,PROD00231,3.0,25
OI0009362,ORD004677,PROD00082,1.0,0
OI0009363,ORD004677,PROD00470,-1.0,0
OI0009364,ORD004678,PROD00355,10.0,15
OI0009365,ORD004678,PROD00030,10.0,15
OI0009366,ORD004678,PROD00218,-1.0,20
OI0009367,ORD004678,PROD00062,4.0,20
OI0009368,ORD004679,PROD00504,5.0,15
OI0009369,ORD004680,PROD00272,-1.0,0
OI0009370,ORD004681,PROD00424,-1.0,15
OI0009371,ORD004681,PROD00416,1.0,15
OI0009372,ORD004682,PROD00336,1.0,0
OI0009373,ORD004683,PROD00349,3.0,0
OI0009374,ORD004683,PROD00248,3.0,15
OI0009375,ORD004683,PROD00343,2.0,0
OI0009376,ORD004683,PROD00595,1.0,0
OI0009377,ORD004684,PROD00106,-1.0,0
OI0009378,ORD004685,PROD00247,2.0,10
OI0009379,ORD004686,PROD00039,2.0,0
OI0009380,ORD004686,PROD00479,1.0,25
OI0009381,ORD004687,PROD00552,1.0,15
OI0009382,ORD004687,PROD00510,2.0,10
OI0009383,ORD004688,PROD00534,4.0,25
OI0009384,ORD004688,PROD00099,4.0,0
OI0009385,ORD004689,PROD00195,1.0,20
OI0009386,ORD004690,PROD00255,1.0,0
OI0009387,ORD004691,PROD00599,2.0,20
OI0009388,ORD004692,PROD00360,5.0,0
OI0009389,ORD004692,PROD00419,1.0,10
OI0009390,ORD004692,PROD00260,1.0,20
OI0009391,ORD004693,PROD00011,2.0,10
OI0009392,ORD004693,PROD9565,2.0,5
OI0009393,ORD004693,PROD00202,2.0,15
OI0009394,ORD004693,PROD00420,1.0,0
OI0009395,ORD004694,PROD00383,1.0,0
OI0009396,ORD004694,PROD00556,10.0,25
OI0009397,ORD004694,PROD00151,3.0,0
OI0009398,ORD004694,PROD00594,10.0,25
OI0009399,ORD004695,PROD00142,4.0,25
OI0009400,ORD004695,PROD00344,4.0,0
OI0009401,ORD004696,PROD9647,5.0,15
OI0009402,ORD004697,PROD00275,2.0,20
OI0009403,ORD004698,PROD00005,2.0,15
OI0009404,ORD004699,PROD00325,4.0,0
OI0009405,ORD004700,PROD00339,1.0,25
OI0009406,ORD004701,PROD00041,-1.0,10
OI0009407,ORD004701,PROD00006,3.0,5
OI0009408,ORD004701,PROD00391,1.0,0
OI0009409,ORD004701,PROD00247,10.0,0
OI0009410,ORD004702,PROD00524,4.0,25
OI0009411,ORD004702,PROD00130,3.0,0
OI0009412,ORD004703,PROD00418,2.0,15
OI0009413,ORD004704,PROD00133,3.0,0
OI0009414,ORD004704,PROD00142,4.0,10
OI0009415,ORD004705,PROD00551,2.0,0
OI0009416,ORD004706,PROD00321,2.0,10
OI0009417,ORD004706,PROD00293,3.0,10
OI0009418,ORD004707,PROD00206,2.0,20
OI0009419,ORD004708,PROD00218,3.0,10
OI0009420,ORD004709,PROD00484,2.0,10
OI0009421,ORD004709,PROD00439,5.0,10
OI0009422,ORD004709,PROD00229,3.0,5
OI0009423,ORD004710,PROD00176,10.0,15
OI0009424,ORD004711,PROD00490,5.0,0
OI0009425,ORD004712,PROD00408,5.0,20
OI0009426,ORD004712,PROD00091,-1.0,25
OI0009427,ORD004712,PROD00044,10.0,20
OI0009428,ORD004712,PROD00003,2.0,20
OI0009429,ORD004713,PROD00460,1.0,0
OI0009430,ORD004713,PROD00575,5.0,0
OI0009431,ORD004713,PROD00510,10.0,0
OI0009432,ORD004714,PROD00158,3.0,15
OI0009433,ORD004714,PROD00589,5.0,15
OI0009434,ORD004715,PROD00557,2.0,15
OI0009435,ORD004716,PROD00413,4.0,0
OI0009436,ORD004717,PROD00067,10.0,0
OI0009437,ORD004717,PROD00357,10.0,0
OI0009438,ORD004717,PROD00287,2.0,15
OI0009439,ORD004717,PROD00442,-1.0,0
OI0009440,ORD004718,PROD00240,5.0,20
OI0009441,ORD004719,PROD00567,1.0,0
OI0009442,ORD004719,PROD00585,1.0,10
OI0009443,ORD004720,PROD00093,2.0,5
OI0009444,ORD004720,PROD00452,2.0,20
OI0009445,ORD004720,PROD00221,1.0,25
OI0009446,ORD004720,PROD00403,2.0,20
OI0009447,ORD004721,PROD00021,-1.0,0
OI0009448,ORD004721,PROD00552,1.0,0
OI0009449,ORD004721,PROD00309,1.0,20
OI0009450,ORD004721,PROD00294,2.0,0
OI0009451,ORD004722,PROD00571,1.0,5
OI0009452,ORD004723,PROD00215,2.0,0
OI0009453,ORD004724,PROD00089,-1.0,0
OI0009454,ORD004725,PROD00277,4.0,25
OI0009455,ORD004726,PROD00170,5.0,15
OI0009456,ORD004727,PROD00341,1.0,15
OI0009457,ORD004727,PROD00303,1.0,0
OI0009458,ORD004727,PROD00020,2.0,0
OI0009459,ORD004727,PROD00066,10.0,25
OI0009460,ORD004728,PROD00480,2.0,0
OI0009461,ORD004728,PROD00496,1.0,0
OI0009462,ORD004728,PROD00211,4.0,0
OI0009463,ORD004729,PROD00398,2.0,20
OI0009464,ORD004730,PROD00056,10.0,0
OI0009465,ORD004730,PROD00237,4.0,20
OI0009466,ORD004731,PROD00468,10.0,10
OI0009467,ORD004731,PROD00506,-1.0,20
OI0009468,ORD004732,PROD00367,10.0,0
OI0009469,ORD004732,PROD00176,1.0,20
OI0009470,ORD004733,PROD00302,2.0,0
OI0009471,ORD004733,PROD00019,1.0,15
OI0009472,ORD004733,PROD00312,2.0,0
OI0009473,ORD004734,PROD00489,5.0,0
OI0009474,ORD004734,PROD00360,-1.0,10
OI0009475,ORD004734,PROD00523,10.0,0
OI0009476,ORD004735,PROD00016,3.0,0
OI0009477,ORD004735,PROD00347,1.0,0
OI0009478,ORD004736,PROD00419,1.0,25
OI0009479,ORD004737,PROD00148,10.0,20
OI0009480,ORD004737,PROD00293,4.0,0
OI0009481,ORD004737,PROD00099,4.0,0
OI0009482,ORD004738,PROD00446,2.0,0
OI0009483,ORD004738,PROD00380,2.0,25
OI0009484,ORD004739,PROD00268,3.0,5
OI0009485,ORD004739,PROD00284,-1.0,20
OI0009486,ORD004740,PROD00196,3.0,0
OI0009487,ORD004740,PROD00157,1.0,20
OI0009488,ORD004740,PROD00002,5.0,5
OI0009489,ORD004740,PROD00278,4.0,0
OI0009490,ORD004741,PROD00253,-1.0,10
OI0009491,ORD004741,PROD00362,500.0,5
OI0009492,ORD004741,PROD00476,1.0,5
OI0009493,ORD004742,PROD00548,1.0,20
OI0009494,ORD004742,PROD00310,1.0,10
OI0009495,ORD004742,PROD00068,1.0,15
OI0009496,ORD004743,PROD00166,-1.0,0
OI0009497,ORD004743,PROD00306,2.0,10
OI0009498,ORD004743,PROD00078,5.0,0
OI0009499,ORD004744,PROD00449,10.0,15
OI0009500,ORD004745,PROD00384,3.0,0
OI0009501,ORD004746,PROD00413,5.0,25
OI0009502,ORD004747,PROD00427,2.0,20
OI0009503,ORD004747,PROD00168,10.0,0
OI0009504,ORD004747,PROD00478,10.0,0
OI0009505,ORD004747,PROD00215,3.0,5
OI0009506,ORD004748,PROD00194,2.0,5
OI0009507,ORD004749,PROD00055,2.0,10
OI0009508,ORD004749,PROD00281,3.0,0
OI0009509,ORD004749,PROD00596,2.0,20
OI0009510,ORD004749,PROD00468,4.0,0
OI0009511,ORD004750,PROD00167,2.0,0
OI0009512,ORD004751,PROD00389,2.0,15
OI0009513,ORD004751,PROD00309,1.0,0
OI0009514,ORD004752,PROD00387,2.0,5
OI0009515,ORD004752,PROD00594,1.0,0
OI0009516,ORD004752,PROD00456,2.0,0
OI0009517,ORD004752,PROD00485,1.0,5
OI0009518,ORD004753,PROD00053,4.0,15
OI0009519,ORD004753,PROD00006,4.0,25
OI0009520,ORD004753,PROD00455,4.0,25
OI0009521,ORD004754,PROD00126,-1.0,20
OI0009522,ORD004754,PROD00276,1.0,15
OI0009523,ORD004755,PROD00102,1.0,0
OI0009524,ORD004756,PROD00559,-1.0,10
OI0009525,ORD004757,PROD00528,10.0,10
OI0009526,ORD004757,PROD00007,1.0,25
OI0009527,ORD004758,PROD00437,1.0,0
OI0009528,ORD004758,PROD00163,10.0,25
OI0009529,ORD004758,PROD00177,2.0,0
OI0009530,ORD004759,PROD00044,1.0,0
OI0009531,ORD004760,PROD00296,1.0,25
OI0009532,ORD004760,PROD00286,1.0,0
OI0009533,ORD004761,PROD00202,1.0,0
OI0009534,ORD004762,PROD00066,1.0,10
OI0009535,ORD004762,PROD00536,1.0,10
OI0009536,ORD004763,PROD00091,1.0,15
OI0009537,ORD004763,PROD9378,1.0,15
OI0009538,ORD004764,PROD00330,2.0,0
OI0009539,ORD004764,PROD00557,2.0,5
OI0009540,ORD004765,PROD00558,2.0,25
OI0009541,ORD004766,PROD00383,-1.0,15
OI0009542,ORD004766,PROD00493,1.0,0
OI0009543,ORD004766,PROD00066,1.0,15
OI0009544,ORD004766,PROD00057,-1.0,10
OI0009545,ORD004767,PROD00503,3.0,0
OI0009546,ORD004768,PROD00108,-1.0,5
OI0009547,ORD004769,PROD00513,5.0,10
OI0009548,ORD004769,PROD00457,4.0,25
OI0009549,ORD004770,PROD00449,5.0,15
OI0009550,ORD004770,PROD00059,5.0,15
OI0009551,ORD004771,PROD00551,3.0,0
OI0009552,ORD004772,PROD00292,1.0,0
OI0009553,ORD004773,PROD00121,2.0,0
OI0009554,ORD004773,PROD00545,5.0,0
OI0009555,ORD004773,PROD00579,1.0,25
OI0009556,ORD004774,PROD00198,2.0,5
OI0009557,ORD004775,PROD00475,10.0,0
OI0009558,ORD004776,PROD00070,1.0,0
OI0009559,ORD004777,PROD00031,3.0,25
OI0009560,ORD004777,PROD00340,1.0,0
OI0009561,ORD004777,PROD00110,1.0,10
OI0009562,ORD004778,PROD00177,4.0,10
OI0009563,ORD004778,PROD9372,2.0,25
OI0009564,ORD004779,PROD00287,2.0,15
OI0009565,ORD004779,PROD00597,1.0,20
OI0009566,ORD004780,PROD00551,2.0,5
OI0009567,ORD004780,PROD00455,1.0,0
OI0009568,ORD004781,PROD00490,1.0,0
OI0009569,ORD004781,PROD00130,4.0,15
OI0009570,ORD004782,PROD00577,10.0,5
OI0009571,ORD004782,PROD00459,1.0,25
OI0009572,ORD004782,PROD00540,3.0,15
OI0009573,ORD004783,PROD00116,2.0,0
OI0009574,ORD004784,PROD00438,4.0,0
OI0009575,ORD004784,PROD00278,1.0,0
OI0009576,ORD004784,PROD00098,1.0,20
OI0009577,ORD004785,PROD00405,-1.0,0
OI0009578,ORD004786,PROD00254,1.0,15
OI0009579,ORD004786,PROD00288,-1.0,0
OI0009580,ORD004786,PROD00245,1.0,5
OI0009581,ORD004786,PROD00139,10.0,20
OI0009582,ORD004787,PROD00390,1.0,0
OI0009583,ORD004787,PROD00199,-1.0,10
OI0009584,ORD004787,PROD00232,5.0,10
OI0009585,ORD004787,PROD00324,3.0,25
OI0009586,ORD004788,PROD00460,2.0,20
OI0009587,ORD004789,PROD00446,3.0,0
OI0009588,ORD004789,PROD00105,1.0,0
OI0009589,ORD004789,PROD00111,10.0,0
OI0009590,ORD004789,PROD00308,5.0,10
OI0009591,ORD004790,PROD00593,5.0,25
OI0009592,ORD004790,PROD00150,2.0,0
OI0009593,ORD004791,PROD00467,1.0,0
OI0009594,ORD004791,PROD00220,5.0,0
OI0009595,ORD004792,PROD00538,5.0,10
OI0009596,ORD004792,PROD00166,5.0,0
OI0009597,ORD004792,PROD00494,2.0,0
OI0009598,ORD004792,PROD00429,10.0,10
OI0009599,ORD004793,PROD00044,4.0,10
OI0009600,ORD004793,PROD00019,2.0,25
OI0009601,ORD004793,PROD00076,2.0,20
OI0009602,ORD004794,PROD00553,3.0,10
OI0009603,ORD004794,PROD00059,4.0,5
OI0009604,ORD004795,PROD00001,1.0,0
OI0009605,ORD004796,PROD00096,2.0,20
OI0009606,ORD004796,PROD00472,2.0,25
OI0009607,ORD004797,PROD00263,-1.0,10
OI0009608,ORD004797,PROD00507,2.0,10
OI0009609,ORD004797,PROD00041,,25
OI0009610,ORD004798,PROD00562,1.0,25
OI0009611,ORD004798,PROD00327,2.0,20
OI0009612,ORD004798,PROD00101,3.0,10
OI0009613,ORD004799,PROD00576,-1.0,25
OI0009614,ORD004800,PROD00397,-1.0,0
OI0009615,ORD004801,PROD00277,4.0,0
OI0009616,ORD004802,PROD00447,1.0,20
OI0009617,ORD004802,PROD00225,10.0,0
OI0009618,ORD004803,PROD00005,1.0,20
OI0009619,ORD004804,PROD00381,5.0,25
OI0009620,ORD004804,PROD00591,-1.0,0
OI0009621,ORD004804,PROD00415,-1.0,10
OI0009622,ORD004804,PROD00164,4.0,15
OI0009623,ORD004805,PROD00047,2.0,5
OI0009624,ORD004805,PROD00105,2.0,10
OI0009625,ORD004805,PROD00555,5.0,10
OI0009626,ORD004806,PROD00061,10.0,10
OI0009627,ORD004807,PROD00464,1.0,25
OI0009628,ORD004807,PROD00595,10.0,0
OI0009629,ORD004808,PROD00534,10.0,10
OI0009630,ORD004809,PROD00559,1.0,0
OI0009631,ORD004810,PROD00369,5.0,0
OI0009632,ORD004810,PROD00022,4.0,0
OI0009633,ORD004810,PROD00091,5.0,20
OI0009634,ORD004811,PROD00546,2.0,0
OI0009635,ORD004811,PROD00575,2.0,25
OI0009636,ORD004812,PROD00132,2.0,0
OI0009637,ORD004812,PROD00296,2.0,20
OI0009638,ORD004813,PROD00014,10.0,20
OI0009639,ORD004813,PROD00004,-1.0,10
OI0009640,ORD004813,PROD00008,10.0,0
OI0009641,ORD004813,PROD00031,-1.0,5
OI0009642,ORD004814,PROD00432,1.0,10
OI0009643,ORD004814,PROD00110,1.0,10
OI0009644,ORD004814,PROD00415,3.0,0
OI0009645,ORD004814,PROD00494,4.0,15
OI0009646,ORD004815,PROD00450,10.0,10
OI0009647,ORD004815,PROD00209,5.0,25
OI0009648,ORD004815,PROD00349,1.0,10
OI0009649,ORD004816,PROD00452,2.0,25
OI0009650,ORD004817,PROD00217,1.0,10
OI0009651,ORD004817,PROD00021,1.0,10
OI0009652,ORD004817,PROD00037,5.0,0
OI0009653,ORD004818,PROD00220,1.0,20
OI0009654,ORD004819,PROD00369,-1.0,20
OI0009655,ORD004820,PROD00174,3.0,5
OI0009656,ORD004820,PROD00239,-1.0,0
OI0009657,ORD004821,PROD00392,1.0,10
OI0009658,ORD004822,PROD00054,5.0,0
OI0009659,ORD004822,PROD00014,2.0,15
OI0009660,ORD004823,PROD00460,4.0,0
OI0009661,ORD004823,PROD00084,10.0,5
OI0009662,ORD004824,PROD00519,2.0,0
OI0009663,ORD004825,PROD00574,5.0,0
OI0009664,ORD004826,PROD00102,1.0,25
OI0009665,ORD004827,PROD00432,10.0,5
OI0009666,ORD004827,PROD00246,1.0,15
OI0009667,ORD004827,PROD00130,4.0,25
OI0009668,ORD004828,PROD00256,-1.0,25
OI0009669,ORD004828,PROD00140,2.0,20
OI0009670,ORD004828,PROD00030,5.0,5
OI0009671,ORD004828,PROD00503,2.0,15
OI0009672,ORD004829,PROD00421,1.0,10
OI0009673,ORD004829,PROD00475,-1.0,0
OI0009674,ORD004829,PROD00156,1.0,20
OI0009675,ORD004830,PROD00581,1.0,0
OI0009676,ORD004831,PROD00244,-1.0,5
OI0009677,ORD004831,PROD00242,2.0,10
OI0009678,ORD004831,PROD00297,10.0,0
OI0009679,ORD004832,PROD00027,10.0,0
OI0009680,ORD004832,PROD00072,2.0,0
OI0009681,ORD004832,PROD00225,4.0,15
OI0009682,ORD004832,PROD00037,1.0,15
OI0009683,ORD004833,PROD00132,-1.0,25
OI0009684,ORD004833,PROD00022,10.0,15
OI0009685,ORD004833,PROD00141,-1.0,0
OI0009686,ORD004834,PROD00564,2.0,10
OI0009687,ORD004834,PROD00306,1.0,25
OI0009688,ORD004834,PROD00074,-1.0,15
OI0009689,ORD004834,PROD00141,1.0,0
OI0009690,ORD004835,PROD00234,4.0,25
OI0009691,ORD004835,PROD00009,2.0,5
OI0009692,ORD004836,PROD00129,4.0,0
OI0009693,ORD004836,PROD00329,1.0,20
OI0009694,ORD004836,PROD00021,2.0,25
OI0009695,ORD004837,PROD00266,-1.0,20
OI0009696,ORD004837,PROD00403,3.0,10
OI0009697,ORD004837,PROD00586,5.0,0
OI0009698,ORD004838,PROD00153,1.0,0
OI0009699,ORD004838,PROD00115,3.0,0
OI0009700,ORD004839,PROD00164,10.0,25
OI0009701,ORD004840,PROD00492,3.0,0
OI0009702,ORD004841,PROD00424,3.0,20
OI0009703,ORD004842,PROD00107,10.0,0
OI0009704,ORD004843,PROD00042,4.0,0
OI0009705,ORD004843,PROD00469,3.0,15
OI0009706,ORD004843,PROD00290,2.0,0
OI0009707,ORD004843,PROD00545,5.0,15
OI0009708,ORD004844,PROD00231,5.0,5
OI0009709,ORD004845,PROD00067,5.0,0
OI0009710,ORD004845,PROD00161,2.0,25
OI0009711,ORD004846,PROD00003,3.0,10
OI0009712,ORD004847,PROD00102,-1.0,25
OI0009713,ORD004847,PROD00577,4.0,0
OI0009714,ORD004847,PROD00123,4.0,0
OI0009715,ORD004847,PROD00311,2.0,5
OI0009716,ORD004848,PROD00208,-1.0,0
OI0009717,ORD004848,PROD00449,4.0,25
OI0009718,ORD004848,PROD00037,1.0,5
OI0009719,ORD004848,PROD00489,1.0,20
OI0009720,ORD004849,PROD00261,-1.0,0
OI0009721,ORD004850,PROD00492,1.0,0
OI0009722,ORD004850,PROD00430,1.0,5
OI0009723,ORD004851,PROD00082,-1.0,0
OI0009724,ORD004851,PROD00018,1.0,15
OI0009725,ORD004851,PROD00528,-1.0,15
OI0009726,ORD004851,PROD00562,3.0,0
OI0009727,ORD004852,PROD00497,1.0,0
OI0009728,ORD004852,PROD00340,1.0,0
OI0009729,ORD004852,PROD00093,-1.0,0
OI0009730,ORD004852,PROD00539,2.0,10
OI0009731,ORD004853,PROD00541,2.0,0
OI0009732,ORD004853,PROD00306,-1.0,10
OI0009733,ORD004853,PROD00484,1.0,15
OI0009734,ORD004854,PROD00540,2.0,25
OI0009735,ORD004854,PROD00598,4.0,0
OI0009736,ORD004855,PROD00595,3.0,25
OI0009737,ORD004855,PROD00297,10.0,25
OI0009738,ORD004855,PROD00459,10.0,0
OI0009739,ORD004856,PROD00441,2.0,5
OI0009740,ORD004857,PROD00138,5.0,15
OI0009741,ORD004858,PROD00207,2.0,25
OI0009742,ORD004859,PROD00327,3.0,25
OI0009743,ORD004859,PROD00144,5.0,25
OI0009744,ORD004860,PROD00132,10.0,0
OI0009745,ORD004861,PROD00199,1.0,20
OI0009746,ORD004861,PROD00514,3.0,25
OI0009747,ORD004861,PROD00171,2.0,10
OI0009748,ORD004862,PROD00575,1.0,25
OI0009749,ORD004862,PROD00013,1.0,10
OI0009750,ORD004863,PROD00038,3.0,20
OI0009751,ORD004864,PROD00463,2.0,15
OI0009752,ORD004865,PROD00080,2.0,10
OI0009753,ORD004865,PROD00117,1.0,25
OI0009754,ORD004866,PROD00266,2.0,25
OI0009755,ORD004866,PROD00257,3.0,0
OI0009756,ORD004867,PROD00088,2.0,0
OI0009757,ORD004867,PROD00177,4.0,15
OI0009758,ORD004868,PROD00315,2.0,20
OI0009759,ORD004869,PROD00438,5.0,0
OI0009760,ORD004869,PROD00172,3.0,0
OI0009761,ORD004870,PROD00085,1.0,10
OI0009762,ORD004870,PROD00307,1.0,0
OI0009763,ORD004870,PROD00393,1.0,0
OI0009764,ORD004871,PROD00187,3.0,5
OI0009765,ORD004871,PROD00445,1.0,20
OI0009766,ORD004871,PROD00165,1.0,10
OI0009767,ORD004872,PROD00023,-1.0,0
OI0009768,ORD004872,PROD00592,4.0,20
OI0009769,ORD004873,PROD00581,2.0,0
OI0009770,ORD004873,PROD00373,3.0,0
OI0009771,ORD004874,PROD00238,4.0,0
OI0009772,ORD004874,PROD00326,-1.0,0
OI0009773,ORD004874,PROD00537,2.0,15
OI0009774,ORD004874,PROD00423,5.0,0
OI0009775,ORD004875,PROD00267,-1.0,0
OI0009776,ORD004875,PROD00085,1.0,0
OI0009777,ORD004875,PROD00002,,15
OI0009778,ORD004876,PROD00347,1.0,5
OI0009779,ORD004876,PROD00288,1.0,25
OI0009780,ORD004876,PROD00184,1.0,0
OI0009781,ORD004877,PROD00554,-1.0,0
OI0009782,ORD004877,PROD00370,1.0,0
OI0009783,ORD004877,PROD00205,4.0,0
OI0009784,ORD004877,PROD00045,3.0,0
OI0009785,ORD004878,PROD00483,3.0,5
OI0009786,ORD004879,PROD00407,1.0,0
OI0009787,ORD004880,PROD00562,5.0,0
OI0009788,ORD004881,PROD00408,4.0,25
OI0009789,ORD004881,PROD00524,2.0,5
OI0009790,ORD004882,PROD00147,3.0,10
OI0009791,ORD004883,PROD00356,2.0,5
OI0009792,ORD004883,PROD00546,2.0,0
OI0009793,ORD004884,PROD00324,1.0,0
OI0009794,ORD004884,PROD9753,10.0,0
OI0009795,ORD004884,PROD00083,1.0,20
OI0009796,ORD004885,PROD00267,2.0,5
OI0009797,ORD004885,PROD00089,3.0,0
OI0009798,ORD004885,PROD00079,3.0,0
OI0009799,ORD004885,PROD00449,4.0,15
OI0009800,ORD004886,PROD00498,5.0,25
OI0009801,ORD004887,PROD00369,-1.0,0
OI0009802,ORD004887,PROD00317,10.0,0
OI0009803,ORD004888,PROD00464,2.0,15
OI0009804,ORD004889,PROD00113,2.0,20
OI0009805,ORD004889,PROD00552,1.0,0
OI0009806,ORD004889,PROD00301,2.0,20
OI0009807,ORD004890,PROD00339,-1.0,0
OI0009808,ORD004890,PROD00321,1.0,15
OI0009809,ORD004890,PROD00569,1.0,15
OI0009810,ORD004891,PROD00036,5.0,0
OI0009811,ORD004891,PROD00502,5.0,0
OI0009812,ORD004892,PROD00556,5.0,25
OI0009813,ORD004893,PROD00558,10.0,20
OI0009814,ORD004893,PROD00337,1.0,20
OI0009815,ORD004894,PROD00142,3.0,0
OI0009816,ORD004895,PROD00417,4.0,25
OI0009817,ORD004896,PROD00418,1.0,20
OI0009818,ORD004896,PROD00568,3.0,0
OI0009819,ORD004896,PROD00568,1.0,10
OI0009820,ORD004897,PROD00320,5.0,0
OI0009821,ORD004897,PROD00463,-1.0,25
OI0009822,ORD004897,PROD00027,500.0,5
OI0009823,ORD004898,PROD00587,1.0,25
OI0009824,ORD004899,PROD00200,4.0,15
OI0009825,ORD004900,PROD00218,2.0,0
OI0009826,ORD004900,PROD00419,10.0,0
OI0009827,ORD004900,PROD00016,5.0,20
OI0009828,ORD004900,PROD00376,-1.0,0
OI0009829,ORD004901,PROD00205,500.0,25
OI0009830,ORD004901,PROD00073,10.0,20
OI0009831,ORD004902,PROD00482,1.0,0
OI0009832,ORD004903,PROD00561,1.0,0
OI0009833,ORD004903,PROD00148,10.0,10
OI0009834,ORD004904,PROD00596,5.0,25
OI0009835,ORD004904,PROD00459,-1.0,25
OI0009836,ORD004905,PROD00270,2.0,25
OI0009837,ORD004905,PROD00361,1.0,0
OI0009838,ORD004906,PROD00544,3.0,15
OI0009839,ORD004906,PROD00237,3.0,0
OI0009840,ORD004907,PROD00070,4.0,0
OI0009841,ORD004907,PROD00341,4.0,0
OI0009842,ORD004908,PROD00482,5.0,0
OI0009843,ORD004909,PROD00471,1.0,15
OI0009844,ORD004909,PROD00239,1.0,25
OI0009845,ORD004909,PROD00568,-1.0,25
OI0009846,ORD004909,PROD00331,2.0,10
OI0009847,ORD004910,PROD00452,1.0,10
OI0009848,ORD004911,PROD00026,3.0,0
OI0009849,ORD004911,PROD00377,3.0,10
OI0009850,ORD004912,PROD00105,2.0,20
OI0009851,ORD004912,PROD00383,-1.0,0
OI0009852,ORD004912,PROD00467,1.0,20
OI0009853,ORD004913,PROD00074,4.0,25
OI0009854,ORD004914,PROD00374,4.0,0
OI0009855,ORD004914,PROD00029,2.0,0
OI0009856,ORD004914,PROD00389,2.0,10
OI0009857,ORD004915,PROD00058,1.0,0
OI0009858,ORD004916,PROD00487,5.0,25
OI0009859,ORD004916,PROD00540,1.0,0
OI0009860,ORD004917,PROD00523,10.0,0
OI0009861,ORD004917,PROD00132,1.0,0
OI0009862,ORD004918,PROD00266,1.0,15
OI0009863,ORD004919,PROD00044,2.0,10
OI0009864,ORD004920,PROD00354,1.0,0
OI0009865,ORD004920,PROD00350,1.0,20
OI0009866,ORD004920,PROD00394,500.0,10
OI0009867,ORD004921,PROD00543,4.0,10
OI0009868,ORD004921,PROD00412,3.0,0
OI0009869,ORD004921,PROD00096,5.0,15
OI0009870,ORD004922,PROD00149,10.0,10
OI0009871,ORD004923,PROD00325,5.0,0
OI0009872,ORD004924,PROD00486,1.0,20
OI0009873,ORD004924,PROD00595,1.0,0
OI0009874,ORD004925,PROD00543,-1.0,0
OI0009875,ORD004926,PROD00114,2.0,0
OI0009876,ORD004926,PROD00312,2.0,15
OI0009877,ORD004926,PROD00006,3.0,0
OI0009878,ORD004927,PROD00420,1.0,25
OI0009879,ORD004927,PROD00473,2.0,5
OI0009880,ORD004928,PROD00099,1.0,10
OI0009881,ORD004928,PROD00223,2.0,5
OI0009882,ORD004929,PROD00514,5.0,5
OI0009883,ORD004929,PROD00394,10.0,0
OI0009884,ORD004930,PROD00017,1.0,0
OI0009885,ORD004930,PROD00210,10.0,5
OI0009886,ORD004930,PROD00459,10.0,0
OI0009887,ORD004931,PROD00251,2.0,0
OI0009888,ORD004932,PROD00406,10.0,10
OI0009889,ORD004932,PROD00008,1.0,25
OI0009890,ORD004932,PROD00562,4.0,25
OI0009891,ORD004933,PROD00176,2.0,25
OI0009892,ORD004933,PROD00110,5.0,10
OI0009893,ORD004934,PROD00377,1.0,10
OI0009894,ORD004934,PROD00044,-1.0,0
OI0009895,ORD004934,PROD00487,4.0,20
OI0009896,ORD004935,PROD00180,5.0,0
OI0009897,ORD004936,PROD00473,2.0,0
OI0009898,ORD004936,PROD00521,-1.0,0
OI0009899,ORD004937,PROD00502,5.0,15
OI0009900,ORD004937,PROD00569,1.0,0
OI0009901,ORD004938,PROD00117,1.0,10
OI0009902,ORD004938,PROD00385,5.0,0
OI0009903,ORD004939,PROD00145,5.0,0
OI0009904,ORD004939,PROD00137,2.0,0
OI0009905,ORD004940,PROD00026,-1.0,0
OI0009906,ORD004940,PROD00046,2.0,0
OI0009907,ORD004940,PROD00135,1.0,0
OI0009908,ORD004941,PROD00318,1.0,0
OI0009909,ORD004942,PROD00539,2.0,25
OI0009910,ORD004942,PROD00193,1.0,0
OI0009911,ORD004943,PROD00211,4.0,25
OI0009912,ORD004943,PROD00268,2.0,0
OI0009913,ORD004944,PROD00273,-1.0,0
OI0009914,ORD004944,PROD00501,10.0,5
OI0009915,ORD004944,PROD00372,-1.0,0
OI0009916,ORD004945,PROD00501,5.0,5
OI0009917,ORD004946,PROD00102,1.0,10
OI0009918,ORD004947,PROD00270,1.0,0
OI0009919,ORD004948,PROD00470,2.0,25
OI0009920,ORD004948,PROD00368,2.0,20
OI0009921,ORD004948,PROD00104,1.0,0
OI0009922,ORD004949,PROD00029,2.0,0
OI0009923,ORD004950,PROD00542,-1.0,25
OI0009924,ORD004950,PROD00496,5.0,25
OI0009925,ORD004950,PROD00115,1.0,0
OI0009926,ORD004951,PROD00430,2.0,5
OI0009927,ORD004952,PROD00334,1.0,10
OI0009928,ORD004952,PROD00015,1.0,20
OI0009929,ORD004953,PROD00219,3.0,0
OI0009930,ORD004954,PROD00442,10.0,5
OI0009931,ORD004955,PROD00600,5.0,0
OI0009932,ORD004955,PROD00416,2.0,0
OI0009933,ORD004955,PROD00153,2.0,15
OI0009934,ORD004955,PROD00551,2.0,25
OI0009935,ORD004956,PROD00483,1.0,0
OI0009936,ORD004957,PROD00036,1.0,0
OI0009937,ORD004957,PROD00401,3.0,0
OI0009938,ORD004957,PROD00384,5.0,0
OI0009939,ORD004958,PROD00066,1.0,25
OI0009940,ORD004959,PROD00351,5.0,0
OI0009941,ORD004959,PROD00302,2.0,15
OI0009942,ORD004960,PROD00299,1.0,0
OI0009943,ORD004961,PROD00238,1.0,15
OI0009944,ORD004962,PROD00599,2.0,25
OI0009945,ORD004963,PROD00255,1.0,0
OI0009946,ORD004964,PROD00131,1.0,5
OI0009947,ORD004964,PROD00191,1.0,0
OI0009948,ORD004964,PROD00597,1.0,10
OI0009949,ORD004965,PROD00406,5.0,0
OI0009950,ORD004966,PROD00345,5.0,20
OI0009951,ORD004967,PROD9339,-1.0,20
OI0009952,ORD004968,PROD00437,2.0,0
OI0009953,ORD004969,PROD00494,-1.0,20
OI0009954,ORD004970,PROD00020,-1.0,15
OI0009955,ORD004971,PROD00186,2.0,0
OI0009956,ORD004972,PROD00336,5.0,25
OI0009957,ORD004972,PROD00228,5.0,15
OI0009958,ORD004972,PROD00158,3.0,0
OI0009959,ORD004972,PROD00379,2.0,0
OI0009960,ORD004973,PROD00445,3.0,20
OI0009961,ORD004973,PROD00421,2.0,10
OI0009962,ORD004973,PROD00101,4.0,25
OI0009963,ORD004974,PROD00359,-1.0,0
OI0009964,ORD004974,PROD00055,-1.0,15
OI0009965,ORD004975,PROD00241,1.0,25
OI0009966,ORD004975,PROD00593,5.0,0
OI0009967,ORD004976,PROD00574,2.0,0
OI0009968,ORD004977,PROD00599,1.0,10
OI0009969,ORD004977,PROD00002,1.0,15
OI0009970,ORD004978,PROD00212,2.0,0
OI0009971,ORD004978,PROD00123,5.0,0
OI0009972,ORD004979,PROD00494,1.0,0
OI0009973,ORD004979,PROD00278,10.0,10
OI0009974,ORD004980,PROD00093,4.0,25
OI0009975,ORD004980,PROD00352,1.0,0
OI0009976,ORD004980,PROD00249,10.0,5
OI0009977,ORD004981,PROD00507,1.0,0
OI0009978,ORD004982,PROD00306,1.0,5
OI0009979,ORD004982,PROD00292,5.0,15
OI0009980,ORD004982,PROD00005,2.0,25
OI0009981,ORD004982,PROD00357,10.0,5
OI0009982,ORD004983,PROD00072,1.0,5
OI0009983,ORD004983,PROD00028,-1.0,15
OI0009984,ORD004983,PROD00039,5.0,0
OI0009985,ORD004984,PROD00525,5.0,0
OI0009986,ORD004984,PROD00201,10.0,25
OI0009987,ORD004984,PROD00484,1.0,0
OI0009988,ORD004984,PROD00450,-1.0,25
OI0009989,ORD004985,PROD00221,4.0,0
OI0009990,ORD004985,PROD00474,-1.0,20
OI0009991,ORD004985,PROD00178,-1.0,5
OI0009992,ORD004985,PROD00594,10.0,0
OI0009993,ORD004986,PROD00577,5.0,15
OI0009994,ORD004986,PROD00431,10.0,25
OI0009995,ORD004986,PROD00334,1.0,0
OI0009996,ORD004987,PROD00490,3.0,15
OI0009997,ORD004988,PROD9731,1.0,15
OI0009998,ORD004989,PROD00060,10.0,25
OI0009999,ORD004990,PROD00031,10.0,25
OI0010000,ORD004991,PROD00358,2.0,20
OI0010001,ORD004991,PROD00483,3.0,25
OI0010002,ORD004991,PROD00010,-1.0,0
OI0010003,ORD004991,PROD00571,-1.0,20
OI0010004,ORD004992,PROD00498,10.0,10
OI0010005,ORD004992,PROD00341,10.0,15
OI0010006,ORD004992,PROD00535,1.0,10
OI0010007,ORD004992,PROD00446,1.0,20
OI0010008,ORD004993,PROD00400,2.0,10
OI0010009,ORD004994,PROD00583,2.0,25
OI0010010,ORD004994,PROD00118,3.0,25
OI0010011,ORD004994,PROD00468,-1.0,15
OI0010012,ORD004995,PROD00410,-1.0,15
OI0010013,ORD004995,PROD00283,-1.0,0
OI0010014,ORD004996,PROD00194,-1.0,5
OI0010015,ORD004996,PROD00331,1.0,0
OI0010016,ORD004996,PROD00476,1.0,0
OI0010017,ORD004996,PROD00467,1.0,0
OI0010018,ORD004997,PROD00105,-1.0,0
OI0010019,ORD004997,PROD00457,1.0,20
OI0010020,ORD004997,PROD00488,1.0,20
OI0010021,ORD004998,PROD00429,-1.0,20
OI0010022,ORD004998,PROD00199,1.0,0
OI0010023,ORD004999,PROD00244,4.0,0
OI0010024,ORD005000,PROD00391,1.0,20
OI0010025,ORD005000,PROD00416,1.0,20
OI0010026,ORD005001,PROD00129,1.0,15
OI0010027,ORD005001,PROD00521,3.0,0
OI0010028,ORD005001,PROD00130,3.0,0
OI0010029,ORD005002,PROD00049,10.0,25
OI0010030,ORD005003,PROD00266,5.0,20
OI0010031,ORD005003,PROD00228,4.0,15
OI0010032,ORD005004,PROD00282,10.0,25
OI0010033,ORD005004,PROD00034,1.0,20
OI0010034,ORD005005,PROD00366,2.0,5
OI0010035,ORD005006,PROD9941,1.0,15
OI0010036,ORD005007,PROD00294,2.0,0
OI0010037,ORD005008,PROD00035,2.0,25
OI0010038,ORD005008,PROD9482,1.0,10
OI0010039,ORD005008,PROD00209,1.0,15
OI0010040,ORD005009,PROD00095,1.0,20
OI0010041,ORD005009,PROD00064,3.0,25
OI0010042,ORD005010,PROD00059,3.0,25
OI0010043,ORD005010,PROD00335,2.0,10
OI0010044,ORD005011,PROD00409,4.0,0
OI0010045,ORD005011,PROD00489,3.0,25
OI0010046,ORD005012,PROD00264,1.0,0
OI0010047,ORD005012,PROD00576,1.0,0
OI0010048,ORD005012,PROD00529,10.0,0
OI0010049,ORD005013,PROD00558,3.0,0
OI0010050,ORD005013,PROD00219,1.0,25
OI0010051,ORD005013,PROD00248,1.0,0
OI0010052,ORD005014,PROD00013,5.0,0
OI0010053,ORD005014,PROD00133,4.0,20
OI0010054,ORD005015,PROD00166,-1.0,20
OI0010055,ORD005015,PROD00425,2.0,0
OI0010056,ORD005016,PROD00188,1.0,10
OI0010057,ORD005016,PROD00104,10.0,0
OI0010058,ORD005016,PROD00190,10.0,0
OI0010059,ORD005017,PROD00481,2.0,0
OI0010060,ORD005017,PROD00268,5.0,5
OI0010061,ORD005018,PROD00344,1.0,5
OI0010062,ORD005019,PROD00059,1.0,5
OI0010063,ORD005019,PROD00032,-1.0,20
OI0010064,ORD005020,PROD00331,1.0,25
OI0010065,ORD005021,PROD00387,3.0,0
OI0010066,ORD005022,PROD00418,5.0,20
OI0010067,ORD005023,PROD00463,-1.0,0
OI0010068,ORD005024,PROD00470,-1.0,10
OI0010069,ORD005024,PROD00543,5.0,25
OI0010070,ORD005024,PROD00059,-1.0,0
OI0010071,ORD005025,PROD00473,10.0,0
OI0010072,ORD005026,PROD00175,1.0,10
OI0010073,ORD005026,PROD00119,2.0,25
OI0010074,ORD005026,PROD00356,2.0,20
OI0010075,ORD005027,PROD00234,1.0,15
OI0010076,ORD005027,PROD00346,-1.0,25
OI0010077,ORD005028,PROD00081,1.0,0
OI0010078,ORD005029,PROD00286,10.0,20
OI0010079,ORD005030,PROD00275,1.0,10
OI0010080,ORD005031,PROD00342,1.0,5
OI0010081,ORD005032,PROD00362,2.0,15
OI0010082,ORD005032,PROD00339,1.0,20
OI0010083,ORD005033,PROD00393,-1.0,25
OI0010084,ORD005033,PROD00415,2.0,25
OI0010085,ORD005033,PROD00453,5.0,20
OI0010086,ORD005034,PROD00598,1.0,5
OI0010087,ORD005034,PROD00143,2.0,10
OI0010088,ORD005035,PROD00004,4.0,0
OI0010089,ORD005036,PROD00090,-1.0,15
OI0010090,ORD005037,PROD9710,4.0,0
OI0010091,ORD005038,PROD00347,10.0,25
OI0010092,ORD005038,PROD00224,10.0,20
OI0010093,ORD005038,PROD00381,2.0,5
OI0010094,ORD005038,PROD00571,5.0,0
OI0010095,ORD005039,PROD00373,10.0,20
OI0010096,ORD005039,PROD00588,2.0,5
OI0010097,ORD005039,PROD00456,-1.0,15
OI0010098,ORD005039,PROD00031,1.0,5
OI0010099,ORD005040,PROD00546,-1.0,5
OI0010100,ORD005040,PROD00283,1.0,5
OI0010101,ORD005040,PROD00394,1.0,0
OI0010102,ORD005040,PROD00407,10.0,0
OI0010103,ORD005041,PROD00293,5.0,20
OI0010104,ORD005042,PROD00003,5.0,0
OI0010105,ORD005043,PROD9010,1.0,10
OI0010106,ORD005044,PROD00193,1.0,5
OI0010107,ORD005044,PROD00364,10.0,0
OI0010108,ORD005045,PROD00481,2.0,20
OI0010109,ORD005045,PROD00223,1.0,25
OI0010110,ORD005046,PROD00537,4.0,10
OI0010111,ORD005047,PROD00541,4.0,25
OI0010112,ORD005048,PROD00159,10.0,0
OI0010113,ORD005049,PROD00093,-1.0,0
OI0010114,ORD005049,PROD00462,1.0,0
OI0010115,ORD005050,PROD00190,2.0,20
OI0010116,ORD005051,PROD00142,4.0,10
OI0010117,ORD005052,PROD9825,10.0,25
OI0010118,ORD005053,PROD00353,-1.0,0
OI0010119,ORD005053,PROD00336,1.0,10
OI0010120,ORD005053,PROD00514,-1.0,20
OI0010121,ORD005053,PROD00196,4.0,0
OI0010122,ORD005054,PROD00194,3.0,5
OI0010123,ORD005054,PROD00202,4.0,20
OI0010124,ORD005055,PROD00416,2.0,0
OI0010125,ORD005056,PROD00151,1.0,15
OI0010126,ORD005056,PROD00477,2.0,20
OI0010127,ORD005057,PROD00114,2.0,20
OI0010128,ORD005057,PROD00306,1.0,0
OI0010129,ORD005057,PROD00515,2.0,5
OI0010130,ORD005058,PROD00062,-1.0,0
OI0010131,ORD005059,PROD00189,2.0,10
OI0010132,ORD005059,PROD00221,4.0,0
OI0010133,ORD005059,PROD00186,3.0,10
OI0010134,ORD005059,PROD00334,1.0,0
OI0010135,ORD005060,PROD00533,3.0,0
OI0010136,ORD005061,PROD00530,1.0,0
OI0010137,ORD005062,PROD00117,10.0,0
OI0010138,ORD005063,PROD00520,10.0,5
OI0010139,ORD005063,PROD00125,10.0,0
OI0010140,ORD005064,PROD00394,1.0,25
OI0010141,ORD005064,PROD00398,1.0,5
OI0010142,ORD005064,PROD00279,1.0,20
OI0010143,ORD005064,PROD00367,3.0,5
OI0010144,ORD005065,PROD00032,4.0,0
OI0010145,ORD005065,PROD00270,1.0,10
OI0010146,ORD005065,PROD00470,10.0,0
OI0010147,ORD005066,PROD00432,1.0,0
OI0010148,ORD005067,PROD00255,5.0,5
OI0010149,ORD005067,PROD00472,2.0,0
OI0010150,ORD005067,PROD00010,5.0,0
OI0010151,ORD005067,PROD00132,1.0,0
OI0010152,ORD005068,PROD00352,-1.0,0
OI0010153,ORD005069,PROD00496,10.0,10
OI0010154,ORD005070,PROD00303,1.0,10
OI0010155,ORD005071,PROD00006,3.0,0
OI0010156,ORD005072,PROD00597,1.0,0
OI0010157,ORD005073,PROD00568,10.0,0
OI0010158,ORD005073,PROD00096,5.0,15
OI0010159,ORD005073,PROD00388,3.0,5
OI0010160,ORD005073,PROD00088,3.0,0
OI0010161,ORD005074,PROD00009,1.0,25
OI0010162,ORD005075,PROD00554,3.0,5
OI0010163,ORD005076,PROD00047,4.0,5
OI0010164,ORD005076,PROD00329,1.0,0
OI0010165,ORD005076,PROD00474,1.0,20
OI0010166,ORD005076,PROD00150,1.0,0
OI0010167,ORD005077,PROD00412,500.0,20
OI0010168,ORD005078,PROD00547,1.0,0
OI0010169,ORD005078,PROD00043,-1.0,25
OI0010170,ORD005079,PROD00497,10.0,15
OI0010171,ORD005079,PROD00017,5.0,15
OI0010172,ORD005079,PROD00230,-1.0,15
OI0010173,ORD005080,PROD00130,2.0,0
OI0010174,ORD005080,PROD00528,3.0,10
OI0010175,ORD005080,PROD00592,10.0,15
OI0010176,ORD005080,PROD00019,10.0,0
OI0010177,ORD005081,PROD00395,1.0,15
OI0010178,ORD005081,PROD00338,1.0,0
OI0010179,ORD005081,PROD00119,1.0,20
OI0010180,ORD005081,PROD00398,10.0,25
OI0010181,ORD005082,PROD00128,1.0,5
OI0010182,ORD005082,PROD00048,1.0,25
OI0010183,ORD005083,PROD00018,2.0,10
OI0010184,ORD005083,PROD00100,4.0,5
OI0010185,ORD005084,PROD00439,4.0,0
OI0010186,ORD005084,PROD00515,1.0,0
OI0010187,ORD005085,PROD00586,2.0,5
OI0010188,ORD005085,PROD00068,-1.0,25
OI0010189,ORD005086,PROD00111,10.0,0
OI0010190,ORD005086,PROD00344,1.0,15
OI0010191,ORD005087,PROD00227,-1.0,20
OI0010192,ORD005088,PROD00028,1.0,0
OI0010193,ORD005088,PROD00487,1.0,10
OI0010194,ORD005088,PROD00475,10.0,5
OI0010195,ORD005089,PROD00532,1.0,10
OI0010196,ORD005090,PROD00127,5.0,15
OI0010197,ORD005090,PROD00100,2.0,0
OI0010198,ORD005091,PROD00566,2.0,20
OI0010199,ORD005092,PROD00558,5.0,25
OI0010200,ORD005092,PROD00553,3.0,20
OI0010201,ORD005093,PROD00529,10.0,5
OI0010202,ORD005094,PROD00105,3.0,20
OI0010203,ORD005095,PROD00203,1.0,20
OI0010204,ORD005095,PROD00069,5.0,15
OI0010205,ORD005096,PROD00521,5.0,25
OI0010206,ORD005096,PROD00474,-1.0,5
OI0010207,ORD005097,PROD00237,1.0,25
OI0010208,ORD005098,PROD00149,4.0,25
OI0010209,ORD005099,PROD00442,5.0,15
OI0010210,ORD005099,PROD00314,5.0,10
OI0010211,ORD005099,PROD00595,1.0,5
OI0010212,ORD005100,PROD00427,2.0,25
OI0010213,ORD005100,PROD00209,-1.0,0
OI0010214,ORD005100,PROD00442,4.0,0
OI0010215,ORD005101,PROD00509,2.0,20
OI0010216,ORD005102,PROD00539,4.0,0
OI0010217,ORD005102,PROD00183,1.0,10
OI0010218,ORD005102,PROD00309,2.0,0
OI0010219,ORD005102,PROD00360,5.0,10
OI0010220,ORD005103,PROD00289,1.0,0
OI0010221,ORD005104,PROD00436,1.0,10
OI0010222,ORD005105,PROD00422,500.0,25
OI0010223,ORD005105,PROD00008,2.0,0
OI0010224,ORD005106,PROD00277,5.0,0
OI0010225,ORD005106,PROD00492,2.0,0
OI0010226,ORD005106,PROD00464,3.0,20
OI0010227,ORD005107,PROD00038,1.0,0
OI0010228,ORD005107,PROD00272,10.0,25
OI0010229,ORD005107,PROD00308,5.0,10
OI0010230,ORD005108,PROD00016,3.0,20
OI0010231,ORD005108,PROD00349,5.0,0
OI0010232,ORD005109,PROD00524,2.0,5
OI0010233,ORD005109,PROD00238,5.0,0
OI0010234,ORD005109,PROD00295,2.0,25
OI0010235,ORD005109,PROD00548,5.0,15
OI0010236,ORD005110,PROD00527,3.0,10
OI0010237,ORD005111,PROD00277,1.0,15
OI0010238,ORD005112,PROD00343,-1.0,5
OI0010239,ORD005113,PROD00065,-1.0,15
OI0010240,ORD005114,PROD00132,2.0,0
OI0010241,ORD005115,PROD00177,2.0,10
OI0010242,ORD005115,PROD00293,2.0,0
OI0010243,ORD005116,PROD00214,-1.0,10
OI0010244,ORD005116,PROD00347,3.0,0
OI0010245,ORD005116,PROD00227,10.0,15
OI0010246,ORD005116,PROD00544,1.0,25
OI0010247,ORD005117,PROD00083,-1.0,10
OI0010248,ORD005118,PROD00172,2.0,0
OI0010249,ORD005118,PROD00555,2.0,15
OI0010250,ORD005118,PROD00547,10.0,20
OI0010251,ORD005119,PROD00259,4.0,0
OI0010252,ORD005120,PROD00299,-1.0,0
OI0010253,ORD005120,PROD00111,3.0,20
OI0010254,ORD005120,PROD00223,3.0,5
OI0010255,ORD005121,PROD00103,3.0,0
OI0010256,ORD005122,PROD00270,1.0,20
OI0010257,ORD005123,PROD00563,1.0,5
OI0010258,ORD005123,PROD00350,5.0,20
OI0010259,ORD005124,PROD00369,10.0,10
OI0010260,ORD005125,PROD00171,3.0,0
OI0010261,ORD005125,PROD00544,10.0,20
OI0010262,ORD005126,PROD00254,2.0,0
OI0010263,ORD005127,PROD00222,4.0,20
OI0010264,ORD005127,PROD00265,2.0,0
OI0010265,ORD005128,PROD00579,2.0,15
OI0010266,ORD005128,PROD00151,1.0,0
OI0010267,ORD005128,PROD00117,1.0,0
OI0010268,ORD005129,PROD00446,5.0,0
OI0010269,ORD005130,PROD00180,1.0,5
OI0010270,ORD005130,PROD00185,4.0,15
OI0010271,ORD005130,PROD00495,-1.0,0
OI0010272,ORD005131,PROD00387,5.0,25
OI0010273,ORD005132,PROD00368,3.0,10
OI0010274,ORD005132,PROD00429,1.0,10
OI0010275,ORD005133,PROD00567,4.0,10
OI0010276,ORD005133,PROD00244,1.0,0
OI0010277,ORD005134,PROD00175,1.0,25
OI0010278,ORD005135,PROD00558,-1.0,5
OI0010279,ORD005136,PROD00566,2.0,25
OI0010280,ORD005137,PROD00166,1.0,0
OI0010281,ORD005137,PROD00015,3.0,5
OI0010282,ORD005137,PROD00540,2.0,5
OI0010283,ORD005137,PROD00097,1.0,10
OI0010284,ORD005138,PROD00016,2.0,10
OI0010285,ORD005139,PROD00120,5.0,15
OI0010286,ORD005140,PROD00477,4.0,10
OI0010287,ORD005141,PROD00267,2.0,20
OI0010288,ORD005142,PROD00152,5.0,20
OI0010289,ORD005142,PROD00579,5.0,5
OI0010290,ORD005143,PROD00538,1.0,20
OI0010291,ORD005144,PROD00444,1.0,0
OI0010292,ORD005144,PROD00167,3.0,0
OI0010293,ORD005144,PROD00498,1.0,5
OI0010294,ORD005145,PROD00545,2.0,5
OI0010295,ORD005145,PROD00543,1.0,10
OI0010296,ORD005146,PROD00481,1.0,5
OI0010297,ORD005147,PROD00230,10.0,0
OI0010298,ORD005148,PROD00189,2.0,5
OI0010299,ORD005149,PROD00266,4.0,15
OI0010300,ORD005149,PROD00216,2.0,0
OI0010301,ORD005150,PROD00559,1.0,5
OI0010302,ORD005151,PROD00106,2.0,25
OI0010303,ORD005151,PROD00072,3.0,10
OI0010304,ORD005151,PROD00077,3.0,10
OI0010305,ORD005152,PROD00268,1.0,10
OI0010306,ORD005153,PROD00290,2.0,20
OI0010307,ORD005154,PROD00023,1.0,10
OI0010308,ORD005154,PROD00150,1.0,0
OI0010309,ORD005154,PROD00594,1.0,10
OI0010310,ORD005154,PROD00410,2.0,0
OI0010311,ORD005155,PROD00338,1.0,25
OI0010312,ORD005155,PROD00551,2.0,5
OI0010313,ORD005156,PROD00407,1.0,5
OI0010314,ORD005157,PROD00130,1.0,0
OI0010315,ORD005157,PROD00185,2.0,0
OI0010316,ORD005158,PROD00165,5.0,0
OI0010317,ORD005158,PROD00299,5.0,25
OI0010318,ORD005158,PROD00235,1.0,15
OI0010319,ORD005159,PROD00426,4.0,15
OI0010320,ORD005160,PROD00262,1.0,5
OI0010321,ORD005160,PROD00288,10.0,0
OI0010322,ORD005160,PROD00125,4.0,0
OI0010323,ORD005161,PROD00027,5.0,0
OI0010324,ORD005161,PROD00573,2.0,15
OI0010325,ORD005161,PROD00310,1.0,10
OI0010326,ORD005162,PROD00309,4.0,10
OI0010327,ORD005163,PROD00178,1.0,25
OI0010328,ORD005164,PROD00518,4.0,20
OI0010329,ORD005164,PROD00470,2.0,20
OI0010330,ORD005165,PROD00012,1.0,0
OI0010331,ORD005165,PROD00307,2.0,10
OI0010332,ORD005166,PROD00562,1.0,25
OI0010333,ORD005167,PROD00189,2.0,25
OI0010334,ORD005168,PROD00475,4.0,5
OI0010335,ORD005169,PROD00323,3.0,15
OI0010336,ORD005169,PROD00503,5.0,15
OI0010337,ORD005169,PROD00555,500.0,0
OI0010338,ORD005170,PROD00441,1.0,0
OI0010339,ORD005171,PROD00295,2.0,0
OI0010340,ORD005171,PROD00584,10.0,0
OI0010341,ORD005172,PROD00587,1.0,10
OI0010342,ORD005173,PROD00135,2.0,10
OI0010343,ORD005173,PROD00041,4.0,25
OI0010344,ORD005174,PROD00424,5.0,0
OI0010345,ORD005175,PROD00208,2.0,10
OI0010346,ORD005175,PROD00141,-1.0,25
OI0010347,ORD005176,PROD00591,2.0,15
OI0010348,ORD005177,PROD00414,1.0,5
OI0010349,ORD005177,PROD00110,-1.0,10
OI0010350,ORD005177,PROD00441,4.0,25
OI0010351,ORD005178,PROD00327,-1.0,5
OI0010352,ORD005179,PROD00358,2.0,5
OI0010353,ORD005180,PROD00415,5.0,10
OI0010354,ORD005181,PROD00508,2.0,0
OI0010355,ORD005181,PROD00355,1.0,0
OI0010356,ORD005182,PROD00409,1.0,10
OI0010357,ORD005183,PROD00135,3.0,20
OI0010358,ORD005183,PROD00452,-1.0,15
OI0010359,ORD005183,PROD00582,10.0,5
OI0010360,ORD005183,PROD00332,3.0,0
OI0010361,ORD005184,PROD00303,2.0,0
OI0010362,ORD005184,PROD00401,1.0,15
OI0010363,ORD005185,PROD00378,1.0,20
OI0010364,ORD005186,PROD00560,10.0,25
OI0010365,ORD005186,PROD00360,5.0,0
OI0010366,ORD005186,PROD00558,5.0,0
OI0010367,ORD005187,PROD00266,4.0,20
OI0010368,ORD005187,PROD00411,1.0,20
OI0010369,ORD005188,PROD00163,5.0,0
OI0010370,ORD005188,PROD00348,2.0,20
OI0010371,ORD005189,PROD00050,4.0,20
OI0010372,ORD005189,PROD00189,1.0,10
OI0010373,ORD005190,PROD00528,1.0,25
OI0010374,ORD005190,PROD00464,-1.0,0
OI0010375,ORD005191,PROD00099,10.0,0
OI0010376,ORD005191,PROD00156,4.0,0
OI0010377,ORD005191,PROD00102,500.0,20
OI0010378,ORD005191,PROD00240,4.0,20
OI0010379,ORD005192,PROD00098,4.0,5
OI0010380,ORD005192,PROD00426,2.0,0
OI0010381,ORD005192,PROD00042,1.0,5
OI0010382,ORD005193,PROD00490,4.0,0
OI0010383,ORD005193,PROD00493,5.0,10
OI0010384,ORD005193,PROD00063,2.0,20
OI0010385,ORD005194,PROD00427,2.0,25
OI0010386,ORD005195,PROD00157,4.0,10
OI0010387,ORD005195,PROD00314,2.0,5
OI0010388,ORD005196,PROD00314,-1.0,10
OI0010389,ORD005196,PROD00320,2.0,0
OI0010390,ORD005196,PROD00465,1.0,25
OI0010391,ORD005196,PROD00478,10.0,20
OI0010392,ORD005197,PROD00303,-1.0,0
OI0010393,ORD005198,PROD00060,1.0,25
OI0010394,ORD005199,PROD00202,1.0,0
OI0010395,ORD005200,PROD00288,1.0,0
OI0010396,ORD005200,PROD00059,4.0,25
OI0010397,ORD005200,PROD00517,3.0,20
OI0010398,ORD005200,PROD00039,1.0,20
OI0010399,ORD005201,PROD00349,1.0,20
OI0010400,ORD005201,PROD00030,-1.0,10
OI0010401,ORD005201,PROD00366,1.0,25
OI0010402,ORD005202,PROD00353,10.0,15
OI0010403,ORD005202,PROD00161,1.0,0
OI0010404,ORD005202,PROD00116,10.0,0
OI0010405,ORD005202,PROD00023,2.0,15
OI0010406,ORD005203,PROD00473,2.0,5
OI0010407,ORD005204,PROD00510,,25
OI0010408,ORD005204,PROD00011,1.0,0
OI0010409,ORD005204,PROD00016,3.0,0
OI0010410,ORD005205,PROD00454,-1.0,5
OI0010411,ORD005206,PROD00037,2.0,15
OI0010412,ORD005207,PROD00577,1.0,10
OI0010413,ORD005208,PROD00260,2.0,0
OI0010414,ORD005209,PROD00027,-1.0,0
OI0010415,ORD005209,PROD00205,1.0,5
OI0010416,ORD005209,PROD00122,5.0,0
OI0010417,ORD005210,PROD00049,5.0,20
OI0010418,ORD005211,PROD00258,4.0,5
OI0010419,ORD005212,PROD00350,1.0,10
OI0010420,ORD005213,PROD00028,3.0,25
OI0010421,ORD005213,PROD00058,5.0,15
OI0010422,ORD005213,PROD00345,1.0,0
OI0010423,ORD005213,PROD00401,1.0,10
OI0010424,ORD005214,PROD00148,1.0,5
OI0010425,ORD005214,PROD00006,4.0,15
OI0010426,ORD005214,PROD00553,2.0,5
OI0010427,ORD005214,PROD00267,1.0,20
OI0010428,ORD005215,PROD00184,1.0,25
OI0010429,ORD005216,PROD00054,1.0,5
OI0010430,ORD005216,PROD00409,5.0,0
OI0010431,ORD005216,PROD00198,1.0,5
OI0010432,ORD005216,PROD00012,2.0,20
OI0010433,ORD005217,PROD00493,4.0,20
OI0010434,ORD005217,PROD00175,-1.0,15
OI0010435,ORD005218,PROD00527,1.0,0
OI0010436,ORD005218,PROD00010,2.0,10
OI0010437,ORD005219,PROD00093,3.0,20
OI0010438,ORD005220,PROD00482,2.0,10
OI0010439,ORD005220,PROD00135,10.0,10
OI0010440,ORD005221,PROD00127,3.0,0
OI0010441,ORD005221,PROD00463,2.0,5
OI0010442,ORD005222,PROD00476,2.0,5
OI0010443,ORD005222,PROD00493,2.0,15
OI0010444,ORD005223,PROD00015,3.0,10
OI0010445,ORD005223,PROD00135,1.0,0
OI0010446,ORD005223,PROD00429,2.0,0
OI0010447,ORD005224,PROD00236,4.0,0
OI0010448,ORD005224,PROD00011,1.0,20
OI0010449,ORD005224,PROD00244,1.0,5
OI0010450,ORD005224,PROD00097,2.0,10
OI0010451,ORD005225,PROD00593,1.0,5
OI0010452,ORD005225,PROD00393,1.0,0
OI0010453,ORD005225,PROD00479,5.0,5
OI0010454,ORD005226,PROD00127,4.0,0
OI0010455,ORD005227,PROD00366,3.0,20
OI0010456,ORD005228,PROD00390,10.0,20
OI0010457,ORD005229,PROD00312,1.0,0
OI0010458,ORD005229,PROD00402,2.0,0
OI0010459,ORD005229,PROD00337,4.0,0
OI0010460,ORD005229,PROD00572,5.0,25
OI0010461,ORD005230,PROD00403,3.0,0
OI0010462,ORD005231,PROD00003,1.0,10
OI0010463,ORD005232,PROD00359,10.0,5
OI0010464,ORD005233,PROD00438,1.0,0
OI0010465,ORD005233,PROD00399,1.0,0
OI0010466,ORD005234,PROD00533,2.0,20
OI0010467,ORD005235,PROD00066,2.0,0
OI0010468,ORD005236,PROD00153,10.0,20
OI0010469,ORD005236,PROD00061,10.0,10
OI0010470,ORD005237,PROD00112,,5
OI0010471,ORD005238,PROD00355,1.0,20
OI0010472,ORD005239,PROD00424,10.0,5
OI0010473,ORD005239,PROD00555,5.0,10
OI0010474,ORD005240,PROD00560,5.0,15
OI0010475,ORD005241,PROD00542,1.0,25
OI0010476,ORD005241,PROD00235,3.0,20
OI0010477,ORD005242,PROD00491,1.0,20
OI0010478,ORD005242,PROD00450,1.0,0
OI0010479,ORD005242,PROD00111,-1.0,0
OI0010480,ORD005242,PROD00274,-1.0,0
OI0010481,ORD005243,PROD00407,4.0,0
OI0010482,ORD005243,PROD00544,2.0,25
OI0010483,ORD005243,PROD00070,4.0,0
OI0010484,ORD005244,PROD00587,5.0,5
OI0010485,ORD005244,PROD00237,10.0,10
OI0010486,ORD005244,PROD00552,2.0,10
OI0010487,ORD005245,PROD00219,4.0,0
OI0010488,ORD005245,PROD00177,4.0,0
OI0010489,ORD005246,PROD00191,3.0,5
OI0010490,ORD005247,PROD00098,1.0,0
OI0010491,ORD005247,PROD00077,2.0,0
OI0010492,ORD005247,PROD00074,4.0,0
OI0010493,ORD005247,PROD00146,1.0,25
OI0010494,ORD005248,PROD00288,2.0,25
OI0010495,ORD005249,PROD00028,2.0,10
OI0010496,ORD005249,PROD00136,1.0,0
OI0010497,ORD005249,PROD00578,-1.0,5
OI0010498,ORD005250,PROD00262,3.0,5
OI0010499,ORD005250,PROD00166,3.0,15
OI0010500,ORD005250,PROD00186,5.0,15
OI0010501,ORD005250,PROD00313,-1.0,15
OI0010502,ORD005251,PROD00509,-1.0,15
OI0010503,ORD005251,PROD00078,-1.0,0
OI0010504,ORD005252,PROD00143,-1.0,20
OI0010505,ORD005253,PROD00143,1.0,0
OI0010506,ORD005254,PROD00420,1.0,0
OI0010507,ORD005254,PROD00300,2.0,0
OI0010508,ORD005254,PROD00316,5.0,0
OI0010509,ORD005254,PROD00075,3.0,0
OI0010510,ORD005255,PROD00258,2.0,0
OI0010511,ORD005255,PROD00216,4.0,15
OI0010512,ORD005255,PROD00262,4.0,20
OI0010513,ORD005256,PROD00110,3.0,10
OI0010514,ORD005256,PROD00352,1.0,0
OI0010515,ORD005256,PROD00155,1.0,25
OI0010516,ORD005257,PROD00175,2.0,20
OI0010517,ORD005258,PROD00487,4.0,25
OI0010518,ORD005258,PROD00253,-1.0,25
OI0010519,ORD005258,PROD00101,3.0,20
OI0010520,ORD005258,PROD00538,5.0,20
OI0010521,ORD005259,PROD00277,2.0,25
OI0010522,ORD005260,PROD00188,4.0,20
OI0010523,ORD005261,PROD00577,1.0,5
OI0010524,ORD005262,PROD00480,5.0,0
OI0010525,ORD005262,PROD00514,5.0,5
OI0010526,ORD005263,PROD00354,2.0,0
OI0010527,ORD005263,PROD00059,5.0,0
OI0010528,ORD005263,PROD00003,1.0,10
OI0010529,ORD005264,PROD00467,4.0,5
OI0010530,ORD005264,PROD00269,5.0,0
OI0010531,ORD005264,PROD00308,2.0,20
OI0010532,ORD005264,PROD00286,10.0,0
OI0010533,ORD005265,PROD00492,10.0,20
OI0010534,ORD005265,PROD00560,1.0,0
OI0010535,ORD005265,PROD00450,10.0,0
OI0010536,ORD005265,PROD00266,2.0,0
OI0010537,ORD005266,PROD00419,2.0,15
OI0010538,ORD005266,PROD00594,1.0,0
OI0010539,ORD005266,PROD00138,2.0,5
OI0010540,ORD005266,PROD00288,1.0,10
OI0010541,ORD005267,PROD00151,-1.0,5
OI0010542,ORD005268,PROD00201,4.0,10
OI0010543,ORD005268,PROD00324,5.0,5
OI0010544,ORD005268,PROD00053,-1.0,10
OI0010545,ORD005268,PROD00352,5.0,0
OI0010546,ORD005269,PROD00402,1.0,0
OI0010547,ORD005270,PROD00036,2.0,15
OI0010548,ORD005270,PROD00242,1.0,20
OI0010549,ORD005270,PROD00455,-1.0,5
OI0010550,ORD005271,PROD00112,1.0,15
OI0010551,ORD005271,PROD00049,4.0,0
OI0010552,ORD005271,PROD00099,2.0,25
OI0010553,ORD005271,PROD00410,2.0,15
OI0010554,ORD005272,PROD00317,1.0,10
OI0010555,ORD005273,PROD00491,10.0,0
OI0010556,ORD005274,PROD00287,3.0,10
OI0010557,ORD005274,PROD00037,2.0,5
OI0010558,ORD005274,PROD00368,2.0,0
OI0010559,ORD005274,PROD00526,-1.0,15
OI0010560,ORD005275,PROD00295,1.0,0
OI0010561,ORD005275,PROD00116,1.0,15
OI0010562,ORD005275,PROD00384,2.0,20
OI0010563,ORD005276,PROD00134,-1.0,0
OI0010564,ORD005277,PROD00096,5.0,0
OI0010565,ORD005278,PROD00107,1.0,25
OI0010566,ORD005278,PROD00557,-1.0,15
OI0010567,ORD005278,PROD00221,1.0,0
OI0010568,ORD005279,PROD00361,1.0,20
OI0010569,ORD005279,PROD00593,3.0,0
OI0010570,ORD005279,PROD00415,4.0,0
OI0010571,ORD005279,PROD00570,-1.0,25
OI0010572,ORD005280,PROD00219,4.0,0
OI0010573,ORD005281,PROD00527,2.0,0
OI0010574,ORD005282,PROD00359,2.0,25
OI0010575,ORD005282,PROD00160,1.0,0
OI0010576,ORD005283,PROD00295,5.0,15
OI0010577,ORD005283,PROD00376,2.0,0
OI0010578,ORD005283,PROD00032,1.0,20
OI0010579,ORD005283,PROD00284,2.0,20
OI0010580,ORD005284,PROD00414,2.0,0
OI0010581,ORD005284,PROD00564,3.0,0
OI0010582,ORD005285,PROD00185,2.0,5
OI0010583,ORD005286,PROD00149,1.0,20
OI0010584,ORD005286,PROD00358,1.0,0
OI0010585,ORD005287,PROD00306,1.0,0
OI0010586,ORD005288,PROD00097,1.0,20
OI0010587,ORD005288,PROD00519,3.0,0
OI0010588,ORD005288,PROD00496,1.0,25
OI0010589,ORD005288,PROD00328,1.0,0
OI0010590,ORD005289,PROD00239,2.0,0
OI0010591,ORD005289,PROD00546,2.0,15
OI0010592,ORD005289,PROD00448,2.0,0
OI0010593,ORD005290,PROD00337,10.0,10
OI0010594,ORD005290,PROD00168,1.0,15
OI0010595,ORD005291,PROD00282,4.0,5
OI0010596,ORD005291,PROD00013,1.0,0
OI0010597,ORD005292,PROD00298,-1.0,0
OI0010598,ORD005292,PROD00029,10.0,0
OI0010599,ORD005292,PROD00199,1.0,15
OI0010600,ORD005292,PROD00485,1.0,20
OI0010601,ORD005293,PROD00498,-1.0,5
OI0010602,ORD005293,PROD00415,10.0,5
OI0010603,ORD005294,PROD00289,5.0,10
OI0010604,ORD005294,PROD00147,2.0,0
OI0010605,ORD005294,PROD00195,1.0,25
OI0010606,ORD005294,PROD00331,2.0,0
OI0010607,ORD005295,PROD00156,-1.0,15
OI0010608,ORD005296,PROD00130,1.0,0
OI0010609,ORD005296,PROD00117,1.0,0
OI0010610,ORD005296,PROD00305,5.0,0
OI0010611,ORD005296,PROD00001,2.0,15
OI0010612,ORD005297,PROD00542,3.0,0
OI0010613,ORD005298,PROD00382,4.0,10
OI0010614,ORD005298,PROD00323,1.0,20
OI0010615,ORD005299,PROD00536,10.0,5
OI0010616,ORD005299,PROD00085,2.0,15
OI0010617,ORD005300,PROD00192,-1.0,0
OI0010618,ORD005300,PROD00117,3.0,0
OI0010619,ORD005300,PROD00381,3.0,0
OI0010620,ORD005300,PROD00506,5.0,5
OI0010621,ORD005301,PROD00212,10.0,0
OI0010622,ORD005301,PROD00219,1.0,15
OI0010623,ORD005301,PROD00153,-1.0,25
OI0010624,ORD005301,PROD00232,4.0,25
OI0010625,ORD005302,PROD00098,2.0,10
OI0010626,ORD005302,PROD00352,1.0,0
OI0010627,ORD005302,PROD00530,3.0,0
OI0010628,ORD005302,PROD00535,1.0,25
OI0010629,ORD005303,PROD00035,2.0,10
OI0010630,ORD005304,PROD00314,1.0,15
OI0010631,ORD005305,PROD00580,2.0,15
OI0010632,ORD005306,PROD00169,,10
OI0010633,ORD005306,PROD00299,4.0,5
OI0010634,ORD005307,PROD00340,4.0,15
OI0010635,ORD005308,PROD00157,2.0,0
OI0010636,ORD005308,PROD00172,5.0,20
OI0010637,ORD005308,PROD00141,1.0,0
OI0010638,ORD005308,PROD00046,10.0,25
OI0010639,ORD005309,PROD00455,2.0,0
OI0010640,ORD005310,PROD00523,2.0,25
OI0010641,ORD005311,PROD00143,3.0,10
OI0010642,ORD005312,PROD00356,2.0,0
OI0010643,ORD005313,PROD00495,10.0,25
OI0010644,ORD005313,PROD00269,4.0,0
OI0010645,ORD005314,PROD00280,4.0,10
OI0010646,ORD005315,PROD00196,3.0,10
OI0010647,ORD005316,PROD00509,1.0,15
OI0010648,ORD005317,PROD00218,3.0,15
OI0010649,ORD005317,PROD00306,1.0,25
OI0010650,ORD005317,PROD00413,1.0,20
OI0010651,ORD005317,PROD00293,5.0,0
OI0010652,ORD005318,PROD00131,1.0,20
OI0010653,ORD005319,PROD00412,2.0,20
OI0010654,ORD005319,PROD00222,1.0,0
OI0010655,ORD005320,PROD00186,1.0,5
OI0010656,ORD005321,PROD00376,2.0,10
OI0010657,ORD005322,PROD00141,1.0,20
OI0010658,ORD005323,PROD00159,5.0,25
OI0010659,ORD005324,PROD00157,2.0,10
OI0010660,ORD005324,PROD00469,4.0,10
OI0010661,ORD005325,PROD00551,2.0,0
OI0010662,ORD005326,PROD00092,5.0,0
OI0010663,ORD005326,PROD00454,1.0,25
OI0010664,ORD005326,PROD00371,1.0,15
OI0010665,ORD005327,PROD00289,-1.0,10
OI0010666,ORD005327,PROD00322,1.0,10
OI0010667,ORD005327,PROD00025,1.0,15
OI0010668,ORD005328,PROD00584,1.0,0
OI0010669,ORD005329,PROD00135,10.0,0
OI0010670,ORD005329,PROD00294,5.0,20
OI0010671,ORD005329,PROD00112,1.0,20
OI0010672,ORD005330,PROD00268,3.0,10
OI0010673,ORD005331,PROD00068,3.0,25
OI0010674,ORD005331,PROD00571,10.0,0
OI0010675,ORD005331,PROD00066,1.0,0
OI0010676,ORD005331,PROD00013,10.0,25
OI0010677,ORD005332,PROD00294,4.0,10
OI0010678,ORD005332,PROD00234,1.0,20
OI0010679,ORD005332,PROD00537,2.0,15
OI0010680,ORD005333,PROD00193,2.0,5
OI0010681,ORD005333,PROD00085,10.0,10
OI0010682,ORD005333,PROD00421,2.0,0
OI0010683,ORD005333,PROD00011,2.0,25
OI0010684,ORD005334,PROD00364,2.0,20
OI0010685,ORD005335,PROD00092,4.0,0
OI0010686,ORD005335,PROD00549,-1.0,20
OI0010687,ORD005336,PROD00389,1.0,0
OI0010688,ORD005336,PROD00198,1.0,5
OI0010689,ORD005336,PROD00180,3.0,20
OI0010690,ORD005337,PROD00383,2.0,0
OI0010691,ORD005338,PROD00531,3.0,5
OI0010692,ORD005338,PROD00529,1.0,0
OI0010693,ORD005338,PROD00158,500.0,25
OI0010694,ORD005338,PROD00411,2.0,0
OI0010695,ORD005339,PROD00182,1.0,20
OI0010696,ORD005340,PROD00481,1.0,0
OI0010697,ORD005340,PROD00068,-1.0,0
OI0010698,ORD005341,PROD00485,3.0,20
OI0010699,ORD005341,PROD00131,3.0,0
OI0010700,ORD005341,PROD00213,3.0,0
OI0010701,ORD005341,PROD00034,2.0,25
OI0010702,ORD005342,PROD00225,3.0,15
OI0010703,ORD005342,PROD00587,3.0,0
OI0010704,ORD005342,PROD00304,1.0,25
OI0010705,ORD005342,PROD00042,1.0,10
OI0010706,ORD005343,PROD00229,1.0,15
OI0010707,ORD005343,PROD00077,2.0,10
OI0010708,ORD005344,PROD00130,2.0,10
OI0010709,ORD005344,PROD00227,1.0,5
OI0010710,ORD005345,PROD00126,1.0,25
OI0010711,ORD005345,PROD00151,1.0,0
OI0010712,ORD005346,PROD00132,1.0,15
OI0010713,ORD005346,PROD00154,10.0,20
OI0010714,ORD005346,PROD00178,-1.0,0
OI0010715,ORD005347,PROD00241,2.0,0
OI0010716,ORD005347,PROD00393,1.0,0
OI0010717,ORD005348,PROD00431,1.0,0
OI0010718,ORD005349,PROD00530,2.0,20
OI0010719,ORD005349,PROD00309,10.0,0
OI0010720,ORD005349,PROD00213,1.0,5
OI0010721,ORD005350,PROD00102,1.0,20
OI0010722,ORD005351,PROD00295,1.0,25
OI0010723,ORD005352,PROD00020,10.0,20
OI0010724,ORD005352,PROD00529,-1.0,0
OI0010725,ORD005352,PROD00457,-1.0,0
OI0010726,ORD005353,PROD00051,4.0,25
OI0010727,ORD005353,PROD00314,1.0,5
OI0010728,ORD005353,PROD00579,10.0,0
OI0010729,ORD005354,PROD00029,5.0,15
OI0010730,ORD005355,PROD00169,4.0,20
OI0010731,ORD005355,PROD00121,1.0,0
OI0010732,ORD005355,PROD00422,5.0,0
OI0010733,ORD005356,PROD00089,10.0,0
OI0010734,ORD005356,PROD00430,10.0,25
OI0010735,ORD005357,PROD00333,1.0,0
OI0010736,ORD005357,PROD00132,2.0,0
OI0010737,ORD005357,PROD00260,4.0,20
OI0010738,ORD005358,PROD00375,2.0,10
OI0010739,ORD005358,PROD00258,5.0,0
OI0010740,ORD005359,PROD00505,-1.0,25
OI0010741,ORD005360,PROD00128,4.0,10
OI0010742,ORD005360,PROD00599,-1.0,0
OI0010743,ORD005360,PROD00414,2.0,0
OI0010744,ORD005361,PROD00053,1.0,5
OI0010745,ORD005361,PROD00063,2.0,5
OI0010746,ORD005361,PROD00298,-1.0,10
OI0010747,ORD005361,PROD00034,2.0,15
OI0010748,ORD005362,PROD00071,4.0,20
OI0010749,ORD005363,PROD00328,5.0,15
OI0010750,ORD005363,PROD00594,1.0,20
OI0010751,ORD005364,PROD00073,4.0,20
OI0010752,ORD005364,PROD00177,4.0,0
OI0010753,ORD005365,PROD00201,-1.0,0
OI0010754,ORD005366,PROD00042,1.0,10
OI0010755,ORD005367,PROD00343,1.0,20
OI0010756,ORD005368,PROD00596,3.0,0
OI0010757,ORD005369,PROD00489,10.0,20
OI0010758,ORD005369,PROD00052,1.0,5
OI0010759,ORD005369,PROD00424,4.0,20
OI0010760,ORD005369,PROD00084,10.0,5
OI0010761,ORD005370,PROD00328,2.0,10
OI0010762,ORD005371,PROD00194,2.0,20
OI0010763,ORD005371,PROD00436,2.0,15
OI0010764,ORD005372,PROD00434,10.0,0
OI0010765,ORD005372,PROD00277,1.0,20
OI0010766,ORD005373,PROD00099,2.0,5
OI0010767,ORD005373,PROD00074,4.0,20
OI0010768,ORD005374,PROD00290,-1.0,0
OI0010769,ORD005374,PROD00168,1.0,10
OI0010770,ORD005375,PROD00377,10.0,5
OI0010771,ORD005375,PROD00216,5.0,0
OI0010772,ORD005375,PROD00396,1.0,25
OI0010773,ORD005375,PROD00367,2.0,25
OI0010774,ORD005376,PROD00515,10.0,10
OI0010775,ORD005376,PROD00149,5.0,5
OI0010776,ORD005376,PROD00499,2.0,0
OI0010777,ORD005376,PROD00217,5.0,0
OI0010778,ORD005377,PROD00195,1.0,15
OI0010779,ORD005377,PROD00104,2.0,25
OI0010780,ORD005378,PROD00010,4.0,15
OI0010781,ORD005378,PROD00594,3.0,25
OI0010782,ORD005378,PROD00528,1.0,0
OI0010783,ORD005379,PROD00295,1.0,0
OI0010784,ORD005379,PROD00371,3.0,0
OI0010785,ORD005379,PROD00165,1.0,0
OI0010786,ORD005380,PROD00426,1.0,0
OI0010787,ORD005381,PROD00405,-1.0,0
OI0010788,ORD005382,PROD00466,1.0,20
OI0010789,ORD005382,PROD00399,1.0,15
OI0010790,ORD005383,PROD00240,-1.0,20
OI0010791,ORD005384,PROD00390,4.0,0
OI0010792,ORD005385,PROD00090,2.0,10
OI0010793,ORD005386,PROD00219,2.0,15
OI0010794,ORD005386,PROD00014,2.0,10
OI0010795,ORD005386,PROD00052,3.0,15
OI0010796,ORD005387,PROD00127,1.0,15
OI0010797,ORD005388,PROD00031,2.0,15
OI0010798,ORD005389,PROD00192,2.0,0
OI0010799,ORD005390,PROD00200,2.0,15
OI0010800,ORD005391,PROD00184,1.0,15
OI0010801,ORD005392,PROD00448,5.0,0
OI0010802,ORD005393,PROD00426,10.0,0
OI0010803,ORD005393,PROD00121,-1.0,0
OI0010804,ORD005394,PROD00144,10.0,5
OI0010805,ORD005394,PROD00446,-1.0,10
OI0010806,ORD005394,PROD00320,2.0,5
OI0010807,ORD005395,PROD00450,2.0,0
OI0010808,ORD005395,PROD00381,2.0,0
OI0010809,ORD005395,PROD00103,1.0,25
OI0010810,ORD005396,PROD00110,1.0,15
OI0010811,ORD005396,PROD00433,-1.0,20
OI0010812,ORD005397,PROD00358,4.0,20
OI0010813,ORD005398,PROD00165,2.0,10
OI0010814,ORD005398,PROD00144,-1.0,0
OI0010815,ORD005398,PROD00511,5.0,0
OI0010816,ORD005399,PROD00354,2.0,20
OI0010817,ORD005400,PROD00274,5.0,5
OI0010818,ORD005400,PROD00378,1.0,20
OI0010819,ORD005400,PROD00008,-1.0,15
OI0010820,ORD005400,PROD00180,4.0,0
OI0010821,ORD005401,PROD00472,3.0,15
OI0010822,ORD005401,PROD00270,-1.0,0
OI0010823,ORD005402,PROD00591,1.0,15
OI0010824,ORD005403,PROD00324,1.0,5
OI0010825,ORD005403,PROD00352,1.0,5
OI0010826,ORD005404,PROD00376,3.0,5
OI0010827,ORD005405,PROD00586,2.0,5
OI0010828,ORD005405,PROD00381,3.0,20
OI0010829,ORD005406,PROD00579,-1.0,15
OI0010830,ORD005406,PROD00269,1.0,20
OI0010831,ORD005406,PROD00356,1.0,0
OI0010832,ORD005406,PROD00368,4.0,0
OI0010833,ORD005407,PROD00230,1.0,20
OI0010834,ORD005407,PROD00529,1.0,10
OI0010835,ORD005407,PROD00459,4.0,0
OI0010836,ORD005407,PROD00168,3.0,10
OI0010837,ORD005408,PROD00572,2.0,0
OI0010838,ORD005408,PROD00580,1.0,0
OI0010839,ORD005409,PROD9261,2.0,20
OI0010840,ORD005409,PROD00126,3.0,15
OI0010841,ORD005409,PROD00024,3.0,15
OI0010842,ORD005409,PROD00228,3.0,0
OI0010843,ORD005410,PROD00230,-1.0,5
OI0010844,ORD005411,PROD00214,2.0,20
OI0010845,ORD005411,PROD00477,3.0,5
OI0010846,ORD005411,PROD00356,4.0,15
OI0010847,ORD005412,PROD00314,4.0,0
OI0010848,ORD005413,PROD00222,4.0,25
OI0010849,ORD005414,PROD00065,-1.0,20
OI0010850,ORD005415,PROD00035,4.0,15
OI0010851,ORD005415,PROD00461,-1.0,5
OI0010852,ORD005415,PROD00173,2.0,0
OI0010853,ORD005415,PROD00217,1.0,15
OI0010854,ORD005416,PROD00380,1.0,10
OI0010855,ORD005417,PROD00587,2.0,0
OI0010856,ORD005417,PROD00390,-1.0,15
OI0010857,ORD005417,PROD00242,2.0,25
OI0010858,ORD005417,PROD00272,2.0,10
OI0010859,ORD005418,PROD00058,1.0,0
OI0010860,ORD005418,PROD00537,1.0,0
OI0010861,ORD005418,PROD00387,1.0,10
OI0010862,ORD005418,PROD00427,10.0,0
OI0010863,ORD005419,PROD00385,500.0,10
OI0010864,ORD005419,PROD00149,5.0,25
OI0010865,ORD005419,PROD00152,4.0,25
OI0010866,ORD005420,PROD00271,5.0,10
OI0010867,ORD005421,PROD00544,1.0,0
OI0010868,ORD005422,PROD00281,2.0,15
OI0010869,ORD005423,PROD00015,2.0,0
OI0010870,ORD005423,PROD00524,4.0,25
OI0010871,ORD005424,PROD00086,2.0,20
OI0010872,ORD005424,PROD00068,4.0,25
OI0010873,ORD005424,PROD00448,5.0,20
OI0010874,ORD005424,PROD00562,3.0,20
OI0010875,ORD005425,PROD00364,3.0,0
OI0010876,ORD005426,PROD00235,4.0,10
OI0010877,ORD005426,PROD00169,1.0,0
OI0010878,ORD005426,PROD00070,1.0,15
OI0010879,ORD005427,PROD00124,2.0,0
OI0010880,ORD005428,PROD00121,4.0,15
OI0010881,ORD005429,PROD00515,2.0,20
OI0010882,ORD005430,PROD00294,1.0,5
OI0010883,ORD005430,PROD00231,2.0,5
OI0010884,ORD005430,PROD00165,10.0,0
OI0010885,ORD005431,PROD00424,4.0,5
OI0010886,ORD005431,PROD00437,10.0,15
OI0010887,ORD005432,PROD00060,3.0,0
OI0010888,ORD005432,PROD00379,1.0,10
OI0010889,ORD005432,PROD9898,1.0,0
OI0010890,ORD005432,PROD00348,5.0,15
OI0010891,ORD005433,PROD00004,3.0,0
OI0010892,ORD005434,PROD00072,2.0,20
OI0010893,ORD005434,PROD00405,-1.0,5
OI0010894,ORD005435,PROD00347,4.0,5
OI0010895,ORD005436,PROD00347,1.0,0
OI0010896,ORD005436,PROD00467,1.0,15
OI0010897,ORD005437,PROD00446,-1.0,5
OI0010898,ORD005437,PROD00441,1.0,0
OI0010899,ORD005437,PROD00482,1.0,0
OI0010900,ORD005438,PROD00316,3.0,0
OI0010901,ORD005438,PROD00487,10.0,15
OI0010902,ORD005439,PROD00192,10.0,25
OI0010903,ORD005439,PROD00311,3.0,0
OI0010904,ORD005440,PROD00387,-1.0,0
OI0010905,ORD005440,PROD00426,5.0,0
OI0010906,ORD005440,PROD00281,5.0,15
OI0010907,ORD005441,PROD00191,5.0,5
OI0010908,ORD005441,PROD00070,-1.0,25
OI0010909,ORD005442,PROD00168,1.0,0
OI0010910,ORD005443,PROD00444,2.0,5
OI0010911,ORD005443,PROD00531,4.0,25
OI0010912,ORD005444,PROD00551,5.0,0
OI0010913,ORD005445,PROD00097,4.0,20
OI0010914,ORD005445,PROD00007,5.0,0
OI0010915,ORD005446,PROD00350,1.0,15
OI0010916,ORD005446,PROD00053,1.0,10
OI0010917,ORD005447,PROD00460,3.0,5
OI0010918,ORD005447,PROD00441,3.0,20
OI0010919,ORD005448,PROD00575,-1.0,0
OI0010920,ORD005448,PROD00249,1.0,10
OI0010921,ORD005448,PROD00456,1.0,5
OI0010922,ORD005449,PROD00076,2.0,0
OI0010923,ORD005450,PROD00059,1.0,0
OI0010924,ORD005451,PROD00172,2.0,0
OI0010925,ORD005451,PROD00496,10.0,15
OI0010926,ORD005451,PROD00023,3.0,0
OI0010927,ORD005452,PROD00126,2.0,0
OI0010928,ORD005453,PROD00315,10.0,25
OI0010929,ORD005453,PROD00496,500.0,0
OI0010930,ORD005454,PROD00248,1.0,0
OI0010931,ORD005455,PROD00302,3.0,5
OI0010932,ORD005456,PROD00558,2.0,20
OI0010933,ORD005456,PROD00129,3.0,20
OI0010934,ORD005456,PROD00431,-1.0,10
OI0010935,ORD005456,PROD00316,4.0,25
OI0010936,ORD005457,PROD00385,4.0,15
OI0010937,ORD005458,PROD00300,1.0,15
OI0010938,ORD005458,PROD00285,4.0,5
OI0010939,ORD005458,PROD00524,2.0,25
OI0010940,ORD005458,PROD00110,1.0,0
OI0010941,ORD005459,PROD00023,4.0,10
OI0010942,ORD005459,PROD00432,1.0,20
OI0010943,ORD005459,PROD00363,-1.0,0
OI0010944,ORD005459,PROD00010,2.0,20
OI0010945,ORD005460,PROD00238,2.0,25
OI0010946,ORD005460,PROD00031,1.0,20
OI0010947,ORD005461,PROD00244,1.0,25
OI0010948,ORD005461,PROD00099,4.0,0
OI0010949,ORD005462,PROD00581,1.0,0
OI0010950,ORD005462,PROD00258,2.0,25
OI0010951,ORD005463,PROD00067,10.0,15
OI0010952,ORD005464,PROD00119,1.0,15
OI0010953,ORD005464,PROD00286,2.0,25
OI0010954,ORD005464,PROD00009,2.0,15
OI0010955,ORD005465,PROD00421,-1.0,15
OI0010956,ORD005465,PROD00169,1.0,0
OI0010957,ORD005465,PROD00233,5.0,5
OI0010958,ORD005465,PROD00521,5.0,10
OI0010959,ORD005466,PROD00227,10.0,0
OI0010960,ORD005466,PROD00044,2.0,0
OI0010961,ORD005466,PROD00457,-1.0,25
OI0010962,ORD005466,PROD00327,1.0,10
OI0010963,ORD005467,PROD00144,10.0,0
OI0010964,ORD005467,PROD00363,5.0,0
OI0010965,ORD005467,PROD00390,1.0,5
OI0010966,ORD005467,PROD00200,10.0,0
OI0010967,ORD005468,PROD00082,3.0,10
OI0010968,ORD005468,PROD00145,10.0,0
OI0010969,ORD005469,PROD00431,1.0,0
OI0010970,ORD005469,PROD00313,1.0,0
OI0010971,ORD005470,PROD00377,4.0,0
OI0010972,ORD005471,PROD00348,4.0,15
OI0010973,ORD005471,PROD00188,10.0,20
OI0010974,ORD005471,PROD00326,5.0,5
OI0010975,ORD005471,PROD00145,2.0,5
OI0010976,ORD005472,PROD00578,2.0,10
OI0010977,ORD005473,PROD00419,10.0,0
OI0010978,ORD005473,PROD00483,1.0,20
OI0010979,ORD005473,PROD00485,4.0,0
OI0010980,ORD005473,PROD00206,1.0,10
OI0010981,ORD005474,PROD00451,10.0,5
OI0010982,ORD005475,PROD00510,5.0,0
OI0010983,ORD005475,PROD00462,2.0,25
OI0010984,ORD005476,PROD00171,2.0,5
OI0010985,ORD005477,PROD00080,4.0,20
OI0010986,ORD005477,PROD00082,2.0,25
OI0010987,ORD005477,PROD00268,2.0,0
OI0010988,ORD005478,PROD00313,4.0,0
OI0010989,ORD005479,PROD00344,2.0,10
OI0010990,ORD005479,PROD00114,1.0,0
OI0010991,ORD005480,PROD00145,10.0,0
OI0010992,ORD005480,PROD00062,4.0,5
OI0010993,ORD005481,PROD00176,2.0,15
OI0010994,ORD005481,PROD00148,-1.0,5
OI0010995,ORD005482,PROD00405,1.0,10
OI0010996,ORD005483,PROD00322,1.0,25
OI0010997,ORD005484,PROD00001,1.0,10
OI0010998,ORD005485,PROD00331,4.0,0
OI0010999,ORD005486,PROD00031,10.0,0
OI0011000,ORD005486,PROD00178,10.0,0
OI0011001,ORD005486,PROD00041,3.0,0
OI0011002,ORD005486,PROD00173,4.0,0
OI0011003,ORD005487,PROD00092,3.0,0
OI0011004,ORD005488,PROD00521,5.0,0
OI0011005,ORD005489,PROD00105,1.0,15
OI0011006,ORD005489,PROD00383,3.0,5
OI0011007,ORD005490,PROD00053,3.0,0
OI0011008,ORD005490,PROD00247,10.0,15
OI0011009,ORD005490,PROD00465,4.0,0
OI0011010,ORD005491,PROD00171,500.0,20
OI0011011,ORD005491,PROD00354,5.0,5
OI0011012,ORD005492,PROD00185,-1.0,0
OI0011013,ORD005493,PROD00356,1.0,10
OI0011014,ORD005493,PROD00388,4.0,5
OI0011015,ORD005493,PROD00411,1.0,5
OI0011016,ORD005493,PROD00122,1.0,10
OI0011017,ORD005494,PROD00116,4.0,0
OI0011018,ORD005495,PROD00198,4.0,0
OI0011019,ORD005495,PROD00081,1.0,10
OI0011020,ORD005495,PROD00508,5.0,20
OI0011021,ORD005496,PROD00034,1.0,5
OI0011022,ORD005496,PROD00584,1.0,0
OI0011023,ORD005497,PROD9626,1.0,10
OI0011024,ORD005497,PROD00599,1.0,0
OI0011025,ORD005498,PROD00599,5.0,5
OI0011026,ORD005498,PROD00564,5.0,25
OI0011027,ORD005498,PROD00022,5.0,0
OI0011028,ORD005498,PROD00145,2.0,5
OI0011029,ORD005499,PROD00114,-1.0,20
OI0011030,ORD005499,PROD00273,3.0,10
OI0011031,ORD005499,PROD00439,2.0,0
OI0011032,ORD005500,PROD00574,3.0,15
OI0011033,ORD005501,PROD00496,2.0,20
OI0011034,ORD005502,PROD00361,1.0,10
OI0011035,ORD005503,PROD00355,10.0,0
OI0011036,ORD005503,PROD00178,1.0,10
OI0011037,ORD005503,PROD00408,3.0,25
OI0011038,ORD005504,PROD00352,2.0,0
OI0011039,ORD005505,PROD00389,1.0,0
OI0011040,ORD005506,PROD00462,10.0,0
OI0011041,ORD005507,PROD00433,4.0,0
OI0011042,ORD005508,PROD00051,5.0,10
OI0011043,ORD005508,PROD00073,5.0,0
OI0011044,ORD005508,PROD00167,5.0,20
OI0011045,ORD005508,PROD00547,4.0,5
OI0011046,ORD005509,PROD00262,2.0,0
OI0011047,ORD005509,PROD00070,4.0,0
OI0011048,ORD005510,PROD00473,1.0,25
OI0011049,ORD005511,PROD00228,-1.0,10
OI0011050,ORD005512,PROD00477,5.0,20
OI0011051,ORD005512,PROD00163,-1.0,25
OI0011052,ORD005513,PROD00529,1.0,0
OI0011053,ORD005514,PROD00431,5.0,0
OI0011054,ORD005514,PROD00362,2.0,0
OI0011055,ORD005514,PROD00205,1.0,15
OI0011056,ORD005515,PROD00498,1.0,15
OI0011057,ORD005515,PROD00430,1.0,0
OI0011058,ORD005516,PROD00169,10.0,10
OI0011059,ORD005517,PROD00102,3.0,25
OI0011060,ORD005518,PROD00238,1.0,0
OI0011061,ORD005519,PROD00078,1.0,0
OI0011062,ORD005520,PROD00411,2.0,15
OI0011063,ORD005520,PROD00037,2.0,20
OI0011064,ORD005520,PROD00152,2.0,0
OI0011065,ORD005520,PROD00431,1.0,0
OI0011066,ORD005521,PROD00112,5.0,0
OI0011067,ORD005522,PROD00479,1.0,15
OI0011068,ORD005523,PROD00382,1.0,0
OI0011069,ORD005524,PROD00131,4.0,25
OI0011070,ORD005525,PROD00301,10.0,15
OI0011071,ORD005526,PROD00327,4.0,0
OI0011072,ORD005527,PROD00258,2.0,10
OI0011073,ORD005527,PROD00557,2.0,0
OI0011074,ORD005528,PROD00344,1.0,0
OI0011075,ORD005528,PROD00529,3.0,0
OI0011076,ORD005529,PROD00228,3.0,25
OI0011077,ORD005530,PROD00596,1.0,0
OI0011078,ORD005530,PROD00439,-1.0,5
OI0011079,ORD005530,PROD00475,2.0,0
OI0011080,ORD005531,PROD00120,1.0,15
OI0011081,ORD005531,PROD00449,10.0,0
OI0011082,ORD005531,PROD00030,2.0,0
OI0011083,ORD005532,PROD00159,2.0,10
OI0011084,ORD005532,PROD00329,2.0,0
OI0011085,ORD005532,PROD00526,-1.0,0
OI0011086,ORD005533,PROD00368,1.0,0
OI0011087,ORD005533,PROD00416,-1.0,20
OI0011088,ORD005533,PROD00403,-1.0,0
OI0011089,ORD005534,PROD00333,1.0,10
OI0011090,ORD005535,PROD00596,10.0,0
OI0011091,ORD005536,PROD00572,2.0,5
OI0011092,ORD005537,PROD00044,4.0,15
OI0011093,ORD005538,PROD00081,2.0,15
OI0011094,ORD005539,PROD00204,5.0,10
OI0011095,ORD005540,PROD00194,-1.0,0
OI0011096,ORD005541,PROD00073,4.0,0
OI0011097,ORD005542,PROD00468,1.0,10
OI0011098,ORD005542,PROD00399,1.0,0
OI0011099,ORD005543,PROD00052,1.0,5
OI0011100,ORD005543,PROD00308,2.0,0
OI0011101,ORD005544,PROD00135,1.0,5
OI0011102,ORD005544,PROD00563,2.0,20
OI0011103,ORD005544,PROD00276,10.0,0
OI0011104,ORD005545,PROD00138,10.0,0
OI0011105,ORD005546,PROD00567,1.0,0
OI0011106,ORD005547,PROD00065,5.0,0
OI0011107,ORD005548,PROD00385,3.0,15
OI0011108,ORD005549,PROD00449,2.0,10
OI0011109,ORD005549,PROD00142,-1.0,15
OI0011110,ORD005550,PROD00423,2.0,0
OI0011111,ORD005551,PROD00572,-1.0,5
OI0011112,ORD005552,PROD00138,-1.0,0
OI0011113,ORD005553,PROD00161,1.0,15
OI0011114,ORD005553,PROD00360,1.0,0
OI0011115,ORD005553,PROD00003,1.0,5
OI0011116,ORD005553,PROD00591,2.0,5
OI0011117,ORD005554,PROD00327,2.0,0
OI0011118,ORD005554,PROD00438,3.0,5
OI0011119,ORD005555,PROD00504,-1.0,15
OI0011120,ORD005555,PROD00240,-1.0,15
OI0011121,ORD005556,PROD00251,5.0,10
OI0011122,ORD005556,PROD00281,3.0,0
OI0011123,ORD005556,PROD00584,5.0,20
OI0011124,ORD005556,PROD00365,5.0,0
OI0011125,ORD005557,PROD00425,5.0,10
OI0011126,ORD005557,PROD00054,2.0,20
OI0011127,ORD005558,PROD00457,5.0,0
OI0011128,ORD005558,PROD00565,2.0,0
OI0011129,ORD005558,PROD00479,1.0,0
OI0011130,ORD005559,PROD00452,4.0,15
OI0011131,ORD005559,PROD00173,2.0,0
OI0011132,ORD005559,PROD00044,2.0,25
OI0011133,ORD005560,PROD00591,1.0,10
OI0011134,ORD005561,PROD00112,1.0,5
OI0011135,ORD005562,PROD00082,10.0,25
OI0011136,ORD005562,PROD00029,1.0,0
OI0011137,ORD005562,PROD00012,2.0,25
OI0011138,ORD005562,PROD00268,,5
OI0011139,ORD005563,PROD00510,4.0,0
OI0011140,ORD005564,PROD00175,4.0,20
OI0011141,ORD005564,PROD00197,1.0,0
OI0011142,ORD005564,PROD00547,3.0,15
OI0011143,ORD005565,PROD00415,3.0,0
OI0011144,ORD005565,PROD00550,2.0,10
OI0011145,ORD005566,PROD00450,2.0,20
OI0011146,ORD005567,PROD00323,1.0,5
OI0011147,ORD005567,PROD00323,4.0,25
OI0011148,ORD005567,PROD00186,2.0,25
OI0011149,ORD005567,PROD00293,1.0,0
OI0011150,ORD005568,PROD00460,1.0,0
OI0011151,ORD005569,PROD00009,10.0,15
OI0011152,ORD005570,PROD00040,10.0,15
OI0011153,ORD005570,PROD00092,5.0,25
OI0011154,ORD005570,PROD00070,3.0,0
OI0011155,ORD005570,PROD00014,3.0,15
OI0011156,ORD005571,PROD00148,1.0,10
OI0011157,ORD005571,PROD00516,10.0,20
OI0011158,ORD005571,PROD00493,-1.0,25
OI0011159,ORD005572,PROD00419,-1.0,0
OI0011160,ORD005573,PROD00596,5.0,0
OI0011161,ORD005574,PROD00269,1.0,0
OI0011162,ORD005574,PROD00073,2.0,0
OI0011163,ORD005575,PROD00477,2.0,0
OI0011164,ORD005575,PROD00437,3.0,15
OI0011165,ORD005575,PROD00424,5.0,25
OI0011166,ORD005575,PROD00079,4.0,10
OI0011167,ORD005576,PROD00440,1.0,20
OI0011168,ORD005576,PROD00474,2.0,0
OI0011169,ORD005576,PROD00461,2.0,0
OI0011170,ORD005576,PROD00597,1.0,20
OI0011171,ORD005577,PROD00054,1.0,0
OI0011172,ORD005578,PROD00230,10.0,0
OI0011173,ORD005579,PROD00271,5.0,10
OI0011174,ORD005580,PROD00092,5.0,25
OI0011175,ORD005580,PROD00400,2.0,20
OI0011176,ORD005580,PROD00075,10.0,15
OI0011177,ORD005581,PROD00337,1.0,20
OI0011178,ORD005581,PROD00588,2.0,25
OI0011179,ORD005581,PROD00429,2.0,5
OI0011180,ORD005582,PROD00132,2.0,0
OI0011181,ORD005583,PROD00329,2.0,10
OI0011182,ORD005584,PROD00036,5.0,20
OI0011183,ORD005584,PROD00265,1.0,0
OI0011184,ORD005584,PROD00552,1.0,25
OI0011185,ORD005584,PROD00362,1.0,0
OI0011186,ORD005585,PROD00579,10.0,25
OI0011187,ORD005585,PROD00011,2.0,20
OI0011188,ORD005585,PROD00233,-1.0,25
OI0011189,ORD005586,PROD00215,1.0,0
OI0011190,ORD005586,PROD00517,3.0,5
OI0011191,ORD005587,PROD00523,5.0,10
OI0011192,ORD005587,PROD00339,10.0,20
OI0011193,ORD005588,PROD00588,10.0,0
OI0011194,ORD005588,PROD00225,-1.0,0
OI0011195,ORD005588,PROD00035,3.0,10
OI0011196,ORD005589,PROD00029,1.0,0
OI0011197,ORD005589,PROD00500,10.0,10
OI0011198,ORD005590,PROD00039,1.0,10
OI0011199,ORD005590,PROD00337,-1.0,25
OI0011200,ORD005591,PROD00073,3.0,20
OI0011201,ORD005592,PROD00368,2.0,25
OI0011202,ORD005592,PROD00322,1.0,0
OI0011203,ORD005593,PROD00101,5.0,15
OI0011204,ORD005593,PROD00095,1.0,15
OI0011205,ORD005593,PROD00578,5.0,25
OI0011206,ORD005594,PROD00188,2.0,0
OI0011207,ORD005594,PROD00191,5.0,0
OI0011208,ORD005595,PROD00439,3.0,5
OI0011209,ORD005596,PROD00342,10.0,5
OI0011210,ORD005596,PROD00340,4.0,5
OI0011211,ORD005596,PROD00476,2.0,20
OI0011212,ORD005596,PROD00267,5.0,10
OI0011213,ORD005597,PROD00356,10.0,15
OI0011214,ORD005597,PROD00388,10.0,0
OI0011215,ORD005598,PROD00051,1.0,10
OI0011216,ORD005598,PROD00364,1.0,15
OI0011217,ORD005599,PROD00504,4.0,10
OI0011218,ORD005600,PROD00367,1.0,25
OI0011219,ORD005601,PROD00306,1.0,0
OI0011220,ORD005602,PROD00460,1.0,15
OI0011221,ORD005602,PROD00554,4.0,20
OI0011222,ORD005603,PROD00552,1.0,10
OI0011223,ORD005603,PROD00483,4.0,10
OI0011224,ORD005604,PROD00333,2.0,10
OI0011225,ORD005605,PROD00429,2.0,25
OI0011226,ORD005606,PROD9008,4.0,10
OI0011227,ORD005607,PROD00109,1.0,10
OI0011228,ORD005607,PROD00104,2.0,5
OI0011229,ORD005607,PROD00213,-1.0,0
OI0011230,ORD005608,PROD00153,2.0,0
OI0011231,ORD005608,PROD00497,-1.0,0
OI0011232,ORD005609,PROD00087,2.0,10
OI0011233,ORD005610,PROD00160,-1.0,15
OI0011234,ORD005610,PROD00219,3.0,0
OI0011235,ORD005610,PROD00440,1.0,5
OI0011236,ORD005610,PROD00502,2.0,20
OI0011237,ORD005611,PROD00119,1.0,0
OI0011238,ORD005612,PROD00045,4.0,10
OI0011239,ORD005613,PROD00236,,20
OI0011240,ORD005614,PROD00347,2.0,5
OI0011241,ORD005614,PROD00205,1.0,20
OI0011242,ORD005615,PROD00343,2.0,25
OI0011243,ORD005615,PROD00417,-1.0,0
OI0011244,ORD005616,PROD00021,1.0,0
OI0011245,ORD005616,PROD00188,4.0,20
OI0011246,ORD005616,PROD00541,1.0,0
OI0011247,ORD005617,PROD00526,10.0,0
OI0011248,ORD005618,PROD00598,1.0,0
OI0011249,ORD005618,PROD00197,10.0,0
OI0011250,ORD005618,PROD00246,2.0,10
OI0011251,ORD005619,PROD00023,1.0,20
OI0011252,ORD005619,PROD00573,2.0,20
OI0011253,ORD005620,PROD00536,3.0,25
OI0011254,ORD005620,PROD00364,1.0,0
OI0011255,ORD005620,PROD00152,-1.0,20
OI0011256,ORD005620,PROD00119,10.0,15
OI0011257,ORD005621,PROD00377,4.0,0
OI0011258,ORD005621,PROD00045,5.0,20
OI0011259,ORD005621,PROD00505,3.0,25
OI0011260,ORD005621,PROD00584,-1.0,0
OI0011261,ORD005622,PROD00229,10.0,5
OI0011262,ORD005622,PROD00002,4.0,25
OI0011263,ORD005622,PROD00102,5.0,5
OI0011264,ORD005623,PROD00398,1.0,10
OI0011265,ORD005623,PROD00391,2.0,5
OI0011266,ORD005623,PROD00582,4.0,20
OI0011267,ORD005623,PROD00283,2.0,25
OI0011268,ORD005624,PROD00162,1.0,10
OI0011269,ORD005624,PROD00337,4.0,0
OI0011270,ORD005624,PROD00355,5.0,25
OI0011271,ORD005624,PROD00351,1.0,10
OI0011272,ORD005625,PROD00041,1.0,5
OI0011273,ORD005625,PROD00082,10.0,0
OI0011274,ORD005626,PROD00020,2.0,10
OI0011275,ORD005626,PROD00549,10.0,5
OI0011276,ORD005627,PROD00200,1.0,10
OI0011277,ORD005628,PROD00022,5.0,25
OI0011278,ORD005628,PROD00021,1.0,0
OI0011279,ORD005629,PROD00228,10.0,0
OI0011280,ORD005629,PROD00289,-1.0,0
OI0011281,ORD005629,PROD00589,10.0,0
OI0011282,ORD005630,PROD00370,2.0,25
OI0011283,ORD005631,PROD00424,-1.0,0
OI0011284,ORD005631,PROD00101,1.0,25
OI0011285,ORD005631,PROD00541,1.0,25
OI0011286,ORD005631,PROD00333,-1.0,25
OI0011287,ORD005632,PROD00389,1.0,10
OI0011288,ORD005633,PROD00474,10.0,15
OI0011289,ORD005633,PROD00274,5.0,0
OI0011290,ORD005633,PROD00360,2.0,10
OI0011291,ORD005634,PROD00038,-1.0,10
OI0011292,ORD005635,PROD00074,2.0,20
OI0011293,ORD005636,PROD00599,1.0,20
OI0011294,ORD005636,PROD00066,10.0,5
OI0011295,ORD005636,PROD00543,1.0,0
OI0011296,ORD005636,PROD00545,1.0,20
OI0011297,ORD005637,PROD00406,2.0,25
OI0011298,ORD005637,PROD00399,1.0,0
OI0011299,ORD005638,PROD00040,1.0,15
OI0011300,ORD005639,PROD00569,2.0,15
OI0011301,ORD005639,PROD00096,-1.0,0
OI0011302,ORD005640,PROD00217,10.0,0
OI0011303,ORD005640,PROD00395,4.0,20
OI0011304,ORD005641,PROD00351,3.0,25
OI0011305,ORD005642,PROD00240,4.0,0
OI0011306,ORD005642,PROD00541,1.0,5
OI0011307,ORD005642,PROD00368,1.0,15
OI0011308,ORD005643,PROD00030,3.0,10
OI0011309,ORD005643,PROD00124,-1.0,0
OI0011310,ORD005644,PROD00212,10.0,0
OI0011311,ORD005645,PROD00082,1.0,20
OI0011312,ORD005645,PROD00519,4.0,0
OI0011313,ORD005646,PROD00405,-1.0,0
OI0011314,ORD005647,PROD00173,4.0,5
OI0011315,ORD005648,PROD00394,5.0,5
OI0011316,ORD005648,PROD00447,-1.0,0
OI0011317,ORD005649,PROD00185,2.0,5
OI0011318,ORD005650,PROD00237,3.0,0
OI0011319,ORD005650,PROD00416,-1.0,5
OI0011320,ORD005650,PROD00178,1.0,20
OI0011321,ORD005650,PROD00240,4.0,5
OI0011322,ORD005651,PROD00430,1.0,15
OI0011323,ORD005652,PROD00455,1.0,10
OI0011324,ORD005652,PROD00516,5.0,15
OI0011325,ORD005653,PROD00587,1.0,25
OI0011326,ORD005653,PROD9085,2.0,25
OI0011327,ORD005654,PROD00063,2.0,5
OI0011328,ORD005655,PROD00293,1.0,5
OI0011329,ORD005656,PROD00579,-1.0,0
OI0011330,ORD005656,PROD00321,5.0,10
OI0011331,ORD005657,PROD00403,5.0,15
OI0011332,ORD005657,PROD00142,2.0,25
OI0011333,ORD005658,PROD00480,4.0,5
OI0011334,ORD005659,PROD00135,2.0,0
OI0011335,ORD005659,PROD00439,1.0,10
OI0011336,ORD005659,PROD00435,4.0,25
OI0011337,ORD005659,PROD00217,3.0,0
OI0011338,ORD005660,PROD00089,2.0,0
OI0011339,ORD005661,PROD00562,10.0,0
OI0011340,ORD005662,PROD00242,1.0,10
OI0011341,ORD005663,PROD00198,4.0,0
OI0011342,ORD005663,PROD00361,4.0,15
OI0011343,ORD005663,PROD00392,4.0,0
OI0011344,ORD005663,PROD00222,1.0,0
OI0011345,ORD005664,PROD00514,1.0,25
OI0011346,ORD005665,PROD00504,-1.0,0
OI0011347,ORD005666,PROD00302,2.0,20
OI0011348,ORD005666,PROD00350,1.0,5
OI0011349,ORD005667,PROD00051,1.0,0
OI0011350,ORD005667,PROD00313,4.0,0
OI0011351,ORD005667,PROD00402,2.0,20
OI0011352,ORD005668,PROD00092,5.0,0
OI0011353,ORD005669,PROD00557,5.0,25
OI0011354,ORD005669,PROD00431,1.0,20
OI0011355,ORD005669,PROD00129,1.0,15
OI0011356,ORD005670,PROD00599,1.0,0
OI0011357,ORD005670,PROD00382,10.0,10
OI0011358,ORD005670,PROD00389,1.0,5
OI0011359,ORD005671,PROD00450,1.0,20
OI0011360,ORD005671,PROD00434,1.0,5
OI0011361,ORD005672,PROD00412,4.0,10
OI0011362,ORD005673,PROD00047,2.0,0
OI0011363,ORD005673,PROD00488,3.0,5
OI0011364,ORD005674,PROD00243,2.0,20
OI0011365,ORD005674,PROD00482,500.0,0
OI0011366,ORD005674,PROD00066,1.0,10
OI0011367,ORD005675,PROD00363,1.0,0
OI0011368,ORD005675,PROD00398,5.0,0
OI0011369,ORD005676,PROD00066,5.0,0
OI0011370,ORD005676,PROD00127,1.0,0
OI0011371,ORD005676,PROD00267,500.0,25
OI0011372,ORD005677,PROD00015,1.0,0
OI0011373,ORD005677,PROD00535,10.0,0
OI0011374,ORD005678,PROD00386,-1.0,20
OI0011375,ORD005678,PROD00524,3.0,0
OI0011376,ORD005678,PROD00478,2.0,0
OI0011377,ORD005678,PROD00278,5.0,0
OI0011378,ORD005679,PROD00535,-1.0,10
OI0011379,ORD005679,PROD00151,1.0,0
OI0011380,ORD005679,PROD00494,2.0,0
OI0011381,ORD005680,PROD00141,-1.0,20
OI0011382,ORD005680,PROD00161,3.0,20
OI0011383,ORD005680,PROD00445,4.0,10
OI0011384,ORD005681,PROD00368,2.0,10
OI0011385,ORD005682,PROD00163,2.0,5
OI0011386,ORD005683,PROD00056,-1.0,20
OI0011387,ORD005683,PROD00499,2.0,0
OI0011388,ORD005683,PROD00600,2.0,20
OI0011389,ORD005683,PROD00012,1.0,5
OI0011390,ORD005684,PROD00258,2.0,0
OI0011391,ORD005684,PROD00133,2.0,10
OI0011392,ORD005684,PROD00183,4.0,10
OI0011393,ORD005684,PROD00416,2.0,0
OI0011394,ORD005685,PROD00036,1.0,20
OI0011395,ORD005685,PROD00433,1.0,0
OI0011396,ORD005686,PROD00244,-1.0,0
OI0011397,ORD005687,PROD9287,2.0,25
OI0011398,ORD005687,PROD00142,1.0,5
OI0011399,ORD005688,PROD00226,4.0,15
OI0011400,ORD005688,PROD00223,2.0,0
OI0011401,ORD005688,PROD00201,1.0,0
OI0011402,ORD005688,PROD00571,4.0,0
OI0011403,ORD005689,PROD9444,-1.0,20
OI0011404,ORD005689,PROD00068,4.0,5
OI0011405,ORD005689,PROD00241,1.0,0
OI0011406,ORD005690,PROD00331,-1.0,25
OI0011407,ORD005691,PROD00581,,0
OI0011408,ORD005691,PROD00343,1.0,5
OI0011409,ORD005692,PROD00283,1.0,20
OI0011410,ORD005693,PROD00518,-1.0,20
OI0011411,ORD005693,PROD00274,1.0,25
OI0011412,ORD005694,PROD00051,1.0,25
OI0011413,ORD005695,PROD00090,3.0,15
OI0011414,ORD005696,PROD9176,-1.0,0
OI0011415,ORD005696,PROD00049,1.0,0
OI0011416,ORD005697,PROD00283,10.0,10
OI0011417,ORD005697,PROD00430,-1.0,15
OI0011418,ORD005697,PROD00154,1.0,25
OI0011419,ORD005697,PROD00576,1.0,0
OI0011420,ORD005698,PROD00065,1.0,0
OI0011421,ORD005698,PROD00019,2.0,0
OI0011422,ORD005699,PROD00313,3.0,10
OI0011423,ORD005699,PROD00285,5.0,15
OI0011424,ORD005699,PROD00373,1.0,0
OI0011425,ORD005699,PROD00226,1.0,0
OI0011426,ORD005700,PROD00279,4.0,5
OI0011427,ORD005700,PROD00089,1.0,20
OI0011428,ORD005700,PROD00403,2.0,0
OI0011429,ORD005701,PROD00132,5.0,25
OI0011430,ORD005701,PROD00156,4.0,0
OI0011431,ORD005701,PROD00080,5.0,5
OI0011432,ORD005702,PROD00571,4.0,0
OI0011433,ORD005702,PROD00004,1.0,0
OI0011434,ORD005703,PROD00168,4.0,25
OI0011435,ORD005704,PROD00273,1.0,0
OI0011436,ORD005705,PROD00324,-1.0,10
OI0011437,ORD005706,PROD00553,1.0,5
OI0011438,ORD005706,PROD00085,3.0,0
OI0011439,ORD005706,PROD00387,2.0,15
OI0011440,ORD005706,PROD00490,-1.0,10
OI0011441,ORD005707,PROD00056,5.0,0
OI0011442,ORD005708,PROD00019,3.0,0
OI0011443,ORD005708,PROD00200,1.0,25
OI0011444,ORD005709,PROD00066,1.0,0
OI0011445,ORD005710,PROD00477,2.0,0
OI0011446,ORD005710,PROD00261,1.0,25
OI0011447,ORD005711,PROD00049,-1.0,15
OI0011448,ORD005711,PROD00298,1.0,5
OI0011449,ORD005711,PROD00569,3.0,0
OI0011450,ORD005712,PROD00418,5.0,0
OI0011451,ORD005713,PROD00318,,25
OI0011452,ORD005714,PROD00037,5.0,0
OI0011453,ORD005715,PROD00459,-1.0,10
OI0011454,ORD005716,PROD00096,3.0,0
OI0011455,ORD005716,PROD00040,2.0,20
OI0011456,ORD005717,PROD00523,-1.0,0
OI0011457,ORD005717,PROD00502,2.0,5
OI0011458,ORD005718,PROD00131,5.0,0
OI0011459,ORD005718,PROD00296,1.0,15
OI0011460,ORD005718,PROD00300,2.0,20
OI0011461,ORD005718,PROD00031,2.0,5
OI0011462,ORD005719,PROD00398,10.0,15
OI0011463,ORD005720,PROD00597,10.0,0
OI0011464,ORD005721,PROD00005,2.0,25
OI0011465,ORD005722,PROD00387,10.0,25
OI0011466,ORD005722,PROD00520,3.0,15
OI0011467,ORD005723,PROD00575,4.0,20
OI0011468,ORD005724,PROD00165,10.0,0
OI0011469,ORD005725,PROD00108,5.0,20
OI0011470,ORD005726,PROD00451,2.0,25
OI0011471,ORD005727,PROD00329,1.0,10
OI0011472,ORD005728,PROD00460,-1.0,25
OI0011473,ORD005729,PROD00392,1.0,25
OI0011474,ORD005730,PROD00242,5.0,10
OI0011475,ORD005730,PROD00241,3.0,5
OI0011476,ORD005731,PROD00441,1.0,15
OI0011477,ORD005731,PROD00045,10.0,0
OI0011478,ORD005732,PROD00465,1.0,10
OI0011479,ORD005732,PROD00090,10.0,10
OI0011480,ORD005732,PROD00240,4.0,15
OI0011481,ORD005733,PROD00004,1.0,0
OI0011482,ORD005734,PROD00590,5.0,20
OI0011483,ORD005734,PROD00247,4.0,10
OI0011484,ORD005735,PROD00349,-1.0,0
OI0011485,ORD005736,PROD00442,5.0,0
OI0011486,ORD005736,PROD00337,-1.0,25
OI0011487,ORD005737,PROD00142,5.0,5
OI0011488,ORD005737,PROD00204,1.0,0
OI0011489,ORD005738,PROD00020,1.0,10
OI0011490,ORD005738,PROD00462,1.0,0
OI0011491,ORD005738,PROD00263,5.0,0
OI0011492,ORD005739,PROD00106,2.0,0
OI0011493,ORD005739,PROD00163,2.0,10
OI0011494,ORD005740,PROD00546,1.0,15
OI0011495,ORD005740,PROD00286,2.0,0
OI0011496,ORD005740,PROD00392,3.0,15
OI0011497,ORD005740,PROD00531,2.0,0
OI0011498,ORD005741,PROD00446,-1.0,0
OI0011499,ORD005741,PROD00099,10.0,5
OI0011500,ORD005741,PROD00545,1.0,0
OI0011501,ORD005741,PROD00258,2.0,15
OI0011502,ORD005742,PROD00178,-1.0,0
OI0011503,ORD005742,PROD00243,-1.0,5
OI0011504,ORD005743,PROD00052,5.0,0
OI0011505,ORD005744,PROD00511,1.0,0
OI0011506,ORD005744,PROD00599,1.0,10
OI0011507,ORD005744,PROD00592,-1.0,15
OI0011508,ORD005744,PROD00118,1.0,0
OI0011509,ORD005745,PROD00006,4.0,20
OI0011510,ORD005745,PROD00186,2.0,20
OI0011511,ORD005745,PROD00558,-1.0,10
OI0011512,ORD005746,PROD00125,2.0,0
OI0011513,ORD005747,PROD00328,1.0,15
OI0011514,ORD005748,PROD00352,5.0,0
OI0011515,ORD005748,PROD00102,1.0,0
OI0011516,ORD005749,PROD00090,1.0,25
OI0011517,ORD005750,PROD00552,2.0,0
OI0011518,ORD005751,PROD00431,-1.0,20
OI0011519,ORD005752,PROD00521,4.0,0
OI0011520,ORD005753,PROD00317,2.0,25
OI0011521,ORD005753,PROD00219,1.0,0
OI0011522,ORD005753,PROD00461,2.0,25
OI0011523,ORD005753,PROD00401,2.0,15
OI0011524,ORD005754,PROD00280,10.0,25
OI0011525,ORD005754,PROD00311,1.0,15
OI0011526,ORD005755,PROD00454,4.0,5
OI0011527,ORD005755,PROD00428,10.0,25
OI0011528,ORD005756,PROD00492,5.0,25
OI0011529,ORD005757,PROD00339,4.0,20
OI0011530,ORD005757,PROD00436,4.0,0
OI0011531,ORD005757,PROD00331,1.0,0
OI0011532,ORD005757,PROD00115,2.0,25
OI0011533,ORD005758,PROD00362,1.0,0
OI0011534,ORD005758,PROD00227,2.0,20
OI0011535,ORD005758,PROD00529,-1.0,25
OI0011536,ORD005758,PROD00214,1.0,15
OI0011537,ORD005759,PROD00453,1.0,20
OI0011538,ORD005759,PROD00212,10.0,10
OI0011539,ORD005759,PROD00501,2.0,10
OI0011540,ORD005760,PROD00541,1.0,15
OI0011541,ORD005761,PROD00046,2.0,25
OI0011542,ORD005761,PROD00071,-1.0,20
OI0011543,ORD005762,PROD00476,1.0,5
OI0011544,ORD005762,PROD00104,1.0,25
OI0011545,ORD005762,PROD00201,2.0,25
OI0011546,ORD005762,PROD00392,3.0,5
OI0011547,ORD005763,PROD00354,-1.0,25
OI0011548,ORD005763,PROD00408,5.0,0
OI0011549,ORD005763,PROD00004,2.0,0
OI0011550,ORD005763,PROD00537,2.0,0
OI0011551,ORD005764,PROD00265,10.0,10
OI0011552,ORD005764,PROD00016,10.0,25
OI0011553,ORD005764,PROD00016,1.0,10
OI0011554,ORD005764,PROD00566,5.0,15
OI0011555,ORD005765,PROD00259,1.0,10
OI0011556,ORD005766,PROD00147,-1.0,10
OI0011557,ORD005766,PROD00130,2.0,0
OI0011558,ORD005766,PROD00268,10.0,20
OI0011559,ORD005767,PROD00378,2.0,15
OI0011560,ORD005767,PROD00395,-1.0,10
OI0011561,ORD005768,PROD00062,4.0,0
OI0011562,ORD005769,PROD00141,1.0,10
OI0011563,ORD005769,PROD00564,5.0,0
OI0011564,ORD005769,PROD00333,1.0,5
OI0011565,ORD005770,PROD00429,5.0,20
OI0011566,ORD005771,PROD00421,1.0,0
OI0011567,ORD005771,PROD00497,1.0,25
OI0011568,ORD005772,PROD00586,2.0,0
OI0011569,ORD005773,PROD00289,10.0,0
OI0011570,ORD005773,PROD00287,3.0,15
OI0011571,ORD005773,PROD00211,10.0,0
OI0011572,ORD005774,PROD00144,1.0,0
OI0011573,ORD005774,PROD00338,1.0,5
OI0011574,ORD005775,PROD00272,2.0,0
OI0011575,ORD005775,PROD00248,3.0,15
OI0011576,ORD005776,PROD00448,5.0,0
OI0011577,ORD005777,PROD00483,2.0,5
OI0011578,ORD005777,PROD00270,1.0,25
OI0011579,ORD005777,PROD00181,10.0,5
OI0011580,ORD005777,PROD00500,1.0,15
OI0011581,ORD005778,PROD00171,-1.0,20
OI0011582,ORD005778,PROD00347,10.0,20
OI0011583,ORD005779,PROD00028,-1.0,20
OI0011584,ORD005780,PROD00050,1.0,5
OI0011585,ORD005781,PROD00424,1.0,5
OI0011586,ORD005781,PROD00237,-1.0,0
OI0011587,ORD005781,PROD00255,3.0,0
OI0011588,ORD005782,PROD00280,4.0,15
OI0011589,ORD005783,PROD00572,3.0,10
OI0011590,ORD005784,PROD00325,1.0,0
OI0011591,ORD005785,PROD00215,2.0,0
OI0011592,ORD005785,PROD00353,4.0,15
OI0011593,ORD005785,PROD00314,-1.0,0
OI0011594,ORD005786,PROD00329,2.0,5
OI0011595,ORD005787,PROD00474,2.0,20
OI0011596,ORD005788,PROD00303,1.0,20
OI0011597,ORD005789,PROD00590,1.0,0
OI0011598,ORD005789,PROD00073,1.0,0
OI0011599,ORD005790,PROD00467,2.0,10
OI0011600,ORD005790,PROD00080,5.0,20
OI0011601,ORD005791,PROD00541,-1.0,10
OI0011602,ORD005792,PROD00585,2.0,0
OI0011603,ORD005792,PROD00472,1.0,5
OI0011604,ORD005793,PROD00271,4.0,15
OI0011605,ORD005793,PROD00334,10.0,25
OI0011606,ORD005794,PROD00221,2.0,10
OI0011607,ORD005795,PROD00497,4.0,25
OI0011608,ORD005795,PROD00518,4.0,20
OI0011609,ORD005795,PROD00432,2.0,0
OI0011610,ORD005795,PROD00344,2.0,25
OI0011611,ORD005796,PROD00179,4.0,10
OI0011612,ORD005796,PROD00248,1.0,10
OI0011613,ORD005796,PROD9854,1.0,5
OI0011614,ORD005797,PROD00420,1.0,5
OI0011615,ORD005798,PROD00322,2.0,25
OI0011616,ORD005798,PROD00404,10.0,5
OI0011617,ORD005798,PROD00233,1.0,10
OI0011618,ORD005798,PROD00118,-1.0,20
OI0011619,ORD005799,PROD00540,-1.0,0
OI0011620,ORD005799,PROD00552,2.0,0
OI0011621,ORD005799,PROD00436,5.0,20
OI0011622,ORD005800,PROD00099,5.0,5
OI0011623,ORD005800,PROD00243,1.0,20
OI0011624,ORD005801,PROD00220,10.0,20
OI0011625,ORD005802,PROD00105,4.0,15
OI0011626,ORD005803,PROD00409,1.0,10
OI0011627,ORD005803,PROD00063,-1.0,15
OI0011628,ORD005804,PROD00201,2.0,0
OI0011629,ORD005804,PROD00586,1.0,25
OI0011630,ORD005805,PROD00117,4.0,0
OI0011631,ORD005806,PROD00389,1.0,25
OI0011632,ORD005806,PROD00295,-1.0,15
OI0011633,ORD005807,PROD00397,2.0,0
OI0011634,ORD005808,PROD00115,10.0,5
OI0011635,ORD005808,PROD00185,4.0,0
OI0011636,ORD005808,PROD00015,2.0,15
OI0011637,ORD005809,PROD00582,2.0,25
OI0011638,ORD005809,PROD00134,5.0,20
OI0011639,ORD005809,PROD00417,1.0,10
OI0011640,ORD005809,PROD00552,1.0,20
OI0011641,ORD005810,PROD00055,3.0,0
OI0011642,ORD005810,PROD00353,10.0,10
OI0011643,ORD005810,PROD00014,3.0,15
OI0011644,ORD005811,PROD00324,1.0,0
OI0011645,ORD005811,PROD00519,-1.0,0
OI0011646,ORD005811,PROD00203,1.0,0
OI0011647,ORD005812,PROD00415,4.0,0
OI0011648,ORD005812,PROD00357,3.0,15
OI0011649,ORD005813,PROD00598,2.0,20
OI0011650,ORD005814,PROD00464,1.0,0
OI0011651,ORD005814,PROD00167,2.0,0
OI0011652,ORD005815,PROD00595,2.0,0
OI0011653,ORD005815,PROD00389,-1.0,0
OI0011654,ORD005815,PROD00357,10.0,20
OI0011655,ORD005815,PROD00169,2.0,20
OI0011656,ORD005816,PROD00046,3.0,0
OI0011657,ORD005816,PROD00448,2.0,25
OI0011658,ORD005817,PROD00226,2.0,15
OI0011659,ORD005817,PROD00147,5.0,20
OI0011660,ORD005818,PROD00458,10.0,15
OI0011661,ORD005819,PROD00073,-1.0,0
OI0011662,ORD005820,PROD00569,2.0,0
OI0011663,ORD005820,PROD00007,2.0,25
OI0011664,ORD005821,PROD00588,10.0,15
OI0011665,ORD005822,PROD00352,10.0,15
OI0011666,ORD005823,PROD00539,1.0,0
OI0011667,ORD005823,PROD00195,10.0,15
OI0011668,ORD005824,PROD00003,5.0,0
OI0011669,ORD005824,PROD00520,5.0,15
OI0011670,ORD005824,PROD00372,2.0,20
OI0011671,ORD005825,PROD00038,2.0,0
OI0011672,ORD005825,PROD00546,1.0,0
OI0011673,ORD005826,PROD00518,10.0,15
OI0011674,ORD005826,PROD00571,5.0,0
OI0011675,ORD005826,PROD00127,2.0,0
OI0011676,ORD005827,PROD00384,2.0,15
OI0011677,ORD005827,PROD00578,1.0,0
OI0011678,ORD005828,PROD00534,3.0,10
OI0011679,ORD005828,PROD00498,1.0,5
OI0011680,ORD005829,PROD00530,1.0,25
OI0011681,ORD005829,PROD00573,1.0,25
OI0011682,ORD005830,PROD00556,3.0,5
OI0011683,ORD005830,PROD00509,2.0,20
OI0011684,ORD005831,PROD00171,4.0,0
OI0011685,ORD005831,PROD00551,1.0,0
OI0011686,ORD005832,PROD00132,4.0,0
OI0011687,ORD005833,PROD00430,2.0,15
OI0011688,ORD005833,PROD00282,5.0,20
OI0011689,ORD005834,PROD00149,2.0,10
OI0011690,ORD005834,PROD00033,2.0,0
OI0011691,ORD005835,PROD00510,1.0,0
OI0011692,ORD005835,PROD00371,4.0,5
OI0011693,ORD005835,PROD00580,2.0,0
OI0011694,ORD005836,PROD00513,-1.0,20
OI0011695,ORD005836,PROD00024,5.0,0
OI0011696,ORD005837,PROD00354,1.0,15
OI0011697,ORD005837,PROD00090,1.0,20
OI0011698,ORD005837,PROD00600,5.0,15
OI0011699,ORD005838,PROD00521,5.0,10
OI0011700,ORD005839,PROD00023,10.0,25
OI0011701,ORD005840,PROD00132,2.0,10
OI0011702,ORD005840,PROD00142,1.0,25
OI0011703,ORD005841,PROD00136,3.0,0
OI0011704,ORD005842,PROD00257,10.0,5
OI0011705,ORD005843,PROD00005,2.0,5
OI0011706,ORD005843,PROD00151,1.0,25
OI0011707,ORD005843,PROD00075,5.0,15
OI0011708,ORD005843,PROD00156,5.0,25
OI0011709,ORD005844,PROD00023,1.0,0
OI0011710,ORD005845,PROD00595,1.0,25
OI0011711,ORD005846,PROD00152,2.0,10
OI0011712,ORD005846,PROD00033,3.0,5
OI0011713,ORD005846,PROD00194,10.0,20
OI0011714,ORD005846,PROD00384,10.0,0
OI0011715,ORD005847,PROD00315,1.0,0
OI0011716,ORD005847,PROD00039,10.0,5
OI0011717,ORD005848,PROD00039,4.0,5
OI0011718,ORD005849,PROD00580,5.0,10
OI0011719,ORD005850,PROD00577,1.0,0
OI0011720,ORD005850,PROD00097,1.0,10
OI0011721,ORD005851,PROD00475,2.0,0
OI0011722,ORD005852,PROD00496,4.0,0
OI0011723,ORD005852,PROD00560,-1.0,15
OI0011724,ORD005853,PROD00079,4.0,0
OI0011725,ORD005853,PROD00383,-1.0,0
OI0011726,ORD005853,PROD00163,1.0,15
OI0011727,ORD005854,PROD00319,10.0,0
OI0011728,ORD005854,PROD00208,5.0,15
OI0011729,ORD005854,PROD00077,5.0,0
OI0011730,ORD005855,PROD00164,1.0,0
OI0011731,ORD005855,PROD00526,5.0,0
OI0011732,ORD005856,PROD00305,4.0,20
OI0011733,ORD005856,PROD00027,5.0,0
OI0011734,ORD005856,PROD00147,1.0,15
OI0011735,ORD005857,PROD00265,-1.0,15
OI0011736,ORD005857,PROD00002,5.0,15
OI0011737,ORD005858,PROD00285,1.0,20
OI0011738,ORD005859,PROD00165,4.0,0
OI0011739,ORD005859,PROD00147,1.0,25
OI0011740,ORD005860,PROD00576,1.0,5
OI0011741,ORD005860,PROD00499,2.0,0
OI0011742,ORD005860,PROD00546,1.0,0
OI0011743,ORD005860,PROD00177,3.0,25
OI0011744,ORD005861,PROD00210,1.0,5
OI0011745,ORD005862,PROD00279,10.0,25
OI0011746,ORD005863,PROD00061,4.0,0
OI0011747,ORD005863,PROD00098,-1.0,10
OI0011748,ORD005863,PROD00234,1.0,25
OI0011749,ORD005864,PROD9213,1.0,0
OI0011750,ORD005864,PROD00541,3.0,25
OI0011751,ORD005865,PROD00408,2.0,10
OI0011752,ORD005866,PROD00241,5.0,5
OI0011753,ORD005866,PROD00457,3.0,0
OI0011754,ORD005866,PROD00355,1.0,20
OI0011755,ORD005866,PROD00286,2.0,5
OI0011756,ORD005867,PROD00218,1.0,25
OI0011757,ORD005868,PROD00482,1.0,20
OI0011758,ORD005868,PROD00562,1.0,0
OI0011759,ORD005868,PROD00563,10.0,0
OI0011760,ORD005868,PROD00080,-1.0,0
OI0011761,ORD005869,PROD00284,2.0,25
OI0011762,ORD005869,PROD00151,1.0,0
OI0011763,ORD005870,PROD00290,2.0,0
OI0011764,ORD005871,PROD00378,-1.0,20
OI0011765,ORD005872,PROD00219,1.0,25
OI0011766,ORD005873,PROD00384,2.0,0
OI0011767,ORD005873,PROD00459,1.0,0
OI0011768,ORD005874,PROD00305,4.0,0
OI0011769,ORD005875,PROD00418,2.0,15
OI0011770,ORD005876,PROD00490,1.0,25
OI0011771,ORD005876,PROD00447,5.0,20
OI0011772,ORD005876,PROD00310,1.0,25
OI0011773,ORD005876,PROD00382,2.0,5
OI0011774,ORD005877,PROD00265,1.0,15
OI0011775,ORD005878,PROD00145,2.0,5
OI0011776,ORD005878,PROD00577,4.0,10
OI0011777,ORD005878,PROD00445,-1.0,0
OI0011778,ORD005879,PROD00418,10.0,15
OI0011779,ORD005879,PROD00505,1.0,10
OI0011780,ORD005879,PROD00319,4.0,10
OI0011781,ORD005879,PROD00288,-1.0,0
OI0011782,ORD005880,PROD00226,1.0,15
OI0011783,ORD005880,PROD00470,1.0,10
OI0011784,ORD005881,PROD00020,2.0,20
OI0011785,ORD005882,PROD00395,10.0,5
OI0011786,ORD005882,PROD00118,1.0,0
OI0011787,ORD005882,PROD00536,-1.0,20
OI0011788,ORD005883,PROD00109,4.0,0
OI0011789,ORD005884,PROD00270,5.0,25
OI0011790,ORD005885,PROD00208,3.0,0
OI0011791,ORD005885,PROD00322,2.0,25
OI0011792,ORD005886,PROD00012,5.0,10
OI0011793,ORD005887,PROD00031,4.0,20
OI0011794,ORD005887,PROD00442,1.0,0
OI0011795,ORD005887,PROD00441,1.0,25
OI0011796,ORD005887,PROD00348,3.0,5
OI0011797,ORD005888,PROD00176,10.0,5
OI0011798,ORD005889,PROD00305,1.0,10
OI0011799,ORD005889,PROD00579,1.0,0
OI0011800,ORD005890,PROD00421,5.0,25
OI0011801,ORD005891,PROD00332,4.0,10
OI0011802,ORD005891,PROD00068,2.0,20
OI0011803,ORD005891,PROD00582,10.0,25
OI0011804,ORD005892,PROD00234,2.0,15
OI0011805,ORD005893,PROD00193,10.0,10
OI0011806,ORD005894,PROD00207,2.0,0
OI0011807,ORD005895,PROD00075,5.0,0
OI0011808,ORD005896,PROD00259,2.0,15
OI0011809,ORD005896,PROD00552,-1.0,25
OI0011810,ORD005896,PROD00151,-1.0,10
OI0011811,ORD005896,PROD00489,-1.0,0
OI0011812,ORD005897,PROD00527,5.0,10
OI0011813,ORD005897,PROD00454,2.0,25
OI0011814,ORD005897,PROD00422,3.0,0
OI0011815,ORD005898,PROD00456,4.0,5
OI0011816,ORD005898,PROD00067,3.0,15
OI0011817,ORD005899,PROD00444,10.0,0
OI0011818,ORD005900,PROD00168,-1.0,0
OI0011819,ORD005900,PROD00276,2.0,25
OI0011820,ORD005901,PROD00201,1.0,0
OI0011821,ORD005901,PROD00173,-1.0,10
OI0011822,ORD005901,PROD00020,10.0,25
OI0011823,ORD005901,PROD00369,-1.0,10
OI0011824,ORD005902,PROD00571,-1.0,0
OI0011825,ORD005903,PROD00058,1.0,0
OI0011826,ORD005903,PROD00112,1.0,10
OI0011827,ORD005903,PROD00558,5.0,25
OI0011828,ORD005903,PROD00019,-1.0,0
OI0011829,ORD005904,PROD00497,5.0,5
OI0011830,ORD005904,PROD00153,4.0,25
OI0011831,ORD005905,PROD00089,1.0,5
OI0011832,ORD005905,PROD00198,-1.0,0
OI0011833,ORD005906,PROD00072,4.0,25
OI0011834,ORD005906,PROD00295,10.0,0
OI0011835,ORD005906,PROD00146,2.0,25
OI0011836,ORD005907,PROD00149,2.0,20
OI0011837,ORD005908,PROD00254,2.0,25
OI0011838,ORD005908,PROD00347,1.0,15
OI0011839,ORD005909,PROD00025,1.0,25
OI0011840,ORD005909,PROD00447,2.0,15
OI0011841,ORD005910,PROD00089,1.0,20
OI0011842,ORD005911,PROD00336,4.0,0
OI0011843,ORD005911,PROD00177,5.0,25
OI0011844,ORD005912,PROD00408,1.0,25
OI0011845,ORD005912,PROD00519,2.0,0
OI0011846,ORD005912,PROD00149,10.0,10
OI0011847,ORD005912,PROD00036,10.0,10
OI0011848,ORD005913,PROD00097,-1.0,5
OI0011849,ORD005913,PROD00396,2.0,0
OI0011850,ORD005913,PROD00264,10.0,10
OI0011851,ORD005914,PROD00281,5.0,5
OI0011852,ORD005914,PROD00445,1.0,20
OI0011853,ORD005914,PROD00430,10.0,25
OI0011854,ORD005914,PROD00489,1.0,15
OI0011855,ORD005915,PROD00561,-1.0,15
OI0011856,ORD005915,PROD00276,2.0,5
OI0011857,ORD005915,PROD00257,2.0,0
OI0011858,ORD005915,PROD00571,2.0,0
OI0011859,ORD005916,PROD00267,2.0,0
OI0011860,ORD005916,PROD00163,1.0,10
OI0011861,ORD005917,PROD00526,1.0,10
OI0011862,ORD005918,PROD00260,3.0,5
OI0011863,ORD005918,PROD00195,2.0,0
OI0011864,ORD005919,PROD00389,2.0,0
OI0011865,ORD005919,PROD00258,2.0,10
OI0011866,ORD005919,PROD00382,2.0,20
OI0011867,ORD005919,PROD00552,10.0,20
OI0011868,ORD005920,PROD00397,1.0,5
OI0011869,ORD005921,PROD00551,4.0,5
OI0011870,ORD005921,PROD00154,1.0,20
OI0011871,ORD005921,PROD00013,3.0,0
OI0011872,ORD005922,PROD00041,1.0,0
OI0011873,ORD005922,PROD00123,5.0,5
OI0011874,ORD005922,PROD00358,5.0,0
OI0011875,ORD005922,PROD00032,4.0,5
OI0011876,ORD005923,PROD00376,1.0,0
OI0011877,ORD005923,PROD00058,4.0,0
OI0011878,ORD005923,PROD00246,-1.0,0
OI0011879,ORD005923,PROD00175,4.0,0
OI0011880,ORD005924,PROD00551,5.0,25
OI0011881,ORD005925,PROD00247,-1.0,0
OI0011882,ORD005925,PROD00130,1.0,0
OI0011883,ORD005925,PROD00409,10.0,15
OI0011884,ORD005925,PROD00292,2.0,10
OI0011885,ORD005926,PROD00133,4.0,10
OI0011886,ORD005926,PROD00549,1.0,0
OI0011887,ORD005927,PROD00474,4.0,5
OI0011888,ORD005928,PROD00105,3.0,0
OI0011889,ORD005928,PROD00140,5.0,15
OI0011890,ORD005929,PROD00535,1.0,0
OI0011891,ORD005930,PROD00379,5.0,0
OI0011892,ORD005930,PROD00407,3.0,0
OI0011893,ORD005931,PROD00108,1.0,0
OI0011894,ORD005932,PROD00487,3.0,0
OI0011895,ORD005933,PROD00516,3.0,5
OI0011896,ORD005934,PROD00445,4.0,0
OI0011897,ORD005935,PROD00346,3.0,0
OI0011898,ORD005935,PROD00381,1.0,20
OI0011899,ORD005935,PROD00342,5.0,5
OI0011900,ORD005936,PROD00542,2.0,0
OI0011901,ORD005936,PROD00070,1.0,0
OI0011902,ORD005937,PROD00462,1.0,0
OI0011903,ORD005938,PROD00174,3.0,15
OI0011904,ORD005939,PROD00195,2.0,0
OI0011905,ORD005939,PROD00546,5.0,10
OI0011906,ORD005940,PROD00230,-1.0,20
OI0011907,ORD005940,PROD00090,-1.0,25
OI0011908,ORD005940,PROD00040,3.0,5
OI0011909,ORD005940,PROD00438,4.0,5
OI0011910,ORD005941,PROD00258,4.0,10
OI0011911,ORD005941,PROD00351,-1.0,25
OI0011912,ORD005941,PROD00595,10.0,5
OI0011913,ORD005942,PROD00061,10.0,0
OI0011914,ORD005942,PROD00402,1.0,25
OI0011915,ORD005942,PROD00298,10.0,20
OI0011916,ORD005943,PROD00337,1.0,0
OI0011917,ORD005943,PROD00249,1.0,0
OI0011918,ORD005944,PROD00453,1.0,0
OI0011919,ORD005944,PROD00272,10.0,15
OI0011920,ORD005945,PROD00130,1.0,10
OI0011921,ORD005945,PROD00286,2.0,20
OI0011922,ORD005945,PROD00339,2.0,15
OI0011923,ORD005946,PROD00172,-1.0,0
OI0011924,ORD005947,PROD00279,1.0,25
OI0011925,ORD005947,PROD00288,1.0,0
OI0011926,ORD005947,PROD00123,1.0,0
OI0011927,ORD005948,PROD00200,3.0,0
OI0011928,ORD005948,PROD00563,1.0,0
OI0011929,ORD005948,PROD00436,-1.0,10
OI0011930,ORD005949,PROD00600,1.0,15
OI0011931,ORD005950,PROD9839,5.0,15
OI0011932,ORD005950,PROD00025,3.0,0
OI0011933,ORD005951,PROD00421,2.0,25
OI0011934,ORD005952,PROD00248,500.0,15
OI0011935,ORD005952,PROD00098,4.0,0
OI0011936,ORD005953,PROD00199,1.0,15
OI0011937,ORD005953,PROD00333,1.0,15
OI0011938,ORD005953,PROD00264,1.0,5
OI0011939,ORD005953,PROD00082,5.0,0
OI0011940,ORD005954,PROD00589,3.0,15
OI0011941,ORD005955,PROD00374,2.0,15
OI0011942,ORD005955,PROD00109,1.0,5
OI0011943,ORD005955,PROD00599,2.0,20
OI0011944,ORD005956,PROD00347,2.0,25
OI0011945,ORD005957,PROD00354,1.0,25
OI0011946,ORD005958,PROD00359,1.0,5
OI0011947,ORD005959,PROD00264,3.0,0
OI0011948,ORD005960,PROD00270,4.0,5
OI0011949,ORD005960,PROD00074,1.0,10
OI0011950,ORD005960,PROD00319,10.0,0
OI0011951,ORD005960,PROD00191,-1.0,0
OI0011952,ORD005961,PROD00147,2.0,5
OI0011953,ORD005961,PROD00466,3.0,15
OI0011954,ORD005962,PROD00034,2.0,20
OI0011955,ORD005962,PROD00060,3.0,0
OI0011956,ORD005963,PROD00109,3.0,15
OI0011957,ORD005963,PROD00047,4.0,0
OI0011958,ORD005964,PROD00168,2.0,10
OI0011959,ORD005964,PROD00052,10.0,0
OI0011960,ORD005964,PROD00290,4.0,15
OI0011961,ORD005964,PROD00534,2.0,0
OI0011962,ORD005965,PROD00522,-1.0,15
OI0011963,ORD005965,PROD00117,10.0,20
OI0011964,ORD005965,PROD00077,4.0,0
OI0011965,ORD005966,PROD00575,2.0,5
OI0011966,ORD005966,PROD00072,1.0,10
OI0011967,ORD005967,PROD00078,4.0,15
OI0011968,ORD005967,PROD00506,4.0,25
OI0011969,ORD005968,PROD00594,1.0,5
OI0011970,ORD005969,PROD00230,2.0,0
OI0011971,ORD005970,PROD00423,1.0,0
OI0011972,ORD005970,PROD00296,10.0,20
OI0011973,ORD005970,PROD00542,2.0,0
OI0011974,ORD005971,PROD00494,2.0,10
OI0011975,ORD005971,PROD00446,10.0,15
OI0011976,ORD005972,PROD00259,1.0,0
OI0011977,ORD005973,PROD00035,10.0,0
OI0011978,ORD005974,PROD00227,5.0,15
OI0011979,ORD005974,PROD00347,500.0,25
OI0011980,ORD005975,PROD00080,2.0,5
OI0011981,ORD005975,PROD00092,1.0,0
OI0011982,ORD005976,PROD00033,1.0,0
OI0011983,ORD005976,PROD00148,1.0,0
OI0011984,ORD005976,PROD00184,4.0,0
OI0011985,ORD005977,PROD00501,3.0,10
OI0011986,ORD005977,PROD00227,10.0,0
OI0011987,ORD005977,PROD00205,2.0,20
OI0011988,ORD005977,PROD00367,-1.0,0
OI0011989,ORD005978,PROD00109,2.0,25
OI0011990,ORD005978,PROD00540,1.0,20
OI0011991,ORD005979,PROD00386,1.0,0
OI0011992,ORD005980,PROD9263,2.0,0
OI0011993,ORD005980,PROD00073,2.0,25
OI0011994,ORD005980,PROD00103,3.0,20
OI0011995,ORD005981,PROD00076,4.0,10
OI0011996,ORD005982,PROD00098,-1.0,0
OI0011997,ORD005982,PROD00181,3.0,0
OI0011998,ORD005982,PROD00145,2.0,0
OI0011999,ORD005982,PROD00036,4.0,0
OI0012000,ORD005983,PROD00211,2.0,25
OI0012001,ORD005983,PROD00422,2.0,0
OI0012002,ORD005983,PROD00060,2.0,20
OI0012003,ORD005983,PROD00334,1.0,20
OI0012004,ORD005984,PROD00138,1.0,15
OI0012005,ORD005985,PROD00114,10.0,10
OI0012006,ORD005985,PROD00282,1.0,15
OI0012007,ORD005986,PROD00494,5.0,15
OI0012008,ORD005987,PROD00138,2.0,10
OI0012009,ORD005987,PROD00594,-1.0,15
OI0012010,ORD005988,PROD00276,2.0,20
OI0012011,ORD005989,PROD00343,1.0,0
OI0012012,ORD005989,PROD00531,4.0,25
OI0012013,ORD005990,PROD00157,3.0,0
OI0012014,ORD005990,PROD00289,3.0,20
OI0012015,ORD005990,PROD00477,-1.0,0
OI0012016,ORD005990,PROD00292,5.0,20
OI0012017,ORD005991,PROD00131,10.0,0
OI0012018,ORD005991,PROD00572,1.0,0
OI0012019,ORD005991,PROD00123,5.0,25
OI0012020,ORD005992,PROD00547,4.0,25
OI0012021,ORD005993,PROD00072,2.0,0
OI0012022,ORD005993,PROD00483,3.0,10
OI0012023,ORD005993,PROD00567,-1.0,0
OI0012024,ORD005994,PROD00307,10.0,0
OI0012025,ORD005994,PROD00549,2.0,25
OI0012026,ORD005994,PROD00049,2.0,20
OI0012027,ORD005994,PROD00012,10.0,0
OI0012028,ORD005995,PROD00191,5.0,0
OI0012029,ORD005996,PROD00599,4.0,10
OI0012030,ORD005997,PROD00196,10.0,10
OI0012031,ORD005997,PROD00347,4.0,25
OI0012032,ORD005997,PROD00268,10.0,15
OI0012033,ORD005997,PROD00117,1.0,10
OI0012034,ORD005998,PROD00241,3.0,0
OI0012035,ORD005998,PROD00517,3.0,0
OI0012036,ORD005998,PROD00403,2.0,5
OI0012037,ORD005998,PROD00328,3.0,0
OI0012038,ORD005999,PROD00179,4.0,15
OI0012039,ORD005999,PROD00349,1.0,0
OI0012040,ORD005999,PROD00320,2.0,0
OI0012041,ORD006000,PROD00223,10.0,0
OI0012042,ORD006000,PROD00327,1.0,15
OI0012043,ORD006000,PROD00099,3.0,5
OI0012044,ORD006000,PROD00536,4.0,0
OI0012045,ORD006001,PROD00031,3.0,25
OI0012046,ORD006001,PROD00161,5.0,15
OI0012047,ORD006002,PROD00154,2.0,10
OI0012048,ORD006002,PROD00457,1.0,0
OI0012049,ORD006002,PROD00197,5.0,0
OI0012050,ORD006002,PROD00204,10.0,20
OI0012051,ORD006003,PROD00507,2.0,10
OI0012052,ORD006003,PROD00472,10.0,0
OI0012053,ORD006004,PROD00416,1.0,15
OI0012054,ORD006005,PROD00058,1.0,0
OI0012055,ORD006006,PROD00396,1.0,5
OI0012056,ORD006007,PROD00461,1.0,0
OI0012057,ORD006007,PROD00112,2.0,15
OI0012058,ORD006007,PROD00380,1.0,20
OI0012059,ORD006008,PROD00237,1.0,5
OI0012060,ORD006009,PROD00289,-1.0,10
OI0012061,ORD006010,PROD00212,5.0,0
OI0012062,ORD006011,PROD00060,10.0,10
OI0012063,ORD006012,PROD00222,2.0,10
OI0012064,ORD006012,PROD00066,1.0,0
OI0012065,ORD006013,PROD00262,1.0,0
OI0012066,ORD006014,PROD00195,1.0,5
OI0012067,ORD006015,PROD00500,4.0,0
OI0012068,ORD006015,PROD00296,5.0,0
OI0012069,ORD006015,PROD00501,10.0,25
OI0012070,ORD006015,PROD00125,4.0,20
OI0012071,ORD006016,PROD00184,1.0,0
OI0012072,ORD006016,PROD00419,1.0,0
OI0012073,ORD006016,PROD00229,2.0,0
OI0012074,ORD006017,PROD00296,1.0,20
OI0012075,ORD006017,PROD00049,5.0,0
OI0012076,ORD006017,PROD00142,1.0,25
OI0012077,ORD006017,PROD00102,1.0,0
OI0012078,ORD006018,PROD00583,3.0,25
OI0012079,ORD006018,PROD00492,1.0,10
OI0012080,ORD006018,PROD00548,1.0,25
OI0012081,ORD006018,PROD00408,1.0,0
OI0012082,ORD006019,PROD00052,-1.0,0
OI0012083,ORD006019,PROD00378,1.0,0
OI0012084,ORD006019,PROD00232,5.0,5
OI0012085,ORD006019,PROD00539,5.0,0
OI0012086,ORD006020,PROD00513,1.0,25
OI0012087,ORD006020,PROD00279,2.0,0
OI0012088,ORD006021,PROD00130,5.0,20
OI0012089,ORD006022,PROD00296,1.0,15
OI0012090,ORD006023,PROD00072,10.0,15
OI0012091,ORD006023,PROD00219,1.0,0
OI0012092,ORD006023,PROD00273,1.0,25
OI0012093,ORD006023,PROD00159,1.0,15
OI0012094,ORD006024,PROD00433,10.0,0
OI0012095,ORD006024,PROD00044,3.0,0
OI0012096,ORD006024,PROD00218,10.0,0
OI0012097,ORD006025,PROD00163,1.0,0
OI0012098,ORD006026,PROD00269,1.0,0
OI0012099,ORD006026,PROD00563,3.0,0
OI0012100,ORD006027,PROD00103,10.0,0
OI0012101,ORD006028,PROD00524,-1.0,15
OI0012102,ORD006028,PROD00066,5.0,25
OI0012103,ORD006028,PROD00454,5.0,0
OI0012104,ORD006028,PROD00564,2.0,0
OI0012105,ORD006029,PROD00006,3.0,5
OI0012106,ORD006029,PROD00095,10.0,15
OI0012107,ORD006030,PROD00223,5.0,20
OI0012108,ORD006030,PROD00116,3.0,15
OI0012109,ORD006030,PROD00279,1.0,5
OI0012110,ORD006031,PROD00438,3.0,20
OI0012111,ORD006031,PROD00580,-1.0,0
OI0012112,ORD006031,PROD00362,2.0,0
OI0012113,ORD006031,PROD00152,3.0,20
OI0012114,ORD006032,PROD00278,4.0,0
OI0012115,ORD006033,PROD00042,1.0,0
OI0012116,ORD006034,PROD00532,2.0,15
OI0012117,ORD006035,PROD00153,1.0,5
OI0012118,ORD006035,PROD00102,1.0,20
OI0012119,ORD006036,PROD00138,3.0,5
OI0012120,ORD006036,PROD00584,10.0,0
OI0012121,ORD006037,PROD00108,10.0,25
OI0012122,ORD006037,PROD00236,1.0,20
OI0012123,ORD006037,PROD00525,3.0,5
OI0012124,ORD006037,PROD00544,1.0,0
OI0012125,ORD006038,PROD00433,1.0,20
OI0012126,ORD006038,PROD00237,5.0,0
OI0012127,ORD006038,PROD00271,1.0,15
OI0012128,ORD006038,PROD00140,1.0,0
OI0012129,ORD006039,PROD00350,1.0,5
OI0012130,ORD006040,PROD00279,5.0,0
OI0012131,ORD006041,PROD00351,2.0,15
OI0012132,ORD006041,PROD00047,1.0,0
OI0012133,ORD006041,PROD00523,-1.0,0
OI0012134,ORD006041,PROD00226,5.0,10
OI0012135,ORD006042,PROD00339,-1.0,15
OI0012136,ORD006043,PROD00388,4.0,20
OI0012137,ORD006043,PROD00365,2.0,0
OI0012138,ORD006044,PROD00259,1.0,0
OI0012139,ORD006045,PROD00433,-1.0,10
OI0012140,ORD006046,PROD00574,2.0,5
OI0012141,ORD006046,PROD00509,1.0,5
OI0012142,ORD006047,PROD00437,1.0,15
OI0012143,ORD006048,PROD00479,10.0,25
OI0012144,ORD006049,PROD00366,1.0,0
OI0012145,ORD006049,PROD00253,1.0,15
OI0012146,ORD006049,PROD00545,2.0,5
OI0012147,ORD006049,PROD00095,1.0,5
OI0012148,ORD006050,PROD00372,1.0,5
OI0012149,ORD006050,PROD00368,1.0,25
OI0012150,ORD006050,PROD00431,2.0,10
OI0012151,ORD006050,PROD00468,2.0,25
OI0012152,ORD006051,PROD00277,2.0,25
OI0012153,ORD006051,PROD00098,1.0,20
OI0012154,ORD006051,PROD00498,2.0,20
OI0012155,ORD006051,PROD00537,10.0,15
OI0012156,ORD006052,PROD00219,10.0,25
OI0012157,ORD006053,PROD00184,1.0,0
OI0012158,ORD006053,PROD00515,4.0,20
OI0012159,ORD006054,PROD00138,4.0,0
OI0012160,ORD006054,PROD00049,3.0,0
OI0012161,ORD006054,PROD00462,2.0,20
OI0012162,ORD006055,PROD00091,1.0,20
OI0012163,ORD006055,PROD00240,3.0,15
OI0012164,ORD006056,PROD00421,2.0,0
OI0012165,ORD006057,PROD00034,1.0,10
OI0012166,ORD006058,PROD00066,5.0,15
OI0012167,ORD006058,PROD00275,-1.0,10
OI0012168,ORD006059,PROD00064,10.0,0
OI0012169,ORD006060,PROD00339,1.0,15
OI0012170,ORD006061,PROD00472,3.0,20
OI0012171,ORD006061,PROD00217,3.0,15
OI0012172,ORD006062,PROD00035,2.0,15
OI0012173,ORD006062,PROD00038,3.0,0
OI0012174,ORD006063,PROD00238,5.0,10
OI0012175,ORD006063,PROD00203,10.0,15
OI0012176,ORD006064,PROD00542,1.0,20
OI0012177,ORD006065,PROD00312,1.0,5
OI0012178,ORD006066,PROD00017,1.0,20
OI0012179,ORD006066,PROD00291,2.0,0
OI0012180,ORD006066,PROD00038,5.0,25
OI0012181,ORD006067,PROD00118,10.0,10
OI0012182,ORD006068,PROD00131,1.0,0
OI0012183,ORD006068,PROD00004,2.0,5
OI0012184,ORD006068,PROD00178,2.0,10
OI0012185,ORD006069,PROD00416,1.0,25
OI0012186,ORD006069,PROD00136,1.0,10
OI0012187,ORD006070,PROD00111,3.0,25
OI0012188,ORD006070,PROD00479,5.0,20
OI0012189,ORD006071,PROD00436,1.0,15
OI0012190,ORD006071,PROD00124,2.0,15
OI0012191,ORD006071,PROD00488,,0
OI0012192,ORD006071,PROD00507,5.0,0
OI0012193,ORD006072,PROD00435,4.0,20
OI0012194,ORD006072,PROD00240,2.0,20
OI0012195,ORD006072,PROD00401,3.0,10
OI0012196,ORD006072,PROD00373,4.0,0
OI0012197,ORD006073,PROD00377,3.0,25
OI0012198,ORD006074,PROD00124,10.0,0
OI0012199,ORD006074,PROD00251,1.0,20
OI0012200,ORD006074,PROD00424,5.0,20
OI0012201,ORD006074,PROD00128,-1.0,0
OI0012202,ORD006075,PROD00029,2.0,15
OI0012203,ORD006076,PROD00037,-1.0,0
OI0012204,ORD006076,PROD00018,2.0,0
OI0012205,ORD006076,PROD00373,1.0,5
OI0012206,ORD006076,PROD00397,1.0,15
OI0012207,ORD006077,PROD00201,-1.0,5
OI0012208,ORD006077,PROD00509,1.0,20
OI0012209,ORD006078,PROD00418,1.0,0
OI0012210,ORD006079,PROD00310,10.0,0
OI0012211,ORD006079,PROD00272,5.0,0
OI0012212,ORD006080,PROD00332,1.0,0
OI0012213,ORD006080,PROD00426,1.0,0
OI0012214,ORD006081,PROD00072,5.0,5
OI0012215,ORD006081,PROD00061,-1.0,0
OI0012216,ORD006081,PROD00521,2.0,10
OI0012217,ORD006082,PROD00436,2.0,5
OI0012218,ORD006083,PROD00100,2.0,0
OI0012219,ORD006084,PROD00195,5.0,0
OI0012220,ORD006084,PROD00241,1.0,0
OI0012221,ORD006084,PROD00445,-1.0,25
OI0012222,ORD006085,PROD00272,-1.0,0
OI0012223,ORD006086,PROD9551,3.0,10
OI0012224,ORD006086,PROD00519,3.0,0
OI0012225,ORD006087,PROD00303,2.0,0
OI0012226,ORD006087,PROD00380,10.0,15
OI0012227,ORD006088,PROD00541,5.0,20
OI0012228,ORD006089,PROD00152,3.0,0
OI0012229,ORD006090,PROD00086,1.0,20
OI0012230,ORD006091,PROD00522,1.0,5
OI0012231,ORD006091,PROD00312,4.0,10
OI0012232,ORD006091,PROD00278,-1.0,0
OI0012233,ORD006091,PROD00227,1.0,0
OI0012234,ORD006092,PROD00529,-1.0,0
OI0012235,ORD006092,PROD00299,3.0,0
OI0012236,ORD006092,PROD00520,1.0,5
OI0012237,ORD006093,PROD00001,1.0,0
OI0012238,ORD006094,PROD00502,2.0,15
OI0012239,ORD006095,PROD00062,2.0,15
OI0012240,ORD006095,PROD00541,5.0,20
OI0012241,ORD006096,PROD00337,4.0,20
OI0012242,ORD006096,PROD00199,2.0,5
OI0012243,ORD006097,PROD00082,2.0,10
OI0012244,ORD006097,PROD00554,4.0,15
OI0012245,ORD006098,PROD00151,4.0,15
OI0012246,ORD006099,PROD00275,2.0,0
OI0012247,ORD006100,PROD00442,2.0,15
OI0012248,ORD006100,PROD00049,2.0,0
OI0012249,ORD006100,PROD00552,5.0,0
OI0012250,ORD006100,PROD00496,1.0,0
OI0012251,ORD006101,PROD00508,5.0,15
OI0012252,ORD006101,PROD00592,-1.0,0
OI0012253,ORD006101,PROD00071,10.0,5
OI0012254,ORD006102,PROD00362,2.0,0
OI0012255,ORD006103,PROD00599,4.0,0
OI0012256,ORD006103,PROD00032,1.0,0
OI0012257,ORD006103,PROD00153,2.0,20
OI0012258,ORD006103,PROD00450,2.0,0
OI0012259,ORD006104,PROD00277,2.0,0
OI0012260,ORD006104,PROD00529,-1.0,0
OI0012261,ORD006104,PROD00062,3.0,25
OI0012262,ORD006105,PROD00133,10.0,0
OI0012263,ORD006105,PROD00344,2.0,20
OI0012264,ORD006106,PROD00230,2.0,15
OI0012265,ORD006106,PROD00164,1.0,25
OI0012266,ORD006107,PROD00248,2.0,15
OI0012267,ORD006107,PROD00549,5.0,25
OI0012268,ORD006107,PROD00498,2.0,0
OI0012269,ORD006107,PROD00501,1.0,10
OI0012270,ORD006108,PROD00386,3.0,10
OI0012271,ORD006109,PROD00450,1.0,20
OI0012272,ORD006109,PROD00342,3.0,0
OI0012273,ORD006109,PROD00039,2.0,0
OI0012274,ORD006109,PROD00338,2.0,10
OI0012275,ORD006110,PROD00087,10.0,10
OI0012276,ORD006111,PROD00007,10.0,0
OI0012277,ORD006111,PROD00110,3.0,25
OI0012278,ORD006111,PROD00303,-1.0,0
OI0012279,ORD006112,PROD00585,-1.0,5
OI0012280,ORD006112,PROD00175,1.0,10
OI0012281,ORD006113,PROD00237,1.0,25
OI0012282,ORD006113,PROD00240,3.0,25
OI0012283,ORD006113,PROD00579,3.0,0
OI0012284,ORD006113,PROD00106,1.0,0
OI0012285,ORD006114,PROD00282,1.0,0
OI0012286,ORD006114,PROD00170,-1.0,15
OI0012287,ORD006114,PROD9949,5.0,15
OI0012288,ORD006115,PROD00199,10.0,10
OI0012289,ORD006115,PROD00576,2.0,0
OI0012290,ORD006115,PROD00550,-1.0,15
OI0012291,ORD006115,PROD00526,2.0,15
OI0012292,ORD006116,PROD00560,1.0,5
OI0012293,ORD006117,PROD00119,1.0,10
OI0012294,ORD006118,PROD00470,1.0,0
OI0012295,ORD006119,PROD00275,2.0,0
OI0012296,ORD006120,PROD00226,5.0,0
OI0012297,ORD006120,PROD00022,1.0,0
OI0012298,ORD006120,PROD00297,2.0,0
OI0012299,ORD006121,PROD00347,10.0,20
OI0012300,ORD006121,PROD00210,4.0,0
OI0012301,ORD006121,PROD00398,5.0,20
OI0012302,ORD006122,PROD00366,4.0,5
OI0012303,ORD006122,PROD00262,1.0,15
OI0012304,ORD006123,PROD00300,1.0,5
OI0012305,ORD006123,PROD00143,4.0,5
OI0012306,ORD006123,PROD00430,2.0,0
OI0012307,ORD006124,PROD00195,5.0,25
OI0012308,ORD006124,PROD00179,1.0,0
OI0012309,ORD006124,PROD00575,10.0,5
OI0012310,ORD006124,PROD00547,1.0,0
OI0012311,ORD006125,PROD00259,3.0,10
OI0012312,ORD006126,PROD00131,1.0,5
OI0012313,ORD006126,PROD00404,5.0,5
OI0012314,ORD006127,PROD00531,10.0,10
OI0012315,ORD006128,PROD00004,5.0,0
OI0012316,ORD006129,PROD00266,2.0,25
OI0012317,ORD006129,PROD00208,5.0,15
OI0012318,ORD006129,PROD00055,1.0,20
OI0012319,ORD006130,PROD00552,1.0,0
OI0012320,ORD006131,PROD00132,3.0,10
OI0012321,ORD006132,PROD00391,2.0,25
OI0012322,ORD006132,PROD00552,5.0,20
OI0012323,ORD006132,PROD00177,5.0,10
OI0012324,ORD006132,PROD00173,2.0,0
OI0012325,ORD006133,PROD00197,1.0,0
OI0012326,ORD006133,PROD00338,3.0,0
OI0012327,ORD006133,PROD00347,10.0,0
OI0012328,ORD006133,PROD00425,4.0,20
OI0012329,ORD006134,PROD00182,3.0,15
OI0012330,ORD006135,PROD00395,10.0,0
OI0012331,ORD006135,PROD00429,1.0,0
OI0012332,ORD006136,PROD00132,-1.0,25
OI0012333,ORD006136,PROD00119,2.0,0
OI0012334,ORD006136,PROD00182,1.0,10
OI0012335,ORD006137,PROD00516,10.0,0
OI0012336,ORD006137,PROD00142,5.0,25
OI0012337,ORD006137,PROD00269,1.0,0
OI0012338,ORD006138,PROD00049,4.0,0
OI0012339,ORD006139,PROD00540,4.0,10
OI0012340,ORD006140,PROD00100,1.0,10
OI0012341,ORD006140,PROD00278,1.0,0
OI0012342,ORD006141,PROD00187,2.0,5
OI0012343,ORD006142,PROD00003,10.0,5
OI0012344,ORD006143,PROD00522,3.0,20
OI0012345,ORD006143,PROD00056,-1.0,10
OI0012346,ORD006143,PROD00067,3.0,10
OI0012347,ORD006144,PROD00459,5.0,15
OI0012348,ORD006144,PROD00582,3.0,0
OI0012349,ORD006145,PROD00454,4.0,5
OI0012350,ORD006146,PROD00121,5.0,10
OI0012351,ORD006146,PROD00531,5.0,20
OI0012352,ORD006146,PROD00353,1.0,0
OI0012353,ORD006147,PROD00289,1.0,0
OI0012354,ORD006147,PROD00422,-1.0,0
OI0012355,ORD006147,PROD00073,10.0,10
OI0012356,ORD006148,PROD00227,4.0,20
OI0012357,ORD006148,PROD00554,5.0,10
OI0012358,ORD006149,PROD00160,4.0,0
OI0012359,ORD006149,PROD00239,5.0,0
OI0012360,ORD006150,PROD00249,2.0,0
OI0012361,ORD006150,PROD00587,1.0,25
OI0012362,ORD006151,PROD00547,1.0,0
OI0012363,ORD006151,PROD00501,5.0,25
OI0012364,ORD006152,PROD00047,2.0,10
OI0012365,ORD006153,PROD00439,1.0,10
OI0012366,ORD006154,PROD00142,500.0,0
OI0012367,ORD006154,PROD00323,1.0,0
OI0012368,ORD006155,PROD00080,5.0,15
OI0012369,ORD006155,PROD00495,2.0,15
OI0012370,ORD006155,PROD00170,2.0,0
OI0012371,ORD006156,PROD00179,4.0,0
OI0012372,ORD006157,PROD9128,-1.0,0
OI0012373,ORD006157,PROD00238,3.0,5
OI0012374,ORD006157,PROD00482,10.0,10
OI0012375,ORD006157,PROD00503,-1.0,0
OI0012376,ORD006158,PROD00490,-1.0,0
OI0012377,ORD006159,PROD00188,1.0,15
OI0012378,ORD006159,PROD00105,2.0,20
OI0012379,ORD006160,PROD00216,5.0,0
OI0012380,ORD006160,PROD00315,1.0,0
OI0012381,ORD006160,PROD00509,10.0,0
OI0012382,ORD006160,PROD00183,2.0,0
OI0012383,ORD006161,PROD00429,2.0,0
OI0012384,ORD006161,PROD00378,2.0,0
OI0012385,ORD006161,PROD9503,2.0,10
OI0012386,ORD006161,PROD00107,2.0,15
OI0012387,ORD006162,PROD00431,10.0,20
OI0012388,ORD006162,PROD00349,5.0,0
OI0012389,ORD006162,PROD00210,1.0,20
OI0012390,ORD006163,PROD00523,10.0,20
OI0012391,ORD006163,PROD00153,10.0,5
OI0012392,ORD006164,PROD00431,-1.0,15
OI0012393,ORD006165,PROD00309,2.0,0
OI0012394,ORD006166,PROD00339,1.0,0
OI0012395,ORD006166,PROD00068,5.0,15
OI0012396,ORD006166,PROD00080,-1.0,0
OI0012397,ORD006167,PROD00364,1.0,0
OI0012398,ORD006168,PROD00541,1.0,0
OI0012399,ORD006168,PROD00444,-1.0,0
OI0012400,ORD006168,PROD00172,4.0,5
OI0012401,ORD006168,PROD00200,4.0,0
OI0012402,ORD006169,PROD00559,2.0,25
OI0012403,ORD006170,PROD00542,3.0,25
OI0012404,ORD006171,PROD00354,5.0,25
OI0012405,ORD006172,PROD00214,10.0,0
OI0012406,ORD006172,PROD00442,1.0,10
OI0012407,ORD006173,PROD00420,-1.0,0
OI0012408,ORD006173,PROD00393,1.0,20
OI0012409,ORD006174,PROD00290,3.0,10
OI0012410,ORD006174,PROD00579,2.0,15
OI0012411,ORD006174,PROD00202,1.0,0
OI0012412,ORD006174,PROD00071,1.0,15
OI0012413,ORD006175,PROD00243,-1.0,0
OI0012414,ORD006176,PROD00425,10.0,15
OI0012415,ORD006177,PROD00347,10.0,10
OI0012416,ORD006177,PROD00317,2.0,10
OI0012417,ORD006178,PROD00384,2.0,10
OI0012418,ORD006179,PROD00066,4.0,20
OI0012419,ORD006179,PROD00013,1.0,0
OI0012420,ORD006180,PROD00092,3.0,0
OI0012421,ORD006180,PROD00116,3.0,25
OI0012422,ORD006180,PROD00457,10.0,5
OI0012423,ORD006180,PROD00008,-1.0,0
OI0012424,ORD006181,PROD00564,500.0,0
OI0012425,ORD006181,PROD00069,5.0,25
OI0012426,ORD006182,PROD00186,1.0,10
OI0012427,ORD006183,PROD00587,4.0,0
OI0012428,ORD006183,PROD00322,2.0,0
OI0012429,ORD006184,PROD00562,2.0,20
OI0012430,ORD006184,PROD00159,1.0,0
OI0012431,ORD006185,PROD00304,2.0,0
OI0012432,ORD006186,PROD00006,1.0,25
OI0012433,ORD006186,PROD00542,2.0,5
OI0012434,ORD006187,PROD00094,4.0,10
OI0012435,ORD006188,PROD00293,4.0,5
OI0012436,ORD006188,PROD00213,3.0,0
OI0012437,ORD006189,PROD00191,3.0,0
OI0012438,ORD006189,PROD00153,2.0,20
OI0012439,ORD006189,PROD00315,2.0,15
OI0012440,ORD006189,PROD00558,4.0,0
OI0012441,ORD006190,PROD00585,3.0,5
OI0012442,ORD006191,PROD00550,5.0,20
OI0012443,ORD006191,PROD00341,5.0,15
OI0012444,ORD006191,PROD00552,2.0,15
OI0012445,ORD006191,PROD00012,2.0,5
OI0012446,ORD006192,PROD00257,-1.0,10
OI0012447,ORD006192,PROD00081,10.0,20
OI0012448,ORD006192,PROD00005,-1.0,0
OI0012449,ORD006192,PROD00077,4.0,20
OI0012450,ORD006193,PROD00446,5.0,0
OI0012451,ORD006194,PROD00183,1.0,5
OI0012452,ORD006195,PROD00267,10.0,0
OI0012453,ORD006196,PROD00216,1.0,25
OI0012454,ORD006197,PROD00321,2.0,25
OI0012455,ORD006197,PROD00437,3.0,0
OI0012456,ORD006197,PROD00526,1.0,0
OI0012457,ORD006198,PROD00253,2.0,25
OI0012458,ORD006198,PROD00028,2.0,0
OI0012459,ORD006199,PROD00076,2.0,0
OI0012460,ORD006200,PROD00465,1.0,10
OI0012461,ORD006200,PROD00488,1.0,10
OI0012462,ORD006200,PROD00230,1.0,5
OI0012463,ORD006200,PROD00182,2.0,0
OI0012464,ORD006201,PROD00253,1.0,5
OI0012465,ORD006201,PROD00231,1.0,0
OI0012466,ORD006202,PROD00052,1.0,15
OI0012467,ORD006202,PROD00037,1.0,15
OI0012468,ORD006202,PROD00097,2.0,15
OI0012469,ORD006203,PROD00102,-1.0,0
OI0012470,ORD006204,PROD00542,2.0,15
OI0012471,ORD006205,PROD00362,5.0,25
OI0012472,ORD006205,PROD00383,1.0,10
OI0012473,ORD006206,PROD00375,4.0,5
OI0012474,ORD006206,PROD00063,3.0,0
OI0012475,ORD006207,PROD00254,-1.0,0
OI0012476,ORD006208,PROD00556,10.0,25
OI0012477,ORD006209,PROD00431,2.0,5
OI0012478,ORD006209,PROD00571,1.0,25
OI0012479,ORD006209,PROD00132,5.0,10
OI0012480,ORD006210,PROD00204,2.0,0
OI0012481,ORD006211,PROD00438,1.0,15
OI0012482,ORD006211,PROD00048,4.0,10
OI0012483,ORD006211,PROD00182,2.0,20
OI0012484,ORD006211,PROD00508,5.0,0
OI0012485,ORD006212,PROD00528,-1.0,25
OI0012486,ORD006212,PROD00353,1.0,0
OI0012487,ORD006212,PROD00582,-1.0,0
OI0012488,ORD006212,PROD00582,1.0,15
OI0012489,ORD006213,PROD00019,5.0,0
OI0012490,ORD006214,PROD00125,10.0,10
OI0012491,ORD006215,PROD00554,2.0,0
OI0012492,ORD006215,PROD00521,3.0,5
OI0012493,ORD006215,PROD00148,-1.0,20
OI0012494,ORD006216,PROD00314,10.0,5
OI0012495,ORD006216,PROD00567,10.0,0
OI0012496,ORD006217,PROD00121,3.0,0
OI0012497,ORD006217,PROD00498,-1.0,15
OI0012498,ORD006218,PROD00154,2.0,20
OI0012499,ORD006219,PROD00393,1.0,0
OI0012500,ORD006219,PROD00223,4.0,0
OI0012501,ORD006220,PROD00238,1.0,0
OI0012502,ORD006220,PROD00400,2.0,25
OI0012503,ORD006221,PROD00170,2.0,10
OI0012504,ORD006221,PROD00180,-1.0,5
OI0012505,ORD006221,PROD00256,-1.0,5
OI0012506,ORD006222,PROD00184,2.0,25
OI0012507,ORD006223,PROD00466,1.0,25
OI0012508,ORD006224,PROD00406,3.0,0
OI0012509,ORD006224,PROD00043,2.0,0
OI0012510,ORD006224,PROD00450,2.0,10
OI0012511,ORD006224,PROD00269,1.0,20
OI0012512,ORD006225,PROD00574,-1.0,10
OI0012513,ORD006226,PROD00338,2.0,25
OI0012514,ORD006227,PROD00430,1.0,0
OI0012515,ORD006227,PROD00244,-1.0,0
OI0012516,ORD006228,PROD00503,2.0,0
OI0012517,ORD006228,PROD00537,10.0,0
OI0012518,ORD006228,PROD00582,3.0,0
OI0012519,ORD006228,PROD00073,5.0,0
OI0012520,ORD006229,PROD00386,5.0,15
OI0012521,ORD006230,PROD00360,4.0,10
OI0012522,ORD006230,PROD00346,1.0,10
OI0012523,ORD006230,PROD00135,-1.0,0
OI0012524,ORD006230,PROD00578,2.0,0
OI0012525,ORD006231,PROD00557,5.0,10
OI0012526,ORD006231,PROD00209,2.0,0
OI0012527,ORD006232,PROD00586,-1.0,0
OI0012528,ORD006233,PROD00260,10.0,0
OI0012529,ORD006234,PROD00309,4.0,25
OI0012530,ORD006235,PROD00457,3.0,15
OI0012531,ORD006236,PROD00582,5.0,20
OI0012532,ORD006236,PROD00382,1.0,15
OI0012533,ORD006236,PROD00096,4.0,5
OI0012534,ORD006237,PROD00093,10.0,15
OI0012535,ORD006238,PROD00027,-1.0,20
OI0012536,ORD006238,PROD00168,-1.0,10
OI0012537,ORD006239,PROD00435,10.0,10
OI0012538,ORD006239,PROD00356,1.0,0
OI0012539,ORD006239,PROD00119,2.0,5
OI0012540,ORD006240,PROD00140,10.0,0
OI0012541,ORD006240,PROD00489,5.0,25
OI0012542,ORD006240,PROD00378,1.0,0
OI0012543,ORD006241,PROD00042,4.0,25
OI0012544,ORD006241,PROD00024,1.0,0
OI0012545,ORD006241,PROD00104,2.0,25
OI0012546,ORD006242,PROD00298,-1.0,0
OI0012547,ORD006243,PROD00397,1.0,0
OI0012548,ORD006243,PROD00341,10.0,5
OI0012549,ORD006244,PROD00485,1.0,0
OI0012550,ORD006245,PROD00133,2.0,0
OI0012551,ORD006246,PROD00162,5.0,20
OI0012552,ORD006246,PROD00225,3.0,0
OI0012553,ORD006246,PROD00276,1.0,15
OI0012554,ORD006246,PROD00215,3.0,15
OI0012555,ORD006247,PROD00491,2.0,20
OI0012556,ORD006247,PROD00507,1.0,0
OI0012557,ORD006248,PROD00097,1.0,10
OI0012558,ORD006249,PROD00356,2.0,25
OI0012559,ORD006249,PROD00273,4.0,15
OI0012560,ORD006250,PROD00560,5.0,10
OI0012561,ORD006250,PROD00248,2.0,15
OI0012562,ORD006250,PROD00505,1.0,0
OI0012563,ORD006251,PROD00245,-1.0,0
OI0012564,ORD006251,PROD00251,2.0,0
OI0012565,ORD006252,PROD00358,2.0,10
OI0012566,ORD006253,PROD00397,5.0,15
OI0012567,ORD006254,PROD00317,4.0,10
OI0012568,ORD006255,PROD00090,3.0,0
OI0012569,ORD006256,PROD00562,4.0,5
OI0012570,ORD006257,PROD00091,4.0,0
OI0012571,ORD006257,PROD00419,2.0,0
OI0012572,ORD006257,PROD00561,1.0,10
OI0012573,ORD006258,PROD00551,500.0,0
OI0012574,ORD006258,PROD00572,-1.0,0
OI0012575,ORD006258,PROD00283,4.0,0
OI0012576,ORD006258,PROD00578,4.0,15
OI0012577,ORD006259,PROD00290,-1.0,20
OI0012578,ORD006259,PROD00223,1.0,0
OI0012579,ORD006259,PROD00005,5.0,5
OI0012580,ORD006259,PROD00118,2.0,20
OI0012581,ORD006260,PROD00357,1.0,10
OI0012582,ORD006260,PROD00251,10.0,10
OI0012583,ORD006261,PROD9082,-1.0,25
OI0012584,ORD006261,PROD00442,2.0,0
OI0012585,ORD006261,PROD00197,-1.0,15
OI0012586,ORD006261,PROD00333,2.0,5
OI0012587,ORD006262,PROD00568,4.0,0
OI0012588,ORD006263,PROD00078,1.0,10
OI0012589,ORD006263,PROD00163,1.0,20
OI0012590,ORD006264,PROD00034,1.0,0
OI0012591,ORD006265,PROD00496,2.0,25
OI0012592,ORD006265,PROD00063,3.0,0
OI0012593,ORD006265,PROD00055,10.0,5
OI0012594,ORD006265,PROD00332,1.0,0
OI0012595,ORD006266,PROD00142,5.0,10
OI0012596,ORD006266,PROD00570,2.0,15
OI0012597,ORD006266,PROD00468,5.0,0
OI0012598,ORD006266,PROD00221,10.0,0
OI0012599,ORD006267,PROD00384,1.0,0
OI0012600,ORD006267,PROD00493,5.0,10
OI0012601,ORD006267,PROD00205,10.0,10
OI0012602,ORD006267,PROD00388,1.0,5
OI0012603,ORD006268,PROD00411,10.0,15
OI0012604,ORD006268,PROD00231,3.0,20
OI0012605,ORD006268,PROD00493,4.0,0
OI0012606,ORD006269,PROD00452,3.0,20
OI0012607,ORD006270,PROD00573,1.0,0
OI0012608,ORD006270,PROD00231,3.0,5
OI0012609,ORD006270,PROD00020,10.0,15
OI0012610,ORD006270,PROD00373,10.0,15
OI0012611,ORD006271,PROD00177,-1.0,0
OI0012612,ORD006271,PROD00037,2.0,0
OI0012613,ORD006272,PROD00591,1.0,10
OI0012614,ORD006272,PROD00210,2.0,0
OI0012615,ORD006272,PROD00432,3.0,10
OI0012616,ORD006272,PROD00253,3.0,5
OI0012617,ORD006273,PROD00186,2.0,0
OI0012618,ORD006274,PROD9341,1.0,25
OI0012619,ORD006274,PROD00498,1.0,0
OI0012620,ORD006275,PROD00349,500.0,20
OI0012621,ORD006275,PROD00149,2.0,0
OI0012622,ORD006275,PROD00015,2.0,10
OI0012623,ORD006275,PROD00317,1.0,5
OI0012624,ORD006276,PROD00121,4.0,15
OI0012625,ORD006276,PROD00241,1.0,5
OI0012626,ORD006277,PROD00539,4.0,10
OI0012627,ORD006277,PROD00449,1.0,20
OI0012628,ORD006278,PROD00073,-1.0,25
OI0012629,ORD006279,PROD00353,5.0,0
OI0012630,ORD006279,PROD00288,2.0,0
OI0012631,ORD006280,PROD00087,2.0,10
OI0012632,ORD006281,PROD00423,10.0,15
OI0012633,ORD006281,PROD00456,3.0,0
OI0012634,ORD006281,PROD00478,1.0,0
OI0012635,ORD006281,PROD00551,1.0,20
OI0012636,ORD006282,PROD00152,3.0,10
OI0012637,ORD006282,PROD00338,10.0,15
OI0012638,ORD006283,PROD00114,1.0,15
OI0012639,ORD006284,PROD00417,3.0,0
OI0012640,ORD006284,PROD00256,4.0,5
OI0012641,ORD006285,PROD00251,2.0,25
OI0012642,ORD006285,PROD00268,1.0,0
OI0012643,ORD006286,PROD00441,3.0,25
OI0012644,ORD006286,PROD00527,1.0,20
OI0012645,ORD006287,PROD00132,4.0,0
OI0012646,ORD006288,PROD00549,1.0,10
OI0012647,ORD006288,PROD00522,3.0,0
OI0012648,ORD006289,PROD00236,5.0,10
OI0012649,ORD006290,PROD00166,3.0,5
OI0012650,ORD006291,PROD00189,10.0,25
OI0012651,ORD006292,PROD00518,4.0,5
OI0012652,ORD006292,PROD00516,-1.0,0
OI0012653,ORD006292,PROD00582,2.0,10
OI0012654,ORD006293,PROD00366,4.0,0
OI0012655,ORD006293,PROD00340,10.0,0
OI0012656,ORD006294,PROD00151,4.0,25
OI0012657,ORD006294,PROD00424,2.0,0
OI0012658,ORD006295,PROD00296,3.0,0
OI0012659,ORD006296,PROD00296,10.0,0
OI0012660,ORD006296,PROD00151,1.0,25
OI0012661,ORD006297,PROD00475,2.0,20
OI0012662,ORD006297,PROD00088,5.0,0
OI0012663,ORD006297,PROD00187,2.0,5
OI0012664,ORD006297,PROD00527,3.0,25
OI0012665,ORD006298,PROD00443,-1.0,10
OI0012666,ORD006298,PROD00239,3.0,0
OI0012667,ORD006298,PROD00582,10.0,0
OI0012668,ORD006299,PROD00576,1.0,15
OI0012669,ORD006299,PROD00450,1.0,15
OI0012670,ORD006300,PROD00072,3.0,0
OI0012671,ORD006301,PROD00261,5.0,0
OI0012672,ORD006301,PROD00224,2.0,0
OI0012673,ORD006302,PROD00371,2.0,25
OI0012674,ORD006303,PROD00010,4.0,0
OI0012675,ORD006304,PROD00303,4.0,5
OI0012676,ORD006304,PROD00420,1.0,5
OI0012677,ORD006304,PROD00052,1.0,0
OI0012678,ORD006304,PROD00280,2.0,15
OI0012679,ORD006305,PROD00546,3.0,15
OI0012680,ORD006306,PROD00397,-1.0,20
OI0012681,ORD006307,PROD00459,3.0,0
OI0012682,ORD006307,PROD00439,1.0,20
OI0012683,ORD006308,PROD00301,1.0,0
OI0012684,ORD006308,PROD00330,-1.0,20
OI0012685,ORD006309,PROD00294,-1.0,25
OI0012686,ORD006310,PROD00006,1.0,25
OI0012687,ORD006310,PROD00067,1.0,25
OI0012688,ORD006311,PROD00240,10.0,0
OI0012689,ORD006311,PROD00129,10.0,10
OI0012690,ORD006312,PROD00309,5.0,0
OI0012691,ORD006312,PROD00047,3.0,0
OI0012692,ORD006312,PROD00381,2.0,0
OI0012693,ORD006313,PROD00424,5.0,15
OI0012694,ORD006314,PROD00071,2.0,5
OI0012695,ORD006314,PROD00062,3.0,0
OI0012696,ORD006314,PROD00305,4.0,20
OI0012697,ORD006314,PROD00181,1.0,10
OI0012698,ORD006315,PROD00082,4.0,0
OI0012699,ORD006316,PROD00001,1.0,5
OI0012700,ORD006316,PROD00537,-1.0,15
OI0012701,ORD006316,PROD00070,5.0,5
OI0012702,ORD006317,PROD00335,4.0,0
OI0012703,ORD006318,PROD00218,2.0,20
OI0012704,ORD006318,PROD00301,3.0,20
OI0012705,ORD006318,PROD00276,2.0,10
OI0012706,ORD006318,PROD00110,5.0,0
OI0012707,ORD006319,PROD00468,-1.0,0
OI0012708,ORD006319,PROD00028,1.0,0
OI0012709,ORD006319,PROD00279,5.0,15
OI0012710,ORD006319,PROD00511,-1.0,25
OI0012711,ORD006320,PROD00548,2.0,15
OI0012712,ORD006321,PROD00042,2.0,10
OI0012713,ORD006322,PROD00470,-1.0,0
OI0012714,ORD006322,PROD00037,5.0,10
OI0012715,ORD006323,PROD00041,-1.0,15
OI0012716,ORD006324,PROD00110,-1.0,0
OI0012717,ORD006325,PROD00569,10.0,10
OI0012718,ORD006326,PROD00465,1.0,0
OI0012719,ORD006327,PROD00524,2.0,20
OI0012720,ORD006327,PROD00312,1.0,10
OI0012721,ORD006328,PROD00079,2.0,0
OI0012722,ORD006328,PROD00286,4.0,20
OI0012723,ORD006329,PROD00225,1.0,0
OI0012724,ORD006329,PROD00235,-1.0,0
OI0012725,ORD006329,PROD00445,1.0,0
OI0012726,ORD006330,PROD00431,1.0,0
OI0012727,ORD006331,PROD00434,2.0,5
OI0012728,ORD006332,PROD00298,4.0,15
OI0012729,ORD006333,PROD00297,4.0,5
OI0012730,ORD006334,PROD00251,-1.0,0
OI0012731,ORD006334,PROD00524,2.0,20
OI0012732,ORD006334,PROD00273,3.0,25
OI0012733,ORD006334,PROD00351,2.0,0
OI0012734,ORD006335,PROD00436,10.0,20
OI0012735,ORD006336,PROD00477,4.0,25
OI0012736,ORD006337,PROD00439,3.0,15
OI0012737,ORD006337,PROD00027,3.0,20
OI0012738,ORD006338,PROD00249,10.0,0
OI0012739,ORD006338,PROD00146,4.0,0
OI0012740,ORD006339,PROD00562,2.0,5
OI0012741,ORD006339,PROD00382,1.0,25
OI0012742,ORD006340,PROD00242,10.0,15
OI0012743,ORD006340,PROD00201,10.0,0
OI0012744,ORD006341,PROD00549,10.0,0
OI0012745,ORD006342,PROD00202,1.0,0
OI0012746,ORD006343,PROD00249,10.0,5
OI0012747,ORD006343,PROD00420,2.0,10
OI0012748,ORD006343,PROD00211,4.0,0
OI0012749,ORD006343,PROD00479,3.0,0
OI0012750,ORD006344,PROD00306,10.0,5
OI0012751,ORD006345,PROD00211,1.0,10
OI0012752,ORD006346,PROD00376,1.0,0
OI0012753,ORD006346,PROD00265,4.0,25
OI0012754,ORD006347,PROD00016,1.0,25
OI0012755,ORD006347,PROD00159,1.0,25
OI0012756,ORD006347,PROD00077,2.0,0
OI0012757,ORD006348,PROD00209,-1.0,0
OI0012758,ORD006348,PROD00058,4.0,0
OI0012759,ORD006349,PROD00538,1.0,25
OI0012760,ORD006349,PROD00329,2.0,25
OI0012761,ORD006349,PROD00092,4.0,10
OI0012762,ORD006349,PROD00477,1.0,15
OI0012763,ORD006350,PROD00108,10.0,10
OI0012764,ORD006350,PROD00083,3.0,0
OI0012765,ORD006351,PROD00173,4.0,20
OI0012766,ORD006351,PROD00135,5.0,0
OI0012767,ORD006351,PROD00170,3.0,0
OI0012768,ORD006351,PROD00189,-1.0,5
OI0012769,ORD006352,PROD00313,2.0,0
OI0012770,ORD006352,PROD00031,4.0,25
OI0012771,ORD006353,PROD00533,2.0,0
OI0012772,ORD006354,PROD00364,1.0,0
OI0012773,ORD006355,PROD00071,4.0,20
OI0012774,ORD006355,PROD00555,1.0,0
OI0012775,ORD006355,PROD00283,2.0,20
OI0012776,ORD006356,PROD00173,2.0,10
OI0012777,ORD006357,PROD00271,10.0,0
OI0012778,ORD006357,PROD00054,-1.0,10
OI0012779,ORD006358,PROD00059,1.0,0
OI0012780,ORD006358,PROD00212,2.0,20
OI0012781,ORD006358,PROD00140,3.0,15
OI0012782,ORD006359,PROD00215,2.0,25
OI0012783,ORD006359,PROD00444,4.0,0
OI0012784,ORD006360,PROD00571,2.0,25
OI0012785,ORD006360,PROD00126,2.0,5
OI0012786,ORD006360,PROD00088,2.0,0
OI0012787,ORD006361,PROD00144,5.0,5
OI0012788,ORD006362,PROD00098,1.0,25
OI0012789,ORD006362,PROD00026,1.0,15
OI0012790,ORD006362,PROD00324,1.0,10
OI0012791,ORD006362,PROD00078,2.0,20
OI0012792,ORD006363,PROD00032,10.0,20
OI0012793,ORD006363,PROD00458,1.0,10
OI0012794,ORD006364,PROD00050,1.0,10
OI0012795,ORD006364,PROD00092,1.0,10
OI0012796,ORD006365,PROD00288,1.0,20
OI0012797,ORD006365,PROD00303,1.0,10
OI0012798,ORD006365,PROD00541,1.0,0
OI0012799,ORD006365,PROD00197,1.0,20
OI0012800,ORD006366,PROD00217,4.0,0
OI0012801,ORD006366,PROD00271,2.0,0
OI0012802,ORD006366,PROD00543,3.0,5
OI0012803,ORD006366,PROD00416,3.0,0
OI0012804,ORD006367,PROD00072,1.0,5
OI0012805,ORD006368,PROD00151,5.0,0
OI0012806,ORD006368,PROD00205,-1.0,0
OI0012807,ORD006368,PROD9871,2.0,0
OI0012808,ORD006369,PROD00178,4.0,5
OI0012809,ORD006370,PROD00451,4.0,25
OI0012810,ORD006370,PROD00530,2.0,10
OI0012811,ORD006371,PROD00182,-1.0,10
OI0012812,ORD006372,PROD00141,2.0,15
OI0012813,ORD006373,PROD00461,10.0,10
OI0012814,ORD006373,PROD00563,1.0,5
OI0012815,ORD006374,PROD00490,1.0,15
OI0012816,ORD006374,PROD00130,1.0,5
OI0012817,ORD006375,PROD00419,2.0,0
OI0012818,ORD006375,PROD00542,5.0,20
OI0012819,ORD006376,PROD00371,1.0,25
OI0012820,ORD006377,PROD00012,5.0,0
OI0012821,ORD006377,PROD00257,1.0,15
OI0012822,ORD006377,PROD00220,1.0,0
OI0012823,ORD006378,PROD00251,3.0,20
OI0012824,ORD006379,PROD00213,3.0,15
OI0012825,ORD006379,PROD00178,1.0,0
OI0012826,ORD006379,PROD00176,4.0,5
OI0012827,ORD006380,PROD00461,1.0,25
OI0012828,ORD006381,PROD00117,1.0,0
OI0012829,ORD006381,PROD00050,1.0,5
OI0012830,ORD006381,PROD00110,1.0,0
OI0012831,ORD006381,PROD00214,4.0,0
OI0012832,ORD006382,PROD00233,3.0,15
OI0012833,ORD006383,PROD00197,1.0,20
OI0012834,ORD006384,PROD00083,2.0,20
OI0012835,ORD006384,PROD00082,1.0,0
OI0012836,ORD006385,PROD00169,1.0,10
OI0012837,ORD006386,PROD00564,1.0,0
OI0012838,ORD006386,PROD00116,4.0,10
OI0012839,ORD006387,PROD00598,1.0,5
OI0012840,ORD006388,PROD00325,2.0,5
OI0012841,ORD006388,PROD00450,4.0,20
OI0012842,ORD006389,PROD00361,4.0,25
OI0012843,ORD006390,PROD00195,2.0,5
OI0012844,ORD006390,PROD00501,2.0,25
OI0012845,ORD006391,PROD00500,500.0,0
OI0012846,ORD006392,PROD00447,1.0,0
OI0012847,ORD006392,PROD00351,1.0,10
OI0012848,ORD006392,PROD00148,1.0,0
OI0012849,ORD006393,PROD00209,1.0,5
OI0012850,ORD006393,PROD00193,4.0,5
OI0012851,ORD006393,PROD00330,2.0,10
OI0012852,ORD006394,PROD00045,1.0,20
OI0012853,ORD006394,PROD00340,1.0,0
OI0012854,ORD006395,PROD00177,2.0,15
OI0012855,ORD006395,PROD00397,1.0,25
OI0012856,ORD006396,PROD00208,1.0,0
OI0012857,ORD006396,PROD00073,1.0,0
OI0012858,ORD006397,PROD00024,5.0,15
OI0012859,ORD006397,PROD00529,10.0,0
OI0012860,ORD006397,PROD00072,1.0,25
OI0012861,ORD006398,PROD00315,10.0,20
OI0012862,ORD006399,PROD00070,4.0,5
OI0012863,ORD006399,PROD00032,3.0,0
OI0012864,ORD006400,PROD00216,2.0,10
OI0012865,ORD006401,PROD00344,2.0,0
OI0012866,ORD006401,PROD00381,1.0,25
OI0012867,ORD006401,PROD00021,10.0,0
OI0012868,ORD006401,PROD00551,5.0,0
OI0012869,ORD006402,PROD00573,3.0,0
OI0012870,ORD006402,PROD00271,-1.0,10
OI0012871,ORD006402,PROD00003,3.0,15
OI0012872,ORD006402,PROD00515,1.0,15
OI0012873,ORD006403,PROD00256,5.0,10
OI0012874,ORD006403,PROD00270,1.0,5
OI0012875,ORD006404,PROD00490,1.0,0
OI0012876,ORD006405,PROD00269,2.0,25
OI0012877,ORD006405,PROD00568,-1.0,0
OI0012878,ORD006406,PROD00238,1.0,25
OI0012879,ORD006407,PROD00507,4.0,0
OI0012880,ORD006408,PROD00306,2.0,25
OI0012881,ORD006409,PROD00546,4.0,25
OI0012882,ORD006410,PROD00176,2.0,25
OI0012883,ORD006410,PROD00269,1.0,0
OI0012884,ORD006410,PROD00387,4.0,0
OI0012885,ORD006410,PROD00308,1.0,10
OI0012886,ORD006411,PROD00101,1.0,0
OI0012887,ORD006412,PROD00333,-1.0,0
OI0012888,ORD006412,PROD00470,-1.0,0
OI0012889,ORD006413,PROD00441,3.0,0
OI0012890,ORD006413,PROD00462,4.0,25
OI0012891,ORD006413,PROD00073,-1.0,25
OI0012892,ORD006413,PROD00219,4.0,15
OI0012893,ORD006414,PROD00189,-1.0,5
OI0012894,ORD006414,PROD00540,10.0,0
OI0012895,ORD006414,PROD00112,1.0,25
OI0012896,ORD006414,PROD00293,-1.0,0
OI0012897,ORD006415,PROD00132,2.0,15
OI0012898,ORD006415,PROD00516,2.0,0
OI0012899,ORD006415,PROD00310,3.0,0
OI0012900,ORD006416,PROD00400,3.0,0
OI0012901,ORD006416,PROD00100,1.0,15
OI0012902,ORD006417,PROD00256,2.0,10
OI0012903,ORD006417,PROD00093,3.0,0
OI0012904,ORD006418,PROD00280,-1.0,0
OI0012905,ORD006419,PROD00583,-1.0,0
OI0012906,ORD006419,PROD00035,5.0,20
OI0012907,ORD006420,PROD00290,1.0,5
OI0012908,ORD006420,PROD00012,1.0,5
OI0012909,ORD006421,PROD00250,1.0,5
OI0012910,ORD006421,PROD00183,10.0,0
OI0012911,ORD006421,PROD00321,1.0,0
OI0012912,ORD006421,PROD9953,-1.0,15
OI0012913,ORD006422,PROD00334,1.0,5
OI0012914,ORD006422,PROD00341,2.0,10
OI0012915,ORD006422,PROD00257,2.0,20
OI0012916,ORD006423,PROD00306,5.0,5
OI0012917,ORD006424,PROD00444,10.0,5
OI0012918,ORD006425,PROD00191,-1.0,5
OI0012919,ORD006426,PROD00062,2.0,0
OI0012920,ORD006427,PROD00358,3.0,0
OI0012921,ORD006428,PROD00315,10.0,0
OI0012922,ORD006428,PROD00109,5.0,20
OI0012923,ORD006429,PROD00026,-1.0,15
OI0012924,ORD006430,PROD00579,4.0,20
OI0012925,ORD006430,PROD00192,1.0,15
OI0012926,ORD006430,PROD00221,1.0,20
OI0012927,ORD006430,PROD00502,4.0,25
OI0012928,ORD006431,PROD00082,10.0,0
OI0012929,ORD006431,PROD00161,5.0,0
OI0012930,ORD006432,PROD00153,2.0,0
OI0012931,ORD006433,PROD00368,-1.0,0
OI0012932,ORD006433,PROD00365,1.0,15
OI0012933,ORD006433,PROD00279,2.0,20
OI0012934,ORD006434,PROD00272,2.0,5
OI0012935,ORD006435,PROD00483,1.0,0
OI0012936,ORD006435,PROD00141,1.0,25
OI0012937,ORD006436,PROD00507,4.0,10
OI0012938,ORD006436,PROD00146,4.0,15
OI0012939,ORD006436,PROD00421,1.0,0
OI0012940,ORD006436,PROD00580,4.0,5
OI0012941,ORD006437,PROD00592,1.0,10
OI0012942,ORD006437,PROD00457,3.0,10
OI0012943,ORD006438,PROD00117,3.0,0
OI0012944,ORD006439,PROD00431,1.0,0
OI0012945,ORD006440,PROD00132,1.0,0
OI0012946,ORD006441,PROD00339,-1.0,0
OI0012947,ORD006441,PROD00571,4.0,10
OI0012948,ORD006441,PROD00272,5.0,20
OI0012949,ORD006441,PROD00581,2.0,0
OI0012950,ORD006442,PROD00599,4.0,15
OI0012951,ORD006443,PROD00353,3.0,0
OI0012952,ORD006444,PROD00172,3.0,0
OI0012953,ORD006444,PROD00292,10.0,5
OI0012954,ORD006445,PROD00322,1.0,10
OI0012955,ORD006446,PROD00414,3.0,0
OI0012956,ORD006446,PROD00422,2.0,0
OI0012957,ORD006446,PROD00352,1.0,20
OI0012958,ORD006447,PROD00190,1.0,25
OI0012959,ORD006447,PROD00315,10.0,0
OI0012960,ORD006448,PROD00592,10.0,10
OI0012961,ORD006449,PROD00391,-1.0,10
OI0012962,ORD006449,PROD00132,2.0,10
OI0012963,ORD006449,PROD00509,3.0,5
OI0012964,ORD006450,PROD00488,1.0,15
OI0012965,ORD006450,PROD00135,1.0,5
OI0012966,ORD006450,PROD00003,1.0,0
OI0012967,ORD006451,PROD00581,4.0,0
OI0012968,ORD006452,PROD00141,1.0,0
OI0012969,ORD006453,PROD00053,1.0,0
OI0012970,ORD006453,PROD00050,4.0,20
OI0012971,ORD006453,PROD00293,10.0,10
OI0012972,ORD006454,PROD00505,10.0,25
OI0012973,ORD006454,PROD00455,2.0,15
OI0012974,ORD006455,PROD00519,1.0,15
OI0012975,ORD006455,PROD00100,1.0,5
OI0012976,ORD006455,PROD00313,1.0,0
OI0012977,ORD006456,PROD00492,2.0,0
OI0012978,ORD006457,PROD00544,3.0,10
OI0012979,ORD006457,PROD00285,3.0,15
OI0012980,ORD006458,PROD00560,4.0,25
OI0012981,ORD006458,PROD00592,5.0,0
OI0012982,ORD006459,PROD00087,2.0,5
OI0012983,ORD006460,PROD00163,2.0,20
OI0012984,ORD006460,PROD00418,3.0,10
OI0012985,ORD006460,PROD00370,2.0,0
OI0012986,ORD006460,PROD00551,5.0,20
OI0012987,ORD006461,PROD00301,1.0,0
OI0012988,ORD006461,PROD00274,1.0,0
OI0012989,ORD006462,PROD00439,-1.0,5
OI0012990,ORD006462,PROD00105,1.0,0
OI0012991,ORD006463,PROD00575,4.0,15
OI0012992,ORD006463,PROD00334,1.0,0
OI0012993,ORD006464,PROD00557,-1.0,25
OI0012994,ORD006465,PROD00536,4.0,20
OI0012995,ORD006465,PROD00347,-1.0,20
OI0012996,ORD006465,PROD00242,1.0,0
OI0012997,ORD006466,PROD00587,3.0,0
OI0012998,ORD006466,PROD00386,2.0,0
OI0012999,ORD006467,PROD00235,5.0,0
OI0013000,ORD006468,PROD00232,5.0,0
OI0013001,ORD006468,PROD00367,1.0,5
OI0013002,ORD006468,PROD00153,1.0,0
OI0013003,ORD006469,PROD00535,3.0,0
OI0013004,ORD006469,PROD00018,1.0,5
OI0013005,ORD006470,PROD00287,2.0,5
OI0013006,ORD006470,PROD00037,10.0,25
OI0013007,ORD006470,PROD00573,1.0,15
OI0013008,ORD006471,PROD00071,4.0,15
OI0013009,ORD006471,PROD00196,10.0,10
OI0013010,ORD006472,PROD00214,3.0,15
OI0013011,ORD006472,PROD00037,1.0,25
OI0013012,ORD006473,PROD00519,1.0,0
OI0013013,ORD006473,PROD00333,500.0,0
OI0013014,ORD006474,PROD00195,1.0,0
OI0013015,ORD006474,PROD00355,3.0,25
OI0013016,ORD006475,PROD00379,2.0,0
OI0013017,ORD006475,PROD00496,10.0,0
OI0013018,ORD006475,PROD00182,1.0,15
OI0013019,ORD006476,PROD00400,-1.0,15
OI0013020,ORD006477,PROD00019,1.0,25
OI0013021,ORD006477,PROD00377,5.0,5
OI0013022,ORD006477,PROD00455,2.0,5
OI0013023,ORD006478,PROD00361,10.0,0
OI0013024,ORD006479,PROD00556,2.0,0
OI0013025,ORD006480,PROD00350,2.0,25
OI0013026,ORD006480,PROD00131,2.0,5
OI0013027,ORD006481,PROD00337,1.0,10
OI0013028,ORD006481,PROD00203,2.0,10
OI0013029,ORD006481,PROD00293,2.0,10
OI0013030,ORD006481,PROD00306,5.0,25
OI0013031,ORD006482,PROD9068,4.0,25
OI0013032,ORD006482,PROD00382,2.0,10
OI0013033,ORD006482,PROD00520,10.0,0
OI0013034,ORD006483,PROD00121,1.0,0
OI0013035,ORD006484,PROD00226,1.0,0
OI0013036,ORD006485,PROD00451,3.0,20
OI0013037,ORD006485,PROD00487,5.0,5
OI0013038,ORD006485,PROD00274,1.0,20
OI0013039,ORD006485,PROD00132,2.0,20
OI0013040,ORD006486,PROD00255,3.0,0
OI0013041,ORD006487,PROD00238,2.0,0
OI0013042,ORD006487,PROD00249,-1.0,10
OI0013043,ORD006487,PROD00093,4.0,10
OI0013044,ORD006488,PROD00582,1.0,0
OI0013045,ORD006489,PROD00192,5.0,0
OI0013046,ORD006490,PROD00487,2.0,15
OI0013047,ORD006490,PROD00376,1.0,0
OI0013048,ORD006490,PROD00193,5.0,15
OI0013049,ORD006491,PROD00043,-1.0,0
OI0013050,ORD006491,PROD00337,-1.0,5
OI0013051,ORD006492,PROD00207,3.0,0
OI0013052,ORD006493,PROD00453,1.0,0
OI0013053,ORD006494,PROD00277,1.0,20
OI0013054,ORD006495,PROD00285,4.0,15
OI0013055,ORD006495,PROD00301,10.0,10
OI0013056,ORD006495,PROD00390,1.0,0
OI0013057,ORD006495,PROD00448,2.0,0
OI0013058,ORD006496,PROD00364,3.0,0
OI0013059,ORD006496,PROD00034,1.0,0
OI0013060,ORD006496,PROD00595,1.0,25
OI0013061,ORD006497,PROD9979,1.0,0
OI0013062,ORD006498,PROD00171,5.0,0
OI0013063,ORD006498,PROD00171,10.0,5
OI0013064,ORD006498,PROD00031,2.0,0
OI0013065,ORD006498,PROD00197,1.0,5
OI0013066,ORD006499,PROD00038,2.0,5
OI0013067,ORD006500,PROD00275,2.0,0
OI0013068,ORD006501,PROD00077,5.0,0
OI0013069,ORD006501,PROD00390,2.0,0
OI0013070,ORD006502,PROD00258,2.0,20
OI0013071,ORD006502,PROD00355,4.0,15
OI0013072,ORD006503,PROD00429,5.0,15
OI0013073,ORD006503,PROD00553,3.0,0
OI0013074,ORD006503,PROD00111,1.0,5
OI0013075,ORD006503,PROD00074,2.0,25
OI0013076,ORD006504,PROD00022,4.0,0
OI0013077,ORD006504,PROD00561,10.0,10
OI0013078,ORD006504,PROD00147,1.0,15
OI0013079,ORD006505,PROD00243,5.0,20
OI0013080,ORD006505,PROD00367,5.0,0
OI0013081,ORD006506,PROD00394,2.0,15
OI0013082,ORD006507,PROD00257,10.0,15
OI0013083,ORD006507,PROD00134,2.0,5
OI0013084,ORD006507,PROD00290,10.0,20
OI0013085,ORD006508,PROD00479,10.0,5
OI0013086,ORD006508,PROD00543,2.0,0
OI0013087,ORD006508,PROD00299,1.0,15
OI0013088,ORD006509,PROD00471,4.0,0
OI0013089,ORD006509,PROD00461,4.0,0
OI0013090,ORD006509,PROD00568,2.0,25
OI0013091,ORD006510,PROD00594,5.0,10
OI0013092,ORD006511,PROD00560,10.0,0
OI0013093,ORD006512,PROD00478,1.0,25
OI0013094,ORD006513,PROD00395,2.0,0
OI0013095,ORD006514,PROD00523,1.0,0
OI0013096,ORD006515,PROD00164,1.0,15
OI0013097,ORD006516,PROD00265,3.0,20
OI0013098,ORD006517,PROD00234,1.0,0
OI0013099,ORD006518,PROD00386,1.0,25
OI0013100,ORD006519,PROD00331,4.0,10
OI0013101,ORD006519,PROD00063,-1.0,0
OI0013102,ORD006519,PROD00543,1.0,20
OI0013103,ORD006520,PROD00039,10.0,0
OI0013104,ORD006520,PROD00325,3.0,25
OI0013105,ORD006520,PROD00395,2.0,15
OI0013106,ORD006521,PROD00590,1.0,0
OI0013107,ORD006522,PROD00020,1.0,0
OI0013108,ORD006522,PROD00265,1.0,0
OI0013109,ORD006523,PROD00284,1.0,0
OI0013110,ORD006524,PROD00334,4.0,0
OI0013111,ORD006525,PROD00299,-1.0,15
OI0013112,ORD006526,PROD00176,3.0,20
OI0013113,ORD006526,PROD00591,1.0,20
OI0013114,ORD006527,PROD00053,10.0,0
OI0013115,ORD006528,PROD00062,2.0,20
OI0013116,ORD006529,PROD00077,1.0,0
OI0013117,ORD006530,PROD00533,2.0,0
OI0013118,ORD006531,PROD00014,1.0,25
OI0013119,ORD006531,PROD00294,2.0,15
OI0013120,ORD006532,PROD00097,5.0,20
OI0013121,ORD006533,PROD00302,-1.0,0
OI0013122,ORD006534,PROD00443,10.0,0
OI0013123,ORD006535,PROD00060,-1.0,20
OI0013124,ORD006535,PROD00061,2.0,0
OI0013125,ORD006536,PROD00239,1.0,10
OI0013126,ORD006536,PROD00382,3.0,20
OI0013127,ORD006537,PROD00093,3.0,0
OI0013128,ORD006538,PROD00184,1.0,0
OI0013129,ORD006538,PROD00510,1.0,25
OI0013130,ORD006539,PROD00348,1.0,25
OI0013131,ORD006539,PROD00141,2.0,0
OI0013132,ORD006539,PROD00234,1.0,0
OI0013133,ORD006539,PROD00043,3.0,15
OI0013134,ORD006540,PROD00218,1.0,0
OI0013135,ORD006540,PROD00249,1.0,10
OI0013136,ORD006540,PROD00109,5.0,0
OI0013137,ORD006540,PROD00085,4.0,20
OI0013138,ORD006541,PROD00201,2.0,0
OI0013139,ORD006541,PROD00094,3.0,10
OI0013140,ORD006541,PROD00232,1.0,5
OI0013141,ORD006541,PROD00579,2.0,20
OI0013142,ORD006542,PROD00194,10.0,5
OI0013143,ORD006542,PROD00420,2.0,0
OI0013144,ORD006543,PROD00600,2.0,20
OI0013145,ORD006543,PROD00069,5.0,20
OI0013146,ORD006544,PROD00280,1.0,20
OI0013147,ORD006544,PROD00374,3.0,15
OI0013148,ORD006544,PROD00153,2.0,15
OI0013149,ORD006544,PROD00473,1.0,10
OI0013150,ORD006545,PROD00129,10.0,0
OI0013151,ORD006546,PROD00368,2.0,25
OI0013152,ORD006547,PROD00448,2.0,10
OI0013153,ORD006547,PROD00146,10.0,0
OI0013154,ORD006547,PROD00411,2.0,0
OI0013155,ORD006548,PROD00070,10.0,0
OI0013156,ORD006548,PROD00010,4.0,15
OI0013157,ORD006549,PROD00366,1.0,0
OI0013158,ORD006550,PROD00440,2.0,0
OI0013159,ORD006550,PROD00178,1.0,20
OI0013160,ORD006550,PROD00575,4.0,0
OI0013161,ORD006551,PROD00174,-1.0,5
OI0013162,ORD006552,PROD00432,3.0,20
OI0013163,ORD006553,PROD00470,1.0,0
OI0013164,ORD006554,PROD00145,2.0,25
OI0013165,ORD006555,PROD00113,1.0,0
OI0013166,ORD006555,PROD00087,-1.0,5
OI0013167,ORD006556,PROD00370,1.0,20
OI0013168,ORD006556,PROD00139,4.0,25
OI0013169,ORD006556,PROD00059,-1.0,20
OI0013170,ORD006557,PROD00233,-1.0,0
OI0013171,ORD006558,PROD00401,1.0,25
OI0013172,ORD006559,PROD00135,-1.0,20
OI0013173,ORD006559,PROD00003,1.0,0
OI0013174,ORD006560,PROD00222,1.0,0
OI0013175,ORD006560,PROD00398,10.0,5
OI0013176,ORD006560,PROD00396,3.0,25
OI0013177,ORD006560,PROD00235,-1.0,10
OI0013178,ORD006561,PROD00002,1.0,15
OI0013179,ORD006561,PROD00578,-1.0,0
OI0013180,ORD006561,PROD00533,2.0,15
OI0013181,ORD006562,PROD00138,1.0,0
OI0013182,ORD006562,PROD00576,1.0,0
OI0013183,ORD006563,PROD00429,2.0,15
OI0013184,ORD006563,PROD00521,1.0,5
OI0013185,ORD006564,PROD00373,4.0,0
OI0013186,ORD006565,PROD00050,5.0,20
OI0013187,ORD006565,PROD00230,4.0,25
OI0013188,ORD006566,PROD00417,5.0,0
OI0013189,ORD006567,PROD00295,2.0,0
OI0013190,ORD006568,PROD00386,5.0,15
OI0013191,ORD006569,PROD00009,1.0,5
OI0013192,ORD006569,PROD00243,2.0,0
OI0013193,ORD006569,PROD00287,3.0,15
OI0013194,ORD006570,PROD00501,-1.0,10
OI0013195,ORD006570,PROD00197,-1.0,0
OI0013196,ORD006571,PROD00507,2.0,0
OI0013197,ORD006571,PROD00552,-1.0,15
OI0013198,ORD006571,PROD00262,2.0,0
OI0013199,ORD006571,PROD00419,1.0,25
OI0013200,ORD006572,PROD00461,1.0,0
OI0013201,ORD006572,PROD9449,3.0,20
OI0013202,ORD006572,PROD00261,1.0,0
OI0013203,ORD006572,PROD00468,1.0,10
OI0013204,ORD006573,PROD00313,4.0,25
OI0013205,ORD006573,PROD00280,10.0,0
OI0013206,ORD006574,PROD00170,1.0,10
OI0013207,ORD006575,PROD00206,1.0,20
OI0013208,ORD006575,PROD00260,4.0,5
OI0013209,ORD006575,PROD9328,2.0,20
OI0013210,ORD006576,PROD00044,2.0,25
OI0013211,ORD006577,PROD9678,4.0,10
OI0013212,ORD006577,PROD00118,10.0,0
OI0013213,ORD006578,PROD00033,-1.0,0
OI0013214,ORD006578,PROD00145,1.0,0
OI0013215,ORD006578,PROD00330,2.0,20
OI0013216,ORD006579,PROD00008,5.0,15
OI0013217,ORD006579,PROD00106,1.0,0
OI0013218,ORD006580,PROD00147,10.0,0
OI0013219,ORD006581,PROD00158,2.0,0
OI0013220,ORD006581,PROD00070,2.0,25
OI0013221,ORD006582,PROD00331,4.0,15
OI0013222,ORD006582,PROD00562,2.0,0
OI0013223,ORD006583,PROD00009,1.0,10
OI0013224,ORD006583,PROD00153,5.0,10
OI0013225,ORD006584,PROD00165,2.0,25
OI0013226,ORD006584,PROD00183,2.0,0
OI0013227,ORD006585,PROD00049,-1.0,20
OI0013228,ORD006586,PROD00331,3.0,0
OI0013229,ORD006586,PROD00193,5.0,5
OI0013230,ORD006586,PROD00132,2.0,5
OI0013231,ORD006586,PROD00220,2.0,0
OI0013232,ORD006587,PROD00054,1.0,5
OI0013233,ORD006588,PROD00552,2.0,0
OI0013234,ORD006588,PROD00289,2.0,10
OI0013235,ORD006588,PROD00323,1.0,5
OI0013236,ORD006588,PROD00387,-1.0,5
OI0013237,ORD006589,PROD00556,1.0,25
OI0013238,ORD006589,PROD00054,2.0,5
OI0013239,ORD006589,PROD00498,2.0,0
OI0013240,ORD006589,PROD00253,1.0,10
OI0013241,ORD006590,PROD00060,10.0,10
OI0013242,ORD006590,PROD00559,4.0,25
OI0013243,ORD006590,PROD00558,1.0,15
OI0013244,ORD006590,PROD00079,1.0,0
OI0013245,ORD006591,PROD00419,2.0,10
OI0013246,ORD006591,PROD00447,5.0,0
OI0013247,ORD006591,PROD00412,1.0,25
OI0013248,ORD006592,PROD00399,1.0,0
OI0013249,ORD006593,PROD00131,-1.0,15
OI0013250,ORD006593,PROD00106,5.0,20
OI0013251,ORD006594,PROD00046,1.0,0
OI0013252,ORD006595,PROD00371,-1.0,25
OI0013253,ORD006596,PROD00279,3.0,5
OI0013254,ORD006596,PROD00590,1.0,25
OI0013255,ORD006597,PROD00144,3.0,20
OI0013256,ORD006598,PROD00098,2.0,0
OI0013257,ORD006598,PROD00142,2.0,5
OI0013258,ORD006598,PROD00571,1.0,5
OI0013259,ORD006598,PROD00309,1.0,5
OI0013260,ORD006599,PROD00402,3.0,10
OI0013261,ORD006600,PROD00324,1.0,25
OI0013262,ORD006600,PROD00152,-1.0,15
OI0013263,ORD006600,PROD00530,3.0,25
OI0013264,ORD006601,PROD00546,5.0,15
OI0013265,ORD006601,PROD00344,5.0,15
OI0013266,ORD006601,PROD00232,1.0,20
OI0013267,ORD006601,PROD00281,1.0,5
OI0013268,ORD006602,PROD00169,1.0,15
OI0013269,ORD006602,PROD00362,3.0,15
OI0013270,ORD006602,PROD00599,10.0,0
OI0013271,ORD006603,PROD00543,2.0,0
OI0013272,ORD006604,PROD00009,10.0,0
OI0013273,ORD006604,PROD00099,1.0,25
OI0013274,ORD006604,PROD00429,10.0,10
OI0013275,ORD006605,PROD00272,5.0,0
OI0013276,ORD006605,PROD00580,4.0,5
OI0013277,ORD006606,PROD00360,-1.0,25
OI0013278,ORD006606,PROD00340,3.0,0
OI0013279,ORD006606,PROD00516,2.0,0
OI0013280,ORD006606,PROD00270,4.0,20
OI0013281,ORD006607,PROD00107,1.0,0
OI0013282,ORD006608,PROD00003,1.0,25
OI0013283,ORD006609,PROD00410,1.0,15
OI0013284,ORD006609,PROD00358,1.0,0
OI0013285,ORD006610,PROD00157,10.0,20
OI0013286,ORD006610,PROD00575,5.0,10
OI0013287,ORD006611,PROD00165,4.0,0
OI0013288,ORD006612,PROD00321,5.0,0
OI0013289,ORD006612,PROD00026,10.0,15
OI0013290,ORD006613,PROD00116,1.0,20
OI0013291,ORD006613,PROD00219,4.0,15
OI0013292,ORD006614,PROD00218,2.0,0
OI0013293,ORD006615,PROD9124,10.0,10
OI0013294,ORD006616,PROD00319,1.0,15
OI0013295,ORD006616,PROD00311,-1.0,20
OI0013296,ORD006616,PROD00507,5.0,0
OI0013297,ORD006616,PROD00296,1.0,15
OI0013298,ORD006617,PROD00503,2.0,10
OI0013299,ORD006617,PROD00589,1.0,25
OI0013300,ORD006617,PROD00457,10.0,15
OI0013301,ORD006617,PROD00078,1.0,10
OI0013302,ORD006618,PROD00175,1.0,15
OI0013303,ORD006619,PROD00247,4.0,0
OI0013304,ORD006619,PROD00202,2.0,25
OI0013305,ORD006620,PROD00407,3.0,0
OI0013306,ORD006620,PROD00426,1.0,5
OI0013307,ORD006621,PROD00162,3.0,15
OI0013308,ORD006621,PROD00581,1.0,0
OI0013309,ORD006622,PROD00289,5.0,0
OI0013310,ORD006622,PROD00352,2.0,0
OI0013311,ORD006622,PROD00587,2.0,20
OI0013312,ORD006622,PROD00531,5.0,0
OI0013313,ORD006623,PROD00542,2.0,15
OI0013314,ORD006624,PROD00153,10.0,0
OI0013315,ORD006624,PROD00256,4.0,20
OI0013316,ORD006625,PROD00257,5.0,0
OI0013317,ORD006626,PROD00547,2.0,15
OI0013318,ORD006627,PROD00130,4.0,0
OI0013319,ORD006627,PROD00276,4.0,25
OI0013320,ORD006628,PROD00177,2.0,20
OI0013321,ORD006628,PROD00393,1.0,25
OI0013322,ORD006628,PROD00538,2.0,0
OI0013323,ORD006628,PROD00493,2.0,0
OI0013324,ORD006629,PROD00306,10.0,10
OI0013325,ORD006629,PROD00140,4.0,0
OI0013326,ORD006630,PROD00547,1.0,5
OI0013327,ORD006631,PROD00170,4.0,0
OI0013328,ORD006631,PROD00558,3.0,15
OI0013329,ORD006631,PROD00585,3.0,15
OI0013330,ORD006631,PROD00105,5.0,25
OI0013331,ORD006632,PROD00362,1.0,0
OI0013332,ORD006633,PROD00284,5.0,15
OI0013333,ORD006633,PROD00006,1.0,15
OI0013334,ORD006634,PROD00496,1.0,5
OI0013335,ORD006634,PROD00017,3.0,15
OI0013336,ORD006634,PROD00257,3.0,20
OI0013337,ORD006635,PROD00232,4.0,15
OI0013338,ORD006635,PROD00294,2.0,20
OI0013339,ORD006636,PROD00248,10.0,10
OI0013340,ORD006636,PROD00218,-1.0,0
OI0013341,ORD006637,PROD00104,1.0,0
OI0013342,ORD006637,PROD00500,1.0,0
OI0013343,ORD006638,PROD00523,-1.0,15
OI0013344,ORD006639,PROD00033,2.0,10
OI0013345,ORD006639,PROD00135,1.0,20
OI0013346,ORD006640,PROD00135,5.0,20
OI0013347,ORD006640,PROD00316,1.0,5
OI0013348,ORD006641,PROD00261,4.0,15
OI0013349,ORD006641,PROD00202,4.0,20
OI0013350,ORD006641,PROD00208,2.0,5
OI0013351,ORD006641,PROD00376,-1.0,0
OI0013352,ORD006642,PROD00070,5.0,10
OI0013353,ORD006642,PROD00156,1.0,0
OI0013354,ORD006643,PROD00373,3.0,25
OI0013355,ORD006643,PROD00371,10.0,25
OI0013356,ORD006644,PROD00296,2.0,25
OI0013357,ORD006644,PROD00233,2.0,15
OI0013358,ORD006644,PROD00074,3.0,0
OI0013359,ORD006645,PROD00335,3.0,5
OI0013360,ORD006645,PROD00220,3.0,0
OI0013361,ORD006645,PROD00497,4.0,0
OI0013362,ORD006645,PROD00404,1.0,15
OI0013363,ORD006646,PROD00581,5.0,10
OI0013364,ORD006647,PROD00512,2.0,25
OI0013365,ORD006647,PROD00352,1.0,20
OI0013366,ORD006647,PROD00150,1.0,15
OI0013367,ORD006647,PROD00116,4.0,15
OI0013368,ORD006648,PROD00075,2.0,15
OI0013369,ORD006648,PROD00408,10.0,25
OI0013370,ORD006648,PROD00255,1.0,20
OI0013371,ORD006649,PROD00020,10.0,0
OI0013372,ORD006650,PROD00554,2.0,0
OI0013373,ORD006650,PROD00571,1.0,10
OI0013374,ORD006651,PROD00008,-1.0,0
OI0013375,ORD006652,PROD00085,2.0,25
OI0013376,ORD006653,PROD00034,2.0,0
OI0013377,ORD006654,PROD00566,10.0,15
OI0013378,ORD006654,PROD00172,1.0,5
OI0013379,ORD006655,PROD00092,2.0,10
OI0013380,ORD006655,PROD00432,-1.0,20
OI0013381,ORD006656,PROD00296,10.0,10
OI0013382,ORD006656,PROD00020,5.0,0
OI0013383,ORD006657,PROD00080,5.0,20
OI0013384,ORD006657,PROD00319,4.0,0
OI0013385,ORD006657,PROD00451,3.0,0
OI0013386,ORD006658,PROD00301,2.0,0
OI0013387,ORD006658,PROD00451,1.0,10
OI0013388,ORD006658,PROD00118,5.0,15
OI0013389,ORD006659,PROD00014,5.0,0
OI0013390,ORD006660,PROD00267,1.0,5
OI0013391,ORD006661,PROD00584,1.0,10
OI0013392,ORD006661,PROD00378,-1.0,0
OI0013393,ORD006662,PROD00033,4.0,5
OI0013394,ORD006662,PROD00184,1.0,25
OI0013395,ORD006662,PROD00455,10.0,25
OI0013396,ORD006663,PROD00331,10.0,20
OI0013397,ORD006663,PROD00115,4.0,0
OI0013398,ORD006663,PROD00561,1.0,15
OI0013399,ORD006663,PROD00267,-1.0,20
OI0013400,ORD006664,PROD00180,1.0,15
OI0013401,ORD006664,PROD00289,2.0,0
OI0013402,ORD006664,PROD00166,2.0,5
OI0013403,ORD006665,PROD00413,2.0,10
OI0013404,ORD006665,PROD00125,5.0,10
OI0013405,ORD006666,PROD00527,1.0,20
OI0013406,ORD006667,PROD00536,10.0,0
OI0013407,ORD006667,PROD00180,4.0,5
OI0013408,ORD006667,PROD00203,1.0,0
OI0013409,ORD006668,PROD00062,5.0,0
OI0013410,ORD006668,PROD00165,2.0,10
OI0013411,ORD006669,PROD00272,3.0,0
OI0013412,ORD006669,PROD00134,1.0,0
OI0013413,ORD006670,PROD00448,-1.0,0
OI0013414,ORD006671,PROD00374,4.0,20
OI0013415,ORD006671,PROD00531,2.0,15
OI0013416,ORD006672,PROD00012,2.0,20
OI0013417,ORD006672,PROD00444,4.0,0
OI0013418,ORD006673,PROD00090,2.0,15
OI0013419,ORD006673,PROD00383,-1.0,0
OI0013420,ORD006673,PROD00009,10.0,20
OI0013421,ORD006674,PROD00555,1.0,0
OI0013422,ORD006674,PROD00248,2.0,15
OI0013423,ORD006675,PROD00589,1.0,0
OI0013424,ORD006675,PROD00051,,25
OI0013425,ORD006675,PROD00011,3.0,0
OI0013426,ORD006675,PROD00341,10.0,20
OI0013427,ORD006676,PROD00586,1.0,25
OI0013428,ORD006676,PROD00079,2.0,0
OI0013429,ORD006677,PROD00006,1.0,5
OI0013430,ORD006678,PROD00352,4.0,15
OI0013431,ORD006678,PROD00419,-1.0,5
OI0013432,ORD006678,PROD00233,2.0,0
OI0013433,ORD006678,PROD00301,500.0,10
OI0013434,ORD006679,PROD00293,1.0,0
OI0013435,ORD006679,PROD00008,1.0,15
OI0013436,ORD006679,PROD9042,-1.0,25
OI0013437,ORD006680,PROD00207,2.0,5
OI0013438,ORD006680,PROD00583,-1.0,20
OI0013439,ORD006680,PROD00250,1.0,0
OI0013440,ORD006681,PROD00301,10.0,0
OI0013441,ORD006682,PROD00323,1.0,15
OI0013442,ORD006683,PROD00151,5.0,0
OI0013443,ORD006683,PROD00392,1.0,10
OI0013444,ORD006683,PROD00182,2.0,0
OI0013445,ORD006684,PROD00236,-1.0,0
OI0013446,ORD006684,PROD00156,-1.0,20
OI0013447,ORD006684,PROD00221,3.0,0
OI0013448,ORD006685,PROD00572,3.0,15
OI0013449,ORD006685,PROD00496,-1.0,25
OI0013450,ORD006685,PROD00108,10.0,0
OI0013451,ORD006686,PROD00261,2.0,10
OI0013452,ORD006686,PROD00155,4.0,0
OI0013453,ORD006686,PROD00233,10.0,0
OI0013454,ORD006686,PROD00494,4.0,0
OI0013455,ORD006687,PROD00142,1.0,10
OI0013456,ORD006688,PROD00116,1.0,25
OI0013457,ORD006688,PROD00181,3.0,0
OI0013458,ORD006689,PROD9312,500.0,25
OI0013459,ORD006689,PROD00319,2.0,20
OI0013460,ORD006689,PROD00152,2.0,0
OI0013461,ORD006689,PROD00521,2.0,15
OI0013462,ORD006690,PROD00099,5.0,0
OI0013463,ORD006690,PROD00180,3.0,20
OI0013464,ORD006691,PROD00014,1.0,0
OI0013465,ORD006692,PROD00071,1.0,10
OI0013466,ORD006693,PROD00177,2.0,10
OI0013467,ORD006693,PROD00386,2.0,0
OI0013468,ORD006694,PROD00409,3.0,0
OI0013469,ORD006694,PROD00438,3.0,20
OI0013470,ORD006694,PROD00197,2.0,25
OI0013471,ORD006694,PROD00560,1.0,10
OI0013472,ORD006695,PROD00376,2.0,0
OI0013473,ORD006695,PROD00563,2.0,5
OI0013474,ORD006695,PROD00276,1.0,0
OI0013475,ORD006696,PROD00235,5.0,10
OI0013476,ORD006697,PROD00312,1.0,10
OI0013477,ORD006697,PROD00237,10.0,0
OI0013478,ORD006698,PROD00042,500.0,25
OI0013479,ORD006699,PROD00441,-1.0,0
OI0013480,ORD006700,PROD00243,1.0,0
OI0013481,ORD006700,PROD00120,2.0,0
OI0013482,ORD006700,PROD00400,2.0,0
OI0013483,ORD006701,PROD00198,2.0,10
OI0013484,ORD006702,PROD00567,4.0,5
OI0013485,ORD006702,PROD00225,10.0,25
OI0013486,ORD006703,PROD00264,4.0,20
OI0013487,ORD006703,PROD00548,4.0,0
OI0013488,ORD006704,PROD00132,2.0,0
OI0013489,ORD006705,PROD00344,1.0,0
OI0013490,ORD006705,PROD00025,5.0,0
OI0013491,ORD006706,PROD00251,1.0,0
OI0013492,ORD006706,PROD00389,1.0,0
OI0013493,ORD006706,PROD00087,-1.0,5
OI0013494,ORD006707,PROD00132,3.0,0
OI0013495,ORD006707,PROD00021,3.0,5
OI0013496,ORD006708,PROD00470,1.0,25
OI0013497,ORD006708,PROD00287,3.0,5
OI0013498,ORD006709,PROD00501,-1.0,0
OI0013499,ORD006709,PROD00312,2.0,15
OI0013500,ORD006709,PROD00134,5.0,15
OI0013501,ORD006710,PROD00283,3.0,0
OI0013502,ORD006711,PROD00233,1.0,0
OI0013503,ORD006712,PROD00369,2.0,0
OI0013504,ORD006713,PROD00460,1.0,25
OI0013505,ORD006713,PROD00360,5.0,15
OI0013506,ORD006713,PROD00547,1.0,20
OI0013507,ORD006713,PROD00500,10.0,0
OI0013508,ORD006714,PROD00078,10.0,10
OI0013509,ORD006715,PROD00265,-1.0,10
OI0013510,ORD006715,PROD00324,4.0,5
OI0013511,ORD006715,PROD00045,1.0,5
OI0013512,ORD006715,PROD00269,3.0,0
OI0013513,ORD006716,PROD00116,3.0,5
OI0013514,ORD006716,PROD00059,3.0,15
OI0013515,ORD006717,PROD00068,-1.0,10
OI0013516,ORD006717,PROD9868,2.0,0
OI0013517,ORD006718,PROD00560,,5
OI0013518,ORD006719,PROD00508,4.0,20
OI0013519,ORD006720,PROD00442,1.0,0
OI0013520,ORD006721,PROD00212,1.0,15
OI0013521,ORD006721,PROD00050,2.0,0
OI0013522,ORD006722,PROD00491,10.0,0
OI0013523,ORD006722,PROD00373,1.0,15
OI0013524,ORD006723,PROD00372,2.0,25
OI0013525,ORD006723,PROD00319,2.0,0
OI0013526,ORD006724,PROD00012,5.0,0
OI0013527,ORD006725,PROD00176,1.0,0
OI0013528,ORD006725,PROD00529,2.0,15
OI0013529,ORD006726,PROD00021,4.0,15
OI0013530,ORD006727,PROD00439,1.0,15
OI0013531,ORD006727,PROD00464,1.0,0
OI0013532,ORD006727,PROD00321,1.0,0
OI0013533,ORD006727,PROD00046,3.0,15
OI0013534,ORD006728,PROD00048,1.0,0
OI0013535,ORD006728,PROD00268,10.0,20
OI0013536,ORD006729,PROD00530,3.0,10
OI0013537,ORD006730,PROD00454,1.0,0
OI0013538,ORD006731,PROD00297,2.0,25
OI0013539,ORD006732,PROD00034,10.0,20
OI0013540,ORD006732,PROD00154,-1.0,10
OI0013541,ORD006733,PROD00590,1.0,10
OI0013542,ORD006733,PROD00272,-1.0,0
OI0013543,ORD006733,PROD00495,1.0,0
OI0013544,ORD006733,PROD00264,10.0,15
OI0013545,ORD006734,PROD00425,3.0,0
OI0013546,ORD006735,PROD00200,10.0,20
OI0013547,ORD006735,PROD00479,1.0,0
OI0013548,ORD006736,PROD00598,3.0,10
OI0013549,ORD006737,PROD00472,4.0,0
OI0013550,ORD006737,PROD00541,4.0,0
OI0013551,ORD006738,PROD00271,4.0,0
OI0013552,ORD006739,PROD00310,3.0,5
OI0013553,ORD006739,PROD00288,1.0,5
OI0013554,ORD006740,PROD00410,1.0,5
OI0013555,ORD006740,PROD00350,1.0,0
OI0013556,ORD006741,PROD00358,3.0,20
OI0013557,ORD006741,PROD00319,2.0,5
OI0013558,ORD006741,PROD00353,-1.0,10
OI0013559,ORD006742,PROD00322,1.0,20
OI0013560,ORD006743,PROD00180,-1.0,20
OI0013561,ORD006743,PROD00381,5.0,25
OI0013562,ORD006744,PROD00448,1.0,15
OI0013563,ORD006745,PROD00477,2.0,0
OI0013564,ORD006746,PROD00455,1.0,20
OI0013565,ORD006746,PROD9225,-1.0,0
OI0013566,ORD006747,PROD00429,-1.0,20
OI0013567,ORD006747,PROD00129,5.0,20
OI0013568,ORD006747,PROD00577,4.0,0
OI0013569,ORD006747,PROD00465,2.0,0
OI0013570,ORD006748,PROD00474,1.0,15
OI0013571,ORD006748,PROD9429,4.0,5
OI0013572,ORD006748,PROD00161,1.0,20
OI0013573,ORD006749,PROD00402,-1.0,0
OI0013574,ORD006749,PROD00127,1.0,0
OI0013575,ORD006750,PROD00485,5.0,15
OI0013576,ORD006750,PROD00062,-1.0,15
OI0013577,ORD006751,PROD00331,-1.0,20
OI0013578,ORD006751,PROD00295,2.0,20
OI0013579,ORD006751,PROD00547,1.0,10
OI0013580,ORD006752,PROD00274,1.0,0
OI0013581,ORD006752,PROD00181,1.0,0
OI0013582,ORD006752,PROD00512,3.0,15
OI0013583,ORD006753,PROD00460,10.0,0
OI0013584,ORD006753,PROD00435,2.0,10
OI0013585,ORD006754,PROD00117,1.0,20
OI0013586,ORD006755,PROD00003,4.0,5
OI0013587,ORD006756,PROD00261,2.0,10
OI0013588,ORD006756,PROD00105,1.0,10
OI0013589,ORD006757,PROD00419,2.0,0
OI0013590,ORD006757,PROD00248,1.0,0
OI0013591,ORD006757,PROD00040,2.0,0
OI0013592,ORD006757,PROD00239,10.0,15
OI0013593,ORD006758,PROD00132,3.0,0
OI0013594,ORD006758,PROD00449,10.0,10
OI0013595,ORD006759,PROD00264,2.0,20
OI0013596,ORD006759,PROD00450,10.0,0
OI0013597,ORD006760,PROD00171,2.0,0
OI0013598,ORD006761,PROD00092,5.0,25
OI0013599,ORD006761,PROD00560,1.0,10
OI0013600,ORD006761,PROD00153,1.0,5
OI0013601,ORD006761,PROD00455,1.0,0
OI0013602,ORD006762,PROD00457,1.0,15
OI0013603,ORD006763,PROD00483,1.0,5
OI0013604,ORD006763,PROD00177,3.0,10
OI0013605,ORD006763,PROD00115,10.0,5
OI0013606,ORD006764,PROD00391,5.0,25
OI0013607,ORD006765,PROD00465,2.0,15
OI0013608,ORD006766,PROD00262,-1.0,0
OI0013609,ORD006766,PROD00590,5.0,0
OI0013610,ORD006767,PROD00577,1.0,0
OI0013611,ORD006768,PROD00368,-1.0,25
OI0013612,ORD006768,PROD00358,1.0,20
OI0013613,ORD006769,PROD00038,1.0,0
OI0013614,ORD006769,PROD00147,2.0,0
OI0013615,ORD006769,PROD00402,1.0,0
OI0013616,ORD006769,PROD00306,10.0,5
OI0013617,ORD006770,PROD00214,2.0,0
OI0013618,ORD006770,PROD00550,-1.0,15
OI0013619,ORD006770,PROD00106,1.0,5
OI0013620,ORD006770,PROD00057,3.0,5
OI0013621,ORD006771,PROD00006,1.0,20
OI0013622,ORD006771,PROD00363,4.0,25
OI0013623,ORD006772,PROD00237,-1.0,20
OI0013624,ORD006773,PROD00112,-1.0,0
OI0013625,ORD006774,PROD00433,4.0,10
OI0013626,ORD006774,PROD00536,10.0,20
OI0013627,ORD006774,PROD00536,1.0,5
OI0013628,ORD006774,PROD00286,2.0,20
OI0013629,ORD006775,PROD00347,1.0,0
OI0013630,ORD006775,PROD00103,10.0,5
OI0013631,ORD006775,PROD00301,2.0,0
OI0013632,ORD006775,PROD00490,1.0,10
OI0013633,ORD006776,PROD00176,1.0,10
OI0013634,ORD006777,PROD00213,10.0,5
OI0013635,ORD006777,PROD00347,-1.0,20
OI0013636,ORD006777,PROD00463,2.0,15
OI0013637,ORD006778,PROD00514,3.0,20
OI0013638,ORD006779,PROD00557,1.0,10
OI0013639,ORD006780,PROD00508,2.0,0
OI0013640,ORD006781,PROD00365,-1.0,25
OI0013641,ORD006782,PROD00198,4.0,25
OI0013642,ORD006783,PROD00110,4.0,0
OI0013643,ORD006784,PROD00026,3.0,0
OI0013644,ORD006784,PROD00497,3.0,0
OI0013645,ORD006785,PROD00598,5.0,0
OI0013646,ORD006785,PROD00022,2.0,20
OI0013647,ORD006785,PROD00341,2.0,15
OI0013648,ORD006786,PROD00435,2.0,15
OI0013649,ORD006786,PROD00229,4.0,15
OI0013650,ORD006786,PROD00557,1.0,25
OI0013651,ORD006786,PROD00194,1.0,0
OI0013652,ORD006787,PROD00574,1.0,20
OI0013653,ORD006788,PROD00481,1.0,20
OI0013654,ORD006789,PROD00390,4.0,15
OI0013655,ORD006789,PROD00179,1.0,20
OI0013656,ORD006789,PROD00492,3.0,25
OI0013657,ORD006789,PROD00130,2.0,5
OI0013658,ORD006790,PROD00178,-1.0,15
OI0013659,ORD006790,PROD00540,10.0,0
OI0013660,ORD006790,PROD00391,5.0,10
OI0013661,ORD006791,PROD00435,1.0,20
OI0013662,ORD006791,PROD00267,-1.0,15
OI0013663,ORD006791,PROD00043,2.0,0
OI0013664,ORD006792,PROD00555,4.0,0
OI0013665,ORD006793,PROD00386,5.0,25
OI0013666,ORD006794,PROD00160,1.0,5
OI0013667,ORD006795,PROD00139,1.0,25
OI0013668,ORD006795,PROD00524,2.0,15
OI0013669,ORD006796,PROD00569,4.0,0
OI0013670,ORD006796,PROD00423,10.0,0
OI0013671,ORD006797,PROD00284,4.0,0
OI0013672,ORD006797,PROD00225,1.0,0
OI0013673,ORD006798,PROD00177,3.0,0
OI0013674,ORD006798,PROD00493,1.0,15
OI0013675,ORD006798,PROD00482,3.0,0
OI0013676,ORD006798,PROD00592,4.0,25
OI0013677,ORD006799,PROD00432,4.0,5
OI0013678,ORD006799,PROD00349,2.0,0
OI0013679,ORD006800,PROD00519,5.0,25
OI0013680,ORD006800,PROD00191,2.0,0
OI0013681,ORD006801,PROD00304,1.0,0
OI0013682,ORD006801,PROD00246,1.0,0
OI0013683,ORD006801,PROD00452,2.0,0
OI0013684,ORD006802,PROD00298,2.0,0
OI0013685,ORD006803,PROD00471,10.0,10
OI0013686,ORD006803,PROD00336,4.0,15
OI0013687,ORD006803,PROD00360,-1.0,15
OI0013688,ORD006804,PROD00480,5.0,15
OI0013689,ORD006804,PROD00308,5.0,0
OI0013690,ORD006805,PROD00106,10.0,0
OI0013691,ORD006805,PROD00065,1.0,10
OI0013692,ORD006805,PROD00591,2.0,0
OI0013693,ORD006806,PROD00556,1.0,0
OI0013694,ORD006806,PROD00085,1.0,20
OI0013695,ORD006806,PROD00414,4.0,0
OI0013696,ORD006807,PROD00587,2.0,10
OI0013697,ORD006807,PROD00419,1.0,25
OI0013698,ORD006808,PROD00132,4.0,10
OI0013699,ORD006808,PROD00146,2.0,20
OI0013700,ORD006808,PROD00084,1.0,0
OI0013701,ORD006809,PROD00264,2.0,15
OI0013702,ORD006810,PROD00349,10.0,25
OI0013703,ORD006810,PROD00354,-1.0,5
OI0013704,ORD006811,PROD00158,2.0,15
OI0013705,ORD006811,PROD00132,1.0,0
OI0013706,ORD006812,PROD00472,-1.0,0
OI0013707,ORD006812,PROD00299,5.0,0
OI0013708,ORD006813,PROD00085,2.0,25
OI0013709,ORD006814,PROD00227,4.0,20
OI0013710,ORD006815,PROD00278,1.0,0
OI0013711,ORD006816,PROD00025,-1.0,0
OI0013712,ORD006817,PROD00551,2.0,5
OI0013713,ORD006817,PROD00305,5.0,10
OI0013714,ORD006817,PROD00384,-1.0,10
OI0013715,ORD006818,PROD00235,1.0,15
OI0013716,ORD006819,PROD00484,5.0,20
OI0013717,ORD006820,PROD00528,5.0,0
OI0013718,ORD006820,PROD00362,2.0,25
OI0013719,ORD006821,PROD00082,3.0,15
OI0013720,ORD006822,PROD00443,4.0,20
OI0013721,ORD006823,PROD00230,1.0,5
OI0013722,ORD006823,PROD00591,1.0,20
OI0013723,ORD006823,PROD00214,4.0,0
OI0013724,ORD006823,PROD00368,3.0,0
OI0013725,ORD006824,PROD00248,-1.0,0
OI0013726,ORD006825,PROD9035,2.0,0
OI0013727,ORD006825,PROD00213,1.0,15
OI0013728,ORD006826,PROD00154,1.0,0
OI0013729,ORD006826,PROD00537,1.0,0
OI0013730,ORD006827,PROD00491,2.0,25
OI0013731,ORD006827,PROD00093,-1.0,15
OI0013732,ORD006827,PROD00507,5.0,10
OI0013733,ORD006828,PROD00218,4.0,0
OI0013734,ORD006828,PROD00120,10.0,10
OI0013735,ORD006829,PROD00038,1.0,10
OI0013736,ORD006830,PROD00191,1.0,0
OI0013737,ORD006830,PROD00423,3.0,0
OI0013738,ORD006830,PROD00569,2.0,25
OI0013739,ORD006831,PROD00444,4.0,15
OI0013740,ORD006831,PROD00314,5.0,10
OI0013741,ORD006831,PROD00569,5.0,15
OI0013742,ORD006831,PROD00173,2.0,10
OI0013743,ORD006832,PROD00334,-1.0,0
OI0013744,ORD006833,PROD00151,2.0,0
OI0013745,ORD006833,PROD00243,3.0,25
OI0013746,ORD006834,PROD00420,2.0,0
OI0013747,ORD006834,PROD00513,2.0,25
OI0013748,ORD006834,PROD00522,4.0,15
OI0013749,ORD006834,PROD00313,2.0,10
OI0013750,ORD006835,PROD00224,-1.0,10
OI0013751,ORD006836,PROD00440,1.0,0
OI0013752,ORD006837,PROD00134,4.0,5
OI0013753,ORD006838,PROD00341,1.0,0
OI0013754,ORD006838,PROD00490,1.0,25
OI0013755,ORD006838,PROD00329,2.0,25
OI0013756,ORD006838,PROD00276,2.0,0
OI0013757,ORD006839,PROD00489,-1.0,25
OI0013758,ORD006840,PROD00235,2.0,10
OI0013759,ORD006841,PROD00480,2.0,5
OI0013760,ORD006842,PROD00458,5.0,15
OI0013761,ORD006842,PROD00187,1.0,15
OI0013762,ORD006842,PROD00277,2.0,20
OI0013763,ORD006843,PROD00105,10.0,15
OI0013764,ORD006843,PROD00250,1.0,25
OI0013765,ORD006843,PROD00531,3.0,20
OI0013766,ORD006844,PROD00135,1.0,20
OI0013767,ORD006845,PROD00232,1.0,25
OI0013768,ORD006846,PROD00429,2.0,25
OI0013769,ORD006847,PROD00033,-1.0,10
OI0013770,ORD006847,PROD00123,2.0,10
OI0013771,ORD006848,PROD00529,-1.0,0
OI0013772,ORD006849,PROD00285,4.0,5
OI0013773,ORD006849,PROD00460,5.0,5
OI0013774,ORD006850,PROD00286,1.0,25
OI0013775,ORD006850,PROD00542,2.0,0
OI0013776,ORD006850,PROD00095,1.0,15
OI0013777,ORD006851,PROD00420,1.0,20
OI0013778,ORD006851,PROD00253,4.0,10
OI0013779,ORD006851,PROD00358,2.0,10
OI0013780,ORD006852,PROD00489,-1.0,20
OI0013781,ORD006852,PROD00349,5.0,0
OI0013782,ORD006852,PROD00228,-1.0,0
OI0013783,ORD006852,PROD00402,1.0,25
OI0013784,ORD006853,PROD00539,1.0,15
OI0013785,ORD006854,PROD00289,-1.0,15
OI0013786,ORD006855,PROD00175,-1.0,15
OI0013787,ORD006855,PROD00325,1.0,20
OI0013788,ORD006856,PROD00366,-1.0,15
OI0013789,ORD006857,PROD00040,1.0,0
OI0013790,ORD006858,PROD00045,10.0,0
OI0013791,ORD006859,PROD00542,2.0,25
OI0013792,ORD006860,PROD00590,-1.0,5
OI0013793,ORD006860,PROD00537,1.0,5
OI0013794,ORD006860,PROD00061,5.0,20
OI0013795,ORD006860,PROD00594,1.0,0
OI0013796,ORD006861,PROD00440,1.0,0
OI0013797,ORD006862,PROD00358,5.0,5
OI0013798,ORD006862,PROD00210,2.0,0
OI0013799,ORD006862,PROD00256,10.0,0
OI0013800,ORD006862,PROD00515,2.0,20
OI0013801,ORD006863,PROD00160,2.0,0
OI0013802,ORD006864,PROD00561,5.0,25
OI0013803,ORD006864,PROD00031,4.0,0
OI0013804,ORD006864,PROD00001,4.0,0
OI0013805,ORD006865,PROD00524,10.0,15
OI0013806,ORD006865,PROD00418,4.0,25
OI0013807,ORD006865,PROD00192,1.0,15
OI0013808,ORD006865,PROD00036,5.0,0
OI0013809,ORD006866,PROD00253,2.0,25
OI0013810,ORD006867,PROD00106,3.0,25
OI0013811,ORD006868,PROD00273,3.0,0
OI0013812,ORD006868,PROD00065,5.0,25
OI0013813,ORD006868,PROD00485,1.0,0
OI0013814,ORD006869,PROD00137,3.0,20
OI0013815,ORD006870,PROD00296,1.0,10
OI0013816,ORD006871,PROD00558,1.0,15
OI0013817,ORD006871,PROD00300,4.0,5
OI0013818,ORD006872,PROD00415,4.0,10
OI0013819,ORD006872,PROD00047,1.0,25
OI0013820,ORD006873,PROD00457,4.0,0
OI0013821,ORD006873,PROD00448,4.0,15
OI0013822,ORD006873,PROD00187,5.0,0
OI0013823,ORD006874,PROD00552,2.0,25
OI0013824,ORD006874,PROD00591,10.0,0
OI0013825,ORD006874,PROD00478,4.0,5
OI0013826,ORD006874,PROD00211,1.0,10
OI0013827,ORD006875,PROD00458,1.0,15
OI0013828,ORD006876,PROD00317,2.0,20
OI0013829,ORD006877,PROD00589,4.0,0
OI0013830,ORD006878,PROD00023,5.0,20
OI0013831,ORD006878,PROD00069,3.0,0
OI0013832,ORD006878,PROD00537,1.0,15
OI0013833,ORD006879,PROD00204,5.0,15
OI0013834,ORD006879,PROD9192,2.0,20
OI0013835,ORD006879,PROD00573,5.0,0
OI0013836,ORD006879,PROD00095,1.0,15
OI0013837,ORD006880,PROD00109,5.0,5
OI0013838,ORD006881,PROD00052,1.0,25
OI0013839,ORD006882,PROD00586,10.0,5
OI0013840,ORD006882,PROD00420,1.0,0
OI0013841,ORD006883,PROD00084,5.0,10
OI0013842,ORD006883,PROD00055,10.0,25
OI0013843,ORD006883,PROD00388,4.0,0
OI0013844,ORD006883,PROD00595,2.0,15
OI0013845,ORD006884,PROD00073,2.0,0
OI0013846,ORD006884,PROD00189,5.0,5
OI0013847,ORD006884,PROD00106,5.0,5
OI0013848,ORD006884,PROD00498,4.0,0
OI0013849,ORD006885,PROD00126,2.0,0
OI0013850,ORD006885,PROD00290,5.0,15
OI0013851,ORD006886,PROD00060,1.0,15
OI0013852,ORD006887,PROD00215,10.0,10
OI0013853,ORD006887,PROD00374,10.0,20
OI0013854,ORD006887,PROD00023,3.0,5
OI0013855,ORD006888,PROD00048,10.0,15
OI0013856,ORD006888,PROD00506,3.0,10
OI0013857,ORD006888,PROD00365,10.0,0
OI0013858,ORD006889,PROD00189,-1.0,10
OI0013859,ORD006889,PROD00456,2.0,0
OI0013860,ORD006890,PROD00185,3.0,25
OI0013861,ORD006891,PROD00183,1.0,0
OI0013862,ORD006891,PROD00283,,0
OI0013863,ORD006892,PROD00020,4.0,10
OI0013864,ORD006892,PROD00439,1.0,0
OI0013865,ORD006892,PROD00025,5.0,15
OI0013866,ORD006892,PROD00358,2.0,15
OI0013867,ORD006893,PROD00338,10.0,20
OI0013868,ORD006894,PROD00323,1.0,25
OI0013869,ORD006894,PROD00245,-1.0,15
OI0013870,ORD006895,PROD00214,4.0,5
OI0013871,ORD006896,PROD00599,2.0,0
OI0013872,ORD006896,PROD00328,2.0,0
OI0013873,ORD006896,PROD00191,4.0,25
OI0013874,ORD006897,PROD00032,5.0,0
OI0013875,ORD006897,PROD00478,2.0,25
OI0013876,ORD006897,PROD00141,3.0,20
OI0013877,ORD006898,PROD00539,1.0,5
OI0013878,ORD006899,PROD00155,10.0,15
OI0013879,ORD006900,PROD00261,4.0,20
OI0013880,ORD006900,PROD9977,2.0,20
OI0013881,ORD006901,PROD00178,5.0,25
OI0013882,ORD006901,PROD00438,3.0,0
OI0013883,ORD006902,PROD00238,1.0,0
OI0013884,ORD006902,PROD00217,3.0,20
OI0013885,ORD006902,PROD00138,5.0,0
OI0013886,ORD006903,PROD00026,5.0,5
OI0013887,ORD006903,PROD00125,-1.0,10
OI0013888,ORD006904,PROD00392,2.0,20
OI0013889,ORD006905,PROD00389,2.0,0
OI0013890,ORD006906,PROD00294,-1.0,15
OI0013891,ORD006907,PROD00499,1.0,0
OI0013892,ORD006908,PROD00312,4.0,20
OI0013893,ORD006909,PROD00439,3.0,10
OI0013894,ORD006909,PROD00100,10.0,0
OI0013895,ORD006910,PROD00367,4.0,0
OI0013896,ORD006911,PROD00165,-1.0,15
OI0013897,ORD006911,PROD00050,2.0,0
OI0013898,ORD006911,PROD00357,-1.0,5
OI0013899,ORD006912,PROD00118,10.0,15
OI0013900,ORD006912,PROD00064,1.0,0
OI0013901,ORD006913,PROD00235,1.0,5
OI0013902,ORD006914,PROD00566,4.0,5
OI0013903,ORD006914,PROD00015,2.0,0
OI0013904,ORD006914,PROD00539,1.0,10
OI0013905,ORD006914,PROD00113,10.0,0
OI0013906,ORD006915,PROD00263,2.0,0
OI0013907,ORD006915,PROD00383,1.0,25
OI0013908,ORD006916,PROD00337,5.0,0
OI0013909,ORD006917,PROD00391,4.0,0
OI0013910,ORD006918,PROD00320,1.0,0
OI0013911,ORD006918,PROD00210,2.0,0
OI0013912,ORD006919,PROD00590,4.0,0
OI0013913,ORD006919,PROD00253,1.0,5
OI0013914,ORD006919,PROD00495,1.0,5
OI0013915,ORD006920,PROD00027,1.0,25
OI0013916,ORD006920,PROD00502,10.0,10
OI0013917,ORD006920,PROD00017,1.0,0
OI0013918,ORD006920,PROD00150,4.0,15
OI0013919,ORD006921,PROD00278,2.0,0
OI0013920,ORD006921,PROD00245,4.0,0
OI0013921,ORD006921,PROD00448,2.0,0
OI0013922,ORD006921,PROD00430,4.0,0
OI0013923,ORD006922,PROD00230,1.0,20
OI0013924,ORD006922,PROD00560,2.0,0
OI0013925,ORD006922,PROD00412,-1.0,20
OI0013926,ORD006922,PROD00538,10.0,10
OI0013927,ORD006923,PROD00145,2.0,10
OI0013928,ORD006924,PROD00427,2.0,0
OI0013929,ORD006925,PROD00026,1.0,25
OI0013930,ORD006926,PROD00066,1.0,5
OI0013931,ORD006926,PROD00558,2.0,10
OI0013932,ORD006926,PROD00042,2.0,5
OI0013933,ORD006927,PROD00046,1.0,0
OI0013934,ORD006927,PROD00440,1.0,25
OI0013935,ORD006928,PROD00056,10.0,0
OI0013936,ORD006929,PROD00451,3.0,10
OI0013937,ORD006930,PROD00048,3.0,0
OI0013938,ORD006930,PROD00345,3.0,20
OI0013939,ORD006930,PROD00402,2.0,0
OI0013940,ORD006931,PROD00271,2.0,15
OI0013941,ORD006932,PROD00132,4.0,0
OI0013942,ORD006932,PROD00470,4.0,15
OI0013943,ORD006933,PROD00493,1.0,5
OI0013944,ORD006934,PROD00271,-1.0,0
OI0013945,ORD006935,PROD00501,4.0,15
OI0013946,ORD006935,PROD00444,1.0,25
OI0013947,ORD006935,PROD00119,10.0,25
OI0013948,ORD006935,PROD00329,1.0,25
OI0013949,ORD006936,PROD00555,1.0,0
OI0013950,ORD006937,PROD00236,2.0,0
OI0013951,ORD006937,PROD00551,2.0,0
OI0013952,ORD006937,PROD00175,3.0,0
OI0013953,ORD006938,PROD00218,10.0,0
OI0013954,ORD006939,PROD00548,-1.0,25
OI0013955,ORD006939,PROD00047,1.0,0
OI0013956,ORD006940,PROD00397,1.0,0
OI0013957,ORD006941,PROD00056,1.0,0
OI0013958,ORD006941,PROD00132,3.0,0
OI0013959,ORD006941,PROD00102,1.0,0
OI0013960,ORD006942,PROD00368,1.0,5
OI0013961,ORD006942,PROD00014,1.0,10
OI0013962,ORD006942,PROD00448,1.0,0
OI0013963,ORD006942,PROD00437,10.0,5
OI0013964,ORD006943,PROD00488,4.0,20
OI0013965,ORD006944,PROD00063,2.0,10
OI0013966,ORD006944,PROD00243,3.0,15
OI0013967,ORD006944,PROD00250,2.0,0
OI0013968,ORD006945,PROD00203,1.0,0
OI0013969,ORD006946,PROD00412,1.0,25
OI0013970,ORD006947,PROD00095,-1.0,0
OI0013971,ORD006947,PROD00295,4.0,10
OI0013972,ORD006948,PROD00182,3.0,25
OI0013973,ORD006948,PROD00060,-1.0,25
OI0013974,ORD006948,PROD00274,10.0,15
OI0013975,ORD006949,PROD00106,10.0,5
OI0013976,ORD006949,PROD00346,10.0,0
OI0013977,ORD006950,PROD00121,1.0,0
OI0013978,ORD006950,PROD00395,5.0,10
OI0013979,ORD006951,PROD00177,3.0,10
OI0013980,ORD006951,PROD00227,1.0,0
OI0013981,ORD006951,PROD00387,1.0,15
OI0013982,ORD006951,PROD00443,1.0,0
OI0013983,ORD006952,PROD00582,1.0,5
OI0013984,ORD006952,PROD00507,1.0,5
OI0013985,ORD006952,PROD00297,2.0,20
OI0013986,ORD006952,PROD00129,5.0,10
OI0013987,ORD006953,PROD00343,2.0,25
OI0013988,ORD006953,PROD00067,1.0,15
OI0013989,ORD006953,PROD9517,10.0,0
OI0013990,ORD006953,PROD00309,1.0,5
OI0013991,ORD006954,PROD00119,5.0,15
OI0013992,ORD006954,PROD00461,1.0,5
OI0013993,ORD006955,PROD00042,10.0,20
OI0013994,ORD006956,PROD00573,3.0,0
OI0013995,ORD006956,PROD00092,2.0,20
OI0013996,ORD006957,PROD00114,4.0,20
OI0013997,ORD006957,PROD00268,10.0,15
OI0013998,ORD006958,PROD00544,2.0,0
OI0013999,ORD006958,PROD00262,10.0,0
OI0014000,ORD006959,PROD00112,2.0,25
OI0014001,ORD006960,PROD00351,5.0,10
OI0014002,ORD006960,PROD00387,4.0,0
OI0014003,ORD006960,PROD00428,10.0,10
OI0014004,ORD006960,PROD00469,3.0,0
OI0014005,ORD006961,PROD00205,1.0,10
OI0014006,ORD006961,PROD00342,500.0,0
OI0014007,ORD006961,PROD00045,500.0,10
OI0014008,ORD006962,PROD00058,1.0,0
OI0014009,ORD006963,PROD00423,5.0,20
OI0014010,ORD006964,PROD00550,2.0,5
OI0014011,ORD006964,PROD00386,4.0,0
OI0014012,ORD006964,PROD00456,2.0,20
OI0014013,ORD006965,PROD00226,3.0,0
OI0014014,ORD006965,PROD00037,1.0,10
OI0014015,ORD006966,PROD00325,2.0,15
OI0014016,ORD006966,PROD00138,1.0,10
OI0014017,ORD006966,PROD00375,1.0,0
OI0014018,ORD006966,PROD00073,1.0,0
OI0014019,ORD006967,PROD00222,1.0,15
OI0014020,ORD006967,PROD00354,5.0,15
OI0014021,ORD006968,PROD00169,-1.0,15
OI0014022,ORD006968,PROD00170,3.0,5
OI0014023,ORD006969,PROD00580,-1.0,0
OI0014024,ORD006969,PROD00548,5.0,0
OI0014025,ORD006970,PROD00440,1.0,20
OI0014026,ORD006970,PROD00191,-1.0,25
OI0014027,ORD006971,PROD00441,1.0,10
OI0014028,ORD006972,PROD00402,1.0,0
OI0014029,ORD006973,PROD00022,2.0,0
OI0014030,ORD006974,PROD00574,1.0,10
OI0014031,ORD006975,PROD00197,2.0,0
OI0014032,ORD006976,PROD00312,2.0,25
OI0014033,ORD006976,PROD00374,3.0,5
OI0014034,ORD006977,PROD00433,2.0,0
OI0014035,ORD006978,PROD00114,1.0,5
OI0014036,ORD006979,PROD00448,1.0,10
OI0014037,ORD006979,PROD00171,2.0,10
OI0014038,ORD006980,PROD00110,4.0,10
OI0014039,ORD006981,PROD00424,1.0,20
OI0014040,ORD006981,PROD00281,4.0,15
OI0014041,ORD006982,PROD00142,5.0,0
OI0014042,ORD006983,PROD00488,1.0,10
OI0014043,ORD006984,PROD00065,2.0,20
OI0014044,ORD006985,PROD00407,5.0,5
OI0014045,ORD006985,PROD00441,2.0,0
OI0014046,ORD006985,PROD00504,1.0,10
OI0014047,ORD006986,PROD00328,1.0,0
OI0014048,ORD006986,PROD00036,4.0,5
OI0014049,ORD006986,PROD00263,1.0,0
OI0014050,ORD006987,PROD00127,5.0,25
OI0014051,ORD006987,PROD00193,3.0,15
OI0014052,ORD006988,PROD00454,10.0,10
OI0014053,ORD006989,PROD00140,4.0,5
OI0014054,ORD006990,PROD00366,2.0,5
OI0014055,ORD006991,PROD00036,-1.0,25
OI0014056,ORD006992,PROD00523,4.0,10
OI0014057,ORD006992,PROD00041,2.0,0
OI0014058,ORD006993,PROD00331,1.0,10
OI0014059,ORD006993,PROD00084,-1.0,0
OI0014060,ORD006993,PROD00351,1.0,15
OI0014061,ORD006993,PROD00166,2.0,0
OI0014062,ORD006994,PROD00146,3.0,20
OI0014063,ORD006995,PROD9332,3.0,0
OI0014064,ORD006996,PROD00427,3.0,0
OI0014065,ORD006996,PROD00397,2.0,0
OI0014066,ORD006997,PROD00017,2.0,20
OI0014067,ORD006998,PROD00369,2.0,15
OI0014068,ORD006998,PROD00419,4.0,10
OI0014069,ORD006999,PROD00220,3.0,15
OI0014070,ORD006999,PROD00243,-1.0,0
OI0014071,ORD007000,PROD00275,4.0,0
OI0014072,ORD007000,PROD00560,-1.0,0
OI0014073,ORD007000,PROD00188,1.0,5
OI0014074,ORD007001,PROD00424,2.0,25
OI0014075,ORD007001,PROD00467,4.0,0
OI0014076,ORD007002,PROD00494,5.0,10
OI0014077,ORD007002,PROD00402,1.0,10
OI0014078,ORD007003,PROD00023,2.0,25
OI0014079,ORD007004,PROD00359,4.0,0
OI0014080,ORD007004,PROD00200,1.0,25
OI0014081,ORD007004,PROD00401,1.0,5
OI0014082,ORD007004,PROD00294,2.0,25
OI0014083,ORD007005,PROD00214,1.0,0
OI0014084,ORD007005,PROD00590,1.0,25
OI0014085,ORD007006,PROD00216,3.0,20
OI0014086,ORD007006,PROD00246,1.0,5
OI0014087,ORD007006,PROD00440,1.0,0
OI0014088,ORD007007,PROD00467,5.0,10
OI0014089,ORD007008,PROD00505,4.0,0
OI0014090,ORD007008,PROD00277,1.0,10
OI0014091,ORD007008,PROD00397,5.0,25
OI0014092,ORD007009,PROD00523,10.0,25
OI0014093,ORD007010,PROD00222,1.0,0
OI0014094,ORD007011,PROD00341,2.0,0
OI0014095,ORD007012,PROD00567,2.0,25
OI0014096,ORD007012,PROD00059,5.0,0
OI0014097,ORD007013,PROD00241,1.0,15
OI0014098,ORD007013,PROD00453,5.0,0
OI0014099,ORD007013,PROD00004,3.0,20
OI0014100,ORD007013,PROD00544,1.0,10
OI0014101,ORD007014,PROD00419,5.0,0
OI0014102,ORD007014,PROD00218,2.0,15
OI0014103,ORD007015,PROD00257,1.0,0
OI0014104,ORD007016,PROD00478,1.0,0
OI0014105,ORD007016,PROD00313,-1.0,0
OI0014106,ORD007017,PROD00465,1.0,25
OI0014107,ORD007018,PROD00159,1.0,15
OI0014108,ORD007018,PROD00427,10.0,15
OI0014109,ORD007018,PROD00296,-1.0,10
OI0014110,ORD007019,PROD00134,1.0,10
OI0014111,ORD007020,PROD00383,1.0,10
OI0014112,ORD007020,PROD00083,5.0,0
OI0014113,ORD007021,PROD00540,10.0,5
OI0014114,ORD007022,PROD00451,2.0,0
OI0014115,ORD007023,PROD00502,3.0,5
OI0014116,ORD007024,PROD00499,10.0,0
OI0014117,ORD007025,PROD00378,-1.0,15
OI0014118,ORD007026,PROD00076,1.0,5
OI0014119,ORD007027,PROD00508,1.0,0
OI0014120,ORD007028,PROD00186,1.0,0
OI0014121,ORD007029,PROD00183,-1.0,15
OI0014122,ORD007029,PROD00136,1.0,0
OI0014123,ORD007030,PROD00365,2.0,20
OI0014124,ORD007031,PROD00210,1.0,15
OI0014125,ORD007032,PROD00598,1.0,0
OI0014126,ORD007033,PROD00200,-1.0,10
OI0014127,ORD007034,PROD00387,10.0,10
OI0014128,ORD007034,PROD00516,1.0,0
OI0014129,ORD007035,PROD00395,-1.0,20
OI0014130,ORD007035,PROD00392,1.0,10
OI0014131,ORD007035,PROD00260,1.0,0
OI0014132,ORD007036,PROD00032,2.0,0
OI0014133,ORD007037,PROD00157,1.0,15
OI0014134,ORD007037,PROD00120,3.0,5
OI0014135,ORD007038,PROD00247,-1.0,0
OI0014136,ORD007038,PROD00197,1.0,10
OI0014137,ORD007039,PROD00062,2.0,25
OI0014138,ORD007039,PROD00376,4.0,25
OI0014139,ORD007039,PROD00054,1.0,0
OI0014140,ORD007040,PROD00003,2.0,0
OI0014141,ORD007040,PROD00522,1.0,0
OI0014142,ORD007041,PROD00020,-1.0,5
OI0014143,ORD007042,PROD00212,1.0,0
OI0014144,ORD007042,PROD00044,1.0,5
OI0014145,ORD007043,PROD00230,-1.0,0
OI0014146,ORD007043,PROD00310,2.0,15
OI0014147,ORD007044,PROD00149,1.0,0
OI0014148,ORD007044,PROD00509,10.0,15
OI0014149,ORD007044,PROD00253,1.0,5
OI0014150,ORD007045,PROD00317,2.0,0
OI0014151,ORD007045,PROD00152,1.0,25
OI0014152,ORD007045,PROD00232,2.0,20
OI0014153,ORD007046,PROD00222,2.0,10
OI0014154,ORD007046,PROD00484,1.0,0
OI0014155,ORD007046,PROD00582,4.0,15
OI0014156,ORD007047,PROD00290,2.0,10
OI0014157,ORD007047,PROD00219,-1.0,0
OI0014158,ORD007048,PROD00316,4.0,20
OI0014159,ORD007048,PROD00136,-1.0,5
OI0014160,ORD007049,PROD00500,500.0,0
OI0014161,ORD007049,PROD00490,1.0,25
OI0014162,ORD007050,PROD00490,-1.0,0
OI0014163,ORD007050,PROD00533,4.0,5
OI0014164,ORD007051,PROD00166,3.0,0
OI0014165,ORD007051,PROD00279,1.0,0
OI0014166,ORD007052,PROD00266,1.0,0
OI0014167,ORD007052,PROD00306,1.0,5
OI0014168,ORD007053,PROD00215,-1.0,10
OI0014169,ORD007054,PROD00596,2.0,0
OI0014170,ORD007055,PROD00292,4.0,5
OI0014171,ORD007056,PROD00082,3.0,20
OI0014172,ORD007056,PROD00439,10.0,20
OI0014173,ORD007056,PROD00447,2.0,5
OI0014174,ORD007057,PROD00479,2.0,10
OI0014175,ORD007057,PROD00525,10.0,25
OI0014176,ORD007057,PROD00115,-1.0,15
OI0014177,ORD007058,PROD00140,2.0,0
OI0014178,ORD007058,PROD00163,10.0,15
OI0014179,ORD007058,PROD00291,4.0,25
OI0014180,ORD007058,PROD00419,3.0,25
OI0014181,ORD007059,PROD00317,5.0,0
OI0014182,ORD007059,PROD00584,-1.0,0
OI0014183,ORD007059,PROD00131,1.0,25
OI0014184,ORD007060,PROD00380,2.0,25
OI0014185,ORD007061,PROD00323,10.0,25
OI0014186,ORD007061,PROD00136,1.0,15
OI0014187,ORD007061,PROD00029,3.0,10
OI0014188,ORD007062,PROD00060,5.0,20
OI0014189,ORD007062,PROD00143,2.0,0
OI0014190,ORD007062,PROD00128,2.0,0
OI0014191,ORD007062,PROD00220,2.0,25
OI0014192,ORD007063,PROD00529,1.0,0
OI0014193,ORD007063,PROD00493,10.0,25
OI0014194,ORD007064,PROD00057,1.0,15
OI0014195,ORD007065,PROD00275,3.0,25
OI0014196,ORD007065,PROD00232,1.0,0
OI0014197,ORD007066,PROD00128,2.0,0
OI0014198,ORD007067,PROD00490,-1.0,0
OI0014199,ORD007067,PROD00093,3.0,20
OI0014200,ORD007068,PROD00195,4.0,0
OI0014201,ORD007069,PROD00556,5.0,20
OI0014202,ORD007069,PROD00349,4.0,0
OI0014203,ORD007069,PROD00255,1.0,5
OI0014204,ORD007070,PROD00206,1.0,25
OI0014205,ORD007070,PROD00222,1.0,10
OI0014206,ORD007071,PROD00462,1.0,0
OI0014207,ORD007072,PROD00138,1.0,20
OI0014208,ORD007073,PROD00085,1.0,0
OI0014209,ORD007073,PROD00243,3.0,0
OI0014210,ORD007074,PROD00465,2.0,0
OI0014211,ORD007075,PROD00426,2.0,20
OI0014212,ORD007076,PROD00368,2.0,20
OI0014213,ORD007076,PROD00471,1.0,15
OI0014214,ORD007077,PROD00246,10.0,10
OI0014215,ORD007077,PROD00459,4.0,0
OI0014216,ORD007077,PROD00261,2.0,25
OI0014217,ORD007078,PROD00135,5.0,5
OI0014218,ORD007079,PROD00444,3.0,15
OI0014219,ORD007079,PROD00350,5.0,10
OI0014220,ORD007079,PROD00203,1.0,10
OI0014221,ORD007080,PROD00343,5.0,5
OI0014222,ORD007080,PROD00477,4.0,0
OI0014223,ORD007080,PROD00515,-1.0,20
OI0014224,ORD007080,PROD9281,5.0,20
OI0014225,ORD007081,PROD00007,-1.0,0
OI0014226,ORD007082,PROD00533,2.0,15
OI0014227,ORD007083,PROD00046,3.0,0
OI0014228,ORD007083,PROD00325,1.0,0
OI0014229,ORD007084,PROD00423,5.0,0
OI0014230,ORD007085,PROD00584,-1.0,5
OI0014231,ORD007085,PROD00406,1.0,0
OI0014232,ORD007086,PROD00330,10.0,0
OI0014233,ORD007086,PROD00411,10.0,0
OI0014234,ORD007086,PROD00256,1.0,15
OI0014235,ORD007087,PROD00449,2.0,5
OI0014236,ORD007088,PROD00269,1.0,0
OI0014237,ORD007088,PROD00148,-1.0,0
OI0014238,ORD007089,PROD00330,2.0,15
OI0014239,ORD007089,PROD00104,-1.0,25
OI0014240,ORD007089,PROD00094,2.0,20
OI0014241,ORD007089,PROD00043,1.0,25
OI0014242,ORD007090,PROD00283,2.0,0
OI0014243,ORD007090,PROD00020,3.0,15
OI0014244,ORD007090,PROD00299,-1.0,0
OI0014245,ORD007090,PROD00524,1.0,15
OI0014246,ORD007091,PROD00474,2.0,15
OI0014247,ORD007092,PROD00186,2.0,5
OI0014248,ORD007093,PROD00456,-1.0,0
OI0014249,ORD007093,PROD00370,-1.0,5
OI0014250,ORD007094,PROD00239,10.0,25
OI0014251,ORD007094,PROD00432,1.0,0
OI0014252,ORD007094,PROD00063,2.0,15
OI0014253,ORD007094,PROD00265,-1.0,20
OI0014254,ORD007095,PROD00016,10.0,0
OI0014255,ORD007095,PROD00417,10.0,25
OI0014256,ORD007096,PROD00565,1.0,0
OI0014257,ORD007097,PROD00434,1.0,5
OI0014258,ORD007097,PROD00145,2.0,10
OI0014259,ORD007098,PROD00139,-1.0,0
OI0014260,ORD007099,PROD00382,2.0,0
OI0014261,ORD007100,PROD00290,5.0,25
OI0014262,ORD007101,PROD00443,1.0,10
OI0014263,ORD007101,PROD00419,10.0,0
OI0014264,ORD007101,PROD00422,2.0,0
OI0014265,ORD007102,PROD00458,3.0,10
OI0014266,ORD007102,PROD00122,4.0,0
OI0014267,ORD007103,PROD00136,2.0,25
OI0014268,ORD007104,PROD00034,1.0,25
OI0014269,ORD007105,PROD00051,4.0,5
OI0014270,ORD007105,PROD00249,3.0,15
OI0014271,ORD007105,PROD00586,2.0,20
OI0014272,ORD007105,PROD00307,10.0,20
OI0014273,ORD007106,PROD00124,10.0,0
OI0014274,ORD007106,PROD00368,2.0,0
OI0014275,ORD007106,PROD00595,2.0,10
OI0014276,ORD007106,PROD00389,4.0,5
OI0014277,ORD007107,PROD00156,1.0,0
OI0014278,ORD007107,PROD00478,2.0,20
OI0014279,ORD007108,PROD00362,1.0,20
OI0014280,ORD007109,PROD00431,4.0,25
OI0014281,ORD007110,PROD00384,2.0,20
OI0014282,ORD007110,PROD00317,-1.0,0
OI0014283,ORD007111,PROD00171,10.0,5
OI0014284,ORD007111,PROD00269,1.0,0
OI0014285,ORD007111,PROD00081,1.0,20
OI0014286,ORD007111,PROD00130,2.0,0
OI0014287,ORD007112,PROD9452,2.0,15
OI0014288,ORD007113,PROD00130,2.0,5
OI0014289,ORD007114,PROD00154,3.0,0
OI0014290,ORD007115,PROD00431,1.0,20
OI0014291,ORD007115,PROD00523,1.0,0
OI0014292,ORD007115,PROD00006,10.0,25
OI0014293,ORD007115,PROD00320,4.0,5
OI0014294,ORD007116,PROD00281,2.0,25
OI0014295,ORD007116,PROD00178,2.0,5
OI0014296,ORD007116,PROD00578,4.0,20
OI0014297,ORD007116,PROD00147,4.0,0
OI0014298,ORD007117,PROD00032,5.0,5
OI0014299,ORD007118,PROD00053,5.0,10
OI0014300,ORD007118,PROD00279,2.0,0
OI0014301,ORD007118,PROD00241,2.0,0
OI0014302,ORD007119,PROD00550,5.0,0
OI0014303,ORD007119,PROD00537,2.0,5
OI0014304,ORD007119,PROD00100,4.0,20
OI0014305,ORD007120,PROD00236,1.0,0
OI0014306,ORD007121,PROD00380,1.0,0
OI0014307,ORD007121,PROD00022,2.0,0
OI0014308,ORD007121,PROD00083,4.0,0
OI0014309,ORD007122,PROD00519,4.0,20
OI0014310,ORD007122,PROD00064,2.0,15
OI0014311,ORD007123,PROD00105,4.0,0
OI0014312,ORD007123,PROD9288,2.0,0
OI0014313,ORD007124,PROD00065,5.0,0
OI0014314,ORD007125,PROD00483,5.0,20
OI0014315,ORD007125,PROD00056,-1.0,0
OI0014316,ORD007126,PROD00010,4.0,0
OI0014317,ORD007126,PROD00511,10.0,10
OI0014318,ORD007126,PROD00512,2.0,15
OI0014319,ORD007127,PROD00218,1.0,25
OI0014320,ORD007128,PROD00391,3.0,0
OI0014321,ORD007129,PROD00220,2.0,5
OI0014322,ORD007129,PROD00227,2.0,15
OI0014323,ORD007129,PROD00294,3.0,5
OI0014324,ORD007130,PROD00463,1.0,0
OI0014325,ORD007130,PROD00017,3.0,0
OI0014326,ORD007131,PROD00302,-1.0,0
OI0014327,ORD007131,PROD00115,5.0,10
OI0014328,ORD007131,PROD00165,1.0,0
OI0014329,ORD007132,PROD00355,1.0,10
OI0014330,ORD007132,PROD00043,2.0,25
OI0014331,ORD007132,PROD00244,5.0,15
OI0014332,ORD007132,PROD00264,1.0,5
OI0014333,ORD007133,PROD00453,10.0,0
OI0014334,ORD007134,PROD00438,1.0,0
OI0014335,ORD007135,PROD00555,4.0,20
OI0014336,ORD007136,PROD00140,1.0,0
OI0014337,ORD007137,PROD00428,1.0,20
OI0014338,ORD007138,PROD00106,5.0,10
OI0014339,ORD007139,PROD00570,10.0,15
OI0014340,ORD007139,PROD00310,5.0,0
OI0014341,ORD007140,PROD00380,-1.0,25
OI0014342,ORD007141,PROD00010,4.0,5
OI0014343,ORD007142,PROD00486,4.0,10
OI0014344,ORD007142,PROD00162,4.0,25
OI0014345,ORD007142,PROD00004,5.0,0
OI0014346,ORD007143,PROD00001,-1.0,0
OI0014347,ORD007144,PROD00296,2.0,20
OI0014348,ORD007145,PROD00041,-1.0,0
OI0014349,ORD007145,PROD00390,4.0,0
OI0014350,ORD007145,PROD00189,1.0,10
OI0014351,ORD007145,PROD00300,2.0,10
OI0014352,ORD007146,PROD00049,2.0,10
OI0014353,ORD007147,PROD00578,10.0,15
OI0014354,ORD007147,PROD00566,4.0,10
OI0014355,ORD007148,PROD00499,1.0,20
OI0014356,ORD007149,PROD00585,-1.0,25
OI0014357,ORD007149,PROD00597,2.0,15
OI0014358,ORD007150,PROD00510,4.0,15
OI0014359,ORD007151,PROD00066,5.0,15
OI0014360,ORD007152,PROD00057,1.0,5
OI0014361,ORD007153,PROD00229,2.0,10
OI0014362,ORD007154,PROD00520,2.0,25
OI0014363,ORD007155,PROD00319,3.0,0
OI0014364,ORD007155,PROD00585,1.0,0
OI0014365,ORD007155,PROD00311,1.0,15
OI0014366,ORD007155,PROD00502,2.0,25
OI0014367,ORD007156,PROD00247,3.0,5
OI0014368,ORD007156,PROD00004,2.0,15
OI0014369,ORD007157,PROD00235,10.0,0
OI0014370,ORD007158,PROD00179,10.0,5
OI0014371,ORD007158,PROD00462,2.0,10
OI0014372,ORD007159,PROD00208,3.0,20
OI0014373,ORD007159,PROD00046,4.0,25
OI0014374,ORD007159,PROD00165,1.0,15
OI0014375,ORD007159,PROD00252,4.0,15
OI0014376,ORD007160,PROD00374,2.0,5
OI0014377,ORD007160,PROD00409,2.0,25
OI0014378,ORD007161,PROD00053,5.0,0
OI0014379,ORD007162,PROD00153,1.0,0
OI0014380,ORD007162,PROD00044,1.0,25
OI0014381,ORD007163,PROD00341,1.0,10
OI0014382,ORD007163,PROD00189,10.0,10
OI0014383,ORD007163,PROD00444,2.0,15
OI0014384,ORD007163,PROD00304,2.0,15
OI0014385,ORD007164,PROD00289,1.0,5
OI0014386,ORD007165,PROD00397,1.0,10
OI0014387,ORD007165,PROD00437,4.0,0
OI0014388,ORD007165,PROD00400,4.0,25
OI0014389,ORD007165,PROD00167,3.0,5
OI0014390,ORD007166,PROD00095,10.0,15
OI0014391,ORD007167,PROD00006,4.0,5
OI0014392,ORD007167,PROD00403,-1.0,10
OI0014393,ORD007167,PROD00433,4.0,5
OI0014394,ORD007167,PROD00172,2.0,5
OI0014395,ORD007168,PROD00233,2.0,20
OI0014396,ORD007168,PROD00196,3.0,15
OI0014397,ORD007168,PROD00239,2.0,10
OI0014398,ORD007168,PROD00515,1.0,20
OI0014399,ORD007169,PROD00217,-1.0,0
OI0014400,ORD007170,PROD00429,4.0,0
OI0014401,ORD007170,PROD00532,2.0,20
OI0014402,ORD007170,PROD00579,-1.0,5
OI0014403,ORD007171,PROD00387,4.0,25
OI0014404,ORD007171,PROD00149,4.0,20
OI0014405,ORD007171,PROD00191,-1.0,15
OI0014406,ORD007171,PROD00220,1.0,15
OI0014407,ORD007172,PROD00120,10.0,0
OI0014408,ORD007173,PROD00579,3.0,15
OI0014409,ORD007173,PROD00177,2.0,10
OI0014410,ORD007173,PROD00360,1.0,20
OI0014411,ORD007173,PROD00340,4.0,0
OI0014412,ORD007174,PROD00082,1.0,10
OI0014413,ORD007175,PROD00588,10.0,0
OI0014414,ORD007176,PROD9487,1.0,0
OI0014415,ORD007176,PROD00543,2.0,0
OI0014416,ORD007177,PROD00183,3.0,5
OI0014417,ORD007177,PROD00083,2.0,0
OI0014418,ORD007177,PROD00122,2.0,20
OI0014419,ORD007177,PROD00559,4.0,10
OI0014420,ORD007178,PROD00360,2.0,5
OI0014421,ORD007178,PROD00154,5.0,25
OI0014422,ORD007178,PROD00064,10.0,0
OI0014423,ORD007178,PROD00326,1.0,0
OI0014424,ORD007179,PROD00330,3.0,10
OI0014425,ORD007179,PROD00350,1.0,0
OI0014426,ORD007180,PROD00067,1.0,0
OI0014427,ORD007180,PROD00079,2.0,0
OI0014428,ORD007180,PROD00243,4.0,0
OI0014429,ORD007181,PROD00035,1.0,15
OI0014430,ORD007182,PROD00124,1.0,0
OI0014431,ORD007182,PROD00473,3.0,0
OI0014432,ORD007182,PROD00341,-1.0,15
OI0014433,ORD007183,PROD00339,1.0,0
OI0014434,ORD007184,PROD00165,3.0,0
OI0014435,ORD007184,PROD00263,3.0,0
OI0014436,ORD007185,PROD00073,1.0,0
OI0014437,ORD007185,PROD9142,1.0,5
OI0014438,ORD007185,PROD00094,1.0,0
OI0014439,ORD007185,PROD00467,3.0,0
OI0014440,ORD007186,PROD00442,5.0,0
OI0014441,ORD007186,PROD00068,3.0,0
OI0014442,ORD007186,PROD00275,-1.0,25
OI0014443,ORD007187,PROD00228,4.0,25
OI0014444,ORD007187,PROD00586,2.0,25
OI0014445,ORD007188,PROD00129,1.0,0
OI0014446,ORD007188,PROD00288,-1.0,0
OI0014447,ORD007188,PROD00186,2.0,20
OI0014448,ORD007188,PROD00402,1.0,10
OI0014449,ORD007189,PROD00398,2.0,25
OI0014450,ORD007189,PROD00127,1.0,0
OI0014451,ORD007189,PROD00026,5.0,0
OI0014452,ORD007189,PROD00206,4.0,0
OI0014453,ORD007190,PROD00195,5.0,0
OI0014454,ORD007191,PROD00034,3.0,0
OI0014455,ORD007192,PROD00069,10.0,0
OI0014456,ORD007193,PROD00459,10.0,0
OI0014457,ORD007193,PROD00015,10.0,15
OI0014458,ORD007193,PROD00111,2.0,0
OI0014459,ORD007193,PROD00128,1.0,25
OI0014460,ORD007194,PROD00316,4.0,15
OI0014461,ORD007195,PROD00227,3.0,0
OI0014462,ORD007195,PROD00064,-1.0,0
OI0014463,ORD007196,PROD00010,1.0,25
OI0014464,ORD007196,PROD00422,1.0,25
OI0014465,ORD007197,PROD00308,3.0,0
OI0014466,ORD007198,PROD00230,1.0,10
OI0014467,ORD007198,PROD00107,4.0,0
OI0014468,ORD007199,PROD00510,-1.0,25
OI0014469,ORD007199,PROD00011,5.0,0
OI0014470,ORD007199,PROD00312,3.0,0
OI0014471,ORD007200,PROD00409,1.0,0
OI0014472,ORD007201,PROD00332,1.0,25
OI0014473,ORD007202,PROD00254,1.0,20
OI0014474,ORD007202,PROD00577,2.0,5
OI0014475,ORD007203,PROD00050,2.0,15
OI0014476,ORD007204,PROD00029,10.0,25
OI0014477,ORD007204,PROD00049,1.0,5
OI0014478,ORD007204,PROD00204,10.0,15
OI0014479,ORD007204,PROD00447,-1.0,5
OI0014480,ORD007205,PROD00304,2.0,20
OI0014481,ORD007206,PROD00284,10.0,15
OI0014482,ORD007207,PROD00500,1.0,0
OI0014483,ORD007208,PROD00532,2.0,25
OI0014484,ORD007209,PROD00552,-1.0,0
OI0014485,ORD007210,PROD00279,3.0,5
OI0014486,ORD007211,PROD00024,4.0,15
OI0014487,ORD007212,PROD00434,1.0,25
OI0014488,ORD007213,PROD00279,3.0,20
OI0014489,ORD007214,PROD00219,10.0,20
OI0014490,ORD007215,PROD00037,2.0,25
OI0014491,ORD007215,PROD00542,1.0,10
OI0014492,ORD007216,PROD00096,1.0,15
OI0014493,ORD007216,PROD00192,3.0,25
OI0014494,ORD007217,PROD00111,10.0,0
OI0014495,ORD007217,PROD00548,10.0,10
OI0014496,ORD007218,PROD00454,2.0,20
OI0014497,ORD007219,PROD00531,2.0,15
OI0014498,ORD007220,PROD00132,4.0,0
OI0014499,ORD007221,PROD00206,1.0,20
OI0014500,ORD007221,PROD00433,3.0,15
OI0014501,ORD007221,PROD00357,2.0,0
OI0014502,ORD007221,PROD00279,1.0,0
OI0014503,ORD007222,PROD00551,5.0,0
OI0014504,ORD007222,PROD00593,4.0,0
OI0014505,ORD007222,PROD00113,3.0,0
OI0014506,ORD007222,PROD00183,-1.0,0
OI0014507,ORD007223,PROD00483,1.0,15
OI0014508,ORD007223,PROD00050,2.0,10
OI0014509,ORD007223,PROD00493,2.0,10
OI0014510,ORD007224,PROD00578,3.0,10
OI0014511,ORD007224,PROD00166,2.0,20
OI0014512,ORD007225,PROD00475,1.0,25
OI0014513,ORD007226,PROD00238,3.0,15
OI0014514,ORD007227,PROD9694,3.0,10
OI0014515,ORD007227,PROD00009,3.0,10
OI0014516,ORD007228,PROD00489,4.0,10
OI0014517,ORD007229,PROD00046,2.0,0
OI0014518,ORD007229,PROD00237,10.0,5
OI0014519,ORD007229,PROD00400,1.0,20
OI0014520,ORD007229,PROD00215,-1.0,0
OI0014521,ORD007230,PROD00316,1.0,15
OI0014522,ORD007230,PROD00194,,0
OI0014523,ORD007230,PROD00103,-1.0,10
OI0014524,ORD007231,PROD00483,2.0,25
OI0014525,ORD007232,PROD00032,1.0,5
OI0014526,ORD007233,PROD00580,1.0,10
OI0014527,ORD007233,PROD00260,3.0,0
OI0014528,ORD007233,PROD00550,4.0,25
OI0014529,ORD007234,PROD00210,-1.0,0
OI0014530,ORD007235,PROD00363,2.0,5
OI0014531,ORD007236,PROD00332,1.0,0
OI0014532,ORD007236,PROD00490,1.0,0
OI0014533,ORD007237,PROD00070,5.0,25
OI0014534,ORD007238,PROD00181,2.0,0
OI0014535,ORD007238,PROD00550,10.0,0
OI0014536,ORD007238,PROD00111,1.0,20
OI0014537,ORD007239,PROD00354,500.0,5
OI0014538,ORD007240,PROD00448,5.0,20
OI0014539,ORD007240,PROD00324,2.0,0
OI0014540,ORD007240,PROD00519,-1.0,0
OI0014541,ORD007241,PROD00329,2.0,0
OI0014542,ORD007241,PROD00222,4.0,0
OI0014543,ORD007241,PROD00318,-1.0,25
OI0014544,ORD007241,PROD00539,-1.0,5
OI0014545,ORD007242,PROD00335,1.0,0
OI0014546,ORD007242,PROD00093,1.0,0
OI0014547,ORD007243,PROD00056,10.0,0
OI0014548,ORD007244,PROD00327,5.0,10
OI0014549,ORD007245,PROD00528,10.0,25
OI0014550,ORD007245,PROD00036,10.0,0
OI0014551,ORD007245,PROD00426,4.0,0
OI0014552,ORD007246,PROD00165,3.0,25
OI0014553,ORD007246,PROD00041,1.0,10
OI0014554,ORD007247,PROD00252,2.0,0
OI0014555,ORD007248,PROD00416,5.0,15
OI0014556,ORD007249,PROD00564,2.0,20
OI0014557,ORD007250,PROD00332,4.0,5
OI0014558,ORD007250,PROD00107,3.0,20
OI0014559,ORD007251,PROD00195,3.0,25
OI0014560,ORD007251,PROD00386,-1.0,0
OI0014561,ORD007252,PROD00227,1.0,5
OI0014562,ORD007252,PROD00374,3.0,15
OI0014563,ORD007253,PROD00394,4.0,20
OI0014564,ORD007253,PROD00164,2.0,5
OI0014565,ORD007254,PROD00539,2.0,0
OI0014566,ORD007254,PROD00079,1.0,10
OI0014567,ORD007254,PROD00194,1.0,10
OI0014568,ORD007255,PROD00288,2.0,0
OI0014569,ORD007256,PROD00175,3.0,0
OI0014570,ORD007256,PROD9968,-1.0,0
OI0014571,ORD007256,PROD00272,3.0,0
OI0014572,ORD007256,PROD00264,1.0,25
OI0014573,ORD007257,PROD00076,5.0,10
OI0014574,ORD007257,PROD00537,1.0,0
OI0014575,ORD007258,PROD00111,5.0,15
OI0014576,ORD007258,PROD00256,1.0,15
OI0014577,ORD007258,PROD00264,10.0,0
OI0014578,ORD007258,PROD00571,10.0,20
OI0014579,ORD007259,PROD00363,2.0,25
OI0014580,ORD007260,PROD00340,1.0,15
OI0014581,ORD007260,PROD00131,4.0,10
OI0014582,ORD007260,PROD00267,1.0,0
OI0014583,ORD007260,PROD00112,10.0,10
OI0014584,ORD007261,PROD00312,1.0,0
OI0014585,ORD007262,PROD00134,4.0,0
OI0014586,ORD007263,PROD00221,5.0,0
OI0014587,ORD007263,PROD00588,5.0,10
OI0014588,ORD007263,PROD00054,4.0,5
OI0014589,ORD007264,PROD00559,1.0,5
OI0014590,ORD007264,PROD00150,1.0,25
OI0014591,ORD007265,PROD00367,1.0,0
OI0014592,ORD007266,PROD00562,4.0,15
OI0014593,ORD007266,PROD00455,-1.0,20
OI0014594,ORD007267,PROD00405,-1.0,0
OI0014595,ORD007268,PROD00135,2.0,0
OI0014596,ORD007269,PROD00330,2.0,20
OI0014597,ORD007270,PROD00410,1.0,20
OI0014598,ORD007270,PROD00335,1.0,0
OI0014599,ORD007271,PROD00473,2.0,10
OI0014600,ORD007271,PROD00115,5.0,10
OI0014601,ORD007272,PROD00255,1.0,0
OI0014602,ORD007272,PROD00596,10.0,10
OI0014603,ORD007273,PROD00032,5.0,25
OI0014604,ORD007273,PROD00393,5.0,15
OI0014605,ORD007274,PROD00312,1.0,25
OI0014606,ORD007274,PROD00408,4.0,15
OI0014607,ORD007274,PROD00550,1.0,5
OI0014608,ORD007274,PROD00049,-1.0,5
OI0014609,ORD007275,PROD00417,10.0,15
OI0014610,ORD007276,PROD00121,3.0,10
OI0014611,ORD007276,PROD00289,-1.0,20
OI0014612,ORD007277,PROD00096,1.0,15
OI0014613,ORD007277,PROD00095,-1.0,15
OI0014614,ORD007278,PROD00584,5.0,5
OI0014615,ORD007278,PROD00450,3.0,15
OI0014616,ORD007278,PROD00071,10.0,5
OI0014617,ORD007278,PROD00442,1.0,15
OI0014618,ORD007279,PROD00173,-1.0,10
OI0014619,ORD007279,PROD9635,4.0,0
OI0014620,ORD007279,PROD00017,1.0,5
OI0014621,ORD007279,PROD00089,1.0,15
OI0014622,ORD007280,PROD00027,2.0,10
OI0014623,ORD007280,PROD00455,10.0,0
OI0014624,ORD007281,PROD00262,10.0,0
OI0014625,ORD007281,PROD00410,10.0,25
OI0014626,ORD007282,PROD00050,5.0,0
OI0014627,ORD007283,PROD00076,1.0,0
OI0014628,ORD007284,PROD00033,10.0,10
OI0014629,ORD007285,PROD00312,1.0,10
OI0014630,ORD007285,PROD00163,1.0,0
OI0014631,ORD007285,PROD00565,1.0,25
OI0014632,ORD007285,PROD00429,2.0,20
OI0014633,ORD007286,PROD00289,10.0,0
OI0014634,ORD007287,PROD00024,2.0,20
OI0014635,ORD007288,PROD00062,2.0,0
OI0014636,ORD007288,PROD00030,-1.0,25
OI0014637,ORD007288,PROD00055,2.0,20
OI0014638,ORD007289,PROD00485,1.0,25
OI0014639,ORD007290,PROD00213,2.0,15
OI0014640,ORD007291,PROD00584,4.0,0
OI0014641,ORD007292,PROD00452,4.0,5
OI0014642,ORD007293,PROD00485,1.0,0
OI0014643,ORD007294,PROD00281,-1.0,5
OI0014644,ORD007294,PROD00323,10.0,0
OI0014645,ORD007295,PROD00528,2.0,0
OI0014646,ORD007296,PROD00133,1.0,20
OI0014647,ORD007297,PROD00204,-1.0,20
OI0014648,ORD007298,PROD00192,2.0,10
OI0014649,ORD007299,PROD00485,5.0,20
OI0014650,ORD007299,PROD00180,2.0,0
OI0014651,ORD007299,PROD00431,1.0,15
OI0014652,ORD007299,PROD00415,-1.0,5
OI0014653,ORD007300,PROD00400,1.0,20
OI0014654,ORD007301,PROD00168,3.0,0
OI0014655,ORD007302,PROD00205,10.0,5
OI0014656,ORD007302,PROD00162,1.0,5
OI0014657,ORD007303,PROD00261,-1.0,5
OI0014658,ORD007303,PROD00122,2.0,15
OI0014659,ORD007304,PROD00584,1.0,15
OI0014660,ORD007304,PROD00381,1.0,20
OI0014661,ORD007304,PROD00368,2.0,25
OI0014662,ORD007305,PROD00451,-1.0,0
OI0014663,ORD007306,PROD00029,2.0,15
OI0014664,ORD007307,PROD00486,5.0,0
OI0014665,ORD007308,PROD00157,4.0,0
OI0014666,ORD007309,PROD00444,1.0,20
OI0014667,ORD007309,PROD00486,1.0,5
OI0014668,ORD007309,PROD00581,5.0,0
OI0014669,ORD007310,PROD00551,1.0,0
OI0014670,ORD007311,PROD00327,1.0,0
OI0014671,ORD007311,PROD00126,3.0,10
OI0014672,ORD007312,PROD00516,2.0,25
OI0014673,ORD007312,PROD00468,1.0,15
OI0014674,ORD007312,PROD00344,2.0,20
OI0014675,ORD007313,PROD00055,1.0,25
OI0014676,ORD007313,PROD00594,2.0,0
OI0014677,ORD007313,PROD00517,5.0,0
OI0014678,ORD007313,PROD00592,4.0,0
OI0014679,ORD007314,PROD00593,1.0,25
OI0014680,ORD007314,PROD00246,3.0,0
OI0014681,ORD007315,PROD00182,1.0,0
OI0014682,ORD007316,PROD00124,3.0,0
OI0014683,ORD007317,PROD00050,2.0,20
OI0014684,ORD007318,PROD00108,3.0,10
OI0014685,ORD007319,PROD00550,3.0,15
OI0014686,ORD007320,PROD00379,5.0,0
OI0014687,ORD007320,PROD00197,4.0,25
OI0014688,ORD007320,PROD00089,1.0,0
OI0014689,ORD007321,PROD00477,5.0,15
OI0014690,ORD007322,PROD00585,4.0,5
OI0014691,ORD007323,PROD00027,2.0,5
OI0014692,ORD007323,PROD00499,2.0,25
OI0014693,ORD007323,PROD00149,4.0,5
OI0014694,ORD007324,PROD00192,3.0,0
OI0014695,ORD007325,PROD00439,1.0,25
OI0014696,ORD007325,PROD00358,3.0,0
OI0014697,ORD007326,PROD00224,4.0,0
OI0014698,ORD007326,PROD00399,1.0,0
OI0014699,ORD007326,PROD00181,4.0,0
OI0014700,ORD007327,PROD00508,2.0,0
OI0014701,ORD007328,PROD00155,4.0,0
OI0014702,ORD007328,PROD00162,1.0,5
OI0014703,ORD007329,PROD00163,2.0,0
OI0014704,ORD007330,PROD00020,-1.0,20
OI0014705,ORD007331,PROD00479,-1.0,10
OI0014706,ORD007332,PROD00426,-1.0,10
OI0014707,ORD007333,PROD00263,10.0,15
OI0014708,ORD007333,PROD00578,-1.0,20
OI0014709,ORD007333,PROD00339,4.0,10
OI0014710,ORD007334,PROD00341,2.0,5
OI0014711,ORD007334,PROD00281,4.0,20
OI0014712,ORD007335,PROD00497,1.0,5
OI0014713,ORD007335,PROD00267,5.0,15
OI0014714,ORD007336,PROD00109,10.0,15
OI0014715,ORD007336,PROD00508,-1.0,0
OI0014716,ORD007336,PROD00474,5.0,25
OI0014717,ORD007336,PROD00358,1.0,0
OI0014718,ORD007337,PROD00175,1.0,25
OI0014719,ORD007337,PROD00051,2.0,10
OI0014720,ORD007337,PROD00359,1.0,5
OI0014721,ORD007338,PROD00267,3.0,0
OI0014722,ORD007339,PROD00276,2.0,15
OI0014723,ORD007339,PROD00453,2.0,10
OI0014724,ORD007339,PROD00545,2.0,25
OI0014725,ORD007339,PROD00359,2.0,5
OI0014726,ORD007340,PROD00546,1.0,10
OI0014727,ORD007340,PROD00553,4.0,0
OI0014728,ORD007341,PROD00159,10.0,0
OI0014729,ORD007341,PROD00471,1.0,10
OI0014730,ORD007341,PROD00446,2.0,0
OI0014731,ORD007341,PROD00360,2.0,20
OI0014732,ORD007342,PROD00575,2.0,0
OI0014733,ORD007342,PROD00194,4.0,10
OI0014734,ORD007342,PROD00127,10.0,25
OI0014735,ORD007342,PROD00177,1.0,0
OI0014736,ORD007343,PROD00448,-1.0,15
OI0014737,ORD007343,PROD00353,3.0,5
OI0014738,ORD007343,PROD00210,2.0,25
OI0014739,ORD007344,PROD00142,5.0,10
OI0014740,ORD007344,PROD00117,1.0,25
OI0014741,ORD007344,PROD00085,2.0,0
OI0014742,ORD007345,PROD00140,-1.0,0
OI0014743,ORD007346,PROD00165,5.0,0
OI0014744,ORD007347,PROD00123,10.0,0
OI0014745,ORD007348,PROD00289,5.0,20
OI0014746,ORD007348,PROD00314,1.0,0
OI0014747,ORD007349,PROD00566,4.0,15
OI0014748,ORD007350,PROD00593,10.0,0
OI0014749,ORD007350,PROD00263,5.0,20
OI0014750,ORD007350,PROD00536,1.0,0
OI0014751,ORD007351,PROD00215,3.0,10
OI0014752,ORD007351,PROD00003,1.0,10
OI0014753,ORD007352,PROD00046,1.0,15
OI0014754,ORD007353,PROD00339,3.0,10
OI0014755,ORD007354,PROD00072,-1.0,15
OI0014756,ORD007354,PROD00424,-1.0,15
OI0014757,ORD007354,PROD00049,1.0,25
OI0014758,ORD007355,PROD00030,2.0,15
OI0014759,ORD007356,PROD00300,1.0,25
OI0014760,ORD007356,PROD00131,1.0,0
OI0014761,ORD007357,PROD00552,1.0,10
OI0014762,ORD007357,PROD00272,-1.0,5
OI0014763,ORD007358,PROD00402,2.0,5
OI0014764,ORD007358,PROD00231,1.0,15
OI0014765,ORD007358,PROD00287,3.0,20
OI0014766,ORD007358,PROD00258,3.0,20
OI0014767,ORD007359,PROD00407,1.0,15
OI0014768,ORD007360,PROD00348,5.0,0
OI0014769,ORD007361,PROD00515,-1.0,15
OI0014770,ORD007361,PROD00425,5.0,0
OI0014771,ORD007361,PROD00175,1.0,15
OI0014772,ORD007361,PROD00503,1.0,0
OI0014773,ORD007362,PROD00594,5.0,0
OI0014774,ORD007363,PROD00538,10.0,0
OI0014775,ORD007364,PROD00091,2.0,15
OI0014776,ORD007364,PROD00193,-1.0,5
OI0014777,ORD007364,PROD00211,4.0,0
OI0014778,ORD007364,PROD00273,2.0,0
OI0014779,ORD007365,PROD00448,1.0,0
OI0014780,ORD007366,PROD00419,1.0,0
OI0014781,ORD007366,PROD00128,3.0,0
OI0014782,ORD007367,PROD00501,1.0,20
OI0014783,ORD007368,PROD00118,5.0,5
OI0014784,ORD007368,PROD00083,10.0,10
OI0014785,ORD007369,PROD00185,1.0,5
OI0014786,ORD007370,PROD00009,10.0,15
OI0014787,ORD007371,PROD00022,5.0,15
OI0014788,ORD007371,PROD00162,1.0,20
OI0014789,ORD007372,PROD00222,1.0,20
OI0014790,ORD007372,PROD00355,1.0,5
OI0014791,ORD007372,PROD00322,5.0,0
OI0014792,ORD007372,PROD00022,1.0,10
OI0014793,ORD007373,PROD00427,10.0,0
OI0014794,ORD007373,PROD00082,1.0,5
OI0014795,ORD007374,PROD00460,1.0,0
OI0014796,ORD007375,PROD00232,1.0,0
OI0014797,ORD007376,PROD00156,2.0,25
OI0014798,ORD007376,PROD00551,1.0,5
OI0014799,ORD007377,PROD00063,1.0,15
OI0014800,ORD007377,PROD00557,-1.0,0
OI0014801,ORD007378,PROD00138,2.0,25
OI0014802,ORD007379,PROD00055,10.0,0
OI0014803,ORD007380,PROD00595,2.0,25
OI0014804,ORD007381,PROD00512,1.0,0
OI0014805,ORD007382,PROD00314,1.0,0
OI0014806,ORD007382,PROD00416,1.0,25
OI0014807,ORD007382,PROD00069,1.0,15
OI0014808,ORD007383,PROD00176,3.0,25
OI0014809,ORD007383,PROD00445,-1.0,5
OI0014810,ORD007384,PROD00001,2.0,20
OI0014811,ORD007385,PROD00336,1.0,0
OI0014812,ORD007385,PROD00120,3.0,5
OI0014813,ORD007385,PROD00278,3.0,0
OI0014814,ORD007386,PROD00273,-1.0,20
OI0014815,ORD007386,PROD00070,1.0,10
OI0014816,ORD007387,PROD00033,-1.0,0
OI0014817,ORD007387,PROD00317,2.0,0
OI0014818,ORD007388,PROD00237,2.0,15
OI0014819,ORD007388,PROD00565,-1.0,25
OI0014820,ORD007389,PROD00358,4.0,0
OI0014821,ORD007389,PROD00299,5.0,20
OI0014822,ORD007389,PROD00470,5.0,0
OI0014823,ORD007389,PROD00111,4.0,25
OI0014824,ORD007390,PROD00214,1.0,0
OI0014825,ORD007391,PROD00324,1.0,10
OI0014826,ORD007391,PROD00194,500.0,5
OI0014827,ORD007392,PROD00220,-1.0,10
OI0014828,ORD007393,PROD00481,2.0,20
OI0014829,ORD007394,PROD00537,2.0,5
OI0014830,ORD007395,PROD00553,10.0,25
OI0014831,ORD007396,PROD00465,1.0,5
OI0014832,ORD007396,PROD00376,1.0,0
OI0014833,ORD007396,PROD00428,2.0,0
OI0014834,ORD007396,PROD00420,1.0,0
OI0014835,ORD007397,PROD00349,1.0,10
OI0014836,ORD007397,PROD00406,1.0,5
OI0014837,ORD007397,PROD00156,1.0,5
OI0014838,ORD007398,PROD00440,1.0,5
OI0014839,ORD007398,PROD00002,1.0,0
OI0014840,ORD007398,PROD00545,1.0,25
OI0014841,ORD007399,PROD00219,3.0,10
OI0014842,ORD007399,PROD00043,1.0,0
OI0014843,ORD007400,PROD00444,3.0,5
OI0014844,ORD007400,PROD00560,10.0,5
OI0014845,ORD007401,PROD00214,2.0,0
OI0014846,ORD007401,PROD00399,-1.0,20
OI0014847,ORD007402,PROD00262,1.0,5
OI0014848,ORD007403,PROD00222,10.0,0
OI0014849,ORD007403,PROD00450,4.0,20
OI0014850,ORD007403,PROD00280,1.0,0
OI0014851,ORD007403,PROD00125,3.0,20
OI0014852,ORD007404,PROD00197,1.0,10
OI0014853,ORD007404,PROD00557,5.0,0
OI0014854,ORD007404,PROD00150,10.0,10
OI0014855,ORD007405,PROD00019,1.0,20
OI0014856,ORD007406,PROD00107,1.0,0
OI0014857,ORD007406,PROD00354,-1.0,5
OI0014858,ORD007406,PROD00339,10.0,5
OI0014859,ORD007406,PROD00599,3.0,25
OI0014860,ORD007407,PROD00060,3.0,20
OI0014861,ORD007408,PROD00572,1.0,5
OI0014862,ORD007409,PROD00161,1.0,15
OI0014863,ORD007410,PROD00574,10.0,10
OI0014864,ORD007410,PROD00569,10.0,25
OI0014865,ORD007410,PROD00459,-1.0,0
OI0014866,ORD007411,PROD00011,1.0,15
OI0014867,ORD007412,PROD00473,1.0,5
OI0014868,ORD007412,PROD00094,4.0,5
OI0014869,ORD007412,PROD00135,-1.0,0
OI0014870,ORD007412,PROD00276,4.0,5
OI0014871,ORD007413,PROD00194,5.0,10
OI0014872,ORD007413,PROD00521,1.0,5
OI0014873,ORD007413,PROD00423,3.0,15
OI0014874,ORD007414,PROD00290,4.0,0
OI0014875,ORD007415,PROD00233,2.0,0
OI0014876,ORD007415,PROD00139,2.0,10
OI0014877,ORD007416,PROD00177,2.0,0
OI0014878,ORD007416,PROD00499,5.0,0
OI0014879,ORD007417,PROD00593,-1.0,0
OI0014880,ORD007417,PROD00168,4.0,25
OI0014881,ORD007417,PROD00375,1.0,10
OI0014882,ORD007417,PROD00276,1.0,20
OI0014883,ORD007418,PROD00295,3.0,25
OI0014884,ORD007419,PROD00154,1.0,0
OI0014885,ORD007419,PROD00171,1.0,25
OI0014886,ORD007420,PROD00312,2.0,10
OI0014887,ORD007421,PROD00121,10.0,10
OI0014888,ORD007421,PROD00136,1.0,0
OI0014889,ORD007421,PROD00310,10.0,10
OI0014890,ORD007422,PROD00266,10.0,0
OI0014891,ORD007422,PROD00563,1.0,0
OI0014892,ORD007423,PROD00195,2.0,10
OI0014893,ORD007424,PROD00288,2.0,0
OI0014894,ORD007424,PROD00558,3.0,0
OI0014895,ORD007424,PROD00376,2.0,10
OI0014896,ORD007425,PROD00008,2.0,0
OI0014897,ORD007425,PROD00361,4.0,0
OI0014898,ORD007425,PROD00245,2.0,0
OI0014899,ORD007426,PROD00147,4.0,0
OI0014900,ORD007426,PROD00283,2.0,0
OI0014901,ORD007427,PROD00367,4.0,0
OI0014902,ORD007428,PROD00472,2.0,0
OI0014903,ORD007428,PROD00061,1.0,20
OI0014904,ORD007429,PROD00503,10.0,5
OI0014905,ORD007430,PROD00400,1.0,15
OI0014906,ORD007431,PROD00035,10.0,15
OI0014907,ORD007431,PROD00515,-1.0,25
OI0014908,ORD007431,PROD00478,-1.0,10
OI0014909,ORD007431,PROD00101,2.0,0
OI0014910,ORD007432,PROD9619,1.0,25
OI0014911,ORD007432,PROD00209,-1.0,10
OI0014912,ORD007433,PROD00597,3.0,0
OI0014913,ORD007433,PROD00158,3.0,5
OI0014914,ORD007433,PROD00562,5.0,0
OI0014915,ORD007433,PROD00385,-1.0,0
OI0014916,ORD007434,PROD00529,1.0,10
OI0014917,ORD007435,PROD00381,-1.0,25
OI0014918,ORD007436,PROD00515,4.0,0
OI0014919,ORD007437,PROD00170,5.0,20
OI0014920,ORD007437,PROD00142,4.0,20
OI0014921,ORD007438,PROD00076,3.0,5
OI0014922,ORD007438,PROD00518,2.0,10
OI0014923,ORD007439,PROD00494,10.0,5
OI0014924,ORD007439,PROD9041,1.0,0
OI0014925,ORD007440,PROD00475,-1.0,0
OI0014926,ORD007440,PROD00039,1.0,20
OI0014927,ORD007441,PROD00585,1.0,20
OI0014928,ORD007441,PROD00342,-1.0,0
OI0014929,ORD007442,PROD00115,3.0,5
OI0014930,ORD007443,PROD00441,10.0,20
OI0014931,ORD007444,PROD00478,1.0,25
OI0014932,ORD007445,PROD00076,1.0,25
OI0014933,ORD007446,PROD00102,-1.0,0
OI0014934,ORD007447,PROD00417,2.0,20
OI0014935,ORD007447,PROD00084,1.0,20
OI0014936,ORD007447,PROD00077,2.0,20
OI0014937,ORD007448,PROD00087,3.0,0
OI0014938,ORD007449,PROD00159,2.0,10
OI0014939,ORD007449,PROD00598,-1.0,10
OI0014940,ORD007450,PROD00149,1.0,0
OI0014941,ORD007450,PROD00004,10.0,0
OI0014942,ORD007451,PROD00099,10.0,25
OI0014943,ORD007451,PROD00173,2.0,20
OI0014944,ORD007452,PROD00551,1.0,0
OI0014945,ORD007452,PROD00071,-1.0,5
OI0014946,ORD007452,PROD00528,1.0,20
OI0014947,ORD007452,PROD00571,1.0,5
OI0014948,ORD007453,PROD00375,3.0,15
OI0014949,ORD007453,PROD00529,3.0,0
OI0014950,ORD007453,PROD00401,5.0,10
OI0014951,ORD007454,PROD00443,-1.0,15
OI0014952,ORD007455,PROD00162,2.0,0
OI0014953,ORD007455,PROD00230,2.0,0
OI0014954,ORD007456,PROD00561,1.0,0
OI0014955,ORD007456,PROD00497,1.0,0
OI0014956,ORD007456,PROD00089,500.0,0
OI0014957,ORD007456,PROD00599,10.0,10
OI0014958,ORD007457,PROD00297,1.0,0
OI0014959,ORD007457,PROD00194,2.0,0
OI0014960,ORD007458,PROD00534,2.0,10
OI0014961,ORD007458,PROD00091,-1.0,0
OI0014962,ORD007459,PROD00030,10.0,0
OI0014963,ORD007459,PROD00399,3.0,20
OI0014964,ORD007460,PROD00485,3.0,25
OI0014965,ORD007461,PROD00241,1.0,25
OI0014966,ORD007461,PROD00259,-1.0,15
OI0014967,ORD007461,PROD00037,-1.0,0
OI0014968,ORD007461,PROD00564,1.0,15
OI0014969,ORD007462,PROD00587,2.0,0
OI0014970,ORD007463,PROD00450,-1.0,0
OI0014971,ORD007464,PROD00569,1.0,0
OI0014972,ORD007464,PROD00597,2.0,10
OI0014973,ORD007465,PROD00380,-1.0,20
OI0014974,ORD007465,PROD00573,1.0,5
OI0014975,ORD007465,PROD00393,2.0,15
OI0014976,ORD007466,PROD00216,2.0,5
OI0014977,ORD007467,PROD00222,10.0,25
OI0014978,ORD007467,PROD00479,2.0,0
OI0014979,ORD007467,PROD00135,3.0,0
OI0014980,ORD007467,PROD00447,4.0,25
OI0014981,ORD007468,PROD00119,1.0,10
OI0014982,ORD007469,PROD00088,10.0,0
OI0014983,ORD007470,PROD00344,1.0,0
OI0014984,ORD007471,PROD00501,3.0,25
OI0014985,ORD007471,PROD00288,1.0,20
OI0014986,ORD007471,PROD00247,10.0,5
OI0014987,ORD007472,PROD00116,4.0,10
OI0014988,ORD007472,PROD00212,5.0,20
OI0014989,ORD007473,PROD00522,3.0,0
OI0014990,ORD007474,PROD00103,10.0,0
OI0014991,ORD007475,PROD00119,4.0,0
OI0014992,ORD007475,PROD00426,2.0,0
OI0014993,ORD007475,PROD00450,2.0,20
OI0014994,ORD007476,PROD00096,1.0,20
OI0014995,ORD007477,PROD00013,4.0,25
OI0014996,ORD007478,PROD00159,10.0,15
OI0014997,ORD007479,PROD00395,5.0,0
OI0014998,ORD007479,PROD00472,4.0,0
OI0014999,ORD007480,PROD00449,10.0,15
OI0015000,ORD007480,PROD00081,4.0,15
OI0015001,ORD007480,PROD00183,2.0,0
OI0015002,ORD007480,PROD00475,3.0,5
OI0015003,ORD007481,PROD00347,10.0,0
OI0015004,ORD007481,PROD00078,3.0,15
OI0015005,ORD007482,PROD00167,5.0,15
OI0015006,ORD007482,PROD00045,1.0,25
OI0015007,ORD007483,PROD00496,1.0,10
OI0015008,ORD007483,PROD00026,10.0,25
OI0015009,ORD007483,PROD00561,10.0,0
OI0015010,ORD007484,PROD00131,1.0,15
OI0015011,ORD007484,PROD00560,10.0,0
OI0015012,ORD007484,PROD00463,1.0,15
OI0015013,ORD007485,PROD00104,4.0,15
OI0015014,ORD007485,PROD00087,10.0,5
OI0015015,ORD007485,PROD00450,10.0,20
OI0015016,ORD007485,PROD00098,-1.0,0
OI0015017,ORD007486,PROD00182,2.0,20
OI0015018,ORD007486,PROD00109,1.0,15
OI0015019,ORD007486,PROD00472,10.0,5
OI0015020,ORD007486,PROD00022,2.0,10
OI0015021,ORD007487,PROD00338,-1.0,0
OI0015022,ORD007487,PROD00238,1.0,0
OI0015023,ORD007488,PROD00002,2.0,10
OI0015024,ORD007488,PROD00333,5.0,20
OI0015025,ORD007488,PROD00210,10.0,5
OI0015026,ORD007489,PROD00563,-1.0,5
OI0015027,ORD007490,PROD00186,2.0,15
OI0015028,ORD007491,PROD00078,1.0,25
OI0015029,ORD007491,PROD00426,1.0,20
OI0015030,ORD007492,PROD00507,2.0,20
OI0015031,ORD007492,PROD00393,4.0,0
OI0015032,ORD007492,PROD00181,-1.0,0
OI0015033,ORD007492,PROD00069,-1.0,0
OI0015034,ORD007493,PROD00436,2.0,10
OI0015035,ORD007493,PROD00037,2.0,10
OI0015036,ORD007494,PROD00207,1.0,5
OI0015037,ORD007495,PROD00176,10.0,0
OI0015038,ORD007495,PROD00126,-1.0,25
OI0015039,ORD007496,PROD00343,2.0,0
OI0015040,ORD007496,PROD00299,5.0,10
OI0015041,ORD007497,PROD00587,5.0,0
OI0015042,ORD007497,PROD00174,1.0,0
OI0015043,ORD007497,PROD00002,2.0,0
OI0015044,ORD007497,PROD00316,-1.0,5
OI0015045,ORD007498,PROD00077,1.0,25
OI0015046,ORD007498,PROD00382,1.0,5
OI0015047,ORD007498,PROD00085,3.0,0
OI0015048,ORD007499,PROD00266,2.0,15
OI0015049,ORD007500,PROD00024,4.0,15
OI0015050,ORD007500,PROD00284,10.0,0
OI0015051,ORD007500,PROD00176,-1.0,0
OI0015052,ORD007501,PROD00351,2.0,15
OI0015053,ORD007501,PROD00280,1.0,5
OI0015054,ORD007501,PROD00480,2.0,20
OI0015055,ORD007501,PROD00371,5.0,0
OI0015056,ORD007502,PROD00107,4.0,15
OI0015057,ORD007502,PROD9240,4.0,10
OI0015058,ORD007503,PROD00505,2.0,0
OI0015059,ORD007503,PROD00488,2.0,0
OI0015060,ORD007504,PROD00478,2.0,5
OI0015061,ORD007505,PROD00522,5.0,5
OI0015062,ORD007505,PROD00407,4.0,20
OI0015063,ORD007506,PROD00307,2.0,25
OI0015064,ORD007507,PROD00082,5.0,25
OI0015065,ORD007508,PROD00432,1.0,25
OI0015066,ORD007508,PROD00180,3.0,15
OI0015067,ORD007508,PROD00515,1.0,0
OI0015068,ORD007509,PROD00309,3.0,0
OI0015069,ORD007510,PROD00381,1.0,20
OI0015070,ORD007510,PROD00461,2.0,0
OI0015071,ORD007511,PROD00336,1.0,0
OI0015072,ORD007511,PROD00112,3.0,5
OI0015073,ORD007511,PROD00094,1.0,0
OI0015074,ORD007511,PROD00584,1.0,20
OI0015075,ORD007512,PROD00124,1.0,20
OI0015076,ORD007512,PROD9003,-1.0,0
OI0015077,ORD007513,PROD00099,5.0,0
OI0015078,ORD007513,PROD00183,5.0,10
OI0015079,ORD007513,PROD00479,2.0,0
OI0015080,ORD007513,PROD00086,-1.0,20
OI0015081,ORD007514,PROD00278,10.0,0
OI0015082,ORD007514,PROD00006,2.0,10
OI0015083,ORD007515,PROD00163,1.0,5
OI0015084,ORD007516,PROD00207,2.0,0
OI0015085,ORD007517,PROD00331,1.0,0
OI0015086,ORD007517,PROD00379,1.0,5
OI0015087,ORD007518,PROD00420,2.0,10
OI0015088,ORD007518,PROD00514,10.0,10
OI0015089,ORD007518,PROD00355,3.0,10
OI0015090,ORD007518,PROD00582,5.0,15
OI0015091,ORD007519,PROD00429,1.0,25
OI0015092,ORD007519,PROD00398,5.0,0
OI0015093,ORD007519,PROD00385,3.0,0
OI0015094,ORD007520,PROD00011,1.0,0
OI0015095,ORD007520,PROD00257,3.0,0
OI0015096,ORD007521,PROD00049,5.0,15
OI0015097,ORD007521,PROD00146,2.0,0
OI0015098,ORD007522,PROD00216,1.0,0
OI0015099,ORD007522,PROD00312,3.0,5
OI0015100,ORD007522,PROD00150,2.0,0
OI0015101,ORD007523,PROD00081,3.0,5
OI0015102,ORD007523,PROD00294,-1.0,0
OI0015103,ORD007523,PROD00552,1.0,20
OI0015104,ORD007523,PROD00237,10.0,15
OI0015105,ORD007524,PROD00254,1.0,0
OI0015106,ORD007524,PROD00444,5.0,20
OI0015107,ORD007525,PROD00340,10.0,0
OI0015108,ORD007525,PROD00142,4.0,20
OI0015109,ORD007526,PROD00355,2.0,5
OI0015110,ORD007526,PROD00194,2.0,5
OI0015111,ORD007527,PROD00381,3.0,5
OI0015112,ORD007528,PROD00594,5.0,15
OI0015113,ORD007529,PROD00553,1.0,5
OI0015114,ORD007529,PROD00342,3.0,5
OI0015115,ORD007530,PROD00513,3.0,20
OI0015116,ORD007530,PROD00463,1.0,10
OI0015117,ORD007530,PROD00262,4.0,0
OI0015118,ORD007531,PROD00043,3.0,25
OI0015119,ORD007531,PROD00224,2.0,5
OI0015120,ORD007531,PROD00115,1.0,15
OI0015121,ORD007532,PROD00572,5.0,15
OI0015122,ORD007533,PROD00292,3.0,10
OI0015123,ORD007533,PROD00082,1.0,0
OI0015124,ORD007533,PROD00232,10.0,5
OI0015125,ORD007534,PROD00153,2.0,25
OI0015126,ORD007535,PROD00018,-1.0,0
OI0015127,ORD007535,PROD00329,3.0,0
OI0015128,ORD007535,PROD00146,1.0,10
OI0015129,ORD007536,PROD00118,10.0,0
OI0015130,ORD007537,PROD00063,1.0,20
OI0015131,ORD007537,PROD00329,2.0,10
OI0015132,ORD007537,PROD00232,5.0,10
OI0015133,ORD007537,PROD00082,1.0,20
OI0015134,ORD007538,PROD00301,1.0,15
OI0015135,ORD007538,PROD00135,10.0,0
OI0015136,ORD007539,PROD00567,1.0,20
OI0015137,ORD007539,PROD00339,4.0,20
OI0015138,ORD007540,PROD00022,-1.0,10
OI0015139,ORD007541,PROD00025,1.0,0
OI0015140,ORD007542,PROD00429,10.0,25
OI0015141,ORD007542,PROD00161,2.0,15
OI0015142,ORD007542,PROD00327,10.0,5
OI0015143,ORD007542,PROD00369,10.0,0
OI0015144,ORD007543,PROD00597,10.0,0
OI0015145,ORD007543,PROD00371,4.0,0
OI0015146,ORD007543,PROD00457,2.0,0
OI0015147,ORD007544,PROD00008,10.0,15
OI0015148,ORD007545,PROD00141,2.0,15
OI0015149,ORD007546,PROD00497,10.0,15
OI0015150,ORD007547,PROD00328,1.0,0
OI0015151,ORD007547,PROD00217,-1.0,25
OI0015152,ORD007548,PROD00292,2.0,15
OI0015153,ORD007548,PROD00393,2.0,0
OI0015154,ORD007548,PROD00089,3.0,20
OI0015155,ORD007549,PROD00052,4.0,0
OI0015156,ORD007549,PROD00060,3.0,20
OI0015157,ORD007550,PROD00441,1.0,15
OI0015158,ORD007550,PROD00055,2.0,10
OI0015159,ORD007551,PROD9357,1.0,20
OI0015160,ORD007551,PROD00041,10.0,15
OI0015161,ORD007551,PROD00336,2.0,10
OI0015162,ORD007551,PROD00053,3.0,10
OI0015163,ORD007552,PROD00417,-1.0,0
OI0015164,ORD007552,PROD00274,5.0,15
OI0015165,ORD007552,PROD00010,2.0,15
OI0015166,ORD007553,PROD00217,10.0,0
OI0015167,ORD007554,PROD00235,1.0,0
OI0015168,ORD007555,PROD00470,1.0,15
OI0015169,ORD007555,PROD00409,10.0,5
OI0015170,ORD007555,PROD00221,2.0,5
OI0015171,ORD007556,PROD00477,10.0,0
OI0015172,ORD007556,PROD00273,1.0,25
OI0015173,ORD007556,PROD00286,3.0,15
OI0015174,ORD007556,PROD00552,10.0,0
OI0015175,ORD007557,PROD00334,5.0,5
OI0015176,ORD007558,PROD00370,2.0,25
OI0015177,ORD007558,PROD00217,10.0,15
OI0015178,ORD007558,PROD00480,4.0,0
OI0015179,ORD007559,PROD00014,1.0,0
OI0015180,ORD007560,PROD00492,2.0,0
OI0015181,ORD007560,PROD00171,-1.0,0
OI0015182,ORD007560,PROD00094,3.0,0
OI0015183,ORD007560,PROD00135,4.0,15
OI0015184,ORD007561,PROD00006,2.0,10
OI0015185,ORD007562,PROD00412,10.0,20
OI0015186,ORD007562,PROD00573,2.0,25
OI0015187,ORD007562,PROD00298,5.0,0
OI0015188,ORD007563,PROD00511,-1.0,20
OI0015189,ORD007564,PROD00264,1.0,0
OI0015190,ORD007565,PROD00027,10.0,25
OI0015191,ORD007566,PROD00360,1.0,0
OI0015192,ORD007567,PROD00341,3.0,0
OI0015193,ORD007568,PROD00051,4.0,0
OI0015194,ORD007569,PROD00096,1.0,0
OI0015195,ORD007569,PROD00345,5.0,10
OI0015196,ORD007569,PROD00523,5.0,10
OI0015197,ORD007570,PROD00400,1.0,0
OI0015198,ORD007571,PROD00133,-1.0,0
OI0015199,ORD007571,PROD00315,1.0,0
OI0015200,ORD007572,PROD00290,1.0,20
OI0015201,ORD007573,PROD00266,3.0,10
OI0015202,ORD007574,PROD00003,1.0,20
OI0015203,ORD007575,PROD00090,5.0,25
OI0015204,ORD007575,PROD00166,3.0,0
OI0015205,ORD007575,PROD00013,2.0,15
OI0015206,ORD007576,PROD00453,4.0,0
OI0015207,ORD007576,PROD00404,1.0,0
OI0015208,ORD007576,PROD00153,2.0,10
OI0015209,ORD007576,PROD00321,2.0,15
OI0015210,ORD007577,PROD00115,1.0,0
OI0015211,ORD007577,PROD00563,1.0,0
OI0015212,ORD007578,PROD00118,10.0,20
OI0015213,ORD007578,PROD00148,2.0,20
OI0015214,ORD007578,PROD00069,10.0,0
OI0015215,ORD007579,PROD00202,1.0,0
OI0015216,ORD007579,PROD00354,,25
OI0015217,ORD007579,PROD00234,10.0,0
OI0015218,ORD007579,PROD00142,1.0,10
OI0015219,ORD007580,PROD00409,1.0,0
OI0015220,ORD007580,PROD00133,1.0,0
OI0015221,ORD007581,PROD00462,-1.0,15
OI0015222,ORD007581,PROD00261,-1.0,0
OI0015223,ORD007582,PROD00527,1.0,0
OI0015224,ORD007582,PROD00179,2.0,25
OI0015225,ORD007582,PROD00449,5.0,15
OI0015226,ORD007583,PROD00249,2.0,10
OI0015227,ORD007584,PROD00065,1.0,15
OI0015228,ORD007585,PROD00447,10.0,0
OI0015229,ORD007585,PROD00369,10.0,10
OI0015230,ORD007586,PROD00315,-1.0,5
OI0015231,ORD007587,PROD00521,5.0,25
OI0015232,ORD007588,PROD00586,500.0,15
OI0015233,ORD007589,PROD00486,1.0,0
OI0015234,ORD007589,PROD00098,-1.0,25
OI0015235,ORD007590,PROD00272,1.0,0
OI0015236,ORD007591,PROD00213,4.0,0
OI0015237,ORD007591,PROD00395,2.0,0
OI0015238,ORD007592,PROD00445,1.0,20
OI0015239,ORD007593,PROD00491,10.0,0
OI0015240,ORD007593,PROD00125,2.0,10
OI0015241,ORD007593,PROD00108,1.0,15
OI0015242,ORD007594,PROD00268,2.0,20
OI0015243,ORD007595,PROD00131,2.0,0
OI0015244,ORD007595,PROD00453,2.0,20
OI0015245,ORD007595,PROD00258,3.0,20
OI0015246,ORD007596,PROD00463,1.0,0
OI0015247,ORD007596,PROD00252,1.0,25
OI0015248,ORD007596,PROD00156,3.0,5
OI0015249,ORD007596,PROD00036,1.0,15
OI0015250,ORD007597,PROD00366,2.0,0
OI0015251,ORD007598,PROD00134,1.0,0
OI0015252,ORD007598,PROD00585,1.0,20
OI0015253,ORD007598,PROD00383,4.0,0
OI0015254,ORD007599,PROD00203,4.0,25
OI0015255,ORD007600,PROD00034,1.0,10
OI0015256,ORD007600,PROD00365,2.0,0
OI0015257,ORD007601,PROD00288,1.0,0
OI0015258,ORD007602,PROD00138,2.0,15
OI0015259,ORD007602,PROD00574,1.0,0
OI0015260,ORD007603,PROD00580,3.0,15
OI0015261,ORD007603,PROD00071,500.0,25
OI0015262,ORD007604,PROD00595,2.0,5
OI0015263,ORD007605,PROD00035,1.0,10
OI0015264,ORD007605,PROD00580,4.0,15
OI0015265,ORD007606,PROD00397,4.0,0
OI0015266,ORD007607,PROD00344,1.0,25
OI0015267,ORD007607,PROD00010,10.0,20
OI0015268,ORD007608,PROD00289,4.0,20
OI0015269,ORD007609,PROD00184,-1.0,0
OI0015270,ORD007610,PROD00457,2.0,0
OI0015271,ORD007610,PROD00511,1.0,5
OI0015272,ORD007611,PROD00140,2.0,0
OI0015273,ORD007611,PROD00027,2.0,10
OI0015274,ORD007612,PROD00569,2.0,0
OI0015275,ORD007613,PROD00589,5.0,25
OI0015276,ORD007613,PROD00254,4.0,5
OI0015277,ORD007613,PROD00370,1.0,20
OI0015278,ORD007614,PROD00356,1.0,20
OI0015279,ORD007614,PROD00301,1.0,0
OI0015280,ORD007614,PROD00292,3.0,20
OI0015281,ORD007615,PROD00558,1.0,20
OI0015282,ORD007616,PROD00553,4.0,0
OI0015283,ORD007616,PROD00048,4.0,25
OI0015284,ORD007617,PROD00103,5.0,25
OI0015285,ORD007618,PROD00040,10.0,25
OI0015286,ORD007618,PROD00525,2.0,0
OI0015287,ORD007618,PROD00339,4.0,0
OI0015288,ORD007618,PROD00553,-1.0,0
OI0015289,ORD007619,PROD00511,5.0,15
OI0015290,ORD007619,PROD00317,10.0,0
OI0015291,ORD007619,PROD00067,3.0,25
OI0015292,ORD007620,PROD00072,4.0,20
OI0015293,ORD007620,PROD00552,10.0,0
OI0015294,ORD007620,PROD00143,5.0,25
OI0015295,ORD007620,PROD00349,5.0,10
OI0015296,ORD007621,PROD00335,4.0,15
OI0015297,ORD007621,PROD00108,5.0,0
OI0015298,ORD007622,PROD00414,4.0,20
OI0015299,ORD007623,PROD00587,10.0,25
OI0015300,ORD007623,PROD00339,2.0,0
OI0015301,ORD007623,PROD00163,10.0,0
OI0015302,ORD007624,PROD00346,5.0,20
OI0015303,ORD007625,PROD00062,4.0,20
OI0015304,ORD007626,PROD00080,1.0,10
OI0015305,ORD007627,PROD00508,1.0,10
OI0015306,ORD007627,PROD00509,1.0,0
OI0015307,ORD007628,PROD00210,2.0,10
OI0015308,ORD007628,PROD00277,2.0,0
OI0015309,ORD007628,PROD00528,1.0,0
OI0015310,ORD007628,PROD00023,10.0,0
OI0015311,ORD007629,PROD00379,1.0,5
OI0015312,ORD007630,PROD00202,4.0,0
OI0015313,ORD007631,PROD00103,2.0,0
OI0015314,ORD007631,PROD00120,-1.0,25
OI0015315,ORD007632,PROD00162,4.0,10
OI0015316,ORD007633,PROD00493,-1.0,20
OI0015317,ORD007634,PROD00214,4.0,25
OI0015318,ORD007635,PROD00367,2.0,0
OI0015319,ORD007636,PROD00270,1.0,10
OI0015320,ORD007636,PROD00056,5.0,20
OI0015321,ORD007636,PROD00306,5.0,0
OI0015322,ORD007636,PROD00308,10.0,0
OI0015323,ORD007637,PROD00329,1.0,0
OI0015324,ORD007637,PROD00102,2.0,0
OI0015325,ORD007637,PROD00431,1.0,10
OI0015326,ORD007638,PROD00003,5.0,10
OI0015327,ORD007638,PROD00428,2.0,0
OI0015328,ORD007639,PROD00546,4.0,0
OI0015329,ORD007640,PROD00476,1.0,15
OI0015330,ORD007640,PROD00578,1.0,15
OI0015331,ORD007641,PROD00505,10.0,5
OI0015332,ORD007641,PROD00362,1.0,0
OI0015333,ORD007642,PROD00525,1.0,0
OI0015334,ORD007642,PROD9711,10.0,5
OI0015335,ORD007643,PROD9078,3.0,10
OI0015336,ORD007644,PROD00137,2.0,0
OI0015337,ORD007645,PROD00166,-1.0,0
OI0015338,ORD007646,PROD00492,3.0,25
OI0015339,ORD007647,PROD00276,-1.0,10
OI0015340,ORD007648,PROD00387,5.0,25
OI0015341,ORD007648,PROD00097,3.0,0
OI0015342,ORD007648,PROD00016,3.0,15
OI0015343,ORD007649,PROD00139,1.0,0
OI0015344,ORD007649,PROD00280,2.0,0
OI0015345,ORD007650,PROD00446,5.0,5
OI0015346,ORD007651,PROD00406,2.0,25
OI0015347,ORD007651,PROD00369,4.0,5
OI0015348,ORD007651,PROD00417,1.0,25
OI0015349,ORD007651,PROD00479,5.0,25
OI0015350,ORD007652,PROD00237,1.0,20
OI0015351,ORD007652,PROD00329,2.0,25
OI0015352,ORD007652,PROD00278,4.0,0
OI0015353,ORD007653,PROD00595,1.0,15
OI0015354,ORD007653,PROD00133,2.0,15
OI0015355,ORD007654,PROD00155,-1.0,5
OI0015356,ORD007655,PROD00447,-1.0,25
OI0015357,ORD007655,PROD00598,-1.0,10
OI0015358,ORD007656,PROD00084,2.0,5
OI0015359,ORD007657,PROD00098,1.0,25
OI0015360,ORD007658,PROD00429,-1.0,0
OI0015361,ORD007659,PROD00499,1.0,20
OI0015362,ORD007660,PROD00241,-1.0,20
OI0015363,ORD007660,PROD00435,1.0,0
OI0015364,ORD007661,PROD00508,5.0,0
OI0015365,ORD007662,PROD00135,-1.0,20
OI0015366,ORD007663,PROD00522,5.0,15
OI0015367,ORD007664,PROD00003,5.0,0
OI0015368,ORD007665,PROD00412,1.0,20
OI0015369,ORD007665,PROD00378,-1.0,0
OI0015370,ORD007665,PROD00177,500.0,10
OI0015371,ORD007666,PROD9323,2.0,10
OI0015372,ORD007667,PROD00066,3.0,15
OI0015373,ORD007667,PROD00443,1.0,15
OI0015374,ORD007668,PROD00190,1.0,10
OI0015375,ORD007668,PROD00022,4.0,0
OI0015376,ORD007668,PROD00535,2.0,25
OI0015377,ORD007668,PROD00036,-1.0,20
OI0015378,ORD007669,PROD00401,1.0,25
OI0015379,ORD007669,PROD00255,5.0,0
OI0015380,ORD007670,PROD00545,10.0,5
OI0015381,ORD007670,PROD00574,2.0,10
OI0015382,ORD007670,PROD00406,1.0,20
OI0015383,ORD007671,PROD00438,1.0,0
OI0015384,ORD007671,PROD00176,10.0,15
OI0015385,ORD007671,PROD00346,500.0,25
OI0015386,ORD007672,PROD00151,1.0,0
OI0015387,ORD007672,PROD00524,10.0,10
OI0015388,ORD007673,PROD00392,4.0,20
OI0015389,ORD007674,PROD00204,1.0,0
OI0015390,ORD007674,PROD00538,10.0,20
OI0015391,ORD007674,PROD00143,1.0,25
OI0015392,ORD007674,PROD00237,4.0,0
OI0015393,ORD007675,PROD00240,-1.0,0
OI0015394,ORD007675,PROD00142,1.0,0
OI0015395,ORD007675,PROD00338,1.0,10
OI0015396,ORD007675,PROD00203,2.0,0
OI0015397,ORD007676,PROD00216,5.0,20
OI0015398,ORD007676,PROD00231,1.0,10
OI0015399,ORD007677,PROD00110,1.0,0
OI0015400,ORD007677,PROD00421,2.0,0
OI0015401,ORD007677,PROD00450,2.0,15
OI0015402,ORD007677,PROD00323,1.0,0
OI0015403,ORD007678,PROD00493,5.0,5
OI0015404,ORD007679,PROD00291,1.0,25
OI0015405,ORD007680,PROD00283,3.0,0
OI0015406,ORD007681,PROD00029,10.0,5
OI0015407,ORD007681,PROD00157,-1.0,20
OI0015408,ORD007682,PROD00341,1.0,0
OI0015409,ORD007682,PROD00374,3.0,10
OI0015410,ORD007683,PROD00069,1.0,0
OI0015411,ORD007684,PROD00442,1.0,5
OI0015412,ORD007685,PROD00521,4.0,5
OI0015413,ORD007686,PROD00491,1.0,0
OI0015414,ORD007687,PROD00208,10.0,10
OI0015415,ORD007687,PROD00408,1.0,20
OI0015416,ORD007688,PROD00521,2.0,25
OI0015417,ORD007688,PROD00493,2.0,10
OI0015418,ORD007688,PROD00136,2.0,0
OI0015419,ORD007689,PROD00024,3.0,10
OI0015420,ORD007689,PROD00155,3.0,15
OI0015421,ORD007690,PROD00027,4.0,15
OI0015422,ORD007690,PROD00174,-1.0,10
OI0015423,ORD007691,PROD00073,2.0,0
OI0015424,ORD007691,PROD00366,2.0,0
OI0015425,ORD007691,PROD00506,1.0,0
OI0015426,ORD007691,PROD00418,2.0,0
OI0015427,ORD007692,PROD00554,3.0,0
OI0015428,ORD007692,PROD00328,1.0,0
OI0015429,ORD007692,PROD00342,1.0,0
OI0015430,ORD007692,PROD00361,-1.0,20
OI0015431,ORD007693,PROD00282,2.0,0
OI0015432,ORD007693,PROD00249,5.0,10
OI0015433,ORD007693,PROD00357,1.0,10
OI0015434,ORD007693,PROD00488,500.0,0
OI0015435,ORD007694,PROD00303,4.0,20
OI0015436,ORD007694,PROD00307,1.0,0
OI0015437,ORD007695,PROD00219,4.0,15
OI0015438,ORD007695,PROD00461,5.0,15
OI0015439,ORD007695,PROD00337,3.0,0
OI0015440,ORD007696,PROD00237,2.0,20
OI0015441,ORD007696,PROD00447,2.0,5
OI0015442,ORD007696,PROD00003,2.0,15
OI0015443,ORD007696,PROD00468,5.0,25
OI0015444,ORD007697,PROD00509,3.0,25
OI0015445,ORD007698,PROD00216,1.0,0
OI0015446,ORD007698,PROD00584,5.0,0
OI0015447,ORD007698,PROD00156,-1.0,20
OI0015448,ORD007698,PROD00554,10.0,15
OI0015449,ORD007699,PROD00027,10.0,10
OI0015450,ORD007699,PROD00514,2.0,25
OI0015451,ORD007699,PROD00399,4.0,15
OI0015452,ORD007699,PROD00535,2.0,10
OI0015453,ORD007700,PROD00021,1.0,0
OI0015454,ORD007701,PROD00169,3.0,25
OI0015455,ORD007701,PROD00533,1.0,10
OI0015456,ORD007701,PROD00265,1.0,15
OI0015457,ORD007702,PROD00029,1.0,10
OI0015458,ORD007703,PROD00414,5.0,0
OI0015459,ORD007704,PROD00550,2.0,0
OI0015460,ORD007705,PROD00405,-1.0,20
OI0015461,ORD007705,PROD00271,1.0,5
OI0015462,ORD007705,PROD00005,2.0,0
OI0015463,ORD007705,PROD00084,1.0,5
OI0015464,ORD007706,PROD00519,2.0,0
OI0015465,ORD007706,PROD00263,2.0,10
OI0015466,ORD007707,PROD00132,3.0,0
OI0015467,ORD007707,PROD00438,1.0,10
OI0015468,ORD007708,PROD00489,5.0,15
OI0015469,ORD007708,PROD00128,-1.0,0
OI0015470,ORD007708,PROD9397,2.0,5
OI0015471,ORD007709,PROD00283,1.0,0
OI0015472,ORD007709,PROD00134,10.0,0
OI0015473,ORD007710,PROD00041,2.0,25
OI0015474,ORD007710,PROD00357,1.0,25
OI0015475,ORD007710,PROD00175,10.0,25
OI0015476,ORD007710,PROD00069,-1.0,10
OI0015477,ORD007711,PROD00270,-1.0,0
OI0015478,ORD007712,PROD00583,1.0,0
OI0015479,ORD007712,PROD00069,3.0,25
OI0015480,ORD007712,PROD00018,5.0,10
OI0015481,ORD007713,PROD00197,2.0,0
OI0015482,ORD007713,PROD00290,5.0,0
OI0015483,ORD007714,PROD00399,10.0,25
OI0015484,ORD007714,PROD00178,-1.0,0
OI0015485,ORD007714,PROD00034,4.0,0
OI0015486,ORD007715,PROD00023,2.0,0
OI0015487,ORD007716,PROD00052,4.0,25
OI0015488,ORD007717,PROD00054,5.0,10
OI0015489,ORD007718,PROD00157,2.0,15
OI0015490,ORD007718,PROD00287,-1.0,10
OI0015491,ORD007718,PROD00501,1.0,20
OI0015492,ORD007719,PROD00144,1.0,15
OI0015493,ORD007720,PROD00199,1.0,10
OI0015494,ORD007720,PROD00446,10.0,5
OI0015495,ORD007720,PROD00486,2.0,0
OI0015496,ORD007720,PROD00366,1.0,20
OI0015497,ORD007721,PROD00235,3.0,0
OI0015498,ORD007721,PROD00325,-1.0,20
OI0015499,ORD007721,PROD00358,-1.0,20
OI0015500,ORD007721,PROD00409,2.0,20
OI0015501,ORD007722,PROD00042,-1.0,5
OI0015502,ORD007722,PROD00315,1.0,0
OI0015503,ORD007723,PROD00284,1.0,0
OI0015504,ORD007723,PROD00135,10.0,15
OI0015505,ORD007723,PROD00552,4.0,15
OI0015506,ORD007723,PROD00169,-1.0,25
OI0015507,ORD007724,PROD00368,1.0,20
OI0015508,ORD007724,PROD00241,,20
OI0015509,ORD007725,PROD00552,2.0,25
OI0015510,ORD007726,PROD00561,10.0,0
OI0015511,ORD007726,PROD00312,1.0,0
OI0015512,ORD007727,PROD9753,2.0,15
OI0015513,ORD007727,PROD00067,-1.0,20
OI0015514,ORD007727,PROD00061,2.0,0
OI0015515,ORD007728,PROD00449,1.0,25
OI0015516,ORD007729,PROD00111,3.0,0
OI0015517,ORD007730,PROD00293,1.0,10
OI0015518,ORD007731,PROD00490,-1.0,20
OI0015519,ORD007731,PROD00405,10.0,10
OI0015520,ORD007732,PROD00177,1.0,0
OI0015521,ORD007733,PROD00162,5.0,20
OI0015522,ORD007733,PROD00455,10.0,0
OI0015523,ORD007734,PROD00535,500.0,15
OI0015524,ORD007735,PROD00424,1.0,20
OI0015525,ORD007736,PROD00091,4.0,10
OI0015526,ORD007737,PROD00290,1.0,0
OI0015527,ORD007737,PROD00046,1.0,5
OI0015528,ORD007738,PROD00309,4.0,0
OI0015529,ORD007739,PROD00450,10.0,0
OI0015530,ORD007739,PROD00475,1.0,0
OI0015531,ORD007740,PROD00476,1.0,0
OI0015532,ORD007741,PROD00340,1.0,10
OI0015533,ORD007741,PROD00045,4.0,0
OI0015534,ORD007741,PROD00343,2.0,0
OI0015535,ORD007742,PROD00273,2.0,20
OI0015536,ORD007742,PROD00294,5.0,5
OI0015537,ORD007742,PROD00512,1.0,25
OI0015538,ORD007743,PROD00354,5.0,5
OI0015539,ORD007744,PROD00458,4.0,0
OI0015540,ORD007744,PROD00029,-1.0,25
OI0015541,ORD007744,PROD00175,4.0,5
OI0015542,ORD007745,PROD00101,2.0,25
OI0015543,ORD007746,PROD00414,10.0,0
OI0015544,ORD007747,PROD00552,4.0,25
OI0015545,ORD007748,PROD00533,2.0,20
OI0015546,ORD007749,PROD00480,3.0,15
OI0015547,ORD007749,PROD00034,1.0,0
OI0015548,ORD007750,PROD00352,2.0,25
OI0015549,ORD007750,PROD00521,-1.0,0
OI0015550,ORD007751,PROD00371,3.0,0
OI0015551,ORD007751,PROD00270,1.0,25
OI0015552,ORD007751,PROD00098,4.0,25
OI0015553,ORD007752,PROD00487,10.0,0
OI0015554,ORD007752,PROD00258,1.0,0
OI0015555,ORD007753,PROD00038,2.0,5
OI0015556,ORD007754,PROD00108,4.0,20
OI0015557,ORD007754,PROD00061,5.0,0
OI0015558,ORD007754,PROD00389,1.0,0
OI0015559,ORD007754,PROD00368,2.0,0
OI0015560,ORD007755,PROD00102,5.0,0
OI0015561,ORD007756,PROD00531,-1.0,10
OI0015562,ORD007757,PROD00354,3.0,20
OI0015563,ORD007757,PROD00135,-1.0,0
OI0015564,ORD007758,PROD00092,1.0,5
OI0015565,ORD007759,PROD00496,5.0,0
OI0015566,ORD007759,PROD00466,3.0,10
OI0015567,ORD007759,PROD00389,5.0,0
OI0015568,ORD007760,PROD00297,1.0,10
OI0015569,ORD007760,PROD00071,3.0,20
OI0015570,ORD007761,PROD00252,3.0,15
OI0015571,ORD007761,PROD00327,2.0,0
OI0015572,ORD007761,PROD00297,-1.0,10
OI0015573,ORD007762,PROD00494,1.0,0
OI0015574,ORD007762,PROD00324,,25
OI0015575,ORD007763,PROD00319,4.0,20
OI0015576,ORD007763,PROD00289,10.0,15
OI0015577,ORD007764,PROD00259,1.0,0
OI0015578,ORD007764,PROD00016,-1.0,0
OI0015579,ORD007764,PROD00438,3.0,15
OI0015580,ORD007764,PROD00509,1.0,0
OI0015581,ORD007765,PROD00326,1.0,0
OI0015582,ORD007766,PROD00571,-1.0,0
OI0015583,ORD007767,PROD00501,10.0,25
OI0015584,ORD007767,PROD00332,1.0,25
OI0015585,ORD007767,PROD00450,-1.0,0
OI0015586,ORD007768,PROD00266,5.0,10
OI0015587,ORD007769,PROD00356,2.0,10
OI0015588,ORD007769,PROD00263,-1.0,15
OI0015589,ORD007769,PROD00005,1.0,0
OI0015590,ORD007770,PROD00600,-1.0,0
OI0015591,ORD007770,PROD00582,4.0,25
OI0015592,ORD007771,PROD00556,2.0,5
OI0015593,ORD007772,PROD00375,1.0,10
OI0015594,ORD007773,PROD00507,1.0,20
OI0015595,ORD007774,PROD00053,-1.0,0
OI0015596,ORD007774,PROD00285,1.0,25
OI0015597,ORD007775,PROD00259,3.0,0
OI0015598,ORD007775,PROD00177,1.0,0
OI0015599,ORD007775,PROD00057,5.0,10
OI0015600,ORD007776,PROD00038,10.0,0
OI0015601,ORD007777,PROD00445,-1.0,0
OI0015602,ORD007777,PROD00117,3.0,20
OI0015603,ORD007777,PROD00328,1.0,20
OI0015604,ORD007778,PROD00071,1.0,0
OI0015605,ORD007779,PROD00292,2.0,10
OI0015606,ORD007779,PROD00175,1.0,10
OI0015607,ORD007780,PROD00519,1.0,0
OI0015608,ORD007781,PROD00317,-1.0,25
OI0015609,ORD007781,PROD00225,4.0,25
OI0015610,ORD007782,PROD00351,10.0,0
OI0015611,ORD007782,PROD00447,-1.0,10
OI0015612,ORD007783,PROD00381,2.0,0
OI0015613,ORD007784,PROD00585,1.0,15
OI0015614,ORD007784,PROD00035,1.0,0
OI0015615,ORD007785,PROD00321,10.0,0
OI0015616,ORD007785,PROD00316,1.0,20
OI0015617,ORD007785,PROD00507,1.0,0
OI0015618,ORD007785,PROD00241,4.0,5
OI0015619,ORD007786,PROD00399,2.0,25
OI0015620,ORD007787,PROD00138,1.0,20
OI0015621,ORD007788,PROD00381,10.0,0
OI0015622,ORD007788,PROD00399,3.0,20
OI0015623,ORD007789,PROD00033,1.0,0
OI0015624,ORD007789,PROD00132,5.0,20
OI0015625,ORD007789,PROD00094,1.0,20
OI0015626,ORD007789,PROD00295,2.0,20
OI0015627,ORD007790,PROD00552,1.0,10
OI0015628,ORD007791,PROD00393,1.0,15
OI0015629,ORD007791,PROD00539,10.0,15
OI0015630,ORD007792,PROD00168,2.0,0
OI0015631,ORD007793,PROD00569,3.0,0
OI0015632,ORD007794,PROD00259,4.0,0
OI0015633,ORD007794,PROD00417,1.0,0
OI0015634,ORD007795,PROD00390,4.0,0
OI0015635,ORD007795,PROD9257,2.0,25
OI0015636,ORD007796,PROD00182,3.0,20
OI0015637,ORD007796,PROD00475,5.0,0
OI0015638,ORD007797,PROD00372,1.0,5
OI0015639,ORD007797,PROD00159,5.0,15
OI0015640,ORD007797,PROD00037,3.0,20
OI0015641,ORD007797,PROD00304,1.0,15
OI0015642,ORD007798,PROD00304,2.0,0
OI0015643,ORD007798,PROD00113,1.0,15
OI0015644,ORD007799,PROD00440,1.0,0
OI0015645,ORD007799,PROD00393,1.0,0
OI0015646,ORD007799,PROD00060,1.0,25
OI0015647,ORD007799,PROD00277,3.0,15
OI0015648,ORD007800,PROD00358,5.0,10
OI0015649,ORD007801,PROD00203,5.0,20
OI0015650,ORD007802,PROD00344,-1.0,0
OI0015651,ORD007803,PROD00251,1.0,0
OI0015652,ORD007804,PROD00025,1.0,5
OI0015653,ORD007804,PROD00468,2.0,20
OI0015654,ORD007804,PROD00538,-1.0,5
OI0015655,ORD007805,PROD00021,5.0,20
OI0015656,ORD007805,PROD00380,5.0,10
OI0015657,ORD007805,PROD00171,3.0,20
OI0015658,ORD007806,PROD00369,4.0,20
OI0015659,ORD007807,PROD00176,1.0,15
OI0015660,ORD007807,PROD00364,10.0,25
OI0015661,ORD007807,PROD00130,5.0,5
OI0015662,ORD007807,PROD00176,3.0,25
OI0015663,ORD007808,PROD00370,3.0,0
OI0015664,ORD007808,PROD00583,1.0,20
OI0015665,ORD007809,PROD00158,2.0,15
OI0015666,ORD007810,PROD00329,-1.0,25
OI0015667,ORD007811,PROD00275,5.0,0
OI0015668,ORD007811,PROD00565,10.0,0
OI0015669,ORD007811,PROD00472,5.0,10
OI0015670,ORD007812,PROD00299,10.0,15
OI0015671,ORD007813,PROD00488,2.0,10
OI0015672,ORD007813,PROD00344,1.0,0
OI0015673,ORD007814,PROD00461,3.0,10
OI0015674,ORD007815,PROD00493,2.0,5
OI0015675,ORD007816,PROD00277,5.0,0
OI0015676,ORD007816,PROD00522,1.0,25
OI0015677,ORD007817,PROD00453,-1.0,25
OI0015678,ORD007817,PROD00166,1.0,15
OI0015679,ORD007818,PROD00355,3.0,15
OI0015680,ORD007819,PROD00240,5.0,25
OI0015681,ORD007819,PROD00338,2.0,20
OI0015682,ORD007820,PROD00565,4.0,10
OI0015683,ORD007820,PROD00207,-1.0,0
OI0015684,ORD007821,PROD00099,2.0,10
OI0015685,ORD007822,PROD00047,4.0,0
OI0015686,ORD007822,PROD00342,1.0,25
OI0015687,ORD007823,PROD00299,1.0,0
OI0015688,ORD007823,PROD00212,5.0,15
OI0015689,ORD007824,PROD00074,2.0,0
OI0015690,ORD007824,PROD00294,1.0,20
OI0015691,ORD007825,PROD00131,1.0,10
OI0015692,ORD007825,PROD00039,2.0,5
OI0015693,ORD007826,PROD00150,1.0,0
OI0015694,ORD007826,PROD00224,5.0,25
OI0015695,ORD007826,PROD00112,-1.0,0
OI0015696,ORD007826,PROD00596,3.0,15
OI0015697,ORD007827,PROD00285,-1.0,5
OI0015698,ORD007828,PROD00299,3.0,0
OI0015699,ORD007828,PROD00470,2.0,15
OI0015700,ORD007829,PROD00417,1.0,15
OI0015701,ORD007830,PROD00185,3.0,10
OI0015702,ORD007830,PROD00458,1.0,0
OI0015703,ORD007830,PROD00250,2.0,15
OI0015704,ORD007830,PROD00211,-1.0,0
OI0015705,ORD007831,PROD00206,1.0,0
OI0015706,ORD007831,PROD00375,1.0,0
OI0015707,ORD007831,PROD00597,2.0,0
OI0015708,ORD007832,PROD00480,1.0,5
OI0015709,ORD007832,PROD00016,2.0,15
OI0015710,ORD007832,PROD00413,1.0,20
OI0015711,ORD007833,PROD00349,-1.0,0
OI0015712,ORD007834,PROD00138,4.0,25
OI0015713,ORD007835,PROD00414,1.0,5
OI0015714,ORD007835,PROD00272,5.0,15
OI0015715,ORD007836,PROD00365,1.0,0
OI0015716,ORD007836,PROD00485,1.0,0
OI0015717,ORD007836,PROD00104,4.0,0
OI0015718,ORD007837,PROD00069,4.0,15
OI0015719,ORD007837,PROD00270,-1.0,0
OI0015720,ORD007837,PROD00503,-1.0,0
OI0015721,ORD007838,PROD00121,10.0,15
OI0015722,ORD007839,PROD00474,-1.0,10
OI0015723,ORD007840,PROD00225,-1.0,25
OI0015724,ORD007840,PROD00009,10.0,10
OI0015725,ORD007841,PROD00059,4.0,10
OI0015726,ORD007841,PROD00246,3.0,25
OI0015727,ORD007841,PROD00031,1.0,10
OI0015728,ORD007842,PROD00434,5.0,10
OI0015729,ORD007842,PROD00428,-1.0,20
OI0015730,ORD007842,PROD00258,1.0,10
OI0015731,ORD007842,PROD00581,5.0,0
OI0015732,ORD007843,PROD00083,4.0,20
OI0015733,ORD007844,PROD00373,2.0,10
OI0015734,ORD007844,PROD00119,5.0,0
OI0015735,ORD007844,PROD00165,2.0,15
OI0015736,ORD007844,PROD00570,3.0,0
OI0015737,ORD007845,PROD00451,1.0,10
OI0015738,ORD007845,PROD00296,2.0,15
OI0015739,ORD007846,PROD00532,4.0,20
OI0015740,ORD007846,PROD00225,1.0,25
OI0015741,ORD007847,PROD00046,5.0,5
OI0015742,ORD007847,PROD00574,2.0,10
OI0015743,ORD007848,PROD00356,1.0,20
OI0015744,ORD007848,PROD00465,5.0,25
OI0015745,ORD007849,PROD00261,2.0,25
OI0015746,ORD007850,PROD00300,10.0,25
OI0015747,ORD007851,PROD00128,-1.0,5
OI0015748,ORD007851,PROD00132,-1.0,0
OI0015749,ORD007851,PROD00107,1.0,0
OI0015750,ORD007852,PROD00266,3.0,15
OI0015751,ORD007852,PROD00358,-1.0,10
OI0015752,ORD007853,PROD00241,2.0,20
OI0015753,ORD007853,PROD00119,-1.0,0
OI0015754,ORD007854,PROD00074,4.0,20
OI0015755,ORD007855,PROD00324,5.0,0
OI0015756,ORD007856,PROD00310,1.0,0
OI0015757,ORD007857,PROD00072,1.0,0
OI0015758,ORD007857,PROD00102,4.0,25
OI0015759,ORD007857,PROD00355,3.0,5
OI0015760,ORD007857,PROD00202,4.0,15
OI0015761,ORD007858,PROD00320,3.0,25
OI0015762,ORD007858,PROD00115,5.0,0
OI0015763,ORD007859,PROD00123,-1.0,20
OI0015764,ORD007859,PROD00486,2.0,5
OI0015765,ORD007859,PROD00035,4.0,25
OI0015766,ORD007860,PROD00551,5.0,0
OI0015767,ORD007860,PROD00395,4.0,20
OI0015768,ORD007861,PROD00573,2.0,0
OI0015769,ORD007862,PROD00176,1.0,20
OI0015770,ORD007863,PROD00503,2.0,20
OI0015771,ORD007863,PROD00276,10.0,10
OI0015772,ORD007864,PROD00115,2.0,0
OI0015773,ORD007864,PROD00568,5.0,25
OI0015774,ORD007865,PROD00547,1.0,15
OI0015775,ORD007866,PROD00186,1.0,0
OI0015776,ORD007866,PROD00010,4.0,0
OI0015777,ORD007866,PROD00541,5.0,0
OI0015778,ORD007866,PROD00280,2.0,5
OI0015779,ORD007867,PROD00120,3.0,0
OI0015780,ORD007867,PROD00149,-1.0,15
OI0015781,ORD007868,PROD00497,2.0,25
OI0015782,ORD007868,PROD00072,1.0,15
OI0015783,ORD007869,PROD00019,3.0,20
OI0015784,ORD007870,PROD00044,1.0,0
OI0015785,ORD007871,PROD00142,10.0,5
OI0015786,ORD007871,PROD00557,10.0,15
OI0015787,ORD007871,PROD00140,3.0,0
OI0015788,ORD007871,PROD00259,3.0,15
OI0015789,ORD007872,PROD00548,5.0,0
OI0015790,ORD007873,PROD00434,2.0,25
OI0015791,ORD007874,PROD00054,2.0,10
OI0015792,ORD007875,PROD00041,2.0,0
OI0015793,ORD007876,PROD00454,2.0,15
OI0015794,ORD007876,PROD00321,1.0,20
OI0015795,ORD007877,PROD00548,2.0,5
OI0015796,ORD007877,PROD00523,10.0,15
OI0015797,ORD007878,PROD00559,1.0,15
OI0015798,ORD007878,PROD00130,2.0,0
OI0015799,ORD007878,PROD00558,10.0,25
OI0015800,ORD007878,PROD00209,2.0,25
OI0015801,ORD007879,PROD00531,1.0,0
OI0015802,ORD007879,PROD00441,10.0,10
OI0015803,ORD007879,PROD00267,1.0,0
OI0015804,ORD007879,PROD00468,1.0,0
OI0015805,ORD007880,PROD00262,1.0,10
OI0015806,ORD007881,PROD00361,1.0,0
OI0015807,ORD007882,PROD00312,10.0,0
OI0015808,ORD007882,PROD00448,1.0,15
OI0015809,ORD007882,PROD00092,1.0,15
OI0015810,ORD007883,PROD00309,-1.0,5
OI0015811,ORD007884,PROD00032,10.0,10
OI0015812,ORD007884,PROD00112,10.0,20
OI0015813,ORD007884,PROD00378,2.0,5
OI0015814,ORD007885,PROD00313,3.0,20
OI0015815,ORD007885,PROD00135,4.0,0
OI0015816,ORD007886,PROD00198,2.0,0
OI0015817,ORD007886,PROD00587,1.0,20
OI0015818,ORD007887,PROD00485,4.0,0
OI0015819,ORD007887,PROD00075,4.0,0
OI0015820,ORD007887,PROD00105,1.0,5
OI0015821,ORD007887,PROD00366,10.0,5
OI0015822,ORD007888,PROD00144,2.0,25
OI0015823,ORD007888,PROD00446,1.0,10
OI0015824,ORD007888,PROD00034,4.0,25
OI0015825,ORD007888,PROD00404,1.0,25
OI0015826,ORD007889,PROD00595,1.0,20
OI0015827,ORD007889,PROD00297,2.0,0
OI0015828,ORD007889,PROD00409,-1.0,5
OI0015829,ORD007889,PROD00331,5.0,5
OI0015830,ORD007890,PROD00521,3.0,10
OI0015831,ORD007890,PROD00316,1.0,0
OI0015832,ORD007890,PROD00507,1.0,0
OI0015833,ORD007890,PROD00097,1.0,15
OI0015834,ORD007891,PROD00461,-1.0,5
OI0015835,ORD007892,PROD00430,2.0,0
OI0015836,ORD007892,PROD00332,2.0,25
OI0015837,ORD007892,PROD00573,-1.0,20
OI0015838,ORD007893,PROD00380,2.0,0
OI0015839,ORD007894,PROD00402,1.0,20
OI0015840,ORD007894,PROD00579,3.0,0
OI0015841,ORD007895,PROD00316,1.0,20
OI0015842,ORD007895,PROD00121,2.0,0
OI0015843,ORD007896,PROD00338,4.0,0
OI0015844,ORD007896,PROD00476,1.0,15
OI0015845,ORD007896,PROD00258,1.0,25
OI0015846,ORD007897,PROD00108,10.0,0
OI0015847,ORD007898,PROD00342,2.0,20
OI0015848,ORD007898,PROD00306,1.0,25
OI0015849,ORD007898,PROD00183,1.0,0
OI0015850,ORD007898,PROD00438,10.0,0
OI0015851,ORD007899,PROD00072,1.0,20
OI0015852,ORD007900,PROD00506,-1.0,15
OI0015853,ORD007900,PROD00537,5.0,20
OI0015854,ORD007901,PROD00170,-1.0,0
OI0015855,ORD007902,PROD00040,2.0,20
OI0015856,ORD007903,PROD00469,2.0,0
OI0015857,ORD007903,PROD00159,1.0,5
OI0015858,ORD007903,PROD00352,5.0,0
OI0015859,ORD007903,PROD00431,10.0,25
OI0015860,ORD007904,PROD00176,1.0,20
OI0015861,ORD007905,PROD00463,5.0,0
OI0015862,ORD007906,PROD00199,1.0,0
OI0015863,ORD007906,PROD00353,3.0,10
OI0015864,ORD007906,PROD00396,3.0,25
OI0015865,ORD007907,PROD00054,3.0,20
OI0015866,ORD007908,PROD00015,3.0,15
OI0015867,ORD007908,PROD00077,4.0,15
OI0015868,ORD007908,PROD00030,2.0,0
OI0015869,ORD007908,PROD00291,2.0,0
OI0015870,ORD007909,PROD00258,10.0,0
OI0015871,ORD007910,PROD9680,-1.0,0
OI0015872,ORD007911,PROD00333,-1.0,20
OI0015873,ORD007912,PROD00591,3.0,10
OI0015874,ORD007913,PROD00114,5.0,25
OI0015875,ORD007914,PROD00412,3.0,0
OI0015876,ORD007915,PROD00331,1.0,5
OI0015877,ORD007915,PROD00156,5.0,15
OI0015878,ORD007916,PROD00078,-1.0,0
OI0015879,ORD007917,PROD00228,1.0,0
OI0015880,ORD007917,PROD00005,2.0,15
OI0015881,ORD007918,PROD00003,4.0,15
OI0015882,ORD007919,PROD00325,2.0,0
OI0015883,ORD007920,PROD00117,1.0,20
OI0015884,ORD007920,PROD00389,-1.0,5
OI0015885,ORD007920,PROD00467,5.0,10
OI0015886,ORD007920,PROD00033,4.0,0
OI0015887,ORD007921,PROD00079,3.0,0
OI0015888,ORD007922,PROD00258,3.0,10
OI0015889,ORD007922,PROD00349,2.0,0
OI0015890,ORD007923,PROD00328,1.0,0
OI0015891,ORD007923,PROD00167,5.0,0
OI0015892,ORD007924,PROD00030,4.0,0
OI0015893,ORD007924,PROD00094,1.0,0
OI0015894,ORD007925,PROD00088,2.0,0
OI0015895,ORD007926,PROD00316,2.0,0
OI0015896,ORD007926,PROD9882,3.0,0
OI0015897,ORD007927,PROD00258,1.0,0
OI0015898,ORD007927,PROD00375,3.0,20
OI0015899,ORD007928,PROD00355,-1.0,10
OI0015900,ORD007929,PROD00217,5.0,0
OI0015901,ORD007929,PROD00477,1.0,20
OI0015902,ORD007929,PROD00386,1.0,0
OI0015903,ORD007930,PROD00473,1.0,0
OI0015904,ORD007931,PROD00254,1.0,15
OI0015905,ORD007931,PROD00534,1.0,10
OI0015906,ORD007932,PROD00425,10.0,0
OI0015907,ORD007933,PROD00302,1.0,15
OI0015908,ORD007933,PROD00171,3.0,10
OI0015909,ORD007933,PROD00217,5.0,25
OI0015910,ORD007934,PROD00070,1.0,15
OI0015911,ORD007934,PROD00143,1.0,20
OI0015912,ORD007935,PROD00091,1.0,0
OI0015913,ORD007936,PROD00408,-1.0,10
OI0015914,ORD007936,PROD00141,3.0,10
OI0015915,ORD007936,PROD00451,1.0,10
OI0015916,ORD007937,PROD00563,1.0,25
OI0015917,ORD007937,PROD00263,2.0,15
OI0015918,ORD007938,PROD00463,3.0,25
OI0015919,ORD007938,PROD00474,2.0,0
OI0015920,ORD007938,PROD00342,10.0,25
OI0015921,ORD007939,PROD00152,1.0,0
OI0015922,ORD007940,PROD00030,4.0,0
OI0015923,ORD007940,PROD00566,4.0,0
OI0015924,ORD007941,PROD00022,2.0,10
OI0015925,ORD007941,PROD00133,2.0,5
OI0015926,ORD007942,PROD00445,1.0,20
OI0015927,ORD007942,PROD00473,2.0,10
OI0015928,ORD007943,PROD00332,1.0,0
OI0015929,ORD007944,PROD00369,2.0,15
OI0015930,ORD007945,PROD00475,1.0,0
OI0015931,ORD007946,PROD00378,2.0,10
OI0015932,ORD007946,PROD00587,3.0,0
OI0015933,ORD007947,PROD00305,2.0,0
OI0015934,ORD007947,PROD00401,2.0,0
OI0015935,ORD007948,PROD00382,1.0,20
OI0015936,ORD007948,PROD00335,3.0,0
OI0015937,ORD007948,PROD00571,1.0,5
OI0015938,ORD007949,PROD00335,10.0,0
OI0015939,ORD007950,PROD00309,1.0,5
OI0015940,ORD007950,PROD00396,1.0,15
OI0015941,ORD007950,PROD00034,10.0,5
OI0015942,ORD007950,PROD00565,2.0,25
OI0015943,ORD007951,PROD00541,5.0,10
OI0015944,ORD007951,PROD00559,3.0,10
OI0015945,ORD007951,PROD00041,1.0,0
OI0015946,ORD007951,PROD00282,1.0,15
OI0015947,ORD007952,PROD00398,5.0,25
OI0015948,ORD007953,PROD00466,3.0,25
OI0015949,ORD007953,PROD00335,1.0,0
OI0015950,ORD007953,PROD00120,4.0,0
OI0015951,ORD007953,PROD00402,1.0,15
OI0015952,ORD007954,PROD00571,3.0,10
OI0015953,ORD007954,PROD00365,1.0,25
OI0015954,ORD007954,PROD00336,-1.0,5
OI0015955,ORD007955,PROD00558,1.0,20
OI0015956,ORD007955,PROD00264,1.0,0
OI0015957,ORD007956,PROD00528,-1.0,15
OI0015958,ORD007957,PROD00376,2.0,0
OI0015959,ORD007957,PROD00250,10.0,20
OI0015960,ORD007958,PROD00087,5.0,25
OI0015961,ORD007959,PROD00195,10.0,20
OI0015962,ORD007959,PROD00202,4.0,5
OI0015963,ORD007959,PROD00312,1.0,15
OI0015964,ORD007960,PROD00519,10.0,0
OI0015965,ORD007961,PROD00559,1.0,0
OI0015966,ORD007962,PROD00021,1.0,10
OI0015967,ORD007963,PROD00345,1.0,10
OI0015968,ORD007964,PROD00457,2.0,15
OI0015969,ORD007965,PROD00133,2.0,15
OI0015970,ORD007966,PROD00353,2.0,10
OI0015971,ORD007967,PROD00121,-1.0,15
OI0015972,ORD007967,PROD00584,5.0,10
OI0015973,ORD007967,PROD00522,1.0,5
OI0015974,ORD007967,PROD00551,3.0,0
OI0015975,ORD007968,PROD00594,1.0,5
OI0015976,ORD007968,PROD00400,2.0,5
OI0015977,ORD007968,PROD00086,-1.0,5
OI0015978,ORD007969,PROD00266,5.0,10
OI0015979,ORD007970,PROD00574,10.0,5
OI0015980,ORD007971,PROD00425,10.0,10
OI0015981,ORD007971,PROD00524,1.0,20
OI0015982,ORD007971,PROD00226,1.0,0
OI0015983,ORD007972,PROD00594,2.0,0
OI0015984,ORD007973,PROD00234,-1.0,0
OI0015985,ORD007973,PROD00577,4.0,10
OI0015986,ORD007974,PROD00547,5.0,15
OI0015987,ORD007974,PROD00589,1.0,5
OI0015988,ORD007975,PROD00543,2.0,10
OI0015989,ORD007975,PROD00061,1.0,20
OI0015990,ORD007975,PROD00322,3.0,10
OI0015991,ORD007976,PROD00585,5.0,0
OI0015992,ORD007976,PROD00312,3.0,10
OI0015993,ORD007977,PROD00171,4.0,10
OI0015994,ORD007977,PROD00273,4.0,0
OI0015995,ORD007978,PROD9013,1.0,25
OI0015996,ORD007978,PROD00360,1.0,10
OI0015997,ORD007978,PROD00237,1.0,15
OI0015998,ORD007978,PROD00311,1.0,0
OI0015999,ORD007979,PROD00441,5.0,0
OI0016000,ORD007979,PROD00375,10.0,0
OI0016001,ORD007980,PROD00324,5.0,25
OI0016002,ORD007981,PROD00555,-1.0,10
OI0016003,ORD007982,PROD00469,4.0,20
OI0016004,ORD007982,PROD00339,1.0,5
OI0016005,ORD007982,PROD00567,1.0,0
OI0016006,ORD007983,PROD00362,2.0,0
OI0016007,ORD007983,PROD00540,-1.0,5
OI0016008,ORD007984,PROD00593,10.0,25
OI0016009,ORD007984,PROD00110,2.0,0
OI0016010,ORD007984,PROD00433,5.0,10
OI0016011,ORD007985,PROD00548,-1.0,25
OI0016012,ORD007986,PROD00593,1.0,0
OI0016013,ORD007987,PROD00238,3.0,25
OI0016014,ORD007988,PROD00417,2.0,25
OI0016015,ORD007988,PROD00206,2.0,10
OI0016016,ORD007988,PROD00294,1.0,15
OI0016017,ORD007989,PROD00191,4.0,5
OI0016018,ORD007990,PROD00563,1.0,25
OI0016019,ORD007990,PROD00429,3.0,0
OI0016020,ORD007990,PROD00388,3.0,5
OI0016021,ORD007990,PROD00242,1.0,15
OI0016022,ORD007991,PROD00583,1.0,0
OI0016023,ORD007991,PROD00384,4.0,25
OI0016024,ORD007992,PROD00048,2.0,15
OI0016025,ORD007993,PROD00265,1.0,0
OI0016026,ORD007994,PROD00315,1.0,0
OI0016027,ORD007994,PROD00368,4.0,15
OI0016028,ORD007995,PROD00207,1.0,10
OI0016029,ORD007995,PROD00278,2.0,10
OI0016030,ORD007995,PROD00523,-1.0,5
OI0016031,ORD007996,PROD00126,3.0,5
OI0016032,ORD007996,PROD00494,2.0,0
OI0016033,ORD007997,PROD00600,3.0,0
OI0016034,ORD007997,PROD00102,1.0,15
OI0016035,ORD007997,PROD00520,5.0,15
OI0016036,ORD007997,PROD00160,2.0,0
OI0016037,ORD007998,PROD00209,1.0,25
OI0016038,ORD007999,PROD00420,2.0,0
OI0016039,ORD007999,PROD00080,2.0,0
OI0016040,ORD007999,PROD00449,1.0,0
OI0016041,ORD007999,PROD00429,1.0,25
OI0016042,ORD008000,PROD00214,1.0,0
OI0016043,ORD008001,PROD00593,2.0,5
OI0016044,ORD008001,PROD00588,2.0,20
OI0016045,ORD008001,PROD00477,1.0,25
OI0016046,ORD008001,PROD00094,10.0,10
OI0016047,ORD008002,PROD00447,1.0,5
OI0016048,ORD008002,PROD00207,1.0,0
OI0016049,ORD008002,PROD00442,5.0,0
OI0016050,ORD008003,PROD00304,2.0,0
OI0016051,ORD008004,PROD00110,3.0,5
OI0016052,ORD008005,PROD00510,3.0,0
OI0016053,ORD008005,PROD00165,1.0,25
OI0016054,ORD008005,PROD00266,1.0,20
OI0016055,ORD008005,PROD00558,1.0,15
OI0016056,ORD008006,PROD00281,5.0,0
OI0016057,ORD008006,PROD00432,-1.0,10
OI0016058,ORD008006,PROD00188,1.0,20
OI0016059,ORD008006,PROD00600,1.0,0
OI0016060,ORD008007,PROD00157,2.0,20
OI0016061,ORD008007,PROD00599,1.0,5
OI0016062,ORD008008,PROD00069,4.0,25
OI0016063,ORD008009,PROD00441,10.0,10
OI0016064,ORD008009,PROD00029,1.0,15
OI0016065,ORD008009,PROD00248,1.0,25
OI0016066,ORD008009,PROD00143,2.0,0
OI0016067,ORD008010,PROD00177,4.0,15
OI0016068,ORD008010,PROD00554,1.0,15
OI0016069,ORD008011,PROD00200,5.0,25
OI0016070,ORD008011,PROD00540,10.0,15
OI0016071,ORD008011,PROD00101,4.0,5
OI0016072,ORD008012,PROD00345,1.0,0
OI0016073,ORD008012,PROD00478,5.0,10
OI0016074,ORD008012,PROD9745,5.0,5
OI0016075,ORD008012,PROD00039,2.0,0
OI0016076,ORD008013,PROD00203,4.0,5
OI0016077,ORD008013,PROD00068,4.0,10
OI0016078,ORD008014,PROD00020,1.0,10
OI0016079,ORD008014,PROD00278,2.0,0
OI0016080,ORD008014,PROD00222,2.0,25
OI0016081,ORD008015,PROD00561,1.0,20
OI0016082,ORD008015,PROD00257,3.0,20
OI0016083,ORD008016,PROD00600,1.0,10
OI0016084,ORD008017,PROD00005,5.0,25
OI0016085,ORD008018,PROD00420,1.0,15
OI0016086,ORD008018,PROD00267,1.0,10
OI0016087,ORD008018,PROD00510,10.0,5
OI0016088,ORD008019,PROD00220,1.0,25
OI0016089,ORD008020,PROD00486,1.0,20
OI0016090,ORD008020,PROD00452,2.0,0
OI0016091,ORD008020,PROD00093,1.0,20
OI0016092,ORD008021,PROD00113,1.0,0
OI0016093,ORD008021,PROD00541,10.0,0
OI0016094,ORD008021,PROD00307,1.0,15
OI0016095,ORD008022,PROD00066,3.0,15
OI0016096,ORD008023,PROD00296,1.0,0
OI0016097,ORD008024,PROD00209,5.0,20
OI0016098,ORD008024,PROD00019,3.0,15
OI0016099,ORD008024,PROD00185,1.0,0
OI0016100,ORD008024,PROD00565,2.0,10
OI0016101,ORD008025,PROD00413,1.0,20
OI0016102,ORD008026,PROD00210,2.0,15
OI0016103,ORD008027,PROD00422,2.0,0
OI0016104,ORD008028,PROD00101,-1.0,0
OI0016105,ORD008029,PROD00184,2.0,0
OI0016106,ORD008029,PROD00426,1.0,20
OI0016107,ORD008030,PROD00098,10.0,0
OI0016108,ORD008030,PROD00281,-1.0,25
OI0016109,ORD008030,PROD00402,10.0,25
OI0016110,ORD008031,PROD00555,2.0,0
OI0016111,ORD008031,PROD00186,-1.0,10
OI0016112,ORD008032,PROD00240,5.0,25
OI0016113,ORD008033,PROD00214,5.0,10
OI0016114,ORD008033,PROD00164,10.0,0
OI0016115,ORD008033,PROD00379,2.0,0
OI0016116,ORD008033,PROD00478,1.0,15
OI0016117,ORD008034,PROD00308,2.0,10
OI0016118,ORD008034,PROD00045,5.0,5
OI0016119,ORD008034,PROD00514,1.0,20
OI0016120,ORD008035,PROD00219,5.0,20
OI0016121,ORD008035,PROD00028,1.0,10
OI0016122,ORD008036,PROD00507,-1.0,0
OI0016123,ORD008036,PROD00164,1.0,25
OI0016124,ORD008037,PROD00283,1.0,25
OI0016125,ORD008037,PROD00389,3.0,10
OI0016126,ORD008038,PROD00176,2.0,0
OI0016127,ORD008038,PROD00547,4.0,0
OI0016128,ORD008039,PROD00032,1.0,0
OI0016129,ORD008039,PROD00016,-1.0,0
OI0016130,ORD008040,PROD00125,1.0,25
OI0016131,ORD008040,PROD00280,1.0,5
OI0016132,ORD008040,PROD00325,1.0,5
OI0016133,ORD008040,PROD00173,10.0,0
OI0016134,ORD008041,PROD00247,1.0,0
OI0016135,ORD008042,PROD00592,1.0,0
OI0016136,ORD008043,PROD00090,5.0,0
OI0016137,ORD008043,PROD00332,2.0,25
OI0016138,ORD008043,PROD00508,2.0,20
OI0016139,ORD008044,PROD00506,1.0,5
OI0016140,ORD008045,PROD00576,4.0,5
OI0016141,ORD008046,PROD00417,3.0,10
OI0016142,ORD008046,PROD00413,2.0,15
OI0016143,ORD008046,PROD00546,2.0,0
OI0016144,ORD008047,PROD00531,1.0,25
OI0016145,ORD008048,PROD00302,2.0,5
OI0016146,ORD008048,PROD00446,-1.0,0
OI0016147,ORD008049,PROD00444,4.0,15
OI0016148,ORD008050,PROD00506,-1.0,0
OI0016149,ORD008050,PROD00598,3.0,25
OI0016150,ORD008051,PROD00341,-1.0,10
OI0016151,ORD008051,PROD00331,3.0,0
OI0016152,ORD008052,PROD00496,1.0,0
OI0016153,ORD008053,PROD00001,2.0,20
OI0016154,ORD008054,PROD00451,2.0,5
OI0016155,ORD008055,PROD00284,10.0,0
OI0016156,ORD008056,PROD00048,4.0,25
OI0016157,ORD008057,PROD00285,1.0,15
OI0016158,ORD008058,PROD00298,1.0,10
OI0016159,ORD008058,PROD00563,1.0,15
OI0016160,ORD008058,PROD00067,3.0,5
OI0016161,ORD008058,PROD00558,-1.0,20
OI0016162,ORD008059,PROD00238,2.0,20
OI0016163,ORD008060,PROD00040,2.0,0
OI0016164,ORD008061,PROD00392,5.0,10
OI0016165,ORD008061,PROD00509,4.0,0
OI0016166,ORD008062,PROD00584,1.0,10
OI0016167,ORD008062,PROD00137,2.0,0
OI0016168,ORD008063,PROD00247,-1.0,25
OI0016169,ORD008063,PROD00545,-1.0,25
OI0016170,ORD008064,PROD00021,4.0,15
OI0016171,ORD008065,PROD00244,4.0,5
OI0016172,ORD008066,PROD00300,-1.0,15
OI0016173,ORD008066,PROD00361,1.0,0
OI0016174,ORD008067,PROD00430,1.0,25
OI0016175,ORD008068,PROD00063,-1.0,10
OI0016176,ORD008068,PROD00277,5.0,25
OI0016177,ORD008068,PROD00111,2.0,15
OI0016178,ORD008068,PROD00092,10.0,0
OI0016179,ORD008069,PROD00243,5.0,15
OI0016180,ORD008069,PROD00374,2.0,20
OI0016181,ORD008069,PROD00223,10.0,0
OI0016182,ORD008069,PROD00090,5.0,15
OI0016183,ORD008070,PROD00001,2.0,20
OI0016184,ORD008070,PROD00037,-1.0,0
OI0016185,ORD008071,PROD00311,3.0,25
OI0016186,ORD008072,PROD00091,2.0,0
OI0016187,ORD008072,PROD00036,2.0,0
OI0016188,ORD008073,PROD00109,4.0,25
OI0016189,ORD008074,PROD00007,3.0,0
OI0016190,ORD008074,PROD00048,1.0,10
OI0016191,ORD008075,PROD00520,1.0,0
OI0016192,ORD008076,PROD00409,-1.0,25
OI0016193,ORD008076,PROD00553,10.0,0
OI0016194,ORD008077,PROD00304,-1.0,5
OI0016195,ORD008077,PROD00391,10.0,25
OI0016196,ORD008077,PROD00403,-1.0,10
OI0016197,ORD008078,PROD00234,1.0,5
OI0016198,ORD008078,PROD00246,2.0,10
OI0016199,ORD008079,PROD00173,1.0,5
OI0016200,ORD008080,PROD00213,1.0,0
OI0016201,ORD008081,PROD00403,3.0,5
OI0016202,ORD008081,PROD00301,2.0,15
OI0016203,ORD008081,PROD00114,-1.0,0
OI0016204,ORD008081,PROD00040,3.0,0
OI0016205,ORD008082,PROD00576,-1.0,0
OI0016206,ORD008083,PROD00090,-1.0,0
OI0016207,ORD008084,PROD00531,3.0,15
OI0016208,ORD008084,PROD00256,1.0,10
OI0016209,ORD008084,PROD00328,3.0,0
OI0016210,ORD008085,PROD00489,4.0,20
OI0016211,ORD008085,PROD00285,4.0,10
OI0016212,ORD008085,PROD00220,-1.0,15
OI0016213,ORD008085,PROD00196,3.0,10
OI0016214,ORD008086,PROD00331,-1.0,0
OI0016215,ORD008087,PROD00517,1.0,10
OI0016216,ORD008088,PROD00216,1.0,0
OI0016217,ORD008088,PROD00025,-1.0,0
OI0016218,ORD008089,PROD00029,1.0,20
OI0016219,ORD008090,PROD00453,10.0,10
OI0016220,ORD008091,PROD00331,-1.0,0
OI0016221,ORD008092,PROD9214,1.0,5
OI0016222,ORD008093,PROD00239,2.0,5
OI0016223,ORD008094,PROD00178,1.0,0
OI0016224,ORD008095,PROD00455,2.0,20
OI0016225,ORD008095,PROD00484,-1.0,20
OI0016226,ORD008095,PROD00223,10.0,0
OI0016227,ORD008095,PROD00508,5.0,0
OI0016228,ORD008096,PROD00212,1.0,0
OI0016229,ORD008096,PROD00348,5.0,10
OI0016230,ORD008097,PROD00498,1.0,25
OI0016231,ORD008098,PROD00357,3.0,15
OI0016232,ORD008099,PROD00460,1.0,5
OI0016233,ORD008099,PROD00539,2.0,15
OI0016234,ORD008099,PROD00576,1.0,0
OI0016235,ORD008099,PROD00522,1.0,0
OI0016236,ORD008100,PROD00164,10.0,5
OI0016237,ORD008100,PROD00545,3.0,0
OI0016238,ORD008101,PROD00122,2.0,20
OI0016239,ORD008102,PROD00142,1.0,0
OI0016240,ORD008102,PROD00202,3.0,20
OI0016241,ORD008102,PROD00318,-1.0,0
OI0016242,ORD008102,PROD00301,10.0,15
OI0016243,ORD008103,PROD00365,3.0,25
OI0016244,ORD008103,PROD00029,2.0,10
OI0016245,ORD008104,PROD00151,-1.0,0
OI0016246,ORD008104,PROD00482,1.0,0
OI0016247,ORD008104,PROD00016,4.0,25
OI0016248,ORD008105,PROD00074,1.0,20
OI0016249,ORD008105,PROD00484,1.0,10
OI0016250,ORD008106,PROD00354,2.0,25
OI0016251,ORD008107,PROD00183,1.0,0
OI0016252,ORD008107,PROD00413,2.0,5
OI0016253,ORD008108,PROD00489,-1.0,0
OI0016254,ORD008109,PROD00173,5.0,15
OI0016255,ORD008109,PROD00496,1.0,10
OI0016256,ORD008110,PROD00592,5.0,25
OI0016257,ORD008111,PROD00562,4.0,0
OI0016258,ORD008112,PROD00125,5.0,5
OI0016259,ORD008112,PROD00046,1.0,25
OI0016260,ORD008112,PROD00302,10.0,0
OI0016261,ORD008112,PROD00122,5.0,25
OI0016262,ORD008113,PROD00076,-1.0,0
OI0016263,ORD008113,PROD00036,1.0,10
OI0016264,ORD008114,PROD9476,1.0,10
OI0016265,ORD008115,PROD00050,1.0,0
OI0016266,ORD008116,PROD00242,1.0,0
OI0016267,ORD008117,PROD00366,-1.0,5
OI0016268,ORD008117,PROD00096,5.0,0
OI0016269,ORD008117,PROD00551,1.0,0
OI0016270,ORD008117,PROD00119,3.0,0
OI0016271,ORD008118,PROD00306,2.0,10
OI0016272,ORD008119,PROD00354,-1.0,0
OI0016273,ORD008120,PROD00454,1.0,20
OI0016274,ORD008121,PROD00313,1.0,5
OI0016275,ORD008122,PROD00509,1.0,5
OI0016276,ORD008123,PROD00331,-1.0,10
OI0016277,ORD008123,PROD00541,-1.0,10
OI0016278,ORD008123,PROD00291,10.0,5
OI0016279,ORD008124,PROD00178,1.0,25
OI0016280,ORD008125,PROD00016,4.0,10
OI0016281,ORD008126,PROD00553,1.0,5
OI0016282,ORD008126,PROD00088,1.0,15
OI0016283,ORD008126,PROD00421,2.0,0
OI0016284,ORD008126,PROD00562,2.0,15
OI0016285,ORD008127,PROD00046,2.0,0
OI0016286,ORD008127,PROD00132,2.0,10
OI0016287,ORD008128,PROD00312,10.0,0
OI0016288,ORD008128,PROD00469,2.0,0
OI0016289,ORD008128,PROD00026,1.0,15
OI0016290,ORD008129,PROD00012,5.0,0
OI0016291,ORD008129,PROD00303,1.0,15
OI0016292,ORD008130,PROD00255,2.0,25
OI0016293,ORD008131,PROD00182,10.0,15
OI0016294,ORD008131,PROD00090,1.0,10
OI0016295,ORD008131,PROD00571,1.0,0
OI0016296,ORD008131,PROD00197,2.0,5
OI0016297,ORD008132,PROD00232,1.0,10
OI0016298,ORD008132,PROD00181,4.0,0
OI0016299,ORD008133,PROD00463,1.0,15
OI0016300,ORD008133,PROD00378,10.0,10
OI0016301,ORD008133,PROD00299,-1.0,5
OI0016302,ORD008134,PROD00206,4.0,25
OI0016303,ORD008134,PROD00314,1.0,5
OI0016304,ORD008134,PROD00525,-1.0,10
OI0016305,ORD008134,PROD00028,2.0,0
OI0016306,ORD008135,PROD00307,1.0,5
OI0016307,ORD008136,PROD00526,2.0,10
OI0016308,ORD008136,PROD00455,1.0,0
OI0016309,ORD008137,PROD00194,-1.0,15
OI0016310,ORD008138,PROD00334,2.0,20
OI0016311,ORD008138,PROD00044,2.0,20
OI0016312,ORD008138,PROD00139,10.0,20
OI0016313,ORD008139,PROD00461,2.0,10
OI0016314,ORD008140,PROD00030,4.0,15
OI0016315,ORD008140,PROD00480,3.0,15
OI0016316,ORD008141,PROD00263,4.0,5
OI0016317,ORD008141,PROD00399,10.0,25
OI0016318,ORD008141,PROD00495,1.0,25
OI0016319,ORD008141,PROD00402,3.0,25
OI0016320,ORD008142,PROD00278,5.0,0
OI0016321,ORD008143,PROD00498,5.0,0
OI0016322,ORD008143,PROD00058,1.0,0
OI0016323,ORD008144,PROD00181,1.0,5
OI0016324,ORD008145,PROD00077,1.0,0
OI0016325,ORD008146,PROD00175,4.0,5
OI0016326,ORD008146,PROD00293,10.0,15
OI0016327,ORD008146,PROD00192,4.0,15
OI0016328,ORD008146,PROD00116,1.0,15
OI0016329,ORD008147,PROD00440,5.0,20
OI0016330,ORD008147,PROD00442,1.0,5
OI0016331,ORD008147,PROD00571,5.0,5
OI0016332,ORD008147,PROD00449,2.0,20
OI0016333,ORD008148,PROD00228,5.0,15
OI0016334,ORD008148,PROD00487,10.0,10
OI0016335,ORD008148,PROD00047,2.0,25
OI0016336,ORD008148,PROD00132,5.0,15
OI0016337,ORD008149,PROD00141,3.0,5
OI0016338,ORD008150,PROD00445,1.0,0
OI0016339,ORD008150,PROD00462,-1.0,0
OI0016340,ORD008150,PROD00287,1.0,0
OI0016341,ORD008150,PROD00597,-1.0,10
OI0016342,ORD008151,PROD00579,5.0,0
OI0016343,ORD008151,PROD00291,4.0,10
OI0016344,ORD008151,PROD00170,4.0,0
OI0016345,ORD008151,PROD00528,-1.0,20
OI0016346,ORD008152,PROD00162,1.0,10
OI0016347,ORD008153,PROD00199,3.0,0
OI0016348,ORD008153,PROD00045,1.0,0
OI0016349,ORD008153,PROD00590,1.0,0
OI0016350,ORD008154,PROD00149,2.0,5
OI0016351,ORD008155,PROD00231,1.0,20
OI0016352,ORD008155,PROD00571,1.0,15
OI0016353,ORD008156,PROD00376,1.0,5
OI0016354,ORD008156,PROD00552,2.0,20
OI0016355,ORD008156,PROD00227,4.0,0
OI0016356,ORD008156,PROD00168,2.0,15
OI0016357,ORD008157,PROD00500,4.0,0
OI0016358,ORD008157,PROD00178,1.0,25
OI0016359,ORD008158,PROD00235,-1.0,0
OI0016360,ORD008159,PROD00213,4.0,0
OI0016361,ORD008160,PROD00474,4.0,25
OI0016362,ORD008160,PROD00504,1.0,0
OI0016363,ORD008160,PROD00540,1.0,15
OI0016364,ORD008160,PROD00114,5.0,0
OI0016365,ORD008161,PROD00067,1.0,10
OI0016366,ORD008161,PROD00428,2.0,15
OI0016367,ORD008161,PROD00598,10.0,5
OI0016368,ORD008162,PROD00599,1.0,10
OI0016369,ORD008162,PROD00540,1.0,0
OI0016370,ORD008162,PROD00304,1.0,20
OI0016371,ORD008162,PROD00539,4.0,15
OI0016372,ORD008163,PROD00233,1.0,20
OI0016373,ORD008164,PROD00303,1.0,20
OI0016374,ORD008165,PROD00030,-1.0,0
OI0016375,ORD008166,PROD00095,10.0,15
OI0016376,ORD008166,PROD00166,1.0,25
OI0016377,ORD008167,PROD00103,-1.0,10
OI0016378,ORD008168,PROD00248,2.0,15
OI0016379,ORD008169,PROD00473,1.0,20
OI0016380,ORD008169,PROD00559,2.0,0
OI0016381,ORD008170,PROD00282,4.0,15
OI0016382,ORD008171,PROD00538,5.0,25
OI0016383,ORD008172,PROD00270,1.0,15
OI0016384,ORD008172,PROD00036,2.0,15
OI0016385,ORD008173,PROD00502,-1.0,0
OI0016386,ORD008173,PROD00046,5.0,5
OI0016387,ORD008173,PROD00384,1.0,15
OI0016388,ORD008173,PROD00442,4.0,20
OI0016389,ORD008174,PROD00332,2.0,0
OI0016390,ORD008174,PROD00237,1.0,20
OI0016391,ORD008174,PROD00578,-1.0,25
OI0016392,ORD008175,PROD00565,5.0,0
OI0016393,ORD008175,PROD00284,1.0,0
OI0016394,ORD008176,PROD00032,1.0,5
OI0016395,ORD008177,PROD00509,5.0,25
OI0016396,ORD008178,PROD00509,1.0,15
OI0016397,ORD008178,PROD00252,3.0,10
OI0016398,ORD008178,PROD00039,3.0,0
OI0016399,ORD008179,PROD00462,4.0,20
OI0016400,ORD008179,PROD00107,1.0,0
OI0016401,ORD008179,PROD00285,1.0,20
OI0016402,ORD008180,PROD00118,4.0,20
OI0016403,ORD008181,PROD00434,1.0,0
OI0016404,ORD008182,PROD00387,2.0,5
OI0016405,ORD008182,PROD00328,3.0,5
OI0016406,ORD008182,PROD00027,-1.0,5
OI0016407,ORD008183,PROD00175,-1.0,15
OI0016408,ORD008183,PROD00162,5.0,10
OI0016409,ORD008184,PROD00128,1.0,5
OI0016410,ORD008184,PROD00086,-1.0,20
OI0016411,ORD008185,PROD00424,10.0,10
OI0016412,ORD008185,PROD00365,-1.0,0
OI0016413,ORD008186,PROD00387,4.0,0
OI0016414,ORD008187,PROD00544,-1.0,25
OI0016415,ORD008187,PROD00416,4.0,0
OI0016416,ORD008187,PROD00099,1.0,15
OI0016417,ORD008187,PROD00241,1.0,0
OI0016418,ORD008188,PROD00277,1.0,5
OI0016419,ORD008189,PROD00582,1.0,0
OI0016420,ORD008190,PROD00171,10.0,20
OI0016421,ORD008190,PROD00280,2.0,0
OI0016422,ORD008191,PROD00457,1.0,5
OI0016423,ORD008191,PROD00031,-1.0,20
OI0016424,ORD008192,PROD00271,2.0,0
OI0016425,ORD008193,PROD00445,5.0,20
OI0016426,ORD008194,PROD00005,5.0,5
OI0016427,ORD008194,PROD00046,4.0,0
OI0016428,ORD008195,PROD00162,3.0,25
OI0016429,ORD008196,PROD00340,2.0,5
OI0016430,ORD008197,PROD00559,-1.0,0
OI0016431,ORD008197,PROD00275,10.0,20
OI0016432,ORD008198,PROD00175,-1.0,25
OI0016433,ORD008199,PROD00087,1.0,15
OI0016434,ORD008199,PROD00295,-1.0,0
OI0016435,ORD008199,PROD00581,5.0,10
OI0016436,ORD008199,PROD00332,2.0,5
OI0016437,ORD008200,PROD00572,10.0,15
OI0016438,ORD008200,PROD00306,1.0,20
OI0016439,ORD008200,PROD00190,3.0,5
OI0016440,ORD008201,PROD00435,4.0,20
OI0016441,ORD008201,PROD00597,1.0,15
OI0016442,ORD008201,PROD00590,-1.0,5
OI0016443,ORD008202,PROD00026,1.0,0
OI0016444,ORD008202,PROD00112,4.0,10
OI0016445,ORD008202,PROD00464,3.0,10
OI0016446,ORD008203,PROD00225,2.0,15
OI0016447,ORD008204,PROD00351,1.0,0
OI0016448,ORD008204,PROD00051,2.0,20
OI0016449,ORD008205,PROD00180,-1.0,0
OI0016450,ORD008205,PROD00331,1.0,10
OI0016451,ORD008205,PROD00536,2.0,5
OI0016452,ORD008206,PROD00162,2.0,0
OI0016453,ORD008207,PROD00549,4.0,0
OI0016454,ORD008208,PROD00559,-1.0,0
OI0016455,ORD008208,PROD00370,1.0,25
OI0016456,ORD008209,PROD00595,-1.0,10
OI0016457,ORD008210,PROD00426,4.0,10
OI0016458,ORD008211,PROD00499,2.0,0
OI0016459,ORD008211,PROD00087,10.0,20
OI0016460,ORD008212,PROD00344,-1.0,5
OI0016461,ORD008212,PROD00219,3.0,20
OI0016462,ORD008213,PROD00140,2.0,0
OI0016463,ORD008214,PROD00272,1.0,0
OI0016464,ORD008215,PROD00409,10.0,15
OI0016465,ORD008216,PROD00176,1.0,0
OI0016466,ORD008217,PROD00288,2.0,0
OI0016467,ORD008218,PROD00423,1.0,0
OI0016468,ORD008219,PROD00122,4.0,0
OI0016469,ORD008220,PROD00452,2.0,15
OI0016470,ORD008220,PROD00060,3.0,0
OI0016471,ORD008221,PROD00101,-1.0,25
OI0016472,ORD008222,PROD00208,2.0,0
OI0016473,ORD008223,PROD00127,1.0,0
OI0016474,ORD008223,PROD00033,-1.0,25
OI0016475,ORD008223,PROD00166,4.0,25
OI0016476,ORD008223,PROD00312,3.0,15
OI0016477,ORD008224,PROD00391,3.0,25
OI0016478,ORD008224,PROD00045,1.0,0
OI0016479,ORD008224,PROD00293,1.0,10
OI0016480,ORD008224,PROD00055,10.0,20
OI0016481,ORD008225,PROD00498,1.0,25
OI0016482,ORD008226,PROD00461,-1.0,0
OI0016483,ORD008227,PROD00321,1.0,20
OI0016484,ORD008227,PROD00310,10.0,0
OI0016485,ORD008227,PROD00578,2.0,25
OI0016486,ORD008227,PROD00235,2.0,0
OI0016487,ORD008228,PROD00001,2.0,25
OI0016488,ORD008228,PROD00090,10.0,0
OI0016489,ORD008228,PROD00390,4.0,10
OI0016490,ORD008229,PROD00233,1.0,0
OI0016491,ORD008229,PROD00298,1.0,10
OI0016492,ORD008229,PROD00256,3.0,10
OI0016493,ORD008229,PROD00062,5.0,0
OI0016494,ORD008230,PROD00399,3.0,0
OI0016495,ORD008230,PROD00338,1.0,0
OI0016496,ORD008231,PROD00126,10.0,25
OI0016497,ORD008231,PROD00331,2.0,0
OI0016498,ORD008232,PROD00444,2.0,5
OI0016499,ORD008232,PROD00261,1.0,25
OI0016500,ORD008232,PROD00328,1.0,15
OI0016501,ORD008232,PROD00305,2.0,20
OI0016502,ORD008233,PROD00214,2.0,5
OI0016503,ORD008233,PROD00285,2.0,25
OI0016504,ORD008234,PROD00337,-1.0,0
OI0016505,ORD008235,PROD00278,-1.0,20
OI0016506,ORD008235,PROD00333,-1.0,0
OI0016507,ORD008236,PROD00294,4.0,5
OI0016508,ORD008236,PROD00205,2.0,15
OI0016509,ORD008237,PROD00158,4.0,0
OI0016510,ORD008238,PROD00372,2.0,20
OI0016511,ORD008238,PROD00011,2.0,0
OI0016512,ORD008238,PROD00358,-1.0,5
OI0016513,ORD008238,PROD00153,3.0,0
OI0016514,ORD008239,PROD00014,10.0,15
OI0016515,ORD008239,PROD00482,3.0,25
OI0016516,ORD008239,PROD00098,1.0,5
OI0016517,ORD008240,PROD00493,2.0,0
OI0016518,ORD008241,PROD00032,2.0,15
OI0016519,ORD008241,PROD00199,1.0,0
OI0016520,ORD008241,PROD00153,1.0,5
OI0016521,ORD008241,PROD00045,2.0,5
OI0016522,ORD008242,PROD00009,3.0,0
OI0016523,ORD008242,PROD00187,1.0,10
OI0016524,ORD008243,PROD00493,4.0,0
OI0016525,ORD008243,PROD00426,-1.0,20
OI0016526,ORD008243,PROD00480,4.0,10
OI0016527,ORD008243,PROD9531,2.0,5
OI0016528,ORD008244,PROD00520,4.0,25
OI0016529,ORD008244,PROD00546,10.0,20
OI0016530,ORD008244,PROD00421,1.0,0
OI0016531,ORD008244,PROD00345,-1.0,25
OI0016532,ORD008245,PROD00005,5.0,0
OI0016533,ORD008245,PROD00353,1.0,20
OI0016534,ORD008245,PROD00194,1.0,15
OI0016535,ORD008245,PROD00507,1.0,0
OI0016536,ORD008246,PROD00345,2.0,0
OI0016537,ORD008247,PROD00532,2.0,0
OI0016538,ORD008247,PROD00552,4.0,20
OI0016539,ORD008248,PROD00061,10.0,0
OI0016540,ORD008248,PROD00048,3.0,20
OI0016541,ORD008248,PROD00175,10.0,5
OI0016542,ORD008249,PROD00357,1.0,0
OI0016543,ORD008249,PROD00571,2.0,0
OI0016544,ORD008249,PROD00126,1.0,0
OI0016545,ORD008250,PROD00011,3.0,0
OI0016546,ORD008250,PROD00105,1.0,0
OI0016547,ORD008251,PROD00179,4.0,25
OI0016548,ORD008251,PROD00010,1.0,0
OI0016549,ORD008251,PROD00461,-1.0,0
OI0016550,ORD008252,PROD00552,1.0,0
OI0016551,ORD008252,PROD00491,3.0,0
OI0016552,ORD008253,PROD00069,-1.0,0
OI0016553,ORD008254,PROD00432,1.0,0
OI0016554,ORD008254,PROD00298,2.0,0
OI0016555,ORD008255,PROD00318,1.0,0
OI0016556,ORD008256,PROD00471,1.0,5
OI0016557,ORD008257,PROD00132,1.0,10
OI0016558,ORD008257,PROD00103,4.0,15
OI0016559,ORD008258,PROD00170,2.0,25
OI0016560,ORD008258,PROD00354,2.0,5
OI0016561,ORD008259,PROD00382,2.0,0
OI0016562,ORD008259,PROD00038,4.0,15
OI0016563,ORD008259,PROD00309,4.0,15
OI0016564,ORD008260,PROD00197,1.0,5
OI0016565,ORD008260,PROD00421,2.0,25
OI0016566,ORD008261,PROD00538,5.0,0
OI0016567,ORD008261,PROD00362,,0
OI0016568,ORD008261,PROD00317,2.0,0
OI0016569,ORD008261,PROD00594,1.0,20
OI0016570,ORD008262,PROD00165,1.0,5
OI0016571,ORD008263,PROD00597,3.0,20
OI0016572,ORD008264,PROD00238,10.0,5
OI0016573,ORD008264,PROD00121,2.0,15
OI0016574,ORD008265,PROD00481,2.0,25
OI0016575,ORD008265,PROD00180,4.0,0
OI0016576,ORD008265,PROD00442,2.0,10
OI0016577,ORD008266,PROD00043,-1.0,20
OI0016578,ORD008266,PROD00009,2.0,0
OI0016579,ORD008266,PROD00224,1.0,20
OI0016580,ORD008266,PROD00274,5.0,0
OI0016581,ORD008267,PROD00114,2.0,20
OI0016582,ORD008267,PROD00163,2.0,5
OI0016583,ORD008267,PROD00513,4.0,10
OI0016584,ORD008268,PROD00186,3.0,25
OI0016585,ORD008269,PROD00471,-1.0,15
OI0016586,ORD008269,PROD00302,-1.0,20
OI0016587,ORD008270,PROD00558,1.0,20
OI0016588,ORD008270,PROD00023,2.0,10
OI0016589,ORD008271,PROD00232,2.0,10
OI0016590,ORD008272,PROD00380,1.0,20
OI0016591,ORD008272,PROD00103,2.0,0
OI0016592,ORD008272,PROD00433,4.0,10
OI0016593,ORD008272,PROD00564,10.0,10
OI0016594,ORD008273,PROD00568,5.0,20
OI0016595,ORD008273,PROD00007,2.0,0
OI0016596,ORD008274,PROD9233,10.0,0
OI0016597,ORD008274,PROD00516,2.0,0
OI0016598,ORD008275,PROD00037,3.0,20
OI0016599,ORD008275,PROD00517,2.0,5
OI0016600,ORD008276,PROD00018,2.0,0
OI0016601,ORD008276,PROD00525,-1.0,0
OI0016602,ORD008277,PROD00228,4.0,0
OI0016603,ORD008277,PROD00359,2.0,0
OI0016604,ORD008278,PROD00288,3.0,15
OI0016605,ORD008278,PROD00208,2.0,5
OI0016606,ORD008279,PROD9165,5.0,20
OI0016607,ORD008280,PROD00051,3.0,0
OI0016608,ORD008280,PROD00039,1.0,10
OI0016609,ORD008280,PROD00544,10.0,15
OI0016610,ORD008280,PROD00559,2.0,0
OI0016611,ORD008281,PROD00492,3.0,5
OI0016612,ORD008281,PROD00132,-1.0,0
OI0016613,ORD008282,PROD00439,5.0,0
OI0016614,ORD008282,PROD00590,1.0,5
OI0016615,ORD008283,PROD00257,2.0,0
OI0016616,ORD008283,PROD00239,2.0,25
OI0016617,ORD008283,PROD00377,3.0,5
OI0016618,ORD008284,PROD00584,4.0,20
OI0016619,ORD008285,PROD00271,4.0,25
OI0016620,ORD008285,PROD00019,2.0,25
OI0016621,ORD008286,PROD00508,10.0,20
OI0016622,ORD008286,PROD00445,3.0,15
OI0016623,ORD008287,PROD00224,-1.0,5
OI0016624,ORD008287,PROD00402,2.0,0
OI0016625,ORD008288,PROD00091,2.0,10
OI0016626,ORD008289,PROD00014,2.0,20
OI0016627,ORD008289,PROD00269,2.0,0
OI0016628,ORD008289,PROD00232,4.0,10
OI0016629,ORD008290,PROD00104,1.0,0
OI0016630,ORD008291,PROD00214,1.0,5
OI0016631,ORD008292,PROD00165,1.0,15
OI0016632,ORD008292,PROD00055,4.0,0
OI0016633,ORD008292,PROD00014,1.0,25
OI0016634,ORD008292,PROD00116,2.0,0
OI0016635,ORD008293,PROD00260,3.0,0
OI0016636,ORD008293,PROD00499,3.0,25
OI0016637,ORD008293,PROD00541,2.0,20
OI0016638,ORD008293,PROD00439,5.0,25
OI0016639,ORD008294,PROD00505,1.0,15
OI0016640,ORD008294,PROD00332,1.0,0
OI0016641,ORD008294,PROD00399,5.0,15
OI0016642,ORD008294,PROD00018,5.0,0
OI0016643,ORD008295,PROD00138,5.0,0
OI0016644,ORD008295,PROD9124,4.0,15
OI0016645,ORD008295,PROD00250,2.0,0
OI0016646,ORD008295,PROD00224,2.0,10
OI0016647,ORD008296,PROD00277,3.0,0
OI0016648,ORD008296,PROD00051,1.0,5
OI0016649,ORD008297,PROD00501,2.0,0
OI0016650,ORD008297,PROD00082,-1.0,15
OI0016651,ORD008298,PROD00597,2.0,0
OI0016652,ORD008299,PROD00525,-1.0,5
OI0016653,ORD008299,PROD00244,1.0,5
OI0016654,ORD008299,PROD00132,10.0,20
OI0016655,ORD008299,PROD00554,5.0,20
OI0016656,ORD008300,PROD00553,1.0,15
OI0016657,ORD008301,PROD00277,-1.0,20
OI0016658,ORD008302,PROD00269,2.0,20
OI0016659,ORD008303,PROD00155,2.0,5
OI0016660,ORD008304,PROD00271,3.0,10
OI0016661,ORD008304,PROD00140,2.0,0
OI0016662,ORD008305,PROD00325,1.0,5
OI0016663,ORD008305,PROD00579,4.0,5
OI0016664,ORD008306,PROD00595,3.0,0
OI0016665,ORD008306,PROD00469,10.0,0
OI0016666,ORD008307,PROD00222,5.0,0
OI0016667,ORD008307,PROD00196,10.0,15
OI0016668,ORD008308,PROD00559,1.0,20
OI0016669,ORD008308,PROD00343,2.0,0
OI0016670,ORD008309,PROD00436,1.0,10
OI0016671,ORD008309,PROD00491,1.0,20
OI0016672,ORD008310,PROD00442,2.0,20
OI0016673,ORD008311,PROD00129,5.0,0
OI0016674,ORD008311,PROD00112,5.0,0
OI0016675,ORD008311,PROD00092,3.0,0
OI0016676,ORD008311,PROD00272,10.0,0
OI0016677,ORD008312,PROD00346,10.0,10
OI0016678,ORD008312,PROD00435,3.0,20
OI0016679,ORD008313,PROD00353,2.0,0
OI0016680,ORD008314,PROD00334,-1.0,15
OI0016681,ORD008315,PROD00186,1.0,0
OI0016682,ORD008315,PROD00183,1.0,10
OI0016683,ORD008315,PROD00043,1.0,0
OI0016684,ORD008315,PROD00174,3.0,20
OI0016685,ORD008316,PROD00511,1.0,0
OI0016686,ORD008316,PROD00335,10.0,10
OI0016687,ORD008317,PROD9438,1.0,10
OI0016688,ORD008317,PROD00558,2.0,0
OI0016689,ORD008318,PROD00160,2.0,0
OI0016690,ORD008318,PROD00397,1.0,25
OI0016691,ORD008319,PROD00255,2.0,10
OI0016692,ORD008320,PROD00347,4.0,5
OI0016693,ORD008321,PROD00068,-1.0,25
OI0016694,ORD008321,PROD00450,-1.0,15
OI0016695,ORD008321,PROD00086,1.0,25
OI0016696,ORD008321,PROD00039,10.0,15
OI0016697,ORD008322,PROD00063,1.0,15
OI0016698,ORD008322,PROD00280,3.0,0
OI0016699,ORD008322,PROD00172,10.0,25
OI0016700,ORD008323,PROD00556,10.0,20
OI0016701,ORD008323,PROD00177,-1.0,0
OI0016702,ORD008324,PROD00447,1.0,10
OI0016703,ORD008325,PROD00478,1.0,5
OI0016704,ORD008325,PROD00102,2.0,5
OI0016705,ORD008326,PROD00057,5.0,15
OI0016706,ORD008326,PROD00075,10.0,5
OI0016707,ORD008326,PROD00108,3.0,10
OI0016708,ORD008327,PROD00052,10.0,25
OI0016709,ORD008328,PROD00576,1.0,0
OI0016710,ORD008328,PROD00387,500.0,25
OI0016711,ORD008329,PROD00441,3.0,0
OI0016712,ORD008330,PROD00274,1.0,5
OI0016713,ORD008331,PROD00511,1.0,20
OI0016714,ORD008331,PROD9191,1.0,20
OI0016715,ORD008331,PROD00178,10.0,10
OI0016716,ORD008332,PROD00086,10.0,5
OI0016717,ORD008333,PROD00031,5.0,15
OI0016718,ORD008334,PROD00083,4.0,10
OI0016719,ORD008335,PROD00401,1.0,0
OI0016720,ORD008336,PROD00371,1.0,0
OI0016721,ORD008336,PROD00001,-1.0,5
OI0016722,ORD008336,PROD00318,2.0,0
OI0016723,ORD008337,PROD00435,2.0,0
OI0016724,ORD008337,PROD00114,3.0,10
OI0016725,ORD008337,PROD00008,3.0,25
OI0016726,ORD008337,PROD00242,4.0,20
OI0016727,ORD008338,PROD00389,4.0,10
OI0016728,ORD008338,PROD00353,1.0,0
OI0016729,ORD008338,PROD00218,1.0,10
OI0016730,ORD008338,PROD00058,5.0,0
OI0016731,ORD008339,PROD00335,4.0,0
OI0016732,ORD008340,PROD00539,10.0,15
OI0016733,ORD008341,PROD00401,2.0,0
OI0016734,ORD008342,PROD00206,1.0,0
OI0016735,ORD008342,PROD9697,1.0,0
OI0016736,ORD008343,PROD00145,1.0,15
OI0016737,ORD008343,PROD00190,10.0,0
OI0016738,ORD008344,PROD00276,3.0,0
OI0016739,ORD008345,PROD00212,3.0,10
OI0016740,ORD008346,PROD00467,1.0,5
OI0016741,ORD008346,PROD00540,2.0,25
OI0016742,ORD008347,PROD00494,1.0,25
OI0016743,ORD008347,PROD00173,-1.0,20
OI0016744,ORD008347,PROD00533,10.0,0
OI0016745,ORD008348,PROD00413,2.0,5
OI0016746,ORD008349,PROD00202,10.0,5
OI0016747,ORD008350,PROD00391,3.0,15
OI0016748,ORD008351,PROD00172,4.0,15
OI0016749,ORD008351,PROD00241,1.0,0
OI0016750,ORD008352,PROD00396,2.0,0
OI0016751,ORD008352,PROD00426,10.0,10
OI0016752,ORD008353,PROD00574,10.0,10
OI0016753,ORD008353,PROD00035,10.0,0
OI0016754,ORD008353,PROD00147,10.0,25
OI0016755,ORD008354,PROD00302,10.0,10
OI0016756,ORD008354,PROD00132,1.0,0
OI0016757,ORD008354,PROD00248,1.0,10
OI0016758,ORD008355,PROD00290,-1.0,25
OI0016759,ORD008355,PROD00243,2.0,5
OI0016760,ORD008355,PROD00444,2.0,5
OI0016761,ORD008356,PROD00396,3.0,0
OI0016762,ORD008356,PROD00516,1.0,5
OI0016763,ORD008357,PROD00076,1.0,15
OI0016764,ORD008358,PROD00224,2.0,15
OI0016765,ORD008358,PROD00333,-1.0,25
OI0016766,ORD008359,PROD00127,3.0,0
OI0016767,ORD008360,PROD00476,1.0,5
OI0016768,ORD008360,PROD00068,4.0,5
OI0016769,ORD008360,PROD00381,1.0,0
OI0016770,ORD008360,PROD00283,1.0,0
OI0016771,ORD008361,PROD00585,1.0,10
OI0016772,ORD008362,PROD00543,10.0,20
OI0016773,ORD008363,PROD00450,2.0,10
OI0016774,ORD008363,PROD00507,-1.0,5
OI0016775,ORD008364,PROD00304,5.0,10
OI0016776,ORD008365,PROD00294,1.0,0
OI0016777,ORD008365,PROD00045,5.0,5
OI0016778,ORD008365,PROD00320,10.0,0
OI0016779,ORD008365,PROD00045,-1.0,0
OI0016780,ORD008366,PROD00466,1.0,5
OI0016781,ORD008367,PROD00571,1.0,15
OI0016782,ORD008367,PROD00093,1.0,15
OI0016783,ORD008367,PROD00295,10.0,5
OI0016784,ORD008368,PROD00172,5.0,15
OI0016785,ORD008369,PROD00201,2.0,0
OI0016786,ORD008369,PROD00236,2.0,20
OI0016787,ORD008369,PROD00396,4.0,10
OI0016788,ORD008370,PROD00300,1.0,15
OI0016789,ORD008370,PROD00276,,0
OI0016790,ORD008370,PROD00288,-1.0,20
OI0016791,ORD008370,PROD00362,2.0,5
OI0016792,ORD008371,PROD00078,1.0,5
OI0016793,ORD008371,PROD00271,2.0,10
OI0016794,ORD008372,PROD00588,10.0,20
OI0016795,ORD008373,PROD00245,10.0,0
OI0016796,ORD008374,PROD00071,1.0,20
OI0016797,ORD008374,PROD9289,4.0,20
OI0016798,ORD008375,PROD00278,2.0,0
OI0016799,ORD008376,PROD00330,1.0,0
OI0016800,ORD008377,PROD00102,4.0,25
OI0016801,ORD008377,PROD00446,3.0,5
OI0016802,ORD008377,PROD00052,3.0,15
OI0016803,ORD008377,PROD00211,3.0,0
OI0016804,ORD008378,PROD00513,10.0,0
OI0016805,ORD008379,PROD00526,1.0,20
OI0016806,ORD008380,PROD00016,2.0,25
OI0016807,ORD008381,PROD00455,-1.0,10
OI0016808,ORD008382,PROD00030,1.0,5
OI0016809,ORD008383,PROD00247,2.0,0
OI0016810,ORD008383,PROD00300,1.0,0
OI0016811,ORD008384,PROD00439,3.0,15
OI0016812,ORD008385,PROD00162,1.0,5
OI0016813,ORD008386,PROD00397,1.0,5
OI0016814,ORD008386,PROD00282,1.0,25
OI0016815,ORD008386,PROD9997,2.0,5
OI0016816,ORD008386,PROD00409,5.0,25
OI0016817,ORD008387,PROD00219,3.0,15
OI0016818,ORD008387,PROD00147,3.0,10
OI0016819,ORD008387,PROD00230,4.0,25
OI0016820,ORD008387,PROD00219,2.0,0
OI0016821,ORD008388,PROD00593,3.0,25
OI0016822,ORD008388,PROD00309,2.0,0
OI0016823,ORD008389,PROD00065,-1.0,10
OI0016824,ORD008389,PROD00463,1.0,15
OI0016825,ORD008390,PROD00519,3.0,0
OI0016826,ORD008390,PROD00479,1.0,25
OI0016827,ORD008390,PROD00555,1.0,20
OI0016828,ORD008391,PROD00367,1.0,0
OI0016829,ORD008392,PROD00110,2.0,20
OI0016830,ORD008393,PROD00077,3.0,5
OI0016831,ORD008394,PROD00369,2.0,0
OI0016832,ORD008394,PROD00453,1.0,10
OI0016833,ORD008394,PROD00109,3.0,10
OI0016834,ORD008394,PROD00445,1.0,0
OI0016835,ORD008395,PROD00089,-1.0,5
OI0016836,ORD008395,PROD00056,2.0,5
OI0016837,ORD008395,PROD00485,1.0,20
OI0016838,ORD008395,PROD00462,3.0,0
OI0016839,ORD008396,PROD00456,3.0,0
OI0016840,ORD008397,PROD00388,4.0,0
OI0016841,ORD008397,PROD00482,10.0,0
OI0016842,ORD008397,PROD00142,2.0,10
OI0016843,ORD008397,PROD00495,4.0,5
OI0016844,ORD008398,PROD00581,1.0,0
OI0016845,ORD008398,PROD00541,3.0,15
OI0016846,ORD008399,PROD00267,2.0,5
OI0016847,ORD008400,PROD00387,1.0,0
OI0016848,ORD008400,PROD00525,2.0,15
OI0016849,ORD008400,PROD00389,1.0,10
OI0016850,ORD008401,PROD00005,1.0,10
OI0016851,ORD008402,PROD00360,2.0,10
OI0016852,ORD008403,PROD00273,10.0,20
OI0016853,ORD008403,PROD00168,3.0,5
OI0016854,ORD008403,PROD00308,5.0,0
OI0016855,ORD008404,PROD00018,-1.0,0
OI0016856,ORD008404,PROD00077,1.0,0
OI0016857,ORD008404,PROD00225,1.0,15
OI0016858,ORD008405,PROD00494,3.0,10
OI0016859,ORD008405,PROD00583,3.0,0
OI0016860,ORD008405,PROD00594,2.0,0
OI0016861,ORD008405,PROD00385,1.0,10
OI0016862,ORD008406,PROD00439,2.0,0
OI0016863,ORD008406,PROD00056,1.0,0
OI0016864,ORD008407,PROD00327,4.0,0
OI0016865,ORD008408,PROD00472,2.0,5
OI0016866,ORD008409,PROD00197,1.0,5
OI0016867,ORD008409,PROD00142,4.0,5
OI0016868,ORD008409,PROD00342,2.0,0
OI0016869,ORD008410,PROD00504,5.0,15
OI0016870,ORD008411,PROD00129,2.0,0
OI0016871,ORD008412,PROD00301,2.0,25
OI0016872,ORD008412,PROD00539,3.0,5
OI0016873,ORD008412,PROD00197,1.0,5
OI0016874,ORD008412,PROD00259,2.0,0
OI0016875,ORD008413,PROD00262,1.0,0
OI0016876,ORD008414,PROD9655,2.0,0
OI0016877,ORD008414,PROD00158,10.0,10
OI0016878,ORD008414,PROD00202,10.0,25
OI0016879,ORD008414,PROD00276,5.0,15
OI0016880,ORD008415,PROD00192,5.0,15
OI0016881,ORD008415,PROD00079,2.0,0
OI0016882,ORD008415,PROD00232,1.0,0
OI0016883,ORD008416,PROD00204,10.0,25
OI0016884,ORD008417,PROD00473,1.0,0
OI0016885,ORD008417,PROD00034,1.0,0
OI0016886,ORD008417,PROD00543,4.0,20
OI0016887,ORD008417,PROD00266,4.0,0
OI0016888,ORD008418,PROD00269,1.0,0
OI0016889,ORD008418,PROD00455,1.0,0
OI0016890,ORD008419,PROD00033,2.0,0
OI0016891,ORD008420,PROD00484,2.0,5
OI0016892,ORD008421,PROD00260,-1.0,0
OI0016893,ORD008421,PROD00064,2.0,10
OI0016894,ORD008422,PROD00305,1.0,15
OI0016895,ORD008423,PROD00441,1.0,0
OI0016896,ORD008423,PROD00179,5.0,20
OI0016897,ORD008424,PROD00159,1.0,5
OI0016898,ORD008425,PROD00046,1.0,10
OI0016899,ORD008425,PROD00441,3.0,0
OI0016900,ORD008425,PROD00186,1.0,20
OI0016901,ORD008425,PROD00079,1.0,25
OI0016902,ORD008426,PROD00071,1.0,0
OI0016903,ORD008426,PROD00311,3.0,0
OI0016904,ORD008427,PROD00574,3.0,0
OI0016905,ORD008428,PROD00249,-1.0,25
OI0016906,ORD008428,PROD00237,2.0,20
OI0016907,ORD008429,PROD00551,3.0,0
OI0016908,ORD008429,PROD00412,4.0,0
OI0016909,ORD008429,PROD00464,-1.0,20
OI0016910,ORD008429,PROD00439,2.0,0
OI0016911,ORD008430,PROD00598,-1.0,0
OI0016912,ORD008430,PROD00241,5.0,5
OI0016913,ORD008431,PROD00536,4.0,25
OI0016914,ORD008431,PROD00042,-1.0,15
OI0016915,ORD008431,PROD00106,3.0,0
OI0016916,ORD008431,PROD00243,2.0,0
OI0016917,ORD008432,PROD00476,3.0,10
OI0016918,ORD008433,PROD00290,2.0,20
OI0016919,ORD008433,PROD00418,1.0,10
OI0016920,ORD008434,PROD00197,1.0,0
OI0016921,ORD008435,PROD00116,1.0,25
OI0016922,ORD008435,PROD00443,1.0,0
OI0016923,ORD008436,PROD00515,1.0,15
OI0016924,ORD008436,PROD00064,-1.0,0
OI0016925,ORD008437,PROD00309,1.0,0
OI0016926,ORD008437,PROD00003,4.0,0
OI0016927,ORD008437,PROD00081,5.0,20
OI0016928,ORD008438,PROD00403,4.0,5
OI0016929,ORD008438,PROD00090,2.0,10
OI0016930,ORD008439,PROD00033,-1.0,5
OI0016931,ORD008439,PROD00312,10.0,10
OI0016932,ORD008439,PROD00069,2.0,20
OI0016933,ORD008439,PROD00120,2.0,0
OI0016934,ORD008440,PROD00182,1.0,0
OI0016935,ORD008440,PROD00320,5.0,10
OI0016936,ORD008440,PROD00018,3.0,10
OI0016937,ORD008440,PROD00179,3.0,0
OI0016938,ORD008441,PROD00589,5.0,5
OI0016939,ORD008441,PROD00080,4.0,5
OI0016940,ORD008442,PROD00011,4.0,0
OI0016941,ORD008443,PROD00532,1.0,20
OI0016942,ORD008444,PROD00021,-1.0,0
OI0016943,ORD008445,PROD00144,5.0,20
OI0016944,ORD008445,PROD00102,-1.0,5
OI0016945,ORD008445,PROD00533,4.0,15
OI0016946,ORD008446,PROD00549,2.0,15
OI0016947,ORD008446,PROD00535,1.0,0
OI0016948,ORD008446,PROD00160,1.0,25
OI0016949,ORD008446,PROD00459,5.0,0
OI0016950,ORD008447,PROD00342,5.0,15
OI0016951,ORD008448,PROD00055,5.0,0
OI0016952,ORD008448,PROD00514,1.0,25
OI0016953,ORD008449,PROD00109,-1.0,0
OI0016954,ORD008450,PROD00319,4.0,0
OI0016955,ORD008450,PROD00258,-1.0,0
OI0016956,ORD008450,PROD00116,1.0,20
OI0016957,ORD008450,PROD00492,-1.0,0
OI0016958,ORD008451,PROD00141,5.0,15
OI0016959,ORD008451,PROD00240,1.0,0
OI0016960,ORD008452,PROD00481,1.0,15
OI0016961,ORD008452,PROD00541,2.0,5
OI0016962,ORD008452,PROD00577,3.0,25
OI0016963,ORD008453,PROD00334,5.0,0
OI0016964,ORD008453,PROD00241,3.0,10
OI0016965,ORD008454,PROD00564,2.0,0
OI0016966,ORD008454,PROD00370,1.0,0
OI0016967,ORD008454,PROD00006,1.0,0
OI0016968,ORD008455,PROD00496,2.0,20
OI0016969,ORD008455,PROD00520,-1.0,20
OI0016970,ORD008455,PROD00288,2.0,15
OI0016971,ORD008456,PROD00296,1.0,25
OI0016972,ORD008457,PROD00222,2.0,10
OI0016973,ORD008458,PROD00562,1.0,0
OI0016974,ORD008458,PROD00318,-1.0,0
OI0016975,ORD008459,PROD00272,2.0,0
OI0016976,ORD008460,PROD00474,-1.0,10
OI0016977,ORD008460,PROD00292,3.0,20
OI0016978,ORD008460,PROD00536,1.0,5
OI0016979,ORD008460,PROD00427,1.0,15
OI0016980,ORD008461,PROD00132,2.0,20
OI0016981,ORD008461,PROD00074,-1.0,0
OI0016982,ORD008461,PROD00095,1.0,0
OI0016983,ORD008461,PROD00053,5.0,5
OI0016984,ORD008462,PROD00268,3.0,0
OI0016985,ORD008463,PROD00398,2.0,20
OI0016986,ORD008463,PROD00345,2.0,25
OI0016987,ORD008463,PROD00332,2.0,0
OI0016988,ORD008463,PROD00431,1.0,0
OI0016989,ORD008464,PROD00217,-1.0,0
OI0016990,ORD008465,PROD00290,2.0,0
OI0016991,ORD008465,PROD00445,5.0,10
OI0016992,ORD008466,PROD00036,2.0,0
OI0016993,ORD008467,PROD00003,2.0,5
OI0016994,ORD008467,PROD00033,1.0,25
OI0016995,ORD008467,PROD00304,2.0,10
OI0016996,ORD008468,PROD00450,1.0,5
OI0016997,ORD008468,PROD00125,-1.0,0
OI0016998,ORD008469,PROD00433,1.0,20
OI0016999,ORD008469,PROD00061,10.0,0
OI0017000,ORD008470,PROD00240,2.0,10
OI0017001,ORD008471,PROD00269,3.0,0
OI0017002,ORD008472,PROD00379,-1.0,0
OI0017003,ORD008472,PROD00196,4.0,0
OI0017004,ORD008472,PROD00079,5.0,25
OI0017005,ORD008473,PROD00360,10.0,15
OI0017006,ORD008474,PROD00546,10.0,5
OI0017007,ORD008474,PROD00328,2.0,5
OI0017008,ORD008475,PROD00080,2.0,10
OI0017009,ORD008476,PROD00273,1.0,15
OI0017010,ORD008476,PROD00491,2.0,0
OI0017011,ORD008477,PROD00021,-1.0,0
OI0017012,ORD008478,PROD00050,2.0,15
OI0017013,ORD008478,PROD00351,5.0,15
OI0017014,ORD008479,PROD00057,10.0,0
OI0017015,ORD008480,PROD00410,1.0,10
OI0017016,ORD008480,PROD00169,1.0,15
OI0017017,ORD008481,PROD00367,-1.0,0
OI0017018,ORD008481,PROD00570,3.0,0
OI0017019,ORD008481,PROD00549,1.0,5
OI0017020,ORD008481,PROD00240,2.0,20
OI0017021,ORD008482,PROD00188,1.0,0
OI0017022,ORD008483,PROD00509,4.0,25
OI0017023,ORD008483,PROD00432,3.0,5
OI0017024,ORD008483,PROD00296,5.0,0
OI0017025,ORD008484,PROD00457,2.0,10
OI0017026,ORD008485,PROD00363,5.0,0
OI0017027,ORD008486,PROD00308,5.0,5
OI0017028,ORD008486,PROD00294,3.0,10
OI0017029,ORD008486,PROD00161,1.0,0
OI0017030,ORD008487,PROD00461,1.0,5
OI0017031,ORD008487,PROD00151,5.0,0
OI0017032,ORD008488,PROD00073,1.0,0
OI0017033,ORD008488,PROD00168,-1.0,20
OI0017034,ORD008488,PROD00268,2.0,0
OI0017035,ORD008489,PROD00113,4.0,10
OI0017036,ORD008490,PROD00577,2.0,10
OI0017037,ORD008490,PROD00542,5.0,15
OI0017038,ORD008491,PROD00543,2.0,5
OI0017039,ORD008492,PROD00345,4.0,10
OI0017040,ORD008492,PROD00585,1.0,0
OI0017041,ORD008493,PROD00431,1.0,20
OI0017042,ORD008493,PROD00447,5.0,0
OI0017043,ORD008494,PROD00039,10.0,0
OI0017044,ORD008494,PROD00462,1.0,0
OI0017045,ORD008494,PROD00209,2.0,0
OI0017046,ORD008494,PROD00552,3.0,25
OI0017047,ORD008495,PROD00387,2.0,10
OI0017048,ORD008496,PROD00528,1.0,0
OI0017049,ORD008496,PROD00079,5.0,15
OI0017050,ORD008496,PROD00543,1.0,0
OI0017051,ORD008496,PROD00236,2.0,20
OI0017052,ORD008497,PROD00308,1.0,0
OI0017053,ORD008497,PROD00242,4.0,15
OI0017054,ORD008497,PROD00112,10.0,0
OI0017055,ORD008497,PROD00521,1.0,5
OI0017056,ORD008498,PROD00388,2.0,20
OI0017057,ORD008498,PROD00072,5.0,25
OI0017058,ORD008498,PROD00306,1.0,0
OI0017059,ORD008499,PROD9957,4.0,10
OI0017060,ORD008499,PROD00357,5.0,0
OI0017061,ORD008499,PROD00056,4.0,5
OI0017062,ORD008499,PROD00352,3.0,25
OI0017063,ORD008500,PROD00535,1.0,0
OI0017064,ORD008500,PROD00096,2.0,5
OI0017065,ORD008500,PROD00462,1.0,5
OI0017066,ORD008500,PROD00093,1.0,20
OI0017067,ORD008501,PROD00136,2.0,25
OI0017068,ORD008502,PROD00049,2.0,15
OI0017069,ORD008502,PROD00063,10.0,0
OI0017070,ORD008503,PROD00069,1.0,0
OI0017071,ORD008504,PROD00075,5.0,0
OI0017072,ORD008504,PROD00347,1.0,10
OI0017073,ORD008505,PROD00266,1.0,0
OI0017074,ORD008505,PROD00357,-1.0,0
OI0017075,ORD008506,PROD00525,5.0,0
OI0017076,ORD008506,PROD00244,4.0,0
OI0017077,ORD008506,PROD00369,1.0,0
OI0017078,ORD008506,PROD00209,10.0,15
OI0017079,ORD008507,PROD00357,1.0,0
OI0017080,ORD008507,PROD00244,1.0,15
OI0017081,ORD008507,PROD00270,2.0,25
OI0017082,ORD008508,PROD00295,1.0,15
OI0017083,ORD008508,PROD00114,1.0,5
OI0017084,ORD008509,PROD00432,3.0,10
OI0017085,ORD008510,PROD00177,10.0,0
OI0017086,ORD008510,PROD00216,1.0,25
OI0017087,ORD008511,PROD00021,5.0,5
OI0017088,ORD008511,PROD00023,5.0,0
OI0017089,ORD008511,PROD00469,1.0,0
OI0017090,ORD008512,PROD00231,10.0,10
OI0017091,ORD008513,PROD00081,3.0,20
OI0017092,ORD008513,PROD00308,4.0,5
OI0017093,ORD008513,PROD00130,2.0,10
OI0017094,ORD008513,PROD00252,1.0,0
OI0017095,ORD008514,PROD00185,2.0,5
OI0017096,ORD008514,PROD00010,5.0,0
OI0017097,ORD008514,PROD00008,1.0,5
OI0017098,ORD008515,PROD00529,1.0,20
OI0017099,ORD008516,PROD9189,1.0,15
OI0017100,ORD008516,PROD00475,-1.0,0
OI0017101,ORD008517,PROD00036,5.0,10
OI0017102,ORD008518,PROD00210,1.0,5
OI0017103,ORD008519,PROD00045,5.0,15
OI0017104,ORD008519,PROD00316,3.0,10
OI0017105,ORD008519,PROD00281,2.0,20
OI0017106,ORD008520,PROD00484,3.0,0
OI0017107,ORD008520,PROD00124,3.0,0
OI0017108,ORD008520,PROD00042,4.0,20
OI0017109,ORD008521,PROD00268,5.0,10
OI0017110,ORD008522,PROD00162,1.0,25
OI0017111,ORD008522,PROD00236,5.0,20
OI0017112,ORD008523,PROD00565,2.0,0
OI0017113,ORD008523,PROD00471,5.0,5
OI0017114,ORD008523,PROD00164,-1.0,0
OI0017115,ORD008523,PROD00287,10.0,20
OI0017116,ORD008524,PROD00546,1.0,25
OI0017117,ORD008524,PROD00205,2.0,20
OI0017118,ORD008524,PROD00307,4.0,15
OI0017119,ORD008524,PROD00483,1.0,5
OI0017120,ORD008525,PROD00281,-1.0,0
OI0017121,ORD008525,PROD00090,4.0,0
OI0017122,ORD008525,PROD00576,2.0,10
OI0017123,ORD008526,PROD00599,4.0,0
OI0017124,ORD008527,PROD00149,1.0,0
OI0017125,ORD008527,PROD00462,4.0,25
OI0017126,ORD008528,PROD00161,1.0,25
OI0017127,ORD008528,PROD00071,2.0,5
OI0017128,ORD008528,PROD00390,-1.0,25
OI0017129,ORD008529,PROD00101,2.0,0
OI0017130,ORD008529,PROD00445,2.0,15
OI0017131,ORD008529,PROD00481,4.0,15
OI0017132,ORD008530,PROD00361,500.0,10
OI0017133,ORD008531,PROD00125,2.0,0
OI0017134,ORD008531,PROD00042,-1.0,0
OI0017135,ORD008532,PROD00215,5.0,10
OI0017136,ORD008532,PROD00018,2.0,0
OI0017137,ORD008532,PROD00525,1.0,0
OI0017138,ORD008532,PROD00387,5.0,0
OI0017139,ORD008533,PROD00508,1.0,20
OI0017140,ORD008534,PROD00095,-1.0,0
OI0017141,ORD008535,PROD00315,1.0,0
OI0017142,ORD008535,PROD00138,4.0,20
OI0017143,ORD008536,PROD00221,3.0,20
OI0017144,ORD008536,PROD00466,2.0,10
OI0017145,ORD008536,PROD00537,3.0,15
OI0017146,ORD008537,PROD00542,4.0,0
OI0017147,ORD008538,PROD00277,1.0,0
OI0017148,ORD008538,PROD00103,1.0,5
OI0017149,ORD008539,PROD00188,1.0,0
OI0017150,ORD008539,PROD00313,2.0,15
OI0017151,ORD008540,PROD00401,2.0,0
OI0017152,ORD008541,PROD00024,2.0,10
OI0017153,ORD008541,PROD00185,1.0,0
OI0017154,ORD008542,PROD00007,2.0,15
OI0017155,ORD008542,PROD00024,2.0,10
OI0017156,ORD008543,PROD00127,1.0,5
OI0017157,ORD008543,PROD00222,2.0,25
OI0017158,ORD008544,PROD00114,2.0,20
OI0017159,ORD008545,PROD00403,2.0,25
OI0017160,ORD008545,PROD00142,1.0,0
OI0017161,ORD008546,PROD00043,1.0,0
OI0017162,ORD008546,PROD00324,4.0,20
OI0017163,ORD008547,PROD00588,2.0,0
OI0017164,ORD008548,PROD00552,5.0,25
OI0017165,ORD008548,PROD00117,2.0,0
OI0017166,ORD008548,PROD00084,5.0,0
OI0017167,ORD008549,PROD00184,1.0,0
OI0017168,ORD008550,PROD00420,2.0,5
OI0017169,ORD008551,PROD00158,1.0,0
OI0017170,ORD008551,PROD00270,2.0,15
OI0017171,ORD008552,PROD00157,3.0,10
OI0017172,ORD008552,PROD00297,2.0,25
OI0017173,ORD008553,PROD00541,10.0,10
OI0017174,ORD008553,PROD00024,2.0,0
OI0017175,ORD008553,PROD00008,1.0,0
OI0017176,ORD008554,PROD00143,1.0,20
OI0017177,ORD008555,PROD00257,2.0,10
OI0017178,ORD008555,PROD00035,2.0,25
OI0017179,ORD008556,PROD00269,5.0,25
OI0017180,ORD008556,PROD00570,4.0,5
OI0017181,ORD008557,PROD00164,-1.0,10
OI0017182,ORD008557,PROD00035,2.0,5
OI0017183,ORD008557,PROD00007,2.0,20
OI0017184,ORD008558,PROD00579,2.0,0
OI0017185,ORD008559,PROD00577,1.0,5
OI0017186,ORD008559,PROD00285,3.0,5
OI0017187,ORD008560,PROD00303,5.0,10
OI0017188,ORD008560,PROD00085,1.0,0
OI0017189,ORD008560,PROD00506,1.0,10
OI0017190,ORD008561,PROD00290,5.0,0
OI0017191,ORD008562,PROD00522,4.0,25
OI0017192,ORD008562,PROD00315,5.0,20
OI0017193,ORD008562,PROD00279,2.0,25
OI0017194,ORD008563,PROD00354,3.0,5
OI0017195,ORD008563,PROD00208,-1.0,0
OI0017196,ORD008564,PROD00563,3.0,5
OI0017197,ORD008564,PROD00314,2.0,25
OI0017198,ORD008564,PROD00085,1.0,15
OI0017199,ORD008564,PROD00473,-1.0,15
OI0017200,ORD008565,PROD00188,3.0,15
OI0017201,ORD008566,PROD00358,1.0,0
OI0017202,ORD008567,PROD00108,5.0,0
OI0017203,ORD008567,PROD00341,1.0,0
OI0017204,ORD008568,PROD00132,1.0,10
OI0017205,ORD008569,PROD00374,1.0,0
OI0017206,ORD008569,PROD00124,-1.0,25
OI0017207,ORD008570,PROD00507,5.0,0
OI0017208,ORD008570,PROD00225,-1.0,15
OI0017209,ORD008570,PROD00515,1.0,5
OI0017210,ORD008570,PROD00530,3.0,25
OI0017211,ORD008571,PROD00543,4.0,20
OI0017212,ORD008571,PROD00385,2.0,5
OI0017213,ORD008572,PROD00201,1.0,20
OI0017214,ORD008573,PROD00520,1.0,20
OI0017215,ORD008574,PROD00430,2.0,0
OI0017216,ORD008575,PROD00252,2.0,25
OI0017217,ORD008575,PROD00274,-1.0,15
OI0017218,ORD008575,PROD00222,2.0,5
OI0017219,ORD008576,PROD00153,2.0,10
OI0017220,ORD008577,PROD00420,3.0,0
OI0017221,ORD008578,PROD00201,3.0,0
OI0017222,ORD008579,PROD00185,2.0,0
OI0017223,ORD008579,PROD00332,3.0,0
OI0017224,ORD008580,PROD00103,1.0,25
OI0017225,ORD008581,PROD00188,1.0,0
OI0017226,ORD008582,PROD00452,3.0,0
OI0017227,ORD008583,PROD00518,2.0,0
OI0017228,ORD008584,PROD00186,4.0,5
OI0017229,ORD008584,PROD00226,1.0,0
OI0017230,ORD008585,PROD00319,1.0,0
OI0017231,ORD008586,PROD00487,2.0,0
OI0017232,ORD008586,PROD00547,2.0,10
OI0017233,ORD008587,PROD00222,4.0,10
OI0017234,ORD008588,PROD00293,4.0,15
OI0017235,ORD008588,PROD00500,-1.0,15
OI0017236,ORD008588,PROD00145,-1.0,25
OI0017237,ORD008589,PROD00406,10.0,5
OI0017238,ORD008589,PROD00135,2.0,0
OI0017239,ORD008589,PROD00212,1.0,20
OI0017240,ORD008589,PROD00268,3.0,0
OI0017241,ORD008590,PROD00135,2.0,15
OI0017242,ORD008590,PROD00422,3.0,5
OI0017243,ORD008590,PROD00316,2.0,10
OI0017244,ORD008590,PROD00498,1.0,10
OI0017245,ORD008591,PROD00482,4.0,0
OI0017246,ORD008591,PROD00061,1.0,5
OI0017247,ORD008592,PROD00070,5.0,20
OI0017248,ORD008593,PROD00286,-1.0,0
OI0017249,ORD008593,PROD00231,-1.0,0
OI0017250,ORD008594,PROD00525,1.0,15
OI0017251,ORD008595,PROD00353,1.0,25
OI0017252,ORD008596,PROD00095,1.0,15
OI0017253,ORD008597,PROD00094,-1.0,0
OI0017254,ORD008597,PROD00400,1.0,15
OI0017255,ORD008597,PROD00034,1.0,0
OI0017256,ORD008598,PROD00457,2.0,20
OI0017257,ORD008598,PROD00353,4.0,10
OI0017258,ORD008599,PROD00489,2.0,15
OI0017259,ORD008599,PROD00564,1.0,25
OI0017260,ORD008600,PROD00018,10.0,20
OI0017261,ORD008600,PROD00515,-1.0,20
OI0017262,ORD008601,PROD00289,5.0,0
OI0017263,ORD008601,PROD00132,1.0,25
OI0017264,ORD008601,PROD00440,2.0,5
OI0017265,ORD008601,PROD00036,1.0,20
OI0017266,ORD008602,PROD00354,5.0,10
OI0017267,ORD008602,PROD00395,5.0,25
OI0017268,ORD008602,PROD00106,1.0,0
OI0017269,ORD008602,PROD00382,4.0,0
OI0017270,ORD008603,PROD00220,10.0,15
OI0017271,ORD008603,PROD00054,4.0,0
OI0017272,ORD008604,PROD00042,1.0,0
OI0017273,ORD008604,PROD00311,4.0,15
OI0017274,ORD008605,PROD00543,1.0,5
OI0017275,ORD008606,PROD00547,3.0,10
OI0017276,ORD008607,PROD00497,2.0,10
OI0017277,ORD008607,PROD00159,5.0,25
OI0017278,ORD008608,PROD00409,1.0,0
OI0017279,ORD008608,PROD00472,2.0,5
OI0017280,ORD008608,PROD00348,2.0,15
OI0017281,ORD008609,PROD00016,1.0,0
OI0017282,ORD008609,PROD00363,,25
OI0017283,ORD008610,PROD00342,1.0,0
OI0017284,ORD008611,PROD00533,10.0,0
OI0017285,ORD008611,PROD00428,4.0,10
OI0017286,ORD008612,PROD00411,-1.0,0
OI0017287,ORD008612,PROD00439,2.0,0
OI0017288,ORD008612,PROD9880,4.0,0
OI0017289,ORD008613,PROD00294,1.0,10
OI0017290,ORD008613,PROD00174,4.0,5
OI0017291,ORD008614,PROD00175,-1.0,25
OI0017292,ORD008615,PROD00157,10.0,15
OI0017293,ORD008616,PROD00128,2.0,5
OI0017294,ORD008616,PROD00041,2.0,10
OI0017295,ORD008616,PROD00081,2.0,20
OI0017296,ORD008616,PROD00012,1.0,20
OI0017297,ORD008617,PROD00387,10.0,0
OI0017298,ORD008618,PROD00133,1.0,20
OI0017299,ORD008619,PROD00139,-1.0,20
OI0017300,ORD008619,PROD00231,1.0,25
OI0017301,ORD008620,PROD9227,4.0,0
OI0017302,ORD008621,PROD00541,1.0,25
OI0017303,ORD008622,PROD00148,4.0,15
OI0017304,ORD008622,PROD00517,1.0,25
OI0017305,ORD008623,PROD00242,5.0,0
OI0017306,ORD008624,PROD00194,1.0,0
OI0017307,ORD008624,PROD00105,3.0,25
OI0017308,ORD008625,PROD00309,3.0,10
OI0017309,ORD008625,PROD00263,-1.0,20
OI0017310,ORD008625,PROD9011,1.0,0
OI0017311,ORD008626,PROD00309,2.0,20
OI0017312,ORD008626,PROD00263,2.0,10
OI0017313,ORD008626,PROD00365,2.0,25
OI0017314,ORD008627,PROD00238,1.0,20
OI0017315,ORD008627,PROD00316,1.0,5
OI0017316,ORD008628,PROD00479,1.0,15
OI0017317,ORD008628,PROD00533,4.0,15
OI0017318,ORD008629,PROD00118,10.0,10
OI0017319,ORD008629,PROD00261,1.0,0
OI0017320,ORD008630,PROD00044,5.0,15
OI0017321,ORD008631,PROD00458,3.0,0
OI0017322,ORD008632,PROD00479,1.0,10
OI0017323,ORD008632,PROD00083,1.0,5
OI0017324,ORD008632,PROD00402,1.0,0
OI0017325,ORD008633,PROD00161,1.0,0
OI0017326,ORD008633,PROD00098,1.0,25
OI0017327,ORD008633,PROD00177,2.0,0
OI0017328,ORD008634,PROD00231,1.0,0
OI0017329,ORD008634,PROD00200,2.0,0
OI0017330,ORD008634,PROD00096,5.0,5
OI0017331,ORD008634,PROD00226,1.0,0
OI0017332,ORD008635,PROD00389,1.0,15
OI0017333,ORD008636,PROD00430,2.0,0
OI0017334,ORD008637,PROD00098,5.0,25
OI0017335,ORD008637,PROD00203,3.0,0
OI0017336,ORD008638,PROD00202,4.0,15
OI0017337,ORD008639,PROD00391,-1.0,0
OI0017338,ORD008640,PROD00513,4.0,0
OI0017339,ORD008641,PROD00154,1.0,20
OI0017340,ORD008641,PROD00581,1.0,15
OI0017341,ORD008641,PROD00247,4.0,0
OI0017342,ORD008642,PROD00567,4.0,15
OI0017343,ORD008642,PROD00545,3.0,20
OI0017344,ORD008643,PROD00357,2.0,15
OI0017345,ORD008644,PROD00542,5.0,15
OI0017346,ORD008644,PROD00467,2.0,20
OI0017347,ORD008645,PROD00356,2.0,10
OI0017348,ORD008645,PROD00504,4.0,25
OI0017349,ORD008646,PROD00572,4.0,20
OI0017350,ORD008647,PROD00055,5.0,0
OI0017351,ORD008647,PROD00092,4.0,25
OI0017352,ORD008647,PROD00396,2.0,10
OI0017353,ORD008648,PROD00504,-1.0,20
OI0017354,ORD008648,PROD00551,2.0,15
OI0017355,ORD008648,PROD00302,1.0,5
OI0017356,ORD008649,PROD00142,3.0,10
OI0017357,ORD008649,PROD00005,1.0,20
OI0017358,ORD008650,PROD00435,5.0,0
OI0017359,ORD008651,PROD00125,1.0,10
OI0017360,ORD008651,PROD00089,-1.0,20
OI0017361,ORD008652,PROD00596,10.0,15
OI0017362,ORD008653,PROD00059,3.0,0
OI0017363,ORD008654,PROD00171,2.0,20
OI0017364,ORD008654,PROD00124,10.0,10
OI0017365,ORD008655,PROD00588,10.0,0
OI0017366,ORD008656,PROD00589,5.0,0
OI0017367,ORD008657,PROD00276,1.0,0
OI0017368,ORD008657,PROD00251,5.0,10
OI0017369,ORD008657,PROD00307,10.0,20
OI0017370,ORD008658,PROD00068,-1.0,0
OI0017371,ORD008658,PROD00182,-1.0,0
OI0017372,ORD008658,PROD00238,2.0,25
OI0017373,ORD008658,PROD00362,1.0,10
OI0017374,ORD008659,PROD00428,4.0,25
OI0017375,ORD008659,PROD00019,1.0,15
OI0017376,ORD008660,PROD00418,4.0,20
OI0017377,ORD008661,PROD00575,-1.0,25
OI0017378,ORD008662,PROD00368,4.0,5
OI0017379,ORD008663,PROD00022,10.0,20
OI0017380,ORD008663,PROD00198,10.0,25
OI0017381,ORD008663,PROD00491,1.0,5
OI0017382,ORD008664,PROD00006,3.0,0
OI0017383,ORD008665,PROD00162,2.0,20
OI0017384,ORD008665,PROD00248,1.0,20
OI0017385,ORD008666,PROD00252,5.0,0
OI0017386,ORD008667,PROD00132,1.0,0
OI0017387,ORD008668,PROD00366,2.0,25
OI0017388,ORD008669,PROD00336,2.0,20
OI0017389,ORD008669,PROD00141,1.0,0
OI0017390,ORD008669,PROD00418,2.0,0
OI0017391,ORD008669,PROD00192,2.0,0
OI0017392,ORD008670,PROD00154,2.0,5
OI0017393,ORD008670,PROD00160,10.0,25
OI0017394,ORD008671,PROD00298,2.0,0
OI0017395,ORD008672,PROD00059,1.0,20
OI0017396,ORD008672,PROD00191,2.0,15
OI0017397,ORD008672,PROD00308,1.0,0
OI0017398,ORD008672,PROD00315,4.0,5
OI0017399,ORD008673,PROD00214,3.0,0
OI0017400,ORD008673,PROD00517,2.0,5
OI0017401,ORD008673,PROD00271,5.0,0
OI0017402,ORD008673,PROD00330,1.0,15
OI0017403,ORD008674,PROD00163,2.0,0
OI0017404,ORD008675,PROD00189,2.0,25
OI0017405,ORD008675,PROD00384,2.0,15
OI0017406,ORD008676,PROD00151,1.0,0
OI0017407,ORD008676,PROD00451,1.0,20
OI0017408,ORD008676,PROD00151,10.0,15
OI0017409,ORD008676,PROD00411,1.0,0
OI0017410,ORD008677,PROD00144,1.0,5
OI0017411,ORD008678,PROD00219,4.0,0
OI0017412,ORD008678,PROD00478,-1.0,0
OI0017413,ORD008679,PROD00595,10.0,0
OI0017414,ORD008679,PROD00502,-1.0,0
OI0017415,ORD008679,PROD00090,2.0,15
OI0017416,ORD008679,PROD00262,1.0,0
OI0017417,ORD008680,PROD00326,1.0,25
OI0017418,ORD008680,PROD00283,5.0,25
OI0017419,ORD008681,PROD00094,1.0,15
OI0017420,ORD008681,PROD00222,3.0,25
OI0017421,ORD008681,PROD00373,1.0,10
OI0017422,ORD008681,PROD00216,1.0,20
OI0017423,ORD008682,PROD00437,5.0,0
OI0017424,ORD008682,PROD00093,3.0,15
OI0017425,ORD008683,PROD00098,1.0,5
OI0017426,ORD008684,PROD00226,1.0,25
OI0017427,ORD008684,PROD00248,1.0,20
OI0017428,ORD008685,PROD00033,1.0,20
OI0017429,ORD008686,PROD00027,5.0,0
OI0017430,ORD008687,PROD00181,1.0,5
OI0017431,ORD008688,PROD00488,5.0,5
OI0017432,ORD008689,PROD00181,2.0,0
OI0017433,ORD008689,PROD00586,1.0,0
OI0017434,ORD008689,PROD00051,1.0,0
OI0017435,ORD008689,PROD00145,5.0,10
OI0017436,ORD008690,PROD00539,4.0,10
OI0017437,ORD008691,PROD00389,-1.0,20
OI0017438,ORD008691,PROD00184,-1.0,0
OI0017439,ORD008691,PROD00204,1.0,10
OI0017440,ORD008691,PROD00113,3.0,20
OI0017441,ORD008692,PROD00041,10.0,10
OI0017442,ORD008692,PROD00229,2.0,0
OI0017443,ORD008692,PROD00005,1.0,10
OI0017444,ORD008693,PROD00516,10.0,15
OI0017445,ORD008693,PROD00090,-1.0,10
OI0017446,ORD008694,PROD00575,1.0,20
OI0017447,ORD008694,PROD00314,-1.0,15
OI0017448,ORD008695,PROD00537,2.0,15
OI0017449,ORD008695,PROD00511,10.0,20
OI0017450,ORD008695,PROD00386,4.0,0
OI0017451,ORD008695,PROD00206,4.0,0
OI0017452,ORD008696,PROD00244,-1.0,0
OI0017453,ORD008696,PROD00090,3.0,25
OI0017454,ORD008697,PROD00529,-1.0,0
OI0017455,ORD008697,PROD00580,1.0,20
OI0017456,ORD008698,PROD00484,2.0,25
OI0017457,ORD008699,PROD00059,1.0,25
OI0017458,ORD008700,PROD00475,4.0,0
OI0017459,ORD008700,PROD00134,-1.0,15
OI0017460,ORD008701,PROD00161,1.0,0
OI0017461,ORD008702,PROD00425,1.0,25
OI0017462,ORD008702,PROD00579,2.0,5
OI0017463,ORD008702,PROD00397,10.0,0
OI0017464,ORD008702,PROD00176,1.0,20
OI0017465,ORD008703,PROD00463,3.0,5
OI0017466,ORD008703,PROD00135,5.0,5
OI0017467,ORD008704,PROD00065,1.0,0
OI0017468,ORD008704,PROD00366,4.0,20
OI0017469,ORD008704,PROD00192,4.0,20
OI0017470,ORD008705,PROD00591,1.0,25
OI0017471,ORD008706,PROD00042,1.0,20
OI0017472,ORD008706,PROD00594,1.0,20
OI0017473,ORD008706,PROD00274,1.0,25
OI0017474,ORD008706,PROD00455,-1.0,10
OI0017475,ORD008707,PROD00565,3.0,15
OI0017476,ORD008707,PROD00295,-1.0,25
OI0017477,ORD008707,PROD00431,1.0,0
OI0017478,ORD008707,PROD00420,5.0,10
OI0017479,ORD008708,PROD00193,4.0,0
OI0017480,ORD008708,PROD00028,2.0,25
OI0017481,ORD008708,PROD00361,2.0,20
OI0017482,ORD008708,PROD00282,1.0,10
OI0017483,ORD008709,PROD00224,2.0,25
OI0017484,ORD008709,PROD00568,3.0,0
OI0017485,ORD008709,PROD00137,10.0,0
OI0017486,ORD008710,PROD00334,2.0,15
OI0017487,ORD008710,PROD00120,-1.0,0
OI0017488,ORD008710,PROD00528,10.0,5
OI0017489,ORD008711,PROD00294,-1.0,20
OI0017490,ORD008711,PROD00156,4.0,15
OI0017491,ORD008712,PROD00491,1.0,5
OI0017492,ORD008712,PROD00301,1.0,0
OI0017493,ORD008712,PROD00236,4.0,20
OI0017494,ORD008712,PROD00079,4.0,0
OI0017495,ORD008713,PROD00446,1.0,5
OI0017496,ORD008714,PROD00068,4.0,25
OI0017497,ORD008715,PROD00369,3.0,25
OI0017498,ORD008716,PROD00298,1.0,5
OI0017499,ORD008716,PROD00251,1.0,5
OI0017500,ORD008717,PROD00597,5.0,0
OI0017501,ORD008717,PROD00357,-1.0,0
OI0017502,ORD008717,PROD00025,2.0,20
OI0017503,ORD008717,PROD00436,1.0,20
OI0017504,ORD008718,PROD00307,5.0,20
OI0017505,ORD008719,PROD00518,1.0,0
OI0017506,ORD008720,PROD00230,2.0,0
OI0017507,ORD008721,PROD00542,1.0,15
OI0017508,ORD008721,PROD00423,2.0,10
OI0017509,ORD008721,PROD00417,2.0,5
OI0017510,ORD008721,PROD00018,3.0,5
OI0017511,ORD008722,PROD00197,1.0,0
OI0017512,ORD008722,PROD00372,1.0,10
OI0017513,ORD008722,PROD00315,2.0,0
OI0017514,ORD008723,PROD00082,2.0,10
OI0017515,ORD008724,PROD00021,1.0,20
OI0017516,ORD008725,PROD00566,2.0,10
OI0017517,ORD008726,PROD00360,2.0,20
OI0017518,ORD008727,PROD00545,10.0,5
OI0017519,ORD008727,PROD00351,1.0,5
OI0017520,ORD008727,PROD00414,1.0,0
OI0017521,ORD008728,PROD00292,4.0,20
OI0017522,ORD008728,PROD00132,10.0,20
OI0017523,ORD008728,PROD00437,3.0,25
OI0017524,ORD008729,PROD00097,-1.0,10
OI0017525,ORD008730,PROD00443,10.0,10
OI0017526,ORD008731,PROD00585,1.0,5
OI0017527,ORD008731,PROD00111,1.0,20
OI0017528,ORD008732,PROD00392,-1.0,10
OI0017529,ORD008732,PROD00398,3.0,10
OI0017530,ORD008732,PROD00166,3.0,5
OI0017531,ORD008733,PROD00158,10.0,0
OI0017532,ORD008733,PROD00140,1.0,0
OI0017533,ORD008733,PROD00098,2.0,5
OI0017534,ORD008734,PROD00599,1.0,0
OI0017535,ORD008735,PROD00089,4.0,25
OI0017536,ORD008735,PROD00421,2.0,10
OI0017537,ORD008735,PROD00037,1.0,0
OI0017538,ORD008736,PROD00344,5.0,0
OI0017539,ORD008736,PROD00431,1.0,15
OI0017540,ORD008736,PROD00030,2.0,0
OI0017541,ORD008736,PROD00459,3.0,0
OI0017542,ORD008737,PROD00043,-1.0,0
OI0017543,ORD008737,PROD00390,3.0,10
OI0017544,ORD008737,PROD00570,10.0,20
OI0017545,ORD008738,PROD00260,1.0,20
OI0017546,ORD008738,PROD00578,1.0,0
OI0017547,ORD008738,PROD00046,10.0,15
OI0017548,ORD008739,PROD00296,4.0,5
OI0017549,ORD008739,PROD00334,4.0,5
OI0017550,ORD008739,PROD00417,10.0,10
OI0017551,ORD008739,PROD00413,1.0,15
OI0017552,ORD008740,PROD00546,2.0,10
OI0017553,ORD008741,PROD00120,1.0,20
OI0017554,ORD008742,PROD00540,3.0,25
OI0017555,ORD008743,PROD00286,10.0,10
OI0017556,ORD008744,PROD00367,2.0,0
OI0017557,ORD008744,PROD00254,1.0,0
OI0017558,ORD008744,PROD00172,3.0,0
OI0017559,ORD008745,PROD00229,3.0,0
OI0017560,ORD008746,PROD00055,4.0,15
OI0017561,ORD008746,PROD00098,-1.0,0
OI0017562,ORD008747,PROD00059,10.0,0
OI0017563,ORD008748,PROD00331,2.0,20
OI0017564,ORD008748,PROD00075,10.0,5
OI0017565,ORD008748,PROD00237,-1.0,20
OI0017566,ORD008748,PROD00534,1.0,25
OI0017567,ORD008749,PROD00388,5.0,10
OI0017568,ORD008750,PROD00597,2.0,0
OI0017569,ORD008751,PROD00367,2.0,0
OI0017570,ORD008752,PROD00554,-1.0,0
OI0017571,ORD008752,PROD00170,10.0,0
OI0017572,ORD008753,PROD00069,1.0,10
OI0017573,ORD008753,PROD00452,5.0,5
OI0017574,ORD008754,PROD00317,-1.0,0
OI0017575,ORD008755,PROD00433,10.0,25
OI0017576,ORD008755,PROD00162,10.0,0
OI0017577,ORD008755,PROD00071,5.0,15
OI0017578,ORD008755,PROD00213,1.0,25
OI0017579,ORD008756,PROD00447,1.0,10
OI0017580,ORD008757,PROD00266,2.0,5
OI0017581,ORD008757,PROD00344,1.0,10
OI0017582,ORD008757,PROD00449,10.0,0
OI0017583,ORD008758,PROD00107,-1.0,0
OI0017584,ORD008759,PROD00533,500.0,20
OI0017585,ORD008759,PROD00062,5.0,25
OI0017586,ORD008759,PROD00513,2.0,5
OI0017587,ORD008759,PROD9293,1.0,0
OI0017588,ORD008760,PROD00101,3.0,0
OI0017589,ORD008761,PROD00382,5.0,0
OI0017590,ORD008761,PROD00599,2.0,20
OI0017591,ORD008761,PROD00107,1.0,20
OI0017592,ORD008762,PROD00174,1.0,20
OI0017593,ORD008763,PROD00007,2.0,0
OI0017594,ORD008763,PROD00394,1.0,5
OI0017595,ORD008763,PROD00562,4.0,5
OI0017596,ORD008763,PROD00363,10.0,0
OI0017597,ORD008764,PROD00232,10.0,10
OI0017598,ORD008765,PROD00442,2.0,10
OI0017599,ORD008766,PROD00581,1.0,15
OI0017600,ORD008767,PROD00241,1.0,15
OI0017601,ORD008767,PROD00507,1.0,0
OI0017602,ORD008767,PROD00473,3.0,0
OI0017603,ORD008768,PROD00512,1.0,5
OI0017604,ORD008769,PROD00505,4.0,20
OI0017605,ORD008769,PROD00071,4.0,25
OI0017606,ORD008769,PROD00121,-1.0,0
OI0017607,ORD008769,PROD00005,3.0,25
OI0017608,ORD008770,PROD00567,3.0,0
OI0017609,ORD008770,PROD00426,1.0,15
OI0017610,ORD008770,PROD00576,1.0,5
OI0017611,ORD008770,PROD00458,1.0,10
OI0017612,ORD008771,PROD00497,10.0,5
OI0017613,ORD008772,PROD00094,3.0,10
OI0017614,ORD008772,PROD00293,3.0,0
OI0017615,ORD008773,PROD00116,1.0,10
OI0017616,ORD008774,PROD00110,5.0,10
OI0017617,ORD008775,PROD00256,1.0,0
OI0017618,ORD008776,PROD00075,-1.0,20
OI0017619,ORD008776,PROD00337,5.0,20
OI0017620,ORD008777,PROD00140,1.0,0
OI0017621,ORD008777,PROD00070,-1.0,5
OI0017622,ORD008777,PROD00052,2.0,0
OI0017623,ORD008778,PROD00586,10.0,0
OI0017624,ORD008779,PROD00119,1.0,0
OI0017625,ORD008779,PROD00470,3.0,20
OI0017626,ORD008779,PROD00494,1.0,20
OI0017627,ORD008779,PROD00301,1.0,0
OI0017628,ORD008780,PROD00179,2.0,25
OI0017629,ORD008780,PROD00078,1.0,0
OI0017630,ORD008781,PROD00034,1.0,25
OI0017631,ORD008781,PROD00228,1.0,25
OI0017632,ORD008782,PROD00439,4.0,5
OI0017633,ORD008782,PROD00131,-1.0,10
OI0017634,ORD008782,PROD00435,-1.0,15
OI0017635,ORD008782,PROD00142,1.0,25
OI0017636,ORD008783,PROD00373,2.0,20
OI0017637,ORD008784,PROD00414,1.0,0
OI0017638,ORD008784,PROD00492,1.0,15
OI0017639,ORD008784,PROD00562,2.0,10
OI0017640,ORD008784,PROD00225,1.0,15
OI0017641,ORD008785,PROD00348,2.0,0
OI0017642,ORD008785,PROD00568,3.0,20
OI0017643,ORD008785,PROD00362,1.0,0
OI0017644,ORD008786,PROD00063,1.0,5
OI0017645,ORD008786,PROD00028,10.0,0
OI0017646,ORD008787,PROD00449,1.0,0
OI0017647,ORD008787,PROD00233,4.0,0
OI0017648,ORD008787,PROD00355,4.0,10
OI0017649,ORD008788,PROD00123,2.0,5
OI0017650,ORD008789,PROD00535,1.0,15
OI0017651,ORD008789,PROD00576,4.0,20
OI0017652,ORD008790,PROD00527,-1.0,0
OI0017653,ORD008791,PROD00296,1.0,10
OI0017654,ORD008792,PROD00453,4.0,15
OI0017655,ORD008793,PROD00536,10.0,0
OI0017656,ORD008793,PROD00319,2.0,5
OI0017657,ORD008794,PROD00108,1.0,0
OI0017658,ORD008794,PROD00099,1.0,0
OI0017659,ORD008794,PROD00025,-1.0,25
OI0017660,ORD008794,PROD00254,2.0,10
OI0017661,ORD008795,PROD00227,1.0,25
OI0017662,ORD008796,PROD00316,3.0,5
OI0017663,ORD008796,PROD00538,10.0,0
OI0017664,ORD008796,PROD00029,1.0,15
OI0017665,ORD008796,PROD00218,-1.0,0
OI0017666,ORD008797,PROD00600,4.0,25
OI0017667,ORD008797,PROD00176,1.0,15
OI0017668,ORD008798,PROD00132,2.0,15
OI0017669,ORD008799,PROD00096,1.0,5
OI0017670,ORD008799,PROD00203,-1.0,10
OI0017671,ORD008800,PROD00584,1.0,20
OI0017672,ORD008801,PROD00584,1.0,20
OI0017673,ORD008802,PROD00319,2.0,15
OI0017674,ORD008803,PROD00100,1.0,0
OI0017675,ORD008803,PROD00513,2.0,5
OI0017676,ORD008804,PROD00232,1.0,0
OI0017677,ORD008805,PROD00266,1.0,10
OI0017678,ORD008805,PROD00163,1.0,20
OI0017679,ORD008805,PROD00153,1.0,15
OI0017680,ORD008806,PROD00578,-1.0,0
OI0017681,ORD008807,PROD00296,10.0,0
OI0017682,ORD008807,PROD00276,5.0,25
OI0017683,ORD008808,PROD00189,1.0,5
OI0017684,ORD008808,PROD00549,2.0,20
OI0017685,ORD008809,PROD00475,2.0,15
OI0017686,ORD008809,PROD00082,5.0,0
OI0017687,ORD008810,PROD00343,5.0,10
OI0017688,ORD008810,PROD00179,5.0,15
OI0017689,ORD008810,PROD00355,10.0,0
OI0017690,ORD008810,PROD00571,2.0,20
OI0017691,ORD008811,PROD00108,10.0,5
OI0017692,ORD008811,PROD00303,4.0,5
OI0017693,ORD008811,PROD00225,-1.0,20
OI0017694,ORD008812,PROD00407,4.0,25
OI0017695,ORD008812,PROD00379,2.0,0
OI0017696,ORD008812,PROD00240,10.0,25
OI0017697,ORD008812,PROD00431,10.0,0
OI0017698,ORD008813,PROD00257,3.0,15
OI0017699,ORD008813,PROD00539,3.0,0
OI0017700,ORD008813,PROD00344,2.0,5
OI0017701,ORD008814,PROD00242,2.0,20
OI0017702,ORD008815,PROD00523,3.0,0
OI0017703,ORD008815,PROD00258,10.0,5
OI0017704,ORD008816,PROD9769,2.0,0
OI0017705,ORD008817,PROD00425,-1.0,0
OI0017706,ORD008818,PROD00599,1.0,0
OI0017707,ORD008818,PROD00250,3.0,5
OI0017708,ORD008818,PROD00114,5.0,25
OI0017709,ORD008819,PROD00488,5.0,5
OI0017710,ORD008819,PROD00311,10.0,20
OI0017711,ORD008820,PROD00340,1.0,10
OI0017712,ORD008821,PROD00002,2.0,0
OI0017713,ORD008821,PROD00331,10.0,25
OI0017714,ORD008822,PROD00527,2.0,25
OI0017715,ORD008822,PROD00481,3.0,0
OI0017716,ORD008822,PROD00062,2.0,15
OI0017717,ORD008822,PROD00526,1.0,0
OI0017718,ORD008823,PROD00039,-1.0,20
OI0017719,ORD008823,PROD00003,2.0,20
OI0017720,ORD008823,PROD00460,2.0,10
OI0017721,ORD008824,PROD00468,4.0,15
OI0017722,ORD008825,PROD00312,-1.0,5
OI0017723,ORD008825,PROD00244,10.0,0
OI0017724,ORD008826,PROD00023,3.0,15
OI0017725,ORD008826,PROD00010,1.0,20
OI0017726,ORD008827,PROD00281,1.0,15
OI0017727,ORD008827,PROD00372,1.0,20
OI0017728,ORD008827,PROD00364,1.0,20
OI0017729,ORD008828,PROD00196,1.0,25
OI0017730,ORD008828,PROD00489,2.0,15
OI0017731,ORD008828,PROD00187,5.0,0
OI0017732,ORD008829,PROD00185,500.0,20
OI0017733,ORD008829,PROD00135,5.0,20
OI0017734,ORD008829,PROD00387,4.0,20
OI0017735,ORD008830,PROD00570,3.0,20
OI0017736,ORD008831,PROD00020,10.0,15
OI0017737,ORD008831,PROD00036,10.0,10
OI0017738,ORD008832,PROD00063,-1.0,0
OI0017739,ORD008832,PROD00078,2.0,25
OI0017740,ORD008833,PROD00424,2.0,0
OI0017741,ORD008833,PROD00143,5.0,20
OI0017742,ORD008833,PROD00577,3.0,0
OI0017743,ORD008833,PROD00025,1.0,15
OI0017744,ORD008834,PROD00289,2.0,0
OI0017745,ORD008834,PROD00317,1.0,0
OI0017746,ORD008834,PROD00498,4.0,0
OI0017747,ORD008834,PROD00306,3.0,25
OI0017748,ORD008835,PROD00043,-1.0,0
OI0017749,ORD008835,PROD00384,-1.0,0
OI0017750,ORD008835,PROD00423,1.0,5
OI0017751,ORD008836,PROD00139,1.0,0
OI0017752,ORD008837,PROD00165,2.0,25
OI0017753,ORD008837,PROD00113,-1.0,25
OI0017754,ORD008837,PROD00333,5.0,25
OI0017755,ORD008837,PROD00098,4.0,15
OI0017756,ORD008838,PROD00530,1.0,10
OI0017757,ORD008839,PROD00065,10.0,20
OI0017758,ORD008839,PROD00426,4.0,5
OI0017759,ORD008840,PROD00519,2.0,0
OI0017760,ORD008841,PROD00424,4.0,15
OI0017761,ORD008842,PROD00471,5.0,25
OI0017762,ORD008843,PROD00302,1.0,0
OI0017763,ORD008843,PROD00372,-1.0,0
OI0017764,ORD008843,PROD00506,1.0,0
OI0017765,ORD008843,PROD00460,10.0,20
OI0017766,ORD008844,PROD00002,1.0,0
OI0017767,ORD008844,PROD00399,4.0,25
OI0017768,ORD008844,PROD00061,10.0,20
OI0017769,ORD008845,PROD00056,1.0,0
OI0017770,ORD008846,PROD00470,4.0,20
OI0017771,ORD008847,PROD00106,1.0,0
OI0017772,ORD008847,PROD00243,3.0,0
OI0017773,ORD008847,PROD00588,1.0,25
OI0017774,ORD008847,PROD00299,1.0,10
OI0017775,ORD008848,PROD00309,1.0,20
OI0017776,ORD008848,PROD00324,-1.0,0
OI0017777,ORD008848,PROD00336,4.0,0
OI0017778,ORD008848,PROD00382,1.0,20
OI0017779,ORD008849,PROD00265,1.0,0
OI0017780,ORD008849,PROD00548,3.0,25
OI0017781,ORD008849,PROD00209,-1.0,10
OI0017782,ORD008850,PROD00393,-1.0,0
OI0017783,ORD008851,PROD00461,-1.0,0
OI0017784,ORD008852,PROD00038,-1.0,20
OI0017785,ORD008853,PROD00374,2.0,0
OI0017786,ORD008853,PROD00002,1.0,0
OI0017787,ORD008854,PROD00278,5.0,10
OI0017788,ORD008854,PROD00492,3.0,0
OI0017789,ORD008854,PROD00100,4.0,25
OI0017790,ORD008854,PROD00566,1.0,20
OI0017791,ORD008855,PROD00280,2.0,0
OI0017792,ORD008855,PROD00503,-1.0,15
OI0017793,ORD008856,PROD00370,2.0,20
OI0017794,ORD008857,PROD00533,1.0,15
OI0017795,ORD008858,PROD00093,-1.0,10
OI0017796,ORD008858,PROD00508,10.0,25
OI0017797,ORD008859,PROD00241,1.0,5
OI0017798,ORD008859,PROD00537,1.0,0
OI0017799,ORD008859,PROD00439,1.0,0
OI0017800,ORD008859,PROD00519,1.0,25
OI0017801,ORD008860,PROD00239,10.0,20
OI0017802,ORD008860,PROD00535,4.0,0
OI0017803,ORD008861,PROD00330,2.0,0
OI0017804,ORD008862,PROD00238,1.0,25
OI0017805,ORD008862,PROD00224,5.0,10
OI0017806,ORD008862,PROD00181,1.0,5
OI0017807,ORD008863,PROD00088,1.0,20
OI0017808,ORD008863,PROD00433,-1.0,5
OI0017809,ORD008863,PROD00147,3.0,20
OI0017810,ORD008864,PROD00552,3.0,5
OI0017811,ORD008865,PROD00367,1.0,25
OI0017812,ORD008865,PROD00083,3.0,25
OI0017813,ORD008866,PROD00266,2.0,25
OI0017814,ORD008866,PROD00566,3.0,20
OI0017815,ORD008866,PROD00213,1.0,10
OI0017816,ORD008867,PROD00562,4.0,20
OI0017817,ORD008867,PROD00078,3.0,0
OI0017818,ORD008868,PROD00481,5.0,5
OI0017819,ORD008868,PROD00449,2.0,0
OI0017820,ORD008869,PROD00441,10.0,5
OI0017821,ORD008869,PROD00214,1.0,5
OI0017822,ORD008870,PROD00127,1.0,20
OI0017823,ORD008870,PROD00563,1.0,15
OI0017824,ORD008871,PROD00292,3.0,0
OI0017825,ORD008872,PROD00143,1.0,0
OI0017826,ORD008872,PROD00231,2.0,25
OI0017827,ORD008872,PROD00064,5.0,10
OI0017828,ORD008873,PROD00349,1.0,0
OI0017829,ORD008873,PROD00036,3.0,10
OI0017830,ORD008874,PROD9738,2.0,0
OI0017831,ORD008875,PROD00208,1.0,20
OI0017832,ORD008875,PROD00125,3.0,10
OI0017833,ORD008876,PROD00229,4.0,10
OI0017834,ORD008877,PROD00366,1.0,0
OI0017835,ORD008877,PROD00179,2.0,5
OI0017836,ORD008878,PROD00413,4.0,25
OI0017837,ORD008878,PROD00598,5.0,20
OI0017838,ORD008879,PROD00599,1.0,20
OI0017839,ORD008879,PROD00588,10.0,0
OI0017840,ORD008880,PROD00294,1.0,15
OI0017841,ORD008880,PROD00052,2.0,5
OI0017842,ORD008880,PROD9347,1.0,10
OI0017843,ORD008880,PROD00131,5.0,15
OI0017844,ORD008881,PROD00229,10.0,20
OI0017845,ORD008882,PROD00398,1.0,15
OI0017846,ORD008882,PROD00394,3.0,5
OI0017847,ORD008883,PROD00163,1.0,0
OI0017848,ORD008883,PROD00502,5.0,15
OI0017849,ORD008883,PROD00136,10.0,0
OI0017850,ORD008883,PROD00529,-1.0,0
OI0017851,ORD008884,PROD00227,10.0,20
OI0017852,ORD008885,PROD00595,4.0,0
OI0017853,ORD008886,PROD00126,10.0,0
OI0017854,ORD008886,PROD00043,2.0,0
OI0017855,ORD008887,PROD00339,-1.0,15
OI0017856,ORD008887,PROD00273,2.0,20
OI0017857,ORD008888,PROD00080,3.0,0
OI0017858,ORD008888,PROD00588,-1.0,25
OI0017859,ORD008889,PROD00114,3.0,0
OI0017860,ORD008890,PROD00231,-1.0,25
OI0017861,ORD008890,PROD00239,10.0,0
OI0017862,ORD008890,PROD00459,1.0,0
OI0017863,ORD008890,PROD00186,4.0,10
OI0017864,ORD008891,PROD00310,1.0,0
OI0017865,ORD008892,PROD00259,10.0,10
OI0017866,ORD008892,PROD00545,5.0,25
OI0017867,ORD008892,PROD00372,4.0,5
OI0017868,ORD008892,PROD00273,4.0,25
OI0017869,ORD008893,PROD00418,3.0,5
OI0017870,ORD008894,PROD00393,2.0,25
OI0017871,ORD008895,PROD00172,-1.0,5
OI0017872,ORD008895,PROD00178,-1.0,15
OI0017873,ORD008896,PROD00085,-1.0,0
OI0017874,ORD008897,PROD00232,1.0,5
OI0017875,ORD008897,PROD00211,2.0,15
OI0017876,ORD008897,PROD00102,1.0,0
OI0017877,ORD008897,PROD00210,4.0,10
OI0017878,ORD008898,PROD00540,1.0,0
OI0017879,ORD008899,PROD00301,4.0,5
OI0017880,ORD008899,PROD00498,1.0,10
OI0017881,ORD008900,PROD00122,3.0,20
OI0017882,ORD008900,PROD00055,-1.0,15
OI0017883,ORD008900,PROD00235,1.0,0
OI0017884,ORD008900,PROD00047,10.0,25
OI0017885,ORD008901,PROD00270,2.0,25
OI0017886,ORD008902,PROD00138,3.0,0
OI0017887,ORD008902,PROD00023,10.0,10
OI0017888,ORD008903,PROD00184,1.0,5
OI0017889,ORD008903,PROD00160,2.0,20
OI0017890,ORD008903,PROD00034,2.0,15
OI0017891,ORD008904,PROD00224,1.0,15
OI0017892,ORD008904,PROD00031,2.0,10
OI0017893,ORD008904,PROD00450,1.0,25
OI0017894,ORD008905,PROD9264,1.0,0
OI0017895,ORD008905,PROD00276,-1.0,20
OI0017896,ORD008905,PROD00513,2.0,10
OI0017897,ORD008905,PROD00231,10.0,0
OI0017898,ORD008906,PROD00341,10.0,10
OI0017899,ORD008907,PROD00213,1.0,0
OI0017900,ORD008907,PROD00490,1.0,0
OI0017901,ORD008907,PROD00240,4.0,0
OI0017902,ORD008908,PROD00445,1.0,10
OI0017903,ORD008909,PROD00458,5.0,0
OI0017904,ORD008909,PROD00523,10.0,25
OI0017905,ORD008909,PROD00495,3.0,0
OI0017906,ORD008910,PROD00225,5.0,0
OI0017907,ORD008910,PROD00418,4.0,0
OI0017908,ORD008911,PROD00098,1.0,20
OI0017909,ORD008911,PROD00396,10.0,0
OI0017910,ORD008911,PROD00493,5.0,0
OI0017911,ORD008911,PROD00382,5.0,5
OI0017912,ORD008912,PROD00154,2.0,15
OI0017913,ORD008913,PROD00154,-1.0,0
OI0017914,ORD008913,PROD00324,5.0,15
OI0017915,ORD008913,PROD00173,3.0,0
OI0017916,ORD008914,PROD00475,4.0,5
OI0017917,ORD008915,PROD00208,2.0,0
OI0017918,ORD008915,PROD00177,5.0,25
OI0017919,ORD008915,PROD00562,1.0,10
OI0017920,ORD008916,PROD00305,10.0,0
OI0017921,ORD008917,PROD00297,1.0,5
OI0017922,ORD008918,PROD00294,5.0,0
OI0017923,ORD008918,PROD00008,3.0,15
OI0017924,ORD008919,PROD00017,500.0,0
OI0017925,ORD008920,PROD00369,2.0,0
OI0017926,ORD008920,PROD00474,5.0,10
OI0017927,ORD008920,PROD00382,1.0,0
OI0017928,ORD008921,PROD00381,2.0,25
OI0017929,ORD008922,PROD00260,4.0,0
OI0017930,ORD008922,PROD00374,2.0,25
OI0017931,ORD008923,PROD00262,10.0,0
OI0017932,ORD008923,PROD00307,4.0,0
OI0017933,ORD008924,PROD9448,1.0,0
OI0017934,ORD008924,PROD00480,1.0,10
OI0017935,ORD008924,PROD00004,1.0,0
OI0017936,ORD008925,PROD00131,5.0,25
OI0017937,ORD008926,PROD00100,-1.0,10
OI0017938,ORD008926,PROD00042,1.0,25
OI0017939,ORD008927,PROD00143,10.0,0
OI0017940,ORD008927,PROD00250,2.0,0
OI0017941,ORD008927,PROD00385,2.0,5
OI0017942,ORD008928,PROD00117,5.0,0
OI0017943,ORD008929,PROD00337,2.0,0
OI0017944,ORD008930,PROD00489,1.0,0
OI0017945,ORD008930,PROD00058,3.0,10
OI0017946,ORD008930,PROD00427,2.0,0
OI0017947,ORD008931,PROD00175,5.0,10
OI0017948,ORD008931,PROD00129,3.0,5
OI0017949,ORD008932,PROD00010,1.0,25
OI0017950,ORD008932,PROD00208,-1.0,0
OI0017951,ORD008933,PROD00537,-1.0,0
OI0017952,ORD008934,PROD00238,1.0,25
OI0017953,ORD008934,PROD00509,4.0,15
OI0017954,ORD008934,PROD00073,2.0,20
OI0017955,ORD008934,PROD00455,3.0,25
OI0017956,ORD008935,PROD00593,1.0,5
OI0017957,ORD008936,PROD00084,1.0,20
OI0017958,ORD008936,PROD00568,1.0,0
OI0017959,ORD008936,PROD00172,3.0,5
OI0017960,ORD008936,PROD00356,5.0,20
OI0017961,ORD008937,PROD00479,10.0,20
OI0017962,ORD008938,PROD00540,2.0,15
OI0017963,ORD008938,PROD00482,1.0,0
OI0017964,ORD008939,PROD00060,1.0,10
OI0017965,ORD008940,PROD00560,10.0,25
OI0017966,ORD008941,PROD00473,1.0,0
OI0017967,ORD008941,PROD9961,10.0,10
OI0017968,ORD008941,PROD00402,2.0,20
OI0017969,ORD008941,PROD00371,1.0,10
OI0017970,ORD008942,PROD00309,1.0,0
OI0017971,ORD008942,PROD00459,10.0,0
OI0017972,ORD008942,PROD00278,4.0,15
OI0017973,ORD008942,PROD00495,1.0,10
OI0017974,ORD008943,PROD00094,3.0,25
OI0017975,ORD008943,PROD00387,3.0,0
OI0017976,ORD008944,PROD00312,4.0,15
OI0017977,ORD008945,PROD00165,-1.0,0
OI0017978,ORD008945,PROD00321,5.0,5
OI0017979,ORD008945,PROD00155,2.0,0
OI0017980,ORD008946,PROD00523,4.0,0
OI0017981,ORD008946,PROD00308,3.0,10
OI0017982,ORD008947,PROD00224,2.0,0
OI0017983,ORD008947,PROD00188,1.0,0
OI0017984,ORD008948,PROD00483,1.0,25
OI0017985,ORD008949,PROD00440,1.0,0
OI0017986,ORD008949,PROD00139,1.0,25
OI0017987,ORD008950,PROD00376,3.0,0
OI0017988,ORD008950,PROD00097,2.0,0
OI0017989,ORD008950,PROD00042,10.0,0
OI0017990,ORD008951,PROD00156,5.0,0
OI0017991,ORD008952,PROD00172,4.0,0
OI0017992,ORD008953,PROD00399,2.0,15
OI0017993,ORD008954,PROD00014,4.0,10
OI0017994,ORD008954,PROD9004,5.0,15
OI0017995,ORD008954,PROD00154,2.0,0
OI0017996,ORD008954,PROD00054,2.0,20
OI0017997,ORD008955,PROD00067,3.0,20
OI0017998,ORD008955,PROD00106,1.0,10
OI0017999,ORD008956,PROD00119,1.0,0
OI0018000,ORD008957,PROD00109,1.0,0
OI0018001,ORD008958,PROD00165,1.0,10
OI0018002,ORD008958,PROD00577,1.0,25
OI0018003,ORD008959,PROD00056,2.0,0
OI0018004,ORD008959,PROD00584,5.0,10
OI0018005,ORD008960,PROD00391,10.0,5
OI0018006,ORD008961,PROD00588,2.0,5
OI0018007,ORD008962,PROD00180,1.0,0
OI0018008,ORD008963,PROD00346,1.0,0
OI0018009,ORD008963,PROD00293,1.0,0
OI0018010,ORD008964,PROD00532,2.0,20
OI0018011,ORD008964,PROD00252,1.0,0
OI0018012,ORD008965,PROD00235,4.0,5
OI0018013,ORD008965,PROD00364,1.0,0
OI0018014,ORD008965,PROD00080,2.0,5
OI0018015,ORD008966,PROD00570,3.0,0
OI0018016,ORD008967,PROD00145,10.0,0
OI0018017,ORD008967,PROD00536,4.0,20
OI0018018,ORD008967,PROD00010,1.0,0
OI0018019,ORD008968,PROD00115,1.0,20
OI0018020,ORD008968,PROD00547,-1.0,20
OI0018021,ORD008968,PROD00206,1.0,0
OI0018022,ORD008968,PROD00508,1.0,0
OI0018023,ORD008969,PROD00534,2.0,10
OI0018024,ORD008969,PROD00263,1.0,15
OI0018025,ORD008969,PROD00259,4.0,0
OI0018026,ORD008969,PROD00046,1.0,25
OI0018027,ORD008970,PROD00223,1.0,20
OI0018028,ORD008970,PROD00291,-1.0,0
OI0018029,ORD008970,PROD00206,3.0,5
OI0018030,ORD008971,PROD00103,2.0,10
OI0018031,ORD008972,PROD00483,1.0,20
OI0018032,ORD008972,PROD00029,-1.0,15
OI0018033,ORD008972,PROD00392,4.0,0
OI0018034,ORD008973,PROD00045,1.0,25
OI0018035,ORD008973,PROD00361,10.0,0
OI0018036,ORD008974,PROD00554,1.0,20
OI0018037,ORD008975,PROD00152,1.0,20
OI0018038,ORD008975,PROD00099,10.0,10
OI0018039,ORD008975,PROD00213,-1.0,0
OI0018040,ORD008976,PROD00246,5.0,0
OI0018041,ORD008977,PROD00192,5.0,5
OI0018042,ORD008978,PROD00344,-1.0,0
OI0018043,ORD008979,PROD00009,10.0,20
OI0018044,ORD008979,PROD00231,2.0,5
OI0018045,ORD008979,PROD00015,-1.0,10
OI0018046,ORD008979,PROD00574,-1.0,25
OI0018047,ORD008980,PROD00437,1.0,20
OI0018048,ORD008981,PROD00310,2.0,25
OI0018049,ORD008981,PROD00353,2.0,20
OI0018050,ORD008981,PROD00374,2.0,0
OI0018051,ORD008981,PROD00492,-1.0,0
OI0018052,ORD008982,PROD00450,2.0,0
OI0018053,ORD008983,PROD00270,1.0,0
OI0018054,ORD008983,PROD00079,5.0,10
OI0018055,ORD008983,PROD00532,2.0,25
OI0018056,ORD008984,PROD00507,1.0,5
OI0018057,ORD008985,PROD00288,3.0,0
OI0018058,ORD008985,PROD00450,4.0,0
OI0018059,ORD008986,PROD00376,-1.0,0
OI0018060,ORD008986,PROD00288,2.0,0
OI0018061,ORD008987,PROD00518,2.0,10
OI0018062,ORD008988,PROD00436,5.0,20
OI0018063,ORD008988,PROD00561,2.0,0
OI0018064,ORD008989,PROD00121,1.0,0
OI0018065,ORD008989,PROD00269,3.0,15
OI0018066,ORD008990,PROD00004,1.0,0
OI0018067,ORD008991,PROD00446,5.0,10
OI0018068,ORD008992,PROD00298,4.0,15
OI0018069,ORD008993,PROD00540,1.0,5
OI0018070,ORD008993,PROD00142,1.0,5
OI0018071,ORD008994,PROD00438,5.0,0
OI0018072,ORD008994,PROD00189,2.0,0
OI0018073,ORD008994,PROD00019,2.0,0
OI0018074,ORD008994,PROD00404,2.0,5
OI0018075,ORD008995,PROD00307,1.0,0
OI0018076,ORD008995,PROD00558,2.0,10
OI0018077,ORD008995,PROD00269,1.0,20
OI0018078,ORD008995,PROD00101,2.0,20
OI0018079,ORD008996,PROD00206,2.0,0
OI0018080,ORD008996,PROD00460,4.0,0
OI0018081,ORD008996,PROD00327,1.0,25
OI0018082,ORD008996,PROD00487,1.0,5
OI0018083,ORD008997,PROD00423,2.0,0
OI0018084,ORD008997,PROD00506,1.0,10
OI0018085,ORD008997,PROD00079,2.0,15
OI0018086,ORD008998,PROD00004,3.0,0
OI0018087,ORD008999,PROD00332,2.0,25
OI0018088,ORD008999,PROD00025,1.0,15
OI0018089,ORD008999,PROD00194,1.0,0
OI0018090,ORD009000,PROD00342,5.0,20
OI0018091,ORD009000,PROD00423,2.0,25
OI0018092,ORD003844,PROD00521,1.0,0
OI0018093,ORD006189,PROD00052,10.0,15
OI0018094,ORD006189,PROD00530,10.0,0
OI0018095,ORD003491,PROD00001,4.0,15
OI0018096,ORD003491,PROD00272,1.0,15
OI0018097,ORD003421,PROD00113,-1.0,0
OI0018098,ORD005290,PROD00015,-1.0,15
OI0018099,ORD003737,PROD00174,-1.0,0
OI0018100,ORD004086,PROD00022,2.0,0
OI0018101,ORD001044,PROD00105,-1.0,0
OI0018102,ORD004362,PROD00139,10.0,0
OI0018103,ORD004362,PROD00515,1.0,0
OI0018104,ORD004362,PROD00227,1.0,0
OI0018105,ORD004362,PROD00489,4.0,0
OI0018106,ORD007343,PROD00377,10.0,0
OI0018107,ORD007528,PROD00119,1.0,20
OI0018108,ORD003530,PROD00050,-1.0,15
OI0018109,ORD003530,PROD00206,1.0,0
OI0018110,ORD003530,PROD00546,2.0,15
OI0018111,ORD003530,PROD00309,2.0,20
OI0018112,ORD004270,PROD00131,-1.0,20
OI0018113,ORD005785,PROD00274,3.0,20
OI0018114,ORD005785,PROD00477,-1.0,20
OI0018115,ORD001158,PROD00571,-1.0,5
OI0018116,ORD005862,PROD00517,1.0,25
OI0018117,ORD008683,PROD00505,1.0,0
OI0018118,ORD008683,PROD00367,3.0,0
OI0018119,ORD000251,PROD00101,1.0,10
OI0018120,ORD000251,PROD00390,10.0,15
OI0018121,ORD003127,PROD00355,1.0,0
OI0018122,ORD004295,PROD00565,5.0,20
OI0018123,ORD004295,PROD00287,1.0,25
OI0018124,ORD004295,PROD00343,1.0,20
OI0018125,ORD004295,PROD00114,3.0,0
OI0018126,ORD003673,PROD00213,1.0,5
OI0018127,ORD003673,PROD00192,3.0,15
OI0018128,ORD003673,PROD00383,3.0,0
OI0018129,ORD004811,PROD00035,2.0,0
OI0018130,ORD004811,PROD00370,2.0,25
OI0018131,ORD004811,PROD00531,3.0,25
OI0018132,ORD004811,PROD00467,10.0,0
OI0018133,ORD007266,PROD00119,4.0,15
OI0018134,ORD007266,PROD00364,1.0,5
OI0018135,ORD005873,PROD00437,10.0,15
OI0018136,ORD005873,PROD9698,-1.0,25
OI0018137,ORD005873,PROD00100,-1.0,25
OI0018138,ORD005873,PROD00071,5.0,20
OI0018139,ORD007974,PROD00285,4.0,10
OI0018140,ORD005867,PROD00593,2.0,10
OI0018141,ORD007733,PROD00547,10.0,20
OI0018142,ORD007733,PROD00085,2.0,5
OI0018143,ORD007123,PROD00041,1.0,10
OI0018144,ORD007123,PROD00525,10.0,0
OI0018145,ORD007123,PROD00532,2.0,0
OI0018146,ORD007123,PROD00338,1.0,0
OI0018147,ORD000043,PROD00594,1.0,0
OI0018148,ORD008941,PROD00037,1.0,0
OI0018149,ORD008941,PROD00396,1.0,10
