order_id,customer_id,order_date,warehouse_id,order_status,payment_mode
ORD000001,CUST03051,2024-07-02,WH003,Returned,UPI
ORD000002,CUST01810,2022/09/02,WH013,Shipped,Credit Card
ORD000003,CUST02145,04/02/2024,WH005,Pending,COD
ORD000004,CUST03199,27 Nov 2024,WH003,Returned,Debit Card
ORD000005,CUST03166,2023/07/04,WH002,SHIPPED,Net Banking
ORD000006,CUST02101,2023/04/06,WH011,Pending,Cash on Delivery
ORD000007,CUST01156,2023-03-11,WH012,Pending,UPI
ORD000008,CUST02086,18 Aug 2023,WH006,Delivered,UPI
ORD000009,CUST03784,2024/10/28,WH016,Cancelled,Net Banking
ORD000010,CUST00932,2024-04-18,WH014,Returned,Cash on Delivery
ORD000011,CUST02644,24-09-2022,WH010,delivered,cod
ORD000012,CUST00835,2022-12-21,WH013,Pending,UPI
ORD000013,CUST01226,04/05/2022,WH005,Delivered,Cash on Delivery
ORD000014,CUST01461,08/12/2022,WH005,Delivered,UPI
ORD000015,CUST03347,07/20/2023,WH017,shipped,Cash on Delivery
ORD000016,CUST03235,2022-10-31,WH017,CANCELLED,Credit Card
ORD000017,CUST00647,2024/05/23,WH012,SHIPPED,Credit Card
ORD000018,CUST00621,11/11/2022,WH009,processing,Debit Card
ORD000019,CUST02497,19/03/2022,WH014,Cancelled,UPI
ORD000020,CUST02633,05/11/2024,WH016,Delivered,Debit Card
ORD000021,CUST00275,07/02/2024,WH012,Cancelled,cod
ORD000022,CUST02165,22 Sep 2022,WH011,pending,Net Banking
ORD000023,CUST00381,31 Aug 2024,WH003,Pending,COD
ORD000024,CUST02632,08/07/2022,WH003,Pending,COD
ORD000025,CUST02054,05 Nov 2023,WH017,DELIVERED,UPI
ORD000026,CUST02583,10/12/2022,WH008,RETURNED,Debit Card
ORD000027,CUST02654,01/16/2024,WH016,Delivered,UPI
ORD000028,CUST03120,2022/04/11,WH001,Processing,Net Banking
ORD000029,CUST03093,08/06/2024,WH011,CANCELLED,Cash on Delivery
ORD000030,CUST00226,2024-06-28,WH001,Returned,Net Banking
ORD000031,CUST03469,06/18/2022,WH002,shipped,cod
ORD000032,CUST01929,11/02/2024,WH007,cancelled,COD
ORD000033,CUST02965,18-07-2023,WH016,DELIVERED,Credit Card
ORD000034,CUST01517,18 Nov 2022,WH005,cancelled,Net Banking
ORD000035,CUST00549,2022-07-12,WH008,Processing,Debit Card
ORD000036,CUST02046,05 Mar 2022,WH005,PENDING,Cash on Delivery
ORD000037,CUST02058,02/06/2022,WH007,Delivered,Cash on Delivery
ORD000038,CUST00787,22 May 2022,WH007,Pending,UPI
ORD000039,CUST02040,2023/08/01,WH015,RETURNED,Cash on Delivery
ORD000040,CUST01357,2022-09-13,WH017,cancelled,Cash on Delivery
ORD000041,CUST00494,01 Nov 2022,WH007,Shipped,Cash on Delivery
ORD000042,CUST02535,25-07-2024,WH011,Processing,Credit Card
ORD000043,CUST01526,08/08/2023,WH010,Delivered,cod
ORD000044,CUST01442,28 Aug 2023,WH004,Shipped,Net Banking
ORD000045,CUST03263,,WH004,Processing,COD
ORD000046,CUST00402,07/29/2024,WH017,Returned,Net Banking
ORD000047,CUST02820,22/01/2022,WH001,Processing,cod
ORD000048,CUST02041,10/14/2022,WH016,processing,Debit Card
ORD000049,CUST03698,09/12/2023,WH007,Cancelled,Debit Card
ORD000050,CUST01951,04 Sep 2022,WH006,SHIPPED,Net Banking
ORD000051,CUST02660,2023-05-11,WH014,RETURNED,Debit Card
ORD000052,CUST00589,12/11/2024,WH012,SHIPPED,cod
ORD000053,CUST02464,04-02-2022,WH017,Returned,UPI
ORD000054,CUST02496,10-06-2024,WH009,Delivered,Credit Card
ORD000055,CUST02271,20-10-2024,WH018,Shipped,Net Banking
ORD000056,CUST00518,22 May 2022,WH001,Processing,COD
ORD000057,CUST00458,02/17/2022,WH010,Pending,UPI
ORD000058,CUST01342,03/11/2023,WH004,Processing,Cash on Delivery
ORD000059,CUST00249,08-11-2023,WH014,PENDING,cod
ORD000060,CUST01578,12 Jan 2024,WH002,Delivered,cod
ORD000061,CUST03987,15 Jan 2024,WH008,Cancelled,Debit Card
ORD000062,CUST03057,12/10/2024,WH010,cancelled,Cash on Delivery
ORD000063,CUST03210,29/08/2022,WH012,Pending,cod
ORD000064,CUST00263,16 Mar 2023,WH008,Pending,COD
ORD000065,CUST00963,08/03/2024,WH001,DELIVERED,Cash on Delivery
ORD000066,CUST03344,30 Apr 2024,WH018,Shipped,cod
ORD000067,CUST03795,2023/12/24,WH016,Delivered,Cash on Delivery
ORD000068,CUST03371,01/02/2023,WH002,Pending,Net Banking
ORD000069,CUST01939,13 Apr 2024,WH004,Cancelled,UPI
ORD000070,CUST00806,2022-03-17,WH007,Shipped,Debit Card
ORD000071,CUST00089,26 May 2024,WH016,Shipped,Cash on Delivery
ORD000072,CUST02426,18 Jun 2022,WH001,Shipped,cod
ORD000073,CUST00728,17-02-2023,WH017,Pending,Credit Card
ORD000074,CUST03573,2022-11-11,WH018,Delivered,Debit Card
ORD000075,CUST00661,01 Jun 2024,WH011,Pending,cod
ORD000076,CUST01896,13-01-2023,WH012,Cancelled,Cash on Delivery
ORD000077,CUST02176,01-04-2023,WH001,Processing,COD
ORD000078,CUST01744,2022-05-21,WH003,Returned,COD
ORD000079,CUST01002,10 Sep 2024,WH007,Returned,Cash on Delivery
ORD000080,CUST00314,2022/12/07,WH003,Shipped,UPI
ORD000081,CUST02795,2024-04-30,WH012,SHIPPED,cod
ORD000082,CUST03288,13/11/2023,WH006,DELIVERED,COD
ORD000083,CUST03763,0000-00-00,WH015,Delivered,UPI
ORD000084,CUST02572,2022/05/10,WH011,delivered,COD
ORD000085,CUST00662,05-12-2023,WH002,Delivered,Credit Card
ORD000086,CUST03134,05/03/2022,WH017,shipped,Net Banking
ORD000087,CUST00226,20 May 2023,WH018,delivered,Net Banking
ORD000088,CUST03910,09/08/2022,WH003,DELIVERED,UPI
ORD000089,CUST01563,10/24/2024,WH004,Cancelled,UPI
ORD000090,CUST02276,29/08/2023,WH018,PENDING,Debit Card
ORD000091,CUST00653,12/04/2023,WH014,Pending,Debit Card
ORD000092,CUST03796,25-04-2022,WH012,Shipped,cod
ORD000093,CUST02706,02 Sep 2024,WH011,Delivered,cod
ORD000094,CUST02256,13/05/2024,WH007,Pending,Net Banking
ORD000095,CUST03833,26 Jan 2024,WH017,Processing,Cash on Delivery
ORD000096,CUST01435,06/23/2022,WH016,Delivered,Net Banking
ORD000097,CUST03675,2022/09/27,WH015,Delivered,Credit Card
ORD000098,CUST01168,09-03-2022,WH008,Delivered,Net Banking
ORD000099,CUST00959,19/12/2024,WH005,Returned,Credit Card
ORD000100,CUST02197,08/14/2024,WH018,CANCELLED,Credit Card
ORD000101,CUST02133,2023-06-18,WH015,processing,UPI
ORD000102,CUST02150,05 Sep 2023,WH010,Shipped,cod
ORD000103,CUST02467,27-03-2024,WH006,Cancelled,cod
ORD000104,CUST02397,05-12-2024,WH004,Pending,cod
ORD000105,CUST00773,16-09-2023,WH003,Processing,UPI
ORD000106,CUST02529,2024-08-02,WH016,Pending,Net Banking
ORD000107,CUST02478,2024-04-22,WH004,CANCELLED,Credit Card
ORD000108,CUST00994,05 Oct 2024,WH017,Cancelled,Credit Card
ORD000109,CUST01890,10-12-2024,WH006,RETURNED,cod
ORD000110,CUST03191,24/08/2024,WH005,Processing,Cash on Delivery
ORD000111,CUST02483,2024-04-29,WH006,Pending,UPI
ORD000112,CUST01673,2024-03-19,WH001,Processing,cod
ORD000113,CUST03835,2023/01/09,WH012,Pending,UPI
ORD000114,CUST03147,21 Jul 2024,WH007,Cancelled,COD
ORD000115,CUST00046,2022-08-24,WH001,Shipped,UPI
ORD000116,CUST03883,06 Jul 2024,WH005,Shipped,Net Banking
ORD000117,CUST00132,31-01-2022,WH011,SHIPPED,cod
ORD000118,CUST02421,,WH017,Cancelled,UPI
ORD000119,CUST03035,04-04-2022,WH006,Shipped,Credit Card
ORD000120,CUST03090,25/08/2023,WH009,Cancelled,Credit Card
ORD000121,CUST00894,,WH011,pending,COD
ORD000122,CUST02110,11-11-2024,WH005,CANCELLED,Cash on Delivery
ORD000123,CUST00142,09-08-2022,WH011,Shipped,Net Banking
ORD000124,CUST02784,08/24/2024,WH012,Pending,cod
ORD000125,CUST02991,2024-06-06,WH015,Shipped,UPI
ORD000126,CUST02439,2024/05/17,WH011,Returned,Net Banking
ORD000127,CUST02415,2023-03-08,WH004,Pending,UPI
ORD000128,CUST02593,07-10-2024,WH017,Shipped,Credit Card
ORD000129,CUST03713,2023-02-08,WH014,Cancelled,COD
ORD000130,CUST02078,25-06-2022,WH017,Returned,cod
ORD000131,CUST02646,19/05/2022,WH015,DELIVERED,Debit Card
ORD000132,CUST01847,2023/06/28,WH007,Returned,Credit Card
ORD000133,CUST03425,08 May 2024,WH009,delivered,cod
ORD000134,CUST02710,01 Mar 2023,WH009,Delivered,Debit Card
ORD000135,CUST03486,06/23/2022,WH002,Returned,Net Banking
ORD000136,CUST01789,2023-05-21,WH011,Cancelled,Cash on Delivery
ORD000137,CUST02079,,WH017,Shipped,Debit Card
ORD000138,CUST00836,,WH011,PROCESSING,Debit Card
ORD000139,CUST03950,2023/01/02,WH017,returned,Net Banking
ORD000140,CUST03770,04 Jul 2022,WH008,Processing,cod
ORD000141,CUST01563,31 Mar 2023,WH004,Delivered,COD
ORD000142,CUST01070,06/12/2022,WH004,Processing,cod
ORD000143,CUST03163,,WH006,Cancelled,Credit Card
ORD000144,CUST01677,12 Jun 2024,WH012,cancelled,UPI
ORD000145,CUST02607,06/21/2022,WH002,Shipped,cod
ORD000146,CUST00793,14-01-2024,WH014,Cancelled,Credit Card
ORD000147,CUST01227,2024-07-01,WH014,Pending,UPI
ORD000148,CUST03552,2022-10-06,WH004,Pending,Debit Card
ORD000149,CUST01014,15 Feb 2024,WH017,Shipped,cod
ORD000150,CUST00692,10/24/2024,WH006,returned,Net Banking
ORD000151,CUST03172,2022-06-22,WH003,Shipped,UPI
ORD000152,CUST00774,29 Nov 2024,WH010,Returned,UPI
ORD000153,CUST01747,26-07-2023,WH010,Cancelled,Debit Card
ORD000154,CUST00469,11/08/2023,WH012,Processing,Cash on Delivery
ORD000155,CUST01871,28-03-2022,WH009,DELIVERED,COD
ORD000156,CUST02048,04/07/2022,WH013,returned,Cash on Delivery
ORD000157,CUST03873,02/15/2024,WH007,SHIPPED,UPI
ORD000158,CUST00687,31/01/2024,WH011,Pending,COD
ORD000159,CUST00473,03/16/2022,WH015,Shipped,Credit Card
ORD000160,CUST01560,07 Jan 2023,WH009,Shipped,Debit Card
ORD000161,CUST01794,13 Sep 2024,WH011,Shipped,Debit Card
ORD000162,CUST02366,2024-09-10,WH011,Returned,Cash on Delivery
ORD000163,CUST03856,09/27/2023,WH017,Shipped,UPI
ORD000164,CUST03631,17-05-2022,WH017,Returned,Credit Card
ORD000165,CUST00188,15-05-2024,WH004,cancelled,Cash on Delivery
ORD000166,CUST00978,2022-03-02,WH013,Shipped,Net Banking
ORD000167,CUST00289,03/16/2022,WH018,shipped,Debit Card
ORD000168,CUST00189,09/03/2024,WH010,Returned,Cash on Delivery
ORD000169,CUST03094,2023/12/13,WH006,PROCESSING,Credit Card
ORD000170,CUST01500,23 Aug 2023,WH008,PROCESSING,Net Banking
ORD000171,CUST03921,2024/09/21,WH001,delivered,cod
ORD000172,CUST03598,04 Oct 2022,WH018,SHIPPED,cod
ORD000173,CUST00632,2024/10/25,WH004,Pending,Credit Card
ORD000174,CUST03650,03-04-2022,WH002,Cancelled,UPI
ORD000175,CUST02198,2023/06/02,WH007,SHIPPED,Debit Card
ORD000176,CUST02977,13-03-2023,WH011,cancelled,Net Banking
ORD000177,CUST00597,09/12/2024,WH006,Shipped,Debit Card
ORD000178,CUST02055,17-05-2023,WH008,Processing,COD
ORD000179,CUST03168,2023/03/21,WH006,Shipped,Debit Card
ORD000180,CUST02044,2023/12/26,WH017,Shipped,UPI
ORD000181,CUST03359,2022/02/21,WH017,Pending,Credit Card
ORD000182,CUST02943,2022/10/21,WH010,PENDING,cod
ORD000183,CUST03481,14 Jun 2024,WH008,processing,cod
ORD000184,CUST02101,12 Apr 2023,WH005,Delivered,cod
ORD000185,CUST01073,15 Mar 2022,WH001,Returned,Debit Card
ORD000186,CUST02186,19/06/2022,WH009,Processing,UPI
ORD000187,CUST01164,09/19/2023,WH005,Returned,COD
ORD000188,CUST01755,02/12/2022,WH008,shipped,cod
ORD000189,CUST02759,05/07/2024,WH008,Cancelled,Cash on Delivery
ORD000190,CUST00803,06-06-2022,WH004,Cancelled,UPI
ORD000191,CUST01721,0000-00-00,WH013,Cancelled,UPI
ORD000192,CUST03364,2022-07-11,WH012,returned,COD
ORD000193,CUST00943,09-04-2023,WH008,Processing,Net Banking
ORD000194,CUST01524,08 Sep 2022,WH007,Processing,cod
ORD000195,CUST00226,13-05-2023,WH009,Delivered,Credit Card
ORD000196,CUST00569,09/20/2022,WH005,Delivered,Credit Card
ORD000197,CUST00717,05/30/2024,WH002,Cancelled,Cash on Delivery
ORD000198,CUST02279,,WH014,Shipped,Credit Card
ORD000199,CUST01693,14 Apr 2024,WH008,Returned,COD
ORD000200,CUST03909,21/07/2022,WH006,Returned,Cash on Delivery
ORD000201,CUST00354,2022/09/21,WH017,Processing,Cash on Delivery
ORD000202,CUST01311,17-05-2023,WH005,Cancelled,UPI
ORD000203,CUST02485,2024/10/22,WH013,SHIPPED,cod
ORD000204,CUST03793,12/05/2023,WH001,cancelled,cod
ORD000205,CUST00972,13 Mar 2024,WH003,Delivered,COD
ORD000206,CUST02796,06/01/2022,WH011,Delivered,COD
ORD000207,CUST02740,25-04-2024,WH011,Returned,cod
ORD000208,CUST01536,,WH018,Shipped,Net Banking
ORD000209,CUST00015,01/07/2022,WH007,SHIPPED,Debit Card
ORD000210,CUST02164,24 Dec 2024,WH010,Pending,Debit Card
ORD000211,CUST01096,18-05-2023,WH004,Delivered,UPI
ORD000212,CUST02703,2022-07-26,WH006,Returned,COD
ORD000213,CUST01116,2022-10-24,WH008,Pending,Net Banking
ORD000214,CUST00086,04 Oct 2024,WH005,Pending,cod
ORD000215,CUST02919,2022/05/21,WH005,PENDING,cod
ORD000216,CUST01483,2022/01/12,WH014,Delivered,cod
ORD000217,CUST01239,23-02-2022,WH010,Pending,COD
ORD000218,CUST02758,26-07-2024,WH013,CANCELLED,COD
ORD000219,CUST02472,2023/11/16,WH007,Delivered,Cash on Delivery
ORD000220,CUST02590,2022/10/03,WH007,cancelled,UPI
ORD000221,CUST00326,,WH006,Pending,COD
ORD000222,CUST03323,2023-04-13,WH005,cancelled,UPI
ORD000223,CUST01265,06/16/2023,WH017,Shipped,Credit Card
ORD000224,CUST03874,2023-08-10,WH007,Cancelled,Credit Card
ORD000225,CUST02100,02/25/2024,WH008,pending,Credit Card
ORD000226,CUST03444,10/10/2023,WH016,Processing,Cash on Delivery
ORD000227,CUST02457,08 Mar 2022,WH004,Shipped,cod
ORD000228,CUST00025,21-10-2023,WH015,Returned,Cash on Delivery
ORD000229,CUST03819,21-11-2023,WH017,Cancelled,Debit Card
ORD000230,CUST02690,21/08/2023,WH005,SHIPPED,Net Banking
ORD000231,CUST02605,10/17/2022,WH007,Delivered,UPI
ORD000232,CUST03093,05/12/2024,WH001,Pending,cod
ORD000233,CUST01463,22-09-2024,WH009,Shipped,UPI
ORD000234,CUST00961,2024-11-14,WH007,PENDING,Cash on Delivery
ORD000235,CUST02477,09-03-2024,WH014,Returned,Credit Card
ORD000236,CUST03543,31/08/2024,WH010,Pending,Cash on Delivery
ORD000237,CUST01825,18/05/2024,WH014,Delivered,Debit Card
ORD000238,CUST02803,30/10/2023,WH015,Cancelled,Net Banking
ORD000239,CUST03767,03/24/2022,WH006,Returned,Debit Card
ORD000240,CUST01219,2023/07/23,WH018,Shipped,UPI
ORD000241,CUST01553,27-08-2023,WH015,PENDING,Cash on Delivery
ORD000242,CUST02009,13-11-2024,WH008,Processing,cod
ORD000243,CUST02140,20-09-2024,WH005,PENDING,UPI
ORD000244,CUST01179,2024-01-21,WH008,Processing,Debit Card
ORD000245,CUST03796,08/31/2024,WH005,Cancelled,cod
ORD000246,CUST03635,2022-04-08,WH005,pending,COD
ORD000247,CUST00823,2024-09-21,WH015,Returned,cod
ORD000248,CUST00534,09 Jan 2024,WH007,SHIPPED,Debit Card
ORD000249,CUST02335,01/29/2024,WH011,Delivered,cod
ORD000250,CUST02283,26 Feb 2024,WH007,delivered,Cash on Delivery
ORD000251,CUST02226,07/03/2024,WH015,Pending,Net Banking
ORD000252,CUST02607,03/09/2022,WH014,PROCESSING,Credit Card
ORD000253,CUST01644,2023-05-28,WH016,Shipped,Net Banking
ORD000254,CUST00265,02 Sep 2022,WH012,Shipped,Debit Card
ORD000255,CUST03076,02 May 2022,WH001,Delivered,Cash on Delivery
ORD000256,CUST00230,02/25/2023,WH011,pending,Net Banking
ORD000257,CUST03533,17/01/2023,WH007,Processing,cod
ORD000258,CUST03972,,WH014,Delivered,Net Banking
ORD000259,CUST01692,21-03-2022,WH016,Delivered,Net Banking
ORD000260,CUST01718,30 Mar 2022,WH008,Delivered,Net Banking
ORD000261,CUST01839,0000-00-00,WH009,Cancelled,COD
ORD000262,CUST02424,13/05/2022,WH009,Returned,Debit Card
ORD000263,CUST00277,2024-03-07,WH003,Processing,Cash on Delivery
ORD000264,CUST02497,08-11-2022,WH014,Pending,Debit Card
ORD000265,CUST01365,2023/09/16,WH004,Returned,UPI
ORD000266,CUST03475,20-03-2022,WH014,cancelled,Credit Card
ORD000267,CUST02385,19-02-2024,WH003,Cancelled,Cash on Delivery
ORD000268,CUST03547,13-02-2024,WH007,processing,UPI
ORD000269,CUST00900,02/03/2024,WH009,PROCESSING,UPI
ORD000270,CUST01237,14/07/2023,WH014,Delivered,cod
ORD000271,CUST01680,11/03/2023,WH004,Processing,Net Banking
ORD000272,CUST02581,2023/06/01,WH004,Cancelled,COD
ORD000273,CUST00120,2022-07-23,WH005,processing,Net Banking
ORD000274,CUST02526,06 Dec 2022,WH005,Processing,Cash on Delivery
ORD000275,CUST01279,04/19/2024,WH016,PROCESSING,Cash on Delivery
ORD000276,CUST03205,08 Feb 2022,WH006,Delivered,COD
ORD000277,CUST03762,2024-05-13,WH010,Pending,Net Banking
ORD000278,CUST01678,2022-06-18,WH013,Processing,Net Banking
ORD000279,CUST00551,12/12/2023,WH003,Shipped,cod
ORD000280,CUST03542,02/03/2022,WH006,cancelled,Credit Card
ORD000281,CUST02154,22 Aug 2023,WH016,Processing,Net Banking
ORD000282,CUST00502,0000-00-00,WH003,returned,UPI
ORD000283,CUST03006,2023-11-21,WH018,Delivered,cod
ORD000284,CUST03820,08/10/2022,WH003,CANCELLED,Credit Card
ORD000285,CUST03976,2022/03/25,WH012,RETURNED,Cash on Delivery
ORD000286,CUST00803,2022/12/11,WH013,Pending,cod
ORD000287,CUST02818,07 Jun 2023,WH014,Delivered,Net Banking
ORD000288,CUST02556,20-09-2022,WH004,Returned,COD
ORD000289,CUST00549,23-03-2023,WH004,DELIVERED,UPI
ORD000290,CUST01485,09/29/2023,WH016,Returned,COD
ORD000291,CUST00035,2024-12-28,WH017,Pending,Debit Card
ORD000292,CUST00713,14/03/2022,WH011,Shipped,Cash on Delivery
ORD000293,CUST03103,2024/11/19,WH009,PROCESSING,cod
ORD000294,CUST02447,05 Mar 2023,WH018,cancelled,COD
ORD000295,CUST54794,06/14/2022,WH009,returned,Net Banking
ORD000296,CUST50100,08 Dec 2022,WH002,DELIVERED,Cash on Delivery
ORD000297,CUST03187,08/02/2023,WH005,RETURNED,Debit Card
ORD000298,CUST00708,2022-02-11,WH003,Cancelled,Cash on Delivery
ORD000299,CUST03944,28/11/2024,WH004,Returned,Net Banking
ORD000300,CUST00132,04 Nov 2022,WH003,RETURNED,cod
ORD000301,CUST01718,12/19/2023,WH002,Pending,UPI
ORD000302,CUST01146,2022/02/17,WH002,SHIPPED,Net Banking
ORD000303,CUST00282,2024/07/25,WH015,Processing,Debit Card
ORD000304,CUST01356,2023/03/07,WH003,PENDING,COD
ORD000305,CUST00302,2024/11/25,WH004,Processing,cod
ORD000306,CUST00474,05/01/2023,WH008,delivered,Credit Card
ORD000307,CUST00594,06/30/2023,WH014,RETURNED,Cash on Delivery
ORD000308,CUST03368,09/13/2022,WH004,RETURNED,UPI
ORD000309,CUST03404,11/18/2022,WH002,Cancelled,Debit Card
ORD000310,CUST01646,27/08/2024,WH004,Returned,UPI
ORD000311,CUST00782,16/04/2023,WH018,Cancelled,cod
ORD000312,CUST02034,04/17/2023,WH016,Shipped,cod
ORD000313,CUST03271,2024/03/26,WH007,processing,Cash on Delivery
ORD000314,CUST00481,02 Jun 2022,WH002,DELIVERED,Cash on Delivery
ORD000315,CUST02559,15/12/2024,WH006,Pending,cod
ORD000316,CUST00385,20/06/2022,WH004,DELIVERED,Debit Card
ORD000317,CUST01906,25-06-2022,WH002,Returned,Credit Card
ORD000318,CUST02941,16/04/2023,WH017,Cancelled,Cash on Delivery
ORD000319,CUST00925,2023/09/12,WH011,Shipped,UPI
ORD000320,CUST03804,04-05-2024,WH013,Shipped,cod
ORD000321,CUST57269,2023/04/23,WH013,Shipped,Net Banking
ORD000322,CUST03819,2022-03-15,WH017,Delivered,UPI
ORD000323,CUST02908,21-07-2024,WH016,Returned,Debit Card
ORD000324,CUST01682,13/09/2023,WH013,Processing,cod
ORD000325,CUST03656,05/07/2022,WH002,Shipped,Net Banking
ORD000326,CUST01817,2023-01-10,WH016,Processing,Net Banking
ORD000327,CUST00258,2024-02-03,WH012,Shipped,Cash on Delivery
ORD000328,CUST03203,,WH009,Processing,Net Banking
ORD000329,CUST02952,25/04/2024,WH014,Returned,cod
ORD000330,CUST01822,09-01-2024,WH009,processing,cod
ORD000331,CUST03328,02-11-2022,WH009,Delivered,cod
ORD000332,CUST03009,30 May 2022,WH005,Shipped,COD
ORD000333,CUST00431,03-10-2023,WH002,Delivered,Credit Card
ORD000334,CUST02342,25 Sep 2023,WH005,Pending,COD
ORD000335,CUST01240,23 Jun 2024,WH016,PENDING,UPI
ORD000336,CUST00717,19/02/2023,WH005,PROCESSING,Cash on Delivery
ORD000337,CUST02419,13-07-2024,WH001,Pending,cod
ORD000338,CUST00301,2023/04/03,WH010,Pending,Net Banking
ORD000339,CUST01697,08/24/2024,WH009,Pending,Net Banking
ORD000340,CUST02847,28 Oct 2022,WH004,Pending,Net Banking
ORD000341,CUST02871,2022-10-07,WH016,RETURNED,cod
ORD000342,CUST03034,03 Jun 2023,WH013,processing,Debit Card
ORD000343,CUST01499,03 Mar 2024,WH007,Pending,UPI
ORD000344,CUST00398,17 Mar 2023,WH012,Processing,COD
ORD000345,CUST01925,2024-04-15,WH010,Processing,Debit Card
ORD000346,CUST00453,02/05/2024,WH013,delivered,Debit Card
ORD000347,CUST00965,,WH002,Pending,UPI
ORD000348,CUST01200,24-06-2024,WH010,Delivered,Net Banking
ORD000349,CUST03809,04 Apr 2022,WH004,Returned,Net Banking
ORD000350,CUST03201,2022-02-15,WH018,Processing,Cash on Delivery
ORD000351,CUST00655,06-08-2022,WH003,Processing,COD
ORD000352,CUST01908,23-02-2023,WH014,Delivered,cod
ORD000353,CUST03279,25-03-2024,WH008,shipped,cod
ORD000354,CUST02075,2024-07-23,WH003,Delivered,cod
ORD000355,CUST01723,04/09/2024,WH015,Delivered,Cash on Delivery
ORD000356,CUST03224,16-06-2024,WH017,Delivered,Net Banking
ORD000357,CUST03104,2024/06/06,WH018,Shipped,Net Banking
ORD000358,CUST00169,17-03-2023,WH006,Delivered,cod
ORD000359,CUST03778,12/27/2023,WH004,Returned,cod
ORD000360,CUST02486,11/11/2022,WH015,Shipped,Credit Card
ORD000361,CUST03948,11/03/2022,WH018,Processing,Debit Card
ORD000362,CUST00378,21/10/2024,WH009,Delivered,UPI
ORD000363,CUST02664,2022/02/05,WH014,Delivered,Debit Card
ORD000364,CUST03590,26 Jan 2022,WH004,Processing,UPI
ORD000365,CUST02058,27 Jul 2022,WH012,RETURNED,COD
ORD000366,CUST03875,05-10-2024,WH018,Delivered,COD
ORD000367,CUST00958,07 Jun 2022,WH016,Pending,COD
ORD000368,CUST03712,2022-11-22,WH004,PROCESSING,Credit Card
ORD000369,CUST03302,15 Jan 2022,WH003,Pending,Debit Card
ORD000370,CUST01292,21 Dec 2023,WH007,Returned,Cash on Delivery
ORD000371,CUST01753,14/08/2024,WH008,shipped,Net Banking
ORD000372,CUST02706,2024-07-10,WH015,SHIPPED,Credit Card
ORD000373,CUST00828,2022/10/08,WH016,pending,Cash on Delivery
ORD000374,CUST03792,04/11/2024,WH005,Pending,Net Banking
ORD000375,CUST02924,2023/09/22,WH017,cancelled,Credit Card
ORD000376,CUST03974,06/13/2022,WH001,CANCELLED,Net Banking
ORD000377,CUST00629,12/10/2024,WH005,Returned,UPI
ORD000378,CUST01453,14/01/2022,WH002,DELIVERED,COD
ORD000379,CUST02272,2024/05/28,WH011,RETURNED,cod
ORD000380,CUST00836,22-03-2023,WH005,CANCELLED,Debit Card
ORD000381,CUST03024,2023/08/25,WH007,Shipped,Debit Card
ORD000382,CUST01974,2024-03-07,WH006,Processing,cod
ORD000383,CUST00839,19 Nov 2023,WH009,Pending,UPI
ORD000384,CUST03266,2022-02-07,WH016,Pending,cod
ORD000385,CUST01253,2022-02-15,WH014,Cancelled,UPI
ORD000386,CUST02501,2022/09/26,WH010,Pending,Credit Card
ORD000387,CUST03426,01/28/2024,WH001,cancelled,UPI
ORD000388,CUST02368,23 May 2023,WH006,Delivered,UPI
ORD000389,CUST01273,19-07-2023,WH002,processing,cod
ORD000390,CUST01325,2022/06/02,WH014,DELIVERED,Credit Card
ORD000391,CUST01750,09 Nov 2023,WH014,Cancelled,Cash on Delivery
ORD000392,CUST01239,24 Jul 2023,WH004,CANCELLED,cod
ORD000393,CUST01238,03/28/2022,WH018,Returned,COD
ORD000394,CUST03797,31-07-2022,WH010,Cancelled,Cash on Delivery
ORD000395,CUST03751,07 Jun 2022,WH008,Pending,Net Banking
ORD000396,CUST01128,12/16/2022,WH006,PENDING,Cash on Delivery
ORD000397,CUST01027,29 Aug 2024,WH003,RETURNED,Net Banking
ORD000398,CUST03668,05 Jun 2023,WH002,RETURNED,Credit Card
ORD000399,CUST02999,20/04/2023,WH011,PENDING,COD
ORD000400,CUST00754,2023/03/23,WH003,Returned,Credit Card
ORD000401,CUST00617,2023/11/18,WH008,Processing,Debit Card
ORD000402,CUST00489,18-05-2024,WH014,CANCELLED,COD
ORD000403,CUST02301,,WH014,delivered,cod
ORD000404,CUST02245,2023-09-15,WH003,Delivered,cod
ORD000405,CUST00119,11/03/2022,WH005,Cancelled,Credit Card
ORD000406,CUST02951,2024-07-02,WH003,Pending,UPI
ORD000407,CUST01466,03/12/2024,WH018,Cancelled,Net Banking
ORD000408,CUST02093,21/02/2022,WH009,RETURNED,COD
ORD000409,CUST02882,2024/10/24,WH012,Processing,COD
ORD000410,CUST03551,25-10-2022,WH018,DELIVERED,Credit Card
ORD000411,CUST01074,0000-00-00,WH008,Cancelled,Net Banking
ORD000412,CUST01506,05-12-2023,WH015,Processing,cod
ORD000413,CUST03301,19-03-2022,WH002,processing,Net Banking
ORD000414,CUST03532,2022-10-27,WH002,Pending,Cash on Delivery
ORD000415,CUST02921,21-04-2024,WH006,Returned,COD
ORD000416,CUST03209,2024-06-07,WH003,SHIPPED,Net Banking
ORD000417,CUST03698,2023/02/21,WH016,Processing,COD
ORD000418,CUST00509,01/19/2022,WH014,Returned,Cash on Delivery
ORD000419,CUST02033,03/11/2023,WH015,Delivered,UPI
ORD000420,CUST00567,21/01/2023,WH010,Cancelled,Net Banking
ORD000421,CUST02884,01/08/2023,WH011,Cancelled,Cash on Delivery
ORD000422,CUST02719,20 Nov 2023,WH004,RETURNED,COD
ORD000423,CUST01282,06-05-2022,WH012,Cancelled,Credit Card
ORD000424,CUST03546,2022-10-02,WH011,Pending,Credit Card
ORD000425,CUST01017,2024-08-16,WH002,shipped,Debit Card
ORD000426,CUST01681,2024/09/10,WH014,Pending,Cash on Delivery
ORD000427,CUST03773,2022-01-11,WH014,Processing,Credit Card
ORD000428,CUST02551,16-05-2022,WH001,Cancelled,COD
ORD000429,CUST01778,27/12/2022,WH010,Returned,UPI
ORD000430,CUST01836,20 Feb 2023,WH009,Shipped,UPI
ORD000431,CUST00315,19/04/2022,WH008,Pending,COD
ORD000432,CUST00168,2024/12/29,WH008,Pending,Debit Card
ORD000433,CUST03311,2024-09-25,WH010,Cancelled,UPI
ORD000434,CUST02288,2023/03/04,WH006,Returned,Net Banking
ORD000435,CUST02672,2023-04-22,WH009,PENDING,Credit Card
ORD000436,CUST01715,07/27/2022,WH013,processing,Credit Card
ORD000437,CUST02892,2022/02/22,WH012,Processing,Credit Card
ORD000438,CUST00410,10/16/2022,WH013,Returned,Debit Card
ORD000439,CUST03417,20 May 2023,WH008,DELIVERED,Credit Card
ORD000440,CUST02793,2022-05-29,WH003,Cancelled,Net Banking
ORD000441,CUST01758,11/05/2023,WH004,Pending,Net Banking
ORD000442,CUST00427,29 Jul 2022,WH006,Cancelled,COD
ORD000443,CUST02367,22 Mar 2022,WH016,Shipped,cod
ORD000444,CUST00953,08 May 2023,WH018,Cancelled,cod
ORD000445,CUST00797,2023-08-28,WH004,Shipped,Debit Card
ORD000446,CUST01458,07/09/2024,WH010,Processing,Debit Card
ORD000447,CUST02489,15-11-2022,WH005,Processing,Net Banking
ORD000448,CUST01781,11 Feb 2023,WH004,shipped,Credit Card
ORD000449,CUST00543,11/06/2022,WH010,PROCESSING,cod
ORD000450,CUST02927,03-12-2023,WH009,Cancelled,UPI
ORD000451,CUST00571,,WH003,Returned,Debit Card
ORD000452,CUST00321,25 Aug 2023,WH017,Cancelled,Debit Card
ORD000453,CUST02082,26-09-2022,WH017,Processing,UPI
ORD000454,CUST03130,2022-09-13,WH014,Cancelled,cod
ORD000455,CUST03676,2022/02/26,WH018,Returned,Debit Card
ORD000456,CUST00172,2022-10-24,WH003,processing,COD
ORD000457,CUST03258,2024-08-12,WH010,Processing,cod
ORD000458,CUST02815,2022/07/04,WH006,shipped,Debit Card
ORD000459,CUST03967,2022/11/15,WH015,Shipped,UPI
ORD000460,CUST02751,12-03-2022,WH008,Returned,Cash on Delivery
ORD000461,CUST01147,19-10-2023,WH006,pending,Debit Card
ORD000462,CUST01938,08/30/2023,WH006,SHIPPED,COD
ORD000463,CUST01180,10/05/2023,WH012,Delivered,UPI
ORD000464,CUST01658,23 Mar 2022,WH011,Processing,Debit Card
ORD000465,CUST01433,2023/11/24,WH004,Pending,cod
ORD000466,CUST00256,03/07/2023,WH016,Cancelled,COD
ORD000467,CUST01432,2023-11-16,WH007,Pending,Cash on Delivery
ORD000468,CUST03430,2022/04/22,WH018,SHIPPED,Debit Card
ORD000469,CUST00764,05/24/2024,WH004,Pending,Net Banking
ORD000470,CUST03112,0000-00-00,WH007,Pending,Credit Card
ORD000471,CUST02713,05/24/2023,WH007,Delivered,Debit Card
ORD000472,CUST02675,04 Jan 2022,WH002,Cancelled,UPI
ORD000473,CUST02206,20/01/2022,WH012,Processing,Cash on Delivery
ORD000474,CUST03574,04/19/2022,WH002,Returned,Net Banking
ORD000475,CUST02686,04-03-2023,WH008,cancelled,Debit Card
ORD000476,CUST00987,03/08/2023,WH013,processing,cod
ORD000477,CUST02785,07/01/2024,WH005,Delivered,UPI
ORD000478,CUST00211,11 Mar 2023,WH005,processing,Net Banking
ORD000479,CUST02636,04/27/2022,WH016,Cancelled,Debit Card
ORD000480,CUST00861,03/23/2022,WH013,Cancelled,Debit Card
ORD000481,CUST01393,,WH001,Delivered,Debit Card
ORD000482,CUST00188,28-11-2024,WH017,Shipped,Debit Card
ORD000483,CUST02100,04/04/2023,WH003,Cancelled,Cash on Delivery
ORD000484,CUST02710,25-02-2023,WH009,Delivered,UPI
ORD000485,CUST02842,07/22/2024,WH001,Pending,Debit Card
ORD000486,CUST01812,2024-04-09,WH016,Shipped,Cash on Delivery
ORD000487,CUST00502,2023-05-29,WH013,pending,UPI
ORD000488,CUST01379,26 Oct 2022,WH006,Shipped,COD
ORD000489,CUST03030,2022-03-16,WH018,Shipped,UPI
ORD000490,CUST02558,2023-04-20,WH013,Processing,UPI
ORD000491,CUST03255,24 Aug 2023,WH011,Returned,COD
ORD000492,CUST00932,11 Jan 2022,WH018,Returned,cod
ORD000493,CUST02883,31 Jan 2023,WH006,delivered,Net Banking
ORD000494,CUST02158,14/05/2022,WH016,Processing,cod
ORD000495,CUST03420,16-05-2022,WH006,PROCESSING,UPI
ORD000496,CUST00113,2023/01/30,WH002,Returned,Cash on Delivery
ORD000497,CUST03964,04/18/2024,WH002,Pending,Debit Card
ORD000498,CUST03907,2023/05/27,WH005,Delivered,cod
ORD000499,CUST03167,2024/04/07,WH007,DELIVERED,Debit Card
ORD000500,CUST03377,2024/05/28,WH015,processing,Debit Card
ORD000501,CUST02806,02-12-2024,WH008,Shipped,Net Banking
ORD000502,CUST00468,2024-06-17,WH011,delivered,Net Banking
ORD000503,CUST03975,2022-05-14,WH018,Returned,Cash on Delivery
ORD000504,CUST02560,09 Dec 2023,WH003,Shipped,Credit Card
ORD000505,CUST00670,06/07/2024,WH007,Delivered,Net Banking
ORD000506,CUST02980,02/23/2023,WH018,CANCELLED,UPI
ORD000507,CUST03974,22 Jul 2022,WH006,CANCELLED,Net Banking
ORD000508,CUST01739,18 Oct 2023,WH017,Returned,Cash on Delivery
ORD000509,CUST00267,24 Oct 2022,WH016,Delivered,UPI
ORD000510,CUST00488,14-01-2024,WH014,Shipped,Debit Card
ORD000511,CUST03683,14 Aug 2022,WH013,cancelled,Debit Card
ORD000512,CUST00576,2023/09/21,WH016,delivered,COD
ORD000513,CUST02972,01/03/2024,WH003,Shipped,Credit Card
ORD000514,CUST03843,17-01-2022,WH007,Processing,Cash on Delivery
ORD000515,CUST03722,2022/03/11,WH018,Shipped,Cash on Delivery
ORD000516,CUST01703,05 Jan 2022,WH007,delivered,Net Banking
ORD000517,CUST02036,18 Apr 2024,WH009,Shipped,COD
ORD000518,CUST00414,2023/12/24,WH016,Returned,Cash on Delivery
ORD000519,CUST00680,29-08-2022,WH014,Delivered,cod
ORD000520,CUST02461,2024-02-01,WH013,shipped,COD
ORD000521,CUST00089,13 Jul 2022,WH012,Shipped,Credit Card
ORD000522,CUST00227,25 Apr 2024,WH003,cancelled,Net Banking
ORD000523,CUST02831,27/05/2023,WH008,shipped,Debit Card
ORD000524,CUST02710,2023/02/25,WH003,PENDING,Net Banking
ORD000525,CUST01591,08/17/2022,WH009,Shipped,Net Banking
ORD000526,CUST01794,2024/09/05,WH014,SHIPPED,Credit Card
ORD000527,CUST00896,23-04-2022,WH005,DELIVERED,UPI
ORD000528,CUST02667,06/24/2023,WH003,Delivered,COD
ORD000529,CUST03892,14/01/2022,WH001,Pending,Cash on Delivery
ORD000530,CUST03223,06 Jan 2024,WH004,Cancelled,Credit Card
ORD000531,CUST01014,06 Jan 2022,WH005,Shipped,COD
ORD000532,CUST02123,2023/01/10,WH008,Shipped,cod
ORD000533,CUST03993,20/02/2022,WH018,returned,cod
ORD000534,CUST00601,16-05-2022,WH016,Delivered,Credit Card
ORD000535,CUST02186,18/11/2022,WH004,processing,UPI
ORD000536,CUST02361,,WH017,CANCELLED,Credit Card
ORD000537,CUST00376,2024-12-06,WH001,Processing,cod
ORD000538,CUST03634,25 Sep 2022,WH013,Delivered,Credit Card
ORD000539,CUST01742,04/10/2022,WH005,Pending,Cash on Delivery
ORD000540,CUST03524,19-08-2024,WH015,Returned,Credit Card
ORD000541,CUST00430,22/04/2023,WH007,Pending,cod
ORD000542,CUST01810,02/03/2022,WH018,Processing,Net Banking
ORD000543,CUST02012,17 Oct 2023,WH011,Cancelled,UPI
ORD000544,CUST00966,21-06-2023,WH013,Returned,Net Banking
ORD000545,CUST02599,27 Dec 2024,WH014,Delivered,Cash on Delivery
ORD000546,CUST02586,19 Feb 2023,WH009,shipped,Credit Card
ORD000547,CUST03330,04/10/2022,WH009,Delivered,Credit Card
ORD000548,CUST00850,14 Apr 2022,WH003,pending,Cash on Delivery
ORD000549,CUST00843,10/01/2023,WH010,Cancelled,Credit Card
ORD000550,CUST03886,2024-03-27,WH016,Shipped,Cash on Delivery
ORD000551,CUST02331,28 Dec 2022,WH017,Delivered,Cash on Delivery
ORD000552,CUST01026,0000-00-00,WH010,Shipped,Credit Card
ORD000553,CUST02792,06 Jul 2024,WH007,Processing,Net Banking
ORD000554,CUST03593,10 Jun 2024,WH015,Processing,COD
ORD000555,CUST00382,2023/08/11,WH005,PENDING,Debit Card
ORD000556,CUST03933,2024/01/24,WH012,cancelled,Net Banking
ORD000557,CUST03632,04/07/2022,WH011,Pending,Debit Card
ORD000558,CUST02952,17/04/2022,WH018,Returned,Net Banking
ORD000559,CUST03081,12/27/2022,WH002,Delivered,Cash on Delivery
ORD000560,CUST00325,2023-07-05,WH009,Pending,Credit Card
ORD000561,CUST03962,11/03/2022,WH016,Pending,Credit Card
ORD000562,CUST00732,18/04/2024,WH005,cancelled,Debit Card
ORD000563,CUST03815,2024-05-28,WH016,Processing,UPI
ORD000564,CUST00954,01/01/2024,WH005,Cancelled,COD
ORD000565,CUST02834,25 Nov 2023,WH015,cancelled,COD
ORD000566,CUST03493,16/03/2022,WH012,Cancelled,cod
ORD000567,CUST00999,2023/06/01,WH001,Cancelled,cod
ORD000568,CUST02440,2024-07-28,WH006,Pending,Net Banking
ORD000569,CUST02483,11-04-2023,WH012,returned,COD
ORD000570,CUST01228,23 Sep 2022,WH008,PENDING,Debit Card
ORD000571,CUST01932,2024-03-23,WH007,Cancelled,Cash on Delivery
ORD000572,CUST02235,2023/05/13,WH018,Shipped,Cash on Delivery
ORD000573,CUST01408,01/27/2023,WH009,PENDING,UPI
ORD000574,CUST03419,2022-04-24,WH007,Returned,UPI
ORD000575,CUST02171,2022-01-14,WH009,Returned,COD
ORD000576,CUST02241,25-03-2023,WH005,Shipped,COD
ORD000577,CUST01347,28-04-2024,WH005,SHIPPED,cod
ORD000578,CUST01491,16 May 2023,WH018,Pending,Cash on Delivery
ORD000579,CUST00861,2024/12/03,WH016,Shipped,COD
ORD000580,CUST00242,27/11/2022,WH017,Returned,COD
ORD000581,CUST01160,2022-01-25,WH011,Returned,UPI
ORD000582,CUST01124,2022-10-01,WH006,cancelled,Debit Card
ORD000583,CUST01201,24/07/2023,WH017,Cancelled,Credit Card
ORD000584,CUST02565,10 Jul 2023,WH018,returned,Credit Card
ORD000585,CUST02579,2024/05/14,WH007,Shipped,COD
ORD000586,CUST02345,11/11/2024,WH001,PROCESSING,cod
ORD000587,CUST57433,2024-05-30,WH001,PROCESSING,Cash on Delivery
ORD000588,CUST02020,16 Aug 2024,WH001,Processing,Net Banking
ORD000589,CUST00887,10/29/2024,WH002,Pending,Debit Card
ORD000590,CUST03897,08 Jan 2023,WH011,Processing,Net Banking
ORD000591,CUST00038,20-09-2022,WH005,Delivered,Credit Card
ORD000592,CUST01748,2022-05-20,WH018,CANCELLED,Net Banking
ORD000593,CUST03256,22/10/2023,WH016,Shipped,cod
ORD000594,CUST01396,09-06-2023,WH012,Pending,cod
ORD000595,CUST02084,2022/06/01,WH002,PROCESSING,Debit Card
ORD000596,CUST00910,09-08-2023,WH006,Pending,cod
ORD000597,CUST03150,21/04/2023,WH009,processing,Net Banking
ORD000598,CUST02730,19/08/2024,WH006,Cancelled,Net Banking
ORD000599,CUST03464,2023/04/07,WH013,Shipped,UPI
ORD000600,CUST01806,02/03/2022,WH006,CANCELLED,Credit Card
ORD000601,CUST00962,27 Nov 2022,WH005,CANCELLED,Debit Card
ORD000602,CUST01917,10-05-2022,WH007,RETURNED,cod
ORD000603,CUST02017,2022/03/01,WH012,SHIPPED,UPI
ORD000604,CUST01287,2023-03-10,WH012,Processing,Debit Card
ORD000605,CUST03583,11/24/2023,WH016,Returned,cod
ORD000606,CUST01216,11/05/2023,WH015,Returned,Cash on Delivery
ORD000607,CUST00340,18 Dec 2022,WH006,CANCELLED,COD
ORD000608,CUST01910,20/12/2023,WH011,delivered,Net Banking
ORD000609,CUST00736,2022/01/14,WH001,Cancelled,Cash on Delivery
ORD000610,CUST00667,2022-04-14,WH010,shipped,cod
ORD000611,CUST03628,20/01/2022,WH009,Shipped,Cash on Delivery
ORD000612,CUST00309,2024-09-15,WH005,processing,UPI
ORD000613,CUST02959,2022/02/15,WH017,Processing,COD
ORD000614,CUST01814,13 May 2022,WH008,Shipped,Net Banking
ORD000615,CUST01256,2022/02/10,WH005,RETURNED,Credit Card
ORD000616,CUST02311,01/12/2023,WH017,Shipped,COD
ORD000617,CUST03753,2024-08-20,WH017,Cancelled,Debit Card
ORD000618,CUST01873,10-10-2024,WH007,processing,Cash on Delivery
ORD000619,CUST00068,2022-10-16,WH013,Returned,Cash on Delivery
ORD000620,CUST00391,0000-00-00,WH009,Cancelled,cod
ORD000621,CUST01713,20-11-2024,WH004,Processing,Net Banking
ORD000622,CUST00058,0000-00-00,WH018,delivered,Credit Card
ORD000623,CUST00085,12/21/2024,WH004,Pending,Cash on Delivery
ORD000624,CUST01815,12 Nov 2023,WH010,Processing,Credit Card
ORD000625,CUST03620,01 Oct 2024,WH006,Delivered,cod
ORD000626,CUST00377,04 Feb 2022,WH017,Pending,UPI
ORD000627,CUST00071,07 Aug 2023,WH014,Shipped,Credit Card
ORD000628,CUST01249,12/10/2022,WH004,Processing,cod
ORD000629,CUST03661,2024/09/22,WH014,Returned,Debit Card
ORD000630,CUST02077,2023/07/31,WH016,Processing,Debit Card
ORD000631,CUST02456,29-10-2023,WH015,Processing,UPI
ORD000632,CUST01485,07 Dec 2023,WH009,Delivered,Debit Card
ORD000633,CUST01932,16 Jul 2023,WH009,SHIPPED,Debit Card
ORD000634,CUST52240,2023/01/16,WH004,Shipped,Debit Card
ORD000635,CUST00034,16 Nov 2022,WH005,Returned,Cash on Delivery
ORD000636,CUST00243,07/06/2024,WH001,Delivered,COD
ORD000637,CUST03117,12/09/2024,WH010,Delivered,Credit Card
ORD000638,CUST02832,04-08-2024,WH011,shipped,Debit Card
ORD000639,CUST02621,25-02-2023,WH013,Pending,UPI
ORD000640,CUST02919,2024/08/23,WH006,SHIPPED,Cash on Delivery
ORD000641,CUST02963,04/03/2023,WH013,returned,Credit Card
ORD000642,CUST03412,2023/03/11,WH018,Delivered,cod
ORD000643,CUST00364,19 Jun 2022,WH017,Delivered,Cash on Delivery
ORD000644,CUST01308,26-09-2022,WH015,PROCESSING,COD
ORD000645,CUST00099,16-08-2022,WH002,Shipped,COD
ORD000646,CUST00656,10 Aug 2023,WH003,Delivered,Net Banking
ORD000647,CUST00203,2023/04/22,WH003,Pending,Debit Card
ORD000648,CUST02687,12/02/2022,WH008,Cancelled,COD
ORD000649,CUST02128,2022-10-30,WH008,Delivered,Cash on Delivery
ORD000650,CUST02221,12/24/2023,WH009,delivered,UPI
ORD000651,CUST01991,03/28/2023,WH018,Delivered,COD
ORD000652,CUST01981,15-02-2022,WH016,Returned,Debit Card
ORD000653,CUST00962,2023-05-24,WH013,Shipped,Debit Card
ORD000654,CUST01644,04/13/2022,WH015,Shipped,Net Banking
ORD000655,CUST00501,2024/01/19,WH017,Processing,Debit Card
ORD000656,CUST01784,31 Mar 2023,WH012,Cancelled,Debit Card
ORD000657,CUST02016,01/10/2022,WH009,Shipped,COD
ORD000658,CUST03890,05 Jun 2023,WH005,Cancelled,cod
ORD000659,CUST03591,2023-06-06,WH010,Returned,Debit Card
ORD000660,CUST03470,24 Sep 2023,WH011,PENDING,cod
ORD000661,CUST02440,07/17/2024,WH016,Shipped,Cash on Delivery
ORD000662,CUST03094,18/02/2022,WH016,Shipped,UPI
ORD000663,CUST01882,0000-00-00,WH015,Delivered,Net Banking
ORD000664,CUST01326,19-12-2022,WH014,PROCESSING,Net Banking
ORD000665,CUST03631,2023-08-24,WH005,Delivered,Debit Card
ORD000666,CUST01997,2024-03-19,WH015,processing,Cash on Delivery
ORD000667,CUST03138,2023/07/10,WH015,cancelled,cod
ORD000668,CUST01626,02/28/2024,WH014,Pending,Debit Card
ORD000669,CUST00491,01/11/2022,WH009,Processing,Cash on Delivery
ORD000670,CUST03475,02/06/2023,WH002,PROCESSING,Cash on Delivery
ORD000671,CUST03230,08 Dec 2022,WH012,Delivered,COD
ORD000672,CUST00356,04-02-2024,WH014,PROCESSING,cod
ORD000673,CUST02739,2023/01/24,WH013,Shipped,UPI
ORD000674,CUST01091,19-08-2024,WH008,Shipped,Cash on Delivery
ORD000675,CUST00221,07-08-2024,WH018,Cancelled,COD
ORD000676,CUST03466,10/08/2022,WH009,DELIVERED,Debit Card
ORD000677,CUST02824,12/07/2024,WH017,processing,Credit Card
ORD000678,CUST03452,06/01/2022,WH001,Cancelled,Net Banking
ORD000679,CUST01308,04/28/2023,WH015,PENDING,UPI
ORD000680,CUST01402,,WH016,Shipped,Cash on Delivery
ORD000681,CUST00308,0000-00-00,WH005,Delivered,Debit Card
ORD000682,CUST01734,2024-09-13,WH017,Cancelled,COD
ORD000683,CUST01562,02/17/2023,WH008,RETURNED,Debit Card
ORD000684,CUST03298,10-09-2023,WH015,Cancelled,Credit Card
ORD000685,CUST01876,01/23/2024,WH008,shipped,Cash on Delivery
ORD000686,CUST01265,11 Sep 2024,WH012,CANCELLED,cod
ORD000687,CUST01875,27/04/2022,WH007,PROCESSING,Debit Card
ORD000688,CUST02532,01/04/2024,WH011,Processing,COD
ORD000689,CUST00043,2023-12-26,WH018,Cancelled,Credit Card
ORD000690,CUST02126,2024-07-28,WH002,Shipped,UPI
ORD000691,CUST01606,2024-05-07,WH003,DELIVERED,Credit Card
ORD000692,CUST01522,2022-10-10,WH015,Returned,Credit Card
ORD000693,CUST03659,27 Dec 2024,WH014,Shipped,cod
ORD000694,CUST00351,2024-02-27,WH005,returned,UPI
ORD000695,CUST01797,01-03-2022,WH012,Cancelled,Cash on Delivery
ORD000696,CUST00259,2023/02/10,WH011,Cancelled,Net Banking
ORD000697,CUST00805,21-04-2023,WH007,PROCESSING,Net Banking
ORD000698,CUST01421,2024/04/02,WH008,delivered,Cash on Delivery
ORD000699,CUST02124,2024/01/20,WH014,Returned,Net Banking
ORD000700,CUST02842,2023/02/19,WH015,Pending,Cash on Delivery
ORD000701,CUST02190,2022/03/08,WH017,Processing,COD
ORD000702,CUST01788,2022/08/31,WH013,Shipped,COD
ORD000703,CUST02263,2024-02-15,WH009,Returned,Credit Card
ORD000704,CUST02662,08/06/2023,WH005,PENDING,COD
ORD000705,CUST00020,14/04/2022,WH012,Returned,Debit Card
ORD000706,CUST02605,07-12-2024,WH001,Pending,Cash on Delivery
ORD000707,CUST00709,05-07-2024,WH008,Pending,Cash on Delivery
ORD000708,CUST00067,22/07/2024,WH002,Cancelled,Debit Card
ORD000709,CUST00330,2024-08-23,WH006,Cancelled,Credit Card
ORD000710,CUST02903,10/30/2023,WH014,Pending,Credit Card
ORD000711,CUST02969,2022/10/11,WH007,Cancelled,Net Banking
ORD000712,CUST01394,04/08/2022,WH003,RETURNED,COD
ORD000713,CUST03154,2022-10-18,WH015,Shipped,Debit Card
ORD000714,CUST02001,15-07-2022,WH008,returned,Cash on Delivery
ORD000715,CUST01144,02-02-2022,WH011,Returned,Net Banking
ORD000716,CUST00759,13/10/2022,WH013,Cancelled,Debit Card
ORD000717,CUST03574,02/10/2024,WH008,Returned,Credit Card
ORD000718,CUST01734,24 Oct 2024,WH003,SHIPPED,Debit Card
ORD000719,CUST00759,2024/08/25,WH002,Pending,cod
ORD000720,CUST02557,02/05/2023,WH003,Processing,Credit Card
ORD000721,CUST01020,24-11-2022,WH008,Returned,Debit Card
ORD000722,CUST01053,2023-07-27,WH015,Processing,cod
ORD000723,CUST01379,12/21/2024,WH011,RETURNED,Cash on Delivery
ORD000724,CUST03242,23-02-2024,WH015,Pending,Credit Card
ORD000725,CUST03112,02-02-2022,WH001,Shipped,Credit Card
ORD000726,CUST01195,21-01-2022,WH003,Processing,COD
ORD000727,CUST02296,23/01/2023,WH005,Pending,Net Banking
ORD000728,CUST00484,2024/12/16,WH003,Returned,UPI
ORD000729,CUST02607,2023/11/15,WH002,SHIPPED,cod
ORD000730,CUST01908,20 May 2022,WH007,Processing,Net Banking
ORD000731,CUST03274,2023-12-12,WH013,Delivered,Debit Card
ORD000732,CUST01275,25/04/2024,WH016,Shipped,Debit Card
ORD000733,CUST02210,19/06/2024,WH016,Shipped,Net Banking
ORD000734,CUST02245,2024/09/22,WH002,Cancelled,Debit Card
ORD000735,CUST00419,03-02-2022,WH017,Returned,COD
ORD000736,CUST02479,13 Feb 2023,WH016,returned,cod
ORD000737,CUST02928,0000-00-00,WH011,Cancelled,Net Banking
ORD000738,CUST03739,12/18/2022,WH013,cancelled,UPI
ORD000739,CUST03692,2022-01-16,WH012,Shipped,COD
ORD000740,CUST00037,2023/07/05,WH014,PENDING,Credit Card
ORD000741,CUST00095,01 Dec 2023,WH001,delivered,Cash on Delivery
ORD000742,CUST01112,10/21/2022,WH015,DELIVERED,Net Banking
ORD000743,CUST00039,17/05/2023,WH011,Processing,Credit Card
ORD000744,CUST00963,06/17/2023,WH006,PROCESSING,cod
ORD000745,CUST01333,16/07/2022,WH011,Returned,Net Banking
ORD000746,CUST02353,2024/05/17,WH012,Cancelled,Debit Card
ORD000747,CUST03250,13 Nov 2024,WH009,Pending,Cash on Delivery
ORD000748,CUST02506,08-10-2024,WH005,Cancelled,cod
ORD000749,CUST02127,25 Oct 2024,WH001,pending,COD
ORD000750,CUST01279,,WH005,PROCESSING,Debit Card
ORD000751,CUST03909,2024/11/24,WH001,Processing,Debit Card
ORD000752,CUST00186,12/21/2022,WH011,SHIPPED,UPI
ORD000753,CUST02399,10/29/2024,WH011,PENDING,Credit Card
ORD000754,CUST00483,2022/09/06,WH015,Returned,Cash on Delivery
ORD000755,CUST02132,06/26/2022,WH014,Pending,Debit Card
ORD000756,CUST02081,14-10-2022,WH006,Shipped,cod
ORD000757,CUST03318,2023-09-16,WH010,Cancelled,Credit Card
ORD000758,CUST03925,2024-01-24,WH015,DELIVERED,COD
ORD000759,CUST02524,09/26/2023,WH003,processing,Debit Card
ORD000760,CUST03502,2023-03-24,WH003,Shipped,Debit Card
ORD000761,CUST02866,27 Aug 2024,WH002,Processing,cod
ORD000762,CUST03421,2022-04-30,WH016,Shipped,Net Banking
ORD000763,CUST02795,2022-05-25,WH014,Processing,COD
ORD000764,CUST00137,2022/04/16,WH011,returned,cod
ORD000765,CUST01206,03-10-2022,WH017,Shipped,Net Banking
ORD000766,CUST03661,04/06/2022,WH004,Cancelled,Net Banking
ORD000767,CUST00665,10 Dec 2024,WH008,Shipped,UPI
ORD000768,CUST02259,11/08/2022,WH008,Shipped,Net Banking
ORD000769,CUST00916,2023-01-19,WH007,RETURNED,Cash on Delivery
ORD000770,CUST02421,18 Jun 2024,WH012,CANCELLED,Cash on Delivery
ORD000771,CUST02474,01/08/2023,WH010,PENDING,cod
ORD000772,CUST00558,25-06-2024,WH012,Pending,Credit Card
ORD000773,CUST01714,18-10-2024,WH014,Shipped,Credit Card
ORD000774,CUST01775,2023/08/07,WH009,Processing,Net Banking
ORD000775,CUST00554,23 Oct 2023,WH016,Cancelled,Cash on Delivery
ORD000776,CUST02046,03-08-2022,WH010,Returned,Cash on Delivery
ORD000777,CUST01629,06/03/2023,WH014,Delivered,Credit Card
ORD000778,CUST01493,2024-07-27,WH016,Pending,cod
ORD000779,CUST01120,2024-01-16,WH013,Delivered,UPI
ORD000780,CUST01861,2023-09-25,WH003,RETURNED,UPI
ORD000781,CUST01559,01-03-2022,WH011,shipped,UPI
ORD000782,CUST00714,08/05/2024,WH013,Returned,COD
ORD000783,CUST01334,05/01/2023,WH004,Returned,Net Banking
ORD000784,CUST02781,2024-06-10,WH003,Cancelled,Cash on Delivery
ORD000785,CUST02346,24-07-2023,WH012,Pending,Debit Card
ORD000786,CUST03258,23/01/2022,WH012,PROCESSING,cod
ORD000787,CUST02899,,WH016,SHIPPED,cod
ORD000788,CUST02305,09/22/2022,WH001,processing,COD
ORD000789,CUST01602,09 Apr 2022,WH015,Cancelled,Debit Card
ORD000790,CUST03794,2022-12-27,WH014,Shipped,Credit Card
ORD000791,CUST02237,12/20/2022,WH012,Processing,Credit Card
ORD000792,CUST02208,21 Dec 2024,WH003,CANCELLED,cod
ORD000793,CUST00885,11/28/2024,WH003,Shipped,Net Banking
ORD000794,CUST03096,2022/12/11,WH016,returned,Cash on Delivery
ORD000795,CUST02231,08/21/2024,WH006,Processing,Debit Card
ORD000796,CUST01118,22/02/2024,WH011,Delivered,COD
ORD000797,CUST03807,28/01/2024,WH007,Delivered,Net Banking
ORD000798,CUST03676,12/08/2024,WH011,Shipped,COD
ORD000799,CUST02561,04/01/2023,WH018,Pending,UPI
ORD000800,CUST02761,2022/10/22,WH005,RETURNED,Credit Card
ORD000801,CUST03904,18 Jan 2023,WH005,returned,Credit Card
ORD000802,CUST01053,2024/09/10,WH015,Processing,COD
ORD000803,CUST00865,20/04/2023,WH012,Returned,Cash on Delivery
ORD000804,CUST02756,26 Sep 2024,WH017,Delivered,Debit Card
ORD000805,CUST03075,2022/08/03,WH004,Returned,Net Banking
ORD000806,CUST02751,08-10-2023,WH017,Pending,cod
ORD000807,CUST01554,22-11-2024,WH006,Returned,Debit Card
ORD000808,CUST03818,0000-00-00,WH016,Cancelled,Net Banking
ORD000809,CUST02646,11/01/2024,WH011,DELIVERED,Net Banking
ORD000810,CUST01772,20-04-2022,WH009,cancelled,cod
ORD000811,CUST03047,07-12-2023,WH010,Cancelled,Credit Card
ORD000812,CUST03468,06 Jul 2022,WH006,Pending,Debit Card
ORD000813,CUST02773,2022/08/01,WH009,Pending,Credit Card
ORD000814,CUST03337,02/11/2022,WH014,PENDING,COD
ORD000815,CUST01357,29-10-2024,WH002,SHIPPED,Credit Card
ORD000816,CUST02585,2022/12/07,WH004,PENDING,COD
ORD000817,CUST03835,2022-11-16,WH010,Returned,Debit Card
ORD000818,CUST03329,19 Apr 2023,WH011,pending,COD
ORD000819,CUST03163,21-04-2022,WH014,processing,Net Banking
ORD000820,CUST00196,24/11/2023,WH018,processing,cod
ORD000821,CUST01027,14-08-2023,WH001,Pending,UPI
ORD000822,CUST01729,20 Oct 2023,WH009,Pending,Credit Card
ORD000823,CUST02803,11 Jul 2024,WH016,Shipped,COD
ORD000824,CUST02369,03 Aug 2023,WH014,Cancelled,Credit Card
ORD000825,CUST02694,2022-10-15,WH015,Processing,Debit Card
ORD000826,CUST02749,,WH015,PENDING,UPI
ORD000827,CUST02600,2023/09/07,WH015,Pending,cod
ORD000828,CUST02451,0000-00-00,WH007,Processing,Cash on Delivery
ORD000829,CUST00598,04/20/2022,WH018,Processing,COD
ORD000830,CUST03599,2023/12/12,WH013,Shipped,Debit Card
ORD000831,CUST02182,2024/11/22,WH017,Delivered,cod
ORD000832,CUST00981,2022/05/04,WH010,Pending,UPI
ORD000833,CUST02424,15/03/2022,WH001,Pending,Net Banking
ORD000834,CUST02368,,WH006,Delivered,Net Banking
ORD000835,CUST01819,,WH003,Returned,Cash on Delivery
ORD000836,CUST01634,06/01/2024,WH017,Processing,Debit Card
ORD000837,CUST03798,17-06-2022,WH018,Returned,Credit Card
ORD000838,CUST03663,06/10/2024,WH012,Cancelled,Debit Card
ORD000839,CUST02262,2024/10/29,WH009,Pending,Credit Card
ORD000840,CUST00758,05/01/2023,WH017,Delivered,Debit Card
ORD000841,CUST03209,08/16/2023,WH014,Delivered,Cash on Delivery
ORD000842,CUST03600,25/07/2023,WH003,RETURNED,Credit Card
ORD000843,CUST03621,28-06-2022,WH005,returned,COD
ORD000844,CUST00595,02 Mar 2022,WH006,RETURNED,Net Banking
ORD000845,CUST03859,2023/03/12,WH010,Cancelled,Debit Card
ORD000846,CUST01778,05/16/2023,WH018,PENDING,Net Banking
ORD000847,CUST01766,27-06-2024,WH013,Cancelled,Credit Card
ORD000848,CUST03774,10 Sep 2023,WH003,Processing,Debit Card
ORD000849,CUST02762,02 Jan 2022,WH011,shipped,Credit Card
ORD000850,CUST03384,03/17/2022,WH004,Processing,Net Banking
ORD000851,CUST00340,11/23/2024,WH018,pending,Debit Card
ORD000852,CUST03412,2024-11-01,WH003,shipped,Net Banking
ORD000853,CUST01097,2024/07/08,WH013,Cancelled,cod
ORD000854,CUST00073,24/09/2022,WH016,Processing,Cash on Delivery
ORD000855,CUST02002,14-09-2023,WH015,Returned,Debit Card
ORD000856,CUST00214,11/05/2022,WH009,Pending,Net Banking
ORD000857,CUST03420,2024-02-24,WH007,Shipped,Net Banking
ORD000858,CUST00293,16 Oct 2023,WH004,CANCELLED,Credit Card
ORD000859,CUST01284,2022/08/13,WH015,Delivered,Debit Card
ORD000860,CUST00889,08/13/2023,WH005,returned,Credit Card
ORD000861,CUST00985,15-06-2023,WH011,Processing,UPI
ORD000862,CUST01903,12-07-2023,WH015,Processing,cod
ORD000863,CUST02272,30 Sep 2022,WH002,Delivered,UPI
ORD000864,CUST00688,16 Sep 2024,WH006,Processing,COD
ORD000865,CUST01562,2023-10-21,WH001,Cancelled,Net Banking
ORD000866,CUST01647,2024-12-13,WH013,Processing,Credit Card
ORD000867,CUST00975,28 Jan 2024,WH018,Delivered,cod
ORD000868,CUST02808,2022-04-15,WH014,Cancelled,COD
ORD000869,CUST03120,2023-01-16,WH004,Shipped,Net Banking
ORD000870,CUST03004,2023/03/14,WH018,delivered,Credit Card
ORD000871,CUST02495,25-04-2023,WH016,Returned,Debit Card
ORD000872,CUST00468,2024-10-19,WH017,Cancelled,Debit Card
ORD000873,CUST00811,08/14/2022,WH014,PROCESSING,Credit Card
ORD000874,CUST03381,07/28/2022,WH011,SHIPPED,UPI
ORD000875,CUST02511,2024-11-07,WH015,DELIVERED,Net Banking
ORD000876,CUST02705,2023-11-02,WH012,Delivered,COD
ORD000877,CUST02167,27 Apr 2022,WH011,SHIPPED,Cash on Delivery
ORD000878,CUST00537,27/06/2023,WH007,Pending,Debit Card
ORD000879,CUST00863,21-06-2022,WH006,PENDING,UPI
ORD000880,CUST02111,20-02-2023,WH008,PENDING,Credit Card
ORD000881,CUST00554,2024-10-03,WH014,Pending,Cash on Delivery
ORD000882,CUST02760,,WH010,Cancelled,COD
ORD000883,CUST02104,,WH015,Pending,COD
ORD000884,CUST02288,19/02/2024,WH016,Returned,UPI
ORD000885,CUST01189,01/27/2023,WH008,processing,COD
ORD000886,CUST00162,31-05-2022,WH017,Pending,Credit Card
ORD000887,CUST03554,0000-00-00,WH007,CANCELLED,COD
ORD000888,CUST00247,06-02-2024,WH004,Delivered,Net Banking
ORD000889,CUST03164,2023/08/13,WH012,Pending,Net Banking
ORD000890,CUST03564,2023/05/09,WH001,Shipped,UPI
ORD000891,CUST03213,12-12-2022,WH015,Shipped,Debit Card
ORD000892,CUST00535,0000-00-00,WH005,pending,Cash on Delivery
ORD000893,CUST01239,,WH016,processing,Credit Card
ORD000894,CUST00972,26 Jun 2023,WH001,Returned,cod
ORD000895,CUST03498,04/01/2024,WH013,Processing,COD
ORD000896,CUST02147,23-06-2024,WH003,Shipped,Credit Card
ORD000897,CUST03215,2023-09-03,WH006,pending,Debit Card
ORD000898,CUST00836,2022-07-11,WH008,Shipped,cod
ORD000899,CUST01186,0000-00-00,WH011,CANCELLED,Credit Card
ORD000900,CUST00815,0000-00-00,WH017,CANCELLED,COD
ORD000901,CUST01856,13/04/2022,WH001,Pending,Debit Card
ORD000902,CUST00344,04-06-2024,WH001,Cancelled,COD
ORD000903,CUST00480,14-12-2024,WH016,processing,UPI
ORD000904,CUST01436,12/23/2023,WH014,SHIPPED,Net Banking
ORD000905,CUST02404,2024/09/30,WH013,SHIPPED,cod
ORD000906,CUST02691,19/06/2024,WH013,CANCELLED,cod
ORD000907,CUST03886,07/16/2023,WH005,Delivered,Debit Card
ORD000908,CUST03873,0000-00-00,WH008,delivered,cod
ORD000909,CUST02164,25-09-2023,WH006,returned,UPI
ORD000910,CUST03769,,WH009,Shipped,Cash on Delivery
ORD000911,CUST02572,03-11-2024,WH012,cancelled,COD
ORD000912,CUST02233,2022-11-01,WH003,shipped,cod
ORD000913,CUST00372,07 Jan 2024,WH003,processing,UPI
ORD000914,CUST03761,06 Mar 2022,WH007,shipped,Credit Card
ORD000915,CUST01504,24-11-2024,WH009,Shipped,cod
ORD000916,CUST51132,04/23/2024,WH018,pending,Credit Card
ORD000917,CUST02572,2024/02/26,WH005,Shipped,UPI
ORD000918,CUST03918,2024/01/16,WH014,Delivered,UPI
ORD000919,CUST03360,2023-04-15,WH011,PENDING,UPI
ORD000920,CUST01150,31-08-2023,WH015,Returned,COD
ORD000921,CUST02372,24-07-2023,WH013,Delivered,Net Banking
ORD000922,CUST01717,,WH010,Cancelled,COD
ORD000923,CUST02005,10-05-2022,WH006,Cancelled,Credit Card
ORD000924,CUST02613,07/05/2024,WH003,Delivered,Credit Card
ORD000925,CUST03649,03 Feb 2023,WH005,Processing,COD
ORD000926,CUST02569,2022-02-02,WH002,Returned,Cash on Delivery
ORD000927,CUST02604,2024/03/04,WH011,processing,Credit Card
ORD000928,CUST02935,23 Oct 2022,WH014,Delivered,Net Banking
ORD000929,CUST00743,2022/09/03,WH016,Pending,Debit Card
ORD000930,CUST00591,23-04-2024,WH014,Cancelled,Cash on Delivery
ORD000931,CUST02378,10/24/2023,WH014,Pending,Net Banking
ORD000932,CUST02806,03/24/2024,WH008,Cancelled,Cash on Delivery
ORD000933,CUST01432,29 Jun 2024,WH004,Delivered,cod
ORD000934,CUST00537,,WH004,Returned,COD
ORD000935,CUST00892,2024/07/22,WH009,Cancelled,Debit Card
ORD000936,CUST02955,02/29/2024,WH017,Delivered,Debit Card
ORD000937,CUST02999,2024/03/28,WH010,DELIVERED,Net Banking
ORD000938,CUST03995,0000-00-00,WH018,Shipped,cod
ORD000939,CUST02406,22/10/2023,WH014,shipped,COD
ORD000940,CUST03199,05-12-2023,WH004,PENDING,Debit Card
ORD000941,CUST02705,07/07/2023,WH006,Delivered,cod
ORD000942,CUST03502,02/12/2023,WH004,Processing,Debit Card
ORD000943,CUST01415,15 Dec 2024,WH013,PENDING,Cash on Delivery
ORD000944,CUST00284,30/05/2023,WH003,Processing,Cash on Delivery
ORD000945,CUST03230,08 Oct 2022,WH018,Shipped,UPI
ORD000946,CUST01445,2022-10-05,WH015,Delivered,Net Banking
ORD000947,CUST02659,07-09-2024,WH013,Processing,Debit Card
ORD000948,CUST02019,06-04-2022,WH008,shipped,UPI
ORD000949,CUST01883,2024-07-25,WH005,PENDING,COD
ORD000950,CUST00244,30 Nov 2022,WH010,Processing,cod
ORD000951,CUST00388,2024-08-24,WH004,Cancelled,Debit Card
ORD000952,CUST03715,29/06/2024,WH002,PENDING,Cash on Delivery
ORD000953,CUST00697,09/30/2024,WH004,Cancelled,Cash on Delivery
ORD000954,CUST02673,07/05/2022,WH012,Cancelled,Debit Card
ORD000955,CUST01117,01/03/2024,WH011,Pending,Credit Card
ORD000956,CUST56793,11/24/2022,WH017,Processing,Debit Card
ORD000957,CUST02703,2023-09-26,WH006,Returned,COD
ORD000958,CUST01926,31-05-2022,WH007,pending,Net Banking
ORD000959,CUST03981,14-05-2023,WH004,Delivered,COD
ORD000960,CUST00214,09 Aug 2023,WH011,processing,Net Banking
ORD000961,CUST03283,10 Feb 2022,WH009,RETURNED,Net Banking
ORD000962,CUST00164,2023-04-08,WH016,Returned,Cash on Delivery
ORD000963,CUST01372,2022-11-26,WH015,cancelled,Net Banking
ORD000964,CUST53436,03/02/2022,WH011,Cancelled,Net Banking
ORD000965,CUST01192,2024-02-24,WH005,cancelled,Credit Card
ORD000966,CUST01697,27 Sep 2024,WH009,Delivered,cod
ORD000967,CUST00438,28-06-2023,WH010,Processing,Credit Card
ORD000968,CUST02236,2023/10/10,WH018,Pending,Debit Card
ORD000969,CUST01407,13 Apr 2023,WH015,Shipped,Debit Card
ORD000970,CUST01571,11 Oct 2024,WH016,returned,Cash on Delivery
ORD000971,CUST03115,27-06-2022,WH002,Delivered,Net Banking
ORD000972,CUST02442,12/22/2023,WH001,CANCELLED,cod
ORD000973,CUST01077,2024/11/02,WH015,DELIVERED,cod
ORD000974,CUST03849,2023-04-07,WH018,shipped,cod
ORD000975,CUST00189,27 Aug 2022,WH009,RETURNED,COD
ORD000976,CUST01565,02/16/2022,WH017,Returned,UPI
ORD000977,CUST03429,2024-02-28,WH009,Cancelled,Cash on Delivery
ORD000978,CUST00463,25 May 2024,WH002,Shipped,Debit Card
ORD000979,CUST03121,06-03-2023,WH018,Pending,COD
ORD000980,CUST01878,2024-10-14,WH005,CANCELLED,COD
ORD000981,CUST02613,13 May 2022,WH018,PENDING,cod
ORD000982,CUST02527,2024/06/22,WH016,Cancelled,Net Banking
ORD000983,CUST03742,2024-08-23,WH004,shipped,cod
ORD000984,CUST03902,10/13/2024,WH005,delivered,Credit Card
ORD000985,CUST02529,11/06/2024,WH018,Cancelled,UPI
ORD000986,CUST02401,,WH013,Cancelled,cod
ORD000987,CUST02324,09-10-2024,WH012,Delivered,Credit Card
ORD000988,CUST03611,,WH009,Shipped,Cash on Delivery
ORD000989,CUST00838,13 Jan 2022,WH001,Processing,COD
ORD000990,CUST01239,20-10-2023,WH018,Processing,cod
ORD000991,CUST01129,10-05-2022,WH015,Returned,UPI
ORD000992,CUST01849,20-07-2022,WH017,Pending,Debit Card
ORD000993,CUST02338,2022/08/29,WH013,returned,UPI
ORD000994,CUST03343,2023/06/19,WH014,returned,Debit Card
ORD000995,CUST02933,2022/02/13,WH009,PENDING,cod
ORD000996,CUST02517,2023-10-03,WH018,Returned,Cash on Delivery
ORD000997,CUST01192,17/01/2023,WH009,Processing,cod
ORD000998,CUST00959,2023/01/10,WH011,Returned,UPI
ORD000999,CUST02282,2023/11/15,WH005,Returned,cod
ORD001000,CUST03673,10/23/2024,WH006,Delivered,Credit Card
ORD001001,CUST03246,07/21/2022,WH002,Delivered,COD
ORD001002,CUST00313,23/12/2023,WH015,Delivered,COD
ORD001003,CUST03257,21-10-2022,WH005,PROCESSING,cod
ORD001004,CUST03607,27/10/2023,WH017,Returned,Cash on Delivery
ORD001005,CUST03691,2023/03/27,WH016,PROCESSING,Debit Card
ORD001006,CUST01471,05/10/2022,WH013,Shipped,cod
ORD001007,CUST00449,02 May 2023,WH011,Shipped,cod
ORD001008,CUST03289,09/07/2022,WH015,Shipped,Credit Card
ORD001009,CUST01991,10/28/2024,WH007,Cancelled,Debit Card
ORD001010,CUST00395,01/11/2023,WH016,Cancelled,Debit Card
ORD001011,CUST03681,12/24/2024,WH010,Processing,Cash on Delivery
ORD001012,CUST01464,2022-07-26,WH018,PROCESSING,UPI
ORD001013,CUST03944,21-10-2023,WH017,Cancelled,Cash on Delivery
ORD001014,CUST03999,2023-03-10,WH001,Shipped,Debit Card
ORD001015,CUST03393,10/12/2023,WH010,delivered,cod
ORD001016,CUST02790,2022/01/01,WH004,Cancelled,UPI
ORD001017,CUST02722,02-05-2024,WH002,RETURNED,COD
ORD001018,CUST02197,01-11-2024,WH011,Delivered,Credit Card
ORD001019,CUST03903,15 Aug 2023,WH013,Processing,UPI
ORD001020,CUST03138,12/22/2022,WH006,DELIVERED,cod
ORD001021,CUST00699,2022-03-02,WH003,Returned,cod
ORD001022,CUST02090,2023/10/05,WH001,PROCESSING,Net Banking
ORD001023,CUST01640,10/23/2023,WH002,DELIVERED,Net Banking
ORD001024,CUST02809,18 Mar 2022,WH006,shipped,cod
ORD001025,CUST03609,09/24/2023,WH009,Cancelled,Credit Card
ORD001026,CUST00078,04/15/2022,WH012,CANCELLED,Cash on Delivery
ORD001027,CUST00843,20-05-2023,WH003,Pending,Credit Card
ORD001028,CUST02063,13 Oct 2022,WH003,Returned,COD
ORD001029,CUST00451,16/11/2022,WH010,Pending,UPI
ORD001030,CUST03861,0000-00-00,WH016,Delivered,Debit Card
ORD001031,CUST01154,02/12/2024,WH011,Shipped,Credit Card
ORD001032,CUST00569,21-07-2024,WH010,Shipped,Cash on Delivery
ORD001033,CUST00475,27/07/2022,WH013,Processing,UPI
ORD001034,CUST00098,04/23/2022,WH011,Shipped,COD
ORD001035,CUST02597,2022-05-02,WH015,Shipped,UPI
ORD001036,CUST00779,03/26/2023,WH001,shipped,Credit Card
ORD001037,CUST00584,16-03-2023,WH017,processing,UPI
ORD001038,CUST02347,11-10-2023,WH015,Processing,cod
ORD001039,CUST00594,25-06-2022,WH002,Shipped,Cash on Delivery
ORD001040,CUST55235,30/03/2022,WH005,PROCESSING,cod
ORD001041,CUST02310,14-03-2024,WH006,Returned,UPI
ORD001042,CUST01669,2024-10-17,WH016,Delivered,Net Banking
ORD001043,CUST00715,06/01/2024,WH011,Shipped,Net Banking
ORD001044,CUST01636,30 Jul 2022,WH012,Cancelled,UPI
ORD001045,CUST02716,01 Feb 2022,WH009,Processing,UPI
ORD001046,CUST02945,13/12/2024,WH005,Returned,Debit Card
ORD001047,CUST02143,2024/05/25,WH013,Delivered,cod
ORD001048,CUST03491,28 Apr 2022,WH001,Cancelled,UPI
ORD001049,CUST03317,01-05-2024,WH003,Returned,Credit Card
ORD001050,CUST00471,03/06/2024,WH015,Cancelled,cod
ORD001051,CUST01683,19/11/2022,WH009,Pending,UPI
ORD001052,CUST03885,08 Jun 2024,WH011,Processing,Net Banking
ORD001053,CUST00400,31 Jan 2024,WH008,Returned,Cash on Delivery
ORD001054,CUST03861,2022/08/29,WH010,Shipped,UPI
ORD001055,CUST01212,22-08-2022,WH006,Delivered,cod
ORD001056,CUST03045,26/04/2024,WH001,Delivered,Credit Card
ORD001057,CUST00725,2022-08-12,WH010,SHIPPED,COD
ORD001058,CUST02410,,WH008,Returned,UPI
ORD001059,CUST02825,2024-04-20,WH014,Delivered,Cash on Delivery
ORD001060,CUST02659,2022-04-15,WH007,shipped,Debit Card
ORD001061,CUST01562,2023-12-30,WH016,shipped,COD
ORD001062,CUST00292,25-04-2024,WH016,Cancelled,COD
ORD001063,CUST01751,2022-09-29,WH013,Shipped,Credit Card
ORD001064,CUST02064,12 Mar 2022,WH007,returned,Net Banking
ORD001065,CUST01630,02/08/2023,WH001,Pending,UPI
ORD001066,CUST00298,03-04-2024,WH017,Shipped,Debit Card
ORD001067,CUST02877,2022-05-18,WH006,RETURNED,COD
ORD001068,CUST03769,2022-06-23,WH015,Cancelled,COD
ORD001069,CUST02155,2024-09-25,WH015,Pending,cod
ORD001070,CUST02033,15-06-2024,WH013,Cancelled,Credit Card
ORD001071,CUST02927,03/08/2023,WH009,Processing,Credit Card
ORD001072,CUST01172,12-09-2024,WH011,Returned,Cash on Delivery
ORD001073,CUST00884,2022-08-27,WH017,Delivered,cod
ORD001074,CUST01500,13-07-2023,WH009,Processing,Net Banking
ORD001075,CUST00143,2022-08-10,WH010,PENDING,Cash on Delivery
ORD001076,CUST01767,2024-02-01,WH005,cancelled,UPI
ORD001077,CUST01769,28-07-2023,WH007,delivered,COD
ORD001078,CUST03333,16 Oct 2023,WH004,shipped,cod
ORD001079,CUST02385,2023/04/04,WH007,CANCELLED,Credit Card
ORD001080,CUST01429,24-03-2023,WH003,pending,cod
ORD001081,CUST02949,06/06/2024,WH004,Processing,Cash on Delivery
ORD001082,CUST00346,28-08-2024,WH010,Shipped,Debit Card
ORD001083,CUST00885,21/03/2023,WH006,returned,Net Banking
ORD001084,CUST03772,25 Jun 2024,WH004,Pending,cod
ORD001085,CUST01514,04/03/2024,WH005,pending,cod
ORD001086,CUST03459,2022-08-06,WH018,Cancelled,Debit Card
ORD001087,CUST03142,08 Sep 2024,WH014,Processing,Debit Card
ORD001088,CUST01599,09/12/2022,WH005,Cancelled,Credit Card
ORD001089,CUST01443,2024/03/27,WH005,Cancelled,COD
ORD001090,CUST00205,2022-04-19,WH008,RETURNED,cod
ORD001091,CUST02097,0000-00-00,WH004,Cancelled,Credit Card
ORD001092,CUST02034,19 Aug 2024,WH008,CANCELLED,UPI
ORD001093,CUST02972,08-01-2022,WH005,Delivered,Net Banking
ORD001094,CUST03888,2022-06-13,WH014,Pending,Debit Card
ORD001095,CUST02108,17 Apr 2022,WH015,Cancelled,Credit Card
ORD001096,CUST01779,06/09/2023,WH003,PENDING,Net Banking
ORD001097,CUST01092,2024/12/08,WH018,pending,UPI
ORD001098,CUST00558,2022/04/30,WH009,Pending,Cash on Delivery
ORD001099,CUST03491,25/10/2024,WH014,returned,COD
ORD001100,CUST01352,07-10-2024,WH014,Cancelled,Net Banking
ORD001101,CUST00705,07 Jul 2023,WH003,Pending,Net Banking
ORD001102,CUST00363,02/17/2024,WH018,DELIVERED,Cash on Delivery
ORD001103,CUST01601,10/30/2023,WH017,Pending,UPI
ORD001104,CUST03763,01/03/2022,WH010,Processing,COD
ORD001105,CUST03616,08/06/2024,WH008,Processing,Debit Card
ORD001106,CUST00757,30/11/2024,WH016,DELIVERED,Credit Card
ORD001107,CUST00859,09/02/2024,WH006,processing,Cash on Delivery
ORD001108,CUST00267,22 Jan 2022,WH018,processing,COD
ORD001109,CUST00466,01-10-2023,WH015,Delivered,cod
ORD001110,CUST03847,06-02-2024,WH015,pending,Debit Card
ORD001111,CUST00136,14 Jul 2022,WH004,Pending,COD
ORD001112,CUST02498,,WH016,Processing,cod
ORD001113,CUST00796,05 Jan 2024,WH006,Shipped,UPI
ORD001114,CUST02448,2023-03-16,WH017,Processing,Net Banking
ORD001115,CUST00290,05/12/2024,WH004,processing,UPI
ORD001116,CUST02493,16/04/2022,WH010,CANCELLED,COD
ORD001117,CUST53025,05/07/2023,WH005,Processing,Cash on Delivery
ORD001118,CUST02427,2023-02-14,WH008,Processing,Net Banking
ORD001119,CUST03207,29 Jan 2023,WH017,PROCESSING,Cash on Delivery
ORD001120,CUST03012,15 Jul 2024,WH015,shipped,Net Banking
ORD001121,CUST00100,2022-10-12,WH016,Cancelled,COD
ORD001122,CUST03885,07 Aug 2023,WH013,Processing,Credit Card
ORD001123,CUST03910,03/06/2024,WH004,Returned,Cash on Delivery
ORD001124,CUST01109,27-11-2022,WH004,Cancelled,UPI
ORD001125,CUST03965,2024/11/25,WH002,Returned,Debit Card
ORD001126,CUST01033,2023-10-15,WH005,DELIVERED,COD
ORD001127,CUST03303,30-09-2023,WH014,Shipped,Debit Card
ORD001128,CUST03051,01 Jun 2023,WH005,CANCELLED,Net Banking
ORD001129,CUST01914,08/02/2024,WH002,Pending,cod
ORD001130,CUST01915,10 Sep 2022,WH008,Cancelled,Debit Card
ORD001131,CUST03303,2024/04/12,WH011,Delivered,UPI
ORD001132,CUST01672,12 Jan 2023,WH013,Pending,COD
ORD001133,CUST01396,2022-03-24,WH006,Cancelled,Net Banking
ORD001134,CUST03210,07/17/2023,WH001,PROCESSING,cod
ORD001135,CUST03982,25/02/2022,WH015,SHIPPED,UPI
ORD001136,CUST01999,06/05/2023,WH002,Pending,cod
ORD001137,CUST01436,07-07-2023,WH009,Returned,COD
ORD001138,CUST02362,03 Jun 2023,WH018,Returned,Net Banking
ORD001139,CUST52901,01/31/2022,WH015,CANCELLED,UPI
ORD001140,CUST02978,05-02-2024,WH011,Returned,Net Banking
ORD001141,CUST01083,2023-03-19,WH008,processing,COD
ORD001142,CUST02832,05/03/2023,WH016,Delivered,Debit Card
ORD001143,CUST02512,15-11-2024,WH012,CANCELLED,UPI
ORD001144,CUST02634,22 Jan 2023,WH009,CANCELLED,Cash on Delivery
ORD001145,CUST01604,30 Jun 2022,WH013,SHIPPED,Cash on Delivery
ORD001146,CUST00494,01/11/2022,WH011,Delivered,Debit Card
ORD001147,CUST03527,2023/03/04,WH006,Processing,Net Banking
ORD001148,CUST00930,09/08/2022,WH017,delivered,Cash on Delivery
ORD001149,CUST03171,2023/05/27,WH013,Delivered,Credit Card
ORD001150,CUST01057,2023-03-16,WH011,Delivered,Net Banking
ORD001151,CUST03850,12/11/2024,WH005,delivered,Net Banking
ORD001152,CUST02292,2023/11/27,WH015,RETURNED,Net Banking
ORD001153,CUST00998,2022-10-09,WH006,Processing,Credit Card
ORD001154,CUST02291,22-10-2023,WH010,Shipped,Credit Card
ORD001155,CUST50069,08/15/2023,WH001,Processing,Debit Card
ORD001156,CUST00287,06-02-2024,WH017,CANCELLED,COD
ORD001157,CUST03867,2023-04-21,WH009,DELIVERED,UPI
ORD001158,CUST01432,04/23/2023,WH012,SHIPPED,Debit Card
ORD001159,CUST00699,09/10/2022,WH014,Cancelled,Credit Card
ORD001160,CUST02376,15 May 2022,WH015,processing,UPI
ORD001161,CUST03348,20-05-2023,WH008,Processing,cod
ORD001162,CUST00201,12/11/2022,WH010,Cancelled,UPI
ORD001163,CUST03882,29/09/2022,WH016,DELIVERED,Cash on Delivery
ORD001164,CUST01914,21 Dec 2023,WH015,Returned,Net Banking
ORD001165,CUST02289,08/17/2023,WH004,Cancelled,Cash on Delivery
ORD001166,CUST02661,18 Mar 2023,WH014,Returned,Debit Card
ORD001167,CUST02437,06-11-2023,WH016,Shipped,Credit Card
ORD001168,CUST00670,12/09/2023,WH018,Delivered,Credit Card
ORD001169,CUST00365,29-12-2024,WH008,shipped,Credit Card
ORD001170,CUST03899,15/08/2023,WH005,Shipped,cod
ORD001171,CUST00551,2023-02-08,WH016,pending,cod
ORD001172,CUST01904,,WH004,Delivered,Debit Card
ORD001173,CUST03347,2023-07-16,WH002,Pending,UPI
ORD001174,CUST01918,30 Mar 2024,WH005,DELIVERED,Credit Card
ORD001175,CUST02512,2023-05-16,WH017,Returned,Credit Card
ORD001176,CUST00287,18-08-2022,WH006,delivered,Net Banking
ORD001177,CUST01177,10/09/2023,WH001,Delivered,COD
ORD001178,CUST03311,28/11/2023,WH001,Returned,Cash on Delivery
ORD001179,CUST03726,15-12-2024,WH003,DELIVERED,COD
ORD001180,CUST00914,01-04-2023,WH004,Processing,Cash on Delivery
ORD001181,CUST02119,17 Nov 2022,WH007,processing,COD
ORD001182,CUST03651,09/12/2022,WH014,SHIPPED,COD
ORD001183,CUST02434,24-04-2023,WH004,Cancelled,UPI
ORD001184,CUST03311,2023/02/12,WH001,returned,Net Banking
ORD001185,CUST00042,2023/08/11,WH017,Delivered,Credit Card
ORD001186,CUST03373,12/08/2023,WH001,Cancelled,COD
ORD001187,CUST02576,2024-02-21,WH015,Cancelled,UPI
ORD001188,CUST02045,2023-10-04,WH008,shipped,Cash on Delivery
ORD001189,CUST01571,2023-11-12,WH014,processing,UPI
ORD001190,CUST00128,24-01-2024,WH001,SHIPPED,Cash on Delivery
ORD001191,CUST00194,10/10/2022,WH017,shipped,cod
ORD001192,CUST01232,2024/05/19,WH007,Delivered,Cash on Delivery
ORD001193,CUST01282,08/11/2023,WH009,Delivered,Net Banking
ORD001194,CUST01672,05/17/2022,WH011,cancelled,Credit Card
ORD001195,CUST00950,26-01-2022,WH005,returned,Cash on Delivery
ORD001196,CUST02696,2023-07-01,WH010,Processing,UPI
ORD001197,CUST03337,20-11-2024,WH005,Returned,Credit Card
ORD001198,CUST02803,2022-03-03,WH002,Delivered,Credit Card
ORD001199,CUST02173,17-09-2024,WH016,Returned,Credit Card
ORD001200,CUST03404,2024/02/11,WH010,Processing,Debit Card
ORD001201,CUST03373,12-04-2024,WH017,Returned,cod
ORD001202,CUST01994,18/07/2024,WH008,Processing,Cash on Delivery
ORD001203,CUST00769,2024/08/28,WH005,SHIPPED,cod
ORD001204,CUST00519,04/04/2024,WH002,Processing,COD
ORD001205,CUST01283,2024-12-21,WH004,Delivered,Credit Card
ORD001206,CUST01882,03-01-2023,WH009,Processing,Net Banking
ORD001207,CUST02216,2022-03-19,WH002,shipped,cod
ORD001208,CUST03502,09 Oct 2024,WH002,Cancelled,Cash on Delivery
ORD001209,CUST01961,26-04-2023,WH005,PENDING,cod
ORD001210,CUST02887,25-01-2024,WH012,CANCELLED,Debit Card
ORD001211,CUST00994,02/04/2024,WH002,Delivered,Net Banking
ORD001212,CUST03928,2024-12-23,WH017,Shipped,Debit Card
ORD001213,CUST03381,06/10/2022,WH009,Shipped,Debit Card
ORD001214,CUST02656,19 Mar 2022,WH014,Delivered,COD
ORD001215,CUST02849,10/22/2022,WH015,RETURNED,UPI
ORD001216,CUST03837,2023/08/19,WH018,processing,Net Banking
ORD001217,CUST01929,2022/04/10,WH005,DELIVERED,Debit Card
ORD001218,CUST00870,21-09-2024,WH009,Delivered,cod
ORD001219,CUST01184,2024-09-05,WH009,SHIPPED,UPI
ORD001220,CUST03119,03/07/2024,WH014,Pending,cod
ORD001221,CUST00250,13 Nov 2024,WH013,PROCESSING,UPI
ORD001222,CUST01241,22-06-2022,WH016,CANCELLED,cod
ORD001223,CUST02680,18-12-2023,WH010,delivered,COD
ORD001224,CUST03311,28 Jan 2024,WH011,processing,Cash on Delivery
ORD001225,CUST01840,2023/10/27,WH014,Delivered,Credit Card
ORD001226,CUST01204,05/01/2022,WH006,Shipped,cod
ORD001227,CUST02532,2024-08-07,WH002,Cancelled,cod
ORD001228,CUST00091,2022-06-24,WH008,pending,cod
ORD001229,CUST02729,2023/12/28,WH010,Shipped,Debit Card
ORD001230,CUST01306,30-05-2024,WH011,Cancelled,Credit Card
ORD001231,CUST03614,19 Dec 2022,WH003,Cancelled,Debit Card
ORD001232,CUST03720,2023/01/18,WH006,shipped,Cash on Delivery
ORD001233,CUST03879,2023/06/22,WH007,Returned,Net Banking
ORD001234,CUST02447,18-02-2024,WH002,CANCELLED,Cash on Delivery
ORD001235,CUST01434,2023-12-25,WH001,PENDING,Net Banking
ORD001236,CUST03955,2022/06/08,WH014,Processing,Debit Card
ORD001237,CUST02707,2022/05/10,WH012,PENDING,Debit Card
ORD001238,CUST02528,13-04-2023,WH012,Shipped,UPI
ORD001239,CUST51311,2023/10/16,WH006,PENDING,COD
ORD001240,CUST02979,2023/06/23,WH017,Cancelled,Credit Card
ORD001241,CUST03253,2023/03/10,WH006,Processing,Net Banking
ORD001242,CUST01090,16-12-2022,WH017,Returned,Net Banking
ORD001243,CUST02305,2024/11/08,WH001,Delivered,Debit Card
ORD001244,CUST02511,04/21/2022,WH002,Processing,UPI
ORD001245,CUST03239,2023/08/13,WH009,Processing,Debit Card
ORD001246,CUST00371,2023-01-28,WH005,Processing,UPI
ORD001247,CUST03240,15-05-2022,WH016,pending,Cash on Delivery
ORD001248,CUST01879,0000-00-00,WH008,Cancelled,Cash on Delivery
ORD001249,CUST00080,09/22/2022,WH013,SHIPPED,Credit Card
ORD001250,CUST02916,2022/05/03,WH010,Pending,Credit Card
ORD001251,CUST03682,2024/09/10,WH014,DELIVERED,COD
ORD001252,CUST03758,0000-00-00,WH007,Returned,Net Banking
ORD001253,CUST00126,11/07/2022,WH002,Pending,Cash on Delivery
ORD001254,CUST02022,07 May 2024,WH007,processing,COD
ORD001255,CUST02878,01/11/2022,WH005,cancelled,Cash on Delivery
ORD001256,CUST01325,2023-02-10,WH004,Returned,Net Banking
ORD001257,CUST03083,11/29/2022,WH005,Delivered,cod
ORD001258,CUST03724,2023-03-31,WH006,Shipped,UPI
ORD001259,CUST03623,27/08/2023,WH001,Pending,Net Banking
ORD001260,CUST01086,13-04-2024,WH005,Shipped,cod
ORD001261,CUST02089,2023-09-24,WH001,shipped,Cash on Delivery
ORD001262,CUST00622,2022-02-11,WH007,Returned,Debit Card
ORD001263,CUST03793,01/11/2023,WH017,Delivered,Net Banking
ORD001264,CUST02097,11 Nov 2023,WH003,Shipped,Cash on Delivery
ORD001265,CUST00967,24-11-2024,WH001,PROCESSING,Cash on Delivery
ORD001266,CUST01850,0000-00-00,WH010,Cancelled,Debit Card
ORD001267,CUST03925,23/11/2023,WH008,Cancelled,Net Banking
ORD001268,CUST02741,02-04-2022,WH011,Pending,COD
ORD001269,CUST03728,2023/06/29,WH008,SHIPPED,cod
ORD001270,CUST02359,2023/08/18,WH010,SHIPPED,Debit Card
ORD001271,CUST01327,10/18/2024,WH003,PENDING,Debit Card
ORD001272,CUST03218,2023/05/30,WH010,Returned,UPI
ORD001273,CUST03244,02/11/2024,WH017,Returned,Debit Card
ORD001274,CUST02930,2022-10-29,WH016,Delivered,COD
ORD001275,CUST01725,2023/04/09,WH016,Delivered,cod
ORD001276,CUST01380,18/04/2024,WH011,Delivered,UPI
ORD001277,CUST00721,2024-05-06,WH003,PROCESSING,UPI
ORD001278,CUST02614,15 Dec 2022,WH005,Processing,cod
ORD001279,CUST00348,0000-00-00,WH004,Returned,Credit Card
ORD001280,CUST01262,28 Jul 2022,WH014,Processing,UPI
ORD001281,CUST02658,08/12/2022,WH002,Pending,COD
ORD001282,CUST01461,02/10/2024,WH005,Cancelled,Debit Card
ORD001283,CUST01706,21 Nov 2022,WH010,Cancelled,Net Banking
ORD001284,CUST01296,03-06-2023,WH012,Returned,Net Banking
ORD001285,CUST00496,02/25/2024,WH001,Delivered,Debit Card
ORD001286,CUST01788,09 Oct 2024,WH014,PENDING,Credit Card
ORD001287,CUST03345,23/05/2023,WH015,Cancelled,UPI
ORD001288,CUST01814,2023/09/01,WH008,Delivered,COD
ORD001289,CUST03217,08/07/2022,WH003,cancelled,Debit Card
ORD001290,CUST00199,11 Apr 2023,WH018,Cancelled,Debit Card
ORD001291,CUST02612,14-08-2024,WH011,Returned,cod
ORD001292,CUST00538,22/07/2022,WH007,Delivered,cod
ORD001293,CUST03535,29/05/2022,WH007,Returned,Cash on Delivery
ORD001294,CUST02743,06/09/2023,WH002,cancelled,Cash on Delivery
ORD001295,CUST00870,31/07/2022,WH006,Shipped,Net Banking
ORD001296,CUST02650,10/26/2023,WH002,cancelled,Cash on Delivery
ORD001297,CUST54353,01/08/2024,WH010,DELIVERED,COD
ORD001298,CUST01949,12/09/2022,WH014,DELIVERED,UPI
ORD001299,CUST03487,07/02/2024,WH003,shipped,Debit Card
ORD001300,CUST01921,11 Jan 2024,WH016,cancelled,cod
ORD001301,CUST02555,11/03/2023,WH002,Returned,UPI
ORD001302,CUST01797,07/17/2022,WH014,returned,Net Banking
ORD001303,CUST02315,2022/09/01,WH011,DELIVERED,COD
ORD001304,CUST00049,22-02-2023,WH012,Pending,Cash on Delivery
ORD001305,CUST03118,0000-00-00,WH014,Pending,cod
ORD001306,CUST01829,20/02/2022,WH008,Pending,COD
ORD001307,CUST00080,27/07/2024,WH007,processing,Credit Card
ORD001308,CUST02720,24-06-2022,WH005,RETURNED,Credit Card
ORD001309,CUST03936,12 Dec 2024,WH002,Delivered,cod
ORD001310,CUST02014,2023-12-22,WH007,cancelled,UPI
ORD001311,CUST01712,2022/11/27,WH014,Pending,cod
ORD001312,CUST03082,2022/05/31,WH017,RETURNED,COD
ORD001313,CUST00121,26 Aug 2023,WH018,Returned,Net Banking
ORD001314,CUST00127,10/21/2022,WH012,Shipped,cod
ORD001315,CUST00636,23 Jan 2023,WH018,PROCESSING,cod
ORD001316,CUST03907,2023-12-06,WH015,Delivered,Net Banking
ORD001317,CUST01680,24/01/2023,WH001,Pending,UPI
ORD001318,CUST00153,2022/06/08,WH007,RETURNED,Debit Card
ORD001319,CUST01787,19 Aug 2023,WH015,Cancelled,UPI
ORD001320,CUST03015,10/24/2023,WH010,PENDING,COD
ORD001321,CUST03974,04/19/2023,WH010,RETURNED,Net Banking
ORD001322,CUST02783,04/09/2024,WH013,Delivered,Net Banking
ORD001323,CUST01243,2022/06/21,WH016,Shipped,cod
ORD001324,CUST01200,07 Nov 2024,WH011,Delivered,Credit Card
ORD001325,CUST00064,01/21/2022,WH004,Delivered,Debit Card
ORD001326,CUST02788,29-07-2022,WH001,cancelled,COD
ORD001327,CUST03100,2023-09-18,WH001,SHIPPED,Cash on Delivery
ORD001328,CUST02689,15 May 2022,WH018,cancelled,Debit Card
ORD001329,CUST01288,2024/02/02,WH018,PENDING,Cash on Delivery
ORD001330,CUST01025,29-03-2024,WH010,Pending,cod
ORD001331,CUST03112,01/05/2023,WH005,Processing,Net Banking
ORD001332,CUST52147,02 Aug 2022,WH009,Processing,Debit Card
ORD001333,CUST00983,19 Mar 2023,WH002,Delivered,cod
ORD001334,CUST03652,11/18/2024,WH006,shipped,Net Banking
ORD001335,CUST01721,13/08/2023,WH007,Cancelled,Credit Card
ORD001336,CUST00565,03-11-2022,WH008,Processing,UPI
ORD001337,CUST03829,06/11/2023,WH010,processing,COD
ORD001338,CUST02153,2024-03-13,WH007,Processing,Net Banking
ORD001339,CUST02638,2022-08-06,WH016,Cancelled,Credit Card
ORD001340,CUST02434,2023-06-18,WH002,cancelled,UPI
ORD001341,CUST01650,06/20/2022,WH010,delivered,Net Banking
ORD001342,CUST00587,16/02/2022,WH011,Processing,Debit Card
ORD001343,CUST00784,04 Nov 2024,WH008,Pending,UPI
ORD001344,CUST02348,11 Nov 2022,WH004,Delivered,COD
ORD001345,CUST02220,2024/11/04,WH011,Returned,cod
ORD001346,CUST00714,02 Nov 2022,WH004,Cancelled,Net Banking
ORD001347,CUST03840,24 Dec 2024,WH008,Processing,Net Banking
ORD001348,CUST01729,2024/03/22,WH004,Processing,COD
ORD001349,CUST00089,2023/05/01,WH011,DELIVERED,cod
ORD001350,CUST02686,0000-00-00,WH003,Delivered,COD
ORD001351,CUST01851,09 Sep 2023,WH015,Delivered,Credit Card
ORD001352,CUST01980,19-04-2024,WH010,Cancelled,Debit Card
ORD001353,CUST02629,25 Jul 2024,WH014,Shipped,Credit Card
ORD001354,CUST00996,2023-03-20,WH011,Returned,Debit Card
ORD001355,CUST01044,06 May 2022,WH015,Delivered,Cash on Delivery
ORD001356,CUST00490,0000-00-00,WH009,processing,cod
ORD001357,CUST00729,07/23/2024,WH011,Pending,Net Banking
ORD001358,CUST02993,,WH004,Cancelled,Net Banking
ORD001359,CUST01803,29/09/2022,WH014,Delivered,UPI
ORD001360,CUST03752,,WH013,Returned,cod
ORD001361,CUST00827,07-09-2022,WH002,Delivered,Debit Card
ORD001362,CUST03149,15-08-2022,WH016,Processing,COD
ORD001363,CUST03987,2022/07/17,WH003,Processing,COD
ORD001364,CUST03095,2022/07/04,WH007,Cancelled,cod
ORD001365,CUST02678,22 May 2023,WH015,Returned,Debit Card
ORD001366,CUST02532,10/01/2022,WH009,Returned,Credit Card
ORD001367,CUST03898,2024-10-06,WH004,Shipped,Credit Card
ORD001368,CUST03332,13-04-2022,WH018,processing,cod
ORD001369,CUST03530,2022/11/24,WH004,Pending,Cash on Delivery
ORD001370,CUST03211,07/13/2022,WH009,Processing,UPI
ORD001371,CUST03774,24-05-2023,WH007,Shipped,Credit Card
ORD001372,CUST02680,24/08/2023,WH007,shipped,COD
ORD001373,CUST02498,2022/05/03,WH015,RETURNED,COD
ORD001374,CUST02965,2023/07/07,WH002,Pending,Cash on Delivery
ORD001375,CUST01890,15/03/2023,WH013,Returned,Debit Card
ORD001376,CUST01901,05-02-2024,WH003,processing,cod
ORD001377,CUST01738,,WH003,Processing,UPI
ORD001378,CUST01716,22-07-2023,WH012,Processing,Net Banking
ORD001379,CUST00158,2024-09-19,WH004,Pending,UPI
ORD001380,CUST00022,2023-08-31,WH002,Returned,Net Banking
ORD001381,CUST02406,03-12-2022,WH013,Shipped,COD
ORD001382,CUST02226,01/20/2024,WH015,returned,Net Banking
ORD001383,CUST00540,12/22/2024,WH017,Processing,Credit Card
ORD001384,CUST02626,22-09-2023,WH015,Processing,UPI
ORD001385,CUST03199,2023-03-03,WH011,pending,Credit Card
ORD001386,CUST00024,31/07/2022,WH004,pending,Debit Card
ORD001387,CUST02581,03-11-2024,WH005,Shipped,Credit Card
ORD001388,CUST01519,2022-03-31,WH018,Returned,cod
ORD001389,CUST01408,2024/03/05,WH014,Processing,Cash on Delivery
ORD001390,CUST03411,2023/07/08,WH002,Delivered,Cash on Delivery
ORD001391,CUST00529,14 Mar 2024,WH001,CANCELLED,Cash on Delivery
ORD001392,CUST03027,04 Oct 2024,WH001,Cancelled,UPI
ORD001393,CUST00569,06/25/2023,WH018,Returned,Net Banking
ORD001394,CUST01550,2024-07-08,WH013,Returned,UPI
ORD001395,CUST02286,30/05/2022,WH012,Shipped,Cash on Delivery
ORD001396,CUST01003,2023/11/20,WH010,Delivered,COD
ORD001397,CUST02584,02/23/2022,WH009,Processing,UPI
ORD001398,CUST03649,11/16/2024,WH003,RETURNED,COD
ORD001399,CUST01231,05 Mar 2023,WH007,Processing,Credit Card
ORD001400,CUST00368,2022/09/18,WH015,Processing,Cash on Delivery
ORD001401,CUST01723,21/12/2024,WH012,Shipped,Credit Card
ORD001402,CUST01367,01 Feb 2023,WH005,pending,Credit Card
ORD001403,CUST01535,02/28/2023,WH017,shipped,UPI
ORD001404,CUST02155,03/16/2024,WH003,Pending,Cash on Delivery
ORD001405,CUST02201,2024/11/03,WH004,Delivered,Debit Card
ORD001406,CUST01276,2024/12/26,WH008,CANCELLED,UPI
ORD001407,CUST02736,26 May 2023,WH003,Returned,Credit Card
ORD001408,CUST03514,11-10-2023,WH017,Processing,cod
ORD001409,CUST02624,16/09/2022,WH002,Cancelled,Net Banking
ORD001410,CUST00198,13 Apr 2024,WH008,CANCELLED,cod
ORD001411,CUST02829,03/05/2024,WH002,Pending,Cash on Delivery
ORD001412,CUST00705,01/30/2024,WH012,Cancelled,cod
ORD001413,CUST02278,02-01-2022,WH017,PROCESSING,Debit Card
ORD001414,CUST02464,2024-06-18,WH005,Cancelled,cod
ORD001415,CUST02086,12-06-2024,WH016,Shipped,Cash on Delivery
ORD001416,CUST03351,08/02/2024,WH017,PENDING,cod
ORD001417,CUST00691,30-09-2024,WH017,Pending,Cash on Delivery
ORD001418,CUST01620,13/11/2022,WH010,DELIVERED,Cash on Delivery
ORD001419,CUST01490,31 Aug 2024,WH014,Shipped,Net Banking
ORD001420,CUST03305,08/10/2022,WH012,Cancelled,Net Banking
ORD001421,CUST00271,10/01/2024,WH017,SHIPPED,Credit Card
ORD001422,CUST03788,09 Dec 2023,WH008,Shipped,Credit Card
ORD001423,CUST00434,2024/01/14,WH008,Delivered,UPI
ORD001424,CUST03138,23-06-2023,WH018,Shipped,cod
ORD001425,CUST01742,01/08/2022,WH016,Processing,Debit Card
ORD001426,CUST02700,08/12/2024,WH011,Pending,Net Banking
ORD001427,CUST00415,14/07/2024,WH012,Pending,Debit Card
ORD001428,CUST02513,20-12-2023,WH017,Cancelled,Credit Card
ORD001429,CUST03744,2023/07/15,WH016,Processing,COD
ORD001430,CUST00175,01/09/2023,WH010,DELIVERED,Cash on Delivery
ORD001431,CUST03099,2023/02/01,WH001,Cancelled,cod
ORD001432,CUST00977,2023-04-22,WH009,Returned,Net Banking
ORD001433,CUST02234,2024-08-27,WH007,processing,cod
ORD001434,CUST01612,2023-05-24,WH018,Pending,UPI
ORD001435,CUST00068,2024/08/21,WH001,SHIPPED,cod
ORD001436,CUST03344,05/16/2022,WH004,Returned,Debit Card
ORD001437,CUST00178,2024-12-16,WH006,Pending,COD
ORD001438,CUST01719,28/03/2024,WH016,Delivered,cod
ORD001439,CUST03688,06 Dec 2023,WH002,PENDING,Credit Card
ORD001440,CUST00150,11/08/2022,WH014,Delivered,COD
ORD001441,CUST00499,01/17/2022,WH013,Returned,Cash on Delivery
ORD001442,CUST02485,21-04-2022,WH010,Shipped,Debit Card
ORD001443,CUST03463,29/07/2023,WH012,Cancelled,UPI
ORD001444,CUST03172,07/09/2024,WH010,SHIPPED,COD
ORD001445,CUST00063,04/12/2023,WH011,Shipped,Credit Card
ORD001446,CUST03899,24-05-2023,WH011,Returned,Debit Card
ORD001447,CUST03784,19/02/2023,WH016,Delivered,Credit Card
ORD001448,CUST01254,13/05/2024,WH014,Shipped,Credit Card
ORD001449,CUST02108,2024-11-25,WH009,Cancelled,COD
ORD001450,CUST02346,12/05/2024,WH004,Cancelled,COD
ORD001451,CUST02753,29/03/2024,WH018,Delivered,cod
ORD001452,CUST01346,,WH010,processing,cod
ORD001453,CUST00067,09/20/2024,WH007,Pending,Debit Card
ORD001454,CUST00423,15-12-2024,WH014,Pending,Credit Card
ORD001455,CUST02113,2023-11-26,WH011,CANCELLED,Credit Card
ORD001456,CUST00354,2024/01/28,WH010,Shipped,UPI
ORD001457,CUST03571,0000-00-00,WH001,Returned,UPI
ORD001458,CUST01465,26 Oct 2023,WH009,Processing,Credit Card
ORD001459,CUST02384,2022-11-15,WH017,Shipped,cod
ORD001460,CUST03512,22-05-2024,WH007,Delivered,Cash on Delivery
ORD001461,CUST01959,26-11-2023,WH004,Returned,Cash on Delivery
ORD001462,CUST02417,09/11/2023,WH003,Delivered,Debit Card
ORD001463,CUST01711,25 Mar 2023,WH012,Processing,UPI
ORD001464,CUST01833,16 Oct 2023,WH010,processing,Debit Card
ORD001465,CUST00988,0000-00-00,WH001,Returned,Credit Card
ORD001466,CUST02843,20-09-2024,WH010,Shipped,Cash on Delivery
ORD001467,CUST02292,24 Dec 2023,WH017,Cancelled,Net Banking
ORD001468,CUST02271,03-04-2022,WH012,Delivered,COD
ORD001469,CUST03331,03/25/2023,WH007,pending,Cash on Delivery
ORD001470,CUST01467,14-12-2022,WH008,cancelled,cod
ORD001471,CUST01357,26 Oct 2024,WH010,PENDING,cod
ORD001472,CUST02621,2024/02/02,WH016,Processing,Cash on Delivery
ORD001473,CUST03622,2024/12/13,WH001,Processing,Credit Card
ORD001474,CUST00505,2023/08/24,WH015,DELIVERED,Cash on Delivery
ORD001475,CUST03782,2022-03-21,WH001,Shipped,Credit Card
ORD001476,CUST03513,27-10-2023,WH004,cancelled,COD
ORD001477,CUST01145,2024-10-05,WH017,SHIPPED,Net Banking
ORD001478,CUST00605,2023/09/13,WH012,Pending,UPI
ORD001479,CUST00290,2024/04/06,WH004,Cancelled,cod
ORD001480,CUST00128,08/28/2022,WH007,RETURNED,Cash on Delivery
ORD001481,CUST01985,18 May 2023,WH013,Delivered,Net Banking
ORD001482,CUST02070,14 Jul 2023,WH009,returned,Net Banking
ORD001483,CUST01851,02-10-2022,WH005,Delivered,Net Banking
ORD001484,CUST00127,25/11/2022,WH015,Processing,Debit Card
ORD001485,CUST01576,19/09/2022,WH017,cancelled,COD
ORD001486,CUST02646,08-10-2022,WH002,Processing,Credit Card
ORD001487,CUST50672,08-03-2023,WH010,Processing,Credit Card
ORD001488,CUST00955,03/01/2023,WH013,Returned,Debit Card
ORD001489,CUST03491,2024-05-22,WH003,cancelled,UPI
ORD001490,CUST02143,0000-00-00,WH006,PENDING,Cash on Delivery
ORD001491,CUST03535,30 Jun 2022,WH007,returned,Cash on Delivery
ORD001492,CUST03815,2024/10/30,WH015,Pending,UPI
ORD001493,CUST03809,2022/11/25,WH005,CANCELLED,Net Banking
ORD001494,CUST03522,12/30/2024,WH014,Cancelled,Credit Card
ORD001495,CUST01183,09/18/2022,WH001,cancelled,Credit Card
ORD001496,CUST02645,16-11-2022,WH008,Shipped,Credit Card
ORD001497,CUST01296,2024-11-06,WH014,PENDING,COD
ORD001498,CUST00309,12/04/2022,WH013,Shipped,UPI
ORD001499,CUST02442,07/30/2023,WH013,Cancelled,COD
ORD001500,CUST01402,13 Jul 2024,WH011,pending,Credit Card
ORD001501,CUST01378,16 Oct 2022,WH011,Pending,Credit Card
ORD001502,CUST00258,20/09/2023,WH009,Cancelled,COD
ORD001503,CUST02813,30-01-2024,WH007,Processing,cod
ORD001504,CUST00618,,WH008,Pending,Debit Card
ORD001505,CUST02652,16/08/2023,WH018,Delivered,cod
ORD001506,CUST03375,09/07/2024,WH007,SHIPPED,cod
ORD001507,CUST02256,2024/03/19,WH003,Delivered,Credit Card
ORD001508,CUST01774,03/21/2022,WH006,Returned,Net Banking
ORD001509,CUST02640,2023/12/06,WH008,Processing,COD
ORD001510,CUST03474,2023/12/27,WH015,RETURNED,Credit Card
ORD001511,CUST02132,04/12/2022,WH008,Returned,COD
ORD001512,CUST00417,05/17/2023,WH009,Cancelled,Net Banking
ORD001513,CUST02216,17 Jun 2023,WH018,Pending,Credit Card
ORD001514,CUST03160,2024-10-06,WH009,CANCELLED,Credit Card
ORD001515,CUST01498,2024/04/30,WH008,PENDING,Credit Card
ORD001516,CUST03715,07/02/2023,WH018,Processing,UPI
ORD001517,CUST00788,,WH017,Delivered,Debit Card
ORD001518,CUST02012,03/26/2024,WH009,Returned,UPI
ORD001519,CUST00436,09/06/2023,WH011,SHIPPED,Cash on Delivery
ORD001520,CUST02718,2022-01-17,WH009,Shipped,COD
ORD001521,CUST00778,30-06-2024,WH011,DELIVERED,Cash on Delivery
ORD001522,CUST01683,2022/08/03,WH016,Shipped,UPI
ORD001523,CUST02527,2024-09-06,WH016,Cancelled,Debit Card
ORD001524,CUST00242,11 Jun 2022,WH013,Shipped,UPI
ORD001525,CUST01473,0000-00-00,WH005,Returned,COD
ORD001526,CUST03098,10/10/2024,WH005,Processing,Cash on Delivery
ORD001527,CUST01605,2023-02-16,WH016,Pending,UPI
ORD001528,CUST00512,2022/04/05,WH006,Cancelled,Credit Card
ORD001529,CUST02931,2024/09/02,WH013,Delivered,COD
ORD001530,CUST00574,21/12/2022,WH007,pending,Net Banking
ORD001531,CUST01330,2024-09-14,WH018,Pending,Credit Card
ORD001532,CUST02691,2023/08/31,WH018,Cancelled,Cash on Delivery
ORD001533,CUST03734,19 Sep 2024,WH018,Processing,Net Banking
ORD001534,CUST02803,2024-03-29,WH011,returned,COD
ORD001535,CUST00070,2023-04-09,WH006,Pending,Debit Card
ORD001536,CUST02633,19/08/2022,WH009,Shipped,Net Banking
ORD001537,CUST02071,08/01/2024,WH013,Processing,UPI
ORD001538,CUST03294,2023-03-21,WH015,Pending,Debit Card
ORD001539,CUST03301,01 Jul 2023,WH006,Processing,Credit Card
ORD001540,CUST01187,05/01/2022,WH001,Cancelled,Credit Card
ORD001541,CUST02898,27 Mar 2024,WH005,Processing,Credit Card
ORD001542,CUST03866,18-04-2022,WH001,pending,Cash on Delivery
ORD001543,CUST01320,31-12-2022,WH011,Cancelled,Credit Card
ORD001544,CUST02033,2022-12-10,WH012,Cancelled,cod
ORD001545,CUST00952,09/10/2024,WH011,Shipped,cod
ORD001546,CUST03156,29 Mar 2022,WH008,cancelled,Credit Card
ORD001547,CUST02963,2022/12/06,WH006,returned,Cash on Delivery
ORD001548,CUST02390,20 Nov 2023,WH015,delivered,Net Banking
ORD001549,CUST00210,27/02/2022,WH012,Cancelled,UPI
ORD001550,CUST01656,2024/09/20,WH010,Returned,Debit Card
ORD001551,CUST03708,2023/03/04,WH007,Delivered,Cash on Delivery
ORD001552,CUST03055,27-06-2022,WH011,Pending,Net Banking
ORD001553,CUST03853,2024-12-30,WH007,Pending,Net Banking
ORD001554,CUST00757,2024-08-18,WH010,Cancelled,Debit Card
ORD001555,CUST02431,2022-09-21,WH002,PROCESSING,Cash on Delivery
ORD001556,CUST01024,2022/12/20,WH018,Returned,COD
ORD001557,CUST02629,02/03/2024,WH018,Pending,Cash on Delivery
ORD001558,CUST01427,05-06-2024,WH008,Pending,Credit Card
ORD001559,CUST01724,2022/04/05,WH007,Shipped,COD
ORD001560,CUST00857,0000-00-00,WH014,CANCELLED,Debit Card
ORD001561,CUST01871,18-05-2022,WH006,Returned,cod
ORD001562,CUST00293,08/12/2023,WH013,Cancelled,Debit Card
ORD001563,CUST00534,2022/01/21,WH009,cancelled,COD
ORD001564,CUST00390,24 Jun 2023,WH001,cancelled,UPI
ORD001565,CUST00406,03/13/2023,WH007,Processing,Net Banking
ORD001566,CUST03537,02/07/2022,WH004,processing,COD
ORD001567,CUST03819,21 Dec 2022,WH006,Delivered,Cash on Delivery
ORD001568,CUST00043,04/08/2022,WH012,Delivered,Net Banking
ORD001569,CUST02430,29 Sep 2022,WH005,Delivered,Net Banking
ORD001570,CUST01680,2023-05-04,WH018,returned,UPI
ORD001571,CUST01466,10 Jan 2023,WH002,SHIPPED,cod
ORD001572,CUST01615,2024-03-31,WH012,Delivered,UPI
ORD001573,CUST03961,23-11-2022,WH008,Pending,UPI
ORD001574,CUST02563,2024/06/16,WH017,Pending,cod
ORD001575,CUST01375,2022-01-16,WH007,Shipped,UPI
ORD001576,CUST02852,07/29/2022,WH011,Pending,Debit Card
ORD001577,CUST00155,03/15/2024,WH002,Shipped,Credit Card
ORD001578,CUST02844,2024/04/16,WH007,pending,Cash on Delivery
ORD001579,CUST00542,2022/12/21,WH004,Returned,UPI
ORD001580,CUST03689,07 Jun 2023,WH007,SHIPPED,Cash on Delivery
ORD001581,CUST01003,18-03-2022,WH014,Delivered,Cash on Delivery
ORD001582,CUST03460,14 Aug 2024,WH002,Cancelled,Credit Card
ORD001583,CUST02191,2022/06/14,WH018,Cancelled,cod
ORD001584,CUST02682,2023-02-15,WH009,Pending,Credit Card
ORD001585,CUST01565,04/12/2022,WH009,Shipped,Net Banking
ORD001586,CUST02664,11/15/2024,WH010,Shipped,COD
ORD001587,CUST02744,18/06/2024,WH011,Cancelled,cod
ORD001588,CUST01808,19/08/2022,WH009,Shipped,Net Banking
ORD001589,CUST00947,2022-06-20,WH015,Processing,Cash on Delivery
ORD001590,CUST03990,2022-01-27,WH002,Shipped,UPI
ORD001591,CUST00701,18/03/2024,WH002,shipped,cod
ORD001592,CUST01194,2022-08-23,WH001,Shipped,Debit Card
ORD001593,CUST00293,13 Oct 2022,WH005,Returned,cod
ORD001594,CUST03038,24-09-2024,WH006,cancelled,Debit Card
ORD001595,CUST03984,17-04-2022,WH001,Shipped,cod
ORD001596,CUST00668,03-07-2023,WH001,DELIVERED,Net Banking
ORD001597,CUST03929,12/17/2024,WH013,Delivered,Credit Card
ORD001598,CUST02804,11/19/2022,WH009,Cancelled,COD
ORD001599,CUST03954,01 Feb 2022,WH006,Cancelled,Net Banking
ORD001600,CUST03390,04 Jul 2023,WH011,Delivered,COD
ORD001601,CUST03735,05-06-2024,WH005,Cancelled,Cash on Delivery
ORD001602,CUST00661,10-11-2023,WH007,Returned,Cash on Delivery
ORD001603,CUST01296,30-06-2023,WH002,delivered,COD
ORD001604,CUST02512,06-12-2023,WH014,Processing,Debit Card
ORD001605,CUST03838,10 Apr 2023,WH004,Shipped,UPI
ORD001606,CUST03643,09/07/2024,WH002,Cancelled,COD
ORD001607,CUST01247,2023/05/03,WH009,PENDING,Cash on Delivery
ORD001608,CUST03439,04/23/2023,WH014,Cancelled,Credit Card
ORD001609,CUST00915,2022/05/19,WH015,Shipped,COD
ORD001610,CUST01073,14/11/2023,WH005,delivered,UPI
ORD001611,CUST02688,12/27/2023,WH006,Cancelled,COD
ORD001612,CUST02092,2022-01-26,WH015,Cancelled,COD
ORD001613,CUST02246,2024/02/25,WH008,Pending,cod
ORD001614,CUST02939,17-12-2022,WH005,Delivered,COD
ORD001615,CUST03154,05/07/2024,WH012,Delivered,Debit Card
ORD001616,CUST03458,0000-00-00,WH006,Cancelled,Debit Card
ORD001617,CUST00953,2023/01/11,WH002,Delivered,Credit Card
ORD001618,CUST03447,06 May 2022,WH018,Delivered,Credit Card
ORD001619,CUST03630,08 Jan 2022,WH007,RETURNED,cod
ORD001620,CUST00470,04-08-2022,WH015,returned,Cash on Delivery
ORD001621,CUST00227,17-03-2024,WH006,Pending,UPI
ORD001622,CUST03674,31 Mar 2023,WH017,Cancelled,Credit Card
ORD001623,CUST01300,2022-11-22,WH006,Pending,COD
ORD001624,CUST03874,2024/12/01,WH008,Cancelled,Credit Card
ORD001625,CUST01975,06/06/2023,WH013,Shipped,Debit Card
ORD001626,CUST03783,09-04-2024,WH002,Processing,Net Banking
ORD001627,CUST00630,2022/02/18,WH001,Delivered,Credit Card
ORD001628,CUST00402,19 May 2022,WH014,PENDING,Credit Card
ORD001629,CUST01765,2022-04-03,WH009,PENDING,Debit Card
ORD001630,CUST03929,2023/03/18,WH012,Delivered,Cash on Delivery
ORD001631,CUST03444,2023-03-28,WH012,Cancelled,UPI
ORD001632,CUST03108,2022/09/09,WH008,Processing,Debit Card
ORD001633,CUST01484,27-07-2023,WH015,Pending,cod
ORD001634,CUST00039,2024/08/08,WH004,Pending,UPI
ORD001635,CUST00613,2024/09/16,WH013,Returned,UPI
ORD001636,CUST00420,2023/01/19,WH013,Delivered,cod
ORD001637,CUST01067,08/21/2023,WH004,Returned,Credit Card
ORD001638,CUST00816,17/10/2023,WH008,shipped,Cash on Delivery
ORD001639,CUST03785,2023/11/18,WH011,Processing,cod
ORD001640,CUST00356,06/27/2024,WH001,Delivered,cod
ORD001641,CUST03046,10/12/2022,WH014,RETURNED,cod
ORD001642,CUST03803,2023-09-05,WH010,Cancelled,Net Banking
ORD001643,CUST02463,15-12-2024,WH013,Pending,cod
ORD001644,CUST01194,10 Feb 2023,WH018,Pending,Cash on Delivery
ORD001645,CUST03170,2024/11/14,WH002,processing,Cash on Delivery
ORD001646,CUST00683,21-10-2023,WH018,Delivered,cod
ORD001647,CUST00905,18-11-2023,WH007,Delivered,COD
ORD001648,CUST00532,02/11/2024,WH011,pending,Net Banking
ORD001649,CUST03154,11-05-2022,WH006,Pending,Net Banking
ORD001650,CUST01834,05/20/2023,WH004,Processing,UPI
ORD001651,CUST01236,2024-11-19,WH014,Pending,Net Banking
ORD001652,CUST03780,2023-06-24,WH013,Pending,Credit Card
ORD001653,CUST03340,02/09/2023,WH011,Shipped,UPI
ORD001654,CUST03816,07/11/2023,WH002,RETURNED,UPI
ORD001655,CUST02593,2022/02/06,WH007,delivered,Net Banking
ORD001656,CUST00384,2023-10-16,WH015,Returned,Net Banking
ORD001657,CUST00843,2022/06/30,WH010,PENDING,Debit Card
ORD001658,CUST00811,29-02-2024,WH014,Delivered,Net Banking
ORD001659,CUST01935,2022/05/14,WH012,Returned,UPI
ORD001660,CUST03972,06/05/2022,WH013,Returned,COD
ORD001661,CUST02939,09/08/2022,WH011,Shipped,cod
ORD001662,CUST02727,2022/03/04,WH004,cancelled,cod
ORD001663,CUST02564,12-03-2024,WH009,Processing,cod
ORD001664,CUST00906,23/02/2022,WH008,Delivered,Credit Card
ORD001665,CUST00699,,WH017,Shipped,Debit Card
ORD001666,CUST01552,15-11-2024,WH018,pending,cod
ORD001667,CUST01663,08 Nov 2024,WH014,Cancelled,Net Banking
ORD001668,CUST01124,2022-11-04,WH004,RETURNED,cod
ORD001669,CUST00606,16/08/2022,WH016,Returned,Cash on Delivery
ORD001670,CUST52475,2022/01/30,WH001,pending,Debit Card
ORD001671,CUST03575,26/09/2023,WH005,Processing,Cash on Delivery
ORD001672,CUST03175,2022-07-28,WH004,Shipped,Credit Card
ORD001673,CUST00055,2022/06/25,WH006,pending,UPI
ORD001674,CUST03649,01/15/2022,WH005,Processing,Net Banking
ORD001675,CUST02857,09-09-2022,WH015,DELIVERED,Debit Card
ORD001676,CUST03668,25 Oct 2023,WH011,processing,Credit Card
ORD001677,CUST01544,2024-05-03,WH004,Processing,Cash on Delivery
ORD001678,CUST01678,2024-03-23,WH007,Delivered,COD
ORD001679,CUST01015,09/12/2024,WH011,Pending,UPI
ORD001680,CUST01575,25-04-2023,WH009,Shipped,Cash on Delivery
ORD001681,CUST03464,04/27/2023,WH001,pending,UPI
ORD001682,CUST00546,24-01-2022,WH012,Delivered,COD
ORD001683,CUST03260,2022/08/16,WH014,DELIVERED,COD
ORD001684,CUST01047,22-04-2024,WH003,Returned,Net Banking
ORD001685,CUST02603,2024-12-27,WH014,Shipped,UPI
ORD001686,CUST00585,,WH012,Processing,UPI
ORD001687,CUST02704,09/08/2022,WH001,Shipped,cod
ORD001688,CUST00883,2024/07/11,WH010,RETURNED,Cash on Delivery
ORD001689,CUST03478,04/10/2024,WH017,Delivered,Debit Card
ORD001690,CUST02533,01-01-2022,WH003,Pending,Debit Card
ORD001691,CUST01447,15/04/2022,WH014,SHIPPED,Cash on Delivery
ORD001692,CUST00711,16/02/2023,WH002,Cancelled,COD
ORD001693,CUST00419,18-10-2024,WH012,Pending,Debit Card
ORD001694,CUST02073,2022-02-09,WH003,Shipped,Net Banking
ORD001695,CUST02308,14-06-2023,WH005,Delivered,UPI
ORD001696,CUST03354,07 Jan 2023,WH015,delivered,Cash on Delivery
ORD001697,CUST01877,02-01-2023,WH006,Returned,Net Banking
ORD001698,CUST03557,31-08-2024,WH001,Cancelled,COD
ORD001699,CUST03333,2024-01-15,WH002,Processing,Debit Card
ORD001700,CUST03153,16-08-2024,WH010,Delivered,Net Banking
ORD001701,CUST03456,13 Apr 2022,WH016,delivered,Credit Card
ORD001702,CUST01915,2023-05-06,WH016,Shipped,UPI
ORD001703,CUST00030,02/14/2023,WH007,Delivered,Cash on Delivery
ORD001704,CUST02736,10/24/2023,WH003,Processing,COD
ORD001705,CUST01542,2024/03/07,WH008,RETURNED,Credit Card
ORD001706,CUST02387,02-01-2022,WH016,Shipped,COD
ORD001707,CUST03964,2023-12-29,WH004,Processing,COD
ORD001708,CUST01138,2024/12/12,WH013,Delivered,Net Banking
ORD001709,CUST03008,2023/08/18,WH012,Delivered,Net Banking
ORD001710,CUST02912,05/24/2024,WH018,Delivered,UPI
ORD001711,CUST03734,29 Apr 2022,WH003,Pending,Debit Card
ORD001712,CUST02361,2024-08-01,WH003,returned,cod
ORD001713,CUST00482,23/04/2022,WH011,Returned,cod
ORD001714,CUST00437,06/14/2023,WH016,returned,cod
ORD001715,CUST02089,12-03-2024,WH009,Returned,Credit Card
ORD001716,CUST03910,2023/12/29,WH009,Pending,Credit Card
ORD001717,CUST01190,26/02/2022,WH010,Shipped,Credit Card
ORD001718,CUST03359,07 May 2024,WH014,Processing,Credit Card
ORD001719,CUST03168,2023/06/06,WH001,Shipped,Net Banking
ORD001720,CUST01070,04 Jul 2022,WH014,returned,Net Banking
ORD001721,CUST01556,07 Feb 2022,WH001,Shipped,COD
ORD001722,CUST01949,03/09/2022,WH011,PROCESSING,Credit Card
ORD001723,CUST02168,2024-04-15,WH005,Shipped,COD
ORD001724,CUST01894,2024-03-26,WH001,CANCELLED,Net Banking
ORD001725,CUST00206,2022/06/05,WH011,Cancelled,Cash on Delivery
ORD001726,CUST03371,23 Aug 2024,WH005,Cancelled,COD
ORD001727,CUST01204,24 Jul 2023,WH002,Delivered,COD
ORD001728,CUST03492,2024/05/18,WH006,Returned,Debit Card
ORD001729,CUST01032,0000-00-00,WH012,cancelled,COD
ORD001730,CUST03036,02/12/2023,WH016,Delivered,Debit Card
ORD001731,CUST01420,03/11/2023,WH009,Delivered,Net Banking
ORD001732,CUST02824,16-03-2024,WH016,Returned,Cash on Delivery
ORD001733,CUST03141,04 Jan 2024,WH006,Delivered,Cash on Delivery
ORD001734,CUST01003,2024-10-04,WH015,cancelled,UPI
ORD001735,CUST03257,06/02/2023,WH007,PROCESSING,COD
ORD001736,CUST00149,27/02/2022,WH006,Returned,Credit Card
ORD001737,CUST03930,2022-04-21,WH015,Processing,Cash on Delivery
ORD001738,CUST01876,12-12-2023,WH013,PROCESSING,Debit Card
ORD001739,CUST00567,2022/02/07,WH015,Processing,Credit Card
ORD001740,CUST53866,,WH017,Returned,COD
ORD001741,CUST01884,02/11/2023,WH017,Shipped,Cash on Delivery
ORD001742,CUST02976,13/06/2022,WH015,Shipped,Debit Card
ORD001743,CUST02204,16 Jul 2022,WH007,Cancelled,Cash on Delivery
ORD001744,CUST03994,18 Feb 2022,WH006,Shipped,cod
ORD001745,CUST03419,29/03/2023,WH003,Shipped,UPI
ORD001746,CUST00259,21-12-2024,WH017,Returned,cod
ORD001747,CUST02497,24/08/2022,WH002,Processing,Net Banking
ORD001748,CUST03319,04 Jun 2022,WH018,Delivered,Cash on Delivery
ORD001749,CUST02806,2022-08-10,WH004,Shipped,Cash on Delivery
ORD001750,CUST01091,2023-08-30,WH002,Delivered,cod
ORD001751,CUST00120,02/18/2023,WH007,PROCESSING,Cash on Delivery
ORD001752,CUST03603,2022-03-22,WH011,Processing,Debit Card
ORD001753,CUST02992,19 Jun 2022,WH018,Cancelled,Cash on Delivery
ORD001754,CUST00244,2024-10-09,WH014,shipped,Net Banking
ORD001755,CUST02552,09/09/2024,WH010,Processing,Debit Card
ORD001756,CUST01645,2024/05/03,WH018,Shipped,Net Banking
ORD001757,CUST00592,08 Feb 2022,WH010,Delivered,Net Banking
ORD001758,CUST02756,24/03/2023,WH002,Shipped,Debit Card
ORD001759,CUST01819,22 Mar 2022,WH002,Shipped,cod
ORD001760,CUST00855,07/28/2023,WH015,Delivered,Credit Card
ORD001761,CUST02543,02/01/2023,WH003,Cancelled,Debit Card
ORD001762,CUST03766,0000-00-00,WH002,pending,Credit Card
ORD001763,CUST01448,0000-00-00,WH012,pending,Credit Card
ORD001764,CUST03450,16-02-2022,WH018,Delivered,Net Banking
ORD001765,CUST00340,11/26/2023,WH001,Shipped,cod
ORD001766,CUST03288,2024-06-16,WH015,Shipped,Net Banking
ORD001767,CUST02914,12-05-2023,WH013,delivered,COD
ORD001768,CUST01436,28 Oct 2022,WH010,SHIPPED,UPI
ORD001769,CUST03765,09-11-2024,WH011,cancelled,Net Banking
ORD001770,CUST00700,18-06-2022,WH014,Pending,Credit Card
ORD001771,CUST00009,28-12-2024,WH011,Processing,cod
ORD001772,CUST03874,04/16/2022,WH017,returned,Credit Card
ORD001773,CUST03496,2024/09/09,WH005,RETURNED,Cash on Delivery
ORD001774,CUST03255,2022/07/11,WH008,Cancelled,cod
ORD001775,CUST00729,29/12/2022,WH015,Delivered,Net Banking
ORD001776,CUST02542,01/05/2022,WH002,Cancelled,Cash on Delivery
ORD001777,CUST03297,2022/03/11,WH006,pending,Credit Card
ORD001778,CUST03560,08/10/2022,WH012,Returned,cod
ORD001779,CUST00626,01/08/2024,WH010,Returned,cod
ORD001780,CUST03630,17-04-2024,WH017,Delivered,COD
ORD001781,CUST02305,05 Feb 2024,WH015,pending,COD
ORD001782,CUST02854,0000-00-00,WH010,Delivered,UPI
ORD001783,CUST00543,2022-05-05,WH009,Cancelled,cod
ORD001784,CUST02319,02/09/2022,WH004,Delivered,COD
ORD001785,CUST01991,24/04/2024,WH004,pending,cod
ORD001786,CUST01209,05/08/2022,WH003,SHIPPED,cod
ORD001787,CUST02471,30/01/2024,WH015,Processing,cod
ORD001788,CUST00902,15/11/2024,WH015,Shipped,Cash on Delivery
ORD001789,CUST01495,29 Jul 2023,WH003,Delivered,Credit Card
ORD001790,CUST01329,2022/12/14,WH006,Returned,COD
ORD001791,CUST00688,23 Nov 2022,WH012,pending,UPI
ORD001792,CUST01519,11-10-2023,WH015,Shipped,Net Banking
ORD001793,CUST03327,19-11-2023,WH001,DELIVERED,Debit Card
ORD001794,CUST02973,21 Nov 2022,WH013,Pending,Net Banking
ORD001795,CUST01552,0000-00-00,WH005,RETURNED,UPI
ORD001796,CUST00524,2023-09-19,WH008,Processing,Credit Card
ORD001797,CUST02942,2022-02-05,WH004,Pending,Debit Card
ORD001798,CUST01001,11 May 2023,WH008,returned,Cash on Delivery
ORD001799,CUST01672,22/12/2024,WH013,CANCELLED,Debit Card
ORD001800,CUST01457,,WH006,shipped,Credit Card
ORD001801,CUST03737,31 Mar 2024,WH002,Processing,Net Banking
ORD001802,CUST01692,2023/09/13,WH009,Processing,COD
ORD001803,CUST01067,,WH003,Delivered,Net Banking
ORD001804,CUST00184,03/04/2023,WH002,Shipped,Debit Card
ORD001805,CUST00368,2022-07-12,WH018,Cancelled,Credit Card
ORD001806,CUST01252,26 May 2024,WH009,Cancelled,Debit Card
ORD001807,CUST00578,20/03/2022,WH003,Processing,COD
ORD001808,CUST01988,25/11/2023,WH016,Pending,Debit Card
ORD001809,CUST03958,13 Aug 2022,WH014,shipped,Credit Card
ORD001810,CUST03442,2024/01/02,WH002,Delivered,Net Banking
ORD001811,CUST03925,0000-00-00,WH011,Shipped,Cash on Delivery
ORD001812,CUST03908,2022/02/18,WH014,pending,Net Banking
ORD001813,CUST02063,11 Sep 2022,WH015,RETURNED,cod
ORD001814,CUST02772,03/08/2022,WH008,Returned,Debit Card
ORD001815,CUST03394,2022/08/04,WH007,PENDING,Credit Card
ORD001816,CUST01882,08/06/2023,WH010,RETURNED,UPI
ORD001817,CUST01044,01/13/2023,WH001,Cancelled,Credit Card
ORD001818,CUST02226,2023-11-13,WH007,CANCELLED,Credit Card
ORD001819,CUST01708,13/02/2024,WH016,Delivered,Debit Card
ORD001820,CUST03471,04-08-2022,WH016,Cancelled,Debit Card
ORD001821,CUST02921,09/10/2024,WH018,Delivered,Credit Card
ORD001822,CUST01190,18/05/2024,WH008,Delivered,Cash on Delivery
ORD001823,CUST01701,2024/09/19,WH018,Cancelled,Cash on Delivery
ORD001824,CUST03035,2022/09/09,WH003,Cancelled,COD
ORD001825,CUST00384,2024/01/03,WH007,Processing,Credit Card
ORD001826,CUST03144,05/19/2024,WH014,Pending,Cash on Delivery
ORD001827,CUST01685,21-01-2022,WH002,Cancelled,Cash on Delivery
ORD001828,CUST01640,25-01-2022,WH009,Delivered,cod
ORD001829,CUST02632,03/27/2022,WH010,Returned,cod
ORD001830,CUST01250,04/05/2023,WH003,Delivered,Credit Card
ORD001831,CUST03534,2022/05/23,WH018,Shipped,Credit Card
ORD001832,CUST02509,,WH006,Processing,UPI
ORD001833,CUST02544,19-04-2023,WH005,delivered,Credit Card
ORD001834,CUST03375,2022/09/20,WH007,Returned,cod
ORD001835,CUST00211,12-07-2024,WH003,shipped,cod
ORD001836,CUST03718,25-11-2022,WH015,Returned,Credit Card
ORD001837,CUST03728,04/10/2023,WH016,Shipped,cod
ORD001838,CUST03848,02/18/2024,WH002,Pending,Net Banking
ORD001839,CUST01781,20-09-2024,WH003,Shipped,UPI
ORD001840,CUST02629,28/03/2023,WH009,Returned,UPI
ORD001841,CUST02811,29/09/2024,WH017,delivered,Credit Card
ORD001842,CUST01730,08/23/2024,WH008,cancelled,Credit Card
ORD001843,CUST03036,2022/05/25,WH015,Returned,Cash on Delivery
ORD001844,CUST03069,21-11-2023,WH006,Cancelled,Cash on Delivery
ORD001845,CUST00956,12/11/2023,WH013,RETURNED,Debit Card
ORD001846,CUST03462,24/04/2022,WH013,processing,Credit Card
ORD001847,CUST00614,17 Dec 2022,WH006,Cancelled,Debit Card
ORD001848,CUST01390,15 Apr 2023,WH009,PENDING,Cash on Delivery
ORD001849,CUST00616,12/09/2023,WH018,Returned,Debit Card
ORD001850,CUST01912,06/06/2022,WH007,Returned,Cash on Delivery
ORD001851,CUST02363,03/19/2022,WH010,Returned,cod
ORD001852,CUST03277,06/15/2022,WH015,Returned,Credit Card
ORD001853,CUST03798,2024/01/03,WH017,Pending,Credit Card
ORD001854,CUST03763,04/18/2022,WH001,DELIVERED,Debit Card
ORD001855,CUST00035,19 Feb 2023,WH012,Cancelled,Net Banking
ORD001856,CUST02645,11 Nov 2023,WH018,Processing,Net Banking
ORD001857,CUST02944,14/11/2024,WH017,Processing,Debit Card
ORD001858,CUST01070,07/13/2022,WH009,Shipped,Net Banking
ORD001859,CUST03670,2022-08-07,WH012,shipped,Credit Card
ORD001860,CUST00918,0000-00-00,WH010,PROCESSING,Debit Card
ORD001861,CUST01328,2023/08/28,WH015,Processing,UPI
ORD001862,CUST00360,2023-03-27,WH012,Returned,UPI
ORD001863,CUST01146,31/07/2022,WH016,SHIPPED,Cash on Delivery
ORD001864,CUST01852,07/11/2022,WH016,Shipped,cod
ORD001865,CUST02882,2023-02-16,WH008,Shipped,Debit Card
ORD001866,CUST02689,11/07/2024,WH013,Delivered,Debit Card
ORD001867,CUST00019,11/12/2022,WH005,Cancelled,Cash on Delivery
ORD001868,CUST03895,2022-03-11,WH003,Shipped,Cash on Delivery
ORD001869,CUST03362,20 May 2022,WH015,Shipped,COD
ORD001870,CUST02444,30 Mar 2023,WH004,Delivered,Cash on Delivery
ORD001871,CUST01485,2024/01/25,WH005,pending,UPI
ORD001872,CUST03038,19-02-2022,WH011,Cancelled,UPI
ORD001873,CUST00045,21/11/2023,WH001,returned,Credit Card
ORD001874,CUST03825,01-06-2024,WH008,Pending,Net Banking
ORD001875,CUST00723,28-11-2022,WH011,Delivered,UPI
ORD001876,CUST00781,05 Feb 2023,WH011,returned,UPI
ORD001877,CUST00250,11/07/2022,WH017,Processing,UPI
ORD001878,CUST00642,01/04/2022,WH009,Shipped,UPI
ORD001879,CUST03587,2023-01-18,WH015,Shipped,cod
ORD001880,CUST03496,0000-00-00,WH003,Delivered,COD
ORD001881,CUST03171,11/24/2022,WH008,Returned,Credit Card
ORD001882,CUST01407,27-07-2024,WH006,Returned,Credit Card
ORD001883,CUST02699,2022/09/08,WH011,Processing,Net Banking
ORD001884,CUST03033,09-02-2024,WH003,Delivered,Net Banking
ORD001885,CUST02994,2024/09/19,WH014,Pending,UPI
ORD001886,CUST00963,05/09/2024,WH001,Processing,COD
ORD001887,CUST01432,06-10-2022,WH003,Delivered,Cash on Delivery
ORD001888,CUST01515,24-03-2023,WH013,PENDING,Cash on Delivery
ORD001889,CUST03155,31/10/2022,WH009,Pending,cod
ORD001890,CUST02659,10/30/2022,WH013,Cancelled,UPI
ORD001891,CUST00968,15-09-2023,WH007,Shipped,cod
ORD001892,CUST01825,2022/06/02,WH007,delivered,Debit Card
ORD001893,CUST03205,0000-00-00,WH018,processing,Credit Card
ORD001894,CUST00888,16-07-2023,WH013,Shipped,cod
ORD001895,CUST03282,01-10-2022,WH017,delivered,Net Banking
ORD001896,CUST00993,2024-08-15,WH015,Shipped,COD
ORD001897,CUST03248,11-08-2023,WH008,Cancelled,Net Banking
ORD001898,CUST01379,22-09-2023,WH018,Processing,Cash on Delivery
ORD001899,CUST01431,01/17/2024,WH012,Returned,Cash on Delivery
ORD001900,CUST02587,2023-05-28,WH004,Shipped,Credit Card
ORD001901,CUST03254,11-07-2022,WH002,Cancelled,Debit Card
ORD001902,CUST00449,2023/03/13,WH004,Returned,Debit Card
ORD001903,CUST03288,03/02/2024,WH010,Returned,UPI
ORD001904,CUST02720,0000-00-00,WH014,Delivered,Debit Card
ORD001905,CUST00580,2023-10-03,WH003,SHIPPED,COD
ORD001906,CUST03086,08/04/2023,WH010,Pending,Cash on Delivery
ORD001907,CUST03146,2023/09/04,WH003,Returned,UPI
ORD001908,CUST02769,17/10/2023,WH008,Cancelled,Credit Card
ORD001909,CUST01114,18/06/2022,WH011,RETURNED,Net Banking
ORD001910,CUST02729,16/10/2022,WH006,Pending,Cash on Delivery
ORD001911,CUST01528,2024-06-17,WH013,Returned,Credit Card
ORD001912,CUST00023,2024-12-05,WH004,Processing,Cash on Delivery
ORD001913,CUST02479,2024-01-31,WH015,Processing,Cash on Delivery
ORD001914,CUST02752,2022/03/31,WH017,Pending,Credit Card
ORD001915,CUST02984,2022/11/26,WH009,Returned,Credit Card
ORD001916,CUST00973,20 Oct 2024,WH009,Returned,Net Banking
ORD001917,CUST00673,11/05/2022,WH012,Processing,Credit Card
ORD001918,CUST01222,25 Apr 2023,WH016,Shipped,Cash on Delivery
ORD001919,CUST03819,2022-10-05,WH002,PROCESSING,Debit Card
ORD001920,CUST00571,17 Apr 2023,WH016,Processing,Cash on Delivery
ORD001921,CUST02830,03 Nov 2024,WH010,Cancelled,COD
ORD001922,CUST03881,2024/04/21,WH001,Processing,Credit Card
ORD001923,CUST01926,2024/08/23,WH012,pending,Debit Card
ORD001924,CUST02331,2022/06/19,WH018,Returned,cod
ORD001925,CUST02547,06/12/2023,WH009,Returned,cod
ORD001926,CUST00707,16/06/2022,WH018,Returned,Debit Card
ORD001927,CUST03683,2024/06/28,WH013,Returned,Debit Card
ORD001928,CUST01029,27/03/2024,WH001,Shipped,cod
ORD001929,CUST00382,04/13/2023,WH017,Processing,Cash on Delivery
ORD001930,CUST01022,22 Apr 2024,WH018,Pending,UPI
ORD001931,CUST00273,12/09/2023,WH005,Shipped,Debit Card
ORD001932,CUST01133,2022/02/21,WH012,CANCELLED,COD
ORD001933,CUST03393,0000-00-00,WH005,DELIVERED,Cash on Delivery
ORD001934,CUST02662,15/04/2022,WH009,Delivered,Debit Card
ORD001935,CUST03721,,WH010,Returned,COD
ORD001936,CUST01284,09 Dec 2022,WH001,Delivered,Credit Card
ORD001937,CUST00670,2024/09/30,WH005,RETURNED,cod
ORD001938,CUST02934,02-09-2022,WH005,Processing,Cash on Delivery
ORD001939,CUST03640,01/10/2022,WH009,Delivered,Debit Card
ORD001940,CUST03702,29 Jan 2022,WH004,delivered,Credit Card
ORD001941,CUST02389,2022-10-28,WH011,processing,Credit Card
ORD001942,CUST02740,18 Aug 2022,WH018,Returned,COD
ORD001943,CUST02019,2023/08/05,WH010,Cancelled,Cash on Delivery
ORD001944,CUST00635,2022/05/25,WH003,Cancelled,COD
ORD001945,CUST02731,22-02-2024,WH013,Pending,COD
ORD001946,CUST02731,14 Jun 2022,WH017,Returned,Debit Card
ORD001947,CUST02628,30-07-2024,WH013,Returned,COD
ORD001948,CUST01241,15-10-2023,WH003,Cancelled,Net Banking
ORD001949,CUST01407,25/10/2023,WH010,pending,Cash on Delivery
ORD001950,CUST03387,29-06-2023,WH004,CANCELLED,Cash on Delivery
ORD001951,CUST01087,23-09-2023,WH015,SHIPPED,COD
ORD001952,CUST00780,,WH011,Processing,UPI
ORD001953,CUST01212,11-07-2022,WH006,Processing,Debit Card
ORD001954,CUST03028,11/23/2022,WH001,PENDING,COD
ORD001955,CUST01069,2024/02/28,WH014,Delivered,COD
ORD001956,CUST01704,21 Sep 2023,WH017,Processing,Debit Card
ORD001957,CUST02494,2024/11/17,WH001,SHIPPED,COD
ORD001958,CUST00451,12/11/2022,WH016,Pending,Cash on Delivery
ORD001959,CUST02334,2023-10-22,WH006,Delivered,COD
ORD001960,CUST02951,2022-02-04,WH001,Shipped,Cash on Delivery
ORD001961,CUST02308,03/11/2023,WH001,Shipped,Credit Card
ORD001962,CUST01543,14/02/2022,WH006,Pending,Credit Card
ORD001963,CUST02566,,WH015,RETURNED,Debit Card
ORD001964,CUST01881,2023-12-20,WH001,Shipped,Credit Card
ORD001965,CUST02392,30-05-2024,WH001,RETURNED,UPI
ORD001966,CUST02542,05/02/2024,WH007,RETURNED,cod
ORD001967,CUST02659,16/11/2024,WH016,Shipped,Net Banking
ORD001968,CUST00794,2022-06-19,WH015,Processing,Net Banking
ORD001969,CUST03504,14/01/2024,WH013,Pending,Cash on Delivery
ORD001970,CUST03712,04 Jun 2022,WH015,Returned,Credit Card
ORD001971,CUST02023,06/21/2023,WH004,pending,COD
ORD001972,CUST03692,02/28/2022,WH006,pending,Debit Card
ORD001973,CUST03737,07/02/2023,WH012,pending,COD
ORD001974,CUST02755,2024/05/27,WH001,Pending,COD
ORD001975,CUST02317,18-11-2023,WH009,Shipped,UPI
ORD001976,CUST00097,2024-10-07,WH015,Cancelled,Debit Card
ORD001977,CUST02979,07/26/2024,WH017,Returned,COD
ORD001978,CUST01860,2022-11-13,WH013,processing,Credit Card
ORD001979,CUST03042,2023/03/04,WH012,Processing,Cash on Delivery
ORD001980,CUST00642,10-02-2024,WH016,Delivered,Cash on Delivery
ORD001981,CUST02410,12/01/2022,WH005,delivered,UPI
ORD001982,CUST00874,2023/04/25,WH004,Processing,Cash on Delivery
ORD001983,CUST03940,2022-07-11,WH018,Pending,UPI
ORD001984,CUST02323,2022-09-14,WH006,Returned,Credit Card
ORD001985,CUST02286,28 Jun 2024,WH001,RETURNED,Cash on Delivery
ORD001986,CUST00202,25-07-2022,WH004,pending,Debit Card
ORD001987,CUST00090,01/03/2022,WH007,Shipped,Net Banking
ORD001988,CUST00294,2024/04/03,WH001,Cancelled,Debit Card
ORD001989,CUST02473,08/11/2023,WH010,Cancelled,Cash on Delivery
ORD001990,CUST00463,19-03-2023,WH003,Returned,cod
ORD001991,CUST02611,,WH002,Processing,UPI
ORD001992,CUST02356,02 Jun 2023,WH006,Shipped,UPI
ORD001993,CUST00247,07 Mar 2023,WH002,Processing,cod
ORD001994,CUST03505,24/10/2023,WH002,DELIVERED,UPI
ORD001995,CUST03681,29/05/2024,WH016,DELIVERED,cod
ORD001996,CUST00301,05/10/2023,WH008,Processing,Debit Card
ORD001997,CUST02795,20-05-2023,WH014,Processing,COD
ORD001998,CUST01526,16-07-2022,WH005,Pending,Cash on Delivery
ORD001999,CUST00752,17 Jun 2022,WH009,Returned,UPI
ORD002000,CUST01207,2023/10/23,WH018,processing,UPI
ORD002001,CUST02534,2023-05-11,WH001,Delivered,Net Banking
ORD002002,CUST03821,03 Sep 2023,WH006,CANCELLED,Debit Card
ORD002003,CUST01313,10 Feb 2022,WH015,DELIVERED,Net Banking
ORD002004,CUST00847,30/08/2022,WH016,Delivered,Credit Card
ORD002005,CUST01297,03/08/2022,WH003,Processing,cod
ORD002006,CUST03019,2022/07/30,WH009,SHIPPED,cod
ORD002007,CUST01814,2024/03/12,WH015,PENDING,Cash on Delivery
ORD002008,CUST02096,2023/07/17,WH001,PROCESSING,Debit Card
ORD002009,CUST00693,2022-03-26,WH011,Processing,Credit Card
ORD002010,CUST01205,16/08/2024,WH014,cancelled,Net Banking
ORD002011,CUST00937,09/09/2022,WH007,SHIPPED,UPI
ORD002012,CUST00710,,WH003,Pending,COD
ORD002013,CUST00414,21-09-2022,WH015,Cancelled,cod
ORD002014,CUST02757,05/11/2024,WH008,Processing,Cash on Delivery
ORD002015,CUST01622,07/13/2024,WH017,Shipped,Credit Card
ORD002016,CUST01356,,WH002,Cancelled,UPI
ORD002017,CUST03184,2023/07/18,WH018,PENDING,Debit Card
ORD002018,CUST01303,04-05-2022,WH007,Cancelled,Net Banking
ORD002019,CUST01139,03-08-2022,WH014,Cancelled,UPI
ORD002020,CUST00598,05 Jan 2023,WH015,Shipped,UPI
ORD002021,CUST03985,2024-10-16,WH011,Shipped,COD
ORD002022,CUST02855,20/05/2024,WH009,CANCELLED,COD
ORD002023,CUST03946,2022/08/10,WH011,Cancelled,COD
ORD002024,CUST01530,28-05-2024,WH004,pending,UPI
ORD002025,CUST01127,13 Dec 2022,WH002,Returned,Net Banking
ORD002026,CUST00631,30-10-2023,WH008,processing,COD
ORD002027,CUST02638,08 May 2024,WH018,Cancelled,COD
ORD002028,CUST00673,2024/03/05,WH002,Returned,Cash on Delivery
ORD002029,CUST02449,01 Jan 2024,WH018,processing,Cash on Delivery
ORD002030,CUST01066,21/11/2024,WH002,Delivered,Cash on Delivery
ORD002031,CUST01497,07/18/2024,WH001,Pending,Credit Card
ORD002032,CUST03352,21-06-2023,WH011,Delivered,UPI
ORD002033,CUST00518,06/02/2024,WH001,Cancelled,cod
ORD002034,CUST00934,2022/02/08,WH013,Returned,cod
ORD002035,CUST01026,10/10/2022,WH003,processing,cod
ORD002036,CUST02505,16/03/2024,WH011,Processing,Net Banking
ORD002037,CUST03722,08/18/2024,WH007,Delivered,COD
ORD002038,CUST01152,2024/05/04,WH002,pending,cod
ORD002039,CUST02867,2022-07-28,WH005,Processing,Net Banking
ORD002040,CUST01354,2024/03/19,WH009,Pending,Credit Card
ORD002041,CUST02539,11 Jul 2024,WH001,cancelled,Net Banking
ORD002042,CUST02089,2022-02-17,WH006,PENDING,Credit Card
ORD002043,CUST02416,10/04/2023,WH018,Delivered,Net Banking
ORD002044,CUST00951,22 Jul 2024,WH001,Processing,Cash on Delivery
ORD002045,CUST03912,08/31/2024,WH016,Delivered,Debit Card
ORD002046,CUST00904,01/11/2024,WH016,Processing,Debit Card
ORD002047,CUST02230,14-12-2023,WH006,Cancelled,UPI
ORD002048,CUST02036,04/10/2024,WH011,Shipped,UPI
ORD002049,CUST00371,2022/09/01,WH014,Returned,UPI
ORD002050,CUST02330,17/12/2022,WH013,shipped,cod
ORD002051,CUST00624,03/28/2022,WH011,Pending,Debit Card
ORD002052,CUST03989,2023/07/09,WH002,PROCESSING,Cash on Delivery
ORD002053,CUST00271,19 Aug 2022,WH001,Delivered,Credit Card
ORD002054,CUST01901,2022-12-10,WH013,Returned,COD
ORD002055,CUST01260,15-02-2023,WH016,Shipped,Cash on Delivery
ORD002056,CUST01567,05 Feb 2024,WH017,Delivered,COD
ORD002057,CUST00018,2023/07/03,WH016,Pending,Debit Card
ORD002058,CUST03079,2023-11-06,WH009,RETURNED,Net Banking
ORD002059,CUST02316,2024-10-09,WH014,cancelled,UPI
ORD002060,CUST01661,15-07-2022,WH014,Delivered,Net Banking
ORD002061,CUST03567,03 Apr 2022,WH009,Cancelled,Cash on Delivery
ORD002062,CUST01579,03-08-2022,WH006,returned,COD
ORD002063,CUST03440,14/07/2024,WH005,CANCELLED,COD
ORD002064,CUST01274,2022-04-05,WH018,returned,Net Banking
ORD002065,CUST00335,2022-02-17,WH016,Pending,Debit Card
ORD002066,CUST03745,27-12-2024,WH016,RETURNED,UPI
ORD002067,CUST00044,2022/03/04,WH002,returned,cod
ORD002068,CUST01377,04/01/2022,WH016,Processing,UPI
ORD002069,CUST00712,2024/06/14,WH001,cancelled,cod
ORD002070,CUST01220,24/05/2024,WH008,Shipped,Credit Card
ORD002071,CUST01478,03/22/2024,WH003,Pending,cod
ORD002072,CUST02146,2023-07-03,WH018,PENDING,COD
ORD002073,CUST01093,30-01-2022,WH009,Delivered,COD
ORD002074,CUST00569,22-02-2023,WH007,Delivered,cod
ORD002075,CUST02985,09 Jan 2022,WH009,shipped,Credit Card
ORD002076,CUST02621,04/21/2024,WH014,PENDING,UPI
ORD002077,CUST01269,2022/07/19,WH013,Delivered,Debit Card
ORD002078,CUST03376,01/09/2024,WH016,PENDING,Credit Card
ORD002079,CUST02060,13/11/2022,WH017,Cancelled,Cash on Delivery
ORD002080,CUST02966,05-03-2022,WH014,Returned,UPI
ORD002081,CUST00301,10 Aug 2024,WH004,DELIVERED,Cash on Delivery
ORD002082,CUST01016,09/03/2022,WH015,shipped,Debit Card
ORD002083,CUST03640,2022-03-19,WH001,Delivered,cod
ORD002084,CUST03931,01/09/2022,WH017,Pending,COD
ORD002085,CUST00893,04/25/2024,WH015,delivered,UPI
ORD002086,CUST02745,08/03/2023,WH002,Shipped,Debit Card
ORD002087,CUST03898,10/01/2022,WH009,Returned,cod
ORD002088,CUST03149,25-04-2022,WH005,Returned,Cash on Delivery
ORD002089,CUST02209,31-01-2023,WH016,CANCELLED,cod
ORD002090,CUST00838,2022-05-24,WH018,Pending,UPI
ORD002091,CUST00987,07/09/2024,WH006,Pending,Credit Card
ORD002092,CUST03232,20/07/2022,WH018,SHIPPED,Credit Card
ORD002093,CUST03121,12 Oct 2022,WH011,Delivered,Net Banking
ORD002094,CUST00729,2023/06/08,WH009,Processing,COD
ORD002095,CUST02583,05/14/2024,WH007,Delivered,UPI
ORD002096,CUST51281,2022/07/19,WH012,Delivered,Net Banking
ORD002097,CUST00816,2022/06/25,WH018,DELIVERED,cod
ORD002098,CUST01179,2023-05-29,WH017,Pending,Cash on Delivery
ORD002099,CUST02202,04/13/2022,WH016,DELIVERED,cod
ORD002100,CUST02301,07-12-2022,WH006,Shipped,Cash on Delivery
ORD002101,CUST00027,2023/12/19,WH005,Shipped,UPI
ORD002102,CUST00501,12-08-2022,WH008,Shipped,cod
ORD002103,CUST01799,07/10/2022,WH017,Processing,Credit Card
ORD002104,CUST01864,,WH005,Delivered,Debit Card
ORD002105,CUST03696,19-08-2023,WH017,Cancelled,Credit Card
ORD002106,CUST02169,2023/07/24,WH012,Cancelled,COD
ORD002107,CUST02722,07/06/2024,WH007,delivered,COD
ORD002108,CUST00412,2022/12/19,WH007,shipped,Debit Card
ORD002109,CUST02017,0000-00-00,WH002,Delivered,Credit Card
ORD002110,CUST01793,09 Feb 2024,WH013,Shipped,Net Banking
ORD002111,CUST02156,10 May 2022,WH002,Returned,COD
ORD002112,CUST03178,30/12/2024,WH006,Returned,Credit Card
ORD002113,CUST02017,17/04/2024,WH013,Shipped,Credit Card
ORD002114,CUST03071,2022-10-30,WH005,SHIPPED,Net Banking
ORD002115,CUST01104,22 Nov 2024,WH009,PROCESSING,cod
ORD002116,CUST02804,2022/01/15,WH010,RETURNED,Net Banking
ORD002117,CUST00445,01/18/2022,WH016,Cancelled,Debit Card
ORD002118,CUST02070,2022/04/22,WH010,Processing,Debit Card
ORD002119,CUST03673,20/12/2024,WH005,Processing,Cash on Delivery
ORD002120,CUST03767,01 Nov 2023,WH015,Cancelled,Cash on Delivery
ORD002121,CUST02397,2024-09-03,WH005,Processing,Credit Card
ORD002122,CUST01218,14/12/2022,WH018,Pending,Cash on Delivery
ORD002123,CUST03817,23/01/2024,WH011,shipped,Cash on Delivery
ORD002124,CUST00690,10/12/2024,WH012,SHIPPED,Credit Card
ORD002125,CUST03760,2022/04/29,WH012,Processing,Cash on Delivery
ORD002126,CUST02924,17-12-2022,WH008,processing,Credit Card
ORD002127,CUST02831,06-11-2024,WH018,RETURNED,COD
ORD002128,CUST01431,07/22/2023,WH012,pending,cod
ORD002129,CUST01655,06 Oct 2024,WH007,Returned,COD
ORD002130,CUST00264,03/20/2024,WH011,Cancelled,Credit Card
ORD002131,CUST01088,19-12-2022,WH001,Delivered,Debit Card
ORD002132,CUST01559,09/17/2024,WH001,Shipped,Credit Card
ORD002133,CUST01952,05/14/2022,WH005,PENDING,Net Banking
ORD002134,CUST03853,06 Oct 2022,WH007,shipped,Net Banking
ORD002135,CUST03982,23/11/2022,WH016,Delivered,COD
ORD002136,CUST03722,06/03/2024,WH002,delivered,Cash on Delivery
ORD002137,CUST01722,08/02/2024,WH006,Cancelled,cod
ORD002138,CUST01639,01-01-2023,WH004,Returned,Credit Card
ORD002139,CUST00318,06 Aug 2023,WH009,Pending,Net Banking
ORD002140,CUST02202,2023-05-09,WH005,Shipped,COD
ORD002141,CUST03427,10/09/2023,WH017,CANCELLED,COD
ORD002142,CUST00054,17/07/2022,WH010,Cancelled,UPI
ORD002143,CUST02142,02/16/2024,WH003,cancelled,UPI
ORD002144,CUST01617,06-08-2023,WH016,delivered,Cash on Delivery
ORD002145,CUST02507,23/02/2024,WH010,Cancelled,Debit Card
ORD002146,CUST02983,25/01/2024,WH011,Cancelled,Credit Card
ORD002147,CUST00777,11 Oct 2022,WH011,delivered,Net Banking
ORD002148,CUST02579,2022-02-21,WH014,Returned,Debit Card
ORD002149,CUST02435,10/12/2024,WH011,delivered,Debit Card
ORD002150,CUST01346,2024-10-20,WH002,Cancelled,Net Banking
ORD002151,CUST03526,02/27/2024,WH006,Delivered,cod
ORD002152,CUST00061,04-11-2024,WH003,Shipped,COD
ORD002153,CUST00385,2022/08/20,WH018,Pending,Debit Card
ORD002154,CUST02938,23-01-2024,WH017,Shipped,Net Banking
ORD002155,CUST02499,07 Dec 2024,WH013,Processing,COD
ORD002156,CUST03059,31 Dec 2022,WH002,returned,UPI
ORD002157,CUST03848,2023-11-12,WH001,shipped,COD
ORD002158,CUST00182,2023/05/01,WH007,Processing,Cash on Delivery
ORD002159,CUST03775,2023/12/10,WH003,Shipped,cod
ORD002160,CUST01430,09 Oct 2024,WH014,PENDING,Cash on Delivery
ORD002161,CUST02925,18/06/2023,WH003,DELIVERED,COD
ORD002162,CUST01831,22/03/2022,WH003,pending,COD
ORD002163,CUST00405,2022/03/26,WH016,Processing,COD
ORD002164,CUST01139,23 Feb 2023,WH006,shipped,cod
ORD002165,CUST02726,26 Sep 2023,WH006,SHIPPED,Debit Card
ORD002166,CUST02858,19/04/2022,WH014,Returned,UPI
ORD002167,CUST03596,2022/06/08,WH007,Cancelled,Net Banking
ORD002168,CUST03024,22/12/2022,WH018,shipped,Debit Card
ORD002169,CUST00664,12 Feb 2024,WH015,Delivered,Net Banking
ORD002170,CUST01303,2023-08-21,WH003,Shipped,Debit Card
ORD002171,CUST00277,2023-04-12,WH001,Delivered,Credit Card
ORD002172,CUST02577,19/08/2022,WH004,processing,cod
ORD002173,CUST03248,09/10/2022,WH009,Returned,COD
ORD002174,CUST01586,10-01-2024,WH010,Cancelled,Net Banking
ORD002175,CUST03336,11/20/2023,WH014,Processing,COD
ORD002176,CUST02312,2022/07/10,WH006,Returned,UPI
ORD002177,CUST01214,28/05/2022,WH005,Cancelled,Debit Card
ORD002178,CUST03836,08 Oct 2024,WH012,Delivered,Debit Card
ORD002179,CUST00812,15/05/2022,WH015,Processing,UPI
ORD002180,CUST01450,08/17/2024,WH012,Cancelled,Net Banking
ORD002181,CUST02623,05/28/2022,WH017,pending,Net Banking
ORD002182,CUST01819,10-10-2023,WH014,Pending,Cash on Delivery
ORD002183,CUST00250,14 May 2022,WH013,PROCESSING,UPI
ORD002184,CUST03879,2022/10/26,WH015,Shipped,Debit Card
ORD002185,CUST01389,08/21/2022,WH010,Shipped,Credit Card
ORD002186,CUST02139,12/05/2024,WH005,shipped,COD
ORD002187,CUST02093,24-08-2023,WH009,PENDING,cod
ORD002188,CUST01799,25/10/2022,WH008,DELIVERED,Debit Card
ORD002189,CUST00016,19-08-2024,WH005,Shipped,cod
ORD002190,CUST01122,2023-06-12,WH009,Delivered,UPI
ORD002191,CUST03565,06/07/2024,WH002,Processing,UPI
ORD002192,CUST00187,04 Jan 2023,WH011,shipped,cod
ORD002193,CUST02523,2024/11/28,WH006,SHIPPED,Debit Card
ORD002194,CUST00845,10-12-2022,WH017,Shipped,cod
ORD002195,CUST00346,2022/08/09,WH013,Shipped,Net Banking
ORD002196,CUST00223,29-03-2022,WH015,Returned,Net Banking
ORD002197,CUST00916,2023-09-12,WH016,pending,cod
ORD002198,CUST03272,2023-06-21,WH007,Delivered,COD
ORD002199,CUST02103,2024/01/26,WH012,Shipped,Net Banking
ORD002200,CUST02965,05-08-2024,WH008,Cancelled,Credit Card
ORD002201,CUST01847,02-05-2024,WH001,Shipped,Debit Card
ORD002202,CUST00111,2023/12/08,WH001,CANCELLED,Net Banking
ORD002203,CUST03070,,WH011,delivered,Cash on Delivery
ORD002204,CUST00555,06/08/2024,WH006,Shipped,Cash on Delivery
ORD002205,CUST00426,16/12/2024,WH014,processing,COD
ORD002206,CUST00936,2024-11-29,WH004,Shipped,Cash on Delivery
ORD002207,CUST03109,02/04/2024,WH002,Cancelled,Debit Card
ORD002208,CUST03264,27 Feb 2023,WH017,Delivered,cod
ORD002209,CUST03272,0000-00-00,WH016,Cancelled,Credit Card
ORD002210,CUST00184,,WH007,Pending,COD
ORD002211,CUST02570,2023-01-05,WH012,Cancelled,Debit Card
ORD002212,CUST03827,2023-10-21,WH003,Cancelled,Cash on Delivery
ORD002213,CUST03232,07/08/2022,WH001,Delivered,Debit Card
ORD002214,CUST03888,01/06/2023,WH016,Shipped,Debit Card
ORD002215,CUST03232,23 Feb 2023,WH003,Pending,UPI
ORD002216,CUST01663,08/07/2023,WH017,Processing,Cash on Delivery
ORD002217,CUST01930,15/01/2023,WH012,Cancelled,UPI
ORD002218,CUST01917,2022-11-14,WH007,PROCESSING,cod
ORD002219,CUST00884,08/12/2022,WH003,Returned,COD
ORD002220,CUST03978,06-05-2024,WH006,Delivered,Credit Card
ORD002221,CUST01155,07/14/2024,WH006,Delivered,Net Banking
ORD002222,CUST00687,2023-07-31,WH005,Returned,cod
ORD002223,CUST02806,2024-01-17,WH010,Returned,Credit Card
ORD002224,CUST03677,2024-12-09,WH001,Delivered,Debit Card
ORD002225,CUST03670,17-08-2023,WH013,Pending,Debit Card
ORD002226,CUST00934,30/11/2023,WH005,cancelled,COD
ORD002227,CUST03276,29-05-2022,WH008,Shipped,Cash on Delivery
ORD002228,CUST03644,28 Mar 2022,WH014,PENDING,COD
ORD002229,CUST00233,07 Jul 2022,WH011,CANCELLED,Debit Card
ORD002230,CUST00969,2023/04/23,WH010,Returned,Debit Card
ORD002231,CUST00777,21/01/2023,WH002,Shipped,cod
ORD002232,CUST02356,13-07-2022,WH018,pending,COD
ORD002233,CUST01515,26 Feb 2024,WH011,Delivered,COD
ORD002234,CUST01677,25 Aug 2023,WH012,PROCESSING,Net Banking
ORD002235,CUST03695,2023-12-20,WH009,Processing,Debit Card
ORD002236,CUST01007,2024/09/09,WH012,Cancelled,UPI
ORD002237,CUST00808,16-02-2024,WH002,Processing,cod
ORD002238,CUST00484,2022-11-11,WH004,cancelled,COD
ORD002239,CUST02352,18-12-2023,WH001,Returned,UPI
ORD002240,CUST00539,2022-08-08,WH015,Processing,Cash on Delivery
ORD002241,CUST02254,2024/04/23,WH018,Delivered,Net Banking
ORD002242,CUST01177,21/09/2024,WH009,Shipped,Net Banking
ORD002243,CUST03308,02/10/2024,WH017,Processing,Debit Card
ORD002244,CUST00364,10/27/2024,WH018,Cancelled,Cash on Delivery
ORD002245,CUST03595,09/03/2024,WH009,pending,Net Banking
ORD002246,CUST00324,2024/08/15,WH016,Delivered,Net Banking
ORD002247,CUST02441,20/12/2023,WH003,Processing,cod
ORD002248,CUST00620,11/02/2022,WH014,Shipped,UPI
ORD002249,CUST03866,11-04-2024,WH018,Pending,Credit Card
ORD002250,CUST01678,13/08/2023,WH012,Processing,UPI
ORD002251,CUST03308,04 Dec 2023,WH011,Returned,UPI
ORD002252,CUST03714,11 Jul 2022,WH012,Cancelled,Credit Card
ORD002253,CUST01256,10-10-2022,WH012,CANCELLED,Net Banking
ORD002254,CUST01343,27/08/2023,WH008,Pending,Net Banking
ORD002255,CUST01955,18 Sep 2024,WH001,Pending,Cash on Delivery
ORD002256,CUST03814,29-05-2024,WH018,Returned,cod
ORD002257,CUST03856,07/08/2023,WH004,Cancelled,Cash on Delivery
ORD002258,CUST02877,0000-00-00,WH018,Returned,UPI
ORD002259,CUST02938,2022/07/01,WH017,cancelled,Debit Card
ORD002260,CUST03299,04/19/2022,WH007,Pending,cod
ORD002261,CUST00427,2022-12-23,WH002,Pending,COD
ORD002262,CUST03564,2023-04-29,WH002,Shipped,Credit Card
ORD002263,CUST03537,06/03/2022,WH003,Cancelled,Debit Card
ORD002264,CUST50439,06-03-2022,WH008,cancelled,Debit Card
ORD002265,CUST00616,05 Apr 2023,WH002,Processing,Net Banking
ORD002266,CUST03346,07-05-2022,WH018,SHIPPED,cod
ORD002267,CUST01907,20-12-2022,WH017,Processing,Net Banking
ORD002268,CUST01379,2023-06-03,WH006,Shipped,Net Banking
ORD002269,CUST00471,,WH012,RETURNED,Net Banking
ORD002270,CUST02692,09/01/2022,WH017,Delivered,cod
ORD002271,CUST03714,31 Mar 2022,WH012,Delivered,UPI
ORD002272,CUST02078,03-02-2024,WH017,PENDING,Credit Card
ORD002273,CUST02667,18 Jan 2023,WH015,Shipped,UPI
ORD002274,CUST01133,11/19/2024,WH011,Delivered,cod
ORD002275,CUST00777,2023-04-16,WH006,RETURNED,UPI
ORD002276,CUST01907,09/27/2022,WH017,Cancelled,Net Banking
ORD002277,CUST03570,02 Feb 2023,WH007,Pending,Net Banking
ORD002278,CUST01829,07 May 2022,WH018,Pending,cod
ORD002279,CUST02387,19 Nov 2022,WH002,Processing,Debit Card
ORD002280,CUST01443,03/01/2024,WH008,Returned,Debit Card
ORD002281,CUST03242,31-05-2023,WH007,DELIVERED,Credit Card
ORD002282,CUST02691,03-03-2024,WH001,Pending,UPI
ORD002283,CUST02309,09 Feb 2022,WH010,Delivered,Credit Card
ORD002284,CUST01026,2022/05/29,WH013,Processing,Debit Card
ORD002285,CUST01786,2023-09-19,WH013,Pending,COD
ORD002286,CUST02233,10/17/2023,WH017,Cancelled,Credit Card
ORD002287,CUST03830,24/06/2022,WH006,Processing,Credit Card
ORD002288,CUST02756,2022/11/10,WH013,Returned,Debit Card
ORD002289,CUST02920,05/01/2023,WH016,Processing,Credit Card
ORD002290,CUST03543,10/08/2023,WH002,Pending,Debit Card
ORD002291,CUST01847,02/01/2022,WH016,Processing,Net Banking
ORD002292,CUST01226,2022-06-24,WH003,Processing,UPI
ORD002293,CUST00956,,WH014,returned,Debit Card
ORD002294,CUST03940,27/11/2023,WH018,Cancelled,cod
ORD002295,CUST01173,27/01/2022,WH017,PENDING,COD
ORD002296,CUST03393,06/12/2022,WH010,Returned,Net Banking
ORD002297,CUST00583,05/12/2022,WH017,Pending,Debit Card
ORD002298,CUST01348,2023/07/20,WH002,Cancelled,Cash on Delivery
ORD002299,CUST03081,29 Jan 2022,WH001,Cancelled,Net Banking
ORD002300,CUST03402,2022/05/25,WH005,DELIVERED,cod
ORD002301,CUST00442,2022/10/27,WH017,Shipped,cod
ORD002302,CUST03027,2022/08/26,WH001,Pending,COD
ORD002303,CUST03329,21 Jul 2024,WH001,Pending,COD
ORD002304,CUST03139,2023-09-05,WH005,Shipped,Credit Card
ORD002305,CUST01347,2022/11/26,WH004,Returned,COD
ORD002306,CUST01429,2024-01-14,WH009,Cancelled,COD
ORD002307,CUST01492,2023/08/17,WH009,Cancelled,Debit Card
ORD002308,CUST02859,2022/09/29,WH001,Returned,Net Banking
ORD002309,CUST59328,29 Jan 2022,WH016,DELIVERED,Credit Card
ORD002310,CUST02574,13-09-2023,WH015,delivered,Net Banking
ORD002311,CUST01305,2023/04/17,WH013,Delivered,cod
ORD002312,CUST03360,05/21/2024,WH001,Delivered,Debit Card
ORD002313,CUST51681,2024/10/02,WH014,DELIVERED,Debit Card
ORD002314,CUST02821,10/24/2023,WH014,Returned,Cash on Delivery
ORD002315,CUST01397,07/13/2022,WH002,Delivered,cod
ORD002316,CUST00275,30-05-2024,WH016,delivered,Cash on Delivery
ORD002317,CUST01875,29-09-2022,WH012,DELIVERED,Cash on Delivery
ORD002318,CUST03273,08/18/2024,WH002,PROCESSING,Net Banking
ORD002319,CUST03526,2022-07-10,WH013,Delivered,Net Banking
ORD002320,CUST03521,19/06/2023,WH007,Shipped,Net Banking
ORD002321,CUST01418,11/20/2024,WH014,Returned,Debit Card
ORD002322,CUST01042,27-06-2024,WH005,Processing,Net Banking
ORD002323,CUST02386,11/25/2024,WH014,RETURNED,cod
ORD002324,CUST03434,05 Mar 2022,WH013,Cancelled,Debit Card
ORD002325,CUST02141,22 Nov 2023,WH006,Shipped,Debit Card
ORD002326,CUST03355,2024/11/23,WH014,Shipped,COD
ORD002327,CUST03198,05/03/2022,WH005,Returned,Net Banking
ORD002328,CUST03146,22-12-2022,WH018,Pending,Debit Card
ORD002329,CUST00325,2024-07-28,WH004,Shipped,Debit Card
ORD002330,CUST01424,09/02/2023,WH012,Delivered,Net Banking
ORD002331,CUST03403,2023/09/26,WH014,Cancelled,Credit Card
ORD002332,CUST00425,04/10/2023,WH012,Delivered,COD
ORD002333,CUST00691,10/01/2022,WH011,SHIPPED,Cash on Delivery
ORD002334,CUST00793,09-04-2023,WH008,pending,cod
ORD002335,CUST00886,2023/10/13,WH014,Processing,Cash on Delivery
ORD002336,CUST02651,2023/11/29,WH007,returned,UPI
ORD002337,CUST00059,2023-03-04,WH009,Delivered,Net Banking
ORD002338,CUST00685,2024-09-13,WH002,returned,UPI
ORD002339,CUST01954,15/12/2022,WH013,Shipped,UPI
ORD002340,CUST02040,18-06-2022,WH008,Cancelled,Debit Card
ORD002341,CUST03733,13/07/2023,WH011,Cancelled,Credit Card
ORD002342,CUST02825,13-06-2022,WH010,returned,Cash on Delivery
ORD002343,CUST00327,06-08-2022,WH016,DELIVERED,Debit Card
ORD002344,CUST01136,03/10/2024,WH004,Delivered,Cash on Delivery
ORD002345,CUST00062,2022/04/13,WH014,PENDING,cod
ORD002346,CUST00395,21/09/2022,WH018,Returned,Net Banking
ORD002347,CUST02124,2022/07/29,WH013,delivered,Debit Card
ORD002348,CUST03335,08/26/2022,WH003,Returned,Debit Card
ORD002349,CUST00787,21 Mar 2022,WH014,pending,UPI
ORD002350,CUST00940,09/01/2022,WH001,Returned,cod
ORD002351,CUST02175,2024/05/03,WH012,Processing,Cash on Delivery
ORD002352,CUST00358,15 Jun 2022,WH009,Pending,cod
ORD002353,CUST02450,2022-09-17,WH003,Shipped,cod
ORD002354,CUST02272,30-07-2024,WH007,Pending,Net Banking
ORD002355,CUST01694,05/02/2024,WH013,returned,Net Banking
ORD002356,CUST02427,11/01/2023,WH018,Shipped,Debit Card
ORD002357,CUST03687,2023/08/12,WH014,Processing,cod
ORD002358,CUST00458,2022/10/23,WH018,Returned,COD
ORD002359,CUST01247,28/05/2022,WH013,Processing,Cash on Delivery
ORD002360,CUST01189,14-12-2024,WH013,Delivered,UPI
ORD002361,CUST02634,2024-11-10,WH011,Delivered,Debit Card
ORD002362,CUST00580,2022-05-02,WH001,Returned,cod
ORD002363,CUST01050,2022/06/17,WH018,Processing,Debit Card
ORD002364,CUST00864,01/09/2022,WH016,Processing,Cash on Delivery
ORD002365,CUST01440,2022/01/15,WH004,Delivered,cod
ORD002366,CUST02332,07/04/2022,WH005,pending,COD
ORD002367,CUST02703,2024-07-25,WH006,Returned,cod
ORD002368,CUST01817,2023-08-28,WH008,Shipped,UPI
ORD002369,CUST02512,2024/09/16,WH009,Shipped,Net Banking
ORD002370,CUST02868,10 Aug 2024,WH006,Shipped,cod
ORD002371,CUST03425,2024-11-25,WH015,Returned,Cash on Delivery
ORD002372,CUST01464,0000-00-00,WH017,returned,UPI
ORD002373,CUST02258,2024-07-09,WH007,DELIVERED,UPI
ORD002374,CUST02557,02/08/2024,WH012,pending,Net Banking
ORD002375,CUST03252,2024/10/30,WH016,Cancelled,Credit Card
ORD002376,CUST03972,06-07-2023,WH009,Delivered,UPI
ORD002377,CUST01721,2022-12-14,WH018,Cancelled,Cash on Delivery
ORD002378,CUST01966,10/10/2024,WH018,cancelled,Debit Card
ORD002379,CUST03305,2023/05/11,WH009,shipped,Cash on Delivery
ORD002380,CUST01931,05/22/2024,WH005,Delivered,Net Banking
ORD002381,CUST01352,18 Feb 2024,WH011,PROCESSING,Debit Card
ORD002382,CUST00213,10/18/2024,WH013,Returned,cod
ORD002383,CUST01756,2022/09/13,WH011,CANCELLED,COD
ORD002384,CUST03066,01/18/2024,WH005,Processing,cod
ORD002385,CUST02655,2024-02-19,WH018,Delivered,cod
ORD002386,CUST03850,2022-12-15,WH015,SHIPPED,cod
ORD002387,CUST01719,25 May 2022,WH005,Processing,UPI
ORD002388,CUST00570,2022-09-25,WH008,Processing,COD
ORD002389,CUST00494,05/04/2022,WH013,Processing,Debit Card
ORD002390,CUST01876,08/07/2023,WH009,Cancelled,COD
ORD002391,CUST02730,2022-03-31,WH012,delivered,Debit Card
ORD002392,CUST03549,2022-12-24,WH004,Returned,COD
ORD002393,CUST01964,08/06/2024,WH003,Delivered,Cash on Delivery
ORD002394,CUST03541,2023-05-22,WH018,pending,COD
ORD002395,CUST00575,30/07/2022,WH016,Returned,Cash on Delivery
ORD002396,CUST02106,2022-01-01,WH007,DELIVERED,COD
ORD002397,CUST02402,2024/06/23,WH004,PENDING,Net Banking
ORD002398,CUST00308,2022-03-20,WH004,Returned,COD
ORD002399,CUST00826,14/12/2023,WH006,CANCELLED,Cash on Delivery
ORD002400,CUST01815,2022/05/10,WH001,Processing,COD
ORD002401,CUST02194,02 Jul 2024,WH015,RETURNED,COD
ORD002402,CUST03089,06/27/2024,WH017,Delivered,Cash on Delivery
ORD002403,CUST00515,02-04-2024,WH015,Shipped,cod
ORD002404,CUST03526,08/16/2024,WH017,RETURNED,Credit Card
ORD002405,CUST02781,05/04/2022,WH007,Cancelled,Cash on Delivery
ORD002406,CUST02223,2023-08-28,WH015,Processing,Net Banking
ORD002407,CUST02158,21 Nov 2024,WH009,returned,Net Banking
ORD002408,CUST00661,30 Jun 2024,WH003,Pending,Net Banking
ORD002409,CUST03557,2022/06/24,WH006,CANCELLED,COD
ORD002410,CUST03418,26/06/2022,WH012,Returned,Credit Card
ORD002411,CUST02621,2022/10/15,WH004,Pending,UPI
ORD002412,CUST02475,11-08-2023,WH011,Delivered,COD
ORD002413,CUST02121,02 Jun 2022,WH007,DELIVERED,Cash on Delivery
ORD002414,CUST02038,26 Jul 2022,WH004,Pending,UPI
ORD002415,CUST03311,2024-12-16,WH007,Processing,Debit Card
ORD002416,CUST01927,14-05-2022,WH013,Cancelled,Credit Card
ORD002417,CUST02505,15 Mar 2023,WH016,Returned,Net Banking
ORD002418,CUST02483,12/29/2022,WH009,Shipped,cod
ORD002419,CUST03939,10/03/2023,WH014,Pending,Net Banking
ORD002420,CUST01504,2024-04-30,WH008,Cancelled,Credit Card
ORD002421,CUST02095,26/06/2024,WH007,Shipped,cod
ORD002422,CUST03202,19/01/2022,WH018,Processing,Debit Card
ORD002423,CUST03452,03/07/2023,WH002,PENDING,cod
ORD002424,CUST03506,13-08-2024,WH004,Cancelled,COD
ORD002425,CUST03432,23-09-2024,WH017,Processing,Cash on Delivery
ORD002426,CUST03075,2022-08-30,WH007,PROCESSING,Debit Card
ORD002427,CUST02790,04/14/2024,WH006,Pending,Cash on Delivery
ORD002428,CUST00926,04/12/2022,WH003,Shipped,UPI
ORD002429,CUST03434,08-07-2022,WH002,shipped,Cash on Delivery
ORD002430,CUST00343,08/07/2024,WH015,Pending,UPI
ORD002431,CUST03991,26-05-2024,WH014,Cancelled,COD
ORD002432,CUST02083,09/27/2024,WH014,Cancelled,Debit Card
ORD002433,CUST00364,28-05-2024,WH014,Cancelled,Credit Card
ORD002434,CUST02179,29-05-2023,WH008,Shipped,Cash on Delivery
ORD002435,CUST02900,2023/06/21,WH012,pending,UPI
ORD002436,CUST01003,2024/01/11,WH009,Returned,cod
ORD002437,CUST00386,2024-11-28,WH016,Pending,Credit Card
ORD002438,CUST03966,30-11-2022,WH014,Returned,COD
ORD002439,CUST03892,2022-05-04,WH009,Cancelled,Debit Card
ORD002440,CUST02940,01-05-2023,WH005,Pending,UPI
ORD002441,CUST02801,19-01-2024,WH017,SHIPPED,Credit Card
ORD002442,CUST03419,2022/08/23,WH009,Delivered,cod
ORD002443,CUST02534,2022-04-07,WH018,CANCELLED,Debit Card
ORD002444,CUST03202,2023-11-18,WH014,pending,Cash on Delivery
ORD002445,CUST03218,30/04/2023,WH014,Processing,Cash on Delivery
ORD002446,CUST01430,2022/01/05,WH003,Pending,cod
ORD002447,CUST03405,19/12/2024,WH015,Processing,COD
ORD002448,CUST03451,05 Sep 2022,WH009,Returned,Debit Card
ORD002449,CUST00474,15-06-2022,WH001,Delivered,COD
ORD002450,CUST00758,06/19/2022,WH001,cancelled,Cash on Delivery
ORD002451,CUST01543,,WH005,Delivered,UPI
ORD002452,CUST03207,14-01-2023,WH017,SHIPPED,Credit Card
ORD002453,CUST01425,2022-02-23,WH005,Returned,Cash on Delivery
ORD002454,CUST00545,26-05-2023,WH008,Returned,Cash on Delivery
ORD002455,CUST02766,21 Sep 2024,WH018,cancelled,Net Banking
ORD002456,CUST00223,17 Apr 2023,WH012,Returned,Cash on Delivery
ORD002457,CUST00234,09 Feb 2022,WH009,Pending,Net Banking
ORD002458,CUST02910,07/14/2022,WH011,Delivered,Net Banking
ORD002459,CUST03030,2023-03-12,WH007,Processing,Net Banking
ORD002460,CUST01717,10/08/2022,WH017,Pending,Credit Card
ORD002461,CUST03881,2022/10/01,WH015,Delivered,Credit Card
ORD002462,CUST00005,10/24/2022,WH014,Pending,cod
ORD002463,CUST00551,10/11/2023,WH010,cancelled,Net Banking
ORD002464,CUST03428,06-09-2023,WH015,Returned,cod
ORD002465,CUST00964,2023-12-11,WH018,Returned,cod
ORD002466,CUST02789,2022/09/23,WH016,Delivered,Net Banking
ORD002467,CUST00922,2024/03/22,WH004,Shipped,cod
ORD002468,CUST00886,2022/11/09,WH017,DELIVERED,UPI
ORD002469,CUST00673,16/11/2024,WH007,Pending,COD
ORD002470,CUST01863,,WH004,pending,Debit Card
ORD002471,CUST01061,16/12/2024,WH017,Shipped,Debit Card
ORD002472,CUST00319,17-12-2022,WH016,Pending,Credit Card
ORD002473,CUST03040,05-12-2022,WH017,processing,Cash on Delivery
ORD002474,CUST03285,2023-03-14,WH006,delivered,Credit Card
ORD002475,CUST00136,25-05-2022,WH016,Shipped,COD
ORD002476,CUST03331,2022-06-24,WH001,Pending,COD
ORD002477,CUST00173,08 Jun 2024,WH005,Shipped,Net Banking
ORD002478,CUST00451,05/04/2022,WH003,Cancelled,Net Banking
ORD002479,CUST00138,08/01/2022,WH005,delivered,cod
ORD002480,CUST01792,24/04/2023,WH012,Returned,Cash on Delivery
ORD002481,CUST02131,01-09-2023,WH014,processing,Credit Card
ORD002482,CUST01383,01-11-2024,WH008,SHIPPED,Cash on Delivery
ORD002483,CUST01935,19 Apr 2023,WH014,Pending,UPI
ORD002484,CUST00973,06/17/2023,WH013,Returned,Credit Card
ORD002485,CUST02682,2024/08/30,WH011,Returned,Net Banking
ORD002486,CUST02075,02/14/2024,WH002,Returned,cod
ORD002487,CUST01450,02/22/2022,WH016,Processing,Net Banking
ORD002488,CUST00715,2024-12-30,WH018,PROCESSING,Credit Card
ORD002489,CUST01914,14/12/2023,WH018,Delivered,COD
ORD002490,CUST01701,2022/04/19,WH007,processing,Net Banking
ORD002491,CUST02256,26 Nov 2023,WH011,Processing,Net Banking
ORD002492,CUST03652,2022/11/04,WH012,Delivered,UPI
ORD002493,CUST03750,11/04/2022,WH007,Cancelled,UPI
ORD002494,CUST02540,2023/05/28,WH006,Processing,UPI
ORD002495,CUST03031,2023/09/15,WH003,cancelled,cod
ORD002496,CUST01893,01/03/2024,WH018,shipped,Cash on Delivery
ORD002497,CUST02077,2022-08-18,WH017,Shipped,cod
ORD002498,CUST00500,03 Feb 2024,WH002,Cancelled,Credit Card
ORD002499,CUST01019,2023-07-30,WH001,Cancelled,COD
ORD002500,CUST02151,28-09-2023,WH016,pending,Cash on Delivery
ORD002501,CUST03631,2023/02/25,WH001,Pending,cod
ORD002502,CUST01828,25-12-2022,WH006,Pending,Cash on Delivery
ORD002503,CUST02770,08/05/2022,WH017,processing,cod
ORD002504,CUST02034,2024/08/28,WH002,Processing,UPI
ORD002505,CUST03781,2024/08/10,WH003,Returned,Credit Card
ORD002506,CUST00586,26/08/2024,WH014,CANCELLED,COD
ORD002507,CUST03565,02/15/2023,WH009,Returned,COD
ORD002508,CUST01192,23/04/2022,WH004,pending,COD
ORD002509,CUST01479,16-11-2023,WH014,Shipped,Debit Card
ORD002510,CUST00402,01/27/2022,WH004,Returned,COD
ORD002511,CUST02954,12-04-2024,WH003,Cancelled,Credit Card
ORD002512,CUST00733,13/10/2022,WH002,Shipped,Cash on Delivery
ORD002513,CUST01182,19/08/2024,WH006,Cancelled,Credit Card
ORD002514,CUST00865,07/06/2023,WH004,pending,Net Banking
ORD002515,CUST00207,2024/03/17,WH003,Pending,Debit Card
ORD002516,CUST01127,2023/12/15,WH012,DELIVERED,Net Banking
ORD002517,CUST01165,22 Apr 2023,WH017,Shipped,Debit Card
ORD002518,CUST01398,03-06-2024,WH013,Pending,cod
ORD002519,CUST02049,16-12-2024,WH016,Processing,COD
ORD002520,CUST02508,10 Sep 2024,WH008,Pending,UPI
ORD002521,CUST02180,03/11/2024,WH001,Returned,cod
ORD002522,CUST02594,07/18/2023,WH016,Cancelled,COD
ORD002523,CUST02227,21-06-2023,WH018,Returned,Net Banking
ORD002524,CUST00606,16/04/2024,WH008,Shipped,Net Banking
ORD002525,CUST03503,06/18/2022,WH009,Shipped,Debit Card
ORD002526,CUST01520,2024/05/14,WH017,RETURNED,cod
ORD002527,CUST03032,29-06-2023,WH004,Shipped,cod
ORD002528,CUST03796,13 May 2023,WH009,pending,Cash on Delivery
ORD002529,CUST03228,15 Jan 2023,WH013,Pending,UPI
ORD002530,CUST00677,29/10/2024,WH006,Delivered,Net Banking
ORD002531,CUST01467,06 Nov 2024,WH013,CANCELLED,Debit Card
ORD002532,CUST00573,12-03-2024,WH003,Returned,Net Banking
ORD002533,CUST00127,01/28/2022,WH005,RETURNED,Debit Card
ORD002534,CUST03940,2022/01/30,WH010,PROCESSING,Net Banking
ORD002535,CUST01996,05-07-2023,WH013,DELIVERED,COD
ORD002536,CUST02018,16-06-2022,WH003,Cancelled,Net Banking
ORD002537,CUST03108,09/20/2023,WH011,DELIVERED,Net Banking
ORD002538,CUST01259,08/14/2022,WH004,Cancelled,cod
ORD002539,CUST01552,15 Jun 2022,WH004,Delivered,Cash on Delivery
ORD002540,CUST02834,06 Feb 2023,WH015,Pending,Debit Card
ORD002541,CUST03034,2023/09/07,WH004,Shipped,Credit Card
ORD002542,CUST01072,18 Jul 2023,WH005,Processing,Debit Card
ORD002543,CUST03359,2022/01/05,WH001,Cancelled,Credit Card
ORD002544,CUST03169,23 Aug 2022,WH002,Cancelled,Credit Card
ORD002545,CUST01064,,WH009,Processing,Net Banking
ORD002546,CUST02472,17/11/2022,WH008,PROCESSING,Cash on Delivery
ORD002547,CUST00678,2023-06-06,WH012,Cancelled,cod
ORD002548,CUST02470,10/25/2022,WH004,Processing,Net Banking
ORD002549,CUST02712,2023-01-19,WH009,SHIPPED,Cash on Delivery
ORD002550,CUST03286,11/15/2024,WH010,Cancelled,Credit Card
ORD002551,CUST01712,2023/10/06,WH007,Returned,COD
ORD002552,CUST03763,2024/12/05,WH011,RETURNED,Cash on Delivery
ORD002553,CUST00487,17-03-2024,WH013,CANCELLED,cod
ORD002554,CUST03854,20/02/2022,WH017,Pending,Credit Card
ORD002555,CUST03089,2022/04/24,WH018,DELIVERED,UPI
ORD002556,CUST00844,04 Jan 2023,WH018,Shipped,Cash on Delivery
ORD002557,CUST00704,2023-03-04,WH018,Delivered,COD
ORD002558,CUST02916,04/02/2023,WH017,Pending,Net Banking
ORD002559,CUST01589,2024/02/16,WH013,Pending,UPI
ORD002560,CUST00401,2023/06/15,WH005,Shipped,Cash on Delivery
ORD002561,CUST00095,2024/04/08,WH014,Shipped,cod
ORD002562,CUST00449,01/10/2022,WH005,Shipped,Debit Card
ORD002563,CUST02384,29 Apr 2022,WH012,Processing,COD
ORD002564,CUST00539,05/03/2024,WH015,RETURNED,COD
ORD002565,CUST02807,12/12/2022,WH016,Cancelled,cod
ORD002566,CUST59703,09 May 2023,WH016,Shipped,Debit Card
ORD002567,CUST02318,05-09-2023,WH002,Shipped,COD
ORD002568,CUST02210,2024-03-26,WH008,Processing,UPI
ORD002569,CUST01758,05/20/2024,WH011,processing,Credit Card
ORD002570,CUST02691,2022-02-24,WH011,Cancelled,COD
ORD002571,CUST00947,06/27/2024,WH006,shipped,UPI
ORD002572,CUST01336,2023/03/11,WH006,pending,Credit Card
ORD002573,CUST01430,2024-03-14,WH011,processing,Debit Card
ORD002574,CUST58021,21 Feb 2023,WH015,DELIVERED,COD
ORD002575,CUST03065,10/03/2024,WH004,SHIPPED,Net Banking
ORD002576,CUST00362,2024-05-26,WH009,Pending,Net Banking
ORD002577,CUST03044,12 Oct 2022,WH004,PENDING,cod
ORD002578,CUST01604,01 Aug 2024,WH011,Processing,Debit Card
ORD002579,CUST00733,2024-10-08,WH008,shipped,COD
ORD002580,CUST00778,2023-08-16,WH018,PROCESSING,cod
ORD002581,CUST01650,22-11-2024,WH017,CANCELLED,COD
ORD002582,CUST01190,27 Dec 2022,WH001,Shipped,Net Banking
ORD002583,CUST00768,02/10/2023,WH010,Returned,cod
ORD002584,CUST02047,2024-05-24,WH018,Shipped,cod
ORD002585,CUST03537,17 Apr 2024,WH016,Pending,Credit Card
ORD002586,CUST00311,10/21/2024,WH010,Processing,Credit Card
ORD002587,CUST01175,0000-00-00,WH013,Delivered,Cash on Delivery
ORD002588,CUST00780,14 Nov 2022,WH008,Processing,Cash on Delivery
ORD002589,CUST02806,29 Sep 2024,WH005,Cancelled,Cash on Delivery
ORD002590,CUST02365,06/09/2022,WH007,shipped,Credit Card
ORD002591,CUST03488,23/12/2024,WH012,Returned,Credit Card
ORD002592,CUST01890,11-08-2023,WH005,shipped,COD
ORD002593,CUST00017,0000-00-00,WH010,Pending,Net Banking
ORD002594,CUST00177,10/08/2022,WH012,cancelled,Debit Card
ORD002595,CUST00187,2024-07-29,WH008,Shipped,Cash on Delivery
ORD002596,CUST01466,22/08/2024,WH001,processing,COD
ORD002597,CUST01286,03/27/2024,WH011,Delivered,Debit Card
ORD002598,CUST03064,2023/10/06,WH011,cancelled,cod
ORD002599,CUST01044,2022-11-23,WH016,Delivered,Credit Card
ORD002600,CUST01974,21 Dec 2024,WH015,Returned,COD
ORD002601,CUST02714,19-04-2024,WH012,Cancelled,Net Banking
ORD002602,CUST01763,0000-00-00,WH017,RETURNED,Credit Card
ORD002603,CUST00574,11-05-2023,WH002,Processing,Debit Card
ORD002604,CUST03610,,WH007,Cancelled,Credit Card
ORD002605,CUST03925,14 Dec 2023,WH003,Cancelled,Credit Card
ORD002606,CUST03892,2022-09-27,WH017,Shipped,COD
ORD002607,CUST02058,23/01/2022,WH004,PENDING,Credit Card
ORD002608,CUST01801,15/02/2023,WH009,Returned,COD
ORD002609,CUST01458,09/25/2023,WH010,pending,Debit Card
ORD002610,CUST03928,2023/10/21,WH001,Shipped,Debit Card
ORD002611,CUST01854,2022/09/12,WH016,Pending,COD
ORD002612,CUST00516,24/01/2024,WH016,Delivered,Credit Card
ORD002613,CUST03371,10/10/2024,WH015,Cancelled,Cash on Delivery
ORD002614,CUST01891,0000-00-00,WH008,Cancelled,cod
ORD002615,CUST03448,19-08-2022,WH003,Processing,Debit Card
ORD002616,CUST00285,2024/07/11,WH005,cancelled,Credit Card
ORD002617,CUST01242,,WH004,cancelled,Cash on Delivery
ORD002618,CUST03451,19 May 2024,WH008,CANCELLED,Cash on Delivery
ORD002619,CUST01807,2022/03/16,WH001,delivered,Net Banking
ORD002620,CUST02929,09/28/2022,WH005,DELIVERED,Cash on Delivery
ORD002621,CUST02086,0000-00-00,WH003,Cancelled,UPI
ORD002622,CUST02845,2022-06-09,WH018,delivered,Cash on Delivery
ORD002623,CUST00510,17-12-2023,WH002,shipped,UPI
ORD002624,CUST55024,08/09/2023,WH014,Pending,Cash on Delivery
ORD002625,CUST03424,2023/11/04,WH008,Pending,Net Banking
ORD002626,CUST03628,2022-12-09,WH003,Returned,COD
ORD002627,CUST03639,29-08-2023,WH009,Returned,Net Banking
ORD002628,CUST02100,2023-11-12,WH002,Cancelled,COD
ORD002629,CUST03622,08/04/2022,WH017,Processing,cod
ORD002630,CUST02851,,WH018,pending,cod
ORD002631,CUST03347,2024-09-15,WH009,Shipped,UPI
ORD002632,CUST00518,23/03/2023,WH011,Pending,Credit Card
ORD002633,CUST03199,21 Aug 2023,WH018,Processing,Debit Card
ORD002634,CUST00811,2024/01/19,WH006,Processing,Cash on Delivery
ORD002635,CUST03741,,WH011,cancelled,Net Banking
ORD002636,CUST01531,2024-02-21,WH003,Pending,Cash on Delivery
ORD002637,CUST02590,03 Dec 2023,WH018,cancelled,cod
ORD002638,CUST00736,30 Sep 2024,WH014,Shipped,Debit Card
ORD002639,CUST00666,16/11/2024,WH003,Returned,Debit Card
ORD002640,CUST01485,28-06-2024,WH006,PROCESSING,cod
ORD002641,CUST00673,2024-04-26,WH012,SHIPPED,Cash on Delivery
ORD002642,CUST02978,2024-07-27,WH003,Returned,Cash on Delivery
ORD002643,CUST02902,2022/12/03,WH005,Cancelled,Cash on Delivery
ORD002644,CUST03963,11-07-2022,WH014,Processing,UPI
ORD002645,CUST01666,29 Apr 2022,WH016,Shipped,Cash on Delivery
ORD002646,CUST02739,2022-11-05,WH017,Delivered,Credit Card
ORD002647,CUST03326,,WH002,processing,COD
ORD002648,CUST02030,2023-07-12,WH008,Processing,UPI
ORD002649,CUST02200,01/01/2023,WH003,Cancelled,cod
ORD002650,CUST03519,2022/09/25,WH005,Cancelled,Net Banking
ORD002651,CUST00457,2022/12/07,WH018,Shipped,cod
ORD002652,CUST02372,03/10/2022,WH017,Cancelled,Credit Card
ORD002653,CUST02488,10/16/2024,WH018,Cancelled,Debit Card
ORD002654,CUST01773,18 Sep 2024,WH003,Pending,Net Banking
ORD002655,CUST03592,2022/08/31,WH003,Returned,UPI
ORD002656,CUST02427,2023/06/15,WH009,Returned,Net Banking
ORD002657,CUST00480,06/13/2022,WH001,Shipped,COD
ORD002658,CUST02646,2022/01/31,WH002,Delivered,cod
ORD002659,CUST02992,05 Jan 2024,WH005,shipped,Credit Card
ORD002660,CUST00861,10/05/2023,WH016,Processing,Net Banking
ORD002661,CUST03820,10/26/2022,WH002,Returned,Cash on Delivery
ORD002662,CUST01410,04-05-2022,WH015,Delivered,Net Banking
ORD002663,CUST00258,,WH003,Delivered,Debit Card
ORD002664,CUST03986,04/07/2022,WH013,Cancelled,UPI
ORD002665,CUST02533,11-02-2023,WH017,Processing,Cash on Delivery
ORD002666,CUST01398,2023/03/03,WH017,Pending,Credit Card
ORD002667,CUST00573,04/06/2023,WH013,Shipped,COD
ORD002668,CUST00761,12/09/2024,WH015,delivered,Debit Card
ORD002669,CUST03225,2024-05-24,WH016,CANCELLED,Cash on Delivery
ORD002670,CUST02471,09/29/2022,WH001,Returned,Cash on Delivery
ORD002671,CUST02979,15/01/2024,WH003,cancelled,COD
ORD002672,CUST01498,13/12/2022,WH012,Shipped,COD
ORD002673,CUST02971,22-07-2022,WH004,Returned,UPI
ORD002674,CUST00974,18-06-2024,WH011,Shipped,UPI
ORD002675,CUST03145,02 Jan 2024,WH008,Pending,Net Banking
ORD002676,CUST01734,10/02/2023,WH007,Delivered,Credit Card
ORD002677,CUST02475,10/18/2022,WH002,Pending,cod
ORD002678,CUST00807,20/07/2023,WH001,CANCELLED,Debit Card
ORD002679,CUST02081,06/07/2022,WH009,processing,COD
ORD002680,CUST03031,11/06/2024,WH002,PENDING,Net Banking
ORD002681,CUST02195,05/22/2022,WH017,Processing,Credit Card
ORD002682,CUST02880,03/06/2022,WH010,Returned,Credit Card
ORD002683,CUST01251,2024/04/02,WH004,Cancelled,Credit Card
ORD002684,CUST00817,24-12-2022,WH012,Returned,cod
ORD002685,CUST02942,03-11-2022,WH010,Delivered,Net Banking
ORD002686,CUST03390,06/08/2024,WH014,Delivered,Credit Card
ORD002687,CUST01480,23 Jun 2024,WH013,Cancelled,Cash on Delivery
ORD002688,CUST01848,2023-09-13,WH010,Shipped,Debit Card
ORD002689,CUST02003,2024-02-19,WH001,returned,Credit Card
ORD002690,CUST01926,2023/01/06,WH010,Delivered,UPI
ORD002691,CUST00431,29 Oct 2022,WH011,delivered,Net Banking
ORD002692,CUST00880,04-05-2023,WH011,Delivered,cod
ORD002693,CUST02961,10-11-2022,WH007,Pending,Cash on Delivery
ORD002694,CUST01044,2024-03-05,WH016,Cancelled,Net Banking
ORD002695,CUST02260,2024/08/26,WH017,Pending,cod
ORD002696,CUST01974,06-02-2023,WH017,Delivered,cod
ORD002697,CUST03678,03-05-2024,WH002,PENDING,cod
ORD002698,CUST00522,16 Apr 2024,WH001,Shipped,UPI
ORD002699,CUST00359,12/09/2023,WH001,DELIVERED,Net Banking
ORD002700,CUST02432,25-08-2022,WH008,Delivered,COD
ORD002701,CUST03609,2023-04-09,WH007,Shipped,COD
ORD002702,CUST02657,2024/06/17,WH003,Processing,Net Banking
ORD002703,CUST03938,11 Jul 2022,WH005,Returned,Net Banking
ORD002704,CUST03058,28-07-2023,WH016,pending,UPI
ORD002705,CUST02099,09-04-2023,WH018,CANCELLED,Debit Card
ORD002706,CUST00685,2024-09-13,WH002,Pending,UPI
ORD002707,CUST02993,01 Jul 2023,WH016,returned,COD
ORD002708,CUST01547,2024-12-05,WH015,Returned,Net Banking
ORD002709,CUST00588,18 Nov 2024,WH013,Cancelled,Net Banking
ORD002710,CUST03799,05/08/2022,WH018,Delivered,COD
ORD002711,CUST00565,2022-06-27,WH009,Cancelled,COD
ORD002712,CUST01467,2024-03-23,WH012,Shipped,Debit Card
ORD002713,CUST01854,2023/10/24,WH010,Processing,Net Banking
ORD002714,CUST02116,2023/11/03,WH009,Shipped,Net Banking
ORD002715,CUST00511,16 Nov 2023,WH011,Delivered,Net Banking
ORD002716,CUST00166,07/14/2023,WH018,Processing,UPI
ORD002717,CUST02115,2023/04/04,WH012,CANCELLED,Net Banking
ORD002718,CUST01707,24-04-2022,WH011,returned,Net Banking
ORD002719,CUST00739,2023/01/23,WH018,Cancelled,Credit Card
ORD002720,CUST03149,2023-05-31,WH008,DELIVERED,Cash on Delivery
ORD002721,CUST01642,20-03-2023,WH014,Returned,Credit Card
ORD002722,CUST01886,17 May 2023,WH016,Shipped,Cash on Delivery
ORD002723,CUST01026,07-03-2022,WH005,Processing,Debit Card
ORD002724,CUST00150,29 Jun 2023,WH003,Delivered,Debit Card
ORD002725,CUST03904,06/12/2022,WH008,Cancelled,Cash on Delivery
ORD002726,CUST00614,21-05-2022,WH015,Processing,Debit Card
ORD002727,CUST03616,2023-06-02,WH018,RETURNED,UPI
ORD002728,CUST03614,22/08/2022,WH008,Pending,Debit Card
ORD002729,CUST00259,01/03/2023,WH014,Pending,cod
ORD002730,CUST01287,26/06/2023,WH017,Cancelled,UPI
ORD002731,CUST02720,2024/10/12,WH018,Cancelled,COD
ORD002732,CUST00996,26/04/2023,WH017,Cancelled,Net Banking
ORD002733,CUST02714,2022-11-15,WH005,Processing,UPI
ORD002734,CUST03987,19-05-2024,WH016,Cancelled,UPI
ORD002735,CUST03511,2022/01/16,WH005,Cancelled,Debit Card
ORD002736,CUST00248,04/05/2022,WH005,Processing,Net Banking
ORD002737,CUST02570,2024-08-18,WH016,Delivered,Debit Card
ORD002738,CUST01063,09/10/2023,WH002,Delivered,COD
ORD002739,CUST00575,18-07-2023,WH015,returned,Cash on Delivery
ORD002740,CUST01366,2024-06-21,WH011,Processing,Debit Card
ORD002741,CUST02029,02/08/2023,WH013,Cancelled,cod
ORD002742,CUST02343,21-07-2024,WH005,Returned,Net Banking
ORD002743,CUST01319,30/03/2023,WH002,Delivered,UPI
ORD002744,CUST03368,16 Jan 2022,WH009,Delivered,UPI
ORD002745,CUST01035,2024-06-11,WH014,Pending,Net Banking
ORD002746,CUST03275,02-04-2022,WH013,Processing,Net Banking
ORD002747,CUST03089,2024-04-13,WH007,RETURNED,Credit Card
ORD002748,CUST03493,08/23/2024,WH012,Returned,COD
ORD002749,CUST01587,22-12-2023,WH018,Shipped,Credit Card
ORD002750,CUST00592,11 Nov 2024,WH012,processing,Debit Card
ORD002751,CUST02733,2023/03/22,WH018,Returned,cod
ORD002752,CUST00512,22/08/2022,WH007,returned,UPI
ORD002753,CUST01331,11/06/2022,WH013,Pending,Debit Card
ORD002754,CUST02909,2024/11/14,WH003,Cancelled,cod
ORD002755,CUST01955,02-11-2022,WH018,Returned,Net Banking
ORD002756,CUST03161,15 Feb 2023,WH012,Shipped,UPI
ORD002757,CUST02514,2023-11-02,WH005,Processing,Cash on Delivery
ORD002758,CUST03535,2023-02-01,WH003,Returned,Credit Card
ORD002759,CUST01656,08/06/2022,WH013,Cancelled,cod
ORD002760,CUST00894,13-10-2023,WH002,DELIVERED,Credit Card
ORD002761,CUST00390,,WH017,Pending,Net Banking
ORD002762,CUST03382,23-07-2023,WH004,Returned,Cash on Delivery
ORD002763,CUST00623,2023/08/30,WH015,Delivered,UPI
ORD002764,CUST01306,22 Nov 2022,WH017,Processing,UPI
ORD002765,CUST02528,2022/07/11,WH003,Returned,Net Banking
ORD002766,CUST00127,03/25/2023,WH017,CANCELLED,Cash on Delivery
ORD002767,CUST03619,04/25/2023,WH010,PENDING,Cash on Delivery
ORD002768,CUST02009,2022-07-24,WH005,returned,COD
ORD002769,CUST02142,16 Oct 2024,WH010,Cancelled,Credit Card
ORD002770,CUST01275,27 Feb 2023,WH016,Shipped,Credit Card
ORD002771,CUST01638,20/06/2022,WH008,Returned,Credit Card
ORD002772,CUST01152,2022-04-19,WH013,Shipped,Debit Card
ORD002773,CUST02036,04/12/2022,WH004,Cancelled,UPI
ORD002774,CUST03128,30 Dec 2023,WH007,Delivered,Cash on Delivery
ORD002775,CUST01908,14/05/2023,WH003,pending,Cash on Delivery
ORD002776,CUST02646,2024-05-27,WH005,Delivered,Cash on Delivery
ORD002777,CUST02936,17/11/2023,WH009,Shipped,Cash on Delivery
ORD002778,CUST00529,11/29/2022,WH014,Shipped,Debit Card
ORD002779,CUST01708,06-07-2023,WH011,Returned,Net Banking
ORD002780,CUST03663,2023/03/01,WH011,Shipped,COD
ORD002781,CUST01877,12/14/2024,WH002,Cancelled,Net Banking
ORD002782,CUST03972,2024/04/14,WH011,Processing,UPI
ORD002783,CUST02348,14/10/2023,WH009,PROCESSING,Cash on Delivery
ORD002784,CUST01766,02-09-2023,WH008,Shipped,Net Banking
ORD002785,CUST03825,2024-08-29,WH014,Delivered,Credit Card
ORD002786,CUST01025,10/18/2022,WH016,DELIVERED,cod
ORD002787,CUST02267,17 Aug 2022,WH007,Delivered,COD
ORD002788,CUST02089,22-04-2022,WH005,Delivered,Cash on Delivery
ORD002789,CUST02701,22-08-2023,WH013,Delivered,cod
ORD002790,CUST02580,11/25/2024,WH012,CANCELLED,Cash on Delivery
ORD002791,CUST03354,17-01-2022,WH009,Shipped,Cash on Delivery
ORD002792,CUST02184,06/20/2022,WH017,Cancelled,Cash on Delivery
ORD002793,CUST01221,07/07/2023,WH007,Pending,Credit Card
ORD002794,CUST03868,15-11-2024,WH002,Shipped,Cash on Delivery
ORD002795,CUST02321,31/12/2024,WH017,Pending,Cash on Delivery
ORD002796,CUST01830,2024/03/09,WH007,DELIVERED,UPI
ORD002797,CUST02914,21/03/2023,WH016,Returned,cod
ORD002798,CUST01758,2024-02-07,WH010,Shipped,UPI
ORD002799,CUST02125,12/18/2023,WH012,delivered,Net Banking
ORD002800,CUST02377,28 Jan 2024,WH001,Pending,cod
ORD002801,CUST02182,18-12-2024,WH007,Processing,Credit Card
ORD002802,CUST03614,09/07/2024,WH002,Processing,Cash on Delivery
ORD002803,CUST03745,2024-06-24,WH016,Returned,Credit Card
ORD002804,CUST01003,,WH011,PROCESSING,Credit Card
ORD002805,CUST03845,2024/03/09,WH005,delivered,COD
ORD002806,CUST02177,03-04-2024,WH012,delivered,UPI
ORD002807,CUST02479,23/11/2022,WH005,Returned,COD
ORD002808,CUST01355,09/19/2023,WH012,Shipped,UPI
ORD002809,CUST02505,21-06-2023,WH004,Returned,Net Banking
ORD002810,CUST02198,05-01-2023,WH017,processing,Debit Card
ORD002811,CUST03230,2022-07-29,WH012,Delivered,Debit Card
ORD002812,CUST03311,23 Dec 2024,WH015,Returned,COD
ORD002813,CUST01276,,WH016,Processing,Credit Card
ORD002814,CUST01100,17 Feb 2024,WH008,delivered,Credit Card
ORD002815,CUST03581,07-09-2022,WH011,Delivered,Cash on Delivery
ORD002816,CUST01210,2024/11/11,WH014,PENDING,Credit Card
ORD002817,CUST00892,07/12/2023,WH016,returned,Cash on Delivery
ORD002818,CUST03333,24/07/2024,WH010,Cancelled,Debit Card
ORD002819,CUST02167,2023-10-17,WH016,Cancelled,Net Banking
ORD002820,CUST03402,01 Jul 2023,WH016,cancelled,Cash on Delivery
ORD002821,CUST03151,20-06-2024,WH012,Cancelled,UPI
ORD002822,CUST01202,02/14/2023,WH015,Delivered,cod
ORD002823,CUST03473,15/10/2024,WH004,Shipped,Credit Card
ORD002824,CUST03817,2022/11/06,WH014,Delivered,Cash on Delivery
ORD002825,CUST00694,2024/08/11,WH008,delivered,Net Banking
ORD002826,CUST01367,2022-05-03,WH015,PROCESSING,COD
ORD002827,CUST01262,2022/03/05,WH004,Pending,cod
ORD002828,CUST02815,02 Jan 2024,WH008,Delivered,cod
ORD002829,CUST02842,27/06/2024,WH011,Delivered,Net Banking
ORD002830,CUST02177,09/14/2023,WH009,Shipped,Cash on Delivery
ORD002831,CUST03531,2022/02/14,WH017,Returned,cod
ORD002832,CUST03654,29 Dec 2023,WH010,Shipped,Credit Card
ORD002833,CUST01708,2022/09/02,WH008,Returned,COD
ORD002834,CUST03696,30 Jul 2023,WH016,Cancelled,Credit Card
ORD002835,CUST00019,02-03-2024,WH006,cancelled,Debit Card
ORD002836,CUST00355,2022-07-01,WH008,processing,COD
ORD002837,CUST02731,07/29/2022,WH007,PENDING,COD
ORD002838,CUST02623,,WH004,Returned,Cash on Delivery
ORD002839,CUST02784,07/08/2023,WH018,Cancelled,COD
ORD002840,CUST02610,19 Feb 2024,WH011,Delivered,Net Banking
ORD002841,CUST01452,10/12/2022,WH012,Shipped,COD
ORD002842,CUST00044,2023-07-29,WH013,processing,Net Banking
ORD002843,CUST03484,2024-06-22,WH015,Pending,COD
ORD002844,CUST02192,2023-01-01,WH008,Delivered,Net Banking
ORD002845,CUST03665,17-06-2022,WH006,Delivered,Cash on Delivery
ORD002846,CUST00852,03/10/2023,WH008,Shipped,cod
ORD002847,CUST03717,14-10-2024,WH001,Pending,Debit Card
ORD002848,CUST03857,2023/06/08,WH014,PROCESSING,Credit Card
ORD002849,CUST01558,03 Jul 2023,WH011,Returned,UPI
ORD002850,CUST01953,2023/03/18,WH004,Pending,UPI
ORD002851,CUST00531,2024/11/10,WH016,Processing,Debit Card
ORD002852,CUST00632,2022-07-19,WH003,pending,Net Banking
ORD002853,CUST01601,2023-02-02,WH017,Returned,Debit Card
ORD002854,CUST02901,22/09/2022,WH009,Delivered,Net Banking
ORD002855,CUST03904,28/05/2024,WH018,PENDING,Credit Card
ORD002856,CUST01561,08/01/2024,WH011,CANCELLED,Debit Card
ORD002857,CUST00915,25/03/2023,WH008,Delivered,Debit Card
ORD002858,CUST03217,18-10-2024,WH016,Pending,cod
ORD002859,CUST02201,10/02/2022,WH001,pending,Cash on Delivery
ORD002860,CUST03727,04 Feb 2024,WH004,Processing,COD
ORD002861,CUST02259,2023-03-07,WH005,Shipped,COD
ORD002862,CUST01122,06/12/2022,WH001,SHIPPED,Debit Card
ORD002863,CUST01142,07/12/2024,WH001,Processing,Credit Card
ORD002864,CUST03153,08-01-2023,WH015,CANCELLED,Cash on Delivery
ORD002865,CUST01179,18/04/2024,WH014,Processing,Credit Card
ORD002866,CUST02687,19 May 2023,WH017,shipped,COD
ORD002867,CUST01704,2024-02-15,WH013,Shipped,COD
ORD002868,CUST00402,06/24/2024,WH014,cancelled,UPI
ORD002869,CUST02840,2022/03/20,WH007,Processing,Net Banking
ORD002870,CUST01119,04/10/2024,WH018,returned,UPI
ORD002871,CUST03492,25/04/2024,WH005,Cancelled,Debit Card
ORD002872,CUST02525,05-09-2022,WH013,Pending,Cash on Delivery
ORD002873,CUST03547,2022-06-07,WH005,Returned,Credit Card
ORD002874,CUST01999,12/11/2022,WH004,Processing,Net Banking
ORD002875,CUST00084,2024-05-19,WH008,processing,Net Banking
ORD002876,CUST00468,2023/04/24,WH013,Shipped,Credit Card
ORD002877,CUST03721,11/01/2022,WH004,Returned,Debit Card
ORD002878,CUST02298,12 Sep 2022,WH015,DELIVERED,COD
ORD002879,CUST56708,01/07/2024,WH018,Delivered,UPI
ORD002880,CUST03659,11/05/2023,WH012,Processing,Debit Card
ORD002881,CUST01043,03 Nov 2023,WH012,Cancelled,Credit Card
ORD002882,CUST03420,07/27/2023,WH012,Pending,Credit Card
ORD002883,CUST00858,05/06/2022,WH017,Pending,Credit Card
ORD002884,CUST02428,25/02/2023,WH010,Processing,COD
ORD002885,CUST03324,2024-10-07,WH017,Processing,cod
ORD002886,CUST01650,07/13/2022,WH016,Processing,Cash on Delivery
ORD002887,CUST00349,2024/04/18,WH009,Shipped,COD
ORD002888,CUST00759,05-10-2024,WH013,Processing,Credit Card
ORD002889,CUST03275,10/27/2022,WH015,Pending,Debit Card
ORD002890,CUST00272,28/10/2022,WH004,PROCESSING,UPI
ORD002891,CUST03957,2024-04-02,WH012,processing,Debit Card
ORD002892,CUST01839,,WH005,DELIVERED,Net Banking
ORD002893,CUST03239,21/12/2024,WH009,Cancelled,COD
ORD002894,CUST00666,2022/02/19,WH017,Delivered,cod
ORD002895,CUST00154,18 Apr 2024,WH005,Returned,Net Banking
ORD002896,CUST03821,15 Jul 2023,WH001,Pending,cod
ORD002897,CUST03927,2024-10-14,WH012,Cancelled,cod
ORD002898,CUST02295,02/15/2024,WH017,Returned,COD
ORD002899,CUST02617,21/11/2024,WH003,pending,cod
ORD002900,CUST03931,2023/01/17,WH013,Processing,Debit Card
ORD002901,CUST02693,2024/05/16,WH002,Cancelled,Cash on Delivery
ORD002902,CUST01085,21/12/2024,WH002,pending,COD
ORD002903,CUST00048,2024/07/22,WH003,Cancelled,Cash on Delivery
ORD002904,CUST01401,18-06-2023,WH013,shipped,UPI
ORD002905,CUST03374,2023/01/17,WH012,Returned,Credit Card
ORD002906,CUST02418,10-11-2023,WH003,Cancelled,COD
ORD002907,CUST01865,01/16/2023,WH015,returned,Net Banking
ORD002908,CUST50814,2022/05/28,WH005,Returned,Debit Card
ORD002909,CUST03849,23 Sep 2024,WH008,Delivered,Credit Card
ORD002910,CUST00083,12/27/2024,WH001,Processing,Debit Card
ORD002911,CUST02882,13 May 2022,WH013,Processing,Debit Card
ORD002912,CUST03774,16 Jul 2023,WH016,Cancelled,Net Banking
ORD002913,CUST03541,30-04-2022,WH007,Shipped,COD
ORD002914,CUST02291,2023-10-28,WH001,Delivered,Credit Card
ORD002915,CUST02330,05/03/2024,WH007,Pending,UPI
ORD002916,CUST00860,27-03-2022,WH018,Returned,Cash on Delivery
ORD002917,CUST01342,04/25/2023,WH013,Cancelled,Debit Card
ORD002918,CUST01837,2024/07/16,WH003,Processing,Net Banking
ORD002919,CUST00945,05-04-2022,WH007,RETURNED,Net Banking
ORD002920,CUST00508,2024/12/01,WH006,RETURNED,Debit Card
ORD002921,CUST03813,09 Jul 2024,WH010,cancelled,Net Banking
ORD002922,CUST00577,20/08/2024,WH006,Cancelled,Credit Card
ORD002923,CUST03397,2022/10/05,WH012,PENDING,Debit Card
ORD002924,CUST02399,2022-03-13,WH018,Returned,cod
ORD002925,CUST03754,26/05/2023,WH010,Returned,cod
ORD002926,CUST00404,09/11/2023,WH016,Cancelled,Cash on Delivery
ORD002927,CUST01773,2024/04/21,WH011,Processing,cod
ORD002928,CUST02821,27/07/2023,WH008,Delivered,UPI
ORD002929,CUST00615,2023-06-28,WH012,shipped,Debit Card
ORD002930,CUST00172,25 May 2023,WH008,Delivered,COD
ORD002931,CUST03235,15/01/2023,WH014,Pending,Debit Card
ORD002932,CUST03216,24/01/2023,WH018,PENDING,COD
ORD002933,CUST02474,0000-00-00,WH016,cancelled,Net Banking
ORD002934,CUST03701,31/07/2023,WH002,Delivered,Credit Card
ORD002935,CUST01301,10-07-2023,WH017,returned,Credit Card
ORD002936,CUST03893,03/12/2024,WH015,Returned,UPI
ORD002937,CUST02954,02-04-2024,WH018,Pending,cod
ORD002938,CUST03856,17/04/2022,WH016,Processing,Cash on Delivery
ORD002939,CUST01539,22-01-2024,WH011,processing,Debit Card
ORD002940,CUST02322,0000-00-00,WH006,Pending,COD
ORD002941,CUST01915,22 Jan 2024,WH012,Shipped,UPI
ORD002942,CUST01272,01/03/2024,WH006,Shipped,Net Banking
ORD002943,CUST02763,06/01/2023,WH004,SHIPPED,Cash on Delivery
ORD002944,CUST01641,24 Jun 2024,WH009,Pending,cod
ORD002945,CUST00723,17/12/2022,WH002,Shipped,Credit Card
ORD002946,CUST00529,25/04/2023,WH009,Pending,Net Banking
ORD002947,CUST01908,14 Sep 2022,WH016,PENDING,cod
ORD002948,CUST02607,13/02/2022,WH005,Shipped,Net Banking
ORD002949,CUST01384,06/01/2024,WH005,Shipped,Credit Card
ORD002950,CUST03218,31 May 2023,WH006,Processing,Net Banking
ORD002951,CUST00153,31/03/2024,WH009,Delivered,Debit Card
ORD002952,CUST03236,01-06-2022,WH003,Delivered,Credit Card
ORD002953,CUST03372,2022-10-25,WH014,Returned,UPI
ORD002954,CUST00364,10/07/2022,WH007,processing,COD
ORD002955,CUST00025,2022-09-08,WH008,Delivered,Net Banking
ORD002956,CUST02174,2024/05/01,WH007,Delivered,Debit Card
ORD002957,CUST00436,2022/03/30,WH008,Pending,Debit Card
ORD002958,CUST02590,2022-06-14,WH017,Processing,Net Banking
ORD002959,CUST00472,09-12-2024,WH003,Processing,COD
ORD002960,CUST00121,15-04-2023,WH012,PROCESSING,Cash on Delivery
ORD002961,CUST03330,04 Nov 2022,WH003,SHIPPED,Cash on Delivery
ORD002962,CUST03095,16-03-2022,WH009,Returned,Net Banking
ORD002963,CUST02960,22-10-2024,WH006,RETURNED,Credit Card
ORD002964,CUST59892,05/07/2022,WH004,Cancelled,Net Banking
ORD002965,CUST02627,20/01/2024,WH013,Shipped,UPI
ORD002966,CUST02120,29/06/2022,WH002,Returned,Credit Card
ORD002967,CUST01486,08 Jan 2024,WH004,shipped,Net Banking
ORD002968,CUST01328,,WH017,Delivered,UPI
ORD002969,CUST00790,11 Aug 2023,WH012,Returned,cod
ORD002970,CUST01988,2024-04-02,WH014,Shipped,COD
ORD002971,CUST02187,,WH011,Cancelled,cod
ORD002972,CUST02266,,WH015,Cancelled,Debit Card
ORD002973,CUST01128,21/11/2024,WH005,Delivered,Cash on Delivery
ORD002974,CUST03243,18/03/2022,WH013,Processing,cod
ORD002975,CUST03411,04/20/2023,WH003,Returned,Cash on Delivery
ORD002976,CUST03732,19-12-2024,WH017,PENDING,Debit Card
ORD002977,CUST01790,2022-02-10,WH012,Returned,Net Banking
ORD002978,CUST01368,10/30/2024,WH004,Processing,COD
ORD002979,CUST00637,24-08-2022,WH011,Cancelled,UPI
ORD002980,CUST00474,08/01/2024,WH018,Pending,Cash on Delivery
ORD002981,CUST02161,2022/07/15,WH002,Processing,Credit Card
ORD002982,CUST03495,2024/08/10,WH006,returned,Debit Card
ORD002983,CUST02293,07 Mar 2022,WH010,delivered,COD
ORD002984,CUST01802,,WH013,delivered,Cash on Delivery
ORD002985,CUST01810,02/18/2023,WH018,Returned,UPI
ORD002986,CUST01352,01/24/2024,WH010,PENDING,Cash on Delivery
ORD002987,CUST02841,17 Feb 2024,WH007,CANCELLED,cod
ORD002988,CUST00050,2023-06-02,WH018,Pending,Cash on Delivery
ORD002989,CUST02260,2023/09/26,WH003,CANCELLED,UPI
ORD002990,CUST03801,02/06/2023,WH007,Delivered,Cash on Delivery
ORD002991,CUST00198,03-11-2024,WH013,Returned,Cash on Delivery
ORD002992,CUST02837,2023-01-18,WH012,Pending,COD
ORD002993,CUST02393,02/25/2022,WH014,Returned,UPI
ORD002994,CUST02458,21 Aug 2022,WH010,Processing,Credit Card
ORD002995,CUST00440,16/11/2024,WH012,processing,Debit Card
ORD002996,CUST00631,06-08-2022,WH008,processing,Cash on Delivery
ORD002997,CUST00894,03-05-2023,WH006,Returned,Credit Card
ORD002998,CUST00870,09-06-2023,WH004,Delivered,Net Banking
ORD002999,CUST01890,10/01/2024,WH017,Cancelled,cod
ORD003000,CUST03472,03-11-2023,WH016,PROCESSING,Debit Card
ORD003001,CUST01146,28-03-2024,WH003,Delivered,UPI
ORD003002,CUST03404,05 Aug 2023,WH007,Shipped,Cash on Delivery
ORD003003,CUST02188,12/01/2022,WH015,Processing,Credit Card
ORD003004,CUST00397,10/21/2024,WH016,Delivered,UPI
ORD003005,CUST01351,2023/03/13,WH013,returned,Cash on Delivery
ORD003006,CUST00470,08/10/2022,WH014,Pending,Credit Card
ORD003007,CUST01585,2022/06/16,WH008,Processing,COD
ORD003008,CUST01754,05/27/2022,WH004,returned,cod
ORD003009,CUST03922,10/28/2024,WH008,Delivered,COD
ORD003010,CUST01231,2023/05/10,WH012,Delivered,Cash on Delivery
ORD003011,CUST00878,09-08-2023,WH015,Cancelled,COD
ORD003012,CUST01853,01 Apr 2022,WH007,Processing,UPI
ORD003013,CUST02636,02/04/2023,WH006,Processing,UPI
ORD003014,CUST02722,2024-09-21,WH013,returned,Net Banking
ORD003015,CUST00164,29 Jul 2023,WH011,Pending,Cash on Delivery
ORD003016,CUST02928,11-03-2022,WH005,Processing,Credit Card
ORD003017,CUST03995,11/06/2024,WH016,Returned,Cash on Delivery
ORD003018,CUST03425,12/09/2024,WH013,RETURNED,Net Banking
ORD003019,CUST03820,2024-06-02,WH013,Returned,COD
ORD003020,CUST02353,2023/10/31,WH004,Delivered,Credit Card
ORD003021,CUST01112,11/02/2022,WH012,Pending,Debit Card
ORD003022,CUST00299,2023-11-13,WH017,Returned,Debit Card
ORD003023,CUST01501,31-10-2022,WH004,Processing,Net Banking
ORD003024,CUST03428,07/29/2022,WH015,Cancelled,Net Banking
ORD003025,CUST00213,05-03-2022,WH007,Shipped,COD
ORD003026,CUST02208,29 Jan 2024,WH015,Shipped,COD
ORD003027,CUST02524,16 Oct 2022,WH004,PROCESSING,Net Banking
ORD003028,CUST01250,04/18/2022,WH010,Returned,Cash on Delivery
ORD003029,CUST00099,08/19/2023,WH005,Pending,Credit Card
ORD003030,CUST00293,02/29/2024,WH015,Returned,Net Banking
ORD003031,CUST02468,04/30/2023,WH002,Pending,Credit Card
ORD003032,CUST02198,2023-07-30,WH010,Processing,UPI
ORD003033,CUST01973,03/16/2022,WH008,Delivered,Debit Card
ORD003034,CUST00914,17 May 2023,WH003,delivered,UPI
ORD003035,CUST02908,18 Apr 2023,WH003,shipped,UPI
ORD003036,CUST00536,12/07/2023,WH007,processing,Debit Card
ORD003037,CUST02414,09/07/2023,WH001,Delivered,Credit Card
ORD003038,CUST00042,2023-07-05,WH017,Returned,Credit Card
ORD003039,CUST01732,2024/10/26,WH013,Shipped,Cash on Delivery
ORD003040,CUST00120,2023/09/03,WH005,Processing,COD
ORD003041,CUST00745,2022-06-21,WH009,SHIPPED,Credit Card
ORD003042,CUST00770,02/05/2024,WH017,PROCESSING,Net Banking
ORD003043,CUST01614,14-02-2024,WH004,processing,Credit Card
ORD003044,CUST01078,08-04-2024,WH001,Delivered,UPI
ORD003045,CUST03812,08/20/2024,WH010,Returned,cod
ORD003046,CUST00664,05/05/2024,WH017,Shipped,UPI
ORD003047,CUST01796,2023/03/08,WH009,Delivered,Debit Card
ORD003048,CUST00994,2024-09-03,WH007,Delivered,Net Banking
ORD003049,CUST01343,2022/10/24,WH013,Processing,Net Banking
ORD003050,CUST03627,02/05/2023,WH010,Delivered,cod
ORD003051,CUST03041,2022/01/19,WH012,Delivered,UPI
ORD003052,CUST01814,02-03-2024,WH013,PENDING,Net Banking
ORD003053,CUST00261,2023/07/31,WH002,Delivered,Debit Card
ORD003054,CUST01826,2023-04-09,WH015,Returned,UPI
ORD003055,CUST01484,2023/05/15,WH012,Processing,cod
ORD003056,CUST00756,2024-02-18,WH015,pending,UPI
ORD003057,CUST02615,09/14/2023,WH010,Shipped,COD
ORD003058,CUST00457,28-03-2023,WH006,Cancelled,Net Banking
ORD003059,CUST02798,08-06-2022,WH009,PENDING,Debit Card
ORD003060,CUST03045,2024/01/28,WH004,Shipped,Credit Card
ORD003061,CUST03940,2023-03-30,WH014,Cancelled,Credit Card
ORD003062,CUST03555,2023/07/15,WH012,CANCELLED,Net Banking
ORD003063,CUST00678,18 Jul 2024,WH012,Pending,cod
ORD003064,CUST51009,2022-06-07,WH004,Delivered,Cash on Delivery
ORD003065,CUST01483,2023/11/19,WH018,Returned,Debit Card
ORD003066,CUST00415,05/24/2022,WH002,Returned,Net Banking
ORD003067,CUST00176,20-10-2024,WH010,Processing,Net Banking
ORD003068,CUST03466,2022-12-09,WH018,Shipped,Credit Card
ORD003069,CUST01717,08-02-2024,WH004,Cancelled,Credit Card
ORD003070,CUST01115,30-06-2022,WH016,Returned,COD
ORD003071,CUST00299,2023/12/30,WH001,Pending,Credit Card
ORD003072,CUST00693,10-10-2023,WH003,Shipped,Credit Card
ORD003073,CUST03974,25-05-2023,WH008,Returned,Debit Card
ORD003074,CUST00708,2023-05-30,WH005,PROCESSING,Credit Card
ORD003075,CUST01981,13/12/2022,WH012,Returned,Credit Card
ORD003076,CUST00979,2023-04-01,WH007,cancelled,Net Banking
ORD003077,CUST03968,06/02/2022,WH012,Cancelled,Credit Card
ORD003078,CUST03952,01/21/2022,WH018,Pending,UPI
ORD003079,CUST03170,06/02/2022,WH002,Shipped,Net Banking
ORD003080,CUST02196,2024-09-13,WH016,Returned,Credit Card
ORD003081,CUST00515,18 Sep 2023,WH018,Shipped,COD
ORD003082,CUST01554,2024-03-19,WH016,Cancelled,Debit Card
ORD003083,CUST01854,2023-12-29,WH015,Pending,Debit Card
ORD003084,CUST00729,08-08-2022,WH007,Delivered,cod
ORD003085,CUST00245,2022/11/19,WH016,Processing,Net Banking
ORD003086,CUST00652,03/12/2022,WH005,Processing,UPI
ORD003087,CUST03363,2024/04/04,WH007,Pending,Cash on Delivery
ORD003088,CUST00421,2024-03-03,WH013,shipped,Debit Card
ORD003089,CUST00378,06/14/2023,WH009,returned,Net Banking
ORD003090,CUST02709,09/30/2023,WH015,Delivered,COD
ORD003091,CUST02345,11/11/2024,WH012,Pending,Net Banking
ORD003092,CUST03241,2022-02-09,WH017,Returned,Cash on Delivery
ORD003093,CUST00214,2023/08/25,WH002,Shipped,Debit Card
ORD003094,CUST01572,2024-05-25,WH010,Pending,COD
ORD003095,CUST02333,16 Oct 2023,WH003,PROCESSING,cod
ORD003096,CUST02620,25/07/2022,WH013,Delivered,COD
ORD003097,CUST01329,07/05/2024,WH003,Cancelled,Cash on Delivery
ORD003098,CUST03825,2024/10/14,WH013,CANCELLED,COD
ORD003099,CUST02248,06/27/2023,WH016,Returned,UPI
ORD003100,CUST00074,05/04/2022,WH013,PROCESSING,Credit Card
ORD003101,CUST00103,08/20/2022,WH001,processing,Debit Card
ORD003102,CUST03227,29/10/2023,WH014,Returned,Credit Card
ORD003103,CUST01416,2024-03-24,WH012,Processing,Cash on Delivery
ORD003104,CUST00223,08/10/2022,WH016,DELIVERED,cod
ORD003105,CUST00430,2024/09/04,WH014,Processing,Debit Card
ORD003106,CUST02430,22/03/2024,WH015,Processing,Debit Card
ORD003107,CUST00085,2022/05/24,WH006,Returned,Net Banking
ORD003108,CUST03021,08-08-2022,WH008,Shipped,COD
ORD003109,CUST01449,2022-11-05,WH017,Returned,Credit Card
ORD003110,CUST00281,2022-10-20,WH010,pending,Debit Card
ORD003111,CUST02213,2022/05/14,WH016,SHIPPED,cod
ORD003112,CUST01612,09/16/2024,WH018,cancelled,Cash on Delivery
ORD003113,CUST03106,03/06/2023,WH005,RETURNED,Cash on Delivery
ORD003114,CUST01465,12-05-2024,WH014,Pending,Cash on Delivery
ORD003115,CUST00868,16 Sep 2024,WH008,Pending,cod
ORD003116,CUST03842,18/09/2024,WH007,Processing,Cash on Delivery
ORD003117,CUST01977,2023/09/22,WH001,Pending,Credit Card
ORD003118,CUST02421,22 Jun 2024,WH012,Cancelled,cod
ORD003119,CUST02920,01/25/2024,WH007,Pending,Credit Card
ORD003120,CUST00232,15/04/2023,WH010,Processing,Cash on Delivery
ORD003121,CUST03536,08/08/2022,WH015,CANCELLED,Credit Card
ORD003122,CUST03203,2022/11/14,WH017,DELIVERED,Debit Card
ORD003123,CUST02934,02-01-2024,WH016,processing,Debit Card
ORD003124,CUST01298,02-04-2023,WH004,Processing,cod
ORD003125,CUST00154,08/14/2022,WH004,Cancelled,Cash on Delivery
ORD003126,CUST03503,04 May 2022,WH018,PROCESSING,UPI
ORD003127,CUST03342,2024/05/31,WH014,Returned,Credit Card
ORD003128,CUST01637,2023-07-02,WH007,Cancelled,Net Banking
ORD003129,CUST02101,21/11/2022,WH001,Pending,UPI
ORD003130,CUST01365,03 Jul 2022,WH002,Delivered,Net Banking
ORD003131,CUST00225,2022/03/20,WH012,Cancelled,Net Banking
ORD003132,CUST01923,03/26/2023,WH007,pending,UPI
ORD003133,CUST00625,2024/03/09,WH001,Delivered,Debit Card
ORD003134,CUST02192,18 Jun 2023,WH011,Shipped,cod
ORD003135,CUST03955,04/09/2023,WH017,Returned,UPI
ORD003136,CUST02401,2024/09/07,WH002,Cancelled,cod
ORD003137,CUST02553,2024/09/20,WH008,Shipped,COD
ORD003138,CUST02927,03 Sep 2024,WH012,Delivered,Net Banking
ORD003139,CUST01713,08 Dec 2023,WH012,Returned,Cash on Delivery
ORD003140,CUST03451,26-03-2024,WH013,Pending,UPI
ORD003141,CUST03833,2023/04/04,WH008,Returned,cod
ORD003142,CUST01738,2022/04/07,WH006,Processing,Net Banking
ORD003143,CUST00684,17 Jun 2024,WH014,Pending,Cash on Delivery
ORD003144,CUST01161,31-12-2024,WH013,Pending,Debit Card
ORD003145,CUST03944,2022-02-03,WH011,Processing,UPI
ORD003146,CUST00794,19-07-2023,WH001,Shipped,Net Banking
ORD003147,CUST01326,17-06-2023,WH016,Returned,cod
ORD003148,CUST00027,2024-04-06,WH017,RETURNED,Cash on Delivery
ORD003149,CUST02924,30-12-2024,WH011,Shipped,cod
ORD003150,CUST03769,01 Dec 2022,WH012,Cancelled,COD
ORD003151,CUST02901,06-02-2022,WH012,Pending,COD
ORD003152,CUST00872,2024-12-19,WH001,Delivered,Credit Card
ORD003153,CUST00450,07/15/2024,WH009,DELIVERED,Debit Card
ORD003154,CUST03350,19 Apr 2022,WH008,Delivered,Debit Card
ORD003155,CUST00583,09/14/2023,WH010,cancelled,UPI
ORD003156,CUST00727,03/03/2024,WH010,Delivered,Net Banking
ORD003157,CUST00914,12/11/2024,WH013,Shipped,UPI
ORD003158,CUST01242,01/25/2022,WH014,Delivered,COD
ORD003159,CUST00019,12/12/2022,WH017,RETURNED,Cash on Delivery
ORD003160,CUST02011,22 Oct 2022,WH003,PROCESSING,Cash on Delivery
ORD003161,CUST01313,20-04-2023,WH008,Delivered,UPI
ORD003162,CUST02788,07 Feb 2023,WH006,SHIPPED,Credit Card
ORD003163,CUST02798,01 Oct 2023,WH008,RETURNED,Credit Card
ORD003164,CUST03822,18/07/2022,WH003,Shipped,Cash on Delivery
ORD003165,CUST03334,15/10/2022,WH008,Processing,COD
ORD003166,CUST02585,19 Jan 2024,WH006,Cancelled,Cash on Delivery
ORD003167,CUST02180,17/11/2022,WH013,returned,Credit Card
ORD003168,CUST00737,2024/05/03,WH017,Returned,Credit Card
ORD003169,CUST03928,2022-05-18,WH016,Delivered,COD
ORD003170,CUST02479,08/11/2024,WH015,delivered,cod
ORD003171,CUST03894,16 Jun 2023,WH016,PENDING,COD
ORD003172,CUST03359,13 Aug 2024,WH007,Returned,cod
ORD003173,CUST00040,27/09/2023,WH006,Delivered,Debit Card
ORD003174,CUST03131,03/12/2023,WH012,Shipped,COD
ORD003175,CUST02364,2023/08/10,WH005,PENDING,Credit Card
ORD003176,CUST00628,14/12/2023,WH018,Pending,cod
ORD003177,CUST02337,09/06/2024,WH018,delivered,Net Banking
ORD003178,CUST00448,27-07-2023,WH013,Shipped,Debit Card
ORD003179,CUST03492,2023-08-03,WH011,Returned,Debit Card
ORD003180,CUST02709,25/09/2024,WH012,Returned,COD
ORD003181,CUST03933,11/15/2022,WH012,Returned,Cash on Delivery
ORD003182,CUST03114,0000-00-00,WH014,Processing,Net Banking
ORD003183,CUST01675,2022-10-08,WH008,Pending,Net Banking
ORD003184,CUST01191,19/01/2024,WH003,PENDING,Credit Card
ORD003185,CUST01807,11/04/2023,WH016,returned,cod
ORD003186,CUST03363,22-10-2024,WH015,CANCELLED,Net Banking
ORD003187,CUST02395,06/02/2024,WH008,shipped,Debit Card
ORD003188,CUST00772,2024-06-08,WH007,Delivered,Net Banking
ORD003189,CUST03197,11 Sep 2022,WH013,Pending,Cash on Delivery
ORD003190,CUST00208,05/25/2023,WH005,Shipped,Credit Card
ORD003191,CUST02188,09 Jun 2022,WH016,delivered,UPI
ORD003192,CUST03795,2022-07-12,WH010,Cancelled,Credit Card
ORD003193,CUST02106,2023-07-02,WH010,Delivered,cod
ORD003194,CUST03880,2023-04-21,WH001,Shipped,cod
ORD003195,CUST00398,29/02/2024,WH018,Delivered,cod
ORD003196,CUST02392,08/22/2022,WH001,Cancelled,COD
ORD003197,CUST03645,30/10/2022,WH013,shipped,Credit Card
ORD003198,CUST02205,01-11-2022,WH009,Pending,UPI
ORD003199,CUST03971,2023-05-08,WH018,processing,Credit Card
ORD003200,CUST00123,2023-10-04,WH006,Pending,Net Banking
ORD003201,CUST01511,2023/03/19,WH004,DELIVERED,Debit Card
ORD003202,CUST01680,2024/06/22,WH016,Processing,Credit Card
ORD003203,CUST03958,25/06/2023,WH006,SHIPPED,Cash on Delivery
ORD003204,CUST03217,18-01-2022,WH001,Cancelled,Debit Card
ORD003205,CUST03742,06/19/2024,WH018,Shipped,Net Banking
ORD003206,CUST01898,16/02/2023,WH010,Cancelled,COD
ORD003207,CUST03037,02/10/2023,WH018,RETURNED,Debit Card
ORD003208,CUST02461,06/24/2024,WH008,Cancelled,cod
ORD003209,CUST01512,27/07/2024,WH016,shipped,UPI
ORD003210,CUST03597,12/18/2023,WH007,Returned,Net Banking
ORD003211,CUST01679,,WH017,RETURNED,Cash on Delivery
ORD003212,CUST01502,25-08-2023,WH014,Returned,Net Banking
ORD003213,CUST03967,31 Aug 2023,WH011,Cancelled,Credit Card
ORD003214,CUST00264,26-04-2023,WH010,Returned,COD
ORD003215,CUST03581,2023/10/26,WH001,Pending,Debit Card
ORD003216,CUST02507,11/18/2024,WH006,Returned,UPI
ORD003217,CUST01937,2024/03/28,WH016,Returned,Cash on Delivery
ORD003218,CUST00083,2024-04-20,WH006,Shipped,Debit Card
ORD003219,CUST00422,2022-12-30,WH011,shipped,UPI
ORD003220,CUST02590,2024-07-26,WH005,Delivered,cod
ORD003221,CUST03933,14 Feb 2024,WH013,Cancelled,cod
ORD003222,CUST00402,2023-01-27,WH012,Shipped,Credit Card
ORD003223,CUST03756,15/03/2023,WH011,Returned,Net Banking
ORD003224,CUST03073,10/06/2024,WH013,Delivered,Debit Card
ORD003225,CUST01476,,WH006,Processing,COD
ORD003226,CUST01679,2022-02-09,WH009,delivered,Cash on Delivery
ORD003227,CUST01667,03/14/2022,WH014,Cancelled,cod
ORD003228,CUST03101,2022-07-08,WH015,Processing,UPI
ORD003229,CUST02645,18-05-2023,WH009,CANCELLED,Net Banking
ORD003230,CUST02986,2022/04/15,WH001,Shipped,Credit Card
ORD003231,CUST01940,31/03/2022,WH013,Delivered,Debit Card
ORD003232,CUST02374,12-05-2022,WH008,Pending,Debit Card
ORD003233,CUST03460,2022/02/23,WH004,Cancelled,COD
ORD003234,CUST02823,08/28/2023,WH002,Processing,UPI
ORD003235,CUST01125,,WH007,processing,Credit Card
ORD003236,CUST02924,2022/09/11,WH011,returned,Debit Card
ORD003237,CUST01606,11/03/2024,WH012,Pending,Cash on Delivery
ORD003238,CUST01052,14 Apr 2023,WH001,SHIPPED,Net Banking
ORD003239,CUST01882,2023/09/23,WH011,CANCELLED,Credit Card
ORD003240,CUST00094,18/03/2022,WH009,Returned,Debit Card
ORD003241,CUST01742,28-09-2022,WH011,Processing,Credit Card
ORD003242,CUST02904,2022-05-29,WH010,Pending,Net Banking
ORD003243,CUST03466,07-08-2023,WH007,Returned,COD
ORD003244,CUST02652,,WH015,cancelled,cod
ORD003245,CUST01540,01-07-2023,WH011,Shipped,Credit Card
ORD003246,CUST01709,2022/09/16,WH007,Cancelled,Debit Card
ORD003247,CUST02302,30/10/2022,WH007,Cancelled,COD
ORD003248,CUST01946,2022/05/27,WH015,processing,Net Banking
ORD003249,CUST02270,14/08/2022,WH007,Returned,Credit Card
ORD003250,CUST00220,,WH008,pending,UPI
ORD003251,CUST00737,18/11/2023,WH013,Shipped,Cash on Delivery
ORD003252,CUST03051,31/03/2023,WH005,Cancelled,Net Banking
ORD003253,CUST03479,2024-11-29,WH005,Cancelled,COD
ORD003254,CUST03447,2022-08-05,WH015,Pending,Debit Card
ORD003255,CUST03630,19-09-2022,WH010,pending,Credit Card
ORD003256,CUST00033,2024/08/21,WH017,Delivered,UPI
ORD003257,CUST02148,2024/08/31,WH012,Pending,UPI
ORD003258,CUST03279,2023/03/07,WH004,Returned,Cash on Delivery
ORD003259,CUST00928,17-01-2023,WH008,Delivered,Debit Card
ORD003260,CUST02953,03-04-2024,WH017,Processing,Credit Card
ORD003261,CUST54604,2023-07-06,WH018,CANCELLED,COD
ORD003262,CUST02710,2022/04/30,WH001,DELIVERED,UPI
ORD003263,CUST02403,2023-03-23,WH013,pending,COD
ORD003264,CUST00750,2024-03-13,WH003,PROCESSING,Debit Card
ORD003265,CUST03149,04-07-2023,WH017,Returned,Cash on Delivery
ORD003266,CUST02816,11/10/2024,WH004,pending,Credit Card
ORD003267,CUST00752,25-08-2023,WH003,Processing,COD
ORD003268,CUST01462,06-01-2024,WH006,Processing,Debit Card
ORD003269,CUST00674,02/07/2023,WH015,processing,Cash on Delivery
ORD003270,CUST03371,12/05/2024,WH004,Returned,Net Banking
ORD003271,CUST03606,24-11-2024,WH004,CANCELLED,Credit Card
ORD003272,CUST01289,2022/09/20,WH005,Processing,cod
ORD003273,CUST01836,16/04/2023,WH018,Returned,Cash on Delivery
ORD003274,CUST00361,12/02/2024,WH014,Shipped,Debit Card
ORD003275,CUST02495,07/31/2023,WH001,pending,Net Banking
ORD003276,CUST01338,23-01-2024,WH011,Cancelled,COD
ORD003277,CUST01522,20 Feb 2023,WH018,processing,Credit Card
ORD003278,CUST03758,2023/12/10,WH004,Processing,UPI
ORD003279,CUST00775,2024/11/17,WH010,Cancelled,Cash on Delivery
ORD003280,CUST00978,08 Aug 2024,WH007,Cancelled,UPI
ORD003281,CUST01763,2022-05-11,WH004,Pending,Debit Card
ORD003282,CUST03600,06/11/2023,WH017,PENDING,Net Banking
ORD003283,CUST01116,30 Oct 2024,WH016,delivered,cod
ORD003284,CUST02143,03/29/2022,WH004,Delivered,Net Banking
ORD003285,CUST03546,12/20/2023,WH009,Delivered,UPI
ORD003286,CUST03519,10-05-2022,WH017,Cancelled,Debit Card
ORD003287,CUST03056,2022/05/08,WH002,PROCESSING,cod
ORD003288,CUST02754,09-05-2024,WH011,Delivered,cod
ORD003289,CUST03492,2023/02/28,WH001,Cancelled,Credit Card
ORD003290,CUST03289,2023/07/15,WH006,Shipped,cod
ORD003291,CUST02156,23 Aug 2024,WH014,Shipped,Cash on Delivery
ORD003292,CUST02113,10/01/2024,WH007,Pending,COD
ORD003293,CUST01807,0000-00-00,WH003,pending,Credit Card
ORD003294,CUST00774,2022/04/20,WH003,Cancelled,cod
ORD003295,CUST02038,09-06-2023,WH013,DELIVERED,Credit Card
ORD003296,CUST02546,2024-01-10,WH017,Pending,UPI
ORD003297,CUST01255,2022/05/20,WH012,PENDING,cod
ORD003298,CUST03728,24/08/2023,WH012,Delivered,Debit Card
ORD003299,CUST02836,03 Apr 2023,WH002,Processing,cod
ORD003300,CUST02887,2023/10/28,WH012,Delivered,Debit Card
ORD003301,CUST00029,18/02/2023,WH018,Pending,Net Banking
ORD003302,CUST02243,2024/03/26,WH018,Delivered,Net Banking
ORD003303,CUST00806,09/07/2024,WH007,Returned,Net Banking
ORD003304,CUST03678,2023-01-31,WH013,Shipped,cod
ORD003305,CUST01838,11 Jun 2023,WH011,Processing,cod
ORD003306,CUST03588,2022-09-01,WH003,Cancelled,Net Banking
ORD003307,CUST02872,2023-08-20,WH006,SHIPPED,cod
ORD003308,CUST00806,2022-01-03,WH015,DELIVERED,Net Banking
ORD003309,CUST02616,16-11-2022,WH007,Processing,Cash on Delivery
ORD003310,CUST02841,12 Apr 2023,WH001,shipped,cod
ORD003311,CUST02382,2023-04-19,WH006,Returned,UPI
ORD003312,CUST02099,28-04-2024,WH007,Delivered,COD
ORD003313,CUST01058,2022/07/19,WH002,PENDING,Credit Card
ORD003314,CUST01414,2022/07/19,WH014,Shipped,Debit Card
ORD003315,CUST03065,11/01/2023,WH004,Delivered,UPI
ORD003316,CUST02460,2022-05-26,WH018,Shipped,Credit Card
ORD003317,CUST00932,01-01-2024,WH005,Cancelled,Credit Card
ORD003318,CUST02191,20-09-2023,WH002,PENDING,UPI
ORD003319,CUST03673,2023-12-28,WH012,Processing,COD
ORD003320,CUST03106,12/01/2024,WH011,RETURNED,Net Banking
ORD003321,CUST01169,2022/02/19,WH016,Shipped,cod
ORD003322,CUST01023,09-08-2022,WH004,Pending,Net Banking
ORD003323,CUST01123,2024/01/31,WH016,processing,Debit Card
ORD003324,CUST03145,10-01-2022,WH017,DELIVERED,Credit Card
ORD003325,CUST03845,03/02/2023,WH005,Returned,cod
ORD003326,CUST00998,,WH005,Delivered,Net Banking
ORD003327,CUST01826,2023/10/15,WH017,Delivered,Credit Card
ORD003328,CUST00405,2024/08/30,WH009,PROCESSING,Credit Card
ORD003329,CUST01912,09 May 2023,WH001,Pending,Cash on Delivery
ORD003330,CUST00641,29-05-2022,WH015,Returned,Cash on Delivery
ORD003331,CUST01125,10/07/2022,WH016,Cancelled,cod
ORD003332,CUST00680,2023-03-18,WH001,PROCESSING,COD
ORD003333,CUST02171,11/21/2024,WH009,PROCESSING,cod
ORD003334,CUST02594,28-09-2022,WH014,PROCESSING,Debit Card
ORD003335,CUST00176,2023/03/26,WH005,Processing,COD
ORD003336,CUST02428,30/01/2022,WH007,Processing,Debit Card
ORD003337,CUST00421,2023/08/26,WH015,Returned,COD
ORD003338,CUST00291,2023-10-14,WH001,Delivered,Debit Card
ORD003339,CUST03855,,WH014,SHIPPED,UPI
ORD003340,CUST01634,17-01-2024,WH009,Delivered,Cash on Delivery
ORD003341,CUST01117,03/10/2023,WH014,Shipped,Credit Card
ORD003342,CUST00694,01/09/2024,WH007,DELIVERED,Credit Card
ORD003343,CUST03727,2023-08-27,WH017,Returned,Cash on Delivery
ORD003344,CUST02471,2023/11/19,WH017,Cancelled,UPI
ORD003345,CUST01600,2023/09/25,WH002,PROCESSING,Debit Card
ORD003346,CUST02933,07/15/2023,WH002,Delivered,Net Banking
ORD003347,CUST00942,2023-03-28,WH016,Shipped,Net Banking
ORD003348,CUST01200,27 Dec 2024,WH017,Shipped,UPI
ORD003349,CUST01101,2023-02-16,WH004,Shipped,UPI
ORD003350,CUST02540,08 Aug 2022,WH014,Processing,cod
ORD003351,CUST02499,2024/08/06,WH001,Processing,Net Banking
ORD003352,CUST03930,24-08-2022,WH009,RETURNED,Credit Card
ORD003353,CUST02605,12/06/2022,WH013,SHIPPED,Credit Card
ORD003354,CUST01920,12/05/2024,WH003,Processing,Net Banking
ORD003355,CUST01434,10 Aug 2022,WH008,CANCELLED,UPI
ORD003356,CUST00415,26-02-2024,WH010,Pending,UPI
ORD003357,CUST01761,30/11/2022,WH010,Pending,Debit Card
ORD003358,CUST00129,2022-12-18,WH015,returned,Credit Card
ORD003359,CUST01542,19-10-2024,WH010,Pending,cod
ORD003360,CUST01599,2022/03/08,WH009,cancelled,Debit Card
ORD003361,CUST01056,08/15/2024,WH014,Pending,Cash on Delivery
ORD003362,CUST03357,10/10/2023,WH015,Cancelled,Credit Card
ORD003363,CUST00073,0000-00-00,WH006,pending,Cash on Delivery
ORD003364,CUST00284,21 Jun 2022,WH002,Delivered,Cash on Delivery
ORD003365,CUST01495,03/20/2023,WH007,Processing,Debit Card
ORD003366,CUST02510,2024-07-05,WH001,shipped,Cash on Delivery
ORD003367,CUST00959,15 Nov 2023,WH014,Cancelled,COD
ORD003368,CUST01142,06/10/2024,WH017,Pending,UPI
ORD003369,CUST01232,27/11/2024,WH018,PENDING,Debit Card
ORD003370,CUST02234,03/29/2023,WH007,PENDING,COD
ORD003371,CUST02324,05/12/2022,WH015,Shipped,UPI
ORD003372,CUST01831,21/11/2024,WH017,Cancelled,Debit Card
ORD003373,CUST03566,2024/09/11,WH010,Cancelled,Cash on Delivery
ORD003374,CUST03371,22-07-2023,WH002,Processing,UPI
ORD003375,CUST02157,2023-05-06,WH003,Shipped,UPI
ORD003376,CUST01632,13/02/2023,WH016,Cancelled,Credit Card
ORD003377,CUST00993,2022-04-13,WH013,Processing,Cash on Delivery
ORD003378,CUST03897,03 Jan 2022,WH016,Shipped,Debit Card
ORD003379,CUST02901,10/04/2022,WH010,CANCELLED,Cash on Delivery
ORD003380,CUST01729,12-11-2022,WH008,cancelled,UPI
ORD003381,CUST02511,10/30/2023,WH016,Processing,COD
ORD003382,CUST01516,11/27/2022,WH012,pending,COD
ORD003383,CUST02031,09 Jan 2023,WH001,Processing,Debit Card
ORD003384,CUST00855,01/28/2024,WH004,Returned,UPI
ORD003385,CUST03671,2022-08-20,WH008,Returned,UPI
ORD003386,CUST02139,07/03/2023,WH007,Shipped,Net Banking
ORD003387,CUST03984,2022-05-28,WH008,Shipped,COD
ORD003388,CUST03644,2022/07/23,WH014,Shipped,UPI
ORD003389,CUST01394,12/31/2024,WH009,Shipped,UPI
ORD003390,CUST02246,08/11/2024,WH014,delivered,Credit Card
ORD003391,CUST02680,2022/10/26,WH017,Pending,cod
ORD003392,CUST01332,2023-10-19,WH010,Shipped,Cash on Delivery
ORD003393,CUST00011,2024/05/03,WH017,Returned,Net Banking
ORD003394,CUST02138,10/10/2022,WH006,Cancelled,UPI
ORD003395,CUST03162,08-03-2023,WH007,Delivered,cod
ORD003396,CUST01009,2023-12-30,WH006,Shipped,cod
ORD003397,CUST00344,20-04-2024,WH012,Shipped,cod
ORD003398,CUST00278,12/02/2024,WH011,Pending,Net Banking
ORD003399,CUST02920,09/05/2024,WH010,Pending,Cash on Delivery
ORD003400,CUST03806,26/03/2023,WH004,processing,Debit Card
ORD003401,CUST00307,16 Jul 2023,WH014,Shipped,UPI
ORD003402,CUST03079,01 Nov 2022,WH017,Delivered,COD
ORD003403,CUST00033,0000-00-00,WH007,Processing,Credit Card
ORD003404,CUST01860,02/02/2022,WH009,Delivered,Credit Card
ORD003405,CUST03326,11/07/2023,WH003,Processing,COD
ORD003406,CUST01704,08 Aug 2024,WH017,delivered,cod
ORD003407,CUST01780,01/03/2024,WH007,pending,Credit Card
ORD003408,CUST03376,14/01/2024,WH011,shipped,Credit Card
ORD003409,CUST02906,06/14/2023,WH018,Returned,Cash on Delivery
ORD003410,CUST03516,30-04-2024,WH017,Processing,Credit Card
ORD003411,CUST03890,2024/08/11,WH011,CANCELLED,Cash on Delivery
ORD003412,CUST02272,05-10-2023,WH013,returned,cod
ORD003413,CUST03887,02 Feb 2023,WH011,Shipped,cod
ORD003414,CUST01970,2024/02/20,WH014,Cancelled,Debit Card
ORD003415,CUST02226,13/09/2022,WH015,Delivered,cod
ORD003416,CUST01562,2023/10/19,WH003,Returned,COD
ORD003417,CUST02915,06-02-2024,WH005,Delivered,cod
ORD003418,CUST00904,12/13/2024,WH014,Delivered,Net Banking
ORD003419,CUST01271,02-05-2024,WH009,Delivered,Credit Card
ORD003420,CUST02176,2022-12-10,WH016,Pending,Credit Card
ORD003421,CUST03201,0000-00-00,WH002,Shipped,UPI
ORD003422,CUST01195,2023/07/09,WH009,Returned,cod
ORD003423,CUST03493,12/01/2023,WH004,pending,cod
ORD003424,CUST00212,10/05/2024,WH002,Shipped,Credit Card
ORD003425,CUST02118,13 Dec 2022,WH008,processing,cod
ORD003426,CUST00354,2022/11/30,WH004,Shipped,Cash on Delivery
ORD003427,CUST00389,22/08/2022,WH009,PROCESSING,Cash on Delivery
ORD003428,CUST01906,28/05/2023,WH011,Cancelled,Cash on Delivery
ORD003429,CUST01762,24-11-2022,WH009,Returned,UPI
ORD003430,CUST02089,2023/03/22,WH008,Pending,Credit Card
ORD003431,CUST01169,19/05/2022,WH017,PENDING,Cash on Delivery
ORD003432,CUST03439,11 Nov 2024,WH013,Cancelled,Debit Card
ORD003433,CUST00109,01/01/2022,WH016,Returned,Credit Card
ORD003434,CUST00896,2024/02/21,WH007,Delivered,Debit Card
ORD003435,CUST00423,16 Aug 2024,WH015,Cancelled,Cash on Delivery
ORD003436,CUST01943,06/05/2023,WH001,RETURNED,Cash on Delivery
ORD003437,CUST01335,20-07-2023,WH002,delivered,cod
ORD003438,CUST00788,23-08-2023,WH005,Delivered,cod
ORD003439,CUST00210,05/08/2024,WH002,Shipped,COD
ORD003440,CUST00231,2024-12-16,WH004,Processing,Cash on Delivery
ORD003441,CUST01212,20 Jan 2024,WH001,Delivered,COD
ORD003442,CUST03860,04 Feb 2024,WH001,Processing,Debit Card
ORD003443,CUST00512,03 Apr 2023,WH015,SHIPPED,Credit Card
ORD003444,CUST01458,08/03/2024,WH011,Pending,cod
ORD003445,CUST01765,23 Jun 2023,WH010,pending,Net Banking
ORD003446,CUST00103,2023/01/05,WH014,Pending,Net Banking
ORD003447,CUST01759,27-10-2024,WH018,Delivered,cod
ORD003448,CUST01192,2022/01/27,WH016,delivered,Net Banking
ORD003449,CUST03397,16/06/2022,WH010,RETURNED,UPI
ORD003450,CUST03079,26 Apr 2024,WH009,Pending,cod
ORD003451,CUST02371,2024/08/18,WH002,Returned,Net Banking
ORD003452,CUST01064,2022/04/21,WH002,DELIVERED,COD
ORD003453,CUST00993,08/07/2022,WH011,PENDING,Debit Card
ORD003454,CUST03202,05/15/2022,WH010,Returned,Cash on Delivery
ORD003455,CUST00106,2022-02-26,WH015,DELIVERED,Net Banking
ORD003456,CUST02984,19-03-2022,WH004,Shipped,cod
ORD003457,CUST00062,28 Jun 2022,WH004,Processing,Cash on Delivery
ORD003458,CUST03336,2023-12-16,WH014,pending,Net Banking
ORD003459,CUST03272,2023-11-23,WH014,RETURNED,Debit Card
ORD003460,CUST02496,09/04/2023,WH001,shipped,Cash on Delivery
ORD003461,CUST01487,2024/02/15,WH013,Shipped,Debit Card
ORD003462,CUST01826,12/31/2023,WH008,RETURNED,Debit Card
ORD003463,CUST02324,12 Aug 2023,WH002,Processing,Net Banking
ORD003464,CUST03353,11/01/2022,WH005,RETURNED,Cash on Delivery
ORD003465,CUST03123,12/11/2024,WH001,DELIVERED,Debit Card
ORD003466,CUST00310,2023/11/27,WH018,delivered,UPI
ORD003467,CUST02322,21/08/2022,WH004,Delivered,UPI
ORD003468,CUST03950,01/10/2022,WH017,Cancelled,Cash on Delivery
ORD003469,CUST03887,2024/08/04,WH017,Returned,Net Banking
ORD003470,CUST01587,10/07/2022,WH014,Processing,COD
ORD003471,CUST03626,09 Jun 2023,WH009,Pending,Debit Card
ORD003472,CUST01155,2022-06-21,WH010,Returned,UPI
ORD003473,CUST02477,2024/08/12,WH014,Processing,UPI
ORD003474,CUST02858,06-11-2023,WH017,Processing,Debit Card
ORD003475,CUST00532,2022-12-20,WH018,Cancelled,COD
ORD003476,CUST01059,12/06/2022,WH009,Returned,Cash on Delivery
ORD003477,CUST00969,2024-11-24,WH010,cancelled,Credit Card
ORD003478,CUST01065,30-06-2022,WH007,Delivered,COD
ORD003479,CUST02359,2022/02/19,WH007,Pending,cod
ORD003480,CUST00108,2024-01-18,WH014,Shipped,UPI
ORD003481,CUST01500,24/08/2022,WH009,Returned,Net Banking
ORD003482,CUST00258,05/22/2024,WH009,Cancelled,Net Banking
ORD003483,CUST00144,2024/08/17,WH013,DELIVERED,Net Banking
ORD003484,CUST02836,11/01/2023,WH012,Returned,Cash on Delivery
ORD003485,CUST02278,10 Feb 2024,WH010,Returned,Net Banking
ORD003486,CUST02599,08/23/2022,WH018,DELIVERED,Net Banking
ORD003487,CUST00940,05/21/2022,WH001,shipped,UPI
ORD003488,CUST03560,2023-06-03,WH006,Shipped,Net Banking
ORD003489,CUST01743,2023-06-17,WH015,cancelled,Debit Card
ORD003490,CUST02937,07/31/2022,WH016,Delivered,Debit Card
ORD003491,CUST01023,2023/12/19,WH016,Shipped,Debit Card
ORD003492,CUST03465,2024-08-25,WH016,Processing,cod
ORD003493,CUST02072,08/25/2022,WH005,Delivered,cod
ORD003494,CUST01391,11/24/2024,WH006,Returned,Debit Card
ORD003495,CUST01454,03/11/2022,WH007,Processing,Net Banking
ORD003496,CUST00334,09/09/2022,WH005,cancelled,COD
ORD003497,CUST57939,31 Dec 2023,WH017,processing,Cash on Delivery
ORD003498,CUST00608,26 Dec 2024,WH002,PROCESSING,Credit Card
ORD003499,CUST00459,29 Oct 2024,WH018,Delivered,Debit Card
ORD003500,CUST01449,07-01-2024,WH002,PROCESSING,COD
ORD003501,CUST02742,13/07/2023,WH016,Delivered,COD
ORD003502,CUST00135,10 Jun 2023,WH010,pending,Net Banking
ORD003503,CUST03462,2024-02-11,WH013,Cancelled,Net Banking
ORD003504,CUST00619,19 Apr 2023,WH014,Pending,COD
ORD003505,CUST00662,17/03/2022,WH012,Delivered,Debit Card
ORD003506,CUST00617,21 Jun 2023,WH014,Pending,cod
ORD003507,CUST03253,19/04/2023,WH016,Returned,Cash on Delivery
ORD003508,CUST03428,14 May 2024,WH017,delivered,Cash on Delivery
ORD003509,CUST02141,05/24/2024,WH009,Pending,Net Banking
ORD003510,CUST01491,2023/05/24,WH017,processing,Net Banking
ORD003511,CUST02652,2022-11-25,WH016,Delivered,Credit Card
ORD003512,CUST00923,2024/06/30,WH008,cancelled,COD
ORD003513,CUST00951,30 Jan 2024,WH002,Delivered,cod
ORD003514,CUST03891,2024-05-28,WH016,PENDING,COD
ORD003515,CUST03225,09 Oct 2024,WH004,RETURNED,Credit Card
ORD003516,CUST01287,05/23/2023,WH007,CANCELLED,COD
ORD003517,CUST02164,2024-07-04,WH009,Shipped,Debit Card
ORD003518,CUST00330,11/06/2023,WH009,Pending,UPI
ORD003519,CUST02759,04 Jun 2022,WH016,RETURNED,Net Banking
ORD003520,CUST01411,30/12/2023,WH006,Processing,Net Banking
ORD003521,CUST01557,10/03/2022,WH018,Pending,Cash on Delivery
ORD003522,CUST03193,,WH014,Pending,Debit Card
ORD003523,CUST03945,03-12-2022,WH004,Returned,cod
ORD003524,CUST01012,2023-11-19,WH008,RETURNED,Debit Card
ORD003525,CUST02227,16/04/2024,WH010,shipped,Cash on Delivery
ORD003526,CUST00324,2024/08/10,WH010,Returned,Debit Card
ORD003527,CUST58121,01/31/2024,WH017,Cancelled,COD
ORD003528,CUST02829,2024-12-13,WH016,Returned,Net Banking
ORD003529,CUST02501,23-02-2023,WH012,Processing,COD
ORD003530,CUST00520,2022-06-20,WH015,Pending,Net Banking
ORD003531,CUST03230,13/03/2022,WH014,Cancelled,Cash on Delivery
ORD003532,CUST00152,12/26/2023,WH004,Processing,cod
ORD003533,CUST03347,2023-12-30,WH013,DELIVERED,Net Banking
ORD003534,CUST02794,12-11-2023,WH003,Returned,cod
ORD003535,CUST00171,06 Feb 2022,WH001,RETURNED,Credit Card
ORD003536,CUST02687,2023/05/13,WH005,RETURNED,COD
ORD003537,CUST01291,08 Sep 2023,WH006,Processing,UPI
ORD003538,CUST03563,27-03-2024,WH004,SHIPPED,UPI
ORD003539,CUST02946,27-07-2022,WH013,Cancelled,Debit Card
ORD003540,CUST01505,29/07/2023,WH009,PROCESSING,Debit Card
ORD003541,CUST01324,05/19/2022,WH008,shipped,Debit Card
ORD003542,CUST03914,26/11/2023,WH008,Returned,COD
ORD003543,CUST03417,2022/09/16,WH018,Pending,Credit Card
ORD003544,CUST03058,15-10-2023,WH010,Cancelled,cod
ORD003545,CUST00362,06-02-2023,WH013,cancelled,UPI
ORD003546,CUST03490,29/06/2022,WH005,Returned,Credit Card
ORD003547,CUST02357,2023/02/26,WH005,Shipped,UPI
ORD003548,CUST03239,11/04/2022,WH004,Delivered,Credit Card
ORD003549,CUST02287,26/05/2024,WH009,Shipped,Net Banking
ORD003550,CUST02756,01 Oct 2022,WH007,Shipped,cod
ORD003551,CUST02865,2024/10/27,WH003,Returned,cod
ORD003552,CUST01441,2022-05-31,WH005,processing,Net Banking
ORD003553,CUST02624,07/03/2022,WH005,Pending,Credit Card
ORD003554,CUST02943,11/09/2022,WH003,Processing,Credit Card
ORD003555,CUST02466,15-10-2023,WH010,Delivered,Debit Card
ORD003556,CUST02990,2023/05/30,WH006,Delivered,UPI
ORD003557,CUST01746,2022/12/16,WH001,Pending,Credit Card
ORD003558,CUST02402,25/04/2022,WH001,cancelled,Debit Card
ORD003559,CUST02692,2022-08-28,WH008,Cancelled,Credit Card
ORD003560,CUST01439,04/04/2024,WH010,Cancelled,cod
ORD003561,CUST00387,05/02/2024,WH003,Delivered,Credit Card
ORD003562,CUST02589,2023-06-23,WH015,Shipped,UPI
ORD003563,CUST03278,2024-12-11,WH009,Delivered,Net Banking
ORD003564,CUST02916,2023-10-11,WH009,Cancelled,cod
ORD003565,CUST03975,,WH017,Processing,Net Banking
ORD003566,CUST03894,18-02-2022,WH015,Cancelled,COD
ORD003567,CUST01345,2023-07-03,WH008,Pending,Debit Card
ORD003568,CUST01657,28 Jul 2023,WH013,shipped,cod
ORD003569,CUST03670,04 Mar 2023,WH001,Delivered,Cash on Delivery
ORD003570,CUST02827,04-01-2022,WH006,processing,cod
ORD003571,CUST00623,31-01-2024,WH009,Shipped,Credit Card
ORD003572,CUST03851,2023/01/02,WH010,Cancelled,Debit Card
ORD003573,CUST00041,2024/02/08,WH015,Shipped,Cash on Delivery
ORD003574,CUST03443,2023/06/11,WH006,SHIPPED,Debit Card
ORD003575,CUST00354,16-07-2024,WH016,Shipped,UPI
ORD003576,CUST02968,21 Jul 2024,WH016,Delivered,cod
ORD003577,CUST01094,2022/10/14,WH001,Processing,Cash on Delivery
ORD003578,CUST03932,23-07-2023,WH012,Processing,UPI
ORD003579,CUST00016,2022/08/14,WH014,SHIPPED,COD
ORD003580,CUST03898,2024-12-02,WH008,Shipped,Cash on Delivery
ORD003581,CUST00729,28 May 2024,WH017,Cancelled,cod
ORD003582,CUST03907,06 Jul 2022,WH005,Pending,Net Banking
ORD003583,CUST02051,04 Jun 2023,WH014,Shipped,UPI
ORD003584,CUST03173,24 Oct 2022,WH003,Delivered,Cash on Delivery
ORD003585,CUST01322,03/06/2024,WH018,Delivered,Credit Card
ORD003586,CUST02450,2022/12/18,WH014,Returned,Cash on Delivery
ORD003587,CUST00337,07/26/2022,WH013,Processing,cod
ORD003588,CUST01677,17-08-2022,WH015,Shipped,cod
ORD003589,CUST01085,2023-05-20,WH012,PROCESSING,Cash on Delivery
ORD003590,CUST01756,2024-11-18,WH006,Delivered,cod
ORD003591,CUST00683,11/05/2023,WH012,Cancelled,UPI
ORD003592,CUST01169,2023-12-04,WH002,CANCELLED,COD
ORD003593,CUST01529,04/22/2022,WH009,CANCELLED,UPI
ORD003594,CUST01831,31 Oct 2022,WH017,Pending,cod
ORD003595,CUST02549,07/04/2022,WH007,Processing,Net Banking
ORD003596,CUST02450,05/14/2024,WH001,Cancelled,cod
ORD003597,CUST01226,2022-02-28,WH008,Delivered,COD
ORD003598,CUST01370,2023-05-14,WH006,Processing,COD
ORD003599,CUST00112,10/14/2022,WH013,Cancelled,Debit Card
ORD003600,CUST00555,19 Jul 2023,WH015,Processing,Net Banking
ORD003601,CUST01706,28 May 2023,WH014,PENDING,UPI
ORD003602,CUST03073,2024-04-17,WH005,Delivered,Debit Card
ORD003603,CUST01256,23-08-2024,WH004,Delivered,Credit Card
ORD003604,CUST00936,2022/11/06,WH002,Processing,Credit Card
ORD003605,CUST03212,03/29/2023,WH003,Processing,Cash on Delivery
ORD003606,CUST00092,12 Jan 2024,WH003,Shipped,Debit Card
ORD003607,CUST01002,03/08/2022,WH018,pending,Debit Card
ORD003608,CUST02094,10-05-2023,WH016,Delivered,Credit Card
ORD003609,CUST02564,21-06-2024,WH009,delivered,UPI
ORD003610,CUST02192,06/29/2022,WH010,Processing,COD
ORD003611,CUST03718,,WH009,Delivered,Credit Card
ORD003612,CUST01147,2024-11-09,WH001,Pending,cod
ORD003613,CUST01534,02/06/2023,WH016,Returned,cod
ORD003614,CUST01339,17-03-2023,WH014,DELIVERED,Credit Card
ORD003615,CUST00120,01/26/2022,WH008,Shipped,UPI
ORD003616,CUST00477,20-09-2022,WH010,Cancelled,cod
ORD003617,CUST01271,24 Jun 2022,WH018,Processing,Cash on Delivery
ORD003618,CUST00926,2022-10-26,WH018,Pending,UPI
ORD003619,CUST02502,03/21/2023,WH012,Shipped,COD
ORD003620,CUST02856,2024/05/19,WH013,CANCELLED,cod
ORD003621,CUST02572,27 Aug 2024,WH015,PROCESSING,COD
ORD003622,CUST01849,2023-06-10,WH017,Shipped,UPI
ORD003623,CUST01704,2022/01/11,WH004,Delivered,Debit Card
ORD003624,CUST01716,2024/06/01,WH011,Returned,cod
ORD003625,CUST03355,2023-11-30,WH006,Pending,Debit Card
ORD003626,CUST03317,2024-01-08,WH018,Delivered,Net Banking
ORD003627,CUST03648,05/06/2022,WH014,PROCESSING,UPI
ORD003628,CUST00637,2022/11/10,WH012,Pending,cod
ORD003629,CUST00102,21/05/2022,WH010,Cancelled,Debit Card
ORD003630,CUST01185,2024-06-27,WH016,Pending,Net Banking
ORD003631,CUST03829,2023/04/05,WH003,Processing,COD
ORD003632,CUST52955,22-04-2023,WH016,Cancelled,Net Banking
ORD003633,CUST01821,06 Mar 2024,WH010,Processing,UPI
ORD003634,CUST00997,26-09-2024,WH018,PROCESSING,Credit Card
ORD003635,CUST03834,2023/12/03,WH012,Returned,UPI
ORD003636,CUST03734,2022-05-19,WH017,Shipped,cod
ORD003637,CUST03576,25-12-2022,WH012,Cancelled,Credit Card
ORD003638,CUST00888,22 Feb 2023,WH008,Returned,Credit Card
ORD003639,CUST02756,14/02/2022,WH014,delivered,COD
ORD003640,CUST01480,2024-09-08,WH010,SHIPPED,Cash on Delivery
ORD003641,CUST00664,2022-05-01,WH017,Pending,Cash on Delivery
ORD003642,CUST01709,11 Feb 2024,WH009,SHIPPED,UPI
ORD003643,CUST00696,02-09-2024,WH011,Processing,COD
ORD003644,CUST03859,09/09/2023,WH003,Cancelled,UPI
ORD003645,CUST01889,28-03-2024,WH009,Cancelled,Debit Card
ORD003646,CUST01606,04/06/2022,WH015,Cancelled,Credit Card
ORD003647,CUST03464,16 Jun 2023,WH002,Processing,Cash on Delivery
ORD003648,CUST00403,2022/12/11,WH009,Cancelled,COD
ORD003649,CUST02258,06/09/2022,WH009,pending,Net Banking
ORD003650,CUST01555,2022-12-19,WH009,DELIVERED,Credit Card
ORD003651,CUST02370,19 Dec 2023,WH012,PENDING,UPI
ORD003652,CUST01886,03-09-2024,WH008,delivered,COD
ORD003653,CUST00176,04/12/2022,WH003,Delivered,Net Banking
ORD003654,CUST03836,05/04/2022,WH005,Pending,Net Banking
ORD003655,CUST01643,2024/02/28,WH007,Delivered,Net Banking
ORD003656,CUST01039,11 Jul 2024,WH004,Processing,Debit Card
ORD003657,CUST02579,21 Mar 2022,WH001,Returned,cod
ORD003658,CUST02758,16-05-2022,WH008,Shipped,Credit Card
ORD003659,CUST00730,20 Nov 2023,WH003,DELIVERED,COD
ORD003660,CUST03325,16/04/2022,WH004,Pending,UPI
ORD003661,CUST03932,14/12/2022,WH014,RETURNED,COD
ORD003662,CUST02003,16 Dec 2023,WH010,CANCELLED,Net Banking
ORD003663,CUST01096,29 Nov 2024,WH013,Shipped,Credit Card
ORD003664,CUST01006,02-05-2022,WH014,Shipped,COD
ORD003665,CUST00976,2022/09/30,WH009,SHIPPED,cod
ORD003666,CUST02014,2022-05-22,WH004,Pending,UPI
ORD003667,CUST03270,2024-10-17,WH007,Delivered,COD
ORD003668,CUST01548,07 Apr 2024,WH015,CANCELLED,Debit Card
ORD003669,CUST03140,0000-00-00,WH008,Processing,COD
ORD003670,CUST00538,30-05-2023,WH016,Pending,Cash on Delivery
ORD003671,CUST02915,2024-02-27,WH003,Pending,COD
ORD003672,CUST02598,2022-09-22,WH010,Processing,Cash on Delivery
ORD003673,CUST01777,2024/03/27,WH010,shipped,Cash on Delivery
ORD003674,CUST01450,12/14/2023,WH004,PENDING,Credit Card
ORD003675,CUST01192,19/06/2024,WH003,PENDING,Cash on Delivery
ORD003676,CUST01563,2022/02/07,WH004,Pending,cod
ORD003677,CUST03730,01/28/2023,WH005,CANCELLED,Net Banking
ORD003678,CUST01686,23/05/2023,WH001,Cancelled,cod
ORD003679,CUST00391,25/01/2023,WH013,Cancelled,COD
ORD003680,CUST01759,11/28/2022,WH009,Pending,Net Banking
ORD003681,CUST01144,04/06/2022,WH005,Returned,Cash on Delivery
ORD003682,CUST00931,18-06-2023,WH015,Pending,cod
ORD003683,CUST03757,12/11/2024,WH017,Pending,Credit Card
ORD003684,CUST02747,11 Apr 2023,WH003,Processing,Debit Card
ORD003685,CUST01596,14-11-2022,WH004,Shipped,UPI
ORD003686,CUST00475,15 Aug 2024,WH007,Shipped,UPI
ORD003687,CUST03916,18/08/2022,WH003,Processing,Cash on Delivery
ORD003688,CUST01608,05 Aug 2023,WH012,Cancelled,Debit Card
ORD003689,CUST00691,09 Apr 2024,WH001,Cancelled,Credit Card
ORD003690,CUST03309,25 Jun 2024,WH011,SHIPPED,cod
ORD003691,CUST03078,2022/09/21,WH001,Returned,COD
ORD003692,CUST00977,10 Mar 2023,WH018,Returned,UPI
ORD003693,CUST00779,11/06/2023,WH008,Processing,Cash on Delivery
ORD003694,CUST00719,18-09-2024,WH015,Returned,Credit Card
ORD003695,CUST02368,05/18/2023,WH005,cancelled,Credit Card
ORD003696,CUST01675,08/09/2024,WH010,Cancelled,Cash on Delivery
ORD003697,CUST02867,20/03/2024,WH008,PROCESSING,Credit Card
ORD003698,CUST02822,14/03/2022,WH015,Delivered,COD
ORD003699,CUST00854,05/08/2024,WH007,pending,cod
ORD003700,CUST00347,04/01/2024,WH011,SHIPPED,COD
ORD003701,CUST02355,2024/03/18,WH014,Pending,COD
ORD003702,CUST02487,,WH015,Pending,Debit Card
ORD003703,CUST03072,14/02/2023,WH009,RETURNED,Net Banking
ORD003704,CUST03071,14/11/2024,WH002,Returned,Net Banking
ORD003705,CUST01173,2022-05-13,WH013,Returned,UPI
ORD003706,CUST01430,11/15/2022,WH001,RETURNED,Cash on Delivery
ORD003707,CUST03666,13/05/2023,WH014,Delivered,Net Banking
ORD003708,CUST02749,2022-09-28,WH003,Cancelled,Credit Card
ORD003709,CUST03630,27-11-2023,WH017,Pending,Cash on Delivery
ORD003710,CUST01806,26 Dec 2024,WH003,PENDING,Credit Card
ORD003711,CUST00123,2024-01-07,WH008,Cancelled,cod
ORD003712,CUST00685,03/31/2024,WH002,Pending,Debit Card
ORD003713,CUST01124,16 Apr 2023,WH005,Cancelled,Cash on Delivery
ORD003714,CUST02769,09/21/2022,WH013,shipped,Net Banking
ORD003715,CUST02775,05/26/2024,WH002,Shipped,Credit Card
ORD003716,CUST01844,08 Dec 2023,WH003,CANCELLED,Debit Card
ORD003717,CUST00148,2023/10/05,WH003,Pending,Net Banking
ORD003718,CUST02255,24/07/2024,WH009,returned,UPI
ORD003719,CUST00494,2022/09/06,WH003,Processing,Credit Card
ORD003720,CUST00993,07/24/2022,WH015,processing,cod
ORD003721,CUST01647,2024/09/10,WH001,Processing,UPI
ORD003722,CUST02296,05/10/2024,WH007,Processing,Cash on Delivery
ORD003723,CUST02919,0000-00-00,WH005,Shipped,Credit Card
ORD003724,CUST03841,10/17/2024,WH002,PROCESSING,Net Banking
ORD003725,CUST03326,12-06-2023,WH015,PENDING,Debit Card
ORD003726,CUST01797,28 Apr 2022,WH017,Delivered,Credit Card
ORD003727,CUST01889,06/05/2022,WH007,Processing,UPI
ORD003728,CUST03656,28-08-2024,WH007,Returned,COD
ORD003729,CUST01605,31 Mar 2023,WH011,Returned,Net Banking
ORD003730,CUST02727,30/01/2023,WH018,returned,Credit Card
ORD003731,CUST01633,23/04/2024,WH014,CANCELLED,Net Banking
ORD003732,CUST00029,07/03/2023,WH001,Shipped,Net Banking
ORD003733,CUST03018,07/06/2024,WH008,Returned,Debit Card
ORD003734,CUST02255,2022/04/24,WH008,delivered,Debit Card
ORD003735,CUST02709,15/08/2024,WH009,Shipped,Cash on Delivery
ORD003736,CUST01329,10/10/2024,WH012,Cancelled,UPI
ORD003737,CUST02869,13/09/2022,WH018,Delivered,Net Banking
ORD003738,CUST03399,2023-04-27,WH013,returned,COD
ORD003739,CUST01845,11/25/2023,WH003,Cancelled,Credit Card
ORD003740,CUST00619,13/10/2024,WH013,DELIVERED,Net Banking
ORD003741,CUST03976,04/07/2024,WH014,Processing,Debit Card
ORD003742,CUST00289,2024/08/17,WH014,Shipped,Credit Card
ORD003743,CUST01701,,WH001,Processing,cod
ORD003744,CUST00429,08/31/2024,WH017,pending,Net Banking
ORD003745,CUST00741,2023/04/06,WH007,Shipped,Debit Card
ORD003746,CUST00982,28-11-2022,WH016,PENDING,COD
ORD003747,CUST00339,2022-11-11,WH001,pending,Net Banking
ORD003748,CUST00122,2024/11/07,WH006,SHIPPED,COD
ORD003749,CUST00324,17/12/2022,WH014,Processing,COD
ORD003750,CUST03780,21/06/2024,WH018,SHIPPED,cod
ORD003751,CUST02355,2024/09/04,WH004,Processing,cod
ORD003752,CUST00114,2023/02/05,WH011,Pending,UPI
ORD003753,CUST03774,04/04/2024,WH011,Delivered,Credit Card
ORD003754,CUST00871,02/23/2023,WH006,Returned,COD
ORD003755,CUST03118,15 Aug 2022,WH008,Delivered,Cash on Delivery
ORD003756,CUST02915,22-07-2023,WH005,CANCELLED,Cash on Delivery
ORD003757,CUST03532,12/30/2023,WH008,CANCELLED,Net Banking
ORD003758,CUST03498,01-07-2022,WH008,Cancelled,UPI
ORD003759,CUST00326,14-10-2024,WH004,Processing,COD
ORD003760,CUST01227,13 Oct 2023,WH015,Processing,Net Banking
ORD003761,CUST00600,10/02/2024,WH015,delivered,Debit Card
ORD003762,CUST01246,2023/10/23,WH009,Shipped,Credit Card
ORD003763,CUST02577,2022/02/04,WH016,returned,UPI
ORD003764,CUST02312,2023/01/14,WH010,Shipped,COD
ORD003765,CUST00357,2023/01/20,WH014,Shipped,Cash on Delivery
ORD003766,CUST03953,22 Dec 2024,WH015,Cancelled,Net Banking
ORD003767,CUST00828,07/04/2023,WH011,delivered,Debit Card
ORD003768,CUST01000,03 Dec 2023,WH001,Pending,Debit Card
ORD003769,CUST03929,05/01/2022,WH009,Delivered,Net Banking
ORD003770,CUST02069,2024/03/22,WH013,Shipped,Credit Card
ORD003771,CUST01197,2023/02/17,WH008,pending,cod
ORD003772,CUST02432,2024/08/05,WH002,Shipped,cod
ORD003773,CUST02619,12-03-2022,WH009,returned,Credit Card
ORD003774,CUST02935,28-01-2022,WH014,Returned,Credit Card
ORD003775,CUST01549,2022-06-07,WH013,Cancelled,Debit Card
ORD003776,CUST00488,2022-07-30,WH018,RETURNED,Cash on Delivery
ORD003777,CUST00892,2022-06-22,WH008,Returned,Cash on Delivery
ORD003778,CUST02468,12-02-2024,WH014,Shipped,Cash on Delivery
ORD003779,CUST02618,02/04/2024,WH014,Cancelled,UPI
ORD003780,CUST00800,2023/03/02,WH011,Cancelled,Cash on Delivery
ORD003781,CUST02753,2023/05/01,WH010,Cancelled,Cash on Delivery
ORD003782,CUST03376,20-07-2022,WH018,Processing,cod
ORD003783,CUST02842,20-07-2024,WH011,Returned,Cash on Delivery
ORD003784,CUST02271,2022/03/15,WH008,Returned,UPI
ORD003785,CUST00634,2024-02-06,WH009,Shipped,Credit Card
ORD003786,CUST03075,12/10/2023,WH013,Delivered,Cash on Delivery
ORD003787,CUST03355,2022/07/22,WH017,Returned,COD
ORD003788,CUST00638,2022-07-18,WH017,Delivered,Cash on Delivery
ORD003789,CUST00147,07-10-2022,WH009,RETURNED,Cash on Delivery
ORD003790,CUST00148,09/28/2024,WH001,Processing,COD
ORD003791,CUST03373,2024-10-25,WH015,Delivered,UPI
ORD003792,CUST02416,2023-05-16,WH006,Shipped,cod
ORD003793,CUST03843,03/20/2022,WH018,Delivered,Debit Card
ORD003794,CUST02899,20/05/2023,WH004,Delivered,COD
ORD003795,CUST01019,2024/03/17,WH012,DELIVERED,cod
ORD003796,CUST01937,15/06/2022,WH007,Shipped,Cash on Delivery
ORD003797,CUST02978,05/26/2022,WH017,Pending,UPI
ORD003798,CUST01270,28 Oct 2022,WH007,Cancelled,Cash on Delivery
ORD003799,CUST00214,22-09-2024,WH016,Cancelled,Cash on Delivery
ORD003800,CUST03136,2022-09-28,WH018,Pending,UPI
ORD003801,CUST02342,26/04/2024,WH011,returned,COD
ORD003802,CUST03278,2024/11/25,WH014,Processing,cod
ORD003803,CUST00604,2022-06-16,WH016,Shipped,COD
ORD003804,CUST02792,06/13/2022,WH011,Cancelled,Debit Card
ORD003805,CUST00290,2023/04/10,WH009,Shipped,Cash on Delivery
ORD003806,CUST01573,09/07/2024,WH013,PENDING,Cash on Delivery
ORD003807,CUST01005,2024/12/13,WH011,DELIVERED,Net Banking
ORD003808,CUST01529,05/10/2024,WH015,Pending,Credit Card
ORD003809,CUST03269,05/06/2024,WH004,CANCELLED,Credit Card
ORD003810,CUST00534,02/16/2024,WH010,processing,UPI
ORD003811,CUST00870,21 Sep 2024,WH010,cancelled,Net Banking
ORD003812,CUST02925,09/08/2023,WH002,PROCESSING,COD
ORD003813,CUST03658,27-09-2023,WH018,Pending,Net Banking
ORD003814,CUST00978,,WH018,DELIVERED,Debit Card
ORD003815,CUST00094,10/28/2022,WH013,Processing,Credit Card
ORD003816,CUST03831,,WH007,Cancelled,Cash on Delivery
ORD003817,CUST02416,19-11-2022,WH012,PENDING,Net Banking
ORD003818,CUST00444,01/12/2023,WH013,PROCESSING,Debit Card
ORD003819,CUST00157,2024-05-11,WH009,Cancelled,Net Banking
ORD003820,CUST01430,2023/05/30,WH014,Returned,Cash on Delivery
ORD003821,CUST01336,05/09/2022,WH017,DELIVERED,Cash on Delivery
ORD003822,CUST01982,13-03-2022,WH016,Cancelled,Debit Card
ORD003823,CUST00856,30/09/2022,WH007,Processing,Credit Card
ORD003824,CUST03061,20-10-2023,WH010,PROCESSING,COD
ORD003825,CUST02822,10/08/2022,WH017,shipped,Credit Card
ORD003826,CUST02774,2024-12-22,WH006,Cancelled,cod
ORD003827,CUST03726,2024-01-19,WH002,pending,Debit Card
ORD003828,CUST00199,2024/03/05,WH002,Returned,Debit Card
ORD003829,CUST01111,08 Oct 2022,WH016,Processing,UPI
ORD003830,CUST02254,20-02-2024,WH018,Pending,Cash on Delivery
ORD003831,CUST02919,0000-00-00,WH006,PENDING,UPI
ORD003832,CUST02296,01/13/2024,WH013,PROCESSING,Net Banking
ORD003833,CUST03662,25 Nov 2024,WH008,PROCESSING,Net Banking
ORD003834,CUST03589,10/31/2023,WH009,processing,COD
ORD003835,CUST00795,30/10/2023,WH006,Cancelled,Credit Card
ORD003836,CUST01561,07/16/2022,WH002,PROCESSING,COD
ORD003837,CUST01541,02/02/2023,WH013,Delivered,Debit Card
ORD003838,CUST03710,2023/10/12,WH007,cancelled,Debit Card
ORD003839,CUST01200,24/04/2022,WH001,Delivered,COD
ORD003840,CUST03943,07-06-2023,WH011,Returned,cod
ORD003841,CUST02226,09 Aug 2024,WH008,Delivered,COD
ORD003842,CUST00675,2023-03-26,WH013,shipped,cod
ORD003843,CUST01691,2022/06/24,WH012,Shipped,Debit Card
ORD003844,CUST00419,03/13/2024,WH016,Processing,Net Banking
ORD003845,CUST02965,2024/10/21,WH002,Processing,Debit Card
ORD003846,CUST00077,2022/01/18,WH014,shipped,Credit Card
ORD003847,CUST03175,2024/05/21,WH007,Cancelled,Debit Card
ORD003848,CUST02351,03/07/2023,WH017,Returned,Credit Card
ORD003849,CUST03901,02/15/2024,WH013,Processing,UPI
ORD003850,CUST03628,,WH004,PROCESSING,Cash on Delivery
ORD003851,CUST01078,19/09/2024,WH008,Shipped,UPI
ORD003852,CUST01485,2023/01/21,WH012,Shipped,cod
ORD003853,CUST03594,20-12-2022,WH007,cancelled,Debit Card
ORD003854,CUST02806,28/04/2022,WH015,Delivered,Debit Card
ORD003855,CUST03478,31 Aug 2023,WH008,Processing,Net Banking
ORD003856,CUST02826,07/27/2022,WH008,Returned,UPI
ORD003857,CUST00943,02 Mar 2024,WH015,cancelled,cod
ORD003858,CUST00276,2023-01-11,WH016,SHIPPED,Debit Card
ORD003859,CUST03722,09/05/2024,WH015,Shipped,COD
ORD003860,CUST01334,2023-07-22,WH016,Pending,COD
ORD003861,CUST01726,2024/08/21,WH007,SHIPPED,Credit Card
ORD003862,CUST01053,17-01-2022,WH001,Cancelled,Cash on Delivery
ORD003863,CUST00179,,WH006,Shipped,Credit Card
ORD003864,CUST00454,28-10-2024,WH018,Processing,Cash on Delivery
ORD003865,CUST01349,01/05/2023,WH008,Pending,cod
ORD003866,CUST03544,2023/02/12,WH002,Pending,Debit Card
ORD003867,CUST02207,10/08/2023,WH016,SHIPPED,Debit Card
ORD003868,CUST00098,26 Feb 2024,WH016,Processing,Credit Card
ORD003869,CUST03065,2024/07/15,WH011,Processing,UPI
ORD003870,CUST02558,2022/01/31,WH010,Cancelled,Net Banking
ORD003871,CUST01472,17-12-2023,WH005,Returned,UPI
ORD003872,CUST00212,15/07/2023,WH005,Delivered,Net Banking
ORD003873,CUST01595,01/04/2022,WH008,DELIVERED,cod
ORD003874,CUST01304,04 Oct 2024,WH007,DELIVERED,cod
ORD003875,CUST00586,2023/02/09,WH002,Cancelled,Cash on Delivery
ORD003876,CUST00096,07 Feb 2024,WH010,Pending,Debit Card
ORD003877,CUST01464,15 Jan 2023,WH009,SHIPPED,cod
ORD003878,CUST03547,2022-12-14,WH013,Pending,cod
ORD003879,CUST01263,2024-01-05,WH011,RETURNED,cod
ORD003880,CUST00515,04 Sep 2023,WH016,shipped,cod
ORD003881,CUST00128,2024/08/20,WH010,Returned,cod
ORD003882,CUST01473,17 Jul 2022,WH006,Pending,COD
ORD003883,CUST00702,12/02/2023,WH013,Cancelled,Debit Card
ORD003884,CUST03643,2022-08-25,WH002,Shipped,COD
ORD003885,CUST03941,30 Sep 2024,WH001,Processing,Credit Card
ORD003886,CUST03004,20 Feb 2024,WH008,DELIVERED,Net Banking
ORD003887,CUST01408,22 Jul 2024,WH008,Shipped,COD
ORD003888,CUST03308,12-07-2024,WH007,Pending,COD
ORD003889,CUST00329,20/01/2024,WH005,Processing,Credit Card
ORD003890,CUST00692,11-10-2023,WH007,Delivered,Cash on Delivery
ORD003891,CUST01554,2024/11/27,WH005,Pending,COD
ORD003892,CUST03476,04-07-2023,WH010,Returned,Debit Card
ORD003893,CUST01390,22/08/2022,WH017,pending,Credit Card
ORD003894,CUST02990,07-10-2023,WH004,Shipped,Debit Card
ORD003895,CUST02536,,WH014,Processing,Net Banking
ORD003896,CUST03463,22/08/2023,WH003,Delivered,cod
ORD003897,CUST01559,2024/03/29,WH011,Cancelled,Credit Card
ORD003898,CUST01127,10/03/2024,WH006,Returned,Cash on Delivery
ORD003899,CUST00527,17-06-2022,WH014,Cancelled,COD
ORD003900,CUST03979,02/18/2024,WH007,cancelled,COD
ORD003901,CUST03327,2023-08-22,WH001,RETURNED,UPI
ORD003902,CUST01405,2024/07/22,WH013,Cancelled,UPI
ORD003903,CUST01637,19 Sep 2022,WH016,Pending,Net Banking
ORD003904,CUST03261,27-03-2023,WH014,Delivered,Cash on Delivery
ORD003905,CUST03181,10/20/2022,WH017,Shipped,Net Banking
ORD003906,CUST00458,19 Jan 2022,WH016,Returned,UPI
ORD003907,CUST00793,2023-07-08,WH004,returned,cod
ORD003908,CUST03204,2024/08/21,WH002,Delivered,Net Banking
ORD003909,CUST01001,26-06-2024,WH006,Pending,Debit Card
ORD003910,CUST00375,,WH010,Shipped,Cash on Delivery
ORD003911,CUST03242,2022/10/15,WH007,Cancelled,UPI
ORD003912,CUST02156,08/04/2023,WH014,Returned,UPI
ORD003913,CUST00758,05/06/2022,WH009,Shipped,Credit Card
ORD003914,CUST03018,07/13/2022,WH009,RETURNED,cod
ORD003915,CUST00386,21-02-2022,WH011,Shipped,Net Banking
ORD003916,CUST02041,2023/04/20,WH011,SHIPPED,Cash on Delivery
ORD003917,CUST01594,12/22/2023,WH010,pending,cod
ORD003918,CUST00638,2022-01-17,WH011,Returned,COD
ORD003919,CUST03601,28 Dec 2023,WH013,Delivered,Credit Card
ORD003920,CUST03097,2024/09/07,WH009,Returned,Cash on Delivery
ORD003921,CUST03479,2024-01-05,WH007,Returned,Credit Card
ORD003922,CUST03540,30/03/2024,WH010,SHIPPED,cod
ORD003923,CUST01923,2022-08-21,WH006,Returned,UPI
ORD003924,CUST03342,2024-03-09,WH003,Delivered,Cash on Delivery
ORD003925,CUST00156,,WH017,Delivered,cod
ORD003926,CUST00684,2024-12-09,WH011,Delivered,Debit Card
ORD003927,CUST03394,18/11/2023,WH008,shipped,Net Banking
ORD003928,CUST02321,01/01/2023,WH001,Cancelled,UPI
ORD003929,CUST00680,15/05/2023,WH005,Processing,Credit Card
ORD003930,CUST03903,,WH005,Returned,UPI
ORD003931,CUST02234,2023-10-25,WH001,Pending,COD
ORD003932,CUST03774,11/11/2023,WH003,Delivered,cod
ORD003933,CUST00328,,WH003,PENDING,UPI
ORD003934,CUST02578,19/09/2022,WH005,Returned,Debit Card
ORD003935,CUST01835,12/10/2022,WH018,PENDING,Credit Card
ORD003936,CUST03141,12 May 2024,WH001,Processing,Debit Card
ORD003937,CUST02889,2024/02/10,WH005,Processing,UPI
ORD003938,CUST03872,03 May 2024,WH013,CANCELLED,Credit Card
ORD003939,CUST02526,26 Jul 2024,WH005,Processing,UPI
ORD003940,CUST00387,10/05/2022,WH004,PROCESSING,UPI
ORD003941,CUST01137,02/27/2022,WH009,Processing,COD
ORD003942,CUST03721,07/22/2024,WH011,cancelled,Debit Card
ORD003943,CUST02968,10/25/2022,WH015,Delivered,Credit Card
ORD003944,CUST01663,10-10-2023,WH011,PENDING,Cash on Delivery
ORD003945,CUST02181,06 Dec 2022,WH007,processing,Cash on Delivery
ORD003946,CUST01597,16 Nov 2023,WH003,Pending,Credit Card
ORD003947,CUST02144,2024/08/14,WH014,Delivered,Cash on Delivery
ORD003948,CUST01162,07-04-2024,WH014,PENDING,Credit Card
ORD003949,CUST00971,2024-02-24,WH005,Pending,Debit Card
ORD003950,CUST03944,2024/08/21,WH005,Pending,Credit Card
ORD003951,CUST02184,25-01-2022,WH003,Pending,COD
ORD003952,CUST00970,2022-04-13,WH011,Cancelled,COD
ORD003953,CUST01476,11-01-2024,WH008,shipped,Net Banking
ORD003954,CUST00927,03/15/2023,WH015,Processing,UPI
ORD003955,CUST02075,02/09/2023,WH004,Shipped,UPI
ORD003956,CUST00154,05 Oct 2023,WH007,SHIPPED,Cash on Delivery
ORD003957,CUST02714,0000-00-00,WH005,Cancelled,Net Banking
ORD003958,CUST00967,02/16/2023,WH002,Delivered,Credit Card
ORD003959,CUST00289,,WH005,Delivered,cod
ORD003960,CUST03550,2022-12-21,WH017,SHIPPED,Credit Card
ORD003961,CUST00770,2024/08/04,WH010,Cancelled,Debit Card
ORD003962,CUST01526,2023/08/15,WH014,Pending,Cash on Delivery
ORD003963,CUST00301,03/29/2022,WH015,shipped,Credit Card
ORD003964,CUST03255,2024/05/28,WH001,Cancelled,COD
ORD003965,CUST03965,2023-03-14,WH004,SHIPPED,Debit Card
ORD003966,CUST03877,2024-11-04,WH016,Returned,cod
ORD003967,CUST02760,2022-09-25,WH011,Shipped,Net Banking
ORD003968,CUST02616,10/15/2022,WH013,delivered,COD
ORD003969,CUST00710,06/06/2024,WH009,Delivered,UPI
ORD003970,CUST00928,10-09-2023,WH006,RETURNED,Net Banking
ORD003971,CUST01826,08/13/2024,WH012,shipped,UPI
ORD003972,CUST01554,05/11/2022,WH007,Delivered,UPI
ORD003973,CUST00525,24/09/2023,WH005,Returned,Debit Card
ORD003974,CUST01042,2022-05-18,WH002,Pending,Net Banking
ORD003975,CUST00487,04/12/2022,WH008,Shipped,Net Banking
ORD003976,CUST00559,2024/07/04,WH004,DELIVERED,Credit Card
ORD003977,CUST03684,2024-01-31,WH001,Cancelled,Debit Card
ORD003978,CUST03957,2024/12/10,WH013,CANCELLED,cod
ORD003979,CUST00826,09 May 2022,WH013,Processing,COD
ORD003980,CUST03128,07/10/2024,WH015,PROCESSING,UPI
ORD003981,CUST02589,28-03-2022,WH015,Delivered,Net Banking
ORD003982,CUST01676,26/05/2024,WH006,Cancelled,Cash on Delivery
ORD003983,CUST00817,21/04/2022,WH014,Pending,cod
ORD003984,CUST00314,24-08-2024,WH001,Processing,Cash on Delivery
ORD003985,CUST03391,07/13/2023,WH004,delivered,Net Banking
ORD003986,CUST01149,2023-05-08,WH013,Delivered,Net Banking
ORD003987,CUST00480,2022-02-28,WH002,PENDING,COD
ORD003988,CUST03710,16/03/2023,WH015,Delivered,Debit Card
ORD003989,CUST00132,2023/04/20,WH012,cancelled,Debit Card
ORD003990,CUST02069,11/12/2023,WH002,Delivered,UPI
ORD003991,CUST01593,08/08/2024,WH004,SHIPPED,Credit Card
ORD003992,CUST02717,05-10-2022,WH016,Delivered,COD
ORD003993,CUST03129,25-02-2024,WH013,Pending,Credit Card
ORD003994,CUST00306,2024-01-19,WH013,Returned,Net Banking
ORD003995,CUST02855,30 Apr 2024,WH005,Cancelled,Net Banking
ORD003996,CUST03356,28/12/2023,WH013,Cancelled,COD
ORD003997,CUST00146,10 Apr 2024,WH004,Pending,UPI
ORD003998,CUST01547,05/04/2023,WH010,CANCELLED,Credit Card
ORD003999,CUST00799,28 Apr 2024,WH015,Processing,UPI
ORD004000,CUST01961,2024/05/22,WH006,Cancelled,UPI
ORD004001,CUST01961,2024-03-10,WH007,returned,Credit Card
ORD004002,CUST03763,2024-10-22,WH017,Shipped,UPI
ORD004003,CUST01525,2022-12-02,WH014,Shipped,Cash on Delivery
ORD004004,CUST00673,19 Sep 2022,WH004,Delivered,COD
ORD004005,CUST03225,25/08/2023,WH010,Shipped,cod
ORD004006,CUST01225,2024-09-13,WH017,Returned,UPI
ORD004007,CUST00899,11/20/2023,WH015,Returned,cod
ORD004008,CUST01838,02-03-2023,WH010,Pending,Net Banking
ORD004009,CUST01145,20-07-2024,WH006,Shipped,cod
ORD004010,CUST02573,2022/01/16,WH009,DELIVERED,Credit Card
ORD004011,CUST03012,18/12/2024,WH014,returned,Debit Card
ORD004012,CUST01470,09/08/2023,WH002,SHIPPED,cod
ORD004013,CUST02758,2022/01/13,WH007,Cancelled,COD
ORD004014,CUST00575,27-04-2023,WH017,PROCESSING,COD
ORD004015,CUST59916,19/12/2023,WH009,Delivered,Debit Card
ORD004016,CUST03345,12/11/2024,WH003,Delivered,Cash on Delivery
ORD004017,CUST00131,07/20/2022,WH016,CANCELLED,UPI
ORD004018,CUST03220,2023/01/21,WH004,RETURNED,Net Banking
ORD004019,CUST03048,2022/01/14,WH018,Cancelled,Cash on Delivery
ORD004020,CUST02105,31 Aug 2023,WH016,Cancelled,COD
ORD004021,CUST01970,09/03/2022,WH013,Shipped,UPI
ORD004022,CUST01179,10/09/2024,WH009,delivered,Net Banking
ORD004023,CUST00480,2024-02-12,WH004,Returned,Debit Card
ORD004024,CUST01279,2022/10/11,WH005,Shipped,Credit Card
ORD004025,CUST02805,2024/07/13,WH007,Pending,Cash on Delivery
ORD004026,CUST00270,19-02-2024,WH004,Shipped,Debit Card
ORD004027,CUST00555,0000-00-00,WH004,Pending,UPI
ORD004028,CUST01685,25-01-2024,WH008,processing,Credit Card
ORD004029,CUST03643,22 Mar 2023,WH004,Cancelled,Net Banking
ORD004030,CUST01258,2023/06/26,WH010,Shipped,Credit Card
ORD004031,CUST01061,2024-07-18,WH005,Returned,Credit Card
ORD004032,CUST02024,27/11/2023,WH006,RETURNED,UPI
ORD004033,CUST01460,2024-07-19,WH002,Cancelled,Cash on Delivery
ORD004034,CUST02262,22 Jan 2023,WH017,SHIPPED,Cash on Delivery
ORD004035,CUST00027,20/11/2024,WH013,DELIVERED,UPI
ORD004036,CUST03793,04 Apr 2023,WH017,Processing,Credit Card
ORD004037,CUST01149,30-04-2024,WH009,Pending,UPI
ORD004038,CUST02990,20-08-2024,WH009,Shipped,Debit Card
ORD004039,CUST00291,31/10/2024,WH006,PENDING,COD
ORD004040,CUST03227,0000-00-00,WH013,PENDING,COD
ORD004041,CUST02401,24-10-2024,WH008,DELIVERED,COD
ORD004042,CUST03018,15/06/2024,WH006,Returned,Net Banking
ORD004043,CUST03786,19-12-2023,WH018,Cancelled,cod
ORD004044,CUST03730,2023-07-08,WH003,PENDING,Cash on Delivery
ORD004045,CUST01824,14/04/2022,WH018,Returned,Net Banking
ORD004046,CUST01234,06/10/2024,WH007,Shipped,Debit Card
ORD004047,CUST03661,30/10/2024,WH014,Delivered,Net Banking
ORD004048,CUST00266,0000-00-00,WH006,Cancelled,Debit Card
ORD004049,CUST01733,28/07/2022,WH010,Pending,Debit Card
ORD004050,CUST00112,2024/12/08,WH009,CANCELLED,COD
ORD004051,CUST01406,30/05/2022,WH005,Processing,COD
ORD004052,CUST01184,02/07/2022,WH011,pending,Credit Card
ORD004053,CUST00787,02 Jan 2023,WH009,Processing,UPI
ORD004054,CUST03731,2024/08/19,WH015,RETURNED,Net Banking
ORD004055,CUST02289,16-01-2022,WH002,Shipped,UPI
ORD004056,CUST00684,2022/09/24,WH009,Cancelled,COD
ORD004057,CUST01621,2024-04-14,WH008,DELIVERED,Debit Card
ORD004058,CUST03346,02/12/2022,WH010,Pending,COD
ORD004059,CUST02761,2022-05-18,WH015,CANCELLED,Credit Card
ORD004060,CUST01225,12/28/2024,WH007,Returned,Debit Card
ORD004061,CUST01579,30 Sep 2022,WH013,Delivered,Cash on Delivery
ORD004062,CUST02251,2023-02-12,WH016,Delivered,cod
ORD004063,CUST02296,03 Mar 2023,WH016,cancelled,COD
ORD004064,CUST00487,21/01/2022,WH009,CANCELLED,Credit Card
ORD004065,CUST00461,04 Sep 2022,WH008,Pending,UPI
ORD004066,CUST03599,2023-06-03,WH007,SHIPPED,cod
ORD004067,CUST01087,11 May 2024,WH017,Pending,Cash on Delivery
ORD004068,CUST03551,12/29/2024,WH014,processing,Net Banking
ORD004069,CUST03055,2024-01-30,WH017,Pending,UPI
ORD004070,CUST03176,2023/11/03,WH006,Processing,Net Banking
ORD004071,CUST03347,2023-11-07,WH001,Shipped,Credit Card
ORD004072,CUST00758,2024/03/26,WH009,shipped,Net Banking
ORD004073,CUST02761,06/09/2024,WH004,Shipped,UPI
ORD004074,CUST51766,2023-01-19,WH017,Returned,Credit Card
ORD004075,CUST02190,02 Aug 2023,WH012,Shipped,cod
ORD004076,CUST03398,09-11-2022,WH006,Processing,Debit Card
ORD004077,CUST01294,,WH006,SHIPPED,Debit Card
ORD004078,CUST03775,05-10-2023,WH003,Shipped,Cash on Delivery
ORD004079,CUST02882,02-05-2022,WH002,Shipped,Credit Card
ORD004080,CUST03598,13-03-2023,WH004,Cancelled,Net Banking
ORD004081,CUST03613,25/10/2024,WH001,Returned,Credit Card
ORD004082,CUST02767,26-09-2023,WH003,Processing,Debit Card
ORD004083,CUST02969,10/02/2023,WH003,shipped,COD
ORD004084,CUST01932,13-06-2022,WH015,CANCELLED,Cash on Delivery
ORD004085,CUST01904,15-06-2022,WH005,Returned,Debit Card
ORD004086,CUST02386,2023-12-29,WH008,Processing,UPI
ORD004087,CUST01761,02/09/2023,WH005,Pending,Credit Card
ORD004088,CUST00849,02/07/2022,WH003,shipped,Credit Card
ORD004089,CUST03746,11/30/2024,WH009,Shipped,Net Banking
ORD004090,CUST00293,09/19/2022,WH015,Shipped,Cash on Delivery
ORD004091,CUST01349,30/03/2024,WH016,Returned,Cash on Delivery
ORD004092,CUST02755,01-01-2022,WH015,Delivered,Credit Card
ORD004093,CUST00119,03/13/2022,WH014,Shipped,COD
ORD004094,CUST01231,12-09-2024,WH017,Shipped,Debit Card
ORD004095,CUST03968,2022/10/20,WH007,Delivered,Cash on Delivery
ORD004096,CUST02866,09-01-2023,WH013,returned,cod
ORD004097,CUST01097,31-01-2023,WH015,Processing,COD
ORD004098,CUST03355,06-10-2022,WH007,RETURNED,Cash on Delivery
ORD004099,CUST01743,2023/07/19,WH007,returned,Net Banking
ORD004100,CUST00750,23-01-2023,WH010,PENDING,Net Banking
ORD004101,CUST01408,10/11/2022,WH006,Cancelled,Net Banking
ORD004102,CUST02173,03/08/2023,WH008,Pending,Net Banking
ORD004103,CUST01075,19 Aug 2024,WH002,Shipped,Debit Card
ORD004104,CUST01100,30 May 2024,WH012,Cancelled,UPI
ORD004105,CUST00991,2024-03-09,WH016,Returned,Debit Card
ORD004106,CUST01471,08/11/2022,WH004,Delivered,Net Banking
ORD004107,CUST02590,2022-11-14,WH014,CANCELLED,COD
ORD004108,CUST00918,2023-04-26,WH012,Shipped,Credit Card
ORD004109,CUST01770,17 Nov 2022,WH006,RETURNED,Net Banking
ORD004110,CUST03914,12/28/2023,WH009,Returned,Debit Card
ORD004111,CUST02638,17 Sep 2022,WH003,Shipped,Debit Card
ORD004112,CUST01776,16 Aug 2022,WH017,PROCESSING,Cash on Delivery
ORD004113,CUST01220,09/12/2024,WH002,Returned,Credit Card
ORD004114,CUST00894,27 Mar 2023,WH016,Processing,Net Banking
ORD004115,CUST02370,0000-00-00,WH011,Processing,cod
ORD004116,CUST02586,2022-07-29,WH008,Returned,Credit Card
ORD004117,CUST01057,2023/05/02,WH018,Shipped,Cash on Delivery
ORD004118,CUST02487,20/01/2024,WH010,Processing,cod
ORD004119,CUST03891,08/12/2022,WH011,Returned,cod
ORD004120,CUST00116,10/31/2024,WH002,Cancelled,Credit Card
ORD004121,CUST02440,02 Jan 2023,WH009,pending,UPI
ORD004122,CUST02497,28/06/2022,WH018,Shipped,Credit Card
ORD004123,CUST01228,30 Aug 2023,WH002,RETURNED,COD
ORD004124,CUST01057,09/02/2023,WH009,Cancelled,cod
ORD004125,CUST02002,09/20/2024,WH016,Returned,Debit Card
ORD004126,CUST01212,28/11/2024,WH007,DELIVERED,COD
ORD004127,CUST02620,2023-07-07,WH016,Shipped,Net Banking
ORD004128,CUST02544,2024/01/07,WH009,Pending,Cash on Delivery
ORD004129,CUST01314,04/16/2024,WH005,Shipped,Cash on Delivery
ORD004130,CUST01789,2024/09/08,WH007,shipped,COD
ORD004131,CUST03886,13 Aug 2022,WH018,Processing,UPI
ORD004132,CUST00655,06/07/2022,WH007,returned,Net Banking
ORD004133,CUST02759,2022-08-04,WH009,CANCELLED,Net Banking
ORD004134,CUST03802,24-10-2023,WH006,Pending,Net Banking
ORD004135,CUST03417,31/01/2022,WH003,shipped,Debit Card
ORD004136,CUST01577,27/02/2024,WH010,PROCESSING,Cash on Delivery
ORD004137,CUST01234,07/05/2024,WH015,PENDING,Net Banking
ORD004138,CUST55036,27-06-2023,WH003,delivered,UPI
ORD004139,CUST01199,28 May 2023,WH004,Delivered,COD
ORD004140,CUST01176,2023/03/24,WH001,Processing,COD
ORD004141,CUST03607,13/10/2024,WH017,Cancelled,cod
ORD004142,CUST01810,2023/10/03,WH003,Returned,Debit Card
ORD004143,CUST03715,2023-01-17,WH015,Shipped,Credit Card
ORD004144,CUST00654,2024/11/29,WH008,Returned,Credit Card
ORD004145,CUST02558,04/27/2024,WH015,Delivered,Cash on Delivery
ORD004146,CUST01610,07-11-2023,WH018,Processing,Cash on Delivery
ORD004147,CUST02888,2024-02-25,WH005,Cancelled,cod
ORD004148,CUST03293,02 Oct 2024,WH006,Shipped,Debit Card
ORD004149,CUST01720,20/12/2024,WH005,Returned,Cash on Delivery
ORD004150,CUST03617,08/06/2022,WH010,Returned,COD
ORD004151,CUST52585,06/04/2022,WH013,Processing,COD
ORD004152,CUST01847,27 May 2023,WH009,Pending,Debit Card
ORD004153,CUST01237,28/09/2022,WH006,shipped,Cash on Delivery
ORD004154,CUST03526,11-08-2022,WH003,Processing,Debit Card
ORD004155,CUST02009,07 Aug 2023,WH018,Delivered,cod
ORD004156,CUST01508,31-07-2023,WH001,Processing,Cash on Delivery
ORD004157,CUST00273,2023/06/19,WH004,Pending,Cash on Delivery
ORD004158,CUST01427,,WH017,Delivered,UPI
ORD004159,CUST00743,11/02/2022,WH014,Processing,UPI
ORD004160,CUST02476,27-10-2024,WH018,Returned,Debit Card
ORD004161,CUST57093,21/04/2024,WH008,Delivered,Cash on Delivery
ORD004162,CUST01483,16/02/2023,WH015,Cancelled,COD
ORD004163,CUST02378,2023-04-13,WH008,Returned,Credit Card
ORD004164,CUST02120,2022-08-04,WH004,Delivered,UPI
ORD004165,CUST02198,01/20/2024,WH017,pending,Net Banking
ORD004166,CUST00435,01/06/2022,WH018,Pending,Net Banking
ORD004167,CUST03984,13/05/2024,WH015,DELIVERED,COD
ORD004168,CUST01633,12/29/2022,WH011,Shipped,Credit Card
ORD004169,CUST02442,2023-07-09,WH004,Pending,Debit Card
ORD004170,CUST02060,10/15/2023,WH003,Processing,UPI
ORD004171,CUST01647,05/11/2024,WH002,Cancelled,Debit Card
ORD004172,CUST00343,03/11/2024,WH018,Shipped,COD
ORD004173,CUST03474,08-09-2022,WH006,PROCESSING,COD
ORD004174,CUST02619,01-06-2023,WH004,Cancelled,cod
ORD004175,CUST03719,2023-06-08,WH006,Delivered,UPI
ORD004176,CUST00263,23/09/2022,WH017,Shipped,COD
ORD004177,CUST02816,2024/02/02,WH011,Cancelled,cod
ORD004178,CUST02020,17-06-2023,WH007,Pending,Net Banking
ORD004179,CUST03722,2022-12-05,WH011,Pending,Debit Card
ORD004180,CUST00488,03/21/2024,WH015,pending,Debit Card
ORD004181,CUST03047,11-12-2024,WH002,Delivered,UPI
ORD004182,CUST00752,2024/12/06,WH010,Delivered,Cash on Delivery
ORD004183,CUST00113,23/03/2022,WH002,returned,Credit Card
ORD004184,CUST02148,2023/05/16,WH014,Pending,cod
ORD004185,CUST03148,04/27/2024,WH011,CANCELLED,Net Banking
ORD004186,CUST03926,12/02/2022,WH011,Processing,Debit Card
ORD004187,CUST01838,2024/10/23,WH015,Processing,Credit Card
ORD004188,CUST01270,06/22/2023,WH013,Delivered,COD
ORD004189,CUST02751,06 Mar 2022,WH009,Returned,Debit Card
ORD004190,CUST03065,09/16/2023,WH014,returned,Net Banking
ORD004191,CUST02197,2024-09-09,WH007,Pending,Credit Card
ORD004192,CUST03388,01/15/2024,WH013,Cancelled,Debit Card
ORD004193,CUST03466,09 Mar 2024,WH001,CANCELLED,UPI
ORD004194,CUST00491,15 Sep 2024,WH014,Processing,COD
ORD004195,CUST02888,2022/12/12,WH012,delivered,COD
ORD004196,CUST02535,10/19/2024,WH016,SHIPPED,cod
ORD004197,CUST02351,28/06/2023,WH003,Cancelled,Cash on Delivery
ORD004198,CUST00290,16/09/2024,WH007,Cancelled,Debit Card
ORD004199,CUST02469,26 Mar 2022,WH014,Shipped,COD
ORD004200,CUST00140,13 Oct 2023,WH004,Delivered,Net Banking
ORD004201,CUST00905,06/30/2022,WH008,Pending,cod
ORD004202,CUST00604,14/11/2022,WH014,Processing,Credit Card
ORD004203,CUST00688,2022-02-21,WH014,SHIPPED,Debit Card
ORD004204,CUST02610,2022-12-15,WH014,PROCESSING,Debit Card
ORD004205,CUST00305,06-02-2023,WH017,Cancelled,Credit Card
ORD004206,CUST00105,27/07/2024,WH004,Pending,COD
ORD004207,CUST03499,2024/07/13,WH004,Shipped,UPI
ORD004208,CUST00798,29-12-2023,WH015,Pending,Credit Card
ORD004209,CUST01533,2022/11/09,WH012,Cancelled,Net Banking
ORD004210,CUST03616,2024-08-09,WH009,Processing,Cash on Delivery
ORD004211,CUST00931,2024-08-03,WH003,Returned,COD
ORD004212,CUST00493,02/03/2023,WH006,Delivered,COD
ORD004213,CUST02423,06/14/2023,WH004,Returned,Debit Card
ORD004214,CUST55519,24 Oct 2022,WH014,returned,cod
ORD004215,CUST02113,2022/01/23,WH014,returned,UPI
ORD004216,CUST03435,07 Jun 2022,WH010,cancelled,UPI
ORD004217,CUST01612,03/15/2024,WH008,DELIVERED,Net Banking
ORD004218,CUST00355,10-02-2024,WH004,shipped,Credit Card
ORD004219,CUST01034,2022/08/14,WH014,Cancelled,cod
ORD004220,CUST02748,2023-09-09,WH010,Processing,Debit Card
ORD004221,CUST03901,11 Jan 2022,WH007,CANCELLED,Net Banking
ORD004222,CUST03392,09/08/2022,WH018,Shipped,Cash on Delivery
ORD004223,CUST01003,12/23/2024,WH016,RETURNED,Cash on Delivery
ORD004224,CUST00431,2023/01/15,WH015,Returned,cod
ORD004225,CUST00761,18-05-2024,WH006,cancelled,Credit Card
ORD004226,CUST02051,2022/12/13,WH013,Delivered,Debit Card
ORD004227,CUST01206,16/10/2024,WH005,PROCESSING,Cash on Delivery
ORD004228,CUST02491,2023/03/12,WH001,SHIPPED,Credit Card
ORD004229,CUST01386,2023-04-20,WH007,Returned,UPI
ORD004230,CUST02025,26 Jan 2023,WH011,Processing,cod
ORD004231,CUST03607,2023-10-22,WH004,processing,COD
ORD004232,CUST03162,2023/02/27,WH016,CANCELLED,Credit Card
ORD004233,CUST01684,05/06/2023,WH007,Delivered,Net Banking
ORD004234,CUST03758,09-07-2022,WH005,Cancelled,Credit Card
ORD004235,CUST00076,2023/07/04,WH018,Cancelled,COD
ORD004236,CUST00105,03/17/2022,WH015,Delivered,Credit Card
ORD004237,CUST01849,25 Jul 2023,WH004,Returned,Net Banking
ORD004238,CUST03910,28-07-2023,WH018,Cancelled,COD
ORD004239,CUST03381,01/12/2022,WH004,Delivered,UPI
ORD004240,CUST00796,2023-10-02,WH008,Delivered,COD
ORD004241,CUST00262,14 Mar 2024,WH011,RETURNED,Debit Card
ORD004242,CUST03945,20 Oct 2022,WH018,Shipped,Cash on Delivery
ORD004243,CUST02055,23-01-2024,WH011,delivered,COD
ORD004244,CUST01092,07/24/2023,WH017,Pending,Cash on Delivery
ORD004245,CUST02419,2024/04/07,WH015,Processing,COD
ORD004246,CUST02855,01/14/2022,WH007,Pending,cod
ORD004247,CUST01647,2024-01-16,WH015,pending,COD
ORD004248,CUST02237,28-06-2024,WH004,Pending,Credit Card
ORD004249,CUST00286,10 Feb 2023,WH004,CANCELLED,Cash on Delivery
ORD004250,CUST03530,06 Apr 2022,WH004,Pending,Net Banking
ORD004251,CUST01356,2022-03-16,WH001,Cancelled,COD
ORD004252,CUST00649,2024/10/28,WH003,SHIPPED,Debit Card
ORD004253,CUST00620,20-05-2024,WH001,Delivered,COD
ORD004254,CUST03095,24 Jan 2023,WH013,RETURNED,Credit Card
ORD004255,CUST02198,26 Jul 2024,WH014,CANCELLED,UPI
ORD004256,CUST02323,17/06/2023,WH016,DELIVERED,Debit Card
ORD004257,CUST02346,2024-08-25,WH002,Delivered,Cash on Delivery
ORD004258,CUST01294,09/01/2024,WH016,Processing,UPI
ORD004259,CUST00162,2024/02/29,WH007,Pending,Debit Card
ORD004260,CUST03654,2024/04/27,WH016,Cancelled,UPI
ORD004261,CUST03751,2024/01/05,WH009,Delivered,Net Banking
ORD004262,CUST02407,25/07/2022,WH014,Shipped,Credit Card
ORD004263,CUST03212,2022-11-01,WH008,PENDING,cod
ORD004264,CUST00017,08/03/2024,WH018,Cancelled,Credit Card
ORD004265,CUST00588,2024-05-20,WH014,Pending,Net Banking
ORD004266,CUST01523,01/30/2022,WH009,Pending,Net Banking
ORD004267,CUST00150,06/14/2024,WH002,Processing,COD
ORD004268,CUST01161,19 Sep 2023,WH018,SHIPPED,Credit Card
ORD004269,CUST03366,06/15/2022,WH010,Pending,COD
ORD004270,CUST00471,15-11-2024,WH006,Pending,COD
ORD004271,CUST02256,02/12/2023,WH018,Delivered,Cash on Delivery
ORD004272,CUST03593,18/08/2022,WH003,Shipped,Credit Card
ORD004273,CUST01976,2022-11-01,WH008,processing,UPI
ORD004274,CUST01880,2022/10/13,WH008,processing,Credit Card
ORD004275,CUST00914,29/08/2024,WH018,cancelled,Cash on Delivery
ORD004276,CUST01487,23 Oct 2024,WH018,Processing,Debit Card
ORD004277,CUST01553,04 Aug 2024,WH001,pending,Cash on Delivery
ORD004278,CUST03840,02 Aug 2024,WH009,Shipped,Debit Card
ORD004279,CUST02983,01/11/2022,WH005,Shipped,Credit Card
ORD004280,CUST02184,06/08/2024,WH006,Shipped,cod
ORD004281,CUST03006,2024-10-01,WH005,Cancelled,Cash on Delivery
ORD004282,CUST00746,04/16/2024,WH010,Returned,UPI
ORD004283,CUST01911,2024-10-30,WH009,Pending,Credit Card
ORD004284,CUST01754,25-04-2022,WH014,Pending,COD
ORD004285,CUST01649,17 Mar 2022,WH006,Cancelled,UPI
ORD004286,CUST02979,08-12-2023,WH009,Shipped,UPI
ORD004287,CUST03366,2022/02/22,WH011,Shipped,Credit Card
ORD004288,CUST00353,10/04/2023,WH016,PENDING,Cash on Delivery
ORD004289,CUST03710,2023/12/03,WH017,Shipped,Credit Card
ORD004290,CUST03586,06-10-2022,WH006,Delivered,Net Banking
ORD004291,CUST01853,2022-06-29,WH012,Returned,Debit Card
ORD004292,CUST03466,2024/09/14,WH011,Shipped,cod
ORD004293,CUST02586,03/26/2024,WH009,Delivered,UPI
ORD004294,CUST00054,2024/02/24,WH007,Delivered,Net Banking
ORD004295,CUST02562,01/18/2024,WH008,Processing,Debit Card
ORD004296,CUST03361,12/25/2024,WH015,processing,Cash on Delivery
ORD004297,CUST01423,01/03/2022,WH005,DELIVERED,Credit Card
ORD004298,CUST01730,04/16/2022,WH015,Returned,COD
ORD004299,CUST01192,,WH012,PENDING,Credit Card
ORD004300,CUST01124,26 Mar 2023,WH017,Shipped,Net Banking
ORD004301,CUST02799,10/21/2024,WH009,Cancelled,Credit Card
ORD004302,CUST03462,31-08-2023,WH005,Processing,COD
ORD004303,CUST01532,25/10/2023,WH008,PENDING,cod
ORD004304,CUST01914,2023/09/18,WH008,DELIVERED,Debit Card
ORD004305,CUST00465,2022-03-05,WH003,Returned,UPI
ORD004306,CUST03679,0000-00-00,WH007,Processing,Cash on Delivery
ORD004307,CUST02844,09 May 2024,WH006,Processing,cod
ORD004308,CUST01174,12/05/2022,WH010,Returned,cod
ORD004309,CUST00988,01-08-2023,WH006,Cancelled,Net Banking
ORD004310,CUST02714,11/10/2024,WH006,returned,COD
ORD004311,CUST00380,27/11/2022,WH001,Delivered,UPI
ORD004312,CUST00285,2022/01/27,WH004,Processing,Debit Card
ORD004313,CUST03684,2023/03/14,WH002,Pending,Credit Card
ORD004314,CUST03547,01-06-2023,WH004,Cancelled,cod
ORD004315,CUST01404,08/11/2023,WH011,Pending,Net Banking
ORD004316,CUST02975,2022-06-19,WH003,pending,Credit Card
ORD004317,CUST02865,2023/09/17,WH002,Cancelled,UPI
ORD004318,CUST03008,,WH003,Processing,COD
ORD004319,CUST02131,2023-12-27,WH007,Returned,Debit Card
ORD004320,CUST01293,2024/06/19,WH003,Pending,Net Banking
ORD004321,CUST01687,03/29/2023,WH005,shipped,Debit Card
ORD004322,CUST02457,2022-01-23,WH006,PROCESSING,cod
ORD004323,CUST02731,26 May 2024,WH013,Processing,Debit Card
ORD004324,CUST03293,30-07-2022,WH008,pending,Credit Card
ORD004325,CUST00061,06/23/2023,WH013,returned,UPI
ORD004326,CUST01154,24-06-2022,WH007,SHIPPED,cod
ORD004327,CUST03387,26/05/2022,WH002,Returned,cod
ORD004328,CUST02294,13 Nov 2022,WH018,Processing,cod
ORD004329,CUST03459,06 May 2022,WH014,Pending,Credit Card
ORD004330,CUST03092,14 Jun 2023,WH006,Cancelled,UPI
ORD004331,CUST03128,17/05/2022,WH015,SHIPPED,Credit Card
ORD004332,CUST02561,09/19/2024,WH018,Shipped,UPI
ORD004333,CUST01273,2023/05/30,WH008,PROCESSING,COD
ORD004334,CUST03930,03/31/2024,WH017,DELIVERED,Credit Card
ORD004335,CUST00844,20/08/2024,WH001,Delivered,cod
ORD004336,CUST01365,23/08/2022,WH016,Processing,Net Banking
ORD004337,CUST02807,01/27/2024,WH009,Cancelled,Credit Card
ORD004338,CUST00588,2023-08-20,WH012,CANCELLED,Net Banking
ORD004339,CUST01143,12/28/2023,WH003,processing,UPI
ORD004340,CUST03769,2022/12/10,WH014,Returned,Net Banking
ORD004341,CUST02736,26/04/2023,WH006,returned,cod
ORD004342,CUST00737,2022-05-18,WH011,Cancelled,cod
ORD004343,CUST02478,2023-03-27,WH013,CANCELLED,UPI
ORD004344,CUST00514,07 Jul 2024,WH007,DELIVERED,Cash on Delivery
ORD004345,CUST00567,2022/09/30,WH016,SHIPPED,cod
ORD004346,CUST03513,04/05/2024,WH011,Processing,UPI
ORD004347,CUST01476,2022-07-10,WH009,Shipped,Debit Card
ORD004348,CUST00708,01-10-2024,WH008,DELIVERED,Net Banking
ORD004349,CUST00079,2023/06/02,WH006,Delivered,cod
ORD004350,CUST00934,2024/02/15,WH002,Cancelled,Credit Card
ORD004351,CUST00406,2023-09-02,WH003,Shipped,Credit Card
ORD004352,CUST00921,2023-10-21,WH007,Returned,Debit Card
ORD004353,CUST03146,25-03-2022,WH017,shipped,Credit Card
ORD004354,CUST03977,07-09-2024,WH014,Processing,UPI
ORD004355,CUST00379,2022-09-16,WH008,PENDING,Net Banking
ORD004356,CUST01494,14 Jan 2022,WH016,DELIVERED,Cash on Delivery
ORD004357,CUST01628,2022-05-02,WH016,CANCELLED,Credit Card
ORD004358,CUST03890,25-03-2023,WH017,Processing,COD
ORD004359,CUST01088,0000-00-00,WH005,pending,COD
ORD004360,CUST03159,16-06-2024,WH018,Shipped,Credit Card
ORD004361,CUST00424,25 Feb 2023,WH017,Cancelled,Cash on Delivery
ORD004362,CUST00741,01/14/2024,WH013,Processing,COD
ORD004363,CUST00622,05/26/2022,WH006,Pending,Debit Card
ORD004364,CUST00749,17 Nov 2023,WH014,returned,cod
ORD004365,CUST03070,01/08/2023,WH009,Returned,Net Banking
ORD004366,CUST03048,2023-05-26,WH015,Cancelled,cod
ORD004367,CUST01253,,WH007,Cancelled,Cash on Delivery
ORD004368,CUST00007,22-10-2022,WH007,Delivered,COD
ORD004369,CUST01572,2023-10-07,WH003,Shipped,cod
ORD004370,CUST03972,22/11/2022,WH012,Cancelled,Debit Card
ORD004371,CUST00754,05/16/2024,WH001,Returned,Credit Card
ORD004372,CUST03243,02 Mar 2022,WH013,pending,COD
ORD004373,CUST01884,04/02/2022,WH016,Cancelled,Debit Card
ORD004374,CUST01670,08/10/2022,WH009,Returned,Debit Card
ORD004375,CUST01162,05/12/2022,WH010,Pending,Cash on Delivery
ORD004376,CUST03964,14-03-2023,WH013,SHIPPED,cod
ORD004377,CUST02863,2023/02/17,WH008,Returned,Debit Card
ORD004378,CUST00116,29-01-2023,WH016,Shipped,cod
ORD004379,CUST00668,2022/05/02,WH004,Processing,UPI
ORD004380,CUST02663,09 Feb 2022,WH004,pending,cod
ORD004381,CUST00589,23/09/2023,WH013,Processing,UPI
ORD004382,CUST02905,10-03-2022,WH013,PROCESSING,Debit Card
ORD004383,CUST01009,2022-06-06,WH010,Delivered,Debit Card
ORD004384,CUST01369,08/18/2023,WH009,PENDING,UPI
ORD004385,CUST00015,14 Feb 2022,WH012,Delivered,COD
ORD004386,CUST02559,10-11-2022,WH017,Processing,Debit Card
ORD004387,CUST02490,29-09-2022,WH005,Processing,cod
ORD004388,CUST00862,2024-05-08,WH013,DELIVERED,Net Banking
ORD004389,CUST02541,06 Dec 2023,WH001,returned,COD
ORD004390,CUST02554,07/01/2024,WH016,Returned,COD
ORD004391,CUST02331,2023/10/25,WH016,Shipped,Credit Card
ORD004392,CUST03467,07/01/2023,WH001,Shipped,COD
ORD004393,CUST03594,08 Apr 2024,WH011,processing,Debit Card
ORD004394,CUST02080,16-02-2023,WH007,Processing,Debit Card
ORD004395,CUST02068,2024-08-29,WH014,Returned,Cash on Delivery
ORD004396,CUST00053,2024-12-27,WH017,Processing,Credit Card
ORD004397,CUST02535,20 Sep 2024,WH015,Cancelled,UPI
ORD004398,CUST02625,26 Oct 2022,WH016,shipped,UPI
ORD004399,CUST02117,27 Nov 2023,WH017,RETURNED,Net Banking
ORD004400,CUST03308,2022/06/29,WH008,Cancelled,Credit Card
ORD004401,CUST02019,02-04-2022,WH001,Shipped,Net Banking
ORD004402,CUST00916,01 Apr 2023,WH011,pending,Cash on Delivery
ORD004403,CUST00374,05 Aug 2024,WH005,processing,Cash on Delivery
ORD004404,CUST02845,14-10-2022,WH005,Returned,Cash on Delivery
ORD004405,CUST01368,2022/03/06,WH006,Cancelled,UPI
ORD004406,CUST00212,07 Mar 2022,WH013,Cancelled,cod
ORD004407,CUST00181,02/10/2023,WH013,Pending,Cash on Delivery
ORD004408,CUST03968,07/20/2022,WH006,SHIPPED,Debit Card
ORD004409,CUST00648,2022/04/24,WH015,Processing,Credit Card
ORD004410,CUST01952,16 May 2024,WH014,delivered,Net Banking
ORD004411,CUST02142,2022/06/25,WH006,PENDING,cod
ORD004412,CUST03515,21 Mar 2022,WH004,Returned,COD
ORD004413,CUST01714,18 Apr 2022,WH002,Shipped,Cash on Delivery
ORD004414,CUST02239,2023-09-25,WH007,PROCESSING,Net Banking
ORD004415,CUST01292,01-02-2023,WH012,Pending,Cash on Delivery
ORD004416,CUST03228,19-07-2022,WH014,Shipped,Credit Card
ORD004417,CUST03549,03/18/2023,WH015,Delivered,UPI
ORD004418,CUST01098,2022-12-13,WH010,Cancelled,Credit Card
ORD004419,CUST01902,06/11/2023,WH016,Shipped,UPI
ORD004420,CUST03264,2023-01-25,WH003,Pending,Debit Card
ORD004421,CUST01435,30/09/2023,WH003,Cancelled,Net Banking
ORD004422,CUST01237,22-08-2024,WH015,Processing,Cash on Delivery
ORD004423,CUST03884,08-05-2024,WH009,CANCELLED,Credit Card
ORD004424,CUST01766,05/31/2023,WH016,Processing,Debit Card
ORD004425,CUST03475,2022/05/04,WH012,processing,cod
ORD004426,CUST02890,25/06/2022,WH011,Shipped,Credit Card
ORD004427,CUST00992,2024/08/09,WH006,Processing,Debit Card
ORD004428,CUST02930,14 May 2022,WH010,Cancelled,cod
ORD004429,CUST00577,2024/09/22,WH008,Returned,Credit Card
ORD004430,CUST02411,10-06-2023,WH008,PENDING,Cash on Delivery
ORD004431,CUST00642,03/11/2023,WH006,Returned,cod
ORD004432,CUST00240,30/03/2023,WH012,Shipped,Debit Card
ORD004433,CUST01678,05/23/2023,WH007,Processing,Credit Card
ORD004434,CUST00770,03/15/2024,WH015,Shipped,cod
ORD004435,CUST01680,2024/03/01,WH015,DELIVERED,Cash on Delivery
ORD004436,CUST00791,10/25/2022,WH008,Shipped,COD
ORD004437,CUST00712,03-04-2024,WH016,shipped,Debit Card
ORD004438,CUST02348,2022/01/14,WH015,PROCESSING,COD
ORD004439,CUST03331,05/27/2022,WH012,Processing,cod
ORD004440,CUST01812,2024-04-26,WH004,Pending,Cash on Delivery
ORD004441,CUST03541,08/05/2023,WH002,Returned,Debit Card
ORD004442,CUST56589,2024-12-25,WH016,pending,COD
ORD004443,CUST02822,2022/09/14,WH006,Shipped,Net Banking
ORD004444,CUST01655,14/06/2024,WH012,Shipped,cod
ORD004445,CUST00251,2023-06-16,WH013,Delivered,Credit Card
ORD004446,CUST00483,15 Jan 2022,WH016,Shipped,Cash on Delivery
ORD004447,CUST01588,13-04-2023,WH002,Returned,Cash on Delivery
ORD004448,CUST01246,07/10/2022,WH014,Processing,Credit Card
ORD004449,CUST01606,05/05/2023,WH018,Processing,Net Banking
ORD004450,CUST03962,16/12/2022,WH006,Processing,Credit Card
ORD004451,CUST02642,2022-02-14,WH011,SHIPPED,Cash on Delivery
ORD004452,CUST01100,06/18/2023,WH004,Returned,Credit Card
ORD004453,CUST01407,2023-03-24,WH016,Pending,Credit Card
ORD004454,CUST01735,05-01-2023,WH007,Pending,cod
ORD004455,CUST02472,04/10/2024,WH007,Returned,Credit Card
ORD004456,CUST02558,15/11/2022,WH002,Delivered,Net Banking
ORD004457,CUST02294,29-09-2023,WH005,Returned,Debit Card
ORD004458,CUST02401,2023/05/03,WH018,Returned,cod
ORD004459,CUST00079,09/06/2024,WH013,returned,Debit Card
ORD004460,CUST01356,25 Nov 2024,WH013,Cancelled,cod
ORD004461,CUST01285,2023/11/05,WH010,Shipped,UPI
ORD004462,CUST02453,02-12-2024,WH011,Pending,Debit Card
ORD004463,CUST02033,0000-00-00,WH012,returned,Debit Card
ORD004464,CUST00398,03-12-2023,WH018,SHIPPED,Cash on Delivery
ORD004465,CUST03891,29-01-2023,WH015,Pending,Cash on Delivery
ORD004466,CUST00417,2024-01-01,WH001,Cancelled,COD
ORD004467,CUST03193,16 Aug 2023,WH016,Processing,Debit Card
ORD004468,CUST03430,2024/12/10,WH012,Pending,Cash on Delivery
ORD004469,CUST00632,11/07/2023,WH006,processing,Cash on Delivery
ORD004470,CUST02400,,WH006,SHIPPED,cod
ORD004471,CUST03184,26/05/2023,WH008,Processing,Credit Card
ORD004472,CUST02801,02 Mar 2023,WH018,Pending,Net Banking
ORD004473,CUST00280,02/21/2023,WH012,Returned,Debit Card
ORD004474,CUST01484,16 Nov 2024,WH018,processing,Net Banking
ORD004475,CUST00360,05/01/2023,WH012,Processing,COD
ORD004476,CUST00694,26-08-2024,WH015,Returned,Debit Card
ORD004477,CUST00287,05/05/2023,WH003,processing,Debit Card
ORD004478,CUST03269,06/04/2023,WH015,Cancelled,Cash on Delivery
ORD004479,CUST03364,2022/02/24,WH002,Delivered,Net Banking
ORD004480,CUST00796,14 Jan 2023,WH013,Returned,Cash on Delivery
ORD004481,CUST03237,09/24/2023,WH011,cancelled,COD
ORD004482,CUST02173,06/01/2024,WH004,Pending,Net Banking
ORD004483,CUST03674,2023-11-11,WH008,pending,Credit Card
ORD004484,CUST03978,2023/06/10,WH001,Processing,Net Banking
ORD004485,CUST02915,01/08/2024,WH006,Pending,UPI
ORD004486,CUST01291,2024-01-06,WH008,delivered,Debit Card
ORD004487,CUST02182,2023/09/16,WH015,Cancelled,Net Banking
ORD004488,CUST01008,24 Jun 2022,WH017,shipped,COD
ORD004489,CUST00931,2022/04/24,WH004,DELIVERED,Debit Card
ORD004490,CUST00736,2023/11/05,WH011,Returned,Credit Card
ORD004491,CUST02280,2024/08/26,WH005,Shipped,Debit Card
ORD004492,CUST03036,29 Mar 2023,WH014,Cancelled,Cash on Delivery
ORD004493,CUST02326,03/05/2024,WH014,Delivered,Debit Card
ORD004494,CUST00442,26 Dec 2024,WH006,pending,UPI
ORD004495,CUST00623,03/09/2023,WH006,processing,UPI
ORD004496,CUST01260,07-05-2024,WH008,PROCESSING,Cash on Delivery
ORD004497,CUST02910,06/12/2024,WH015,Returned,Cash on Delivery
ORD004498,CUST03490,2024-05-11,WH004,delivered,Debit Card
ORD004499,CUST01227,04/10/2022,WH010,Returned,COD
ORD004500,CUST01747,23/03/2024,WH013,Delivered,COD
ORD004501,CUST03529,21-04-2022,WH013,Processing,Cash on Delivery
ORD004502,CUST53484,07/27/2022,WH002,Processing,COD
ORD004503,CUST02327,2023/09/13,WH008,Returned,Credit Card
ORD004504,CUST03631,03/08/2024,WH018,Cancelled,cod
ORD004505,CUST01157,10-11-2023,WH017,CANCELLED,COD
ORD004506,CUST02013,2022-02-13,WH014,Processing,Net Banking
ORD004507,CUST01203,2023-12-09,WH005,CANCELLED,Net Banking
ORD004508,CUST01437,20 Aug 2024,WH014,DELIVERED,cod
ORD004509,CUST01501,2022-09-12,WH007,Shipped,UPI
ORD004510,CUST02845,2022/04/14,WH007,Shipped,Net Banking
ORD004511,CUST03427,18-08-2024,WH010,Cancelled,Net Banking
ORD004512,CUST02966,04/09/2022,WH007,shipped,Credit Card
ORD004513,CUST03313,31-08-2024,WH015,Delivered,COD
ORD004514,CUST03204,2023-09-01,WH010,Shipped,UPI
ORD004515,CUST03239,2024/09/24,WH006,Returned,cod
ORD004516,CUST02414,30/01/2023,WH010,Processing,Net Banking
ORD004517,CUST00926,12/16/2024,WH006,Pending,Debit Card
ORD004518,CUST02453,11-12-2024,WH009,pending,Debit Card
ORD004519,CUST00596,2024-11-07,WH002,DELIVERED,Credit Card
ORD004520,CUST03832,2024/08/29,WH014,Pending,COD
ORD004521,CUST01270,2023-03-04,WH006,Pending,Debit Card
ORD004522,CUST00820,2024-02-05,WH008,Processing,Credit Card
ORD004523,CUST03067,31/12/2023,WH012,pending,COD
ORD004524,CUST01381,21-09-2024,WH007,Delivered,Credit Card
ORD004525,CUST00015,2024/06/21,WH015,Shipped,Net Banking
ORD004526,CUST01529,08/14/2023,WH010,pending,cod
ORD004527,CUST03364,31 Jan 2023,WH013,Returned,Cash on Delivery
ORD004528,CUST01006,01 Apr 2022,WH006,Returned,Cash on Delivery
ORD004529,CUST02903,2022-02-14,WH005,returned,cod
ORD004530,CUST02804,01/15/2022,WH003,PENDING,Credit Card
ORD004531,CUST02532,24 Jun 2024,WH008,Pending,Credit Card
ORD004532,CUST01465,12/26/2023,WH002,Cancelled,Cash on Delivery
ORD004533,CUST02782,2023/11/01,WH017,Pending,COD
ORD004534,CUST00473,04-07-2024,WH014,Pending,Cash on Delivery
ORD004535,CUST02390,04/02/2022,WH015,Shipped,cod
ORD004536,CUST00008,27-01-2022,WH017,Processing,cod
ORD004537,CUST01183,16/03/2022,WH017,Returned,Net Banking
ORD004538,CUST03492,21/01/2023,WH009,Delivered,Debit Card
ORD004539,CUST03064,19/11/2023,WH012,Processing,Cash on Delivery
ORD004540,CUST00721,11/16/2022,WH003,Cancelled,COD
ORD004541,CUST03044,05 Mar 2022,WH006,Returned,Net Banking
ORD004542,CUST00780,05 May 2023,WH015,PROCESSING,Cash on Delivery
ORD004543,CUST03082,02/27/2024,WH018,Returned,cod
ORD004544,CUST00298,04/12/2024,WH003,Cancelled,Debit Card
ORD004545,CUST01674,23 Apr 2022,WH007,processing,Net Banking
ORD004546,CUST00549,,WH005,returned,COD
ORD004547,CUST00334,2023-04-19,WH002,Delivered,Debit Card
ORD004548,CUST03781,27 Aug 2022,WH016,PENDING,cod
ORD004549,CUST03384,2024-05-29,WH014,Pending,UPI
ORD004550,CUST03229,08 Nov 2022,WH009,Pending,cod
ORD004551,CUST00132,06/04/2022,WH013,Returned,cod
ORD004552,CUST02584,02 Jul 2023,WH008,Processing,COD
ORD004553,CUST02468,28-12-2023,WH017,shipped,COD
ORD004554,CUST00283,07/11/2023,WH014,Shipped,COD
ORD004555,CUST00004,14/04/2022,WH015,pending,Cash on Delivery
ORD004556,CUST02646,06/10/2022,WH001,Cancelled,Net Banking
ORD004557,CUST00429,2023/07/20,WH004,Shipped,Debit Card
ORD004558,CUST02790,2023/02/23,WH011,Returned,cod
ORD004559,CUST02354,31 May 2022,WH005,Returned,UPI
ORD004560,CUST03425,2022-02-25,WH012,PENDING,Debit Card
ORD004561,CUST02962,31-08-2023,WH004,Returned,Debit Card
ORD004562,CUST02373,2023-02-06,WH009,Pending,Net Banking
ORD004563,CUST02199,14-12-2024,WH015,Processing,Cash on Delivery
ORD004564,CUST01371,0000-00-00,WH007,shipped,Net Banking
ORD004565,CUST03487,06-09-2022,WH010,Processing,COD
ORD004566,CUST00233,13 Aug 2022,WH003,Delivered,cod
ORD004567,CUST03580,19 Jun 2024,WH002,Pending,COD
ORD004568,CUST03817,08-09-2024,WH005,Pending,Cash on Delivery
ORD004569,CUST02113,09/26/2022,WH017,SHIPPED,cod
ORD004570,CUST00695,20 Apr 2022,WH015,Shipped,Credit Card
ORD004571,CUST02889,10 Jan 2023,WH017,Shipped,Net Banking
ORD004572,CUST03778,03/29/2024,WH008,Pending,Net Banking
ORD004573,CUST01848,03-02-2023,WH011,processing,Net Banking
ORD004574,CUST00272,17 May 2022,WH012,Returned,COD
ORD004575,CUST02812,30/12/2024,WH017,Cancelled,Credit Card
ORD004576,CUST03263,2022/06/04,WH008,Processing,COD
ORD004577,CUST00245,2024/04/28,WH016,Returned,Cash on Delivery
ORD004578,CUST03607,2023/06/10,WH005,Cancelled,UPI
ORD004579,CUST02768,15/03/2024,WH005,Shipped,UPI
ORD004580,CUST00747,2024-07-31,WH018,Cancelled,Net Banking
ORD004581,CUST00029,03 Mar 2022,WH017,Delivered,Credit Card
ORD004582,CUST00816,21-10-2022,WH014,CANCELLED,UPI
ORD004583,CUST02621,2022/08/19,WH017,shipped,Credit Card
ORD004584,CUST00602,24 Jan 2022,WH002,Returned,Credit Card
ORD004585,CUST02207,2024-06-22,WH006,Returned,cod
ORD004586,CUST01849,2022-08-21,WH001,Delivered,cod
ORD004587,CUST03656,14 Dec 2024,WH009,Cancelled,Net Banking
ORD004588,CUST02908,09/14/2024,WH004,Cancelled,UPI
ORD004589,CUST00037,07-08-2023,WH005,Pending,COD
ORD004590,CUST00679,2023-02-02,WH008,Pending,COD
ORD004591,CUST02371,05/21/2022,WH010,returned,Net Banking
ORD004592,CUST00360,02/15/2022,WH001,Returned,cod
ORD004593,CUST02679,2022/03/10,WH011,Returned,Net Banking
ORD004594,CUST02674,22-10-2023,WH013,Shipped,Cash on Delivery
ORD004595,CUST02688,08 Aug 2022,WH013,Delivered,UPI
ORD004596,CUST00465,16 Apr 2022,WH014,processing,COD
ORD004597,CUST00405,2023-12-24,WH004,Pending,Net Banking
ORD004598,CUST01418,24-10-2023,WH010,Pending,Cash on Delivery
ORD004599,CUST02508,2024-07-17,WH018,Shipped,UPI
ORD004600,CUST00928,2023-05-10,WH007,PENDING,Net Banking
ORD004601,CUST01884,16-05-2024,WH016,Delivered,Net Banking
ORD004602,CUST00628,2024-06-06,WH012,Cancelled,Cash on Delivery
ORD004603,CUST01155,07 Feb 2024,WH017,Delivered,Debit Card
ORD004604,CUST00189,08 Oct 2022,WH004,delivered,Credit Card
ORD004605,CUST02971,2022/11/05,WH014,Cancelled,Cash on Delivery
ORD004606,CUST03589,19/01/2024,WH016,Shipped,Net Banking
ORD004607,CUST02951,2022/07/17,WH007,Cancelled,UPI
ORD004608,CUST03014,2023/09/02,WH007,processing,Net Banking
ORD004609,CUST00082,04/04/2024,WH012,Pending,Cash on Delivery
ORD004610,CUST01026,2023-12-01,WH018,Pending,COD
ORD004611,CUST02534,29/10/2024,WH017,Pending,Debit Card
ORD004612,CUST03024,0000-00-00,WH012,Pending,COD
ORD004613,CUST01689,26-09-2024,WH016,delivered,COD
ORD004614,CUST00200,2023-09-16,WH008,Pending,Debit Card
ORD004615,CUST02888,01/09/2022,WH015,delivered,Net Banking
ORD004616,CUST00386,2023/11/21,WH003,Cancelled,Debit Card
ORD004617,CUST00348,07-02-2024,WH001,Pending,Debit Card
ORD004618,CUST02724,07/03/2024,WH011,Shipped,Debit Card
ORD004619,CUST02909,2022-12-16,WH006,delivered,Cash on Delivery
ORD004620,CUST01134,2022/02/26,WH015,SHIPPED,COD
ORD004621,CUST03742,,WH010,PENDING,Debit Card
ORD004622,CUST03651,06/09/2023,WH011,processing,Net Banking
ORD004623,CUST02533,12-02-2022,WH010,Shipped,COD
ORD004624,CUST00595,06/21/2024,WH017,PROCESSING,Debit Card
ORD004625,CUST00153,2022-07-23,WH007,Processing,cod
ORD004626,CUST02888,2023/01/27,WH008,Returned,Net Banking
ORD004627,CUST00666,2023-08-17,WH012,Shipped,Credit Card
ORD004628,CUST02513,10 Jun 2024,WH014,processing,Debit Card
ORD004629,CUST01642,21-01-2024,WH011,Delivered,Cash on Delivery
ORD004630,CUST00014,20-04-2023,WH010,Processing,Credit Card
ORD004631,CUST01315,25-08-2024,WH002,Returned,UPI
ORD004632,CUST02638,13 Jul 2023,WH006,Shipped,UPI
ORD004633,CUST00989,22 Feb 2022,WH005,Returned,Cash on Delivery
ORD004634,CUST02726,07 Nov 2023,WH016,Delivered,COD
ORD004635,CUST03313,04/23/2024,WH011,Shipped,Cash on Delivery
ORD004636,CUST03596,2022/11/21,WH009,CANCELLED,cod
ORD004637,CUST00276,24-06-2023,WH008,Returned,Debit Card
ORD004638,CUST02328,07/30/2023,WH010,Pending,UPI
ORD004639,CUST01875,20/07/2023,WH001,returned,COD
ORD004640,CUST03929,13 Jan 2022,WH015,Delivered,Net Banking
ORD004641,CUST00741,01/07/2022,WH004,Delivered,Net Banking
ORD004642,CUST03062,08/15/2023,WH013,Processing,COD
ORD004643,CUST02102,12/09/2023,WH005,Delivered,COD
ORD004644,CUST01819,30 May 2023,WH001,Returned,cod
ORD004645,CUST02979,2023/07/19,WH007,Cancelled,Cash on Delivery
ORD004646,CUST03277,2023-10-03,WH011,SHIPPED,UPI
ORD004647,CUST03358,10/19/2023,WH010,Delivered,Credit Card
ORD004648,CUST03766,2023-05-06,WH009,Shipped,Net Banking
ORD004649,CUST00184,11/03/2024,WH008,processing,Cash on Delivery
ORD004650,CUST00197,04/17/2023,WH015,Processing,Credit Card
ORD004651,CUST03613,2023-05-29,WH016,CANCELLED,Cash on Delivery
ORD004652,CUST02859,2022-04-12,WH003,Processing,Cash on Delivery
ORD004653,CUST03319,2023/08/24,WH015,RETURNED,COD
ORD004654,CUST00065,2023/07/30,WH005,Cancelled,COD
ORD004655,CUST03709,05/27/2022,WH017,Processing,Net Banking
ORD004656,CUST01562,2023/05/06,WH016,DELIVERED,COD
ORD004657,CUST00904,21-02-2023,WH018,PROCESSING,Credit Card
ORD004658,CUST01698,2022-07-12,WH011,Delivered,Cash on Delivery
ORD004659,CUST02412,2024-06-01,WH007,Cancelled,Net Banking
ORD004660,CUST00194,2022/12/24,WH004,Delivered,Credit Card
ORD004661,CUST00124,22-12-2024,WH006,Cancelled,COD
ORD004662,CUST01703,,WH010,Shipped,Cash on Delivery
ORD004663,CUST03005,2023-04-06,WH014,Cancelled,cod
ORD004664,CUST03385,12-04-2023,WH017,Shipped,UPI
ORD004665,CUST01212,13/12/2024,WH002,Pending,cod
ORD004666,CUST02107,0000-00-00,WH008,PENDING,COD
ORD004667,CUST03152,2024/08/06,WH009,CANCELLED,Credit Card
ORD004668,CUST02468,10/31/2023,WH013,CANCELLED,Credit Card
ORD004669,CUST01039,08/24/2023,WH016,Returned,cod
ORD004670,CUST02233,08/22/2023,WH008,Returned,Net Banking
ORD004671,CUST00702,23 Oct 2024,WH009,PROCESSING,Credit Card
ORD004672,CUST01398,19/11/2024,WH003,Pending,Debit Card
ORD004673,CUST00823,2022-08-02,WH009,Delivered,Credit Card
ORD004674,CUST02172,2023/07/02,WH003,Pending,cod
ORD004675,CUST01304,04/18/2022,WH009,RETURNED,Debit Card
ORD004676,CUST01429,0000-00-00,WH014,PENDING,Cash on Delivery
ORD004677,CUST02276,07/18/2024,WH009,delivered,cod
ORD004678,CUST00633,22/03/2022,WH015,Shipped,cod
ORD004679,CUST00199,26 Sep 2022,WH005,Returned,UPI
ORD004680,CUST00393,2022/05/26,WH018,Returned,UPI
ORD004681,CUST01267,2024-09-12,WH002,pending,Net Banking
ORD004682,CUST00075,2022-06-25,WH012,cancelled,COD
ORD004683,CUST02406,25 Aug 2024,WH013,Processing,Cash on Delivery
ORD004684,CUST00658,03/31/2022,WH011,Shipped,Credit Card
ORD004685,CUST03810,07 May 2024,WH014,Delivered,Debit Card
ORD004686,CUST02774,08/11/2023,WH008,Processing,cod
ORD004687,CUST03248,12/02/2022,WH005,Pending,Debit Card
ORD004688,CUST01150,05 Oct 2022,WH002,Shipped,Debit Card
ORD004689,CUST00397,19 Mar 2023,WH015,Shipped,Cash on Delivery
ORD004690,CUST01611,2022/11/02,WH004,Delivered,Cash on Delivery
ORD004691,CUST01142,02 Apr 2022,WH007,delivered,Net Banking
ORD004692,CUST00711,23 Sep 2022,WH003,processing,cod
ORD004693,CUST01630,31-08-2024,WH003,Processing,cod
ORD004694,CUST03167,14-05-2023,WH008,delivered,Net Banking
ORD004695,CUST00271,12/02/2023,WH014,Returned,cod
ORD004696,CUST03893,31-12-2023,WH013,Delivered,UPI
ORD004697,CUST01699,2022/05/07,WH011,Shipped,Debit Card
ORD004698,CUST00851,10 Jan 2022,WH001,Returned,Cash on Delivery
ORD004699,CUST00843,21/08/2022,WH011,cancelled,UPI
ORD004700,CUST02260,2022/09/10,WH017,Processing,Net Banking
ORD004701,CUST02875,12/25/2022,WH001,Delivered,Credit Card
ORD004702,CUST01907,13 Jun 2022,WH014,Processing,Cash on Delivery
ORD004703,CUST02783,23-04-2023,WH008,pending,Net Banking
ORD004704,CUST03310,03/07/2023,WH011,Shipped,Cash on Delivery
ORD004705,CUST57652,12/27/2024,WH014,processing,COD
ORD004706,CUST01713,01-12-2024,WH003,Pending,Credit Card
ORD004707,CUST02308,02-07-2022,WH018,processing,UPI
ORD004708,CUST00404,2024/09/27,WH011,Pending,Credit Card
ORD004709,CUST02378,0000-00-00,WH009,Returned,cod
ORD004710,CUST02411,15-07-2023,WH007,Processing,Cash on Delivery
ORD004711,CUST03772,2023-06-01,WH010,Shipped,Cash on Delivery
ORD004712,CUST00870,16/04/2024,WH016,Processing,Debit Card
ORD004713,CUST01251,2023/12/31,WH006,Pending,Net Banking
ORD004714,CUST00493,02/04/2023,WH007,Returned,COD
ORD004715,CUST00030,2023/09/24,WH004,Processing,UPI
ORD004716,CUST00460,07/17/2022,WH014,processing,cod
ORD004717,CUST03040,2023-05-25,WH008,Pending,Credit Card
ORD004718,CUST00203,2022/10/31,WH011,Delivered,Debit Card
ORD004719,CUST00054,2022-05-20,WH017,RETURNED,cod
ORD004720,CUST00274,2022-09-23,WH012,Shipped,Credit Card
ORD004721,CUST00201,,WH006,Cancelled,COD
ORD004722,CUST03871,04-11-2024,WH012,Delivered,Debit Card
ORD004723,CUST03375,05/03/2022,WH008,Processing,Net Banking
ORD004724,CUST03065,0000-00-00,WH010,SHIPPED,COD
ORD004725,CUST03361,06/24/2024,WH009,DELIVERED,Cash on Delivery
ORD004726,CUST03144,08/29/2023,WH011,Delivered,Debit Card
ORD004727,CUST02438,07/12/2023,WH010,Pending,Debit Card
ORD004728,CUST00145,01/11/2022,WH012,Returned,UPI
ORD004729,CUST01816,2022-08-11,WH009,Returned,Cash on Delivery
ORD004730,CUST00853,12 Jul 2022,WH012,Cancelled,COD
ORD004731,CUST02419,2024/05/16,WH018,Processing,Net Banking
ORD004732,CUST00425,25/03/2022,WH015,Returned,Cash on Delivery
ORD004733,CUST03137,01-08-2022,WH018,Delivered,UPI
ORD004734,CUST02388,29 Sep 2024,WH004,cancelled,Net Banking
ORD004735,CUST03617,2022/10/19,WH008,Delivered,Debit Card
ORD004736,CUST01706,16 Jan 2023,WH009,Returned,Net Banking
ORD004737,CUST02707,2024/10/13,WH007,processing,cod
ORD004738,CUST03201,26-06-2022,WH013,Returned,cod
ORD004739,CUST02392,0000-00-00,WH007,Shipped,Cash on Delivery
ORD004740,CUST03939,2023-06-11,WH005,shipped,UPI
ORD004741,CUST01335,2024-04-14,WH009,delivered,Cash on Delivery
ORD004742,CUST00021,05 Dec 2022,WH015,Delivered,Net Banking
ORD004743,CUST02675,16 Jun 2022,WH002,pending,Credit Card
ORD004744,CUST03111,2022/10/01,WH002,Cancelled,Debit Card
ORD004745,CUST01719,2023/04/04,WH006,Pending,Debit Card
ORD004746,CUST02623,11 Sep 2022,WH006,cancelled,cod
ORD004747,CUST00380,08/01/2023,WH008,Delivered,Credit Card
ORD004748,CUST02331,2022-05-23,WH002,Cancelled,UPI
ORD004749,CUST03427,2022-03-24,WH016,processing,cod
ORD004750,CUST02500,10 Apr 2023,WH001,PROCESSING,UPI
ORD004751,CUST01176,2024-04-21,WH002,Pending,Debit Card
ORD004752,CUST02415,10 Aug 2024,WH017,PROCESSING,Cash on Delivery
ORD004753,CUST00307,02/02/2022,WH015,Shipped,Cash on Delivery
ORD004754,CUST00600,2022/07/17,WH006,Cancelled,cod
ORD004755,CUST03958,17 Aug 2022,WH013,Pending,Cash on Delivery
ORD004756,CUST03677,07/04/2024,WH010,Returned,UPI
ORD004757,CUST00658,24 Jun 2024,WH007,Processing,UPI
ORD004758,CUST00360,2024/12/07,WH005,DELIVERED,Credit Card
ORD004759,CUST03445,2023-11-20,WH001,Pending,COD
ORD004760,CUST00045,,WH006,Processing,Cash on Delivery
ORD004761,CUST02416,07-06-2023,WH016,Delivered,Cash on Delivery
ORD004762,CUST00228,01 Nov 2022,WH007,Pending,Net Banking
ORD004763,CUST02831,2024/10/04,WH017,Shipped,Net Banking
ORD004764,CUST01768,2023-02-02,WH006,Returned,UPI
ORD004765,CUST03308,19 Dec 2024,WH014,Cancelled,COD
ORD004766,CUST00107,2023/12/14,WH003,Cancelled,Cash on Delivery
ORD004767,CUST00092,10-12-2022,WH006,Cancelled,Net Banking
ORD004768,CUST01023,,WH012,pending,Debit Card
ORD004769,CUST00188,09/09/2022,WH010,Pending,Credit Card
ORD004770,CUST01065,11/04/2023,WH011,Returned,cod
ORD004771,CUST03032,18-07-2023,WH011,delivered,UPI
ORD004772,CUST01979,16 Sep 2022,WH011,Cancelled,cod
ORD004773,CUST00404,31 May 2023,WH016,Pending,UPI
ORD004774,CUST00972,11/11/2024,WH005,Processing,COD
ORD004775,CUST00248,27/10/2024,WH018,delivered,Debit Card
ORD004776,CUST00326,2022-05-31,WH005,Cancelled,UPI
ORD004777,CUST02510,09/29/2024,WH012,Pending,COD
ORD004778,CUST00286,02/01/2023,WH002,delivered,Debit Card
ORD004779,CUST00588,2024/11/06,WH005,CANCELLED,cod
ORD004780,CUST02677,15 Dec 2022,WH011,Processing,UPI
ORD004781,CUST00789,29 Oct 2022,WH015,Cancelled,Net Banking
ORD004782,CUST00185,23-11-2023,WH009,Delivered,Debit Card
ORD004783,CUST01158,2022/11/11,WH008,returned,Debit Card
ORD004784,CUST02368,2023-12-03,WH001,Cancelled,Debit Card
ORD004785,CUST00579,18 Jun 2024,WH010,Cancelled,Debit Card
ORD004786,CUST03473,2024-03-02,WH007,Pending,Debit Card
ORD004787,CUST00855,07-01-2022,WH017,Delivered,Net Banking
ORD004788,CUST03588,06/22/2022,WH007,shipped,Debit Card
ORD004789,CUST01926,22-03-2022,WH004,Processing,Cash on Delivery
ORD004790,CUST03065,2022/03/24,WH015,Returned,Credit Card
ORD004791,CUST03553,,WH012,Cancelled,UPI
ORD004792,CUST03762,2024/05/28,WH008,SHIPPED,cod
ORD004793,CUST00314,03 Dec 2022,WH018,Returned,Credit Card
ORD004794,CUST02830,0000-00-00,WH002,Delivered,UPI
ORD004795,CUST01618,22/10/2024,WH015,Pending,COD
ORD004796,CUST01088,02-05-2024,WH003,Shipped,Debit Card
ORD004797,CUST00744,06/17/2022,WH013,SHIPPED,Credit Card
ORD004798,CUST00654,2023/04/28,WH010,Cancelled,Debit Card
ORD004799,CUST01177,2024-06-03,WH011,SHIPPED,COD
ORD004800,CUST00724,2024-11-28,WH001,Shipped,Debit Card
ORD004801,CUST03099,12/26/2023,WH002,delivered,Cash on Delivery
ORD004802,CUST03739,2024/02/03,WH004,CANCELLED,Cash on Delivery
ORD004803,CUST00266,2023/02/21,WH003,Shipped,cod
ORD004804,CUST02197,08/15/2022,WH018,Shipped,cod
ORD004805,CUST01436,2024/05/29,WH005,Processing,UPI
ORD004806,CUST02458,2024-11-10,WH015,Cancelled,COD
ORD004807,CUST00256,2022/04/04,WH004,Returned,Credit Card
ORD004808,CUST01928,0000-00-00,WH003,Processing,Debit Card
ORD004809,CUST02894,01/01/2024,WH005,CANCELLED,cod
ORD004810,CUST00336,07/30/2024,WH013,Cancelled,Debit Card
ORD004811,CUST00326,22/10/2023,WH013,Shipped,cod
ORD004812,CUST01848,05/26/2022,WH007,Processing,cod
ORD004813,CUST01690,01-10-2024,WH001,Delivered,Cash on Delivery
ORD004814,CUST00800,05/09/2022,WH013,Shipped,cod
ORD004815,CUST01752,03/12/2023,WH017,processing,Net Banking
ORD004816,CUST01577,01/03/2023,WH010,Shipped,COD
ORD004817,CUST02204,05/19/2024,WH001,Cancelled,UPI
ORD004818,CUST00638,30-12-2023,WH015,Shipped,Cash on Delivery
ORD004819,CUST02418,28 Jan 2023,WH013,Processing,Debit Card
ORD004820,CUST03730,13 Jan 2024,WH011,Delivered,UPI
ORD004821,CUST01622,02/21/2023,WH008,Cancelled,Credit Card
ORD004822,CUST02529,01/03/2022,WH009,Shipped,Cash on Delivery
ORD004823,CUST02527,2024-09-09,WH007,Pending,Debit Card
ORD004824,CUST03134,0000-00-00,WH001,Returned,Cash on Delivery
ORD004825,CUST00945,04-07-2024,WH003,processing,cod
ORD004826,CUST03006,05/22/2024,WH009,Cancelled,Net Banking
ORD004827,CUST02267,16/11/2023,WH008,Shipped,Cash on Delivery
ORD004828,CUST03780,04/07/2024,WH017,Pending,Cash on Delivery
ORD004829,CUST01526,,WH004,Processing,Cash on Delivery
ORD004830,CUST03536,24-06-2022,WH008,Processing,UPI
ORD004831,CUST02650,07/10/2023,WH014,Cancelled,COD
ORD004832,CUST00603,01/17/2023,WH012,Cancelled,Debit Card
ORD004833,CUST02341,2022-10-30,WH011,CANCELLED,COD
ORD004834,CUST01320,28/10/2024,WH002,Delivered,UPI
ORD004835,CUST02095,07/18/2023,WH003,Returned,Cash on Delivery
ORD004836,CUST01684,2023-07-02,WH008,Shipped,Cash on Delivery
ORD004837,CUST00544,08/10/2023,WH018,Returned,Cash on Delivery
ORD004838,CUST01103,30/11/2023,WH009,Pending,Cash on Delivery
ORD004839,CUST02744,19/05/2022,WH009,Processing,Net Banking
ORD004840,CUST03749,2023/12/22,WH005,Processing,Cash on Delivery
ORD004841,CUST02923,07/09/2022,WH002,Cancelled,Credit Card
ORD004842,CUST00904,2024-04-06,WH013,Cancelled,cod
ORD004843,CUST02978,11 Jun 2022,WH002,Pending,Net Banking
ORD004844,CUST03633,2023-06-04,WH017,shipped,UPI
ORD004845,CUST02794,01/14/2023,WH006,Processing,Net Banking
ORD004846,CUST03886,07/01/2022,WH012,Shipped,Credit Card
ORD004847,CUST00721,2024/10/22,WH016,Shipped,UPI
ORD004848,CUST01627,04/23/2023,WH002,Returned,Cash on Delivery
ORD004849,CUST02122,2022-11-26,WH011,delivered,Net Banking
ORD004850,CUST03079,04-08-2024,WH011,Shipped,cod
ORD004851,CUST01860,23 Jan 2024,WH007,Delivered,UPI
ORD004852,CUST00220,2024-01-04,WH015,Pending,UPI
ORD004853,CUST03913,2023-01-07,WH010,Shipped,Credit Card
ORD004854,CUST00129,09/03/2024,WH005,Shipped,Net Banking
ORD004855,CUST00848,02/27/2023,WH014,Delivered,UPI
ORD004856,CUST03142,2024-04-26,WH016,Delivered,Debit Card
ORD004857,CUST00489,12/18/2022,WH016,pending,Net Banking
ORD004858,CUST01663,2022/10/21,WH008,Pending,Cash on Delivery
ORD004859,CUST00821,04/01/2024,WH018,CANCELLED,UPI
ORD004860,CUST03363,05/11/2024,WH009,RETURNED,COD
ORD004861,CUST01336,02/03/2024,WH008,Delivered,COD
ORD004862,CUST02296,07-06-2022,WH001,PENDING,Net Banking
ORD004863,CUST01122,2024-02-14,WH010,Delivered,COD
ORD004864,CUST00468,2023-01-27,WH018,Cancelled,Debit Card
ORD004865,CUST02755,06 Oct 2022,WH012,Returned,Debit Card
ORD004866,CUST00482,2024-12-02,WH003,cancelled,COD
ORD004867,CUST02716,04 Dec 2022,WH009,Pending,Credit Card
ORD004868,CUST50078,2024-09-06,WH018,Pending,UPI
ORD004869,CUST00434,20/07/2024,WH016,Processing,Credit Card
ORD004870,CUST58524,24 Mar 2023,WH004,Shipped,Net Banking
ORD004871,CUST02362,18-04-2024,WH018,Cancelled,COD
ORD004872,CUST03087,2024-09-10,WH017,Cancelled,Cash on Delivery
ORD004873,CUST02875,2022-09-19,WH007,Returned,cod
ORD004874,CUST00598,2024/11/14,WH006,Processing,Credit Card
ORD004875,CUST03109,30-07-2024,WH009,CANCELLED,Net Banking
ORD004876,CUST01228,10/18/2024,WH002,returned,COD
ORD004877,CUST00277,30-05-2022,WH016,Processing,Credit Card
ORD004878,CUST50293,16-12-2024,WH016,RETURNED,Credit Card
ORD004879,CUST03845,17 Sep 2024,WH004,Cancelled,Debit Card
ORD004880,CUST03796,30-09-2023,WH018,delivered,Credit Card
ORD004881,CUST01771,04 Dec 2022,WH014,DELIVERED,Cash on Delivery
ORD004882,CUST01597,01 Oct 2022,WH006,Shipped,Cash on Delivery
ORD004883,CUST03261,2023-11-24,WH005,Pending,cod
ORD004884,CUST03924,06/08/2022,WH004,PENDING,cod
ORD004885,CUST02640,2022-07-08,WH018,Cancelled,cod
ORD004886,CUST00745,2024-06-17,WH013,delivered,Cash on Delivery
ORD004887,CUST02845,2022-06-26,WH001,Pending,Debit Card
ORD004888,CUST02286,01/06/2022,WH001,Pending,Debit Card
ORD004889,CUST00751,11/04/2023,WH016,Cancelled,Credit Card
ORD004890,CUST00308,2023/01/10,WH018,CANCELLED,COD
ORD004891,CUST03998,24-03-2022,WH008,Delivered,Net Banking
ORD004892,CUST02226,2022-04-22,WH017,Cancelled,Debit Card
ORD004893,CUST02440,02 Apr 2024,WH010,Pending,UPI
ORD004894,CUST01755,17 Jul 2023,WH009,Delivered,Net Banking
ORD004895,CUST02740,29-12-2024,WH008,DELIVERED,Cash on Delivery
ORD004896,CUST03503,2022-09-29,WH014,Pending,Debit Card
ORD004897,CUST02330,01/11/2022,WH004,Shipped,Debit Card
ORD004898,CUST00154,,WH015,Pending,Cash on Delivery
ORD004899,CUST01281,22/10/2024,WH014,Delivered,cod
ORD004900,CUST01361,2022-07-26,WH005,Shipped,UPI
ORD004901,CUST01391,2022/01/14,WH004,Processing,COD
ORD004902,CUST00506,03/29/2023,WH002,cancelled,cod
ORD004903,CUST00709,2024-06-18,WH012,Pending,cod
ORD004904,CUST03241,2023/07/13,WH010,Returned,Net Banking
ORD004905,CUST03888,2023/01/14,WH005,CANCELLED,Net Banking
ORD004906,CUST03410,15/01/2024,WH002,Delivered,COD
ORD004907,CUST02654,03/07/2022,WH018,Delivered,cod
ORD004908,CUST03286,2022-09-19,WH001,pending,Cash on Delivery
ORD004909,CUST00670,14-09-2024,WH004,Cancelled,Net Banking
ORD004910,CUST00492,2024/03/02,WH002,returned,UPI
ORD004911,CUST02476,11/01/2022,WH013,Cancelled,Cash on Delivery
ORD004912,CUST00820,13 Sep 2024,WH003,Pending,Cash on Delivery
ORD004913,CUST01256,2024/05/04,WH004,Shipped,Debit Card
ORD004914,CUST00613,09/07/2022,WH017,Shipped,COD
ORD004915,CUST02924,2024/02/18,WH009,Returned,Debit Card
ORD004916,CUST01506,26-01-2024,WH006,Pending,UPI
ORD004917,CUST01586,03-03-2024,WH008,Returned,Net Banking
ORD004918,CUST03232,06 Jul 2023,WH011,Pending,Credit Card
ORD004919,CUST00964,05-06-2024,WH015,Pending,Debit Card
ORD004920,CUST01724,27-06-2024,WH018,pending,Cash on Delivery
ORD004921,CUST02466,2022-11-22,WH016,Returned,Net Banking
ORD004922,CUST00829,,WH003,shipped,Debit Card
ORD004923,CUST01013,2023-04-21,WH013,Delivered,Cash on Delivery
ORD004924,CUST02790,31-05-2024,WH004,Pending,Net Banking
ORD004925,CUST02183,2023-12-08,WH011,Delivered,Credit Card
ORD004926,CUST01512,17-07-2024,WH016,Cancelled,COD
ORD004927,CUST03341,2022/03/12,WH016,CANCELLED,COD
ORD004928,CUST00935,2024-05-01,WH018,Processing,Debit Card
ORD004929,CUST02438,01/29/2022,WH014,Delivered,UPI
ORD004930,CUST01005,03/02/2023,WH014,Cancelled,Credit Card
ORD004931,CUST02926,2022/02/08,WH011,Delivered,COD
ORD004932,CUST00814,07 May 2022,WH015,Pending,Debit Card
ORD004933,CUST02776,03/02/2024,WH002,Pending,cod
ORD004934,CUST03155,03 May 2023,WH007,PENDING,Cash on Delivery
ORD004935,CUST00937,04 Jan 2023,WH011,SHIPPED,Debit Card
ORD004936,CUST03782,2022/05/08,WH005,pending,Debit Card
ORD004937,CUST03271,06/24/2023,WH014,delivered,Credit Card
ORD004938,CUST03217,12/31/2024,WH013,Shipped,Cash on Delivery
ORD004939,CUST02517,13/12/2022,WH016,Returned,Debit Card
ORD004940,CUST02491,2022/07/29,WH017,PROCESSING,cod
ORD004941,CUST03870,07/03/2023,WH009,Shipped,Credit Card
ORD004942,CUST01482,2022-09-20,WH004,Returned,Debit Card
ORD004943,CUST02802,06/13/2023,WH015,Shipped,cod
ORD004944,CUST02331,11 Jun 2023,WH006,Shipped,Credit Card
ORD004945,CUST02296,2022-07-13,WH001,SHIPPED,Debit Card
ORD004946,CUST02115,2022/03/28,WH007,Pending,UPI
ORD004947,CUST00433,20/06/2023,WH012,processing,Net Banking
ORD004948,CUST02513,05/28/2022,WH013,delivered,Debit Card
ORD004949,CUST02820,2022-12-28,WH012,Pending,Credit Card
ORD004950,CUST03655,2024/08/22,WH016,Cancelled,cod
ORD004951,CUST02502,07/03/2022,WH017,Processing,UPI
ORD004952,CUST00052,07/01/2022,WH002,pending,COD
ORD004953,CUST01017,11 Aug 2024,WH001,Returned,cod
ORD004954,CUST02245,01 Jul 2022,WH018,delivered,Credit Card
ORD004955,CUST02728,23 Apr 2022,WH008,Shipped,cod
ORD004956,CUST03579,2024/09/27,WH002,Shipped,COD
ORD004957,CUST01391,0000-00-00,WH002,Processing,Cash on Delivery
ORD004958,CUST02465,15-08-2023,WH012,Returned,COD
ORD004959,CUST02749,2024/03/02,WH001,cancelled,UPI
ORD004960,CUST01961,24/07/2023,WH016,shipped,Credit Card
ORD004961,CUST02016,10/12/2022,WH005,Returned,COD
ORD004962,CUST03958,03/10/2022,WH018,cancelled,UPI
ORD004963,CUST01849,2024/03/24,WH015,Delivered,cod
ORD004964,CUST01333,08/14/2023,WH017,Returned,Credit Card
ORD004965,CUST01627,24 Jan 2024,WH012,delivered,Cash on Delivery
ORD004966,CUST00842,07 Feb 2023,WH008,SHIPPED,cod
ORD004967,CUST03006,06/08/2022,WH016,Delivered,Credit Card
ORD004968,CUST02928,06-02-2024,WH010,DELIVERED,COD
ORD004969,CUST00415,2024/05/21,WH009,Shipped,Credit Card
ORD004970,CUST01238,2023/05/31,WH012,RETURNED,Cash on Delivery
ORD004971,CUST01808,25-04-2022,WH016,shipped,UPI
ORD004972,CUST02010,16-11-2022,WH005,Shipped,Credit Card
ORD004973,CUST03246,20/02/2024,WH015,Shipped,UPI
ORD004974,CUST02398,2024-06-20,WH006,Shipped,Cash on Delivery
ORD004975,CUST01147,20/03/2024,WH005,processing,Net Banking
ORD004976,CUST02525,19-08-2022,WH014,Returned,Net Banking
ORD004977,CUST01527,31 Jul 2023,WH008,Processing,Net Banking
ORD004978,CUST00646,2022/01/23,WH009,shipped,UPI
ORD004979,CUST01686,2024-03-21,WH001,PENDING,COD
ORD004980,CUST01058,17-04-2024,WH003,SHIPPED,COD
ORD004981,CUST02299,2022-03-05,WH009,Pending,cod
ORD004982,CUST03763,11-09-2024,WH008,Cancelled,Debit Card
ORD004983,CUST03253,01/13/2023,WH001,shipped,Net Banking
ORD004984,CUST00606,25-05-2024,WH011,Cancelled,Net Banking
ORD004985,CUST03782,11 Oct 2024,WH015,Pending,Debit Card
ORD004986,CUST02702,04-08-2023,WH004,Cancelled,UPI
ORD004987,CUST01429,2024/09/07,WH003,Returned,Debit Card
ORD004988,CUST03380,28-05-2023,WH010,Shipped,Cash on Delivery
ORD004989,CUST03415,02/13/2024,WH017,shipped,Credit Card
ORD004990,CUST01548,05 Sep 2022,WH002,Delivered,UPI
ORD004991,CUST03662,2022-10-29,WH006,Processing,COD
ORD004992,CUST02842,14 Apr 2024,WH012,Delivered,cod
ORD004993,CUST00317,05/02/2023,WH009,pending,Debit Card
ORD004994,CUST02784,28/05/2022,WH016,Delivered,cod
ORD004995,CUST00854,16 Jun 2022,WH009,PENDING,Net Banking
ORD004996,CUST02612,26-02-2023,WH005,Delivered,Cash on Delivery
ORD004997,CUST01910,18-02-2022,WH005,Pending,Debit Card
ORD004998,CUST02315,2022-11-25,WH008,Pending,Credit Card
ORD004999,CUST00391,17/01/2022,WH006,CANCELLED,COD
ORD005000,CUST01561,27/05/2024,WH004,Cancelled,COD
ORD005001,CUST01392,29/04/2023,WH018,Pending,cod
ORD005002,CUST03825,03/20/2022,WH017,Returned,cod
ORD005003,CUST01825,08/01/2022,WH016,Processing,Debit Card
ORD005004,CUST03711,2024-12-21,WH001,Shipped,Credit Card
ORD005005,CUST00898,24-04-2022,WH014,CANCELLED,Debit Card
ORD005006,CUST00951,2024/09/14,WH001,Delivered,COD
ORD005007,CUST03192,10-10-2024,WH016,cancelled,UPI
ORD005008,CUST02439,30-04-2022,WH015,Delivered,Debit Card
ORD005009,CUST02768,2024/09/13,WH011,Pending,Debit Card
ORD005010,CUST00861,2022-09-02,WH002,processing,cod
ORD005011,CUST02879,16-02-2024,WH017,PROCESSING,UPI
ORD005012,CUST01706,15/05/2023,WH018,Processing,Cash on Delivery
ORD005013,CUST02510,24/12/2023,WH002,Delivered,Credit Card
ORD005014,CUST02279,2024-12-08,WH014,Cancelled,COD
ORD005015,CUST01539,2024/11/23,WH007,Pending,UPI
ORD005016,CUST01495,27/04/2024,WH007,Cancelled,Debit Card
ORD005017,CUST02961,10/21/2024,WH002,Pending,Debit Card
ORD005018,CUST03820,16/09/2024,WH017,shipped,COD
ORD005019,CUST00814,2023/03/06,WH009,PENDING,cod
ORD005020,CUST01813,2023/11/16,WH018,Pending,UPI
ORD005021,CUST01205,30/05/2022,WH007,Cancelled,cod
ORD005022,CUST03257,2022/09/29,WH017,DELIVERED,cod
ORD005023,CUST02806,17-09-2023,WH008,Returned,Debit Card
ORD005024,CUST03154,2023/01/26,WH005,Delivered,Debit Card
ORD005025,CUST00282,08/15/2024,WH012,Shipped,COD
ORD005026,CUST03796,2023-08-02,WH016,Returned,COD
ORD005027,CUST03799,28/03/2024,WH018,PROCESSING,Cash on Delivery
ORD005028,CUST02862,2022-11-23,WH014,PENDING,COD
ORD005029,CUST02576,2022/06/19,WH006,Returned,cod
ORD005030,CUST00939,01/18/2022,WH015,Returned,UPI
ORD005031,CUST01398,28 Jul 2022,WH015,pending,Credit Card
ORD005032,CUST00690,09/24/2022,WH016,Pending,Cash on Delivery
ORD005033,CUST01122,06/18/2024,WH008,DELIVERED,COD
ORD005034,CUST01823,2022-08-09,WH010,Returned,COD
ORD005035,CUST02236,01 Oct 2022,WH004,delivered,Debit Card
ORD005036,CUST03947,2022/02/22,WH002,Cancelled,Debit Card
ORD005037,CUST02040,2024-12-29,WH017,Delivered,Cash on Delivery
ORD005038,CUST02009,04/27/2022,WH010,PENDING,UPI
ORD005039,CUST01006,12 Dec 2023,WH016,Shipped,Credit Card
ORD005040,CUST03213,31 Aug 2023,WH015,Pending,Credit Card
ORD005041,CUST01466,05 Oct 2022,WH007,Cancelled,COD
ORD005042,CUST03151,2024/02/13,WH007,Pending,UPI
ORD005043,CUST03436,02-12-2023,WH018,Returned,Cash on Delivery
ORD005044,CUST01800,08 Mar 2022,WH001,DELIVERED,COD
ORD005045,CUST03393,2024-06-10,WH018,pending,cod
ORD005046,CUST02555,16-01-2024,WH011,PROCESSING,cod
ORD005047,CUST01784,2022/05/19,WH011,delivered,Cash on Delivery
ORD005048,CUST00366,13/07/2023,WH008,Processing,Net Banking
ORD005049,CUST03977,2022-07-10,WH014,Shipped,Cash on Delivery
ORD005050,CUST03798,2022-05-31,WH009,Returned,Cash on Delivery
ORD005051,CUST02460,20/06/2023,WH012,Cancelled,cod
ORD005052,CUST02559,2023/05/08,WH018,Returned,Credit Card
ORD005053,CUST01070,05/04/2024,WH003,Returned,Net Banking
ORD005054,CUST03586,10/12/2023,WH013,CANCELLED,cod
ORD005055,CUST03643,18 Feb 2022,WH001,returned,UPI
ORD005056,CUST01252,08/05/2022,WH012,Cancelled,UPI
ORD005057,CUST02523,18-08-2022,WH016,Delivered,Cash on Delivery
ORD005058,CUST00793,2022-03-22,WH016,Returned,cod
ORD005059,CUST00572,09/20/2024,WH002,Shipped,Debit Card
ORD005060,CUST03842,12/26/2023,WH009,DELIVERED,Debit Card
ORD005061,CUST03566,08-05-2022,WH005,CANCELLED,COD
ORD005062,CUST02460,11/17/2022,WH010,Delivered,COD
ORD005063,CUST01339,10/03/2024,WH008,Cancelled,UPI
ORD005064,CUST01287,,WH014,Cancelled,Credit Card
ORD005065,CUST01661,27-08-2024,WH005,Processing,COD
ORD005066,CUST03095,2022/09/13,WH011,processing,Credit Card
ORD005067,CUST03100,13/07/2024,WH012,DELIVERED,cod
ORD005068,CUST01691,2022-10-31,WH014,Delivered,UPI
ORD005069,CUST02519,08/06/2024,WH012,Shipped,Debit Card
ORD005070,CUST02522,15/09/2023,WH008,SHIPPED,Debit Card
ORD005071,CUST00281,06/03/2023,WH013,shipped,UPI
ORD005072,CUST02142,02-05-2023,WH005,pending,Cash on Delivery
ORD005073,CUST03582,23-07-2023,WH013,Shipped,Credit Card
ORD005074,CUST02306,2023/06/23,WH011,Delivered,Net Banking
ORD005075,CUST02710,01/06/2022,WH005,PENDING,Cash on Delivery
ORD005076,CUST03726,,WH004,processing,Debit Card
ORD005077,CUST02061,03/11/2023,WH002,Cancelled,COD
ORD005078,CUST00679,04/26/2023,WH017,Delivered,Debit Card
ORD005079,CUST00885,02/12/2024,WH017,Shipped,cod
ORD005080,CUST03099,2024-05-22,WH017,Cancelled,Cash on Delivery
ORD005081,CUST01254,25 Jan 2023,WH016,Pending,Debit Card
ORD005082,CUST03704,29/09/2024,WH010,Cancelled,COD
ORD005083,CUST01514,2022-06-20,WH010,Cancelled,COD
ORD005084,CUST03539,2023-08-26,WH013,Processing,Cash on Delivery
ORD005085,CUST00634,2022/08/14,WH007,Processing,Debit Card
ORD005086,CUST03649,31/07/2022,WH011,Pending,COD
ORD005087,CUST01066,2022/03/01,WH018,Pending,COD
ORD005088,CUST02838,30-05-2022,WH017,Processing,cod
ORD005089,CUST00360,12/30/2022,WH014,Returned,Net Banking
ORD005090,CUST02247,12/08/2024,WH010,Processing,Debit Card
ORD005091,CUST00615,0000-00-00,WH017,Cancelled,UPI
ORD005092,CUST00871,28-11-2022,WH008,Processing,Cash on Delivery
ORD005093,CUST00434,2022-10-23,WH006,Processing,cod
ORD005094,CUST02703,26-03-2023,WH005,Processing,UPI
ORD005095,CUST03306,09/20/2023,WH002,returned,Cash on Delivery
ORD005096,CUST01223,16/05/2024,WH011,returned,cod
ORD005097,CUST00200,09 Dec 2024,WH011,Returned,COD
ORD005098,CUST00493,2023-03-13,WH017,delivered,Credit Card
ORD005099,CUST02462,18/12/2022,WH007,Shipped,Net Banking
ORD005100,CUST00145,0000-00-00,WH008,PROCESSING,Credit Card
ORD005101,CUST01814,04 Apr 2022,WH015,Shipped,COD
ORD005102,CUST03251,23/10/2023,WH004,PENDING,cod
ORD005103,CUST03541,12/18/2024,WH016,DELIVERED,COD
ORD005104,CUST00836,18/11/2022,WH006,Pending,cod
ORD005105,CUST01273,06/11/2022,WH018,PENDING,Net Banking
ORD005106,CUST02121,29/03/2022,WH012,shipped,UPI
ORD005107,CUST01491,28 Dec 2022,WH006,Returned,Credit Card
ORD005108,CUST00340,2022/01/21,WH011,Pending,Cash on Delivery
ORD005109,CUST01498,27-03-2022,WH015,Processing,Debit Card
ORD005110,CUST02993,09/14/2022,WH013,processing,COD
ORD005111,CUST02387,2022/11/10,WH001,Delivered,UPI
ORD005112,CUST01082,06 Jul 2022,WH011,Delivered,Net Banking
ORD005113,CUST03655,24/07/2022,WH010,returned,COD
ORD005114,CUST01087,30 Dec 2022,WH005,CANCELLED,Net Banking
ORD005115,CUST03394,11/12/2022,WH014,Processing,Credit Card
ORD005116,CUST02107,2023/11/07,WH011,Pending,Credit Card
ORD005117,CUST03261,10 Dec 2024,WH005,Cancelled,Credit Card
ORD005118,CUST00226,24 Oct 2022,WH015,Shipped,cod
ORD005119,CUST02673,06/03/2022,WH006,Pending,Credit Card
ORD005120,CUST00074,2023/12/03,WH011,Returned,Cash on Delivery
ORD005121,CUST01143,25-02-2024,WH009,Shipped,COD
ORD005122,CUST00922,2022-01-24,WH011,RETURNED,Net Banking
ORD005123,CUST00895,21/04/2024,WH006,Pending,UPI
ORD005124,CUST03068,20/05/2022,WH001,Cancelled,COD
ORD005125,CUST02121,30 Nov 2024,WH002,Delivered,Cash on Delivery
ORD005126,CUST03010,2023/08/25,WH010,pending,Net Banking
ORD005127,CUST03999,06/11/2022,WH007,Shipped,cod
ORD005128,CUST00965,26-04-2024,WH003,Delivered,COD
ORD005129,CUST01333,08/29/2023,WH017,pending,Debit Card
ORD005130,CUST03821,2024/05/27,WH010,Delivered,Net Banking
ORD005131,CUST03186,01/01/2022,WH012,Processing,Credit Card
ORD005132,CUST03609,2023/11/06,WH016,Processing,Debit Card
ORD005133,CUST01524,13-05-2022,WH017,Shipped,Debit Card
ORD005134,CUST00034,2023/01/27,WH014,Cancelled,Debit Card
ORD005135,CUST00559,20-12-2022,WH010,Cancelled,cod
ORD005136,CUST00484,2022-01-02,WH002,Pending,Net Banking
ORD005137,CUST01881,2024/09/14,WH012,Pending,COD
ORD005138,CUST02296,2022/02/14,WH005,Pending,Cash on Delivery
ORD005139,CUST01982,2024-04-05,WH016,Processing,cod
ORD005140,CUST03720,22/04/2023,WH012,shipped,Net Banking
ORD005141,CUST00875,06 Feb 2023,WH006,Processing,Debit Card
ORD005142,CUST00390,2024-02-27,WH007,Cancelled,COD
ORD005143,CUST03989,14-12-2023,WH009,Returned,Debit Card
ORD005144,CUST03985,21 May 2024,WH015,RETURNED,Credit Card
ORD005145,CUST01807,02/23/2023,WH009,Delivered,UPI
ORD005146,CUST00182,2022-01-01,WH010,Shipped,COD
ORD005147,CUST03955,07 Nov 2024,WH003,Cancelled,Net Banking
ORD005148,CUST03263,2022-07-11,WH009,Processing,cod
ORD005149,CUST00359,05/12/2024,WH016,Pending,Cash on Delivery
ORD005150,CUST00937,28 Dec 2023,WH013,Shipped,cod
ORD005151,CUST03218,,WH003,Pending,Credit Card
ORD005152,CUST03466,18-08-2023,WH006,Processing,Cash on Delivery
ORD005153,CUST00501,19 Sep 2024,WH008,Shipped,Credit Card
ORD005154,CUST02651,2022/06/15,WH009,Returned,Cash on Delivery
ORD005155,CUST01732,2022-06-29,WH006,Processing,COD
ORD005156,CUST01545,06-06-2023,WH016,Processing,Debit Card
ORD005157,CUST01427,,WH008,Pending,Cash on Delivery
ORD005158,CUST03709,02/12/2023,WH005,Pending,UPI
ORD005159,CUST00673,23-07-2024,WH017,PROCESSING,Credit Card
ORD005160,CUST02997,08/27/2022,WH002,Returned,COD
ORD005161,CUST00329,2024-02-25,WH005,Returned,cod
ORD005162,CUST02846,2022-10-18,WH010,Shipped,Cash on Delivery
ORD005163,CUST00039,2024/10/17,WH004,RETURNED,Net Banking
ORD005164,CUST03911,30-04-2024,WH015,DELIVERED,UPI
ORD005165,CUST03846,10/02/2022,WH010,Pending,COD
ORD005166,CUST01334,11 Aug 2024,WH010,Returned,Cash on Delivery
ORD005167,CUST01175,20-07-2024,WH005,PENDING,UPI
ORD005168,CUST00311,10 May 2022,WH005,Processing,Net Banking
ORD005169,CUST02361,07-03-2024,WH015,SHIPPED,COD
ORD005170,CUST01176,26 Jul 2022,WH003,PROCESSING,Credit Card
ORD005171,CUST03813,10/28/2023,WH002,Pending,Cash on Delivery
ORD005172,CUST03003,29 Nov 2024,WH014,Returned,cod
ORD005173,CUST01318,26 Sep 2024,WH001,pending,UPI
ORD005174,CUST02475,2023-01-21,WH014,Cancelled,Net Banking
ORD005175,CUST00969,12/29/2022,WH010,Delivered,Debit Card
ORD005176,CUST02259,23 Mar 2023,WH010,CANCELLED,COD
ORD005177,CUST00928,2023-02-18,WH003,Shipped,COD
ORD005178,CUST03369,23-09-2024,WH003,processing,UPI
ORD005179,CUST02732,2022/08/03,WH009,Delivered,Credit Card
ORD005180,CUST01034,07-03-2023,WH010,Processing,cod
ORD005181,CUST02888,06/23/2023,WH008,Pending,Debit Card
ORD005182,CUST03824,12-05-2023,WH001,Pending,COD
ORD005183,CUST01505,11-09-2023,WH014,Shipped,Credit Card
ORD005184,CUST00657,29/04/2024,WH012,returned,UPI
ORD005185,CUST03130,29 Mar 2023,WH007,pending,UPI
ORD005186,CUST03288,2022-12-28,WH009,Delivered,cod
ORD005187,CUST00879,09/30/2024,WH007,PENDING,COD
ORD005188,CUST00114,2023/11/21,WH003,Processing,Debit Card
ORD005189,CUST02350,05/08/2023,WH017,Delivered,Net Banking
ORD005190,CUST02954,25/08/2024,WH016,Pending,cod
ORD005191,CUST03306,11/29/2024,WH018,Cancelled,COD
ORD005192,CUST03429,29/05/2022,WH012,Delivered,COD
ORD005193,CUST01013,26/03/2023,WH015,Delivered,Credit Card
ORD005194,CUST01687,23/11/2024,WH010,Processing,cod
ORD005195,CUST02024,04/10/2022,WH006,Delivered,UPI
ORD005196,CUST00837,2023/09/18,WH016,Processing,COD
ORD005197,CUST03957,18-09-2023,WH015,Pending,Credit Card
ORD005198,CUST00539,2022/07/23,WH010,RETURNED,UPI
ORD005199,CUST01971,2024-03-19,WH001,Pending,UPI
ORD005200,CUST01190,2022-05-15,WH015,Delivered,Credit Card
ORD005201,CUST02847,17 Nov 2024,WH011,Processing,Credit Card
ORD005202,CUST57047,10-10-2024,WH006,Shipped,cod
ORD005203,CUST01397,14/08/2024,WH017,Cancelled,COD
ORD005204,CUST03279,25 Dec 2023,WH013,cancelled,cod
ORD005205,CUST00086,30/01/2024,WH013,Shipped,Debit Card
ORD005206,CUST01849,16-01-2024,WH017,Shipped,UPI
ORD005207,CUST02416,10 May 2024,WH006,Processing,cod
ORD005208,CUST00597,26 Jun 2022,WH009,Shipped,Credit Card
ORD005209,CUST00918,09/23/2024,WH009,Pending,Debit Card
ORD005210,CUST00690,2022/07/31,WH018,Pending,Net Banking
ORD005211,CUST02276,29 Dec 2022,WH003,PROCESSING,cod
ORD005212,CUST02028,15/10/2023,WH015,Shipped,Net Banking
ORD005213,CUST01443,2022-08-10,WH002,DELIVERED,cod
ORD005214,CUST00060,21-08-2022,WH014,shipped,Credit Card
ORD005215,CUST03131,2024-07-26,WH015,cancelled,Credit Card
ORD005216,CUST02707,,WH009,Shipped,Cash on Delivery
ORD005217,CUST03630,02/09/2024,WH008,SHIPPED,Debit Card
ORD005218,CUST00593,11/10/2022,WH005,Pending,Cash on Delivery
ORD005219,CUST00970,09/22/2024,WH005,Returned,Credit Card
ORD005220,CUST03066,2024-02-28,WH018,Cancelled,Net Banking
ORD005221,CUST02190,31/01/2024,WH002,shipped,Cash on Delivery
ORD005222,CUST02581,2024-12-14,WH005,processing,cod
ORD005223,CUST01522,07/08/2022,WH010,Returned,Net Banking
ORD005224,CUST02349,17/04/2023,WH011,Shipped,Net Banking
ORD005225,CUST00515,30 Nov 2023,WH014,Delivered,Cash on Delivery
ORD005226,CUST00012,27-06-2022,WH004,Cancelled,Net Banking
ORD005227,CUST03060,13 May 2022,WH012,Delivered,UPI
ORD005228,CUST02245,03 Jul 2022,WH006,Returned,UPI
ORD005229,CUST02774,16-02-2022,WH003,Returned,Cash on Delivery
ORD005230,CUST01794,27 Feb 2022,WH002,Processing,Cash on Delivery
ORD005231,CUST03127,2022/03/05,WH003,Delivered,Net Banking
ORD005232,CUST01137,05-03-2023,WH017,Shipped,Debit Card
ORD005233,CUST03650,2023-12-13,WH012,Processing,Net Banking
ORD005234,CUST02693,03 Jun 2022,WH016,RETURNED,cod
ORD005235,CUST00108,01/26/2022,WH010,Shipped,Debit Card
ORD005236,CUST00298,07 Jul 2024,WH018,Cancelled,Debit Card
ORD005237,CUST01870,09/12/2024,WH008,Pending,Debit Card
ORD005238,CUST00452,2024/05/06,WH004,Cancelled,COD
ORD005239,CUST02827,02 Jan 2024,WH016,Delivered,cod
ORD005240,CUST00582,06/23/2024,WH018,Returned,Debit Card
ORD005241,CUST01233,2024-02-08,WH003,Pending,Cash on Delivery
ORD005242,CUST02453,2024/05/20,WH016,PROCESSING,Cash on Delivery
ORD005243,CUST02089,20-01-2023,WH013,Shipped,Net Banking
ORD005244,CUST01613,02/20/2023,WH004,Delivered,Net Banking
ORD005245,CUST00884,13-05-2024,WH008,Cancelled,Cash on Delivery
ORD005246,CUST03088,29-06-2023,WH009,Delivered,COD
ORD005247,CUST01858,02/28/2024,WH004,PENDING,Debit Card
ORD005248,CUST00918,2023-01-22,WH007,delivered,Cash on Delivery
ORD005249,CUST02423,2022/08/28,WH002,Shipped,cod
ORD005250,CUST02105,02/16/2022,WH008,CANCELLED,Debit Card
ORD005251,CUST00203,2024-05-19,WH005,Shipped,Net Banking
ORD005252,CUST00350,25 Nov 2023,WH018,Processing,Credit Card
ORD005253,CUST03108,25/09/2024,WH010,returned,COD
ORD005254,CUST02488,2024/12/31,WH005,cancelled,cod
ORD005255,CUST01825,25 Mar 2023,WH006,Pending,Net Banking
ORD005256,CUST00498,0000-00-00,WH013,Delivered,COD
ORD005257,CUST58806,03-01-2023,WH012,Pending,Net Banking
ORD005258,CUST01889,25/08/2024,WH010,Processing,Net Banking
ORD005259,CUST03448,2024/04/24,WH001,Shipped,cod
ORD005260,CUST00825,01 Jun 2023,WH018,shipped,Net Banking
ORD005261,CUST00791,15/07/2024,WH003,Cancelled,cod
ORD005262,CUST00911,04-10-2024,WH003,Cancelled,Net Banking
ORD005263,CUST03993,13-03-2024,WH010,CANCELLED,Debit Card
ORD005264,CUST02576,17 Aug 2022,WH012,Returned,Cash on Delivery
ORD005265,CUST02628,2024/10/05,WH012,Shipped,Debit Card
ORD005266,CUST02581,02-03-2023,WH003,Delivered,Credit Card
ORD005267,CUST00814,12/08/2022,WH016,Returned,COD
ORD005268,CUST00590,14 Dec 2023,WH005,Shipped,Debit Card
ORD005269,CUST03584,30-12-2024,WH009,DELIVERED,Credit Card
ORD005270,CUST02024,29 Jan 2023,WH010,Cancelled,UPI
ORD005271,CUST02983,10-06-2023,WH005,Processing,Net Banking
ORD005272,CUST02411,28/04/2023,WH018,Returned,Credit Card
ORD005273,CUST56682,14/12/2023,WH013,Returned,Net Banking
ORD005274,CUST00516,16-08-2023,WH015,Shipped,Debit Card
ORD005275,CUST03393,05 Jul 2024,WH014,Returned,Debit Card
ORD005276,CUST01612,16/05/2022,WH007,Shipped,UPI
ORD005277,CUST00021,07-09-2022,WH012,Returned,COD
ORD005278,CUST01192,01 Feb 2023,WH015,Returned,Credit Card
ORD005279,CUST03830,2022/03/04,WH017,PENDING,Cash on Delivery
ORD005280,CUST02025,23 Oct 2022,WH004,Returned,Net Banking
ORD005281,CUST00405,11/12/2022,WH004,Delivered,Debit Card
ORD005282,CUST00662,13 Apr 2023,WH016,Returned,Credit Card
ORD005283,CUST03941,11/26/2024,WH009,SHIPPED,cod
ORD005284,CUST01843,2024-11-04,WH005,Processing,cod
ORD005285,CUST00907,28 Dec 2024,WH003,Processing,cod
ORD005286,CUST01097,09/02/2023,WH008,Processing,Net Banking
ORD005287,CUST03297,2024/01/27,WH006,Pending,Credit Card
ORD005288,CUST02337,,WH009,Pending,UPI
ORD005289,CUST02354,08 Mar 2023,WH002,Processing,Cash on Delivery
ORD005290,CUST01461,15-05-2022,WH005,Delivered,cod
ORD005291,CUST02739,11/11/2022,WH002,SHIPPED,UPI
ORD005292,CUST00350,11/10/2024,WH017,Delivered,Credit Card
ORD005293,CUST03128,01 Sep 2022,WH007,Delivered,COD
ORD005294,CUST00150,05/11/2024,WH005,Delivered,COD
ORD005295,CUST01990,06/12/2022,WH002,returned,UPI
ORD005296,CUST00594,,WH018,Shipped,COD
ORD005297,CUST03896,22-02-2024,WH009,Pending,COD
ORD005298,CUST03807,2023/05/30,WH011,Processing,Credit Card
ORD005299,CUST00852,28-08-2023,WH012,PENDING,UPI
ORD005300,CUST00464,2023/05/13,WH005,Returned,UPI
ORD005301,CUST00824,2023-12-27,WH017,Processing,Credit Card
ORD005302,CUST00271,06/05/2024,WH015,Shipped,cod
ORD005303,CUST01928,2024-10-20,WH006,Pending,COD
ORD005304,CUST03015,,WH012,returned,UPI
ORD005305,CUST03653,04/04/2023,WH013,PROCESSING,Net Banking
ORD005306,CUST03992,11-01-2022,WH013,cancelled,Net Banking
ORD005307,CUST01702,2024/07/12,WH004,processing,Credit Card
ORD005308,CUST02472,14 Oct 2024,WH015,Pending,Cash on Delivery
ORD005309,CUST02919,01-05-2024,WH001,Delivered,Cash on Delivery
ORD005310,CUST00503,2024/05/24,WH004,Delivered,Net Banking
ORD005311,CUST01110,2023-01-18,WH007,PENDING,Cash on Delivery
ORD005312,CUST02792,2022-04-22,WH009,SHIPPED,COD
ORD005313,CUST02146,30-07-2024,WH010,Returned,cod
ORD005314,CUST00892,14-11-2022,WH017,delivered,Debit Card
ORD005315,CUST02758,,WH016,Shipped,COD
ORD005316,CUST02905,08-09-2024,WH010,cancelled,UPI
ORD005317,CUST02043,2024-04-21,WH001,PROCESSING,UPI
ORD005318,CUST00088,20-05-2023,WH009,Pending,COD
ORD005319,CUST03865,26 Jul 2023,WH004,Returned,UPI
ORD005320,CUST00881,27/04/2022,WH015,Processing,cod
ORD005321,CUST02541,2023-11-08,WH015,Shipped,cod
ORD005322,CUST02216,01/13/2024,WH004,processing,Net Banking
ORD005323,CUST02284,2024-04-09,WH011,DELIVERED,Net Banking
ORD005324,CUST03491,30-01-2023,WH002,pending,Net Banking
ORD005325,CUST01134,05/13/2022,WH001,Shipped,Debit Card
ORD005326,CUST03908,2022/07/08,WH018,Returned,Debit Card
ORD005327,CUST01992,,WH001,pending,cod
ORD005328,CUST00597,03/07/2022,WH011,Shipped,Credit Card
ORD005329,CUST01084,17/03/2022,WH005,shipped,Cash on Delivery
ORD005330,CUST02215,02/12/2022,WH006,Returned,Net Banking
ORD005331,CUST00454,2022/07/23,WH018,Shipped,Cash on Delivery
ORD005332,CUST01762,18 Feb 2022,WH017,Processing,Credit Card
ORD005333,CUST03492,0000-00-00,WH013,processing,Debit Card
ORD005334,CUST00535,02 Oct 2023,WH007,PROCESSING,Credit Card
ORD005335,CUST00036,2023-04-11,WH001,Returned,Debit Card
ORD005336,CUST02997,03 Dec 2023,WH014,shipped,UPI
ORD005337,CUST03135,21 Nov 2023,WH011,Shipped,Credit Card
ORD005338,CUST02805,18-06-2022,WH017,Returned,UPI
ORD005339,CUST03345,03-02-2024,WH001,Delivered,Net Banking
ORD005340,CUST03735,2022-06-01,WH014,Returned,Net Banking
ORD005341,CUST00413,2023-09-01,WH009,Pending,COD
ORD005342,CUST01359,04-11-2022,WH012,CANCELLED,cod
ORD005343,CUST00624,08-02-2022,WH001,Delivered,COD
ORD005344,CUST00723,18-08-2023,WH011,processing,Cash on Delivery
ORD005345,CUST03152,11/20/2022,WH008,PENDING,COD
ORD005346,CUST01899,31/08/2022,WH008,cancelled,Cash on Delivery
ORD005347,CUST00409,03/01/2023,WH011,Returned,Net Banking
ORD005348,CUST03797,2023-12-12,WH003,DELIVERED,Cash on Delivery
ORD005349,CUST03158,21/06/2024,WH008,delivered,Net Banking
ORD005350,CUST02740,25-02-2024,WH018,Delivered,Credit Card
ORD005351,CUST03694,07/06/2022,WH015,Shipped,UPI
ORD005352,CUST03627,26-11-2024,WH018,SHIPPED,Debit Card
ORD005353,CUST02017,11/30/2022,WH012,pending,Net Banking
ORD005354,CUST02042,2024/12/18,WH003,Cancelled,Credit Card
ORD005355,CUST00809,18-10-2024,WH003,Returned,Debit Card
ORD005356,CUST02336,28 Apr 2024,WH004,Cancelled,UPI
ORD005357,CUST56039,12/26/2022,WH015,returned,cod
ORD005358,CUST02594,12-12-2022,WH005,Pending,Credit Card
ORD005359,CUST03785,24 Jul 2022,WH013,Delivered,UPI
ORD005360,CUST03600,29-03-2024,WH009,Processing,COD
ORD005361,CUST00057,13/05/2024,WH012,DELIVERED,Credit Card
ORD005362,CUST01781,2024/12/09,WH004,Cancelled,COD
ORD005363,CUST02129,,WH009,PENDING,Credit Card
ORD005364,CUST00627,21-02-2023,WH003,PROCESSING,COD
ORD005365,CUST02909,02/15/2022,WH008,Returned,Cash on Delivery
ORD005366,CUST00662,19/02/2022,WH002,Cancelled,COD
ORD005367,CUST00940,09/11/2022,WH011,PROCESSING,COD
ORD005368,CUST03703,12/16/2022,WH014,Shipped,Credit Card
ORD005369,CUST03870,2024-03-05,WH012,Pending,UPI
ORD005370,CUST01214,11-10-2024,WH007,Returned,Net Banking
ORD005371,CUST00652,2023/02/13,WH018,CANCELLED,Net Banking
ORD005372,CUST03764,01/24/2023,WH004,Pending,Cash on Delivery
ORD005373,CUST00129,10-08-2023,WH012,Delivered,COD
ORD005374,CUST03653,22/08/2023,WH002,shipped,cod
ORD005375,CUST03056,21-12-2023,WH010,PENDING,Cash on Delivery
ORD005376,CUST01783,21-01-2024,WH001,Shipped,Cash on Delivery
ORD005377,CUST02035,29 Apr 2022,WH001,Pending,Credit Card
ORD005378,CUST01265,2024/04/27,WH009,Pending,COD
ORD005379,CUST02170,2023/12/12,WH004,Returned,Credit Card
ORD005380,CUST03583,13/09/2022,WH004,Delivered,COD
ORD005381,CUST00193,2024-08-21,WH017,shipped,COD
ORD005382,CUST02096,22 Jul 2024,WH016,PROCESSING,UPI
ORD005383,CUST03002,2024/01/06,WH017,Pending,UPI
ORD005384,CUST03954,,WH004,Shipped,Cash on Delivery
ORD005385,CUST03549,2022-09-13,WH011,Returned,Net Banking
ORD005386,CUST02134,13 Nov 2022,WH007,Processing,Cash on Delivery
ORD005387,CUST02537,2024/04/13,WH012,Delivered,Credit Card
ORD005388,CUST01272,2022/07/08,WH011,PENDING,Net Banking
ORD005389,CUST03862,2022/02/05,WH002,Processing,Net Banking
ORD005390,CUST03190,,WH012,Processing,Net Banking
ORD005391,CUST00094,08/06/2024,WH006,Cancelled,Net Banking
ORD005392,CUST01406,2023/09/20,WH008,Shipped,COD
ORD005393,CUST02366,2022-03-25,WH017,Pending,UPI
ORD005394,CUST01971,2024/08/05,WH007,Cancelled,UPI
ORD005395,CUST00475,2022-10-28,WH003,DELIVERED,Cash on Delivery
ORD005396,CUST03696,10/20/2024,WH011,Pending,COD
ORD005397,CUST00682,27/03/2022,WH001,PENDING,Cash on Delivery
ORD005398,CUST02298,05/23/2024,WH009,Processing,cod
ORD005399,CUST01561,26/08/2024,WH006,Returned,Credit Card
ORD005400,CUST00550,12/28/2022,WH010,Pending,Net Banking
ORD005401,CUST03069,07/22/2024,WH018,Processing,cod
ORD005402,CUST02054,07/02/2023,WH013,Shipped,Credit Card
ORD005403,CUST00210,2023/03/04,WH004,Delivered,Cash on Delivery
ORD005404,CUST00764,2022/05/24,WH016,PROCESSING,UPI
ORD005405,CUST01157,2024/10/12,WH013,Pending,Net Banking
ORD005406,CUST02360,09/04/2023,WH003,Cancelled,Credit Card
ORD005407,CUST03847,07/12/2024,WH014,Processing,Credit Card
ORD005408,CUST03978,2023-05-11,WH013,Cancelled,Net Banking
ORD005409,CUST02548,2022/04/01,WH005,Cancelled,UPI
ORD005410,CUST02216,01/19/2023,WH008,Returned,Cash on Delivery
ORD005411,CUST00624,16-04-2024,WH003,PROCESSING,Cash on Delivery
ORD005412,CUST03872,25-09-2023,WH006,Shipped,cod
ORD005413,CUST02257,26 Aug 2022,WH013,Cancelled,cod
ORD005414,CUST02650,03-12-2024,WH013,Delivered,COD
ORD005415,CUST00620,09/11/2023,WH015,Pending,Debit Card
ORD005416,CUST02092,05/27/2023,WH009,Pending,cod
ORD005417,CUST03827,0000-00-00,WH018,cancelled,Credit Card
ORD005418,CUST01064,2023/05/27,WH010,SHIPPED,Debit Card
ORD005419,CUST03061,2022-10-16,WH004,Pending,COD
ORD005420,CUST00845,2023/04/27,WH018,Delivered,Cash on Delivery
ORD005421,CUST02493,05-08-2023,WH004,Shipped,cod
ORD005422,CUST00193,23-09-2022,WH006,Delivered,Cash on Delivery
ORD005423,CUST02511,2022/04/08,WH006,Cancelled,Debit Card
ORD005424,CUST00362,25/03/2024,WH016,pending,cod
ORD005425,CUST00566,19/06/2024,WH017,Processing,Cash on Delivery
ORD005426,CUST02291,08/28/2023,WH003,Cancelled,cod
ORD005427,CUST00780,2023-12-29,WH009,Shipped,Credit Card
ORD005428,CUST00840,2022-09-15,WH003,PROCESSING,Net Banking
ORD005429,CUST03235,2022/08/27,WH007,processing,Debit Card
ORD005430,CUST01339,29/05/2024,WH004,delivered,Cash on Delivery
ORD005431,CUST03843,2023-05-16,WH004,Pending,Debit Card
ORD005432,CUST01911,12/21/2023,WH010,Processing,cod
ORD005433,CUST02524,28/07/2023,WH001,Delivered,COD
ORD005434,CUST01214,06-01-2024,WH013,SHIPPED,Cash on Delivery
ORD005435,CUST03366,2023-05-08,WH011,cancelled,Debit Card
ORD005436,CUST02623,2024/04/06,WH009,Returned,Cash on Delivery
ORD005437,CUST01861,12 Nov 2024,WH009,Cancelled,COD
ORD005438,CUST03158,04 Feb 2024,WH003,Processing,UPI
ORD005439,CUST00114,08 Nov 2024,WH010,PENDING,Cash on Delivery
ORD005440,CUST00300,06 Oct 2024,WH002,SHIPPED,Cash on Delivery
ORD005441,CUST02383,11/02/2023,WH008,Pending,Net Banking
ORD005442,CUST02542,09/10/2023,WH001,Returned,Debit Card
ORD005443,CUST03051,2024/06/10,WH009,Processing,COD
ORD005444,CUST00764,01-03-2022,WH009,Delivered,Debit Card
ORD005445,CUST00390,2023-08-02,WH001,Shipped,Debit Card
ORD005446,CUST03608,2022/08/31,WH004,RETURNED,Debit Card
ORD005447,CUST00013,08/22/2022,WH014,Processing,cod
ORD005448,CUST03348,12/18/2024,WH007,Processing,UPI
ORD005449,CUST02457,09/06/2022,WH006,Cancelled,cod
ORD005450,CUST01955,06 Mar 2022,WH014,Cancelled,Cash on Delivery
ORD005451,CUST02237,29 Mar 2024,WH003,Cancelled,Cash on Delivery
ORD005452,CUST00637,2024/08/26,WH014,Returned,Debit Card
ORD005453,CUST01065,29 Aug 2023,WH005,Pending,Credit Card
ORD005454,CUST01945,01 May 2024,WH011,Returned,Net Banking
ORD005455,CUST01660,29 Jul 2022,WH008,processing,Credit Card
ORD005456,CUST01247,06-02-2022,WH005,Delivered,Credit Card
ORD005457,CUST03387,03/18/2022,WH002,Processing,COD
ORD005458,CUST02940,01/02/2024,WH002,SHIPPED,Net Banking
ORD005459,CUST03951,2022-01-26,WH018,Cancelled,Debit Card
ORD005460,CUST01589,2024/01/10,WH001,returned,Cash on Delivery
ORD005461,CUST00225,04/04/2022,WH014,Processing,Net Banking
ORD005462,CUST01633,22 Feb 2023,WH016,Pending,cod
ORD005463,CUST00416,28-06-2024,WH009,Processing,UPI
ORD005464,CUST01498,07/10/2022,WH010,Shipped,Debit Card
ORD005465,CUST01507,06-11-2022,WH017,Delivered,Debit Card
ORD005466,CUST01816,16-12-2024,WH015,Cancelled,Debit Card
ORD005467,CUST01068,29 Oct 2022,WH009,Cancelled,UPI
ORD005468,CUST00639,2024-05-27,WH007,delivered,Credit Card
ORD005469,CUST03130,20 Sep 2023,WH006,Processing,cod
ORD005470,CUST01655,09/10/2023,WH014,returned,UPI
ORD005471,CUST02387,08/15/2022,WH007,delivered,Credit Card
ORD005472,CUST02285,01 Jun 2024,WH014,processing,Cash on Delivery
ORD005473,CUST03716,30/05/2022,WH002,returned,UPI
ORD005474,CUST03623,07/08/2024,WH009,Shipped,cod
ORD005475,CUST00286,2024/03/21,WH008,PENDING,cod
ORD005476,CUST01636,07/02/2024,WH013,Shipped,Debit Card
ORD005477,CUST02376,10 Aug 2022,WH013,Cancelled,Credit Card
ORD005478,CUST00964,08/07/2022,WH003,Cancelled,COD
ORD005479,CUST02620,0000-00-00,WH007,Returned,Debit Card
ORD005480,CUST00626,,WH018,RETURNED,cod
ORD005481,CUST02916,0000-00-00,WH013,Pending,Debit Card
ORD005482,CUST01498,08/09/2023,WH007,Returned,Debit Card
ORD005483,CUST00850,07/06/2022,WH012,Returned,COD
ORD005484,CUST00247,2023/04/16,WH006,Delivered,COD
ORD005485,CUST03299,2023-02-08,WH005,Cancelled,Cash on Delivery
ORD005486,CUST03136,29 Jul 2023,WH011,pending,COD
ORD005487,CUST00877,2023-03-02,WH001,Returned,UPI
ORD005488,CUST03668,2024-09-25,WH004,Pending,Credit Card
ORD005489,CUST01357,07/23/2022,WH018,Processing,Cash on Delivery
ORD005490,CUST01919,13-07-2023,WH001,Returned,cod
ORD005491,CUST02464,11/05/2024,WH001,Cancelled,cod
ORD005492,CUST03037,25/03/2023,WH015,Pending,UPI
ORD005493,CUST00232,15-12-2022,WH015,Cancelled,Credit Card
ORD005494,CUST02746,2024-11-01,WH009,returned,UPI
ORD005495,CUST00382,11 Jun 2024,WH007,shipped,Net Banking
ORD005496,CUST02614,22/02/2024,WH008,Delivered,cod
ORD005497,CUST01519,2024-02-13,WH007,Cancelled,COD
ORD005498,CUST00653,21 Oct 2024,WH004,Processing,Debit Card
ORD005499,CUST00429,2023-07-22,WH016,processing,Net Banking
ORD005500,CUST50451,17 Feb 2023,WH014,Delivered,cod
ORD005501,CUST00701,2022-06-07,WH016,Cancelled,UPI
ORD005502,CUST02166,29-07-2024,WH015,Shipped,Credit Card
ORD005503,CUST01922,06/11/2022,WH011,Delivered,Debit Card
ORD005504,CUST01006,2023-06-03,WH004,Shipped,COD
ORD005505,CUST01619,2023/08/12,WH013,Pending,Cash on Delivery
ORD005506,CUST03342,01/31/2022,WH007,Pending,UPI
ORD005507,CUST03713,18 Aug 2023,WH013,Shipped,Debit Card
ORD005508,CUST00497,13-07-2022,WH006,Returned,COD
ORD005509,CUST01560,26 Jul 2022,WH003,Returned,cod
ORD005510,CUST01875,2022/04/07,WH003,SHIPPED,Debit Card
ORD005511,CUST01922,24-03-2024,WH009,Pending,COD
ORD005512,CUST01438,17 Feb 2023,WH012,Cancelled,Net Banking
ORD005513,CUST00293,09/13/2023,WH005,Cancelled,Cash on Delivery
ORD005514,CUST01308,09/16/2022,WH014,returned,COD
ORD005515,CUST01430,2023-02-17,WH013,pending,Credit Card
ORD005516,CUST00338,17-11-2023,WH012,Delivered,Net Banking
ORD005517,CUST01409,20-09-2022,WH007,Processing,Debit Card
ORD005518,CUST02863,2022-12-01,WH018,RETURNED,Debit Card
ORD005519,CUST03366,03/12/2023,WH001,Cancelled,cod
ORD005520,CUST01889,06 Apr 2023,WH017,pending,COD
ORD005521,CUST02231,26-10-2024,WH005,Returned,COD
ORD005522,CUST03315,08/14/2023,WH005,Pending,Credit Card
ORD005523,CUST00050,07/10/2023,WH005,Delivered,Credit Card
ORD005524,CUST00134,09 Jun 2022,WH011,RETURNED,UPI
ORD005525,CUST00983,2023/08/03,WH010,Processing,Net Banking
ORD005526,CUST01283,05/15/2023,WH012,DELIVERED,Net Banking
ORD005527,CUST03914,16/04/2024,WH003,cancelled,Net Banking
ORD005528,CUST01102,2022/10/05,WH010,Returned,Debit Card
ORD005529,CUST02121,2022-12-05,WH012,Delivered,COD
ORD005530,CUST01237,19/04/2024,WH015,Delivered,COD
ORD005531,CUST02031,2024-03-24,WH008,Shipped,cod
ORD005532,CUST01480,06/07/2022,WH014,Pending,Debit Card
ORD005533,CUST00661,30-10-2023,WH007,Returned,Cash on Delivery
ORD005534,CUST50682,2024/08/18,WH016,pending,COD
ORD005535,CUST00666,10 Jan 2023,WH013,Shipped,cod
ORD005536,CUST00969,03/14/2024,WH017,Pending,UPI
ORD005537,CUST01467,2023-01-16,WH003,RETURNED,COD
ORD005538,CUST02685,14-05-2024,WH006,Pending,UPI
ORD005539,CUST00412,0000-00-00,WH005,Returned,Credit Card
ORD005540,CUST03862,2023-07-08,WH013,cancelled,COD
ORD005541,CUST03005,2024-08-21,WH001,Shipped,Debit Card
ORD005542,CUST01509,08/02/2024,WH016,Processing,COD
ORD005543,CUST00119,20-06-2022,WH013,Shipped,Cash on Delivery
ORD005544,CUST02690,24 Dec 2022,WH008,Processing,cod
ORD005545,CUST03137,19 May 2022,WH003,Returned,Net Banking
ORD005546,CUST02009,2022/02/09,WH017,Processing,Cash on Delivery
ORD005547,CUST00965,2024/12/02,WH005,PENDING,UPI
ORD005548,CUST01962,2024/10/27,WH003,shipped,COD
ORD005549,CUST03750,23/12/2023,WH015,shipped,Debit Card
ORD005550,CUST00592,2024/06/29,WH012,Pending,cod
ORD005551,CUST02689,2023/10/18,WH006,delivered,COD
ORD005552,CUST02907,07/20/2024,WH016,PROCESSING,Net Banking
ORD005553,CUST00454,19 Jan 2022,WH017,Processing,Debit Card
ORD005554,CUST01174,2023/10/10,WH010,Delivered,Debit Card
ORD005555,CUST03449,2023-04-29,WH016,Delivered,Cash on Delivery
ORD005556,CUST02431,28-10-2022,WH011,Returned,Net Banking
ORD005557,CUST00474,06/10/2024,WH010,delivered,COD
ORD005558,CUST01370,2024/10/30,WH003,Pending,UPI
ORD005559,CUST03400,02 Jun 2023,WH002,DELIVERED,Debit Card
ORD005560,CUST02557,09 Aug 2023,WH009,Cancelled,Net Banking
ORD005561,CUST02512,06/16/2022,WH010,Cancelled,COD
ORD005562,CUST02701,,WH001,Shipped,Debit Card
ORD005563,CUST00685,17-01-2024,WH018,Shipped,COD
ORD005564,CUST03553,12-07-2024,WH010,RETURNED,COD
ORD005565,CUST02021,2022-11-17,WH013,PROCESSING,Cash on Delivery
ORD005566,CUST01271,18 Apr 2024,WH007,returned,Net Banking
ORD005567,CUST02214,20/03/2024,WH015,RETURNED,Debit Card
ORD005568,CUST01719,19-09-2023,WH005,RETURNED,Debit Card
ORD005569,CUST00710,2023-11-05,WH013,Shipped,cod
ORD005570,CUST03923,21-09-2024,WH001,CANCELLED,cod
ORD005571,CUST01649,02 Jul 2024,WH008,Shipped,cod
ORD005572,CUST02337,2023/02/05,WH008,Shipped,UPI
ORD005573,CUST03927,02-04-2023,WH014,Returned,Cash on Delivery
ORD005574,CUST00733,2024-12-12,WH008,Pending,Debit Card
ORD005575,CUST00132,27/02/2023,WH010,Processing,Net Banking
ORD005576,CUST02499,07-04-2023,WH006,Returned,cod
ORD005577,CUST00494,2023/06/19,WH017,Returned,Credit Card
ORD005578,CUST02906,2023/07/16,WH006,SHIPPED,UPI
ORD005579,CUST03302,12/26/2024,WH007,CANCELLED,cod
ORD005580,CUST01700,01/06/2023,WH006,Cancelled,Credit Card
ORD005581,CUST01351,04/15/2024,WH017,PROCESSING,UPI
ORD005582,CUST03844,12/05/2024,WH018,Shipped,cod
ORD005583,CUST01760,14-05-2023,WH006,Delivered,Credit Card
ORD005584,CUST01452,05 May 2022,WH004,Processing,Net Banking
ORD005585,CUST01416,20 Mar 2023,WH005,pending,Credit Card
ORD005586,CUST02945,19-06-2024,WH006,PROCESSING,UPI
ORD005587,CUST03005,12/14/2022,WH015,Returned,Credit Card
ORD005588,CUST00871,2022/02/06,WH012,Processing,cod
ORD005589,CUST00741,16-10-2023,WH002,Returned,Cash on Delivery
ORD005590,CUST55453,2024-06-10,WH015,Returned,Cash on Delivery
ORD005591,CUST03580,07/03/2022,WH017,cancelled,COD
ORD005592,CUST00578,2023-03-20,WH016,Cancelled,cod
ORD005593,CUST00364,01/22/2022,WH016,Pending,Net Banking
ORD005594,CUST01881,23/01/2024,WH016,cancelled,Credit Card
ORD005595,CUST00692,19-05-2024,WH007,shipped,COD
ORD005596,CUST02515,2024/04/11,WH014,SHIPPED,Net Banking
ORD005597,CUST03628,01/24/2023,WH004,Delivered,COD
ORD005598,CUST00603,28/05/2023,WH010,pending,cod
ORD005599,CUST01436,31/01/2023,WH015,Pending,Net Banking
ORD005600,CUST00930,2024-10-12,WH004,Shipped,UPI
ORD005601,CUST03287,2024/05/21,WH012,Shipped,UPI
ORD005602,CUST02388,03-03-2023,WH001,Delivered,cod
ORD005603,CUST02921,2022/01/27,WH017,PENDING,Cash on Delivery
ORD005604,CUST03889,04-04-2022,WH015,Delivered,UPI
ORD005605,CUST02701,0000-00-00,WH004,cancelled,cod
ORD005606,CUST02184,28/01/2024,WH006,PROCESSING,COD
ORD005607,CUST01649,27-02-2023,WH001,Processing,Cash on Delivery
ORD005608,CUST00836,10/01/2022,WH018,Processing,Net Banking
ORD005609,CUST01244,2024/11/08,WH018,Cancelled,UPI
ORD005610,CUST01090,2022-12-20,WH014,pending,Net Banking
ORD005611,CUST02558,2023-06-17,WH004,Processing,Net Banking
ORD005612,CUST00906,17/09/2023,WH003,Delivered,Credit Card
ORD005613,CUST02195,09/11/2024,WH018,Cancelled,Debit Card
ORD005614,CUST03648,12/10/2023,WH013,Pending,Net Banking
ORD005615,CUST01195,2023/03/25,WH018,Delivered,Credit Card
ORD005616,CUST00063,2024-10-31,WH007,Processing,UPI
ORD005617,CUST00664,0000-00-00,WH010,PROCESSING,COD
ORD005618,CUST00125,,WH006,PROCESSING,Debit Card
ORD005619,CUST00432,0000-00-00,WH005,Pending,Net Banking
ORD005620,CUST03471,2024-11-17,WH004,Delivered,Cash on Delivery
ORD005621,CUST00009,11/18/2022,WH016,Shipped,Credit Card
ORD005622,CUST00999,03 Nov 2022,WH002,SHIPPED,COD
ORD005623,CUST02699,09/12/2024,WH014,PROCESSING,Credit Card
ORD005624,CUST01385,10-11-2023,WH018,Processing,Debit Card
ORD005625,CUST01301,26 Jun 2022,WH009,Processing,Net Banking
ORD005626,CUST00344,15 Mar 2022,WH004,Delivered,Credit Card
ORD005627,CUST03967,2022/04/24,WH008,CANCELLED,Debit Card
ORD005628,CUST00890,23-04-2024,WH003,Cancelled,Debit Card
ORD005629,CUST01007,15 Mar 2024,WH005,Returned,Debit Card
ORD005630,CUST02561,2023-06-30,WH001,Pending,Cash on Delivery
ORD005631,CUST03472,03-04-2022,WH017,Processing,COD
ORD005632,CUST01736,2023-08-24,WH015,returned,Cash on Delivery
ORD005633,CUST03654,02/24/2022,WH006,pending,cod
ORD005634,CUST03198,22-07-2024,WH012,Cancelled,Debit Card
ORD005635,CUST01941,19-09-2023,WH005,Delivered,UPI
ORD005636,CUST01166,2024-06-17,WH004,Delivered,COD
ORD005637,CUST00078,25/10/2024,WH012,RETURNED,Debit Card
ORD005638,CUST01503,27-10-2024,WH003,Returned,Net Banking
ORD005639,CUST00822,2023-12-22,WH016,Processing,Credit Card
ORD005640,CUST01624,25/09/2022,WH013,Returned,cod
ORD005641,CUST00587,02/07/2022,WH008,Cancelled,Credit Card
ORD005642,CUST02505,09/07/2024,WH002,Shipped,Debit Card
ORD005643,CUST00803,2023-03-19,WH006,Shipped,COD
ORD005644,CUST00904,24 Jul 2023,WH012,Cancelled,Debit Card
ORD005645,CUST03975,28-08-2024,WH013,Cancelled,Cash on Delivery
ORD005646,CUST02316,2023-08-04,WH018,Cancelled,Credit Card
ORD005647,CUST03093,2024/01/16,WH014,Shipped,Debit Card
ORD005648,CUST01213,2023-06-22,WH004,Returned,Cash on Delivery
ORD005649,CUST00813,2022-09-04,WH009,Cancelled,Debit Card
ORD005650,CUST01178,07/21/2022,WH016,RETURNED,UPI
ORD005651,CUST00422,2023-03-31,WH014,Returned,COD
ORD005652,CUST02324,09-06-2024,WH004,Cancelled,COD
ORD005653,CUST00415,03/09/2023,WH003,Returned,COD
ORD005654,CUST00294,2023/08/07,WH014,Delivered,Net Banking
ORD005655,CUST01767,20 Feb 2022,WH008,Pending,Net Banking
ORD005656,CUST01279,11/10/2024,WH002,Cancelled,Credit Card
ORD005657,CUST02898,2022/12/26,WH004,Shipped,UPI
ORD005658,CUST03904,29 Dec 2023,WH007,Processing,Debit Card
ORD005659,CUST03106,05 Dec 2023,WH011,processing,COD
ORD005660,CUST02854,11 Feb 2023,WH005,Returned,Net Banking
ORD005661,CUST03798,23 Sep 2022,WH011,Pending,cod
ORD005662,CUST02668,31 Jul 2022,WH007,processing,Credit Card
ORD005663,CUST03735,27 Oct 2022,WH008,Pending,UPI
ORD005664,CUST01581,07/30/2022,WH002,cancelled,UPI
ORD005665,CUST02514,2022-10-12,WH001,cancelled,Credit Card
ORD005666,CUST03093,10-04-2024,WH011,Cancelled,Cash on Delivery
ORD005667,CUST01870,2024-09-23,WH016,Processing,UPI
ORD005668,CUST02771,2024-02-05,WH011,Pending,COD
ORD005669,CUST00933,19-08-2023,WH009,Returned,Net Banking
ORD005670,CUST03741,2024-05-30,WH015,PENDING,COD
ORD005671,CUST00346,03 May 2024,WH003,Cancelled,Credit Card
ORD005672,CUST03046,10/06/2024,WH001,Returned,UPI
ORD005673,CUST00082,2023-10-01,WH018,shipped,COD
ORD005674,CUST02450,26/03/2022,WH015,Pending,UPI
ORD005675,CUST02978,2023-01-26,WH005,PROCESSING,Credit Card
ORD005676,CUST01119,21 Jan 2022,WH013,Shipped,UPI
ORD005677,CUST02608,2023/05/28,WH003,RETURNED,Credit Card
ORD005678,CUST02326,08/29/2023,WH009,Delivered,Debit Card
ORD005679,CUST00563,08-12-2024,WH016,Cancelled,cod
ORD005680,CUST02030,24-05-2023,WH005,Processing,Cash on Delivery
ORD005681,CUST00411,2022/09/07,WH015,Shipped,Debit Card
ORD005682,CUST00371,23 Nov 2024,WH008,returned,Net Banking
ORD005683,CUST02092,18-04-2024,WH007,CANCELLED,Net Banking
ORD005684,CUST00795,01 Sep 2022,WH016,Returned,Debit Card
ORD005685,CUST03721,24-09-2023,WH015,Cancelled,Debit Card
ORD005686,CUST00738,24/11/2024,WH005,Delivered,Cash on Delivery
ORD005687,CUST03899,09 Jan 2022,WH011,Returned,Credit Card
ORD005688,CUST02606,2022/05/22,WH003,pending,UPI
ORD005689,CUST03979,01/10/2023,WH009,Processing,UPI
ORD005690,CUST03557,2022-01-31,WH017,Shipped,cod
ORD005691,CUST01157,09 Feb 2022,WH006,Delivered,Cash on Delivery
ORD005692,CUST00467,16 Jul 2022,WH004,CANCELLED,Credit Card
ORD005693,CUST02282,2023/11/26,WH008,RETURNED,COD
ORD005694,CUST03618,09/17/2024,WH001,Pending,Cash on Delivery
ORD005695,CUST01916,03/05/2023,WH008,Cancelled,Net Banking
ORD005696,CUST00512,2022/09/09,WH014,Pending,UPI
ORD005697,CUST03197,2023-10-12,WH016,cancelled,Cash on Delivery
ORD005698,CUST01526,2024-07-25,WH007,Cancelled,UPI
ORD005699,CUST01975,2022/12/22,WH017,Delivered,Cash on Delivery
ORD005700,CUST00534,2022/01/28,WH009,Cancelled,UPI
ORD005701,CUST00891,07/05/2022,WH006,PROCESSING,Cash on Delivery
ORD005702,CUST02548,09 Jan 2023,WH002,Cancelled,cod
ORD005703,CUST02745,06-08-2024,WH017,PROCESSING,cod
ORD005704,CUST00733,2023/08/21,WH016,Shipped,Cash on Delivery
ORD005705,CUST03779,2024-12-07,WH017,Delivered,Cash on Delivery
ORD005706,CUST00367,2022-01-08,WH015,Returned,Credit Card
ORD005707,CUST02124,06/03/2022,WH003,Cancelled,COD
ORD005708,CUST01871,05/22/2023,WH010,Shipped,cod
ORD005709,CUST03568,2022-01-06,WH008,PROCESSING,Cash on Delivery
ORD005710,CUST01149,02-07-2022,WH011,SHIPPED,Credit Card
ORD005711,CUST03834,07-11-2023,WH015,DELIVERED,Net Banking
ORD005712,CUST03107,2022/04/27,WH010,returned,Cash on Delivery
ORD005713,CUST02438,2022-01-16,WH011,Returned,Cash on Delivery
ORD005714,CUST01685,05/10/2022,WH016,Pending,Credit Card
ORD005715,CUST01789,12 Nov 2022,WH001,Processing,UPI
ORD005716,CUST03552,03/31/2022,WH014,Processing,Net Banking
ORD005717,CUST00004,09 Aug 2023,WH009,delivered,COD
ORD005718,CUST03015,2022/10/31,WH003,PROCESSING,cod
ORD005719,CUST02665,09/04/2023,WH010,PENDING,Credit Card
ORD005720,CUST01071,05 Aug 2023,WH008,Returned,COD
ORD005721,CUST02958,2024-02-28,WH002,Processing,Cash on Delivery
ORD005722,CUST03645,02/11/2023,WH018,Returned,UPI
ORD005723,CUST00517,12 Jul 2022,WH011,Cancelled,Credit Card
ORD005724,CUST59302,15 Dec 2022,WH001,shipped,Credit Card
ORD005725,CUST01494,14-07-2022,WH001,PENDING,COD
ORD005726,CUST03414,20-12-2024,WH001,Pending,Debit Card
ORD005727,CUST01210,2024/10/30,WH014,pending,UPI
ORD005728,CUST03526,2023/08/28,WH016,Cancelled,COD
ORD005729,CUST03656,01/09/2023,WH011,Returned,UPI
ORD005730,CUST01241,30/06/2024,WH012,Delivered,Debit Card
ORD005731,CUST03243,2023-09-25,WH006,PROCESSING,UPI
ORD005732,CUST00252,19/12/2023,WH006,Shipped,Cash on Delivery
ORD005733,CUST00601,07/27/2024,WH004,Processing,Debit Card
ORD005734,CUST02903,10 Dec 2024,WH016,delivered,Cash on Delivery
ORD005735,CUST00172,2023-05-30,WH016,Shipped,cod
ORD005736,CUST03676,14 Feb 2023,WH013,returned,cod
ORD005737,CUST02337,15-08-2024,WH017,Shipped,cod
ORD005738,CUST01968,11 Apr 2024,WH015,processing,COD
ORD005739,CUST01492,21/12/2023,WH001,Cancelled,Net Banking
ORD005740,CUST01460,28-04-2022,WH002,Returned,UPI
ORD005741,CUST02632,2024-09-10,WH001,Processing,Net Banking
ORD005742,CUST00009,30/06/2023,WH003,Returned,Credit Card
ORD005743,CUST03303,15-07-2024,WH001,Pending,Cash on Delivery
ORD005744,CUST03576,13-03-2022,WH017,Cancelled,cod
ORD005745,CUST02916,04/18/2023,WH004,Shipped,Credit Card
ORD005746,CUST01461,25/12/2023,WH013,Pending,Credit Card
ORD005747,CUST00944,10 Oct 2022,WH014,RETURNED,Credit Card
ORD005748,CUST02067,26/09/2024,WH012,Processing,Cash on Delivery
ORD005749,CUST01169,2024/09/30,WH011,Cancelled,Debit Card
ORD005750,CUST03687,10/04/2023,WH007,Shipped,Debit Card
ORD005751,CUST00386,04/17/2022,WH015,Delivered,Credit Card
ORD005752,CUST01534,15-01-2023,WH006,Delivered,Debit Card
ORD005753,CUST02529,2024-08-04,WH013,shipped,Net Banking
ORD005754,CUST02131,10/14/2022,WH015,Pending,Cash on Delivery
ORD005755,CUST02222,2023/12/30,WH018,shipped,Debit Card
ORD005756,CUST03753,05/01/2024,WH005,Cancelled,Net Banking
ORD005757,CUST02456,05-02-2023,WH018,Returned,Credit Card
ORD005758,CUST01588,07/23/2022,WH003,Cancelled,UPI
ORD005759,CUST00523,2024/04/12,WH016,Returned,Net Banking
ORD005760,CUST00281,05/28/2022,WH013,Pending,UPI
ORD005761,CUST03500,12/29/2022,WH011,Cancelled,cod
ORD005762,CUST00530,09/02/2023,WH007,Processing,cod
ORD005763,CUST02327,20 Apr 2024,WH005,Delivered,cod
ORD005764,CUST03840,10/23/2022,WH009,Returned,Credit Card
ORD005765,CUST02868,22 Mar 2024,WH014,Returned,Credit Card
ORD005766,CUST03724,06 Aug 2024,WH013,Processing,cod
ORD005767,CUST03744,20 Dec 2022,WH002,Cancelled,Net Banking
ORD005768,CUST03528,17 Oct 2024,WH007,processing,cod
ORD005769,CUST01303,2024-05-25,WH011,Processing,UPI
ORD005770,CUST00392,2023/05/02,WH018,Returned,UPI
ORD005771,CUST03088,18 May 2023,WH001,Shipped,UPI
ORD005772,CUST00557,19 May 2024,WH004,Shipped,COD
ORD005773,CUST00666,2023/10/25,WH007,Shipped,COD
ORD005774,CUST01613,19 Jan 2023,WH002,Processing,Net Banking
ORD005775,CUST01630,2024/03/06,WH015,Shipped,cod
ORD005776,CUST01223,23 Mar 2024,WH014,shipped,Credit Card
ORD005777,CUST02755,07-02-2023,WH005,delivered,UPI
ORD005778,CUST03284,13-05-2023,WH016,PROCESSING,Credit Card
ORD005779,CUST52421,28-06-2023,WH009,Delivered,cod
ORD005780,CUST00736,02-11-2023,WH016,Cancelled,Cash on Delivery
ORD005781,CUST01014,2024/12/28,WH013,Shipped,Cash on Delivery
ORD005782,CUST02235,09/30/2022,WH010,Pending,Cash on Delivery
ORD005783,CUST00725,13 Jul 2022,WH007,Shipped,Credit Card
ORD005784,CUST00628,2023-12-27,WH001,Delivered,cod
ORD005785,CUST02106,05/25/2024,WH018,Cancelled,Debit Card
ORD005786,CUST00363,2022/09/06,WH010,Pending,Debit Card
ORD005787,CUST01036,17/07/2023,WH001,Delivered,COD
ORD005788,CUST00551,23-06-2023,WH008,Shipped,Net Banking
ORD005789,CUST03604,22 Dec 2022,WH014,shipped,Net Banking
ORD005790,CUST01557,04/07/2022,WH015,Cancelled,cod
ORD005791,CUST00926,29-08-2022,WH017,pending,UPI
ORD005792,CUST01867,17 Jan 2022,WH015,PENDING,Credit Card
ORD005793,CUST01171,02/08/2024,WH013,Delivered,Debit Card
ORD005794,CUST02048,01/04/2024,WH007,Pending,COD
ORD005795,CUST03659,2022/07/15,WH012,Processing,cod
ORD005796,CUST00109,2024-12-02,WH013,Delivered,cod
ORD005797,CUST03897,2024-02-17,WH015,Shipped,Cash on Delivery
ORD005798,CUST01375,2023-07-30,WH018,SHIPPED,Net Banking
ORD005799,CUST00136,2024/02/09,WH008,Delivered,UPI
ORD005800,CUST01267,06/21/2023,WH005,Processing,COD
ORD005801,CUST00354,31-12-2022,WH010,processing,UPI
ORD005802,CUST03294,06/21/2023,WH014,Shipped,cod
ORD005803,CUST01670,2024-08-18,WH011,processing,Credit Card
ORD005804,CUST02488,2022-01-10,WH008,Delivered,Debit Card
ORD005805,CUST02467,2022-10-09,WH004,Processing,Credit Card
ORD005806,CUST02377,09-04-2023,WH007,SHIPPED,Credit Card
ORD005807,CUST00066,15-03-2024,WH011,SHIPPED,cod
ORD005808,CUST00667,29/01/2022,WH010,PENDING,Debit Card
ORD005809,CUST02348,2022/08/17,WH016,Returned,Debit Card
ORD005810,CUST02927,27 Sep 2022,WH012,Shipped,UPI
ORD005811,CUST03338,09/12/2022,WH001,shipped,Net Banking
ORD005812,CUST03034,28 Jul 2024,WH012,Shipped,Cash on Delivery
ORD005813,CUST00269,2022-10-29,WH013,Delivered,cod
ORD005814,CUST00574,02/02/2023,WH007,Pending,Credit Card
ORD005815,CUST00491,2024-04-02,WH007,Shipped,Net Banking
ORD005816,CUST00554,2024-04-14,WH011,DELIVERED,Net Banking
ORD005817,CUST02106,04/01/2024,WH016,Processing,UPI
ORD005818,CUST00784,06-03-2022,WH007,Returned,UPI
ORD005819,CUST00080,2023-07-13,WH008,Processing,UPI
ORD005820,CUST02074,2022/01/30,WH002,Cancelled,Credit Card
ORD005821,CUST00287,13 Jul 2024,WH004,Processing,cod
ORD005822,CUST03742,2023-02-28,WH018,Cancelled,COD
ORD005823,CUST00636,23 May 2022,WH002,Delivered,Net Banking
ORD005824,CUST02025,2023-04-27,WH010,Delivered,Net Banking
ORD005825,CUST00459,10/11/2024,WH017,Pending,Net Banking
ORD005826,CUST01862,23-11-2022,WH007,returned,UPI
ORD005827,CUST02464,07/04/2024,WH013,Returned,Cash on Delivery
ORD005828,CUST01001,15/07/2024,WH016,PENDING,Net Banking
ORD005829,CUST02373,2022-10-16,WH003,Pending,cod
ORD005830,CUST01963,23-09-2024,WH006,Cancelled,COD
ORD005831,CUST03175,07-09-2023,WH018,Shipped,Net Banking
ORD005832,CUST01523,02/01/2023,WH002,RETURNED,Debit Card
ORD005833,CUST03933,2024/01/09,WH002,Delivered,UPI
ORD005834,CUST01768,2024/11/10,WH011,Shipped,Credit Card
ORD005835,CUST01545,2023/09/22,WH016,Pending,Net Banking
ORD005836,CUST03428,09 Sep 2022,WH015,Shipped,Credit Card
ORD005837,CUST01811,01/07/2023,WH001,delivered,Cash on Delivery
ORD005838,CUST01031,2023/06/18,WH004,Returned,Net Banking
ORD005839,CUST00716,06/21/2022,WH005,Delivered,Debit Card
ORD005840,CUST02944,15 Feb 2023,WH005,Shipped,Net Banking
ORD005841,CUST00304,10/05/2022,WH006,Delivered,COD
ORD005842,CUST03690,10/08/2022,WH002,PENDING,Cash on Delivery
ORD005843,CUST03553,16 May 2024,WH014,PENDING,UPI
ORD005844,CUST03099,2024/05/04,WH003,Processing,Credit Card
ORD005845,CUST01563,05/07/2022,WH011,Cancelled,COD
ORD005846,CUST01861,2022/08/17,WH011,SHIPPED,Cash on Delivery
ORD005847,CUST01164,06/03/2024,WH005,SHIPPED,Net Banking
ORD005848,CUST00288,30/07/2022,WH016,Cancelled,Debit Card
ORD005849,CUST59618,05 Feb 2022,WH003,returned,Credit Card
ORD005850,CUST03625,29-09-2024,WH013,Processing,Cash on Delivery
ORD005851,CUST02037,03/13/2024,WH007,Returned,Net Banking
ORD005852,CUST01985,20/06/2023,WH004,Shipped,COD
ORD005853,CUST00040,2022/06/15,WH016,returned,COD
ORD005854,CUST02602,2023/02/24,WH001,RETURNED,Cash on Delivery
ORD005855,CUST00763,29 Feb 2024,WH012,Delivered,Credit Card
ORD005856,CUST02317,09/10/2023,WH018,Pending,Cash on Delivery
ORD005857,CUST00899,01/04/2024,WH012,SHIPPED,Cash on Delivery
ORD005858,CUST01862,04 Feb 2022,WH001,Pending,cod
ORD005859,CUST01673,01/25/2022,WH001,Delivered,Debit Card
ORD005860,CUST01040,01-06-2024,WH017,Shipped,Credit Card
ORD005861,CUST02669,2024/08/08,WH014,PROCESSING,cod
ORD005862,CUST01940,04/24/2023,WH009,Processing,COD
ORD005863,CUST01302,2023-05-12,WH006,Delivered,Cash on Delivery
ORD005864,CUST00490,10/02/2023,WH008,Pending,Net Banking
ORD005865,CUST00162,2022-03-04,WH011,Returned,Net Banking
ORD005866,CUST03088,07 Oct 2022,WH007,Processing,Credit Card
ORD005867,CUST03689,2023-01-14,WH009,Processing,Cash on Delivery
ORD005868,CUST01200,10/08/2023,WH002,processing,cod
ORD005869,CUST03498,2024/11/21,WH007,shipped,Debit Card
ORD005870,CUST01397,03/01/2022,WH001,Cancelled,Cash on Delivery
ORD005871,CUST02742,2022-01-27,WH011,Pending,Net Banking
ORD005872,CUST01662,05 Nov 2022,WH014,PROCESSING,Cash on Delivery
ORD005873,CUST03037,23-10-2023,WH005,Pending,Credit Card
ORD005874,CUST02419,2022/12/27,WH005,Returned,cod
ORD005875,CUST03456,2022/12/19,WH014,Processing,Debit Card
ORD005876,CUST02617,03/06/2023,WH016,Shipped,Credit Card
ORD005877,CUST03191,16/07/2024,WH008,shipped,Net Banking
ORD005878,CUST00956,04 Apr 2023,WH006,Pending,COD
ORD005879,CUST03762,28/12/2024,WH007,Processing,Cash on Delivery
ORD005880,CUST01656,2023-05-03,WH005,Returned,Cash on Delivery
ORD005881,CUST00198,25-07-2023,WH005,Pending,COD
ORD005882,CUST01307,18 Feb 2024,WH013,Returned,Cash on Delivery
ORD005883,CUST02153,06-08-2022,WH007,Shipped,UPI
ORD005884,CUST03502,02-06-2022,WH013,pending,Net Banking
ORD005885,CUST01991,25/06/2022,WH015,RETURNED,COD
ORD005886,CUST03539,2023/01/06,WH013,Delivered,UPI
ORD005887,CUST02885,01-04-2023,WH004,Shipped,Credit Card
ORD005888,CUST03656,19 Apr 2024,WH011,Processing,Cash on Delivery
ORD005889,CUST03804,2022-09-11,WH002,Cancelled,Debit Card
ORD005890,CUST01637,09 Mar 2022,WH002,Returned,COD
ORD005891,CUST00974,01 Jan 2024,WH014,Processing,UPI
ORD005892,CUST02833,01/29/2024,WH017,Pending,Cash on Delivery
ORD005893,CUST03551,06/04/2022,WH014,Pending,cod
ORD005894,CUST01516,17 Jun 2023,WH013,cancelled,Credit Card
ORD005895,CUST02167,05/09/2024,WH009,Processing,Credit Card
ORD005896,CUST03156,2022/04/27,WH002,Returned,Net Banking
ORD005897,CUST01294,03 Feb 2023,WH015,Pending,Debit Card
ORD005898,CUST03240,2023/10/20,WH015,RETURNED,Net Banking
ORD005899,CUST01973,2024/10/14,WH018,Cancelled,Debit Card
ORD005900,CUST00281,03/12/2023,WH015,Returned,Net Banking
ORD005901,CUST03043,08/26/2022,WH009,Shipped,Debit Card
ORD005902,CUST02317,27-06-2022,WH014,Cancelled,Debit Card
ORD005903,CUST01679,2023-05-02,WH016,RETURNED,Debit Card
ORD005904,CUST00472,2022-02-07,WH005,shipped,Cash on Delivery
ORD005905,CUST03916,12/07/2024,WH012,shipped,Debit Card
ORD005906,CUST00232,06/09/2022,WH006,Pending,Cash on Delivery
ORD005907,CUST03823,2022-07-05,WH009,cancelled,Net Banking
ORD005908,CUST03713,01/09/2023,WH018,Pending,UPI
ORD005909,CUST02275,02-10-2023,WH004,Shipped,cod
ORD005910,CUST03659,2022/04/14,WH004,Processing,Debit Card
ORD005911,CUST02409,05 Jul 2023,WH010,PROCESSING,UPI
ORD005912,CUST01314,2024/03/03,WH010,pending,Cash on Delivery
ORD005913,CUST02454,09/26/2022,WH005,Returned,Debit Card
ORD005914,CUST01681,2024-06-28,WH011,pending,cod
ORD005915,CUST02336,17/06/2023,WH002,Processing,Net Banking
ORD005916,CUST01429,05-10-2023,WH013,Processing,Credit Card
ORD005917,CUST00143,19-12-2023,WH004,Delivered,UPI
ORD005918,CUST01615,2023/08/30,WH014,cancelled,UPI
ORD005919,CUST02603,27 Dec 2022,WH009,Cancelled,UPI
ORD005920,CUST02066,24-10-2022,WH005,Pending,COD
ORD005921,CUST02476,01/30/2024,WH002,SHIPPED,Debit Card
ORD005922,CUST03180,2023-11-04,WH014,pending,cod
ORD005923,CUST01836,12/23/2022,WH017,Cancelled,UPI
ORD005924,CUST00712,0000-00-00,WH003,Shipped,Cash on Delivery
ORD005925,CUST01405,2022/11/12,WH008,Shipped,COD
ORD005926,CUST01930,24 Aug 2024,WH018,Cancelled,UPI
ORD005927,CUST00941,21/03/2024,WH003,Pending,UPI
ORD005928,CUST03572,18/06/2024,WH009,Cancelled,Credit Card
ORD005929,CUST02379,12/24/2023,WH009,DELIVERED,Debit Card
ORD005930,CUST03345,01/11/2024,WH014,Processing,Credit Card
ORD005931,CUST03092,02/03/2023,WH008,CANCELLED,Cash on Delivery
ORD005932,CUST03999,14/09/2022,WH012,Delivered,Debit Card
ORD005933,CUST02384,07/25/2023,WH018,Returned,Cash on Delivery
ORD005934,CUST02522,2022-08-14,WH004,Delivered,COD
ORD005935,CUST01775,04-06-2022,WH011,Delivered,Net Banking
ORD005936,CUST03652,07/05/2022,WH014,Delivered,UPI
ORD005937,CUST00556,11/11/2022,WH016,CANCELLED,UPI
ORD005938,CUST00130,07-05-2023,WH011,returned,UPI
ORD005939,CUST03492,08 Apr 2024,WH009,Cancelled,Credit Card
ORD005940,CUST00723,21 Nov 2024,WH003,Pending,COD
ORD005941,CUST02046,2022-07-09,WH013,SHIPPED,cod
ORD005942,CUST00168,2023/03/11,WH007,Pending,Cash on Delivery
ORD005943,CUST00898,04 Aug 2022,WH012,processing,Net Banking
ORD005944,CUST03260,2022/11/05,WH003,PENDING,Debit Card
ORD005945,CUST02980,10/09/2023,WH013,Returned,Cash on Delivery
ORD005946,CUST03829,06/13/2023,WH002,Cancelled,Net Banking
ORD005947,CUST02926,06/09/2024,WH017,Shipped,Net Banking
ORD005948,CUST03858,01/05/2022,WH007,cancelled,COD
ORD005949,CUST00164,2022/08/10,WH011,Processing,Net Banking
ORD005950,CUST00025,09-08-2023,WH017,SHIPPED,Net Banking
ORD005951,CUST02807,21 Oct 2024,WH016,Returned,UPI
ORD005952,CUST03982,20 Apr 2022,WH002,Pending,COD
ORD005953,CUST01026,01/01/2024,WH006,returned,Credit Card
ORD005954,CUST00118,28 Jul 2022,WH010,Shipped,cod
ORD005955,CUST02168,03-08-2024,WH007,returned,COD
ORD005956,CUST00482,28/03/2023,WH004,processing,Credit Card
ORD005957,CUST01768,24/11/2022,WH011,Returned,COD
ORD005958,CUST02490,30 Oct 2024,WH001,Processing,Debit Card
ORD005959,CUST03573,2022-10-04,WH007,Cancelled,Credit Card
ORD005960,CUST01862,2024-10-07,WH016,Returned,UPI
ORD005961,CUST03916,26 Jun 2023,WH007,SHIPPED,COD
ORD005962,CUST03163,2022/08/18,WH006,Shipped,UPI
ORD005963,CUST03855,12-03-2024,WH009,Processing,Debit Card
ORD005964,CUST01714,2022-03-06,WH006,Returned,Credit Card
ORD005965,CUST03950,15 Mar 2022,WH005,Shipped,Credit Card
ORD005966,CUST01053,04/17/2022,WH015,cancelled,Debit Card
ORD005967,CUST01029,08-10-2022,WH012,cancelled,Credit Card
ORD005968,CUST01004,2022-07-26,WH008,SHIPPED,Credit Card
ORD005969,CUST03897,2024/01/27,WH018,Delivered,Credit Card
ORD005970,CUST02437,2022/06/27,WH008,CANCELLED,Credit Card
ORD005971,CUST03398,16 May 2024,WH004,Cancelled,Credit Card
ORD005972,CUST01242,2022/11/07,WH016,Pending,UPI
ORD005973,CUST03624,20/03/2022,WH017,Pending,Credit Card
ORD005974,CUST03219,05 Mar 2022,WH007,Delivered,Credit Card
ORD005975,CUST01004,08/10/2023,WH001,Returned,cod
ORD005976,CUST01539,,WH001,Delivered,Debit Card
ORD005977,CUST02088,09 Sep 2023,WH010,pending,Cash on Delivery
ORD005978,CUST01802,08/20/2024,WH017,Returned,cod
ORD005979,CUST00815,06/04/2024,WH017,Shipped,Debit Card
ORD005980,CUST02902,03 Sep 2024,WH013,Shipped,COD
ORD005981,CUST03004,05-10-2023,WH003,Shipped,Credit Card
ORD005982,CUST01740,12 Sep 2023,WH018,Returned,UPI
ORD005983,CUST02102,12-05-2022,WH009,Shipped,UPI
ORD005984,CUST01712,13-11-2022,WH004,Delivered,cod
ORD005985,CUST03111,06/10/2022,WH005,Returned,Debit Card
ORD005986,CUST02892,2022/01/29,WH011,Shipped,Net Banking
ORD005987,CUST03737,,WH016,DELIVERED,UPI
ORD005988,CUST02618,04/01/2024,WH010,Processing,Credit Card
ORD005989,CUST03224,2024-07-19,WH005,Pending,Debit Card
ORD005990,CUST03815,2022-03-08,WH002,Pending,COD
ORD005991,CUST01908,2022-02-16,WH018,CANCELLED,Credit Card
ORD005992,CUST00749,2023/04/30,WH018,Shipped,Cash on Delivery
ORD005993,CUST02366,05/06/2024,WH005,Shipped,Net Banking
ORD005994,CUST03353,20-03-2022,WH009,Shipped,UPI
ORD005995,CUST00075,25 Aug 2023,WH008,RETURNED,Credit Card
ORD005996,CUST03105,10/20/2022,WH015,SHIPPED,UPI
ORD005997,CUST02345,26 Dec 2022,WH005,Processing,COD
ORD005998,CUST01993,28-07-2024,WH016,Processing,UPI
ORD005999,CUST00124,2023/07/09,WH010,Processing,Credit Card
ORD006000,CUST00231,01/04/2023,WH016,Returned,COD
ORD006001,CUST00337,12/06/2022,WH018,Shipped,Credit Card
ORD006002,CUST00771,01/21/2024,WH017,Delivered,Credit Card
ORD006003,CUST01361,19 Jul 2024,WH006,Cancelled,Credit Card
ORD006004,CUST03851,2023/10/09,WH011,Delivered,Debit Card
ORD006005,CUST02844,2024-09-22,WH009,Delivered,UPI
ORD006006,CUST01253,29/11/2023,WH015,Delivered,cod
ORD006007,CUST03921,06-02-2022,WH002,Cancelled,Cash on Delivery
ORD006008,CUST03024,09 Apr 2024,WH018,shipped,Credit Card
ORD006009,CUST00580,27 Nov 2023,WH004,Shipped,COD
ORD006010,CUST03147,05/10/2023,WH011,Cancelled,Net Banking
ORD006011,CUST01360,25-02-2023,WH017,Pending,COD
ORD006012,CUST01112,12-12-2024,WH002,Cancelled,Debit Card
ORD006013,CUST00321,2023/12/11,WH001,Processing,Credit Card
ORD006014,CUST02654,12-04-2022,WH010,Cancelled,Cash on Delivery
ORD006015,CUST01054,01/10/2022,WH012,Delivered,COD
ORD006016,CUST03553,17-02-2023,WH015,Shipped,Credit Card
ORD006017,CUST03672,06/10/2024,WH005,Shipped,Credit Card
ORD006018,CUST00757,2023-06-10,WH003,Processing,cod
ORD006019,CUST01678,26 May 2023,WH007,CANCELLED,Debit Card
ORD006020,CUST01790,2023-06-09,WH001,Processing,Debit Card
ORD006021,CUST02808,2024/02/11,WH005,Shipped,COD
ORD006022,CUST00649,2022-03-03,WH003,CANCELLED,Debit Card
ORD006023,CUST03087,05/08/2023,WH012,Delivered,Debit Card
ORD006024,CUST03243,2024-08-19,WH010,Cancelled,COD
ORD006025,CUST02851,2023-10-01,WH004,Delivered,Debit Card
ORD006026,CUST02928,17 Jul 2022,WH007,Processing,COD
ORD006027,CUST03225,05/16/2022,WH012,Returned,UPI
ORD006028,CUST03257,2023-11-08,WH010,pending,COD
ORD006029,CUST00157,16-05-2024,WH006,Shipped,Credit Card
ORD006030,CUST03585,2023-07-16,WH008,Delivered,Credit Card
ORD006031,CUST00619,23 Feb 2022,WH006,Pending,UPI
ORD006032,CUST01950,19/03/2023,WH017,Processing,UPI
ORD006033,CUST03620,08/03/2022,WH018,Returned,UPI
ORD006034,CUST03813,2024/09/10,WH004,pending,cod
ORD006035,CUST00956,01/10/2022,WH017,Processing,UPI
ORD006036,CUST00757,2023/11/21,WH018,Returned,Debit Card
ORD006037,CUST03110,2024-12-02,WH012,Delivered,Debit Card
ORD006038,CUST02866,09/04/2023,WH002,Processing,UPI
ORD006039,CUST01172,12/08/2023,WH012,Delivered,Debit Card
ORD006040,CUST01156,29/10/2022,WH006,Delivered,Debit Card
ORD006041,CUST02976,10/09/2022,WH003,Pending,Debit Card
ORD006042,CUST00648,11 Jun 2023,WH012,Pending,Net Banking
ORD006043,CUST03528,2022-07-20,WH001,processing,UPI
ORD006044,CUST02053,30 Jan 2023,WH006,Returned,Debit Card
ORD006045,CUST03546,2023-04-02,WH017,Cancelled,cod
ORD006046,CUST03585,07/17/2024,WH016,Pending,Debit Card
ORD006047,CUST03428,2022-07-19,WH001,Returned,Credit Card
ORD006048,CUST00527,08-05-2023,WH016,RETURNED,Cash on Delivery
ORD006049,CUST02768,08-07-2022,WH010,Delivered,Cash on Delivery
ORD006050,CUST01693,23/10/2024,WH011,delivered,Debit Card
ORD006051,CUST00823,2022/09/27,WH010,processing,Net Banking
ORD006052,CUST02425,03/08/2023,WH016,RETURNED,Credit Card
ORD006053,CUST00042,13/04/2022,WH012,Cancelled,UPI
ORD006054,CUST00349,16/04/2024,WH014,pending,UPI
ORD006055,CUST00917,,WH004,Delivered,Net Banking
ORD006056,CUST00242,2022/07/22,WH006,Shipped,UPI
ORD006057,CUST01366,17 May 2022,WH006,SHIPPED,COD
ORD006058,CUST01862,24 Mar 2024,WH015,Cancelled,Net Banking
ORD006059,CUST02722,2023-05-27,WH004,Processing,Net Banking
ORD006060,CUST02819,27-07-2023,WH018,PROCESSING,Net Banking
ORD006061,CUST02757,2023/06/21,WH014,Processing,cod
ORD006062,CUST03519,01/31/2022,WH017,delivered,UPI
ORD006063,CUST02430,2022-07-19,WH004,RETURNED,Debit Card
ORD006064,CUST00450,17/04/2022,WH013,Cancelled,Net Banking
ORD006065,CUST03620,01/02/2022,WH016,PENDING,UPI
ORD006066,CUST00899,03/26/2022,WH010,Pending,Credit Card
ORD006067,CUST03748,10/06/2022,WH015,Processing,COD
ORD006068,CUST00328,10/27/2023,WH015,Cancelled,Cash on Delivery
ORD006069,CUST01446,2024-05-11,WH013,Shipped,COD
ORD006070,CUST03243,2024-02-28,WH004,returned,COD
ORD006071,CUST00117,0000-00-00,WH002,Cancelled,UPI
ORD006072,CUST02865,0000-00-00,WH003,processing,Cash on Delivery
ORD006073,CUST00597,07/09/2023,WH018,Pending,Cash on Delivery
ORD006074,CUST00382,01-12-2022,WH017,Returned,Debit Card
ORD006075,CUST03616,2024/06/24,WH002,Delivered,Net Banking
ORD006076,CUST03024,26-06-2024,WH011,Returned,Credit Card
ORD006077,CUST02193,0000-00-00,WH009,shipped,COD
ORD006078,CUST00049,24 Jan 2024,WH003,Shipped,Credit Card
ORD006079,CUST02013,02-04-2023,WH004,Delivered,Credit Card
ORD006080,CUST00078,10-03-2024,WH016,Returned,Cash on Delivery
ORD006081,CUST00454,2024-07-05,WH014,Pending,Debit Card
ORD006082,CUST03899,2023/02/09,WH017,CANCELLED,cod
ORD006083,CUST03322,10/02/2022,WH004,CANCELLED,cod
ORD006084,CUST02970,23/09/2022,WH018,Delivered,UPI
ORD006085,CUST01550,0000-00-00,WH009,Pending,UPI
ORD006086,CUST02281,0000-00-00,WH017,RETURNED,UPI
ORD006087,CUST00217,2022-05-20,WH005,Pending,UPI
ORD006088,CUST01363,02/04/2022,WH018,Delivered,Credit Card
ORD006089,CUST02605,08 Apr 2022,WH007,processing,Net Banking
ORD006090,CUST01871,07-04-2024,WH008,Cancelled,Net Banking
ORD006091,CUST01307,21-06-2022,WH015,Cancelled,Net Banking
ORD006092,CUST02482,21/11/2023,WH007,Delivered,Credit Card
ORD006093,CUST03683,22-08-2024,WH007,returned,COD
ORD006094,CUST03433,2024-11-06,WH011,Processing,cod
ORD006095,CUST00229,01/29/2023,WH007,PENDING,Net Banking
ORD006096,CUST00038,08 Feb 2023,WH007,Pending,Debit Card
ORD006097,CUST02066,14-09-2023,WH001,Shipped,Cash on Delivery
ORD006098,CUST00660,,WH003,Cancelled,COD
ORD006099,CUST02150,07/29/2024,WH011,cancelled,Net Banking
ORD006100,CUST01583,14 Jan 2022,WH013,DELIVERED,COD
ORD006101,CUST03531,27 Dec 2023,WH018,PROCESSING,Credit Card
ORD006102,CUST03558,2022/11/06,WH005,CANCELLED,Net Banking
ORD006103,CUST01255,2024-07-14,WH017,PENDING,Cash on Delivery
ORD006104,CUST01884,11-06-2023,WH012,Cancelled,Credit Card
ORD006105,CUST00696,30 Jun 2024,WH006,Delivered,Credit Card
ORD006106,CUST01151,16 Mar 2022,WH016,Returned,Net Banking
ORD006107,CUST01293,24 Mar 2024,WH003,Delivered,Net Banking
ORD006108,CUST03448,13/11/2024,WH002,Processing,Credit Card
ORD006109,CUST03200,25/11/2023,WH017,Returned,Net Banking
ORD006110,CUST02445,30/06/2023,WH011,Shipped,Net Banking
ORD006111,CUST03772,14 Feb 2024,WH013,Delivered,Credit Card
ORD006112,CUST02200,05-05-2023,WH001,PROCESSING,COD
ORD006113,CUST02869,12/02/2023,WH015,Delivered,Net Banking
ORD006114,CUST03937,30/09/2024,WH003,Pending,Credit Card
ORD006115,CUST02413,09/17/2023,WH006,Pending,Debit Card
ORD006116,CUST02909,30-09-2023,WH006,SHIPPED,cod
ORD006117,CUST02761,19/11/2024,WH013,Pending,Credit Card
ORD006118,CUST01163,03-06-2024,WH010,Processing,UPI
ORD006119,CUST02662,10/12/2022,WH005,delivered,Cash on Delivery
ORD006120,CUST00759,2024-02-17,WH011,Cancelled,Net Banking
ORD006121,CUST03298,27 Mar 2024,WH003,Processing,Cash on Delivery
ORD006122,CUST00665,2024/09/16,WH018,returned,Credit Card
ORD006123,CUST02604,2024/05/09,WH016,Pending,cod
ORD006124,CUST02027,24 Apr 2024,WH006,Delivered,Cash on Delivery
ORD006125,CUST01595,2022-05-14,WH002,Shipped,Credit Card
ORD006126,CUST03717,2022/01/26,WH012,Delivered,cod
ORD006127,CUST03813,26/09/2022,WH003,Processing,Credit Card
ORD006128,CUST02708,12/28/2023,WH007,Delivered,COD
ORD006129,CUST00044,02/17/2022,WH017,PENDING,UPI
ORD006130,CUST01412,11 Aug 2023,WH014,Processing,cod
ORD006131,CUST01252,25-09-2022,WH001,Shipped,Credit Card
ORD006132,CUST00235,16-10-2023,WH014,Delivered,Net Banking
ORD006133,CUST01973,0000-00-00,WH002,pending,Net Banking
ORD006134,CUST03350,13-12-2023,WH011,pending,Cash on Delivery
ORD006135,CUST02086,12 Sep 2022,WH013,delivered,Credit Card
ORD006136,CUST00975,08/31/2024,WH003,Pending,Net Banking
ORD006137,CUST01144,0000-00-00,WH007,Processing,Debit Card
ORD006138,CUST02139,2022/08/25,WH009,Processing,UPI
ORD006139,CUST02215,2024-09-11,WH008,Pending,Net Banking
ORD006140,CUST03475,07-04-2024,WH007,RETURNED,Cash on Delivery
ORD006141,CUST03390,03/29/2023,WH013,Cancelled,Net Banking
ORD006142,CUST03619,14-11-2023,WH016,Shipped,Net Banking
ORD006143,CUST00283,2022/11/03,WH008,PROCESSING,Credit Card
ORD006144,CUST03141,03/12/2022,WH006,Returned,COD
ORD006145,CUST02134,2024/05/06,WH008,Returned,Net Banking
ORD006146,CUST03577,06-05-2023,WH008,RETURNED,Cash on Delivery
ORD006147,CUST02483,0000-00-00,WH004,Returned,Net Banking
ORD006148,CUST03500,2023-11-14,WH003,Returned,Cash on Delivery
ORD006149,CUST00990,2024/07/28,WH009,Pending,Net Banking
ORD006150,CUST02259,2024-07-05,WH015,Pending,Cash on Delivery
ORD006151,CUST00364,0000-00-00,WH010,Pending,Cash on Delivery
ORD006152,CUST02908,02-05-2023,WH013,SHIPPED,COD
ORD006153,CUST02675,24/05/2024,WH012,Cancelled,Debit Card
ORD006154,CUST03382,2024-02-16,WH017,Returned,UPI
ORD006155,CUST00730,18/05/2022,WH009,RETURNED,Credit Card
ORD006156,CUST03488,2022/04/14,WH006,Shipped,UPI
ORD006157,CUST00201,19/07/2023,WH006,SHIPPED,Credit Card
ORD006158,CUST03632,2023-06-03,WH009,Processing,UPI
ORD006159,CUST01547,2022/05/12,WH018,Returned,Credit Card
ORD006160,CUST03830,02/17/2022,WH011,Cancelled,Net Banking
ORD006161,CUST55321,2023-10-26,WH010,Returned,Net Banking
ORD006162,CUST02384,18 Nov 2022,WH016,Delivered,UPI
ORD006163,CUST03166,01/02/2023,WH012,Pending,Net Banking
ORD006164,CUST01192,16/11/2024,WH018,Processing,Net Banking
ORD006165,CUST01058,17/01/2023,WH013,Delivered,cod
ORD006166,CUST00936,06-10-2023,WH005,Returned,Debit Card
ORD006167,CUST00269,23-07-2022,WH012,Shipped,Net Banking
ORD006168,CUST00863,01/08/2022,WH005,PENDING,cod
ORD006169,CUST03831,26 Apr 2024,WH012,pending,UPI
ORD006170,CUST03987,11/05/2023,WH017,PENDING,cod
ORD006171,CUST00248,2023-01-17,WH007,PENDING,UPI
ORD006172,CUST01417,30/01/2024,WH012,Pending,Net Banking
ORD006173,CUST03040,03-02-2022,WH008,Shipped,Cash on Delivery
ORD006174,CUST02088,2023/07/03,WH013,delivered,Cash on Delivery
ORD006175,CUST01699,2024/06/23,WH011,Pending,Cash on Delivery
ORD006176,CUST03078,2024-10-06,WH014,Returned,UPI
ORD006177,CUST01689,2024/05/11,WH012,Delivered,Credit Card
ORD006178,CUST00444,06/11/2022,WH006,Returned,Cash on Delivery
ORD006179,CUST01475,09-01-2024,WH009,returned,Credit Card
ORD006180,CUST00576,2022/02/14,WH017,Cancelled,Net Banking
ORD006181,CUST02853,08-02-2024,WH007,Processing,Net Banking
ORD006182,CUST03223,07/07/2023,WH005,DELIVERED,UPI
ORD006183,CUST00146,2023-03-02,WH011,shipped,Credit Card
ORD006184,CUST00810,2024-08-18,WH001,Delivered,cod
ORD006185,CUST03086,10 Mar 2023,WH004,Returned,cod
ORD006186,CUST03876,03/02/2024,WH005,Delivered,cod
ORD006187,CUST02226,2023-08-11,WH003,Returned,UPI
ORD006188,CUST02047,15-12-2024,WH009,Cancelled,Debit Card
ORD006189,CUST00118,2024-11-25,WH016,PENDING,COD
ORD006190,CUST02712,09/23/2022,WH006,Shipped,COD
ORD006191,CUST02681,05-11-2022,WH002,Pending,Debit Card
ORD006192,CUST02130,09 May 2022,WH004,Pending,COD
ORD006193,CUST02556,12/24/2022,WH006,Processing,COD
ORD006194,CUST03223,25/05/2023,WH001,Returned,UPI
ORD006195,CUST00038,01/02/2024,WH005,Shipped,cod
ORD006196,CUST00469,22 Jul 2023,WH016,Cancelled,cod
ORD006197,CUST02968,04/02/2023,WH001,delivered,UPI
ORD006198,CUST00017,2023/09/16,WH008,Processing,UPI
ORD006199,CUST00679,2024-03-07,WH008,Shipped,Credit Card
ORD006200,CUST01372,2023/04/27,WH008,pending,Cash on Delivery
ORD006201,CUST02243,2023/02/13,WH016,Returned,cod
ORD006202,CUST01016,21/12/2024,WH007,processing,cod
ORD006203,CUST01405,2024/04/22,WH004,returned,UPI
ORD006204,CUST01794,2023-04-29,WH002,Cancelled,Debit Card
ORD006205,CUST03305,05/30/2023,WH012,Delivered,cod
ORD006206,CUST03313,05 Mar 2022,WH011,cancelled,Net Banking
ORD006207,CUST01097,04 Sep 2023,WH013,CANCELLED,UPI
ORD006208,CUST03822,08/12/2023,WH013,PENDING,Debit Card
ORD006209,CUST01931,19/11/2024,WH013,Pending,Debit Card
ORD006210,CUST00758,03 Oct 2024,WH016,processing,Debit Card
ORD006211,CUST02946,09/16/2023,WH009,Cancelled,UPI
ORD006212,CUST02581,08/30/2023,WH005,Processing,COD
ORD006213,CUST00155,02/03/2022,WH012,cancelled,Credit Card
ORD006214,CUST01205,2024/06/21,WH001,Pending,Net Banking
ORD006215,CUST02345,31-03-2022,WH017,PROCESSING,cod
ORD006216,CUST03727,2023-01-10,WH008,PROCESSING,COD
ORD006217,CUST01072,0000-00-00,WH018,Returned,UPI
ORD006218,CUST00167,2023/04/28,WH003,Delivered,Net Banking
ORD006219,CUST01128,03-02-2023,WH012,Cancelled,Debit Card
ORD006220,CUST02696,,WH013,RETURNED,cod
ORD006221,CUST02524,10/27/2023,WH004,Delivered,Debit Card
ORD006222,CUST01677,02/13/2023,WH007,SHIPPED,Credit Card
ORD006223,CUST03110,21/09/2024,WH015,Returned,Net Banking
ORD006224,CUST02589,12/10/2024,WH005,Shipped,COD
ORD006225,CUST02394,20-08-2023,WH006,pending,COD
ORD006226,CUST01754,2023/11/26,WH013,Cancelled,COD
ORD006227,CUST50271,09/10/2023,WH007,cancelled,Cash on Delivery
ORD006228,CUST03607,19 Aug 2024,WH015,shipped,UPI
ORD006229,CUST01975,2024/09/14,WH011,PROCESSING,Debit Card
ORD006230,CUST00790,06/13/2022,WH009,Delivered,Debit Card
ORD006231,CUST02866,13/08/2024,WH003,Processing,Net Banking
ORD006232,CUST02578,13-05-2023,WH009,Cancelled,Cash on Delivery
ORD006233,CUST02532,01/19/2023,WH018,delivered,Debit Card
ORD006234,CUST01596,10/11/2022,WH017,Delivered,Cash on Delivery
ORD006235,CUST01197,02/20/2022,WH003,CANCELLED,Debit Card
ORD006236,CUST00702,2023-05-18,WH003,Pending,COD
ORD006237,CUST01361,29-03-2024,WH005,Processing,Debit Card
ORD006238,CUST01143,2024/02/02,WH013,CANCELLED,Net Banking
ORD006239,CUST03387,2022-07-09,WH012,Delivered,Debit Card
ORD006240,CUST00693,03/10/2024,WH005,Processing,cod
ORD006241,CUST00465,2024-02-16,WH018,Delivered,UPI
ORD006242,CUST00571,08/05/2024,WH017,Returned,Credit Card
ORD006243,CUST02417,2022/07/23,WH013,Delivered,UPI
ORD006244,CUST01280,12-05-2024,WH003,Delivered,Cash on Delivery
ORD006245,CUST03862,12/06/2024,WH003,Delivered,Debit Card
ORD006246,CUST02955,18-10-2022,WH012,Delivered,COD
ORD006247,CUST00595,19/01/2022,WH006,Returned,UPI
ORD006248,CUST00979,2022-03-28,WH010,Cancelled,COD
ORD006249,CUST00722,15-04-2023,WH008,Pending,Net Banking
ORD006250,CUST03209,10/19/2022,WH015,delivered,cod
ORD006251,CUST00553,28/02/2024,WH003,SHIPPED,Credit Card
ORD006252,CUST01731,19 Jun 2024,WH001,shipped,Debit Card
ORD006253,CUST01229,06-03-2023,WH016,Shipped,COD
ORD006254,CUST00636,2022-09-18,WH003,Pending,Cash on Delivery
ORD006255,CUST00636,16-08-2024,WH018,Shipped,Net Banking
ORD006256,CUST03364,2024-11-22,WH018,Shipped,cod
ORD006257,CUST01976,10/21/2024,WH002,Delivered,Debit Card
ORD006258,CUST03053,07/02/2024,WH017,Pending,COD
ORD006259,CUST00547,26 Jul 2024,WH013,Processing,Credit Card
ORD006260,CUST00367,09 Aug 2022,WH002,Returned,Net Banking
ORD006261,CUST01805,08/10/2022,WH013,Delivered,Cash on Delivery
ORD006262,CUST01515,09/26/2023,WH013,Delivered,cod
ORD006263,CUST00275,2023/10/10,WH011,Returned,Net Banking
ORD006264,CUST00399,07 Aug 2022,WH005,Cancelled,UPI
ORD006265,CUST01861,2024/12/31,WH008,DELIVERED,UPI
ORD006266,CUST02940,07/03/2023,WH012,Pending,Net Banking
ORD006267,CUST03266,10/02/2023,WH003,pending,Cash on Delivery
ORD006268,CUST00537,08/27/2024,WH003,Delivered,cod
ORD006269,CUST01415,21-08-2024,WH018,Cancelled,Credit Card
ORD006270,CUST00062,19/04/2022,WH015,Returned,Credit Card
ORD006271,CUST01818,07-11-2024,WH009,PROCESSING,cod
ORD006272,CUST02378,2024-07-07,WH014,CANCELLED,Debit Card
ORD006273,CUST01755,09 Jun 2024,WH012,Delivered,cod
ORD006274,CUST03255,2022/11/13,WH017,Returned,COD
ORD006275,CUST00163,2023-02-04,WH004,Processing,cod
ORD006276,CUST03021,2022-06-23,WH016,Cancelled,Debit Card
ORD006277,CUST00190,07-10-2022,WH015,Processing,COD
ORD006278,CUST03048,24-05-2022,WH009,processing,COD
ORD006279,CUST03459,24/05/2022,WH005,Pending,cod
ORD006280,CUST03863,30 May 2023,WH009,RETURNED,COD
ORD006281,CUST01848,15 May 2023,WH002,Shipped,Credit Card
ORD006282,CUST01245,,WH013,Delivered,Credit Card
ORD006283,CUST01732,2023-06-09,WH016,Shipped,COD
ORD006284,CUST01315,28 Nov 2023,WH004,processing,cod
ORD006285,CUST03638,01/10/2023,WH004,PENDING,cod
ORD006286,CUST03012,06/14/2023,WH002,Cancelled,COD
ORD006287,CUST01039,07/15/2023,WH016,Delivered,UPI
ORD006288,CUST01152,2022/03/24,WH006,Pending,Credit Card
ORD006289,CUST03428,03/28/2024,WH010,Shipped,Debit Card
ORD006290,CUST01588,12/30/2023,WH009,Shipped,Debit Card
ORD006291,CUST03869,15/04/2024,WH008,Delivered,UPI
ORD006292,CUST03633,21/12/2022,WH017,Processing,Cash on Delivery
ORD006293,CUST02632,2023/11/07,WH014,Pending,COD
ORD006294,CUST00957,23 Jul 2022,WH013,Pending,Debit Card
ORD006295,CUST03625,14/03/2022,WH017,CANCELLED,cod
ORD006296,CUST00727,07 Nov 2024,WH011,Pending,cod
ORD006297,CUST03927,2024-09-28,WH012,Pending,COD
ORD006298,CUST03421,03/16/2024,WH016,processing,Debit Card
ORD006299,CUST01591,02/25/2023,WH003,processing,Cash on Delivery
ORD006300,CUST01270,2024-12-27,WH005,Delivered,Cash on Delivery
ORD006301,CUST01499,17-07-2023,WH016,Processing,COD
ORD006302,CUST03819,23-03-2022,WH014,Shipped,Cash on Delivery
ORD006303,CUST03806,04/10/2022,WH003,Shipped,COD
ORD006304,CUST00249,21/06/2023,WH008,Pending,Credit Card
ORD006305,CUST01126,19-05-2022,WH003,SHIPPED,UPI
ORD006306,CUST03873,2022/01/20,WH016,CANCELLED,COD
ORD006307,CUST00327,16-02-2023,WH016,Cancelled,Debit Card
ORD006308,CUST00920,15/07/2024,WH005,Pending,COD
ORD006309,CUST03358,25-05-2024,WH015,PROCESSING,Credit Card
ORD006310,CUST01330,03/30/2023,WH002,delivered,COD
ORD006311,CUST03252,09-08-2024,WH007,shipped,Net Banking
ORD006312,CUST02819,2023/02/26,WH001,returned,UPI
ORD006313,CUST03307,12/01/2023,WH016,Processing,COD
ORD006314,CUST01130,2024-04-08,WH017,Processing,UPI
ORD006315,CUST00879,25 Jun 2024,WH014,Returned,Cash on Delivery
ORD006316,CUST03814,2023-01-05,WH010,CANCELLED,UPI
ORD006317,CUST00744,18/10/2022,WH004,Processing,Cash on Delivery
ORD006318,CUST03435,30 May 2023,WH007,Processing,cod
ORD006319,CUST01539,16-06-2024,WH014,Processing,Debit Card
ORD006320,CUST00423,10/03/2024,WH009,Shipped,Cash on Delivery
ORD006321,CUST02786,02 Sep 2023,WH007,SHIPPED,COD
ORD006322,CUST01047,2023/03/20,WH010,shipped,Cash on Delivery
ORD006323,CUST02095,0000-00-00,WH010,Shipped,Net Banking
ORD006324,CUST03429,2023-07-09,WH001,Returned,COD
ORD006325,CUST03065,2024/04/17,WH001,shipped,cod
ORD006326,CUST02369,23 Aug 2024,WH013,RETURNED,Debit Card
ORD006327,CUST00800,12 Jun 2022,WH004,Shipped,Net Banking
ORD006328,CUST02298,22 Feb 2022,WH013,PENDING,Credit Card
ORD006329,CUST01505,03 Oct 2022,WH011,Cancelled,UPI
ORD006330,CUST01784,18/11/2024,WH017,PROCESSING,UPI
ORD006331,CUST00282,15 Apr 2022,WH012,Pending,Cash on Delivery
ORD006332,CUST03083,24-09-2024,WH015,CANCELLED,COD
ORD006333,CUST03590,2022-05-02,WH011,DELIVERED,Credit Card
ORD006334,CUST02974,16/12/2022,WH011,shipped,Debit Card
ORD006335,CUST01698,04/09/2023,WH004,cancelled,cod
ORD006336,CUST00376,07/30/2024,WH004,Pending,UPI
ORD006337,CUST02838,17/01/2022,WH005,Processing,UPI
ORD006338,CUST00884,2023/01/03,WH003,Cancelled,Debit Card
ORD006339,CUST02821,03/19/2022,WH014,Processing,Credit Card
ORD006340,CUST01206,2022/07/17,WH003,Cancelled,Credit Card
ORD006341,CUST02883,14/05/2024,WH017,Delivered,Net Banking
ORD006342,CUST02365,27-06-2023,WH011,Shipped,UPI
ORD006343,CUST03661,12-04-2023,WH009,Pending,Credit Card
ORD006344,CUST02191,29/03/2022,WH004,CANCELLED,Net Banking
ORD006345,CUST03251,23 Aug 2023,WH009,Delivered,UPI
ORD006346,CUST00313,2024/11/17,WH016,Shipped,UPI
ORD006347,CUST00658,19-04-2023,WH006,Cancelled,UPI
ORD006348,CUST01165,12/25/2022,WH008,Shipped,Credit Card
ORD006349,CUST01749,2022-04-26,WH017,PENDING,UPI
ORD006350,CUST00780,,WH018,Cancelled,COD
ORD006351,CUST01209,02 Jan 2024,WH009,Shipped,cod
ORD006352,CUST01838,12/12/2022,WH016,cancelled,COD
ORD006353,CUST03664,23 Nov 2024,WH018,shipped,Net Banking
ORD006354,CUST01943,2023/07/21,WH010,Delivered,Credit Card
ORD006355,CUST03216,0000-00-00,WH014,PROCESSING,Cash on Delivery
ORD006356,CUST00723,2023/03/24,WH008,Returned,UPI
ORD006357,CUST02554,26/03/2024,WH008,Pending,Debit Card
ORD006358,CUST03592,29/06/2022,WH013,CANCELLED,Net Banking
ORD006359,CUST03389,05/15/2024,WH009,Delivered,Cash on Delivery
ORD006360,CUST03221,09/11/2022,WH010,shipped,Debit Card
ORD006361,CUST03682,10-06-2022,WH018,Shipped,Net Banking
ORD006362,CUST02067,23 May 2023,WH013,Processing,cod
ORD006363,CUST01884,2023/11/22,WH016,Shipped,Cash on Delivery
ORD006364,CUST03927,03/10/2022,WH016,Delivered,cod
ORD006365,CUST02954,2022-06-07,WH014,PENDING,COD
ORD006366,CUST01276,05/05/2022,WH013,Returned,Credit Card
ORD006367,CUST00523,09 Dec 2022,WH009,Processing,Cash on Delivery
ORD006368,CUST01817,24-10-2023,WH001,Pending,Net Banking
ORD006369,CUST01565,14-12-2024,WH012,pending,Debit Card
ORD006370,CUST03857,15/06/2022,WH013,Processing,COD
ORD006371,CUST02035,19/11/2024,WH006,Returned,Debit Card
ORD006372,CUST03362,2023-08-12,WH006,Delivered,Debit Card
ORD006373,CUST00881,24-02-2022,WH007,Pending,Cash on Delivery
ORD006374,CUST03974,12/03/2023,WH010,Pending,Net Banking
ORD006375,CUST02400,11/24/2024,WH018,Shipped,Credit Card
ORD006376,CUST02591,22 Dec 2022,WH009,Processing,cod
ORD006377,CUST58464,12/10/2024,WH011,pending,Net Banking
ORD006378,CUST00087,2024-10-23,WH010,Shipped,UPI
ORD006379,CUST02465,29 Dec 2022,WH011,Returned,Cash on Delivery
ORD006380,CUST02025,2022-10-26,WH005,CANCELLED,COD
ORD006381,CUST03322,2024-05-09,WH014,delivered,COD
ORD006382,CUST00002,19-01-2024,WH015,Cancelled,COD
ORD006383,CUST02674,11-12-2022,WH018,cancelled,Cash on Delivery
ORD006384,CUST02044,13 Oct 2022,WH011,cancelled,Net Banking
ORD006385,CUST02792,09/04/2024,WH014,Pending,Net Banking
ORD006386,CUST01163,0000-00-00,WH017,Delivered,Net Banking
ORD006387,CUST00930,20-11-2023,WH005,PROCESSING,UPI
ORD006388,CUST01131,2022/05/18,WH015,Cancelled,COD
ORD006389,CUST02418,05 May 2023,WH014,Delivered,cod
ORD006390,CUST00733,2022-07-10,WH018,Cancelled,Credit Card
ORD006391,CUST03057,22-08-2024,WH005,Cancelled,COD
ORD006392,CUST01537,19-02-2023,WH011,DELIVERED,Debit Card
ORD006393,CUST00647,2023/12/15,WH010,RETURNED,Credit Card
ORD006394,CUST02519,23 Jul 2022,WH010,Processing,Net Banking
ORD006395,CUST03085,2024-07-27,WH009,delivered,COD
ORD006396,CUST00531,,WH009,Returned,UPI
ORD006397,CUST00825,03-06-2022,WH018,PROCESSING,Cash on Delivery
ORD006398,CUST03988,15/01/2024,WH014,Processing,cod
ORD006399,CUST00656,2024-01-30,WH016,Pending,COD
ORD006400,CUST03035,2024/02/21,WH005,pending,Cash on Delivery
ORD006401,CUST01546,01-03-2023,WH003,Pending,cod
ORD006402,CUST02718,2024/03/29,WH008,Delivered,UPI
ORD006403,CUST03709,31/08/2023,WH004,Delivered,cod
ORD006404,CUST01246,22 Feb 2023,WH006,Pending,Cash on Delivery
ORD006405,CUST01768,08/17/2024,WH007,processing,cod
ORD006406,CUST03881,2023-11-29,WH008,Delivered,Credit Card
ORD006407,CUST02179,2024/04/10,WH001,Cancelled,UPI
ORD006408,CUST01024,05/01/2023,WH006,PENDING,UPI
ORD006409,CUST03900,25 Sep 2023,WH006,Processing,COD
ORD006410,CUST03763,2023/03/25,WH014,shipped,Net Banking
ORD006411,CUST03466,08-06-2022,WH006,DELIVERED,cod
ORD006412,CUST00267,2024/10/03,WH018,cancelled,UPI
ORD006413,CUST03030,2024/08/13,WH011,Pending,Debit Card
ORD006414,CUST03522,2023/02/06,WH015,RETURNED,Debit Card
ORD006415,CUST00509,15/07/2024,WH014,RETURNED,Cash on Delivery
ORD006416,CUST03453,10-12-2022,WH012,Shipped,UPI
ORD006417,CUST03370,2022/02/26,WH003,delivered,Debit Card
ORD006418,CUST03435,2022-12-24,WH003,Shipped,UPI
ORD006419,CUST03539,2022/04/17,WH006,Cancelled,cod
ORD006420,CUST01712,03 Mar 2022,WH018,Pending,Net Banking
ORD006421,CUST00137,05-05-2022,WH005,PENDING,Cash on Delivery
ORD006422,CUST01341,25-02-2023,WH003,Cancelled,UPI
ORD006423,CUST04000,21 Dec 2022,WH003,Cancelled,COD
ORD006424,CUST03440,2024-01-03,WH007,Shipped,cod
ORD006425,CUST01496,,WH016,Delivered,Net Banking
ORD006426,CUST00057,03/20/2024,WH006,Cancelled,Debit Card
ORD006427,CUST00001,14-04-2022,WH014,Processing,Credit Card
ORD006428,CUST03979,09/09/2024,WH011,Processing,Credit Card
ORD006429,CUST00154,2024/08/04,WH009,Returned,cod
ORD006430,CUST03716,07-11-2024,WH005,Processing,COD
ORD006431,CUST00783,2022/01/21,WH006,Delivered,COD
ORD006432,CUST02388,2024/06/01,WH014,Pending,Net Banking
ORD006433,CUST01106,06/12/2023,WH008,Returned,COD
ORD006434,CUST00172,10/06/2024,WH008,RETURNED,cod
ORD006435,CUST02056,02 Mar 2024,WH003,returned,UPI
ORD006436,CUST02413,2022-04-03,WH016,Returned,Debit Card
ORD006437,CUST03335,2023/01/31,WH008,processing,Net Banking
ORD006438,CUST00885,28-02-2023,WH017,RETURNED,Cash on Delivery
ORD006439,CUST02337,2022-07-22,WH013,Delivered,Cash on Delivery
ORD006440,CUST03333,2024-04-02,WH012,Processing,Debit Card
ORD006441,CUST02877,20 Nov 2023,WH016,Cancelled,Net Banking
ORD006442,CUST00136,10/04/2022,WH001,Cancelled,Debit Card
ORD006443,CUST00100,14-09-2023,WH002,Delivered,COD
ORD006444,CUST01559,09 Sep 2023,WH005,Cancelled,UPI
ORD006445,CUST01696,2024-02-27,WH014,Delivered,Net Banking
ORD006446,CUST02338,2023-12-11,WH006,Returned,Cash on Delivery
ORD006447,CUST00867,2024-06-26,WH018,Pending,Debit Card
ORD006448,CUST01323,2024/12/19,WH015,Returned,Net Banking
ORD006449,CUST00178,29-09-2023,WH004,shipped,COD
ORD006450,CUST01407,08/19/2024,WH014,Delivered,Net Banking
ORD006451,CUST03709,2022/12/30,WH007,Cancelled,UPI
ORD006452,CUST01946,2023-10-08,WH017,Returned,Net Banking
ORD006453,CUST02472,2023/04/21,WH006,Delivered,cod
ORD006454,CUST02003,10/20/2023,WH012,Returned,Net Banking
ORD006455,CUST00055,2024/07/03,WH006,Pending,COD
ORD006456,CUST00293,2023-02-21,WH014,Shipped,cod
ORD006457,CUST02920,30 Apr 2024,WH017,Pending,Cash on Delivery
ORD006458,CUST03056,03/07/2023,WH008,Cancelled,UPI
ORD006459,CUST00445,14 Jun 2022,WH001,Pending,UPI
ORD006460,CUST00281,2023/03/31,WH017,Pending,cod
ORD006461,CUST03613,06/10/2023,WH014,DELIVERED,COD
ORD006462,CUST01387,2022-01-26,WH006,Processing,Debit Card
ORD006463,CUST02378,08-08-2023,WH017,Delivered,Net Banking
ORD006464,CUST03963,14 Oct 2024,WH003,Cancelled,cod
ORD006465,CUST02577,2023/07/12,WH007,returned,cod
ORD006466,CUST03281,04-09-2024,WH005,processing,Debit Card
ORD006467,CUST03649,2023-07-04,WH005,SHIPPED,Cash on Delivery
ORD006468,CUST02243,2024/11/01,WH012,Shipped,Net Banking
ORD006469,CUST01002,10 Nov 2022,WH010,Shipped,Cash on Delivery
ORD006470,CUST00303,08 Mar 2022,WH008,Shipped,UPI
ORD006471,CUST00583,19/11/2024,WH009,SHIPPED,Net Banking
ORD006472,CUST01074,11 Feb 2024,WH005,Delivered,Debit Card
ORD006473,CUST02231,30 May 2024,WH013,Processing,Cash on Delivery
ORD006474,CUST00775,05-04-2022,WH006,CANCELLED,COD
ORD006475,CUST01890,10/10/2024,WH007,delivered,UPI
ORD006476,CUST02312,2022/09/12,WH014,DELIVERED,Cash on Delivery
ORD006477,CUST02157,28 Jan 2023,WH008,cancelled,COD
ORD006478,CUST00093,04 Apr 2022,WH009,Shipped,Credit Card
ORD006479,CUST02490,,WH002,Pending,Credit Card
ORD006480,CUST02607,2024-08-29,WH012,Returned,Net Banking
ORD006481,CUST01417,09/09/2024,WH003,Cancelled,Net Banking
ORD006482,CUST00846,2024/05/20,WH007,Pending,Net Banking
ORD006483,CUST03687,06/04/2024,WH011,delivered,COD
ORD006484,CUST00476,08/06/2023,WH001,Cancelled,Debit Card
ORD006485,CUST03319,2022-02-18,WH018,Shipped,UPI
ORD006486,CUST00397,2023/04/19,WH012,Shipped,Debit Card
ORD006487,CUST01205,2022/08/17,WH008,PENDING,Cash on Delivery
ORD006488,CUST02664,08 Sep 2024,WH009,delivered,Credit Card
ORD006489,CUST02141,22/08/2024,WH008,Returned,Debit Card
ORD006490,CUST01317,,WH001,RETURNED,cod
ORD006491,CUST01890,27 Aug 2023,WH016,Delivered,COD
ORD006492,CUST00131,25-01-2023,WH010,RETURNED,Credit Card
ORD006493,CUST01726,18 Feb 2023,WH015,DELIVERED,Net Banking
ORD006494,CUST02585,23-09-2023,WH009,PROCESSING,UPI
ORD006495,CUST00813,2022-10-15,WH017,Returned,UPI
ORD006496,CUST03058,23-04-2024,WH012,Pending,COD
ORD006497,CUST02084,28-07-2024,WH001,Pending,Cash on Delivery
ORD006498,CUST01938,2023-01-02,WH016,PENDING,cod
ORD006499,CUST00305,2023-01-15,WH016,Cancelled,Credit Card
ORD006500,CUST01493,28-07-2022,WH010,CANCELLED,cod
ORD006501,CUST02749,2022/06/11,WH018,Cancelled,COD
ORD006502,CUST01625,2022/08/03,WH005,DELIVERED,Cash on Delivery
ORD006503,CUST00678,2024-04-17,WH010,Shipped,Cash on Delivery
ORD006504,CUST02904,2022-04-12,WH017,Cancelled,COD
ORD006505,CUST02040,2024-10-25,WH011,Processing,UPI
ORD006506,CUST01870,23/06/2024,WH011,Returned,Debit Card
ORD006507,CUST02683,11/29/2024,WH005,cancelled,Net Banking
ORD006508,CUST03908,10 Nov 2024,WH008,Delivered,Net Banking
ORD006509,CUST03500,2024/09/14,WH009,Returned,UPI
ORD006510,CUST02750,2024/01/16,WH012,Cancelled,cod
ORD006511,CUST01460,03-08-2023,WH007,Delivered,UPI
ORD006512,CUST02933,08/22/2024,WH008,shipped,cod
ORD006513,CUST02142,20/10/2022,WH003,Delivered,Credit Card
ORD006514,CUST00384,22/02/2023,WH010,Processing,UPI
ORD006515,CUST00991,11-10-2024,WH007,Delivered,UPI
ORD006516,CUST00978,2022/05/24,WH008,Processing,Credit Card
ORD006517,CUST03013,04-01-2023,WH014,PENDING,Debit Card
ORD006518,CUST00208,2022-01-25,WH013,CANCELLED,Debit Card
ORD006519,CUST02256,0000-00-00,WH003,Pending,cod
ORD006520,CUST01248,18 Aug 2024,WH001,PENDING,Debit Card
ORD006521,CUST00724,23/12/2023,WH006,Pending,Credit Card
ORD006522,CUST02169,27/04/2024,WH006,RETURNED,Cash on Delivery
ORD006523,CUST00267,,WH007,Returned,Debit Card
ORD006524,CUST02084,08/23/2022,WH009,Shipped,Credit Card
ORD006525,CUST00279,20 Aug 2023,WH009,delivered,UPI
ORD006526,CUST00466,04/04/2024,WH018,cancelled,Net Banking
ORD006527,CUST01510,20/04/2022,WH018,Processing,Net Banking
ORD006528,CUST01279,28-11-2024,WH016,Delivered,COD
ORD006529,CUST01516,20 Sep 2024,WH013,Pending,Debit Card
ORD006530,CUST01776,24-08-2024,WH005,cancelled,cod
ORD006531,CUST02790,2024-12-05,WH013,Returned,Debit Card
ORD006532,CUST02972,2022/02/05,WH013,CANCELLED,Debit Card
ORD006533,CUST00340,08/14/2022,WH007,Pending,Debit Card
ORD006534,CUST02313,08-06-2023,WH017,SHIPPED,Credit Card
ORD006535,CUST02157,2024/06/19,WH001,Processing,UPI
ORD006536,CUST01536,2024/05/20,WH013,Shipped,Debit Card
ORD006537,CUST01770,02-09-2022,WH007,Delivered,cod
ORD006538,CUST03162,28/11/2023,WH014,Delivered,cod
ORD006539,CUST02266,29-05-2022,WH011,RETURNED,COD
ORD006540,CUST03410,2024/12/14,WH002,pending,cod
ORD006541,CUST01393,08 Sep 2023,WH015,RETURNED,cod
ORD006542,CUST02468,2022-10-13,WH016,Delivered,Debit Card
ORD006543,CUST02687,11 May 2024,WH015,Pending,Cash on Delivery
ORD006544,CUST00487,09 May 2024,WH016,Processing,cod
ORD006545,CUST00628,11/18/2022,WH016,Pending,Credit Card
ORD006546,CUST02149,04/03/2024,WH018,Cancelled,cod
ORD006547,CUST02068,2022-10-31,WH017,Delivered,Cash on Delivery
ORD006548,CUST02886,29/12/2022,WH013,Returned,Debit Card
ORD006549,CUST00931,2023/09/02,WH003,Delivered,Cash on Delivery
ORD006550,CUST02747,10/03/2024,WH015,Processing,UPI
ORD006551,CUST03568,,WH017,Shipped,cod
ORD006552,CUST02425,2024/01/06,WH008,Shipped,Cash on Delivery
ORD006553,CUST03899,16/06/2022,WH016,pending,cod
ORD006554,CUST02003,30 Oct 2024,WH008,Delivered,COD
ORD006555,CUST01114,09 May 2022,WH006,CANCELLED,Net Banking
ORD006556,CUST01305,16 Dec 2023,WH006,Delivered,Cash on Delivery
ORD006557,CUST02591,2022-04-23,WH006,CANCELLED,Cash on Delivery
ORD006558,CUST03147,18-10-2022,WH011,Delivered,Credit Card
ORD006559,CUST00107,09/07/2022,WH017,Returned,Credit Card
ORD006560,CUST00425,10/05/2023,WH018,RETURNED,cod
ORD006561,CUST03605,09/06/2023,WH012,Processing,Credit Card
ORD006562,CUST01283,07/04/2022,WH015,cancelled,UPI
ORD006563,CUST02474,08 Jul 2024,WH008,Pending,Net Banking
ORD006564,CUST01883,28/10/2024,WH015,Processing,Net Banking
ORD006565,CUST00086,14 Oct 2024,WH003,Pending,Cash on Delivery
ORD006566,CUST03541,2023-06-26,WH016,Cancelled,cod
ORD006567,CUST00376,15/04/2023,WH007,Processing,Cash on Delivery
ORD006568,CUST01661,02 Jan 2024,WH011,Shipped,cod
ORD006569,CUST01336,30/11/2024,WH016,returned,Net Banking
ORD006570,CUST03363,02/20/2023,WH012,Shipped,UPI
ORD006571,CUST01975,2022-07-06,WH011,Delivered,COD
ORD006572,CUST01438,07/15/2022,WH009,pending,COD
ORD006573,CUST00745,23 Jan 2023,WH003,CANCELLED,cod
ORD006574,CUST00855,01/11/2024,WH003,delivered,Net Banking
ORD006575,CUST03326,2022-05-30,WH004,Cancelled,Cash on Delivery
ORD006576,CUST00140,30/09/2022,WH016,Pending,COD
ORD006577,CUST00513,10 Jan 2024,WH002,Shipped,COD
ORD006578,CUST00761,2024/11/15,WH003,Shipped,Net Banking
ORD006579,CUST00821,15 Sep 2024,WH002,Processing,Credit Card
ORD006580,CUST01902,09 Dec 2022,WH008,Delivered,COD
ORD006581,CUST02989,17 Feb 2022,WH015,Delivered,UPI
ORD006582,CUST01745,,WH018,Processing,COD
ORD006583,CUST02785,08-04-2023,WH007,Shipped,Credit Card
ORD006584,CUST01756,2022-08-18,WH010,Shipped,COD
ORD006585,CUST01958,2023/07/05,WH018,Pending,Cash on Delivery
ORD006586,CUST01356,13/11/2024,WH001,CANCELLED,Credit Card
ORD006587,CUST01531,2024/06/26,WH009,Processing,cod
ORD006588,CUST01392,27 Sep 2022,WH001,Cancelled,cod
ORD006589,CUST00203,2022/11/04,WH015,CANCELLED,COD
ORD006590,CUST02320,08 May 2022,WH008,CANCELLED,Net Banking
ORD006591,CUST01943,2024-03-05,WH009,Processing,Cash on Delivery
ORD006592,CUST01739,2024/01/19,WH014,delivered,COD
ORD006593,CUST03614,06/23/2023,WH013,Shipped,Net Banking
ORD006594,CUST03534,2023-03-21,WH004,Delivered,Debit Card
ORD006595,CUST02643,2024-07-30,WH012,Shipped,COD
ORD006596,CUST01229,18/07/2024,WH002,shipped,Debit Card
ORD006597,CUST02784,12/02/2024,WH016,Pending,cod
ORD006598,CUST02771,12 Feb 2024,WH009,CANCELLED,Net Banking
ORD006599,CUST01718,14-09-2023,WH003,Processing,Credit Card
ORD006600,CUST02755,25-05-2023,WH012,Returned,Cash on Delivery
ORD006601,CUST00058,02-02-2024,WH009,Delivered,UPI
ORD006602,CUST02345,2023-01-14,WH001,Cancelled,Net Banking
ORD006603,CUST02749,2022/10/23,WH013,Cancelled,UPI
ORD006604,CUST03160,06 Mar 2024,WH008,pending,Credit Card
ORD006605,CUST03847,2023/12/06,WH017,PENDING,Credit Card
ORD006606,CUST02988,31-05-2023,WH007,pending,cod
ORD006607,CUST03960,0000-00-00,WH012,SHIPPED,COD
ORD006608,CUST01595,02-09-2024,WH005,Processing,Cash on Delivery
ORD006609,CUST03324,04/03/2022,WH002,Returned,UPI
ORD006610,CUST02440,06 Aug 2022,WH018,shipped,Credit Card
ORD006611,CUST02185,07/11/2023,WH009,Cancelled,UPI
ORD006612,CUST01437,14/06/2024,WH011,cancelled,cod
ORD006613,CUST01294,28-03-2022,WH003,Returned,UPI
ORD006614,CUST01965,03/05/2024,WH007,Cancelled,Cash on Delivery
ORD006615,CUST00834,2022-11-26,WH015,Returned,UPI
ORD006616,CUST01994,03/01/2022,WH001,Returned,Debit Card
ORD006617,CUST01507,08/18/2023,WH012,Shipped,Cash on Delivery
ORD006618,CUST02546,08-01-2024,WH018,Returned,Debit Card
ORD006619,CUST03885,03/13/2024,WH003,Returned,UPI
ORD006620,CUST01931,16-07-2022,WH010,CANCELLED,cod
ORD006621,CUST02934,2022-05-21,WH012,DELIVERED,Net Banking
ORD006622,CUST03387,26/04/2022,WH018,Returned,Debit Card
ORD006623,CUST02022,2022/06/19,WH004,Cancelled,Debit Card
ORD006624,CUST03618,14-01-2023,WH008,Returned,COD
ORD006625,CUST00027,2023/07/13,WH013,DELIVERED,Cash on Delivery
ORD006626,CUST02922,2022/05/03,WH012,Shipped,cod
ORD006627,CUST01814,15/07/2023,WH006,Delivered,cod
ORD006628,CUST02369,07/18/2024,WH006,Delivered,cod
ORD006629,CUST00690,27/12/2024,WH004,Shipped,UPI
ORD006630,CUST02684,2024-04-19,WH007,Delivered,COD
ORD006631,CUST00591,10-11-2024,WH008,Returned,UPI
ORD006632,CUST01564,09/12/2024,WH011,processing,Credit Card
ORD006633,CUST01022,2023-09-22,WH011,Cancelled,UPI
ORD006634,CUST02470,2024/03/12,WH011,returned,UPI
ORD006635,CUST03965,07/14/2022,WH006,PROCESSING,Net Banking
ORD006636,CUST03016,09 Mar 2023,WH015,Pending,Credit Card
ORD006637,CUST02660,2023-11-15,WH015,Cancelled,cod
ORD006638,CUST00019,2023-10-15,WH010,Delivered,Cash on Delivery
ORD006639,CUST02046,2022/05/28,WH018,Shipped,COD
ORD006640,CUST03779,2023-07-27,WH012,processing,Debit Card
ORD006641,CUST01702,02-05-2024,WH006,CANCELLED,Debit Card
ORD006642,CUST00553,26/07/2024,WH017,PROCESSING,Debit Card
ORD006643,CUST03123,2022-07-14,WH003,Delivered,Net Banking
ORD006644,CUST02067,2022-11-03,WH015,pending,Net Banking
ORD006645,CUST03535,30-10-2024,WH017,CANCELLED,UPI
ORD006646,CUST03078,01/22/2023,WH014,Cancelled,UPI
ORD006647,CUST02886,02/16/2023,WH004,cancelled,Debit Card
ORD006648,CUST00467,2024-06-15,WH017,Processing,cod
ORD006649,CUST01641,19-11-2023,WH012,cancelled,cod
ORD006650,CUST00267,17/04/2023,WH005,SHIPPED,Net Banking
ORD006651,CUST03400,11/05/2022,WH010,Delivered,COD
ORD006652,CUST01871,2023/06/25,WH016,CANCELLED,Debit Card
ORD006653,CUST03227,18 Dec 2022,WH011,DELIVERED,COD
ORD006654,CUST02422,2024/07/07,WH014,Returned,Cash on Delivery
ORD006655,CUST02226,05 Sep 2023,WH008,Delivered,Debit Card
ORD006656,CUST00391,2024/08/27,WH015,DELIVERED,UPI
ORD006657,CUST02434,03 Jul 2022,WH003,Delivered,Credit Card
ORD006658,CUST02510,10 Jun 2023,WH006,Shipped,COD
ORD006659,CUST01683,22/08/2024,WH004,Processing,Debit Card
ORD006660,CUST02668,13 Feb 2024,WH015,Cancelled,Credit Card
ORD006661,CUST00421,05/15/2022,WH001,Cancelled,Debit Card
ORD006662,CUST01105,2022/05/24,WH006,Processing,UPI
ORD006663,CUST02557,17 Dec 2022,WH017,Cancelled,Debit Card
ORD006664,CUST01627,2022-09-29,WH008,Returned,Cash on Delivery
ORD006665,CUST00273,18-08-2022,WH010,returned,cod
ORD006666,CUST00627,2024/11/28,WH003,DELIVERED,Cash on Delivery
ORD006667,CUST02753,2024-11-16,WH010,CANCELLED,Debit Card
ORD006668,CUST02709,26/12/2023,WH003,Pending,Net Banking
ORD006669,CUST01555,15-05-2024,WH017,Pending,Cash on Delivery
ORD006670,CUST00647,03/11/2024,WH018,Returned,UPI
ORD006671,CUST00904,07-01-2023,WH006,Processing,Debit Card
ORD006672,CUST01094,24/12/2024,WH017,Delivered,Credit Card
ORD006673,CUST00011,16 Aug 2023,WH016,Returned,Cash on Delivery
ORD006674,CUST01563,2023/09/21,WH012,cancelled,Cash on Delivery
ORD006675,CUST03139,16 Feb 2022,WH004,pending,UPI
ORD006676,CUST00618,11/12/2022,WH002,delivered,COD
ORD006677,CUST02081,12-10-2024,WH002,Pending,cod
ORD006678,CUST02697,03/09/2022,WH013,Cancelled,Debit Card
ORD006679,CUST02887,25/06/2022,WH018,Delivered,COD
ORD006680,CUST02118,06/28/2023,WH004,Returned,cod
ORD006681,CUST00140,2023-02-27,WH011,Returned,COD
ORD006682,CUST00537,24 Nov 2024,WH001,Returned,UPI
ORD006683,CUST03693,21-03-2024,WH017,Cancelled,UPI
ORD006684,CUST02954,2022/10/30,WH008,Shipped,cod
ORD006685,CUST03813,2024-05-04,WH010,Processing,Debit Card
ORD006686,CUST00387,06/05/2024,WH013,cancelled,Net Banking
ORD006687,CUST00944,30 Sep 2024,WH005,Cancelled,COD
ORD006688,CUST02331,09/04/2023,WH016,Shipped,cod
ORD006689,CUST02814,21/02/2024,WH011,Pending,COD
ORD006690,CUST02013,09-04-2024,WH003,Returned,Debit Card
ORD006691,CUST00726,07-03-2022,WH017,Returned,cod
ORD006692,CUST03035,09-12-2023,WH012,delivered,Cash on Delivery
ORD006693,CUST03327,2023-05-15,WH014,Delivered,UPI
ORD006694,CUST03558,2023-09-14,WH006,Pending,Credit Card
ORD006695,CUST03032,16-04-2023,WH006,Pending,UPI
ORD006696,CUST00868,19-12-2022,WH006,Returned,Net Banking
ORD006697,CUST01364,04-09-2023,WH017,Processing,Credit Card
ORD006698,CUST01718,21/06/2022,WH010,CANCELLED,Net Banking
ORD006699,CUST02228,2023-12-27,WH013,returned,Net Banking
ORD006700,CUST02675,10 Sep 2022,WH010,Shipped,Cash on Delivery
ORD006701,CUST03934,03/17/2023,WH011,cancelled,Net Banking
ORD006702,CUST00834,2024/09/05,WH003,Processing,Credit Card
ORD006703,CUST02997,12/02/2022,WH016,SHIPPED,cod
ORD006704,CUST00811,2024-12-06,WH018,PENDING,Net Banking
ORD006705,CUST00271,2022-11-20,WH018,Shipped,cod
ORD006706,CUST02784,28/10/2023,WH014,Processing,COD
ORD006707,CUST00775,30/06/2024,WH001,Cancelled,Debit Card
ORD006708,CUST00190,11/06/2023,WH002,Processing,Credit Card
ORD006709,CUST02605,02/21/2022,WH010,RETURNED,Credit Card
ORD006710,CUST01248,05/12/2022,WH017,pending,Cash on Delivery
ORD006711,CUST01811,09/10/2024,WH005,Returned,Cash on Delivery
ORD006712,CUST00979,16/04/2022,WH004,Delivered,Net Banking
ORD006713,CUST01094,11 Dec 2023,WH002,Shipped,UPI
ORD006714,CUST01974,2022/01/06,WH017,Processing,Cash on Delivery
ORD006715,CUST01812,2023/07/02,WH014,PROCESSING,COD
ORD006716,CUST03784,04/10/2024,WH012,Shipped,Debit Card
ORD006717,CUST02015,09 Jun 2023,WH004,shipped,Cash on Delivery
ORD006718,CUST03362,2023/03/26,WH007,Shipped,Cash on Delivery
ORD006719,CUST00512,,WH001,Processing,Cash on Delivery
ORD006720,CUST02644,2022/01/08,WH002,Processing,Net Banking
ORD006721,CUST01665,16-02-2022,WH016,Shipped,cod
ORD006722,CUST03286,10/07/2023,WH001,Cancelled,cod
ORD006723,CUST00435,10/10/2024,WH007,Shipped,Debit Card
ORD006724,CUST02852,2023-09-28,WH017,Processing,Credit Card
ORD006725,CUST00049,18/04/2023,WH008,Shipped,Cash on Delivery
ORD006726,CUST00626,2024-11-20,WH004,RETURNED,Credit Card
ORD006727,CUST02485,09 Dec 2023,WH002,Returned,cod
ORD006728,CUST01482,31/10/2023,WH004,Cancelled,Debit Card
ORD006729,CUST01511,23 Mar 2023,WH004,Delivered,Credit Card
ORD006730,CUST00862,2023-08-12,WH001,Shipped,Cash on Delivery
ORD006731,CUST01808,02/17/2023,WH014,SHIPPED,COD
ORD006732,CUST02355,11/18/2023,WH004,Cancelled,COD
ORD006733,CUST00354,11 Feb 2023,WH007,Cancelled,Net Banking
ORD006734,CUST02752,2023-08-07,WH007,Processing,Credit Card
ORD006735,CUST03695,2024-05-21,WH005,processing,UPI
ORD006736,CUST02635,15-07-2022,WH016,Pending,Cash on Delivery
ORD006737,CUST02586,0000-00-00,WH016,SHIPPED,COD
ORD006738,CUST01107,2022-01-26,WH001,Returned,Cash on Delivery
ORD006739,CUST03347,2024-06-04,WH012,Cancelled,COD
ORD006740,CUST00448,12 Feb 2024,WH004,Delivered,UPI
ORD006741,CUST03594,2024-12-17,WH001,Shipped,UPI
ORD006742,CUST01323,29 Aug 2022,WH009,Cancelled,Net Banking
ORD006743,CUST01680,12/12/2023,WH006,Processing,Debit Card
ORD006744,CUST00644,09/02/2022,WH013,Pending,cod
ORD006745,CUST03921,0000-00-00,WH007,Processing,cod
ORD006746,CUST03663,28-12-2022,WH007,processing,cod
ORD006747,CUST03350,01/12/2024,WH003,returned,Net Banking
ORD006748,CUST02725,31 Mar 2022,WH008,Processing,cod
ORD006749,CUST00808,13 Nov 2023,WH010,PENDING,UPI
ORD006750,CUST00234,2024/07/17,WH018,Processing,Cash on Delivery
ORD006751,CUST02800,04 Feb 2024,WH012,Shipped,Debit Card
ORD006752,CUST02819,2024-02-20,WH013,RETURNED,COD
ORD006753,CUST01347,13/06/2024,WH001,Processing,cod
ORD006754,CUST01518,2024/03/26,WH011,Processing,cod
ORD006755,CUST01575,07/08/2024,WH017,cancelled,Cash on Delivery
ORD006756,CUST02403,31 Dec 2022,WH002,Returned,Net Banking
ORD006757,CUST00237,23/01/2023,WH010,returned,Debit Card
ORD006758,CUST03709,05/23/2024,WH009,Delivered,Cash on Delivery
ORD006759,CUST03307,20/06/2024,WH007,processing,cod
ORD006760,CUST02003,2022-01-19,WH001,PROCESSING,Cash on Delivery
ORD006761,CUST02613,09 Jul 2023,WH018,Pending,COD
ORD006762,CUST03184,2024/03/18,WH015,returned,cod
ORD006763,CUST03153,10-11-2022,WH014,Processing,Cash on Delivery
ORD006764,CUST00183,07-08-2023,WH006,Delivered,UPI
ORD006765,CUST03766,2022/07/29,WH009,Returned,cod
ORD006766,CUST02252,0000-00-00,WH008,Processing,Debit Card
ORD006767,CUST02235,2024-11-25,WH016,Shipped,cod
ORD006768,CUST00391,27/05/2023,WH012,Pending,UPI
ORD006769,CUST00522,18-05-2024,WH016,shipped,Net Banking
ORD006770,CUST01315,01/20/2023,WH006,Processing,Credit Card
ORD006771,CUST00304,17 Dec 2024,WH009,Cancelled,COD
ORD006772,CUST02407,20 Feb 2023,WH018,Shipped,cod
ORD006773,CUST00683,2022/10/03,WH013,Shipped,Debit Card
ORD006774,CUST00641,2024-02-10,WH011,processing,Cash on Delivery
ORD006775,CUST03413,2022-11-12,WH009,Pending,UPI
ORD006776,CUST01568,09/20/2023,WH009,pending,COD
ORD006777,CUST01658,15-06-2023,WH003,Processing,UPI
ORD006778,CUST00787,05/05/2024,WH008,Cancelled,cod
ORD006779,CUST00985,2022/01/27,WH011,Cancelled,UPI
ORD006780,CUST03434,01-01-2023,WH007,pending,Debit Card
ORD006781,CUST02678,,WH007,Cancelled,Credit Card
ORD006782,CUST00341,14 Mar 2024,WH003,Delivered,Debit Card
ORD006783,CUST01367,2024-02-11,WH015,Returned,COD
ORD006784,CUST01912,2022/06/07,WH015,shipped,Debit Card
ORD006785,CUST01502,25-11-2024,WH016,PROCESSING,Debit Card
ORD006786,CUST00469,23/01/2023,WH004,Returned,UPI
ORD006787,CUST03731,31 Jul 2023,WH005,PROCESSING,cod
ORD006788,CUST01552,08/15/2024,WH003,delivered,COD
ORD006789,CUST01915,2024-11-16,WH004,Processing,Debit Card
ORD006790,CUST00303,20 May 2022,WH017,PROCESSING,Net Banking
ORD006791,CUST03733,03 Jan 2024,WH007,Delivered,Net Banking
ORD006792,CUST00926,12 Jun 2024,WH011,Pending,Cash on Delivery
ORD006793,CUST01553,2022-11-08,WH004,returned,Credit Card
ORD006794,CUST01202,06/14/2024,WH008,Pending,Net Banking
ORD006795,CUST00727,12 Mar 2023,WH005,RETURNED,Debit Card
ORD006796,CUST02231,01/06/2023,WH009,Shipped,Credit Card
ORD006797,CUST02999,04/05/2022,WH017,Cancelled,Debit Card
ORD006798,CUST03217,02/06/2023,WH003,Pending,Credit Card
ORD006799,CUST03546,26 Oct 2022,WH015,returned,UPI
ORD006800,CUST03052,2023/12/24,WH010,Processing,Debit Card
ORD006801,CUST02525,31 Dec 2022,WH005,Cancelled,Net Banking
ORD006802,CUST01182,22 Oct 2022,WH012,Returned,UPI
ORD006803,CUST00663,02 Nov 2023,WH012,Delivered,COD
ORD006804,CUST00625,06 Dec 2022,WH010,Pending,COD
ORD006805,CUST00581,05/11/2024,WH006,Processing,Net Banking
ORD006806,CUST01364,2022/11/30,WH009,DELIVERED,Debit Card
ORD006807,CUST03857,02/04/2024,WH013,CANCELLED,Net Banking
ORD006808,CUST03085,25-03-2024,WH007,Pending,Net Banking
ORD006809,CUST02874,,WH017,processing,Debit Card
ORD006810,CUST01046,2023/09/27,WH010,Shipped,Debit Card
ORD006811,CUST03765,2022-09-14,WH010,Processing,Credit Card
ORD006812,CUST02044,19/10/2022,WH005,shipped,COD
ORD006813,CUST00062,2023-10-18,WH018,Delivered,Cash on Delivery
ORD006814,CUST01208,01/09/2024,WH018,Delivered,Debit Card
ORD006815,CUST02228,20-10-2022,WH010,Returned,Net Banking
ORD006816,CUST01890,07/28/2023,WH006,Delivered,Credit Card
ORD006817,CUST02359,20-03-2022,WH002,Cancelled,UPI
ORD006818,CUST01620,01/28/2024,WH006,Returned,Cash on Delivery
ORD006819,CUST02824,14/07/2022,WH001,DELIVERED,Net Banking
ORD006820,CUST03163,2022-01-28,WH007,Processing,cod
ORD006821,CUST01876,21 Mar 2023,WH012,Cancelled,Credit Card
ORD006822,CUST01349,31-05-2023,WH011,RETURNED,Debit Card
ORD006823,CUST03355,03/29/2023,WH008,Delivered,Cash on Delivery
ORD006824,CUST00038,21/04/2024,WH015,returned,Debit Card
ORD006825,CUST01837,05/21/2024,WH015,Processing,cod
ORD006826,CUST02502,2024-06-03,WH018,Cancelled,Credit Card
ORD006827,CUST00008,2024-09-23,WH016,Processing,Debit Card
ORD006828,CUST01821,31 Jan 2024,WH005,CANCELLED,Credit Card
ORD006829,CUST00210,02/28/2024,WH005,Returned,Debit Card
ORD006830,CUST00444,22/09/2022,WH009,Shipped,Credit Card
ORD006831,CUST00404,25-10-2022,WH005,Pending,Debit Card
ORD006832,CUST02928,08 Apr 2024,WH001,Processing,COD
ORD006833,CUST03864,2023-06-20,WH004,Cancelled,COD
ORD006834,CUST02743,2022/02/01,WH018,Processing,Debit Card
ORD006835,CUST03934,21-05-2023,WH003,RETURNED,UPI
ORD006836,CUST03742,26/07/2022,WH002,Cancelled,Cash on Delivery
ORD006837,CUST01389,07/13/2024,WH004,Pending,Cash on Delivery
ORD006838,CUST01499,2022-04-03,WH009,Shipped,Credit Card
ORD006839,CUST02330,06/13/2024,WH011,Returned,Credit Card
ORD006840,CUST01113,2024/10/04,WH013,Delivered,Debit Card
ORD006841,CUST02956,2024-06-05,WH015,Shipped,cod
ORD006842,CUST01966,2024/04/13,WH002,pending,Credit Card
ORD006843,CUST00345,09-12-2022,WH017,PROCESSING,Net Banking
ORD006844,CUST01054,2022/12/27,WH011,Returned,Credit Card
ORD006845,CUST01271,05-05-2024,WH013,Cancelled,Net Banking
ORD006846,CUST02421,11/26/2024,WH001,Shipped,Credit Card
ORD006847,CUST03613,07/25/2022,WH003,Cancelled,cod
ORD006848,CUST03287,02 Sep 2023,WH017,Pending,Debit Card
ORD006849,CUST03352,0000-00-00,WH011,Processing,Cash on Delivery
ORD006850,CUST03100,27 Jul 2022,WH011,PROCESSING,Net Banking
ORD006851,CUST00795,14/12/2024,WH001,Processing,Net Banking
ORD006852,CUST03874,15-02-2022,WH009,Delivered,UPI
ORD006853,CUST02811,03/20/2024,WH006,Returned,Cash on Delivery
ORD006854,CUST01626,2023/12/07,WH007,Processing,cod
ORD006855,CUST03411,24-10-2024,WH013,delivered,Credit Card
ORD006856,CUST00680,27 Jun 2024,WH002,Delivered,Credit Card
ORD006857,CUST01852,02/24/2022,WH015,DELIVERED,Cash on Delivery
ORD006858,CUST01133,20/06/2023,WH008,Cancelled,UPI
ORD006859,CUST00892,04/12/2024,WH004,Returned,Net Banking
ORD006860,CUST00509,2023/09/01,WH008,Returned,cod
ORD006861,CUST00173,2022-04-09,WH010,delivered,UPI
ORD006862,CUST00209,12/07/2022,WH009,returned,Cash on Delivery
ORD006863,CUST03169,06-04-2022,WH003,shipped,Credit Card
ORD006864,CUST01309,2023-02-10,WH010,Delivered,Debit Card
ORD006865,CUST01965,17 Jul 2022,WH007,Pending,Debit Card
ORD006866,CUST02795,2024-05-04,WH009,Shipped,Credit Card
ORD006867,CUST02560,04-10-2022,WH001,Cancelled,Cash on Delivery
ORD006868,CUST00979,,WH007,Pending,UPI
ORD006869,CUST01342,0000-00-00,WH012,processing,cod
ORD006870,CUST03007,2022/05/21,WH016,PENDING,Net Banking
ORD006871,CUST03982,27/10/2022,WH003,Processing,UPI
ORD006872,CUST02401,2023-11-19,WH003,Processing,COD
ORD006873,CUST00762,27/03/2024,WH015,PENDING,Cash on Delivery
ORD006874,CUST00663,2023-12-06,WH005,Processing,Debit Card
ORD006875,CUST03103,03/18/2024,WH009,Shipped,Debit Card
ORD006876,CUST03327,06/23/2022,WH006,Returned,Credit Card
ORD006877,CUST03441,20 Sep 2023,WH012,Processing,UPI
ORD006878,CUST02144,07/06/2023,WH013,Pending,COD
ORD006879,CUST03399,2023-10-08,WH018,Processing,Credit Card
ORD006880,CUST01670,12/06/2024,WH014,Returned,Credit Card
ORD006881,CUST01737,05/12/2022,WH002,Cancelled,Net Banking
ORD006882,CUST01648,24-01-2022,WH013,Processing,COD
ORD006883,CUST02058,09 May 2023,WH011,Processing,Cash on Delivery
ORD006884,CUST01572,2024-05-29,WH007,CANCELLED,COD
ORD006885,CUST03712,05/22/2022,WH005,Processing,Credit Card
ORD006886,CUST01992,09/03/2024,WH011,pending,cod
ORD006887,CUST02258,17 Feb 2022,WH010,Processing,Debit Card
ORD006888,CUST03073,10/10/2023,WH003,Pending,COD
ORD006889,CUST03952,10-04-2022,WH008,Processing,UPI
ORD006890,CUST00338,02 Jun 2023,WH009,Shipped,Cash on Delivery
ORD006891,CUST02685,2023/05/12,WH003,Pending,Net Banking
ORD006892,CUST02800,,WH018,Pending,cod
ORD006893,CUST00057,10 Apr 2022,WH006,pending,Net Banking
ORD006894,CUST00777,2023/11/26,WH011,Cancelled,Credit Card
ORD006895,CUST00191,26/08/2023,WH001,Returned,cod
ORD006896,CUST01273,2022/12/20,WH013,processing,UPI
ORD006897,CUST03665,2022-04-13,WH007,Shipped,Net Banking
ORD006898,CUST02455,06/12/2022,WH004,cancelled,UPI
ORD006899,CUST02623,12 Apr 2024,WH005,Returned,UPI
ORD006900,CUST02710,31-03-2023,WH001,Pending,Cash on Delivery
ORD006901,CUST00916,05-08-2023,WH013,processing,Cash on Delivery
ORD006902,CUST02513,2023/09/29,WH006,Processing,cod
ORD006903,CUST02801,02/08/2022,WH004,Processing,Credit Card
ORD006904,CUST03139,2022/01/07,WH015,DELIVERED,Debit Card
ORD006905,CUST03367,02 Jun 2022,WH010,RETURNED,Net Banking
ORD006906,CUST01945,11-09-2023,WH014,Delivered,Net Banking
ORD006907,CUST02535,2024/06/23,WH013,cancelled,COD
ORD006908,CUST00462,2022/12/19,WH013,pending,Credit Card
ORD006909,CUST00742,2024-05-11,WH009,PROCESSING,Net Banking
ORD006910,CUST02229,2023-12-29,WH017,Delivered,Credit Card
ORD006911,CUST02672,27-05-2024,WH006,Pending,Debit Card
ORD006912,CUST01912,03/01/2024,WH001,RETURNED,cod
ORD006913,CUST00355,28/12/2023,WH018,Returned,UPI
ORD006914,CUST02493,12 Dec 2023,WH013,SHIPPED,Debit Card
ORD006915,CUST01932,2022/11/01,WH013,Pending,Debit Card
ORD006916,CUST02672,2023/10/19,WH006,cancelled,Debit Card
ORD006917,CUST01129,2022/10/22,WH012,Processing,Net Banking
ORD006918,CUST01001,17/09/2022,WH001,RETURNED,Credit Card
ORD006919,CUST00557,02/25/2023,WH009,cancelled,Credit Card
ORD006920,CUST02493,13/12/2022,WH017,Processing,Credit Card
ORD006921,CUST01686,12/13/2024,WH017,Delivered,UPI
ORD006922,CUST03505,2024/01/05,WH013,shipped,COD
ORD006923,CUST03065,13/07/2023,WH001,Cancelled,Credit Card
ORD006924,CUST02189,2022/11/22,WH004,Cancelled,cod
ORD006925,CUST03753,2023-01-24,WH002,Processing,Cash on Delivery
ORD006926,CUST03957,10/16/2022,WH011,Pending,COD
ORD006927,CUST00846,01/31/2022,WH002,delivered,UPI
ORD006928,CUST03626,03/19/2024,WH013,Cancelled,Net Banking
ORD006929,CUST01764,13 Jul 2024,WH014,Cancelled,COD
ORD006930,CUST00429,27-01-2023,WH013,pending,Net Banking
ORD006931,CUST00937,0000-00-00,WH003,RETURNED,Cash on Delivery
ORD006932,CUST02980,2024/03/02,WH012,RETURNED,Cash on Delivery
ORD006933,CUST03123,02/01/2022,WH001,Shipped,Net Banking
ORD006934,CUST02713,10/10/2024,WH007,Delivered,Cash on Delivery
ORD006935,CUST01051,05/21/2024,WH012,Shipped,Cash on Delivery
ORD006936,CUST01174,2023/10/03,WH011,DELIVERED,cod
ORD006937,CUST03897,2022-06-14,WH007,Processing,Debit Card
ORD006938,CUST00390,05/12/2023,WH001,Returned,UPI
ORD006939,CUST02479,,WH001,Delivered,cod
ORD006940,CUST00627,2022-08-21,WH011,Pending,COD
ORD006941,CUST00624,11/07/2024,WH007,CANCELLED,cod
ORD006942,CUST01860,2023/04/12,WH012,Delivered,Debit Card
ORD006943,CUST00354,05/01/2024,WH008,Processing,Credit Card
ORD006944,CUST01199,30/12/2023,WH012,Cancelled,Cash on Delivery
ORD006945,CUST00698,13/01/2023,WH017,Shipped,UPI
ORD006946,CUST03628,02/12/2023,WH013,Returned,COD
ORD006947,CUST00680,2024/03/06,WH010,Delivered,Cash on Delivery
ORD006948,CUST03247,16/06/2024,WH002,delivered,Debit Card
ORD006949,CUST02655,2024/01/28,WH014,Delivered,COD
ORD006950,CUST02537,10/23/2023,WH007,Returned,Net Banking
ORD006951,CUST01708,09 Sep 2023,WH001,CANCELLED,Credit Card
ORD006952,CUST01043,2024-09-07,WH013,Delivered,UPI
ORD006953,CUST03532,2024/10/08,WH016,PROCESSING,cod
ORD006954,CUST02909,05/15/2024,WH018,PROCESSING,COD
ORD006955,CUST02159,2022/01/20,WH004,RETURNED,UPI
ORD006956,CUST02796,13 Jan 2022,WH003,Shipped,COD
ORD006957,CUST03136,09-03-2024,WH004,PROCESSING,UPI
ORD006958,CUST01476,18/11/2023,WH002,Processing,Debit Card
ORD006959,CUST00328,2024/11/25,WH006,CANCELLED,COD
ORD006960,CUST01593,2024/08/07,WH013,Shipped,Net Banking
ORD006961,CUST03463,2023/02/14,WH016,processing,Net Banking
ORD006962,CUST02761,,WH016,SHIPPED,Net Banking
ORD006963,CUST01490,2024/11/12,WH001,Shipped,Credit Card
ORD006964,CUST03414,12/12/2024,WH007,Pending,COD
ORD006965,CUST02366,16 Apr 2024,WH008,Delivered,Cash on Delivery
ORD006966,CUST01900,2023-03-11,WH012,Pending,COD
ORD006967,CUST00063,2023/02/19,WH001,Delivered,COD
ORD006968,CUST03178,2022/04/02,WH008,PENDING,Credit Card
ORD006969,CUST00770,16/02/2023,WH012,cancelled,UPI
ORD006970,CUST01650,06/05/2022,WH004,returned,cod
ORD006971,CUST02238,27-07-2023,WH017,Delivered,cod
ORD006972,CUST00323,31/10/2023,WH012,Pending,Net Banking
ORD006973,CUST02890,2023-05-09,WH015,Pending,Net Banking
ORD006974,CUST01763,2024/06/28,WH018,cancelled,COD
ORD006975,CUST00894,2023/06/10,WH012,Returned,COD
ORD006976,CUST02510,01/11/2023,WH015,Returned,Net Banking
ORD006977,CUST01210,,WH018,Delivered,cod
ORD006978,CUST01833,2024-08-15,WH016,delivered,Cash on Delivery
ORD006979,CUST02053,13 May 2022,WH018,Shipped,UPI
ORD006980,CUST02915,2023-04-20,WH017,returned,Cash on Delivery
ORD006981,CUST03129,21 Oct 2023,WH016,shipped,cod
ORD006982,CUST01516,07/26/2022,WH002,Processing,cod
ORD006983,CUST01248,2022-10-29,WH005,Cancelled,UPI
ORD006984,CUST02827,17/05/2022,WH006,Delivered,COD
ORD006985,CUST01255,2022-09-22,WH010,Shipped,UPI
ORD006986,CUST00909,2024/12/29,WH016,CANCELLED,COD
ORD006987,CUST01554,16-09-2022,WH002,Processing,Credit Card
ORD006988,CUST03639,,WH011,Delivered,Debit Card
ORD006989,CUST01327,29 Aug 2022,WH001,Processing,Credit Card
ORD006990,CUST01977,06-02-2024,WH010,Pending,Credit Card
ORD006991,CUST02415,11-12-2022,WH008,returned,COD
ORD006992,CUST00154,0000-00-00,WH010,Processing,Cash on Delivery
ORD006993,CUST01079,15/09/2024,WH012,Shipped,cod
ORD006994,CUST00389,23 Feb 2024,WH014,SHIPPED,Cash on Delivery
ORD006995,CUST02433,2023/04/19,WH003,Shipped,Credit Card
ORD006996,CUST01812,2024/04/29,WH005,Pending,Net Banking
ORD006997,CUST00647,01/26/2023,WH001,Delivered,cod
ORD006998,CUST00966,17-07-2023,WH008,processing,COD
ORD006999,CUST01747,19 Nov 2022,WH011,PROCESSING,Debit Card
ORD007000,CUST03284,2022-09-18,WH015,Delivered,COD
ORD007001,CUST03156,23 Nov 2023,WH009,PROCESSING,COD
ORD007002,CUST02876,26-11-2024,WH008,Cancelled,UPI
ORD007003,CUST01348,28-03-2023,WH011,Shipped,Credit Card
ORD007004,CUST01740,02/04/2022,WH018,cancelled,UPI
ORD007005,CUST03994,2022-05-15,WH017,Delivered,Debit Card
ORD007006,CUST03454,06 May 2022,WH009,processing,cod
ORD007007,CUST01953,05/23/2023,WH018,shipped,Credit Card
ORD007008,CUST02685,2023-06-26,WH017,CANCELLED,UPI
ORD007009,CUST02903,19/03/2024,WH012,shipped,COD
ORD007010,CUST00758,06/30/2023,WH007,PROCESSING,cod
ORD007011,CUST00335,20-12-2022,WH018,cancelled,cod
ORD007012,CUST00759,09-05-2024,WH003,Delivered,Debit Card
ORD007013,CUST03869,02/28/2022,WH003,Shipped,COD
ORD007014,CUST00710,2023/11/03,WH006,pending,COD
ORD007015,CUST03934,2023/01/14,WH015,Cancelled,Debit Card
ORD007016,CUST02421,29-11-2024,WH012,Delivered,Net Banking
ORD007017,CUST03303,2023-05-04,WH018,shipped,cod
ORD007018,CUST00604,07/10/2024,WH016,Cancelled,Credit Card
ORD007019,CUST03829,16-06-2023,WH018,cancelled,Debit Card
ORD007020,CUST00395,09 Nov 2024,WH010,Delivered,Cash on Delivery
ORD007021,CUST02032,2024/05/22,WH017,Cancelled,cod
ORD007022,CUST00164,2022-07-16,WH016,Processing,COD
ORD007023,CUST01187,05 Jun 2023,WH012,delivered,Debit Card
ORD007024,CUST01439,11/23/2024,WH006,Pending,Credit Card
ORD007025,CUST03387,03/31/2023,WH005,Processing,Credit Card
ORD007026,CUST03758,02/11/2024,WH010,Processing,Net Banking
ORD007027,CUST03472,2022/06/16,WH016,Shipped,Net Banking
ORD007028,CUST02151,2022-03-08,WH014,CANCELLED,cod
ORD007029,CUST03217,04/21/2023,WH002,Cancelled,COD
ORD007030,CUST01066,10/10/2024,WH014,Returned,UPI
ORD007031,CUST02643,02/17/2022,WH006,Delivered,Cash on Delivery
ORD007032,CUST02155,18 May 2023,WH011,Cancelled,COD
ORD007033,CUST00840,04/21/2023,WH015,Shipped,UPI
ORD007034,CUST01209,04 Feb 2022,WH005,CANCELLED,Debit Card
ORD007035,CUST02759,2023-05-01,WH016,Delivered,Cash on Delivery
ORD007036,CUST02590,2022-05-26,WH001,pending,Credit Card
ORD007037,CUST03782,2022-07-09,WH014,Shipped,UPI
ORD007038,CUST03071,2024/09/10,WH009,Processing,Cash on Delivery
ORD007039,CUST01918,2023-09-20,WH017,Shipped,cod
ORD007040,CUST02956,26-10-2024,WH009,delivered,Debit Card
ORD007041,CUST00746,2022/12/09,WH002,Processing,Credit Card
ORD007042,CUST02604,2022-10-14,WH005,Shipped,Net Banking
ORD007043,CUST00891,20-05-2023,WH011,Delivered,UPI
ORD007044,CUST02360,03-06-2022,WH004,PROCESSING,cod
ORD007045,CUST03961,30 Dec 2022,WH015,PROCESSING,cod
ORD007046,CUST01208,17/01/2022,WH010,CANCELLED,Cash on Delivery
ORD007047,CUST02425,27/07/2023,WH005,Processing,Cash on Delivery
ORD007048,CUST01921,12 Nov 2024,WH004,Pending,UPI
ORD007049,CUST03646,04/11/2023,WH017,Returned,Cash on Delivery
ORD007050,CUST03221,03/26/2024,WH008,cancelled,COD
ORD007051,CUST01422,06 Sep 2023,WH002,Shipped,Credit Card
ORD007052,CUST01973,04-11-2023,WH001,Pending,Debit Card
ORD007053,CUST02588,04/12/2022,WH003,Cancelled,UPI
ORD007054,CUST01124,2023-01-11,WH003,processing,Cash on Delivery
ORD007055,CUST03849,12/25/2022,WH002,Shipped,Cash on Delivery
ORD007056,CUST00727,2022-03-16,WH013,shipped,Credit Card
ORD007057,CUST02831,2024/06/28,WH015,Processing,Credit Card
ORD007058,CUST03676,20 May 2023,WH014,returned,Debit Card
ORD007059,CUST03568,13-11-2023,WH006,SHIPPED,UPI
ORD007060,CUST03180,16 May 2023,WH003,PENDING,Debit Card
ORD007061,CUST01966,2024-06-04,WH018,Shipped,UPI
ORD007062,CUST02387,28/05/2024,WH016,Delivered,cod
ORD007063,CUST02668,01/08/2024,WH001,Pending,UPI
ORD007064,CUST00063,05/08/2024,WH009,Delivered,cod
ORD007065,CUST02066,07/26/2024,WH002,Delivered,cod
ORD007066,CUST02840,,WH013,Delivered,Credit Card
ORD007067,CUST01778,04 Apr 2024,WH015,RETURNED,COD
ORD007068,CUST01169,03 Jan 2023,WH012,Shipped,UPI
ORD007069,CUST02394,20/06/2022,WH004,RETURNED,Net Banking
ORD007070,CUST01636,27-12-2023,WH004,Shipped,Debit Card
ORD007071,CUST01336,31-10-2023,WH007,Shipped,COD
ORD007072,CUST00474,06-07-2022,WH008,Returned,UPI
ORD007073,CUST00290,2024/05/19,WH002,Cancelled,cod
ORD007074,CUST01835,16/09/2022,WH008,Cancelled,Cash on Delivery
ORD007075,CUST01692,18/10/2022,WH001,Delivered,Credit Card
ORD007076,CUST00466,05/11/2022,WH002,Processing,UPI
ORD007077,CUST00815,20 Apr 2022,WH011,returned,Credit Card
ORD007078,CUST03280,2023-09-16,WH005,Cancelled,Credit Card
ORD007079,CUST03575,15-06-2024,WH004,Cancelled,Credit Card
ORD007080,CUST02727,2023/11/12,WH010,Shipped,UPI
ORD007081,CUST03154,2022-10-23,WH011,Processing,COD
ORD007082,CUST01575,07/18/2022,WH006,Shipped,Cash on Delivery
ORD007083,CUST00113,03/25/2023,WH010,Delivered,Net Banking
ORD007084,CUST03508,10-05-2022,WH018,Processing,UPI
ORD007085,CUST02592,2023/12/21,WH001,Cancelled,UPI
ORD007086,CUST00292,05/11/2024,WH012,Shipped,Debit Card
ORD007087,CUST00069,09-07-2024,WH013,Shipped,COD
ORD007088,CUST00963,02/12/2022,WH016,processing,Net Banking
ORD007089,CUST03132,20/01/2023,WH016,Returned,cod
ORD007090,CUST00214,25 Jul 2023,WH005,returned,Debit Card
ORD007091,CUST00682,20 Jun 2024,WH012,Shipped,Cash on Delivery
ORD007092,CUST00340,2024-10-23,WH012,Pending,COD
ORD007093,CUST01815,20-02-2023,WH016,SHIPPED,Net Banking
ORD007094,CUST02971,2023-08-03,WH014,Returned,Net Banking
ORD007095,CUST03304,07/10/2023,WH010,Delivered,Debit Card
ORD007096,CUST01137,21 Dec 2022,WH008,Processing,Debit Card
ORD007097,CUST00991,2022/03/10,WH015,PROCESSING,cod
ORD007098,CUST00918,,WH014,processing,Cash on Delivery
ORD007099,CUST01539,08/10/2023,WH007,Returned,UPI
ORD007100,CUST02601,12-10-2022,WH003,Processing,UPI
ORD007101,CUST00223,2024-10-30,WH017,Cancelled,Credit Card
ORD007102,CUST00202,27/01/2023,WH006,Delivered,Cash on Delivery
ORD007103,CUST00158,24-09-2024,WH010,Shipped,Net Banking
ORD007104,CUST00712,11/07/2024,WH001,Returned,COD
ORD007105,CUST03380,26-12-2023,WH007,Returned,cod
ORD007106,CUST00751,01/26/2022,WH008,Returned,cod
ORD007107,CUST03846,2022-02-10,WH008,Returned,Cash on Delivery
ORD007108,CUST02050,17-09-2022,WH002,processing,Net Banking
ORD007109,CUST01971,06/22/2022,WH012,Delivered,Debit Card
ORD007110,CUST00663,,WH010,Processing,Cash on Delivery
ORD007111,CUST03408,04/12/2024,WH012,Returned,Debit Card
ORD007112,CUST01931,09 Aug 2022,WH018,Processing,Net Banking
ORD007113,CUST02370,19 Feb 2024,WH018,Pending,cod
ORD007114,CUST01758,05/24/2024,WH012,Pending,Credit Card
ORD007115,CUST02399,14-11-2022,WH007,Returned,Credit Card
ORD007116,CUST03184,28/05/2023,WH017,pending,COD
ORD007117,CUST02919,2023-06-22,WH004,Processing,Cash on Delivery
ORD007118,CUST03160,2024-12-14,WH007,Delivered,UPI
ORD007119,CUST03106,21 Feb 2023,WH004,Returned,Debit Card
ORD007120,CUST00870,24 Oct 2022,WH009,Processing,Net Banking
ORD007121,CUST00169,07/18/2023,WH006,delivered,COD
ORD007122,CUST01492,2023/05/18,WH001,Delivered,Credit Card
ORD007123,CUST00344,2024-08-18,WH015,Cancelled,UPI
ORD007124,CUST02901,30-05-2024,WH006,RETURNED,UPI
ORD007125,CUST03140,07 Oct 2023,WH002,SHIPPED,COD
ORD007126,CUST00890,2023/07/02,WH003,Shipped,Cash on Delivery
ORD007127,CUST03002,24-03-2023,WH015,Shipped,COD
ORD007128,CUST03932,17-07-2023,WH008,delivered,cod
ORD007129,CUST03778,09/06/2023,WH007,Cancelled,Net Banking
ORD007130,CUST01478,11 Feb 2023,WH016,Delivered,Net Banking
ORD007131,CUST01264,2023-12-05,WH014,Pending,Credit Card
ORD007132,CUST01250,2024-01-14,WH001,DELIVERED,Net Banking
ORD007133,CUST00687,,WH013,cancelled,UPI
ORD007134,CUST02251,2022/01/17,WH011,Pending,Net Banking
ORD007135,CUST00566,08-02-2024,WH015,Pending,Cash on Delivery
ORD007136,CUST03857,05 Jul 2023,WH008,Processing,Cash on Delivery
ORD007137,CUST00518,21/04/2022,WH015,Cancelled,Debit Card
ORD007138,CUST00395,09/20/2022,WH011,CANCELLED,Debit Card
ORD007139,CUST00952,2023-03-16,WH009,PENDING,UPI
ORD007140,CUST02410,22-08-2023,WH011,Shipped,COD
ORD007141,CUST01326,11-11-2022,WH013,delivered,Net Banking
ORD007142,CUST03232,10/01/2024,WH016,cancelled,UPI
ORD007143,CUST58507,15 Sep 2024,WH005,Pending,cod
ORD007144,CUST03811,23/04/2024,WH004,Shipped,COD
ORD007145,CUST02900,2023-07-27,WH001,Pending,COD
ORD007146,CUST01493,17 Jan 2024,WH001,shipped,cod
ORD007147,CUST03816,2022-08-30,WH006,Cancelled,Credit Card
ORD007148,CUST02204,20-01-2024,WH015,Processing,Debit Card
ORD007149,CUST03327,11 Dec 2024,WH013,Pending,Credit Card
ORD007150,CUST03002,08/14/2022,WH009,delivered,UPI
ORD007151,CUST01012,13-07-2022,WH005,SHIPPED,Credit Card
ORD007152,CUST03941,25/07/2024,WH012,Delivered,Debit Card
ORD007153,CUST01246,01/08/2022,WH005,DELIVERED,Cash on Delivery
ORD007154,CUST02411,04-07-2022,WH015,Returned,UPI
ORD007155,CUST03035,28/10/2024,WH016,Returned,Net Banking
ORD007156,CUST01211,2022-08-29,WH008,Shipped,Net Banking
ORD007157,CUST03257,07/05/2022,WH003,Processing,UPI
ORD007158,CUST00036,2024/08/09,WH001,SHIPPED,Debit Card
ORD007159,CUST02319,27 Mar 2022,WH013,Cancelled,Debit Card
ORD007160,CUST02830,29 Feb 2024,WH008,SHIPPED,Net Banking
ORD007161,CUST02156,21 Oct 2022,WH006,Shipped,Cash on Delivery
ORD007162,CUST03915,03/08/2023,WH017,returned,UPI
ORD007163,CUST01377,15 May 2024,WH002,Processing,COD
ORD007164,CUST03466,05/20/2023,WH012,Shipped,Cash on Delivery
ORD007165,CUST02753,2023-06-01,WH009,Delivered,cod
ORD007166,CUST00778,2024-06-30,WH007,Cancelled,Cash on Delivery
ORD007167,CUST02569,08/11/2024,WH009,SHIPPED,Credit Card
ORD007168,CUST58602,27-04-2024,WH010,Delivered,cod
ORD007169,CUST00848,08 Sep 2024,WH016,Shipped,cod
ORD007170,CUST01261,2024/06/22,WH013,Processing,Debit Card
ORD007171,CUST03517,21-05-2024,WH007,Delivered,Net Banking
ORD007172,CUST02592,2022-09-22,WH004,Delivered,cod
ORD007173,CUST03247,08/10/2024,WH004,Processing,COD
ORD007174,CUST03733,04 Dec 2024,WH005,Processing,COD
ORD007175,CUST01634,22/02/2023,WH006,Returned,Credit Card
ORD007176,CUST02620,2022-12-18,WH007,Returned,UPI
ORD007177,CUST00604,30 Sep 2023,WH008,SHIPPED,Net Banking
ORD007178,CUST02002,08/17/2022,WH006,Pending,COD
ORD007179,CUST02811,10-02-2023,WH005,Pending,Debit Card
ORD007180,CUST01980,30 Sep 2024,WH015,CANCELLED,Cash on Delivery
ORD007181,CUST03327,22/01/2022,WH016,PROCESSING,cod
ORD007182,CUST01010,2024/01/31,WH004,Pending,Net Banking
ORD007183,CUST02826,2022-02-20,WH006,Pending,COD
ORD007184,CUST02066,2022/12/31,WH013,Delivered,COD
ORD007185,CUST02763,2024-03-11,WH005,returned,Debit Card
ORD007186,CUST03144,2024/01/30,WH017,PROCESSING,COD
ORD007187,CUST02183,2022/10/13,WH018,Shipped,COD
ORD007188,CUST03944,12/11/2024,WH005,Pending,Credit Card
ORD007189,CUST03456,30-07-2022,WH002,Processing,UPI
ORD007190,CUST01446,2022-08-03,WH009,Returned,UPI
ORD007191,CUST02619,02/18/2023,WH009,Processing,cod
ORD007192,CUST00280,11 Sep 2023,WH018,PENDING,Cash on Delivery
ORD007193,CUST02038,30/07/2022,WH010,SHIPPED,Cash on Delivery
ORD007194,CUST02097,29/12/2024,WH010,Pending,COD
ORD007195,CUST00582,2023/09/22,WH007,Delivered,Cash on Delivery
ORD007196,CUST02395,03/02/2024,WH018,Returned,UPI
ORD007197,CUST02701,2024-08-11,WH007,Cancelled,cod
ORD007198,CUST00586,14-10-2022,WH001,Shipped,Net Banking
ORD007199,CUST00426,11 Jul 2022,WH004,Pending,Debit Card
ORD007200,CUST00573,27/04/2024,WH012,Shipped,UPI
ORD007201,CUST00599,2023/08/22,WH003,cancelled,Cash on Delivery
ORD007202,CUST03318,07-12-2022,WH005,Returned,Debit Card
ORD007203,CUST02023,2023-10-13,WH012,Pending,Debit Card
ORD007204,CUST02369,,WH018,Processing,UPI
ORD007205,CUST01796,27/06/2024,WH013,Returned,COD
ORD007206,CUST02444,01-02-2023,WH017,delivered,COD
ORD007207,CUST54473,13/02/2023,WH005,Delivered,Credit Card
ORD007208,CUST01234,29 May 2023,WH006,Shipped,Cash on Delivery
ORD007209,CUST00497,10 Oct 2022,WH001,Cancelled,cod
ORD007210,CUST03777,04/07/2023,WH016,Shipped,Net Banking
ORD007211,CUST02017,,WH006,shipped,Debit Card
ORD007212,CUST03427,01/18/2023,WH009,PENDING,cod
ORD007213,CUST02230,01/17/2023,WH009,Cancelled,Cash on Delivery
ORD007214,CUST03970,25 Jul 2023,WH012,Processing,Cash on Delivery
ORD007215,CUST02308,20 Apr 2022,WH001,Shipped,UPI
ORD007216,CUST02901,09/06/2022,WH007,Pending,Debit Card
ORD007217,CUST00561,2022/06/22,WH012,shipped,Debit Card
ORD007218,CUST03509,2023-03-15,WH014,Returned,cod
ORD007219,CUST01103,29-07-2022,WH005,Shipped,UPI
ORD007220,CUST03845,28-03-2024,WH003,Pending,cod
ORD007221,CUST01494,23/07/2023,WH011,SHIPPED,COD
ORD007222,CUST03674,18/09/2022,WH013,DELIVERED,COD
ORD007223,CUST03262,2024/03/21,WH004,Shipped,COD
ORD007224,CUST01124,2023-05-26,WH016,Shipped,Debit Card
ORD007225,CUST00261,2022/09/13,WH014,returned,Cash on Delivery
ORD007226,CUST03774,2022/04/06,WH017,processing,COD
ORD007227,CUST02032,22/04/2023,WH010,Cancelled,Net Banking
ORD007228,CUST00008,26-03-2024,WH003,cancelled,Cash on Delivery
ORD007229,CUST01915,2022/11/11,WH008,returned,Credit Card
ORD007230,CUST00307,17 Sep 2022,WH006,Pending,cod
ORD007231,CUST01281,2023-05-24,WH015,Processing,cod
ORD007232,CUST01929,2022-05-14,WH018,shipped,COD
ORD007233,CUST02688,07/28/2023,WH010,Pending,Cash on Delivery
ORD007234,CUST03938,2022/06/17,WH005,CANCELLED,COD
ORD007235,CUST00435,2024-03-17,WH012,Pending,UPI
ORD007236,CUST02704,18-04-2022,WH010,Shipped,Net Banking
ORD007237,CUST00731,2022-10-27,WH012,Cancelled,cod
ORD007238,CUST03088,12 Dec 2022,WH007,Returned,UPI
ORD007239,CUST00617,11/15/2024,WH017,Processing,cod
ORD007240,CUST00514,2024-09-14,WH005,delivered,Credit Card
ORD007241,CUST03486,04/02/2022,WH009,Pending,Debit Card
ORD007242,CUST03671,29-09-2022,WH004,delivered,cod
ORD007243,CUST02462,2024-02-24,WH004,Pending,Cash on Delivery
ORD007244,CUST00624,2022/05/31,WH013,Processing,COD
ORD007245,CUST50006,01-02-2023,WH007,RETURNED,Cash on Delivery
ORD007246,CUST00187,31-08-2024,WH011,Shipped,Debit Card
ORD007247,CUST02100,21 Apr 2022,WH003,RETURNED,cod
ORD007248,CUST01155,2024-03-03,WH011,Processing,Cash on Delivery
ORD007249,CUST01517,2023/03/24,WH017,PROCESSING,COD
ORD007250,CUST00719,2024-02-19,WH004,PROCESSING,cod
ORD007251,CUST02967,28 Jul 2022,WH002,Processing,UPI
ORD007252,CUST02001,2023-04-04,WH012,Shipped,Cash on Delivery
ORD007253,CUST02883,03 Jan 2024,WH005,Delivered,COD
ORD007254,CUST02547,2024-12-31,WH009,Delivered,Debit Card
ORD007255,CUST02530,2024/06/05,WH016,RETURNED,Net Banking
ORD007256,CUST02142,30/09/2024,WH017,RETURNED,Cash on Delivery
ORD007257,CUST03924,12/18/2024,WH003,Processing,COD
ORD007258,CUST01379,03-02-2024,WH002,Pending,Net Banking
ORD007259,CUST01021,2023/02/20,WH014,Shipped,Debit Card
ORD007260,CUST03995,2023/12/14,WH010,Pending,cod
ORD007261,CUST03160,2023/06/26,WH010,Returned,Debit Card
ORD007262,CUST01483,28/11/2023,WH010,PENDING,Debit Card
ORD007263,CUST00024,2022-09-17,WH010,PENDING,COD
ORD007264,CUST01404,2024/10/30,WH003,DELIVERED,Net Banking
ORD007265,CUST02702,2023-01-18,WH009,Processing,COD
ORD007266,CUST02327,28-07-2022,WH006,Delivered,UPI
ORD007267,CUST01364,15/05/2024,WH006,Pending,UPI
ORD007268,CUST03802,12-09-2024,WH009,RETURNED,UPI
ORD007269,CUST01523,2022/08/28,WH006,CANCELLED,Credit Card
ORD007270,CUST02250,2024/06/03,WH017,Delivered,cod
ORD007271,CUST00882,12/17/2024,WH003,pending,Debit Card
ORD007272,CUST02663,18/02/2024,WH001,Shipped,Net Banking
ORD007273,CUST02611,2024/04/21,WH018,PROCESSING,COD
ORD007274,CUST00175,26 Nov 2022,WH002,Returned,cod
ORD007275,CUST02348,27 May 2024,WH017,RETURNED,COD
ORD007276,CUST01457,17/01/2023,WH006,Returned,Debit Card
ORD007277,CUST02056,2024-01-04,WH006,Processing,Cash on Delivery
ORD007278,CUST03715,2022/09/11,WH018,Delivered,Debit Card
ORD007279,CUST00439,2022-03-27,WH002,cancelled,Net Banking
ORD007280,CUST00480,14 Oct 2024,WH015,Processing,Debit Card
ORD007281,CUST00635,22-09-2024,WH014,Delivered,cod
ORD007282,CUST00111,2024-01-28,WH017,Shipped,Debit Card
ORD007283,CUST01225,2023/10/25,WH010,Processing,Net Banking
ORD007284,CUST03311,23-09-2022,WH001,delivered,Net Banking
ORD007285,CUST02494,26/11/2024,WH013,Shipped,COD
ORD007286,CUST02091,07 Jun 2022,WH005,Cancelled,COD
ORD007287,CUST00300,09/08/2023,WH012,Delivered,Credit Card
ORD007288,CUST00327,12/09/2023,WH017,SHIPPED,Cash on Delivery
ORD007289,CUST03109,2023-07-28,WH006,Delivered,Net Banking
ORD007290,CUST01383,2023-06-07,WH012,Delivered,Net Banking
ORD007291,CUST00058,14-04-2022,WH002,PENDING,COD
ORD007292,CUST02566,14/01/2023,WH005,Pending,cod
ORD007293,CUST00710,10 Jan 2024,WH003,Processing,Debit Card
ORD007294,CUST03460,2024/05/02,WH012,Cancelled,cod
ORD007295,CUST03448,20/02/2022,WH002,Processing,Cash on Delivery
ORD007296,CUST03867,29 Jul 2022,WH018,Processing,Net Banking
ORD007297,CUST01738,2023-08-05,WH003,returned,Net Banking
ORD007298,CUST00584,,WH003,Pending,Debit Card
ORD007299,CUST03460,23 Jul 2023,WH015,Pending,Net Banking
ORD007300,CUST00491,07/07/2022,WH018,cancelled,Credit Card
ORD007301,CUST00022,2022/08/03,WH002,Returned,Cash on Delivery
ORD007302,CUST03952,2024-12-14,WH018,PENDING,Debit Card
ORD007303,CUST00979,2024/10/03,WH010,Processing,Debit Card
ORD007304,CUST00158,25/09/2022,WH005,Cancelled,UPI
ORD007305,CUST00440,04-11-2022,WH003,Returned,Net Banking
ORD007306,CUST00796,15/09/2022,WH014,Cancelled,Credit Card
ORD007307,CUST01486,08/16/2022,WH007,pending,Cash on Delivery
ORD007308,CUST01314,27/05/2022,WH010,Pending,COD
ORD007309,CUST00742,03-10-2022,WH018,RETURNED,COD
ORD007310,CUST03143,19-12-2023,WH008,cancelled,Credit Card
ORD007311,CUST01227,2023-12-14,WH012,Pending,UPI
ORD007312,CUST00711,08 May 2023,WH004,Returned,Credit Card
ORD007313,CUST02557,2023-12-29,WH002,Pending,Debit Card
ORD007314,CUST03472,05/28/2024,WH010,Pending,Net Banking
ORD007315,CUST00553,07-11-2023,WH005,CANCELLED,Cash on Delivery
ORD007316,CUST02143,13 Jun 2022,WH014,Shipped,Net Banking
ORD007317,CUST00644,2024/09/14,WH006,Pending,cod
ORD007318,CUST01078,2024/12/23,WH011,Cancelled,Credit Card
ORD007319,CUST03544,05/24/2022,WH015,Cancelled,Credit Card
ORD007320,CUST00368,28 Sep 2022,WH001,Cancelled,Credit Card
ORD007321,CUST00246,2022/05/09,WH006,Delivered,cod
ORD007322,CUST02164,,WH002,shipped,Debit Card
ORD007323,CUST03648,2024/11/10,WH013,Returned,Debit Card
ORD007324,CUST02555,07-07-2024,WH007,Processing,Net Banking
ORD007325,CUST02479,2023/03/22,WH013,shipped,Net Banking
ORD007326,CUST01482,05/29/2023,WH003,Shipped,Credit Card
ORD007327,CUST01632,2022-11-17,WH009,Cancelled,UPI
ORD007328,CUST02393,0000-00-00,WH001,Shipped,cod
ORD007329,CUST03744,14 Nov 2023,WH011,Returned,Net Banking
ORD007330,CUST00102,26 Dec 2022,WH010,Processing,COD
ORD007331,CUST00656,08/09/2024,WH015,Shipped,Credit Card
ORD007332,CUST02038,24 Jun 2023,WH012,Returned,UPI
ORD007333,CUST01966,22 Apr 2024,WH017,PROCESSING,Debit Card
ORD007334,CUST02724,2024-02-05,WH016,shipped,COD
ORD007335,CUST00564,11/12/2023,WH003,Processing,Credit Card
ORD007336,CUST03179,29-09-2024,WH015,returned,UPI
ORD007337,CUST00815,30-06-2024,WH001,PROCESSING,Credit Card
ORD007338,CUST00066,18-03-2023,WH013,Returned,UPI
ORD007339,CUST02942,0000-00-00,WH002,Returned,Cash on Delivery
ORD007340,CUST02855,03/07/2024,WH008,CANCELLED,Debit Card
ORD007341,CUST02795,,WH014,delivered,COD
ORD007342,CUST02766,,WH015,shipped,Debit Card
ORD007343,CUST01918,06/08/2023,WH006,Delivered,COD
ORD007344,CUST00691,2022-02-12,WH001,returned,Credit Card
ORD007345,CUST00859,06/03/2023,WH015,Cancelled,Net Banking
ORD007346,CUST03298,02/20/2023,WH009,Pending,UPI
ORD007347,CUST01050,03-02-2022,WH016,Shipped,Net Banking
ORD007348,CUST02201,07/28/2022,WH010,processing,UPI
ORD007349,CUST02343,0000-00-00,WH006,Delivered,Debit Card
ORD007350,CUST00023,2024/08/04,WH001,Delivered,cod
ORD007351,CUST02993,25 Jun 2023,WH007,Shipped,Debit Card
ORD007352,CUST03465,2022/11/27,WH003,CANCELLED,cod
ORD007353,CUST02667,2022/05/10,WH001,shipped,Debit Card
ORD007354,CUST01445,08-05-2022,WH018,Cancelled,COD
ORD007355,CUST03503,2022/03/18,WH011,Shipped,Cash on Delivery
ORD007356,CUST03991,25/12/2022,WH015,Returned,Cash on Delivery
ORD007357,CUST03873,2024/04/15,WH015,Shipped,Debit Card
ORD007358,CUST01786,14 Nov 2022,WH008,Pending,Cash on Delivery
ORD007359,CUST02921,2022-01-15,WH015,Processing,Credit Card
ORD007360,CUST00219,15 Jan 2023,WH012,RETURNED,UPI
ORD007361,CUST02039,23-08-2023,WH016,Delivered,Cash on Delivery
ORD007362,CUST03116,17-09-2022,WH003,Processing,Credit Card
ORD007363,CUST03043,04/29/2022,WH003,Pending,Net Banking
ORD007364,CUST01507,06/17/2023,WH016,RETURNED,Net Banking
ORD007365,CUST01324,2022/08/04,WH003,SHIPPED,cod
ORD007366,CUST02803,15 Jul 2024,WH002,Shipped,Cash on Delivery
ORD007367,CUST02966,12/27/2023,WH001,Shipped,Debit Card
ORD007368,CUST51104,2024-09-10,WH004,Processing,Credit Card
ORD007369,CUST03635,06-08-2024,WH008,Delivered,COD
ORD007370,CUST03490,01/07/2023,WH018,Processing,cod
ORD007371,CUST00423,2023/08/24,WH005,PROCESSING,UPI
ORD007372,CUST01514,15/10/2022,WH008,CANCELLED,cod
ORD007373,CUST00334,25 May 2023,WH017,Processing,Credit Card
ORD007374,CUST02075,2024/05/29,WH011,pending,UPI
ORD007375,CUST03182,05/04/2023,WH009,Pending,Net Banking
ORD007376,CUST03304,01 Jan 2024,WH014,cancelled,Debit Card
ORD007377,CUST01861,28-04-2023,WH008,SHIPPED,UPI
ORD007378,CUST01860,2023-07-10,WH018,Returned,UPI
ORD007379,CUST01069,2022/10/15,WH013,Pending,UPI
ORD007380,CUST03289,16/09/2022,WH018,Returned,COD
ORD007381,CUST00238,08-11-2022,WH018,Shipped,UPI
ORD007382,CUST00402,08/01/2023,WH005,returned,Cash on Delivery
ORD007383,CUST00727,14/03/2024,WH016,SHIPPED,UPI
ORD007384,CUST01182,14 Dec 2023,WH017,Returned,cod
ORD007385,CUST00041,06/26/2022,WH016,DELIVERED,Debit Card
ORD007386,CUST02882,2022-03-12,WH014,Pending,Debit Card
ORD007387,CUST00489,15-01-2024,WH003,CANCELLED,COD
ORD007388,CUST00891,21-10-2022,WH005,PROCESSING,cod
ORD007389,CUST00121,08/02/2023,WH014,Shipped,Cash on Delivery
ORD007390,CUST02771,2024-10-22,WH007,CANCELLED,Debit Card
ORD007391,CUST02419,2024-11-10,WH013,Returned,COD
ORD007392,CUST02477,2024-05-05,WH005,PENDING,Credit Card
ORD007393,CUST02821,18/07/2022,WH011,Cancelled,Net Banking
ORD007394,CUST03584,2023/06/10,WH001,pending,Credit Card
ORD007395,CUST00189,2023-02-09,WH009,Processing,COD
ORD007396,CUST03394,2022-06-19,WH012,Delivered,COD
ORD007397,CUST02239,,WH004,delivered,cod
ORD007398,CUST01944,06/21/2023,WH010,Shipped,Cash on Delivery
ORD007399,CUST01742,09 Jun 2022,WH001,SHIPPED,Cash on Delivery
ORD007400,CUST00629,22 Sep 2024,WH016,Processing,cod
ORD007401,CUST02866,2022-04-14,WH008,Delivered,COD
ORD007402,CUST01407,12/02/2024,WH009,Processing,Net Banking
ORD007403,CUST03878,2023/04/03,WH006,delivered,UPI
ORD007404,CUST03397,23-09-2024,WH002,Processing,Debit Card
ORD007405,CUST02232,07-02-2024,WH002,SHIPPED,Credit Card
ORD007406,CUST03266,09/25/2022,WH001,Pending,Credit Card
ORD007407,CUST01575,13/07/2024,WH011,Shipped,COD
ORD007408,CUST01660,11/10/2023,WH007,Pending,Credit Card
ORD007409,CUST02925,2022/06/18,WH009,Cancelled,UPI
ORD007410,CUST02783,25-04-2023,WH006,Returned,COD
ORD007411,CUST00506,07/21/2023,WH017,Delivered,Cash on Delivery
ORD007412,CUST02099,12 Feb 2022,WH002,Shipped,cod
ORD007413,CUST01512,08-01-2024,WH005,Cancelled,Net Banking
ORD007414,CUST02279,02/16/2022,WH008,Shipped,Net Banking
ORD007415,CUST01257,2022-10-27,WH016,Delivered,cod
ORD007416,CUST00040,2024/09/19,WH003,Pending,UPI
ORD007417,CUST00478,2022-03-18,WH018,Cancelled,UPI
ORD007418,CUST03434,0000-00-00,WH012,CANCELLED,cod
ORD007419,CUST01876,09-04-2023,WH015,CANCELLED,Credit Card
ORD007420,CUST03612,18/07/2023,WH001,Processing,Net Banking
ORD007421,CUST02714,24 May 2023,WH017,Processing,Cash on Delivery
ORD007422,CUST01896,2023/02/20,WH003,Delivered,COD
ORD007423,CUST03300,09 Sep 2023,WH012,Delivered,COD
ORD007424,CUST03698,12-03-2023,WH012,Pending,cod
ORD007425,CUST01193,2024-05-08,WH005,Shipped,Debit Card
ORD007426,CUST56092,09/08/2023,WH017,Processing,Debit Card
ORD007427,CUST02555,20-11-2024,WH017,returned,Net Banking
ORD007428,CUST03140,2024-08-08,WH012,Returned,UPI
ORD007429,CUST01468,0000-00-00,WH007,Returned,Credit Card
ORD007430,CUST02859,07 Aug 2023,WH017,Delivered,Debit Card
ORD007431,CUST03229,2023-03-29,WH012,processing,Credit Card
ORD007432,CUST00585,17-12-2023,WH005,Shipped,cod
ORD007433,CUST00134,2023-07-01,WH014,Shipped,cod
ORD007434,CUST03732,2023/03/29,WH013,Cancelled,Credit Card
ORD007435,CUST01791,2022-08-04,WH015,Delivered,Net Banking
ORD007436,CUST02152,08 Nov 2024,WH016,Processing,Debit Card
ORD007437,CUST00388,01/06/2024,WH009,RETURNED,COD
ORD007438,CUST01270,29/04/2022,WH013,Delivered,Debit Card
ORD007439,CUST01872,03 Oct 2023,WH002,Processing,Debit Card
ORD007440,CUST01069,2022/09/06,WH014,cancelled,cod
ORD007441,CUST03297,2022-11-21,WH017,Pending,UPI
ORD007442,CUST01667,02/25/2022,WH018,Processing,Net Banking
ORD007443,CUST01091,03/22/2024,WH003,DELIVERED,cod
ORD007444,CUST00522,27-03-2024,WH017,Processing,Credit Card
ORD007445,CUST01784,2024-06-20,WH007,Cancelled,cod
ORD007446,CUST02198,21-09-2024,WH007,Delivered,Debit Card
ORD007447,CUST58252,0000-00-00,WH004,DELIVERED,cod
ORD007448,CUST03277,10/15/2024,WH010,Delivered,Net Banking
ORD007449,CUST02932,26 Aug 2022,WH006,DELIVERED,Cash on Delivery
ORD007450,CUST02626,2023-05-06,WH014,Cancelled,Cash on Delivery
ORD007451,CUST03165,02/14/2024,WH008,Pending,COD
ORD007452,CUST01448,03/04/2024,WH018,Pending,Net Banking
ORD007453,CUST02355,2022/08/28,WH009,Cancelled,COD
ORD007454,CUST01965,10/22/2023,WH013,Shipped,COD
ORD007455,CUST00781,20/03/2024,WH009,Cancelled,Debit Card
ORD007456,CUST02826,15-10-2024,WH001,Returned,Debit Card
ORD007457,CUST00311,05-01-2022,WH002,Processing,COD
ORD007458,CUST03977,07/12/2023,WH001,DELIVERED,COD
ORD007459,CUST03190,2024/05/04,WH013,Cancelled,COD
ORD007460,CUST00756,23 May 2024,WH016,Shipped,Debit Card
ORD007461,CUST01868,21 Aug 2023,WH011,Pending,Cash on Delivery
ORD007462,CUST01590,2024-01-24,WH005,Returned,Debit Card
ORD007463,CUST00952,12/23/2022,WH016,Shipped,Credit Card
ORD007464,CUST02687,17/07/2024,WH010,SHIPPED,UPI
ORD007465,CUST00587,13-12-2024,WH007,delivered,Debit Card
ORD007466,CUST00972,18/12/2024,WH005,returned,COD
ORD007467,CUST03974,2023-07-27,WH010,Processing,UPI
ORD007468,CUST01119,18 Mar 2024,WH004,Pending,cod
ORD007469,CUST03344,2023-04-21,WH014,Cancelled,UPI
ORD007470,CUST50686,19 May 2023,WH004,processing,UPI
ORD007471,CUST01174,21/05/2022,WH018,Returned,COD
ORD007472,CUST03843,08 Aug 2022,WH015,Cancelled,cod
ORD007473,CUST01085,2024-10-11,WH002,Returned,Net Banking
ORD007474,CUST02443,2022-10-19,WH016,delivered,Debit Card
ORD007475,CUST00068,2024/08/23,WH013,DELIVERED,Cash on Delivery
ORD007476,CUST00737,03/07/2024,WH008,Pending,Net Banking
ORD007477,CUST03967,08 Feb 2023,WH010,Cancelled,Cash on Delivery
ORD007478,CUST00861,31/03/2023,WH012,Processing,COD
ORD007479,CUST01603,2024/10/19,WH012,Pending,Cash on Delivery
ORD007480,CUST01864,23-07-2023,WH017,Returned,UPI
ORD007481,CUST00793,10/26/2022,WH014,Returned,Net Banking
ORD007482,CUST01330,09/20/2022,WH012,cancelled,cod
ORD007483,CUST00037,28/03/2024,WH012,Processing,Debit Card
ORD007484,CUST01236,08/27/2024,WH009,Returned,Net Banking
ORD007485,CUST01678,07-07-2022,WH016,Returned,Credit Card
ORD007486,CUST03409,01/10/2024,WH017,Cancelled,cod
ORD007487,CUST02947,06/01/2022,WH010,DELIVERED,Net Banking
ORD007488,CUST02599,31/07/2023,WH018,Processing,cod
ORD007489,CUST02382,2024-12-25,WH014,RETURNED,Debit Card
ORD007490,CUST03773,07/14/2023,WH014,Pending,UPI
ORD007491,CUST02871,07/24/2024,WH004,Cancelled,Cash on Delivery
ORD007492,CUST01402,2022-03-23,WH003,Returned,Cash on Delivery
ORD007493,CUST01386,03/08/2023,WH014,Cancelled,Cash on Delivery
ORD007494,CUST03045,2024/08/27,WH004,delivered,COD
ORD007495,CUST00924,2023-06-17,WH017,pending,cod
ORD007496,CUST02956,2024/02/28,WH007,Pending,COD
ORD007497,CUST01143,20 Jun 2024,WH009,Cancelled,Debit Card
ORD007498,CUST02261,05-08-2022,WH007,Pending,Credit Card
ORD007499,CUST01038,29-06-2023,WH013,Processing,Credit Card
ORD007500,CUST02705,,WH004,Returned,cod
ORD007501,CUST02317,2023-05-27,WH011,Processing,Credit Card
ORD007502,CUST01287,2023/01/21,WH012,Shipped,Net Banking
ORD007503,CUST02433,28-03-2024,WH012,Delivered,Debit Card
ORD007504,CUST02009,2022-08-29,WH014,Shipped,cod
ORD007505,CUST03145,26/02/2023,WH018,CANCELLED,Cash on Delivery
ORD007506,CUST01363,01 Oct 2022,WH005,Delivered,Credit Card
ORD007507,CUST00591,2023-04-06,WH017,CANCELLED,COD
ORD007508,CUST02320,06/28/2022,WH007,DELIVERED,cod
ORD007509,CUST01230,2022-04-02,WH012,Processing,Credit Card
ORD007510,CUST02500,2023-07-25,WH018,Cancelled,Cash on Delivery
ORD007511,CUST03421,2022-10-26,WH005,Returned,cod
ORD007512,CUST02349,2023-02-15,WH014,RETURNED,Cash on Delivery
ORD007513,CUST03080,2024-01-22,WH013,Shipped,COD
ORD007514,CUST01261,21/08/2022,WH006,DELIVERED,COD
ORD007515,CUST02546,16/08/2023,WH010,PROCESSING,Credit Card
ORD007516,CUST00405,02-04-2022,WH004,Pending,COD
ORD007517,CUST03932,2023-11-06,WH003,Delivered,cod
ORD007518,CUST02106,2022-08-27,WH004,pending,Debit Card
ORD007519,CUST00199,05 Nov 2024,WH016,Returned,Cash on Delivery
ORD007520,CUST02452,05-11-2024,WH001,shipped,COD
ORD007521,CUST02519,28/10/2022,WH003,processing,Cash on Delivery
ORD007522,CUST01895,11-06-2024,WH009,Delivered,cod
ORD007523,CUST00213,2023-10-04,WH005,Cancelled,Debit Card
ORD007524,CUST02941,27-06-2022,WH002,Processing,UPI
ORD007525,CUST03417,13 Sep 2024,WH015,Returned,Credit Card
ORD007526,CUST01183,27-01-2023,WH008,Cancelled,Net Banking
ORD007527,CUST54914,2023/07/14,WH009,Delivered,Cash on Delivery
ORD007528,CUST02753,2022-10-01,WH013,Pending,COD
ORD007529,CUST03224,06/27/2022,WH003,shipped,Net Banking
ORD007530,CUST02433,19 Feb 2022,WH007,PENDING,UPI
ORD007531,CUST01324,14-02-2022,WH018,Pending,Cash on Delivery
ORD007532,CUST01593,03 Oct 2022,WH018,Delivered,COD
ORD007533,CUST03961,07/15/2022,WH016,Delivered,Net Banking
ORD007534,CUST02450,11/27/2023,WH003,Cancelled,Net Banking
ORD007535,CUST02376,03 Jul 2024,WH016,Shipped,Net Banking
ORD007536,CUST00776,07 Sep 2023,WH012,Cancelled,Debit Card
ORD007537,CUST02258,0000-00-00,WH008,Processing,UPI
ORD007538,CUST03548,11/05/2023,WH007,Cancelled,Cash on Delivery
ORD007539,CUST03897,14-12-2022,WH002,Processing,Debit Card
ORD007540,CUST03087,24-03-2024,WH017,shipped,Cash on Delivery
ORD007541,CUST02694,27/02/2023,WH011,Delivered,COD
ORD007542,CUST01384,0000-00-00,WH007,Pending,Debit Card
ORD007543,CUST03193,25 Mar 2023,WH009,Returned,Net Banking
ORD007544,CUST01823,2024/03/19,WH009,Shipped,Credit Card
ORD007545,CUST00110,25/03/2023,WH009,Shipped,Credit Card
ORD007546,CUST02982,31 Aug 2022,WH012,Returned,cod
ORD007547,CUST01294,2024/05/19,WH005,SHIPPED,cod
ORD007548,CUST01675,2022/07/03,WH016,Delivered,UPI
ORD007549,CUST02101,08/06/2024,WH005,Cancelled,cod
ORD007550,CUST03138,02/06/2024,WH017,Pending,Net Banking
ORD007551,CUST02023,18 Apr 2024,WH014,Returned,cod
ORD007552,CUST00856,2024/09/19,WH009,Returned,COD
ORD007553,CUST00406,12-02-2023,WH018,Pending,Credit Card
ORD007554,CUST02898,31/07/2024,WH018,Processing,UPI
ORD007555,CUST03409,06/12/2022,WH008,Cancelled,Debit Card
ORD007556,CUST01248,2024/05/24,WH004,Processing,COD
ORD007557,CUST02612,04/08/2023,WH011,PROCESSING,Credit Card
ORD007558,CUST01493,2024/06/09,WH004,Delivered,Debit Card
ORD007559,CUST01670,17 Jun 2024,WH016,Pending,Net Banking
ORD007560,CUST02353,2023/12/24,WH012,Shipped,Debit Card
ORD007561,CUST02162,22/04/2023,WH016,Delivered,Debit Card
ORD007562,CUST00812,09-12-2023,WH013,Processing,Cash on Delivery
ORD007563,CUST03003,02/24/2023,WH016,Delivered,cod
ORD007564,CUST01300,2023/02/19,WH011,Pending,Cash on Delivery
ORD007565,CUST00730,2024-05-29,WH007,Pending,Credit Card
ORD007566,CUST01306,08-10-2023,WH001,Processing,Debit Card
ORD007567,CUST02664,23/12/2023,WH015,Processing,UPI
ORD007568,CUST03593,05/05/2022,WH011,Delivered,Debit Card
ORD007569,CUST03486,26/09/2023,WH005,Pending,cod
ORD007570,CUST00526,06/29/2024,WH001,delivered,Credit Card
ORD007571,CUST03465,,WH017,Cancelled,Credit Card
ORD007572,CUST02322,03-04-2022,WH012,Processing,cod
ORD007573,CUST02457,10-05-2022,WH002,Pending,COD
ORD007574,CUST03463,17 Sep 2022,WH011,processing,Debit Card
ORD007575,CUST02952,02/08/2024,WH009,Returned,cod
ORD007576,CUST01773,02/17/2023,WH002,Cancelled,Net Banking
ORD007577,CUST00645,25-03-2024,WH002,Cancelled,Net Banking
ORD007578,CUST00891,23-10-2023,WH011,delivered,cod
ORD007579,CUST01127,2022-09-26,WH014,Shipped,Credit Card
ORD007580,CUST00696,2023/11/11,WH018,DELIVERED,cod
ORD007581,CUST01926,30-08-2023,WH001,Pending,Net Banking
ORD007582,CUST03403,02/03/2024,WH007,DELIVERED,COD
ORD007583,CUST02206,2022/10/03,WH014,Cancelled,Credit Card
ORD007584,CUST00230,29 Apr 2023,WH016,Shipped,COD
ORD007585,CUST00050,10 Dec 2024,WH002,Delivered,Debit Card
ORD007586,CUST00434,2024/02/26,WH008,Returned,Cash on Delivery
ORD007587,CUST02026,03-03-2023,WH015,Returned,cod
ORD007588,CUST02139,2022-09-09,WH013,Delivered,Cash on Delivery
ORD007589,CUST03119,08/18/2022,WH011,Pending,Net Banking
ORD007590,CUST00164,06 Nov 2023,WH017,Pending,cod
ORD007591,CUST00352,18/07/2023,WH014,SHIPPED,Net Banking
ORD007592,CUST02350,03/26/2024,WH013,Pending,cod
ORD007593,CUST03800,2022-01-02,WH008,Cancelled,UPI
ORD007594,CUST01160,2022/01/28,WH006,Cancelled,cod
ORD007595,CUST03653,2022/01/03,WH007,Delivered,cod
ORD007596,CUST02318,02/14/2024,WH017,Cancelled,UPI
ORD007597,CUST00187,29 Sep 2022,WH006,Processing,COD
ORD007598,CUST02158,18-07-2022,WH010,Shipped,Cash on Delivery
ORD007599,CUST00814,11/04/2023,WH012,RETURNED,Net Banking
ORD007600,CUST00782,31 Oct 2022,WH013,Shipped,Credit Card
ORD007601,CUST02847,20/03/2023,WH007,Shipped,Debit Card
ORD007602,CUST00807,2024/10/11,WH009,Returned,COD
ORD007603,CUST02523,0000-00-00,WH002,Pending,Debit Card
ORD007604,CUST01803,2024/11/26,WH005,Returned,Cash on Delivery
ORD007605,CUST02975,2023-05-26,WH016,Processing,COD
ORD007606,CUST01289,05/16/2024,WH016,CANCELLED,COD
ORD007607,CUST02038,2024/12/27,WH011,RETURNED,Net Banking
ORD007608,CUST01994,28 Aug 2022,WH005,processing,COD
ORD007609,CUST03485,09 Dec 2023,WH006,Delivered,Credit Card
ORD007610,CUST01981,2022-01-08,WH008,DELIVERED,Cash on Delivery
ORD007611,CUST00052,13/11/2024,WH010,Processing,cod
ORD007612,CUST03123,05/02/2023,WH010,Processing,Debit Card
ORD007613,CUST01257,30/03/2024,WH007,DELIVERED,UPI
ORD007614,CUST00104,01/30/2023,WH016,Returned,Net Banking
ORD007615,CUST01175,23/07/2022,WH011,Returned,Credit Card
ORD007616,CUST01207,21-10-2022,WH017,Shipped,Net Banking
ORD007617,CUST01028,21/07/2022,WH005,Shipped,cod
ORD007618,CUST01092,23/04/2022,WH013,Shipped,COD
ORD007619,CUST00776,27-11-2024,WH004,Returned,cod
ORD007620,CUST59623,26 Feb 2022,WH012,Returned,Debit Card
ORD007621,CUST03593,30/05/2022,WH009,SHIPPED,Net Banking
ORD007622,CUST54718,25-02-2024,WH006,Returned,UPI
ORD007623,CUST01703,11/30/2024,WH001,Cancelled,Debit Card
ORD007624,CUST03301,0000-00-00,WH008,Returned,Debit Card
ORD007625,CUST03003,2023-12-17,WH007,SHIPPED,Credit Card
ORD007626,CUST02422,2024-01-30,WH008,PENDING,Debit Card
ORD007627,CUST01014,28/12/2023,WH007,Returned,Net Banking
ORD007628,CUST02526,08-01-2022,WH009,PROCESSING,Credit Card
ORD007629,CUST03088,2022-06-30,WH014,Cancelled,Cash on Delivery
ORD007630,CUST01512,2022-01-29,WH015,Returned,COD
ORD007631,CUST03980,2024-10-03,WH003,Shipped,Debit Card
ORD007632,CUST00033,0000-00-00,WH008,Cancelled,COD
ORD007633,CUST00929,07/27/2023,WH003,Cancelled,Net Banking
ORD007634,CUST00868,11-04-2023,WH007,Pending,cod
ORD007635,CUST02013,10/13/2023,WH014,Cancelled,Debit Card
ORD007636,CUST01485,10/09/2022,WH007,processing,cod
ORD007637,CUST00856,,WH014,Processing,Debit Card
ORD007638,CUST03224,27 Feb 2024,WH015,shipped,UPI
ORD007639,CUST00966,20-03-2024,WH017,Delivered,Cash on Delivery
ORD007640,CUST02700,04/22/2022,WH007,Delivered,Credit Card
ORD007641,CUST01444,2023-03-23,WH017,Shipped,UPI
ORD007642,CUST03672,06 Oct 2022,WH001,Shipped,Net Banking
ORD007643,CUST01792,04/25/2023,WH008,Pending,Cash on Delivery
ORD007644,CUST02974,2024-09-29,WH005,Shipped,UPI
ORD007645,CUST03453,18 Aug 2023,WH013,CANCELLED,UPI
ORD007646,CUST03393,2022/02/11,WH013,Shipped,Credit Card
ORD007647,CUST01194,29-06-2022,WH004,Delivered,COD
ORD007648,CUST00884,2023/09/26,WH017,Processing,Cash on Delivery
ORD007649,CUST03909,2024/01/17,WH010,PENDING,cod
ORD007650,CUST00396,13/03/2023,WH001,Shipped,Debit Card
ORD007651,CUST00264,01-09-2023,WH011,Processing,Credit Card
ORD007652,CUST02689,09/06/2023,WH010,RETURNED,UPI
ORD007653,CUST01200,04/11/2023,WH018,Cancelled,Credit Card
ORD007654,CUST03284,14 Jun 2022,WH004,shipped,Credit Card
ORD007655,CUST02204,25-09-2022,WH015,Cancelled,cod
ORD007656,CUST00990,16-05-2023,WH011,cancelled,Debit Card
ORD007657,CUST01718,2024/03/18,WH011,CANCELLED,UPI
ORD007658,CUST02056,2022/04/20,WH009,Delivered,COD
ORD007659,CUST03492,2022-05-07,WH004,Delivered,Cash on Delivery
ORD007660,CUST00157,09/05/2023,WH012,Delivered,Cash on Delivery
ORD007661,CUST01486,26/07/2023,WH007,Returned,Credit Card
ORD007662,CUST01754,11/21/2022,WH016,Pending,COD
ORD007663,CUST03523,10/17/2022,WH002,Returned,COD
ORD007664,CUST02367,2023/10/01,WH005,processing,cod
ORD007665,CUST01219,07/27/2024,WH010,Pending,Net Banking
ORD007666,CUST01779,2024-12-26,WH004,PROCESSING,Net Banking
ORD007667,CUST02264,2023/09/08,WH007,Pending,UPI
ORD007668,CUST02923,09/09/2024,WH004,Pending,cod
ORD007669,CUST00654,13/01/2022,WH009,Shipped,COD
ORD007670,CUST00607,2023/08/31,WH016,Cancelled,Net Banking
ORD007671,CUST00827,,WH003,Returned,Cash on Delivery
ORD007672,CUST00955,2023/07/05,WH003,Pending,Net Banking
ORD007673,CUST00457,2022-02-16,WH008,Processing,Credit Card
ORD007674,CUST03104,11/09/2024,WH012,PROCESSING,UPI
ORD007675,CUST03334,14-08-2024,WH012,Returned,Cash on Delivery
ORD007676,CUST55199,15 Jul 2022,WH002,Pending,Net Banking
ORD007677,CUST03588,16/07/2023,WH011,Processing,Cash on Delivery
ORD007678,CUST01532,08/03/2024,WH003,Shipped,UPI
ORD007679,CUST02177,11-11-2023,WH015,Delivered,COD
ORD007680,CUST01741,08/01/2024,WH002,Shipped,COD
ORD007681,CUST01057,21 Sep 2024,WH015,Processing,Debit Card
ORD007682,CUST03073,12 Feb 2022,WH014,CANCELLED,Net Banking
ORD007683,CUST02389,20/09/2023,WH011,Delivered,UPI
ORD007684,CUST57303,26-03-2024,WH012,returned,cod
ORD007685,CUST01678,19 Mar 2023,WH009,PENDING,COD
ORD007686,CUST00188,25/08/2024,WH014,Returned,COD
ORD007687,CUST03408,2023-10-15,WH010,Delivered,UPI
ORD007688,CUST00280,07/08/2022,WH010,Shipped,cod
ORD007689,CUST02784,15 Aug 2023,WH010,Returned,UPI
ORD007690,CUST01737,02/21/2023,WH007,delivered,Debit Card
ORD007691,CUST02202,16-05-2023,WH006,Shipped,cod
ORD007692,CUST02695,09/10/2023,WH005,Returned,Net Banking
ORD007693,CUST03423,,WH013,Shipped,Credit Card
ORD007694,CUST02726,2023/11/16,WH012,Pending,Cash on Delivery
ORD007695,CUST00546,2022-04-05,WH004,Cancelled,COD
ORD007696,CUST02048,07-06-2023,WH008,Cancelled,cod
ORD007697,CUST01179,2023/10/18,WH014,Returned,Cash on Delivery
ORD007698,CUST02162,2023/08/13,WH015,Pending,Cash on Delivery
ORD007699,CUST03042,2023/05/25,WH005,delivered,Cash on Delivery
ORD007700,CUST03202,01/02/2023,WH005,Processing,COD
ORD007701,CUST00696,,WH017,processing,cod
ORD007702,CUST00993,2022/06/26,WH011,Delivered,Credit Card
ORD007703,CUST00675,24/08/2024,WH005,Returned,Debit Card
ORD007704,CUST02001,14 Feb 2023,WH008,processing,Net Banking
ORD007705,CUST03782,2024/12/30,WH015,Delivered,UPI
ORD007706,CUST02963,01 Sep 2022,WH016,Delivered,UPI
ORD007707,CUST01283,01/25/2022,WH011,Cancelled,Debit Card
ORD007708,CUST03396,2022-09-15,WH008,Returned,Cash on Delivery
ORD007709,CUST03556,21 Aug 2023,WH017,Processing,UPI
ORD007710,CUST02450,11/05/2022,WH005,Pending,UPI
ORD007711,CUST02181,08/27/2024,WH015,Shipped,UPI
ORD007712,CUST01266,17-09-2023,WH016,PROCESSING,Net Banking
ORD007713,CUST03422,19-09-2022,WH006,delivered,Credit Card
ORD007714,CUST03974,07/12/2024,WH018,Pending,UPI
ORD007715,CUST01750,05-11-2022,WH002,Processing,Cash on Delivery
ORD007716,CUST03972,02/10/2022,WH007,Pending,Credit Card
ORD007717,CUST02343,21/08/2023,WH003,Shipped,Cash on Delivery
ORD007718,CUST01654,2023-02-24,WH014,Shipped,Credit Card
ORD007719,CUST00120,2024/04/29,WH003,CANCELLED,Credit Card
ORD007720,CUST03566,23-09-2023,WH016,Cancelled,cod
ORD007721,CUST02949,04 Sep 2023,WH007,PENDING,COD
ORD007722,CUST00446,24/02/2024,WH018,Processing,Debit Card
ORD007723,CUST03271,11/27/2022,WH018,PENDING,Cash on Delivery
ORD007724,CUST02706,2022-11-16,WH014,Pending,Net Banking
ORD007725,CUST02984,05/08/2023,WH007,DELIVERED,Credit Card
ORD007726,CUST00892,02/10/2024,WH015,PROCESSING,Debit Card
ORD007727,CUST03607,,WH002,Cancelled,Net Banking
ORD007728,CUST00756,28 May 2024,WH018,Pending,cod
ORD007729,CUST02959,10/07/2024,WH015,Returned,cod
ORD007730,CUST01124,28/03/2024,WH009,delivered,UPI
ORD007731,CUST02004,10/12/2022,WH009,Pending,cod
ORD007732,CUST02426,03/10/2022,WH013,Delivered,UPI
ORD007733,CUST01489,2022/03/17,WH008,Pending,Net Banking
ORD007734,CUST00515,2024-09-26,WH009,cancelled,COD
ORD007735,CUST03434,05-05-2024,WH006,Processing,COD
ORD007736,CUST02028,22-08-2024,WH007,Returned,Credit Card
ORD007737,CUST02387,04/07/2023,WH013,delivered,UPI
ORD007738,CUST03113,14/10/2024,WH018,Cancelled,Credit Card
ORD007739,CUST03200,2024-12-25,WH005,PROCESSING,Net Banking
ORD007740,CUST01462,05/12/2022,WH005,Delivered,COD
ORD007741,CUST03140,2024-04-13,WH015,Shipped,Net Banking
ORD007742,CUST01508,0000-00-00,WH016,cancelled,COD
ORD007743,CUST03320,2022-09-28,WH002,Pending,Net Banking
ORD007744,CUST01415,30 Jul 2023,WH012,Returned,Cash on Delivery
ORD007745,CUST01989,,WH018,pending,Debit Card
ORD007746,CUST03897,02/08/2024,WH001,delivered,COD
ORD007747,CUST03210,06/29/2023,WH013,Cancelled,Debit Card
ORD007748,CUST00405,08/02/2024,WH012,Delivered,UPI
ORD007749,CUST01630,02-09-2023,WH003,Delivered,Debit Card
ORD007750,CUST02193,07/07/2023,WH002,Delivered,UPI
ORD007751,CUST01095,11/12/2022,WH001,Shipped,Net Banking
ORD007752,CUST02156,03 Sep 2022,WH004,Returned,Net Banking
ORD007753,CUST02058,2024-08-30,WH005,Delivered,Debit Card
ORD007754,CUST03763,03/24/2022,WH002,Processing,Cash on Delivery
ORD007755,CUST00160,30/03/2023,WH015,Delivered,COD
ORD007756,CUST02110,19/04/2023,WH014,Processing,Net Banking
ORD007757,CUST01840,14-04-2024,WH016,Processing,UPI
ORD007758,CUST03740,2024-08-01,WH018,Shipped,Cash on Delivery
ORD007759,CUST03887,01/04/2022,WH002,Shipped,Cash on Delivery
ORD007760,CUST02928,13-04-2022,WH003,Pending,Cash on Delivery
ORD007761,CUST01918,03/07/2022,WH013,pending,UPI
ORD007762,CUST01469,06/12/2024,WH009,Shipped,COD
ORD007763,CUST01736,2024/03/06,WH001,Cancelled,Cash on Delivery
ORD007764,CUST00682,15 Oct 2024,WH012,CANCELLED,Net Banking
ORD007765,CUST01052,2024-06-07,WH002,Processing,UPI
ORD007766,CUST01099,2024/05/15,WH007,Pending,COD
ORD007767,CUST02596,2023/12/09,WH004,RETURNED,Net Banking
ORD007768,CUST01954,02/01/2022,WH004,Shipped,Cash on Delivery
ORD007769,CUST03307,06/27/2023,WH009,shipped,cod
ORD007770,CUST02486,02-06-2024,WH015,Pending,Debit Card
ORD007771,CUST02784,12/01/2024,WH018,Processing,Cash on Delivery
ORD007772,CUST00597,01/07/2022,WH006,Delivered,Debit Card
ORD007773,CUST01218,2023/12/24,WH016,Delivered,UPI
ORD007774,CUST02145,2023/05/07,WH014,Returned,UPI
ORD007775,CUST00514,10 Sep 2022,WH003,Cancelled,UPI
ORD007776,CUST03372,06/14/2023,WH003,processing,Net Banking
ORD007777,CUST02376,21-10-2022,WH014,Pending,Cash on Delivery
ORD007778,CUST01433,16-09-2022,WH001,Pending,Net Banking
ORD007779,CUST00461,27/08/2022,WH002,Delivered,COD
ORD007780,CUST00661,06 Oct 2024,WH011,Shipped,Credit Card
ORD007781,CUST02558,2024/12/09,WH011,cancelled,Credit Card
ORD007782,CUST03456,15-03-2023,WH011,Cancelled,cod
ORD007783,CUST02780,2022-05-17,WH009,Shipped,UPI
ORD007784,CUST00633,2022/12/05,WH010,Cancelled,cod
ORD007785,CUST01503,2022/10/02,WH014,RETURNED,cod
ORD007786,CUST00024,2022-02-15,WH010,Returned,Debit Card
ORD007787,CUST03451,2022/01/17,WH010,SHIPPED,UPI
ORD007788,CUST01478,08/01/2024,WH007,CANCELLED,Net Banking
ORD007789,CUST02780,13-03-2023,WH015,Returned,Cash on Delivery
ORD007790,CUST03031,2023-08-01,WH002,pending,cod
ORD007791,CUST03553,15-05-2024,WH011,Pending,Credit Card
ORD007792,CUST00205,14-09-2024,WH010,Delivered,Cash on Delivery
ORD007793,CUST03675,13/06/2022,WH007,Pending,Debit Card
ORD007794,CUST02630,2023/08/16,WH009,Returned,Debit Card
ORD007795,CUST01399,12/09/2023,WH005,Delivered,COD
ORD007796,CUST00423,2023-08-24,WH003,cancelled,Debit Card
ORD007797,CUST03972,22 Dec 2023,WH013,DELIVERED,COD
ORD007798,CUST02647,23-06-2022,WH015,RETURNED,UPI
ORD007799,CUST02386,2022/08/09,WH012,Pending,cod
ORD007800,CUST01140,07/01/2023,WH003,Pending,Cash on Delivery
ORD007801,CUST01570,15/03/2024,WH004,delivered,COD
ORD007802,CUST00011,22/06/2023,WH003,shipped,Net Banking
ORD007803,CUST03128,2023/01/19,WH008,SHIPPED,Credit Card
ORD007804,CUST00199,2023-01-27,WH006,processing,Debit Card
ORD007805,CUST01322,2023-07-23,WH003,processing,cod
ORD007806,CUST02728,2023-02-09,WH002,Delivered,Debit Card
ORD007807,CUST02425,06/28/2022,WH001,Shipped,Cash on Delivery
ORD007808,CUST01105,28/03/2023,WH013,Cancelled,Credit Card
ORD007809,CUST00093,2023-12-12,WH014,Delivered,cod
ORD007810,CUST00567,2022/07/04,WH009,Cancelled,Cash on Delivery
ORD007811,CUST03515,2024/02/04,WH016,PROCESSING,Cash on Delivery
ORD007812,CUST03800,,WH003,Cancelled,UPI
ORD007813,CUST00280,2023-06-08,WH007,shipped,cod
ORD007814,CUST00549,2022-07-05,WH015,Processing,cod
ORD007815,CUST00733,2022/03/15,WH015,Delivered,Credit Card
ORD007816,CUST00039,2023-12-23,WH009,Returned,Credit Card
ORD007817,CUST02419,2022/12/01,WH005,Processing,Credit Card
ORD007818,CUST03814,04/04/2024,WH001,Processing,UPI
ORD007819,CUST00657,05/04/2022,WH018,Processing,Net Banking
ORD007820,CUST02332,23/09/2022,WH004,Shipped,Cash on Delivery
ORD007821,CUST03835,14 Aug 2022,WH008,Returned,UPI
ORD007822,CUST02437,09/02/2023,WH017,CANCELLED,COD
ORD007823,CUST00808,2024-07-06,WH012,Processing,COD
ORD007824,CUST02634,2023-04-18,WH002,Shipped,Credit Card
ORD007825,CUST00129,31 May 2024,WH004,Returned,Net Banking
ORD007826,CUST03344,2024/03/14,WH014,Processing,Net Banking
ORD007827,CUST03287,2023-02-18,WH018,Delivered,cod
ORD007828,CUST03252,05/29/2023,WH004,Returned,Debit Card
ORD007829,CUST01968,,WH012,Pending,Net Banking
ORD007830,CUST03520,10/18/2024,WH008,SHIPPED,Net Banking
ORD007831,CUST00720,2024/08/04,WH004,Cancelled,Credit Card
ORD007832,CUST01711,10/06/2022,WH007,Delivered,cod
ORD007833,CUST01981,14/06/2024,WH014,cancelled,Debit Card
ORD007834,CUST02420,02/28/2023,WH002,Shipped,cod
ORD007835,CUST01476,03/10/2022,WH011,PROCESSING,Net Banking
ORD007836,CUST01016,2022/10/17,WH013,PENDING,Cash on Delivery
ORD007837,CUST03337,2022-08-01,WH005,Processing,COD
ORD007838,CUST00960,2024-10-29,WH008,DELIVERED,Credit Card
ORD007839,CUST03057,0000-00-00,WH002,Shipped,cod
ORD007840,CUST00235,2022/04/21,WH016,CANCELLED,UPI
ORD007841,CUST02171,24 Oct 2023,WH004,SHIPPED,Credit Card
ORD007842,CUST00118,21-08-2024,WH015,CANCELLED,Credit Card
ORD007843,CUST03725,2023-12-31,WH017,Delivered,Cash on Delivery
ORD007844,CUST00562,10/01/2022,WH010,Cancelled,cod
ORD007845,CUST01905,2024-03-16,WH003,Processing,UPI
ORD007846,CUST00513,04-09-2024,WH010,Returned,UPI
ORD007847,CUST00736,21-11-2024,WH001,Pending,Debit Card
ORD007848,CUST01005,21 Jan 2023,WH017,PENDING,COD
ORD007849,CUST03236,27 May 2022,WH008,Cancelled,cod
ORD007850,CUST03456,31-08-2022,WH002,pending,Net Banking
ORD007851,CUST02810,2024-11-01,WH009,RETURNED,Net Banking
ORD007852,CUST00526,2024-04-18,WH002,Delivered,Debit Card
ORD007853,CUST03146,29 Jul 2023,WH007,pending,cod
ORD007854,CUST03481,07/08/2024,WH005,Processing,UPI
ORD007855,CUST01242,01 Jan 2022,WH002,Delivered,Debit Card
ORD007856,CUST01469,19 Nov 2024,WH002,Shipped,Cash on Delivery
ORD007857,CUST00515,2023/09/11,WH012,Cancelled,Debit Card
ORD007858,CUST03899,08/22/2022,WH018,Pending,Debit Card
ORD007859,CUST03900,05 Sep 2023,WH001,Processing,UPI
ORD007860,CUST01268,08/08/2022,WH003,Shipped,COD
ORD007861,CUST01612,2023-04-10,WH018,Processing,Cash on Delivery
ORD007862,CUST00521,22-07-2022,WH014,Delivered,Credit Card
ORD007863,CUST01058,17-04-2024,WH010,Returned,COD
ORD007864,CUST01018,01 Jan 2024,WH015,Shipped,cod
ORD007865,CUST00792,2022-12-29,WH003,Cancelled,Debit Card
ORD007866,CUST03610,01-10-2024,WH011,RETURNED,Credit Card
ORD007867,CUST01038,23 May 2022,WH001,Returned,COD
ORD007868,CUST01930,2024-12-07,WH016,Pending,Credit Card
ORD007869,CUST02058,2024/04/16,WH002,Pending,Net Banking
ORD007870,CUST03748,2023-02-25,WH003,Returned,Cash on Delivery
ORD007871,CUST01729,03/01/2023,WH005,delivered,cod
ORD007872,CUST00834,07 Sep 2023,WH009,Processing,Credit Card
ORD007873,CUST03252,24/10/2023,WH014,PROCESSING,Net Banking
ORD007874,CUST03017,13/02/2022,WH004,Cancelled,Credit Card
ORD007875,CUST03502,0000-00-00,WH017,PROCESSING,Net Banking
ORD007876,CUST01484,28-12-2022,WH008,Pending,Credit Card
ORD007877,CUST01815,29/06/2023,WH008,shipped,Net Banking
ORD007878,CUST00387,05/08/2022,WH015,Pending,Credit Card
ORD007879,CUST01251,2024-10-20,WH010,Shipped,Net Banking
ORD007880,CUST00411,2024/03/18,WH011,Processing,Net Banking
ORD007881,CUST02659,08 Nov 2023,WH005,Cancelled,UPI
ORD007882,CUST00378,2022-05-20,WH016,pending,UPI
ORD007883,CUST02717,09/03/2023,WH014,PROCESSING,cod
ORD007884,CUST00859,2024-05-17,WH014,Shipped,Credit Card
ORD007885,CUST03548,2022/04/12,WH004,returned,COD
ORD007886,CUST03333,03/18/2024,WH017,Returned,Net Banking
ORD007887,CUST02140,13/12/2024,WH017,Shipped,Credit Card
ORD007888,CUST03954,12/04/2024,WH014,SHIPPED,Credit Card
ORD007889,CUST03158,2024-03-01,WH018,Delivered,cod
ORD007890,CUST02925,29-08-2022,WH015,Pending,Cash on Delivery
ORD007891,CUST03829,11/30/2023,WH002,shipped,COD
ORD007892,CUST01788,03 Feb 2022,WH004,Processing,cod
ORD007893,CUST00467,05-08-2022,WH005,Pending,COD
ORD007894,CUST02207,16-10-2024,WH018,CANCELLED,COD
ORD007895,CUST00492,24-02-2023,WH003,Cancelled,UPI
ORD007896,CUST03366,2022-06-05,WH016,DELIVERED,Credit Card
ORD007897,CUST03138,05-01-2022,WH016,Returned,Net Banking
ORD007898,CUST02197,2023-05-18,WH007,Shipped,UPI
ORD007899,CUST01519,08/08/2023,WH007,Processing,cod
ORD007900,CUST00491,2022-08-22,WH001,Cancelled,Debit Card
ORD007901,CUST02914,2022/09/27,WH005,PROCESSING,UPI
ORD007902,CUST02594,15/08/2022,WH006,Shipped,cod
ORD007903,CUST01146,2023-05-20,WH009,shipped,UPI
ORD007904,CUST00220,04/05/2024,WH007,Processing,UPI
ORD007905,CUST01833,24/09/2022,WH004,Cancelled,cod
ORD007906,CUST02707,05/09/2024,WH013,Pending,cod
ORD007907,CUST03476,03-01-2022,WH013,Shipped,Cash on Delivery
ORD007908,CUST01144,07-04-2024,WH010,Delivered,cod
ORD007909,CUST03846,2024/07/03,WH001,Returned,Cash on Delivery
ORD007910,CUST03760,08/24/2023,WH017,Pending,Debit Card
ORD007911,CUST03147,2024-03-06,WH011,RETURNED,UPI
ORD007912,CUST03540,07-05-2023,WH002,Returned,Debit Card
ORD007913,CUST02677,11 Sep 2023,WH016,Returned,COD
ORD007914,CUST02440,2023/06/12,WH002,RETURNED,UPI
ORD007915,CUST03445,09-02-2022,WH004,SHIPPED,Credit Card
ORD007916,CUST00825,2023/06/16,WH008,Delivered,COD
ORD007917,CUST00636,06 Nov 2023,WH013,Returned,Net Banking
ORD007918,CUST03573,2022/03/05,WH003,PROCESSING,Cash on Delivery
ORD007919,CUST00808,2024/06/28,WH015,Cancelled,Debit Card
ORD007920,CUST02694,2022/08/07,WH010,Cancelled,COD
ORD007921,CUST01192,20 Sep 2023,WH009,Delivered,cod
ORD007922,CUST01859,10-12-2022,WH013,Shipped,UPI
ORD007923,CUST02774,06/20/2024,WH008,Pending,UPI
ORD007924,CUST03312,09 Oct 2024,WH006,Returned,Cash on Delivery
ORD007925,CUST02443,29-03-2023,WH018,Cancelled,Cash on Delivery
ORD007926,CUST03433,14-12-2022,WH015,Shipped,Credit Card
ORD007927,CUST01915,2023-03-30,WH018,Delivered,Credit Card
ORD007928,CUST03265,2023-11-26,WH007,Processing,Debit Card
ORD007929,CUST01483,05/09/2023,WH010,Pending,Debit Card
ORD007930,CUST02076,22/09/2022,WH005,Cancelled,cod
ORD007931,CUST03254,13-04-2022,WH018,Processing,Cash on Delivery
ORD007932,CUST03647,05 Feb 2022,WH013,shipped,Debit Card
ORD007933,CUST00916,2023-02-19,WH006,Delivered,Net Banking
ORD007934,CUST02906,18 Jun 2022,WH007,Processing,Credit Card
ORD007935,CUST00961,2024/09/22,WH017,RETURNED,Credit Card
ORD007936,CUST00523,01/04/2022,WH017,Returned,Credit Card
ORD007937,CUST01061,2022-09-14,WH002,RETURNED,UPI
ORD007938,CUST01807,0000-00-00,WH003,Processing,cod
ORD007939,CUST03242,,WH012,PENDING,Net Banking
ORD007940,CUST02050,03-11-2022,WH006,Pending,Net Banking
ORD007941,CUST02219,2024-08-20,WH008,Processing,COD
ORD007942,CUST01925,26/02/2023,WH016,Returned,Credit Card
ORD007943,CUST02767,2024/08/28,WH008,Shipped,Debit Card
ORD007944,CUST00636,2023/09/11,WH013,Pending,Debit Card
ORD007945,CUST02194,2024/11/11,WH013,DELIVERED,UPI
ORD007946,CUST00242,26 Jul 2022,WH013,PROCESSING,Net Banking
ORD007947,CUST01113,20-03-2023,WH011,shipped,Credit Card
ORD007948,CUST00738,16/10/2023,WH018,Delivered,Net Banking
ORD007949,CUST01237,14-05-2023,WH017,Shipped,cod
ORD007950,CUST03659,15-10-2024,WH016,PENDING,cod
ORD007951,CUST03240,16 Apr 2022,WH010,shipped,UPI
ORD007952,CUST02837,2022-02-04,WH015,Cancelled,COD
ORD007953,CUST00511,21-01-2024,WH010,Shipped,Cash on Delivery
ORD007954,CUST02416,2022-02-23,WH002,Returned,Net Banking
ORD007955,CUST00285,30-10-2023,WH005,Delivered,Cash on Delivery
ORD007956,CUST00052,2024/09/22,WH017,PROCESSING,COD
ORD007957,CUST00197,27-03-2022,WH008,Returned,Debit Card
ORD007958,CUST00824,2022-04-04,WH002,Pending,Net Banking
ORD007959,CUST03711,,WH005,processing,Debit Card
ORD007960,CUST03444,07/11/2022,WH007,cancelled,Debit Card
ORD007961,CUST03789,2024/04/14,WH006,Cancelled,Credit Card
ORD007962,CUST02567,06/12/2024,WH017,Processing,Cash on Delivery
ORD007963,CUST01892,11/08/2023,WH017,returned,cod
ORD007964,CUST00416,02/03/2023,WH003,Shipped,UPI
ORD007965,CUST02049,2022/01/22,WH009,Pending,Net Banking
ORD007966,CUST01857,09/13/2024,WH009,pending,Net Banking
ORD007967,CUST00923,2023-12-10,WH004,Delivered,Net Banking
ORD007968,CUST03622,0000-00-00,WH006,Processing,Net Banking
ORD007969,CUST00720,2023/06/13,WH009,Returned,Net Banking
ORD007970,CUST01266,2023-12-16,WH006,Delivered,Debit Card
ORD007971,CUST03926,06/09/2024,WH018,processing,COD
ORD007972,CUST00602,07-06-2024,WH004,Pending,Net Banking
ORD007973,CUST01304,2022/12/05,WH013,Returned,cod
ORD007974,CUST01874,11-05-2023,WH004,Cancelled,UPI
ORD007975,CUST00979,2024/09/03,WH014,processing,cod
ORD007976,CUST01715,13/04/2024,WH002,Delivered,Credit Card
ORD007977,CUST03727,22 Aug 2022,WH010,RETURNED,Cash on Delivery
ORD007978,CUST03879,03/03/2023,WH010,Returned,Cash on Delivery
ORD007979,CUST01034,2024-11-26,WH014,Delivered,Debit Card
ORD007980,CUST03956,2022-11-07,WH003,Returned,Debit Card
ORD007981,CUST01052,2024-09-10,WH008,DELIVERED,Net Banking
ORD007982,CUST00115,2024-05-14,WH012,returned,Net Banking
ORD007983,CUST01722,2024-11-17,WH014,Returned,Credit Card
ORD007984,CUST00025,16 Apr 2024,WH010,Processing,Debit Card
ORD007985,CUST00259,25 Jun 2022,WH005,Cancelled,Debit Card
ORD007986,CUST00983,10/03/2022,WH006,Returned,Cash on Delivery
ORD007987,CUST01802,09-06-2023,WH004,Pending,Cash on Delivery
ORD007988,CUST03089,18 Jan 2023,WH013,DELIVERED,Debit Card
ORD007989,CUST03328,27-06-2022,WH013,PENDING,UPI
ORD007990,CUST00376,24 Jul 2023,WH016,shipped,cod
ORD007991,CUST00925,2024-06-07,WH007,pending,Debit Card
ORD007992,CUST03632,2023/08/05,WH017,PROCESSING,Cash on Delivery
ORD007993,CUST01183,10 Feb 2022,WH011,Pending,cod
ORD007994,CUST01811,2024-11-03,WH006,SHIPPED,Debit Card
ORD007995,CUST52722,08/18/2023,WH010,Shipped,Net Banking
ORD007996,CUST02542,05/31/2023,WH018,Delivered,UPI
ORD007997,CUST02942,16 Jun 2024,WH009,Pending,Debit Card
ORD007998,CUST01325,2024/07/02,WH005,SHIPPED,Net Banking
ORD007999,CUST01645,29-12-2024,WH012,Pending,Cash on Delivery
ORD008000,CUST00826,2023-07-02,WH011,cancelled,Net Banking
ORD008001,CUST01792,17 Feb 2022,WH016,Processing,cod
ORD008002,CUST01974,12-10-2022,WH013,Cancelled,COD
ORD008003,CUST00147,2022-02-26,WH015,Pending,cod
ORD008004,CUST03308,14/09/2024,WH018,returned,Credit Card
ORD008005,CUST03636,2024/04/20,WH016,Pending,UPI
ORD008006,CUST02721,2023-02-21,WH013,Processing,COD
ORD008007,CUST02358,27-11-2024,WH008,Pending,Cash on Delivery
ORD008008,CUST00573,20 Aug 2024,WH007,Cancelled,Net Banking
ORD008009,CUST02757,05/13/2024,WH011,Pending,COD
ORD008010,CUST03998,29 Jul 2024,WH006,Delivered,Debit Card
ORD008011,CUST01360,2023-01-23,WH010,Processing,COD
ORD008012,CUST01094,2023-10-09,WH003,CANCELLED,Net Banking
ORD008013,CUST00312,2024/11/26,WH005,CANCELLED,Cash on Delivery
ORD008014,CUST03850,24-07-2024,WH018,Shipped,cod
ORD008015,CUST00353,2023/04/25,WH002,Shipped,COD
ORD008016,CUST00852,14/01/2022,WH015,cancelled,Net Banking
ORD008017,CUST02601,10/15/2022,WH007,Delivered,UPI
ORD008018,CUST03784,12 Jun 2024,WH015,Cancelled,COD
ORD008019,CUST02368,02-06-2023,WH002,Cancelled,Cash on Delivery
ORD008020,CUST00197,13-06-2022,WH012,Delivered,Net Banking
ORD008021,CUST02067,22-09-2024,WH018,processing,Cash on Delivery
ORD008022,CUST01013,29 Feb 2024,WH010,returned,Debit Card
ORD008023,CUST00314,2023/12/19,WH003,Returned,Credit Card
ORD008024,CUST03662,05/16/2024,WH005,RETURNED,Debit Card
ORD008025,CUST01719,2024-07-23,WH017,Returned,cod
ORD008026,CUST03128,18-11-2022,WH010,shipped,UPI
ORD008027,CUST02868,0000-00-00,WH015,Returned,Net Banking
ORD008028,CUST00063,2024/12/26,WH011,Processing,cod
ORD008029,CUST00402,03/21/2024,WH016,returned,Debit Card
ORD008030,CUST02525,26/07/2022,WH013,shipped,Debit Card
ORD008031,CUST00167,21-12-2024,WH008,PENDING,UPI
ORD008032,CUST02873,10 May 2024,WH005,Shipped,cod
ORD008033,CUST01549,03/19/2022,WH008,Cancelled,Cash on Delivery
ORD008034,CUST01592,28-12-2023,WH003,returned,Net Banking
ORD008035,CUST01460,12-09-2023,WH007,Pending,Net Banking
ORD008036,CUST03665,2023-02-17,WH010,Processing,COD
ORD008037,CUST00672,27/11/2022,WH001,processing,UPI
ORD008038,CUST00448,07/07/2023,WH016,Cancelled,Debit Card
ORD008039,CUST01309,2023/11/13,WH011,RETURNED,Debit Card
ORD008040,CUST00232,29-04-2023,WH001,Cancelled,Debit Card
ORD008041,CUST01285,25-10-2022,WH006,Pending,cod
ORD008042,CUST00156,31/01/2023,WH012,processing,UPI
ORD008043,CUST00149,2024-01-31,WH004,delivered,Cash on Delivery
ORD008044,CUST03234,03 Dec 2024,WH018,shipped,cod
ORD008045,CUST00820,30-10-2023,WH007,Shipped,UPI
ORD008046,CUST00295,08/05/2023,WH013,Pending,Debit Card
ORD008047,CUST00212,2022-02-06,WH005,Cancelled,COD
ORD008048,CUST01757,2023-05-28,WH015,Pending,UPI
ORD008049,CUST01830,17 Oct 2023,WH016,Shipped,Debit Card
ORD008050,CUST01490,28-07-2023,WH011,PENDING,COD
ORD008051,CUST03323,2022-03-02,WH011,Pending,Cash on Delivery
ORD008052,CUST00110,2022-04-28,WH002,SHIPPED,COD
ORD008053,CUST00367,12/14/2024,WH003,Delivered,Credit Card
ORD008054,CUST01168,13-04-2022,WH009,processing,COD
ORD008055,CUST00599,2024/01/29,WH012,cancelled,COD
ORD008056,CUST01154,17/06/2024,WH011,Returned,COD
ORD008057,CUST00732,02 Apr 2023,WH016,delivered,Debit Card
ORD008058,CUST01130,2023-01-16,WH003,DELIVERED,Cash on Delivery
ORD008059,CUST03433,17/09/2023,WH016,Pending,Credit Card
ORD008060,CUST03864,27 Sep 2023,WH003,Processing,Credit Card
ORD008061,CUST54958,10-03-2024,WH018,Pending,Cash on Delivery
ORD008062,CUST03142,10/17/2023,WH008,processing,UPI
ORD008063,CUST01561,16-06-2022,WH017,Delivered,UPI
ORD008064,CUST02552,31 Mar 2023,WH017,Returned,Net Banking
ORD008065,CUST03912,01/20/2024,WH015,Pending,Debit Card
ORD008066,CUST00508,03/31/2023,WH014,processing,Cash on Delivery
ORD008067,CUST01708,2023/05/07,WH012,Cancelled,Credit Card
ORD008068,CUST03139,04-03-2023,WH016,Pending,cod
ORD008069,CUST02296,16/02/2024,WH005,Processing,Credit Card
ORD008070,CUST02655,23 Jan 2022,WH015,Processing,cod
ORD008071,CUST03113,24-04-2024,WH013,DELIVERED,COD
ORD008072,CUST03679,07-10-2023,WH007,Shipped,Credit Card
ORD008073,CUST01017,12/28/2023,WH013,Processing,Cash on Delivery
ORD008074,CUST01013,09/04/2024,WH005,pending,UPI
ORD008075,CUST00674,01-10-2024,WH002,Delivered,cod
ORD008076,CUST02660,20-10-2023,WH018,Returned,COD
ORD008077,CUST03130,03-10-2022,WH015,Cancelled,Debit Card
ORD008078,CUST02348,20-12-2024,WH018,RETURNED,Cash on Delivery
ORD008079,CUST03228,2022-01-24,WH009,pending,Credit Card
ORD008080,CUST01902,29 Aug 2023,WH013,Cancelled,Debit Card
ORD008081,CUST01308,01-04-2023,WH010,Delivered,Debit Card
ORD008082,CUST01754,20-08-2024,WH015,shipped,Net Banking
ORD008083,CUST03369,2023/01/02,WH007,Cancelled,COD
ORD008084,CUST01187,2022/04/12,WH015,processing,Debit Card
ORD008085,CUST00692,07 Jul 2024,WH015,RETURNED,UPI
ORD008086,CUST00264,23/07/2023,WH005,PROCESSING,Credit Card
ORD008087,CUST00099,2022-03-25,WH001,Delivered,UPI
ORD008088,CUST00941,31-10-2022,WH001,delivered,cod
ORD008089,CUST02831,13/08/2024,WH017,Processing,cod
ORD008090,CUST03049,2024-05-06,WH006,Pending,Debit Card
ORD008091,CUST01007,06/02/2022,WH010,delivered,Credit Card
ORD008092,CUST01621,2022/07/07,WH016,Cancelled,cod
ORD008093,CUST03148,17 Feb 2024,WH012,Delivered,Cash on Delivery
ORD008094,CUST02589,05-02-2023,WH015,Returned,COD
ORD008095,CUST01524,0000-00-00,WH015,RETURNED,Debit Card
ORD008096,CUST00847,12/06/2024,WH014,Delivered,Cash on Delivery
ORD008097,CUST00918,20-03-2023,WH004,Returned,cod
ORD008098,CUST02535,03/07/2024,WH005,Cancelled,Credit Card
ORD008099,CUST02858,2023-03-07,WH005,shipped,COD
ORD008100,CUST00036,2023-09-23,WH017,Cancelled,cod
ORD008101,CUST00794,14-02-2022,WH014,Cancelled,Debit Card
ORD008102,CUST03156,2022-01-09,WH012,Shipped,Net Banking
ORD008103,CUST00269,21/08/2024,WH005,CANCELLED,Cash on Delivery
ORD008104,CUST03281,2022/11/16,WH016,Cancelled,Credit Card
ORD008105,CUST03797,2024/04/08,WH005,CANCELLED,Net Banking
ORD008106,CUST02152,2023/11/15,WH010,Pending,Debit Card
ORD008107,CUST02050,27-07-2023,WH013,Cancelled,COD
ORD008108,CUST01736,05/03/2023,WH002,RETURNED,cod
ORD008109,CUST02546,2023-04-25,WH006,Pending,cod
ORD008110,CUST01168,13 Feb 2024,WH009,Returned,Credit Card
ORD008111,CUST03706,2022/03/15,WH013,Returned,Cash on Delivery
ORD008112,CUST00249,2024-04-02,WH001,Processing,Cash on Delivery
ORD008113,CUST02687,18-05-2022,WH012,Shipped,cod
ORD008114,CUST01861,17 Apr 2023,WH016,Cancelled,COD
ORD008115,CUST03119,2022-03-20,WH004,Cancelled,cod
ORD008116,CUST02466,03 Oct 2024,WH002,Cancelled,Debit Card
ORD008117,CUST01782,2023/05/27,WH018,Cancelled,cod
ORD008118,CUST00787,16/08/2023,WH001,Processing,Net Banking
ORD008119,CUST01005,2024-11-10,WH002,pending,Cash on Delivery
ORD008120,CUST01926,2023/05/04,WH008,Pending,Net Banking
ORD008121,CUST02039,01/15/2023,WH014,Pending,Debit Card
ORD008122,CUST01687,17/11/2022,WH010,Pending,Cash on Delivery
ORD008123,CUST00312,19 Jun 2023,WH012,Delivered,Credit Card
ORD008124,CUST00169,07/05/2023,WH007,Cancelled,COD
ORD008125,CUST54822,2024/08/13,WH010,Shipped,COD
ORD008126,CUST01726,24/10/2022,WH013,Returned,Cash on Delivery
ORD008127,CUST03485,02 Dec 2022,WH011,Shipped,Net Banking
ORD008128,CUST00863,19 Mar 2022,WH001,returned,UPI
ORD008129,CUST02793,31-10-2022,WH009,delivered,UPI
ORD008130,CUST02594,2023/11/01,WH014,delivered,Net Banking
ORD008131,CUST01481,2022/07/23,WH005,Shipped,cod
ORD008132,CUST00506,19-11-2024,WH010,CANCELLED,UPI
ORD008133,CUST00126,2024-02-25,WH017,Shipped,Cash on Delivery
ORD008134,CUST00291,05/11/2022,WH007,cancelled,COD
ORD008135,CUST00999,13-10-2024,WH005,processing,Net Banking
ORD008136,CUST01504,26/04/2024,WH004,Cancelled,COD
ORD008137,CUST01341,11 Feb 2023,WH018,Returned,Credit Card
ORD008138,CUST02091,2022-01-23,WH008,Cancelled,Net Banking
ORD008139,CUST03459,08-01-2023,WH017,Cancelled,Cash on Delivery
ORD008140,CUST01507,2023-02-08,WH016,RETURNED,cod
ORD008141,CUST02895,2022-11-20,WH006,Delivered,UPI
ORD008142,CUST01152,05/28/2024,WH002,DELIVERED,COD
ORD008143,CUST03107,04-02-2024,WH015,DELIVERED,COD
ORD008144,CUST00128,2022-10-30,WH007,shipped,cod
ORD008145,CUST02062,02 Jan 2024,WH001,Returned,UPI
ORD008146,CUST03144,05/09/2024,WH015,CANCELLED,Debit Card
ORD008147,CUST01636,29-05-2024,WH002,pending,cod
ORD008148,CUST53187,18/01/2024,WH008,returned,COD
ORD008149,CUST03276,2023/11/30,WH009,Shipped,UPI
ORD008150,CUST00687,2023/05/26,WH004,Delivered,Net Banking
ORD008151,CUST02185,2023/10/16,WH001,CANCELLED,cod
ORD008152,CUST00210,07-02-2024,WH004,PROCESSING,Net Banking
ORD008153,CUST03322,13 Dec 2024,WH004,Returned,Credit Card
ORD008154,CUST03773,08/18/2024,WH013,Cancelled,Cash on Delivery
ORD008155,CUST01438,2022/05/15,WH013,pending,Credit Card
ORD008156,CUST03285,01-07-2023,WH002,Processing,Debit Card
ORD008157,CUST02146,03 Sep 2024,WH015,Processing,Cash on Delivery
ORD008158,CUST00009,2023-03-14,WH014,Processing,cod
ORD008159,CUST01674,01/31/2024,WH001,Shipped,Credit Card
ORD008160,CUST02683,2022-05-18,WH002,returned,Debit Card
ORD008161,CUST00440,2023-11-21,WH017,Delivered,Net Banking
ORD008162,CUST00974,28 Nov 2023,WH017,processing,Net Banking
ORD008163,CUST03169,02/01/2022,WH001,Processing,Debit Card
ORD008164,CUST00235,12/19/2023,WH013,Pending,COD
ORD008165,CUST02497,05/10/2024,WH012,returned,Cash on Delivery
ORD008166,CUST00064,16 Apr 2024,WH005,pending,Credit Card
ORD008167,CUST03524,2022-04-15,WH017,processing,Debit Card
ORD008168,CUST00009,12/30/2024,WH007,Returned,Credit Card
ORD008169,CUST02294,06/02/2023,WH007,pending,cod
ORD008170,CUST00589,22-03-2024,WH017,Shipped,cod
ORD008171,CUST01777,0000-00-00,WH012,Pending,COD
ORD008172,CUST02815,20/01/2024,WH006,Processing,COD
ORD008173,CUST02336,10 Nov 2024,WH014,pending,COD
ORD008174,CUST00760,2023/03/10,WH003,Shipped,Net Banking
ORD008175,CUST03468,27 Oct 2022,WH007,Processing,cod
ORD008176,CUST00072,22-02-2023,WH017,SHIPPED,Net Banking
ORD008177,CUST01336,05 Jul 2022,WH017,shipped,Debit Card
ORD008178,CUST01828,04/25/2023,WH011,PROCESSING,Cash on Delivery
ORD008179,CUST01642,2023-09-11,WH014,Returned,COD
ORD008180,CUST03654,16-09-2023,WH002,Processing,Net Banking
ORD008181,CUST03760,10-11-2022,WH004,Delivered,Net Banking
ORD008182,CUST02200,03/22/2023,WH008,Pending,Debit Card
ORD008183,CUST00468,2024-06-16,WH018,Cancelled,Net Banking
ORD008184,CUST01669,01-06-2024,WH003,DELIVERED,cod
ORD008185,CUST00295,03 Jun 2023,WH015,Pending,Credit Card
ORD008186,CUST02842,01/26/2024,WH007,Processing,cod
ORD008187,CUST01900,05-08-2023,WH003,delivered,UPI
ORD008188,CUST00329,09/02/2023,WH008,Cancelled,cod
ORD008189,CUST00560,28 Jul 2024,WH014,Returned,COD
ORD008190,CUST02403,2022-01-07,WH001,Returned,Debit Card
ORD008191,CUST03583,0000-00-00,WH005,Processing,Debit Card
ORD008192,CUST03132,30/07/2023,WH005,Delivered,Credit Card
ORD008193,CUST01519,08-04-2023,WH014,Processing,Credit Card
ORD008194,CUST02249,2023/09/04,WH017,Shipped,cod
ORD008195,CUST03010,04/24/2022,WH007,returned,UPI
ORD008196,CUST03703,2023/01/21,WH011,DELIVERED,Cash on Delivery
ORD008197,CUST00212,14-10-2024,WH010,Cancelled,COD
ORD008198,CUST00766,2022-01-09,WH012,Shipped,Debit Card
ORD008199,CUST02550,30-03-2023,WH014,Processing,Credit Card
ORD008200,CUST03736,21/09/2022,WH008,Cancelled,UPI
ORD008201,CUST01418,07/20/2023,WH006,Processing,cod
ORD008202,CUST00939,02/10/2024,WH011,Returned,Debit Card
ORD008203,CUST00961,25/07/2022,WH013,SHIPPED,Debit Card
ORD008204,CUST02243,2024/05/20,WH001,Pending,UPI
ORD008205,CUST00963,2023/04/14,WH014,Returned,cod
ORD008206,CUST02890,30/08/2023,WH015,Processing,Cash on Delivery
ORD008207,CUST02850,27 Jun 2022,WH003,Shipped,COD
ORD008208,CUST00849,19/01/2024,WH011,Returned,Cash on Delivery
ORD008209,CUST00689,16-03-2023,WH010,Processing,Cash on Delivery
ORD008210,CUST00344,09/13/2024,WH014,Delivered,Debit Card
ORD008211,CUST00782,02-08-2022,WH014,Processing,Credit Card
ORD008212,CUST02767,2022/06/01,WH003,Returned,UPI
ORD008213,CUST00450,2024-03-26,WH008,Shipped,Cash on Delivery
ORD008214,CUST02651,10/07/2022,WH008,Delivered,UPI
ORD008215,CUST02088,11/04/2024,WH006,Returned,Net Banking
ORD008216,CUST01721,17-04-2023,WH004,Processing,Net Banking
ORD008217,CUST01974,08-10-2024,WH010,Returned,Cash on Delivery
ORD008218,CUST00160,2024/10/04,WH011,Delivered,UPI
ORD008219,CUST03789,22 May 2024,WH016,shipped,Cash on Delivery
ORD008220,CUST01704,02/25/2023,WH003,Pending,UPI
ORD008221,CUST00180,02 Feb 2024,WH018,processing,UPI
ORD008222,CUST02301,11/25/2023,WH017,DELIVERED,COD
ORD008223,CUST01699,10-12-2024,WH012,returned,Credit Card
ORD008224,CUST00992,28 Jun 2023,WH007,SHIPPED,Debit Card
ORD008225,CUST00020,2024/04/18,WH010,Returned,UPI
ORD008226,CUST01018,2022/12/16,WH006,Delivered,COD
ORD008227,CUST00294,2022-03-10,WH002,Pending,UPI
ORD008228,CUST02350,07 May 2022,WH016,Cancelled,COD
ORD008229,CUST03844,2023-01-31,WH007,Cancelled,Net Banking
ORD008230,CUST00476,2024-11-29,WH008,Shipped,cod
ORD008231,CUST55430,2023/03/27,WH011,Cancelled,COD
ORD008232,CUST03731,26 Jun 2024,WH012,processing,COD
ORD008233,CUST01447,11/20/2024,WH006,SHIPPED,COD
ORD008234,CUST02339,07 May 2022,WH007,Returned,Debit Card
ORD008235,CUST00347,2022/09/28,WH004,Cancelled,cod
ORD008236,CUST00472,2022-12-17,WH018,Delivered,COD
ORD008237,CUST01589,10/04/2022,WH010,SHIPPED,UPI
ORD008238,CUST03776,03/08/2023,WH015,RETURNED,cod
ORD008239,CUST00886,2022-12-17,WH004,delivered,Credit Card
ORD008240,CUST02020,2023/09/02,WH002,CANCELLED,Net Banking
ORD008241,CUST03446,11/04/2024,WH012,Delivered,Net Banking
ORD008242,CUST01184,01/27/2024,WH003,Pending,Cash on Delivery
ORD008243,CUST01420,10 Nov 2022,WH011,shipped,COD
ORD008244,CUST00301,2023-01-21,WH007,Pending,Credit Card
ORD008245,CUST00304,30-06-2023,WH004,shipped,Net Banking
ORD008246,CUST01558,06 Feb 2022,WH007,Pending,Net Banking
ORD008247,CUST00702,2024/03/21,WH012,PROCESSING,Net Banking
ORD008248,CUST03160,05 Jun 2024,WH003,Processing,UPI
ORD008249,CUST00340,08/02/2023,WH018,pending,Cash on Delivery
ORD008250,CUST02561,06/06/2024,WH009,Delivered,Credit Card
ORD008251,CUST00687,06 May 2022,WH007,Delivered,Credit Card
ORD008252,CUST02851,29-10-2023,WH015,Shipped,Cash on Delivery
ORD008253,CUST01102,2024/04/12,WH011,SHIPPED,UPI
ORD008254,CUST00947,20 Sep 2024,WH007,Cancelled,UPI
ORD008255,CUST00965,13/11/2022,WH001,Processing,Debit Card
ORD008256,CUST03108,03/15/2022,WH003,delivered,UPI
ORD008257,CUST03452,28/06/2024,WH015,Pending,Cash on Delivery
ORD008258,CUST03036,07/09/2024,WH016,Delivered,Debit Card
ORD008259,CUST02270,2023/12/31,WH004,Pending,Cash on Delivery
ORD008260,CUST01971,26-02-2022,WH001,delivered,COD
ORD008261,CUST00096,2024/05/13,WH009,Returned,Net Banking
ORD008262,CUST01164,22-04-2022,WH008,CANCELLED,Debit Card
ORD008263,CUST02328,10/14/2024,WH004,Cancelled,UPI
ORD008264,CUST01836,30/09/2024,WH003,Shipped,Cash on Delivery
ORD008265,CUST03275,2022-10-12,WH010,Shipped,COD
ORD008266,CUST01938,2023-11-15,WH004,shipped,cod
ORD008267,CUST01800,11 Dec 2022,WH010,Processing,cod
ORD008268,CUST01820,17/06/2023,WH016,shipped,COD
ORD008269,CUST02181,2024-02-25,WH008,cancelled,Credit Card
ORD008270,CUST01428,06/12/2023,WH009,RETURNED,Credit Card
ORD008271,CUST03710,14/12/2024,WH015,Cancelled,cod
ORD008272,CUST01324,2023/05/25,WH012,Cancelled,Debit Card
ORD008273,CUST01523,06/06/2022,WH017,Cancelled,Credit Card
ORD008274,CUST02286,2024-06-26,WH011,processing,Credit Card
ORD008275,CUST00472,08 Mar 2023,WH002,Shipped,Net Banking
ORD008276,CUST03377,2023-12-15,WH011,Returned,cod
ORD008277,CUST02495,2024-07-03,WH012,returned,Net Banking
ORD008278,CUST00210,26/08/2024,WH011,DELIVERED,COD
ORD008279,CUST03281,2022-09-30,WH017,Shipped,Debit Card
ORD008280,CUST03976,01/12/2022,WH002,Returned,Credit Card
ORD008281,CUST03080,0000-00-00,WH002,Pending,Credit Card
ORD008282,CUST02704,11-09-2023,WH014,Returned,Debit Card
ORD008283,CUST03957,,WH014,Processing,Net Banking
ORD008284,CUST00327,07-12-2024,WH012,Cancelled,UPI
ORD008285,CUST01849,05 Mar 2024,WH011,Pending,Credit Card
ORD008286,CUST00021,07-12-2022,WH003,Cancelled,cod
ORD008287,CUST01807,,WH012,Returned,Credit Card
ORD008288,CUST01562,2024/12/30,WH007,Returned,cod
ORD008289,CUST02567,22/09/2022,WH017,Pending,cod
ORD008290,CUST01794,31 Oct 2024,WH002,Pending,Debit Card
ORD008291,CUST02036,11/08/2022,WH005,Pending,COD
ORD008292,CUST02989,2024-05-07,WH012,Pending,Credit Card
ORD008293,CUST02903,24/11/2023,WH002,Delivered,Debit Card
ORD008294,CUST03484,06 Jul 2022,WH012,Shipped,Credit Card
ORD008295,CUST01573,01/06/2024,WH010,CANCELLED,UPI
ORD008296,CUST03430,2023/03/29,WH008,Pending,COD
ORD008297,CUST02039,2024-08-05,WH014,DELIVERED,UPI
ORD008298,CUST01337,22 Dec 2024,WH017,SHIPPED,Cash on Delivery
ORD008299,CUST01340,30 Oct 2024,WH006,Returned,cod
ORD008300,CUST01731,18/01/2022,WH003,RETURNED,COD
ORD008301,CUST00650,16-01-2022,WH009,Cancelled,COD
ORD008302,CUST01905,2023-05-25,WH015,pending,UPI
ORD008303,CUST01700,2022-01-20,WH009,cancelled,Credit Card
ORD008304,CUST01039,04-08-2024,WH016,Processing,Credit Card
ORD008305,CUST02551,2022-05-04,WH011,DELIVERED,Debit Card
ORD008306,CUST00210,2024-04-05,WH004,Cancelled,Cash on Delivery
ORD008307,CUST00509,08/30/2023,WH016,Processing,Credit Card
ORD008308,CUST00958,08/25/2022,WH013,Pending,Net Banking
ORD008309,CUST01913,2023/03/20,WH001,Cancelled,Net Banking
ORD008310,CUST01046,21-09-2024,WH016,Delivered,Cash on Delivery
ORD008311,CUST02598,19-03-2024,WH006,pending,Net Banking
ORD008312,CUST00687,2023-02-17,WH006,Cancelled,Net Banking
ORD008313,CUST01502,0000-00-00,WH007,Pending,Debit Card
ORD008314,CUST03940,26 Feb 2024,WH016,Delivered,Debit Card
ORD008315,CUST03380,2022/11/19,WH017,Pending,UPI
ORD008316,CUST03965,2023-07-11,WH010,Delivered,Debit Card
ORD008317,CUST02706,16 Mar 2024,WH014,Delivered,cod
ORD008318,CUST02603,31-08-2022,WH016,Pending,UPI
ORD008319,CUST01854,13-07-2022,WH005,Returned,COD
ORD008320,CUST03415,2024-09-15,WH007,Shipped,Net Banking
ORD008321,CUST02356,02-09-2022,WH003,Processing,Cash on Delivery
ORD008322,CUST02322,2022-01-31,WH015,Returned,Credit Card
ORD008323,CUST02872,02-12-2024,WH016,Returned,COD
ORD008324,CUST03952,25-08-2024,WH010,Delivered,Net Banking
ORD008325,CUST00049,25/03/2022,WH012,Pending,Debit Card
ORD008326,CUST01028,08/26/2023,WH008,Cancelled,UPI
ORD008327,CUST02264,2023-05-07,WH004,Shipped,cod
ORD008328,CUST02175,11/06/2024,WH017,cancelled,UPI
ORD008329,CUST02504,12/02/2023,WH015,pending,Cash on Delivery
ORD008330,CUST00331,2024-05-11,WH004,Delivered,Debit Card
ORD008331,CUST00479,2024/12/28,WH009,Shipped,Cash on Delivery
ORD008332,CUST00545,12-06-2023,WH013,Delivered,Credit Card
ORD008333,CUST03364,29/12/2022,WH009,RETURNED,Net Banking
ORD008334,CUST01022,27-03-2024,WH008,Returned,Credit Card
ORD008335,CUST02023,30-04-2024,WH003,DELIVERED,Credit Card
ORD008336,CUST03376,14/09/2024,WH013,Returned,cod
ORD008337,CUST03812,2023-11-20,WH008,cancelled,Credit Card
ORD008338,CUST03810,27/12/2022,WH010,Processing,Debit Card
ORD008339,CUST02862,26 Jan 2024,WH015,DELIVERED,Net Banking
ORD008340,CUST02076,03-06-2022,WH002,Returned,UPI
ORD008341,CUST02966,2022-09-12,WH003,Delivered,Credit Card
ORD008342,CUST00742,2024-10-21,WH014,Processing,cod
ORD008343,CUST02104,2023/04/28,WH003,PROCESSING,COD
ORD008344,CUST03951,02/09/2022,WH015,Processing,Cash on Delivery
ORD008345,CUST02353,01/05/2023,WH009,Processing,Cash on Delivery
ORD008346,CUST01925,07/11/2022,WH015,DELIVERED,Cash on Delivery
ORD008347,CUST00461,07/30/2024,WH003,Pending,Credit Card
ORD008348,CUST01059,2023-07-12,WH003,Cancelled,Net Banking
ORD008349,CUST00780,2023-01-02,WH006,Cancelled,COD
ORD008350,CUST03192,17 Aug 2024,WH010,Pending,Debit Card
ORD008351,CUST00663,2023-07-18,WH011,Delivered,Net Banking
ORD008352,CUST02216,2022/04/06,WH013,Cancelled,cod
ORD008353,CUST01867,02 May 2022,WH001,Cancelled,Debit Card
ORD008354,CUST03110,31-08-2022,WH015,Cancelled,cod
ORD008355,CUST03060,27 Nov 2024,WH007,Cancelled,COD
ORD008356,CUST02107,12-03-2023,WH011,shipped,Cash on Delivery
ORD008357,CUST03961,25 Mar 2023,WH011,Returned,Cash on Delivery
ORD008358,CUST03113,02 Oct 2023,WH005,PENDING,COD
ORD008359,CUST00437,07/14/2023,WH016,Cancelled,Cash on Delivery
ORD008360,CUST03987,18/03/2023,WH018,Delivered,COD
ORD008361,CUST03969,13/05/2023,WH005,returned,Net Banking
ORD008362,CUST02203,2024-05-05,WH008,Returned,UPI
ORD008363,CUST02832,14/02/2022,WH005,shipped,Debit Card
ORD008364,CUST00369,17-10-2024,WH006,Returned,Net Banking
ORD008365,CUST01161,05 Jul 2023,WH003,Delivered,COD
ORD008366,CUST02174,2022-06-27,WH004,Cancelled,Net Banking
ORD008367,CUST03046,22/03/2024,WH018,Processing,Credit Card
ORD008368,CUST03293,08/22/2023,WH010,processing,Credit Card
ORD008369,CUST01776,04/01/2022,WH005,pending,UPI
ORD008370,CUST00487,2023-04-13,WH017,Returned,Credit Card
ORD008371,CUST02265,29 Dec 2023,WH008,Processing,Credit Card
ORD008372,CUST02550,12-10-2023,WH001,Cancelled,Cash on Delivery
ORD008373,CUST01260,08 Apr 2023,WH010,Pending,UPI
ORD008374,CUST01365,07 Oct 2022,WH008,Processing,Debit Card
ORD008375,CUST03220,04/06/2023,WH007,delivered,Net Banking
ORD008376,CUST00432,07 Jun 2024,WH006,SHIPPED,Credit Card
ORD008377,CUST02314,11 Jun 2023,WH006,CANCELLED,cod
ORD008378,CUST03443,2022/08/08,WH012,Pending,UPI
ORD008379,CUST02596,12/12/2024,WH004,Processing,UPI
ORD008380,CUST00022,2023-01-08,WH018,Pending,cod
ORD008381,CUST00913,19/10/2022,WH003,processing,Debit Card
ORD008382,CUST01478,2022-11-11,WH009,delivered,Credit Card
ORD008383,CUST01822,13-09-2023,WH008,Processing,cod
ORD008384,CUST00259,13 Dec 2023,WH005,Returned,Net Banking
ORD008385,CUST02311,2023/05/22,WH008,shipped,COD
ORD008386,CUST00376,22 Feb 2022,WH004,RETURNED,Net Banking
ORD008387,CUST02231,10/12/2024,WH017,Shipped,cod
ORD008388,CUST03838,2024-10-06,WH013,Shipped,Debit Card
ORD008389,CUST01696,19 Nov 2023,WH006,CANCELLED,Net Banking
ORD008390,CUST03126,01/17/2024,WH014,Processing,Cash on Delivery
ORD008391,CUST00491,12-09-2022,WH012,Shipped,Cash on Delivery
ORD008392,CUST00010,10/12/2023,WH017,Pending,Credit Card
ORD008393,CUST01692,29/04/2022,WH004,Returned,Cash on Delivery
ORD008394,CUST00424,27-01-2024,WH001,Cancelled,COD
ORD008395,CUST03273,16-03-2024,WH018,pending,cod
ORD008396,CUST00704,26 May 2024,WH014,Processing,UPI
ORD008397,CUST02876,03-06-2023,WH010,pending,Cash on Delivery
ORD008398,CUST03057,2023/09/08,WH001,CANCELLED,Credit Card
ORD008399,CUST01094,19-10-2024,WH013,Shipped,Debit Card
ORD008400,CUST02082,19 Mar 2022,WH016,Processing,Cash on Delivery
ORD008401,CUST03871,2024-10-04,WH016,CANCELLED,COD
ORD008402,CUST56505,06/16/2022,WH015,Pending,Net Banking
ORD008403,CUST02187,22/07/2023,WH006,Pending,UPI
ORD008404,CUST00780,24/08/2022,WH017,Pending,cod
ORD008405,CUST01869,,WH007,Pending,cod
ORD008406,CUST01724,20-06-2022,WH011,Processing,Credit Card
ORD008407,CUST02836,,WH017,Processing,UPI
ORD008408,CUST00669,05/29/2023,WH018,Cancelled,Cash on Delivery
ORD008409,CUST00363,29/08/2022,WH003,Shipped,Net Banking
ORD008410,CUST03851,2024-07-03,WH003,PROCESSING,UPI
ORD008411,CUST00121,11/12/2022,WH013,Cancelled,COD
ORD008412,CUST03988,2023/01/12,WH014,Shipped,COD
ORD008413,CUST03147,03/21/2023,WH011,Shipped,Net Banking
ORD008414,CUST03409,11/14/2022,WH007,Returned,COD
ORD008415,CUST02827,2024-08-05,WH014,delivered,COD
ORD008416,CUST03858,05-01-2024,WH009,Cancelled,Net Banking
ORD008417,CUST03350,19 Jun 2024,WH015,Delivered,COD
ORD008418,CUST03219,07/15/2024,WH018,Pending,Credit Card
ORD008419,CUST01144,2023-07-26,WH003,Returned,Cash on Delivery
ORD008420,CUST01181,2022/07/29,WH015,Processing,Debit Card
ORD008421,CUST03384,17/09/2022,WH008,Pending,Cash on Delivery
ORD008422,CUST00845,2023-06-19,WH006,Returned,Net Banking
ORD008423,CUST01562,07/12/2022,WH018,Returned,Debit Card
ORD008424,CUST02373,09/04/2022,WH004,Pending,Credit Card
ORD008425,CUST02976,08/04/2024,WH002,pending,Debit Card
ORD008426,CUST02748,23-10-2022,WH015,Pending,UPI
ORD008427,CUST01491,01-11-2022,WH011,Shipped,cod
ORD008428,CUST03394,13-11-2024,WH006,Delivered,Credit Card
ORD008429,CUST02724,01 Nov 2022,WH017,Returned,Net Banking
ORD008430,CUST02643,03/27/2024,WH012,DELIVERED,Debit Card
ORD008431,CUST02907,14-06-2024,WH017,Pending,Net Banking
ORD008432,CUST03613,01/12/2022,WH012,Delivered,Credit Card
ORD008433,CUST02164,2022-11-27,WH003,returned,Net Banking
ORD008434,CUST03870,09-12-2024,WH005,returned,Cash on Delivery
ORD008435,CUST02575,2023-02-02,WH001,Cancelled,Credit Card
ORD008436,CUST03338,2024-08-19,WH015,Cancelled,Debit Card
ORD008437,CUST01004,01/23/2022,WH005,Returned,UPI
ORD008438,CUST02810,2023/08/03,WH008,Delivered,COD
ORD008439,CUST02957,07 May 2024,WH008,delivered,Net Banking
ORD008440,CUST00852,28-10-2024,WH013,Pending,COD
ORD008441,CUST03384,19 Nov 2022,WH011,Cancelled,Net Banking
ORD008442,CUST03265,19/08/2024,WH010,Returned,Credit Card
ORD008443,CUST01010,,WH012,PENDING,cod
ORD008444,CUST00042,07/23/2023,WH007,Processing,UPI
ORD008445,CUST01739,03 Apr 2024,WH003,Returned,Net Banking
ORD008446,CUST02049,,WH008,Delivered,COD
ORD008447,CUST00164,25/12/2023,WH017,Returned,Net Banking
ORD008448,CUST03081,21/08/2023,WH011,RETURNED,Debit Card
ORD008449,CUST03929,2024-08-13,WH001,SHIPPED,cod
ORD008450,CUST00824,04/26/2024,WH018,PROCESSING,Debit Card
ORD008451,CUST02698,2023-10-20,WH015,DELIVERED,cod
ORD008452,CUST03042,2022/08/15,WH014,Processing,COD
ORD008453,CUST02587,2023/12/18,WH013,SHIPPED,cod
ORD008454,CUST00801,04/23/2024,WH007,Shipped,UPI
ORD008455,CUST02169,,WH018,Delivered,Debit Card
ORD008456,CUST01395,2023-09-20,WH012,Cancelled,Debit Card
ORD008457,CUST00460,25/09/2022,WH016,Delivered,COD
ORD008458,CUST03826,10/01/2024,WH003,Shipped,Net Banking
ORD008459,CUST03239,2022/09/09,WH004,Pending,Net Banking
ORD008460,CUST03869,2024-04-29,WH001,cancelled,Cash on Delivery
ORD008461,CUST03624,12/21/2022,WH007,pending,Cash on Delivery
ORD008462,CUST03400,22-09-2024,WH002,Pending,Net Banking
ORD008463,CUST02266,2023-02-16,WH017,Shipped,Cash on Delivery
ORD008464,CUST03153,08/14/2022,WH003,Processing,Cash on Delivery
ORD008465,CUST03483,03/04/2022,WH007,PROCESSING,Cash on Delivery
ORD008466,CUST00503,01-07-2024,WH005,Cancelled,Debit Card
ORD008467,CUST02021,02/04/2023,WH008,pending,Credit Card
ORD008468,CUST02449,2024-05-04,WH016,Delivered,Net Banking
ORD008469,CUST03943,02-02-2024,WH012,Shipped,Debit Card
ORD008470,CUST00785,2023-05-21,WH014,Processing,COD
ORD008471,CUST02467,22-03-2022,WH014,Returned,Cash on Delivery
ORD008472,CUST01746,2022/08/12,WH004,PROCESSING,Credit Card
ORD008473,CUST03391,2022/02/24,WH017,Pending,cod
ORD008474,CUST03962,14-10-2022,WH016,Pending,Debit Card
ORD008475,CUST02486,2023/06/29,WH013,DELIVERED,COD
ORD008476,CUST02085,09 Jan 2024,WH018,Returned,UPI
ORD008477,CUST01445,2022/02/04,WH006,Shipped,UPI
ORD008478,CUST02959,2022-10-23,WH013,DELIVERED,Debit Card
ORD008479,CUST03764,2023-05-06,WH001,returned,cod
ORD008480,CUST01200,2022/11/19,WH009,PENDING,COD
ORD008481,CUST00948,20-05-2023,WH007,Returned,UPI
ORD008482,CUST02975,17 Dec 2024,WH014,Processing,UPI
ORD008483,CUST01515,09/22/2024,WH015,Processing,Debit Card
ORD008484,CUST00333,12/07/2023,WH010,Pending,COD
ORD008485,CUST03879,06/04/2023,WH013,processing,UPI
ORD008486,CUST01977,10/05/2024,WH016,Cancelled,UPI
ORD008487,CUST03878,04/05/2023,WH012,Pending,COD
ORD008488,CUST01797,2022/06/09,WH002,Shipped,cod
ORD008489,CUST02775,27/08/2022,WH006,pending,cod
ORD008490,CUST01199,05/29/2024,WH003,Processing,UPI
ORD008491,CUST02080,26/08/2024,WH004,Cancelled,Debit Card
ORD008492,CUST02528,18 Oct 2022,WH007,Returned,Cash on Delivery
ORD008493,CUST01821,2022/10/17,WH011,Cancelled,cod
ORD008494,CUST00634,01/01/2023,WH003,Returned,COD
ORD008495,CUST02895,23/03/2023,WH004,Shipped,COD
ORD008496,CUST00478,28 Nov 2023,WH018,Shipped,cod
ORD008497,CUST02389,2023/09/29,WH014,CANCELLED,Credit Card
ORD008498,CUST03744,11/03/2023,WH016,Pending,cod
ORD008499,CUST03085,27 Feb 2023,WH003,Delivered,Debit Card
ORD008500,CUST01768,2023-09-17,WH001,Processing,COD
ORD008501,CUST03332,0000-00-00,WH004,Cancelled,Cash on Delivery
ORD008502,CUST00611,2022/02/14,WH003,Shipped,UPI
ORD008503,CUST00119,2022/05/19,WH013,Processing,Net Banking
ORD008504,CUST03783,2024/11/21,WH010,Delivered,UPI
ORD008505,CUST03995,14 Dec 2024,WH017,shipped,cod
ORD008506,CUST01101,0000-00-00,WH018,Processing,Credit Card
ORD008507,CUST03789,2023/09/12,WH008,Processing,COD
ORD008508,CUST01297,03 May 2024,WH004,Cancelled,Cash on Delivery
ORD008509,CUST00074,2024-12-25,WH017,Shipped,Debit Card
ORD008510,CUST01223,17 Mar 2024,WH002,Processing,COD
ORD008511,CUST01757,2022/10/22,WH016,Cancelled,Net Banking
ORD008512,CUST01320,05/28/2022,WH003,processing,Credit Card
ORD008513,CUST03702,21/06/2024,WH010,Processing,Credit Card
ORD008514,CUST02582,2024-02-16,WH011,RETURNED,cod
ORD008515,CUST00885,28/09/2022,WH013,Returned,COD
ORD008516,CUST01531,,WH002,Processing,UPI
ORD008517,CUST03471,2023/01/10,WH011,Returned,Cash on Delivery
ORD008518,CUST03882,28-09-2024,WH001,RETURNED,UPI
ORD008519,CUST02185,11 Jan 2024,WH011,Returned,Net Banking
ORD008520,CUST02090,2024-09-24,WH006,Shipped,Credit Card
ORD008521,CUST02263,2024/09/18,WH014,Returned,cod
ORD008522,CUST00244,07/22/2023,WH010,DELIVERED,cod
ORD008523,CUST00894,15/02/2023,WH016,processing,Credit Card
ORD008524,CUST02669,17/05/2023,WH016,Delivered,UPI
ORD008525,CUST57594,30-10-2024,WH014,Returned,Credit Card
ORD008526,CUST03316,03-02-2022,WH013,Cancelled,Credit Card
ORD008527,CUST01382,04/23/2023,WH010,Shipped,Net Banking
ORD008528,CUST00873,22-10-2022,WH005,SHIPPED,cod
ORD008529,CUST00673,2023/06/06,WH012,returned,cod
ORD008530,CUST02139,2022/10/16,WH015,SHIPPED,Credit Card
ORD008531,CUST00388,10/29/2023,WH010,RETURNED,cod
ORD008532,CUST02573,2022/01/26,WH006,Shipped,cod
ORD008533,CUST03040,2024-09-26,WH009,Returned,Cash on Delivery
ORD008534,CUST02025,17-02-2023,WH001,returned,COD
ORD008535,CUST01000,02/12/2022,WH008,PROCESSING,COD
ORD008536,CUST01945,01 Jul 2022,WH007,Pending,Debit Card
ORD008537,CUST00451,08/17/2022,WH002,pending,Cash on Delivery
ORD008538,CUST00712,12/16/2024,WH012,DELIVERED,cod
ORD008539,CUST03256,09/01/2024,WH008,Shipped,cod
ORD008540,CUST02849,2023/02/05,WH015,RETURNED,UPI
ORD008541,CUST01591,2022/09/06,WH013,PROCESSING,Cash on Delivery
ORD008542,CUST00974,2023-10-14,WH005,Processing,Debit Card
ORD008543,CUST01489,2023/01/23,WH004,Delivered,Debit Card
ORD008544,CUST00263,2023-02-01,WH016,Returned,UPI
ORD008545,CUST00662,24 May 2022,WH001,Returned,UPI
ORD008546,CUST01733,26/11/2022,WH007,Pending,Cash on Delivery
ORD008547,CUST01254,03/24/2024,WH005,delivered,COD
ORD008548,CUST03990,2023/10/29,WH001,Pending,UPI
ORD008549,CUST01275,18-04-2022,WH005,Shipped,cod
ORD008550,CUST01555,,WH003,Shipped,cod
ORD008551,CUST02676,2024-10-14,WH016,Cancelled,Net Banking
ORD008552,CUST01226,15/07/2024,WH003,cancelled,cod
ORD008553,CUST02836,25/05/2022,WH011,pending,UPI
ORD008554,CUST02343,0000-00-00,WH018,DELIVERED,Credit Card
ORD008555,CUST00557,2022-08-05,WH005,Delivered,cod
ORD008556,CUST02592,08-04-2024,WH012,processing,Credit Card
ORD008557,CUST00802,01/20/2024,WH012,Pending,Credit Card
ORD008558,CUST00601,12/21/2023,WH012,Pending,cod
ORD008559,CUST01614,2024-11-09,WH012,Pending,UPI
ORD008560,CUST01061,2022-05-11,WH009,Shipped,COD
ORD008561,CUST02824,08/20/2022,WH018,DELIVERED,COD
ORD008562,CUST00225,14 Sep 2023,WH011,Returned,cod
ORD008563,CUST01012,2022/05/19,WH003,PROCESSING,COD
ORD008564,CUST00239,2023-01-04,WH016,Delivered,Debit Card
ORD008565,CUST03730,2024-08-25,WH009,PENDING,COD
ORD008566,CUST01643,12/31/2022,WH003,DELIVERED,Debit Card
ORD008567,CUST00094,2023-08-24,WH013,Delivered,Net Banking
ORD008568,CUST03736,09/27/2024,WH004,pending,cod
ORD008569,CUST03058,22/06/2022,WH005,pending,cod
ORD008570,CUST00057,2022-02-01,WH018,RETURNED,cod
ORD008571,CUST01010,2023/08/05,WH004,Pending,Debit Card
ORD008572,CUST02153,2024/01/21,WH005,DELIVERED,cod
ORD008573,CUST03794,16/04/2024,WH008,RETURNED,Net Banking
ORD008574,CUST00222,17/08/2024,WH009,Cancelled,COD
ORD008575,CUST01793,04/09/2024,WH015,cancelled,Net Banking
ORD008576,CUST01596,22-03-2023,WH005,Delivered,cod
ORD008577,CUST03859,2024-06-30,WH012,Returned,UPI
ORD008578,CUST00619,2022-07-02,WH016,Pending,Credit Card
ORD008579,CUST01936,0000-00-00,WH018,Pending,UPI
ORD008580,CUST00934,2024/05/15,WH018,delivered,cod
ORD008581,CUST02149,30-05-2022,WH003,DELIVERED,Debit Card
ORD008582,CUST02937,05/13/2024,WH005,RETURNED,Cash on Delivery
ORD008583,CUST01362,28/03/2023,WH011,Cancelled,Debit Card
ORD008584,CUST02722,2023/12/16,WH006,Delivered,Credit Card
ORD008585,CUST01403,19/03/2024,WH016,Pending,COD
ORD008586,CUST03569,24/07/2023,WH006,returned,UPI
ORD008587,CUST03042,08 Jan 2023,WH016,processing,cod
ORD008588,CUST00016,2022/08/20,WH001,Delivered,cod
ORD008589,CUST01344,29-11-2022,WH010,Processing,Cash on Delivery
ORD008590,CUST02595,15/04/2023,WH015,Delivered,Credit Card
ORD008591,CUST00608,18/05/2023,WH015,Processing,Net Banking
ORD008592,CUST02930,08-09-2023,WH004,Cancelled,Credit Card
ORD008593,CUST02665,11/23/2023,WH011,Pending,UPI
ORD008594,CUST03270,03-12-2022,WH018,processing,COD
ORD008595,CUST03333,27 Jan 2023,WH009,Pending,Credit Card
ORD008596,CUST01688,26/09/2023,WH018,Processing,Cash on Delivery
ORD008597,CUST02196,0000-00-00,WH001,Cancelled,COD
ORD008598,CUST03094,10-05-2023,WH014,RETURNED,UPI
ORD008599,CUST03481,2022/07/31,WH008,Delivered,Net Banking
ORD008600,CUST03536,27/05/2023,WH013,Shipped,cod
ORD008601,CUST01790,04/18/2022,WH007,Shipped,UPI
ORD008602,CUST01041,2022/08/29,WH018,SHIPPED,COD
ORD008603,CUST01605,0000-00-00,WH002,PENDING,Credit Card
ORD008604,CUST02394,11 Jul 2022,WH011,Returned,COD
ORD008605,CUST02809,15/04/2023,WH016,Processing,Cash on Delivery
ORD008606,CUST02284,07/10/2022,WH012,Delivered,Debit Card
ORD008607,CUST01427,2023/08/16,WH014,Cancelled,Debit Card
ORD008608,CUST03572,01-12-2023,WH001,Processing,Cash on Delivery
ORD008609,CUST02961,2024/06/11,WH009,processing,Debit Card
ORD008610,CUST03302,27 Aug 2022,WH001,shipped,UPI
ORD008611,CUST01536,2022/10/20,WH014,Cancelled,Net Banking
ORD008612,CUST00617,2022/09/04,WH004,Cancelled,cod
ORD008613,CUST03014,05/14/2022,WH016,Returned,COD
ORD008614,CUST03597,2022-08-16,WH008,PENDING,COD
ORD008615,CUST00563,01/20/2023,WH006,Shipped,Credit Card
ORD008616,CUST01870,24/03/2023,WH016,Shipped,Credit Card
ORD008617,CUST02769,2023-01-01,WH007,Pending,cod
ORD008618,CUST00038,2024/05/08,WH018,delivered,cod
ORD008619,CUST01424,2024-05-06,WH002,processing,Credit Card
ORD008620,CUST03228,03/19/2022,WH003,Processing,Net Banking
ORD008621,CUST03003,2022-12-21,WH016,Shipped,Credit Card
ORD008622,CUST03308,11 Dec 2022,WH002,Returned,Cash on Delivery
ORD008623,CUST01327,07/04/2022,WH015,Delivered,COD
ORD008624,CUST02774,23-06-2022,WH014,Processing,cod
ORD008625,CUST03867,20 Aug 2022,WH016,Processing,COD
ORD008626,CUST03710,21-06-2023,WH014,Returned,Cash on Delivery
ORD008627,CUST02377,27 Feb 2023,WH006,pending,Cash on Delivery
ORD008628,CUST03516,16 May 2024,WH011,Delivered,UPI
ORD008629,CUST00576,2023-03-14,WH006,Pending,Net Banking
ORD008630,CUST01839,16-08-2024,WH016,Delivered,Credit Card
ORD008631,CUST03647,2024/05/08,WH014,pending,COD
ORD008632,CUST03220,04/14/2022,WH015,Returned,Debit Card
ORD008633,CUST00404,17 May 2022,WH016,Returned,UPI
ORD008634,CUST02979,10-11-2024,WH001,RETURNED,cod
ORD008635,CUST02302,19/07/2023,WH012,Cancelled,UPI
ORD008636,CUST00582,2024-10-22,WH006,delivered,Debit Card
ORD008637,CUST00125,02/28/2022,WH013,processing,COD
ORD008638,CUST00657,05/12/2022,WH010,CANCELLED,cod
ORD008639,CUST03700,09-09-2024,WH012,Returned,cod
ORD008640,CUST02012,16 Oct 2024,WH008,pending,Credit Card
ORD008641,CUST00447,2022-08-25,WH009,returned,Net Banking
ORD008642,CUST00243,2023-11-12,WH010,Cancelled,Cash on Delivery
ORD008643,CUST02222,27/11/2022,WH008,pending,Net Banking
ORD008644,CUST01152,14/10/2023,WH017,Cancelled,UPI
ORD008645,CUST03213,23 Dec 2022,WH016,Shipped,UPI
ORD008646,CUST01952,09-11-2022,WH001,Processing,UPI
ORD008647,CUST01936,02/08/2024,WH009,Returned,Net Banking
ORD008648,CUST01124,05/05/2024,WH013,Pending,cod
ORD008649,CUST00474,2023-07-12,WH012,Pending,UPI
ORD008650,CUST02858,2024/02/29,WH017,Returned,COD
ORD008651,CUST00970,2022/04/08,WH014,Shipped,Net Banking
ORD008652,CUST02012,10/03/2024,WH008,returned,Debit Card
ORD008653,CUST00429,2024/04/29,WH018,Cancelled,cod
ORD008654,CUST02376,08-01-2024,WH015,Pending,cod
ORD008655,CUST00800,16 May 2023,WH016,CANCELLED,UPI
ORD008656,CUST02161,2022/12/16,WH003,Delivered,Credit Card
ORD008657,CUST00969,01 Mar 2023,WH016,shipped,cod
ORD008658,CUST02027,28 Nov 2024,WH006,Processing,UPI
ORD008659,CUST03354,09/15/2024,WH008,Delivered,COD
ORD008660,CUST02699,0000-00-00,WH005,PENDING,Net Banking
ORD008661,CUST03015,06/07/2024,WH003,PENDING,Credit Card
ORD008662,CUST01951,17-11-2023,WH010,Pending,Credit Card
ORD008663,CUST01673,2024/10/11,WH005,Pending,COD
ORD008664,CUST00754,2024-04-19,WH015,Pending,Credit Card
ORD008665,CUST02968,07/19/2023,WH007,Cancelled,COD
ORD008666,CUST03281,01 Oct 2022,WH010,processing,Net Banking
ORD008667,CUST01618,09/16/2024,WH009,processing,COD
ORD008668,CUST00157,04/11/2022,WH014,Shipped,cod
ORD008669,CUST01245,2022/07/16,WH003,Shipped,UPI
ORD008670,CUST00581,28-10-2024,WH006,Cancelled,COD
ORD008671,CUST01502,13 May 2023,WH014,Delivered,Net Banking
ORD008672,CUST03703,01/10/2023,WH018,Returned,Credit Card
ORD008673,CUST02924,02/01/2022,WH012,Returned,Net Banking
ORD008674,CUST00421,16-08-2024,WH013,RETURNED,Net Banking
ORD008675,CUST00153,25-12-2023,WH004,Delivered,UPI
ORD008676,CUST03648,2022/09/16,WH006,Returned,Net Banking
ORD008677,CUST00454,24/01/2024,WH017,Pending,Debit Card
ORD008678,CUST02509,09/09/2022,WH012,Delivered,Net Banking
ORD008679,CUST01796,29 Sep 2024,WH005,PENDING,Debit Card
ORD008680,CUST03394,2023/03/31,WH016,Cancelled,Cash on Delivery
ORD008681,CUST00900,11-11-2022,WH011,processing,UPI
ORD008682,CUST01789,08/26/2024,WH008,Pending,Credit Card
ORD008683,CUST03952,03 Feb 2023,WH006,processing,cod
ORD008684,CUST03367,2024/10/18,WH007,Pending,Cash on Delivery
ORD008685,CUST00637,08 Feb 2024,WH011,Returned,cod
ORD008686,CUST03108,11/01/2024,WH003,returned,Debit Card
ORD008687,CUST03638,01 Aug 2022,WH008,shipped,cod
ORD008688,CUST03561,11/24/2024,WH010,Pending,Credit Card
ORD008689,CUST01713,2022-07-18,WH006,cancelled,UPI
ORD008690,CUST02115,05-11-2024,WH016,Pending,UPI
ORD008691,CUST00017,2022/04/06,WH009,Processing,Credit Card
ORD008692,CUST03140,07/07/2022,WH003,pending,Credit Card
ORD008693,CUST00589,25/05/2022,WH010,Cancelled,cod
ORD008694,CUST03048,29-08-2022,WH009,CANCELLED,cod
ORD008695,CUST02602,2023/06/30,WH011,Cancelled,Credit Card
ORD008696,CUST03587,17/08/2024,WH007,Cancelled,cod
ORD008697,CUST02806,30-11-2022,WH008,Processing,cod
ORD008698,CUST02686,11/02/2024,WH003,RETURNED,cod
ORD008699,CUST03441,2024/04/23,WH004,Shipped,UPI
ORD008700,CUST01355,2024/02/08,WH004,Pending,UPI
ORD008701,CUST02428,10/08/2023,WH006,Pending,Debit Card
ORD008702,CUST03525,02/21/2024,WH015,PENDING,Cash on Delivery
ORD008703,CUST03760,09/11/2023,WH003,Processing,UPI
ORD008704,CUST03969,01/15/2022,WH002,Returned,UPI
ORD008705,CUST02137,2024-11-30,WH018,cancelled,Net Banking
ORD008706,CUST02257,01 Apr 2022,WH017,Pending,Credit Card
ORD008707,CUST01008,2023/08/05,WH002,Returned,COD
ORD008708,CUST03257,08-09-2024,WH013,pending,Credit Card
ORD008709,CUST03063,25-02-2023,WH003,Returned,Cash on Delivery
ORD008710,CUST01920,12/30/2023,WH018,Delivered,UPI
ORD008711,CUST01414,2023-02-04,WH018,Pending,COD
ORD008712,CUST03913,2024-09-15,WH013,Returned,COD
ORD008713,CUST03369,18/08/2024,WH013,Shipped,Debit Card
ORD008714,CUST02180,08-04-2022,WH014,Returned,Net Banking
ORD008715,CUST03637,2023/09/08,WH015,Shipped,COD
ORD008716,CUST02856,2023-09-04,WH013,Delivered,UPI
ORD008717,CUST01958,2022/11/21,WH013,Cancelled,Credit Card
ORD008718,CUST01970,25/04/2022,WH004,Delivered,UPI
ORD008719,CUST02964,2023/08/14,WH002,Shipped,Cash on Delivery
ORD008720,CUST01311,20-07-2023,WH001,Delivered,Credit Card
ORD008721,CUST03523,03/02/2024,WH012,Processing,Credit Card
ORD008722,CUST02524,06/06/2023,WH007,Shipped,Net Banking
ORD008723,CUST02560,2023/04/17,WH015,Processing,Debit Card
ORD008724,CUST00102,03/30/2024,WH015,SHIPPED,COD
ORD008725,CUST03545,29 Jan 2024,WH007,Delivered,UPI
ORD008726,CUST00593,09/08/2024,WH011,Cancelled,COD
ORD008727,CUST00424,27-01-2022,WH006,returned,Cash on Delivery
ORD008728,CUST02522,06/18/2024,WH011,SHIPPED,COD
ORD008729,CUST03470,11/14/2022,WH009,Returned,Net Banking
ORD008730,CUST03321,2022/02/19,WH016,Processing,cod
ORD008731,CUST01717,2023/05/28,WH015,Delivered,Net Banking
ORD008732,CUST02907,26-09-2024,WH017,Cancelled,COD
ORD008733,CUST00032,2024-04-28,WH007,Cancelled,UPI
ORD008734,CUST00308,02/12/2024,WH018,PENDING,Cash on Delivery
ORD008735,CUST00476,2024-04-13,WH002,Pending,Cash on Delivery
ORD008736,CUST03165,2024-09-17,WH004,PENDING,Debit Card
ORD008737,CUST00183,15-06-2024,WH009,Returned,Debit Card
ORD008738,CUST01763,05/03/2024,WH004,Returned,Cash on Delivery
ORD008739,CUST00815,06/22/2022,WH003,Delivered,cod
ORD008740,CUST02609,11-11-2022,WH003,Processing,cod
ORD008741,CUST00558,14 Jan 2023,WH001,CANCELLED,COD
ORD008742,CUST02561,24-05-2023,WH014,Delivered,UPI
ORD008743,CUST00841,11/12/2022,WH012,Processing,Credit Card
ORD008744,CUST01215,2023/08/07,WH004,Delivered,cod
ORD008745,CUST02332,12/17/2022,WH012,RETURNED,Cash on Delivery
ORD008746,CUST02007,27/10/2023,WH013,Pending,Credit Card
ORD008747,CUST01747,25 Oct 2022,WH003,Shipped,cod
ORD008748,CUST03713,2023-04-04,WH017,PROCESSING,Debit Card
ORD008749,CUST00802,04/01/2024,WH004,Cancelled,Net Banking
ORD008750,CUST02468,14-11-2023,WH008,Delivered,Debit Card
ORD008751,CUST01772,,WH002,DELIVERED,Credit Card
ORD008752,CUST01990,04 Dec 2023,WH002,Shipped,UPI
ORD008753,CUST01918,2022/09/05,WH002,Cancelled,Credit Card
ORD008754,CUST03274,05 Apr 2024,WH003,Cancelled,Credit Card
ORD008755,CUST52818,18/01/2023,WH008,Processing,Debit Card
ORD008756,CUST00563,13 Jul 2023,WH018,Shipped,cod
ORD008757,CUST01708,2023-09-04,WH012,Cancelled,Credit Card
ORD008758,CUST02675,,WH011,Pending,Cash on Delivery
ORD008759,CUST02963,20/06/2024,WH010,cancelled,Credit Card
ORD008760,CUST02009,2024-05-30,WH003,Shipped,Credit Card
ORD008761,CUST01932,09/01/2024,WH002,CANCELLED,Net Banking
ORD008762,CUST03188,2022-11-19,WH003,returned,Credit Card
ORD008763,CUST02696,2023-08-07,WH017,PROCESSING,UPI
ORD008764,CUST00022,07/15/2024,WH014,Pending,Net Banking
ORD008765,CUST00017,03/11/2024,WH008,processing,Net Banking
ORD008766,CUST03041,2022-10-20,WH010,Processing,Cash on Delivery
ORD008767,CUST03536,10/10/2023,WH008,pending,Credit Card
ORD008768,CUST01650,2024-07-13,WH013,Processing,Debit Card
ORD008769,CUST00194,03/20/2024,WH017,Shipped,COD
ORD008770,CUST02194,2023/01/18,WH016,Cancelled,UPI
ORD008771,CUST01667,09-11-2022,WH014,Delivered,cod
ORD008772,CUST02711,2024-04-12,WH012,Cancelled,Credit Card
ORD008773,CUST00125,10/12/2022,WH006,Delivered,Debit Card
ORD008774,CUST02798,2024/08/16,WH007,Cancelled,Credit Card
ORD008775,CUST03222,14 Jun 2022,WH002,Processing,Credit Card
ORD008776,CUST03820,08-08-2024,WH001,cancelled,COD
ORD008777,CUST02388,16 Dec 2022,WH018,shipped,UPI
ORD008778,CUST02403,2022/09/30,WH009,Returned,Credit Card
ORD008779,CUST00873,2024/12/26,WH003,CANCELLED,COD
ORD008780,CUST03204,01/09/2023,WH002,shipped,cod
ORD008781,CUST02811,04/11/2022,WH014,Cancelled,Credit Card
ORD008782,CUST01741,2022/01/17,WH004,cancelled,Cash on Delivery
ORD008783,CUST00250,12 Dec 2023,WH007,Pending,Net Banking
ORD008784,CUST01715,2024-08-30,WH018,returned,Debit Card
ORD008785,CUST00089,20/09/2023,WH014,Pending,cod
ORD008786,CUST03228,2023/06/08,WH008,Cancelled,Credit Card
ORD008787,CUST00077,05/14/2023,WH002,Pending,COD
ORD008788,CUST02480,11 Oct 2024,WH001,Returned,Cash on Delivery
ORD008789,CUST01635,04/18/2024,WH009,Cancelled,cod
ORD008790,CUST02690,2022-10-19,WH001,Processing,Net Banking
ORD008791,CUST02190,2023-05-14,WH006,Returned,Debit Card
ORD008792,CUST00989,27/06/2024,WH014,Processing,UPI
ORD008793,CUST01313,31-03-2024,WH001,shipped,Net Banking
ORD008794,CUST03470,13/03/2022,WH016,Pending,Debit Card
ORD008795,CUST03429,08/12/2024,WH006,Returned,cod
ORD008796,CUST00383,30 Dec 2023,WH015,Shipped,Credit Card
ORD008797,CUST01780,20/02/2023,WH012,shipped,Debit Card
ORD008798,CUST02416,04/30/2024,WH018,Pending,cod
ORD008799,CUST02042,01/30/2023,WH008,PROCESSING,UPI
ORD008800,CUST02491,02/20/2023,WH001,Cancelled,UPI
ORD008801,CUST00652,0000-00-00,WH012,Cancelled,Net Banking
ORD008802,CUST00902,2024/04/06,WH005,Pending,Cash on Delivery
ORD008803,CUST00051,20-12-2023,WH006,Pending,UPI
ORD008804,CUST01534,2024-01-20,WH014,DELIVERED,cod
ORD008805,CUST03812,28/09/2022,WH011,Returned,Credit Card
ORD008806,CUST02644,2022-11-25,WH002,Delivered,Debit Card
ORD008807,CUST03955,06/20/2024,WH007,Processing,Credit Card
ORD008808,CUST03163,26 Apr 2022,WH008,Cancelled,Cash on Delivery
ORD008809,CUST03102,16-11-2024,WH015,Returned,COD
ORD008810,CUST03591,10/29/2022,WH003,Returned,Net Banking
ORD008811,CUST03724,2023/08/05,WH003,Cancelled,UPI
ORD008812,CUST00776,13-07-2023,WH012,Cancelled,Debit Card
ORD008813,CUST00796,16/03/2024,WH004,Processing,Cash on Delivery
ORD008814,CUST03324,2022/01/28,WH015,Cancelled,Cash on Delivery
ORD008815,CUST03383,2022-06-15,WH014,Pending,Debit Card
ORD008816,CUST02640,09/05/2024,WH011,DELIVERED,Credit Card
ORD008817,CUST01350,24 Jul 2022,WH005,Delivered,UPI
ORD008818,CUST01512,2022-04-15,WH002,Processing,cod
ORD008819,CUST00235,07/03/2022,WH006,shipped,COD
ORD008820,CUST00849,12/04/2022,WH016,Shipped,Credit Card
ORD008821,CUST03594,2024-03-14,WH008,Shipped,Cash on Delivery
ORD008822,CUST02490,2022-09-12,WH012,Delivered,Debit Card
ORD008823,CUST02262,02/21/2022,WH011,RETURNED,cod
ORD008824,CUST03311,19-05-2022,WH012,Returned,COD
ORD008825,CUST01159,2023/12/29,WH014,Pending,Credit Card
ORD008826,CUST00449,06/22/2024,WH007,Shipped,Credit Card
ORD008827,CUST01675,17-07-2024,WH012,Processing,Credit Card
ORD008828,CUST00061,08/17/2023,WH014,pending,Credit Card
ORD008829,CUST01079,12/25/2023,WH012,Processing,Cash on Delivery
ORD008830,CUST00411,11/11/2023,WH005,Pending,UPI
ORD008831,CUST01662,17 Sep 2022,WH013,Pending,Debit Card
ORD008832,CUST02571,27/03/2024,WH009,Cancelled,Credit Card
ORD008833,CUST01291,2024/11/29,WH009,Processing,Cash on Delivery
ORD008834,CUST02417,2024/11/10,WH005,Returned,COD
ORD008835,CUST01188,22-11-2023,WH002,Delivered,Cash on Delivery
ORD008836,CUST02850,03/24/2023,WH002,Cancelled,Credit Card
ORD008837,CUST01016,14-04-2024,WH009,Shipped,Net Banking
ORD008838,CUST02293,,WH005,shipped,cod
ORD008839,CUST00956,03/06/2023,WH006,Cancelled,UPI
ORD008840,CUST03549,10/17/2022,WH012,Pending,cod
ORD008841,CUST03067,2023-05-04,WH011,Delivered,Net Banking
ORD008842,CUST01517,23-11-2023,WH007,DELIVERED,UPI
ORD008843,CUST01311,2024-06-25,WH016,PROCESSING,Credit Card
ORD008844,CUST02534,2024-02-05,WH018,Cancelled,Debit Card
ORD008845,CUST00174,09/03/2022,WH010,Processing,Debit Card
ORD008846,CUST03097,20-08-2022,WH012,Returned,Cash on Delivery
ORD008847,CUST00761,10/07/2024,WH005,PENDING,COD
ORD008848,CUST02843,2022/04/15,WH003,Cancelled,UPI
ORD008849,CUST01618,2022/03/28,WH012,Delivered,cod
ORD008850,CUST01747,01-03-2022,WH001,Shipped,UPI
ORD008851,CUST00519,2024-05-31,WH006,Returned,Cash on Delivery
ORD008852,CUST00194,08/18/2024,WH005,delivered,UPI
ORD008853,CUST02112,12-10-2024,WH002,Pending,COD
ORD008854,CUST02530,03/08/2024,WH003,Shipped,Cash on Delivery
ORD008855,CUST01947,01/29/2024,WH015,Cancelled,UPI
ORD008856,CUST00822,2022-09-17,WH013,Returned,Net Banking
ORD008857,CUST02407,17-07-2022,WH018,Returned,COD
ORD008858,CUST00683,13-04-2024,WH015,Shipped,Cash on Delivery
ORD008859,CUST01061,02/06/2024,WH001,Shipped,Debit Card
ORD008860,CUST02481,09/12/2024,WH011,delivered,cod
ORD008861,CUST02576,2022-09-14,WH007,Shipped,Credit Card
ORD008862,CUST00498,26-04-2024,WH011,CANCELLED,Debit Card
ORD008863,CUST00983,09 Nov 2023,WH002,shipped,cod
ORD008864,CUST02400,28/11/2022,WH011,Delivered,Cash on Delivery
ORD008865,CUST00060,27-06-2023,WH017,pending,cod
ORD008866,CUST01776,06/14/2024,WH001,pending,COD
ORD008867,CUST02515,29-11-2022,WH011,returned,cod
ORD008868,CUST02872,28-12-2024,WH008,Delivered,Credit Card
ORD008869,CUST02878,28/12/2023,WH008,delivered,cod
ORD008870,CUST01509,,WH007,Returned,UPI
ORD008871,CUST01939,2024/03/09,WH016,Processing,Debit Card
ORD008872,CUST01210,27 Aug 2023,WH011,Returned,COD
ORD008873,CUST03523,2023/08/02,WH011,RETURNED,cod
ORD008874,CUST03472,2023-03-25,WH014,Shipped,Cash on Delivery
ORD008875,CUST00319,09-03-2023,WH018,Returned,Net Banking
ORD008876,CUST02963,2024/11/10,WH003,returned,cod
ORD008877,CUST03342,2024-06-26,WH010,Delivered,Credit Card
ORD008878,CUST00830,05/02/2022,WH013,Delivered,Net Banking
ORD008879,CUST03722,2022-11-21,WH016,Cancelled,Cash on Delivery
ORD008880,CUST02191,2023-10-06,WH004,Pending,Debit Card
ORD008881,CUST03700,2024-09-05,WH015,Returned,Debit Card
ORD008882,CUST03294,21-12-2023,WH006,Returned,Cash on Delivery
ORD008883,CUST01484,18 Dec 2023,WH007,CANCELLED,UPI
ORD008884,CUST03847,2023-10-11,WH004,Returned,Net Banking
ORD008885,CUST03480,2024-07-28,WH006,Processing,Cash on Delivery
ORD008886,CUST01426,05/20/2022,WH018,Processing,COD
ORD008887,CUST03219,19/11/2023,WH008,Delivered,Cash on Delivery
ORD008888,CUST02557,28/07/2023,WH017,Shipped,Cash on Delivery
ORD008889,CUST03671,25/06/2023,WH011,PROCESSING,Net Banking
ORD008890,CUST03282,02/08/2024,WH009,PENDING,Credit Card
ORD008891,CUST02977,15 May 2022,WH003,RETURNED,Cash on Delivery
ORD008892,CUST00311,2022/01/23,WH014,Delivered,UPI
ORD008893,CUST02793,2022/01/08,WH003,SHIPPED,Cash on Delivery
ORD008894,CUST01211,06 Jul 2024,WH008,CANCELLED,Credit Card
ORD008895,CUST02982,18-03-2024,WH007,Processing,Cash on Delivery
ORD008896,CUST01266,23/12/2023,WH012,Cancelled,COD
ORD008897,CUST02744,2023-08-30,WH006,Shipped,Debit Card
ORD008898,CUST02944,08/26/2022,WH001,Shipped,COD
ORD008899,CUST02307,27-12-2024,WH009,returned,cod
ORD008900,CUST00982,11/19/2022,WH018,Shipped,Credit Card
ORD008901,CUST03280,30 Nov 2024,WH005,Pending,UPI
ORD008902,CUST01471,30-01-2024,WH017,Processing,Credit Card
ORD008903,CUST01398,15 Aug 2024,WH010,Pending,COD
ORD008904,CUST01949,26-08-2022,WH013,Returned,cod
ORD008905,CUST03723,,WH009,Shipped,Net Banking
ORD008906,CUST02577,05 Jan 2022,WH004,PENDING,Debit Card
ORD008907,CUST01669,2022/06/01,WH006,Processing,Net Banking
ORD008908,CUST02734,07 Dec 2022,WH009,RETURNED,Debit Card
ORD008909,CUST02017,2022-05-31,WH002,pending,Cash on Delivery
ORD008910,CUST01609,04/20/2024,WH008,Processing,Credit Card
ORD008911,CUST01828,2022-08-24,WH018,Shipped,cod
ORD008912,CUST02490,03/07/2023,WH017,shipped,Cash on Delivery
ORD008913,CUST00352,09-05-2023,WH005,Shipped,cod
ORD008914,CUST01168,2023-06-26,WH011,Processing,Cash on Delivery
ORD008915,CUST01756,19 Oct 2024,WH013,Shipped,Debit Card
ORD008916,CUST00886,03/05/2022,WH003,Returned,COD
ORD008917,CUST03560,2023-12-26,WH012,Cancelled,cod
ORD008918,CUST00323,2024/04/07,WH005,pending,UPI
ORD008919,CUST02219,08/09/2023,WH011,Cancelled,Cash on Delivery
ORD008920,CUST00024,06-08-2024,WH012,SHIPPED,Debit Card
ORD008921,CUST01392,29-09-2023,WH009,PENDING,Credit Card
ORD008922,CUST00859,19-08-2022,WH007,Processing,Cash on Delivery
ORD008923,CUST03111,2024/04/30,WH008,Delivered,cod
ORD008924,CUST00106,10/14/2024,WH002,Returned,UPI
ORD008925,CUST02488,2024-09-02,WH009,CANCELLED,COD
ORD008926,CUST01358,2024-03-28,WH009,SHIPPED,UPI
ORD008927,CUST01434,0000-00-00,WH003,Delivered,Credit Card
ORD008928,CUST01352,04-09-2023,WH018,PENDING,COD
ORD008929,CUST03627,16-10-2022,WH017,Shipped,Cash on Delivery
ORD008930,CUST02335,2024/01/11,WH016,Pending,UPI
ORD008931,CUST01659,09-01-2023,WH009,shipped,Cash on Delivery
ORD008932,CUST01208,15-09-2024,WH013,Processing,cod
ORD008933,CUST00853,22 Apr 2023,WH004,shipped,Credit Card
ORD008934,CUST00887,10/08/2024,WH018,Delivered,COD
ORD008935,CUST00529,29 Mar 2024,WH001,Processing,Credit Card
ORD008936,CUST02663,22-06-2022,WH005,Returned,Debit Card
ORD008937,CUST02638,02-12-2022,WH003,cancelled,Credit Card
ORD008938,CUST02051,10/13/2023,WH003,Pending,cod
ORD008939,CUST03274,17 May 2024,WH013,Pending,cod
ORD008940,CUST02427,10/16/2023,WH001,Shipped,Debit Card
ORD008941,CUST01102,19 Jul 2022,WH007,Delivered,Net Banking
ORD008942,CUST03409,11/15/2024,WH013,Pending,COD
ORD008943,CUST01148,09 Dec 2022,WH008,Shipped,Cash on Delivery
ORD008944,CUST03217,04/10/2022,WH006,Cancelled,Debit Card
ORD008945,CUST02971,02 Sep 2024,WH018,Processing,COD
ORD008946,CUST03018,22 Oct 2023,WH010,Processing,UPI
ORD008947,CUST03481,26-02-2022,WH015,Processing,Cash on Delivery
ORD008948,CUST02715,2022-01-18,WH003,Returned,COD
ORD008949,CUST03881,2022/09/16,WH004,Processing,UPI
ORD008950,CUST03476,07/02/2022,WH010,Returned,Debit Card
ORD008951,CUST00758,28-10-2023,WH015,Delivered,Net Banking
ORD008952,CUST02795,20/07/2022,WH011,Pending,cod
ORD008953,CUST03731,06/12/2022,WH012,DELIVERED,Credit Card
ORD008954,CUST01760,31-07-2022,WH015,Cancelled,Cash on Delivery
ORD008955,CUST00363,13 Mar 2022,WH010,Pending,cod
ORD008956,CUST01382,04/06/2023,WH009,Returned,Cash on Delivery
ORD008957,CUST01377,01/12/2023,WH015,Delivered,Net Banking
ORD008958,CUST03020,08-12-2022,WH006,delivered,Credit Card
ORD008959,CUST02045,28/04/2024,WH013,Delivered,cod
ORD008960,CUST01148,2022-04-09,WH013,Returned,COD
ORD008961,CUST02689,12/27/2023,WH003,DELIVERED,Net Banking
ORD008962,CUST02614,2022/03/20,WH003,Returned,COD
ORD008963,CUST02235,25 Mar 2022,WH011,Pending,COD
ORD008964,CUST00694,03 May 2023,WH004,Processing,Credit Card
ORD008965,CUST02736,19/02/2023,WH009,Cancelled,Cash on Delivery
ORD008966,CUST01897,2023/09/30,WH002,Pending,Credit Card
ORD008967,CUST01079,2024/09/25,WH014,Delivered,cod
ORD008968,CUST00949,16/06/2023,WH009,Returned,Credit Card
ORD008969,CUST03228,2024/08/16,WH015,Shipped,cod
ORD008970,CUST00620,2024-07-26,WH017,Delivered,Debit Card
ORD008971,CUST03291,07/28/2023,WH002,DELIVERED,cod
ORD008972,CUST03784,0000-00-00,WH010,cancelled,cod
ORD008973,CUST00874,02/26/2022,WH017,Processing,Net Banking
ORD008974,CUST03771,01 Nov 2024,WH009,Delivered,cod
ORD008975,CUST01087,2024/09/28,WH005,Shipped,Cash on Delivery
ORD008976,CUST00715,2024-10-22,WH004,Processing,Net Banking
ORD008977,CUST03999,01/06/2022,WH014,Shipped,Debit Card
ORD008978,CUST02692,25/09/2023,WH007,Returned,Debit Card
ORD008979,CUST52949,16-02-2024,WH018,Pending,Cash on Delivery
ORD008980,CUST03290,2022-07-18,WH007,PROCESSING,UPI
ORD008981,CUST54094,14/09/2024,WH002,Delivered,Net Banking
ORD008982,CUST03294,16/02/2022,WH005,Cancelled,cod
ORD008983,CUST01491,03/15/2022,WH013,RETURNED,UPI
ORD008984,CUST01108,,WH013,Pending,Cash on Delivery
ORD008985,CUST00430,2022-06-23,WH005,cancelled,Credit Card
ORD008986,CUST02165,15/01/2024,WH005,Delivered,COD
ORD008987,CUST00714,0000-00-00,WH012,Cancelled,cod
ORD008988,CUST03400,2023-10-01,WH009,Delivered,COD
ORD008989,CUST01405,06 Feb 2022,WH006,SHIPPED,cod
ORD008990,CUST00146,04/06/2022,WH012,Shipped,cod
ORD008991,CUST03337,2024-04-20,WH006,Returned,Net Banking
ORD008992,CUST01240,2023/11/15,WH014,Returned,cod
ORD008993,CUST03067,29/11/2024,WH018,PENDING,Debit Card
ORD008994,CUST02250,10/18/2022,WH011,Returned,cod
ORD008995,CUST01714,2023/10/07,WH006,Shipped,Debit Card
ORD008996,CUST02930,,WH009,Cancelled,UPI
ORD008997,CUST01102,03-06-2022,WH009,Cancelled,Cash on Delivery
ORD008998,CUST02810,04/30/2023,WH017,Cancelled,cod
ORD008999,CUST02635,,WH012,Shipped,cod
ORD009000,CUST00194,30/07/2023,WH003,Returned,cod
ORD003844,CUST00419,03/13/2024,WH016,Processing,Net Banking
ORD006189,CUST00118,2024-11-25,WH016,PENDING,COD
ORD003491,CUST01023,2023/12/19,WH016,Shipped,Debit Card
ORD003421,CUST03201,0000-00-00,WH002,Shipped,UPI
ORD005290,CUST01461,15-05-2022,WH005,Delivered,cod
ORD003737,CUST02869,13/09/2022,WH018,Delivered,Net Banking
ORD004086,CUST02386,2023-12-29,WH008,Processing,UPI
ORD001044,CUST01636,30 Jul 2022,WH012,Cancelled,UPI
ORD004362,CUST00741,01/14/2024,WH013,Processing,COD
ORD007343,CUST01918,06/08/2023,WH006,Delivered,COD
ORD007528,CUST02753,2022-10-01,WH013,Pending,COD
ORD003530,CUST00520,2022-06-20,WH015,Pending,Net Banking
ORD004270,CUST00471,15-11-2024,WH006,Pending,COD
ORD005785,CUST02106,05/25/2024,WH018,Cancelled,Debit Card
ORD001158,CUST01432,04/23/2023,WH012,SHIPPED,Debit Card
ORD005862,CUST01940,04/24/2023,WH009,Processing,COD
ORD008683,CUST03952,03 Feb 2023,WH006,processing,cod
ORD000251,CUST02226,07/03/2024,WH015,Pending,Net Banking
ORD003127,CUST03342,2024/05/31,WH014,Returned,Credit Card
ORD004295,CUST02562,01/18/2024,WH008,Processing,Debit Card
ORD003673,CUST01777,2024/03/27,WH010,shipped,Cash on Delivery
ORD004811,CUST00326,22/10/2023,WH013,Shipped,cod
ORD007266,CUST02327,28-07-2022,WH006,Delivered,UPI
ORD005873,CUST03037,23-10-2023,WH005,Pending,Credit Card
ORD007974,CUST01874,11-05-2023,WH004,Cancelled,UPI
ORD005867,CUST03689,2023-01-14,WH009,Processing,Cash on Delivery
ORD007733,CUST01489,2022/03/17,WH008,Pending,Net Banking
ORD007123,CUST00344,2024-08-18,WH015,Cancelled,UPI
ORD000043,CUST01526,08/08/2023,WH010,Delivered,cod
ORD008941,CUST01102,19 Jul 2022,WH007,Delivered,Net Banking
