shipment_id,order_id,ship_date,delivery_date,carrier,shipping_cost,delivery_status
SHP000001,ORD000001,07/04/2024,08-07-2024,BlueDart,144.87,Lost
SHP000002,ORD000002,2022/09/05,06/09/2022,IndiaPost,413.53,delivered
SHP000003,ORD000003,04/04/2024,04/19/2024,DTDC,552.47,Delivered
SHP000004,ORD000004,29/11/2024,30 Nov 2024,DTDC,66.02,Delivered
SHP000005,ORD000005,04/07/2023,2023/07/10,DTDC,82.97,Returned to Origin
SHP000006,ORD000006,09 Apr 2023,2023/04/11,BlueDart,801.61,In Transit
SHP000007,ORD000007,14/03/2023,2023-03-22,XpressBees,94.57,LOST
SHP000008,ORD000008,0000-00-00,08/31/2023,IndiaPost,212.03,RETURNED TO ORIGIN
SHP000009,ORD000009,2024/10/28,03-11-2024,Ekart,,Returned to Origin
SHP000010,ORD000010,2024-04-21,24-04-2024,IndiaPost,498.56,Delivered
SHP000011,ORD000011,27-09-2022,02 Oct 2022,DTDC,782.79,Returned to Origin
SHP000012,ORD000012,24-12-2022,2022/12/28,XpressBees,451.79,Lost
SHP000013,ORD000013,04/06/2022,04/12/2022,INDIAPOST,702.9,Delayed
SHP000014,ORD000014,15-08-2022,22-08-2022,delhivery,759.08,In Transit
SHP000015,ORD000015,07/23/2023,02/08/2023,IndiaPost,642.99,In Transit
SHP000016,ORD000016,03/11/2022,08 Nov 2022,FEDEX,651.72,Lost
SHP000017,ORD000017,23/05/2024,25/05/2024,Ekart,51.28,lost
SHP000018,ORD000018,11/11/2022,2022-11-15,XpressBees,419.41,In Transit
SHP000019,ORD000019,22-03-2022,26 Mar 2022,dtdc,193.48,Returned to Origin
SHP000020,ORD000020,12-05-2024,19 May 2024,fedex,273.77,Returned to Origin
SHP000021,ORD000021,2024-07-02,06/07/2024,Ekart,580.34,Returned to Origin
SHP000022,ORD000022,09/25/2022,10/01/2022,Ekart,,Delivered
SHP000023,ORD000023,2024/09/02,2024/09/09,BLUEDART,749.99,RETURNED TO ORIGIN
SHP000024,ORD000024,10 Aug 2022,2022-08-17,BlueDart,459.31,Lost
SHP000025,ORD000025,05 Nov 2023,07/11/2023,Ekart,564.46,Delayed
SHP000026,ORD000026,12 Oct 2022,13-10-2022,Delhivery,666.39,In Transit
SHP000027,ORD000027,16 Jan 2024,20/01/2024,BlueDart,655.09,returned to origin
SHP000028,ORD000028,2022/04/14,2022/04/17,Delhivery,415.03,Returned to Origin
SHP000029,ORD000029,09-08-2024,2024-08-16,dtdc,884.33,IN TRANSIT
SHP000030,ORD000030,30-06-2024,08/07/2024,Ekart,439.83,Lost
SHP000031,ORD000031,2022-06-18,2022-06-20,Ekart,618.04,in transit
SHP000032,ORD000032,05-11-2024,11/08/2024,XpressBees,313.47,In Transit
SHP000033,ORD000033,18/07/2023,02 Aug 2023,dtdc,733.99,Lost
SHP000034,ORD000034,2022/11/18,20 Nov 2022,DTDC,352.1,Delayed
SHP000035,ORD000035,2022/07/14,2022/07/16,indiapost,186.2,delayed
SHP000036,ORD000036,07-03-2022,2022/03/12,dtdc,738.51,Delivered
SHP000037,ORD000037,06-02-2022,09-02-2022,INDIAPOST,457.5,Lost
SHP000038,ORD000038,2022-05-23,2022-05-30,DELHIVERY,528.23,In Transit
SHP000039,ORD000039,03/08/2023,08/11/2023,DTDC,128.15,Returned to Origin
SHP000040,ORD000040,13 Sep 2022,14-09-2022,Ekart,853.06,Delivered
SHP000041,ORD000041,2022/11/02,07 Nov 2022,xpressbees,673.34,in transit
SHP000042,ORD000042,07/27/2024,02/08/2024,DELHIVERY,514.44,returned to origin
SHP000043,ORD000043,11 Aug 2023,13/08/2023,IndiaPost,490.7,Lost
SHP000044,ORD000044,08/29/2023,31/08/2023,IndiaPost,381.32,Returned to Origin
SHP000045,ORD000045,25/03/2024,30 Mar 2024,indiapost,565.55,Returned to Origin
SHP000046,ORD000046,2024-08-01,11/08/2024,fedex,888.48,Delayed
SHP000047,ORD000047,2022-01-22,2022-01-27,BLUEDART,298.22,Lost
SHP000048,ORD000048,2022-10-17,2022-10-24,XpressBees,388.57,LOST
SHP000049,ORD000049,2023/09/14,16 Sep 2023,Ekart,,Delivered
SHP000050,ORD000050,04 Sep 2022,2022/09/09,Ekart,109.36,Lost
SHP000051,ORD000051,05/13/2023,05/16/2023,Ekart,794.94,RETURNED TO ORIGIN
SHP000052,ORD000052,2024/12/13,12/18/2024,FedEx,144.73,Returned to Origin
SHP000053,ORD000053,03/04/2022,06 Apr 2022,Delhivery,330.7,Delayed
SHP000054,ORD000054,06 Oct 2024,2024-10-09,indiapost,89.65,In Transit
SHP000055,ORD000055,2024-10-20,2024-10-21,Ekart,63.91,Delivered
SHP000056,ORD000056,05/23/2022,27-05-2022,IndiaPost,221.49,Delivered
SHP000057,ORD000057,02/19/2022,22-02-2022,BLUEDART,95.65,Lost
SHP000058,ORD000058,2023/03/12,03/15/2023,BLUEDART,176.43,Delayed
SHP000059,ORD000059,2023/08/13,0000-00-00,delhivery,160.52,In Transit
SHP000060,ORD000060,15 Jan 2024,16/01/2024,XpressBees,65.19,DELIVERED
SHP000061,ORD000061,16/01/2024,2024/01/19,FEDEX,152.75,delayed
SHP000062,ORD000062,2024/12/13,16 Dec 2024,XpressBees,395.69,Delayed
SHP000063,ORD000063,01-09-2022,16 Sep 2022,ekart,853.28,Lost
SHP000064,ORD000064,16-03-2023,2023/03/17,Delhivery,689.17,In Transit
SHP000065,ORD000065,04-08-2024,2024-08-09,BLUEDART,870.28,In Transit
SHP000066,ORD000066,04/30/2024,0000-00-00,DTDC,390.67,Delivered
SHP000067,ORD000067,26/12/2023,29/12/2023,ekart,544.13,Delivered
SHP000068,ORD000068,05/01/2023,08/01/2023,BlueDart,70.51,LOST
SHP000069,ORD000069,14/04/2024,2024-04-16,IndiaPost,291.27,Delivered
SHP000070,ORD000070,18 Mar 2022,24/03/2022,Ekart,274.73,In Transit
SHP000071,ORD000071,26 May 2024,29/05/2024,DELHIVERY,112.3,Delivered
SHP000072,ORD000072,18-06-2022,06/20/2022,INDIAPOST,59.74,RETURNED TO ORIGIN
SHP000073,ORD000073,2023-02-18,21-02-2023,XpressBees,491.29,in transit
SHP000074,ORD000074,14/11/2022,19/11/2022,Delhivery,598.27,Delayed
SHP000075,ORD000075,02 Jun 2024,05 Jun 2024,DELHIVERY,234.96,RETURNED TO ORIGIN
SHP000076,ORD000076,01/14/2023,18/01/2023,Delhivery,265.67,Delivered
SHP000077,ORD000077,,07-01-2023,DELHIVERY,530.67,IN TRANSIT
SHP000078,ORD000078,2022-05-24,25/05/2022,DTDC,480.59,Delayed
SHP000079,ORD000079,10-09-2024,14 Sep 2024,XpressBees,812.51,DELAYED
SHP000080,ORD000080,2022-12-10,12/12/2022,IndiaPost,885.28,Delivered
SHP000081,ORD000081,01-05-2024,2024/05/08,xpressbees,355.68,In Transit
SHP000082,ORD000082,2023-11-13,14/11/2023,indiapost,533.64,Delayed
SHP000083,ORD000083,2024-12-17,2024/12/27,EKART,697.94,Lost
SHP000084,ORD000084,05/11/2022,18-05-2022,xpressbees,517.91,Returned to Origin
SHP000085,ORD000085,0000-00-00,17/05/2023,fedex,391.85,Lost
SHP000086,ORD000086,06-05-2022,2022/05/10,EKART,292.5,Lost
SHP000087,ORD000087,20-05-2023,05/24/2023,ekart,792.53,returned to origin
SHP000088,ORD000088,2022/09/10,11-09-2022,IndiaPost,199.24,Lost
SHP000089,ORD000089,24/10/2024,2024/10/27,FedEx,868.35,Delivered
SHP000090,ORD000090,08/30/2023,2023/09/02,IndiaPost,116.79,IN TRANSIT
SHP000091,ORD000091,2023/12/05,12/12/2023,DTDC,35.22,Lost
SHP000092,ORD000092,26-04-2022,04/29/2022,IndiaPost,195.29,Delayed
SHP000093,ORD000093,09/05/2024,11/09/2024,Ekart,400.83,DELIVERED
SHP000094,ORD000094,2024-05-15,18 May 2024,XpressBees,,In Transit
SHP000095,ORD000095,27 Jan 2024,31/01/2024,INDIAPOST,647.8,returned to origin
SHP000096,ORD000096,23-06-2022,03 Jul 2022,Ekart,34.7,IN TRANSIT
SHP000097,ORD000097,2022/09/30,2022-10-02,DTDC,354.31,lost
SHP000098,ORD000098,04/09/2022,2022-09-09,XpressBees,31.96,Returned to Origin
SHP000099,ORD000099,2024-12-20,2025-01-04,FedEx,56.67,Delivered
SHP000100,ORD000100,2024/08/17,2024/08/21,XpressBees,330.89,DELAYED
SHP000101,ORD000101,19 Jun 2023,2023/06/21,Delhivery,460.38,In Transit
SHP000102,ORD000102,2023-09-07,11/09/2023,BlueDart,788.74,Returned to Origin
SHP000103,ORD000103,29 Mar 2024,2024-04-13,DTDC,554.89,Delivered
SHP000104,ORD000104,,05/19/2024,XpressBees,552.41,IN TRANSIT
SHP000105,ORD000105,16-09-2023,2023-09-24,IndiaPost,38.48,Returned to Origin
SHP000106,ORD000106,08/02/2024,03-08-2024,delhivery,461.33,Delayed
SHP000107,ORD000107,2024-04-24,25 Apr 2024,Delhivery,359.04,Delivered
SHP000108,ORD000108,2024-10-06,10 Oct 2024,Delhivery,645.47,Lost
SHP000109,ORD000109,10/15/2024,2024-10-18,Ekart,796.56,in transit
SHP000110,ORD000110,2024-08-25,2024-08-28,FedEx,379.53,IN TRANSIT
SHP000111,ORD000111,2024/04/30,10 May 2024,DTDC,331.53,In Transit
SHP000112,ORD000112,19 Mar 2024,24 Mar 2024,Ekart,95.24,Lost
SHP000113,ORD000113,01/12/2023,15-01-2023,IndiaPost,743.6,Lost
SHP000114,ORD000114,24/07/2024,29 Jul 2024,FedEx,869.41,LOST
SHP000115,ORD000115,2022-08-25,2022-08-28,FEDEX,826.54,Returned to Origin
SHP000116,ORD000116,2024-07-09,19 Jul 2024,FEDEX,331.69,Delivered
SHP000117,ORD000117,2022/02/01,2022/02/11,Ekart,794.75,Delayed
SHP000118,ORD000118,2022/03/27,2022-03-30,Ekart,889.35,Delayed
SHP000119,ORD000119,2022/04/07,0000-00-00,IndiaPost,706.45,Lost
SHP000120,ORD000120,2023/08/28,05/09/2023,Ekart,30.14,LOST
SHP000121,ORD000121,08-07-2024,2024/07/14,indiapost,367.42,In Transit
SHP000122,ORD000122,14/11/2024,11/29/2024,FedEx,685.38,In Transit
SHP000123,ORD000123,08 Sep 2022,11-09-2022,XpressBees,845.32,Delivered
SHP000124,ORD000124,2024-08-25,08/27/2024,BLUEDART,94.07,Lost
SHP000125,ORD000125,06/09/2024,16/06/2024,delhivery,854.98,In Transit
SHP000126,ORD000126,20-05-2024,26 May 2024,XpressBees,226.69,Delayed
SHP000127,ORD000127,08 Mar 2023,13-03-2023,FedEx,152.08,In Transit
SHP000128,ORD000128,2024/07/12,2024-07-15,DTDC,697.04,DELAYED
SHP000129,ORD000129,09 Feb 2023,2023-02-10,XpressBees,618.1,Returned to Origin
SHP000130,ORD000130,06/28/2022,06/07/2022,IndiaPost,516.11,Returned to Origin
SHP000131,ORD000131,20/05/2022,2022-05-23,fedex,226.55,Lost
SHP000132,ORD000132,06/29/2023,2023-06-30,DELHIVERY,,Delayed
SHP000133,ORD000133,05/09/2024,12/05/2024,DTDC,254.04,Lost
SHP000134,ORD000134,01 Mar 2023,2023/03/16,ekart,240.3,LOST
SHP000135,ORD000135,06/23/2022,24-06-2022,DTDC,638.58,In Transit
SHP000136,ORD000136,,01/06/2023,dtdc,297.63,In Transit
SHP000137,ORD000137,2022/08/01,16 Aug 2022,Delhivery,425.57,Returned to Origin
SHP000138,ORD000138,2024/10/02,12-10-2024,IndiaPost,878.74,RETURNED TO ORIGIN
SHP000139,ORD000139,02 Jan 2023,2023/01/07,BlueDart,473.02,In Transit
SHP000140,ORD000140,2022/07/06,11-07-2022,IndiaPost,174.3,Lost
SHP000141,ORD000141,04/02/2023,2023/04/10,Ekart,633.5,returned to origin
SHP000142,ORD000142,2022-06-12,2022/06/17,FedEx,156.28,In Transit
SHP000143,ORD000143,14 Sep 2023,2023/09/17,DTDC,620.2,Returned to Origin
SHP000144,ORD000144,14 Jun 2024,16 Jun 2024,INDIAPOST,848.57,In Transit
SHP000145,ORD000145,06/23/2022,03-07-2022,XPRESSBEES,133.57,DELIVERED
SHP000146,ORD000146,2024-01-14,0000-00-00,INDIAPOST,221.19,Delayed
SHP000147,ORD000147,2024-07-01,07/04/2024,dtdc,733.01,lost
SHP000148,ORD000148,2022/10/08,2022/10/15,BLUEDART,529.06,In Transit
SHP000149,ORD000149,15/02/2024,19-02-2024,XpressBees,346.95,Delivered
SHP000150,ORD000150,2024-10-26,02-11-2024,Delhivery,110.38,Delayed
SHP000151,ORD000151,25-06-2022,02-07-2022,DTDC,267.7,Returned to Origin
SHP000152,ORD000152,2024/11/30,06-12-2024,XpressBees,576.55,In Transit
SHP000153,ORD000153,26/07/2023,2023-07-27,ekart,38.48,In Transit
SHP000154,ORD000154,08/11/2023,2023/11/18,Ekart,567.83,delivered
SHP000155,ORD000155,2022-03-29,13 Apr 2022,BlueDart,803.3,In Transit
SHP000156,ORD000156,07/04/2022,22-04-2022,Delhivery,503.33,Delayed
SHP000157,ORD000157,15/02/2024,2024/02/18,dtdc,298.72,Returned to Origin
SHP000158,ORD000158,2024-02-03,06/02/2024,XpressBees,610.42,Lost
SHP000159,ORD000159,2022/03/17,03/24/2022,BlueDart,98.94,LOST
SHP000160,ORD000160,2023/01/07,2023-01-15,XpressBees,458.52,Delayed
SHP000161,ORD000161,09/16/2024,2024-09-17,Delhivery,278.14,Returned to Origin
SHP000162,ORD000162,10-09-2024,15 Sep 2024,XpressBees,256.35,In Transit
SHP000163,ORD000163,09/29/2023,03/10/2023,XpressBees,857.43,Delayed
SHP000164,ORD000164,19 May 2022,27 May 2022,BlueDart,344.13,Delivered
SHP000165,ORD000165,05/15/2024,05/18/2024,IndiaPost,611.34,Delivered
SHP000166,ORD000166,04/03/2022,09/03/2022,FEDEX,501.15,LOST
SHP000167,ORD000167,2022/03/17,01 Apr 2022,IndiaPost,724.43,Delayed
SHP000168,ORD000168,2024-09-04,,Delhivery,853.75,Returned to Origin
SHP000169,ORD000169,2023-12-15,12/22/2023,FedEx,289.13,Delivered
SHP000170,ORD000170,25/08/2023,31/08/2023,DTDC,522.92,In Transit
SHP000171,ORD000171,2024/09/23,09/26/2024,XpressBees,366.8,In Transit
SHP000172,ORD000172,05 Oct 2022,2022/10/12,FEDEX,571.58,In Transit
SHP000173,ORD000173,,2024-11-03,BlueDart,389.62,In Transit
SHP000174,ORD000174,2022/03/05,15/03/2022,EKART,555.45,Lost
SHP000175,ORD000175,02-06-2023,10 Jun 2023,BlueDart,,Delayed
SHP000176,ORD000176,2023-03-15,20 Mar 2023,IndiaPost,659.41,Lost
SHP000177,ORD000177,2024/09/12,2024-09-14,XpressBees,647.44,Delayed
SHP000178,ORD000178,2023/05/17,25/05/2023,Delhivery,746.12,LOST
SHP000179,ORD000179,23-03-2023,2023-03-29,Ekart,591.83,Delayed
SHP000180,ORD000180,26 Dec 2023,01/03/2024,XpressBees,661.69,Delayed
SHP000181,ORD000181,02/21/2022,27/02/2022,DELHIVERY,775.51,Returned to Origin
SHP000182,ORD000182,2022-10-22,30/10/2022,INDIAPOST,487.81,Returned to Origin
SHP000183,ORD000183,2024/06/16,2024-06-24,XpressBees,620.22,Lost
SHP000184,ORD000184,2023-04-15,20-04-2023,DTDC,790.39,Delayed
SHP000185,ORD000185,16/03/2022,03/17/2022,Ekart,811.3,In Transit
SHP000186,ORD000186,20/06/2022,2022/06/25,DTDC,585.14,Returned to Origin
SHP000187,ORD000187,21-09-2023,22 Sep 2023,Delhivery,674.11,in transit
SHP000188,ORD000188,13-02-2022,02/23/2022,BlueDart,533.96,Delayed
SHP000189,ORD000189,2024-05-08,18/05/2024,IndiaPost,769.28,Lost
SHP000190,ORD000190,06/09/2022,17-06-2022,XpressBees,662.42,RETURNED TO ORIGIN
SHP000191,ORD000191,13-01-2023,2023/01/28,BLUEDART,198.83,DELAYED
SHP000192,ORD000192,07/11/2022,07/17/2022,DTDC,799.03,Delivered
SHP000193,ORD000193,2023-09-04,2023/09/12,IndiaPost,650.13,Returned to Origin
SHP000194,ORD000194,11/09/2022,15-09-2022,dtdc,839.74,Returned to Origin
SHP000195,ORD000195,13 May 2023,05/17/2023,XpressBees,750.9,In Transit
SHP000196,ORD000196,,2022-09-29,FedEx,494.08,Delayed
SHP000197,ORD000197,2024/06/01,06 Jun 2024,fedex,418.41,In Transit
SHP000198,ORD000198,03-12-2023,2023/12/09,Delhivery,609.25,delivered
SHP000199,ORD000199,2024/04/17,2024/04/20,IndiaPost,301.56,Delayed
SHP000200,ORD000200,07/24/2022,25 Jul 2022,BlueDart,480.89,In Transit
SHP000201,ORD000201,,24 Sep 2022,DTDC,392.44,In Transit
SHP000202,ORD000202,2023-05-19,20 May 2023,Delhivery,241.65,Lost
SHP000203,ORD000203,10/22/2024,10/30/2024,FedEx,133.43,delivered
SHP000204,ORD000204,12/07/2023,09-12-2023,delhivery,315.97,Lost
SHP000205,ORD000205,03/15/2024,30/03/2024,DTDC,70.94,RETURNED TO ORIGIN
SHP000206,ORD000206,2022/06/02,06/03/2022,Ekart,270.45,Lost
SHP000207,ORD000207,04/26/2024,30-04-2024,XPRESSBEES,878.75,Lost
SHP000208,ORD000208,17/01/2022,01/20/2022,FedEx,517.0,Delivered
SHP000209,ORD000209,08/01/2022,01/11/2022,XPRESSBEES,767.99,Lost
SHP000210,ORD000210,2024/12/24,,FedEx,748.95,IN TRANSIT
SHP000211,ORD000211,05/20/2023,26 May 2023,DTDC,335.34,in transit
SHP000212,ORD000212,27/07/2022,08/11/2022,Ekart,157.36,Returned to Origin
SHP000213,ORD000213,10/25/2022,10/29/2022,DTDC,39.63,Lost
SHP000214,ORD000214,06 Oct 2024,12-10-2024,BlueDart,392.14,delayed
SHP000215,ORD000215,24-05-2022,2022/05/27,INDIAPOST,683.28,Delivered
SHP000216,ORD000216,13/01/2022,01/23/2022,DTDC,556.54,Returned to Origin
SHP000217,ORD000217,26/02/2022,03 Mar 2022,FedEx,307.76,Returned to Origin
SHP000218,ORD000218,2024/07/26,29/07/2024,DELHIVERY,777.6,Delivered
SHP000219,ORD000219,16/11/2023,17-11-2023,FedEx,322.38,Lost
SHP000220,ORD000220,2022/10/03,2022-10-08,EKART,435.0,Lost
SHP000221,ORD000221,12/02/2022,18-02-2022,INDIAPOST,639.39,Returned to Origin
SHP000222,ORD000222,04/13/2023,2023-04-19,ekart,240.29,Returned to Origin
SHP000223,ORD000223,06/17/2023,02/07/2023,Ekart,338.96,In Transit
SHP000224,ORD000224,11 Aug 2023,16-08-2023,IndiaPost,645.92,delivered
SHP000225,ORD000225,2024/02/28,03/05/2024,IndiaPost,747.43,DELIVERED
SHP000226,ORD000226,2023/10/12,10/19/2023,FedEx,693.82,Delivered
SHP000227,ORD000227,03/09/2022,2022/03/13,Ekart,700.5,In Transit
SHP000228,ORD000228,2023-10-21,31 Oct 2023,ekart,848.42,Delayed
SHP000229,ORD000229,23 Nov 2023,29-11-2023,FedEx,686.41,In Transit
SHP000230,ORD000230,22/08/2023,25/08/2023,XpressBees,626.21,Delivered
SHP000231,ORD000231,10/20/2022,25-10-2022,FedEx,239.16,Returned to Origin
SHP000232,ORD000232,0000-00-00,16 May 2024,FEDEX,491.21,In Transit
SHP000233,ORD000233,23/09/2024,10/03/2024,FEDEX,634.57,Delayed
SHP000234,ORD000234,17-11-2024,20 Nov 2024,Ekart,249.79,DELAYED
SHP000235,ORD000235,2024-09-06,2024-09-12,bluedart,,Delayed
SHP000236,ORD000236,09/01/2024,2024-09-04,Delhivery,168.51,In Transit
SHP000237,ORD000237,0000-00-00,23-05-2024,DTDC,627.86,Delayed
SHP000238,ORD000238,2023-10-30,11/03/2023,DELHIVERY,155.89,In Transit
SHP000239,ORD000239,03/24/2022,27/03/2022,DTDC,36.57,In Transit
SHP000240,ORD000240,2023-07-24,29-07-2023,Ekart,588.97,Delayed
SHP000241,ORD000241,2023-08-30,2023/09/05,IndiaPost,534.76,Returned to Origin
SHP000242,ORD000242,14/11/2024,15/11/2024,FedEx,562.45,In Transit
SHP000243,ORD000243,2024/09/21,2024-09-26,xpressbees,529.31,DELAYED
SHP000244,ORD000244,24/01/2024,01/28/2024,IndiaPost,598.82,returned to origin
SHP000245,ORD000245,09/02/2024,08-09-2024,Ekart,225.29,Lost
SHP000246,ORD000246,2022-04-09,10/04/2022,Delhivery,153.36,Delayed
SHP000247,ORD000247,2024/09/24,04/10/2024,IndiaPost,600.86,In Transit
SHP000248,ORD000248,01/12/2024,2024-01-13,dtdc,142.69,DELAYED
SHP000249,ORD000249,2024-02-01,03-02-2024,Delhivery,263.87,In Transit
SHP000250,ORD000250,2024-02-26,27 Feb 2024,DTDC,618.86,DELIVERED
SHP000251,ORD000251,2024/07/04,06-07-2024,BlueDart,102.53,In Transit
SHP000252,ORD000252,2022-03-12,15-03-2022,Ekart,402.41,Lost
SHP000253,ORD000253,30 May 2023,2023-06-02,Delhivery,198.82,In Transit
SHP000254,ORD000254,05/09/2022,09-09-2022,DTDC,719.15,delivered
SHP000255,ORD000255,05/05/2022,10 May 2022,IndiaPost,657.82,Delayed
SHP000256,ORD000256,2023-02-28,,IndiaPost,222.03,In Transit
SHP000257,ORD000257,01/20/2023,2023-01-23,Ekart,92.03,delayed
SHP000258,ORD000258,2024-07-31,2024/08/07,Delhivery,48.39,Lost
SHP000259,ORD000259,2022/03/23,26-03-2022,EKART,273.56,DELIVERED
SHP000260,ORD000260,2022/04/01,04/08/2022,IndiaPost,359.03,in transit
SHP000261,ORD000261,28/05/2023,05/31/2023,Delhivery,677.16,Lost
SHP000262,ORD000262,13/05/2022,18/05/2022,DTDC,782.77,In Transit
SHP000263,ORD000263,03/09/2024,2024/03/16,XpressBees,873.64,In Transit
SHP000264,ORD000264,13-08-2022,28/08/2022,IndiaPost,133.19,Lost
SHP000265,ORD000265,2023-09-18,0000-00-00,XpressBees,,DELAYED
SHP000266,ORD000266,03/20/2022,2022/03/25,DELHIVERY,187.2,In Transit
SHP000267,ORD000267,02/19/2024,26 Feb 2024,Delhivery,69.57,Lost
SHP000268,ORD000268,15 Feb 2024,01/03/2024,IndiaPost,130.51,Returned to Origin
SHP000269,ORD000269,04-02-2024,07/02/2024,IndiaPost,185.42,Delivered
SHP000270,ORD000270,16/07/2023,2023-07-21,DTDC,658.6,delayed
SHP000271,ORD000271,06/11/2023,2023-11-08,DELHIVERY,848.32,DELAYED
SHP000272,ORD000272,03-06-2023,09/06/2023,FEDEX,409.17,In Transit
SHP000273,ORD000273,07/23/2022,26/07/2022,IndiaPost,540.92,Delivered
SHP000274,ORD000274,12/09/2022,11/12/2022,indiapost,802.73,returned to origin
SHP000275,ORD000275,0000-00-00,26-04-2024,Ekart,707.82,Delivered
SHP000276,ORD000276,02/11/2022,21 Feb 2022,BLUEDART,814.47,returned to origin
SHP000277,ORD000277,13-05-2024,2024/05/17,delhivery,,Returned to Origin
SHP000278,ORD000278,2022-06-21,26-06-2022,BlueDart,213.74,Returned to Origin
SHP000279,ORD000279,12 Dec 2023,20-12-2023,XpressBees,,returned to origin
SHP000280,ORD000280,05/02/2022,13/02/2022,bluedart,136.86,DELIVERED
SHP000281,ORD000281,08/24/2023,2023-08-29,BLUEDART,144.4,Delivered
SHP000282,ORD000282,07 Aug 2023,12-08-2023,DTDC,507.91,Delivered
SHP000283,ORD000283,21 Nov 2023,2023-12-01,DTDC,387.49,In Transit
SHP000284,ORD000284,11 Aug 2022,2022-08-17,DTDC,352.4,delivered
SHP000285,ORD000285,2022/03/25,26 Mar 2022,Ekart,436.42,In Transit
SHP000286,ORD000286,2022-12-12,12/15/2022,XpressBees,786.57,Returned to Origin
SHP000287,ORD000287,09/06/2023,2023-06-11,BlueDart,575.23,Lost
SHP000288,ORD000288,2022/09/22,25/09/2022,DELHIVERY,731.02,DELAYED
SHP000289,ORD000289,2023/03/25,2023-03-29,BlueDart,719.0,IN TRANSIT
SHP000290,ORD000290,30 Sep 2023,2023/10/04,FedEx,173.94,Returned to Origin
SHP000291,ORD000291,28 Dec 2024,01/05/2025,BlueDart,519.49,Delivered
SHP000292,ORD000292,15/03/2022,2022/03/18,XpressBees,870.4,Lost
SHP000293,ORD000293,2024/11/21,29 Nov 2024,DTDC,523.48,delayed
SHP000294,ORD000294,2023-03-05,03/20/2023,delhivery,738.98,Returned to Origin
SHP000295,ORD000295,17-06-2022,22-06-2022,INDIAPOST,447.35,In Transit
SHP000296,ORD000296,09-12-2022,2022-12-13,Ekart,658.76,delivered
SHP000297,ORD000297,2023-08-02,05/08/2023,BLUEDART,30.12,Lost
SHP000298,ORD000298,2022-02-12,27/02/2022,INDIAPOST,190.55,Delayed
SHP000299,ORD000299,2024-11-29,2024/12/04,XpressBees,894.33,Delayed
SHP000300,ORD000300,04 Nov 2022,2022-11-14,DTDC,374.52,DELIVERED
SHP000301,ORD000301,2023/12/22,27 Dec 2023,Ekart,236.62,returned to origin
SHP000302,ORD000302,2022/02/18,2022/03/05,FedEx,702.76,IN TRANSIT
SHP000303,ORD000303,2024/07/25,09/08/2024,BlueDart,500.07,Delayed
SHP000304,ORD000304,03/10/2023,2023-03-16,DELHIVERY,887.34,Delivered
SHP000305,ORD000305,2024/11/27,2024-11-30,INDIAPOST,839.17,Returned to Origin
SHP000306,ORD000306,05/04/2023,2023/05/10,FedEx,351.64,Returned to Origin
SHP000307,ORD000307,2023/07/03,07/09/2023,delhivery,736.28,in transit
SHP000308,ORD000308,14 Sep 2022,18-09-2022,XpressBees,418.98,Delivered
SHP000309,ORD000309,,22-11-2022,Delhivery,731.54,DELIVERED
SHP000310,ORD000310,29-08-2024,2024/09/13,Ekart,143.24,Delayed
SHP000311,ORD000311,2023-04-16,2023-04-18,FedEx,662.21,Returned to Origin
SHP000312,ORD000312,2023-04-17,20-04-2023,delhivery,565.33,in transit
SHP000313,ORD000313,03/29/2024,31-03-2024,delhivery,532.21,In Transit
SHP000314,ORD000314,2022/06/03,06/05/2022,DTDC,854.3,Delayed
SHP000315,ORD000315,12/17/2024,0000-00-00,BlueDart,677.15,Delayed
SHP000316,ORD000316,21/06/2022,2022/06/24,IndiaPost,305.23,Lost
SHP000317,ORD000317,25/06/2022,27-06-2022,Ekart,357.41,Delivered
SHP000318,ORD000318,2023-04-19,04/05/2023,ekart,298.51,Lost
SHP000319,ORD000319,13/09/2023,28-09-2023,INDIAPOST,248.4,Returned to Origin
SHP000320,ORD000320,2024-04-07,15 Apr 2024,FedEx,867.78,returned to origin
SHP000321,ORD000321,25-04-2023,2023/05/03,Ekart,861.83,In Transit
SHP000322,ORD000322,16 Mar 2022,22-03-2022,FedEx,551.55,Delayed
SHP000323,ORD000323,2024-07-23,2024-08-02,IndiaPost,264.29,in transit
SHP000324,ORD000324,,2023/09/19,FedEx,210.82,In Transit
SHP000325,ORD000325,09-05-2022,12 May 2022,BlueDart,768.94,Lost
SHP000326,ORD000326,11/01/2023,12/01/2023,fedex,,Delayed
SHP000327,ORD000327,2024/02/06,21 Feb 2024,EKART,511.57,In Transit
SHP000328,ORD000328,17/08/2024,08/21/2024,FEDEX,524.36,in transit
SHP000329,ORD000329,2024/04/27,03 May 2024,INDIAPOST,441.63,delivered
SHP000330,ORD000330,2024-09-02,2024-09-17,xpressbees,547.97,delivered
SHP000331,ORD000331,11-02-2022,12-02-2022,Ekart,61.43,In Transit
SHP000332,ORD000332,30-05-2022,05-06-2022,FedEx,223.8,in transit
SHP000333,ORD000333,10 Mar 2023,03/14/2023,ekart,699.68,in transit
SHP000334,ORD000334,2023/09/27,04/10/2023,bluedart,259.21,Delivered
SHP000335,ORD000335,25/06/2024,2024/07/02,Delhivery,701.13,Returned to Origin
SHP000336,ORD000336,19/02/2023,01-03-2023,Delhivery,155.93,Returned to Origin
SHP000337,ORD000337,16-07-2024,19/07/2024,Delhivery,842.53,Lost
SHP000338,ORD000338,03/04/2023,2023-04-04,Delhivery,126.43,DELAYED
SHP000339,ORD000339,26 Aug 2024,2024/09/02,DTDC,710.36,In Transit
SHP000340,ORD000340,2022-10-29,11/03/2022,INDIAPOST,577.78,Delivered
SHP000341,ORD000341,08/10/2022,2022-10-18,BLUEDART,378.42,RETURNED TO ORIGIN
SHP000342,ORD000342,06-06-2023,11 Jun 2023,DTDC,595.39,Lost
SHP000343,ORD000343,06/03/2024,03/09/2024,IndiaPost,641.41,Returned to Origin
SHP000344,ORD000344,19 Mar 2023,21/03/2023,ekart,626.14,In Transit
SHP000345,ORD000345,16/04/2024,24-04-2024,IndiaPost,54.42,Delivered
SHP000346,ORD000346,2024/02/07,2024/02/13,Delhivery,34.08,lost
SHP000347,ORD000347,2024/05/21,29/05/2024,INDIAPOST,610.3,lost
SHP000348,ORD000348,25/06/2024,06/27/2024,XPRESSBEES,444.95,In Transit
SHP000349,ORD000349,2022/04/04,0000-00-00,BlueDart,649.24,Returned to Origin
SHP000350,ORD000350,02/16/2022,2022/02/21,XPRESSBEES,522.86,Returned to Origin
SHP000351,ORD000351,11-06-2022,15-06-2022,EKART,833.48,Lost
SHP000352,ORD000352,25/02/2023,27/02/2023,Delhivery,69.88,Delivered
SHP000353,ORD000353,27 Mar 2024,28/03/2024,Delhivery,633.3,delivered
SHP000354,ORD000354,25-07-2024,2024-07-29,ekart,74.26,Lost
SHP000355,ORD000355,10-04-2024,25/04/2024,IndiaPost,383.61,Lost
SHP000356,ORD000356,06/16/2024,23-06-2024,FEDEX,286.87,Returned to Origin
SHP000357,ORD000357,06/08/2024,06/15/2024,XpressBees,769.1,Returned to Origin
SHP000358,ORD000358,03/17/2023,03/20/2023,BlueDart,635.17,Delayed
SHP000359,ORD000359,30 Dec 2023,01/03/2024,DTDC,218.43,Delivered
SHP000360,ORD000360,11 Nov 2022,16/11/2022,IndiaPost,456.83,Lost
SHP000361,ORD000361,03-11-2022,10-11-2022,xpressbees,487.54,in transit
SHP000362,ORD000362,2024-10-21,2024-10-22,FedEx,40.29,Returned to Origin
SHP000363,ORD000363,07 Feb 2022,15/02/2022,DTDC,839.18,In Transit
SHP000364,ORD000364,28-01-2022,2022/01/30,IndiaPost,799.99,DELAYED
SHP000365,ORD000365,2022/07/28,2022/07/31,IndiaPost,252.22,LOST
SHP000366,ORD000366,2024/05/11,12-05-2024,Ekart,303.58,Lost
SHP000367,ORD000367,09-06-2022,2022/06/12,IndiaPost,267.78,RETURNED TO ORIGIN
SHP000368,ORD000368,11/22/2022,2022/11/25,Delhivery,260.38,Returned to Origin
SHP000369,ORD000369,01/15/2022,23/01/2022,XpressBees,108.67,IN TRANSIT
SHP000370,ORD000370,2023/12/24,28 Dec 2023,FedEx,861.59,Lost
SHP000371,ORD000371,0000-00-00,21 Aug 2024,xpressbees,393.09,In Transit
SHP000372,ORD000372,10/07/2024,15/07/2024,DTDC,283.39,LOST
SHP000373,ORD000373,09-10-2022,15 Oct 2022,xpressbees,572.86,In Transit
SHP000374,ORD000374,14-04-2024,2024-04-17,BlueDart,138.85,delayed
SHP000375,ORD000375,2023/09/25,2023/09/30,INDIAPOST,43.59,returned to origin
SHP000376,ORD000376,2022/06/15,21 Jun 2022,XpressBees,732.21,Lost
SHP000377,ORD000377,10-12-2024,25/12/2024,xpressbees,273.24,RETURNED TO ORIGIN
SHP000378,ORD000378,15/01/2022,20 Jan 2022,XpressBees,375.69,LOST
SHP000379,ORD000379,2024-05-28,12 Jun 2024,IndiaPost,172.03,Returned to Origin
SHP000380,ORD000380,03/23/2023,03/27/2023,BlueDart,412.86,delayed
SHP000381,ORD000381,25/08/2023,2023-09-04,BlueDart,52.01,In Transit
SHP000382,ORD000382,2024-03-07,03/15/2024,dtdc,569.48,Returned to Origin
SHP000383,ORD000383,2023-11-20,2023/12/05,XpressBees,817.59,Returned to Origin
SHP000384,ORD000384,10/02/2022,18 Feb 2022,XpressBees,710.69,IN TRANSIT
SHP000385,ORD000385,16-02-2022,23-02-2022,IndiaPost,31.49,Lost
SHP000386,ORD000386,27 Sep 2022,04-10-2022,Delhivery,552.04,DELIVERED
SHP000387,ORD000387,01/28/2024,31-01-2024,XpressBees,471.76,Delayed
SHP000388,ORD000388,2023/05/24,27 May 2023,DTDC,339.54,IN TRANSIT
SHP000389,ORD000389,07/22/2023,27-07-2023,DTDC,470.81,Returned to Origin
SHP000390,ORD000390,03 Jun 2022,06/11/2022,BLUEDART,222.44,Lost
SHP000391,ORD000391,12/11/2023,11/13/2023,Ekart,690.84,Lost
SHP000392,ORD000392,07/24/2023,2023/07/28,XpressBees,553.5,In Transit
SHP000393,ORD000393,03/31/2022,07/04/2022,BLUEDART,111.35,Delayed
SHP000394,ORD000394,02 Aug 2022,05-08-2022,IndiaPost,242.67,Delivered
SHP000395,ORD000395,2022-06-09,2022-06-17,XpressBees,716.33,delayed
SHP000396,ORD000396,12/19/2022,2022/12/22,FEDEX,,Lost
SHP000397,ORD000397,31 Aug 2024,07/09/2024,DTDC,90.2,In Transit
SHP000398,ORD000398,05/06/2023,2023/06/09,EKART,216.9,delayed
SHP000399,ORD000399,23/04/2023,28-04-2023,FedEx,782.34,Delayed
SHP000400,ORD000400,23/03/2023,29-03-2023,DTDC,389.55,Returned to Origin
SHP000401,ORD000401,2023-11-20,2023-11-27,DTDC,338.59,Returned to Origin
SHP000402,ORD000402,21 May 2024,28/05/2024,BLUEDART,322.43,in transit
SHP000403,ORD000403,2022/05/01,08/05/2022,FedEx,,delayed
SHP000404,ORD000404,16 Sep 2023,2023-09-19,XpressBees,258.12,Delivered
SHP000405,ORD000405,11/05/2022,11/07/2022,delhivery,403.54,Returned to Origin
SHP000406,ORD000406,02/07/2024,12/07/2024,delhivery,149.91,Delivered
SHP000407,ORD000407,12/03/2024,14/03/2024,IndiaPost,288.41,Returned to Origin
SHP000408,ORD000408,2022/02/22,04-03-2022,Delhivery,129.43,DELAYED
SHP000409,ORD000409,2024-10-27,04 Nov 2024,ekart,118.23,In Transit
SHP000410,ORD000410,26/10/2022,11/05/2022,DTDC,335.26,IN TRANSIT
SHP000411,ORD000411,08 Oct 2024,16 Oct 2024,Delhivery,404.47,Lost
SHP000412,ORD000412,2023-05-15,18-05-2023,BLUEDART,884.68,Lost
SHP000413,ORD000413,2022/03/22,03/25/2022,delhivery,469.92,Delayed
SHP000414,ORD000414,29-10-2022,2022-10-31,XPRESSBEES,779.28,delivered
SHP000415,ORD000415,04/22/2024,30 Apr 2024,delhivery,361.32,Delivered
SHP000416,ORD000416,2024/06/10,18-06-2024,fedex,892.95,Returned to Origin
SHP000417,ORD000417,2023-02-24,26-02-2023,XpressBees,813.76,DELAYED
SHP000418,ORD000418,2022-01-19,27 Jan 2022,FedEx,381.32,Delivered
SHP000419,ORD000419,2023/03/14,03/16/2023,IndiaPost,701.08,DELAYED
SHP000420,ORD000420,2023-01-22,27-01-2023,Delhivery,884.44,Delayed
SHP000421,ORD000421,,2023-01-18,XpressBees,344.79,returned to origin
SHP000422,ORD000422,2023/11/23,2023/11/29,Delhivery,777.07,Returned to Origin
SHP000423,ORD000423,05 Jun 2022,11/06/2022,BlueDart,361.83,in transit
SHP000424,ORD000424,2022/10/04,05/10/2022,XpressBees,897.19,Delivered
SHP000425,ORD000425,2024-08-17,2024/08/22,DTDC,136.94,Lost
SHP000426,ORD000426,09/12/2024,09/17/2024,Delhivery,119.54,Delivered
SHP000427,ORD000427,12/01/2022,16/01/2022,XpressBees,721.04,In Transit
SHP000428,ORD000428,16 May 2022,31 May 2022,dtdc,899.85,IN TRANSIT
SHP000429,ORD000429,30-12-2022,04/01/2023,EKART,94.68,In Transit
SHP000430,ORD000430,21 Feb 2023,27/02/2023,XpressBees,252.82,Delivered
SHP000431,ORD000431,2022-04-19,23 Apr 2022,indiapost,535.69,Delayed
SHP000432,ORD000432,0000-00-00,02/01/2025,IndiaPost,617.74,Returned to Origin
SHP000433,ORD000433,26 Sep 2024,2024/10/11,XpressBees,634.69,Delayed
SHP000434,ORD000434,04 Mar 2023,09 Mar 2023,XpressBees,640.76,In Transit
SHP000435,ORD000435,2023-04-25,02/05/2023,BlueDart,429.33,DELIVERED
SHP000436,ORD000436,07/30/2022,2022-08-02,indiapost,650.86,Lost
SHP000437,ORD000437,24 Feb 2022,2022/03/03,bluedart,188.99,In Transit
SHP000438,ORD000438,17 Oct 2022,19 Oct 2022,DELHIVERY,221.16,Delayed
SHP000439,ORD000439,2023-05-23,28-05-2023,delhivery,884.89,Returned to Origin
SHP000440,ORD000440,2022/06/01,02/06/2022,DTDC,212.68,Lost
SHP000441,ORD000441,11/07/2023,11/22/2023,ekart,388.05,DELIVERED
SHP000442,ORD000442,31/07/2022,2022/08/02,EKART,784.17,DELAYED
SHP000443,ORD000443,25-03-2022,28-03-2022,Ekart,826.02,Lost
SHP000444,ORD000444,11 May 2023,2023/05/16,Ekart,346.48,lost
SHP000445,ORD000445,2023-08-28,12-09-2023,BlueDart,242.02,LOST
SHP000446,ORD000446,10 Jul 2024,13-07-2024,XpressBees,659.96,Delayed
SHP000447,ORD000447,11/16/2022,2022-11-21,Ekart,204.11,Delivered
SHP000448,ORD000448,12/02/2023,2023-02-17,FedEx,765.06,Returned to Origin
SHP000449,ORD000449,11/08/2022,2022-11-12,Delhivery,616.02,Returned to Origin
SHP000450,ORD000450,2023/03/15,2023/03/16,FEDEX,829.12,Lost
SHP000451,ORD000451,2023-08-16,08/19/2023,FedEx,749.72,In Transit
SHP000452,ORD000452,08/26/2023,2023-09-05,FedEx,790.74,Delivered
SHP000453,ORD000453,26-09-2022,2022-10-03,Ekart,644.87,delivered
SHP000454,ORD000454,16 Sep 2022,23-09-2022,Ekart,725.07,RETURNED TO ORIGIN
SHP000455,ORD000455,2022-02-28,2022/03/08,IndiaPost,127.87,in transit
SHP000456,ORD000456,24 Oct 2022,29/10/2022,FEDEX,703.47,Lost
SHP000457,ORD000457,12-08-2024,16-08-2024,Ekart,558.46,Returned to Origin
SHP000458,ORD000458,2022/07/07,09 Jul 2022,FedEx,708.27,Delayed
SHP000459,ORD000459,11/15/2022,11/25/2022,bluedart,31.1,in transit
SHP000460,ORD000460,05-12-2022,10 Dec 2022,XpressBees,561.0,DELAYED
SHP000461,ORD000461,2023-10-22,23/10/2023,Ekart,247.36,Returned to Origin
SHP000462,ORD000462,01-09-2023,02-09-2023,XpressBees,286.13,LOST
SHP000463,ORD000463,08 Oct 2023,14-10-2023,FedEx,66.37,lost
SHP000464,ORD000464,25-03-2022,28 Mar 2022,FedEx,597.53,Delayed
SHP000465,ORD000465,24 Nov 2023,2023-11-27,xpressbees,681.25,Returned to Origin
SHP000466,ORD000466,03/09/2023,13-03-2023,Delhivery,699.33,Delayed
SHP000467,ORD000467,2023/11/19,04 Dec 2023,IndiaPost,444.7,Returned to Origin
SHP000468,ORD000468,23-04-2022,30 Apr 2022,Ekart,106.66,Returned to Origin
SHP000469,ORD000469,2024-05-24,2024-05-27,BlueDart,132.6,Delayed
SHP000470,ORD000470,07 Oct 2022,10/12/2022,dtdc,807.95,Delayed
SHP000471,ORD000471,27 May 2023,2023/05/30,DTDC,757.48,Returned to Origin
SHP000472,ORD000472,,,IndiaPost,328.71,Lost
SHP000473,ORD000473,23/01/2022,0000-00-00,XpressBees,87.95,delivered
SHP000474,ORD000474,19-04-2022,22-04-2022,xpressbees,791.29,In Transit
SHP000475,ORD000475,04/04/2023,2023-04-06,DTDC,153.49,Delayed
SHP000476,ORD000476,2023/03/08,2023/03/16,Delhivery,393.26,Delayed
SHP000477,ORD000477,03/07/2024,2024-07-05,EKART,218.69,Delayed
SHP000478,ORD000478,11/03/2023,15-03-2023,XpressBees,228.95,IN TRANSIT
SHP000479,ORD000479,2022-04-29,2022-05-03,DTDC,373.18,Delivered
SHP000480,ORD000480,26 Mar 2022,31-03-2022,dtdc,617.32,IN TRANSIT
SHP000481,ORD000481,06-08-2024,07-08-2024,BlueDart,304.23,Returned to Origin
SHP000482,ORD000482,29/11/2024,2024-12-04,BLUEDART,126.97,In Transit
SHP000483,ORD000483,2023/04/07,12-04-2023,dtdc,76.57,Delivered
SHP000484,ORD000484,0000-00-00,2023/03/12,Ekart,462.65,delivered
SHP000485,ORD000485,2024-07-23,2024-07-26,FedEx,381.49,DELIVERED
SHP000486,ORD000486,12/04/2024,2024/04/13,ekart,769.68,IN TRANSIT
SHP000487,ORD000487,2023/05/30,04 Jun 2023,FedEx,876.01,Delivered
SHP000488,ORD000488,2022/10/27,10/30/2022,XpressBees,191.5,Delayed
SHP000489,ORD000489,19 Mar 2022,22/03/2022,FedEx,314.97,Returned to Origin
SHP000490,ORD000490,22/04/2023,27-04-2023,BlueDart,274.99,delivered
SHP000491,ORD000491,24-08-2023,2023-09-03,DTDC,832.53,Delivered
SHP000492,ORD000492,12 Jan 2022,2022/01/14,BlueDart,722.54,Delayed
SHP000493,ORD000493,01/31/2023,01-02-2023,Delhivery,769.81,Delayed
SHP000494,ORD000494,05/14/2022,20-05-2022,XpressBees,848.28,Lost
SHP000495,ORD000495,17/05/2022,24 May 2022,FedEx,302.2,LOST
SHP000496,ORD000496,01/31/2023,2023/02/05,FEDEX,720.43,Returned to Origin
SHP000497,ORD000497,19 Apr 2024,2024-04-25,IndiaPost,496.04,DELAYED
SHP000498,ORD000498,27/05/2023,11 Jun 2023,DTDC,769.5,Returned to Origin
SHP000499,ORD000499,07-04-2024,2024/04/13,DELHIVERY,673.52,Returned to Origin
SHP000500,ORD000500,31/05/2024,06 Jun 2024,xpressbees,494.44,In Transit
SHP000501,ORD000501,2024-02-13,,DTDC,85.86,Delayed
SHP000502,ORD000502,20-06-2024,06/23/2024,BlueDart,635.87,In Transit
SHP000503,ORD000503,17-05-2022,20 May 2022,BlueDart,325.41,Delivered
SHP000504,ORD000504,2023-12-10,25-12-2023,EKART,164.22,Returned to Origin
SHP000505,ORD000505,06/07/2024,06/08/2024,DTDC,285.09,Delayed
SHP000506,ORD000506,2023/02/23,03/10/2023,IndiaPost,815.76,Delayed
SHP000507,ORD000507,07/25/2022,31 Jul 2022,Ekart,156.5,lost
SHP000508,ORD000508,19-10-2023,2023/10/24,XpressBees,49.35,delivered
SHP000509,ORD000509,2022-10-26,05/11/2022,EKART,65.01,In Transit
SHP000510,ORD000510,15 Jan 2024,01/18/2024,IndiaPost,449.71,Returned to Origin
SHP000511,ORD000511,2022-08-15,17-08-2022,BlueDart,433.97,Lost
SHP000512,ORD000512,2023/09/23,2023-09-25,FEDEX,369.86,In Transit
SHP000513,ORD000513,2024/01/04,08-01-2024,BlueDart,675.9,RETURNED TO ORIGIN
SHP000514,ORD000514,20 Jan 2022,01/25/2022,DTDC,190.4,In Transit
SHP000515,ORD000515,12/03/2022,0000-00-00,FedEx,69.82,delivered
SHP000516,ORD000516,07/01/2022,08-01-2022,DTDC,206.28,Lost
SHP000517,ORD000517,19-04-2024,04 May 2024,ekart,330.38,Delayed
SHP000518,ORD000518,26-12-2023,2024-01-10,EKART,530.3,Delivered
SHP000519,ORD000519,31 Aug 2022,05-09-2022,Ekart,712.02,Lost
SHP000520,ORD000520,02/03/2024,02/09/2024,XpressBees,192.35,Lost
SHP000521,ORD000521,16/07/2022,2022/07/31,bluedart,222.89,Returned to Origin
SHP000522,ORD000522,26-04-2024,30 Apr 2024,Ekart,850.1,delayed
SHP000523,ORD000523,05/28/2023,31/05/2023,delhivery,892.34,In Transit
SHP000524,ORD000524,28 Feb 2023,2023/03/03,IndiaPost,850.85,Delivered
SHP000525,ORD000525,2022-08-18,2022/08/20,IndiaPost,168.76,Returned to Origin
SHP000526,ORD000526,07/09/2024,2024-09-22,DELHIVERY,858.93,DELIVERED
SHP000527,ORD000527,2022-04-25,02-05-2022,Delhivery,712.84,lost
SHP000528,ORD000528,06/25/2023,2023/06/27,BlueDart,899.58,IN TRANSIT
SHP000529,ORD000529,17 Jan 2022,25 Jan 2022,FedEx,43.01,LOST
SHP000530,ORD000530,01/08/2024,15/01/2024,IndiaPost,787.03,Lost
SHP000531,ORD000531,06/01/2022,01/21/2022,FedEx,870.43,In Transit
SHP000532,ORD000532,13-01-2023,19 Jan 2023,XpressBees,157.9,Delayed
SHP000533,ORD000533,02/22/2022,01-03-2022,XpressBees,863.37,Delivered
SHP000534,ORD000534,2022/05/18,2022/05/19,FedEx,599.66,In Transit
SHP000535,ORD000535,21/11/2022,11/22/2022,indiapost,659.28,LOST
SHP000536,ORD000536,,2023/10/07,Ekart,222.83,In Transit
SHP000537,ORD000537,09 Dec 2024,13-12-2024,FedEx,41.32,DELIVERED
SHP000538,ORD000538,26-09-2022,10/03/2022,INDIAPOST,351.8,in transit
SHP000539,ORD000539,04/12/2022,22-04-2022,DTDC,89.03,Delayed
SHP000540,ORD000540,2024/08/22,28 Aug 2024,INDIAPOST,161.83,Delayed
SHP000541,ORD000541,04/25/2023,03 May 2023,xpressbees,678.01,DELIVERED
SHP000542,ORD000542,04/02/2022,02/12/2022,XpressBees,481.39,Delayed
SHP000543,ORD000543,20-10-2023,10/24/2023,XpressBees,115.86,In Transit
SHP000544,ORD000544,2023/06/23,08 Jul 2023,BlueDart,517.99,Lost
SHP000545,ORD000545,28-12-2024,31-12-2024,BlueDart,555.44,Delivered
SHP000546,ORD000546,2023/02/19,24 Feb 2023,Delhivery,136.84,Returned to Origin
SHP000547,ORD000547,,12-04-2022,Delhivery,543.72,Delayed
SHP000548,ORD000548,14/04/2022,20/04/2022,XpressBees,396.92,Lost
SHP000549,ORD000549,03-10-2023,07/10/2023,FedEx,792.56,RETURNED TO ORIGIN
SHP000550,ORD000550,30-03-2024,2024/04/14,Ekart,506.76,Delivered
SHP000551,ORD000551,28-12-2022,2022-12-30,ekart,371.52,Returned to Origin
SHP000552,ORD000552,24/03/2022,30 Mar 2022,IndiaPost,860.78,Delayed
SHP000553,ORD000553,2024-07-07,07/22/2024,FedEx,828.99,Returned to Origin
SHP000554,ORD000554,06/12/2024,15 Jun 2024,BlueDart,108.41,delayed
SHP000555,ORD000555,2023-08-12,22 Aug 2023,BLUEDART,838.86,Lost
SHP000556,ORD000556,26-01-2024,2024/02/02,DTDC,189.92,Lost
SHP000557,ORD000557,07 Apr 2022,13-04-2022,DTDC,51.16,In Transit
SHP000558,ORD000558,18/04/2022,19-04-2022,DTDC,754.8,Delivered
SHP000559,ORD000559,27-12-2022,12/31/2022,BlueDart,,Returned to Origin
SHP000560,ORD000560,2023-07-06,16-07-2023,EKART,862.08,Returned to Origin
SHP000561,ORD000561,06-11-2022,11/11/2022,DTDC,328.05,Delivered
SHP000562,ORD000562,04/20/2024,04/21/2024,dtdc,275.82,DELAYED
SHP000563,ORD000563,05/29/2024,06 Jun 2024,XpressBees,459.07,In Transit
SHP000564,ORD000564,2024-01-02,2024/01/05,XpressBees,365.25,Delivered
SHP000565,ORD000565,,2023/12/04,fedex,437.14,Delivered
SHP000566,ORD000566,17 Mar 2022,2022/03/23,Ekart,855.8,RETURNED TO ORIGIN
SHP000567,ORD000567,03 Jun 2023,2023-06-08,EKART,370.7,delivered
SHP000568,ORD000568,31-07-2024,2024-08-15,FedEx,268.54,IN TRANSIT
SHP000569,ORD000569,07/11/2023,22 Nov 2023,Ekart,872.5,delayed
SHP000570,ORD000570,26-09-2022,02 Oct 2022,Delhivery,330.91,Lost
SHP000571,ORD000571,2024/03/24,2024-04-08,DTDC,166.64,Returned to Origin
SHP000572,ORD000572,13 May 2023,23-05-2023,DTDC,554.83,Returned to Origin
SHP000573,ORD000573,29-01-2023,02/13/2023,BlueDart,32.21,Delivered
SHP000574,ORD000574,2022/04/24,27/04/2022,DTDC,141.09,Delayed
SHP000575,ORD000575,14 Jan 2022,29 Jan 2022,Delhivery,258.26,Delayed
SHP000576,ORD000576,03/25/2023,03/26/2023,XPRESSBEES,856.24,IN TRANSIT
SHP000577,ORD000577,29-04-2024,07/05/2024,EKART,359.69,returned to origin
SHP000578,ORD000578,19/05/2023,22/05/2023,DTDC,461.48,lost
SHP000579,ORD000579,12/03/2024,11-12-2024,DELHIVERY,359.1,Lost
SHP000580,ORD000580,2022/11/28,2022/12/02,Ekart,281.69,Lost
SHP000581,ORD000581,28/01/2022,2022/02/05,Delhivery,759.93,delivered
SHP000582,ORD000582,2022-10-02,17 Oct 2022,fedex,287.79,Delivered
SHP000583,ORD000583,2023/07/26,29 Jul 2023,Delhivery,136.23,Delivered
SHP000584,ORD000584,12 Jul 2023,18/07/2023,FEDEX,487.65,Delivered
SHP000585,ORD000585,2024-05-17,18 May 2024,Ekart,776.44,Delayed
SHP000586,ORD000586,13 Nov 2024,11/21/2024,Delhivery,373.97,In Transit
SHP000587,ORD000587,31 May 2024,08/06/2024,Delhivery,874.16,In Transit
SHP000588,ORD000588,0000-00-00,20 Aug 2024,bluedart,266.5,RETURNED TO ORIGIN
SHP000589,ORD000589,2024/11/01,11/05/2024,DTDC,444.66,Lost
SHP000590,ORD000590,2023/01/11,21/01/2023,dtdc,497.24,In Transit
SHP000591,ORD000591,21/09/2022,27/09/2022,FedEx,496.61,lost
SHP000592,ORD000592,05/21/2022,25-05-2022,BLUEDART,208.25,Returned to Origin
SHP000593,ORD000593,22/10/2023,29 Oct 2023,IndiaPost,303.59,Delivered
SHP000594,ORD000594,09/08/2023,15/09/2023,Ekart,815.24,Returned to Origin
SHP000595,ORD000595,2022-06-02,,Ekart,395.8,Delivered
SHP000596,ORD000596,09/11/2023,16-09-2023,DTDC,560.88,Lost
SHP000597,ORD000597,23 Apr 2023,2023/04/30,BLUEDART,750.92,IN TRANSIT
SHP000598,ORD000598,2024/08/20,26/08/2024,FedEx,286.73,Delayed
SHP000599,ORD000599,07/04/2023,17/04/2023,XpressBees,560.49,DELIVERED
SHP000600,ORD000600,2022-02-03,02/18/2022,fedex,373.6,Delivered
SHP000601,ORD000601,27 Nov 2022,11/29/2022,BlueDart,107.38,Delivered
SHP000602,ORD000602,2022/10/05,10/11/2022,Ekart,679.88,Delivered
SHP000603,ORD000603,2022/03/04,2022/03/14,EKART,36.41,Returned to Origin
SHP000604,ORD000604,13 Mar 2023,14 Mar 2023,XPRESSBEES,208.78,IN TRANSIT
SHP000605,ORD000605,26-11-2023,2023-11-27,XpressBees,862.87,In Transit
SHP000606,ORD000606,2023-11-05,08 Nov 2023,FedEx,387.21,returned to origin
SHP000607,ORD000607,21 Dec 2022,26/12/2022,BlueDart,421.22,Lost
SHP000608,ORD000608,21/12/2023,24 Dec 2023,DTDC,220.48,in transit
SHP000609,ORD000609,15/01/2022,30-01-2022,indiapost,884.65,Delayed
SHP000610,ORD000610,15-04-2022,16/04/2022,Ekart,267.44,Returned to Origin
SHP000611,ORD000611,2022/01/22,24-01-2022,DTDC,650.54,Delayed
SHP000612,ORD000612,15/09/2024,2024-09-22,BLUEDART,381.56,Returned to Origin
SHP000613,ORD000613,18-02-2022,,ekart,739.45,Returned to Origin
SHP000614,ORD000614,2022-05-14,2022-05-22,XpressBees,478.86,Lost
SHP000615,ORD000615,13/02/2022,16/02/2022,XPRESSBEES,176.74,Lost
SHP000616,ORD000616,2023-01-12,0000-00-00,ekart,736.39,DELAYED
SHP000617,ORD000617,2024-08-20,2024-08-24,BLUEDART,201.54,returned to origin
SHP000618,ORD000618,13 Oct 2024,10/20/2024,BLUEDART,263.3,Delayed
SHP000619,ORD000619,19 Oct 2022,2022-10-25,dtdc,110.15,DELAYED
SHP000620,ORD000620,12 May 2023,2023/05/18,IndiaPost,824.01,delayed
SHP000621,ORD000621,23 Nov 2024,01 Dec 2024,BlueDart,120.81,In Transit
SHP000622,ORD000622,2024/07/04,2024/07/08,Ekart,249.89,delayed
SHP000623,ORD000623,23 Dec 2024,2024-12-26,INDIAPOST,190.27,lost
SHP000624,ORD000624,2023/11/12,11/13/2023,BlueDart,603.67,Delivered
SHP000625,ORD000625,2024-10-04,2024-10-06,BlueDart,426.8,Delivered
SHP000626,ORD000626,2022-02-04,2022/02/06,Delhivery,496.19,Delayed
SHP000627,ORD000627,2023/08/10,14/08/2023,Delhivery,32.08,Delayed
SHP000628,ORD000628,2022/12/12,16 Dec 2022,dtdc,867.33,Lost
SHP000629,ORD000629,2024/09/25,2024-09-28,XpressBees,703.33,In Transit
SHP000630,ORD000630,03 Aug 2023,2023-08-11,BlueDart,166.36,Returned to Origin
SHP000631,ORD000631,30/10/2023,2023/11/05,Ekart,278.4,In Transit
SHP000632,ORD000632,09-12-2023,24-12-2023,ekart,180.83,LOST
SHP000633,ORD000633,2023/07/16,07/22/2023,indiapost,769.75,Delivered
SHP000634,ORD000634,16 Jan 2023,20/01/2023,Delhivery,869.93,Lost
SHP000635,ORD000635,2022/11/19,22/11/2022,DTDC,166.91,Delayed
SHP000636,ORD000636,07/07/2024,14-07-2024,fedex,827.67,Delivered
SHP000637,ORD000637,10-12-2024,12/20/2024,FEDEX,84.89,DELAYED
SHP000638,ORD000638,08 Apr 2024,12-04-2024,FedEx,109.93,Lost
SHP000639,ORD000639,02/26/2023,2023-03-03,EKART,598.24,Lost
SHP000640,ORD000640,24 Aug 2024,2024-09-01,DTDC,307.82,Lost
SHP000641,ORD000641,2023-04-05,04/08/2023,BlueDart,813.09,Returned to Origin
SHP000642,ORD000642,11/03/2023,13-03-2023,BlueDart,37.94,Delivered
SHP000643,ORD000643,21-06-2022,22 Jun 2022,Delhivery,85.64,RETURNED TO ORIGIN
SHP000644,ORD000644,26/09/2022,10/01/2022,FedEx,471.03,Delivered
SHP000645,ORD000645,16 Aug 2022,0000-00-00,INDIAPOST,310.3,Delayed
SHP000646,ORD000646,2023-08-12,08/27/2023,Ekart,542.88,In Transit
SHP000647,ORD000647,24 Apr 2023,27 Apr 2023,Ekart,852.56,Delivered
SHP000648,ORD000648,02-12-2022,2022/12/03,XpressBees,324.01,Delivered
SHP000649,ORD000649,01 Nov 2022,11/06/2022,DTDC,42.87,DELIVERED
SHP000650,ORD000650,12/24/2023,12/29/2023,IndiaPost,419.22,Lost
SHP000651,ORD000651,29 Mar 2023,2023-04-06,DTDC,215.76,Delivered
SHP000652,ORD000652,16-02-2022,02/19/2022,dtdc,184.5,In Transit
SHP000653,ORD000653,27/05/2023,2023-05-30,Delhivery,455.05,IN TRANSIT
SHP000654,ORD000654,13-04-2022,20/04/2022,dtdc,667.0,Delivered
SHP000655,ORD000655,21/01/2024,2024-01-28,XpressBees,55.54,RETURNED TO ORIGIN
SHP000656,ORD000656,2023/04/03,04/04/2023,FedEx,656.66,Delayed
SHP000657,ORD000657,2022/01/11,01/16/2022,IndiaPost,52.59,In Transit
SHP000658,ORD000658,0000-00-00,15 Jun 2023,IndiaPost,370.52,delivered
SHP000659,ORD000659,2023-06-09,13 Jun 2023,bluedart,853.24,Delivered
SHP000660,ORD000660,25-09-2023,09/28/2023,DTDC,400.21,Delayed
SHP000661,ORD000661,07/19/2024,2024/07/23,BlueDart,898.35,in transit
SHP000662,ORD000662,2022/02/20,2022-02-23,FEDEX,304.39,DELIVERED
SHP000663,ORD000663,16 Jan 2022,,FedEx,576.12,Lost
SHP000664,ORD000664,12/22/2022,2022/12/26,Delhivery,653.98,Lost
SHP000665,ORD000665,24 Aug 2023,2023-08-26,IndiaPost,86.03,Lost
SHP000666,ORD000666,03/20/2024,22 Mar 2024,Delhivery,452.27,Lost
SHP000667,ORD000667,13/07/2023,17-07-2023,FedEx,493.5,In Transit
SHP000668,ORD000668,,0000-00-00,Delhivery,637.87,Lost
SHP000669,ORD000669,01/14/2022,01/24/2022,FedEx,240.31,Delayed
SHP000670,ORD000670,2023/02/07,2023/02/10,xpressbees,58.1,Lost
SHP000671,ORD000671,2022/12/10,18-12-2022,DTDC,339.36,In Transit
SHP000672,ORD000672,03-04-2024,11/04/2024,Delhivery,522.21,In Transit
SHP000673,ORD000673,26-01-2023,29 Jan 2023,IndiaPost,252.16,IN TRANSIT
SHP000674,ORD000674,08/19/2024,22-08-2024,Delhivery,562.95,RETURNED TO ORIGIN
SHP000675,ORD000675,2024-07-10,17-07-2024,EKART,213.85,Delivered
SHP000676,ORD000676,09 Oct 2022,10/13/2022,IndiaPost,103.56,Returned to Origin
SHP000677,ORD000677,2024/12/10,2024-12-12,Delhivery,430.82,Lost
SHP000678,ORD000678,06/04/2022,12/06/2022,XpressBees,276.81,Delivered
SHP000679,ORD000679,30 Apr 2023,2023/05/03,DTDC,381.93,lost
SHP000680,ORD000680,22-09-2023,2023/09/25,DELHIVERY,,IN TRANSIT
SHP000681,ORD000681,2024/04/02,04/09/2024,BlueDart,213.51,Returned to Origin
SHP000682,ORD000682,09/15/2024,2024/09/25,FedEx,558.42,Delivered
SHP000683,ORD000683,2023-02-18,0000-00-00,Ekart,75.95,Lost
SHP000684,ORD000684,10/10/2023,13-10-2023,FedEx,385.0,DELIVERED
SHP000685,ORD000685,26-01-2024,2024-01-28,IndiaPost,323.15,Delayed
SHP000686,ORD000686,13 Sep 2024,19-09-2024,FedEx,131.14,DELIVERED
SHP000687,ORD000687,27/04/2022,05/04/2022,FedEx,542.03,In Transit
SHP000688,ORD000688,2024/01/07,2024/01/11,BlueDart,348.43,In Transit
SHP000689,ORD000689,12/26/2023,01 Jan 2024,FedEx,740.16,returned to origin
SHP000690,ORD000690,31-07-2024,04 Aug 2024,delhivery,60.12,Delayed
SHP000691,ORD000691,08/05/2024,2024/05/13,FedEx,336.19,Returned to Origin
SHP000692,ORD000692,11-10-2022,26 Oct 2022,INDIAPOST,394.31,Lost
SHP000693,ORD000693,28-12-2024,2024-12-31,Ekart,212.38,Lost
SHP000694,ORD000694,2024-02-29,06/03/2024,BlueDart,174.83,In Transit
SHP000695,ORD000695,06 Jan 2022,09/01/2022,EKART,549.66,Returned to Origin
SHP000696,ORD000696,02/11/2023,2023-02-18,BlueDart,681.1,Delayed
SHP000697,ORD000697,23-04-2023,08-05-2023,DTDC,473.81,delayed
SHP000698,ORD000698,2024/04/05,2024/04/08,DTDC,163.39,in transit
SHP000699,ORD000699,2024/01/22,2024/01/23,XpressBees,,Lost
SHP000700,ORD000700,22-02-2023,2023-03-04,bluedart,675.36,Lost
SHP000701,ORD000701,2022-03-11,03/16/2022,XpressBees,777.13,returned to origin
SHP000702,ORD000702,08/31/2022,09/05/2022,Delhivery,97.46,Delivered
SHP000703,ORD000703,2024/02/16,02/20/2024,FedEx,144.51,Delivered
SHP000704,ORD000704,06 Aug 2023,11 Aug 2023,FEDEX,319.05,RETURNED TO ORIGIN
SHP000705,ORD000705,17/04/2022,21-04-2022,FedEx,59.81,Returned to Origin
SHP000706,ORD000706,2024-07-14,17 Jul 2024,fedex,841.82,DELIVERED
SHP000707,ORD000707,05/08/2024,2024-05-11,Ekart,138.26,Delivered
SHP000708,ORD000708,2024-07-24,2024-08-08,fedex,360.04,lost
SHP000709,ORD000709,2024/08/24,27-08-2024,Delhivery,123.79,LOST
SHP000710,ORD000710,,11/05/2023,dtdc,78.23,Returned to Origin
SHP000711,ORD000711,12/10/2022,2022-10-18,fedex,841.84,RETURNED TO ORIGIN
SHP000712,ORD000712,04/08/2022,09/04/2022,Ekart,554.92,RETURNED TO ORIGIN
SHP000713,ORD000713,20-10-2022,22 Oct 2022,BlueDart,886.95,Lost
SHP000714,ORD000714,15-07-2022,2022/07/18,Delhivery,120.39,Delayed
SHP000715,ORD000715,03-02-2022,18-02-2022,FedEx,266.46,Delayed
SHP000716,ORD000716,15-10-2022,20-10-2022,EKART,458.57,lost
SHP000717,ORD000717,10-02-2024,25-02-2024,FedEx,178.61,returned to origin
SHP000718,ORD000718,10/26/2024,2024-11-01,fedex,504.57,Delayed
SHP000719,ORD000719,2024-08-27,03/09/2024,IndiaPost,211.43,Lost
SHP000720,ORD000720,06-02-2023,2023/02/09,Ekart,217.22,Returned to Origin
SHP000721,ORD000721,26-11-2022,02/12/2022,BLUEDART,556.65,lost
SHP000722,ORD000722,2023-07-27,2023-08-04,FedEx,,In Transit
SHP000723,ORD000723,12/23/2024,12/25/2024,Ekart,157.12,Returned to Origin
SHP000724,ORD000724,23/02/2024,25/02/2024,DTDC,135.74,LOST
SHP000725,ORD000725,05-02-2022,13/02/2022,EKART,733.92,Delivered
SHP000726,ORD000726,01/22/2022,2022/01/25,DELHIVERY,131.96,In Transit
SHP000727,ORD000727,01/25/2023,27-01-2023,XPRESSBEES,463.25,In Transit
SHP000728,ORD000728,,24-12-2024,xpressbees,857.76,in transit
SHP000729,ORD000729,2023-11-18,19-11-2023,DTDC,405.95,DELAYED
SHP000730,ORD000730,22-05-2022,25/05/2022,XpressBees,307.89,In Transit
SHP000731,ORD000731,15 Dec 2023,12/19/2023,bluedart,762.37,Returned to Origin
SHP000732,ORD000732,2024-04-26,2024/04/28,FedEx,868.24,Lost
SHP000733,ORD000733,19 Jun 2024,07/04/2024,Ekart,641.27,In Transit
SHP000734,ORD000734,24 Sep 2024,09 Oct 2024,FedEx,163.1,IN TRANSIT
SHP000735,ORD000735,05-03-2022,15/03/2022,XpressBees,878.71,DELIVERED
SHP000736,ORD000736,0000-00-00,02/21/2023,FedEx,442.61,In Transit
SHP000737,ORD000737,2023-01-01,2023/01/07,Delhivery,560.09,Delivered
SHP000738,ORD000738,18-12-2022,28-12-2022,BlueDart,139.01,Delayed
SHP000739,ORD000739,19/01/2022,2022-01-26,Delhivery,236.0,DELIVERED
SHP000740,ORD000740,05-07-2023,07/09/2023,IndiaPost,47.17,Returned to Origin
SHP000741,ORD000741,03/12/2023,18-12-2023,XPRESSBEES,668.54,Returned to Origin
SHP000742,ORD000742,24-10-2022,,fedex,252.59,Delayed
SHP000743,ORD000743,2023-05-19,2023-05-26,FedEx,453.4,lost
SHP000744,ORD000744,20 Jun 2023,2023/06/30,Ekart,365.82,In Transit
SHP000745,ORD000745,2022/07/19,07/26/2022,XpressBees,612.64,In Transit
SHP000746,ORD000746,2024/05/19,21/05/2024,Delhivery,137.23,Delivered
SHP000747,ORD000747,2024/11/15,2024/11/18,DTDC,106.51,Returned to Origin
SHP000748,ORD000748,08/10/2024,2024-08-18,xpressbees,815.65,LOST
SHP000749,ORD000749,27/10/2024,2024/10/28,IndiaPost,315.72,Returned to Origin
SHP000750,ORD000750,25-05-2022,02/06/2022,BlueDart,700.17,Returned to Origin
SHP000751,ORD000751,25-11-2024,12/05/2024,FedEx,868.18,lost
SHP000752,ORD000752,22-12-2022,27/12/2022,Ekart,44.4,returned to origin
SHP000753,ORD000753,10/30/2024,11/05/2024,XpressBees,30.65,returned to origin
SHP000754,ORD000754,06/09/2022,09-09-2022,DTDC,129.31,LOST
SHP000755,ORD000755,29-06-2022,06-07-2022,fedex,401.06,Delivered
SHP000756,ORD000756,2022/10/14,10/15/2022,XpressBees,453.8,Delivered
SHP000757,ORD000757,2023/09/16,09/22/2023,BlueDart,196.61,lost
SHP000758,ORD000758,01/26/2024,2024/01/28,Delhivery,380.09,Delivered
SHP000759,ORD000759,2023/09/28,13/10/2023,DTDC,150.45,Delayed
SHP000760,ORD000760,26 Mar 2023,0000-00-00,DTDC,663.91,Delivered
SHP000761,ORD000761,08/30/2024,09/07/2024,BLUEDART,458.84,Delivered
SHP000762,ORD000762,2022/05/03,2022-05-06,Ekart,778.13,Lost
SHP000763,ORD000763,28-05-2022,06/07/2022,IndiaPost,113.71,Delivered
SHP000764,ORD000764,04/19/2022,2022/04/27,fedex,180.89,in transit
SHP000765,ORD000765,10-03-2022,03/14/2022,dtdc,594.24,Delivered
SHP000766,ORD000766,07-04-2022,15/04/2022,Delhivery,736.18,Returned to Origin
SHP000767,ORD000767,10 Dec 2024,2024-12-13,Delhivery,470.42,Delivered
SHP000768,ORD000768,2022-11-09,15/11/2022,FEDEX,668.22,delivered
SHP000769,ORD000769,19/01/2023,22/01/2023,indiapost,258.85,Returned to Origin
SHP000770,ORD000770,20 Jun 2024,28-06-2024,DELHIVERY,254.04,Delayed
SHP000771,ORD000771,2023/01/09,01/16/2023,Delhivery,824.3,Delivered
SHP000772,ORD000772,27/06/2024,2024/07/12,DTDC,46.74,DELIVERED
SHP000773,ORD000773,19-10-2024,21 Oct 2024,xpressbees,171.9,DELIVERED
SHP000774,ORD000774,08-08-2023,08/13/2023,FedEx,589.62,Returned to Origin
SHP000775,ORD000775,2023-10-25,2023/10/26,DTDC,462.81,Delivered
SHP000776,ORD000776,2022-03-11,2022/03/15,IndiaPost,628.45,Lost
SHP000777,ORD000777,05-06-2023,2023/06/20,DTDC,632.69,Delivered
SHP000778,ORD000778,28-07-2024,07-08-2024,Delhivery,394.07,IN TRANSIT
SHP000779,ORD000779,17/01/2024,2024-01-19,IndiaPost,757.99,Returned to Origin
SHP000780,ORD000780,26/09/2023,01-10-2023,Delhivery,505.25,Returned to Origin
SHP000781,ORD000781,04/01/2022,14/01/2022,DTDC,877.3,delayed
SHP000782,ORD000782,07-08-2024,2024-08-14,EKART,,Returned to Origin
SHP000783,ORD000783,2023/05/02,05/07/2023,Delhivery,816.47,lost
SHP000784,ORD000784,06/13/2024,23 Jun 2024,BLUEDART,522.23,DELIVERED
SHP000785,ORD000785,2023-07-24,2023-07-28,BlueDart,35.58,Lost
SHP000786,ORD000786,26/01/2022,2022/02/03,FEDEX,864.16,Returned to Origin
SHP000787,ORD000787,05/18/2022,23/05/2022,Ekart,571.7,Returned to Origin
SHP000788,ORD000788,2022/09/22,2022/09/25,fedex,685.66,LOST
SHP000789,ORD000789,,12/04/2022,Ekart,789.71,Delayed
SHP000790,ORD000790,27-12-2022,2022/12/29,dtdc,503.96,Delivered
SHP000791,ORD000791,2022-12-21,2022/12/24,DTDC,457.77,Lost
SHP000792,ORD000792,12/22/2024,2024/12/25,XpressBees,364.23,returned to origin
SHP000793,ORD000793,11/30/2024,04-12-2024,IndiaPost,818.52,Delivered
SHP000794,ORD000794,13/12/2022,15 Dec 2022,Ekart,374.57,Returned to Origin
SHP000795,ORD000795,2024/08/22,08/24/2024,IndiaPost,561.21,delivered
SHP000796,ORD000796,25-02-2024,2024/03/01,IndiaPost,287.2,Delivered
SHP000797,ORD000797,28/01/2024,31/01/2024,Ekart,196.89,RETURNED TO ORIGIN
SHP000798,ORD000798,2024-12-09,12/19/2024,Delhivery,64.79,Delivered
SHP000799,ORD000799,04/04/2023,05/04/2023,Ekart,891.65,Returned to Origin
SHP000800,ORD000800,,10/30/2022,FedEx,820.28,In Transit
SHP000801,ORD000801,20/01/2023,04/02/2023,EKART,494.27,DELAYED
SHP000802,ORD000802,13-09-2024,17/09/2024,IndiaPost,44.1,Delayed
SHP000803,ORD000803,23-04-2023,01-05-2023,bluedart,96.3,Delivered
SHP000804,ORD000804,27/09/2024,2024/09/30,FedEx,134.3,returned to origin
SHP000805,ORD000805,2022/08/03,2022-08-04,INDIAPOST,293.31,LOST
SHP000806,ORD000806,2023-08-11,2023/08/16,indiapost,416.36,In Transit
SHP000807,ORD000807,25 Nov 2024,,BlueDart,788.5,Lost
SHP000808,ORD000808,03 Feb 2023,07 Feb 2023,fedex,459.51,In Transit
SHP000809,ORD000809,11/03/2024,11/10/2024,Delhivery,476.06,lost
SHP000810,ORD000810,2022/04/20,22-04-2022,FedEx,280.14,Lost
SHP000811,ORD000811,15 Jul 2023,16-07-2023,DTDC,442.82,Delivered
SHP000812,ORD000812,07/07/2022,07/09/2022,DTDC,877.23,Delayed
SHP000813,ORD000813,2022-08-01,07-08-2022,XpressBees,91.38,Delivered
SHP000814,ORD000814,12-02-2022,2022-02-27,Ekart,352.76,DELAYED
SHP000815,ORD000815,31 Oct 2024,01/11/2024,Delhivery,570.77,Delivered
SHP000816,ORD000816,12/07/2022,2022-12-08,XpressBees,622.69,Lost
SHP000817,ORD000817,11/18/2022,19-11-2022,DTDC,339.66,In Transit
SHP000818,ORD000818,2023/04/19,,FEDEX,680.98,Lost
SHP000819,ORD000819,04/24/2022,2022-04-30,FedEx,526.44,Delivered
SHP000820,ORD000820,24 Nov 2023,2023-11-27,Ekart,816.97,Lost
SHP000821,ORD000821,17-08-2023,08/21/2023,XpressBees,183.35,IN TRANSIT
SHP000822,ORD000822,22 Oct 2023,29 Oct 2023,BlueDart,430.77,Delayed
SHP000823,ORD000823,12/07/2024,2024/07/13,IndiaPost,496.41,lost
SHP000824,ORD000824,2023/08/03,2023/08/11,DTDC,473.82,In Transit
SHP000825,ORD000825,10/18/2022,02 Nov 2022,XpressBees,714.11,Delayed
SHP000826,ORD000826,04/11/2022,2022/04/15,DTDC,898.03,Returned to Origin
SHP000827,ORD000827,2023-09-10,25 Sep 2023,Ekart,220.8,In Transit
SHP000828,ORD000828,2023-08-24,2023-09-01,BlueDart,668.31,Returned to Origin
SHP000829,ORD000829,23-04-2022,03-05-2022,Ekart,641.22,Lost
SHP000830,ORD000830,15/12/2023,2023/12/20,EKART,363.52,Returned to Origin
SHP000831,ORD000831,23-11-2024,11/27/2024,BlueDart,41.75,Returned to Origin
SHP000832,ORD000832,2022-05-07,,BlueDart,732.37,Delivered
SHP000833,ORD000833,17/03/2022,2022-03-24,Ekart,69.34,Delayed
SHP000834,ORD000834,2024/07/31,04 Aug 2024,INDIAPOST,806.44,returned to origin
SHP000835,ORD000835,2024/06/13,18-06-2024,Delhivery,515.15,Delayed
SHP000836,ORD000836,2024/06/03,13 Jun 2024,FedEx,363.86,in transit
SHP000837,ORD000837,2022/06/20,27 Jun 2022,dtdc,228.02,Delivered
SHP000838,ORD000838,06/10/2024,16/06/2024,EKART,,Lost
SHP000839,ORD000839,2024-10-29,01/11/2024,Delhivery,182.21,Delayed
SHP000840,ORD000840,2023-05-02,0000-00-00,FEDEX,800.82,in transit
SHP000841,ORD000841,2023/08/17,2023-08-27,DTDC,102.55,Delayed
SHP000842,ORD000842,27-07-2023,2023-07-30,BlueDart,311.88,Delayed
SHP000843,ORD000843,2022-06-28,2022-07-01,XpressBees,572.18,returned to origin
SHP000844,ORD000844,04 Mar 2022,05/03/2022,Ekart,333.4,In Transit
SHP000845,ORD000845,12 Mar 2023,03/19/2023,FedEx,545.97,Delayed
SHP000846,ORD000846,19-05-2023,2023-05-24,XpressBees,527.19,RETURNED TO ORIGIN
SHP000847,ORD000847,28-06-2024,0000-00-00,IndiaPost,102.08,Returned to Origin
SHP000848,ORD000848,12-09-2023,15 Sep 2023,bluedart,102.99,RETURNED TO ORIGIN
SHP000849,ORD000849,02-01-2022,03-01-2022,xpressbees,409.69,Lost
SHP000850,ORD000850,18-03-2022,28 Mar 2022,FedEx,456.86,Lost
SHP000851,ORD000851,26 Nov 2024,2024/12/03,bluedart,599.95,Returned to Origin
SHP000852,ORD000852,0000-00-00,11/12/2024,Ekart,595.17,In Transit
SHP000853,ORD000853,,2024/07/12,DTDC,326.66,Lost
SHP000854,ORD000854,2022/09/26,2022/09/30,XpressBees,336.17,IN TRANSIT
SHP000855,ORD000855,2023/09/14,22/09/2023,BlueDart,,Delayed
SHP000856,ORD000856,2022-11-07,2022-11-14,Ekart,742.33,in transit
SHP000857,ORD000857,27/02/2024,01 Mar 2024,BlueDart,332.72,Delivered
SHP000858,ORD000858,16-10-2023,2023/10/23,XpressBees,530.46,Delivered
SHP000859,ORD000859,16 Aug 2022,18-08-2022,BlueDart,659.94,Lost
SHP000860,ORD000860,2023/08/15,2023/08/17,DTDC,892.59,Delivered
SHP000861,ORD000861,17/06/2023,06/24/2023,Delhivery,586.21,Lost
SHP000862,ORD000862,10-12-2023,25-12-2023,BlueDart,434.8,Delivered
SHP000863,ORD000863,03 Oct 2022,2022/10/13,XpressBees,754.52,In Transit
SHP000864,ORD000864,09/19/2024,2024/09/22,DELHIVERY,494.42,returned to origin
SHP000865,ORD000865,10/24/2023,27-10-2023,BLUEDART,729.42,Delayed
SHP000866,ORD000866,15/12/2024,18 Dec 2024,INDIAPOST,125.95,Delayed
SHP000867,ORD000867,29 Jan 2024,2024/02/03,DTDC,346.62,Delivered
SHP000868,ORD000868,17-04-2022,02 May 2022,indiapost,110.84,Returned to Origin
SHP000869,ORD000869,2023/01/16,2023-01-26,IndiaPost,363.88,Returned to Origin
SHP000870,ORD000870,15 Mar 2023,16/03/2023,BlueDart,653.13,Lost
SHP000871,ORD000871,25-04-2023,10-05-2023,FedEx,611.54,Delayed
SHP000872,ORD000872,22-10-2024,,xpressbees,732.27,RETURNED TO ORIGIN
SHP000873,ORD000873,16/08/2022,18-08-2022,XPRESSBEES,755.64,delayed
SHP000874,ORD000874,2022/07/28,29 Jul 2022,Delhivery,253.81,lost
SHP000875,ORD000875,2024-11-09,15-11-2024,XpressBees,880.78,Delivered
SHP000876,ORD000876,05 Nov 2023,11/08/2023,XpressBees,463.96,Lost
SHP000877,ORD000877,30-04-2022,2022-05-03,DTDC,734.63,Lost
SHP000878,ORD000878,28 Jun 2023,07/03/2023,IndiaPost,528.48,Delivered
SHP000879,ORD000879,24/06/2022,26-06-2022,XPRESSBEES,122.52,Returned to Origin
SHP000880,ORD000880,23-02-2023,27/02/2023,xpressbees,181.29,Delayed
SHP000881,ORD000881,06/10/2024,,Ekart,503.53,DELIVERED
SHP000882,ORD000882,01 Nov 2023,11 Nov 2023,DTDC,414.29,Returned to Origin
SHP000883,ORD000883,22-03-2023,01-04-2023,BlueDart,210.42,RETURNED TO ORIGIN
SHP000884,ORD000884,02/20/2024,27-02-2024,delhivery,526.73,Delayed
SHP000885,ORD000885,2023/01/28,2023-02-04,Delhivery,652.6,Lost
SHP000886,ORD000886,06/01/2022,04-06-2022,IndiaPost,526.73,returned to origin
SHP000887,ORD000887,2024/02/15,2024/02/22,IndiaPost,490.62,Delayed
SHP000888,ORD000888,2024-06-04,14-06-2024,BlueDart,213.28,Lost
SHP000889,ORD000889,2023/08/14,2023-08-22,IndiaPost,48.96,Delivered
SHP000890,ORD000890,11-05-2023,15-05-2023,EKART,260.83,DELIVERED
SHP000891,ORD000891,12/13/2022,2022/12/20,XpressBees,405.12,Delivered
SHP000892,ORD000892,2023-05-26,05/31/2023,DTDC,324.55,Delivered
SHP000893,ORD000893,2023-09-04,2023-09-10,IndiaPost,137.24,In Transit
SHP000894,ORD000894,29 Jun 2023,04/07/2023,BlueDart,101.66,Delivered
SHP000895,ORD000895,03 Apr 2024,08/04/2024,Ekart,106.08,returned to origin
SHP000896,ORD000896,06/25/2024,2024/07/05,FedEx,463.99,Delayed
SHP000897,ORD000897,04 Sep 2023,10/09/2023,DTDC,128.09,Delayed
SHP000898,ORD000898,12/07/2022,14/07/2022,DTDC,608.21,delivered
SHP000899,ORD000899,03/07/2022,2022-07-05,DTDC,492.8,Delayed
SHP000900,ORD000900,19-03-2023,23-03-2023,EKART,805.44,In Transit
SHP000901,ORD000901,04/15/2022,2022/04/23,IndiaPost,654.79,Delayed
SHP000902,ORD000902,2024-04-06,04/12/2024,dtdc,672.8,DELIVERED
SHP000903,ORD000903,16-12-2024,2024/12/19,Delhivery,700.79,delivered
SHP000904,ORD000904,25-12-2023,29 Dec 2023,Delhivery,216.35,Delivered
SHP000905,ORD000905,30-09-2024,05 Oct 2024,Ekart,244.13,lost
SHP000906,ORD000906,2024-06-20,06/25/2024,Ekart,368.01,Delayed
SHP000907,ORD000907,2023/07/18,07/28/2023,bluedart,342.87,delayed
SHP000908,ORD000908,05-03-2022,,DTDC,833.42,In Transit
SHP000909,ORD000909,27/09/2023,2023/10/07,IndiaPost,377.3,Delayed
SHP000910,ORD000910,10-03-2024,2024-03-13,BLUEDART,292.9,delivered
SHP000911,ORD000911,14 Mar 2024,2024-03-24,FedEx,127.52,Delayed
SHP000912,ORD000912,02/11/2022,2022/11/06,XpressBees,755.65,In Transit
SHP000913,ORD000913,10-01-2024,01/25/2024,Delhivery,194.82,Delivered
SHP000914,ORD000914,2022/03/08,03/11/2022,Delhivery,183.22,In Transit
SHP000915,ORD000915,26/11/2024,2024-11-28,BlueDart,426.06,delivered
SHP000916,ORD000916,26/04/2024,11/05/2024,XPRESSBEES,294.83,in transit
SHP000917,ORD000917,2024-02-29,2024/03/02,ekart,460.15,DELIVERED
SHP000918,ORD000918,2024/01/18,23-01-2024,Ekart,875.98,Delivered
SHP000919,ORD000919,2023-04-17,04/19/2023,Ekart,344.26,In Transit
SHP000920,ORD000920,2023/08/31,03/09/2023,XPRESSBEES,574.34,Delivered
SHP000921,ORD000921,24/07/2023,2023-07-30,Ekart,621.91,Returned to Origin
SHP000922,ORD000922,2022/01/08,2022-01-23,FedEx,469.9,LOST
SHP000923,ORD000923,,23/10/2022,Delhivery,99.54,In Transit
SHP000924,ORD000924,07/08/2024,10/07/2024,BlueDart,605.18,Returned to Origin
SHP000925,ORD000925,2023/02/05,15 Feb 2023,DTDC,487.96,In Transit
SHP000926,ORD000926,04/02/2022,2022-02-09,fedex,75.78,Delayed
SHP000927,ORD000927,07 Mar 2024,17 Mar 2024,IndiaPost,224.97,delayed
SHP000928,ORD000928,2022/10/23,2022/10/28,DTDC,67.07,In Transit
SHP000929,ORD000929,09/05/2022,20-09-2022,Delhivery,109.83,Lost
SHP000930,ORD000930,26/04/2024,06 May 2024,fedex,718.45,Returned to Origin
SHP000931,ORD000931,2023-10-25,01-11-2023,fedex,741.83,Delivered
SHP000932,ORD000932,25 Mar 2024,2024/04/09,DTDC,494.08,Delivered
SHP000933,ORD000933,30-06-2024,2024-07-02,dtdc,840.74,IN TRANSIT
SHP000934,ORD000934,19-01-2024,2024-02-03,XpressBees,547.51,Lost
SHP000935,ORD000935,2024-07-25,02 Aug 2024,DTDC,680.84,returned to origin
SHP000936,ORD000936,2024/03/01,2024/03/08,BLUEDART,408.35,returned to origin
SHP000937,ORD000937,28/03/2024,04 Apr 2024,DTDC,845.08,Lost
SHP000938,ORD000938,03/08/2023,,bluedart,505.45,In Transit
SHP000939,ORD000939,22/10/2023,10/25/2023,ekart,555.54,DELIVERED
SHP000940,ORD000940,2023/05/12,2023-05-27,BLUEDART,790.67,Lost
SHP000941,ORD000941,10-07-2023,2023/07/11,Ekart,767.92,Returned to Origin
SHP000942,ORD000942,2023/02/12,2023-02-13,Delhivery,229.07,Lost
SHP000943,ORD000943,2024-12-17,2024-12-21,Ekart,629.17,In Transit
SHP000944,ORD000944,05/30/2023,09/06/2023,Ekart,157.55,Lost
SHP000945,ORD000945,10/09/2022,0000-00-00,DTDC,84.96,In Transit
SHP000946,ORD000946,0000-00-00,2022/10/09,BLUEDART,791.48,Delivered
SHP000947,ORD000947,11-07-2024,18 Jul 2024,IndiaPost,589.29,lost
SHP000948,ORD000948,2022/06/07,22 Jun 2022,EKART,384.68,IN TRANSIT
SHP000949,ORD000949,2024/07/27,04 Aug 2024,BlueDart,108.4,Delayed
SHP000950,ORD000950,2022-12-01,2022/12/02,FedEx,190.2,Returned to Origin
SHP000951,ORD000951,08/27/2024,2024/08/29,bluedart,810.96,Delivered
SHP000952,ORD000952,29-06-2024,07/07/2024,Delhivery,255.58,IN TRANSIT
SHP000953,ORD000953,03-10-2024,2024/10/06,BlueDart,170.66,delayed
SHP000954,ORD000954,05-07-2022,20-07-2022,Ekart,537.09,Returned to Origin
SHP000955,ORD000955,2024/01/04,19 Jan 2024,Ekart,499.43,Returned to Origin
SHP000956,ORD000956,27 Nov 2022,2022-12-12,DTDC,735.23,DELIVERED
SHP000957,ORD000957,28 Sep 2023,2023/10/04,IndiaPost,756.56,In Transit
SHP000958,ORD000958,02-06-2022,04 Jun 2022,DTDC,457.65,Lost
SHP000959,ORD000959,15/05/2023,0000-00-00,DTDC,748.37,Returned to Origin
SHP000960,ORD000960,12 Aug 2023,2023/08/13,FedEx,293.99,Returned to Origin
SHP000961,ORD000961,02/10/2022,13-02-2022,FEDEX,727.26,Delivered
SHP000962,ORD000962,2023-04-08,2023-04-11,BlueDart,236.59,returned to origin
SHP000963,ORD000963,27 Nov 2022,30/11/2022,BlueDart,256.02,Returned to Origin
SHP000964,ORD000964,04-03-2022,07 Mar 2022,DTDC,286.75,Lost
SHP000965,ORD000965,26/02/2024,29/02/2024,BlueDart,106.73,LOST
SHP000966,ORD000966,29-09-2024,09-10-2024,DTDC,278.17,lost
SHP000967,ORD000967,,10 Jul 2023,XPRESSBEES,162.75,Returned to Origin
SHP000968,ORD000968,13/10/2023,2023-10-23,delhivery,810.62,Delivered
SHP000969,ORD000969,2023/04/15,2023-04-30,FedEx,258.84,RETURNED TO ORIGIN
SHP000970,ORD000970,,10/16/2024,IndiaPost,890.16,IN TRANSIT
SHP000971,ORD000971,27-06-2022,06/30/2022,xpressbees,90.93,Delivered
SHP000972,ORD000972,25 Dec 2023,2023-12-27,FedEx,750.03,Returned to Origin
SHP000973,ORD000973,2024-11-02,10-11-2024,Ekart,839.55,IN TRANSIT
SHP000974,ORD000974,04/10/2023,18-04-2023,xpressbees,747.16,IN TRANSIT
SHP000975,ORD000975,08/30/2022,2022-09-09,xpressbees,604.72,Returned to Origin
SHP000976,ORD000976,2022-02-18,23-02-2022,dtdc,717.81,Lost
SHP000977,ORD000977,02/29/2024,03/08/2024,BlueDart,494.72,DELAYED
SHP000978,ORD000978,28-05-2024,2024-05-30,FedEx,723.59,LOST
SHP000979,ORD000979,06/06/2023,10-06-2023,indiapost,200.69,Delivered
SHP000980,ORD000980,16/10/2024,0000-00-00,XpressBees,419.82,returned to origin
SHP000981,ORD000981,14 May 2022,16-05-2022,IndiaPost,799.01,DELAYED
SHP000982,ORD000982,24-06-2024,2024-06-25,BLUEDART,82.61,in transit
SHP000983,ORD000983,08/25/2024,26-08-2024,DTDC,76.5,Lost
SHP000984,ORD000984,2024-10-13,10/28/2024,FedEx,633.01,LOST
SHP000985,ORD000985,07/11/2024,15/11/2024,IndiaPost,487.67,Delayed
SHP000986,ORD000986,2023-04-12,2023-04-20,BlueDart,,Delivered
SHP000987,ORD000987,13-09-2024,2024/09/28,Ekart,682.13,Lost
SHP000988,ORD000988,2022-07-02,2022/07/03,BlueDart,206.62,In Transit
SHP000989,ORD000989,13 Jan 2022,16 Jan 2022,BlueDart,866.23,LOST
SHP000990,ORD000990,20 Oct 2023,2023/10/25,Ekart,143.37,Delayed
SHP000991,ORD000991,,10/10/2022,DELHIVERY,216.23,Lost
SHP000992,ORD000992,07/20/2022,2022-07-22,XpressBees,804.19,Lost
SHP000993,ORD000993,08/29/2022,09/04/2022,XpressBees,187.09,Delivered
SHP000994,ORD000994,2023-06-20,2023/07/05,IndiaPost,46.49,Delivered
SHP000995,ORD000995,2022/02/13,23/02/2022,indiapost,483.09,Delayed
SHP000996,ORD000996,2023-10-04,11 Oct 2023,DTDC,787.21,Delayed
SHP000997,ORD000997,01/20/2023,04 Feb 2023,Ekart,892.09,Delivered
SHP000998,ORD000998,,19 Jan 2023,Ekart,774.32,Lost
SHP000999,ORD000999,2023-11-16,26-11-2023,XpressBees,651.07,IN TRANSIT
SHP001000,ORD001000,24 Oct 2024,31/10/2024,Ekart,865.3,Lost
SHP001001,ORD001001,23 Jul 2022,28 Jul 2022,IndiaPost,847.44,DELIVERED
SHP001002,ORD001002,2023/12/23,26-12-2023,XpressBees,332.27,Delayed
SHP001003,ORD001003,2022-10-24,31-10-2022,Delhivery,897.58,Lost
SHP001004,ORD001004,27-10-2023,2023-11-11,XpressBees,597.74,Delivered
SHP001005,ORD001005,29/03/2023,2023/04/02,dtdc,454.4,Returned to Origin
SHP001006,ORD001006,11/05/2022,17-05-2022,Delhivery,386.96,Delayed
SHP001007,ORD001007,2023/05/02,2023-05-10,Delhivery,858.37,delayed
SHP001008,ORD001008,10-09-2022,09/14/2022,BlueDart,445.78,Returned to Origin
SHP001009,ORD001009,30 Oct 2024,05 Nov 2024,DTDC,604.31,RETURNED TO ORIGIN
SHP001010,ORD001010,11-01-2023,01/13/2023,FEDEX,482.61,In Transit
SHP001011,ORD001011,2024-12-26,01/01/2025,DTDC,469.37,In Transit
SHP001012,ORD001012,07/27/2022,02/08/2022,IndiaPost,489.62,Lost
SHP001013,ORD001013,2023/10/24,2023/10/31,IndiaPost,592.83,In Transit
SHP001014,ORD001014,12 Mar 2023,2023-03-14,XpressBees,363.24,in transit
SHP001015,ORD001015,12-10-2023,15 Oct 2023,XpressBees,815.97,In Transit
SHP001016,ORD001016,2022/01/02,06 Jan 2022,FedEx,674.89,Returned to Origin
SHP001017,ORD001017,07 Feb 2024,17/02/2024,DTDC,374.31,In Transit
SHP001018,ORD001018,13-01-2024,01/15/2024,INDIAPOST,868.0,Delayed
SHP001019,ORD001019,18-08-2023,21/08/2023,Delhivery,430.25,RETURNED TO ORIGIN
SHP001020,ORD001020,25 Dec 2022,12/27/2022,FedEx,539.6,lost
SHP001021,ORD001021,2022-03-02,2022-03-05,XpressBees,647.42,Delayed
SHP001022,ORD001022,05-10-2023,12/10/2023,DTDC,581.7,delivered
SHP001023,ORD001023,24-10-2023,11/08/2023,bluedart,210.35,returned to origin
SHP001024,ORD001024,2022/03/19,2022/03/22,indiapost,586.0,Lost
SHP001025,ORD001025,2023-09-24,2023-09-27,DTDC,845.02,RETURNED TO ORIGIN
SHP001026,ORD001026,2022/04/17,2022-04-20,DTDC,472.55,Lost
SHP001027,ORD001027,05/22/2023,05/27/2023,XpressBees,501.75,in transit
SHP001028,ORD001028,13 Oct 2022,10/16/2022,dtdc,40.96,DELIVERED
SHP001029,ORD001029,2022-11-17,27 Nov 2022,XpressBees,122.41,In Transit
SHP001030,ORD001030,2022/11/22,30/11/2022,BlueDart,370.21,Delivered
SHP001031,ORD001031,02/15/2024,2024-02-19,ekart,671.02,DELIVERED
SHP001032,ORD001032,24-07-2024,07/31/2024,BLUEDART,569.76,Delivered
SHP001033,ORD001033,29/07/2022,13-08-2022,indiapost,171.89,In Transit
SHP001034,ORD001034,25 Apr 2022,,dtdc,299.41,Returned to Origin
SHP001035,ORD001035,04 May 2022,14 May 2022,IndiaPost,681.5,In Transit
SHP001036,ORD001036,03/27/2023,29 Mar 2023,IndiaPost,782.7,Lost
SHP001037,ORD001037,2023-03-18,28/03/2023,DTDC,469.69,delayed
SHP001038,ORD001038,12-11-2023,11/20/2023,FedEx,567.34,Delivered
SHP001039,ORD001039,2022/06/28,04-07-2022,Ekart,319.09,delivered
SHP001040,ORD001040,2022-03-30,02-04-2022,IndiaPost,454.19,Delivered
SHP001041,ORD001041,16/03/2024,17/03/2024,BlueDart,719.16,Lost
SHP001042,ORD001042,2024/10/18,10/21/2024,XPRESSBEES,393.88,IN TRANSIT
SHP001043,ORD001043,2024/06/04,2024-06-08,IndiaPost,557.54,Returned to Origin
SHP001044,ORD001044,01-08-2022,2022-08-08,DTDC,96.62,Delayed
SHP001045,ORD001045,03 Feb 2022,11-02-2022,XpressBees,364.57,In Transit
SHP001046,ORD001046,15 Dec 2024,25/12/2024,FedEx,729.82,Returned to Origin
SHP001047,ORD001047,2024-05-28,2024/05/31,FedEx,486.53,In Transit
SHP001048,ORD001048,01-05-2022,2022/05/05,XpressBees,775.95,returned to origin
SHP001049,ORD001049,2024-01-07,,Delhivery,117.16,DELAYED
SHP001050,ORD001050,09 Mar 2024,19-03-2024,xpressbees,574.33,Returned to Origin
SHP001051,ORD001051,2022/11/19,25 Nov 2022,FedEx,650.99,Delayed
SHP001052,ORD001052,2024-06-08,14-06-2024,indiapost,450.96,lost
SHP001053,ORD001053,02/02/2024,,BlueDart,672.19,IN TRANSIT
SHP001054,ORD001054,09/01/2022,09-09-2022,indiapost,841.63,Returned to Origin
SHP001055,ORD001055,2022-08-22,28-08-2022,Ekart,132.93,returned to origin
SHP001056,ORD001056,29/04/2024,2024/05/02,FedEx,350.41,in transit
SHP001057,ORD001057,2022/08/12,16 Aug 2022,dtdc,562.57,Returned to Origin
SHP001058,ORD001058,12 Jun 2023,,XpressBees,194.91,In Transit
SHP001059,ORD001059,,2024/04/25,EKART,207.28,Delivered
SHP001060,ORD001060,18 Apr 2022,04/22/2022,IndiaPost,440.35,Delivered
SHP001061,ORD001061,31-12-2023,,FedEx,324.64,Returned to Origin
SHP001062,ORD001062,2024-04-25,2024-04-26,BLUEDART,628.19,DELAYED
SHP001063,ORD001063,09/30/2022,07 Oct 2022,Ekart,783.25,In Transit
SHP001064,ORD001064,2022/03/14,18 Mar 2022,BlueDart,194.83,In Transit
SHP001065,ORD001065,02/10/2023,12 Feb 2023,XPRESSBEES,459.03,In Transit
SHP001066,ORD001066,2024-03-06,14 Mar 2024,DTDC,119.5,Returned to Origin
SHP001067,ORD001067,2022/05/21,23 May 2022,Ekart,64.09,returned to origin
SHP001068,ORD001068,06/26/2022,30-06-2022,Ekart,655.99,Lost
SHP001069,ORD001069,2024-09-27,28-09-2024,fedex,489.18,Delayed
SHP001070,ORD001070,06/18/2024,25-06-2024,DTDC,700.58,Delivered
SHP001071,ORD001071,09-03-2023,03/13/2023,XpressBees,135.06,Lost
SHP001072,ORD001072,12/11/2024,16-12-2024,IndiaPost,572.31,Delivered
SHP001073,ORD001073,08/30/2022,2022-09-06,DELHIVERY,536.75,Returned to Origin
SHP001074,ORD001074,13 Jul 2023,17/07/2023,XpressBees,504.2,Lost
SHP001075,ORD001075,2022/08/10,12-08-2022,BlueDart,320.38,lost
SHP001076,ORD001076,2024-02-03,2024/02/11,XpressBees,269.76,lost
SHP001077,ORD001077,29-07-2023,08/01/2023,indiapost,246.41,Returned to Origin
SHP001078,ORD001078,18-10-2023,2023-10-20,FEDEX,697.32,delayed
SHP001079,ORD001079,06 Apr 2023,11/04/2023,FedEx,117.99,In Transit
SHP001080,ORD001080,25 Mar 2023,03/28/2023,FedEx,758.97,Returned to Origin
SHP001081,ORD001081,2024-06-09,2024/06/10,BlueDart,434.29,Delivered
SHP001082,ORD001082,31-08-2024,08-09-2024,XpressBees,521.87,In Transit
SHP001083,ORD001083,23 Mar 2023,29 Mar 2023,Ekart,867.18,Delayed
SHP001084,ORD001084,06/27/2024,01/07/2024,indiapost,296.64,Delayed
SHP001085,ORD001085,04 Apr 2024,2024-04-12,xpressbees,624.59,IN TRANSIT
SHP001086,ORD001086,06/08/2022,2022-08-09,XpressBees,58.22,Delivered
SHP001087,ORD001087,08 Sep 2024,16-09-2024,BlueDart,70.1,delivered
SHP001088,ORD001088,2022/09/13,2022-09-28,Delhivery,206.05,Returned to Origin
SHP001089,ORD001089,30 Mar 2024,2024/04/02,DTDC,812.79,In Transit
SHP001090,ORD001090,2022/04/21,04/23/2022,ekart,756.64,Returned to Origin
SHP001091,ORD001091,2022/10/05,07 Oct 2022,XpressBees,747.32,RETURNED TO ORIGIN
SHP001092,ORD001092,21-08-2024,22 Aug 2024,Ekart,767.04,In Transit
SHP001093,ORD001093,2022-08-04,06-08-2022,FedEx,837.86,Delivered
SHP001094,ORD001094,2022-06-13,2022/06/19,XpressBees,886.2,Delayed
SHP001095,ORD001095,19 Apr 2022,24/04/2022,Delhivery,606.33,Returned to Origin
SHP001096,ORD001096,2023/06/12,2023-06-19,IndiaPost,691.79,In Transit
SHP001097,ORD001097,2024/12/11,14/12/2024,DELHIVERY,710.77,delivered
SHP001098,ORD001098,30/04/2022,02-05-2022,Delhivery,310.17,returned to origin
SHP001099,ORD001099,2024-10-25,27/10/2024,XpressBees,645.9,Returned to Origin
SHP001100,ORD001100,10 Jul 2024,17 Jul 2024,BlueDart,175.55,Returned to Origin
SHP001101,ORD001101,07/10/2023,2023-07-16,INDIAPOST,877.15,In Transit
SHP001102,ORD001102,19-02-2024,02/22/2024,IndiaPost,792.11,Delayed
SHP001103,ORD001103,11/02/2023,08-11-2023,XpressBees,651.4,LOST
SHP001104,ORD001104,2022-01-05,15/01/2022,DTDC,443.0,Lost
SHP001105,ORD001105,2024/08/08,2024-08-13,dtdc,394.24,Lost
SHP001106,ORD001106,2024-11-30,07 Dec 2024,Delhivery,338.74,Delivered
SHP001107,ORD001107,2024-09-05,06 Sep 2024,BlueDart,570.07,Lost
SHP001108,ORD001108,24/01/2022,28/01/2022,DTDC,171.86,In Transit
SHP001109,ORD001109,12-01-2023,20 Jan 2023,Ekart,401.53,LOST
SHP001110,ORD001110,03-06-2024,06/10/2024,XPRESSBEES,886.21,Delivered
SHP001111,ORD001111,2022/07/14,20-07-2022,DTDC,625.66,In Transit
SHP001112,ORD001112,06/04/2022,2022/04/11,Ekart,871.08,in transit
SHP001113,ORD001113,08-01-2024,13/01/2024,ekart,685.82,Lost
SHP001114,ORD001114,18/03/2023,2023/03/19,DTDC,607.85,Delivered
SHP001115,ORD001115,2024/05/12,2024/05/15,bluedart,491.03,in transit
SHP001116,ORD001116,18/04/2022,2022/04/21,Delhivery,651.13,returned to origin
SHP001117,ORD001117,2023-05-10,17/05/2023,FedEx,74.7,delayed
SHP001118,ORD001118,02/14/2023,02/19/2023,Ekart,604.4,Lost
SHP001119,ORD001119,30 Jan 2023,02-02-2023,IndiaPost,604.69,delivered
SHP001120,ORD001120,07/17/2024,2024-07-22,Ekart,271.69,In Transit
SHP001121,ORD001121,14-10-2022,2022-10-22,IndiaPost,744.07,IN TRANSIT
SHP001122,ORD001122,07-08-2023,12/08/2023,DTDC,577.08,Delayed
SHP001123,ORD001123,2024/03/07,2024-03-15,DTDC,884.01,Delayed
SHP001124,ORD001124,30 Nov 2022,12/08/2022,Delhivery,39.28,Delivered
SHP001125,ORD001125,2024/11/26,11/29/2024,dtdc,30.92,Delayed
SHP001126,ORD001126,10/16/2023,21 Oct 2023,DTDC,875.78,returned to origin
SHP001127,ORD001127,30 Sep 2023,2023-10-06,DTDC,468.6,Delivered
SHP001128,ORD001128,2023/06/03,2023-06-09,IndiaPost,92.61,Lost
SHP001129,ORD001129,2024-08-03,08/11/2024,INDIAPOST,430.82,returned to origin
SHP001130,ORD001130,,11 Sep 2022,ekart,147.47,Delayed
SHP001131,ORD001131,2024-04-12,15/04/2024,FedEx,372.92,In Transit
SHP001132,ORD001132,01/13/2023,20/01/2023,DELHIVERY,81.61,Delivered
SHP001133,ORD001133,26 Mar 2022,03 Apr 2022,DELHIVERY,742.21,Delayed
SHP001134,ORD001134,2023/07/18,,BlueDart,244.43,In Transit
SHP001135,ORD001135,25 Feb 2022,2022/03/03,EKART,582.66,DELIVERED
SHP001136,ORD001136,08/06/2023,13-06-2023,XpressBees,618.58,Delayed
SHP001137,ORD001137,10 Jul 2023,07/18/2023,BlueDart,513.59,Returned to Origin
SHP001138,ORD001138,06/06/2023,14 Jun 2023,fedex,300.75,Returned to Origin
SHP001139,ORD001139,2022/02/01,06-02-2022,FedEx,609.47,Returned to Origin
SHP001140,ORD001140,02-05-2024,06-05-2024,BlueDart,159.46,In Transit
SHP001141,ORD001141,20/03/2023,21/03/2023,DTDC,153.57,Returned to Origin
SHP001142,ORD001142,03-05-2023,05/18/2023,XpressBees,333.62,In Transit
SHP001143,ORD001143,11/17/2024,20/11/2024,Ekart,483.76,LOST
SHP001144,ORD001144,24 Jan 2023,2023/01/30,DTDC,632.51,Returned to Origin
SHP001145,ORD001145,2022-07-03,07/07/2022,DTDC,848.22,Delayed
SHP001146,ORD001146,12 Jan 2022,27 Jan 2022,Ekart,548.11,DELAYED
SHP001147,ORD001147,2023/03/06,09/03/2023,Delhivery,109.32,DELAYED
SHP001148,ORD001148,11-09-2022,16 Sep 2022,indiapost,644.13,Delayed
SHP001149,ORD001149,2023/05/27,31-05-2023,Ekart,429.95,Returned to Origin
SHP001150,ORD001150,2023/03/16,03/24/2023,Ekart,495.52,delayed
SHP001151,ORD001151,14-12-2024,15/12/2024,FedEx,704.74,Delivered
SHP001152,ORD001152,27-11-2023,02/12/2023,xpressbees,46.31,Lost
SHP001153,ORD001153,2022-10-11,2022/10/19,FedEx,171.87,Lost
SHP001154,ORD001154,10/24/2023,2023/10/27,Delhivery,245.65,Lost
SHP001155,ORD001155,2023/08/18,2023-08-23,IndiaPost,282.35,lost
SHP001156,ORD001156,03-06-2024,18 Jun 2024,XpressBees,718.15,Lost
SHP001157,ORD001157,23-04-2023,2023-05-01,Ekart,229.04,Lost
SHP001158,ORD001158,2023-04-24,2023-05-04,delhivery,659.94,In Transit
SHP001159,ORD001159,2022/09/13,2022-09-21,FedEx,430.25,Returned to Origin
SHP001160,ORD001160,18 May 2022,2022-05-22,IndiaPost,331.49,IN TRANSIT
SHP001161,ORD001161,21/05/2023,06/05/2023,IndiaPost,589.24,Lost
SHP001162,ORD001162,2022/12/11,15/12/2022,DTDC,691.09,Delivered
SHP001163,ORD001163,29/09/2022,14-10-2022,INDIAPOST,823.59,Lost
SHP001164,ORD001164,2023-12-23,29/12/2023,IndiaPost,735.24,Delivered
SHP001165,ORD001165,19-08-2023,2023/09/03,Delhivery,654.04,Delivered
SHP001166,ORD001166,2023-03-20,03/28/2023,XpressBees,542.97,In Transit
SHP001167,ORD001167,12 Jun 2023,13 Jun 2023,BLUEDART,224.08,Delayed
SHP001168,ORD001168,12/09/2023,17 Dec 2023,DTDC,346.25,In Transit
SHP001169,ORD001169,2024-12-31,03 Jan 2025,FedEx,366.02,Returned to Origin
SHP001170,ORD001170,2023/08/15,19/08/2023,DTDC,289.63,In Transit
SHP001171,ORD001171,10/02/2023,15-02-2023,DTDC,891.47,Delivered
SHP001172,ORD001172,2022/09/29,2022-10-02,DELHIVERY,338.14,In Transit
SHP001173,ORD001173,07/16/2023,2023-07-19,DTDC,402.73,Returned to Origin
SHP001174,ORD001174,0000-00-00,05 Apr 2024,Delhivery,87.39,Lost
SHP001175,ORD001175,05/19/2023,,Delhivery,873.38,Returned to Origin
SHP001176,ORD001176,2022/08/18,2022/08/20,fedex,226.46,in transit
SHP001177,ORD001177,2023/10/09,,IndiaPost,217.43,IN TRANSIT
SHP001178,ORD001178,2023-11-29,02-12-2023,DTDC,818.17,IN TRANSIT
SHP001179,ORD001179,12/16/2024,12/19/2024,XpressBees,613.37,Returned to Origin
SHP001180,ORD001180,07-01-2023,01/17/2023,FedEx,156.97,Delayed
SHP001181,ORD001181,2022/11/20,2022-11-21,BlueDart,433.96,Delayed
SHP001182,ORD001182,2022/09/15,18/09/2022,EKART,522.25,DELAYED
SHP001183,ORD001183,25/04/2023,05 May 2023,XpressBees,280.42,Delayed
SHP001184,ORD001184,02/14/2023,17-02-2023,DELHIVERY,273.47,Returned to Origin
SHP001185,ORD001185,13 Aug 2023,2023/08/21,fedex,754.97,Delivered
SHP001186,ORD001186,09-12-2023,0000-00-00,EKART,317.83,Lost
SHP001187,ORD001187,2024-02-21,27/02/2024,INDIAPOST,189.62,In Transit
SHP001188,ORD001188,06-10-2023,2023/10/16,fedex,221.64,Delivered
SHP001189,ORD001189,,19 Nov 2023,BLUEDART,164.33,In Transit
SHP001190,ORD001190,25/01/2024,09-02-2024,Ekart,463.7,delivered
SHP001191,ORD001191,13-10-2022,10/16/2022,Ekart,,Lost
SHP001192,ORD001192,2024/05/21,27-05-2024,FedEx,138.82,in transit
SHP001193,ORD001193,08/11/2023,18 Aug 2023,BLUEDART,149.13,Lost
SHP001194,ORD001194,19-05-2022,2022/05/23,IndiaPost,189.05,Lost
SHP001195,ORD001195,26 Jan 2022,2022/02/02,DTDC,719.84,Lost
SHP001196,ORD001196,2023-07-03,13 Jul 2023,DTDC,488.68,returned to origin
SHP001197,ORD001197,2024-11-21,27-11-2024,XPRESSBEES,,in transit
SHP001198,ORD001198,2022/03/03,2022/03/13,Ekart,782.02,In Transit
SHP001199,ORD001199,2024/09/19,2024-09-29,IndiaPost,788.8,Returned to Origin
SHP001200,ORD001200,11 Feb 2024,15 Feb 2024,fedex,568.02,Delayed
SHP001201,ORD001201,05/12/2024,12-12-2024,Ekart,510.54,Returned to Origin
SHP001202,ORD001202,20/07/2024,2024/07/30,ekart,441.3,Delivered
SHP001203,ORD001203,30 Aug 2024,03 Sep 2024,bluedart,845.74,DELAYED
SHP001204,ORD001204,06/04/2024,2024-04-14,FedEx,360.41,Delayed
SHP001205,ORD001205,2024-12-21,27 Dec 2024,FedEx,418.14,LOST
SHP001206,ORD001206,2023/03/01,2023/03/11,BlueDart,889.26,Delayed
SHP001207,ORD001207,22 Mar 2022,25 Mar 2022,DTDC,541.34,Returned to Origin
SHP001208,ORD001208,0000-00-00,14/10/2024,Ekart,464.03,DELAYED
SHP001209,ORD001209,28/04/2023,04 May 2023,Delhivery,115.23,DELIVERED
SHP001210,ORD001210,25/01/2024,2024-01-27,ekart,420.01,LOST
SHP001211,ORD001211,05 Feb 2024,2024-02-11,DTDC,567.37,Returned to Origin
SHP001212,ORD001212,25 Dec 2024,0000-00-00,FedEx,789.88,delivered
SHP001213,ORD001213,11 Jun 2022,17-06-2022,IndiaPost,844.42,returned to origin
SHP001214,ORD001214,21/03/2022,2022-03-25,Delhivery,514.41,In Transit
SHP001215,ORD001215,2022-10-22,23/10/2022,indiapost,598.2,Delivered
SHP001216,ORD001216,08/22/2023,2023/08/24,DTDC,761.08,Delivered
SHP001217,ORD001217,2022/04/10,2022/04/12,FEDEX,201.11,RETURNED TO ORIGIN
SHP001218,ORD001218,2024/09/23,30-09-2024,Ekart,65.27,Returned to Origin
SHP001219,ORD001219,2024-09-06,2024-09-13,DELHIVERY,213.02,Lost
SHP001220,ORD001220,10/03/2024,2024-03-13,FedEx,261.48,Lost
SHP001221,ORD001221,16/11/2024,01/12/2024,XpressBees,220.75,In Transit
SHP001222,ORD001222,24 Jun 2022,07/04/2022,BlueDart,825.18,DELAYED
SHP001223,ORD001223,2023-12-19,12/20/2023,Ekart,796.66,Returned to Origin
SHP001224,ORD001224,01/30/2024,04-02-2024,DTDC,360.38,DELIVERED
SHP001225,ORD001225,28-10-2023,07-11-2023,DTDC,258.76,Returned to Origin
SHP001226,ORD001226,05/04/2022,14-05-2022,Ekart,72.5,Returned to Origin
SHP001227,ORD001227,2024/08/07,2024-08-15,XPRESSBEES,356.9,Returned to Origin
SHP001228,ORD001228,2022-06-24,28 Jun 2022,Ekart,717.11,In Transit
SHP001229,ORD001229,12/31/2023,01/10/2024,XpressBees,581.73,in transit
SHP001230,ORD001230,2024/05/31,2024/06/10,XpressBees,181.18,RETURNED TO ORIGIN
SHP001231,ORD001231,2022-12-20,26-12-2022,BlueDart,831.5,Delivered
SHP001232,ORD001232,19 Jan 2023,2023/01/24,ekart,75.14,In Transit
SHP001233,ORD001233,2023-06-24,07/01/2023,XPRESSBEES,739.79,In Transit
SHP001234,ORD001234,,02/24/2024,Ekart,642.32,Lost
SHP001235,ORD001235,2023-12-28,05/01/2024,BlueDart,701.4,DELIVERED
SHP001236,ORD001236,09-06-2022,2022/06/10,delhivery,233.23,lost
SHP001237,ORD001237,2022-05-11,26/05/2022,DTDC,101.35,Returned to Origin
SHP001238,ORD001238,04/14/2023,2023-04-20,BLUEDART,777.44,Returned to Origin
SHP001239,ORD001239,,23-10-2023,Ekart,485.67,Delayed
SHP001240,ORD001240,2023/06/24,2023/06/27,FedEx,306.68,Delayed
SHP001241,ORD001241,2023/03/12,19 Mar 2023,IndiaPost,237.6,Delayed
SHP001242,ORD001242,12/16/2022,2022-12-31,bluedart,33.82,Delivered
SHP001243,ORD001243,08/11/2024,2024/11/10,XpressBees,839.45,Lost
SHP001244,ORD001244,2022-04-24,01 May 2022,Ekart,841.69,IN TRANSIT
SHP001245,ORD001245,08/14/2023,08/15/2023,BlueDart,710.39,lost
SHP001246,ORD001246,28/01/2023,2023-02-03,ekart,565.72,Delayed
SHP001247,ORD001247,18-05-2022,05/25/2022,DTDC,52.69,in transit
SHP001248,ORD001248,21 Jun 2023,2023-06-26,BlueDart,48.63,In Transit
SHP001249,ORD001249,09/25/2022,09/30/2022,IndiaPost,331.46,Delivered
SHP001250,ORD001250,06/05/2022,05/08/2022,XpressBees,160.02,Lost
SHP001251,ORD001251,2024/09/10,2024-09-17,FEDEX,567.04,In Transit
SHP001252,ORD001252,10/12/2023,2023/10/20,XpressBees,893.65,Lost
SHP001253,ORD001253,11/07/2022,,IndiaPost,879.38,in transit
SHP001254,ORD001254,2024/05/08,05/14/2024,XpressBees,415.17,lost
SHP001255,ORD001255,11 Jan 2022,2022/01/18,XpressBees,615.2,DELIVERED
SHP001256,ORD001256,12 Feb 2023,02/15/2023,BlueDart,495.66,Returned to Origin
SHP001257,ORD001257,2022-11-30,2022-12-03,delhivery,195.41,Lost
SHP001258,ORD001258,2023-04-01,2023/04/09,IndiaPost,877.56,Delayed
SHP001259,ORD001259,28-08-2023,31 Aug 2023,dtdc,522.2,Lost
SHP001260,ORD001260,15/04/2024,2024/04/17,Ekart,506.41,delivered
SHP001261,ORD001261,26/09/2023,11 Oct 2023,XPRESSBEES,878.39,returned to origin
SHP001262,ORD001262,13/02/2022,2022/02/19,Delhivery,630.47,In Transit
SHP001263,ORD001263,2023/01/13,18-01-2023,IndiaPost,457.65,Returned to Origin
SHP001264,ORD001264,11/13/2023,11/18/2023,Delhivery,670.44,lost
SHP001265,ORD001265,2024-11-25,2024-11-26,Delhivery,825.16,DELIVERED
SHP001266,ORD001266,2024-11-18,2024-11-21,IndiaPost,820.83,lost
SHP001267,ORD001267,11/26/2023,27-11-2023,BlueDart,744.71,Delivered
SHP001268,ORD001268,06-02-2022,2022/02/08,FedEx,689.19,Delivered
SHP001269,ORD001269,30/06/2023,05 Jul 2023,Delhivery,561.28,In Transit
SHP001270,ORD001270,20-08-2023,2023/08/23,xpressbees,447.14,returned to origin
SHP001271,ORD001271,21 Oct 2024,2024/11/05,Ekart,163.0,RETURNED TO ORIGIN
SHP001272,ORD001272,05/30/2023,06/02/2023,EKART,813.04,Returned to Origin
SHP001273,ORD001273,12-02-2024,19 Feb 2024,dtdc,624.31,Delayed
SHP001274,ORD001274,0000-00-00,11/04/2022,Delhivery,307.7,In Transit
SHP001275,ORD001275,10/04/2023,04/17/2023,Delhivery,470.62,LOST
SHP001276,ORD001276,2024-04-18,2024-04-19,XpressBees,800.66,DELAYED
SHP001277,ORD001277,05/07/2024,05/10/2024,BlueDart,227.3,Delivered
SHP001278,ORD001278,17 Dec 2022,23 Dec 2022,Ekart,745.25,Returned to Origin
SHP001279,ORD001279,2024/09/25,10/10/2024,BlueDart,257.56,Returned to Origin
SHP001280,ORD001280,2022-07-28,02-08-2022,FedEx,522.78,In Transit
SHP001281,ORD001281,2022/08/13,16 Aug 2022,XPRESSBEES,683.95,In Transit
SHP001282,ORD001282,2024/02/13,02/16/2024,IndiaPost,578.93,Lost
SHP001283,ORD001283,11/23/2022,12/03/2022,BLUEDART,179.98,Returned to Origin
SHP001284,ORD001284,2023-03-07,08 Mar 2023,Ekart,651.03,DELIVERED
SHP001285,ORD001285,02/26/2024,2024/02/27,FedEx,362.03,Lost
SHP001286,ORD001286,10-10-2024,18 Oct 2024,Delhivery,638.99,DELIVERED
SHP001287,ORD001287,23-05-2023,2023/05/25,IndiaPost,,Delayed
SHP001288,ORD001288,2023/09/01,2023-09-04,DTDC,432.38,delivered
SHP001289,ORD001289,08 Aug 2022,11 Aug 2022,DTDC,150.33,LOST
SHP001290,ORD001290,11/04/2023,2023-04-14,FedEx,257.6,Delivered
SHP001291,ORD001291,14-08-2024,18/08/2024,INDIAPOST,641.43,Delayed
SHP001292,ORD001292,23 Jul 2022,2022-07-24,IndiaPost,585.59,Delayed
SHP001293,ORD001293,31 May 2022,06/03/2022,BlueDart,732.76,In Transit
SHP001294,ORD001294,12/06/2023,06/27/2023,INDIAPOST,93.61,Returned to Origin
SHP001295,ORD001295,2022-07-31,08/04/2022,IndiaPost,,Delayed
SHP001296,ORD001296,10/27/2023,10/29/2023,DTDC,674.23,In Transit
SHP001297,ORD001297,10 Jan 2024,14-01-2024,ekart,692.97,In Transit
SHP001298,ORD001298,2022-12-11,17 Dec 2022,Delhivery,88.55,In Transit
SHP001299,ORD001299,2024-07-05,07/08/2024,BlueDart,479.97,RETURNED TO ORIGIN
SHP001300,ORD001300,2024/01/13,20-01-2024,ekart,589.15,DELIVERED
SHP001301,ORD001301,11/06/2023,2023/11/14,XpressBees,755.57,Returned to Origin
SHP001302,ORD001302,2022/07/19,26/07/2022,FedEx,492.51,Lost
SHP001303,ORD001303,03-09-2022,13/09/2022,BlueDart,656.89,Returned to Origin
SHP001304,ORD001304,02/23/2023,25/02/2023,Delhivery,816.29,Delivered
SHP001305,ORD001305,31-12-2024,03/01/2025,DTDC,682.12,LOST
SHP001306,ORD001306,02/21/2022,03/03/2022,INDIAPOST,182.17,Delayed
SHP001307,ORD001307,2024/07/28,30 Jul 2024,BlueDart,770.56,Delivered
SHP001308,ORD001308,27-06-2022,,FedEx,219.08,Lost
SHP001309,ORD001309,12/13/2024,18 Dec 2024,DTDC,277.37,lost
SHP001310,ORD001310,2023-12-23,26-12-2023,fedex,406.97,Lost
SHP001311,ORD001311,2022/11/30,04/12/2022,bluedart,,Lost
SHP001312,ORD001312,06/03/2022,2022/06/18,FedEx,447.04,LOST
SHP001313,ORD001313,2023-08-29,09/13/2023,BlueDart,202.63,In Transit
SHP001314,ORD001314,2022/10/23,24 Oct 2022,FEDEX,388.16,Lost
SHP001315,ORD001315,2023-01-26,05/02/2023,FedEx,684.43,Delivered
SHP001316,ORD001316,08 Dec 2023,12/15/2023,EKART,642.64,In Transit
SHP001317,ORD001317,27-01-2023,03-02-2023,Delhivery,460.81,Delivered
SHP001318,ORD001318,08-06-2022,2022/06/10,FedEx,496.02,Delivered
SHP001319,ORD001319,20-08-2023,30-08-2023,IndiaPost,834.48,Returned to Origin
SHP001320,ORD001320,2023-10-24,2023-10-26,Delhivery,663.16,In Transit
SHP001321,ORD001321,2023-04-21,27 Apr 2023,BLUEDART,76.72,returned to origin
SHP001322,ORD001322,04/09/2024,12/04/2024,FedEx,839.24,Delivered
SHP001323,ORD001323,22 Jun 2022,2022/06/26,IndiaPost,162.6,In Transit
SHP001324,ORD001324,09-11-2024,13 Nov 2024,FedEx,241.77,Delivered
SHP001325,ORD001325,21/01/2022,25 Jan 2022,Delhivery,429.54,Delayed
SHP001326,ORD001326,29/07/2022,13 Aug 2022,BlueDart,764.74,Delayed
SHP001327,ORD001327,19 Sep 2023,20 Sep 2023,FedEx,190.94,In Transit
SHP001328,ORD001328,17/05/2022,21/05/2022,INDIAPOST,550.09,delayed
SHP001329,ORD001329,02/05/2024,06-02-2024,BlueDart,265.41,delayed
SHP001330,ORD001330,2024-03-29,30/03/2024,dtdc,530.36,Delayed
SHP001331,ORD001331,07 Jan 2023,2023/01/13,BlueDart,350.88,In Transit
SHP001332,ORD001332,02-08-2022,09-08-2022,Ekart,204.7,Delivered
SHP001333,ORD001333,19-03-2023,03/21/2023,IndiaPost,338.85,IN TRANSIT
SHP001334,ORD001334,11/19/2024,22-11-2024,XpressBees,749.77,Lost
SHP001335,ORD001335,08/16/2023,08/26/2023,Delhivery,312.44,RETURNED TO ORIGIN
SHP001336,ORD001336,2022-03-13,2022/03/21,INDIAPOST,437.5,Delivered
SHP001337,ORD001337,13 Jun 2023,,DELHIVERY,893.04,Lost
SHP001338,ORD001338,16 Mar 2024,2024-03-23,dtdc,758.7,Delayed
SHP001339,ORD001339,08/08/2022,2022/08/23,DTDC,819.48,Lost
SHP001340,ORD001340,19-06-2023,2023-07-04,XPRESSBEES,708.94,In Transit
SHP001341,ORD001341,06/22/2022,06/24/2022,FedEx,852.99,Delayed
SHP001342,ORD001342,17/02/2022,18 Feb 2022,XpressBees,638.82,Returned to Origin
SHP001343,ORD001343,07 Nov 2024,2024-11-09,indiapost,465.6,Lost
SHP001344,ORD001344,11/11/2022,11/21/2022,XpressBees,727.36,In Transit
SHP001345,ORD001345,2024/11/07,11/12/2024,BlueDart,896.7,RETURNED TO ORIGIN
SHP001346,ORD001346,2022-11-02,05/11/2022,FedEx,327.37,Delivered
SHP001347,ORD001347,12/24/2024,2024-12-27,FEDEX,501.75,RETURNED TO ORIGIN
SHP001348,ORD001348,2024-03-24,2024/03/31,FedEx,221.85,lost
SHP001349,ORD001349,03 May 2023,04-05-2023,DTDC,497.28,In Transit
SHP001350,ORD001350,2024-10-22,2024/10/25,BlueDart,128.74,Delivered
SHP001351,ORD001351,12-09-2023,15-09-2023,IndiaPost,182.75,Lost
SHP001352,ORD001352,19-04-2024,2024-04-29,FedEx,306.95,IN TRANSIT
SHP001353,ORD001353,07/25/2024,28-07-2024,xpressbees,140.93,Lost
SHP001354,ORD001354,2023-03-23,02/04/2023,Delhivery,113.35,Delivered
SHP001355,ORD001355,2022-05-07,05/17/2022,dtdc,59.17,In Transit
SHP001356,ORD001356,2024-06-22,06/24/2024,FedEx,774.55,Lost
SHP001357,ORD001357,2024/07/23,2024/07/31,DTDC,516.04,RETURNED TO ORIGIN
SHP001358,ORD001358,09-09-2024,10-09-2024,XpressBees,856.4,lost
SHP001359,ORD001359,29-09-2022,2022/10/02,XPRESSBEES,273.44,Delivered
SHP001360,ORD001360,2022/11/05,11/08/2022,FedEx,452.42,Lost
SHP001361,ORD001361,12/07/2022,07/16/2022,fedex,235.66,RETURNED TO ORIGIN
SHP001362,ORD001362,2022-08-18,2022-08-23,ekart,31.08,Returned to Origin
SHP001363,ORD001363,2022/07/18,07/22/2022,ekart,882.8,DELAYED
SHP001364,ORD001364,2022-07-06,13 Jul 2022,Delhivery,134.7,delayed
SHP001365,ORD001365,25-05-2023,27 May 2023,XpressBees,487.94,Delivered
SHP001366,ORD001366,2022-10-01,2022/10/04,XPRESSBEES,281.15,Lost
SHP001367,ORD001367,08/10/2024,11 Oct 2024,Ekart,111.45,Delayed
SHP001368,ORD001368,2022-04-16,22/04/2022,DTDC,287.57,In Transit
SHP001369,ORD001369,25 Nov 2022,2022-11-28,BlueDart,883.85,IN TRANSIT
SHP001370,ORD001370,14 Jul 2022,07/16/2022,Delhivery,360.01,In Transit
SHP001371,ORD001371,24/05/2023,27 May 2023,DELHIVERY,715.3,Lost
SHP001372,ORD001372,08/26/2023,2023-09-10,DTDC,182.74,In Transit
SHP001373,ORD001373,2022/05/04,07/05/2022,DTDC,421.49,Lost
SHP001374,ORD001374,09 Jul 2023,2023/07/12,Ekart,100.31,Returned to Origin
SHP001375,ORD001375,2023-03-16,18 Mar 2023,indiapost,462.84,Lost
SHP001376,ORD001376,03 May 2024,18/05/2024,DTDC,318.65,Delayed
SHP001377,ORD001377,09/03/2022,03/10/2022,XPRESSBEES,804.47,Returned to Origin
SHP001378,ORD001378,2023/07/25,2023/07/30,XPRESSBEES,84.37,Delivered
SHP001379,ORD001379,20/09/2024,05/10/2024,XpressBees,731.71,In Transit
SHP001380,ORD001380,01 Sep 2023,2023/09/06,IndiaPost,874.35,Returned to Origin
SHP001381,ORD001381,14 Mar 2022,21/03/2022,DTDC,218.27,Delivered
SHP001382,ORD001382,01/22/2024,2024-01-28,Delhivery,297.89,Returned to Origin
SHP001383,ORD001383,23-12-2024,26/12/2024,DTDC,67.82,DELIVERED
SHP001384,ORD001384,23 Sep 2023,2023-09-27,Delhivery,421.41,DELAYED
SHP001385,ORD001385,05/03/2023,2023-03-12,XPRESSBEES,518.5,Delayed
SHP001386,ORD001386,2022-08-03,2022-08-13,IndiaPost,129.75,Delivered
SHP001387,ORD001387,14-03-2024,2024-03-22,FedEx,436.89,Returned to Origin
SHP001388,ORD001388,04/01/2022,04/04/2022,IndiaPost,819.68,Delayed
SHP001389,ORD001389,2024-03-06,2024-03-12,BLUEDART,846.33,In Transit
SHP001390,ORD001390,11 Jul 2023,2023-07-19,BlueDart,264.84,returned to origin
SHP001391,ORD001391,17 Mar 2024,01-04-2024,xpressbees,669.75,Lost
SHP001392,ORD001392,2024-10-07,10/14/2024,Delhivery,66.69,Delivered
SHP001393,ORD001393,06/27/2023,05/07/2023,BlueDart,899.31,Delivered
SHP001394,ORD001394,07/09/2024,15-07-2024,INDIAPOST,624.81,returned to origin
SHP001395,ORD001395,31-05-2022,03-06-2022,XpressBees,543.87,Returned to Origin
SHP001396,ORD001396,20 Nov 2023,2023-12-05,BlueDart,567.07,Delivered
SHP001397,ORD001397,2022-02-26,27 Feb 2022,IndiaPost,778.11,RETURNED TO ORIGIN
SHP001398,ORD001398,2024/11/16,2024-12-01,Ekart,215.65,Delayed
SHP001399,ORD001399,07-03-2023,2023/03/09,IndiaPost,276.93,in transit
SHP001400,ORD001400,2022/09/20,30-09-2022,bluedart,366.44,Delayed
SHP001401,ORD001401,2024/12/21,27/12/2024,BlueDart,176.82,Delivered
SHP001402,ORD001402,03-02-2023,02/04/2023,Ekart,223.73,Delayed
SHP001403,ORD001403,02/28/2023,03/03/2023,Delhivery,827.26,Returned to Origin
SHP001404,ORD001404,2024-03-19,26 Mar 2024,IndiaPost,548.64,Delayed
SHP001405,ORD001405,2024-11-05,2024/11/20,Delhivery,634.8,Lost
SHP001406,ORD001406,2024-12-27,01/01/2025,BlueDart,104.4,IN TRANSIT
SHP001407,ORD001407,2023/05/27,06-06-2023,delhivery,830.91,DELAYED
SHP001408,ORD001408,11/10/2023,13/11/2023,IndiaPost,844.19,In Transit
SHP001409,ORD001409,2022-09-17,2022-09-27,Ekart,767.93,DELAYED
SHP001410,ORD001410,16 Apr 2024,21 Apr 2024,FedEx,183.0,Delivered
SHP001411,ORD001411,03/07/2024,2024-03-10,bluedart,214.41,DELIVERED
SHP001412,ORD001412,31-01-2024,03-02-2024,FedEx,723.41,Lost
SHP001413,ORD001413,04-02-2022,2022/02/07,FedEx,260.18,DELIVERED
SHP001414,ORD001414,19/06/2024,23 Jun 2024,BlueDart,734.62,In Transit
SHP001415,ORD001415,2024-12-09,2024-12-19,Ekart,412.13,Delivered
SHP001416,ORD001416,02 Aug 2024,17-08-2024,DTDC,99.18,delayed
SHP001417,ORD001417,30/09/2024,06/10/2024,Ekart,651.54,In Transit
SHP001418,ORD001418,15-11-2022,16/11/2022,EKART,72.17,DELAYED
SHP001419,ORD001419,03/09/2024,09-09-2024,IndiaPost,306.19,returned to origin
SHP001420,ORD001420,2022/08/12,08/17/2022,IndiaPost,602.57,DELAYED
SHP001421,ORD001421,2024-10-01,,Ekart,852.55,Delivered
SHP001422,ORD001422,10-12-2023,2023/12/11,IndiaPost,378.26,IN TRANSIT
SHP001423,ORD001423,2024/01/14,,BLUEDART,354.66,delayed
SHP001424,ORD001424,26 Jun 2023,2023-06-29,DTDC,124.2,Returned to Origin
SHP001425,ORD001425,2022/01/08,2022/01/11,FedEx,823.4,Delivered
SHP001426,ORD001426,2024-08-14,2024/08/29,dtdc,828.36,delivered
SHP001427,ORD001427,15-07-2024,21/07/2024,BLUEDART,76.47,Delayed
SHP001428,ORD001428,2023/12/20,2024/01/04,IndiaPost,636.29,DELIVERED
SHP001429,ORD001429,18-07-2023,07/21/2023,DTDC,580.48,IN TRANSIT
SHP001430,ORD001430,2023-01-10,01/25/2023,XpressBees,467.88,Returned to Origin
SHP001431,ORD001431,2023/02/03,,Delhivery,536.23,returned to origin
SHP001432,ORD001432,2023-04-24,,INDIAPOST,83.01,delayed
SHP001433,ORD001433,29/08/2024,05-09-2024,FEDEX,294.13,Returned to Origin
SHP001434,ORD001434,24-05-2023,2023-05-26,Delhivery,256.41,RETURNED TO ORIGIN
SHP001435,ORD001435,23 Aug 2024,08/30/2024,XpressBees,884.14,Lost
SHP001436,ORD001436,2022/05/17,06/01/2022,BlueDart,548.83,Lost
SHP001437,ORD001437,2024/12/19,25 Dec 2024,FEDEX,634.52,Returned to Origin
SHP001438,ORD001438,03/30/2024,04 Apr 2024,ekart,196.45,Delayed
SHP001439,ORD001439,12/07/2023,2023-12-17,Delhivery,326.18,Delivered
SHP001440,ORD001440,11/11/2022,14-11-2022,IndiaPost,353.35,Returned to Origin
SHP001441,ORD001441,19-01-2022,29/01/2022,FedEx,415.41,Delivered
SHP001442,ORD001442,23/04/2022,24 Apr 2022,FedEx,662.46,IN TRANSIT
SHP001443,ORD001443,01-08-2023,04 Aug 2023,BlueDart,229.57,Returned to Origin
SHP001444,ORD001444,2024/07/12,2024-07-15,DTDC,381.78,lost
SHP001445,ORD001445,15/04/2023,19 Apr 2023,BlueDart,167.33,In Transit
SHP001446,ORD001446,05/25/2023,30 May 2023,FedEx,356.16,Returned to Origin
SHP001447,ORD001447,22/02/2023,03/04/2023,DTDC,198.31,Returned to Origin
SHP001448,ORD001448,14/05/2024,2024/05/19,Ekart,111.12,lost
SHP001449,ORD001449,27-11-2024,04/12/2024,Delhivery,147.14,delivered
SHP001450,ORD001450,12/07/2024,10-12-2024,IndiaPost,496.51,returned to origin
SHP001451,ORD001451,2024-03-30,07 Apr 2024,DTDC,391.86,In Transit
SHP001452,ORD001452,05/19/2024,2024/05/20,DTDC,548.86,delivered
SHP001453,ORD001453,20/09/2024,26 Sep 2024,IndiaPost,513.65,Returned to Origin
SHP001454,ORD001454,16/12/2024,2024-12-23,DELHIVERY,357.66,Returned to Origin
SHP001455,ORD001455,28-11-2023,13/12/2023,Delhivery,486.3,lost
SHP001456,ORD001456,2024-01-29,02/01/2024,XpressBees,642.19,DELIVERED
SHP001457,ORD001457,21-08-2023,08/25/2023,FedEx,595.37,Returned to Origin
SHP001458,ORD001458,10/26/2023,2023/11/03,FedEx,404.33,Delivered
SHP001459,ORD001459,17 Nov 2022,20/11/2022,Delhivery,203.41,In Transit
SHP001460,ORD001460,2024-05-24,06/01/2024,XpressBees,181.88,DELIVERED
SHP001461,ORD001461,2023-11-27,02 Dec 2023,Ekart,286.11,LOST
SHP001462,ORD001462,2023-09-14,21/09/2023,xpressbees,511.29,In Transit
SHP001463,ORD001463,28 Mar 2023,0000-00-00,DTDC,884.81,Lost
SHP001464,ORD001464,16-10-2023,24 Oct 2023,FEDEX,673.4,delivered
SHP001465,ORD001465,09/04/2023,2023/09/11,Delhivery,855.04,Lost
SHP001466,ORD001466,23/09/2024,09/24/2024,xpressbees,52.57,In Transit
SHP001467,ORD001467,25-12-2023,2023-12-31,FedEx,355.6,Delivered
SHP001468,ORD001468,07-03-2022,11 Mar 2022,Delhivery,219.94,Lost
SHP001469,ORD001469,28 Mar 2023,04-04-2023,Delhivery,316.91,Returned to Origin
SHP001470,ORD001470,12/16/2022,24/12/2022,bluedart,717.84,RETURNED TO ORIGIN
SHP001471,ORD001471,2024/10/27,10/31/2024,EKART,500.38,DELAYED
SHP001472,ORD001472,04 Feb 2024,02/07/2024,DELHIVERY,299.64,Delayed
SHP001473,ORD001473,2024/12/13,21/12/2024,Ekart,320.52,Returned to Origin
SHP001474,ORD001474,,28 Aug 2023,BlueDart,218.23,Delayed
SHP001475,ORD001475,2022-03-24,2022-03-27,DTDC,642.91,delayed
SHP001476,ORD001476,27/10/2023,02-11-2023,DTDC,206.07,In Transit
SHP001477,ORD001477,2024-10-07,2024/10/09,DTDC,657.77,IN TRANSIT
SHP001478,ORD001478,13-09-2023,17-09-2023,FedEx,752.83,Lost
SHP001479,ORD001479,2024-04-07,13/04/2024,EKART,493.77,Delivered
SHP001480,ORD001480,28-08-2022,01 Sep 2022,XpressBees,570.1,Delivered
SHP001481,ORD001481,21/05/2023,05/28/2023,FedEx,867.78,returned to origin
SHP001482,ORD001482,07/16/2023,21 Jul 2023,BlueDart,726.71,Lost
SHP001483,ORD001483,12 Feb 2022,14 Feb 2022,xpressbees,184.0,In Transit
SHP001484,ORD001484,11/28/2022,12/01/2022,Ekart,287.59,Delivered
SHP001485,ORD001485,09/22/2022,09/25/2022,FedEx,496.66,DELIVERED
SHP001486,ORD001486,08/13/2022,23 Aug 2022,XpressBees,498.73,RETURNED TO ORIGIN
SHP001487,ORD001487,2023-08-06,08/11/2023,DTDC,163.64,Delivered
SHP001488,ORD001488,03 Mar 2023,13 Mar 2023,INDIAPOST,694.39,Lost
SHP001489,ORD001489,23/05/2024,2024-06-07,ekart,657.47,In Transit
SHP001490,ORD001490,11/29/2023,2023/12/07,BlueDart,485.33,Lost
SHP001491,ORD001491,07/03/2022,07/10/2022,DTDC,796.94,In Transit
SHP001492,ORD001492,2024/10/30,11/05/2024,Delhivery,522.21,Delivered
SHP001493,ORD001493,28-11-2022,2022-12-05,FedEx,432.59,Delayed
SHP001494,ORD001494,2024/12/30,02/01/2025,bluedart,144.22,Delivered
SHP001495,ORD001495,2022-09-20,09/23/2022,BlueDart,515.79,lost
SHP001496,ORD001496,16-11-2022,11/18/2022,BlueDart,457.43,Delayed
SHP001497,ORD001497,07 Nov 2024,14 Nov 2024,IndiaPost,366.12,In Transit
SHP001498,ORD001498,2022-12-05,0000-00-00,BlueDart,685.68,delayed
SHP001499,ORD001499,2023/07/31,2023/08/03,xpressbees,678.49,delivered
SHP001500,ORD001500,14/07/2024,21/07/2024,IndiaPost,55.59,Delayed
SHP001501,ORD001501,17/10/2022,2022-11-01,DTDC,433.58,IN TRANSIT
SHP001502,ORD001502,2023-09-22,,Delhivery,214.53,returned to origin
SHP001503,ORD001503,01/31/2024,2024/02/10,IndiaPost,632.41,Delivered
SHP001504,ORD001504,2024/01/08,,IndiaPost,771.05,Returned to Origin
SHP001505,ORD001505,17 Aug 2023,08/27/2023,Delhivery,784.01,LOST
SHP001506,ORD001506,09/09/2024,2024-09-17,dtdc,334.99,In Transit
SHP001507,ORD001507,21/03/2024,23 Mar 2024,DTDC,111.0,Delivered
SHP001508,ORD001508,21-03-2022,28-03-2022,BlueDart,761.11,IN TRANSIT
SHP001509,ORD001509,07-12-2023,17 Dec 2023,DTDC,562.26,Lost
SHP001510,ORD001510,28/12/2023,2024-01-03,FEDEX,862.02,Delivered
SHP001511,ORD001511,14/04/2022,24-04-2022,XpressBees,295.78,DELIVERED
SHP001512,ORD001512,05/19/2023,2023-05-20,DTDC,45.6,In Transit
SHP001513,ORD001513,20-06-2023,26 Jun 2023,DTDC,211.16,Lost
SHP001514,ORD001514,09/10/2024,2024-10-12,IndiaPost,502.21,Lost
SHP001515,ORD001515,2024-04-30,15-05-2024,XpressBees,535.41,Lost
SHP001516,ORD001516,05-07-2023,07/08/2023,Delhivery,668.43,Delivered
SHP001517,ORD001517,13-05-2023,05/28/2023,Delhivery,526.76,Returned to Origin
SHP001518,ORD001518,27/03/2024,11-04-2024,BLUEDART,607.17,Returned to Origin
SHP001519,ORD001519,09-09-2023,12 Sep 2023,BlueDart,115.41,Delayed
SHP001520,ORD001520,19-01-2022,2022/01/21,IndiaPost,883.49,IN TRANSIT
SHP001521,ORD001521,2024/07/03,2024/07/07,dtdc,277.36,Returned to Origin
SHP001522,ORD001522,2022-08-04,08/14/2022,XpressBees,231.73,DELAYED
SHP001523,ORD001523,09/09/2024,17-09-2024,ekart,576.5,lost
SHP001524,ORD001524,12-06-2022,20-06-2022,XpressBees,474.18,Lost
SHP001525,ORD001525,01/02/2023,10/01/2023,Delhivery,386.53,Delayed
SHP001526,ORD001526,10-10-2024,11-10-2024,IndiaPost,552.94,in transit
SHP001527,ORD001527,2023/02/17,22 Feb 2023,IndiaPost,378.04,RETURNED TO ORIGIN
SHP001528,ORD001528,05/04/2022,10-04-2022,DTDC,251.22,LOST
SHP001529,ORD001529,02 Sep 2024,09/03/2024,FedEx,887.82,Delivered
SHP001530,ORD001530,12/22/2022,27/12/2022,Delhivery,35.47,Lost
SHP001531,ORD001531,16/09/2024,21/09/2024,XPRESSBEES,407.35,In Transit
SHP001532,ORD001532,02 Sep 2023,09-09-2023,ekart,679.0,delivered
SHP001533,ORD001533,2024-09-22,2024/09/25,Ekart,800.52,In Transit
SHP001534,ORD001534,2024/04/01,04-04-2024,XpressBees,631.54,delivered
SHP001535,ORD001535,2023/04/11,19-04-2023,Delhivery,865.46,LOST
SHP001536,ORD001536,0000-00-00,2022-08-26,xpressbees,278.96,Lost
SHP001537,ORD001537,03/08/2024,08/11/2024,XpressBees,680.97,In Transit
SHP001538,ORD001538,21-03-2023,24-03-2023,BlueDart,800.72,Delivered
SHP001539,ORD001539,07/03/2023,10/07/2023,xpressbees,588.22,IN TRANSIT
SHP001540,ORD001540,05/02/2022,05 May 2022,BLUEDART,498.29,Returned to Origin
SHP001541,ORD001541,2024-03-29,2024/04/02,IndiaPost,453.42,delayed
SHP001542,ORD001542,2022/04/21,2022/04/23,Delhivery,887.18,Delayed
SHP001543,ORD001543,2023-01-03,2023-01-11,FedEx,340.71,Returned to Origin
SHP001544,ORD001544,2022/12/12,20 Dec 2022,BlueDart,601.77,Delayed
SHP001545,ORD001545,11/09/2024,2024-09-19,Delhivery,207.91,Delayed
SHP001546,ORD001546,2022-03-29,2022-04-03,XpressBees,461.13,Returned to Origin
SHP001547,ORD001547,08/12/2022,12/13/2022,xpressbees,842.11,In Transit
SHP001548,ORD001548,20 Nov 2023,23/11/2023,EKART,703.08,Delivered
SHP001549,ORD001549,02/27/2022,06 Mar 2022,BlueDart,334.92,lost
SHP001550,ORD001550,09/20/2024,27/09/2024,ekart,609.73,DELAYED
SHP001551,ORD001551,2023/03/07,2023/03/12,DTDC,300.3,RETURNED TO ORIGIN
SHP001552,ORD001552,2022-06-29,2022-07-06,DTDC,149.33,Returned to Origin
SHP001553,ORD001553,2025/01/01,2025/01/08,EKART,508.07,delayed
SHP001554,ORD001554,18/08/2024,08/24/2024,DTDC,656.79,delayed
SHP001555,ORD001555,23 Sep 2022,2022-09-26,EKART,749.95,Delayed
SHP001556,ORD001556,2022-12-22,29-12-2022,EKART,128.24,delivered
SHP001557,ORD001557,05-02-2024,13 Feb 2024,DTDC,408.77,DELIVERED
SHP001558,ORD001558,08/05/2024,11-05-2024,Delhivery,514.03,In Transit
SHP001559,ORD001559,07/04/2022,2022-04-10,DTDC,398.06,Delayed
SHP001560,ORD001560,30-09-2023,,XpressBees,326.04,Delivered
SHP001561,ORD001561,18-05-2022,2022-05-26,Delhivery,545.47,Delayed
SHP001562,ORD001562,12 Aug 2023,15 Aug 2023,BlueDart,61.07,Returned to Origin
SHP001563,ORD001563,24-01-2022,2022/02/03,DELHIVERY,79.37,In Transit
SHP001564,ORD001564,24-06-2023,07/04/2023,DTDC,755.0,Delayed
SHP001565,ORD001565,13 Mar 2023,16 Mar 2023,BlueDart,347.68,Returned to Origin
SHP001566,ORD001566,07/02/2022,02/09/2022,EKART,280.0,Delivered
SHP001567,ORD001567,22/12/2022,2022/12/28,DTDC,877.59,In Transit
SHP001568,ORD001568,11 Apr 2022,18 Apr 2022,DTDC,829.67,Delivered
SHP001569,ORD001569,2022/10/01,04 Oct 2022,dtdc,609.57,Returned to Origin
SHP001570,ORD001570,04-05-2023,10/05/2023,DTDC,735.91,lost
SHP001571,ORD001571,12-01-2023,2023-01-27,DTDC,311.99,Delayed
SHP001572,ORD001572,03-04-2024,04/18/2024,Delhivery,138.48,In Transit
SHP001573,ORD001573,2022-11-24,02 Dec 2022,DTDC,755.31,Returned to Origin
SHP001574,ORD001574,16 Jun 2024,,FedEx,436.6,Delivered
SHP001575,ORD001575,0000-00-00,26 Jan 2022,DTDC,151.14,Delivered
SHP001576,ORD001576,2022/08/01,08/06/2022,DTDC,109.03,Returned to Origin
SHP001577,ORD001577,15/03/2024,03/18/2024,XPRESSBEES,712.49,Lost
SHP001578,ORD001578,04/19/2024,26 Apr 2024,Ekart,791.92,Returned to Origin
SHP001579,ORD001579,23/12/2022,2022/12/24,BlueDart,341.23,delayed
SHP001580,ORD001580,10/06/2023,12-06-2023,BlueDart,,In Transit
SHP001581,ORD001581,03/19/2022,2022-03-29,XPRESSBEES,811.61,lost
SHP001582,ORD001582,14-08-2024,2024/08/17,DTDC,798.65,returned to origin
SHP001583,ORD001583,16-06-2022,19/06/2022,DTDC,777.24,In Transit
SHP001584,ORD001584,2023-02-18,20 Feb 2023,BlueDart,386.2,Returned to Origin
SHP001585,ORD001585,15/04/2022,18 Apr 2022,XpressBees,770.98,In Transit
SHP001586,ORD001586,17 Nov 2024,11/25/2024,EKART,802.34,Lost
SHP001587,ORD001587,2024/06/21,06/29/2024,Ekart,38.18,delayed
SHP001588,ORD001588,2022/08/22,06-09-2022,BlueDart,295.01,lost
SHP001589,ORD001589,2022/06/23,30 Jun 2022,DTDC,119.55,In Transit
SHP001590,ORD001590,28 Jan 2022,12-02-2022,FedEx,198.26,In Transit
SHP001591,ORD001591,2024-03-19,2024/03/20,XPRESSBEES,333.99,returned to origin
SHP001592,ORD001592,24-08-2022,27-08-2022,DTDC,805.83,RETURNED TO ORIGIN
SHP001593,ORD001593,2022/10/13,2022/10/16,Ekart,199.67,Returned to Origin
SHP001594,ORD001594,25-09-2024,2024-09-28,BlueDart,135.34,In Transit
SHP001595,ORD001595,2022-04-20,2022-04-30,FedEx,326.54,Returned to Origin
SHP001596,ORD001596,03/08/2023,15/03/2023,BLUEDART,717.47,Delayed
SHP001597,ORD001597,2024/12/19,22 Dec 2024,Delhivery,467.0,Delivered
SHP001598,ORD001598,2022-11-21,24/11/2022,FedEx,642.81,Lost
SHP001599,ORD001599,01-02-2022,04 Feb 2022,BlueDart,635.27,DELIVERED
SHP001600,ORD001600,07-07-2023,10-07-2023,Ekart,454.02,Returned to Origin
SHP001601,ORD001601,05/07/2024,11-05-2024,FedEx,841.86,Returned to Origin
SHP001602,ORD001602,2023-10-11,15/10/2023,DTDC,472.9,Returned to Origin
SHP001603,ORD001603,30-06-2023,02-07-2023,Delhivery,185.53,In Transit
SHP001604,ORD001604,0000-00-00,2023-06-21,XpressBees,439.14,delivered
SHP001605,ORD001605,13 Apr 2023,2023-04-21,fedex,248.86,In Transit
SHP001606,ORD001606,2024/09/07,10 Sep 2024,Delhivery,688.4,Delayed
SHP001607,ORD001607,2023/05/06,05/16/2023,FEDEX,698.83,IN TRANSIT
SHP001608,ORD001608,23 Apr 2023,30-04-2023,FedEx,243.3,Delivered
SHP001609,ORD001609,2022/05/21,2022-05-25,ekart,387.18,Delayed
SHP001610,ORD001610,2023-11-16,22/11/2023,FedEx,503.77,DELIVERED
SHP001611,ORD001611,30/12/2023,05 Jan 2024,fedex,705.51,delayed
SHP001612,ORD001612,27-01-2022,01/02/2022,Delhivery,565.73,Delayed
SHP001613,ORD001613,28 Feb 2024,05/03/2024,XpressBees,867.35,Returned to Origin
SHP001614,ORD001614,17-12-2022,2022-12-23,XpressBees,239.2,Lost
SHP001615,ORD001615,05/10/2024,15/05/2024,XpressBees,173.33,Returned to Origin
SHP001616,ORD001616,11-04-2023,2023/04/12,XpressBees,174.72,in transit
SHP001617,ORD001617,2023-01-11,2023/01/26,FEDEX,774.66,Delivered
SHP001618,ORD001618,08-05-2022,14/05/2022,BlueDart,610.83,Lost
SHP001619,ORD001619,08/01/2022,,IndiaPost,257.85,Delayed
SHP001620,ORD001620,09/04/2022,2022-04-13,FEDEX,576.45,LOST
SHP001621,ORD001621,0000-00-00,25 Mar 2024,Ekart,344.1,in transit
SHP001622,ORD001622,02-04-2023,04/17/2023,DTDC,66.42,DELIVERED
SHP001623,ORD001623,25-11-2022,01 Dec 2022,ekart,837.53,in transit
SHP001624,ORD001624,01/12/2024,2024-12-03,bluedart,31.51,Delayed
SHP001625,ORD001625,06 Jun 2023,2023-06-12,DTDC,582.04,In Transit
SHP001626,ORD001626,06/09/2024,09-09-2024,FEDEX,201.41,Returned to Origin
SHP001627,ORD001627,19/02/2022,2022/02/20,indiapost,72.0,In Transit
SHP001628,ORD001628,05/20/2022,26-05-2022,bluedart,681.63,Delayed
SHP001629,ORD001629,04/05/2022,2022-04-09,XpressBees,159.13,Lost
SHP001630,ORD001630,20-03-2023,2023-03-26,Delhivery,768.27,IN TRANSIT
SHP001631,ORD001631,30-03-2023,04/03/2023,EKART,32.85,Returned to Origin
SHP001632,ORD001632,2022-09-09,,DTDC,743.45,Lost
SHP001633,ORD001633,29/07/2023,2023-08-06,IndiaPost,503.2,In Transit
SHP001634,ORD001634,2024/08/10,08/15/2024,DTDC,726.83,RETURNED TO ORIGIN
SHP001635,ORD001635,16 Sep 2024,2024/09/18,BlueDart,452.95,Returned to Origin
SHP001636,ORD001636,01/19/2023,2023/01/25,BlueDart,207.07,DELIVERED
SHP001637,ORD001637,24 Aug 2023,08/26/2023,Delhivery,201.46,Delivered
SHP001638,ORD001638,17/10/2023,20/10/2023,IndiaPost,378.21,Delayed
SHP001639,ORD001639,20/11/2023,11/30/2023,Ekart,634.44,Returned to Origin
SHP001640,ORD001640,2024-06-28,13/07/2024,XPRESSBEES,129.92,Returned to Origin
SHP001641,ORD001641,12/10/2022,27 Oct 2022,FEDEX,494.02,In Transit
SHP001642,ORD001642,08 Sep 2023,2023-09-12,FedEx,731.75,Returned to Origin
SHP001643,ORD001643,18/12/2024,21-12-2024,IndiaPost,820.32,Delivered
SHP001644,ORD001644,2023-02-13,16/02/2023,BlueDart,402.23,Returned to Origin
SHP001645,ORD001645,15/11/2024,2024/11/19,DTDC,76.44,Returned to Origin
SHP001646,ORD001646,24-10-2023,27 Oct 2023,Delhivery,659.43,Delayed
SHP001647,ORD001647,21 Nov 2023,27 Nov 2023,FedEx,173.23,Delayed
SHP001648,ORD001648,02/11/2024,17/02/2024,indiapost,610.9,In Transit
SHP001649,ORD001649,11/07/2022,2022-11-08,DTDC,456.62,Lost
SHP001650,ORD001650,21 May 2023,24/05/2023,Ekart,865.87,Returned to Origin
SHP001651,ORD001651,21/11/2024,11/29/2024,INDIAPOST,373.9,Delivered
SHP001652,ORD001652,24 Jun 2023,2023-07-01,delhivery,628.86,Delayed
SHP001653,ORD001653,11-02-2023,12-02-2023,BLUEDART,716.84,IN TRANSIT
SHP001654,ORD001654,11 Jul 2023,21/07/2023,FedEx,853.04,Delivered
SHP001655,ORD001655,2022/02/08,12 Feb 2022,FedEx,509.75,Delayed
SHP001656,ORD001656,2023-10-19,25-10-2023,FEDEX,139.84,delivered
SHP001657,ORD001657,02 Jul 2022,2022/07/07,INDIAPOST,465.53,In Transit
SHP001658,ORD001658,02-03-2024,2024-03-10,dtdc,584.97,in transit
SHP001659,ORD001659,05/15/2022,25-05-2022,BlueDart,649.7,In Transit
SHP001660,ORD001660,05/06/2022,09 Jun 2022,Delhivery,209.52,delivered
SHP001661,ORD001661,09/09/2022,,Delhivery,540.4,Delivered
SHP001662,ORD001662,06 Mar 2022,2022-03-07,FedEx,80.67,DELIVERED
SHP001663,ORD001663,06 Dec 2024,08/12/2024,XPRESSBEES,321.54,Delayed
SHP001664,ORD001664,23/02/2022,27/02/2022,IndiaPost,321.01,Lost
SHP001665,ORD001665,10/05/2022,2022-10-13,IndiaPost,790.25,Delayed
SHP001666,ORD001666,2024-11-18,11/26/2024,XpressBees,126.43,DELAYED
SHP001667,ORD001667,11/11/2024,13 Nov 2024,XpressBees,512.85,RETURNED TO ORIGIN
SHP001668,ORD001668,04/11/2022,2022-11-10,Ekart,440.84,Lost
SHP001669,ORD001669,2022/08/16,19 Aug 2022,XPRESSBEES,575.25,In Transit
SHP001670,ORD001670,2022/02/01,09 Feb 2022,fedex,587.95,Delivered
SHP001671,ORD001671,27/09/2023,2023/09/30,DTDC,250.72,Delivered
SHP001672,ORD001672,28/07/2022,2022-08-05,xpressbees,65.46,In Transit
SHP001673,ORD001673,28 Jun 2022,01-07-2022,BlueDart,758.46,LOST
SHP001674,ORD001674,17/01/2022,2022-01-21,DTDC,855.89,Delivered
SHP001675,ORD001675,2022-09-11,13-09-2022,DTDC,774.94,lost
SHP001676,ORD001676,2023-10-27,,EKART,154.8,Returned to Origin
SHP001677,ORD001677,05/04/2024,2024-05-09,DTDC,626.87,LOST
SHP001678,ORD001678,26-03-2024,01 Apr 2024,IndiaPost,105.85,DELIVERED
SHP001679,ORD001679,2024-09-12,20 Sep 2024,XpressBees,373.6,LOST
SHP001680,ORD001680,2023/04/28,2023/05/03,DTDC,853.8,In Transit
SHP001681,ORD001681,04/27/2023,2023/05/01,BlueDart,107.81,Delayed
SHP001682,ORD001682,01/24/2022,08-02-2022,XpressBees,274.33,In Transit
SHP001683,ORD001683,19 Aug 2022,08/22/2022,DTDC,41.28,Delivered
SHP001684,ORD001684,2024/04/23,04/29/2024,DTDC,87.86,Lost
SHP001685,ORD001685,30 Dec 2024,2025/01/06,Delhivery,534.4,Delivered
SHP001686,ORD001686,2023-02-23,02/27/2023,Delhivery,236.21,DELAYED
SHP001687,ORD001687,2022-09-08,09-09-2022,Ekart,71.75,Lost
SHP001688,ORD001688,13-07-2024,16-07-2024,FedEx,725.56,Delivered
SHP001689,ORD001689,04/13/2024,2024-04-16,XpressBees,469.22,In Transit
SHP001690,ORD001690,2022-01-01,2022/01/09,xpressbees,393.88,Delayed
SHP001691,ORD001691,0000-00-00,18-04-2022,XPRESSBEES,377.57,Returned to Origin
SHP001692,ORD001692,17 Feb 2023,2023/02/18,DTDC,198.71,lost
SHP001693,ORD001693,0000-00-00,25/10/2024,INDIAPOST,724.07,Lost
SHP001694,ORD001694,2022/02/09,2022/02/17,FedEx,309.4,In Transit
SHP001695,ORD001695,16 Jun 2023,26-06-2023,Delhivery,470.71,Returned to Origin
SHP001696,ORD001696,2023/01/10,01/11/2023,BlueDart,98.59,returned to origin
SHP001697,ORD001697,04-02-2023,02/06/2023,XpressBees,,RETURNED TO ORIGIN
SHP001698,ORD001698,03 Sep 2024,13/09/2024,DTDC,,LOST
SHP001699,ORD001699,2024-01-18,2024/01/22,DTDC,741.48,Returned to Origin
SHP001700,ORD001700,2024/08/19,2024/08/21,IndiaPost,320.2,In Transit
SHP001701,ORD001701,13-04-2022,04/21/2022,xpressbees,567.51,Delayed
SHP001702,ORD001702,2023-05-08,2023/05/13,BlueDart,352.26,DELAYED
SHP001703,ORD001703,2023/02/15,,Delhivery,744.18,in transit
SHP001704,ORD001704,10/26/2023,2023/11/10,XpressBees,383.36,Lost
SHP001705,ORD001705,0000-00-00,2024/03/15,FEDEX,433.1,Delivered
SHP001706,ORD001706,02/02/2022,06/02/2022,FedEx,309.87,Lost
SHP001707,ORD001707,2023-12-30,09 Jan 2024,Ekart,65.89,delivered
SHP001708,ORD001708,2024/12/13,2024/12/18,EKART,844.16,IN TRANSIT
SHP001709,ORD001709,2023/08/21,26 Aug 2023,BlueDart,713.46,IN TRANSIT
SHP001710,ORD001710,,2024/05/27,DELHIVERY,,Lost
SHP001711,ORD001711,04/30/2022,05/06/2022,DTDC,599.41,returned to origin
SHP001712,ORD001712,2024/08/02,12 Aug 2024,XpressBees,94.2,In Transit
SHP001713,ORD001713,23 Apr 2022,0000-00-00,XPRESSBEES,580.58,returned to origin
SHP001714,ORD001714,17 Jun 2023,21-06-2023,FedEx,766.89,Lost
SHP001715,ORD001715,2024-12-04,2024-12-12,DTDC,435.54,DELIVERED
SHP001716,ORD001716,30-12-2023,01/02/2024,DTDC,513.2,Lost
SHP001717,ORD001717,02/28/2022,08-03-2022,Delhivery,264.41,In Transit
SHP001718,ORD001718,2024/05/07,12/05/2024,XpressBees,351.76,In Transit
SHP001719,ORD001719,07 Jun 2023,14-06-2023,Delhivery,55.01,Returned to Origin
SHP001720,ORD001720,06 Jul 2022,07/13/2022,BlueDart,374.53,Returned to Origin
SHP001721,ORD001721,10-02-2022,2022/02/13,delhivery,474.5,Returned to Origin
SHP001722,ORD001722,09 Mar 2022,2022/03/19,IndiaPost,758.57,Delivered
SHP001723,ORD001723,16 Apr 2024,24-04-2024,Ekart,192.64,In Transit
SHP001724,ORD001724,29-03-2024,04/04/2024,Delhivery,425.86,Delayed
SHP001725,ORD001725,06/08/2022,23/06/2022,Ekart,530.28,Lost
SHP001726,ORD001726,08/23/2024,31-08-2024,DELHIVERY,94.85,Returned to Origin
SHP001727,ORD001727,07/26/2023,31/07/2023,bluedart,648.48,Delayed
SHP001728,ORD001728,19/05/2024,05/22/2024,dtdc,677.8,In Transit
SHP001729,ORD001729,15-11-2023,20 Nov 2023,fedex,730.77,delivered
SHP001730,ORD001730,2023-02-13,19-02-2023,dtdc,541.47,DELAYED
SHP001731,ORD001731,2023-03-13,2023-03-17,FEDEX,620.95,DELAYED
SHP001732,ORD001732,16/03/2024,19/03/2024,XpressBees,507.51,Delivered
SHP001733,ORD001733,06-01-2024,2024/01/13,IndiaPost,387.63,In Transit
SHP001734,ORD001734,07-10-2024,2024/10/13,IndiaPost,617.46,Delayed
SHP001735,ORD001735,04-06-2023,07 Jun 2023,Delhivery,244.82,in transit
SHP001736,ORD001736,02/28/2022,2022/03/15,Delhivery,344.4,delivered
SHP001737,ORD001737,22 Apr 2022,29/04/2022,FedEx,753.17,Returned to Origin
SHP001738,ORD001738,2023/12/14,18 Dec 2023,dtdc,821.04,Delayed
SHP001739,ORD001739,2022/02/08,09/02/2022,bluedart,273.78,Returned to Origin
SHP001740,ORD001740,04-01-2024,14-01-2024,indiapost,63.79,in transit
SHP001741,ORD001741,2023-02-11,19-02-2023,IndiaPost,510.11,In Transit
SHP001742,ORD001742,15 Jun 2022,18-06-2022,DTDC,648.87,Returned to Origin
SHP001743,ORD001743,18/07/2022,24 Jul 2022,DTDC,504.11,Returned to Origin
SHP001744,ORD001744,02/21/2022,24 Feb 2022,DTDC,488.29,Delayed
SHP001745,ORD001745,03/31/2023,05 Apr 2023,BlueDart,267.04,In Transit
SHP001746,ORD001746,21 Dec 2024,2024-12-22,FedEx,887.98,Delayed
SHP001747,ORD001747,08/27/2022,2022-08-30,EKART,79.68,Returned to Origin
SHP001748,ORD001748,2022-06-04,19 Jun 2022,FEDEX,331.78,Returned to Origin
SHP001749,ORD001749,2022/08/13,2022/08/20,FedEx,214.71,Delivered
SHP001750,ORD001750,08/30/2023,09/09/2023,XpressBees,332.94,Returned to Origin
SHP001751,ORD001751,19-02-2023,20-02-2023,BlueDart,630.68,Delivered
SHP001752,ORD001752,23 Mar 2022,02 Apr 2022,xpressbees,249.94,DELAYED
SHP001753,ORD001753,2022/06/22,2022-06-25,dtdc,71.61,delayed
SHP001754,ORD001754,10/11/2024,13/10/2024,IndiaPost,412.84,LOST
SHP001755,ORD001755,2024-09-12,16 Sep 2024,XpressBees,310.88,Returned to Origin
SHP001756,ORD001756,05 May 2024,2024-05-09,FedEx,896.44,Delayed
SHP001757,ORD001757,2022-02-09,2022-02-16,Ekart,391.2,Lost
SHP001758,ORD001758,26-03-2023,10/04/2023,XPRESSBEES,545.57,DELIVERED
SHP001759,ORD001759,2022-03-24,27/03/2022,IndiaPost,802.01,Delivered
SHP001760,ORD001760,2023/07/30,14/08/2023,XpressBees,473.41,Delayed
SHP001761,ORD001761,03-02-2023,02/04/2023,BlueDart,803.85,Returned to Origin
SHP001762,ORD001762,27/11/2024,2024/12/02,XpressBees,740.44,Returned to Origin
SHP001763,ORD001763,17 Jun 2022,2022-06-20,FedEx,160.82,In Transit
SHP001764,ORD001764,2022-02-17,24/02/2022,BlueDart,721.35,Delayed
SHP001765,ORD001765,28/11/2023,13/12/2023,Delhivery,746.2,Returned to Origin
SHP001766,ORD001766,19/06/2024,22-06-2024,BlueDart,546.35,Delivered
SHP001767,ORD001767,05-12-2023,2023/12/12,delhivery,781.93,In Transit
SHP001768,ORD001768,2022-10-31,2022/11/06,BlueDart,48.99,Lost
SHP001769,ORD001769,2024-09-13,09/17/2024,Delhivery,614.36,Lost
SHP001770,ORD001770,18/06/2022,2022-06-24,DELHIVERY,227.43,Lost
SHP001771,ORD001771,2024/12/30,2025-01-07,Ekart,59.07,Delivered
SHP001772,ORD001772,18-04-2022,2022/04/21,IndiaPost,353.24,delivered
SHP001773,ORD001773,12/09/2024,2024-09-14,DTDC,865.62,In Transit
SHP001774,ORD001774,2022-07-12,2022-07-15,ekart,220.02,DELIVERED
SHP001775,ORD001775,01 Jan 2023,11 Jan 2023,FEDEX,355.31,Delivered
SHP001776,ORD001776,2022-01-05,20-01-2022,BlueDart,488.07,Lost
SHP001777,ORD001777,2022/03/11,2022-03-19,Ekart,554.05,Delayed
SHP001778,ORD001778,12 Aug 2022,27 Aug 2022,FedEx,550.26,Delivered
SHP001779,ORD001779,11 Jan 2024,01/15/2024,XpressBees,696.24,In Transit
SHP001780,ORD001780,2024/04/18,22/04/2024,BLUEDART,632.78,In Transit
SHP001781,ORD001781,06/02/2024,02/10/2024,DTDC,760.62,Delivered
SHP001782,ORD001782,2022-08-17,20 Aug 2022,Delhivery,824.39,delayed
SHP001783,ORD001783,2022-05-07,08/05/2022,Delhivery,844.42,Returned to Origin
SHP001784,ORD001784,2022/02/11,02/16/2022,IndiaPost,851.15,Returned to Origin
SHP001785,ORD001785,26/04/2024,2024-05-02,Delhivery,770.04,delayed
SHP001786,ORD001786,10 May 2022,2022-05-13,fedex,531.65,LOST
SHP001787,ORD001787,01-02-2024,03-02-2024,XpressBees,38.17,Lost
SHP001788,ORD001788,17/11/2024,2024/11/24,XpressBees,217.59,DELIVERED
SHP001789,ORD001789,30/07/2023,2023/08/07,Delhivery,299.52,Returned to Origin
SHP001790,ORD001790,14 Dec 2022,16 Dec 2022,DTDC,564.68,Returned to Origin
SHP001791,ORD001791,23/11/2022,01/12/2022,XpressBees,659.95,Delivered
SHP001792,ORD001792,11/11/2023,17 Nov 2023,XpressBees,430.14,In Transit
SHP001793,ORD001793,20/11/2023,24/11/2023,XpressBees,419.23,Delayed
SHP001794,ORD001794,23-11-2022,2022/11/30,EKART,574.1,in transit
SHP001795,ORD001795,07/21/2023,05 Aug 2023,FEDEX,621.09,lost
SHP001796,ORD001796,21-09-2023,25-09-2023,BlueDart,226.84,Returned to Origin
SHP001797,ORD001797,02/06/2022,13-02-2022,XpressBees,696.36,delayed
SHP001798,ORD001798,14/05/2023,05/21/2023,BlueDart,618.23,Delivered
SHP001799,ORD001799,12/24/2024,01/01/2025,Ekart,761.89,In Transit
SHP001800,ORD001800,02/05/2023,09/02/2023,Delhivery,527.88,delivered
SHP001801,ORD001801,03-04-2024,2024/04/10,DTDC,607.94,Delivered
SHP001802,ORD001802,16 Sep 2023,0000-00-00,XpressBees,,RETURNED TO ORIGIN
SHP001803,ORD001803,18/11/2024,24-11-2024,XPRESSBEES,666.8,Lost
SHP001804,ORD001804,03/05/2023,07 Mar 2023,Delhivery,726.48,returned to origin
SHP001805,ORD001805,13 Jul 2022,2022/07/16,delhivery,514.61,Returned to Origin
SHP001806,ORD001806,2024/05/28,2024-06-03,BLUEDART,782.8,In Transit
SHP001807,ORD001807,03/20/2022,03/23/2022,IndiaPost,294.27,IN TRANSIT
SHP001808,ORD001808,28 Nov 2023,01/12/2023,BlueDart,594.45,returned to origin
SHP001809,ORD001809,2022-08-15,18-08-2022,DTDC,702.64,In Transit
SHP001810,ORD001810,03/01/2024,2024/01/13,Ekart,305.56,IN TRANSIT
SHP001811,ORD001811,01/24/2024,2024-01-25,xpressbees,99.94,returned to origin
SHP001812,ORD001812,02/19/2022,24 Feb 2022,BlueDart,556.46,LOST
SHP001813,ORD001813,2022/09/13,16/09/2022,ekart,237.91,Returned to Origin
SHP001814,ORD001814,2022/03/11,03/13/2022,XpressBees,181.26,RETURNED TO ORIGIN
SHP001815,ORD001815,08/07/2022,08/10/2022,XpressBees,441.43,In Transit
SHP001816,ORD001816,08/07/2023,2023-08-22,ekart,94.46,DELAYED
SHP001817,ORD001817,2023-01-15,17/01/2023,DELHIVERY,512.1,Lost
SHP001818,ORD001818,13/11/2023,0000-00-00,Delhivery,281.65,Delayed
SHP001819,ORD001819,02/14/2024,02/15/2024,indiapost,573.55,In Transit
SHP001820,ORD001820,2022/04/08,14/04/2022,DTDC,134.97,In Transit
SHP001821,ORD001821,13 Sep 2024,16/09/2024,Ekart,642.82,Lost
SHP001822,ORD001822,18-05-2024,2024/05/26,bluedart,536.83,Lost
SHP001823,ORD001823,2024/09/19,2024-09-24,BlueDart,326.82,Delivered
SHP001824,ORD001824,12 Sep 2022,2022-09-27,DTDC,671.18,delivered
SHP001825,ORD001825,06 Jan 2024,10/01/2024,indiapost,310.58,DELAYED
SHP001826,ORD001826,20 May 2024,,BlueDart,898.2,IN TRANSIT
SHP001827,ORD001827,2022/01/21,31/01/2022,FedEx,49.96,LOST
SHP001828,ORD001828,2022-01-27,,BLUEDART,827.17,Lost
SHP001829,ORD001829,28-03-2022,2022-03-30,IndiaPost,439.76,delivered
SHP001830,ORD001830,2023-04-06,08 Apr 2023,Ekart,532.94,delivered
SHP001831,ORD001831,24 May 2022,05/26/2022,Ekart,834.96,Returned to Origin
SHP001832,ORD001832,21 Aug 2022,27-08-2022,XpressBees,715.74,Delayed
SHP001833,ORD001833,22 Apr 2023,29/04/2023,DTDC,712.21,DELAYED
SHP001834,ORD001834,09/22/2022,2022/10/02,FEDEX,579.68,Delayed
SHP001835,ORD001835,09/12/2024,24 Dec 2024,FedEx,401.01,Lost
SHP001836,ORD001836,2022/11/28,2022/11/29,XpressBees,511.57,Lost
SHP001837,ORD001837,12 Apr 2023,04/17/2023,FedEx,256.04,delayed
SHP001838,ORD001838,2024-02-20,2024-02-25,BlueDart,510.26,in transit
SHP001839,ORD001839,21 Sep 2024,26/09/2024,XpressBees,399.5,Returned to Origin
SHP001840,ORD001840,28 Mar 2023,,Ekart,656.74,Lost
SHP001841,ORD001841,09/30/2024,08-10-2024,DTDC,167.39,RETURNED TO ORIGIN
SHP001842,ORD001842,,02 Sep 2024,BlueDart,547.56,Lost
SHP001843,ORD001843,2022-05-25,26 May 2022,DTDC,394.19,Delayed
SHP001844,ORD001844,2023-11-23,03/12/2023,BlueDart,51.29,RETURNED TO ORIGIN
SHP001845,ORD001845,2023-12-11,12/14/2023,DTDC,189.75,returned to origin
SHP001846,ORD001846,26 Apr 2022,29/04/2022,IndiaPost,465.24,Delivered
SHP001847,ORD001847,12/17/2022,2022-12-18,Ekart,679.15,In Transit
SHP001848,ORD001848,16/04/2023,21/04/2023,DTDC,866.26,Returned to Origin
SHP001849,ORD001849,,2023/12/15,XpressBees,379.36,Lost
SHP001850,ORD001850,06/08/2022,06/11/2022,DTDC,629.91,returned to origin
SHP001851,ORD001851,22-03-2022,30-03-2022,Ekart,822.03,Returned to Origin
SHP001852,ORD001852,,06/18/2022,Ekart,717.79,Returned to Origin
SHP001853,ORD001853,2024-01-05,01/06/2024,INDIAPOST,575.78,lost
SHP001854,ORD001854,18-04-2022,05/03/2022,IndiaPost,37.27,Delivered
SHP001855,ORD001855,2023-02-19,2023/02/24,delhivery,584.28,Returned to Origin
SHP001856,ORD001856,2023-11-11,2023-11-14,DTDC,767.1,Delayed
SHP001857,ORD001857,2024-11-14,11/15/2024,BlueDart,623.06,In Transit
SHP001858,ORD001858,15-07-2022,2022-07-18,XpressBees,741.92,Delayed
SHP001859,ORD001859,08-08-2022,,DTDC,515.44,RETURNED TO ORIGIN
SHP001860,ORD001860,2024/05/14,19-05-2024,DTDC,89.05,returned to origin
SHP001861,ORD001861,,03-09-2023,FedEx,536.4,Returned to Origin
SHP001862,ORD001862,2023/03/29,05/04/2023,INDIAPOST,121.68,Lost
SHP001863,ORD001863,02-08-2022,03-08-2022,DELHIVERY,513.01,Lost
SHP001864,ORD001864,2022/07/13,07/20/2022,XpressBees,67.83,delivered
SHP001865,ORD001865,2023-02-17,22-02-2023,ekart,75.88,Returned to Origin
SHP001866,ORD001866,07 Nov 2024,11/22/2024,fedex,396.33,Lost
SHP001867,ORD001867,12/11/2022,17 Nov 2022,XpressBees,414.42,IN TRANSIT
SHP001868,ORD001868,11-03-2022,17 Mar 2022,FedEx,354.95,In Transit
SHP001869,ORD001869,23-05-2022,29/05/2022,xpressbees,243.68,In Transit
SHP001870,ORD001870,30-03-2023,04/06/2023,XpressBees,57.84,LOST
SHP001871,ORD001871,27-01-2024,30-01-2024,DTDC,30.98,delivered
SHP001872,ORD001872,2022/02/19,23 Feb 2022,Delhivery,325.17,Delivered
SHP001873,ORD001873,2023-11-24,11/30/2023,bluedart,681.12,DELIVERED
SHP001874,ORD001874,2024/01/09,12 Jan 2024,DTDC,321.46,LOST
SHP001875,ORD001875,29-11-2022,01 Dec 2022,BlueDart,195.25,Delivered
SHP001876,ORD001876,0000-00-00,2023/02/12,BlueDart,569.33,lost
SHP001877,ORD001877,07/11/2022,11/17/2022,DTDC,152.9,Lost
SHP001878,ORD001878,05 Jan 2022,15 Jan 2022,DELHIVERY,535.25,RETURNED TO ORIGIN
SHP001879,ORD001879,01/20/2023,23/01/2023,xpressbees,192.75,delivered
SHP001880,ORD001880,,2024/03/22,FedEx,390.44,returned to origin
SHP001881,ORD001881,11/24/2022,2022/11/28,DTDC,873.47,DELAYED
SHP001882,ORD001882,2024-07-30,2024/08/02,BlueDart,481.03,Lost
SHP001883,ORD001883,2022/09/11,18/09/2022,INDIAPOST,515.47,In Transit
SHP001884,ORD001884,2024-09-04,12 Sep 2024,BlueDart,711.89,Returned to Origin
SHP001885,ORD001885,09/20/2024,09/25/2024,fedex,277.05,Delayed
SHP001886,ORD001886,2024/05/09,2024-05-11,IndiaPost,436.91,Returned to Origin
SHP001887,ORD001887,2022/06/10,2022-06-13,FedEx,849.84,In Transit
SHP001888,ORD001888,,27-03-2023,XpressBees,787.3,Delayed
SHP001889,ORD001889,01 Nov 2022,16/11/2022,bluedart,264.45,In Transit
SHP001890,ORD001890,02 Nov 2022,12/11/2022,Ekart,33.64,Returned to Origin
SHP001891,ORD001891,16/09/2023,21 Sep 2023,XPRESSBEES,535.54,Returned to Origin
SHP001892,ORD001892,05-06-2022,15-06-2022,fedex,798.78,RETURNED TO ORIGIN
SHP001893,ORD001893,2024/10/18,02/11/2024,XpressBees,493.21,In Transit
SHP001894,ORD001894,07/19/2023,03 Aug 2023,Ekart,577.48,Delayed
SHP001895,ORD001895,10/01/2022,2022-01-13,IndiaPost,827.0,Delayed
SHP001896,ORD001896,08/18/2024,2024-08-22,XpressBees,62.16,in transit
SHP001897,ORD001897,2023-11-09,17 Nov 2023,FEDEX,700.07,Delivered
SHP001898,ORD001898,23 Sep 2023,08 Oct 2023,Ekart,151.23,DELAYED
SHP001899,ORD001899,18 Jan 2024,28-01-2024,FedEx,830.02,in transit
SHP001900,ORD001900,28-05-2023,29 May 2023,Ekart,571.06,In Transit
SHP001901,ORD001901,09 Nov 2022,16 Nov 2022,FEDEX,627.57,Delivered
SHP001902,ORD001902,16 Mar 2023,2023-03-22,BlueDart,486.99,In Transit
SHP001903,ORD001903,2024/03/03,18 Mar 2024,FEDEX,822.11,Delayed
SHP001904,ORD001904,12/01/2024,2024/12/09,FedEx,130.49,In Transit
SHP001905,ORD001905,05/10/2023,2023-10-07,Delhivery,683.05,Delivered
SHP001906,ORD001906,0000-00-00,2023/08/05,IndiaPost,360.11,RETURNED TO ORIGIN
SHP001907,ORD001907,04/09/2023,08 Sep 2023,Ekart,207.83,Returned to Origin
SHP001908,ORD001908,19/10/2023,22 Oct 2023,XpressBees,211.91,Delivered
SHP001909,ORD001909,19 Jun 2022,24/06/2022,INDIAPOST,454.98,DELIVERED
SHP001910,ORD001910,2022-10-16,10/31/2022,DELHIVERY,297.73,Delivered
SHP001911,ORD001911,06/19/2024,2024-07-04,IndiaPost,,DELIVERED
SHP001912,ORD001912,2024-12-05,2024/12/11,XpressBees,259.21,Delayed
SHP001913,ORD001913,03 Feb 2024,2024/02/10,Ekart,592.52,In Transit
SHP001914,ORD001914,03-04-2022,04/06/2022,DTDC,537.16,Delivered
SHP001915,ORD001915,11/29/2022,12/09/2022,Delhivery,455.83,delayed
SHP001916,ORD001916,10/21/2024,10/27/2024,dtdc,555.74,Delayed
SHP001917,ORD001917,07-11-2022,2022/11/12,BlueDart,253.0,Delivered
SHP001918,ORD001918,2023/04/27,02 May 2023,fedex,697.45,in transit
SHP001919,ORD001919,2022/10/08,2022-10-09,Ekart,136.33,Returned to Origin
SHP001920,ORD001920,19-04-2023,24/04/2023,delhivery,427.72,Delayed
SHP001921,ORD001921,05-11-2024,06/11/2024,Ekart,278.99,In Transit
SHP001922,ORD001922,21 Apr 2024,2024/05/06,XpressBees,300.76,In Transit
SHP001923,ORD001923,,02-09-2024,FEDEX,763.19,DELIVERED
SHP001924,ORD001924,20 Jun 2022,2022-06-25,DELHIVERY,439.61,Lost
SHP001925,ORD001925,06/14/2023,2023-06-21,dtdc,187.47,Lost
SHP001926,ORD001926,06/18/2022,24 Jun 2022,BlueDart,751.82,returned to origin
SHP001927,ORD001927,28/06/2024,07/01/2024,BlueDart,555.74,Returned to Origin
SHP001928,ORD001928,03/27/2024,2024/04/04,Ekart,674.61,In Transit
SHP001929,ORD001929,2023-04-13,23-04-2023,DTDC,524.28,delayed
SHP001930,ORD001930,25/04/2024,03/05/2024,INDIAPOST,519.9,delivered
SHP001931,ORD001931,10 Dec 2023,12/13/2023,Ekart,804.55,Lost
SHP001932,ORD001932,21 Feb 2022,28-02-2022,BlueDart,732.95,DELAYED
SHP001933,ORD001933,24-01-2024,2024-01-27,FedEx,654.79,Lost
SHP001934,ORD001934,16/04/2022,2022/05/01,IndiaPost,168.57,Delivered
SHP001935,ORD001935,09/21/2024,29 Sep 2024,BlueDart,196.34,Delivered
SHP001936,ORD001936,2022/12/09,2022-12-16,Ekart,339.51,returned to origin
SHP001937,ORD001937,10/03/2024,10/06/2024,IndiaPost,343.18,Delivered
SHP001938,ORD001938,2022/02/09,2022/02/24,DTDC,390.99,Lost
SHP001939,ORD001939,11-01-2022,0000-00-00,DELHIVERY,111.87,Returned to Origin
SHP001940,ORD001940,30/01/2022,14-02-2022,Ekart,585.9,Lost
SHP001941,ORD001941,10/29/2022,11/03/2022,bluedart,766.28,Delayed
SHP001942,ORD001942,2022/08/20,23 Aug 2022,EKART,210.15,Lost
SHP001943,ORD001943,2023/08/08,2023-08-14,dtdc,515.73,Delivered
SHP001944,ORD001944,28 May 2022,2022/06/04,Ekart,228.99,Delivered
SHP001945,ORD001945,23-02-2024,2024-02-26,DTDC,726.92,Delivered
SHP001946,ORD001946,2022-06-16,01/07/2022,delhivery,725.86,In Transit
SHP001947,ORD001947,2024/08/02,04/08/2024,XpressBees,480.32,Delivered
SHP001948,ORD001948,17 Oct 2023,01-11-2023,INDIAPOST,431.74,in transit
SHP001949,ORD001949,26 Oct 2023,2023-11-03,Ekart,741.51,In Transit
SHP001950,ORD001950,06/30/2023,07/07/2023,IndiaPost,437.73,In Transit
SHP001951,ORD001951,09/25/2023,05 Oct 2023,DTDC,642.67,In Transit
SHP001952,ORD001952,,24-07-2023,XpressBees,525.01,In Transit
SHP001953,ORD001953,10 Nov 2022,0000-00-00,bluedart,377.76,Delayed
SHP001954,ORD001954,24-11-2022,11/29/2022,DTDC,243.84,Lost
SHP001955,ORD001955,2024/02/28,2024-03-02,IndiaPost,56.84,Delayed
SHP001956,ORD001956,21/09/2023,2023/09/24,Delhivery,198.03,DELAYED
SHP001957,ORD001957,20/11/2024,2024/11/23,XpressBees,153.04,delayed
SHP001958,ORD001958,11-12-2022,2022/12/17,indiapost,124.13,Delivered
SHP001959,ORD001959,2023-10-24,2023-10-28,Ekart,100.21,Delivered
SHP001960,ORD001960,05-02-2022,0000-00-00,DELHIVERY,91.26,IN TRANSIT
SHP001961,ORD001961,13/03/2023,2023-03-16,IndiaPost,281.46,delayed
SHP001962,ORD001962,16/02/2022,02/19/2022,IndiaPost,245.63,Delivered
SHP001963,ORD001963,16/09/2022,20/09/2022,BlueDart,655.7,Returned to Origin
SHP001964,ORD001964,20 Dec 2023,12/30/2023,FedEx,252.38,delivered
SHP001965,ORD001965,01-06-2024,2024/06/16,XpressBees,468.48,Returned to Origin
SHP001966,ORD001966,02/05/2024,04/05/2024,Delhivery,535.12,RETURNED TO ORIGIN
SHP001967,ORD001967,18 Nov 2024,11/20/2024,Ekart,576.95,Returned to Origin
SHP001968,ORD001968,19/06/2022,23-06-2022,Ekart,781.81,Lost
SHP001969,ORD001969,16/01/2024,19/01/2024,Delhivery,852.98,Returned to Origin
SHP001970,ORD001970,04 Jun 2022,2022-06-05,BlueDart,718.69,Delayed
SHP001971,ORD001971,06/21/2023,2023/06/26,Delhivery,351.25,Delayed
SHP001972,ORD001972,02 Mar 2022,2022/03/07,Ekart,752.16,Delayed
SHP001973,ORD001973,04 Jul 2023,2023-07-05,INDIAPOST,729.2,Delayed
SHP001974,ORD001974,28 May 2024,07 Jun 2024,FedEx,634.36,delivered
SHP001975,ORD001975,2023-11-21,26/11/2023,FedEx,630.3,Lost
SHP001976,ORD001976,2024-10-09,12 Oct 2024,FedEx,620.64,In Transit
SHP001977,ORD001977,27/07/2024,02 Aug 2024,FEDEX,78.22,Delayed
SHP001978,ORD001978,2022/11/13,16-11-2022,FEDEX,503.71,Lost
SHP001979,ORD001979,07/03/2023,10/03/2023,BlueDart,870.94,In Transit
SHP001980,ORD001980,02 Oct 2024,07 Oct 2024,ekart,308.34,Returned to Origin
SHP001981,ORD001981,01 Dec 2022,04/12/2022,Delhivery,329.16,Delivered
SHP001982,ORD001982,2023-04-27,05/04/2023,Ekart,237.62,RETURNED TO ORIGIN
SHP001983,ORD001983,2022-07-11,19 Jul 2022,DTDC,112.59,Lost
SHP001984,ORD001984,2022-09-14,2022/09/17,Delhivery,608.8,Delayed
SHP001985,ORD001985,07/01/2024,2024-07-07,INDIAPOST,131.55,Delivered
SHP001986,ORD001986,2022/07/28,03 Aug 2022,EKART,332.68,returned to origin
SHP001987,ORD001987,2022-01-03,2022-01-06,DTDC,892.12,Lost
SHP001988,ORD001988,03 Apr 2024,04/06/2024,Delhivery,390.72,In Transit
SHP001989,ORD001989,08/12/2023,20/08/2023,BLUEDART,218.47,Delayed
SHP001990,ORD001990,03/22/2023,25/03/2023,Delhivery,47.22,Delivered
SHP001991,ORD001991,03 Jul 2024,,EKART,596.92,Delayed
SHP001992,ORD001992,02/06/2023,03-06-2023,XpressBees,673.47,DELIVERED
SHP001993,ORD001993,09 Mar 2023,10-03-2023,indiapost,116.53,Lost
SHP001994,ORD001994,2023/10/27,2023-11-11,XpressBees,469.17,In Transit
SHP001995,ORD001995,2024-06-01,04/06/2024,DELHIVERY,253.14,Lost
SHP001996,ORD001996,2023/05/11,21 May 2023,indiapost,310.99,Delivered
SHP001997,ORD001997,2023/05/22,23-05-2023,Delhivery,143.29,delayed
SHP001998,ORD001998,19-07-2022,07/27/2022,DTDC,671.35,DELIVERED
SHP001999,ORD001999,18 Jun 2022,2022-06-19,FEDEX,128.52,Lost
SHP002000,ORD002000,2023/10/24,26 Oct 2023,DTDC,226.48,Delayed
SHP002001,ORD002001,2023-05-12,05/15/2023,indiapost,745.63,returned to origin
SHP002002,ORD002002,2023-09-05,08-09-2023,Ekart,86.54,Delayed
SHP002003,ORD002003,02/12/2022,22-02-2022,DTDC,531.04,Delivered
SHP002004,ORD002004,2022-08-31,2022-09-02,ekart,711.35,Returned to Origin
SHP002005,ORD002005,08-03-2022,11 Mar 2022,BlueDart,38.6,Delayed
SHP002006,ORD002006,02 Aug 2022,05 Aug 2022,FEDEX,640.47,returned to origin
SHP002007,ORD002007,14 Mar 2024,03/16/2024,IndiaPost,611.34,Returned to Origin
SHP002008,ORD002008,2023-07-20,07/21/2023,IndiaPost,82.69,Delayed
SHP002009,ORD002009,27-03-2022,2022-03-30,Delhivery,565.4,Returned to Origin
SHP002010,ORD002010,08/19/2024,2024-08-22,IndiaPost,737.39,lost
SHP002011,ORD002011,10-09-2022,2022-09-12,XpressBees,710.85,In Transit
SHP002012,ORD002012,15 Aug 2023,08/17/2023,DELHIVERY,734.95,Lost
SHP002013,ORD002013,2022/09/23,01 Oct 2022,IndiaPost,130.05,In Transit
SHP002014,ORD002014,11/05/2024,2024/05/13,indiapost,774.1,Lost
SHP002015,ORD002015,2024-07-13,23 Jul 2024,Ekart,884.8,In Transit
SHP002016,ORD002016,2024/10/16,2024/10/23,BlueDart,413.08,In Transit
SHP002017,ORD002017,18-07-2023,2023/07/25,Delhivery,718.81,Returned to Origin
SHP002018,ORD002018,2022/04/08,11/04/2022,DELHIVERY,833.25,Delivered
SHP002019,ORD002019,10/03/2022,03/14/2022,DTDC,784.63,RETURNED TO ORIGIN
SHP002020,ORD002020,2023/01/06,2023-01-16,Delhivery,277.25,Returned to Origin
SHP002021,ORD002021,2024/10/19,2024/10/21,EKART,258.11,Returned to Origin
SHP002022,ORD002022,05/22/2024,2024/05/27,FedEx,711.1,IN TRANSIT
SHP002023,ORD002023,08/11/2022,08/26/2022,DTDC,704.57,delayed
SHP002024,ORD002024,2024-05-31,2024-06-01,XpressBees,666.72,Lost
SHP002025,ORD002025,16-12-2022,2022/12/18,IndiaPost,823.93,In Transit
SHP002026,ORD002026,30 Oct 2023,14/11/2023,Ekart,594.78,Returned to Origin
SHP002027,ORD002027,2024/05/09,15-05-2024,XPRESSBEES,592.4,DELAYED
SHP002028,ORD002028,2024/03/08,03/10/2024,DELHIVERY,354.26,Lost
SHP002029,ORD002029,01/04/2024,2024/01/14,IndiaPost,831.6,Returned to Origin
SHP002030,ORD002030,24 Nov 2024,2024/11/25,Ekart,584.86,Delayed
SHP002031,ORD002031,2024/07/20,07/23/2024,delhivery,453.75,IN TRANSIT
SHP002032,ORD002032,24 Jun 2023,2023/06/25,xpressbees,41.26,returned to origin
SHP002033,ORD002033,2024-06-02,2024/06/10,BlueDart,680.16,Lost
SHP002034,ORD002034,11 Feb 2022,17/02/2022,Delhivery,434.86,delivered
SHP002035,ORD002035,12-10-2022,2022-10-17,Delhivery,46.57,IN TRANSIT
SHP002036,ORD002036,18 Mar 2024,21 Mar 2024,Ekart,146.08,Delayed
SHP002037,ORD002037,18 Aug 2024,2024/08/22,Delhivery,363.34,Returned to Origin
SHP002038,ORD002038,05/05/2024,05/06/2024,BlueDart,120.3,Lost
SHP002039,ORD002039,29-07-2022,2022-08-01,bluedart,,Lost
SHP002040,ORD002040,20-03-2024,2024-03-23,INDIAPOST,190.99,In Transit
SHP002041,ORD002041,0000-00-00,,XPRESSBEES,729.59,DELAYED
SHP002042,ORD002042,19-02-2022,01 Mar 2022,XpressBees,378.98,In Transit
SHP002043,ORD002043,2023/10/04,2023/10/09,BlueDart,897.62,Delivered
SHP002044,ORD002044,22-07-2024,2024-08-01,IndiaPost,775.12,DELIVERED
SHP002045,ORD002045,31 Aug 2024,09/06/2024,DTDC,556.93,Delayed
SHP002046,ORD002046,2024/01/12,2024-01-18,FEDEX,503.7,In Transit
SHP002047,ORD002047,14/12/2023,2023/12/20,BlueDart,109.52,Delivered
SHP002048,ORD002048,2024-04-12,0000-00-00,Delhivery,626.28,Returned to Origin
SHP002049,ORD002049,01-09-2022,2022/09/02,IndiaPost,877.42,Delivered
SHP002050,ORD002050,17 Dec 2022,2022-12-22,Delhivery,476.09,Returned to Origin
SHP002051,ORD002051,2022-03-30,02-04-2022,Delhivery,620.69,Delayed
SHP002052,ORD002052,0000-00-00,2023-07-16,Ekart,540.19,Lost
SHP002053,ORD002053,19-08-2022,23/08/2022,FEDEX,861.56,Returned to Origin
SHP002054,ORD002054,12/13/2022,12/15/2022,Delhivery,514.3,In Transit
SHP002055,ORD002055,15-02-2023,18-02-2023,XpressBees,747.16,DELIVERED
SHP002056,ORD002056,08-02-2024,2024/02/11,Delhivery,456.36,IN TRANSIT
SHP002057,ORD002057,0000-00-00,14 Jul 2023,Delhivery,323.06,In Transit
SHP002058,ORD002058,11/06/2023,2023/11/09,BlueDart,760.21,Returned to Origin
SHP002059,ORD002059,10-10-2024,2024/10/11,Ekart,583.99,DELAYED
SHP002060,ORD002060,18-07-2022,2022/07/22,XpressBees,702.81,Delivered
SHP002061,ORD002061,06/04/2022,2022-04-09,Ekart,738.29,IN TRANSIT
SHP002062,ORD002062,08/03/2022,16 Mar 2022,FEDEX,210.76,Lost
SHP002063,ORD002063,15/07/2024,2024/07/30,Delhivery,98.96,LOST
SHP002064,ORD002064,2022-04-08,2022/04/12,DTDC,672.51,Lost
SHP002065,ORD002065,2022-02-18,23 Feb 2022,XpressBees,48.63,In Transit
SHP002066,ORD002066,2024/12/28,03 Jan 2025,INDIAPOST,411.58,Delayed
SHP002067,ORD002067,2022/03/05,2022/03/12,FedEx,466.56,Returned to Origin
SHP002068,ORD002068,2022-04-01,2022-04-11,delhivery,52.63,Delivered
SHP002069,ORD002069,2024/06/15,2024-06-18,DTDC,110.61,Delivered
SHP002070,ORD002070,05/27/2024,2024/05/31,EKART,283.45,LOST
SHP002071,ORD002071,24-03-2024,2024/03/31,Ekart,398.87,Returned to Origin
SHP002072,ORD002072,2023-07-03,2023/07/10,DTDC,,IN TRANSIT
SHP002073,ORD002073,2022-01-30,04-02-2022,Ekart,60.68,DELIVERED
SHP002074,ORD002074,2023/02/23,2023/02/24,FedEx,43.84,Delivered
SHP002075,ORD002075,2022/01/12,2022-01-15,IndiaPost,814.87,In Transit
SHP002076,ORD002076,2024/04/21,2024/04/26,Ekart,510.43,DELAYED
SHP002077,ORD002077,19/07/2022,22 Jul 2022,IndiaPost,764.78,Returned to Origin
SHP002078,ORD002078,10-01-2024,2024/01/12,DELHIVERY,290.02,DELAYED
SHP002079,ORD002079,13-11-2022,2022-11-15,BlueDart,,Returned to Origin
SHP002080,ORD002080,2022-05-03,05/11/2022,FedEx,148.13,RETURNED TO ORIGIN
SHP002081,ORD002081,2024-08-12,16 Aug 2024,XpressBees,297.22,DELAYED
SHP002082,ORD002082,06 Sep 2022,12-09-2022,DTDC,183.34,returned to origin
SHP002083,ORD002083,2022-03-20,22-03-2022,Delhivery,564.87,returned to origin
SHP002084,ORD002084,2022/01/09,01/16/2022,INDIAPOST,394.59,In Transit
SHP002085,ORD002085,2024-04-26,29-04-2024,Delhivery,168.06,RETURNED TO ORIGIN
SHP002086,ORD002086,08/04/2023,0000-00-00,Delhivery,505.76,Lost
SHP002087,ORD002087,10/04/2022,08/10/2022,DTDC,668.14,Delayed
SHP002088,ORD002088,2022-04-25,04/27/2022,EKART,106.7,IN TRANSIT
SHP002089,ORD002089,02/03/2023,05 Feb 2023,BlueDart,742.71,delivered
SHP002090,ORD002090,24 May 2022,2022/05/26,BlueDart,187.68,In Transit
SHP002091,ORD002091,11 Jul 2024,21-07-2024,FedEx,874.39,IN TRANSIT
SHP002092,ORD002092,2022/07/20,26-07-2022,DTDC,,Delivered
SHP002093,ORD002093,12/10/2022,15-10-2022,xpressbees,374.77,Delivered
SHP002094,ORD002094,08 Jun 2023,11 Jun 2023,XpressBees,603.93,Delivered
SHP002095,ORD002095,2024/05/14,2024-05-24,FEDEX,623.56,Returned to Origin
SHP002096,ORD002096,2022-07-20,26/07/2022,Delhivery,233.58,Returned to Origin
SHP002097,ORD002097,25-06-2022,2022-06-27,dtdc,752.8,Delayed
SHP002098,ORD002098,29 May 2023,2023-06-01,IndiaPost,592.17,Delayed
SHP002099,ORD002099,15-04-2022,21-04-2022,Ekart,872.98,In Transit
SHP002100,ORD002100,14 Jul 2022,15/07/2022,XpressBees,679.59,delivered
SHP002101,ORD002101,2023-12-21,2023/12/26,DTDC,759.41,Returned to Origin
SHP002102,ORD002102,2022/12/11,15 Dec 2022,XpressBees,796.04,Delayed
SHP002103,ORD002103,,2022-07-13,Delhivery,170.88,Returned to Origin
SHP002104,ORD002104,02/22/2022,25/02/2022,delhivery,684.02,Delivered
SHP002105,ORD002105,2023/08/22,2023-08-25,BlueDart,840.83,Delayed
SHP002106,ORD002106,2023/07/25,2023/07/28,FEDEX,404.49,Lost
SHP002107,ORD002107,08 Jul 2024,07/18/2024,Ekart,59.43,In Transit
SHP002108,ORD002108,2022-12-19,12/22/2022,DTDC,194.59,Lost
SHP002109,ORD002109,2022/07/22,2022-07-23,Delhivery,,Delivered
SHP002110,ORD002110,,0000-00-00,Delhivery,373.08,in transit
SHP002111,ORD002111,13-05-2022,17 May 2022,DELHIVERY,535.94,returned to origin
SHP002112,ORD002112,30-12-2024,01/09/2025,Delhivery,710.26,Delivered
SHP002113,ORD002113,2024-04-19,04/23/2024,Delhivery,418.88,Lost
SHP002114,ORD002114,02/11/2022,11/08/2022,DTDC,316.8,Returned to Origin
SHP002115,ORD002115,24-11-2024,27 Nov 2024,DTDC,878.18,Delayed
SHP002116,ORD002116,15 Jan 2022,16/01/2022,ekart,236.05,IN TRANSIT
SHP002117,ORD002117,2022/01/18,2022/01/21,fedex,362.28,LOST
SHP002118,ORD002118,04/25/2022,10/05/2022,BlueDart,576.44,LOST
SHP002119,ORD002119,22-12-2024,25 Dec 2024,indiapost,487.36,Returned to Origin
SHP002120,ORD002120,03 Nov 2023,06 Nov 2023,delhivery,787.74,Lost
SHP002121,ORD002121,04-09-2024,05-09-2024,BlueDart,382.84,Delivered
SHP002122,ORD002122,17/12/2022,19/12/2022,IndiaPost,427.27,DELAYED
SHP002123,ORD002123,23 Jan 2024,27 Jan 2024,Ekart,436.78,Returned to Origin
SHP002124,ORD002124,12 Oct 2024,27/10/2024,Ekart,281.62,LOST
SHP002125,ORD002125,30/04/2022,2022/05/04,Delhivery,707.24,LOST
SHP002126,ORD002126,20 Dec 2022,24 Dec 2022,Delhivery,436.7,Returned to Origin
SHP002127,ORD002127,2024-06-13,06/21/2024,xpressbees,271.77,Returned to Origin
SHP002128,ORD002128,25 Jul 2023,02 Aug 2023,XpressBees,318.57,In Transit
SHP002129,ORD002129,10/09/2024,10/14/2024,BLUEDART,,delayed
SHP002130,ORD002130,23/03/2024,27 Mar 2024,XpressBees,609.15,Returned to Origin
SHP002131,ORD002131,2022-12-19,25-12-2022,indiapost,425.22,in transit
SHP002132,ORD002132,2024-09-18,26 Sep 2024,BlueDart,722.34,Returned to Origin
SHP002133,ORD002133,2022/05/15,18 May 2022,DTDC,642.25,In Transit
SHP002134,ORD002134,,2022-10-17,FedEx,343.39,Returned to Origin
SHP002135,ORD002135,2022-11-23,30/11/2022,BLUEDART,399.15,lost
SHP002136,ORD002136,06 Jun 2024,08/06/2024,INDIAPOST,490.71,Returned to Origin
SHP002137,ORD002137,08/05/2024,08/08/2024,Ekart,456.02,In Transit
SHP002138,ORD002138,01/04/2023,2023-01-10,fedex,404.84,In Transit
SHP002139,ORD002139,08/08/2023,23-08-2023,FedEx,202.36,in transit
SHP002140,ORD002140,10/05/2023,11/05/2023,Ekart,577.74,DELIVERED
SHP002141,ORD002141,2023-10-10,2023-10-13,XpressBees,,In Transit
SHP002142,ORD002142,19-07-2022,20 Jul 2022,Delhivery,867.82,Delayed
SHP002143,ORD002143,2024/02/18,21-02-2024,Ekart,653.33,In Transit
SHP002144,ORD002144,10 Jun 2023,16 Jun 2023,XpressBees,78.9,in transit
SHP002145,ORD002145,2024/02/25,03/01/2024,DTDC,309.72,delayed
SHP002146,ORD002146,2024-01-25,04-02-2024,FedEx,681.72,Returned to Origin
SHP002147,ORD002147,2022-10-14,15-10-2022,FedEx,737.14,Returned to Origin
SHP002148,ORD002148,2022-02-21,25-02-2022,BlueDart,543.43,Delivered
SHP002149,ORD002149,12-10-2024,22 Oct 2024,BlueDart,631.59,RETURNED TO ORIGIN
SHP002150,ORD002150,10/22/2024,26 Oct 2024,FedEx,568.51,Lost
SHP002151,ORD002151,2024-02-28,03/04/2024,Ekart,719.29,Returned to Origin
SHP002152,ORD002152,12/04/2024,19 Apr 2024,XpressBees,189.16,In Transit
SHP002153,ORD002153,23-08-2022,2022/08/28,BLUEDART,556.38,returned to origin
SHP002154,ORD002154,2024/01/24,0000-00-00,Delhivery,146.86,In Transit
SHP002155,ORD002155,09 Dec 2024,12 Dec 2024,FedEx,490.59,In Transit
SHP002156,ORD002156,02 Jan 2023,12-01-2023,BLUEDART,727.97,In Transit
SHP002157,ORD002157,13-11-2023,16-11-2023,FedEx,239.85,RETURNED TO ORIGIN
SHP002158,ORD002158,05/01/2023,08/05/2023,XpressBees,215.66,In Transit
SHP002159,ORD002159,12-12-2023,12/15/2023,BlueDart,721.71,Lost
SHP002160,ORD002160,10-10-2024,25-10-2024,XpressBees,552.15,Delayed
SHP002161,ORD002161,20-06-2023,06/22/2023,DTDC,600.37,Returned to Origin
SHP002162,ORD002162,22 Mar 2022,01/04/2022,ekart,556.1,Lost
SHP002163,ORD002163,27/03/2022,06 Apr 2022,Ekart,94.79,IN TRANSIT
SHP002164,ORD002164,26/02/2023,08-03-2023,FedEx,603.96,Delayed
SHP002165,ORD002165,27/09/2023,2023/09/29,FedEx,127.95,Lost
SHP002166,ORD002166,21-04-2022,22-04-2022,IndiaPost,193.17,Lost
SHP002167,ORD002167,2022-06-08,,Ekart,103.98,DELAYED
SHP002168,ORD002168,25-12-2022,29 Dec 2022,Ekart,497.17,Lost
SHP002169,ORD002169,2024/02/15,2024-02-19,Ekart,359.08,returned to origin
SHP002170,ORD002170,2023/08/22,28 Aug 2023,fedex,623.94,Returned to Origin
SHP002171,ORD002171,14-04-2023,04/16/2023,DTDC,41.36,lost
SHP002172,ORD002172,19/08/2022,20/08/2022,xpressbees,107.93,In Transit
SHP002173,ORD002173,12 Sep 2022,,Ekart,507.83,Delivered
SHP002174,ORD002174,10/03/2024,18 Oct 2024,xpressbees,417.36,Returned to Origin
SHP002175,ORD002175,2023/11/20,2023-11-26,FedEx,198.94,Returned to Origin
SHP002176,ORD002176,11 Jul 2022,18-07-2022,BlueDart,419.71,Delayed
SHP002177,ORD002177,05/29/2022,01 Jun 2022,delhivery,495.48,Delivered
SHP002178,ORD002178,10-10-2024,2024/10/11,bluedart,,Lost
SHP002179,ORD002179,18 May 2022,23/05/2022,delhivery,118.47,Delivered
SHP002180,ORD002180,17/08/2024,20/08/2024,DTDC,230.29,Delayed
SHP002181,ORD002181,29 May 2022,06/02/2022,Ekart,390.18,Delivered
SHP002182,ORD002182,,2023-10-16,INDIAPOST,852.0,Returned to Origin
SHP002183,ORD002183,2022-05-17,2022/05/24,DTDC,895.84,Lost
SHP002184,ORD002184,2022-10-27,10/29/2022,IndiaPost,117.29,Returned to Origin
SHP002185,ORD002185,2022-08-24,29-08-2022,IndiaPost,570.5,In Transit
SHP002186,ORD002186,06-12-2024,12-12-2024,XpressBees,112.11,In Transit
SHP002187,ORD002187,27-08-2023,2023/09/01,IndiaPost,631.54,DELIVERED
SHP002188,ORD002188,26 Oct 2022,2022-10-30,DTDC,223.15,Returned to Origin
SHP002189,ORD002189,2024-08-22,2024-08-23,IndiaPost,220.84,returned to origin
SHP002190,ORD002190,,2023/06/19,XpressBees,773.05,In Transit
SHP002191,ORD002191,2024-06-08,09 Jun 2024,XpressBees,158.09,Delayed
SHP002192,ORD002192,2023-01-06,07 Jan 2023,INDIAPOST,644.75,Returned to Origin
SHP002193,ORD002193,11/29/2024,2024-12-05,XpressBees,384.98,In Transit
SHP002194,ORD002194,2022-10-13,2022-10-18,IndiaPost,173.16,LOST
SHP002195,ORD002195,11-08-2022,16/08/2022,Delhivery,554.52,delivered
SHP002196,ORD002196,2022/04/01,2022/04/04,XpressBees,102.57,Delivered
SHP002197,ORD002197,12-09-2023,19-09-2023,DTDC,197.64,DELIVERED
SHP002198,ORD002198,2023-06-21,25/06/2023,Ekart,722.9,Lost
SHP002199,ORD002199,2024-01-29,06/02/2024,XpressBees,712.45,Returned to Origin
SHP002200,ORD002200,2024/05/08,11-05-2024,FedEx,873.07,LOST
SHP002201,ORD002201,05 Feb 2024,2024/02/20,DTDC,456.92,Delivered
SHP002202,ORD002202,2023-12-11,2023/12/14,FedEx,534.27,In Transit
SHP002203,ORD002203,28 Aug 2024,2024/09/01,IndiaPost,593.74,In Transit
SHP002204,ORD002204,11 Jun 2024,06/21/2024,Delhivery,45.94,DELIVERED
SHP002205,ORD002205,16-12-2024,17 Dec 2024,Ekart,708.02,Lost
SHP002206,ORD002206,30 Nov 2024,12/07/2024,Delhivery,394.23,Lost
SHP002207,ORD002207,05 Feb 2024,02/06/2024,Ekart,387.58,DELIVERED
SHP002208,ORD002208,02-03-2023,2023-03-08,DTDC,859.06,Delayed
SHP002209,ORD002209,2024-09-11,15/09/2024,DTDC,73.1,Delivered
SHP002210,ORD002210,05/26/2023,2023/05/27,fedex,616.92,delivered
SHP002211,ORD002211,07-01-2023,2023-01-17,FedEx,761.06,Delivered
SHP002212,ORD002212,2023-10-21,2023-10-26,Delhivery,34.43,IN TRANSIT
SHP002213,ORD002213,2022-07-10,2022/07/18,bluedart,625.79,Lost
SHP002214,ORD002214,2023/01/08,2023/01/23,IndiaPost,815.35,lost
SHP002215,ORD002215,,03/10/2023,IndiaPost,449.57,returned to origin
SHP002216,ORD002216,08 Aug 2023,2023/08/23,IndiaPost,615.22,returned to origin
SHP002217,ORD002217,15/01/2023,23-01-2023,XPRESSBEES,854.7,LOST
SHP002218,ORD002218,15/11/2022,11/17/2022,FedEx,481.57,In Transit
SHP002219,ORD002219,2022/08/12,08/15/2022,FedEx,687.32,Delivered
SHP002220,ORD002220,06/08/2024,06/18/2024,DTDC,508.73,in transit
SHP002221,ORD002221,14 Jul 2024,15/07/2024,Delhivery,239.75,In Transit
SHP002222,ORD002222,2023-08-03,08/11/2023,DELHIVERY,595.42,In Transit
SHP002223,ORD002223,2024/01/20,25 Jan 2024,IndiaPost,672.92,RETURNED TO ORIGIN
SHP002224,ORD002224,12/11/2024,2024-12-15,Delhivery,150.15,IN TRANSIT
SHP002225,ORD002225,19-08-2023,08/21/2023,Ekart,552.92,LOST
SHP002226,ORD002226,02-12-2023,2023/12/08,XpressBees,791.02,In Transit
SHP002227,ORD002227,2022-06-01,06/06/2022,FedEx,624.85,In Transit
SHP002228,ORD002228,2022-03-30,04/07/2022,DTDC,273.79,in transit
SHP002229,ORD002229,07/07/2022,12 Jul 2022,BlueDart,631.72,Delayed
SHP002230,ORD002230,04/24/2023,01 May 2023,ekart,572.03,Lost
SHP002231,ORD002231,21/01/2023,01/26/2023,ekart,861.88,delivered
SHP002232,ORD002232,2022/07/16,2022-07-22,IndiaPost,531.16,Delivered
SHP002233,ORD002233,28-02-2024,2024-03-02,DTDC,561.83,in transit
SHP002234,ORD002234,08/27/2023,2023/08/30,FedEx,687.0,delayed
SHP002235,ORD002235,2023-12-22,01/01/2024,FedEx,694.44,returned to origin
SHP002236,ORD002236,09/11/2024,09/13/2024,XpressBees,812.03,In Transit
SHP002237,ORD002237,2024/02/17,2024-02-22,IndiaPost,147.62,DELAYED
SHP002238,ORD002238,11 Nov 2022,2022/11/14,IndiaPost,121.71,Delayed
SHP002239,ORD002239,2023/12/19,23 Dec 2023,FedEx,626.79,lost
SHP002240,ORD002240,09-08-2022,2022/08/24,FedEx,255.11,Delivered
SHP002241,ORD002241,04/26/2024,2024/05/06,Delhivery,528.24,Returned to Origin
SHP002242,ORD002242,2024/09/21,09/26/2024,DELHIVERY,888.53,In Transit
SHP002243,ORD002243,12-02-2024,15/02/2024,Delhivery,657.14,In Transit
SHP002244,ORD002244,10/27/2024,2024/10/28,FedEx,480.2,DELIVERED
SHP002245,ORD002245,2024/09/06,09/09/2024,FedEx,274.03,Delivered
SHP002246,ORD002246,15/08/2024,17/08/2024,DTDC,626.83,Lost
SHP002247,ORD002247,2023-12-23,29/12/2023,BlueDart,739.37,Delayed
SHP002248,ORD002248,05/11/2022,11/07/2022,Ekart,229.64,Lost
SHP002249,ORD002249,11/07/2024,,IndiaPost,777.17,Returned to Origin
SHP002250,ORD002250,08/13/2023,2023-08-28,BlueDart,787.86,Returned to Origin
SHP002251,ORD002251,2023/12/04,2023/12/06,FEDEX,264.9,Delivered
SHP002252,ORD002252,07/14/2022,15/07/2022,XpressBees,329.83,Delivered
SHP002253,ORD002253,10/13/2022,23/10/2022,BlueDart,389.41,delayed
SHP002254,ORD002254,08/28/2023,,fedex,776.94,DELAYED
SHP002255,ORD002255,20/09/2024,23/09/2024,Delhivery,,RETURNED TO ORIGIN
SHP002256,ORD002256,31-05-2024,07-06-2024,Ekart,678.6,DELIVERED
SHP002257,ORD002257,2023-07-10,2023-07-13,xpressbees,334.81,Returned to Origin
SHP002258,ORD002258,04-02-2022,09 Feb 2022,FedEx,634.3,In Transit
SHP002259,ORD002259,07/01/2022,2022/07/04,INDIAPOST,74.5,Delayed
SHP002260,ORD002260,21/04/2022,,FEDEX,125.68,In Transit
SHP002261,ORD002261,2022/12/25,02/01/2023,XpressBees,277.84,DELAYED
SHP002262,ORD002262,2023/05/02,04-05-2023,delhivery,555.24,in transit
SHP002263,ORD002263,2022/06/04,2022-06-10,Delhivery,329.73,Delivered
SHP002264,ORD002264,06/06/2022,11 Jun 2022,DTDC,331.32,Lost
SHP002265,ORD002265,2023-04-05,2023-04-10,delhivery,672.55,Returned to Origin
SHP002266,ORD002266,06 Jul 2022,16-07-2022,Delhivery,285.37,Delayed
SHP002267,ORD002267,21-12-2022,2022-12-26,IndiaPost,233.48,Delivered
SHP002268,ORD002268,06-06-2023,11/06/2023,dtdc,800.22,Returned to Origin
SHP002269,ORD002269,25/06/2022,2022-06-28,Delhivery,155.96,Returned to Origin
SHP002270,ORD002270,2022-09-03,09/10/2022,BlueDart,780.15,DELIVERED
SHP002271,ORD002271,2022-04-01,05-04-2022,Delhivery,778.27,Returned to Origin
SHP002272,ORD002272,02 Mar 2024,09/03/2024,BlueDart,94.86,Delivered
SHP002273,ORD002273,2023-01-21,24/01/2023,EKART,174.51,Delayed
SHP002274,ORD002274,21-11-2024,11/28/2024,XpressBees,505.77,Delivered
SHP002275,ORD002275,16/04/2023,19/04/2023,FedEx,224.25,Delivered
SHP002276,ORD002276,28-09-2022,01/10/2022,XpressBees,824.9,Returned to Origin
SHP002277,ORD002277,2023-02-04,02/07/2023,INDIAPOST,550.01,In Transit
SHP002278,ORD002278,2022-05-09,2022/05/11,XpressBees,72.92,delivered
SHP002279,ORD002279,20 Nov 2022,22 Nov 2022,Delhivery,226.62,Returned to Origin
SHP002280,ORD002280,2024/03/04,0000-00-00,BLUEDART,161.95,lost
SHP002281,ORD002281,31/05/2023,2023-06-15,BLUEDART,878.16,LOST
SHP002282,ORD002282,03/06/2024,12/03/2024,DTDC,431.26,Lost
SHP002283,ORD002283,2022/02/10,13-02-2022,BlueDart,611.8,In Transit
SHP002284,ORD002284,2022/05/29,2022/06/13,EKART,708.2,Returned to Origin
SHP002285,ORD002285,21 Sep 2023,2023-09-25,DTDC,237.23,Returned to Origin
SHP002286,ORD002286,17 Oct 2023,10/27/2023,DTDC,,Returned to Origin
SHP002287,ORD002287,06/27/2022,07/05/2022,FedEx,565.52,Lost
SHP002288,ORD002288,2022/11/11,12/11/2022,XpressBees,748.82,Lost
SHP002289,ORD002289,2023/05/01,04-05-2023,FedEx,433.38,DELAYED
SHP002290,ORD002290,2023/10/11,2023/10/16,BlueDart,,in transit
SHP002291,ORD002291,2022/02/01,08/02/2022,Ekart,303.66,DELIVERED
SHP002292,ORD002292,2022/06/25,2022/06/28,IndiaPost,281.55,In Transit
SHP002293,ORD002293,12/12/2022,2022/12/13,FEDEX,609.99,Delayed
SHP002294,ORD002294,2023/11/27,2023-12-04,FEDEX,235.33,Delivered
SHP002295,ORD002295,01/28/2022,02/04/2022,IndiaPost,142.75,lost
SHP002296,ORD002296,15 Jun 2022,2022-06-17,IndiaPost,124.35,In Transit
SHP002297,ORD002297,2022/05/13,05/15/2022,DTDC,129.47,IN TRANSIT
SHP002298,ORD002298,20 Jul 2023,30 Jul 2023,FedEx,703.74,Lost
SHP002299,ORD002299,01/31/2022,2022-02-01,Delhivery,659.24,in transit
SHP002300,ORD002300,2022-05-27,02 Jun 2022,XpressBees,259.46,DELIVERED
SHP002301,ORD002301,10/30/2022,2022/11/06,Ekart,569.98,DELAYED
SHP002302,ORD002302,,03 Sep 2022,indiapost,406.94,Lost
SHP002303,ORD002303,07/23/2024,2024-07-27,FEDEX,334.36,RETURNED TO ORIGIN
SHP002304,ORD002304,2023/09/06,11 Sep 2023,XPRESSBEES,772.91,In Transit
SHP002305,ORD002305,0000-00-00,06 Dec 2022,XpressBees,804.69,lost
SHP002306,ORD002306,14 Jan 2024,2024-01-21,BlueDart,692.83,in transit
SHP002307,ORD002307,08/18/2023,24 Aug 2023,BlueDart,148.22,in transit
SHP002308,ORD002308,2022-09-30,2022/10/10,fedex,483.8,returned to origin
SHP002309,ORD002309,01-02-2022,11/02/2022,DTDC,483.55,delayed
SHP002310,ORD002310,2023/09/14,22/09/2023,XpressBees,51.45,Delayed
SHP002311,ORD002311,,25-04-2023,FedEx,846.94,delayed
SHP002312,ORD002312,23 May 2024,26-05-2024,Ekart,48.61,delivered
SHP002313,ORD002313,04 Oct 2024,10/09/2024,BLUEDART,778.92,Returned to Origin
SHP002314,ORD002314,25 Oct 2023,2023/10/28,FedEx,46.53,In Transit
SHP002315,ORD002315,07/15/2022,2022/07/17,DTDC,385.95,DELIVERED
SHP002316,ORD002316,30-05-2024,2024/06/02,INDIAPOST,790.24,returned to origin
SHP002317,ORD002317,2022-10-02,17-10-2022,Ekart,97.25,Lost
SHP002318,ORD002318,2024/08/18,2024-08-25,IndiaPost,144.52,returned to origin
SHP002319,ORD002319,12-07-2022,22-07-2022,XpressBees,805.65,DELIVERED
SHP002320,ORD002320,21-06-2023,29 Jun 2023,Delhivery,480.73,In Transit
SHP002321,ORD002321,21-11-2024,2024/11/29,FedEx,871.61,Lost
SHP002322,ORD002322,29-06-2024,06/30/2024,FedEx,898.58,Delivered
SHP002323,ORD002323,27/11/2024,2024-12-07,Delhivery,271.98,RETURNED TO ORIGIN
SHP002324,ORD002324,2022-03-06,14/03/2022,DTDC,221.49,DELIVERED
SHP002325,ORD002325,2023/11/22,2023/11/23,IndiaPost,632.05,In Transit
SHP002326,ORD002326,24/11/2024,30 Nov 2024,FedEx,815.53,Delayed
SHP002327,ORD002327,2022/05/03,2022-05-18,Delhivery,,RETURNED TO ORIGIN
SHP002328,ORD002328,24 Dec 2022,25/12/2022,Ekart,74.5,Delivered
SHP002329,ORD002329,2024-07-31,08/02/2024,EKART,365.23,in transit
SHP002330,ORD002330,2023-09-03,2023-09-05,IndiaPost,512.78,In Transit
SHP002331,ORD002331,29/09/2023,01 Oct 2023,FedEx,842.42,IN TRANSIT
SHP002332,ORD002332,04/12/2023,18/04/2023,DTDC,,Lost
SHP002333,ORD002333,,2022-10-07,bluedart,412.62,In Transit
SHP002334,ORD002334,09/04/2023,05-09-2023,delhivery,578.3,delayed
SHP002335,ORD002335,15 Oct 2023,2023/10/23,FedEx,516.95,Returned to Origin
SHP002336,ORD002336,2023/11/29,12/14/2023,XpressBees,346.51,DELAYED
SHP002337,ORD002337,06 Mar 2023,03/14/2023,IndiaPost,761.08,delayed
SHP002338,ORD002338,2024-09-14,09/19/2024,Ekart,730.59,Delivered
SHP002339,ORD002339,16/12/2022,31 Dec 2022,delhivery,542.76,in transit
SHP002340,ORD002340,06/18/2022,25/06/2022,IndiaPost,208.09,DELIVERED
SHP002341,ORD002341,13 Jul 2023,14-07-2023,Ekart,609.48,Delayed
SHP002342,ORD002342,2022/06/16,2022-06-19,Delhivery,439.59,Returned to Origin
SHP002343,ORD002343,11 Jun 2022,06/14/2022,IndiaPost,229.6,Delayed
SHP002344,ORD002344,03/13/2024,2024-03-23,XpressBees,332.69,delivered
SHP002345,ORD002345,2022-04-15,23-04-2022,Delhivery,85.65,lost
SHP002346,ORD002346,22 Sep 2022,29-09-2022,XpressBees,645.83,lost
SHP002347,ORD002347,08/01/2022,03-08-2022,IndiaPost,303.12,Returned to Origin
SHP002348,ORD002348,2022-08-26,27-08-2022,IndiaPost,622.35,Lost
SHP002349,ORD002349,22-03-2022,25-03-2022,XpressBees,470.57,In Transit
SHP002350,ORD002350,2022/09/01,2022-09-05,FedEx,708.26,In Transit
SHP002351,ORD002351,03/05/2024,05/04/2024,FedEx,617.42,Delivered
SHP002352,ORD002352,18-06-2022,25/06/2022,DTDC,846.66,DELAYED
SHP002353,ORD002353,18/09/2022,2022-09-28,delhivery,,Delivered
SHP002354,ORD002354,01 Aug 2024,2024-08-11,Delhivery,644.08,Returned to Origin
SHP002355,ORD002355,02/05/2024,2024/05/12,DTDC,233.7,Returned to Origin
SHP002356,ORD002356,04/11/2023,2023/11/14,DELHIVERY,140.28,In Transit
SHP002357,ORD002357,15 Aug 2023,2023-08-20,BlueDart,38.17,Returned to Origin
SHP002358,ORD002358,23-10-2022,26/10/2022,XpressBees,57.96,Delayed
SHP002359,ORD002359,05/31/2022,03/06/2022,XpressBees,111.06,RETURNED TO ORIGIN
SHP002360,ORD002360,12/14/2024,29 Dec 2024,ekart,432.64,Lost
SHP002361,ORD002361,2024/11/13,28-11-2024,DTDC,894.51,In Transit
SHP002362,ORD002362,03-05-2022,06 May 2022,Ekart,381.6,In Transit
SHP002363,ORD002363,17/06/2022,25-06-2022,DTDC,178.57,DELIVERED
SHP002364,ORD002364,11 Jan 2022,12 Jan 2022,Delhivery,290.58,DELIVERED
SHP002365,ORD002365,16-01-2022,2022/01/22,BLUEDART,678.81,Returned to Origin
SHP002366,ORD002366,04/07/2022,2022/07/12,DELHIVERY,115.6,Delivered
SHP002367,ORD002367,25/07/2024,04-08-2024,DTDC,850.64,LOST
SHP002368,ORD002368,,2023/09/07,XpressBees,678.23,In Transit
SHP002369,ORD002369,09/17/2024,2024-09-21,IndiaPost,835.29,Delayed
SHP002370,ORD002370,13-08-2024,16/08/2024,DTDC,295.51,LOST
SHP002371,ORD002371,26/11/2024,11-12-2024,FedEx,399.38,Lost
SHP002372,ORD002372,08-05-2022,11/05/2022,DTDC,865.77,Delivered
SHP002373,ORD002373,09/07/2024,13 Jul 2024,xpressbees,62.73,In Transit
SHP002374,ORD002374,02/09/2024,10 Feb 2024,BLUEDART,674.28,Delivered
SHP002375,ORD002375,01-11-2024,03 Nov 2024,FEDEX,116.48,Delivered
SHP002376,ORD002376,2023-06-07,10/06/2023,XpressBees,764.53,in transit
SHP002377,ORD002377,15-12-2022,22/12/2022,IndiaPost,582.68,Delivered
SHP002378,ORD002378,13-10-2024,10/15/2024,Ekart,399.91,Lost
SHP002379,ORD002379,05/13/2023,21 May 2023,XPRESSBEES,615.29,In Transit
SHP002380,ORD002380,25-05-2024,28/05/2024,BLUEDART,581.88,Lost
SHP002381,ORD002381,02/19/2024,2024-02-22,FedEx,798.03,lost
SHP002382,ORD002382,19/10/2024,2024/10/21,Ekart,106.55,Lost
SHP002383,ORD002383,2022-09-14,2022-09-16,delhivery,127.93,Returned to Origin
SHP002384,ORD002384,2024/01/20,2024-01-26,BLUEDART,431.3,Returned to Origin
SHP002385,ORD002385,19 Feb 2024,2024-02-22,DTDC,816.98,lost
SHP002386,ORD002386,2022-12-17,2022-12-22,ekart,583.96,Delivered
SHP002387,ORD002387,,2022-06-01,FedEx,470.15,Delivered
SHP002388,ORD002388,0000-00-00,09/30/2022,Delhivery,89.66,In Transit
SHP002389,ORD002389,04-05-2022,19/05/2022,XPRESSBEES,246.53,DELIVERED
SHP002390,ORD002390,2023-08-09,15-08-2023,BlueDart,586.74,In Transit
SHP002391,ORD002391,2022-04-02,17/04/2022,DTDC,615.11,Delivered
SHP002392,ORD002392,26 Dec 2022,27/12/2022,DTDC,645.64,delayed
SHP002393,ORD002393,08 Aug 2024,09/08/2024,BlueDart,803.46,Delivered
SHP002394,ORD002394,2023-05-23,2023-05-31,Ekart,403.97,Lost
SHP002395,ORD002395,30 Jul 2022,2022/07/31,FEDEX,306.2,Returned to Origin
SHP002396,ORD002396,01/03/2022,06-01-2022,dtdc,691.42,Delayed
SHP002397,ORD002397,06/23/2024,26 Jun 2024,BLUEDART,197.59,Delayed
SHP002398,ORD002398,21 Mar 2022,2022-03-29,DTDC,62.76,Returned to Origin
SHP002399,ORD002399,15-12-2023,20 Dec 2023,BlueDart,258.35,Returned to Origin
SHP002400,ORD002400,11 May 2022,05/21/2022,Ekart,649.46,delayed
SHP002401,ORD002401,05 Jul 2024,07 Jul 2024,Ekart,630.46,Delayed
SHP002402,ORD002402,2024/06/30,03 Jul 2024,BlueDart,402.46,Delayed
SHP002403,ORD002403,04 Feb 2024,07/02/2024,IndiaPost,248.29,Delayed
SHP002404,ORD002404,17 Aug 2024,18-08-2024,Delhivery,666.81,In Transit
SHP002405,ORD002405,2022/05/06,2022/05/10,XpressBees,88.51,Returned to Origin
SHP002406,ORD002406,08/31/2023,07/09/2023,FedEx,792.04,in transit
SHP002407,ORD002407,21 Nov 2024,01 Dec 2024,IndiaPost,196.66,Lost
SHP002408,ORD002408,2024/06/30,07/08/2024,FedEx,779.76,lost
SHP002409,ORD002409,06/24/2022,2022/07/04,DTDC,718.57,Delivered
SHP002410,ORD002410,2022/06/27,05/07/2022,delhivery,833.16,Delivered
SHP002411,ORD002411,17/10/2022,20 Oct 2022,DTDC,536.95,Delivered
SHP002412,ORD002412,11 Nov 2023,2023-11-12,ekart,624.77,Delayed
SHP002413,ORD002413,06/03/2022,05 Jun 2022,FedEx,665.96,In Transit
SHP002414,ORD002414,2022/07/27,2022-07-30,Delhivery,437.51,In Transit
SHP002415,ORD002415,2024-12-19,29/12/2024,IndiaPost,825.58,LOST
SHP002416,ORD002416,2022/05/17,23/05/2022,fedex,636.93,In Transit
SHP002417,ORD002417,2023/03/16,31/03/2023,XpressBees,148.11,Delivered
SHP002418,ORD002418,31/12/2022,01/06/2023,Ekart,169.82,IN TRANSIT
SHP002419,ORD002419,06 Oct 2023,11 Oct 2023,XpressBees,896.48,Returned to Origin
SHP002420,ORD002420,05/02/2024,17 May 2024,XpressBees,471.93,Returned to Origin
SHP002421,ORD002421,2024-06-28,01 Jul 2024,ekart,111.63,delivered
SHP002422,ORD002422,01/20/2022,01/23/2022,FedEx,593.14,In Transit
SHP002423,ORD002423,07-03-2023,2023/03/12,DTDC,61.36,DELAYED
SHP002424,ORD002424,15/08/2024,2024/08/20,Delhivery,75.14,DELIVERED
SHP002425,ORD002425,2024-09-24,,XpressBees,723.43,Delayed
SHP002426,ORD002426,,02 Sep 2022,FedEx,712.97,In Transit
SHP002427,ORD002427,14-04-2024,04/29/2024,BlueDart,275.2,In Transit
SHP002428,ORD002428,2022/04/13,17 Apr 2022,Ekart,750.83,Delivered
SHP002429,ORD002429,08-08-2022,18-08-2022,EKART,824.39,Returned to Origin
SHP002430,ORD002430,2024/08/07,08/11/2024,Delhivery,518.52,IN TRANSIT
SHP002431,ORD002431,2024-05-28,2024/06/03,DTDC,403.11,LOST
SHP002432,ORD002432,,10/04/2024,Ekart,607.4,Delayed
SHP002433,ORD002433,2024/05/31,06/03/2024,XpressBees,322.17,In Transit
SHP002434,ORD002434,2023-05-31,02-06-2023,BlueDart,515.63,Lost
SHP002435,ORD002435,06/24/2023,28-06-2023,IndiaPost,205.77,Returned to Origin
SHP002436,ORD002436,11-01-2024,2024/01/14,IndiaPost,617.13,Lost
SHP002437,ORD002437,12/01/2024,12/09/2024,FEDEX,732.96,Delivered
SHP002438,ORD002438,2022/12/02,05/12/2022,FEDEX,759.85,in transit
SHP002439,ORD002439,05/05/2022,05/10/2022,Delhivery,,DELIVERED
SHP002440,ORD002440,,11 Jan 2023,ekart,406.97,in transit
SHP002441,ORD002441,01/21/2024,22 Jan 2024,FEDEX,659.36,lost
SHP002442,ORD002442,24/08/2022,27 Aug 2022,IndiaPost,293.8,Delivered
SHP002443,ORD002443,09 Apr 2022,10 Apr 2022,IndiaPost,721.0,returned to origin
SHP002444,ORD002444,2023/11/21,11/24/2023,dtdc,248.28,Delivered
SHP002445,ORD002445,2023/05/01,2023/05/11,IndiaPost,749.36,Lost
SHP002446,ORD002446,05 Jan 2022,2022-01-06,XpressBees,740.59,Returned to Origin
SHP002447,ORD002447,19 Dec 2024,24-12-2024,INDIAPOST,775.12,Delivered
SHP002448,ORD002448,2022/09/06,09/16/2022,XpressBees,306.34,Lost
SHP002449,ORD002449,2022-06-15,06/19/2022,XPRESSBEES,88.08,Delivered
SHP002450,ORD002450,,06/29/2022,XPRESSBEES,147.19,DELIVERED
SHP002451,ORD002451,21-03-2023,03/24/2023,indiapost,462.84,Delayed
SHP002452,ORD002452,01/16/2023,31/01/2023,Ekart,241.67,Lost
SHP002453,ORD002453,02/24/2022,25 Feb 2022,BlueDart,624.26,Delivered
SHP002454,ORD002454,26 May 2023,2023/06/02,BlueDart,559.56,Returned to Origin
SHP002455,ORD002455,2024-09-22,30-09-2024,FedEx,853.42,LOST
SHP002456,ORD002456,19-04-2023,04/27/2023,FedEx,718.54,Lost
SHP002457,ORD002457,10/02/2022,13 Feb 2022,IndiaPost,614.7,Lost
SHP002458,ORD002458,07/16/2022,24/07/2022,IndiaPost,644.95,Delivered
SHP002459,ORD002459,12 Mar 2023,19/03/2023,indiapost,461.65,In Transit
SHP002460,ORD002460,2022/10/08,11 Oct 2022,indiapost,513.85,Delayed
SHP002461,ORD002461,2022/10/02,2022/10/08,XpressBees,365.24,Returned to Origin
SHP002462,ORD002462,2022/10/25,2022-11-02,BLUEDART,97.87,Delivered
SHP002463,ORD002463,12/10/2023,20/10/2023,FedEx,70.85,Delivered
SHP002464,ORD002464,09-06-2023,,Delhivery,334.08,Lost
SHP002465,ORD002465,,2023-12-20,DTDC,229.2,Lost
SHP002466,ORD002466,,27 Sep 2022,FEDEX,561.45,Delayed
SHP002467,ORD002467,0000-00-00,27-03-2024,INDIAPOST,,delivered
SHP002468,ORD002468,11/11/2022,14/11/2022,IndiaPost,372.75,Delayed
SHP002469,ORD002469,11/17/2024,2024-12-02,FEDEX,127.15,Delivered
SHP002470,ORD002470,31/03/2023,2023/04/10,XpressBees,143.14,Delivered
SHP002471,ORD002471,2024-12-18,25-12-2024,BlueDart,248.43,In Transit
SHP002472,ORD002472,12/17/2022,12/20/2022,dtdc,260.74,In Transit
SHP002473,ORD002473,15/05/2022,21/05/2022,IndiaPost,672.57,In Transit
SHP002474,ORD002474,2023-03-14,21 Mar 2023,xpressbees,,Delayed
SHP002475,ORD002475,2022/05/28,03-06-2022,Delhivery,152.51,Returned to Origin
SHP002476,ORD002476,26 Jun 2022,29/06/2022,BlueDart,543.81,Lost
SHP002477,ORD002477,08 Jun 2024,12-06-2024,IndiaPost,505.3,Returned to Origin
SHP002478,ORD002478,05-05-2022,10-05-2022,BlueDart,348.11,In Transit
SHP002479,ORD002479,02 Aug 2022,2022-08-08,Ekart,717.03,Delayed
SHP002480,ORD002480,2023-04-26,,IndiaPost,640.4,Delivered
SHP002481,ORD002481,09-01-2023,2023-01-10,BLUEDART,716.48,Delayed
SHP002482,ORD002482,01/12/2024,2024-01-27,ekart,173.0,Lost
SHP002483,ORD002483,04/22/2023,04/25/2023,FedEx,255.49,Lost
SHP002484,ORD002484,2023/06/18,06/28/2023,DELHIVERY,322.96,Returned to Origin
SHP002485,ORD002485,01-09-2024,2024-09-04,DTDC,430.13,Returned to Origin
SHP002486,ORD002486,16/02/2024,19-02-2024,FedEx,848.45,In Transit
SHP002487,ORD002487,2022/02/25,02/03/2022,Ekart,85.25,Delayed
SHP002488,ORD002488,01 Jan 2025,03/01/2025,FedEx,550.8,DELAYED
SHP002489,ORD002489,17 Dec 2023,27-12-2023,FedEx,591.73,Delayed
SHP002490,ORD002490,21/04/2022,06-05-2022,DTDC,113.85,returned to origin
SHP002491,ORD002491,29-11-2023,0000-00-00,XpressBees,163.74,In Transit
SHP002492,ORD002492,2022-11-05,11/13/2022,Ekart,60.74,Returned to Origin
SHP002493,ORD002493,2022/11/04,2022-11-09,XpressBees,336.96,delayed
SHP002494,ORD002494,31/05/2023,15 Jun 2023,delhivery,270.32,Delayed
SHP002495,ORD002495,16/09/2023,22/09/2023,fedex,621.39,IN TRANSIT
SHP002496,ORD002496,2024-01-04,01/14/2024,DTDC,,DELAYED
SHP002497,ORD002497,08/18/2022,08/23/2022,fedex,873.45,Delivered
SHP002498,ORD002498,,2024/02/06,XpressBees,654.22,In Transit
SHP002499,ORD002499,,16/08/2023,FEDEX,711.66,RETURNED TO ORIGIN
SHP002500,ORD002500,30-09-2023,0000-00-00,DTDC,92.86,Returned to Origin
SHP002501,ORD002501,0000-00-00,02/27/2023,Ekart,76.01,In Transit
SHP002502,ORD002502,2022/12/27,29 Dec 2022,XpressBees,595.36,Delayed
SHP002503,ORD002503,08/08/2022,18/08/2022,FedEx,507.85,In Transit
SHP002504,ORD002504,31 Aug 2024,2024/09/04,IndiaPost,680.91,Delivered
SHP002505,ORD002505,08/13/2024,16-08-2024,Delhivery,288.27,In Transit
SHP002506,ORD002506,27-08-2024,2024/08/31,XpressBees,884.33,LOST
SHP002507,ORD002507,2023/02/16,,bluedart,200.62,RETURNED TO ORIGIN
SHP002508,ORD002508,04/25/2022,2022-04-27,Ekart,871.14,Delayed
SHP002509,ORD002509,17/11/2023,21/11/2023,bluedart,134.83,Returned to Origin
SHP002510,ORD002510,28-01-2022,2022-01-29,DTDC,700.72,In Transit
SHP002511,ORD002511,04 Dec 2024,12/08/2024,Delhivery,254.85,DELIVERED
SHP002512,ORD002512,2022/10/13,17 Oct 2022,Delhivery,332.35,Returned to Origin
SHP002513,ORD002513,2024-08-21,26-08-2024,XpressBees,754.43,In Transit
SHP002514,ORD002514,07/09/2023,2023-07-24,IndiaPost,698.34,Delayed
SHP002515,ORD002515,,23-03-2024,DTDC,40.32,IN TRANSIT
SHP002516,ORD002516,12/18/2023,12/21/2023,DTDC,538.05,Delayed
SHP002517,ORD002517,0000-00-00,02/05/2023,DTDC,448.74,Delayed
SHP002518,ORD002518,,03/08/2024,Delhivery,171.45,LOST
SHP002519,ORD002519,12/18/2024,28/12/2024,IndiaPost,589.26,Delivered
SHP002520,ORD002520,13-09-2024,18 Sep 2024,IndiaPost,269.47,delivered
SHP002521,ORD002521,11-03-2024,16/03/2024,DELHIVERY,580.42,Lost
SHP002522,ORD002522,2023-07-19,22 Jul 2023,DTDC,881.8,Delivered
SHP002523,ORD002523,2023/06/22,2023-07-07,Ekart,854.53,DELIVERED
SHP002524,ORD002524,16-04-2024,04/26/2024,DTDC,756.41,DELAYED
SHP002525,ORD002525,20/06/2022,2022-06-23,BlueDart,464.51,Returned to Origin
SHP002526,ORD002526,2024-05-14,2024-05-20,BlueDart,78.71,Lost
SHP002527,ORD002527,2023-06-29,2023/07/04,dtdc,554.3,Delivered
SHP002528,ORD002528,05/15/2023,2023/05/19,xpressbees,728.9,IN TRANSIT
SHP002529,ORD002529,16 Jan 2023,2023/01/20,FedEx,868.15,In Transit
SHP002530,ORD002530,2024/10/30,04/11/2024,FedEx,661.62,RETURNED TO ORIGIN
SHP002531,ORD002531,2024-11-08,11/13/2024,FedEx,57.48,Lost
SHP002532,ORD002532,12/06/2024,14 Dec 2024,FedEx,758.97,In Transit
SHP002533,ORD002533,30/01/2022,06/02/2022,BlueDart,246.1,Lost
SHP002534,ORD002534,01/02/2022,02/02/2022,Delhivery,708.71,Lost
SHP002535,ORD002535,2023-05-10,13/05/2023,xpressbees,242.48,RETURNED TO ORIGIN
SHP002536,ORD002536,16/06/2022,18-06-2022,delhivery,284.94,Returned to Origin
SHP002537,ORD002537,20 Sep 2023,2023/09/21,dtdc,177.18,Returned to Origin
SHP002538,ORD002538,17/08/2022,21/08/2022,fedex,121.27,In Transit
SHP002539,ORD002539,06/15/2022,30 Jun 2022,XpressBees,302.9,Lost
SHP002540,ORD002540,2023/02/08,18 Feb 2023,DTDC,806.28,Delivered
SHP002541,ORD002541,10 Sep 2023,18 Sep 2023,delhivery,612.2,Delivered
SHP002542,ORD002542,2023/07/20,2023/07/30,BLUEDART,748.1,returned to origin
SHP002543,ORD002543,01/08/2022,23/01/2022,IndiaPost,561.8,lost
SHP002544,ORD002544,24-08-2022,2022/09/08,XpressBees,280.99,delayed
SHP002545,ORD002545,17 Dec 2022,23/12/2022,XpressBees,332.5,Lost
SHP002546,ORD002546,19-11-2022,2022-11-29,XpressBees,797.23,Lost
SHP002547,ORD002547,09/06/2023,19 Jun 2023,ekart,502.83,In Transit
SHP002548,ORD002548,10/26/2022,11/05/2022,Delhivery,788.11,RETURNED TO ORIGIN
SHP002549,ORD002549,21-01-2023,2023/01/31,Ekart,741.68,Returned to Origin
SHP002550,ORD002550,2024/11/16,18-11-2024,DTDC,446.27,DELIVERED
SHP002551,ORD002551,2023-10-08,2023-10-16,FedEx,279.18,RETURNED TO ORIGIN
SHP002552,ORD002552,2024-12-07,0000-00-00,XpressBees,707.71,Delivered
SHP002553,ORD002553,2024/03/18,28/03/2024,FedEx,558.37,In Transit
SHP002554,ORD002554,2022/02/21,02/27/2022,Ekart,209.55,RETURNED TO ORIGIN
SHP002555,ORD002555,2022-04-25,26-04-2022,DTDC,346.98,In Transit
SHP002556,ORD002556,2023/01/05,2023/01/12,DELHIVERY,268.96,Delivered
SHP002557,ORD002557,03/05/2023,06 Mar 2023,EKART,521.2,Returned to Origin
SHP002558,ORD002558,02-04-2023,17 Apr 2023,IndiaPost,610.23,In Transit
SHP002559,ORD002559,17 Feb 2024,2024/02/21,FEDEX,449.6,Delivered
SHP002560,ORD002560,06/15/2023,18-06-2023,FedEx,886.79,RETURNED TO ORIGIN
SHP002561,ORD002561,2024/04/11,04/19/2024,IndiaPost,663.09,Delivered
SHP002562,ORD002562,2022/01/12,18 Jan 2022,BlueDart,849.94,Delayed
SHP002563,ORD002563,2022-04-30,04/05/2022,BlueDart,54.26,delivered
SHP002564,ORD002564,06-05-2024,09/05/2024,BlueDart,707.15,Delivered
SHP002565,ORD002565,14/12/2022,2022/12/20,BlueDart,501.64,IN TRANSIT
SHP002566,ORD002566,2023/05/10,18/05/2023,Delhivery,880.6,Returned to Origin
SHP002567,ORD002567,10/05/2023,05/18/2023,Ekart,400.67,Returned to Origin
SHP002568,ORD002568,2024-03-26,2024-03-27,BlueDart,49.39,IN TRANSIT
SHP002569,ORD002569,2024/05/21,24-05-2024,XpressBees,307.0,delayed
SHP002570,ORD002570,02/25/2022,2022-02-26,Ekart,500.3,Lost
SHP002571,ORD002571,,2024-07-10,delhivery,634.85,Delivered
SHP002572,ORD002572,2023/03/12,2023-03-27,delhivery,63.02,returned to origin
SHP002573,ORD002573,15/03/2024,18-03-2024,fedex,136.59,Returned to Origin
SHP002574,ORD002574,22-02-2023,02/03/2023,Delhivery,626.48,RETURNED TO ORIGIN
SHP002575,ORD002575,04 Oct 2024,2024/10/06,BLUEDART,740.1,In Transit
SHP002576,ORD002576,05/26/2024,29/05/2024,XpressBees,750.84,Delayed
SHP002577,ORD002577,10/12/2022,18/10/2022,Delhivery,478.16,Lost
SHP002578,ORD002578,2024/08/03,10-08-2024,xpressbees,34.38,Delivered
SHP002579,ORD002579,2024-10-10,2024/10/16,IndiaPost,780.12,Lost
SHP002580,ORD002580,17/08/2023,19 Aug 2023,FedEx,867.6,In Transit
SHP002581,ORD002581,23/11/2024,08-12-2024,Delhivery,405.28,DELAYED
SHP002582,ORD002582,28/12/2022,01/05/2023,FedEx,109.15,RETURNED TO ORIGIN
SHP002583,ORD002583,13/02/2023,16/02/2023,DTDC,131.62,In Transit
SHP002584,ORD002584,2024-05-26,2024/05/31,dtdc,93.21,Lost
SHP002585,ORD002585,2024/04/17,27/04/2024,XPRESSBEES,145.88,Lost
SHP002586,ORD002586,24/10/2024,28 Oct 2024,EKART,322.78,DELIVERED
SHP002587,ORD002587,06/02/2024,07 Feb 2024,BlueDart,746.89,Delivered
SHP002588,ORD002588,11/17/2022,21 Nov 2022,FedEx,32.32,Returned to Origin
SHP002589,ORD002589,29 Sep 2024,2024-10-02,Ekart,370.18,Returned to Origin
SHP002590,ORD002590,2022/06/10,2022-06-13,Delhivery,405.47,Delayed
SHP002591,ORD002591,12/25/2024,0000-00-00,Ekart,580.22,Returned to Origin
SHP002592,ORD002592,2023/11/10,17 Nov 2023,Ekart,663.16,IN TRANSIT
SHP002593,ORD002593,21/02/2023,2023-02-25,BlueDart,478.08,delayed
SHP002594,ORD002594,08/10/2022,18/10/2022,bluedart,786.66,DELAYED
SHP002595,ORD002595,07/30/2024,31 Jul 2024,FedEx,179.9,Returned to Origin
SHP002596,ORD002596,08/22/2024,2024-08-27,BlueDart,42.16,in transit
SHP002597,ORD002597,03/30/2024,2024/04/04,BLUEDART,733.29,DELAYED
SHP002598,ORD002598,2023-10-09,11/10/2023,BlueDart,624.85,Returned to Origin
SHP002599,ORD002599,11/26/2022,30-11-2022,ekart,759.29,in transit
SHP002600,ORD002600,24/12/2024,30/12/2024,INDIAPOST,707.94,Delayed
SHP002601,ORD002601,20-04-2024,27-04-2024,FedEx,132.33,Lost
SHP002602,ORD002602,13-02-2024,16 Feb 2024,IndiaPost,614.85,Returned to Origin
SHP002603,ORD002603,07-11-2023,2023-11-12,Delhivery,487.38,In Transit
SHP002604,ORD002604,2022/02/19,02/24/2022,IndiaPost,203.44,Delivered
SHP002605,ORD002605,14/12/2023,19/12/2023,ekart,816.98,Returned to Origin
SHP002606,ORD002606,09/30/2022,06 Oct 2022,fedex,584.97,Delivered
SHP002607,ORD002607,2022/01/23,2022-02-02,DTDC,245.66,Lost
SHP002608,ORD002608,2023-02-15,21 Feb 2023,XpressBees,771.61,Delivered
SHP002609,ORD002609,28 Sep 2023,10/06/2023,BlueDart,781.51,Delivered
SHP002610,ORD002610,10/21/2023,31 Oct 2023,DTDC,651.07,in transit
SHP002611,ORD002611,14-09-2022,2022/09/21,DELHIVERY,285.14,Delayed
SHP002612,ORD002612,27-01-2024,31 Jan 2024,Delhivery,796.36,Delayed
SHP002613,ORD002613,10-10-2024,2024/10/20,FedEx,101.09,LOST
SHP002614,ORD002614,0000-00-00,03-04-2024,Delhivery,326.19,Returned to Origin
SHP002615,ORD002615,2022/08/20,,BLUEDART,878.51,Lost
SHP002616,ORD002616,14/07/2024,24 Jul 2024,IndiaPost,730.25,In Transit
SHP002617,ORD002617,05/12/2022,2022/12/15,xpressbees,791.24,Returned to Origin
SHP002618,ORD002618,05/22/2024,05/27/2024,Ekart,159.63,Delayed
SHP002619,ORD002619,03/17/2022,2022/03/23,FedEx,881.99,Delivered
SHP002620,ORD002620,09/28/2022,2022-10-02,dtdc,721.05,IN TRANSIT
SHP002621,ORD002621,2024/02/17,02/24/2024,FedEx,771.23,DELIVERED
SHP002622,ORD002622,06/10/2022,2022/06/16,ekart,212.7,Delivered
SHP002623,ORD002623,2023/12/17,25 Dec 2023,Delhivery,438.08,In Transit
SHP002624,ORD002624,2023-08-11,21-08-2023,IndiaPost,728.82,Lost
SHP002625,ORD002625,04-11-2023,09 Nov 2023,XpressBees,744.33,Delayed
SHP002626,ORD002626,11/12/2022,16/12/2022,DTDC,629.6,Lost
SHP002627,ORD002627,30 Aug 2023,05 Sep 2023,XPRESSBEES,131.77,IN TRANSIT
SHP002628,ORD002628,13/11/2023,2023-11-20,indiapost,127.29,In Transit
SHP002629,ORD002629,07 Aug 2022,22/08/2022,FEDEX,545.34,In Transit
SHP002630,ORD002630,09/28/2022,,Ekart,261.79,Delayed
SHP002631,ORD002631,18/09/2024,21/09/2024,XpressBees,534.35,DELIVERED
SHP002632,ORD002632,26-03-2023,04/05/2023,fedex,380.25,Delayed
SHP002633,ORD002633,2023/08/21,2023-08-22,Ekart,176.54,lost
SHP002634,ORD002634,2024/01/21,26-01-2024,BlueDart,854.78,delayed
SHP002635,ORD002635,2024/01/21,05/02/2024,Delhivery,460.25,LOST
SHP002636,ORD002636,22/02/2024,25 Feb 2024,BlueDart,254.57,returned to origin
SHP002637,ORD002637,04-12-2023,2023-12-09,delhivery,809.06,Returned to Origin
SHP002638,ORD002638,30 Sep 2024,07 Oct 2024,FedEx,248.4,Lost
SHP002639,ORD002639,16-11-2024,11/18/2024,fedex,203.8,Returned to Origin
SHP002640,ORD002640,29 Jun 2024,02-07-2024,BlueDart,300.54,Delivered
SHP002641,ORD002641,2024/04/27,30/04/2024,FedEx,701.3,Delayed
SHP002642,ORD002642,27 Jul 2024,2024-07-31,fedex,488.18,Delivered
SHP002643,ORD002643,12/06/2022,2022-12-11,FEDEX,559.24,delayed
SHP002644,ORD002644,08-11-2022,2022/11/11,DTDC,302.44,In Transit
SHP002645,ORD002645,30/04/2022,04/05/2022,XpressBees,295.6,Lost
SHP002646,ORD002646,07-11-2022,2022-11-09,DTDC,625.34,Returned to Origin
SHP002647,ORD002647,2023/08/06,2023/08/11,Ekart,840.51,RETURNED TO ORIGIN
SHP002648,ORD002648,13/07/2023,07/17/2023,IndiaPost,671.63,Delivered
SHP002649,ORD002649,01/02/2023,2023/01/06,FedEx,584.58,DELIVERED
SHP002650,ORD002650,2022/09/26,09/28/2022,BlueDart,871.85,delayed
SHP002651,ORD002651,,,IndiaPost,623.23,In Transit
SHP002652,ORD002652,03/12/2022,03/20/2022,IndiaPost,141.91,delivered
SHP002653,ORD002653,16 Oct 2024,2024/10/18,IndiaPost,125.95,DELIVERED
SHP002654,ORD002654,19 Sep 2024,0000-00-00,IndiaPost,272.99,Delivered
SHP002655,ORD002655,09/01/2022,05 Sep 2022,ekart,231.87,Delayed
SHP002656,ORD002656,15-06-2023,2023-06-25,Ekart,880.18,Lost
SHP002657,ORD002657,16 Jun 2022,2022-06-20,IndiaPost,523.42,LOST
SHP002658,ORD002658,02/02/2022,2022-02-17,bluedart,436.21,Delivered
SHP002659,ORD002659,2024/01/07,10-01-2024,BlueDart,728.13,delivered
SHP002660,ORD002660,10/06/2023,2023/10/08,Ekart,147.4,In Transit
SHP002661,ORD002661,0000-00-00,31 Oct 2022,XPRESSBEES,738.5,DELIVERED
SHP002662,ORD002662,04/05/2022,2022-04-15,Ekart,876.04,DELIVERED
SHP002663,ORD002663,07-01-2024,,IndiaPost,821.74,Lost
SHP002664,ORD002664,0000-00-00,2022-04-11,BlueDart,848.92,Delivered
SHP002665,ORD002665,03/11/2023,09-11-2023,XpressBees,871.94,Returned to Origin
SHP002666,ORD002666,05/03/2023,06-03-2023,XpressBees,340.52,RETURNED TO ORIGIN
SHP002667,ORD002667,2023-04-07,04/12/2023,fedex,455.26,In Transit
SHP002668,ORD002668,11 Dec 2024,17 Dec 2024,FedEx,112.79,delayed
SHP002669,ORD002669,2024/05/26,28-05-2024,XPRESSBEES,828.92,IN TRANSIT
SHP002670,ORD002670,10/01/2022,06 Oct 2022,EKART,629.49,Delivered
SHP002671,ORD002671,17-01-2024,24/01/2024,BlueDart,193.76,In Transit
SHP002672,ORD002672,12/13/2022,2022-12-16,XpressBees,822.92,Returned to Origin
SHP002673,ORD002673,24/07/2022,07/27/2022,DTDC,283.16,Delayed
SHP002674,ORD002674,06/21/2024,07/06/2024,DTDC,739.41,Delivered
SHP002675,ORD002675,05-01-2024,2024/01/09,DTDC,641.81,RETURNED TO ORIGIN
SHP002676,ORD002676,04 Oct 2023,2023-10-07,IndiaPost,759.24,Delivered
SHP002677,ORD002677,20/10/2022,23-10-2022,BlueDart,701.79,In Transit
SHP002678,ORD002678,22 Jul 2023,2023/07/25,FedEx,740.66,Delivered
SHP002679,ORD002679,09 Jun 2022,14 Jun 2022,Delhivery,814.69,Returned to Origin
SHP002680,ORD002680,06/11/2024,2024/11/10,indiapost,33.61,Delayed
SHP002681,ORD002681,05/24/2022,28 May 2022,FedEx,252.47,Delayed
SHP002682,ORD002682,03/09/2022,03/13/2022,IndiaPost,554.07,Delivered
SHP002683,ORD002683,0000-00-00,09/04/2024,BlueDart,358.28,Returned to Origin
SHP002684,ORD002684,27/12/2022,01/11/2023,DTDC,120.54,In Transit
SHP002685,ORD002685,2022/03/14,2022-03-21,XpressBees,191.67,Returned to Origin
SHP002686,ORD002686,2024-06-08,10/06/2024,Delhivery,368.26,RETURNED TO ORIGIN
SHP002687,ORD002687,,06/28/2024,IndiaPost,673.15,delivered
SHP002688,ORD002688,,21/09/2023,Delhivery,452.68,Lost
SHP002689,ORD002689,2024-02-19,22/02/2024,DTDC,733.57,RETURNED TO ORIGIN
SHP002690,ORD002690,06-01-2023,07-01-2023,XpressBees,194.52,Lost
SHP002691,ORD002691,29 Oct 2022,02/11/2022,EKART,62.54,IN TRANSIT
SHP002692,ORD002692,2023-04-05,10/04/2023,Delhivery,725.98,Returned to Origin
SHP002693,ORD002693,2022/10/14,10/24/2022,Ekart,261.7,Delayed
SHP002694,ORD002694,08-03-2024,2024-03-14,XPRESSBEES,550.98,IN TRANSIT
SHP002695,ORD002695,08/28/2024,31-08-2024,XpressBees,211.86,delayed
SHP002696,ORD002696,05/06/2023,12-06-2023,IndiaPost,820.36,DELIVERED
SHP002697,ORD002697,03/08/2024,03/18/2024,XPRESSBEES,846.83,Returned to Origin
SHP002698,ORD002698,19/04/2024,22/04/2024,dtdc,277.78,Returned to Origin
SHP002699,ORD002699,12/09/2023,2023-12-15,Ekart,509.73,LOST
SHP002700,ORD002700,27-08-2022,2022/08/29,dtdc,728.98,Lost
SHP002701,ORD002701,2023-04-10,,Ekart,126.53,delayed
SHP002702,ORD002702,2024/06/19,29/06/2024,IndiaPost,,Delayed
SHP002703,ORD002703,2022-07-11,07/14/2022,DELHIVERY,623.1,Returned to Origin
SHP002704,ORD002704,2023/07/29,05-08-2023,BLUEDART,775.1,In Transit
SHP002705,ORD002705,2023/09/05,09/20/2023,XPRESSBEES,259.16,Delivered
SHP002706,ORD002706,2024-09-13,2024/09/16,dtdc,,RETURNED TO ORIGIN
SHP002707,ORD002707,2023-07-02,10-07-2023,FedEx,350.8,LOST
SHP002708,ORD002708,2024/12/08,11-12-2024,Ekart,431.52,Lost
SHP002709,ORD002709,18/11/2024,25-11-2024,DTDC,660.85,Delayed
SHP002710,ORD002710,11 May 2022,05/21/2022,XpressBees,366.72,Delayed
SHP002711,ORD002711,06/27/2022,30-06-2022,BlueDart,95.35,In Transit
SHP002712,ORD002712,03/24/2024,08/04/2024,Delhivery,346.08,Delayed
SHP002713,ORD002713,2023-10-24,10/27/2023,Ekart,,Lost
SHP002714,ORD002714,2023-11-04,07-11-2023,BLUEDART,,RETURNED TO ORIGIN
SHP002715,ORD002715,2023-11-19,2023/11/23,delhivery,107.9,In Transit
SHP002716,ORD002716,07/16/2023,07/31/2023,BlueDart,177.23,Lost
SHP002717,ORD002717,06-04-2023,16/04/2023,Delhivery,50.91,Delivered
SHP002718,ORD002718,04/27/2022,2022-04-30,Delhivery,673.59,returned to origin
SHP002719,ORD002719,26 Jan 2023,02/03/2023,BLUEDART,411.65,Returned to Origin
SHP002720,ORD002720,06/02/2023,05-06-2023,IndiaPost,807.7,Lost
SHP002721,ORD002721,20/03/2023,24/03/2023,XpressBees,114.27,Delivered
SHP002722,ORD002722,2023-05-19,0000-00-00,fedex,407.37,Returned to Origin
SHP002723,ORD002723,2022/07/04,12 Jul 2022,Delhivery,715.51,Delayed
SHP002724,ORD002724,02/07/2023,07/08/2023,Ekart,484.07,In Transit
SHP002725,ORD002725,06/12/2022,2022/06/22,bluedart,260.65,In Transit
SHP002726,ORD002726,21 May 2022,05/24/2022,Delhivery,848.64,returned to origin
SHP002727,ORD002727,2023/06/03,11 Jun 2023,FedEx,314.05,In Transit
SHP002728,ORD002728,23-08-2022,07 Sep 2022,Delhivery,839.16,Returned to Origin
SHP002729,ORD002729,2023-01-06,01/12/2023,FedEx,524.29,Lost
SHP002730,ORD002730,2023/06/29,07/02/2023,Delhivery,197.86,lost
SHP002731,ORD002731,2024/10/13,10/20/2024,fedex,64.9,Delivered
SHP002732,ORD002732,28/04/2023,05/04/2023,FedEx,,Lost
SHP002733,ORD002733,2022-11-17,2022/11/22,FedEx,153.12,delayed
SHP002734,ORD002734,19 May 2024,20 May 2024,IndiaPost,778.0,Delivered
SHP002735,ORD002735,2022-01-19,25-01-2022,Ekart,630.78,RETURNED TO ORIGIN
SHP002736,ORD002736,06/04/2022,14 Apr 2022,BLUEDART,168.81,Lost
SHP002737,ORD002737,2024/08/19,,BlueDart,597.65,Delayed
SHP002738,ORD002738,09/12/2023,14 Sep 2023,bluedart,747.62,DELIVERED
SHP002739,ORD002739,0000-00-00,2023/07/20,DTDC,274.5,delivered
SHP002740,ORD002740,22-06-2024,25/06/2024,BlueDart,246.16,In Transit
SHP002741,ORD002741,02/08/2023,12 Feb 2023,FedEx,327.77,In Transit
SHP002742,ORD002742,2024/07/21,,fedex,566.78,Delayed
SHP002743,ORD002743,31 Mar 2023,2023/04/06,Ekart,518.93,In Transit
SHP002744,ORD002744,16/01/2022,21 Jan 2022,Ekart,683.44,In Transit
SHP002745,ORD002745,11 Jun 2024,21/06/2024,IndiaPost,644.62,In Transit
SHP002746,ORD002746,05 Feb 2022,2022-02-12,IndiaPost,494.36,Returned to Origin
SHP002747,ORD002747,14/04/2024,29/04/2024,DTDC,470.27,In Transit
SHP002748,ORD002748,25-08-2024,01 Sep 2024,IndiaPost,802.57,in transit
SHP002749,ORD002749,25 Dec 2023,2024/01/09,DELHIVERY,73.65,DELIVERED
SHP002750,ORD002750,11/12/2024,0000-00-00,BlueDart,638.54,RETURNED TO ORIGIN
SHP002751,ORD002751,23-03-2023,02 Apr 2023,DTDC,470.72,LOST
SHP002752,ORD002752,25-08-2022,2022/08/26,Delhivery,556.63,lost
SHP002753,ORD002753,11/08/2022,13 Nov 2022,XpressBees,469.45,Delayed
SHP002754,ORD002754,17-11-2024,2024/11/21,BlueDart,866.68,DELAYED
SHP002755,ORD002755,2022-02-13,,BLUEDART,875.79,DELIVERED
SHP002756,ORD002756,02/18/2023,2023-02-21,IndiaPost,347.09,Delayed
SHP002757,ORD002757,2023/11/04,07-11-2023,FedEx,539.18,returned to origin
SHP002758,ORD002758,02 Feb 2023,2023-02-10,IndiaPost,390.07,Lost
SHP002759,ORD002759,08/08/2022,08/12/2022,IndiaPost,674.99,Delayed
SHP002760,ORD002760,14-10-2023,2023/10/15,indiapost,770.48,delayed
SHP002761,ORD002761,05/08/2022,2022-05-10,BlueDart,586.4,Delivered
SHP002762,ORD002762,2023/07/26,03 Aug 2023,IndiaPost,197.83,Delivered
SHP002763,ORD002763,2023-08-30,02/09/2023,Ekart,353.35,Returned to Origin
SHP002764,ORD002764,22/11/2022,11/23/2022,FedEx,285.17,Delivered
SHP002765,ORD002765,2022-07-11,15/07/2022,BlueDart,176.67,DELAYED
SHP002766,ORD002766,28 Mar 2023,29 Mar 2023,FedEx,551.58,Delayed
SHP002767,ORD002767,25-04-2023,2023/04/27,dtdc,681.1,DELAYED
SHP002768,ORD002768,2022/07/27,08/02/2022,DTDC,604.37,Delivered
SHP002769,ORD002769,19-10-2024,10/22/2024,FEDEX,747.71,Delayed
SHP002770,ORD002770,2023/03/01,2023-03-09,delhivery,376.56,Delayed
SHP002771,ORD002771,20-06-2022,23/06/2022,Ekart,327.66,In Transit
SHP002772,ORD002772,,01 May 2022,XPRESSBEES,531.23,in transit
SHP002773,ORD002773,15-04-2022,04/21/2022,Delhivery,847.27,Delayed
SHP002774,ORD002774,2023-12-31,2024/01/02,Ekart,325.16,Lost
SHP002775,ORD002775,2023/05/14,2023-05-21,FedEx,407.85,DELIVERED
SHP002776,ORD002776,30/05/2024,02-06-2024,IndiaPost,156.12,delivered
SHP002777,ORD002777,11/19/2023,04/12/2023,Delhivery,231.87,DELIVERED
SHP002778,ORD002778,02 Dec 2022,2022-12-05,DELHIVERY,770.17,In Transit
SHP002779,ORD002779,06/10/2023,2023/06/25,fedex,670.54,Returned to Origin
SHP002780,ORD002780,2023/03/03,2023/03/09,IndiaPost,31.89,Delivered
SHP002781,ORD002781,12/14/2024,12/17/2024,XpressBees,749.1,Delayed
SHP002782,ORD002782,17-04-2024,24-04-2024,IndiaPost,862.11,Delayed
SHP002783,ORD002783,2023-10-14,2023/10/19,Ekart,419.61,Returned to Origin
SHP002784,ORD002784,02/10/2023,02/20/2023,XpressBees,670.78,delayed
SHP002785,ORD002785,2024/08/31,09/03/2024,FedEx,733.03,Delayed
SHP002786,ORD002786,2022-10-19,2022/11/03,Delhivery,599.31,Delayed
SHP002787,ORD002787,2022/08/18,2022-08-21,FedEx,84.34,In Transit
SHP002788,ORD002788,2022/04/25,04/29/2022,EKART,380.11,in transit
SHP002789,ORD002789,2023/08/25,04/09/2023,DTDC,782.86,Returned to Origin
SHP002790,ORD002790,27 Nov 2024,2024/11/28,BlueDart,686.02,In Transit
SHP002791,ORD002791,2022/01/19,27-01-2022,FedEx,895.74,Returned to Origin
SHP002792,ORD002792,2022-06-21,26/06/2022,fedex,792.61,delayed
SHP002793,ORD002793,09/07/2023,0000-00-00,IndiaPost,620.58,Lost
SHP002794,ORD002794,16 Nov 2024,2024/11/23,Ekart,727.07,DELIVERED
SHP002795,ORD002795,31 Dec 2024,04-01-2025,FedEx,179.13,Lost
SHP002796,ORD002796,11/03/2024,2024/03/16,xpressbees,248.36,IN TRANSIT
SHP002797,ORD002797,03/22/2023,30/03/2023,delhivery,509.53,delivered
SHP002798,ORD002798,2024-02-07,17 Feb 2024,IndiaPost,102.55,Lost
SHP002799,ORD002799,19 Dec 2023,12/27/2023,IndiaPost,808.42,In Transit
SHP002800,ORD002800,28-01-2024,01/02/2024,XpressBees,791.73,delayed
SHP002801,ORD002801,21/12/2024,29/12/2024,IndiaPost,717.79,Returned to Origin
SHP002802,ORD002802,08/09/2024,13/09/2024,Ekart,743.76,Lost
SHP002803,ORD002803,2024-06-24,27-06-2024,xpressbees,691.36,lost
SHP002804,ORD002804,14/08/2024,18 Aug 2024,Delhivery,660.74,Returned to Origin
SHP002805,ORD002805,2024/03/10,,Delhivery,746.85,Delayed
SHP002806,ORD002806,2024/03/05,20 Mar 2024,XpressBees,,returned to origin
SHP002807,ORD002807,25-11-2022,28-11-2022,Delhivery,631.96,delivered
SHP002808,ORD002808,2023/09/19,22-09-2023,ekart,533.88,Returned to Origin
SHP002809,ORD002809,2023-06-22,2023-06-29,DTDC,692.05,In Transit
SHP002810,ORD002810,2023-05-02,12/05/2023,bluedart,842.73,Delayed
SHP002811,ORD002811,07/29/2022,06 Aug 2022,FedEx,42.86,IN TRANSIT
SHP002812,ORD002812,2024/12/24,12/25/2024,FedEx,427.38,Delayed
SHP002813,ORD002813,2023-03-15,2023-03-23,FedEx,831.86,lost
SHP002814,ORD002814,20/02/2024,2024-02-23,BlueDart,715.89,Lost
SHP002815,ORD002815,12 Jul 2022,14-07-2022,BlueDart,429.33,Delayed
SHP002816,ORD002816,13 Nov 2024,20/11/2024,ekart,372.17,Returned to Origin
SHP002817,ORD002817,2023-07-14,07/21/2023,XpressBees,453.28,Returned to Origin
SHP002818,ORD002818,25/07/2024,,delhivery,338.5,Delivered
SHP002819,ORD002819,2023/10/20,2023/10/30,Delhivery,247.74,DELIVERED
SHP002820,ORD002820,03/07/2023,07/04/2023,XpressBees,424.9,Lost
SHP002821,ORD002821,06/21/2024,06/28/2024,FedEx,141.9,delivered
SHP002822,ORD002822,17-02-2023,2023-03-04,DTDC,243.4,Lost
SHP002823,ORD002823,2024/10/15,17-10-2024,FedEx,547.92,Lost
SHP002824,ORD002824,2022-11-07,12 Nov 2022,Ekart,446.23,Delayed
SHP002825,ORD002825,12/08/2024,17-08-2024,ekart,60.62,Delayed
SHP002826,ORD002826,04 May 2022,2022/05/05,Delhivery,855.35,returned to origin
SHP002827,ORD002827,2022-03-05,2022/03/06,FEDEX,872.19,Delayed
SHP002828,ORD002828,02-01-2024,04/01/2024,Delhivery,475.19,Lost
SHP002829,ORD002829,2024-06-28,2024-07-04,FedEx,629.68,Delayed
SHP002830,ORD002830,2023-09-15,19-09-2023,indiapost,330.52,DELAYED
SHP002831,ORD002831,16-02-2022,2022-02-22,BlueDart,579.29,lost
SHP002832,ORD002832,12/30/2023,03/01/2024,DTDC,435.42,Delivered
SHP002833,ORD002833,04 Sep 2022,05 Sep 2022,DTDC,879.64,DELIVERED
SHP002834,ORD002834,2023-07-30,02-08-2023,Delhivery,319.5,RETURNED TO ORIGIN
SHP002835,ORD002835,06 Feb 2024,09-02-2024,XPRESSBEES,765.66,DELAYED
SHP002836,ORD002836,,07 Jul 2022,Delhivery,600.29,In Transit
SHP002837,ORD002837,2022-08-01,2022-08-03,FedEx,886.24,Returned to Origin
SHP002838,ORD002838,2024/06/12,15 Jun 2024,delhivery,706.08,DELAYED
SHP002839,ORD002839,07/09/2023,2023/07/16,DTDC,301.25,Lost
SHP002840,ORD002840,20/02/2024,2024-02-22,FedEx,279.22,Lost
SHP002841,ORD002841,2022-10-12,2022-10-19,INDIAPOST,151.72,Delayed
SHP002842,ORD002842,31/07/2023,02-08-2023,indiapost,86.72,In Transit
SHP002843,ORD002843,2024-06-24,06/28/2024,INDIAPOST,422.29,Lost
SHP002844,ORD002844,01-01-2023,05-01-2023,XpressBees,266.27,Delivered
SHP002845,ORD002845,17-06-2022,2022-06-20,FedEx,662.3,In Transit
SHP002846,ORD002846,03/13/2023,28-03-2023,IndiaPost,638.21,In Transit
SHP002847,ORD002847,,20-10-2024,bluedart,323.24,lost
SHP002848,ORD002848,2023-06-10,06/13/2023,XpressBees,359.87,Delivered
SHP002849,ORD002849,06-07-2023,,DTDC,775.3,DELIVERED
SHP002850,ORD002850,20 Mar 2023,23-03-2023,DTDC,575.4,RETURNED TO ORIGIN
SHP002851,ORD002851,2024/11/12,14/11/2024,Delhivery,132.52,Delayed
SHP002852,ORD002852,21/07/2022,29/07/2022,Ekart,793.18,in transit
SHP002853,ORD002853,02 Feb 2023,03/02/2023,fedex,331.44,Returned to Origin
SHP002854,ORD002854,09/25/2022,2022/09/27,XPRESSBEES,598.33,Delivered
SHP002855,ORD002855,05/30/2024,2024/06/14,Ekart,567.09,IN TRANSIT
SHP002856,ORD002856,01 Aug 2024,08/07/2024,Delhivery,79.85,DELAYED
SHP002857,ORD002857,27-03-2023,11 Apr 2023,Ekart,419.93,Returned to Origin
SHP002858,ORD002858,10/18/2024,10/23/2024,DTDC,386.95,IN TRANSIT
SHP002859,ORD002859,02 Oct 2022,09 Oct 2022,xpressbees,,Delivered
SHP002860,ORD002860,05-02-2024,2024/02/08,FedEx,615.98,Returned to Origin
SHP002861,ORD002861,2023/03/10,11-03-2023,dtdc,330.94,Delivered
SHP002862,ORD002862,13-06-2022,2022/06/15,delhivery,305.89,Lost
SHP002863,ORD002863,0000-00-00,07/16/2024,bluedart,437.87,Delivered
SHP002864,ORD002864,01-08-2023,2023-08-04,DTDC,462.12,Returned to Origin
SHP002865,ORD002865,04/20/2024,2024-04-22,EKART,44.01,Lost
SHP002866,ORD002866,21-05-2023,05/26/2023,dtdc,594.39,Delayed
SHP002867,ORD002867,15 Feb 2024,20-02-2024,Delhivery,632.05,Delivered
SHP002868,ORD002868,2024/06/24,06/27/2024,INDIAPOST,118.93,LOST
SHP002869,ORD002869,03/22/2022,03/29/2022,XpressBees,873.09,Returned to Origin
SHP002870,ORD002870,10/04/2024,04/13/2024,Delhivery,569.64,Lost
SHP002871,ORD002871,27 Apr 2024,05/02/2024,XpressBees,635.02,Lost
SHP002872,ORD002872,05/10/2022,15 May 2022,BlueDart,40.05,DELIVERED
SHP002873,ORD002873,2022/06/09,2022/06/16,IndiaPost,601.26,RETURNED TO ORIGIN
SHP002874,ORD002874,0000-00-00,12/18/2022,XpressBees,728.65,Delivered
SHP002875,ORD002875,22 May 2024,27-05-2024,IndiaPost,820.32,Delayed
SHP002876,ORD002876,26/04/2023,04/29/2023,Ekart,893.38,In Transit
SHP002877,ORD002877,2022/11/04,2022/11/12,FedEx,323.61,LOST
SHP002878,ORD002878,0000-00-00,09/18/2022,DTDC,30.75,delayed
SHP002879,ORD002879,09 Jan 2024,13-01-2024,BlueDart,563.9,DELAYED
SHP002880,ORD002880,06/11/2023,0000-00-00,XpressBees,670.98,Returned to Origin
SHP002881,ORD002881,2023/11/03,2023-11-13,indiapost,667.93,In Transit
SHP002882,ORD002882,29 Jul 2023,02-08-2023,IndiaPost,490.83,DELIVERED
SHP002883,ORD002883,08 May 2022,13/05/2022,FedEx,594.68,In Transit
SHP002884,ORD002884,27-02-2023,2023/03/05,DTDC,403.52,Returned to Origin
SHP002885,ORD002885,10/10/2024,12-10-2024,XPRESSBEES,843.29,Delivered
SHP002886,ORD002886,16/07/2022,2022-07-26,INDIAPOST,80.65,In Transit
SHP002887,ORD002887,20 Apr 2024,26-04-2024,BlueDart,883.61,Lost
SHP002888,ORD002888,2024/05/10,2024/05/20,BlueDart,457.59,Returned to Origin
SHP002889,ORD002889,28 Oct 2022,31/10/2022,fedex,798.72,LOST
SHP002890,ORD002890,28/10/2022,07 Nov 2022,DTDC,704.52,RETURNED TO ORIGIN
SHP002891,ORD002891,03/04/2024,2024/04/04,Delhivery,614.65,Lost
SHP002892,ORD002892,07-02-2024,2024-02-12,BlueDart,692.85,Delayed
SHP002893,ORD002893,23 Dec 2024,31-12-2024,Delhivery,589.57,Delivered
SHP002894,ORD002894,2022/02/20,2022/02/24,Ekart,94.11,In Transit
SHP002895,ORD002895,04/18/2024,2024/04/24,FedEx,635.42,Returned to Origin
SHP002896,ORD002896,2023-07-17,2023/08/01,IndiaPost,896.12,Delivered
SHP002897,ORD002897,15 Oct 2024,10/20/2024,DTDC,162.46,Lost
SHP002898,ORD002898,16 Feb 2024,,DELHIVERY,380.81,Returned to Origin
SHP002899,ORD002899,23/11/2024,03 Dec 2024,Delhivery,,Delayed
SHP002900,ORD002900,2023-01-18,20 Jan 2023,XpressBees,791.74,Delivered
SHP002901,ORD002901,17-05-2024,05/19/2024,XpressBees,520.53,Lost
SHP002902,ORD002902,12/22/2024,01-01-2025,BlueDart,261.95,In Transit
SHP002903,ORD002903,25-07-2024,28 Jul 2024,IndiaPost,99.95,IN TRANSIT
SHP002904,ORD002904,18 Jun 2023,2023-06-19,IndiaPost,893.42,Delayed
SHP002905,ORD002905,2023-01-17,2023-01-27,delhivery,541.5,delivered
SHP002906,ORD002906,12-10-2023,19/10/2023,FedEx,756.41,In Transit
SHP002907,ORD002907,16 Jan 2023,19-01-2023,Delhivery,865.4,Lost
SHP002908,ORD002908,28-05-2022,01/06/2022,Delhivery,701.3,Returned to Origin
SHP002909,ORD002909,26-09-2024,27/09/2024,Ekart,866.32,Delivered
SHP002910,ORD002910,2024-12-30,07 Jan 2025,ekart,767.57,Delayed
SHP002911,ORD002911,13/05/2022,05/18/2022,DTDC,697.4,Delayed
SHP002912,ORD002912,07/17/2023,,Ekart,113.37,Delayed
SHP002913,ORD002913,03 May 2022,05 May 2022,FedEx,307.59,Delivered
SHP002914,ORD002914,29-10-2023,11/01/2023,Delhivery,67.26,delivered
SHP002915,ORD002915,2024/05/04,2024-05-05,XpressBees,505.25,In Transit
SHP002916,ORD002916,30 Mar 2022,2022/03/31,Ekart,182.45,Delayed
SHP002917,ORD002917,04/27/2023,2023/04/30,XpressBees,673.18,Delayed
SHP002918,ORD002918,2024/07/16,2024-07-18,DTDC,581.85,Delivered
SHP002919,ORD002919,04 May 2022,2022/05/05,Ekart,717.12,Delayed
SHP002920,ORD002920,03/12/2024,05-12-2024,EKART,279.66,In Transit
SHP002921,ORD002921,07/11/2024,16-07-2024,Ekart,829.25,In Transit
SHP002922,ORD002922,22/08/2024,28 Aug 2024,Delhivery,310.45,Returned to Origin
SHP002923,ORD002923,2022/10/05,09-10-2022,xpressbees,350.56,DELAYED
SHP002924,ORD002924,03/16/2022,18-03-2022,FedEx,771.4,Delayed
SHP002925,ORD002925,2023/05/27,2023-06-02,xpressbees,778.37,In Transit
SHP002926,ORD002926,09/11/2023,09/14/2023,IndiaPost,84.15,in transit
SHP002927,ORD002927,2024-04-24,02 May 2024,DTDC,33.78,In Transit
SHP002928,ORD002928,2023/07/27,07/29/2023,DTDC,378.32,In Transit
SHP002929,ORD002929,2023-06-28,02/07/2023,XpressBees,845.3,Delayed
SHP002930,ORD002930,25 May 2023,2023/05/26,XpressBees,155.9,Lost
SHP002931,ORD002931,2023/01/17,01 Feb 2023,FedEx,788.51,Delayed
SHP002932,ORD002932,0000-00-00,2023-01-31,XPRESSBEES,672.72,in transit
SHP002933,ORD002933,2023/08/23,08/29/2023,XpressBees,53.34,In Transit
SHP002934,ORD002934,31 Jul 2023,15/08/2023,Ekart,224.79,Delayed
SHP002935,ORD002935,10/08/2023,10/15/2023,BlueDart,311.99,Delayed
SHP002936,ORD002936,2024/03/12,,bluedart,749.15,DELIVERED
SHP002937,ORD002937,2024-02-07,08 Feb 2024,XpressBees,192.98,RETURNED TO ORIGIN
SHP002938,ORD002938,17-04-2022,20 Apr 2022,Ekart,440.28,Delivered
SHP002939,ORD002939,2024-01-22,2024/01/30,DTDC,240.0,In Transit
SHP002940,ORD002940,25-03-2023,31-03-2023,INDIAPOST,300.22,in transit
SHP002941,ORD002941,22/01/2024,2024-01-25,XpressBees,109.67,Delayed
SHP002942,ORD002942,03-01-2024,2024-01-06,IndiaPost,409.6,Delivered
SHP002943,ORD002943,2023-06-03,06/10/2023,dtdc,314.8,Delivered
SHP002944,ORD002944,24 Jun 2024,06/30/2024,FedEx,862.54,Delayed
SHP002945,ORD002945,2022/12/20,2022/12/26,Delhivery,213.44,Lost
SHP002946,ORD002946,26-04-2023,03-05-2023,XPRESSBEES,449.3,in transit
SHP002947,ORD002947,16 Sep 2022,2022/09/20,IndiaPost,353.96,Delayed
SHP002948,ORD002948,02/14/2022,02/18/2022,DELHIVERY,881.19,In Transit
SHP002949,ORD002949,04-06-2024,07 Jun 2024,XPRESSBEES,342.79,Returned to Origin
SHP002950,ORD002950,06/02/2023,03 Jun 2023,dtdc,465.25,In Transit
SHP002951,ORD002951,04/01/2024,04/04/2024,delhivery,410.55,Lost
SHP002952,ORD002952,06 Jan 2022,14 Jan 2022,EKART,346.34,DELIVERED
SHP002953,ORD002953,2022/10/28,2022/11/03,Ekart,533.2,Returned to Origin
SHP002954,ORD002954,08/10/2022,16 Oct 2022,Ekart,684.77,In Transit
SHP002955,ORD002955,2022-09-09,09/10/2022,FedEx,485.38,Returned to Origin
SHP002956,ORD002956,02-05-2024,05 May 2024,Ekart,285.75,lost
SHP002957,ORD002957,31-03-2022,05/04/2022,IndiaPost,121.47,In Transit
SHP002958,ORD002958,14-06-2022,06/29/2022,IndiaPost,383.58,RETURNED TO ORIGIN
SHP002959,ORD002959,09/13/2024,2024-09-16,BlueDart,892.94,IN TRANSIT
SHP002960,ORD002960,2023/04/17,02-05-2023,XPRESSBEES,595.38,Returned to Origin
SHP002961,ORD002961,2022/11/07,2022-11-22,Ekart,226.99,LOST
SHP002962,ORD002962,17/03/2022,2022-03-18,Ekart,344.51,RETURNED TO ORIGIN
SHP002963,ORD002963,25 Oct 2024,28-10-2024,IndiaPost,571.7,Delivered
SHP002964,ORD002964,07 May 2022,10 May 2022,XPRESSBEES,609.56,delayed
SHP002965,ORD002965,22/01/2024,27-01-2024,Ekart,117.74,delivered
SHP002966,ORD002966,30 Jun 2022,03 Jul 2022,Ekart,467.36,Returned to Origin
SHP002967,ORD002967,11 Jan 2024,2024-01-14,IndiaPost,228.18,Delayed
SHP002968,ORD002968,2024-06-23,01-07-2024,DELHIVERY,240.53,Delayed
SHP002969,ORD002969,13/08/2023,2023/08/20,BlueDart,604.44,Lost
SHP002970,ORD002970,2024-04-04,07/04/2024,FedEx,482.23,IN TRANSIT
SHP002971,ORD002971,12/10/2024,17 Dec 2024,IndiaPost,298.04,In Transit
SHP002972,ORD002972,07/28/2022,02-08-2022,Delhivery,67.87,Delayed
SHP002973,ORD002973,2024-11-22,07 Dec 2024,delhivery,83.22,Delayed
SHP002974,ORD002974,21 Mar 2022,2022-03-25,FedEx,488.53,Lost
SHP002975,ORD002975,20-04-2023,24 Apr 2023,XPRESSBEES,761.58,Delayed
SHP002976,ORD002976,22-12-2024,06/01/2025,FedEx,100.09,LOST
SHP002977,ORD002977,11-02-2022,2022-02-16,BlueDart,715.18,in transit
SHP002978,ORD002978,30 Oct 2024,2024-11-02,DTDC,680.33,Delivered
SHP002979,ORD002979,08/25/2022,04 Sep 2022,indiapost,189.21,Lost
SHP002980,ORD002980,03 Aug 2024,06-08-2024,BlueDart,781.16,lost
SHP002981,ORD002981,15 Jul 2022,2022/07/19,IndiaPost,553.02,DELIVERED
SHP002982,ORD002982,2024/08/10,18/08/2024,XpressBees,819.43,Returned to Origin
SHP002983,ORD002983,10-03-2022,0000-00-00,Ekart,490.29,Delayed
SHP002984,ORD002984,29-03-2024,2024-04-04,fedex,32.8,Returned to Origin
SHP002985,ORD002985,2023-02-18,02/25/2023,XpressBees,674.03,lost
SHP002986,ORD002986,0000-00-00,2024/01/29,Delhivery,752.22,Delivered
SHP002987,ORD002987,02/17/2024,20 Feb 2024,EKART,729.38,delayed
SHP002988,ORD002988,2023/06/02,06/04/2023,Ekart,129.99,Delivered
SHP002989,ORD002989,27/09/2023,30/09/2023,IndiaPost,339.68,Returned to Origin
SHP002990,ORD002990,02/08/2023,23 Feb 2023,Delhivery,885.03,Delayed
SHP002991,ORD002991,03/13/2024,20 Mar 2024,FedEx,757.28,delivered
SHP002992,ORD002992,2023/01/19,,IndiaPost,384.09,Delayed
SHP002993,ORD002993,25/02/2022,28-02-2022,dtdc,403.98,returned to origin
SHP002994,ORD002994,0000-00-00,08/26/2022,BlueDart,531.19,Returned to Origin
SHP002995,ORD002995,2024/11/18,25/11/2024,BlueDart,280.58,Returned to Origin
SHP002996,ORD002996,06/09/2022,12 Jun 2022,Ekart,746.14,Delivered
SHP002997,ORD002997,03/08/2023,16/03/2023,IndiaPost,193.04,Delivered
SHP002998,ORD002998,06/09/2023,2023/09/10,DELHIVERY,640.88,IN TRANSIT
SHP002999,ORD002999,2024-10-01,03 Oct 2024,BLUEDART,735.49,lost
SHP003000,ORD003000,12-03-2023,15/03/2023,IndiaPost,324.7,Returned to Origin
SHP003001,ORD003001,29/03/2024,2024-04-03,BlueDart,893.06,Delayed
SHP003002,ORD003002,2023/08/06,16/08/2023,FedEx,150.01,delayed
SHP003003,ORD003003,03/12/2022,13-12-2022,DTDC,595.56,Lost
SHP003004,ORD003004,2024/10/23,29-10-2024,delhivery,253.43,Returned to Origin
SHP003005,ORD003005,2023-03-14,2023-03-17,FedEx,232.88,Returned to Origin
SHP003006,ORD003006,2022-08-11,14/08/2022,Delhivery,109.13,DELIVERED
SHP003007,ORD003007,18 Jun 2022,19/06/2022,BlueDart,782.41,Lost
SHP003008,ORD003008,2022/05/28,07 Jun 2022,BlueDart,39.82,Returned to Origin
SHP003009,ORD003009,10/30/2024,,Delhivery,878.08,Returned to Origin
SHP003010,ORD003010,,2023/05/27,Ekart,774.66,Delivered
SHP003011,ORD003011,09/09/2023,12 Sep 2023,delhivery,862.77,In Transit
SHP003012,ORD003012,04/01/2022,2022/04/16,XpressBees,427.3,lost
SHP003013,ORD003013,02/05/2023,09/02/2023,BlueDart,604.99,Delayed
SHP003014,ORD003014,21-09-2024,09/25/2024,IndiaPost,543.82,Delivered
SHP003015,ORD003015,30 Jul 2023,2023/08/07,FEDEX,680.44,delivered
SHP003016,ORD003016,05 Nov 2022,13-11-2022,BlueDart,496.74,Returned to Origin
SHP003017,ORD003017,08/11/2024,16/11/2024,Ekart,583.89,delivered
SHP003018,ORD003018,12/09/2024,,Ekart,388.49,Delivered
SHP003019,ORD003019,04-06-2024,2024-06-19,fedex,643.05,Lost
SHP003020,ORD003020,31-10-2023,08 Nov 2023,BlueDart,660.57,Lost
SHP003021,ORD003021,11/04/2022,07-11-2022,Ekart,158.5,Delayed
SHP003022,ORD003022,13 Nov 2023,21-11-2023,XpressBees,456.88,In Transit
SHP003023,ORD003023,03-11-2022,08/11/2022,DTDC,850.89,Lost
SHP003024,ORD003024,29-07-2022,03-08-2022,indiapost,794.71,LOST
SHP003025,ORD003025,03 May 2022,2022-05-18,IndiaPost,371.1,Lost
SHP003026,ORD003026,31/01/2024,2024/02/01,Ekart,419.81,Returned to Origin
SHP003027,ORD003027,2022-10-18,28/10/2022,FedEx,234.95,LOST
SHP003028,ORD003028,2022/04/18,2022/04/21,xpressbees,,Delayed
SHP003029,ORD003029,20 Aug 2023,2023-08-23,Delhivery,218.87,Lost
SHP003030,ORD003030,01 Mar 2024,04/03/2024,delhivery,631.5,IN TRANSIT
SHP003031,ORD003031,03/05/2023,13/05/2023,DTDC,812.84,Delayed
SHP003032,ORD003032,02/08/2023,10 Aug 2023,Delhivery,862.61,Delayed
SHP003033,ORD003033,16/03/2022,03/26/2022,BlueDart,331.52,delivered
SHP003034,ORD003034,2023-05-19,05/22/2023,Delhivery,792.42,Delivered
SHP003035,ORD003035,2023/04/20,2023/05/05,XpressBees,511.36,IN TRANSIT
SHP003036,ORD003036,08-12-2023,12/15/2023,bluedart,428.68,Delayed
SHP003037,ORD003037,2023/09/10,09/13/2023,IndiaPost,711.53,Returned to Origin
SHP003038,ORD003038,07 Jul 2023,2023/07/15,Ekart,548.85,IN TRANSIT
SHP003039,ORD003039,2024/10/28,04/11/2024,IndiaPost,284.63,IN TRANSIT
SHP003040,ORD003040,06/09/2023,2023-09-14,DTDC,93.2,Delayed
SHP003041,ORD003041,21 Jun 2022,06/24/2022,Delhivery,375.99,returned to origin
SHP003042,ORD003042,2024-02-08,23 Feb 2024,DTDC,845.44,In Transit
SHP003043,ORD003043,14 Feb 2024,20/02/2024,XpressBees,724.34,Lost
SHP003044,ORD003044,2024-08-06,21/08/2024,IndiaPost,61.31,Delivered
SHP003045,ORD003045,22-08-2024,08/26/2024,XpressBees,643.36,lost
SHP003046,ORD003046,07-05-2024,11 May 2024,IndiaPost,32.99,Lost
SHP003047,ORD003047,10 Mar 2023,18 Mar 2023,Ekart,883.58,In Transit
SHP003048,ORD003048,06 Sep 2024,2024-09-11,DTDC,627.33,Delivered
SHP003049,ORD003049,27 Oct 2022,10/30/2022,FedEx,876.82,Returned to Origin
SHP003050,ORD003050,2023/02/08,16 Feb 2023,indiapost,813.46,Lost
SHP003051,ORD003051,2022-01-22,23/01/2022,FEDEX,817.27,Lost
SHP003052,ORD003052,0000-00-00,14/02/2024,Ekart,96.41,In Transit
SHP003053,ORD003053,2023-08-01,2023-08-08,DTDC,433.51,RETURNED TO ORIGIN
SHP003054,ORD003054,11-04-2023,13/04/2023,Ekart,85.21,Delivered
SHP003055,ORD003055,17/05/2023,24 May 2023,IndiaPost,234.09,Delivered
SHP003056,ORD003056,2024/02/18,21-02-2024,FedEx,166.25,DELAYED
SHP003057,ORD003057,17-09-2023,22 Sep 2023,BlueDart,286.74,Returned to Origin
SHP003058,ORD003058,03/30/2023,04/01/2023,DTDC,85.08,lost
SHP003059,ORD003059,08/09/2022,08/19/2022,xpressbees,694.5,Delivered
SHP003060,ORD003060,31/01/2024,02/10/2024,IndiaPost,789.71,Delayed
SHP003061,ORD003061,30/03/2023,2023/04/07,IndiaPost,537.37,Delayed
SHP003062,ORD003062,18/07/2023,23/07/2023,Delhivery,374.78,Delivered
SHP003063,ORD003063,2024-07-21,2024/07/29,XpressBees,478.85,Delivered
SHP003064,ORD003064,2022/06/10,20 Jun 2022,BlueDart,138.01,Delivered
SHP003065,ORD003065,22 Nov 2023,11/24/2023,IndiaPost,795.82,Lost
SHP003066,ORD003066,2022-05-27,2022-05-30,fedex,627.61,lost
SHP003067,ORD003067,10/21/2024,27-10-2024,IndiaPost,105.46,Delivered
SHP003068,ORD003068,12/10/2022,14/12/2022,BlueDart,651.2,Delivered
SHP003069,ORD003069,08/02/2024,2024-08-05,EKART,269.31,Lost
SHP003070,ORD003070,03/07/2022,07 Jul 2022,dtdc,797.9,In Transit
SHP003071,ORD003071,2023-12-30,01/14/2024,IndiaPost,79.09,delivered
SHP003072,ORD003072,2023-10-12,19 Oct 2023,XpressBees,79.46,DELAYED
SHP003073,ORD003073,27 May 2023,2023/06/03,Ekart,788.12,returned to origin
SHP003074,ORD003074,2023-05-31,06/06/2023,XpressBees,660.92,in transit
SHP003075,ORD003075,14-12-2022,12/15/2022,FedEx,436.54,In Transit
SHP003076,ORD003076,03 Apr 2023,2023-04-05,DTDC,168.78,returned to origin
SHP003077,ORD003077,2022/06/04,06/09/2022,BlueDart,618.66,In Transit
SHP003078,ORD003078,2022-01-23,01/25/2022,BLUEDART,312.47,Delayed
SHP003079,ORD003079,04/06/2022,14/06/2022,Ekart,559.63,Lost
SHP003080,ORD003080,2024-09-15,22-09-2024,XPRESSBEES,835.41,Delivered
SHP003081,ORD003081,2023-09-18,19-09-2023,DTDC,626.1,Returned to Origin
SHP003082,ORD003082,,29/03/2024,Ekart,225.59,IN TRANSIT
SHP003083,ORD003083,29-12-2023,30-12-2023,DTDC,566.41,Delayed
SHP003084,ORD003084,08/08/2022,2022-08-14,XpressBees,65.8,delivered
SHP003085,ORD003085,2022/11/22,07/12/2022,bluedart,807.25,Delivered
SHP003086,ORD003086,14/03/2022,29 Mar 2022,xpressbees,641.35,IN TRANSIT
SHP003087,ORD003087,04/07/2024,2024-04-17,IndiaPost,271.63,RETURNED TO ORIGIN
SHP003088,ORD003088,03 Mar 2024,11/03/2024,XpressBees,375.16,Returned to Origin
SHP003089,ORD003089,14/06/2023,24/06/2023,DELHIVERY,433.24,In Transit
SHP003090,ORD003090,2023/10/01,02 Oct 2023,Delhivery,125.24,LOST
SHP003091,ORD003091,11/14/2024,,ekart,123.55,Delayed
SHP003092,ORD003092,2022/02/10,2022-02-14,BlueDart,308.0,RETURNED TO ORIGIN
SHP003093,ORD003093,26/08/2023,03 Sep 2023,Delhivery,264.39,lost
SHP003094,ORD003094,26-05-2024,2024-06-02,Ekart,177.25,DELAYED
SHP003095,ORD003095,17 Oct 2023,24/10/2023,FedEx,124.9,Delayed
SHP003096,ORD003096,25 Jul 2022,09-08-2022,FedEx,128.37,lost
SHP003097,ORD003097,2024-07-07,07/11/2024,XpressBees,531.51,LOST
SHP003098,ORD003098,17-10-2024,2024/10/25,XpressBees,628.79,Lost
SHP003099,ORD003099,30/06/2023,04/07/2023,Ekart,106.07,Delayed
SHP003100,ORD003100,2022-05-06,05/09/2022,DTDC,373.62,RETURNED TO ORIGIN
SHP003101,ORD003101,21-08-2022,31 Aug 2022,Delhivery,575.69,Delayed
SHP003102,ORD003102,31/10/2023,2023-11-01,XPRESSBEES,349.5,Returned to Origin
SHP003103,ORD003103,26-03-2024,0000-00-00,FedEx,483.1,In Transit
SHP003104,ORD003104,13-08-2022,18 Aug 2022,XpressBees,745.75,DELAYED
SHP003105,ORD003105,06/09/2024,2024/09/10,indiapost,428.05,lost
SHP003106,ORD003106,0000-00-00,30 Mar 2024,Ekart,736.09,Lost
SHP003107,ORD003107,2022/05/27,06/01/2022,XpressBees,535.55,Lost
SHP003108,ORD003108,2022-08-09,2022-08-17,INDIAPOST,796.19,Returned to Origin
SHP003109,ORD003109,2022/11/06,11/13/2022,Delhivery,838.75,in transit
SHP003110,ORD003110,10/22/2022,11/06/2022,EKART,71.44,LOST
SHP003111,ORD003111,05/15/2022,2022/05/22,BlueDart,372.44,Delivered
SHP003112,ORD003112,18 Sep 2024,28/09/2024,Delhivery,724.02,Returned to Origin
SHP003113,ORD003113,08-03-2023,11 Mar 2023,DTDC,615.49,Delayed
SHP003114,ORD003114,07/12/2024,12-12-2024,BlueDart,358.43,IN TRANSIT
SHP003115,ORD003115,2024/09/19,09/27/2024,IndiaPost,412.75,Lost
SHP003116,ORD003116,09/19/2024,2024/09/26,FedEx,573.21,in transit
SHP003117,ORD003117,2023-09-25,2023-10-02,IndiaPost,188.02,returned to origin
SHP003118,ORD003118,25-06-2024,2024/07/02,Ekart,433.79,Lost
SHP003119,ORD003119,2024-01-28,2024-02-02,XPRESSBEES,795.4,Lost
SHP003120,ORD003120,18-04-2023,24-04-2023,DTDC,510.94,Delivered
SHP003121,ORD003121,2022/08/10,,EKART,440.13,in transit
SHP003122,ORD003122,15 Nov 2022,11/23/2022,Delhivery,608.79,Lost
SHP003123,ORD003123,,2024/02/11,BlueDart,154.11,Lost
SHP003124,ORD003124,05/02/2023,2023-02-20,IndiaPost,621.04,LOST
SHP003125,ORD003125,16/08/2022,08/22/2022,BlueDart,132.6,LOST
SHP003126,ORD003126,07/05/2022,2022/05/22,XpressBees,116.76,IN TRANSIT
SHP003127,ORD003127,2024/05/31,06 Jun 2024,dtdc,241.75,Returned to Origin
SHP003128,ORD003128,2023-07-05,20/07/2023,xpressbees,612.88,Delivered
SHP003129,ORD003129,11/23/2022,24 Nov 2022,DTDC,114.79,Lost
SHP003130,ORD003130,2022-07-05,09 Jul 2022,XpressBees,36.32,Lost
SHP003131,ORD003131,03/20/2022,27 Mar 2022,DELHIVERY,463.73,returned to origin
SHP003132,ORD003132,2023-03-26,2023-04-05,Delhivery,718.61,Delayed
SHP003133,ORD003133,11-03-2024,12 Mar 2024,Ekart,536.33,In Transit
SHP003134,ORD003134,21-06-2023,2023/07/06,IndiaPost,407.51,Delivered
SHP003135,ORD003135,09/04/2023,2023-04-12,DTDC,471.99,lost
SHP003136,ORD003136,09-09-2024,2024/09/14,Delhivery,248.13,In Transit
SHP003137,ORD003137,09/20/2024,2024/09/24,bluedart,219.61,Lost
SHP003138,ORD003138,03 Sep 2024,06/09/2024,Delhivery,410.17,Lost
SHP003139,ORD003139,2023-12-10,12/12/2023,DTDC,515.52,Returned to Origin
SHP003140,ORD003140,28-03-2024,05 Apr 2024,BLUEDART,435.39,Returned to Origin
SHP003141,ORD003141,05-04-2023,09-04-2023,Delhivery,640.26,In Transit
SHP003142,ORD003142,2022/04/10,13 Apr 2022,IndiaPost,600.49,Returned to Origin
SHP003143,ORD003143,17 Jun 2024,24 Jun 2024,DTDC,652.11,lost
SHP003144,ORD003144,01/01/2025,2025/01/04,XpressBees,420.07,In Transit
SHP003145,ORD003145,02/04/2022,02/19/2022,FedEx,186.79,Returned to Origin
SHP003146,ORD003146,2023/07/21,07/26/2023,BLUEDART,775.71,Lost
SHP003147,ORD003147,2023-06-20,24 Jun 2023,Ekart,891.02,Returned to Origin
SHP003148,ORD003148,09-04-2024,2024-04-12,FedEx,341.17,returned to origin
SHP003149,ORD003149,2025/01/01,02-01-2025,DTDC,418.53,Returned to Origin
SHP003150,ORD003150,12/01/2022,12/11/2022,DTDC,181.59,In Transit
SHP003151,ORD003151,06/04/2022,06/07/2022,DTDC,681.01,Delayed
SHP003152,ORD003152,0000-00-00,29-12-2024,XpressBees,580.93,IN TRANSIT
SHP003153,ORD003153,07/15/2024,17/07/2024,Delhivery,458.68,Returned to Origin
SHP003154,ORD003154,04/20/2022,22-04-2022,Delhivery,574.02,IN TRANSIT
SHP003155,ORD003155,15 Sep 2023,30-09-2023,XpressBees,293.33,In Transit
SHP003156,ORD003156,2024-03-05,03/06/2024,Delhivery,238.0,Returned to Origin
SHP003157,ORD003157,12/13/2024,2024/12/20,IndiaPost,552.29,In Transit
SHP003158,ORD003158,28/01/2022,2022-02-03,IndiaPost,450.58,DELAYED
SHP003159,ORD003159,12 Dec 2022,14/12/2022,DTDC,296.32,Returned to Origin
SHP003160,ORD003160,10/24/2022,01 Nov 2022,XPRESSBEES,104.7,delayed
SHP003161,ORD003161,23 Apr 2023,04/25/2023,DTDC,846.57,IN TRANSIT
SHP003162,ORD003162,2023-02-10,14/02/2023,Ekart,871.26,In Transit
SHP003163,ORD003163,2023/10/02,10/05/2023,IndiaPost,758.19,Lost
SHP003164,ORD003164,18 Jul 2022,20/07/2022,FedEx,273.33,Delayed
SHP003165,ORD003165,10/18/2022,23/10/2022,DTDC,328.55,Returned to Origin
SHP003166,ORD003166,2024/01/22,06-02-2024,delhivery,128.7,Returned to Origin
SHP003167,ORD003167,20/11/2022,23-11-2022,IndiaPost,441.22,DELIVERED
SHP003168,ORD003168,03 May 2024,04-05-2024,FedEx,275.1,In Transit
SHP003169,ORD003169,20-05-2022,26-05-2022,IndiaPost,719.83,Delayed
SHP003170,ORD003170,2024-08-11,15-08-2024,indiapost,412.35,Lost
SHP003171,ORD003171,06/19/2023,26-06-2023,DTDC,632.96,In Transit
SHP003172,ORD003172,13/08/2024,2024/08/16,Delhivery,801.62,In Transit
SHP003173,ORD003173,27 Sep 2023,12/10/2023,DTDC,151.44,Delayed
SHP003174,ORD003174,2023/03/15,18 Mar 2023,BlueDart,785.76,In Transit
SHP003175,ORD003175,2023-08-10,2023/08/11,XPRESSBEES,633.03,Lost
SHP003176,ORD003176,2023/12/15,12/30/2023,DTDC,593.96,Lost
SHP003177,ORD003177,2024-09-08,2024/09/11,DTDC,136.75,Returned to Origin
SHP003178,ORD003178,30-07-2023,02/08/2023,IndiaPost,231.41,Returned to Origin
SHP003179,ORD003179,06 Aug 2023,16/08/2023,FedEx,332.76,Delivered
SHP003180,ORD003180,28-09-2024,2024-10-04,Delhivery,787.37,Delivered
SHP003181,ORD003181,17-11-2022,11/19/2022,Delhivery,298.97,In Transit
SHP003182,ORD003182,24 Dec 2024,2024-12-25,BlueDart,256.34,In Transit
SHP003183,ORD003183,09 Oct 2022,24/10/2022,XpressBees,879.14,LOST
SHP003184,ORD003184,21 Jan 2024,2024/01/29,DTDC,864.04,Lost
SHP003185,ORD003185,06-11-2023,10 Nov 2023,EKART,454.74,Lost
SHP003186,ORD003186,2024/10/23,10/27/2024,IndiaPost,387.19,IN TRANSIT
SHP003187,ORD003187,2024-06-02,2024-06-08,IndiaPost,405.13,Delivered
SHP003188,ORD003188,10/06/2024,06/16/2024,delhivery,641.17,Returned to Origin
SHP003189,ORD003189,11-09-2022,2022/09/21,bluedart,400.09,Returned to Origin
SHP003190,ORD003190,27 May 2023,2023/06/01,Delhivery,610.98,Lost
SHP003191,ORD003191,2022-06-10,17/06/2022,Ekart,55.1,In Transit
SHP003192,ORD003192,2022-07-12,17-07-2022,EKART,79.8,In Transit
SHP003193,ORD003193,03-07-2023,2023/07/09,BlueDart,138.79,returned to origin
SHP003194,ORD003194,2023-04-23,2023/04/28,FedEx,669.81,Returned to Origin
SHP003195,ORD003195,03/02/2024,2024/03/04,DTDC,330.0,Delayed
SHP003196,ORD003196,2022/08/24,08/31/2022,DTDC,586.79,In Transit
SHP003197,ORD003197,31 Oct 2022,2022/11/15,FedEx,119.64,LOST
SHP003198,ORD003198,13 Jan 2022,01/28/2022,Ekart,837.89,Returned to Origin
SHP003199,ORD003199,2023/05/11,05/18/2023,BlueDart,43.19,In Transit
SHP003200,ORD003200,04-10-2023,10/11/2023,Delhivery,331.49,Returned to Origin
SHP003201,ORD003201,03/20/2023,24 Mar 2023,xpressbees,392.25,in transit
SHP003202,ORD003202,06/25/2024,02-07-2024,BlueDart,619.4,Delayed
SHP003203,ORD003203,28/06/2023,04/07/2023,BlueDart,636.51,Delayed
SHP003204,ORD003204,01/18/2022,24-01-2022,BlueDart,99.97,in transit
SHP003205,ORD003205,2024/06/22,30/06/2024,Delhivery,32.32,IN TRANSIT
SHP003206,ORD003206,17/02/2023,0000-00-00,XpressBees,801.3,Delivered
SHP003207,ORD003207,11/02/2023,2023-02-16,IndiaPost,422.64,In Transit
SHP003208,ORD003208,2024/06/25,03/07/2024,IndiaPost,539.64,LOST
SHP003209,ORD003209,27-07-2024,2024/07/31,DTDC,550.68,Returned to Origin
SHP003210,ORD003210,2023/12/20,2023-12-21,INDIAPOST,457.97,Delivered
SHP003211,ORD003211,01 Mar 2022,16/03/2022,IndiaPost,897.36,delivered
SHP003212,ORD003212,2023-08-26,28/08/2023,XpressBees,615.72,delayed
SHP003213,ORD003213,2023/09/03,09/06/2023,FEDEX,342.52,In Transit
SHP003214,ORD003214,2023/04/28,2023-05-01,DTDC,680.46,DELAYED
SHP003215,ORD003215,,02/11/2023,BlueDart,97.84,returned to origin
SHP003216,ORD003216,21 Nov 2024,2024-11-22,Delhivery,594.41,delivered
SHP003217,ORD003217,2024/03/29,04-04-2024,XpressBees,626.3,returned to origin
SHP003218,ORD003218,04/23/2024,30/04/2024,ekart,499.17,Delayed
SHP003219,ORD003219,01-01-2023,2023/01/06,IndiaPost,535.63,Delayed
SHP003220,ORD003220,2024-07-26,29/07/2024,dtdc,894.66,Lost
SHP003221,ORD003221,2024/02/17,24 Feb 2024,BlueDart,723.92,Lost
SHP003222,ORD003222,2023/01/28,2023/01/29,Delhivery,282.59,Delivered
SHP003223,ORD003223,03/15/2023,18 Mar 2023,Ekart,490.63,Delayed
SHP003224,ORD003224,09/10/2024,14 Oct 2024,XpressBees,771.36,Returned to Origin
SHP003225,ORD003225,01/09/2023,2023-09-11,BlueDart,553.66,Returned to Origin
SHP003226,ORD003226,2022/02/10,15-02-2022,FedEx,131.3,returned to origin
SHP003227,ORD003227,2022/03/17,20-03-2022,DELHIVERY,821.41,In Transit
SHP003228,ORD003228,10/07/2022,2022-07-25,fedex,337.01,returned to origin
SHP003229,ORD003229,18/05/2023,02 Jun 2023,DELHIVERY,401.44,LOST
SHP003230,ORD003230,2022/04/16,04/21/2022,IndiaPost,342.36,In Transit
SHP003231,ORD003231,03/31/2022,10-04-2022,DTDC,175.54,RETURNED TO ORIGIN
SHP003232,ORD003232,12/07/2022,2022-12-10,IndiaPost,331.6,In Transit
SHP003233,ORD003233,2022-02-26,2022/03/01,delhivery,149.44,Lost
SHP003234,ORD003234,29/08/2023,02/09/2023,Delhivery,310.66,Delayed
SHP003235,ORD003235,04/07/2022,09 Apr 2022,DTDC,204.3,Delivered
SHP003236,ORD003236,2022/09/11,2022/09/14,Delhivery,547.76,Returned to Origin
SHP003237,ORD003237,2024-11-03,18-11-2024,IndiaPost,276.17,Lost
SHP003238,ORD003238,16/04/2023,2023/04/17,BLUEDART,173.52,DELAYED
SHP003239,ORD003239,2023/09/23,2023/10/03,XpressBees,211.65,LOST
SHP003240,ORD003240,21/03/2022,2022/03/28,DTDC,875.26,Delivered
SHP003241,ORD003241,09/30/2022,03-10-2022,DTDC,259.22,Delivered
SHP003242,ORD003242,2022-05-31,15-06-2022,XpressBees,406.69,RETURNED TO ORIGIN
SHP003243,ORD003243,10/07/2023,25/07/2023,indiapost,536.68,Lost
SHP003244,ORD003244,2024/12/21,22/12/2024,DTDC,123.65,Lost
SHP003245,ORD003245,01/10/2023,16 Jan 2023,DTDC,580.28,Lost
SHP003246,ORD003246,19 Sep 2022,04/10/2022,DTDC,290.99,IN TRANSIT
SHP003247,ORD003247,02 Nov 2022,11/10/2022,Ekart,695.03,Delivered
SHP003248,ORD003248,,02-06-2022,Delhivery,476.09,In Transit
SHP003249,ORD003249,16 Aug 2022,22 Aug 2022,XpressBees,346.59,Delayed
SHP003250,ORD003250,03/14/2023,03/29/2023,Ekart,465.61,delayed
SHP003251,ORD003251,19/11/2023,21-11-2023,FedEx,485.04,Lost
SHP003252,ORD003252,2023-04-02,06-04-2023,BLUEDART,652.0,Delivered
SHP003253,ORD003253,02-12-2024,08/12/2024,Delhivery,498.73,Lost
SHP003254,ORD003254,2022-08-07,17 Aug 2022,DTDC,469.82,Returned to Origin
SHP003255,ORD003255,21/09/2022,2022-10-01,Ekart,231.78,Delivered
SHP003256,ORD003256,08/22/2024,0000-00-00,Delhivery,47.17,Delivered
SHP003257,ORD003257,08/31/2024,2024-09-03,BlueDart,899.26,in transit
SHP003258,ORD003258,03/10/2023,11 Mar 2023,Delhivery,119.63,Lost
SHP003259,ORD003259,2023/01/18,2023/01/24,INDIAPOST,711.16,Returned to Origin
SHP003260,ORD003260,06/03/2024,2024-03-16,INDIAPOST,37.39,LOST
SHP003261,ORD003261,07/08/2023,10 Jul 2023,Delhivery,674.77,Delayed
SHP003262,ORD003262,2022/05/03,07/05/2022,DTDC,560.8,Lost
SHP003263,ORD003263,24 Mar 2023,2023/03/30,DTDC,139.27,Lost
SHP003264,ORD003264,2024/03/16,20-03-2024,xpressbees,496.24,Delivered
SHP003265,ORD003265,2023-04-09,2023/04/17,FedEx,513.57,RETURNED TO ORIGIN
SHP003266,ORD003266,,15 Nov 2024,XpressBees,819.03,DELIVERED
SHP003267,ORD003267,26 Aug 2023,30/08/2023,FedEx,271.66,Returned to Origin
SHP003268,ORD003268,03/06/2024,18-06-2024,delhivery,608.55,Returned to Origin
SHP003269,ORD003269,02/09/2023,12/02/2023,XpressBees,788.62,Lost
SHP003270,ORD003270,0000-00-00,2024/12/11,dtdc,757.81,Delayed
SHP003271,ORD003271,26-11-2024,11 Dec 2024,Ekart,207.76,In Transit
SHP003272,ORD003272,2022/09/22,29 Sep 2022,BlueDart,624.48,In Transit
SHP003273,ORD003273,19/04/2023,2023/04/29,INDIAPOST,366.18,Delayed
SHP003274,ORD003274,12/05/2024,2024/12/13,DELHIVERY,101.88,Delivered
SHP003275,ORD003275,2023/08/02,2023/08/07,Ekart,740.96,Returned to Origin
SHP003276,ORD003276,26-01-2024,01 Feb 2024,IndiaPost,,LOST
SHP003277,ORD003277,2023-02-20,28 Feb 2023,XpressBees,511.37,Delayed
SHP003278,ORD003278,2023-12-10,12/15/2023,Ekart,843.25,Lost
SHP003279,ORD003279,17-11-2024,27-11-2024,Delhivery,295.11,Lost
SHP003280,ORD003280,2024-08-08,2024-08-11,BlueDart,185.93,In Transit
SHP003281,ORD003281,11-05-2022,2022-05-16,DTDC,554.31,Delayed
SHP003282,ORD003282,2023-06-11,14-06-2023,DTDC,221.65,Lost
SHP003283,ORD003283,2024/11/01,04/11/2024,BLUEDART,716.82,Lost
SHP003284,ORD003284,30 Mar 2022,06 Apr 2022,DTDC,884.3,Returned to Origin
SHP003285,ORD003285,20/12/2023,23-12-2023,Ekart,871.81,In Transit
SHP003286,ORD003286,2022-10-07,2022-10-08,delhivery,844.32,returned to origin
SHP003287,ORD003287,11-05-2022,21-05-2022,indiapost,765.22,Returned to Origin
SHP003288,ORD003288,09/06/2024,09/09/2024,IndiaPost,327.56,Lost
SHP003289,ORD003289,02/03/2023,2023-03-06,FedEx,619.27,In Transit
SHP003290,ORD003290,18/07/2023,07/23/2023,Ekart,198.23,Delivered
SHP003291,ORD003291,25 Aug 2024,,indiapost,289.12,returned to origin
SHP003292,ORD003292,2024/10/01,2024/10/08,IndiaPost,777.23,lost
SHP003293,ORD003293,2022/04/15,22-04-2022,BlueDart,92.07,Delayed
SHP003294,ORD003294,21-04-2022,23/04/2022,DTDC,67.88,IN TRANSIT
SHP003295,ORD003295,2023-09-06,09/09/2023,xpressbees,183.15,Delayed
SHP003296,ORD003296,13 Jan 2024,,Ekart,184.1,Lost
SHP003297,ORD003297,2022-05-21,05/27/2022,BlueDart,188.17,returned to origin
SHP003298,ORD003298,26-08-2023,2023-08-31,delhivery,244.81,Returned to Origin
SHP003299,ORD003299,04/05/2023,11/04/2023,DTDC,30.04,RETURNED TO ORIGIN
SHP003300,ORD003300,2023-10-31,02 Nov 2023,FedEx,246.97,Delivered
SHP003301,ORD003301,2023-02-19,23-02-2023,EKART,317.12,Delivered
SHP003302,ORD003302,29 Mar 2024,01/04/2024,XpressBees,714.03,Returned to Origin
SHP003303,ORD003303,2024/09/07,13-09-2024,DELHIVERY,440.65,LOST
SHP003304,ORD003304,01/31/2023,06-02-2023,INDIAPOST,813.23,lost
SHP003305,ORD003305,2023/06/12,13-06-2023,ekart,402.79,delivered
SHP003306,ORD003306,2022-09-04,2022-09-07,Ekart,162.11,Returned to Origin
SHP003307,ORD003307,08/20/2023,08/21/2023,DTDC,271.08,lost
SHP003308,ORD003308,03/01/2022,07/01/2022,BlueDart,864.34,Returned to Origin
SHP003309,ORD003309,11/19/2022,26 Nov 2022,Ekart,568.47,Returned to Origin
SHP003310,ORD003310,14-04-2023,2023-04-17,Ekart,853.55,Lost
SHP003311,ORD003311,04/20/2023,2023/04/23,xpressbees,697.16,Delivered
SHP003312,ORD003312,2024-04-29,03 May 2024,BLUEDART,296.24,returned to origin
SHP003313,ORD003313,21/07/2022,2022/07/22,Ekart,423.49,in transit
SHP003314,ORD003314,2022/07/21,22 Jul 2022,Delhivery,678.83,delayed
SHP003315,ORD003315,03 Nov 2023,11 Nov 2023,xpressbees,372.06,Delayed
SHP003316,ORD003316,,06/03/2022,FedEx,630.36,Delivered
SHP003317,ORD003317,01/02/2024,09/01/2024,IndiaPost,46.96,In Transit
SHP003318,ORD003318,20/09/2023,24-09-2023,XpressBees,835.52,RETURNED TO ORIGIN
SHP003319,ORD003319,28-12-2023,04/01/2024,FedEx,569.51,Lost
SHP003320,ORD003320,04 Dec 2024,09 Dec 2024,FEDEX,477.56,lost
SHP003321,ORD003321,22 Feb 2022,09/03/2022,IndiaPost,728.33,IN TRANSIT
SHP003322,ORD003322,2022-09-08,09/09/2022,IndiaPost,322.93,RETURNED TO ORIGIN
SHP003323,ORD003323,2024/01/31,2024-02-03,XpressBees,381.23,Lost
SHP003324,ORD003324,2022/10/02,09 Oct 2022,DTDC,634.11,Delivered
SHP003325,ORD003325,2023-03-04,2023-03-07,BLUEDART,894.48,Delivered
SHP003326,ORD003326,05/18/2023,02-06-2023,ekart,602.24,delivered
SHP003327,ORD003327,17-10-2023,2023-10-22,DTDC,621.34,Delivered
SHP003328,ORD003328,31 Aug 2024,05-09-2024,xpressbees,572.48,DELAYED
SHP003329,ORD003329,10/05/2023,05/25/2023,FEDEX,734.49,Delayed
SHP003330,ORD003330,2022-05-29,06/06/2022,BlueDart,827.67,Delayed
SHP003331,ORD003331,2022-10-07,08-10-2022,delhivery,204.69,Delivered
SHP003332,ORD003332,21 Mar 2023,2023-03-27,IndiaPost,779.39,Delayed
SHP003333,ORD003333,23 Nov 2024,01-12-2024,EKART,853.44,In Transit
SHP003334,ORD003334,29/09/2022,02 Oct 2022,IndiaPost,50.27,Delivered
SHP003335,ORD003335,29-03-2023,02 Apr 2023,BlueDart,681.44,Returned to Origin
SHP003336,ORD003336,2022-02-02,2022-02-12,ekart,667.34,IN TRANSIT
SHP003337,ORD003337,26/08/2023,2023/08/29,FedEx,178.79,Lost
SHP003338,ORD003338,17-10-2023,2023/10/19,FEDEX,791.24,Delayed
SHP003339,ORD003339,2022-05-14,05/19/2022,Ekart,720.49,In Transit
SHP003340,ORD003340,2024/01/18,26/01/2024,FedEx,69.31,Delayed
SHP003341,ORD003341,2023-03-11,2023/03/19,IndiaPost,665.5,lost
SHP003342,ORD003342,2024-01-09,01/19/2024,BlueDart,672.04,Delayed
SHP003343,ORD003343,08/29/2023,08/30/2023,IndiaPost,634.8,Delayed
SHP003344,ORD003344,19 Nov 2023,25 Nov 2023,XPRESSBEES,378.12,RETURNED TO ORIGIN
SHP003345,ORD003345,2023-09-28,2023-09-30,IndiaPost,787.94,Delayed
SHP003346,ORD003346,17 Jul 2023,18 Jul 2023,BLUEDART,213.19,Lost
SHP003347,ORD003347,2023/03/30,07/04/2023,fedex,378.6,In Transit
SHP003348,ORD003348,29 Dec 2024,01/04/2025,xpressbees,285.84,Lost
SHP003349,ORD003349,17/02/2023,20 Feb 2023,fedex,140.48,delivered
SHP003350,ORD003350,11-08-2022,26/08/2022,FedEx,321.54,In Transit
SHP003351,ORD003351,2024-08-09,10/08/2024,INDIAPOST,842.93,RETURNED TO ORIGIN
SHP003352,ORD003352,08/25/2022,26 Aug 2022,IndiaPost,791.98,Returned to Origin
SHP003353,ORD003353,06-12-2022,2022/12/09,BlueDart,174.65,Lost
SHP003354,ORD003354,07/12/2024,2024/12/22,Delhivery,608.9,Delivered
SHP003355,ORD003355,08/12/2022,27 Aug 2022,Ekart,748.11,Returned to Origin
SHP003356,ORD003356,2024-02-27,29-02-2024,BlueDart,815.16,IN TRANSIT
SHP003357,ORD003357,2022/12/01,12/08/2022,Ekart,402.42,Delayed
SHP003358,ORD003358,19-12-2022,12/24/2022,DTDC,143.83,Delayed
SHP003359,ORD003359,2024-10-20,2024/10/26,Delhivery,852.62,LOST
SHP003360,ORD003360,,03/24/2022,DTDC,79.2,In Transit
SHP003361,ORD003361,08/17/2024,22/08/2024,Ekart,666.97,Delayed
SHP003362,ORD003362,10-10-2023,14 Oct 2023,IndiaPost,682.28,Lost
SHP003363,ORD003363,12/23/2024,2025/01/02,fedex,845.95,In Transit
SHP003364,ORD003364,2022-06-24,07/09/2022,Ekart,444.86,returned to origin
SHP003365,ORD003365,03/21/2023,2023/03/31,xpressbees,201.37,Delayed
SHP003366,ORD003366,2024-07-05,2024/07/09,DTDC,162.57,Returned to Origin
SHP003367,ORD003367,18/11/2023,11/26/2023,IndiaPost,546.95,Delivered
SHP003368,ORD003368,12-06-2024,2024-06-13,Ekart,864.0,Delayed
SHP003369,ORD003369,27/11/2024,2024-12-03,XpressBees,330.03,in transit
SHP003370,ORD003370,29 Mar 2023,04/08/2023,BlueDart,466.34,In Transit
SHP003371,ORD003371,14 May 2022,2022/05/16,FedEx,89.63,Delayed
SHP003372,ORD003372,24 Nov 2024,11/26/2024,XpressBees,818.0,Delivered
SHP003373,ORD003373,12 Sep 2024,09/20/2024,DTDC,476.94,Delivered
SHP003374,ORD003374,25 Jul 2023,,xpressbees,64.76,In Transit
SHP003375,ORD003375,05/08/2023,10/05/2023,DTDC,130.55,Delayed
SHP003376,ORD003376,2023/02/16,03/03/2023,FedEx,415.75,in transit
SHP003377,ORD003377,2022/04/13,23 Apr 2022,XpressBees,488.84,In Transit
SHP003378,ORD003378,2022/01/06,07/01/2022,indiapost,546.15,Delayed
SHP003379,ORD003379,05 Oct 2022,11/10/2022,DTDC,523.13,Lost
SHP003380,ORD003380,2022/12/14,2022/12/21,Delhivery,819.51,returned to origin
SHP003381,ORD003381,31 Oct 2023,15-11-2023,BlueDart,450.37,Delayed
SHP003382,ORD003382,11/28/2022,2022/12/05,bluedart,135.51,Lost
SHP003383,ORD003383,11-01-2023,01/26/2023,DTDC,137.31,In Transit
SHP003384,ORD003384,30 Jan 2024,02/04/2024,DTDC,104.89,returned to origin
SHP003385,ORD003385,23/08/2022,2022/08/29,FedEx,146.17,Delivered
SHP003386,ORD003386,04-07-2023,2023-07-19,DTDC,262.68,In Transit
SHP003387,ORD003387,29/05/2022,01/06/2022,BlueDart,562.02,Delivered
SHP003388,ORD003388,2022-07-26,29-07-2022,BlueDart,696.46,Delivered
SHP003389,ORD003389,31/12/2024,2025-01-08,DTDC,826.48,Delivered
SHP003390,ORD003390,13 Aug 2024,19-08-2024,xpressbees,492.73,delayed
SHP003391,ORD003391,29-10-2022,11/02/2022,Ekart,512.12,Returned to Origin
SHP003392,ORD003392,10/19/2023,24 Oct 2023,Delhivery,862.93,Delayed
SHP003393,ORD003393,05/05/2024,06/05/2024,bluedart,766.81,DELIVERED
SHP003394,ORD003394,2022/10/11,2022-10-12,Ekart,549.28,Lost
SHP003395,ORD003395,08/03/2023,06/08/2023,ekart,293.85,Delayed
SHP003396,ORD003396,2024-01-02,2024/01/05,IndiaPost,593.78,DELAYED
SHP003397,ORD003397,04/23/2024,29/04/2024,FedEx,646.41,Returned to Origin
SHP003398,ORD003398,2024/12/04,2024-12-08,XpressBees,478.16,Delayed
SHP003399,ORD003399,08/09/2024,2024/09/09,FedEx,413.24,Delayed
SHP003400,ORD003400,29 Mar 2023,13/04/2023,DELHIVERY,689.8,Returned to Origin
SHP003401,ORD003401,07/18/2023,2023/07/19,FedEx,325.79,Lost
SHP003402,ORD003402,2022/11/01,0000-00-00,DTDC,338.93,Delivered
SHP003403,ORD003403,10-06-2023,2023/06/25,Delhivery,561.51,Delayed
SHP003404,ORD003404,04 Feb 2022,2022-02-12,ekart,895.35,DELIVERED
SHP003405,ORD003405,2023/11/08,23/11/2023,indiapost,208.9,Returned to Origin
SHP003406,ORD003406,08/08/2024,08/11/2024,IndiaPost,638.72,delivered
SHP003407,ORD003407,06-01-2024,2024-01-09,XpressBees,690.96,Delivered
SHP003408,ORD003408,2024/01/14,01/24/2024,XpressBees,276.38,Delivered
SHP003409,ORD003409,2023-06-14,17-06-2023,BlueDart,546.54,Delayed
SHP003410,ORD003410,2024-04-30,2024/05/03,Delhivery,837.56,Lost
SHP003411,ORD003411,2024/08/13,28-08-2024,XpressBees,734.32,RETURNED TO ORIGIN
SHP003412,ORD003412,11 May 2023,05/15/2023,Ekart,648.54,Delivered
SHP003413,ORD003413,2023/02/03,09/02/2023,XpressBees,755.7,Delayed
SHP003414,ORD003414,2024/02/21,07/03/2024,DTDC,186.72,In Transit
SHP003415,ORD003415,2022/09/14,09/21/2022,FedEx,460.02,Lost
SHP003416,ORD003416,20 Oct 2023,10/23/2023,indiapost,36.13,Delayed
SHP003417,ORD003417,02/06/2024,2024/06/17,DTDC,109.24,Returned to Origin
SHP003418,ORD003418,16 Dec 2024,2024-12-18,BlueDart,600.0,Lost
SHP003419,ORD003419,02/05/2024,02/11/2024,BlueDart,454.12,Delivered
SHP003420,ORD003420,12/13/2022,28 Dec 2022,Delhivery,769.74,Delayed
SHP003421,ORD003421,2022/07/13,20 Jul 2022,FedEx,430.51,In Transit
SHP003422,ORD003422,07/09/2023,2023/07/12,Delhivery,223.35,Delayed
SHP003423,ORD003423,02-12-2023,05/12/2023,Delhivery,82.33,Delivered
SHP003424,ORD003424,07-10-2024,2024-10-13,XpressBees,459.28,Lost
SHP003425,ORD003425,13-12-2022,12/16/2022,EKART,607.97,Delayed
SHP003426,ORD003426,2022-12-02,12/10/2022,FedEx,298.61,LOST
SHP003427,ORD003427,0000-00-00,2022/09/01,FedEx,797.52,Lost
SHP003428,ORD003428,2023-05-28,29 May 2023,IndiaPost,410.8,In Transit
SHP003429,ORD003429,24-11-2022,2022/11/25,xpressbees,762.16,In Transit
SHP003430,ORD003430,23-03-2023,02/04/2023,FedEx,444.41,Lost
SHP003431,ORD003431,20-05-2022,22 May 2022,INDIAPOST,898.5,Delayed
SHP003432,ORD003432,2024/11/11,14/11/2024,FedEx,352.18,Lost
SHP003433,ORD003433,01-01-2022,09-01-2022,BlueDart,515.19,Lost
SHP003434,ORD003434,23 Feb 2024,04-03-2024,Delhivery,502.85,DELAYED
SHP003435,ORD003435,17/08/2024,2024/08/21,Ekart,879.83,Lost
SHP003436,ORD003436,06/05/2023,13/06/2023,DTDC,100.81,Returned to Origin
SHP003437,ORD003437,22-07-2023,08/01/2023,xpressbees,722.07,LOST
SHP003438,ORD003438,2023/08/24,08/31/2023,IndiaPost,879.74,Delayed
SHP003439,ORD003439,11/05/2024,2024-05-12,Delhivery,384.43,delayed
SHP003440,ORD003440,16-12-2024,17 Dec 2024,IndiaPost,52.25,Delivered
SHP003441,ORD003441,21/01/2024,2024/01/24,XPRESSBEES,475.36,Delayed
SHP003442,ORD003442,2024-02-06,02/11/2024,bluedart,822.03,DELAYED
SHP003443,ORD003443,03 Apr 2023,2023-04-06,FedEx,32.61,Returned to Origin
SHP003444,ORD003444,05 Aug 2024,20 Aug 2024,BlueDart,545.83,Delayed
SHP003445,ORD003445,2023/06/25,10-07-2023,ekart,471.91,Returned to Origin
SHP003446,ORD003446,06/01/2023,13 Jan 2023,INDIAPOST,180.68,Lost
SHP003447,ORD003447,28-10-2024,11/07/2024,FedEx,653.03,lost
SHP003448,ORD003448,01/28/2022,03 Feb 2022,Ekart,67.8,Lost
SHP003449,ORD003449,2022/06/16,2022-06-21,FedEx,469.35,Lost
SHP003450,ORD003450,27 Apr 2024,04-05-2024,delhivery,394.78,In Transit
SHP003451,ORD003451,2024/08/20,30/08/2024,Ekart,155.88,In Transit
SHP003452,ORD003452,2022-04-23,04/25/2022,DTDC,740.07,Delayed
SHP003453,ORD003453,2022-08-07,10 Aug 2022,XpressBees,674.6,Delivered
SHP003454,ORD003454,2022-05-16,18 May 2022,Delhivery,757.47,Delivered
SHP003455,ORD003455,27/02/2022,02/28/2022,FedEx,435.92,DELAYED
SHP003456,ORD003456,21/03/2022,2022/03/24,XPRESSBEES,663.79,RETURNED TO ORIGIN
SHP003457,ORD003457,30 Jun 2022,2022/07/15,indiapost,348.01,Delivered
SHP003458,ORD003458,2023/12/16,12/22/2023,DTDC,474.93,Returned to Origin
SHP003459,ORD003459,26-11-2023,01/12/2023,BlueDart,92.61,Delayed
SHP003460,ORD003460,06/09/2023,14/09/2023,FedEx,158.12,delayed
SHP003461,ORD003461,0000-00-00,23 Feb 2024,XpressBees,679.95,Lost
SHP003462,ORD003462,2023/12/31,2024-01-03,XpressBees,880.1,Returned to Origin
SHP003463,ORD003463,15/08/2023,22 Aug 2023,BlueDart,832.65,RETURNED TO ORIGIN
SHP003464,ORD003464,2022-11-04,06/11/2022,XpressBees,104.86,Delayed
SHP003465,ORD003465,2024-12-11,19-12-2024,FedEx,140.38,Returned to Origin
SHP003466,ORD003466,2023/11/28,08/12/2023,Delhivery,181.83,Delayed
SHP003467,ORD003467,22/08/2022,0000-00-00,bluedart,269.39,Lost
SHP003468,ORD003468,2022-01-10,01/20/2022,IndiaPost,94.37,Lost
SHP003469,ORD003469,08/06/2024,21 Aug 2024,DTDC,668.51,returned to origin
SHP003470,ORD003470,2022-10-08,18 Oct 2022,bluedart,268.23,lost
SHP003471,ORD003471,11/06/2023,19 Jun 2023,ekart,176.83,DELIVERED
SHP003472,ORD003472,23 Jun 2022,2022/06/26,xpressbees,847.67,Delivered
SHP003473,ORD003473,2024-08-13,16/08/2024,Delhivery,178.36,Lost
SHP003474,ORD003474,2023-06-11,0000-00-00,FedEx,85.54,Returned to Origin
SHP003475,ORD003475,2022-12-20,2022-12-22,Delhivery,68.57,Delayed
SHP003476,ORD003476,08-12-2022,0000-00-00,FedEx,834.14,delivered
SHP003477,ORD003477,25-11-2024,11/28/2024,EKART,863.7,Delayed
SHP003478,ORD003478,2022/07/02,2022-07-07,XpressBees,179.61,Lost
SHP003479,ORD003479,2022/02/21,2022-02-23,FedEx,93.3,delayed
SHP003480,ORD003480,2024/01/18,28-01-2024,Ekart,665.01,Lost
SHP003481,ORD003481,08/26/2022,02 Sep 2022,DTDC,113.17,Returned to Origin
SHP003482,ORD003482,25-05-2024,01-06-2024,INDIAPOST,74.67,LOST
SHP003483,ORD003483,20 Aug 2024,2024-08-30,FedEx,384.92,In Transit
SHP003484,ORD003484,03/11/2023,2023/11/11,ekart,50.18,Lost
SHP003485,ORD003485,2024-02-11,13/02/2024,DELHIVERY,70.3,delivered
SHP003486,ORD003486,23/08/2022,08/29/2022,EKART,862.0,Delivered
SHP003487,ORD003487,23 May 2022,0000-00-00,dtdc,480.63,Returned to Origin
SHP003488,ORD003488,04-06-2023,10-06-2023,dtdc,321.33,DELIVERED
SHP003489,ORD003489,18-06-2023,07/03/2023,Ekart,840.21,In Transit
SHP003490,ORD003490,01-08-2022,07 Aug 2022,DTDC,438.23,In Transit
SHP003491,ORD003491,21-12-2023,22 Dec 2023,XpressBees,237.67,Delivered
SHP003492,ORD003492,08/26/2024,2024/09/02,XpressBees,684.45,DELAYED
SHP003493,ORD003493,28 Aug 2022,2022/08/30,INDIAPOST,337.24,In Transit
SHP003494,ORD003494,2024-11-26,12/04/2024,indiapost,107.85,Lost
SHP003495,ORD003495,2022/03/14,03/29/2022,BlueDart,270.21,Lost
SHP003496,ORD003496,10/09/2022,13-09-2022,Delhivery,202.33,Returned to Origin
SHP003497,ORD003497,01/01/2024,2024-01-05,IndiaPost,620.19,RETURNED TO ORIGIN
SHP003498,ORD003498,2024/12/27,30 Dec 2024,DTDC,776.79,Lost
SHP003499,ORD003499,30 Oct 2024,11/14/2024,INDIAPOST,653.99,Delivered
SHP003500,ORD003500,04 Jul 2024,2024-07-09,BlueDart,417.24,Delayed
SHP003501,ORD003501,13/07/2023,18/07/2023,BlueDart,821.68,Delivered
SHP003502,ORD003502,11/06/2023,06/18/2023,Ekart,658.15,Delivered
SHP003503,ORD003503,13 Feb 2024,18/02/2024,Delhivery,68.01,lost
SHP003504,ORD003504,2023-04-20,05-05-2023,Delhivery,745.21,IN TRANSIT
SHP003505,ORD003505,20/03/2022,23-03-2022,DTDC,173.89,Delayed
SHP003506,ORD003506,22/06/2023,25 Jun 2023,Ekart,547.63,In Transit
SHP003507,ORD003507,04/22/2023,04/30/2023,DELHIVERY,128.94,In Transit
SHP003508,ORD003508,2024/05/16,24 May 2024,ekart,770.69,Delayed
SHP003509,ORD003509,2024-05-25,29-05-2024,DELHIVERY,116.12,delivered
SHP003510,ORD003510,05/25/2023,2023/05/27,Ekart,792.18,Returned to Origin
SHP003511,ORD003511,25 Nov 2022,29-11-2022,XpressBees,247.44,Lost
SHP003512,ORD003512,02/07/2024,2024-07-04,DTDC,285.1,Delivered
SHP003513,ORD003513,01/02/2024,04/02/2024,Delhivery,428.67,Delivered
SHP003514,ORD003514,31/05/2024,06/08/2024,DTDC,264.62,Delayed
SHP003515,ORD003515,2024/10/10,15-10-2024,DELHIVERY,423.74,LOST
SHP003516,ORD003516,2023/05/24,2023/05/31,BlueDart,872.97,Delayed
SHP003517,ORD003517,,10/07/2024,EKART,95.11,in transit
SHP003518,ORD003518,11/08/2023,11/11/2023,DTDC,480.26,Returned to Origin
SHP003519,ORD003519,2022/06/07,13/06/2022,BlueDart,462.21,Lost
SHP003520,ORD003520,31-12-2023,2024-01-05,BLUEDART,368.85,Delivered
SHP003521,ORD003521,04-10-2022,10/10/2022,Ekart,697.89,DELAYED
SHP003522,ORD003522,2022/05/01,06 May 2022,ekart,828.11,Delayed
SHP003523,ORD003523,03/13/2022,16-03-2022,EKART,499.79,In Transit
SHP003524,ORD003524,21-11-2023,24 Nov 2023,Ekart,197.55,Returned to Origin
SHP003525,ORD003525,04/18/2024,28 Apr 2024,Ekart,553.07,In Transit
SHP003526,ORD003526,12-08-2024,13-08-2024,Ekart,104.31,Lost
SHP003527,ORD003527,2024-02-02,10-02-2024,DTDC,288.0,Delivered
SHP003528,ORD003528,12/13/2024,2024-12-23,XPRESSBEES,296.03,Returned to Origin
SHP003529,ORD003529,24/02/2023,28/02/2023,XpressBees,487.06,delivered
SHP003530,ORD003530,22 Jun 2022,,BlueDart,482.13,lost
SHP003531,ORD003531,15/03/2022,2022-03-20,BLUEDART,36.53,In Transit
SHP003532,ORD003532,27-12-2023,03 Jan 2024,BlueDart,467.14,RETURNED TO ORIGIN
SHP003533,ORD003533,02/01/2024,2024/01/06,XpressBees,763.49,Lost
SHP003534,ORD003534,13/12/2023,,XpressBees,457.23,Delayed
SHP003535,ORD003535,08-02-2022,11 Feb 2022,DTDC,372.18,Lost
SHP003536,ORD003536,05/16/2023,05/26/2023,Delhivery,611.9,returned to origin
SHP003537,ORD003537,08-09-2023,11/09/2023,XpressBees,769.73,In Transit
SHP003538,ORD003538,27-03-2024,2024-03-30,DTDC,573.27,lost
SHP003539,ORD003539,2022/07/28,07/08/2022,fedex,892.82,Delivered
SHP003540,ORD003540,30 Jul 2023,08/06/2023,EKART,507.2,Returned to Origin
SHP003541,ORD003541,2022/05/21,2022/05/24,DELHIVERY,557.73,In Transit
SHP003542,ORD003542,28/11/2023,2023/12/04,XpressBees,188.94,In Transit
SHP003543,ORD003543,16-09-2022,2022/09/23,DTDC,881.91,Delivered
SHP003544,ORD003544,10/18/2023,2023/10/24,XpressBees,753.36,Returned to Origin
SHP003545,ORD003545,2023/06/03,11 Jun 2023,EKART,348.05,Returned to Origin
SHP003546,ORD003546,30-06-2022,10/07/2022,Delhivery,591.79,Delayed
SHP003547,ORD003547,03/01/2023,06/03/2023,fedex,794.68,DELAYED
SHP003548,ORD003548,2022-11-07,14/11/2022,Ekart,89.93,Lost
SHP003549,ORD003549,26-05-2024,06/10/2024,XpressBees,659.57,Delayed
SHP003550,ORD003550,10/02/2022,07-10-2022,FedEx,665.13,Returned to Origin
SHP003551,ORD003551,10/27/2024,0000-00-00,Delhivery,664.88,in transit
SHP003552,ORD003552,01/06/2022,08/06/2022,Ekart,818.99,Lost
SHP003553,ORD003553,06/07/2022,2022/07/07,XpressBees,622.76,Lost
SHP003554,ORD003554,11/11/2022,21-11-2022,IndiaPost,707.84,Returned to Origin
SHP003555,ORD003555,2023-10-16,2023/10/18,fedex,857.92,Delayed
SHP003556,ORD003556,30 May 2023,09/06/2023,Ekart,755.46,RETURNED TO ORIGIN
SHP003557,ORD003557,18 Dec 2022,22-12-2022,FedEx,149.35,Delivered
SHP003558,ORD003558,25 Apr 2022,04/28/2022,IndiaPost,557.47,in transit
SHP003559,ORD003559,31 Aug 2022,09/03/2022,FEDEX,547.68,LOST
SHP003560,ORD003560,2024/04/05,04/15/2024,DTDC,104.21,In Transit
SHP003561,ORD003561,04/05/2024,05/09/2024,Delhivery,536.92,Lost
SHP003562,ORD003562,25-06-2023,2023-06-28,indiapost,862.0,Lost
SHP003563,ORD003563,14/12/2024,12/16/2024,BlueDart,713.1,Delivered
SHP003564,ORD003564,14/10/2023,2023/10/20,FedEx,148.09,Delayed
SHP003565,ORD003565,2023/01/06,07-01-2023,indiapost,366.59,Lost
SHP003566,ORD003566,2022/02/18,2022/02/19,BlueDart,674.43,In Transit
SHP003567,ORD003567,04-07-2023,12-07-2023,IndiaPost,421.03,Returned to Origin
SHP003568,ORD003568,28/07/2023,31-07-2023,IndiaPost,328.09,Lost
SHP003569,ORD003569,06-03-2023,09 Mar 2023,XpressBees,811.43,DELIVERED
SHP003570,ORD003570,03/04/2022,04/11/2022,Ekart,374.18,In Transit
SHP003571,ORD003571,2024-02-02,10 Feb 2024,Ekart,328.39,Delayed
SHP003572,ORD003572,2023-01-05,20-01-2023,Ekart,850.54,Delayed
SHP003573,ORD003573,2024/02/10,0000-00-00,Ekart,90.83,Lost
SHP003574,ORD003574,11 Jun 2023,2023-06-12,Delhivery,360.44,Lost
SHP003575,ORD003575,17-07-2024,20-07-2024,BlueDart,702.16,Lost
SHP003576,ORD003576,22-07-2024,01 Aug 2024,BlueDart,499.33,In Transit
SHP003577,ORD003577,2022/10/14,19/10/2022,indiapost,300.86,Delivered
SHP003578,ORD003578,2023/07/26,29/07/2023,delhivery,432.76,Lost
SHP003579,ORD003579,2022/08/16,2022-08-22,Ekart,367.28,DELIVERED
SHP003580,ORD003580,12/04/2024,2024-12-10,Ekart,309.9,DELAYED
SHP003581,ORD003581,05/30/2024,01 Jun 2024,IndiaPost,869.07,lost
SHP003582,ORD003582,09 Jul 2022,07/24/2022,FedEx,681.74,Delayed
SHP003583,ORD003583,2023-06-06,09/06/2023,Delhivery,235.54,DELAYED
SHP003584,ORD003584,2022/10/26,27-10-2022,BLUEDART,799.71,IN TRANSIT
SHP003585,ORD003585,03/08/2024,15/03/2024,BLUEDART,538.55,In Transit
SHP003586,ORD003586,20 Dec 2022,12/21/2022,indiapost,117.8,delivered
SHP003587,ORD003587,2022-07-26,29 Jul 2022,DELHIVERY,560.73,In Transit
SHP003588,ORD003588,2022/08/19,08/22/2022,Ekart,552.44,delayed
SHP003589,ORD003589,05/22/2023,06/01/2023,fedex,539.58,In Transit
SHP003590,ORD003590,11/20/2024,2024-11-28,Ekart,792.78,DELAYED
SHP003591,ORD003591,2023-11-06,11/11/2023,XpressBees,403.72,DELIVERED
SHP003592,ORD003592,12/05/2023,2023-12-08,FedEx,270.73,In Transit
SHP003593,ORD003593,2022/04/25,2022/04/29,xpressbees,770.03,Lost
SHP003594,ORD003594,01-11-2022,02 Nov 2022,BLUEDART,722.11,DELIVERED
SHP003595,ORD003595,05/07/2022,2022-07-06,INDIAPOST,57.81,Delayed
SHP003596,ORD003596,2024-05-15,2024/05/22,Ekart,584.78,In Transit
SHP003597,ORD003597,01/03/2022,08-03-2022,Delhivery,238.1,lost
SHP003598,ORD003598,2023-05-16,2023-05-19,XpressBees,678.77,RETURNED TO ORIGIN
SHP003599,ORD003599,10/15/2022,2022/10/25,BlueDart,826.57,In Transit
SHP003600,ORD003600,21-07-2023,,XpressBees,883.52,Returned to Origin
SHP003601,ORD003601,2023/05/29,30-05-2023,dtdc,771.92,In Transit
SHP003602,ORD003602,19 Apr 2024,2024/04/20,indiapost,535.16,Returned to Origin
SHP003603,ORD003603,25-08-2024,26 Aug 2024,dtdc,669.83,Delayed
SHP003604,ORD003604,08-11-2022,13 Nov 2022,fedex,459.0,Delayed
SHP003605,ORD003605,29-03-2023,01/04/2023,Delhivery,816.73,LOST
SHP003606,ORD003606,2024-01-15,2024/01/18,XpressBees,766.74,Returned to Origin
SHP003607,ORD003607,03/08/2022,2022-03-10,XpressBees,679.74,Lost
SHP003608,ORD003608,05-10-2023,08-10-2023,IndiaPost,166.32,LOST
SHP003609,ORD003609,2024-06-23,2024-07-01,BlueDart,803.81,In Transit
SHP003610,ORD003610,07/01/2022,2022-07-11,DTDC,318.66,Lost
SHP003611,ORD003611,04 Dec 2023,2023/12/10,IndiaPost,547.29,Delayed
SHP003612,ORD003612,09 Nov 2024,17/11/2024,FedEx,650.79,Lost
SHP003613,ORD003613,2023-02-07,2023-02-17,IndiaPost,277.85,Delayed
SHP003614,ORD003614,2023-03-17,2023-03-23,BlueDart,103.24,Delivered
SHP003615,ORD003615,28 Jan 2022,2022/01/31,Ekart,351.14,DELIVERED
SHP003616,ORD003616,2022-09-23,2022/10/03,IndiaPost,64.14,DELAYED
SHP003617,ORD003617,26-06-2022,02-07-2022,DTDC,898.88,Returned to Origin
SHP003618,ORD003618,28/10/2022,2022-11-01,FedEx,343.33,Lost
SHP003619,ORD003619,24 Mar 2023,2023/03/26,indiapost,708.3,in transit
SHP003620,ORD003620,22-05-2024,2024-05-25,INDIAPOST,235.42,Lost
SHP003621,ORD003621,30/08/2024,2024-09-09,Ekart,504.04,delivered
SHP003622,ORD003622,2023-06-13,16/06/2023,BlueDart,359.92,Lost
SHP003623,ORD003623,2022-01-14,01/22/2022,Ekart,552.55,RETURNED TO ORIGIN
SHP003624,ORD003624,2024/06/02,05/06/2024,DTDC,342.84,In Transit
SHP003625,ORD003625,03-12-2023,10 Dec 2023,IndiaPost,377.22,LOST
SHP003626,ORD003626,10-01-2024,15/01/2024,FedEx,736.84,Delayed
SHP003627,ORD003627,09-05-2022,05/24/2022,IndiaPost,341.91,In Transit
SHP003628,ORD003628,2022-11-13,11/14/2022,delhivery,315.22,Lost
SHP003629,ORD003629,24/05/2022,03/06/2022,BLUEDART,586.54,In Transit
SHP003630,ORD003630,30/06/2024,01/07/2024,xpressbees,636.55,Returned to Origin
SHP003631,ORD003631,07 Apr 2023,2023-04-08,DTDC,645.1,Delayed
SHP003632,ORD003632,04/22/2023,30 Apr 2023,Delhivery,676.5,delayed
SHP003633,ORD003633,2024-03-07,03/15/2024,FedEx,62.89,IN TRANSIT
SHP003634,ORD003634,09/26/2024,2024/10/02,DTDC,520.66,Returned to Origin
SHP003635,ORD003635,2023/12/06,2023/12/12,fedex,44.39,Lost
SHP003636,ORD003636,21 May 2022,05-06-2022,dtdc,403.3,Delivered
SHP003637,ORD003637,2022-12-27,2022-12-29,IndiaPost,549.53,DELAYED
SHP003638,ORD003638,2023-02-22,04/03/2023,Delhivery,540.17,Delivered
SHP003639,ORD003639,2022-02-14,2022/02/15,BlueDart,798.08,lost
SHP003640,ORD003640,09/09/2024,12 Sep 2024,FedEx,785.65,Lost
SHP003641,ORD003641,05/03/2022,09/05/2022,DTDC,270.56,Delayed
SHP003642,ORD003642,2024/02/11,19 Feb 2024,ekart,840.45,Delayed
SHP003643,ORD003643,10 Feb 2024,11/02/2024,DTDC,864.31,Delayed
SHP003644,ORD003644,09/10/2023,11/09/2023,DTDC,475.38,Delivered
SHP003645,ORD003645,2024-03-30,02/04/2024,bluedart,468.11,Delayed
SHP003646,ORD003646,2022/04/07,08-04-2022,FedEx,634.51,Delivered
SHP003647,ORD003647,06/19/2023,2023-07-04,ekart,301.46,RETURNED TO ORIGIN
SHP003648,ORD003648,14 Dec 2022,22-12-2022,BlueDart,813.6,In Transit
SHP003649,ORD003649,06/09/2022,06/17/2022,Ekart,176.31,Returned to Origin
SHP003650,ORD003650,12/21/2022,23-12-2022,BlueDart,280.93,Delivered
SHP003651,ORD003651,2023/12/20,2023-12-22,EKART,742.93,DELAYED
SHP003652,ORD003652,09 Mar 2024,2024-03-17,FedEx,56.58,Returned to Origin
SHP003653,ORD003653,12/04/2022,04/15/2022,xpressbees,503.32,lost
SHP003654,ORD003654,05/06/2022,08/05/2022,XpressBees,162.12,Lost
SHP003655,ORD003655,2024/02/29,05-03-2024,XpressBees,346.66,Lost
SHP003656,ORD003656,07/12/2024,13/07/2024,Ekart,536.62,Returned to Origin
SHP003657,ORD003657,2022/03/23,03/26/2022,XpressBees,833.15,DELAYED
SHP003658,ORD003658,2022-05-17,05/21/2022,DTDC,778.98,In Transit
SHP003659,ORD003659,23/11/2023,2023-11-28,Delhivery,281.72,Delivered
SHP003660,ORD003660,2022-04-17,20 Apr 2022,Delhivery,219.83,returned to origin
SHP003661,ORD003661,2022-12-17,2022/12/25,XpressBees,381.74,Delivered
SHP003662,ORD003662,2023/12/17,25/12/2023,Delhivery,545.71,IN TRANSIT
SHP003663,ORD003663,2024/12/01,12/04/2024,XpressBees,204.92,Returned to Origin
SHP003664,ORD003664,2022-02-05,2022-02-07,Delhivery,424.65,In Transit
SHP003665,ORD003665,01/10/2022,03/10/2022,Ekart,97.69,Lost
SHP003666,ORD003666,2022-05-24,08 Jun 2022,FedEx,257.71,Delivered
SHP003667,ORD003667,18-10-2024,24/10/2024,FedEx,105.98,Returned to Origin
SHP003668,ORD003668,2024-04-08,14-04-2024,FedEx,742.05,LOST
SHP003669,ORD003669,04 Jul 2023,2023/07/05,IndiaPost,109.32,delayed
SHP003670,ORD003670,06/01/2023,04 Jun 2023,FEDEX,298.3,Delayed
SHP003671,ORD003671,02/28/2024,02/03/2024,FedEx,364.63,Delivered
SHP003672,ORD003672,25-09-2022,09/27/2022,xpressbees,435.68,Returned to Origin
SHP003673,ORD003673,28/03/2024,2024/03/31,indiapost,253.76,Delayed
SHP003674,ORD003674,16-12-2023,12/31/2023,Delhivery,889.05,Delivered
SHP003675,ORD003675,06/20/2024,05 Jul 2024,BlueDart,379.56,DELIVERED
SHP003676,ORD003676,08 Feb 2022,2022/02/12,XpressBees,442.31,Delayed
SHP003677,ORD003677,28 Jan 2023,03 Feb 2023,delhivery,260.95,Delayed
SHP003678,ORD003678,24 May 2023,30/05/2023,INDIAPOST,421.39,Delivered
SHP003679,ORD003679,26 Jan 2023,31-01-2023,indiapost,233.47,Returned to Origin
SHP003680,ORD003680,01/12/2022,2022-12-07,IndiaPost,187.95,Delayed
SHP003681,ORD003681,06-04-2022,14-04-2022,FedEx,97.55,In Transit
SHP003682,ORD003682,2023-06-21,25/06/2023,BlueDart,654.99,Delayed
SHP003683,ORD003683,13/12/2024,2024-12-21,FEDEX,404.33,Returned to Origin
SHP003684,ORD003684,2023-04-13,18-04-2023,Delhivery,266.48,In Transit
SHP003685,ORD003685,16-11-2022,19 Nov 2022,BlueDart,48.66,Returned to Origin
SHP003686,ORD003686,2024-08-16,2024-08-31,Delhivery,220.57,In Transit
SHP003687,ORD003687,2022-08-18,2022/08/23,indiapost,480.5,Delivered
SHP003688,ORD003688,05 Aug 2023,2023-08-06,IndiaPost,153.78,Lost
SHP003689,ORD003689,2024/04/10,2024/04/13,XpressBees,309.98,Delivered
SHP003690,ORD003690,28 Jun 2024,06/30/2024,xpressbees,494.9,In Transit
SHP003691,ORD003691,2022/09/21,09/24/2022,fedex,224.06,DELAYED
SHP003692,ORD003692,13-03-2023,21 Mar 2023,DTDC,505.45,Lost
SHP003693,ORD003693,06/11/2023,13/11/2023,BlueDart,74.72,returned to origin
SHP003694,ORD003694,2024/09/18,2024-09-26,INDIAPOST,402.34,DELAYED
SHP003695,ORD003695,05/18/2023,2023-05-22,Ekart,642.23,Lost
SHP003696,ORD003696,11 Aug 2024,2024-08-12,EKART,307.77,in transit
SHP003697,ORD003697,2024/03/21,03/28/2024,BlueDart,309.67,Returned to Origin
SHP003698,ORD003698,17/03/2022,25-03-2022,IndiaPost,472.22,In Transit
SHP003699,ORD003699,2024-05-08,09-05-2024,dtdc,436.98,Returned to Origin
SHP003700,ORD003700,02/04/2024,03-04-2024,DTDC,38.65,Returned to Origin
SHP003701,ORD003701,21 Mar 2024,29 Mar 2024,DTDC,80.9,In Transit
SHP003702,ORD003702,2022/06/12,19-06-2022,DTDC,413.13,LOST
SHP003703,ORD003703,17 Feb 2023,2023/02/20,XPRESSBEES,141.0,Returned to Origin
SHP003704,ORD003704,11/16/2024,21/11/2024,XpressBees,286.14,delayed
SHP003705,ORD003705,2022/05/16,05/23/2022,FedEx,487.1,Lost
SHP003706,ORD003706,16 Nov 2022,19/11/2022,FedEx,190.88,Returned to Origin
SHP003707,ORD003707,16-05-2023,18-05-2023,FedEx,896.04,Lost
SHP003708,ORD003708,29 Sep 2022,,Delhivery,380.42,delayed
SHP003709,ORD003709,11/29/2023,2023/11/30,Delhivery,821.0,in transit
SHP003710,ORD003710,2024/12/28,2025-01-04,xpressbees,340.43,DELIVERED
SHP003711,ORD003711,2024/01/07,2024/01/17,IndiaPost,559.23,Lost
SHP003712,ORD003712,2024-04-03,06/04/2024,Ekart,36.61,LOST
SHP003713,ORD003713,04/18/2023,21/04/2023,indiapost,650.89,Returned to Origin
SHP003714,ORD003714,2022/09/23,2022-09-30,bluedart,754.65,Delivered
SHP003715,ORD003715,29-05-2024,2024-06-04,BlueDart,95.14,returned to origin
SHP003716,ORD003716,10-12-2023,2023-12-25,Delhivery,575.76,Lost
SHP003717,ORD003717,07 Oct 2023,11/10/2023,Delhivery,895.87,Delayed
SHP003718,ORD003718,07/26/2024,31/07/2024,DTDC,125.18,Delayed
SHP003719,ORD003719,09/09/2022,09/17/2022,DTDC,274.88,Delivered
SHP003720,ORD003720,2022/07/27,2022-08-06,IndiaPost,551.82,In Transit
SHP003721,ORD003721,10-09-2024,2024-09-20,ekart,885.63,delivered
SHP003722,ORD003722,05/11/2024,12-05-2024,BlueDart,209.39,IN TRANSIT
SHP003723,ORD003723,21/05/2024,26-05-2024,xpressbees,317.54,Lost
SHP003724,ORD003724,2024-10-19,10/24/2024,DTDC,679.39,returned to origin
SHP003725,ORD003725,06-12-2023,10-12-2023,EKART,80.45,Delayed
SHP003726,ORD003726,30 Apr 2022,01 May 2022,Ekart,50.32,Delayed
SHP003727,ORD003727,2022/06/08,06/11/2022,IndiaPost,205.21,delivered
SHP003728,ORD003728,08/30/2024,02 Sep 2024,EKART,157.92,Delivered
SHP003729,ORD003729,04/03/2023,0000-00-00,DTDC,201.23,delayed
SHP003730,ORD003730,30 Jan 2023,04-02-2023,BlueDart,457.41,In Transit
SHP003731,ORD003731,25-04-2024,05/03/2024,FedEx,261.61,Returned to Origin
SHP003732,ORD003732,06/07/2023,2023-07-07,DTDC,744.72,Lost
SHP003733,ORD003733,07/06/2024,09 Jul 2024,BLUEDART,836.25,Lost
SHP003734,ORD003734,04/27/2022,01-05-2022,BlueDart,325.27,In Transit
SHP003735,ORD003735,2024/08/17,2024/08/27,FedEx,477.06,In Transit
SHP003736,ORD003736,10/10/2024,16/10/2024,BlueDart,191.11,Returned to Origin
SHP003737,ORD003737,13/09/2022,23-09-2022,INDIAPOST,334.28,Returned to Origin
SHP003738,ORD003738,29/04/2023,05/03/2023,XpressBees,233.74,Returned to Origin
SHP003739,ORD003739,25 Nov 2023,12/01/2023,XpressBees,431.33,Delayed
SHP003740,ORD003740,2024/10/14,2024/10/24,xpressbees,130.59,Lost
SHP003741,ORD003741,2024/04/10,25 Apr 2024,delhivery,184.7,Returned to Origin
SHP003742,ORD003742,2024-08-18,2024/08/24,Ekart,168.76,Lost
SHP003743,ORD003743,2022/12/30,05/01/2023,indiapost,377.02,Delayed
SHP003744,ORD003744,03-09-2024,05 Sep 2024,FedEx,810.49,Delivered
SHP003745,ORD003745,08 Apr 2023,11 Apr 2023,EKART,597.67,Lost
SHP003746,ORD003746,11/30/2022,12/05/2022,FedEx,,Delayed
SHP003747,ORD003747,13-11-2022,2022-11-16,IndiaPost,606.86,delayed
SHP003748,ORD003748,2024-11-10,11/20/2024,Ekart,846.85,lost
SHP003749,ORD003749,19 Dec 2022,2022-12-21,Ekart,262.73,Returned to Origin
SHP003750,ORD003750,2024/06/23,26 Jun 2024,Ekart,476.68,DELAYED
SHP003751,ORD003751,2024/09/06,14 Sep 2024,DTDC,815.34,returned to origin
SHP003752,ORD003752,2023-02-07,2023/02/15,indiapost,427.16,Delivered
SHP003753,ORD003753,2024-04-07,10 Apr 2024,IndiaPost,,returned to origin
SHP003754,ORD003754,02/23/2023,26-02-2023,Delhivery,439.31,IN TRANSIT
SHP003755,ORD003755,17/08/2022,22/08/2022,delhivery,513.04,in transit
SHP003756,ORD003756,22/07/2023,25-07-2023,Delhivery,232.53,Delayed
SHP003757,ORD003757,2024-01-01,05-01-2024,IndiaPost,665.4,Lost
SHP003758,ORD003758,07/01/2022,13/01/2022,BLUEDART,588.93,Lost
SHP003759,ORD003759,17 Oct 2024,2024-10-27,Delhivery,598.57,Delivered
SHP003760,ORD003760,15 Oct 2023,10/22/2023,Delhivery,203.81,RETURNED TO ORIGIN
SHP003761,ORD003761,05/10/2024,2024/10/08,xpressbees,775.88,Lost
SHP003762,ORD003762,24 Oct 2023,2023-10-29,Ekart,554.53,In Transit
SHP003763,ORD003763,07 Feb 2022,2022/02/13,Ekart,31.33,Lost
SHP003764,ORD003764,01/15/2023,2023/01/25,indiapost,123.09,delayed
SHP003765,ORD003765,2023/01/20,26 Jan 2023,XpressBees,393.51,RETURNED TO ORIGIN
SHP003766,ORD003766,22/12/2024,27 Dec 2024,BLUEDART,292.81,RETURNED TO ORIGIN
SHP003767,ORD003767,04 Jul 2023,07-07-2023,fedex,365.4,In Transit
SHP003768,ORD003768,03-12-2023,05-12-2023,indiapost,468.7,RETURNED TO ORIGIN
SHP003769,ORD003769,04-05-2022,14 May 2022,XpressBees,201.61,In Transit
SHP003770,ORD003770,24-03-2024,2024-03-26,DTDC,637.8,Delayed
SHP003771,ORD003771,18-02-2023,28 Feb 2023,BLUEDART,437.4,Lost
SHP003772,ORD003772,07/08/2024,2024/08/11,DTDC,197.75,Lost
SHP003773,ORD003773,2022-12-03,12/07/2022,DTDC,691.25,in transit
SHP003774,ORD003774,28 Jan 2022,2022/02/07,Delhivery,211.01,lost
SHP003775,ORD003775,2022/06/10,20-06-2022,IndiaPost,525.45,DELIVERED
SHP003776,ORD003776,2022/07/30,05-08-2022,Delhivery,432.43,delayed
SHP003777,ORD003777,2022-06-24,2022-07-02,dtdc,515.28,Delivered
SHP003778,ORD003778,12/02/2024,12/06/2024,BlueDart,871.71,Delayed
SHP003779,ORD003779,04-02-2024,08/02/2024,Ekart,95.17,IN TRANSIT
SHP003780,ORD003780,2023/03/03,04 Mar 2023,XpressBees,283.44,Returned to Origin
SHP003781,ORD003781,02/05/2023,05/06/2023,XpressBees,419.0,Lost
SHP003782,ORD003782,23/07/2022,26/07/2022,Ekart,476.28,Delayed
SHP003783,ORD003783,21/07/2024,07/28/2024,Ekart,283.34,RETURNED TO ORIGIN
SHP003784,ORD003784,17-03-2022,03/21/2022,DTDC,190.82,In Transit
SHP003785,ORD003785,08/02/2024,12-02-2024,BlueDart,564.55,Delayed
SHP003786,ORD003786,2023/12/10,2023-12-25,Ekart,771.39,In Transit
SHP003787,ORD003787,2022-07-24,01-08-2022,DTDC,398.73,Delivered
SHP003788,ORD003788,21/07/2022,23-07-2022,BlueDart,332.13,In Transit
SHP003789,ORD003789,07/13/2022,14 Jul 2022,IndiaPost,152.18,Delayed
SHP003790,ORD003790,28/09/2024,02-10-2024,INDIAPOST,170.96,in transit
SHP003791,ORD003791,2024-10-27,2024-10-28,FedEx,346.91,lost
SHP003792,ORD003792,2023-05-17,2023-05-20,FedEx,318.4,RETURNED TO ORIGIN
SHP003793,ORD003793,2022-03-21,,FedEx,142.55,IN TRANSIT
SHP003794,ORD003794,21/05/2023,25 May 2023,Delhivery,99.75,Lost
SHP003795,ORD003795,17 Mar 2024,23 Mar 2024,FedEx,598.52,RETURNED TO ORIGIN
SHP003796,ORD003796,,25-06-2022,indiapost,895.44,In Transit
SHP003797,ORD003797,2022-05-28,2022/05/29,ekart,208.13,RETURNED TO ORIGIN
SHP003798,ORD003798,29/10/2022,2022-11-03,indiapost,886.87,In Transit
SHP003799,ORD003799,22/09/2024,09/25/2024,INDIAPOST,577.22,in transit
SHP003800,ORD003800,2022-10-01,2022/10/09,IndiaPost,58.84,In Transit
SHP003801,ORD003801,28 Apr 2024,2024/05/13,bluedart,830.96,Delivered
SHP003802,ORD003802,26 Nov 2024,11/28/2024,FedEx,460.98,In Transit
SHP003803,ORD003803,2022/06/17,2022-06-23,IndiaPost,223.05,LOST
SHP003804,ORD003804,15-06-2022,06/20/2022,Delhivery,398.76,Lost
SHP003805,ORD003805,10 Apr 2023,13-04-2023,Delhivery,893.76,Returned to Origin
SHP003806,ORD003806,2024-09-10,2024/09/15,DTDC,421.95,Delivered
SHP003807,ORD003807,16 Dec 2024,22 Dec 2024,FedEx,565.08,Delayed
SHP003808,ORD003808,05/11/2024,05/16/2024,FedEx,642.22,Delayed
SHP003809,ORD003809,2024/05/07,15-05-2024,INDIAPOST,555.9,In Transit
SHP003810,ORD003810,16/02/2024,23/02/2024,dtdc,686.89,DELIVERED
SHP003811,ORD003811,21-09-2024,24-09-2024,XpressBees,430.81,LOST
SHP003812,ORD003812,2023-09-10,11/09/2023,IndiaPost,727.25,DELAYED
SHP003813,ORD003813,0000-00-00,03-10-2023,Delhivery,841.97,Delivered
SHP003814,ORD003814,04-08-2024,2024-08-11,FEDEX,195.14,In Transit
SHP003815,ORD003815,29 Oct 2022,05 Nov 2022,FedEx,129.28,In Transit
SHP003816,ORD003816,02/11/2022,14-02-2022,IndiaPost,266.35,Returned to Origin
SHP003817,ORD003817,22-11-2022,07-12-2022,Delhivery,441.4,Delayed
SHP003818,ORD003818,14 Jan 2023,2023-01-19,DTDC,170.96,Returned to Origin
SHP003819,ORD003819,14-05-2024,19/05/2024,Delhivery,599.33,Lost
SHP003820,ORD003820,2023/06/02,05/06/2023,IndiaPost,697.1,Delayed
SHP003821,ORD003821,09/05/2022,15-05-2022,Ekart,359.75,Returned to Origin
SHP003822,ORD003822,2022-03-14,03/24/2022,FedEx,352.26,DELIVERED
SHP003823,ORD003823,01 Oct 2022,04 Oct 2022,EKART,474.94,Delivered
SHP003824,ORD003824,21/10/2023,2023-11-05,fedex,109.84,Returned to Origin
SHP003825,ORD003825,11 Oct 2022,2022/10/21,DTDC,581.9,Lost
SHP003826,ORD003826,2024-12-24,2025-01-03,BlueDart,463.52,Lost
SHP003827,ORD003827,20-01-2024,2024/01/23,FedEx,201.87,Returned to Origin
SHP003828,ORD003828,03/08/2024,12/03/2024,XpressBees,478.86,In Transit
SHP003829,ORD003829,11 Oct 2022,2022/10/13,xpressbees,685.61,Delayed
SHP003830,ORD003830,02/20/2024,2024/02/24,Ekart,135.36,Delivered
SHP003831,ORD003831,18 Oct 2023,2023-10-24,DTDC,196.02,Delivered
SHP003832,ORD003832,01/13/2024,2024-01-15,DTDC,639.44,Returned to Origin
SHP003833,ORD003833,25/11/2024,10/12/2024,FEDEX,419.98,Delivered
SHP003834,ORD003834,2023/11/02,05/11/2023,FedEx,778.97,RETURNED TO ORIGIN
SHP003835,ORD003835,2023-10-30,02/11/2023,DTDC,840.28,returned to origin
SHP003836,ORD003836,18/07/2022,02-08-2022,DTDC,135.89,lost
SHP003837,ORD003837,2023/02/05,11-02-2023,BlueDart,659.61,Delivered
SHP003838,ORD003838,15/10/2023,19-10-2023,Ekart,545.37,IN TRANSIT
SHP003839,ORD003839,0000-00-00,2022/05/03,BlueDart,705.3,In Transit
SHP003840,ORD003840,2023-07-06,07/14/2023,IndiaPost,400.61,Delayed
SHP003841,ORD003841,2024/08/11,14/08/2024,XpressBees,502.72,Delivered
SHP003842,ORD003842,27 Mar 2023,28 Mar 2023,bluedart,270.96,In Transit
SHP003843,ORD003843,26/06/2022,02 Jul 2022,Ekart,108.14,delivered
SHP003844,ORD003844,03/15/2024,21 Mar 2024,xpressbees,204.16,Lost
SHP003845,ORD003845,21/10/2024,28 Oct 2024,XpressBees,223.16,returned to origin
SHP003846,ORD003846,19 Jan 2022,2022/01/22,FedEx,777.48,In Transit
SHP003847,ORD003847,24/05/2024,2024-05-27,BLUEDART,428.0,Delayed
SHP003848,ORD003848,08-03-2023,23 Mar 2023,BlueDart,753.15,In Transit
SHP003849,ORD003849,2024-02-18,26/02/2024,XpressBees,855.29,returned to origin
SHP003850,ORD003850,2022/04/23,29/04/2022,DTDC,802.74,returned to origin
SHP003851,ORD003851,2024-09-20,2024/10/05,XpressBees,777.85,Lost
SHP003852,ORD003852,01/23/2023,24 Jan 2023,XpressBees,411.27,RETURNED TO ORIGIN
SHP003853,ORD003853,20-12-2022,04-01-2023,FedEx,521.1,Delayed
SHP003854,ORD003854,30 Apr 2022,15-05-2022,Ekart,584.82,Returned to Origin
SHP003855,ORD003855,0000-00-00,2023/09/11,Delhivery,279.14,lost
SHP003856,ORD003856,07/28/2022,2022/08/03,indiapost,528.57,delivered
SHP003857,ORD003857,03/04/2024,2024-03-06,DELHIVERY,89.62,Delivered
SHP003858,ORD003858,01/11/2023,12 Jan 2023,IndiaPost,165.08,delivered
SHP003859,ORD003859,08 Sep 2024,14/09/2024,BlueDart,320.21,In Transit
SHP003860,ORD003860,2023-07-22,2023/07/24,FedEx,489.24,Delayed
SHP003861,ORD003861,2024/08/23,2024-08-24,IndiaPost,86.23,in transit
SHP003862,ORD003862,01/20/2022,2022-01-21,DTDC,420.29,In Transit
SHP003863,ORD003863,08-04-2024,2024/04/14,BlueDart,277.86,Lost
SHP003864,ORD003864,2024/10/30,11/04/2024,FedEx,32.96,In Transit
SHP003865,ORD003865,07-01-2023,01/17/2023,DTDC,260.15,returned to origin
SHP003866,ORD003866,15-02-2023,02/19/2023,FedEx,851.01,in transit
SHP003867,ORD003867,10 Oct 2023,2023-10-11,Ekart,532.19,Delayed
SHP003868,ORD003868,27-02-2024,03/06/2024,Delhivery,45.28,IN TRANSIT
SHP003869,ORD003869,16 Jul 2024,07/18/2024,Delhivery,326.7,DELIVERED
SHP003870,ORD003870,02 Feb 2022,06-02-2022,DTDC,78.96,Returned to Origin
SHP003871,ORD003871,,30-12-2023,ekart,,Lost
SHP003872,ORD003872,17/07/2023,20-07-2023,IndiaPost,579.83,DELAYED
SHP003873,ORD003873,01/05/2022,08-01-2022,XpressBees,719.92,Returned to Origin
SHP003874,ORD003874,07/10/2024,2024-10-10,INDIAPOST,260.48,Delivered
SHP003875,ORD003875,09 Feb 2023,15-02-2023,BlueDart,700.49,Delivered
SHP003876,ORD003876,02/07/2024,02/13/2024,BlueDart,299.34,lost
SHP003877,ORD003877,2023/01/15,01/18/2023,ekart,309.63,Delivered
SHP003878,ORD003878,14-12-2022,18-12-2022,Ekart,36.07,DELAYED
SHP003879,ORD003879,07-01-2024,08/01/2024,FEDEX,585.34,delivered
SHP003880,ORD003880,06-09-2023,2023-09-09,XpressBees,274.93,IN TRANSIT
SHP003881,ORD003881,20 Aug 2024,2024/08/26,BlueDart,67.27,Delivered
SHP003882,ORD003882,18/07/2022,24 Jul 2022,BlueDart,299.0,IN TRANSIT
SHP003883,ORD003883,12/04/2023,2023-12-11,Delhivery,647.98,Delivered
SHP003884,ORD003884,27 Aug 2022,03/09/2022,FedEx,775.06,Returned to Origin
SHP003885,ORD003885,,2024/10/04,Ekart,457.58,In Transit
SHP003886,ORD003886,23-02-2024,2024/02/29,BlueDart,368.04,Delayed
SHP003887,ORD003887,2024-07-23,2024-07-26,IndiaPost,476.61,In Transit
SHP003888,ORD003888,,11/12/2024,FedEx,189.39,Delivered
SHP003889,ORD003889,01/22/2024,2024-01-26,xpressbees,683.69,Delivered
SHP003890,ORD003890,2023/11/13,11/16/2023,FedEx,512.84,Delivered
SHP003891,ORD003891,27/11/2024,,BlueDart,882.14,In Transit
SHP003892,ORD003892,04/07/2023,10-04-2023,dtdc,582.31,IN TRANSIT
SHP003893,ORD003893,08/23/2022,2022-08-29,XpressBees,604.89,In Transit
SHP003894,ORD003894,2023-07-10,07/13/2023,Ekart,554.46,Returned to Origin
SHP003895,ORD003895,31 Jul 2023,01 Aug 2023,FEDEX,877.62,Returned to Origin
SHP003896,ORD003896,2023/08/22,25-08-2023,FedEx,104.3,In Transit
SHP003897,ORD003897,31-03-2024,08/04/2024,DTDC,676.35,Delivered
SHP003898,ORD003898,03 Oct 2024,09 Oct 2024,DTDC,736.62,Lost
SHP003899,ORD003899,06/19/2022,24/06/2022,EKART,131.49,Delivered
SHP003900,ORD003900,20 Feb 2024,2024-02-24,BlueDart,853.15,Returned to Origin
SHP003901,ORD003901,23/08/2023,09/02/2023,FedEx,573.45,lost
SHP003902,ORD003902,25-07-2024,2024-07-29,delhivery,841.44,Lost
SHP003903,ORD003903,19 Sep 2022,22/09/2022,FedEx,270.53,Returned to Origin
SHP003904,ORD003904,27-03-2023,30/03/2023,Delhivery,764.89,LOST
SHP003905,ORD003905,21 Oct 2022,,IndiaPost,96.51,Returned to Origin
SHP003906,ORD003906,2022/01/20,01/22/2022,FedEx,59.82,Delivered
SHP003907,ORD003907,10-07-2023,07/18/2023,fedex,142.82,Returned to Origin
SHP003908,ORD003908,23/08/2024,2024-08-27,delhivery,427.03,Delayed
SHP003909,ORD003909,06/28/2024,08/07/2024,dtdc,764.73,Lost
SHP003910,ORD003910,2024-03-10,13 Mar 2024,fedex,481.74,Returned to Origin
SHP003911,ORD003911,10/18/2022,21-10-2022,XpressBees,339.22,Delayed
SHP003912,ORD003912,07 Aug 2023,2023-08-14,DTDC,380.46,Returned to Origin
SHP003913,ORD003913,07-05-2022,2022-05-13,DTDC,36.28,Lost
SHP003914,ORD003914,2022-07-16,23-07-2022,DTDC,233.54,LOST
SHP003915,ORD003915,24 Feb 2022,04 Mar 2022,Delhivery,150.28,Returned to Origin
SHP003916,ORD003916,20/04/2023,22/04/2023,Delhivery,421.32,in transit
SHP003917,ORD003917,2023-12-25,01-01-2024,indiapost,522.41,Lost
SHP003918,ORD003918,18 Jan 2022,2022/01/24,Ekart,897.92,Lost
SHP003919,ORD003919,28/12/2023,2023/12/31,BlueDart,,Returned to Origin
SHP003920,ORD003920,2024-09-09,09/24/2024,XpressBees,289.62,Returned to Origin
SHP003921,ORD003921,05-01-2024,01/20/2024,IndiaPost,,RETURNED TO ORIGIN
SHP003922,ORD003922,31 Mar 2024,08-04-2024,DTDC,149.49,Lost
SHP003923,ORD003923,24-08-2022,01/09/2022,BlueDart,453.8,Returned to Origin
SHP003924,ORD003924,09-03-2024,16/03/2024,BlueDart,860.35,LOST
SHP003925,ORD003925,26/03/2022,03 Apr 2022,XpressBees,321.78,DELIVERED
SHP003926,ORD003926,11/12/2024,19 Dec 2024,fedex,219.4,Lost
SHP003927,ORD003927,20/11/2023,05 Dec 2023,Delhivery,,returned to origin
SHP003928,ORD003928,2023/01/03,04-01-2023,DTDC,485.51,In Transit
SHP003929,ORD003929,15-05-2023,05/16/2023,XPRESSBEES,588.44,In Transit
SHP003930,ORD003930,2023/08/17,2023-08-21,DTDC,299.11,Returned to Origin
SHP003931,ORD003931,25/10/2023,2023/10/28,Ekart,338.34,DELAYED
SHP003932,ORD003932,11/11/2023,2023-11-14,xpressbees,316.21,Delivered
SHP003933,ORD003933,2024/02/18,04 Mar 2024,FEDEX,557.13,Delayed
SHP003934,ORD003934,20 Sep 2022,23/09/2022,DTDC,897.89,lost
SHP003935,ORD003935,10-12-2022,2022-12-13,dtdc,232.41,Delivered
SHP003936,ORD003936,12 May 2024,22/05/2024,Ekart,480.83,Delayed
SHP003937,ORD003937,10 Feb 2024,14/02/2024,delhivery,210.96,delayed
SHP003938,ORD003938,05-05-2024,05/07/2024,Ekart,696.12,Delayed
SHP003939,ORD003939,07/29/2024,13/08/2024,FedEx,818.07,delivered
SHP003940,ORD003940,08/10/2022,11 Oct 2022,Delhivery,836.17,In Transit
SHP003941,ORD003941,27 Feb 2022,03/01/2022,Ekart,72.88,Lost
SHP003942,ORD003942,24/07/2024,07/28/2024,delhivery,689.2,Delivered
SHP003943,ORD003943,2022-10-25,27/10/2022,FedEx,298.49,DELIVERED
SHP003944,ORD003944,10/12/2023,10/17/2023,DTDC,456.15,Delivered
SHP003945,ORD003945,08 Dec 2022,11 Dec 2022,XpressBees,220.13,Returned to Origin
SHP003946,ORD003946,2023-11-18,23 Nov 2023,DTDC,397.78,Delivered
SHP003947,ORD003947,15/08/2024,19 Aug 2024,BlueDart,602.45,IN TRANSIT
SHP003948,ORD003948,06/07/2024,11/07/2024,DTDC,565.9,In Transit
SHP003949,ORD003949,25-02-2024,06/03/2024,Delhivery,393.21,Lost
SHP003950,ORD003950,23-08-2024,02 Sep 2024,DTDC,358.15,DELIVERED
SHP003951,ORD003951,25 Jan 2022,2022-01-28,DTDC,489.36,Delayed
SHP003952,ORD003952,2022-04-15,2022/04/21,IndiaPost,,In Transit
SHP003953,ORD003953,02-11-2024,2024-11-12,BlueDart,449.27,In Transit
SHP003954,ORD003954,15/03/2023,22/03/2023,IndiaPost,521.93,Delayed
SHP003955,ORD003955,02/11/2023,2023-02-14,Delhivery,871.72,Delivered
SHP003956,ORD003956,2023-10-06,,BlueDart,433.74,delivered
SHP003957,ORD003957,2024-03-03,03/09/2024,FedEx,790.55,DELIVERED
SHP003958,ORD003958,19/02/2023,02/22/2023,XpressBees,296.01,LOST
SHP003959,ORD003959,31 Aug 2024,07 Sep 2024,DELHIVERY,855.39,lost
SHP003960,ORD003960,21/12/2022,2022-12-28,XpressBees,773.19,RETURNED TO ORIGIN
SHP003961,ORD003961,2024/08/04,07/08/2024,DTDC,592.37,DELIVERED
SHP003962,ORD003962,18-08-2023,21-08-2023,DTDC,126.66,Delayed
SHP003963,ORD003963,2022/03/30,14-04-2022,FedEx,409.43,In Transit
SHP003964,ORD003964,30-05-2024,05-06-2024,dtdc,122.16,Lost
SHP003965,ORD003965,2023/03/17,03/20/2023,indiapost,510.35,Delivered
SHP003966,ORD003966,2024-11-06,11/10/2024,Delhivery,881.5,Delivered
SHP003967,ORD003967,2022-09-27,30 Sep 2022,Ekart,,in transit
SHP003968,ORD003968,18 Oct 2022,2022-10-25,bluedart,426.25,In Transit
SHP003969,ORD003969,06/07/2024,2024-06-14,Delhivery,813.85,Returned to Origin
SHP003970,ORD003970,,0000-00-00,DTDC,40.08,LOST
SHP003971,ORD003971,2024-08-15,08/20/2024,Delhivery,784.89,DELAYED
SHP003972,ORD003972,12-05-2022,17 May 2022,Delhivery,526.16,Lost
SHP003973,ORD003973,2023/09/24,28-09-2023,Ekart,615.4,DELIVERED
SHP003974,ORD003974,21 May 2022,25/05/2022,Delhivery,201.03,Delayed
SHP003975,ORD003975,14 Apr 2022,18 Apr 2022,BlueDart,,Lost
SHP003976,ORD003976,07/04/2024,07/12/2024,EKART,561.6,Delayed
SHP003977,ORD003977,2024/02/02,09-02-2024,FedEx,168.66,DELIVERED
SHP003978,ORD003978,2024-12-13,2024-12-14,bluedart,569.61,Returned to Origin
SHP003979,ORD003979,05/10/2022,2022-05-20,EKART,765.16,Returned to Origin
SHP003980,ORD003980,0000-00-00,2024-07-22,Ekart,686.04,IN TRANSIT
SHP003981,ORD003981,2022-03-31,2022-04-03,delhivery,95.43,In Transit
SHP003982,ORD003982,2024/05/26,2024-05-30,IndiaPost,148.34,Delayed
SHP003983,ORD003983,04/24/2022,01/05/2022,IndiaPost,432.13,delivered
SHP003984,ORD003984,25-08-2024,27 Aug 2024,IndiaPost,32.58,IN TRANSIT
SHP003985,ORD003985,2023/07/16,2023-07-21,Ekart,193.37,Lost
SHP003986,ORD003986,11-05-2023,2023/05/14,bluedart,390.22,Lost
SHP003987,ORD003987,03/03/2022,09-03-2022,FedEx,552.99,Returned to Origin
SHP003988,ORD003988,17/03/2023,03/20/2023,BlueDart,568.85,delayed
SHP003989,ORD003989,20 Apr 2023,30/04/2023,XpressBees,893.72,DELIVERED
SHP003990,ORD003990,14-11-2023,16/11/2023,BlueDart,894.07,Delivered
SHP003991,ORD003991,11/08/2024,2024/08/21,BlueDart,170.15,Returned to Origin
SHP003992,ORD003992,12-05-2022,14-05-2022,Delhivery,380.05,Lost
SHP003993,ORD003993,2024/02/27,05 Mar 2024,DTDC,798.29,In Transit
SHP003994,ORD003994,2024/01/19,2024/01/21,Ekart,867.82,Returned to Origin
SHP003995,ORD003995,02-05-2024,17 May 2024,XpressBees,585.73,Lost
SHP003996,ORD003996,30/12/2023,06-01-2024,Delhivery,335.84,Lost
SHP003997,ORD003997,04/11/2024,16/04/2024,indiapost,189.16,In Transit
SHP003998,ORD003998,2023/05/04,2023/05/07,FedEx,361.64,Returned to Origin
SHP003999,ORD003999,2024-04-29,02/05/2024,xpressbees,641.99,Delivered
SHP004000,ORD004000,05/23/2024,29-05-2024,fedex,514.53,Delayed
SHP004001,ORD004001,12/03/2024,03/19/2024,xpressbees,835.86,RETURNED TO ORIGIN
SHP004002,ORD004002,22/10/2024,25 Oct 2024,FEDEX,162.41,Returned to Origin
SHP004003,ORD004003,05/12/2022,06 Dec 2022,Delhivery,774.94,Delivered
SHP004004,ORD004004,2022-09-19,29-09-2022,Ekart,303.44,delayed
SHP004005,ORD004005,2023-08-25,27-08-2023,XpressBees,214.96,In Transit
SHP004006,ORD004006,2024-09-15,19/09/2024,EKART,804.15,Delayed
SHP004007,ORD004007,22-11-2023,25/11/2023,Delhivery,272.21,lost
SHP004008,ORD004008,04-02-2023,02/07/2023,BlueDart,645.58,Delivered
SHP004009,ORD004009,23-07-2024,24-07-2024,Delhivery,626.86,LOST
SHP004010,ORD004010,01/19/2022,2022/02/03,dtdc,667.44,Returned to Origin
SHP004011,ORD004011,2024/12/18,02 Jan 2025,INDIAPOST,691.01,delayed
SHP004012,ORD004012,09/08/2023,2023/09/09,DTDC,469.36,Returned to Origin
SHP004013,ORD004013,2022/01/15,18-01-2022,bluedart,754.22,Returned to Origin
SHP004014,ORD004014,28/04/2023,,Ekart,415.83,Returned to Origin
SHP004015,ORD004015,12/19/2023,2023/12/25,FedEx,,In Transit
SHP004016,ORD004016,13 Dec 2024,2024/12/18,BlueDart,384.25,returned to origin
SHP004017,ORD004017,21-07-2022,2022/07/26,bluedart,575.64,Lost
SHP004018,ORD004018,23/01/2023,2023/01/26,Ekart,578.5,Lost
SHP004019,ORD004019,2022-01-14,2022/01/17,XPRESSBEES,876.18,Delivered
SHP004020,ORD004020,03 Sep 2023,06-09-2023,FedEx,191.09,Delivered
SHP004021,ORD004021,09/06/2022,09/16/2022,delhivery,438.73,RETURNED TO ORIGIN
SHP004022,ORD004022,09 Oct 2024,19-10-2024,DTDC,500.35,Delivered
SHP004023,ORD004023,12-02-2024,2024-02-17,Ekart,451.2,Lost
SHP004024,ORD004024,11/10/2022,18-10-2022,XpressBees,273.78,Lost
SHP004025,ORD004025,15/07/2024,2024-07-21,Delhivery,381.48,In Transit
SHP004026,ORD004026,02/22/2024,27-02-2024,delhivery,763.12,delayed
SHP004027,ORD004027,2023-05-02,2023-05-09,Ekart,416.61,Delivered
SHP004028,ORD004028,25/01/2024,,fedex,409.56,Delayed
SHP004029,ORD004029,03/23/2023,30 Mar 2023,BLUEDART,716.59,Delivered
SHP004030,ORD004030,2023/06/26,07/01/2023,BlueDart,457.79,delayed
SHP004031,ORD004031,21/07/2024,22-07-2024,DTDC,846.96,Lost
SHP004032,ORD004032,27 Nov 2023,29 Nov 2023,EKART,280.18,In Transit
SHP004033,ORD004033,19/07/2024,27/07/2024,Ekart,806.81,Lost
SHP004034,ORD004034,22-01-2023,26-01-2023,BlueDart,728.66,Delayed
SHP004035,ORD004035,20/11/2024,21-11-2024,Delhivery,535.68,Delayed
SHP004036,ORD004036,04 Apr 2023,19/04/2023,Delhivery,546.85,Lost
SHP004037,ORD004037,2024-05-01,2024-05-11,DTDC,856.03,DELAYED
SHP004038,ORD004038,2024-08-21,2024/08/24,FedEx,100.41,Lost
SHP004039,ORD004039,02/11/2024,05 Nov 2024,BlueDart,,Lost
SHP004040,ORD004040,30 Jan 2023,02/02/2023,BlueDart,384.6,Returned to Origin
SHP004041,ORD004041,27 Oct 2024,11/06/2024,Delhivery,158.96,in transit
SHP004042,ORD004042,2024-06-18,20-06-2024,Ekart,297.74,Lost
SHP004043,ORD004043,19 Dec 2023,2023/12/24,XpressBees,693.27,Delivered
SHP004044,ORD004044,,15-07-2023,FEDEX,430.0,RETURNED TO ORIGIN
SHP004045,ORD004045,2022-04-16,22/04/2022,DTDC,175.91,Delivered
SHP004046,ORD004046,06/10/2024,2024-06-12,FEDEX,641.46,Delivered
SHP004047,ORD004047,2024-10-30,2024/11/07,xpressbees,512.56,Delivered
SHP004048,ORD004048,2024-02-18,,FedEx,292.02,Returned to Origin
SHP004049,ORD004049,07/29/2022,02 Aug 2022,XpressBees,534.73,Delivered
SHP004050,ORD004050,2024/12/08,12/11/2024,delhivery,434.61,In Transit
SHP004051,ORD004051,2022/05/31,15 Jun 2022,XpressBees,302.38,Returned to Origin
SHP004052,ORD004052,10 Feb 2022,2022/02/16,DTDC,550.36,In Transit
SHP004053,ORD004053,04 Jan 2023,2023/01/08,BlueDart,295.65,LOST
SHP004054,ORD004054,20/08/2024,08/30/2024,BlueDart,401.85,Delivered
SHP004055,ORD004055,2022-01-19,2022-02-03,Delhivery,45.81,Delayed
SHP004056,ORD004056,2022/09/27,0000-00-00,XPRESSBEES,874.22,Delayed
SHP004057,ORD004057,04/17/2024,27-04-2024,DELHIVERY,301.06,returned to origin
SHP004058,ORD004058,2022-02-13,2022/02/19,Ekart,673.81,returned to origin
SHP004059,ORD004059,19/05/2022,21 May 2022,XPRESSBEES,756.3,Delayed
SHP004060,ORD004060,30 Dec 2024,09-01-2025,Ekart,375.9,delivered
SHP004061,ORD004061,2022/10/01,2022-10-06,DTDC,622.1,Delivered
SHP004062,ORD004062,14-02-2023,02/15/2023,ekart,51.18,Lost
SHP004063,ORD004063,2023-03-06,2023-03-12,FedEx,799.77,Delivered
SHP004064,ORD004064,2022-01-24,01/27/2022,FedEx,628.27,Lost
SHP004065,ORD004065,2022/09/06,2022/09/16,Delhivery,565.64,Delivered
SHP004066,ORD004066,06 Jun 2023,2023/06/14,DELHIVERY,378.32,In Transit
SHP004067,ORD004067,2024/05/11,14 May 2024,Delhivery,835.51,Lost
SHP004068,ORD004068,01-01-2025,2025-01-09,Ekart,728.19,Returned to Origin
SHP004069,ORD004069,02/01/2024,02/16/2024,FEDEX,536.08,Returned to Origin
SHP004070,ORD004070,11/04/2023,19-11-2023,fedex,70.1,IN TRANSIT
SHP004071,ORD004071,08 Nov 2023,09 Nov 2023,bluedart,285.81,Returned to Origin
SHP004072,ORD004072,27-03-2024,06/04/2024,DTDC,737.04,Delivered
SHP004073,ORD004073,06/10/2024,2024-06-15,Ekart,379.32,returned to origin
SHP004074,ORD004074,2023/01/21,25-01-2023,Delhivery,370.67,Delivered
SHP004075,ORD004075,03 Aug 2023,06/08/2023,XpressBees,824.65,Delayed
SHP004076,ORD004076,09/14/2022,17 Sep 2022,XpressBees,895.12,In Transit
SHP004077,ORD004077,2024/04/02,09 Apr 2024,BlueDart,343.04,In Transit
SHP004078,ORD004078,2023/05/11,2023/05/18,INDIAPOST,623.31,Delivered
SHP004079,ORD004079,07-02-2022,2022-02-08,Delhivery,876.54,Lost
SHP004080,ORD004080,2023-03-14,18/03/2023,Delhivery,329.21,In Transit
SHP004081,ORD004081,26 Oct 2024,2024/11/03,DTDC,518.44,Delivered
SHP004082,ORD004082,29/09/2023,03 Oct 2023,Delhivery,831.76,lost
SHP004083,ORD004083,2023-10-04,2023/10/11,IndiaPost,164.02,Lost
SHP004084,ORD004084,06/14/2022,15/06/2022,IndiaPost,272.07,Lost
SHP004085,ORD004085,18 Jun 2022,26 Jun 2022,indiapost,669.06,In Transit
SHP004086,ORD004086,2023-12-29,2024/01/02,ekart,606.97,Lost
SHP004087,ORD004087,02/09/2023,17/02/2023,indiapost,322.99,Lost
SHP004088,ORD004088,2022/02/09,2022/02/17,IndiaPost,763.86,Delivered
SHP004089,ORD004089,2024/12/03,2024/12/11,Ekart,662.95,Delivered
SHP004090,ORD004090,22/09/2022,2022/09/28,Ekart,822.75,IN TRANSIT
SHP004091,ORD004091,2024-04-01,03 Apr 2024,IndiaPost,417.98,Delayed
SHP004092,ORD004092,2022-01-04,12-01-2022,DTDC,792.5,Delivered
SHP004093,ORD004093,2022/03/15,2022-03-21,BlueDart,741.88,Lost
SHP004094,ORD004094,,13-12-2024,FedEx,239.17,Delayed
SHP004095,ORD004095,20/10/2022,2022/10/27,EKART,290.33,Delayed
SHP004096,ORD004096,2023-09-04,05 Sep 2023,FedEx,382.72,In Transit
SHP004097,ORD004097,01-02-2023,02/04/2023,IndiaPost,881.8,delayed
SHP004098,ORD004098,13-06-2022,2022-06-19,DTDC,346.83,Delivered
SHP004099,ORD004099,20 Jul 2023,2023/07/23,Ekart,628.67,Delayed
SHP004100,ORD004100,0000-00-00,25/01/2023,Delhivery,633.77,Delivered
SHP004101,ORD004101,2022/10/13,16 Oct 2022,EKART,876.93,Delayed
SHP004102,ORD004102,11-03-2023,13/03/2023,Ekart,415.23,Lost
SHP004103,ORD004103,22 Aug 2024,27-08-2024,FedEx,145.31,RETURNED TO ORIGIN
SHP004104,ORD004104,30-05-2024,2024-06-03,DTDC,189.76,Delivered
SHP004105,ORD004105,2024/03/09,,Ekart,78.05,Delayed
SHP004106,ORD004106,2022/08/11,19 Aug 2022,IndiaPost,573.35,LOST
SHP004107,ORD004107,17-11-2022,24 Nov 2022,ekart,217.88,In Transit
SHP004108,ORD004108,2023/04/26,2023-04-29,Delhivery,233.14,Delayed
SHP004109,ORD004109,2022/11/17,25-11-2022,IndiaPost,164.58,Delivered
SHP004110,ORD004110,12/31/2023,05 Jan 2024,xpressbees,887.05,DELIVERED
SHP004111,ORD004111,17-09-2022,09/23/2022,ekart,729.41,Returned to Origin
SHP004112,ORD004112,2022/08/17,2022-08-18,IndiaPost,761.94,Delivered
SHP004113,ORD004113,12 Sep 2024,15/09/2024,IndiaPost,813.24,Delayed
SHP004114,ORD004114,30 Mar 2023,2023-04-09,DTDC,676.81,Delivered
SHP004115,ORD004115,2024-03-08,2024/03/09,FedEx,297.56,Delayed
SHP004116,ORD004116,2022/07/30,01-08-2022,Delhivery,760.79,Returned to Origin
SHP004117,ORD004117,04 May 2023,2023/05/07,Delhivery,303.62,in transit
SHP004118,ORD004118,01/21/2024,26/01/2024,Delhivery,250.42,Returned to Origin
SHP004119,ORD004119,13/08/2022,23-08-2022,BlueDart,666.71,Delayed
SHP004120,ORD004120,01/11/2024,2024-11-16,DTDC,157.05,Lost
SHP004121,ORD004121,02/01/2023,01/10/2023,Ekart,551.77,Delivered
SHP004122,ORD004122,2022-06-30,03-07-2022,dtdc,747.96,delayed
SHP004123,ORD004123,0000-00-00,2023-09-11,fedex,167.81,Delivered
SHP004124,ORD004124,03 Sep 2023,2023/09/13,BlueDart,211.84,Returned to Origin
SHP004125,ORD004125,20 Sep 2024,09/28/2024,Delhivery,,Lost
SHP004126,ORD004126,28/11/2024,04/12/2024,IndiaPost,440.42,Delivered
SHP004127,ORD004127,2023-07-10,12/07/2023,FEDEX,33.27,Delivered
SHP004128,ORD004128,2024/01/10,14-01-2024,Ekart,817.72,Returned to Origin
SHP004129,ORD004129,18-04-2024,25-04-2024,DTDC,56.18,In Transit
SHP004130,ORD004130,10-09-2024,11-09-2024,DELHIVERY,478.38,In Transit
SHP004131,ORD004131,16-08-2022,2022/08/19,Ekart,668.65,Lost
SHP004132,ORD004132,08 Jun 2022,2022-06-09,BLUEDART,882.39,In Transit
SHP004133,ORD004133,07/08/2022,08/10/2022,IndiaPost,675.51,IN TRANSIT
SHP004134,ORD004134,10/26/2023,31-10-2023,BLUEDART,108.13,Delivered
SHP004135,ORD004135,31-01-2022,06-02-2022,DTDC,719.77,Lost
SHP004136,ORD004136,03/01/2024,2024-03-11,DTDC,318.0,Delayed
SHP004137,ORD004137,07/08/2024,15/07/2024,FEDEX,284.09,Delayed
SHP004138,ORD004138,2023-06-27,04-07-2023,BlueDart,575.93,Delayed
SHP004139,ORD004139,05/29/2023,2023/06/05,Delhivery,557.81,In Transit
SHP004140,ORD004140,27 Mar 2023,31 Mar 2023,DTDC,653.73,Returned to Origin
SHP004141,ORD004141,2024-10-14,10/21/2024,IndiaPost,383.37,delivered
SHP004142,ORD004142,10/03/2023,06-10-2023,ekart,807.07,Delivered
SHP004143,ORD004143,2023/01/18,01/19/2023,DTDC,365.33,Delayed
SHP004144,ORD004144,2024-12-01,07/12/2024,IndiaPost,218.45,Lost
SHP004145,ORD004145,2024-04-29,2024-05-03,BlueDart,64.61,Lost
SHP004146,ORD004146,07/14/2023,17 Jul 2023,XpressBees,839.08,LOST
SHP004147,ORD004147,02/27/2024,2024-03-01,BlueDart,461.74,Returned to Origin
SHP004148,ORD004148,10/05/2024,11/10/2024,IndiaPost,861.89,Lost
SHP004149,ORD004149,22/12/2024,2024-12-29,Ekart,832.31,delayed
SHP004150,ORD004150,2022-08-07,13-08-2022,FedEx,798.24,Delayed
SHP004151,ORD004151,07/06/2022,2022/06/10,Ekart,48.69,RETURNED TO ORIGIN
SHP004152,ORD004152,29 May 2023,06/04/2023,FedEx,433.57,Delayed
SHP004153,ORD004153,29/09/2022,05-10-2022,XpressBees,505.72,returned to origin
SHP004154,ORD004154,2022-11-11,2022-11-16,XpressBees,764.94,returned to origin
SHP004155,ORD004155,08-08-2023,2023/08/14,delhivery,339.14,in transit
SHP004156,ORD004156,08/02/2023,12/08/2023,DTDC,243.65,Returned to Origin
SHP004157,ORD004157,19/06/2023,20 Jun 2023,BLUEDART,286.98,Returned to Origin
SHP004158,ORD004158,10/13/2023,10/15/2023,Delhivery,754.34,Lost
SHP004159,ORD004159,04-11-2022,11/07/2022,XpressBees,890.7,Delayed
SHP004160,ORD004160,2024/10/28,02/11/2024,XPRESSBEES,444.41,Lost
SHP004161,ORD004161,24-04-2024,2024/04/27,Delhivery,607.55,in transit
SHP004162,ORD004162,17/02/2023,18 Feb 2023,XpressBees,241.51,Returned to Origin
SHP004163,ORD004163,15 Apr 2023,18/04/2023,XpressBees,114.24,returned to origin
SHP004164,ORD004164,05-08-2022,10/08/2022,FedEx,630.8,In Transit
SHP004165,ORD004165,01/21/2024,31-01-2024,XpressBees,250.41,IN TRANSIT
SHP004166,ORD004166,06-01-2022,01/07/2022,FEDEX,693.53,Delivered
SHP004167,ORD004167,2024/05/16,2024-05-18,XPRESSBEES,778.35,In Transit
SHP004168,ORD004168,12/30/2022,2023/01/07,dtdc,307.16,Returned to Origin
SHP004169,ORD004169,11 Jul 2023,07/14/2023,Ekart,66.95,in transit
SHP004170,ORD004170,16 Oct 2023,,BlueDart,379.73,In Transit
SHP004171,ORD004171,,27 May 2024,Delhivery,293.8,In Transit
SHP004172,ORD004172,2024/03/11,2024/03/14,DTDC,61.61,Delivered
SHP004173,ORD004173,2022-08-09,2022-08-14,Ekart,182.21,Returned to Origin
SHP004174,ORD004174,2023/01/08,2023/01/12,FedEx,393.77,In Transit
SHP004175,ORD004175,10 Jun 2023,0000-00-00,BlueDart,446.53,DELAYED
SHP004176,ORD004176,26-09-2022,09/28/2022,BlueDart,484.67,lost
SHP004177,ORD004177,02/04/2024,12/02/2024,Ekart,424.43,Lost
SHP004178,ORD004178,20-06-2023,2023/06/26,Ekart,651.68,lost
SHP004179,ORD004179,2022-12-07,12/14/2022,IndiaPost,391.35,In Transit
SHP004180,ORD004180,2024-03-21,24-03-2024,Ekart,717.19,Lost
SHP004181,ORD004181,13 Nov 2024,2024/11/20,EKART,661.13,Delayed
SHP004182,ORD004182,12/06/2024,2024/12/12,IndiaPost,80.47,DELAYED
SHP004183,ORD004183,2022-03-23,26 Mar 2022,BlueDart,308.52,Delivered
SHP004184,ORD004184,05/19/2023,2023-05-26,FedEx,66.26,Delayed
SHP004185,ORD004185,29 Apr 2024,2024-05-04,DELHIVERY,826.06,In Transit
SHP004186,ORD004186,05 Dec 2022,,IndiaPost,209.7,LOST
SHP004187,ORD004187,2024-10-23,2024/10/31,DTDC,374.56,returned to origin
SHP004188,ORD004188,23 Jun 2023,2023-06-27,dtdc,785.85,lost
SHP004189,ORD004189,2022-03-08,11/03/2022,FedEx,301.17,Lost
SHP004190,ORD004190,17-09-2023,2023/10/02,DTDC,,lost
SHP004191,ORD004191,2024-09-10,09/14/2024,IndiaPost,463.76,Delivered
SHP004192,ORD004192,17/01/2024,01/27/2024,DTDC,399.42,Delivered
SHP004193,ORD004193,09 Mar 2024,2024-03-24,delhivery,190.95,Lost
SHP004194,ORD004194,09/18/2024,24 Sep 2024,XpressBees,868.17,Delayed
SHP004195,ORD004195,2022/12/14,24/12/2022,Ekart,529.36,In Transit
SHP004196,ORD004196,10/20/2024,04-11-2024,Delhivery,462.29,Lost
SHP004197,ORD004197,28/06/2023,2023-07-02,xpressbees,737.8,DELAYED
SHP004198,ORD004198,2024-09-17,22/09/2024,delhivery,457.5,DELIVERED
SHP004199,ORD004199,2022/03/27,2022/03/31,XpressBees,855.47,IN TRANSIT
SHP004200,ORD004200,16-10-2023,20-10-2023,DTDC,78.66,Delivered
SHP004201,ORD004201,02-07-2022,2022-07-12,FedEx,263.42,Lost
SHP004202,ORD004202,2022-11-15,22-11-2022,DTDC,227.67,RETURNED TO ORIGIN
SHP004203,ORD004203,02/22/2022,02/25/2022,DTDC,359.57,Returned to Origin
SHP004204,ORD004204,2022-12-16,2022-12-19,fedex,578.85,Delivered
SHP004205,ORD004205,03 Jun 2023,2023-06-11,BlueDart,354.17,Lost
SHP004206,ORD004206,27 Jul 2024,30/07/2024,fedex,294.74,Delayed
SHP004207,ORD004207,07/15/2024,2024/07/20,Ekart,553.27,Returned to Origin
SHP004208,ORD004208,01/01/2024,16-01-2024,IndiaPost,503.68,RETURNED TO ORIGIN
SHP004209,ORD004209,2022-11-11,11/17/2022,BlueDart,663.81,Lost
SHP004210,ORD004210,09/08/2024,2024-08-14,BlueDart,258.52,Delivered
SHP004211,ORD004211,08/03/2024,07/08/2024,delhivery,82.28,Lost
SHP004212,ORD004212,05 Feb 2023,08/02/2023,Delhivery,579.41,In Transit
SHP004213,ORD004213,06/15/2023,25/06/2023,Delhivery,232.44,Delayed
SHP004214,ORD004214,2022/10/25,11/04/2022,IndiaPost,561.13,DELAYED
SHP004215,ORD004215,2022-01-26,2022-01-30,INDIAPOST,712.96,IN TRANSIT
SHP004216,ORD004216,06/09/2022,06/24/2022,FEDEX,382.82,IN TRANSIT
SHP004217,ORD004217,03/17/2024,20 Mar 2024,XpressBees,95.65,Returned to Origin
SHP004218,ORD004218,04-10-2024,07/10/2024,FedEx,395.91,Returned to Origin
SHP004219,ORD004219,2022/08/16,17 Aug 2022,Delhivery,53.46,Returned to Origin
SHP004220,ORD004220,2023-09-11,16 Sep 2023,Ekart,304.63,Returned to Origin
SHP004221,ORD004221,2022/01/12,22 Jan 2022,Delhivery,,Delayed
SHP004222,ORD004222,09/09/2022,09/13/2022,DTDC,94.03,Lost
SHP004223,ORD004223,26 Dec 2024,01/10/2025,indiapost,668.12,In Transit
SHP004224,ORD004224,18 Jan 2023,26 Jan 2023,Ekart,200.13,Delivered
SHP004225,ORD004225,21-05-2024,05/27/2024,xpressbees,395.36,IN TRANSIT
SHP004226,ORD004226,13/12/2022,19/12/2022,DTDC,62.15,DELIVERED
SHP004227,ORD004227,16 Oct 2024,10/31/2024,DELHIVERY,471.86,Delivered
SHP004228,ORD004228,,2023-03-19,BlueDart,111.02,delayed
SHP004229,ORD004229,04/23/2023,04/29/2023,Delhivery,678.7,Lost
SHP004230,ORD004230,01/26/2023,02/10/2023,FedEx,752.81,in transit
SHP004231,ORD004231,25-10-2023,11/09/2023,XpressBees,893.87,Delivered
SHP004232,ORD004232,02 Mar 2023,0000-00-00,xpressbees,174.53,Returned to Origin
SHP004233,ORD004233,07 May 2023,10/05/2023,dtdc,350.66,LOST
SHP004234,ORD004234,09/09/2022,2022/09/24,ekart,440.75,LOST
SHP004235,ORD004235,06/07/2023,2023-07-08,delhivery,154.33,IN TRANSIT
SHP004236,ORD004236,18-03-2022,19-03-2022,IndiaPost,346.2,In Transit
SHP004237,ORD004237,2023-07-25,28-07-2023,Delhivery,600.75,IN TRANSIT
SHP004238,ORD004238,31/07/2023,10 Aug 2023,IndiaPost,771.22,Delivered
SHP004239,ORD004239,01/14/2022,2022/01/17,Ekart,798.56,In Transit
SHP004240,ORD004240,02/10/2023,10/10/2023,IndiaPost,743.4,IN TRANSIT
SHP004241,ORD004241,17 Mar 2024,01/04/2024,BlueDart,252.85,Delayed
SHP004242,ORD004242,21/10/2022,2022-11-05,IndiaPost,784.49,Delayed
SHP004243,ORD004243,2024-01-25,2024-01-30,XpressBees,437.28,Lost
SHP004244,ORD004244,07/27/2023,30 Jul 2023,IndiaPost,682.46,Delivered
SHP004245,ORD004245,0000-00-00,04/12/2024,DTDC,713.8,In Transit
SHP004246,ORD004246,16/01/2022,20-01-2022,DTDC,551.91,Returned to Origin
SHP004247,ORD004247,17-01-2024,01/25/2024,BlueDart,656.96,Lost
SHP004248,ORD004248,29/06/2024,09-07-2024,FedEx,891.29,Delayed
SHP004249,ORD004249,11-02-2023,02/15/2023,FedEx,834.64,Delivered
SHP004250,ORD004250,07 Apr 2022,17-04-2022,fedex,186.27,Lost
SHP004251,ORD004251,2022-03-17,25 Mar 2022,XpressBees,172.72,delivered
SHP004252,ORD004252,30/10/2024,2024/11/05,ekart,758.2,Returned to Origin
SHP004253,ORD004253,05/20/2024,05/23/2024,xpressbees,492.67,Lost
SHP004254,ORD004254,2023-01-27,2023-01-31,indiapost,879.63,Delayed
SHP004255,ORD004255,2024/07/29,13 Aug 2024,FEDEX,,Lost
SHP004256,ORD004256,19 Jun 2023,27 Jun 2023,xpressbees,198.6,Returned to Origin
SHP004257,ORD004257,25 Aug 2024,2024/08/30,Ekart,723.54,Lost
SHP004258,ORD004258,09/02/2024,09-09-2024,xpressbees,570.79,returned to origin
SHP004259,ORD004259,2024/03/03,05-03-2024,Ekart,233.55,Delivered
SHP004260,ORD004260,28/04/2024,01 May 2024,Delhivery,487.02,Returned to Origin
SHP004261,ORD004261,07/01/2024,13/01/2024,FedEx,677.33,DELIVERED
SHP004262,ORD004262,2022-07-28,2022/08/12,BlueDart,838.14,Returned to Origin
SHP004263,ORD004263,04 Nov 2022,11/10/2022,XpressBees,885.12,RETURNED TO ORIGIN
SHP004264,ORD004264,08/03/2024,08-08-2024,Ekart,292.2,delivered
SHP004265,ORD004265,05/23/2024,2024/05/29,EKART,751.32,Returned to Origin
SHP004266,ORD004266,02/02/2022,07-02-2022,FedEx,561.78,Lost
SHP004267,ORD004267,14 Jun 2024,22/06/2024,indiapost,411.15,In Transit
SHP004268,ORD004268,09/20/2023,05/10/2023,DELHIVERY,899.64,Lost
SHP004269,ORD004269,16-06-2022,06/26/2022,XpressBees,330.96,In Transit
SHP004270,ORD004270,2024-11-17,20-11-2024,DTDC,287.81,Delivered
SHP004271,ORD004271,15-02-2023,18-02-2023,BlueDart,413.69,Delivered
SHP004272,ORD004272,2022/08/19,24-08-2022,EKART,423.22,LOST
SHP004273,ORD004273,02/11/2022,06/11/2022,ekart,830.91,delivered
SHP004274,ORD004274,10/15/2022,2022-10-30,ekart,414.06,Delivered
SHP004275,ORD004275,08/31/2024,01 Sep 2024,FedEx,723.94,delayed
SHP004276,ORD004276,2024-10-24,10/28/2024,DELHIVERY,421.54,In Transit
SHP004277,ORD004277,06 Aug 2024,2024-08-13,XPRESSBEES,,Delivered
SHP004278,ORD004278,03-08-2024,08/11/2024,FEDEX,,In Transit
SHP004279,ORD004279,14 Jan 2022,2022/01/22,FedEx,452.59,Returned to Origin
SHP004280,ORD004280,06/10/2024,20/06/2024,XpressBees,586.97,Returned to Origin
SHP004281,ORD004281,2024-10-02,2024-10-12,XpressBees,537.74,DELIVERED
SHP004282,ORD004282,17 Apr 2024,25-04-2024,indiapost,247.47,Returned to Origin
SHP004283,ORD004283,2024/11/02,2024/11/04,Delhivery,,Lost
SHP004284,ORD004284,04/28/2022,2022/05/03,DTDC,788.86,Returned to Origin
SHP004285,ORD004285,03/20/2022,2022/03/24,XpressBees,682.87,in transit
SHP004286,ORD004286,2023/08/12,08/14/2023,DTDC,514.31,DELAYED
SHP004287,ORD004287,2022/02/25,04-03-2022,Delhivery,526.84,In Transit
SHP004288,ORD004288,2023/10/07,14 Oct 2023,FedEx,261.4,In Transit
SHP004289,ORD004289,06-12-2023,2023/12/21,DTDC,266.23,Delayed
SHP004290,ORD004290,06/13/2022,2022-06-14,Ekart,765.1,LOST
SHP004291,ORD004291,29/06/2022,07/03/2022,XpressBees,530.73,Returned to Origin
SHP004292,ORD004292,2024-09-16,2024/09/20,FedEx,578.64,Delivered
SHP004293,ORD004293,03/28/2024,2024-04-01,ekart,278.01,In Transit
SHP004294,ORD004294,25 Feb 2024,02-03-2024,Delhivery,509.96,In Transit
SHP004295,ORD004295,2024-01-19,2024-02-03,XpressBees,585.35,Delivered
SHP004296,ORD004296,26/12/2024,29 Dec 2024,FedEx,356.91,Returned to Origin
SHP004297,ORD004297,03 Jan 2022,13/01/2022,Delhivery,683.26,LOST
SHP004298,ORD004298,16 Apr 2022,26 Apr 2022,DTDC,629.53,DELIVERED
SHP004299,ORD004299,13 Jun 2024,06/23/2024,EKART,276.26,lost
SHP004300,ORD004300,2023-03-29,01-04-2023,BLUEDART,361.61,Delayed
SHP004301,ORD004301,2024/10/24,2024-11-08,DTDC,258.7,Returned to Origin
SHP004302,ORD004302,09/03/2023,09/09/2023,Delhivery,762.24,Returned to Origin
SHP004303,ORD004303,10/25/2023,09 Nov 2023,Ekart,140.79,LOST
SHP004304,ORD004304,2023/09/20,22-09-2023,BlueDart,891.47,In Transit
SHP004305,ORD004305,2022-03-05,15-03-2022,bluedart,821.34,Returned to Origin
SHP004306,ORD004306,2024/04/03,11 Apr 2024,bluedart,261.97,Delayed
SHP004307,ORD004307,2024-05-09,05/12/2024,DTDC,349.49,delivered
SHP004308,ORD004308,06 Dec 2022,12/08/2022,XpressBees,518.12,LOST
SHP004309,ORD004309,08/01/2023,2023/01/13,BlueDart,137.24,returned to origin
SHP004310,ORD004310,10/11/2024,11/13/2024,IndiaPost,664.21,In Transit
SHP004311,ORD004311,30 Nov 2022,,delhivery,276.2,DELIVERED
SHP004312,ORD004312,27/01/2022,2022/01/29,Delhivery,246.46,Delayed
SHP004313,ORD004313,2023/03/16,31/03/2023,DELHIVERY,504.31,Returned to Origin
SHP004314,ORD004314,01/09/2023,19-01-2023,Ekart,513.9,Returned to Origin
SHP004315,ORD004315,2023/08/14,21 Aug 2023,XpressBees,183.49,Lost
SHP004316,ORD004316,21/06/2022,26-06-2022,FedEx,302.26,Lost
SHP004317,ORD004317,19/09/2023,2023/09/26,DTDC,38.2,DELIVERED
SHP004318,ORD004318,02/08/2024,11-02-2024,DTDC,500.23,Returned to Origin
SHP004319,ORD004319,27 Dec 2023,2024-01-03,IndiaPost,664.48,returned to origin
SHP004320,ORD004320,06/20/2024,2024/06/23,Ekart,324.84,Returned to Origin
SHP004321,ORD004321,2023/03/31,2023-04-04,Ekart,574.69,delayed
SHP004322,ORD004322,24/01/2022,2022/01/28,BlueDart,351.07,Delayed
SHP004323,ORD004323,2024/05/26,2024/05/31,DTDC,62.68,RETURNED TO ORIGIN
SHP004324,ORD004324,02 Aug 2022,08/04/2022,BlueDart,447.88,In Transit
SHP004325,ORD004325,2023-06-24,2023/07/01,BlueDart,587.02,in transit
SHP004326,ORD004326,06/27/2022,28 Jun 2022,DTDC,481.44,Delivered
SHP004327,ORD004327,29 May 2022,2022-06-04,dtdc,341.1,Delivered
SHP004328,ORD004328,2022/11/14,2022-11-29,XpressBees,467.55,LOST
SHP004329,ORD004329,2022/05/06,2022-05-14,Delhivery,443.7,Lost
SHP004330,ORD004330,2023-06-14,2023/06/15,DTDC,785.9,Lost
SHP004331,ORD004331,2022/05/19,26-05-2022,DTDC,105.16,Delayed
SHP004332,ORD004332,2024-09-22,09/27/2024,bluedart,,Lost
SHP004333,ORD004333,,2023/06/07,INDIAPOST,291.7,Lost
SHP004334,ORD004334,01-04-2024,04/04/2024,XpressBees,644.62,Delivered
SHP004335,ORD004335,23 Aug 2024,09/07/2024,XpressBees,166.21,In Transit
SHP004336,ORD004336,0000-00-00,2022/08/28,Ekart,572.3,Lost
SHP004337,ORD004337,28 Jan 2024,05-02-2024,DTDC,448.52,Delayed
SHP004338,ORD004338,23/08/2023,2023-08-26,IndiaPost,681.34,Delayed
SHP004339,ORD004339,2023-12-29,0000-00-00,Delhivery,209.14,Delayed
SHP004340,ORD004340,13 Dec 2022,12/20/2022,BlueDart,172.37,In Transit
SHP004341,ORD004341,2023/04/27,04 May 2023,IndiaPost,386.25,Delivered
SHP004342,ORD004342,18/05/2022,2022/05/25,BlueDart,387.93,returned to origin
SHP004343,ORD004343,27-03-2023,2023/04/06,DTDC,748.93,Lost
SHP004344,ORD004344,10 Jul 2024,2024/07/25,XpressBees,861.71,DELAYED
SHP004345,ORD004345,2022-09-30,2022/10/10,IndiaPost,553.98,Lost
SHP004346,ORD004346,04/06/2024,04/16/2024,dtdc,281.49,Delivered
SHP004347,ORD004347,2022-07-12,17/07/2022,DTDC,741.91,In Transit
SHP004348,ORD004348,01/13/2024,2024/01/16,FEDEX,847.48,Delivered
SHP004349,ORD004349,2023/06/03,2023/06/13,XpressBees,385.91,DELAYED
SHP004350,ORD004350,2024-02-18,24-02-2024,xpressbees,,IN TRANSIT
SHP004351,ORD004351,09/05/2023,2023/09/08,DTDC,214.41,Lost
SHP004352,ORD004352,21 Oct 2023,31/10/2023,XPRESSBEES,57.2,Delivered
SHP004353,ORD004353,26 Mar 2022,2022/04/05,delhivery,163.69,lost
SHP004354,ORD004354,10 Jul 2024,11 Jul 2024,XpressBees,156.6,DELIVERED
SHP004355,ORD004355,2022/09/18,2022/09/24,FEDEX,749.05,IN TRANSIT
SHP004356,ORD004356,16-01-2022,23/01/2022,Delhivery,88.38,returned to origin
SHP004357,ORD004357,05/03/2022,08 May 2022,BLUEDART,185.98,In Transit
SHP004358,ORD004358,2023-03-27,03/04/2023,xpressbees,814.07,Lost
SHP004359,ORD004359,04/12/2024,14 Dec 2024,DELHIVERY,609.76,delivered
SHP004360,ORD004360,19-06-2024,22-06-2024,BlueDart,392.11,lost
SHP004361,ORD004361,28 Feb 2023,03/05/2023,BlueDart,211.03,Returned to Origin
SHP004362,ORD004362,14 Jan 2024,2024-01-15,IndiaPost,572.34,In Transit
SHP004363,ORD004363,2022-05-28,01/06/2022,IndiaPost,501.54,In Transit
SHP004364,ORD004364,2023-11-17,27/11/2023,Delhivery,237.88,delivered
SHP004365,ORD004365,10-01-2023,11/01/2023,Ekart,861.17,Lost
SHP004366,ORD004366,28-05-2023,2023-05-30,DTDC,638.56,In Transit
SHP004367,ORD004367,15-02-2023,21-02-2023,DTDC,450.64,Delivered
SHP004368,ORD004368,23/10/2022,10/26/2022,IndiaPost,131.02,delivered
SHP004369,ORD004369,08/10/2023,15 Oct 2023,EKART,228.33,returned to origin
SHP004370,ORD004370,2022/11/22,25/11/2022,BlueDart,793.68,Delayed
SHP004371,ORD004371,,05/19/2024,DTDC,158.99,In Transit
SHP004372,ORD004372,03/02/2022,03/10/2022,XpressBees,624.62,Delayed
SHP004373,ORD004373,04 Apr 2022,06-04-2022,INDIAPOST,657.54,Delayed
SHP004374,ORD004374,2022/08/11,19 Aug 2022,XPRESSBEES,204.79,lost
SHP004375,ORD004375,13/05/2022,2022-05-20,Delhivery,436.81,Returned to Origin
SHP004376,ORD004376,,01-04-2023,FEDEX,660.6,in transit
SHP004377,ORD004377,02/19/2023,23 Feb 2023,EKART,392.74,Delayed
SHP004378,ORD004378,01 Feb 2023,2023-02-09,IndiaPost,603.69,IN TRANSIT
SHP004379,ORD004379,04/05/2022,2022/05/08,IndiaPost,296.18,Returned to Origin
SHP004380,ORD004380,2022-02-09,2022-02-13,xpressbees,121.42,Delivered
SHP004381,ORD004381,24-09-2023,,BlueDart,298.12,Lost
SHP004382,ORD004382,05 Oct 2022,06/10/2022,FedEx,163.88,Lost
SHP004383,ORD004383,09 Jun 2022,2022-06-19,Delhivery,245.78,delivered
SHP004384,ORD004384,18-08-2023,08/22/2023,DTDC,473.78,Returned to Origin
SHP004385,ORD004385,2022-02-17,2022-02-20,Ekart,685.4,Delayed
SHP004386,ORD004386,12/10/2022,15 Oct 2022,delhivery,102.27,returned to origin
SHP004387,ORD004387,2022-09-29,10/06/2022,INDIAPOST,689.58,DELAYED
SHP004388,ORD004388,09 May 2024,15/05/2024,EKART,125.84,Delayed
SHP004389,ORD004389,12/07/2023,12/09/2023,IndiaPost,510.26,Returned to Origin
SHP004390,ORD004390,2024-07-01,2024-07-06,EKART,464.19,Returned to Origin
SHP004391,ORD004391,0000-00-00,28 Oct 2023,Ekart,813.91,Lost
SHP004392,ORD004392,07/01/2023,07/11/2023,BLUEDART,559.72,returned to origin
SHP004393,ORD004393,08/04/2024,2024-04-11,Ekart,817.03,Returned to Origin
SHP004394,ORD004394,17 Feb 2023,18-02-2023,ekart,417.24,Delayed
SHP004395,ORD004395,2024/08/29,2024/08/30,FedEx,757.07,delayed
SHP004396,ORD004396,27/12/2024,11 Jan 2025,IndiaPost,680.58,In Transit
SHP004397,ORD004397,09/21/2024,2024/09/29,IndiaPost,440.85,lost
SHP004398,ORD004398,2022/10/27,2022-11-03,Delhivery,,Returned to Origin
SHP004399,ORD004399,2023-11-28,01 Dec 2023,xpressbees,521.12,Delayed
SHP004400,ORD004400,06/30/2022,03-07-2022,DTDC,780.95,DELAYED
SHP004401,ORD004401,07 Feb 2022,22/02/2022,IndiaPost,590.05,In Transit
SHP004402,ORD004402,2023-04-02,09/04/2023,FedEx,885.59,Delivered
SHP004403,ORD004403,2024/08/06,13-08-2024,XpressBees,565.9,IN TRANSIT
SHP004404,ORD004404,10/16/2022,17-10-2022,Delhivery,640.59,Returned to Origin
SHP004405,ORD004405,03/08/2022,16 Mar 2022,DTDC,771.01,Returned to Origin
SHP004406,ORD004406,03/10/2022,17 Mar 2022,DELHIVERY,631.89,Lost
SHP004407,ORD004407,2023-02-11,2023/02/14,Ekart,829.74,Returned to Origin
SHP004408,ORD004408,,0000-00-00,Ekart,821.67,In Transit
SHP004409,ORD004409,2022/04/26,05/03/2022,bluedart,482.28,Delivered
SHP004410,ORD004410,19/05/2024,,FedEx,682.44,In Transit
SHP004411,ORD004411,2022/06/26,27/06/2022,XpressBees,650.61,Returned to Origin
SHP004412,ORD004412,21-03-2022,29/03/2022,FedEx,77.04,Returned to Origin
SHP004413,ORD004413,18 Apr 2022,2022-05-03,IndiaPost,588.94,IN TRANSIT
SHP004414,ORD004414,25/09/2023,29/09/2023,INDIAPOST,486.44,In Transit
SHP004415,ORD004415,02/01/2023,2023-01-05,Ekart,195.91,Delayed
SHP004416,ORD004416,2022/07/20,23 Jul 2022,IndiaPost,,IN TRANSIT
SHP004417,ORD004417,2023-03-20,0000-00-00,DTDC,214.63,Delivered
SHP004418,ORD004418,12/15/2022,16-12-2022,xpressbees,789.32,Returned to Origin
SHP004419,ORD004419,06/13/2023,2023-06-20,XpressBees,819.38,Delayed
SHP004420,ORD004420,2023-01-26,29/01/2023,XpressBees,548.66,Lost
SHP004421,ORD004421,10/03/2023,11-10-2023,Ekart,266.74,Delayed
SHP004422,ORD004422,2024-08-24,26-08-2024,EKART,359.79,Delivered
SHP004423,ORD004423,2024/08/05,2024-08-15,XPRESSBEES,806.55,In Transit
SHP004424,ORD004424,31 May 2023,2023-06-01,XpressBees,129.32,IN TRANSIT
SHP004425,ORD004425,07-05-2022,05/14/2022,FedEx,353.86,Lost
SHP004426,ORD004426,0000-00-00,2022/07/01,Delhivery,644.47,Lost
SHP004427,ORD004427,2024/08/09,12-08-2024,FedEx,458.11,Delivered
SHP004428,ORD004428,16 May 2022,2022/05/18,Ekart,637.13,Delivered
SHP004429,ORD004429,2024/09/24,04/10/2024,dtdc,160.88,Delivered
SHP004430,ORD004430,2023/10/06,2023-10-16,XPRESSBEES,895.57,returned to origin
SHP004431,ORD004431,13 Mar 2023,2023-03-16,BlueDart,593.75,In Transit
SHP004432,ORD004432,02/04/2023,2023-04-06,ekart,343.96,delayed
SHP004433,ORD004433,2023/05/24,05/27/2023,BlueDart,35.73,Returned to Origin
SHP004434,ORD004434,15-03-2024,30/03/2024,Delhivery,454.57,in transit
SHP004435,ORD004435,03/03/2024,07-03-2024,DTDC,448.84,Lost
SHP004436,ORD004436,10/28/2022,07/11/2022,DTDC,335.29,Delayed
SHP004437,ORD004437,07 Mar 2024,03/09/2024,delhivery,102.51,returned to origin
SHP004438,ORD004438,01/14/2022,29/01/2022,IndiaPost,482.62,IN TRANSIT
SHP004439,ORD004439,05/29/2022,2022-06-02,FedEx,896.8,Delivered
SHP004440,ORD004440,28/04/2024,03/05/2024,XpressBees,474.35,Delayed
SHP004441,ORD004441,05/08/2023,08/09/2023,indiapost,158.42,RETURNED TO ORIGIN
SHP004442,ORD004442,2024/12/25,12/30/2024,DTDC,215.19,Delayed
SHP004443,ORD004443,2022-09-16,2022-10-01,dtdc,739.95,In Transit
SHP004444,ORD004444,2024-06-16,06/19/2024,FEDEX,195.09,IN TRANSIT
SHP004445,ORD004445,19/06/2023,27-06-2023,XPRESSBEES,606.11,Lost
SHP004446,ORD004446,16/01/2022,22-01-2022,XpressBees,194.04,lost
SHP004447,ORD004447,04/13/2023,2023/04/15,Delhivery,698.11,RETURNED TO ORIGIN
SHP004448,ORD004448,2022/07/13,2022/07/16,BlueDart,788.95,lost
SHP004449,ORD004449,05 May 2023,08/05/2023,BLUEDART,767.42,DELIVERED
SHP004450,ORD004450,19-12-2022,2022/12/25,IndiaPost,683.37,delayed
SHP004451,ORD004451,16/02/2022,18-02-2022,DTDC,505.85,Lost
SHP004452,ORD004452,20 Jun 2023,23 Jun 2023,Delhivery,813.37,Delayed
SHP004453,ORD004453,2023/03/27,2023-03-30,Delhivery,542.88,Returned to Origin
SHP004454,ORD004454,03-05-2023,2023/05/10,XPRESSBEES,497.13,In Transit
SHP004455,ORD004455,13/04/2024,19/04/2024,Ekart,437.17,In Transit
SHP004456,ORD004456,18-11-2022,2022-11-25,XPRESSBEES,647.05,Lost
SHP004457,ORD004457,02 Oct 2023,10/10/2023,FedEx,346.41,In Transit
SHP004458,ORD004458,05/05/2023,05/11/2023,DTDC,540.6,Delayed
SHP004459,ORD004459,09 Sep 2024,09/14/2024,BlueDart,531.27,Returned to Origin
SHP004460,ORD004460,2024/11/28,12/08/2024,IndiaPost,647.45,Delivered
SHP004461,ORD004461,07 Nov 2023,09 Nov 2023,Delhivery,790.51,In Transit
SHP004462,ORD004462,13/02/2024,17 Feb 2024,BlueDart,447.1,in transit
SHP004463,ORD004463,02 Aug 2023,2023/08/05,Ekart,860.52,Delayed
SHP004464,ORD004464,12 Mar 2023,2023/03/19,DTDC,148.06,Delayed
SHP004465,ORD004465,2023-02-01,02/09/2023,ekart,797.55,Delayed
SHP004466,ORD004466,2024-01-01,01/03/2024,DELHIVERY,796.52,Lost
SHP004467,ORD004467,16-08-2023,24-08-2023,IndiaPost,876.89,RETURNED TO ORIGIN
SHP004468,ORD004468,10-12-2024,12/15/2024,Ekart,315.32,Delivered
SHP004469,ORD004469,2023/11/09,16 Nov 2023,XpressBees,802.37,Delayed
SHP004470,ORD004470,10/08/2024,2024-08-25,dtdc,38.48,Delayed
SHP004471,ORD004471,26/05/2023,30 May 2023,Delhivery,615.79,delayed
SHP004472,ORD004472,03/05/2023,2023-03-11,IndiaPost,,In Transit
SHP004473,ORD004473,02/21/2023,02/25/2023,Ekart,422.51,returned to origin
SHP004474,ORD004474,2024-11-19,27-11-2024,DELHIVERY,660.3,Delayed
SHP004475,ORD004475,05/01/2023,05/09/2023,BlueDart,468.46,In Transit
SHP004476,ORD004476,08/28/2024,29-08-2024,BLUEDART,652.67,In Transit
SHP004477,ORD004477,07-05-2023,17 May 2023,XPRESSBEES,644.95,Delivered
SHP004478,ORD004478,05-06-2023,2023/06/08,IndiaPost,579.73,In Transit
SHP004479,ORD004479,24-02-2022,2022/02/27,FedEx,241.29,Lost
SHP004480,ORD004480,2023/01/15,19/01/2023,DTDC,892.75,Delivered
SHP004481,ORD004481,27 Sep 2023,2023-10-03,DTDC,235.62,LOST
SHP004482,ORD004482,06/02/2024,06/03/2024,Ekart,157.78,Returned to Origin
SHP004483,ORD004483,2023-11-12,19-11-2023,Ekart,652.78,returned to origin
SHP004484,ORD004484,10-06-2023,2023/06/13,BlueDart,542.08,IN TRANSIT
SHP004485,ORD004485,08-01-2024,2024-01-18,Delhivery,678.61,Returned to Origin
SHP004486,ORD004486,09-01-2024,16 Jan 2024,IndiaPost,131.12,Delivered
SHP004487,ORD004487,09/17/2023,24-09-2023,Delhivery,287.14,lost
SHP004488,ORD004488,26/06/2022,04 Jul 2022,Delhivery,832.2,In Transit
SHP004489,ORD004489,25-04-2022,05-05-2022,xpressbees,460.33,delayed
SHP004490,ORD004490,2023/11/06,2023/11/09,indiapost,816.83,Lost
SHP004491,ORD004491,28 Aug 2024,09/07/2024,BlueDart,454.17,Delayed
SHP004492,ORD004492,01/04/2023,04 Apr 2023,FedEx,262.01,Delivered
SHP004493,ORD004493,2024/03/07,2024/03/12,fedex,185.99,In Transit
SHP004494,ORD004494,12/27/2024,2024-12-31,BlueDart,292.6,Lost
SHP004495,ORD004495,09/03/2023,15-03-2023,Ekart,768.57,Returned to Origin
SHP004496,ORD004496,06 Jul 2024,07/10/2024,FedEx,425.3,Lost
SHP004497,ORD004497,2024-06-13,21-06-2024,bluedart,170.66,LOST
SHP004498,ORD004498,13-05-2024,05/19/2024,Ekart,692.63,Delivered
SHP004499,ORD004499,2022/04/13,28-04-2022,bluedart,569.47,Lost
SHP004500,ORD004500,2024/03/25,,BLUEDART,383.04,Delayed
SHP004501,ORD004501,2022-04-24,27-04-2022,XpressBees,230.04,Delayed
SHP004502,ORD004502,2022-07-30,14-08-2022,Delhivery,535.16,In Transit
SHP004503,ORD004503,0000-00-00,21 Sep 2023,FedEx,64.14,delayed
SHP004504,ORD004504,08/03/2024,11/03/2024,ekart,254.57,lost
SHP004505,ORD004505,10/14/2023,2023/10/24,Delhivery,767.9,Lost
SHP004506,ORD004506,2022-02-15,18-02-2022,Delhivery,384.13,Lost
SHP004507,ORD004507,09 Dec 2023,12 Dec 2023,BlueDart,337.61,Delayed
SHP004508,ORD004508,23/08/2024,26-08-2024,Ekart,650.25,Delivered
SHP004509,ORD004509,2022-09-15,09/30/2022,Ekart,896.3,Returned to Origin
SHP004510,ORD004510,16-04-2022,01 May 2022,DTDC,881.06,delivered
SHP004511,ORD004511,19/08/2024,08/24/2024,IndiaPost,51.19,Delayed
SHP004512,ORD004512,12 Apr 2022,04/15/2022,FEDEX,187.85,Delayed
SHP004513,ORD004513,2024/09/02,12/09/2024,DTDC,430.57,delayed
SHP004514,ORD004514,03 Sep 2023,11/09/2023,BlueDart,609.99,in transit
SHP004515,ORD004515,25/09/2024,05/10/2024,DTDC,195.65,Lost
SHP004516,ORD004516,01/02/2023,16-02-2023,fedex,406.69,Lost
SHP004517,ORD004517,12/18/2024,20 Dec 2024,Delhivery,166.22,Delivered
SHP004518,ORD004518,2024-11-15,19 Nov 2024,FedEx,758.66,Delayed
SHP004519,ORD004519,2024-11-07,2024/11/14,xpressbees,282.96,Delivered
SHP004520,ORD004520,31-08-2024,2024/09/03,FedEx,760.31,Delivered
SHP004521,ORD004521,2023/03/04,14-03-2023,BlueDart,873.69,DELAYED
SHP004522,ORD004522,05/02/2024,11 Feb 2024,FEDEX,644.57,Delayed
SHP004523,ORD004523,01/03/2024,01/06/2024,BLUEDART,422.27,Lost
SHP004524,ORD004524,2024-09-22,27/09/2024,DTDC,346.54,RETURNED TO ORIGIN
SHP004525,ORD004525,2024-06-23,24/06/2024,FedEx,,DELAYED
SHP004526,ORD004526,2023-08-15,08/23/2023,BlueDart,521.84,Delivered
SHP004527,ORD004527,2023/02/03,06/02/2023,bluedart,357.06,RETURNED TO ORIGIN
SHP004528,ORD004528,2022/04/04,04/07/2022,delhivery,214.81,Returned to Origin
SHP004529,ORD004529,17-02-2022,04 Mar 2022,BlueDart,831.68,Delayed
SHP004530,ORD004530,16/01/2022,01/17/2022,Delhivery,191.36,Delayed
SHP004531,ORD004531,25-06-2024,06/29/2024,XpressBees,137.42,Delivered
SHP004532,ORD004532,2023-12-26,2024/01/02,Ekart,588.77,returned to origin
SHP004533,ORD004533,2023/11/01,02 Nov 2023,Ekart,425.79,Delivered
SHP004534,ORD004534,10/04/2024,2024/04/20,DTDC,125.15,In Transit
SHP004535,ORD004535,03 Apr 2022,08-04-2022,dtdc,639.14,Returned to Origin
SHP004536,ORD004536,30 Jan 2022,02/14/2022,indiapost,197.26,DELIVERED
SHP004537,ORD004537,18-03-2022,03/21/2022,dtdc,298.59,In Transit
SHP004538,ORD004538,01/21/2023,25-01-2023,INDIAPOST,738.8,Lost
SHP004539,ORD004539,2023/11/21,24/11/2023,XPRESSBEES,638.76,RETURNED TO ORIGIN
SHP004540,ORD004540,16/11/2022,24 Nov 2022,XpressBees,122.33,Delivered
SHP004541,ORD004541,2022/03/06,12/03/2022,DTDC,736.03,Lost
SHP004542,ORD004542,07-05-2023,22-05-2023,bluedart,479.32,lost
SHP004543,ORD004543,01 Mar 2024,07/03/2024,XpressBees,839.66,Returned to Origin
SHP004544,ORD004544,04/13/2024,2024-04-28,Delhivery,699.76,in transit
SHP004545,ORD004545,23 Apr 2022,26-04-2022,Delhivery,357.9,Lost
SHP004546,ORD004546,08/02/2023,17/08/2023,FedEx,815.03,In Transit
SHP004547,ORD004547,,2023/04/22,DTDC,359.08,Delivered
SHP004548,ORD004548,27 Aug 2022,0000-00-00,XpressBees,769.3,Lost
SHP004549,ORD004549,29 May 2024,01-06-2024,IndiaPost,181.88,In Transit
SHP004550,ORD004550,11/11/2022,21 Nov 2022,XpressBees,109.63,In Transit
SHP004551,ORD004551,2022/06/04,0000-00-00,BlueDart,197.98,In Transit
SHP004552,ORD004552,07/04/2023,07/07/2023,FedEx,735.41,Lost
SHP004553,ORD004553,29-12-2023,2023/12/31,BlueDart,413.5,returned to origin
SHP004554,ORD004554,12/07/2023,16-07-2023,EKART,378.01,Lost
SHP004555,ORD004555,16-04-2022,04/22/2022,BlueDart,291.34,Delivered
SHP004556,ORD004556,2022-06-11,14-06-2022,XpressBees,186.74,IN TRANSIT
SHP004557,ORD004557,22-07-2023,07/26/2023,Delhivery,755.25,delayed
SHP004558,ORD004558,25 Feb 2023,02/28/2023,IndiaPost,428.24,Lost
SHP004559,ORD004559,2022/05/31,05-06-2022,DTDC,270.66,Lost
SHP004560,ORD004560,2022-02-25,02/27/2022,DTDC,493.56,DELIVERED
SHP004561,ORD004561,02-09-2023,09/08/2023,XpressBees,85.11,In Transit
SHP004562,ORD004562,08-02-2023,16/02/2023,BlueDart,356.11,In Transit
SHP004563,ORD004563,12/14/2024,2024/12/29,Delhivery,522.63,in transit
SHP004564,ORD004564,2024/10/17,2024/10/18,BLUEDART,827.93,In Transit
SHP004565,ORD004565,10 Jun 2022,2022-06-16,XpressBees,517.54,In Transit
SHP004566,ORD004566,2022/08/13,17 Aug 2022,IndiaPost,320.72,LOST
SHP004567,ORD004567,,30/06/2024,FEDEX,498.82,returned to origin
SHP004568,ORD004568,2024-08-10,17-08-2024,ekart,297.58,Delivered
SHP004569,ORD004569,2022-09-28,01-10-2022,IndiaPost,563.54,In Transit
SHP004570,ORD004570,23/04/2022,30 Apr 2022,Ekart,857.12,Delayed
SHP004571,ORD004571,10-01-2023,14 Jan 2023,DTDC,384.84,LOST
SHP004572,ORD004572,01-04-2024,2024-04-03,Ekart,66.92,Lost
SHP004573,ORD004573,04 Mar 2023,03/14/2023,Ekart,721.49,Delayed
SHP004574,ORD004574,17/05/2022,24/05/2022,fedex,267.37,Returned to Origin
SHP004575,ORD004575,02-01-2025,08/01/2025,DTDC,879.26,Lost
SHP004576,ORD004576,2022/06/06,2022-06-16,DTDC,223.88,In Transit
SHP004577,ORD004577,04/28/2024,2024/04/30,Ekart,376.21,Delayed
SHP004578,ORD004578,06/11/2023,06/21/2023,Delhivery,565.76,delayed
SHP004579,ORD004579,17-03-2024,2024/04/01,DELHIVERY,639.88,Returned to Origin
SHP004580,ORD004580,08/01/2024,04 Aug 2024,DTDC,339.92,IN TRANSIT
SHP004581,ORD004581,03/04/2022,07/03/2022,delhivery,221.91,In Transit
SHP004582,ORD004582,21/10/2022,25 Oct 2022,bluedart,686.11,Delayed
SHP004583,ORD004583,20/08/2022,2022-08-24,FEDEX,135.94,IN TRANSIT
SHP004584,ORD004584,25-01-2022,28 Jan 2022,FedEx,354.37,In Transit
SHP004585,ORD004585,23/06/2024,29-06-2024,DTDC,399.11,Delayed
SHP004586,ORD004586,24 Aug 2022,27/08/2022,IndiaPost,246.47,In Transit
SHP004587,ORD004587,12/17/2024,12/27/2024,XpressBees,888.07,Returned to Origin
SHP004588,ORD004588,09/16/2024,09/23/2024,Ekart,651.99,IN TRANSIT
SHP004589,ORD004589,2023/07/08,2023-07-10,ekart,412.42,Delayed
SHP004590,ORD004590,02-02-2023,2023/02/10,XpressBees,251.55,Lost
SHP004591,ORD004591,2022/05/24,2022-05-28,XpressBees,97.63,In Transit
SHP004592,ORD004592,2022-02-17,02/23/2022,XpressBees,321.34,Lost
SHP004593,ORD004593,11 Mar 2022,21-03-2022,Ekart,794.49,Delivered
SHP004594,ORD004594,10/24/2023,26/10/2023,FedEx,39.77,Delivered
SHP004595,ORD004595,,2022/08/16,XpressBees,99.43,In Transit
SHP004596,ORD004596,04/19/2022,26/04/2022,FedEx,824.43,Returned to Origin
SHP004597,ORD004597,27/12/2023,2024-01-02,bluedart,334.27,In Transit
SHP004598,ORD004598,10/27/2023,31/10/2023,DELHIVERY,569.34,Delayed
SHP004599,ORD004599,19 Jul 2024,25 Jul 2024,INDIAPOST,690.18,lost
SHP004600,ORD004600,05/10/2023,17-05-2023,indiapost,303.86,Delayed
SHP004601,ORD004601,05/18/2024,22/05/2024,XpressBees,619.57,In Transit
SHP004602,ORD004602,06/09/2024,,DTDC,248.39,returned to origin
SHP004603,ORD004603,2024-02-07,02/08/2024,DTDC,513.0,RETURNED TO ORIGIN
SHP004604,ORD004604,10/11/2022,2022/10/19,DELHIVERY,437.17,Returned to Origin
SHP004605,ORD004605,08 Nov 2022,2022/11/16,FedEx,413.08,DELIVERED
SHP004606,ORD004606,2024/01/22,06/02/2024,BlueDart,467.28,Returned to Origin
SHP004607,ORD004607,2022-07-17,07/18/2022,Ekart,195.43,In Transit
SHP004608,ORD004608,04/09/2023,2023/09/08,XpressBees,114.22,delivered
SHP004609,ORD004609,07/04/2024,10/04/2024,FedEx,314.16,IN TRANSIT
SHP004610,ORD004610,04-12-2023,12/07/2023,Ekart,65.17,Lost
SHP004611,ORD004611,30/10/2024,14-11-2024,DTDC,897.93,Delivered
SHP004612,ORD004612,2023/03/24,28 Mar 2023,Delhivery,142.48,DELIVERED
SHP004613,ORD004613,09/27/2024,2024/09/29,FedEx,,In Transit
SHP004614,ORD004614,17-09-2023,2023-09-24,indiapost,227.83,Delayed
SHP004615,ORD004615,2022-01-10,01/13/2022,DELHIVERY,40.64,In Transit
SHP004616,ORD004616,2023/11/21,11/22/2023,Delhivery,759.13,Delayed
SHP004617,ORD004617,2024/07/04,05/07/2024,INDIAPOST,602.65,delivered
SHP004618,ORD004618,04/07/2024,08 Jul 2024,BlueDart,705.71,Delivered
SHP004619,ORD004619,19/12/2022,24 Dec 2022,xpressbees,58.51,RETURNED TO ORIGIN
SHP004620,ORD004620,02/27/2022,05 Mar 2022,Delhivery,112.36,Delayed
SHP004621,ORD004621,2023/10/04,10/06/2023,DTDC,37.46,Lost
SHP004622,ORD004622,11/06/2023,14 Jun 2023,IndiaPost,153.04,Delivered
SHP004623,ORD004623,02/12/2022,06-12-2022,XpressBees,331.39,in transit
SHP004624,ORD004624,2024-06-24,07/09/2024,FedEx,830.17,Lost
SHP004625,ORD004625,2022/07/23,07/31/2022,Delhivery,813.6,Delayed
SHP004626,ORD004626,2023-01-30,01/31/2023,Ekart,671.93,Returned to Origin
SHP004627,ORD004627,2023-08-17,27 Aug 2023,XpressBees,,Lost
SHP004628,ORD004628,11-06-2024,21 Jun 2024,BLUEDART,530.6,IN TRANSIT
SHP004629,ORD004629,01/24/2024,29 Jan 2024,Ekart,123.19,Delayed
SHP004630,ORD004630,04/23/2023,2023-04-26,DTDC,407.35,Returned to Origin
SHP004631,ORD004631,2024-08-28,2024-09-07,BlueDart,313.27,Delayed
SHP004632,ORD004632,0000-00-00,2023/07/17,Delhivery,269.49,DELAYED
SHP004633,ORD004633,2022-02-22,25/02/2022,IndiaPost,472.09,In Transit
SHP004634,ORD004634,11/09/2023,2023/11/24,Ekart,565.61,Returned to Origin
SHP004635,ORD004635,04/24/2024,25/04/2024,FedEx,771.77,delivered
SHP004636,ORD004636,22 Nov 2022,26/11/2022,Delhivery,259.48,LOST
SHP004637,ORD004637,0000-00-00,07/03/2023,Ekart,269.81,Returned to Origin
SHP004638,ORD004638,2023-08-02,2023-08-07,delhivery,,Lost
SHP004639,ORD004639,23/07/2023,07/31/2023,Ekart,76.44,Delayed
SHP004640,ORD004640,14-01-2022,15-01-2022,DELHIVERY,84.39,DELAYED
SHP004641,ORD004641,08/01/2022,14 Jan 2022,Ekart,707.81,RETURNED TO ORIGIN
SHP004642,ORD004642,2023-08-17,23/08/2023,DTDC,516.78,Returned to Origin
SHP004643,ORD004643,2023-12-12,2023-12-18,FEDEX,834.21,DELIVERED
SHP004644,ORD004644,30/05/2023,2023-06-05,DTDC,814.15,Lost
SHP004645,ORD004645,20-07-2023,23 Jul 2023,BlueDart,501.21,Delivered
SHP004646,ORD004646,2023-10-03,2023/10/06,IndiaPost,600.64,DELIVERED
SHP004647,ORD004647,20 Oct 2023,10/27/2023,delhivery,,Delivered
SHP004648,ORD004648,08 May 2023,10/05/2023,IndiaPost,86.27,Lost
SHP004649,ORD004649,2024-11-06,2024/11/10,ekart,888.05,Delayed
SHP004650,ORD004650,2023-04-20,26 Apr 2023,DTDC,440.54,Delivered
SHP004651,ORD004651,30 May 2023,06/07/2023,XpressBees,304.37,delayed
SHP004652,ORD004652,2022/04/14,2022-04-15,DTDC,801.36,Lost
SHP004653,ORD004653,26 Aug 2023,30-08-2023,FedEx,594.63,delayed
SHP004654,ORD004654,2023/08/02,07-08-2023,Ekart,567.65,In Transit
SHP004655,ORD004655,29 May 2022,2022-06-01,FedEx,703.69,Delivered
SHP004656,ORD004656,05/08/2023,2023/05/18,Ekart,168.53,Delivered
SHP004657,ORD004657,02/23/2023,03/10/2023,BlueDart,563.75,Delivered
SHP004658,ORD004658,2022-07-14,2022-07-17,BlueDart,849.88,DELAYED
SHP004659,ORD004659,06/03/2024,13/06/2024,Ekart,253.69,In Transit
SHP004660,ORD004660,12/27/2022,2023-01-06,Ekart,884.52,delivered
SHP004661,ORD004661,12/24/2024,12/28/2024,FedEx,759.36,Delayed
SHP004662,ORD004662,04 Dec 2024,12 Dec 2024,FedEx,606.36,Lost
SHP004663,ORD004663,2023-04-07,10-04-2023,Delhivery,772.77,Delayed
SHP004664,ORD004664,2023-12-07,11-12-2023,XpressBees,485.89,RETURNED TO ORIGIN
SHP004665,ORD004665,12/15/2024,2024-12-21,FedEx,235.63,Delayed
SHP004666,ORD004666,2022-11-15,20 Nov 2022,delhivery,564.08,Returned to Origin
SHP004667,ORD004667,06 Aug 2024,12-08-2024,FedEx,730.01,Lost
SHP004668,ORD004668,02-11-2023,07-11-2023,Ekart,840.52,Lost
SHP004669,ORD004669,2023-08-25,28-08-2023,IndiaPost,186.18,returned to origin
SHP004670,ORD004670,08/24/2023,2023-08-27,DTDC,196.9,Returned to Origin
SHP004671,ORD004671,24 Oct 2024,2024-11-08,Delhivery,571.79,Delivered
SHP004672,ORD004672,11/20/2024,2024/11/22,indiapost,546.98,lost
SHP004673,ORD004673,03 Aug 2022,2022/08/06,Delhivery,235.26,Lost
SHP004674,ORD004674,2023-07-03,05-07-2023,XpressBees,751.99,lost
SHP004675,ORD004675,04/21/2022,24 Apr 2022,IndiaPost,512.52,Lost
SHP004676,ORD004676,2024/07/18,21 Jul 2024,FedEx,767.68,lost
SHP004677,ORD004677,07/21/2024,24 Jul 2024,FEDEX,276.95,DELIVERED
SHP004678,ORD004678,24/03/2022,2022-03-30,indiapost,129.72,DELAYED
SHP004679,ORD004679,2022/09/28,13/10/2022,Ekart,181.04,returned to origin
SHP004680,ORD004680,,13 Jun 2022,Delhivery,846.83,Delivered
SHP004681,ORD004681,14/09/2024,29 Sep 2024,bluedart,633.82,LOST
SHP004682,ORD004682,06/25/2022,30-06-2022,XpressBees,828.11,In Transit
SHP004683,ORD004683,26 Aug 2024,02 Sep 2024,IndiaPost,835.91,LOST
SHP004684,ORD004684,03/31/2022,03-04-2022,FedEx,601.68,lost
SHP004685,ORD004685,10 May 2024,2024-05-16,Ekart,620.29,Delivered
SHP004686,ORD004686,14 Aug 2023,22/08/2023,XpressBees,757.07,In Transit
SHP004687,ORD004687,2022-12-02,2022-12-10,BLUEDART,613.68,Returned to Origin
SHP004688,ORD004688,10/07/2022,0000-00-00,IndiaPost,451.15,in transit
SHP004689,ORD004689,03/20/2023,23/03/2023,DTDC,192.09,Returned to Origin
SHP004690,ORD004690,04/11/2022,11/07/2022,INDIAPOST,401.06,delivered
SHP004691,ORD004691,05 Apr 2022,12-04-2022,DTDC,43.63,Delivered
SHP004692,ORD004692,24 Sep 2022,27 Sep 2022,IndiaPost,712.04,In Transit
SHP004693,ORD004693,02 Sep 2024,07-09-2024,IndiaPost,300.32,LOST
SHP004694,ORD004694,16 May 2023,24/05/2023,FedEx,636.37,In Transit
SHP004695,ORD004695,2023/12/04,2023/12/05,BlueDart,525.61,Returned to Origin
SHP004696,ORD004696,01/02/2024,05 Jan 2024,BlueDart,561.39,Returned to Origin
SHP004697,ORD004697,07 May 2022,0000-00-00,IndiaPost,308.38,returned to origin
SHP004698,ORD004698,11/01/2022,2022-01-14,XpressBees,749.62,lost
SHP004699,ORD004699,22 Aug 2022,24/08/2022,Ekart,180.81,Returned to Origin
SHP004700,ORD004700,09/12/2022,09/19/2022,Delhivery,348.17,Delivered
SHP004701,ORD004701,2022/12/25,28/12/2022,DTDC,757.53,Lost
SHP004702,ORD004702,0000-00-00,06/18/2022,FEDEX,374.53,lost
SHP004703,ORD004703,04/25/2023,01/05/2023,BlueDart,551.87,delivered
SHP004704,ORD004704,09/03/2023,2023-03-13,BlueDart,898.44,Delayed
SHP004705,ORD004705,30/12/2024,01/02/2025,ekart,126.27,Lost
SHP004706,ORD004706,14/01/2024,19/01/2024,FEDEX,481.67,In Transit
SHP004707,ORD004707,09 Feb 2022,24-02-2022,INDIAPOST,769.63,DELIVERED
SHP004708,ORD004708,29/09/2024,2024-10-02,EKART,89.39,RETURNED TO ORIGIN
SHP004709,ORD004709,29/04/2022,2022-05-07,Ekart,214.7,DELIVERED
SHP004710,ORD004710,2023-07-16,2023/07/17,BlueDart,407.56,In Transit
SHP004711,ORD004711,04 Jun 2023,06/07/2023,delhivery,239.74,In Transit
SHP004712,ORD004712,2024/04/18,21/04/2024,Delhivery,802.57,Returned to Origin
SHP004713,ORD004713,01/02/2024,09 Jan 2024,xpressbees,270.53,Lost
SHP004714,ORD004714,06-02-2023,10-02-2023,indiapost,369.46,delayed
SHP004715,ORD004715,25 Sep 2023,29-09-2023,IndiaPost,844.85,Lost
SHP004716,ORD004716,18-07-2022,07/24/2022,DTDC,800.78,IN TRANSIT
SHP004717,ORD004717,2023/05/28,0000-00-00,IndiaPost,505.34,Delayed
SHP004718,ORD004718,11/02/2022,10/11/2022,xpressbees,645.79,Lost
SHP004719,ORD004719,21 May 2022,2022/05/28,IndiaPost,728.17,Delivered
SHP004720,ORD004720,09/24/2022,28 Sep 2022,BlueDart,432.9,Delayed
SHP004721,ORD004721,06 Mar 2024,2024/03/07,Delhivery,572.16,Returned to Origin
SHP004722,ORD004722,14-04-2024,04/21/2024,EKART,653.28,RETURNED TO ORIGIN
SHP004723,ORD004723,03 May 2022,06-05-2022,bluedart,514.08,Delayed
SHP004724,ORD004724,09-06-2024,06/16/2024,Ekart,838.83,Delayed
SHP004725,ORD004725,27/06/2024,2024/07/07,IndiaPost,478.33,Delivered
SHP004726,ORD004726,30/08/2023,02-09-2023,Ekart,602.98,In Transit
SHP004727,ORD004727,13 Jul 2023,21/07/2023,IndiaPost,390.4,Lost
SHP004728,ORD004728,01/14/2022,19/01/2022,Ekart,435.57,LOST
SHP004729,ORD004729,13-08-2022,2022-08-20,XpressBees,321.36,Lost
SHP004730,ORD004730,13-07-2022,16 Jul 2022,XpressBees,301.33,delivered
SHP004731,ORD004731,2024-05-17,21/05/2024,Delhivery,149.12,Returned to Origin
SHP004732,ORD004732,25-03-2022,01/04/2022,XPRESSBEES,697.31,Delivered
SHP004733,ORD004733,2022/01/10,25-01-2022,Ekart,44.98,Lost
SHP004734,ORD004734,01/10/2024,2024-10-05,EKART,125.05,Lost
SHP004735,ORD004735,10/19/2022,27-10-2022,FedEx,349.1,Returned to Origin
SHP004736,ORD004736,01/17/2023,22-01-2023,IndiaPost,672.52,delivered
SHP004737,ORD004737,15/10/2024,0000-00-00,DTDC,534.74,DELAYED
SHP004738,ORD004738,2022/06/27,30/06/2022,XpressBees,500.38,delivered
SHP004739,ORD004739,18-05-2022,28/05/2022,BLUEDART,757.93,delivered
SHP004740,ORD004740,2023-06-14,18/06/2023,delhivery,411.99,IN TRANSIT
SHP004741,ORD004741,2024/04/16,21 Apr 2024,Delhivery,176.7,In Transit
SHP004742,ORD004742,05 Dec 2022,2022-12-06,Ekart,,Delivered
SHP004743,ORD004743,16/06/2022,06/19/2022,BlueDart,351.19,Delayed
SHP004744,ORD004744,2022/10/04,11-10-2022,Delhivery,306.72,lost
SHP004745,ORD004745,05/04/2023,2023/04/10,IndiaPost,483.74,Delayed
SHP004746,ORD004746,13/09/2022,09/16/2022,INDIAPOST,407.51,RETURNED TO ORIGIN
SHP004747,ORD004747,2023-08-01,09 Aug 2023,INDIAPOST,286.59,LOST
SHP004748,ORD004748,26-05-2022,2022-05-29,FEDEX,781.43,In Transit
SHP004749,ORD004749,03/26/2022,03/29/2022,DTDC,61.41,Returned to Origin
SHP004750,ORD004750,10/04/2023,2023/04/13,INDIAPOST,636.61,Delivered
SHP004751,ORD004751,2024-04-22,29/04/2024,bluedart,299.94,In Transit
SHP004752,ORD004752,13-08-2024,2024/08/18,BlueDart,273.27,Returned to Origin
SHP004753,ORD004753,,02/13/2022,Ekart,568.34,lost
SHP004754,ORD004754,,26/07/2022,Ekart,161.06,In Transit
SHP004755,ORD004755,,2022-08-20,BlueDart,465.24,Delivered
SHP004756,ORD004756,07 Jul 2024,2024/07/10,indiapost,260.85,In Transit
SHP004757,ORD004757,06/26/2024,2024-07-06,XpressBees,276.16,Returned to Origin
SHP004758,ORD004758,10 Dec 2024,14/12/2024,FedEx,584.12,RETURNED TO ORIGIN
SHP004759,ORD004759,20-11-2023,26/11/2023,IndiaPost,365.23,Returned to Origin
SHP004760,ORD004760,18 Sep 2022,03-10-2022,FEDEX,420.04,Delayed
SHP004761,ORD004761,2023/07/09,16/07/2023,BlueDart,291.65,LOST
SHP004762,ORD004762,2022-11-01,05 Nov 2022,IndiaPost,745.31,Lost
SHP004763,ORD004763,05/10/2024,10/12/2024,FEDEX,818.19,Delivered
SHP004764,ORD004764,2023-02-05,2023-02-08,IndiaPost,711.01,returned to origin
SHP004765,ORD004765,22-12-2024,28/12/2024,DELHIVERY,157.37,DELIVERED
SHP004766,ORD004766,12/15/2023,12/19/2023,DTDC,378.19,LOST
SHP004767,ORD004767,2022/10/14,17-10-2022,Ekart,185.2,Returned to Origin
SHP004768,ORD004768,13 Apr 2022,04/20/2022,FedEx,479.71,In Transit
SHP004769,ORD004769,11/09/2022,09/16/2022,delhivery,622.06,lost
SHP004770,ORD004770,11/04/2023,12/11/2023,XpressBees,578.27,In Transit
SHP004771,ORD004771,2023/07/21,24-07-2023,DTDC,238.12,delivered
SHP004772,ORD004772,16/09/2022,21 Sep 2022,INDIAPOST,621.55,Delayed
SHP004773,ORD004773,2023/06/03,06-06-2023,BLUEDART,140.89,Lost
SHP004774,ORD004774,2024-11-11,2024-11-12,Ekart,858.01,IN TRANSIT
SHP004775,ORD004775,29-10-2024,01-11-2024,EKART,189.39,Returned to Origin
SHP004776,ORD004776,06/01/2022,05 Jun 2022,BLUEDART,292.34,Returned to Origin
SHP004777,ORD004777,02/10/2024,17 Oct 2024,indiapost,687.91,Delayed
SHP004778,ORD004778,03-02-2023,05 Feb 2023,FedEx,453.03,Lost
SHP004779,ORD004779,08/11/2024,2024/11/18,BLUEDART,605.98,Returned to Origin
SHP004780,ORD004780,18-12-2022,25/12/2022,Ekart,309.55,DELAYED
SHP004781,ORD004781,2022-10-29,2022/11/05,DTDC,744.34,DELIVERED
SHP004782,ORD004782,26 Nov 2023,02 Dec 2023,Ekart,381.54,Delivered
SHP004783,ORD004783,2022-11-12,11/13/2022,FedEx,492.77,DELIVERED
SHP004784,ORD004784,05-12-2023,2023-12-20,XpressBees,557.45,Returned to Origin
SHP004785,ORD004785,18-06-2024,20-06-2024,FedEx,602.85,Delivered
SHP004786,ORD004786,2024/03/02,2024-03-05,XpressBees,320.75,Delayed
SHP004787,ORD004787,03 Jul 2022,07 Jul 2022,EKART,883.55,Returned to Origin
SHP004788,ORD004788,23-06-2022,01 Jul 2022,DELHIVERY,864.98,DELAYED
SHP004789,ORD004789,2022/03/24,29-03-2022,DTDC,581.41,Lost
SHP004790,ORD004790,27 Mar 2022,29 Mar 2022,XpressBees,283.02,Delivered
SHP004791,ORD004791,2022-06-05,08 Jun 2022,FedEx,384.12,delayed
SHP004792,ORD004792,28-05-2024,2024-06-04,BLUEDART,488.0,delayed
SHP004793,ORD004793,,20-12-2022,IndiaPost,266.86,LOST
SHP004794,ORD004794,24 Dec 2023,12/28/2023,BlueDart,739.54,In Transit
SHP004795,ORD004795,2024-10-22,2024-10-25,indiapost,311.04,returned to origin
SHP004796,ORD004796,2024-02-05,12-02-2024,DTDC,449.43,Returned to Origin
SHP004797,ORD004797,2022-06-20,06/27/2022,BlueDart,344.82,Returned to Origin
SHP004798,ORD004798,2023/04/28,2023/05/01,IndiaPost,234.83,RETURNED TO ORIGIN
SHP004799,ORD004799,06-06-2024,12-06-2024,FedEx,787.31,Delayed
SHP004800,ORD004800,2024-11-28,12/06/2024,Ekart,374.39,Lost
SHP004801,ORD004801,26 Dec 2023,2024-01-03,IndiaPost,79.76,lost
SHP004802,ORD004802,03 Feb 2024,10 Feb 2024,DTDC,108.57,DELAYED
SHP004803,ORD004803,24 Feb 2023,2023/02/25,Delhivery,357.76,Lost
SHP004804,ORD004804,2022-08-16,2022/08/26,XpressBees,835.35,Delivered
SHP004805,ORD004805,29/05/2024,02 Jun 2024,XpressBees,313.82,Delivered
SHP004806,ORD004806,11/11/2024,0000-00-00,Ekart,62.4,Returned to Origin
SHP004807,ORD004807,2022-04-07,11/04/2022,FedEx,517.0,In Transit
SHP004808,ORD004808,18 Apr 2022,28 Apr 2022,xpressbees,447.81,Delivered
SHP004809,ORD004809,02-01-2024,2024/01/08,BlueDart,146.03,delivered
SHP004810,ORD004810,2024-08-02,08-08-2024,IndiaPost,316.38,Delivered
SHP004811,ORD004811,24-10-2023,31 Oct 2023,DTDC,285.47,Delivered
SHP004812,ORD004812,2022/05/26,02 Jun 2022,DELHIVERY,250.99,Returned to Origin
SHP004813,ORD004813,2024-01-13,23/01/2024,DTDC,101.69,LOST
SHP004814,ORD004814,10/05/2022,25/05/2022,Delhivery,131.72,In Transit
SHP004815,ORD004815,12-03-2023,,indiapost,880.41,returned to origin
SHP004816,ORD004816,04 Jan 2023,11 Jan 2023,DTDC,534.59,In Transit
SHP004817,ORD004817,05/22/2024,2024-05-29,BlueDart,402.56,In Transit
SHP004818,ORD004818,30-12-2023,2024-01-02,BlueDart,253.91,Returned to Origin
SHP004819,ORD004819,01/30/2023,02/02/2023,Delhivery,176.62,Lost
SHP004820,ORD004820,15/01/2024,25-01-2024,XPRESSBEES,301.47,Returned to Origin
SHP004821,ORD004821,22 Feb 2023,27/02/2023,ekart,817.66,Delivered
SHP004822,ORD004822,01/04/2022,01/11/2022,FedEx,849.0,Delivered
SHP004823,ORD004823,2024/09/09,19/09/2024,BlueDart,55.18,LOST
SHP004824,ORD004824,21/11/2023,2023/11/23,IndiaPost,883.07,Delayed
SHP004825,ORD004825,04/07/2024,2024-04-10,BlueDart,61.84,Lost
SHP004826,ORD004826,25 May 2024,,Ekart,833.64,In Transit
SHP004827,ORD004827,17/11/2023,22-11-2023,DTDC,619.51,In Transit
SHP004828,ORD004828,2024-04-09,04/14/2024,IndiaPost,805.45,RETURNED TO ORIGIN
SHP004829,ORD004829,23/08/2023,09/07/2023,XpressBees,144.65,Delivered
SHP004830,ORD004830,25-06-2022,02 Jul 2022,EKART,461.1,Delayed
SHP004831,ORD004831,13 Jul 2023,21-07-2023,FEDEX,453.84,Delivered
SHP004832,ORD004832,18 Jan 2023,21/01/2023,INDIAPOST,95.41,Delivered
SHP004833,ORD004833,31-10-2022,07-11-2022,Ekart,393.85,Delivered
SHP004834,ORD004834,10/28/2024,31/10/2024,IndiaPost,220.64,Lost
SHP004835,ORD004835,2023-07-20,07/27/2023,BlueDart,395.28,RETURNED TO ORIGIN
SHP004836,ORD004836,07/03/2023,06-07-2023,xpressbees,505.82,Delivered
SHP004837,ORD004837,2023/08/10,12-08-2023,Delhivery,354.61,RETURNED TO ORIGIN
SHP004838,ORD004838,,06/12/2023,FedEx,899.84,In Transit
SHP004839,ORD004839,2022-05-20,05/27/2022,indiapost,353.88,returned to origin
SHP004840,ORD004840,25-12-2023,09 Jan 2024,Ekart,33.52,DELAYED
SHP004841,ORD004841,07/11/2022,19 Jul 2022,DELHIVERY,759.88,IN TRANSIT
SHP004842,ORD004842,2024/04/09,24 Apr 2024,IndiaPost,330.84,Lost
SHP004843,ORD004843,11/06/2022,16-06-2022,EKART,519.54,In Transit
SHP004844,ORD004844,0000-00-00,2023/06/12,Delhivery,515.27,LOST
SHP004845,ORD004845,01/17/2023,25/01/2023,FedEx,559.49,Returned to Origin
SHP004846,ORD004846,2022-07-04,2022-07-10,EKART,352.83,RETURNED TO ORIGIN
SHP004847,ORD004847,2024-10-25,2024-11-04,Delhivery,241.06,delayed
SHP004848,ORD004848,04/23/2023,04/24/2023,DTDC,122.87,Delayed
SHP004849,ORD004849,28 Nov 2022,08 Dec 2022,BlueDart,80.99,lost
SHP004850,ORD004850,2024-04-09,24 Apr 2024,Delhivery,82.71,Returned to Origin
SHP004851,ORD004851,2024-01-26,27/01/2024,XpressBees,652.1,Returned to Origin
SHP004852,ORD004852,2024-01-04,05-01-2024,Ekart,474.63,Returned to Origin
SHP004853,ORD004853,09-01-2023,2023-01-15,Ekart,749.35,Delayed
SHP004854,ORD004854,03 Sep 2024,2024-09-18,XpressBees,721.89,Lost
SHP004855,ORD004855,28/02/2023,05 Mar 2023,fedex,566.95,Returned to Origin
SHP004856,ORD004856,04/26/2024,2024/05/01,DTDC,455.1,RETURNED TO ORIGIN
SHP004857,ORD004857,21 Dec 2022,22 Dec 2022,XpressBees,345.1,Delayed
SHP004858,ORD004858,21 Oct 2022,2022-10-24,BlueDart,97.53,Delivered
SHP004859,ORD004859,01 Apr 2024,2024-04-04,IndiaPost,865.13,Delivered
SHP004860,ORD004860,05/12/2024,2024/05/27,INDIAPOST,319.85,in transit
SHP004861,ORD004861,06-02-2024,13-02-2024,xpressbees,616.48,In Transit
SHP004862,ORD004862,2022/07/06,09 Jul 2022,DELHIVERY,899.56,LOST
SHP004863,ORD004863,17 Feb 2024,21/02/2024,XpressBees,141.52,Delivered
SHP004864,ORD004864,2023/01/28,2023-01-31,FedEx,407.99,Returned to Origin
SHP004865,ORD004865,0000-00-00,2022/10/19,IndiaPost,602.38,Lost
SHP004866,ORD004866,12/02/2024,2024/12/09,xpressbees,797.22,Returned to Origin
SHP004867,ORD004867,05-12-2022,20 Dec 2022,XpressBees,700.23,In Transit
SHP004868,ORD004868,2024-09-06,09/13/2024,EKART,264.13,Lost
SHP004869,ORD004869,23/07/2024,26-07-2024,Delhivery,775.81,Returned to Origin
SHP004870,ORD004870,2023-03-24,03/27/2023,FedEx,284.63,Delayed
SHP004871,ORD004871,21 Apr 2024,27 Apr 2024,FedEx,514.52,DELIVERED
SHP004872,ORD004872,13-09-2024,2024/09/16,DELHIVERY,415.01,Delayed
SHP004873,ORD004873,2022-09-19,21 Sep 2022,XpressBees,875.86,In Transit
SHP004874,ORD004874,14-11-2024,2024-11-17,IndiaPost,,Lost
SHP004875,ORD004875,2024-07-31,2024-08-01,FEDEX,229.6,delayed
SHP004876,ORD004876,2024/10/18,19 Oct 2024,ekart,117.34,In Transit
SHP004877,ORD004877,01 Jun 2022,2022/06/03,Delhivery,767.87,IN TRANSIT
SHP004878,ORD004878,12/18/2024,2024-12-26,BlueDart,,Delayed
SHP004879,ORD004879,2024-09-17,2024/09/22,Ekart,209.87,IN TRANSIT
SHP004880,ORD004880,30/09/2023,03-10-2023,Delhivery,412.28,In Transit
SHP004881,ORD004881,07 Dec 2022,10 Dec 2022,BlueDart,334.25,DELAYED
SHP004882,ORD004882,01 Oct 2022,06/10/2022,Ekart,802.39,Returned to Origin
SHP004883,ORD004883,27 Nov 2023,2023/12/12,DELHIVERY,475.2,lost
SHP004884,ORD004884,2022-06-11,06/14/2022,BlueDart,346.63,delayed
SHP004885,ORD004885,2022-07-11,2022-07-18,BLUEDART,170.1,Delivered
SHP004886,ORD004886,2024/06/20,2024/06/26,BLUEDART,587.92,Returned to Origin
SHP004887,ORD004887,27-06-2022,2022/07/05,IndiaPost,551.38,Returned to Origin
SHP004888,ORD004888,09-01-2022,15/01/2022,FedEx,792.03,DELIVERED
SHP004889,ORD004889,11/04/2023,12/11/2023,IndiaPost,482.47,Lost
SHP004890,ORD004890,12/01/2023,,Ekart,192.57,Delivered
SHP004891,ORD004891,27/03/2022,2022-04-06,XpressBees,280.17,Delayed
SHP004892,ORD004892,04/25/2022,10/05/2022,DTDC,33.75,Delayed
SHP004893,ORD004893,04/03/2024,06 Apr 2024,FedEx,70.13,Delivered
SHP004894,ORD004894,2023-07-20,2023-07-21,BlueDart,127.97,Returned to Origin
SHP004895,ORD004895,29-12-2024,01/01/2025,DTDC,549.18,Delayed
SHP004896,ORD004896,2022-10-01,10/06/2022,DELHIVERY,710.58,lost
SHP004897,ORD004897,11-01-2022,0000-00-00,indiapost,338.06,In Transit
SHP004898,ORD004898,25-06-2024,28/06/2024,IndiaPost,35.92,returned to origin
SHP004899,ORD004899,,2024-10-25,BLUEDART,747.53,In Transit
SHP004900,ORD004900,07/27/2022,29-07-2022,DTDC,583.84,Returned to Origin
SHP004901,ORD004901,15 Jan 2022,01/18/2022,XpressBees,362.48,Delayed
SHP004902,ORD004902,03/31/2023,2023/04/06,FedEx,611.03,Delivered
SHP004903,ORD004903,21/06/2024,06 Jul 2024,XPRESSBEES,310.53,Delivered
SHP004904,ORD004904,14/07/2023,2023/07/17,FedEx,592.48,IN TRANSIT
SHP004905,ORD004905,14/01/2023,20/01/2023,DELHIVERY,621.86,In Transit
SHP004906,ORD004906,15-01-2024,01/21/2024,FedEx,596.88,returned to origin
SHP004907,ORD004907,2022/03/08,2022-03-14,Delhivery,557.16,In Transit
SHP004908,ORD004908,2022-09-19,2022-09-21,INDIAPOST,448.76,In Transit
SHP004909,ORD004909,2024/09/17,2024/09/21,Ekart,399.48,lost
SHP004910,ORD004910,03/04/2024,07-03-2024,delhivery,833.23,In Transit
SHP004911,ORD004911,11/01/2022,2022/11/03,FedEx,693.26,IN TRANSIT
SHP004912,ORD004912,2024-09-13,16/09/2024,DTDC,144.17,Lost
SHP004913,ORD004913,2024/05/05,05/07/2024,Ekart,187.02,Delayed
SHP004914,ORD004914,09/08/2022,18-09-2022,indiapost,861.54,Delayed
SHP004915,ORD004915,18 Feb 2024,22-02-2024,fedex,53.73,In Transit
SHP004916,ORD004916,2024-01-29,04/02/2024,XPRESSBEES,166.64,Delayed
SHP004917,ORD004917,2024/03/06,2024/03/09,BLUEDART,648.61,DELIVERED
SHP004918,ORD004918,2023-07-07,07/09/2023,IndiaPost,161.22,Lost
SHP004919,ORD004919,05/08/2024,10/05/2024,IndiaPost,767.09,Delayed
SHP004920,ORD004920,2024/06/30,03 Jul 2024,IndiaPost,70.85,Delayed
SHP004921,ORD004921,2022-11-22,02-12-2022,Ekart,,Returned to Origin
SHP004922,ORD004922,03/03/2024,06-03-2024,BlueDart,270.78,Lost
SHP004923,ORD004923,21/04/2023,05/06/2023,FedEx,548.23,Returned to Origin
SHP004924,ORD004924,06/01/2024,2024/06/08,IndiaPost,799.84,Returned to Origin
SHP004925,ORD004925,2023-12-09,15-12-2023,fedex,560.13,Delivered
SHP004926,ORD004926,18/07/2024,20-07-2024,FedEx,456.6,IN TRANSIT
SHP004927,ORD004927,15 Mar 2022,20 Mar 2022,BlueDart,310.63,Delivered
SHP004928,ORD004928,05/01/2024,2024/05/04,IndiaPost,140.43,Delivered
SHP004929,ORD004929,2022-02-01,2022/02/09,FedEx,515.28,Delayed
SHP004930,ORD004930,2023/03/02,07 Mar 2023,Ekart,803.08,In Transit
SHP004931,ORD004931,2022/02/09,2022/02/12,FedEx,85.51,Delayed
SHP004932,ORD004932,10 May 2022,2022-05-17,bluedart,110.87,Delayed
SHP004933,ORD004933,03-03-2024,09/03/2024,FedEx,696.36,Delayed
SHP004934,ORD004934,05/05/2023,2023/05/09,DTDC,745.85,Delivered
SHP004935,ORD004935,04/01/2023,10-01-2023,xpressbees,632.08,Returned to Origin
SHP004936,ORD004936,11-05-2022,19 May 2022,IndiaPost,890.35,LOST
SHP004937,ORD004937,24-06-2023,04-07-2023,Ekart,752.23,In Transit
SHP004938,ORD004938,03/01/2025,01/18/2025,INDIAPOST,,Delayed
SHP004939,ORD004939,13-12-2022,28-12-2022,Delhivery,821.69,Returned to Origin
SHP004940,ORD004940,30 Jul 2022,2022-08-09,BlueDart,719.77,Delayed
SHP004941,ORD004941,04 Jul 2023,2023-07-07,DTDC,627.32,Returned to Origin
SHP004942,ORD004942,22 Sep 2022,10/07/2022,IndiaPost,359.95,Returned to Origin
SHP004943,ORD004943,2023-06-14,15-06-2023,fedex,251.72,IN TRANSIT
SHP004944,ORD004944,2023/06/14,06/17/2023,XpressBees,,DELIVERED
SHP004945,ORD004945,2022-07-16,24 Jul 2022,FedEx,60.36,LOST
SHP004946,ORD004946,28/03/2022,03/30/2022,FedEx,865.7,Delayed
SHP004947,ORD004947,06/21/2023,25-06-2023,BlueDart,150.04,Delayed
SHP004948,ORD004948,31/05/2022,08-06-2022,BlueDart,422.65,in transit
SHP004949,ORD004949,31-12-2022,07-01-2023,IndiaPost,185.67,Delayed
SHP004950,ORD004950,22 Aug 2024,30-08-2024,bluedart,680.09,In Transit
SHP004951,ORD004951,2022-07-06,2022-07-09,BlueDart,367.81,DELIVERED
SHP004952,ORD004952,2022/07/03,07/10/2022,Delhivery,323.6,Delivered
SHP004953,ORD004953,14-08-2024,29/08/2024,indiapost,810.97,Lost
SHP004954,ORD004954,2022/07/03,04-07-2022,BlueDart,895.97,DELIVERED
SHP004955,ORD004955,23 Apr 2022,27 Apr 2022,indiapost,297.18,Delayed
SHP004956,ORD004956,28 Sep 2024,29 Sep 2024,ekart,155.44,Delayed
SHP004957,ORD004957,06-06-2023,2023/06/16,IndiaPost,533.13,returned to origin
SHP004958,ORD004958,15/08/2023,23 Aug 2023,IndiaPost,686.39,Returned to Origin
SHP004959,ORD004959,2024/03/03,06/03/2024,fedex,824.06,Delayed
SHP004960,ORD004960,07/24/2023,26 Jul 2023,BlueDart,292.32,Returned to Origin
SHP004961,ORD004961,10/12/2022,2022/10/18,DELHIVERY,133.8,Lost
SHP004962,ORD004962,2022-03-13,2022-03-19,FedEx,369.43,returned to origin
SHP004963,ORD004963,2024-03-26,2024/03/29,delhivery,127.29,In Transit
SHP004964,ORD004964,16-08-2023,2023/08/19,Delhivery,828.97,Returned to Origin
SHP004965,ORD004965,27/01/2024,02/06/2024,Delhivery,310.01,In Transit
SHP004966,ORD004966,02/08/2023,11 Feb 2023,Ekart,624.55,Lost
SHP004967,ORD004967,09/06/2022,06/14/2022,XpressBees,66.27,Delivered
SHP004968,ORD004968,05 Jun 2024,13-06-2024,Delhivery,,delayed
SHP004969,ORD004969,23-05-2024,26/05/2024,FEDEX,47.52,Delivered
SHP004970,ORD004970,31-05-2023,2023/06/06,IndiaPost,544.31,Delivered
SHP004971,ORD004971,28 Apr 2022,2022/05/01,FedEx,644.06,Returned to Origin
SHP004972,ORD004972,16 Nov 2022,11/23/2022,DTDC,571.37,Delayed
SHP004973,ORD004973,2024-02-20,27-02-2024,Delhivery,774.76,Delayed
SHP004974,ORD004974,,2024-06-22,xpressbees,801.57,Delayed
SHP004975,ORD004975,03/23/2024,,XpressBees,228.54,Delivered
SHP004976,ORD004976,2022-08-19,08/24/2022,Delhivery,97.11,Lost
SHP004977,ORD004977,03-08-2023,13-08-2023,BlueDart,877.15,Delivered
SHP004978,ORD004978,25/01/2022,27-01-2022,DTDC,518.93,RETURNED TO ORIGIN
SHP004979,ORD004979,2024-03-23,02 Apr 2024,Ekart,362.18,Delivered
SHP004980,ORD004980,04/17/2024,21-04-2024,Delhivery,55.86,In Transit
SHP004981,ORD004981,07-03-2022,08-03-2022,XPRESSBEES,497.66,DELAYED
SHP004982,ORD004982,09/11/2024,2024-11-15,FedEx,559.3,In Transit
SHP004983,ORD004983,2023/01/16,01/19/2023,EKART,83.29,IN TRANSIT
SHP004984,ORD004984,27/05/2024,2024-05-30,DTDC,368.21,Delivered
SHP004985,ORD004985,10/14/2024,2024/10/17,FEDEX,344.57,Delivered
SHP004986,ORD004986,2023/04/09,2023-04-19,XpressBees,719.65,Delivered
SHP004987,ORD004987,09-09-2024,10/09/2024,IndiaPost,45.61,Lost
SHP004988,ORD004988,2023/05/28,05/06/2023,DTDC,79.14,lost
SHP004989,ORD004989,2024-02-13,02/20/2024,FedEx,880.66,Delayed
SHP004990,ORD004990,06 Sep 2022,21/09/2022,Delhivery,871.15,Delayed
SHP004991,ORD004991,10/31/2022,2022/11/08,Delhivery,598.51,In Transit
SHP004992,ORD004992,2024-04-17,18 Apr 2024,XPRESSBEES,126.44,In Transit
SHP004993,ORD004993,03/05/2023,2023-05-07,bluedart,83.27,lost
SHP004994,ORD004994,2022/05/28,2022/05/31,IndiaPost,440.82,In Transit
SHP004995,ORD004995,18/06/2022,23/06/2022,XpressBees,246.65,Delayed
SHP004996,ORD004996,01/03/2023,11/03/2023,bluedart,190.6,In Transit
SHP004997,ORD004997,18/02/2022,25/02/2022,IndiaPost,643.52,Lost
SHP004998,ORD004998,25/11/2022,2022-11-29,FedEx,798.93,Lost
SHP004999,ORD004999,,2022-01-21,XpressBees,810.73,Returned to Origin
SHP005000,ORD005000,29/05/2024,2024-06-13,Delhivery,805.28,Delivered
SHP005001,ORD005001,30/04/2023,06-05-2023,DTDC,483.12,returned to origin
SHP005002,ORD005002,2022-03-21,2022-03-27,fedex,207.72,Delivered
SHP005003,ORD005003,2022-08-01,05-08-2022,Delhivery,177.26,RETURNED TO ORIGIN
SHP005004,ORD005004,23 Dec 2024,26 Dec 2024,fedex,333.29,In Transit
SHP005005,ORD005005,25 Apr 2022,2022-05-05,dtdc,879.62,in transit
SHP005006,ORD005006,15-09-2024,2024/09/22,Delhivery,428.39,in transit
SHP005007,ORD005007,2024-10-10,18/10/2024,Delhivery,489.15,IN TRANSIT
SHP005008,ORD005008,05/01/2022,09-05-2022,IndiaPost,700.45,Lost
SHP005009,ORD005009,14/09/2024,22-09-2024,BlueDart,765.08,IN TRANSIT
SHP005010,ORD005010,04/09/2022,2022-09-07,FedEx,246.85,Returned to Origin
SHP005011,ORD005011,02/18/2024,26/02/2024,Delhivery,211.04,delivered
SHP005012,ORD005012,2023/05/16,20-05-2023,EKART,518.1,LOST
SHP005013,ORD005013,27-12-2023,02 Jan 2024,XpressBees,392.97,Returned to Origin
SHP005014,ORD005014,10/12/2024,2024-12-17,XpressBees,725.07,Returned to Origin
SHP005015,ORD005015,2024-11-26,27/11/2024,XpressBees,863.45,Delayed
SHP005016,ORD005016,2024-04-29,2024-04-30,Ekart,444.49,Delivered
SHP005017,ORD005017,23-10-2024,29 Oct 2024,EKART,782.72,Delivered
SHP005018,ORD005018,2024/09/18,2024-09-21,indiapost,846.87,Delayed
SHP005019,ORD005019,03/06/2023,07/03/2023,bluedart,539.46,DELAYED
SHP005020,ORD005020,17/11/2023,02 Dec 2023,BlueDart,889.08,Returned to Origin
SHP005021,ORD005021,2022-05-31,2022/06/03,indiapost,235.36,Delayed
SHP005022,ORD005022,2022-10-02,06/10/2022,FedEx,891.17,Delayed
SHP005023,ORD005023,2023/09/20,28-09-2023,Ekart,375.72,Lost
SHP005024,ORD005024,28 Jan 2023,31-01-2023,Delhivery,247.93,Delivered
SHP005025,ORD005025,15-08-2024,25-08-2024,Delhivery,61.91,Delayed
SHP005026,ORD005026,08/03/2023,2023-08-10,FEDEX,475.94,Delivered
SHP005027,ORD005027,2024/03/31,04-04-2024,bluedart,537.61,IN TRANSIT
SHP005028,ORD005028,26-11-2022,2022-12-03,DTDC,842.81,in transit
SHP005029,ORD005029,19/06/2022,04 Jul 2022,FedEx,560.89,Delivered
SHP005030,ORD005030,2022-01-21,27 Jan 2022,DTDC,616.45,Returned to Origin
SHP005031,ORD005031,07/31/2022,2022/08/08,BLUEDART,105.15,Delivered
SHP005032,ORD005032,09/26/2022,27/09/2022,ekart,126.24,In Transit
SHP005033,ORD005033,2024-06-21,2024/06/23,BLUEDART,868.25,DELIVERED
SHP005034,ORD005034,09-08-2022,2022-08-17,XpressBees,252.14,DELAYED
SHP005035,ORD005035,2022-10-03,04/10/2022,IndiaPost,96.65,Delivered
SHP005036,ORD005036,23/02/2022,27-02-2022,DTDC,587.51,Returned to Origin
SHP005037,ORD005037,2025/01/01,07/01/2025,ekart,858.05,Delayed
SHP005038,ORD005038,27/04/2022,03 May 2022,BlueDart,281.9,Delayed
SHP005039,ORD005039,13 Dec 2023,2023-12-20,XpressBees,645.48,Delivered
SHP005040,ORD005040,03-09-2023,09/11/2023,FedEx,838.06,LOST
SHP005041,ORD005041,10/07/2022,10/14/2022,BLUEDART,178.58,In Transit
SHP005042,ORD005042,14/02/2024,2024/02/15,BlueDart,539.41,Lost
SHP005043,ORD005043,2023/02/12,2023-02-22,Delhivery,88.44,Delivered
SHP005044,ORD005044,10/03/2022,20 Mar 2022,FedEx,512.09,LOST
SHP005045,ORD005045,0000-00-00,14/06/2024,IndiaPost,83.29,In Transit
SHP005046,ORD005046,18 Jan 2024,01/28/2024,IndiaPost,382.65,DELIVERED
SHP005047,ORD005047,2022/05/21,22 May 2022,DTDC,236.31,Delayed
SHP005048,ORD005048,16 Jul 2023,31 Jul 2023,DTDC,604.87,Lost
SHP005049,ORD005049,13/07/2022,,indiapost,840.57,Delayed
SHP005050,ORD005050,02-06-2022,06/06/2022,FEDEX,653.9,lost
SHP005051,ORD005051,21 Jun 2023,06-07-2023,FedEx,251.92,In Transit
SHP005052,ORD005052,11 May 2023,26 May 2023,xpressbees,34.03,Lost
SHP005053,ORD005053,06 May 2024,21-05-2024,IndiaPost,789.41,Delivered
SHP005054,ORD005054,15/10/2023,21 Oct 2023,XpressBees,126.26,In Transit
SHP005055,ORD005055,2022-02-20,25/02/2022,FedEx,340.03,Delayed
SHP005056,ORD005056,2022-08-05,09/08/2022,FedEx,760.35,DELAYED
SHP005057,ORD005057,2022-08-20,25-08-2022,INDIAPOST,454.13,Returned to Origin
SHP005058,ORD005058,24 Mar 2022,2022-03-29,XpressBees,277.59,Returned to Origin
SHP005059,ORD005059,22/09/2024,2024/09/25,BlueDart,527.96,lost
SHP005060,ORD005060,12/28/2023,29/12/2023,IndiaPost,497.04,Delivered
SHP005061,ORD005061,07 Aug 2022,2022/08/14,IndiaPost,411.8,IN TRANSIT
SHP005062,ORD005062,2022-11-18,12/03/2022,delhivery,551.01,In Transit
SHP005063,ORD005063,04-10-2024,07-10-2024,fedex,844.17,RETURNED TO ORIGIN
SHP005064,ORD005064,02/15/2022,19-02-2022,DTDC,757.96,Delayed
SHP005065,ORD005065,08/29/2024,2024/09/02,bluedart,63.17,delayed
SHP005066,ORD005066,0000-00-00,18 Sep 2022,IndiaPost,459.52,Returned to Origin
SHP005067,ORD005067,07/13/2024,07/18/2024,FedEx,261.75,in transit
SHP005068,ORD005068,03 Nov 2022,18/11/2022,Ekart,469.67,In Transit
SHP005069,ORD005069,08/07/2024,08/14/2024,bluedart,85.36,DELAYED
SHP005070,ORD005070,0000-00-00,2023/09/25,FedEx,698.21,Lost
SHP005071,ORD005071,2023/06/03,08 Jun 2023,BlueDart,676.86,Delayed
SHP005072,ORD005072,08/02/2023,2023/02/11,Ekart,39.34,Lost
SHP005073,ORD005073,07/24/2023,03/08/2023,ekart,395.77,Lost
SHP005074,ORD005074,26/06/2023,29-06-2023,dtdc,444.37,In Transit
SHP005075,ORD005075,01/08/2022,01/11/2022,INDIAPOST,479.82,Returned to Origin
SHP005076,ORD005076,,12/14/2023,IndiaPost,896.45,In Transit
SHP005077,ORD005077,12/03/2023,14/03/2023,DTDC,332.57,Lost
SHP005078,ORD005078,28 Apr 2023,03-05-2023,xpressbees,175.72,lost
SHP005079,ORD005079,2024-02-15,2024/02/21,IndiaPost,725.93,Delivered
SHP005080,ORD005080,23/05/2024,27-05-2024,Ekart,197.46,DELAYED
SHP005081,ORD005081,28/01/2023,12 Feb 2023,BlueDart,701.47,Delayed
SHP005082,ORD005082,29-09-2024,10/09/2024,FedEx,290.13,Lost
SHP005083,ORD005083,23-06-2022,2022-06-29,DTDC,769.99,In Transit
SHP005084,ORD005084,28-08-2023,2023/09/05,BlueDart,71.15,Returned to Origin
SHP005085,ORD005085,15 Aug 2022,08/23/2022,dtdc,638.47,Lost
SHP005086,ORD005086,08/03/2022,2022/08/18,xpressbees,610.71,Delivered
SHP005087,ORD005087,02-03-2022,09-03-2022,FedEx,807.0,In Transit
SHP005088,ORD005088,06/02/2022,2022-06-12,XpressBees,113.59,Returned to Origin
SHP005089,ORD005089,2022-12-30,2023/01/09,DTDC,214.33,Returned to Origin
SHP005090,ORD005090,2024-12-09,11-12-2024,IndiaPost,335.88,Delayed
SHP005091,ORD005091,29-01-2022,30 Jan 2022,DTDC,694.11,Lost
SHP005092,ORD005092,2022-11-28,2022/12/13,IndiaPost,578.19,IN TRANSIT
SHP005093,ORD005093,2022/10/23,2022-10-31,xpressbees,184.72,Delayed
SHP005094,ORD005094,28-03-2023,,Delhivery,830.1,In Transit
SHP005095,ORD005095,23/09/2023,28-09-2023,BlueDart,214.01,Delayed
SHP005096,ORD005096,16-05-2024,05/24/2024,DTDC,847.75,Lost
SHP005097,ORD005097,12 Dec 2024,18 Dec 2024,BlueDart,822.74,Returned to Origin
SHP005098,ORD005098,2023-03-13,19-03-2023,XpressBees,397.12,Lost
SHP005099,ORD005099,2022-12-20,22 Dec 2022,BlueDart,819.9,Returned to Origin
SHP005100,ORD005100,23 Dec 2024,2024/12/26,XpressBees,464.2,Delivered
SHP005101,ORD005101,04-04-2022,04/08/2022,dtdc,169.86,delivered
SHP005102,ORD005102,24 Oct 2023,10/30/2023,FedEx,553.63,Lost
SHP005103,ORD005103,21-12-2024,24-12-2024,XpressBees,291.51,Returned to Origin
SHP005104,ORD005104,18 Nov 2022,26 Nov 2022,FedEx,788.21,In Transit
SHP005105,ORD005105,11/06/2022,18/06/2022,XpressBees,638.01,RETURNED TO ORIGIN
SHP005106,ORD005106,29/03/2022,2022/03/30,Ekart,281.66,delivered
SHP005107,ORD005107,31 Dec 2022,01 Jan 2023,FEDEX,346.89,DELAYED
SHP005108,ORD005108,22-01-2022,01/28/2022,FEDEX,286.46,Lost
SHP005109,ORD005109,2022-03-28,04/04/2022,FedEx,392.95,Lost
SHP005110,ORD005110,2022-09-17,2022-09-24,Ekart,590.81,Lost
SHP005111,ORD005111,2022/11/13,11/20/2022,FedEx,,DELIVERED
SHP005112,ORD005112,07/07/2022,15 Jul 2022,DTDC,469.44,Delivered
SHP005113,ORD005113,25-07-2022,08/01/2022,FedEx,634.24,Returned to Origin
SHP005114,ORD005114,2022-12-31,2023-01-01,DTDC,857.21,Returned to Origin
SHP005115,ORD005115,11/13/2022,2022-11-28,indiapost,629.38,LOST
SHP005116,ORD005116,10 Nov 2023,14 Nov 2023,dtdc,390.86,Delayed
SHP005117,ORD005117,12/12/2024,2024/12/19,BlueDart,398.71,Delivered
SHP005118,ORD005118,27-10-2022,03 Nov 2022,XpressBees,240.09,Delivered
SHP005119,ORD005119,2022-06-04,14/06/2022,IndiaPost,122.83,returned to origin
SHP005120,ORD005120,,,Delhivery,46.76,Returned to Origin
SHP005121,ORD005121,28/02/2024,29 Feb 2024,DTDC,369.18,Lost
SHP005122,ORD005122,26-01-2022,02/02/2022,Delhivery,307.62,Lost
SHP005123,ORD005123,23/04/2024,2024/04/29,DTDC,335.35,Lost
SHP005124,ORD005124,22-05-2022,2022/05/24,DTDC,383.14,In Transit
SHP005125,ORD005125,2024-12-02,12/06/2024,BlueDart,84.91,In Transit
SHP005126,ORD005126,2023/08/28,30-08-2023,Delhivery,,Delayed
SHP005127,ORD005127,11-06-2022,06/14/2022,XpressBees,612.75,Returned to Origin
SHP005128,ORD005128,2024-04-27,03/05/2024,DTDC,415.58,Lost
SHP005129,ORD005129,2023-08-31,01 Sep 2023,Ekart,175.4,Returned to Origin
SHP005130,ORD005130,27-05-2024,29/05/2024,IndiaPost,818.2,Lost
SHP005131,ORD005131,02-01-2022,01/07/2022,DTDC,844.76,Delivered
SHP005132,ORD005132,06 Nov 2023,10/11/2023,fedex,95.19,Delivered
SHP005133,ORD005133,05/14/2022,2022/05/29,DTDC,,Lost
SHP005134,ORD005134,2023-01-29,03-02-2023,BlueDart,274.23,RETURNED TO ORIGIN
SHP005135,ORD005135,21-12-2022,2022/12/23,BlueDart,599.89,Lost
SHP005136,ORD005136,01/03/2022,11/01/2022,FedEx,93.32,In Transit
SHP005137,ORD005137,16 Sep 2024,20/09/2024,BlueDart,302.38,LOST
SHP005138,ORD005138,17/02/2022,19 Feb 2022,INDIAPOST,86.98,In Transit
SHP005139,ORD005139,2024/04/08,23/04/2024,XpressBees,696.8,in transit
SHP005140,ORD005140,25-04-2023,2023-04-28,indiapost,747.05,DELIVERED
SHP005141,ORD005141,06 Feb 2023,,DTDC,170.12,Delivered
SHP005142,ORD005142,03/01/2024,2024-03-08,FedEx,126.36,RETURNED TO ORIGIN
SHP005143,ORD005143,17 Dec 2023,01-01-2024,BLUEDART,816.03,Returned to Origin
SHP005144,ORD005144,2024/05/22,25 May 2024,BlueDart,808.72,RETURNED TO ORIGIN
SHP005145,ORD005145,02/26/2023,2023-03-06,fedex,304.24,Returned to Origin
SHP005146,ORD005146,2022/01/03,04/01/2022,DTDC,261.56,DELIVERED
SHP005147,ORD005147,2024/11/07,13 Nov 2024,FedEx,191.85,Delivered
SHP005148,ORD005148,2022/07/14,29 Jul 2022,FedEx,645.82,Delivered
SHP005149,ORD005149,13 May 2024,18 May 2024,bluedart,863.52,In Transit
SHP005150,ORD005150,2023-12-30,2024/01/03,BlueDart,57.33,Delivered
SHP005151,ORD005151,15/12/2023,2023/12/21,XpressBees,401.76,Returned to Origin
SHP005152,ORD005152,08/21/2023,2023-08-22,DELHIVERY,66.34,Lost
SHP005153,ORD005153,2024-09-21,,IndiaPost,410.35,Delayed
SHP005154,ORD005154,2022/06/17,19-06-2022,FedEx,666.78,In Transit
SHP005155,ORD005155,2022-06-29,2022-07-07,IndiaPost,234.95,Returned to Origin
SHP005156,ORD005156,07 Jun 2023,,IndiaPost,630.79,LOST
SHP005157,ORD005157,2024-09-13,09/15/2024,dtdc,149.71,Delivered
SHP005158,ORD005158,13/02/2023,28-02-2023,delhivery,228.19,Delayed
SHP005159,ORD005159,26-07-2024,30-07-2024,XpressBees,512.69,delayed
SHP005160,ORD005160,2022-08-30,06/09/2022,XpressBees,840.21,Delivered
SHP005161,ORD005161,26 Feb 2024,2024/02/29,Delhivery,108.3,Delivered
SHP005162,ORD005162,10/21/2022,24 Oct 2022,IndiaPost,687.07,Delayed
SHP005163,ORD005163,17-10-2024,2024/10/20,Ekart,708.94,delayed
SHP005164,ORD005164,30 Apr 2024,06 May 2024,XpressBees,898.39,Delayed
SHP005165,ORD005165,0000-00-00,18 Oct 2022,XpressBees,897.97,In Transit
SHP005166,ORD005166,11 Aug 2024,2024/08/14,EKART,256.29,Returned to Origin
SHP005167,ORD005167,2024-07-22,27 Jul 2024,INDIAPOST,570.85,Delivered
SHP005168,ORD005168,05/10/2022,20 May 2022,FedEx,263.3,Returned to Origin
SHP005169,ORD005169,03/07/2024,07/18/2024,Ekart,241.49,Delayed
SHP005170,ORD005170,27 Jul 2022,11-08-2022,delhivery,510.14,Lost
SHP005171,ORD005171,28 Oct 2023,31/10/2023,FEDEX,443.06,Delivered
SHP005172,ORD005172,2024/11/29,06/12/2024,Ekart,881.77,IN TRANSIT
SHP005173,ORD005173,09/29/2024,2024-10-09,INDIAPOST,697.25,Returned to Origin
SHP005174,ORD005174,01/23/2023,01/31/2023,XpressBees,655.77,Delivered
SHP005175,ORD005175,31-12-2022,03-01-2023,FedEx,260.5,Delivered
SHP005176,ORD005176,03/24/2023,31-03-2023,xpressbees,302.13,DELIVERED
SHP005177,ORD005177,20/02/2023,02/22/2023,XpressBees,197.6,returned to origin
SHP005178,ORD005178,25/09/2024,28-09-2024,Delhivery,589.26,Lost
SHP005179,ORD005179,08/04/2022,19-08-2022,indiapost,763.38,In Transit
SHP005180,ORD005180,06-07-2023,07/16/2023,Ekart,55.34,Lost
SHP005181,ORD005181,06/25/2023,07/03/2023,ekart,672.52,DELIVERED
SHP005182,ORD005182,2023-12-06,2023-12-11,FedEx,259.46,Delayed
SHP005183,ORD005183,2023/11/10,11 Nov 2023,DELHIVERY,128.82,In Transit
SHP005184,ORD005184,05/02/2024,05-05-2024,delhivery,659.73,In Transit
SHP005185,ORD005185,01 Apr 2023,04/05/2023,Ekart,217.3,In Transit
SHP005186,ORD005186,28-12-2022,29 Dec 2022,xpressbees,628.7,Delivered
SHP005187,ORD005187,09/30/2024,02/10/2024,delhivery,307.64,Delayed
SHP005188,ORD005188,2023-11-23,2023/12/08,Delhivery,318.39,In Transit
SHP005189,ORD005189,11 May 2023,2023-05-21,FedEx,242.93,Returned to Origin
SHP005190,ORD005190,25-08-2024,09/09/2024,DTDC,240.74,Delivered
SHP005191,ORD005191,2024-12-01,04-12-2024,Ekart,560.84,LOST
SHP005192,ORD005192,2022-06-01,06/02/2022,BlueDart,821.67,Returned to Origin
SHP005193,ORD005193,2023/03/28,01 Apr 2023,BlueDart,220.5,Lost
SHP005194,ORD005194,24/11/2024,25-11-2024,XpressBees,516.2,IN TRANSIT
SHP005195,ORD005195,2022-04-10,04/13/2022,Ekart,331.91,Lost
SHP005196,ORD005196,2023/09/20,2023/09/28,Ekart,291.21,In Transit
SHP005197,ORD005197,2023-09-21,24 Sep 2023,XpressBees,509.95,DELIVERED
SHP005198,ORD005198,2022-07-25,2022-08-01,IndiaPost,195.89,In Transit
SHP005199,ORD005199,2024/03/22,25-03-2024,DTDC,745.4,In Transit
SHP005200,ORD005200,05/15/2022,05/22/2022,FedEx,529.85,In Transit
SHP005201,ORD005201,2024/11/19,24/11/2024,IndiaPost,327.66,Returned to Origin
SHP005202,ORD005202,2024-10-12,17 Oct 2024,Ekart,408.14,lost
SHP005203,ORD005203,08/15/2024,08/21/2024,BLUEDART,154.39,delayed
SHP005204,ORD005204,2023-12-25,31 Dec 2023,ekart,233.79,in transit
SHP005205,ORD005205,2024/02/01,2024/02/02,FEDEX,549.22,in transit
SHP005206,ORD005206,2024/01/17,01 Feb 2024,XpressBees,109.09,DELIVERED
SHP005207,ORD005207,11-05-2024,2024/05/26,EKART,86.82,Delayed
SHP005208,ORD005208,27 Jun 2022,07/02/2022,fedex,258.59,returned to origin
SHP005209,ORD005209,24 Sep 2024,25 Sep 2024,BLUEDART,308.64,In Transit
SHP005210,ORD005210,03/08/2022,2022-08-08,Delhivery,414.38,Lost
SHP005211,ORD005211,01/01/2023,04/01/2023,XpressBees,804.98,Delayed
SHP005212,ORD005212,2023-10-17,10/23/2023,XpressBees,597.78,In Transit
SHP005213,ORD005213,12 Aug 2022,18-08-2022,FedEx,,Returned to Origin
SHP005214,ORD005214,24 Aug 2022,30/08/2022,DTDC,456.06,Returned to Origin
SHP005215,ORD005215,2024-07-27,01/08/2024,IndiaPost,82.26,IN TRANSIT
SHP005216,ORD005216,22-01-2023,23-01-2023,Delhivery,440.05,Returned to Origin
SHP005217,ORD005217,02/11/2024,26 Feb 2024,IndiaPost,849.44,returned to origin
SHP005218,ORD005218,13-11-2022,11/18/2022,BlueDart,155.09,Returned to Origin
SHP005219,ORD005219,,09/29/2024,XpressBees,316.28,delivered
SHP005220,ORD005220,02/28/2024,03/02/2024,Delhivery,702.14,Delivered
SHP005221,ORD005221,2024-01-31,2024-02-05,FedEx,587.33,LOST
SHP005222,ORD005222,12/14/2024,2024-12-20,DTDC,659.72,LOST
SHP005223,ORD005223,2022/07/11,0000-00-00,DTDC,196.72,LOST
SHP005224,ORD005224,17-04-2023,27-04-2023,XpressBees,126.82,Delivered
SHP005225,ORD005225,02-12-2023,05 Dec 2023,DELHIVERY,619.61,delivered
SHP005226,ORD005226,27/06/2022,12/07/2022,FEDEX,211.57,Returned to Origin
SHP005227,ORD005227,16-05-2022,17 May 2022,IndiaPost,360.32,Delayed
SHP005228,ORD005228,06-07-2022,2022-07-12,Delhivery,,returned to origin
SHP005229,ORD005229,19-02-2022,0000-00-00,DTDC,153.58,Lost
SHP005230,ORD005230,02-03-2022,2022/03/04,FedEx,218.14,Delivered
SHP005231,ORD005231,08 Mar 2022,03/11/2022,IndiaPost,,Delayed
SHP005232,ORD005232,2023-05-03,11-05-2023,IndiaPost,881.7,IN TRANSIT
SHP005233,ORD005233,2023/12/15,23-12-2023,IndiaPost,413.42,Delayed
SHP005234,ORD005234,06 Jun 2022,2022-06-07,DTDC,717.62,In Transit
SHP005235,ORD005235,26 Jan 2022,2022/01/27,ekart,165.28,DELAYED
SHP005236,ORD005236,07/07/2024,2024-07-13,XpressBees,879.61,In Transit
SHP005237,ORD005237,2024/09/15,23-09-2024,IndiaPost,684.6,Lost
SHP005238,ORD005238,2024-05-09,14-05-2024,XpressBees,728.33,In Transit
SHP005239,ORD005239,2024-01-04,10 Jan 2024,DTDC,432.52,Delayed
SHP005240,ORD005240,06/24/2024,2024-06-29,IndiaPost,526.98,In Transit
SHP005241,ORD005241,2024/02/10,2024/02/25,fedex,317.43,in transit
SHP005242,ORD005242,05/20/2024,21-05-2024,fedex,604.64,DELIVERED
SHP005243,ORD005243,01/23/2023,26/01/2023,Delhivery,353.72,returned to origin
SHP005244,ORD005244,23/02/2023,26 Feb 2023,fedex,589.95,Lost
SHP005245,ORD005245,16-05-2024,2024/05/20,DTDC,622.7,Delayed
SHP005246,ORD005246,07/01/2023,08/07/2023,bluedart,720.44,In Transit
SHP005247,ORD005247,02/28/2024,07-03-2024,FedEx,195.65,In Transit
SHP005248,ORD005248,23 Jan 2023,29/01/2023,DELHIVERY,636.98,LOST
SHP005249,ORD005249,31-08-2022,08 Sep 2022,XPRESSBEES,100.65,DELIVERED
SHP005250,ORD005250,17-02-2022,27/02/2022,Delhivery,749.83,Lost
SHP005251,ORD005251,2024/05/21,26-05-2024,BlueDart,232.86,In Transit
SHP005252,ORD005252,11/26/2023,02/12/2023,Delhivery,,delivered
SHP005253,ORD005253,09/26/2024,01 Oct 2024,Delhivery,755.51,Lost
SHP005254,ORD005254,2025-01-02,2025-01-03,BlueDart,476.45,Lost
SHP005255,ORD005255,27/03/2023,11/04/2023,Ekart,242.22,Delivered
SHP005256,ORD005256,10/15/2023,2023/10/25,BlueDart,246.8,Returned to Origin
SHP005257,ORD005257,01-03-2023,07/03/2023,bluedart,271.26,In Transit
SHP005258,ORD005258,27 Aug 2024,29/08/2024,FedEx,580.93,Lost
SHP005259,ORD005259,26/04/2024,04-05-2024,INDIAPOST,312.34,Delivered
SHP005260,ORD005260,2023/06/03,09-06-2023,FedEx,300.04,Delayed
SHP005261,ORD005261,07/15/2024,2024/07/23,DTDC,172.44,Lost
SHP005262,ORD005262,,2024-04-15,DTDC,245.52,in transit
SHP005263,ORD005263,15/03/2024,03/17/2024,BlueDart,671.33,In Transit
SHP005264,ORD005264,18 Aug 2022,19/08/2022,fedex,616.95,Delivered
SHP005265,ORD005265,2024/10/05,08 Oct 2024,INDIAPOST,873.72,Returned to Origin
SHP005266,ORD005266,05 Feb 2023,2023-02-11,BlueDart,278.28,returned to origin
SHP005267,ORD005267,0000-00-00,17 Dec 2022,INDIAPOST,500.46,lost
SHP005268,ORD005268,16-12-2023,2023/12/20,Delhivery,207.58,In Transit
SHP005269,ORD005269,02-01-2025,2025-01-06,IndiaPost,616.58,Delayed
SHP005270,ORD005270,2023/02/01,2023-02-06,DTDC,784.35,Delivered
SHP005271,ORD005271,07 Oct 2023,13/10/2023,BLUEDART,39.32,Returned to Origin
SHP005272,ORD005272,04/28/2023,2023-05-06,Ekart,729.01,In Transit
SHP005273,ORD005273,12/16/2023,23 Dec 2023,BlueDart,396.12,Delivered
SHP005274,ORD005274,08/18/2023,26/08/2023,DTDC,54.93,Delivered
SHP005275,ORD005275,08-07-2024,12-07-2024,FedEx,776.64,lost
SHP005276,ORD005276,18-05-2022,2022/05/28,ekart,131.05,DELAYED
SHP005277,ORD005277,2022-07-10,20/07/2022,XpressBees,896.06,Lost
SHP005278,ORD005278,02/04/2023,02/14/2023,Delhivery,645.47,IN TRANSIT
SHP005279,ORD005279,04-03-2022,03/10/2022,IndiaPost,802.65,Delivered
SHP005280,ORD005280,2022/10/25,2022/10/29,ekart,850.57,In Transit
SHP005281,ORD005281,14/11/2022,2022/11/19,EKART,435.23,RETURNED TO ORIGIN
SHP005282,ORD005282,04/14/2023,17/04/2023,Ekart,270.78,Delayed
SHP005283,ORD005283,28-11-2024,2024-12-01,delhivery,579.66,Lost
SHP005284,ORD005284,2024/11/07,2024/11/10,fedex,692.03,delayed
SHP005285,ORD005285,29/12/2024,01-01-2025,DTDC,88.55,In Transit
SHP005286,ORD005286,2023-09-04,2023-09-05,Ekart,208.64,returned to origin
SHP005287,ORD005287,30 Jan 2024,02/02/2024,IndiaPost,897.82,Delivered
SHP005288,ORD005288,20 May 2024,2024/05/22,Ekart,,Delayed
SHP005289,ORD005289,03/10/2023,15-03-2023,INDIAPOST,,DELIVERED
SHP005290,ORD005290,17/05/2022,20-05-2022,dtdc,635.23,Delayed
SHP005291,ORD005291,14-11-2022,21 Nov 2022,BlueDart,673.58,lost
SHP005292,ORD005292,13/11/2024,23/11/2024,Delhivery,344.31,Returned to Origin
SHP005293,ORD005293,03-09-2022,2022-09-05,XpressBees,308.98,Lost
SHP005294,ORD005294,05/11/2024,2024-05-14,BlueDart,214.37,Delivered
SHP005295,ORD005295,15 Jun 2022,17 Jun 2022,DTDC,92.4,Delivered
SHP005296,ORD005296,02 Nov 2024,2024/11/03,XpressBees,286.17,Delayed
SHP005297,ORD005297,2024/02/24,27/02/2024,DTDC,892.28,Delivered
SHP005298,ORD005298,05/30/2023,2023/06/05,indiapost,465.38,Returned to Origin
SHP005299,ORD005299,0000-00-00,07 Sep 2023,bluedart,152.17,Delayed
SHP005300,ORD005300,16 May 2023,22-05-2023,FedEx,310.68,Delayed
SHP005301,ORD005301,2023-12-28,2024/01/05,Delhivery,795.4,DELIVERED
SHP005302,ORD005302,06-06-2024,06/07/2024,IndiaPost,379.8,Returned to Origin
SHP005303,ORD005303,2024/10/22,27 Oct 2024,BLUEDART,739.67,In Transit
SHP005304,ORD005304,11/27/2022,02-12-2022,EKART,219.21,IN TRANSIT
SHP005305,ORD005305,04/04/2023,2023-04-19,XpressBees,89.17,Delayed
SHP005306,ORD005306,03 Nov 2022,11/06/2022,FEDEX,344.59,Delayed
SHP005307,ORD005307,07/15/2024,17/07/2024,BlueDart,752.57,delayed
SHP005308,ORD005308,17-10-2024,2024/11/01,DTDC,444.73,RETURNED TO ORIGIN
SHP005309,ORD005309,2024-01-06,2024-01-12,BlueDart,819.77,DELIVERED
SHP005310,ORD005310,0000-00-00,28-05-2024,Ekart,310.07,Delivered
SHP005311,ORD005311,01/18/2023,2023/01/20,XpressBees,141.65,Delayed
SHP005312,ORD005312,,08/05/2022,BLUEDART,498.65,In Transit
SHP005313,ORD005313,2024/08/01,05-08-2024,DELHIVERY,679.48,In Transit
SHP005314,ORD005314,14 Nov 2022,21 Nov 2022,Delhivery,423.42,RETURNED TO ORIGIN
SHP005315,ORD005315,03/18/2022,25/03/2022,indiapost,223.09,Returned to Origin
SHP005316,ORD005316,2024/08/10,25-08-2024,Delhivery,811.27,Returned to Origin
SHP005317,ORD005317,22 Apr 2024,05/02/2024,Ekart,725.93,Returned to Origin
SHP005318,ORD005318,23/05/2023,27 May 2023,Delhivery,437.88,Delivered
SHP005319,ORD005319,29/07/2023,2023-08-03,IndiaPost,685.81,Delayed
SHP005320,ORD005320,28/04/2022,05 May 2022,INDIAPOST,231.9,Returned to Origin
SHP005321,ORD005321,2023-11-09,15/11/2023,XpressBees,595.67,Delivered
SHP005322,ORD005322,01/14/2024,2024-01-17,FEDEX,858.44,In Transit
SHP005323,ORD005323,09/04/2024,2024/04/12,IndiaPost,629.7,Returned to Origin
SHP005324,ORD005324,01 Feb 2023,2023/02/06,DELHIVERY,472.91,Delayed
SHP005325,ORD005325,2022-05-14,18 May 2022,DTDC,639.99,Delivered
SHP005326,ORD005326,2022/07/10,2022/07/11,FedEx,642.34,Delivered
SHP005327,ORD005327,2024/06/03,11-06-2024,IndiaPost,457.07,Lost
SHP005328,ORD005328,2022-03-08,15-03-2022,DTDC,460.9,In Transit
SHP005329,ORD005329,18/03/2022,04/02/2022,DTDC,189.93,Delayed
SHP005330,ORD005330,2022/02/15,16/02/2022,Ekart,846.18,returned to origin
SHP005331,ORD005331,2022-07-26,02/08/2022,FEDEX,112.25,Lost
SHP005332,ORD005332,18/02/2022,05 Mar 2022,FedEx,885.95,Returned to Origin
SHP005333,ORD005333,11-11-2023,2023/11/15,Ekart,669.34,DELIVERED
SHP005334,ORD005334,02 Oct 2023,10/10/2023,dtdc,58.15,IN TRANSIT
SHP005335,ORD005335,2023-04-12,16/04/2023,IndiaPost,557.56,in transit
SHP005336,ORD005336,04 Dec 2023,14 Dec 2023,dtdc,88.89,Delivered
SHP005337,ORD005337,24 Nov 2023,2023/12/01,FedEx,462.84,delayed
SHP005338,ORD005338,06/18/2022,24-06-2022,FedEx,363.55,returned to origin
SHP005339,ORD005339,2024/03/02,07/03/2024,Delhivery,,Delayed
SHP005340,ORD005340,06/03/2022,06/05/2022,dtdc,211.72,in transit
SHP005341,ORD005341,01-09-2023,2023/09/16,DTDC,554.15,Lost
SHP005342,ORD005342,04/13/2022,16 Apr 2022,BLUEDART,245.75,In Transit
SHP005343,ORD005343,04 Aug 2022,2022/08/14,INDIAPOST,357.58,Delayed
SHP005344,ORD005344,19 Aug 2023,2023/08/29,BlueDart,39.61,Delivered
SHP005345,ORD005345,2022/11/23,30-11-2022,INDIAPOST,72.48,Returned to Origin
SHP005346,ORD005346,02-09-2022,09/06/2022,BLUEDART,219.58,Returned to Origin
SHP005347,ORD005347,04 Mar 2023,2023-03-19,FedEx,99.77,delayed
SHP005348,ORD005348,2023/12/12,18 Dec 2023,BlueDart,210.52,In Transit
SHP005349,ORD005349,23/06/2024,25-06-2024,BlueDart,588.85,RETURNED TO ORIGIN
SHP005350,ORD005350,26 Feb 2024,2024-03-12,Ekart,869.1,In Transit
SHP005351,ORD005351,2022-07-08,11 Jul 2022,Ekart,,Delivered
SHP005352,ORD005352,26/11/2024,27 Nov 2024,BlueDart,82.3,in transit
SHP005353,ORD005353,30-11-2022,06-12-2022,IndiaPost,,Lost
SHP005354,ORD005354,2024-12-21,,XpressBees,773.13,delivered
SHP005355,ORD005355,21-10-2024,10/24/2024,delhivery,720.46,Returned to Origin
SHP005356,ORD005356,2024/05/01,2024-05-04,IndiaPost,,In Transit
SHP005357,ORD005357,26-12-2022,2023-01-05,IndiaPost,564.51,In Transit
SHP005358,ORD005358,12-12-2022,2022-12-27,EKART,343.46,Delayed
SHP005359,ORD005359,26-07-2022,05 Aug 2022,delhivery,483.19,Delayed
SHP005360,ORD005360,2024/03/29,30/03/2024,xpressbees,372.77,Delivered
SHP005361,ORD005361,05/14/2024,22-05-2024,Ekart,153.65,returned to origin
SHP005362,ORD005362,09/12/2024,2024-12-11,INDIAPOST,789.58,delivered
SHP005363,ORD005363,24 Jan 2024,31 Jan 2024,DTDC,281.86,In Transit
SHP005364,ORD005364,22 Feb 2023,2023-02-23,fedex,801.15,Lost
SHP005365,ORD005365,18/02/2022,26-02-2022,BlueDart,145.2,Returned to Origin
SHP005366,ORD005366,2022/02/20,07-03-2022,xpressbees,49.6,Returned to Origin
SHP005367,ORD005367,2022-09-13,2022/09/15,BlueDart,62.61,IN TRANSIT
SHP005368,ORD005368,12/19/2022,2022-12-27,INDIAPOST,853.62,RETURNED TO ORIGIN
SHP005369,ORD005369,03/08/2024,12/03/2024,XpressBees,32.33,lost
SHP005370,ORD005370,13 Nov 2024,19/11/2024,BLUEDART,834.11,Returned to Origin
SHP005371,ORD005371,15-02-2023,0000-00-00,ekart,423.68,Returned to Origin
SHP005372,ORD005372,25 Jan 2023,2023/01/30,BlueDart,612.67,Delayed
SHP005373,ORD005373,09-10-2023,2023-10-13,Ekart,884.1,Returned to Origin
SHP005374,ORD005374,23-08-2023,2023-08-29,Ekart,495.27,Lost
SHP005375,ORD005375,2023-12-22,12/28/2023,IndiaPost,158.0,Returned to Origin
SHP005376,ORD005376,21 Jan 2024,01/23/2024,FedEx,857.14,DELIVERED
SHP005377,ORD005377,30 Apr 2022,01 May 2022,Delhivery,140.59,Returned to Origin
SHP005378,ORD005378,29 Apr 2024,05/06/2024,IndiaPost,82.89,In Transit
SHP005379,ORD005379,14-12-2023,12/21/2023,BlueDart,159.86,DELIVERED
SHP005380,ORD005380,2022/09/16,09/26/2022,BLUEDART,522.38,delayed
SHP005381,ORD005381,23-08-2024,24/08/2024,Delhivery,416.74,Delayed
SHP005382,ORD005382,22/07/2024,2024-07-28,Delhivery,527.62,In Transit
SHP005383,ORD005383,07 Jan 2024,2024-01-12,FedEx,615.72,Lost
SHP005384,ORD005384,15-09-2022,16 Sep 2022,BlueDart,762.09,Lost
SHP005385,ORD005385,09/13/2022,09/18/2022,DTDC,686.0,delivered
SHP005386,ORD005386,15/11/2022,2022/11/17,bluedart,358.77,Delayed
SHP005387,ORD005387,16/04/2024,18/04/2024,Ekart,686.66,Lost
SHP005388,ORD005388,2022-07-11,26/07/2022,bluedart,581.09,RETURNED TO ORIGIN
SHP005389,ORD005389,2022/02/06,02/13/2022,INDIAPOST,602.46,Delayed
SHP005390,ORD005390,2023-10-21,26 Oct 2023,XPRESSBEES,68.58,In Transit
SHP005391,ORD005391,08-08-2024,11 Aug 2024,FedEx,855.21,returned to origin
SHP005392,ORD005392,09/21/2023,06 Oct 2023,BlueDart,459.52,In Transit
SHP005393,ORD005393,2022/03/28,07 Apr 2022,fedex,579.34,Delayed
SHP005394,ORD005394,05 Aug 2024,11/08/2024,Ekart,207.38,Lost
SHP005395,ORD005395,28-10-2022,2022-10-29,IndiaPost,883.29,delayed
SHP005396,ORD005396,22 Oct 2024,2024/10/30,XPRESSBEES,282.16,Returned to Origin
SHP005397,ORD005397,2022/03/30,03/04/2022,XpressBees,399.35,Returned to Origin
SHP005398,ORD005398,23 May 2024,31/05/2024,IndiaPost,492.38,Lost
SHP005399,ORD005399,26 Aug 2024,2024/09/02,FedEx,612.89,Returned to Origin
SHP005400,ORD005400,31-12-2022,04 Jan 2023,indiapost,609.59,Returned to Origin
SHP005401,ORD005401,23-07-2024,07-08-2024,XpressBees,273.99,In Transit
SHP005402,ORD005402,04 Jul 2023,0000-00-00,FedEx,829.63,Returned to Origin
SHP005403,ORD005403,2023-03-04,05/03/2023,DTDC,472.9,In Transit
SHP005404,ORD005404,2022-05-24,05/30/2022,dtdc,,in transit
SHP005405,ORD005405,2024/10/14,19/10/2024,Delhivery,547.65,Lost
SHP005406,ORD005406,2023/09/06,10/09/2023,XpressBees,800.83,In Transit
SHP005407,ORD005407,12 Jul 2024,07/16/2024,IndiaPost,83.37,lost
SHP005408,ORD005408,2023/05/13,0000-00-00,Ekart,342.8,Delivered
SHP005409,ORD005409,2022/04/02,2022-04-07,DELHIVERY,151.08,Delivered
SHP005410,ORD005410,2023-01-20,0000-00-00,FEDEX,527.53,Lost
SHP005411,ORD005411,16/04/2024,26/04/2024,BlueDart,570.18,delivered
SHP005412,ORD005412,26/09/2023,2023-10-06,DELHIVERY,721.03,Returned to Origin
SHP005413,ORD005413,2022/08/29,06-09-2022,xpressbees,627.46,Delivered
SHP005414,ORD005414,2024-03-15,20/03/2024,DTDC,656.83,Delivered
SHP005415,ORD005415,09/14/2023,09/17/2023,DTDC,271.17,Delayed
SHP005416,ORD005416,2023-05-28,02 Jun 2023,EKART,561.44,returned to origin
SHP005417,ORD005417,2022-09-08,09/16/2022,EKART,634.55,Lost
SHP005418,ORD005418,27-05-2023,01-06-2023,Ekart,306.21,In Transit
SHP005419,ORD005419,10/18/2022,22 Oct 2022,IndiaPost,322.16,Returned to Origin
SHP005420,ORD005420,2023/04/28,2023-05-13,IndiaPost,439.16,DELAYED
SHP005421,ORD005421,05/11/2023,14/05/2023,IndiaPost,583.76,Lost
SHP005422,ORD005422,26-09-2022,29 Sep 2022,XpressBees,56.39,Delayed
SHP005423,ORD005423,2022-04-10,15 Apr 2022,XpressBees,,In Transit
SHP005424,ORD005424,2024-03-28,0000-00-00,EKART,346.05,Lost
SHP005425,ORD005425,06/21/2024,24-06-2024,DTDC,557.46,Returned to Origin
SHP005426,ORD005426,28-08-2023,05 Sep 2023,BlueDart,,Delivered
SHP005427,ORD005427,12/31/2023,2024-01-06,XpressBees,706.38,returned to origin
SHP005428,ORD005428,18-09-2022,09/25/2022,Delhivery,482.42,Delayed
SHP005429,ORD005429,30 Aug 2022,2022/09/07,ekart,798.28,DELAYED
SHP005430,ORD005430,30 May 2024,06/06/2024,Ekart,719.25,Delivered
SHP005431,ORD005431,05/19/2023,22-05-2023,DTDC,337.85,In Transit
SHP005432,ORD005432,,24/12/2023,dtdc,95.48,IN TRANSIT
SHP005433,ORD005433,2023/07/31,2023-08-03,DTDC,395.24,Delivered
SHP005434,ORD005434,2024-06-04,06/06/2024,XpressBees,405.2,Delivered
SHP005435,ORD005435,10/05/2023,13 May 2023,Delhivery,497.13,LOST
SHP005436,ORD005436,06/04/2024,2024-04-11,IndiaPost,898.31,In Transit
SHP005437,ORD005437,2024/11/14,21 Nov 2024,FedEx,559.06,Returned to Origin
SHP005438,ORD005438,07/02/2024,2024-02-10,BlueDart,150.94,IN TRANSIT
SHP005439,ORD005439,08-11-2024,09 Nov 2024,FEDEX,392.74,Delayed
SHP005440,ORD005440,08-10-2024,2024/10/09,FedEx,446.76,Returned to Origin
SHP005441,ORD005441,02/11/2023,11/05/2023,BlueDart,66.59,Delivered
SHP005442,ORD005442,13-09-2023,2023/09/16,indiapost,750.37,delayed
SHP005443,ORD005443,2024-06-11,2024-06-14,indiapost,271.67,Lost
SHP005444,ORD005444,0000-00-00,08 Jan 2022,FedEx,576.86,IN TRANSIT
SHP005445,ORD005445,08/03/2023,05 Aug 2023,BlueDart,393.76,Delayed
SHP005446,ORD005446,31/08/2022,05-09-2022,IndiaPost,884.64,In Transit
SHP005447,ORD005447,25/08/2022,2022-08-27,FedEx,440.06,Delayed
SHP005448,ORD005448,21/12/2024,2025/01/05,FedEx,860.93,Delivered
SHP005449,ORD005449,2022/09/06,08-09-2022,IndiaPost,565.35,RETURNED TO ORIGIN
SHP005450,ORD005450,2022-03-07,10 Mar 2022,BlueDart,358.88,Delivered
SHP005451,ORD005451,29-03-2024,04/06/2024,XpressBees,,Lost
SHP005452,ORD005452,26-08-2024,0000-00-00,IndiaPost,136.63,DELAYED
SHP005453,ORD005453,2023-08-29,03 Sep 2023,FedEx,554.11,Returned to Origin
SHP005454,ORD005454,04/05/2024,,Ekart,895.98,Delayed
SHP005455,ORD005455,07/29/2022,06-08-2022,FedEx,811.09,Delayed
SHP005456,ORD005456,2022-06-04,07-06-2022,FedEx,428.62,Returned to Origin
SHP005457,ORD005457,19/03/2022,2022-03-29,FedEx,113.18,Delivered
SHP005458,ORD005458,2024/01/04,06/01/2024,BlueDart,747.37,Lost
SHP005459,ORD005459,,02/04/2022,IndiaPost,296.16,Returned to Origin
SHP005460,ORD005460,0000-00-00,16-01-2024,XPRESSBEES,563.82,delivered
SHP005461,ORD005461,2022/04/06,04/21/2022,FedEx,191.2,RETURNED TO ORIGIN
SHP005462,ORD005462,02/23/2023,03 Mar 2023,XPRESSBEES,237.04,Lost
SHP005463,ORD005463,2024-06-29,07 Jul 2024,BlueDart,698.74,in transit
SHP005464,ORD005464,2022-07-10,11 Jul 2022,XpressBees,352.74,delivered
SHP005465,ORD005465,2022/06/12,22 Jun 2022,Delhivery,829.16,Returned to Origin
SHP005466,ORD005466,2024-12-19,25 Dec 2024,XpressBees,744.52,DELIVERED
SHP005467,ORD005467,2022-10-30,02 Nov 2022,Delhivery,151.78,Returned to Origin
SHP005468,ORD005468,30/05/2024,2024/06/07,xpressbees,83.97,Returned to Origin
SHP005469,ORD005469,22-09-2023,2023/10/07,XPRESSBEES,567.35,Lost
SHP005470,ORD005470,0000-00-00,17/09/2023,EKART,472.52,Delayed
SHP005471,ORD005471,18/08/2022,19/08/2022,Ekart,549.19,Delivered
SHP005472,ORD005472,01-06-2024,04/06/2024,FedEx,418.96,Lost
SHP005473,ORD005473,05/31/2022,2022/06/08,Ekart,674.08,Delayed
SHP005474,ORD005474,07/08/2024,2024-07-14,Delhivery,572.21,Delivered
SHP005475,ORD005475,03/24/2024,04/03/2024,XPRESSBEES,394.28,in transit
SHP005476,ORD005476,2024/07/05,2024/07/10,IndiaPost,460.65,Returned to Origin
SHP005477,ORD005477,08/12/2022,2022-08-17,XPRESSBEES,368.65,Lost
SHP005478,ORD005478,08/10/2022,17 Aug 2022,FedEx,585.88,In Transit
SHP005479,ORD005479,2024/02/01,02/06/2024,BlueDart,541.82,returned to origin
SHP005480,ORD005480,11/04/2023,06/11/2023,XpressBees,457.07,DELIVERED
SHP005481,ORD005481,27 Oct 2024,30-10-2024,FedEx,497.29,LOST
SHP005482,ORD005482,,08/15/2023,INDIAPOST,899.28,Returned to Origin
SHP005483,ORD005483,06 Jul 2022,07/11/2022,BlueDart,475.19,DELAYED
SHP005484,ORD005484,2023-04-17,25-04-2023,Delhivery,109.2,In Transit
SHP005485,ORD005485,08 Feb 2023,2023-02-10,BLUEDART,658.49,Returned to Origin
SHP005486,ORD005486,01/08/2023,02-08-2023,IndiaPost,46.82,Returned to Origin
SHP005487,ORD005487,2023-03-02,2023/03/04,IndiaPost,750.16,Delayed
SHP005488,ORD005488,28-09-2024,,IndiaPost,108.85,delayed
SHP005489,ORD005489,07/24/2022,,FEDEX,572.95,DELIVERED
SHP005490,ORD005490,2023/07/13,07/16/2023,xpressbees,128.84,IN TRANSIT
SHP005491,ORD005491,2024/11/07,17/11/2024,DTDC,651.01,Returned to Origin
SHP005492,ORD005492,26-03-2023,02 Apr 2023,DTDC,623.38,Returned to Origin
SHP005493,ORD005493,15 Dec 2022,2022/12/19,indiapost,861.18,In Transit
SHP005494,ORD005494,11/03/2024,2024/11/05,DTDC,166.85,Lost
SHP005495,ORD005495,06/14/2024,2024-06-18,XpressBees,173.29,Returned to Origin
SHP005496,ORD005496,2024-02-24,03/01/2024,DTDC,623.97,Lost
SHP005497,ORD005497,02/15/2024,02/25/2024,INDIAPOST,232.05,Lost
SHP005498,ORD005498,2024/10/21,10/29/2024,BlueDart,891.77,Delayed
SHP005499,ORD005499,22-07-2023,07/25/2023,dtdc,762.42,In Transit
SHP005500,ORD005500,2023-02-18,28-02-2023,IndiaPost,689.79,In Transit
SHP005501,ORD005501,10-06-2022,11-06-2022,EKART,110.37,DELIVERED
SHP005502,ORD005502,2024-08-01,2024/08/03,INDIAPOST,868.32,In Transit
SHP005503,ORD005503,2022/06/11,2022-06-12,BlueDart,815.84,Lost
SHP005504,ORD005504,06-06-2023,16-06-2023,Ekart,538.27,LOST
SHP005505,ORD005505,15/08/2023,2023/08/18,xpressbees,161.67,Lost
SHP005506,ORD005506,2022/01/31,2022-02-08,IndiaPost,536.51,Returned to Origin
SHP005507,ORD005507,2023/08/21,26-08-2023,dtdc,630.52,Returned to Origin
SHP005508,ORD005508,,23 Jul 2022,DTDC,855.25,Delayed
SHP005509,ORD005509,28-07-2022,08/07/2022,dtdc,667.77,delivered
SHP005510,ORD005510,04/07/2022,22-04-2022,BlueDart,200.49,Lost
SHP005511,ORD005511,26 Mar 2024,2024/04/10,xpressbees,453.71,Returned to Origin
SHP005512,ORD005512,02/20/2023,2023/02/21,DTDC,653.98,RETURNED TO ORIGIN
SHP005513,ORD005513,14/09/2023,2023-09-17,bluedart,349.7,Delivered
SHP005514,ORD005514,2022/09/18,2022-09-21,IndiaPost,456.65,In Transit
SHP005515,ORD005515,17 Feb 2023,25-02-2023,FedEx,866.19,IN TRANSIT
SHP005516,ORD005516,19-11-2023,23/11/2023,Ekart,860.8,Returned to Origin
SHP005517,ORD005517,22-09-2022,2022-09-24,Delhivery,573.46,Delayed
SHP005518,ORD005518,2022/12/04,12/07/2022,xpressbees,275.95,Lost
SHP005519,ORD005519,14-03-2023,2023-03-29,Delhivery,92.07,Delivered
SHP005520,ORD005520,08 Apr 2023,2023-04-10,Delhivery,721.59,Returned to Origin
SHP005521,ORD005521,29 Oct 2024,11/01/2024,FedEx,388.22,Delivered
SHP005522,ORD005522,2023-08-14,2023/08/17,Ekart,722.87,Delayed
SHP005523,ORD005523,2023-07-13,2023-07-18,ekart,72.33,Delivered
SHP005524,ORD005524,06/09/2022,06/24/2022,EKART,184.32,In Transit
SHP005525,ORD005525,06 Aug 2023,2023/08/10,Ekart,643.63,Delivered
SHP005526,ORD005526,2023-05-15,2023-05-17,XpressBees,125.26,In Transit
SHP005527,ORD005527,18 Apr 2024,2024-04-19,DTDC,703.39,Delivered
SHP005528,ORD005528,07/10/2022,2022-10-22,ekart,159.61,Delayed
SHP005529,ORD005529,08/12/2022,12/11/2022,DTDC,760.77,Delayed
SHP005530,ORD005530,04/20/2024,04/28/2024,fedex,619.15,RETURNED TO ORIGIN
SHP005531,ORD005531,26/03/2024,2024/03/27,indiapost,886.93,Returned to Origin
SHP005532,ORD005532,2022-06-10,2022/06/13,Ekart,572.92,lost
SHP005533,ORD005533,01-11-2023,05 Nov 2023,BlueDart,832.63,in transit
SHP005534,ORD005534,21 Aug 2024,28/08/2024,EKART,250.04,lost
SHP005535,ORD005535,01/11/2023,12 Jan 2023,INDIAPOST,208.29,Delayed
SHP005536,ORD005536,03/17/2024,03/20/2024,XpressBees,324.84,Delivered
SHP005537,ORD005537,2023-01-16,19 Jan 2023,FedEx,420.08,DELAYED
SHP005538,ORD005538,17/05/2024,27/05/2024,DTDC,477.88,lost
SHP005539,ORD005539,25 Feb 2024,0000-00-00,DTDC,240.89,Delayed
SHP005540,ORD005540,09-07-2023,12 Jul 2023,DTDC,865.64,Returned to Origin
SHP005541,ORD005541,2024-08-23,26/08/2024,BlueDart,261.55,Returned to Origin
SHP005542,ORD005542,05/08/2024,2024/08/11,Ekart,404.99,DELAYED
SHP005543,ORD005543,23 Jun 2022,2022/07/08,BlueDart,522.98,RETURNED TO ORIGIN
SHP005544,ORD005544,2022-12-24,03 Jan 2023,BlueDart,85.1,returned to origin
SHP005545,ORD005545,22/05/2022,29/05/2022,DTDC,640.89,Returned to Origin
SHP005546,ORD005546,11-02-2022,13-02-2022,delhivery,51.8,Delayed
SHP005547,ORD005547,12/05/2024,06 Dec 2024,DELHIVERY,557.46,Returned to Origin
SHP005548,ORD005548,2024/10/28,03-11-2024,BlueDart,461.52,in transit
SHP005549,ORD005549,23 Dec 2023,02 Jan 2024,bluedart,881.0,Lost
SHP005550,ORD005550,06/29/2024,05 Jul 2024,Ekart,644.15,In Transit
SHP005551,ORD005551,2023-10-20,2023/11/04,BLUEDART,120.3,delayed
SHP005552,ORD005552,2024-07-22,25 Jul 2024,XPRESSBEES,356.03,Delivered
SHP005553,ORD005553,20-01-2022,28-01-2022,FedEx,191.37,Lost
SHP005554,ORD005554,2023/10/10,2023/10/17,DTDC,803.74,delivered
SHP005555,ORD005555,01 May 2023,16 May 2023,Ekart,682.59,In Transit
SHP005556,ORD005556,2022/10/30,11/02/2022,BLUEDART,370.91,returned to origin
SHP005557,ORD005557,12/06/2024,2024/06/19,BlueDart,234.72,Returned to Origin
SHP005558,ORD005558,2024/10/31,10-11-2024,Ekart,543.61,delayed
SHP005559,ORD005559,06/05/2023,06/09/2023,FedEx,461.48,IN TRANSIT
SHP005560,ORD005560,09/08/2023,12/08/2023,FEDEX,32.2,RETURNED TO ORIGIN
SHP005561,ORD005561,19 Jun 2022,22/06/2022,XpressBees,353.87,Delivered
SHP005562,ORD005562,01/03/2022,2022/03/08,DTDC,,Delivered
SHP005563,ORD005563,20-01-2024,01/30/2024,Delhivery,365.53,Delayed
SHP005564,ORD005564,12/07/2024,2024-12-22,IndiaPost,812.05,In Transit
SHP005565,ORD005565,18-11-2022,23 Nov 2022,XpressBees,550.68,RETURNED TO ORIGIN
SHP005566,ORD005566,2024/04/19,2024-04-29,Ekart,327.79,In Transit
SHP005567,ORD005567,2024-03-23,02/04/2024,dtdc,603.26,Returned to Origin
SHP005568,ORD005568,09/21/2023,24 Sep 2023,Ekart,64.95,lost
SHP005569,ORD005569,2023/11/05,09/11/2023,EKART,679.5,Delivered
SHP005570,ORD005570,2024/09/21,2024/09/27,Ekart,219.82,RETURNED TO ORIGIN
SHP005571,ORD005571,02 Jul 2024,12 Jul 2024,xpressbees,829.84,returned to origin
SHP005572,ORD005572,06 Feb 2023,2023-02-07,BlueDart,219.82,In Transit
SHP005573,ORD005573,2023-02-05,02/09/2023,DTDC,268.97,Returned to Origin
SHP005574,ORD005574,12/12/2024,2024/12/27,IndiaPost,605.89,lost
SHP005575,ORD005575,27 Feb 2023,04 Mar 2023,FEDEX,614.87,In Transit
SHP005576,ORD005576,07/06/2023,2023-07-16,XpressBees,351.31,Lost
SHP005577,ORD005577,2023-06-20,2023/06/27,FedEx,801.11,RETURNED TO ORIGIN
SHP005578,ORD005578,2023-07-19,25 Jul 2023,DTDC,796.1,Delayed
SHP005579,ORD005579,2024/12/28,2024/12/30,Ekart,852.19,Lost
SHP005580,ORD005580,0000-00-00,12 Jan 2023,XpressBees,755.42,Delivered
SHP005581,ORD005581,15-04-2024,04/22/2024,indiapost,868.69,IN TRANSIT
SHP005582,ORD005582,12/05/2024,12/08/2024,FedEx,344.82,DELIVERED
SHP005583,ORD005583,05/17/2023,2023/05/25,BlueDart,74.91,LOST
SHP005584,ORD005584,05-05-2022,12-05-2022,FedEx,560.55,Lost
SHP005585,ORD005585,23/03/2023,28 Mar 2023,XpressBees,363.43,Delivered
SHP005586,ORD005586,2024/06/19,06/22/2024,Delhivery,800.33,DELIVERED
SHP005587,ORD005587,17 Dec 2022,21/12/2022,DTDC,563.59,LOST
SHP005588,ORD005588,2022-02-07,02/09/2022,Ekart,330.26,DELIVERED
SHP005589,ORD005589,2023/10/18,22-10-2023,DTDC,598.74,Delayed
SHP005590,ORD005590,2024-06-11,2024-06-21,FedEx,552.23,Delivered
SHP005591,ORD005591,05-07-2022,07/11/2022,DTDC,65.79,Delayed
SHP005592,ORD005592,23-03-2023,03/27/2023,Ekart,435.81,Returned to Origin
SHP005593,ORD005593,23 Jan 2022,30 Jan 2022,EKART,61.73,Delayed
SHP005594,ORD005594,,28-01-2024,DTDC,398.88,DELIVERED
SHP005595,ORD005595,21 May 2024,2024-05-22,IndiaPost,450.51,Lost
SHP005596,ORD005596,04/13/2024,21/04/2024,Ekart,623.29,Delivered
SHP005597,ORD005597,26/01/2023,01/27/2023,EKART,149.75,Returned to Origin
SHP005598,ORD005598,31/05/2023,2023-06-07,Ekart,347.42,Delayed
SHP005599,ORD005599,03/02/2023,06 Feb 2023,xpressbees,356.19,In Transit
SHP005600,ORD005600,13/10/2024,14-10-2024,Delhivery,879.15,Delayed
SHP005601,ORD005601,23/05/2024,30-05-2024,FedEx,752.94,Delayed
SHP005602,ORD005602,2023-03-03,03/07/2023,XpressBees,872.91,Delivered
SHP005603,ORD005603,2022/01/30,02-02-2022,Delhivery,370.85,In Transit
SHP005604,ORD005604,2022/04/06,04/08/2022,FedEx,322.81,Returned to Origin
SHP005605,ORD005605,23 Sep 2024,26-09-2024,IndiaPost,255.62,Delivered
SHP005606,ORD005606,30-01-2024,02/05/2024,xpressbees,380.39,Delivered
SHP005607,ORD005607,01 Mar 2023,2023/03/05,DTDC,807.85,returned to origin
SHP005608,ORD005608,2022-10-04,12/10/2022,dtdc,694.82,delayed
SHP005609,ORD005609,08 Nov 2024,10-11-2024,dtdc,492.04,RETURNED TO ORIGIN
SHP005610,ORD005610,2022/12/22,01/01/2023,bluedart,555.76,DELIVERED
SHP005611,ORD005611,20/06/2023,23 Jun 2023,bluedart,465.69,Lost
SHP005612,ORD005612,17-09-2023,23/09/2023,Ekart,637.01,Returned to Origin
SHP005613,ORD005613,13/09/2024,2024-09-23,IndiaPost,856.99,Lost
SHP005614,ORD005614,11 Dec 2023,18/12/2023,Delhivery,847.94,lost
SHP005615,ORD005615,28 Mar 2023,12-04-2023,BlueDart,790.3,Delivered
SHP005616,ORD005616,11/01/2024,03/11/2024,DTDC,49.88,DELIVERED
SHP005617,ORD005617,05-07-2024,09/07/2024,DELHIVERY,575.54,DELIVERED
SHP005618,ORD005618,01/07/2022,07/11/2022,Ekart,48.94,returned to origin
SHP005619,ORD005619,17 Nov 2022,2022/11/21,DTDC,181.09,Delivered
SHP005620,ORD005620,2024-11-19,11/26/2024,dtdc,770.94,Delivered
SHP005621,ORD005621,20-11-2022,2022-11-23,FEDEX,198.94,Returned to Origin
SHP005622,ORD005622,2022/11/04,2022/11/08,XpressBees,401.54,In Transit
SHP005623,ORD005623,2024-09-13,23 Sep 2024,xpressbees,212.43,delivered
SHP005624,ORD005624,10/14/2023,21 Oct 2023,BlueDart,757.0,Returned to Origin
SHP005625,ORD005625,06/26/2022,06-07-2022,BlueDart,298.63,Lost
SHP005626,ORD005626,2022/03/15,16 Mar 2022,IndiaPost,440.53,Delayed
SHP005627,ORD005627,2022-04-26,2022/04/27,BlueDart,780.08,Delivered
SHP005628,ORD005628,2024-04-23,2024-04-26,FedEx,517.35,IN TRANSIT
SHP005629,ORD005629,16 Mar 2024,2024-03-31,Delhivery,107.55,In Transit
SHP005630,ORD005630,2023/07/01,2023/07/07,DTDC,54.49,In Transit
SHP005631,ORD005631,2022-03-04,10-03-2022,FedEx,30.19,Delivered
SHP005632,ORD005632,2023-08-25,2023/08/26,dtdc,474.63,Delayed
SHP005633,ORD005633,27/02/2022,2022-03-07,XpressBees,128.73,Delivered
SHP005634,ORD005634,23/07/2024,25/07/2024,FedEx,149.3,in transit
SHP005635,ORD005635,2023/09/22,29 Sep 2023,ekart,137.17,In Transit
SHP005636,ORD005636,20/06/2024,2024-06-21,IndiaPost,86.55,Delayed
SHP005637,ORD005637,27-10-2024,2024/10/30,BlueDart,655.04,Delivered
SHP005638,ORD005638,2024-10-30,05 Nov 2024,INDIAPOST,505.02,DELIVERED
SHP005639,ORD005639,25-12-2023,01/01/2024,BlueDart,660.21,IN TRANSIT
SHP005640,ORD005640,26 Sep 2022,10/02/2022,delhivery,563.13,Delivered
SHP005641,ORD005641,09/02/2022,2022/02/15,FedEx,614.29,DELIVERED
SHP005642,ORD005642,10-09-2024,25 Sep 2024,IndiaPost,672.54,Delayed
SHP005643,ORD005643,21 Mar 2023,03/27/2023,Ekart,386.83,Lost
SHP005644,ORD005644,27/07/2023,01-08-2023,XpressBees,141.84,delayed
SHP005645,ORD005645,30-08-2024,2024-09-04,XpressBees,350.28,DELAYED
SHP005646,ORD005646,05-08-2023,10 Aug 2023,INDIAPOST,581.28,delivered
SHP005647,ORD005647,01/17/2024,22-01-2024,delhivery,231.56,Returned to Origin
SHP005648,ORD005648,2023-06-24,06/27/2023,Delhivery,840.17,delayed
SHP005649,ORD005649,04-09-2022,2022/09/08,indiapost,250.05,Lost
SHP005650,ORD005650,07/23/2022,07-08-2022,XpressBees,658.71,In Transit
SHP005651,ORD005651,03/04/2023,2023-04-11,IndiaPost,61.37,Delivered
SHP005652,ORD005652,,2024/09/12,BlueDart,329.87,RETURNED TO ORIGIN
SHP005653,ORD005653,2023-03-09,24-03-2023,FedEx,842.07,in transit
SHP005654,ORD005654,2023-08-10,13-08-2023,IndiaPost,818.32,Lost
SHP005655,ORD005655,2022-02-21,08 Mar 2022,IndiaPost,794.25,Delivered
SHP005656,ORD005656,11/12/2024,14/11/2024,BlueDart,594.88,Delayed
SHP005657,ORD005657,2022-12-27,02/01/2023,DTDC,525.56,Returned to Origin
SHP005658,ORD005658,31 Dec 2023,10 Jan 2024,Delhivery,,in transit
SHP005659,ORD005659,07 Dec 2023,15-12-2023,DTDC,523.93,Delayed
SHP005660,ORD005660,14 Feb 2023,17 Feb 2023,BlueDart,754.02,In Transit
SHP005661,ORD005661,0000-00-00,09/27/2022,XpressBees,139.77,DELIVERED
SHP005662,ORD005662,08/02/2022,07 Aug 2022,IndiaPost,169.06,Lost
SHP005663,ORD005663,2022/10/29,11/02/2022,FedEx,168.83,lost
SHP005664,ORD005664,01/08/2022,2022/08/07,FedEx,373.53,DELAYED
SHP005665,ORD005665,14/10/2022,19 Oct 2022,indiapost,274.85,RETURNED TO ORIGIN
SHP005666,ORD005666,2024/10/04,2024/10/05,DTDC,150.32,Delayed
SHP005667,ORD005667,25/09/2024,10/03/2024,Delhivery,826.39,returned to origin
SHP005668,ORD005668,06/02/2024,2024/02/12,FEDEX,884.01,delivered
SHP005669,ORD005669,22 Aug 2023,2023/08/30,XpressBees,473.65,Delayed
SHP005670,ORD005670,30-05-2024,04-06-2024,DTDC,202.14,Delivered
SHP005671,ORD005671,05/05/2024,05/08/2024,Ekart,594.78,returned to origin
SHP005672,ORD005672,06-10-2024,2024/10/14,IndiaPost,254.55,Lost
SHP005673,ORD005673,01 Oct 2023,10/04/2023,IndiaPost,697.7,Returned to Origin
SHP005674,ORD005674,03/26/2022,03/29/2022,DTDC,,IN TRANSIT
SHP005675,ORD005675,2023-01-26,01/30/2023,DTDC,676.3,DELAYED
SHP005676,ORD005676,23 Jan 2022,2022-01-28,ekart,425.35,LOST
SHP005677,ORD005677,30-05-2023,2023/06/01,XpressBees,230.35,Lost
SHP005678,ORD005678,29/08/2023,2023-08-31,FedEx,160.21,Delayed
SHP005679,ORD005679,2024-08-13,08/20/2024,BlueDart,645.91,IN TRANSIT
SHP005680,ORD005680,27-05-2023,02 Jun 2023,FedEx,578.06,Returned to Origin
SHP005681,ORD005681,09/07/2022,2022-09-14,BLUEDART,151.02,In Transit
SHP005682,ORD005682,11/25/2024,30 Nov 2024,fedex,366.64,Lost
SHP005683,ORD005683,2024/04/20,22 Apr 2024,DTDC,198.7,Delayed
SHP005684,ORD005684,09/03/2022,05-09-2022,FedEx,639.45,Delivered
SHP005685,ORD005685,25-09-2023,01-10-2023,DTDC,775.16,Returned to Origin
SHP005686,ORD005686,24/11/2024,11/30/2024,Ekart,540.82,DELIVERED
SHP005687,ORD005687,2022-01-11,2022-01-12,BlueDart,637.08,In Transit
SHP005688,ORD005688,05/22/2022,2022/05/23,DTDC,468.53,Delivered
SHP005689,ORD005689,,13/01/2023,Delhivery,783.51,In Transit
SHP005690,ORD005690,31/01/2022,07-02-2022,FEDEX,353.47,in transit
SHP005691,ORD005691,02/10/2022,20-02-2022,XPRESSBEES,568.33,Lost
SHP005692,ORD005692,2022-07-16,22/07/2022,IndiaPost,762.4,Lost
SHP005693,ORD005693,26-11-2023,2023-11-28,FedEx,712.81,Lost
SHP005694,ORD005694,2024/09/20,2024-09-21,EKART,232.13,Delayed
SHP005695,ORD005695,05-03-2023,10-03-2023,FedEx,346.63,in transit
SHP005696,ORD005696,,2022-09-19,FedEx,75.16,IN TRANSIT
SHP005697,ORD005697,15-10-2023,10/18/2023,FEDEX,373.15,Delayed
SHP005698,ORD005698,28 Jul 2024,02-08-2024,FedEx,856.22,Returned to Origin
SHP005699,ORD005699,2022-12-23,26 Dec 2022,fedex,48.62,DELAYED
SHP005700,ORD005700,2022/01/29,02/13/2022,BlueDart,470.98,Lost
SHP005701,ORD005701,2022/07/07,08/07/2022,Delhivery,781.25,Delivered
SHP005702,ORD005702,01/11/2023,01/26/2023,FedEx,303.19,Delayed
SHP005703,ORD005703,09-06-2024,06/13/2024,Ekart,451.96,RETURNED TO ORIGIN
SHP005704,ORD005704,24 Aug 2023,27/08/2023,EKART,75.01,Delayed
SHP005705,ORD005705,07-12-2024,14 Dec 2024,INDIAPOST,152.46,DELAYED
SHP005706,ORD005706,01/08/2022,15/01/2022,BlueDart,698.1,RETURNED TO ORIGIN
SHP005707,ORD005707,06 Jun 2022,08/06/2022,Ekart,860.12,Delivered
SHP005708,ORD005708,22 May 2023,24-05-2023,BlueDart,564.73,Returned to Origin
SHP005709,ORD005709,01/09/2022,19/01/2022,xpressbees,390.87,lost
SHP005710,ORD005710,08 Feb 2022,2022-02-10,BlueDart,381.44,returned to origin
SHP005711,ORD005711,14/07/2023,18-07-2023,ekart,863.24,delivered
SHP005712,ORD005712,28-04-2022,13-05-2022,IndiaPost,30.22,Returned to Origin
SHP005713,ORD005713,16 Jan 2022,01/19/2022,bluedart,219.33,LOST
SHP005714,ORD005714,2022/05/11,18 May 2022,DTDC,809.34,in transit
SHP005715,ORD005715,15 Nov 2022,2022-11-25,IndiaPost,57.71,In Transit
SHP005716,ORD005716,2022/04/03,04/09/2022,IndiaPost,852.06,In Transit
SHP005717,ORD005717,09 Aug 2023,08/11/2023,XpressBees,796.17,delayed
SHP005718,ORD005718,2022/11/03,11/11/2022,XPRESSBEES,56.92,Delayed
SHP005719,ORD005719,2023-09-07,,INDIAPOST,275.83,returned to origin
SHP005720,ORD005720,2023/08/05,08/08/2023,BLUEDART,845.95,Lost
SHP005721,ORD005721,02/03/2024,07 Mar 2024,fedex,178.69,Returned to Origin
SHP005722,ORD005722,2023/02/14,17 Feb 2023,IndiaPost,618.82,Delayed
SHP005723,ORD005723,2022-07-15,18/07/2022,Delhivery,570.06,Delayed
SHP005724,ORD005724,15/12/2022,19-12-2022,Delhivery,706.97,Delayed
SHP005725,ORD005725,17 Jul 2022,21/07/2022,DTDC,586.92,Delayed
SHP005726,ORD005726,2024-12-23,28-12-2024,FedEx,809.77,Delivered
SHP005727,ORD005727,2024/10/30,2024/11/03,indiapost,532.23,Lost
SHP005728,ORD005728,2023-08-29,04-09-2023,Ekart,565.14,Returned to Origin
SHP005729,ORD005729,,2023-01-13,FedEx,684.42,Returned to Origin
SHP005730,ORD005730,2024-07-03,2024-07-13,FedEx,233.94,Returned to Origin
SHP005731,ORD005731,27-09-2023,09/28/2023,Delhivery,617.11,Delayed
SHP005732,ORD005732,21-12-2023,26 Dec 2023,Ekart,512.33,DELIVERED
SHP005733,ORD005733,29 Jul 2024,08/04/2024,XpressBees,204.28,Delayed
SHP005734,ORD005734,2024/12/11,2024-12-12,Ekart,393.36,DELIVERED
SHP005735,ORD005735,2023/05/30,04-06-2023,XpressBees,222.2,In Transit
SHP005736,ORD005736,16-02-2023,2023/02/21,XpressBees,880.98,Delivered
SHP005737,ORD005737,08/17/2024,22 Aug 2024,FedEx,739.77,Returned to Origin
SHP005738,ORD005738,13-04-2024,17 Apr 2024,DTDC,,In Transit
SHP005739,ORD005739,24-12-2023,08 Jan 2024,Ekart,,Delayed
SHP005740,ORD005740,30/04/2022,07/05/2022,XPRESSBEES,769.11,Delayed
SHP005741,ORD005741,13/09/2024,17 Sep 2024,INDIAPOST,631.59,Delayed
SHP005742,ORD005742,02/07/2023,17-07-2023,BLUEDART,295.62,DELAYED
SHP005743,ORD005743,2024/07/16,07/31/2024,IndiaPost,834.96,Delivered
SHP005744,ORD005744,13/03/2022,14 Mar 2022,Ekart,636.36,DELAYED
SHP005745,ORD005745,21/04/2023,2023-05-06,BLUEDART,406.49,DELAYED
SHP005746,ORD005746,28-12-2023,12-01-2024,IndiaPost,859.89,DELAYED
SHP005747,ORD005747,10/10/2022,2022-10-18,BlueDart,890.05,Returned to Origin
SHP005748,ORD005748,27 Sep 2024,30/09/2024,Ekart,865.67,Delayed
SHP005749,ORD005749,02 Oct 2024,10/05/2024,IndiaPost,627.81,Delayed
SHP005750,ORD005750,2023-10-06,07 Oct 2023,XpressBees,413.68,IN TRANSIT
SHP005751,ORD005751,2022/04/19,04/29/2022,Delhivery,620.56,LOST
SHP005752,ORD005752,2023/01/17,01/23/2023,FEDEX,740.2,Delayed
SHP005753,ORD005753,07 Aug 2024,2024/08/11,INDIAPOST,313.79,In Transit
SHP005754,ORD005754,2022/10/15,10/19/2022,Delhivery,244.74,In Transit
SHP005755,ORD005755,2024-01-01,07-01-2024,XpressBees,74.53,returned to origin
SHP005756,ORD005756,2024/05/01,04-05-2024,XpressBees,450.89,delivered
SHP005757,ORD005757,2023/05/02,05/09/2023,Delhivery,504.45,Lost
SHP005758,ORD005758,07/25/2022,0000-00-00,FedEx,636.14,Returned to Origin
SHP005759,ORD005759,2024-04-15,2024-04-23,DTDC,737.87,Delayed
SHP005760,ORD005760,30-05-2022,06/14/2022,XpressBees,705.44,Delivered
SHP005761,ORD005761,2022/12/30,2023/01/05,XPRESSBEES,752.53,Returned to Origin
SHP005762,ORD005762,2023-09-02,05/09/2023,BlueDart,821.49,IN TRANSIT
SHP005763,ORD005763,21/04/2024,2024-04-28,Ekart,590.71,Returned to Origin
SHP005764,ORD005764,24/10/2022,2022-11-03,indiapost,568.61,Delivered
SHP005765,ORD005765,23-03-2024,28/03/2024,dtdc,243.93,Delayed
SHP005766,ORD005766,2024-08-08,08/18/2024,XpressBees,300.52,Returned to Origin
SHP005767,ORD005767,23-12-2022,12/28/2022,INDIAPOST,66.69,In Transit
SHP005768,ORD005768,18 Oct 2024,10/21/2024,Ekart,262.27,IN TRANSIT
SHP005769,ORD005769,26-05-2024,2024-05-28,fedex,69.02,IN TRANSIT
SHP005770,ORD005770,05/03/2023,10 May 2023,XpressBees,484.68,Delayed
SHP005771,ORD005771,18/05/2023,21-05-2023,IndiaPost,838.71,Delayed
SHP005772,ORD005772,05/19/2024,2024-05-29,delhivery,770.43,Returned to Origin
SHP005773,ORD005773,2023-10-26,29-10-2023,DTDC,103.43,LOST
SHP005774,ORD005774,19/01/2023,25 Jan 2023,Delhivery,509.99,In Transit
SHP005775,ORD005775,2024/03/07,2024-03-10,BLUEDART,191.97,returned to origin
SHP005776,ORD005776,03/25/2024,02/04/2024,ekart,371.74,Delivered
SHP005777,ORD005777,02 Jul 2023,07/05/2023,BLUEDART,503.24,lost
SHP005778,ORD005778,16-05-2023,2023-05-23,XpressBees,441.56,In Transit
SHP005779,ORD005779,01-07-2023,2023-07-04,Ekart,658.39,Delayed
SHP005780,ORD005780,14-02-2023,21 Feb 2023,BlueDart,346.74,lost
SHP005781,ORD005781,28/12/2024,02 Jan 2025,DTDC,282.32,Delivered
SHP005782,ORD005782,02-10-2022,,BLUEDART,128.09,In Transit
SHP005783,ORD005783,15/07/2022,2022/07/30,Ekart,735.96,In Transit
SHP005784,ORD005784,30 Dec 2023,2024-01-02,DELHIVERY,89.14,Delayed
SHP005785,ORD005785,28-05-2024,31-05-2024,XpressBees,391.23,LOST
SHP005786,ORD005786,2022/09/09,19/09/2022,IndiaPost,56.24,DELAYED
SHP005787,ORD005787,2023/07/18,20-07-2023,IndiaPost,834.19,Returned to Origin
SHP005788,ORD005788,24 Jun 2023,04-07-2023,Delhivery,454.21,RETURNED TO ORIGIN
SHP005789,ORD005789,2022-12-25,2022-12-31,XpressBees,635.88,In Transit
SHP005790,ORD005790,2022-04-09,04/11/2022,IndiaPost,481.84,Lost
SHP005791,ORD005791,2022-09-01,2022-09-02,XPRESSBEES,133.02,IN TRANSIT
SHP005792,ORD005792,18 Jan 2022,2022-01-25,fedex,521.09,lost
SHP005793,ORD005793,10/02/2024,0000-00-00,xpressbees,680.16,In Transit
SHP005794,ORD005794,04/01/2024,2024-01-10,DTDC,670.18,Returned to Origin
SHP005795,ORD005795,16 Jul 2022,2022/07/19,FedEx,644.91,Lost
SHP005796,ORD005796,2024-12-04,2024/12/06,FedEx,693.9,Delivered
SHP005797,ORD005797,18-02-2024,24 Feb 2024,Delhivery,745.58,DELAYED
SHP005798,ORD005798,01 Aug 2023,2023-08-05,BlueDart,248.72,IN TRANSIT
SHP005799,ORD005799,10-02-2024,02/18/2024,Delhivery,724.12,Delivered
SHP005800,ORD005800,06/23/2023,26-06-2023,IndiaPost,425.88,In Transit
SHP005801,ORD005801,02 Jan 2023,08-01-2023,FedEx,93.46,lost
SHP005802,ORD005802,21 Jun 2023,06/24/2023,EKART,746.92,Delivered
SHP005803,ORD005803,20 Aug 2024,08/30/2024,IndiaPost,155.01,In Transit
SHP005804,ORD005804,11-01-2022,21 Jan 2022,BlueDart,239.49,Lost
SHP005805,ORD005805,10 Oct 2022,2022/10/25,delhivery,212.52,Lost
SHP005806,ORD005806,05/09/2023,2023-09-15,DTDC,558.08,IN TRANSIT
SHP005807,ORD005807,03/17/2024,2024/03/27,indiapost,80.12,Lost
SHP005808,ORD005808,30-01-2022,2022/02/02,BlueDart,611.28,delayed
SHP005809,ORD005809,08/20/2022,24 Aug 2022,indiapost,446.49,Returned to Origin
SHP005810,ORD005810,09/30/2022,07/10/2022,BlueDart,169.84,Returned to Origin
SHP005811,ORD005811,2022/09/13,2022/09/23,IndiaPost,31.99,DELIVERED
SHP005812,ORD005812,29/07/2024,01 Aug 2024,BlueDart,275.6,Lost
SHP005813,ORD005813,2022-10-30,03-11-2022,BlueDart,846.45,Returned to Origin
SHP005814,ORD005814,02/02/2023,0000-00-00,DTDC,592.03,Returned to Origin
SHP005815,ORD005815,05-04-2024,15/04/2024,Delhivery,160.44,returned to origin
SHP005816,ORD005816,14-04-2024,2024-04-22,BlueDart,889.82,Returned to Origin
SHP005817,ORD005817,04/01/2024,04 Apr 2024,dtdc,442.49,Delivered
SHP005818,ORD005818,03-06-2022,2022-06-06,Delhivery,831.67,DELIVERED
SHP005819,ORD005819,13-07-2023,2023-07-18,delhivery,372.75,In Transit
SHP005820,ORD005820,2022/01/30,01-02-2022,Ekart,292.94,lost
SHP005821,ORD005821,2024/07/16,07/21/2024,XpressBees,469.98,Lost
SHP005822,ORD005822,28-02-2023,0000-00-00,DTDC,180.15,Returned to Origin
SHP005823,ORD005823,05/24/2022,29-05-2022,XpressBees,777.89,IN TRANSIT
SHP005824,ORD005824,2023-04-29,01-05-2023,fedex,736.97,Delivered
SHP005825,ORD005825,14 Oct 2024,,BlueDart,568.76,IN TRANSIT
SHP005826,ORD005826,24/11/2022,26/11/2022,BlueDart,306.45,Delivered
SHP005827,ORD005827,2024-07-07,2024/07/10,FedEx,814.72,Delivered
SHP005828,ORD005828,2024/07/18,23-07-2024,FEDEX,833.81,DELIVERED
SHP005829,ORD005829,2022/10/19,10/22/2022,Delhivery,441.99,In Transit
SHP005830,ORD005830,26 Sep 2024,28/09/2024,BlueDart,399.84,LOST
SHP005831,ORD005831,10-07-2023,15 Jul 2023,FedEx,302.54,Delivered
SHP005832,ORD005832,2023/02/01,08 Feb 2023,DELHIVERY,440.85,delivered
SHP005833,ORD005833,10/01/2024,2024-01-13,Delhivery,631.08,DELIVERED
SHP005834,ORD005834,2024/11/10,11/25/2024,XpressBees,474.81,In Transit
SHP005835,ORD005835,2023/09/23,2023/10/03,XpressBees,44.32,Delivered
SHP005836,ORD005836,09/09/2022,2022-09-24,IndiaPost,231.8,Delivered
SHP005837,ORD005837,10/01/2023,18 Jan 2023,Delhivery,529.12,Returned to Origin
SHP005838,ORD005838,2023-06-19,29 Jun 2023,EKART,34.64,delivered
SHP005839,ORD005839,2022-06-21,0000-00-00,Ekart,582.86,Lost
SHP005840,ORD005840,16/02/2023,2023/02/22,FedEx,358.27,Delayed
SHP005841,ORD005841,2022-10-08,09-10-2022,EKART,75.08,Lost
SHP005842,ORD005842,11 Oct 2022,2022-10-19,delhivery,477.89,delayed
SHP005843,ORD005843,19 May 2024,24-05-2024,DTDC,143.72,Returned to Origin
SHP005844,ORD005844,2024/05/04,08 May 2024,DTDC,195.17,Lost
SHP005845,ORD005845,07-05-2022,17/05/2022,XpressBees,266.22,Lost
SHP005846,ORD005846,2022/08/20,2022-08-27,XpressBees,482.61,Delayed
SHP005847,ORD005847,06 Jun 2024,06/08/2024,BlueDart,582.41,Returned to Origin
SHP005848,ORD005848,31 Jul 2022,07/08/2022,IndiaPost,383.48,In Transit
SHP005849,ORD005849,05/02/2022,11/02/2022,FedEx,371.96,Delayed
SHP005850,ORD005850,29-09-2024,02-10-2024,Delhivery,454.41,Delivered
SHP005851,ORD005851,2024-03-13,03/20/2024,FedEx,638.44,lost
SHP005852,ORD005852,23/06/2023,26-06-2023,bluedart,111.27,Delivered
SHP005853,ORD005853,06/16/2022,2022-06-19,XpressBees,196.06,In Transit
SHP005854,ORD005854,24 Feb 2023,,fedex,366.49,Lost
SHP005855,ORD005855,02 Mar 2024,06 Mar 2024,BlueDart,165.93,In Transit
SHP005856,ORD005856,09/10/2023,2023/09/11,BlueDart,760.63,Delayed
SHP005857,ORD005857,01/06/2024,2024/01/12,Delhivery,227.08,Lost
SHP005858,ORD005858,06 Feb 2022,2022-02-21,Ekart,149.06,Delayed
SHP005859,ORD005859,28 Jan 2022,12-02-2022,IndiaPost,245.82,RETURNED TO ORIGIN
SHP005860,ORD005860,2024/01/09,14-01-2024,DTDC,241.68,Delayed
SHP005861,ORD005861,11-08-2024,08/16/2024,IndiaPost,230.05,Lost
SHP005862,ORD005862,04/25/2023,2023-04-27,DTDC,125.47,Delivered
SHP005863,ORD005863,13/05/2023,2023/05/23,fedex,785.4,Lost
SHP005864,ORD005864,2023-10-05,2023-10-12,IndiaPost,525.32,In Transit
SHP005865,ORD005865,04-03-2022,2022-03-19,delhivery,479.07,lost
SHP005866,ORD005866,10/10/2022,14 Oct 2022,IndiaPost,444.16,Lost
SHP005867,ORD005867,15/01/2023,2023/01/17,DELHIVERY,69.58,Lost
SHP005868,ORD005868,2023/10/08,2023/10/13,Ekart,508.26,Returned to Origin
SHP005869,ORD005869,11/24/2024,0000-00-00,DELHIVERY,399.06,In Transit
SHP005870,ORD005870,03-03-2022,08-03-2022,FedEx,818.73,Delivered
SHP005871,ORD005871,2022/01/30,2022/02/06,XpressBees,592.29,Delayed
SHP005872,ORD005872,11/08/2022,18/11/2022,IndiaPost,456.99,LOST
SHP005873,ORD005873,23/10/2023,31 Oct 2023,BlueDart,795.28,delivered
SHP005874,ORD005874,28 Dec 2022,2023-01-04,ekart,199.72,Delayed
SHP005875,ORD005875,2022/12/19,26/12/2022,Delhivery,457.65,lost
SHP005876,ORD005876,2023-03-07,2023/03/15,DELHIVERY,655.23,Returned to Origin
SHP005877,ORD005877,2024-07-16,07/23/2024,indiapost,93.68,Delivered
SHP005878,ORD005878,04/04/2023,2023-04-09,FedEx,668.68,delayed
SHP005879,ORD005879,2024/12/30,2025-01-07,IndiaPost,558.34,Returned to Origin
SHP005880,ORD005880,,2023-05-21,XPRESSBEES,228.96,Lost
SHP005881,ORD005881,07/26/2023,28-07-2023,BlueDart,232.38,delayed
SHP005882,ORD005882,21/02/2024,2024/02/29,BlueDart,51.11,returned to origin
SHP005883,ORD005883,10 Jun 2022,20 Jun 2022,FedEx,390.24,Lost
SHP005884,ORD005884,02/09/2022,17-02-2022,Ekart,760.08,Lost
SHP005885,ORD005885,27-06-2022,30/06/2022,Ekart,474.72,lost
SHP005886,ORD005886,01/08/2023,2023/01/18,XpressBees,330.61,In Transit
SHP005887,ORD005887,2023/01/05,08/01/2023,IndiaPost,684.43,DELIVERED
SHP005888,ORD005888,20-04-2024,04/23/2024,Ekart,464.54,IN TRANSIT
SHP005889,ORD005889,2022/09/13,19-09-2022,XpressBees,305.67,Delayed
SHP005890,ORD005890,2022-03-11,12 Mar 2022,BlueDart,62.42,Returned to Origin
SHP005891,ORD005891,2024-01-03,09 Jan 2024,FedEx,663.87,Delayed
SHP005892,ORD005892,30-01-2024,01/31/2024,BlueDart,179.77,Delivered
SHP005893,ORD005893,06/06/2022,2022-06-14,FedEx,143.66,Lost
SHP005894,ORD005894,06/20/2023,2023/06/30,Delhivery,684.54,Delivered
SHP005895,ORD005895,10/05/2024,13-05-2024,Ekart,875.98,In Transit
SHP005896,ORD005896,29 Apr 2022,03/05/2022,IndiaPost,125.87,Delayed
SHP005897,ORD005897,03 Feb 2023,2023-02-06,BlueDart,340.74,In Transit
SHP005898,ORD005898,23-10-2023,02 Nov 2023,FEDEX,570.82,Returned to Origin
SHP005899,ORD005899,15 Oct 2024,2024/10/25,FedEx,289.45,lost
SHP005900,ORD005900,13-03-2023,03/21/2023,XPRESSBEES,567.35,in transit
SHP005901,ORD005901,2022/08/29,2022-09-03,ekart,208.1,In Transit
SHP005902,ORD005902,2022/06/30,2022-07-15,bluedart,282.69,Delayed
SHP005903,ORD005903,,15-05-2023,BlueDart,185.45,Delivered
SHP005904,ORD005904,2022/02/07,02/11/2022,delhivery,34.83,In Transit
SHP005905,ORD005905,07/12/2024,2024/12/10,Delhivery,227.94,Lost
SHP005906,ORD005906,12/06/2022,19/06/2022,Delhivery,250.64,Lost
SHP005907,ORD005907,06 Jul 2022,2022-07-08,IndiaPost,579.85,Delivered
SHP005908,ORD005908,11-01-2023,12 Jan 2023,BlueDart,819.02,In Transit
SHP005909,ORD005909,2023/02/12,2023-02-27,IndiaPost,893.03,LOST
SHP005910,ORD005910,16/04/2022,04/23/2022,fedex,629.77,In Transit
SHP005911,ORD005911,07/08/2023,2023-07-12,FEDEX,292.88,Lost
SHP005912,ORD005912,04-03-2024,08-03-2024,Delhivery,150.56,Returned to Origin
SHP005913,ORD005913,09/27/2022,2022-10-03,Delhivery,189.79,Returned to Origin
SHP005914,ORD005914,30-06-2024,2024/07/06,Ekart,163.87,Lost
SHP005915,ORD005915,06/18/2023,2023/06/26,DTDC,532.74,Delayed
SHP005916,ORD005916,13-05-2023,05/21/2023,FedEx,688.08,Delayed
SHP005917,ORD005917,22-12-2023,2024-01-01,IndiaPost,829.34,Delivered
SHP005918,ORD005918,02 Sep 2023,0000-00-00,Ekart,161.23,RETURNED TO ORIGIN
SHP005919,ORD005919,2022-12-28,01/07/2023,dtdc,442.0,Returned to Origin
SHP005920,ORD005920,26 Oct 2022,30-10-2022,IndiaPost,268.16,returned to origin
SHP005921,ORD005921,2024/01/31,03 Feb 2024,XpressBees,93.07,Returned to Origin
SHP005922,ORD005922,2023-11-04,14 Nov 2023,fedex,119.89,Delayed
SHP005923,ORD005923,26 Dec 2022,12/27/2022,Ekart,111.19,Delivered
SHP005924,ORD005924,01/18/2023,2023-01-25,FEDEX,188.94,Returned to Origin
SHP005925,ORD005925,12-11-2022,2022/11/20,XPRESSBEES,,Lost
SHP005926,ORD005926,25 Aug 2024,08/28/2024,XpressBees,451.8,LOST
SHP005927,ORD005927,21/03/2024,28/03/2024,BLUEDART,446.52,Delivered
SHP005928,ORD005928,19-06-2024,21 Jun 2024,XpressBees,51.18,Returned to Origin
SHP005929,ORD005929,2023-12-24,2023-12-29,FedEx,656.38,LOST
SHP005930,ORD005930,12 Jan 2024,01/15/2024,DTDC,309.09,In Transit
SHP005931,ORD005931,04 Feb 2023,02/11/2023,DTDC,609.02,IN TRANSIT
SHP005932,ORD005932,17 Sep 2022,0000-00-00,FedEx,462.81,Returned to Origin
SHP005933,ORD005933,2023/07/26,2023/07/31,DTDC,412.93,Delivered
SHP005934,ORD005934,2022-08-17,2022/08/25,BlueDart,159.49,Delayed
SHP005935,ORD005935,04/07/2022,2022-04-10,XpressBees,520.8,Delivered
SHP005936,ORD005936,2022-07-07,2022-07-22,delhivery,323.43,In Transit
SHP005937,ORD005937,12/11/2022,15 Nov 2022,IndiaPost,133.06,Returned to Origin
SHP005938,ORD005938,07/06/2023,2023-07-07,BlueDart,615.03,Returned to Origin
SHP005939,ORD005939,08-04-2024,2024-04-11,DTDC,689.93,Delayed
SHP005940,ORD005940,2024-11-23,2024/11/24,BlueDart,286.49,Delayed
SHP005941,ORD005941,2022/07/10,20 Jul 2022,Ekart,480.51,Delayed
SHP005942,ORD005942,13 Mar 2023,2023-03-19,FedEx,654.0,Returned to Origin
SHP005943,ORD005943,2022/08/07,10 Aug 2022,XpressBees,618.99,Returned to Origin
SHP005944,ORD005944,06 Nov 2022,10/11/2022,IndiaPost,544.01,Delayed
SHP005945,ORD005945,10/10/2023,10/13/2023,BlueDart,674.95,LOST
SHP005946,ORD005946,13-06-2023,16-06-2023,BLUEDART,,DELAYED
SHP005947,ORD005947,11-06-2024,12 Jun 2024,IndiaPost,739.55,Returned to Origin
SHP005948,ORD005948,06 Jan 2022,01/09/2022,XpressBees,195.73,in transit
SHP005949,ORD005949,11/08/2022,21 Aug 2022,fedex,346.52,In Transit
SHP005950,ORD005950,09/08/2023,09/09/2023,BlueDart,208.4,Lost
SHP005951,ORD005951,10/21/2024,24 Oct 2024,FedEx,52.74,Returned to Origin
SHP005952,ORD005952,2022-04-22,25/04/2022,Ekart,301.35,Delayed
SHP005953,ORD005953,01/01/2024,2024/01/16,DTDC,360.56,In Transit
SHP005954,ORD005954,28/07/2022,07-08-2022,BlueDart,871.62,Delayed
SHP005955,ORD005955,08-03-2024,18 Mar 2024,FedEx,892.56,Lost
SHP005956,ORD005956,31/03/2023,2023-04-05,Ekart,600.62,In Transit
SHP005957,ORD005957,2022/11/27,2022-12-07,BlueDart,546.84,in transit
SHP005958,ORD005958,2024-10-31,04 Nov 2024,FedEx,150.44,Returned to Origin
SHP005959,ORD005959,07-10-2022,17 Oct 2022,indiapost,752.87,Returned to Origin
SHP005960,ORD005960,10/10/2024,10/13/2024,IndiaPost,193.54,Returned to Origin
SHP005961,ORD005961,29-06-2023,01-07-2023,BlueDart,323.59,DELAYED
SHP005962,ORD005962,2022-08-21,08/24/2022,Ekart,448.02,Returned to Origin
SHP005963,ORD005963,12/05/2024,2024/12/08,XpressBees,722.32,Delayed
SHP005964,ORD005964,2022-03-08,2022-03-18,DTDC,540.47,IN TRANSIT
SHP005965,ORD005965,2022/03/18,2022/03/21,IndiaPost,890.4,Delayed
SHP005966,ORD005966,17-04-2022,20/04/2022,DTDC,112.02,Delivered
SHP005967,ORD005967,2022/08/12,08/13/2022,Ekart,458.3,DELIVERED
SHP005968,ORD005968,2022/07/26,01-08-2022,BlueDart,469.05,Delivered
SHP005969,ORD005969,2024-01-30,2024-02-01,bluedart,745.72,Delayed
SHP005970,ORD005970,28 Jun 2022,03/07/2022,BlueDart,413.73,Lost
SHP005971,ORD005971,2024-05-17,2024-06-01,DTDC,370.57,In Transit
SHP005972,ORD005972,07-11-2022,09 Nov 2022,dtdc,548.89,Delayed
SHP005973,ORD005973,22-03-2022,30/03/2022,DTDC,256.74,LOST
SHP005974,ORD005974,,2022/03/09,xpressbees,118.29,Delivered
SHP005975,ORD005975,12-08-2023,08/15/2023,fedex,249.16,Delayed
SHP005976,ORD005976,09/11/2023,2023/11/10,IndiaPost,525.13,Delivered
SHP005977,ORD005977,11/09/2023,14 Sep 2023,INDIAPOST,406.25,delayed
SHP005978,ORD005978,2024/08/20,28 Aug 2024,IndiaPost,372.33,Delivered
SHP005979,ORD005979,2024/06/05,06 Jun 2024,ekart,125.42,Returned to Origin
SHP005980,ORD005980,09/05/2024,08/09/2024,Ekart,190.9,Delayed
SHP005981,ORD005981,05/11/2023,05/18/2023,indiapost,812.75,Lost
SHP005982,ORD005982,14-09-2023,20-09-2023,XpressBees,55.89,Delivered
SHP005983,ORD005983,07/12/2022,12/13/2022,Ekart,718.97,Returned to Origin
SHP005984,ORD005984,11/16/2022,2022/11/20,XpressBees,,Delayed
SHP005985,ORD005985,2022-06-13,14/06/2022,FedEx,404.26,Returned to Origin
SHP005986,ORD005986,30 Jan 2022,07-02-2022,XpressBees,459.46,lost
SHP005987,ORD005987,01-09-2023,06-09-2023,ekart,203.42,Delayed
SHP005988,ORD005988,02 Apr 2024,05 Apr 2024,Ekart,694.26,In Transit
SHP005989,ORD005989,2024/07/19,2024-08-03,DTDC,608.91,Delivered
SHP005990,ORD005990,09/03/2022,03/15/2022,ekart,344.97,Returned to Origin
SHP005991,ORD005991,2022-02-17,0000-00-00,IndiaPost,520.52,In Transit
SHP005992,ORD005992,02-05-2023,2023/05/10,delhivery,493.61,Returned to Origin
SHP005993,ORD005993,2024/05/08,2024-05-15,IndiaPost,293.3,Returned to Origin
SHP005994,ORD005994,20 Mar 2022,23-03-2022,DTDC,668.97,Delivered
SHP005995,ORD005995,26/08/2023,31 Aug 2023,IndiaPost,167.63,Delivered
SHP005996,ORD005996,21/10/2022,2022/10/23,IndiaPost,771.4,RETURNED TO ORIGIN
SHP005997,ORD005997,26/12/2022,0000-00-00,xpressbees,559.0,In Transit
SHP005998,ORD005998,29-07-2024,2024/08/06,IndiaPost,347.62,delivered
SHP005999,ORD005999,,17 Jul 2023,XpressBees,634.02,In Transit
SHP006000,ORD006000,06 Jan 2023,14/01/2023,EKART,814.05,Delayed
SHP006001,ORD006001,2022-12-06,11 Dec 2022,DTDC,698.81,Delayed
SHP006002,ORD006002,2024/01/24,0000-00-00,IndiaPost,78.86,IN TRANSIT
SHP006003,ORD006003,07/21/2024,08/05/2024,Delhivery,561.34,Delivered
SHP006004,ORD006004,2023-10-12,27-10-2023,fedex,236.92,Delayed
SHP006005,ORD006005,2024/09/24,10/09/2024,BlueDart,391.82,Lost
SHP006006,ORD006006,11/30/2023,02/12/2023,BlueDart,449.8,Lost
SHP006007,ORD006007,05/06/2022,2022/06/06,IndiaPost,374.85,RETURNED TO ORIGIN
SHP006008,ORD006008,11 Apr 2024,04/18/2024,BlueDart,475.59,Returned to Origin
SHP006009,ORD006009,2023-11-30,04 Dec 2023,dtdc,48.68,Delivered
SHP006010,ORD006010,11/05/2023,05/17/2023,ekart,420.82,Returned to Origin
SHP006011,ORD006011,28-02-2023,10 Mar 2023,BlueDart,859.91,Delayed
SHP006012,ORD006012,15-12-2024,30 Dec 2024,Delhivery,293.12,Returned to Origin
SHP006013,ORD006013,12/11/2023,12/17/2023,FedEx,612.38,IN TRANSIT
SHP006014,ORD006014,2022/12/06,2022-12-11,DTDC,265.34,RETURNED TO ORIGIN
SHP006015,ORD006015,01/11/2022,26-01-2022,FedEx,81.68,IN TRANSIT
SHP006016,ORD006016,2023-02-17,2023-02-25,XpressBees,69.21,lost
SHP006017,ORD006017,2024/06/12,2024/06/15,DTDC,287.03,delayed
SHP006018,ORD006018,2023-06-10,14 Jun 2023,DTDC,644.39,LOST
SHP006019,ORD006019,05/27/2023,06/01/2023,DTDC,751.71,Returned to Origin
SHP006020,ORD006020,12 Jun 2023,15/06/2023,FEDEX,871.77,DELAYED
SHP006021,ORD006021,12-02-2024,2024-02-17,XpressBees,99.44,Returned to Origin
SHP006022,ORD006022,,2022/03/13,IndiaPost,454.15,Delayed
SHP006023,ORD006023,10-05-2023,11-05-2023,xpressbees,,DELIVERED
SHP006024,ORD006024,21-08-2024,25 Aug 2024,Delhivery,430.03,Delayed
SHP006025,ORD006025,03/10/2023,13/10/2023,Delhivery,551.14,Lost
SHP006026,ORD006026,2022-07-20,2022-07-25,IndiaPost,822.09,Delivered
SHP006027,ORD006027,2022-05-17,2022-06-01,DTDC,807.83,Returned to Origin
SHP006028,ORD006028,11/11/2023,11/21/2023,bluedart,166.68,Delivered
SHP006029,ORD006029,18-05-2024,2024-05-24,FedEx,169.64,Delivered
SHP006030,ORD006030,17 Jul 2023,21/07/2023,bluedart,773.72,DELAYED
SHP006031,ORD006031,2022-02-26,2022/03/08,delhivery,318.62,IN TRANSIT
SHP006032,ORD006032,22/03/2023,2023-03-30,BlueDart,537.44,Delayed
SHP006033,ORD006033,2022/08/03,06-08-2022,FedEx,890.8,Delivered
SHP006034,ORD006034,13 Sep 2024,09/18/2024,DTDC,697.48,Delivered
SHP006035,ORD006035,10 Jan 2022,0000-00-00,BlueDart,267.7,in transit
SHP006036,ORD006036,11/23/2023,2023/11/29,FedEx,75.18,In Transit
SHP006037,ORD006037,12/03/2024,04/12/2024,XpressBees,297.77,Lost
SHP006038,ORD006038,2023/09/07,15-09-2023,DTDC,216.3,Delayed
SHP006039,ORD006039,08 Dec 2023,18 Dec 2023,bluedart,172.14,Delivered
SHP006040,ORD006040,01-11-2022,2022-11-07,Delhivery,516.57,Returned to Origin
SHP006041,ORD006041,2022/10/09,10/17/2022,IndiaPost,225.66,DELAYED
SHP006042,ORD006042,06/13/2023,28/06/2023,XpressBees,235.59,Lost
SHP006043,ORD006043,2022/07/21,26/07/2022,XpressBees,409.73,In Transit
SHP006044,ORD006044,01/31/2023,2023/02/05,XpressBees,896.48,Delayed
SHP006045,ORD006045,04-04-2023,2023/04/07,IndiaPost,866.5,Delivered
SHP006046,ORD006046,18 Jul 2024,20-07-2024,BlueDart,372.58,Delivered
SHP006047,ORD006047,07/21/2022,29-07-2022,DTDC,681.94,delivered
SHP006048,ORD006048,07/08/2023,2023-08-10,DTDC,68.77,delayed
SHP006049,ORD006049,2022/08/10,25-08-2022,DTDC,396.35,Delivered
SHP006050,ORD006050,10/24/2024,03 Nov 2024,FedEx,473.01,Lost
SHP006051,ORD006051,30-09-2022,2022/10/02,delhivery,154.13,Lost
SHP006052,ORD006052,2023/03/11,15-03-2023,delhivery,763.92,Delivered
SHP006053,ORD006053,13 Apr 2022,,dtdc,263.37,DELIVERED
SHP006054,ORD006054,2024-04-17,19/04/2024,dtdc,239.59,In Transit
SHP006055,ORD006055,2024/12/08,16-12-2024,BLUEDART,805.65,Lost
SHP006056,ORD006056,07/25/2022,09 Aug 2022,Ekart,33.35,Delivered
SHP006057,ORD006057,2022/05/20,27/05/2022,BlueDart,296.45,delivered
SHP006058,ORD006058,26-03-2024,2024/03/29,FedEx,308.91,Delayed
SHP006059,ORD006059,0000-00-00,31/05/2023,BlueDart,199.95,Lost
SHP006060,ORD006060,07/27/2023,2023-07-28,DTDC,724.0,Delivered
SHP006061,ORD006061,22-06-2023,2023/06/30,FedEx,261.62,Returned to Origin
SHP006062,ORD006062,01 Feb 2022,2022-02-04,dtdc,505.71,delivered
SHP006063,ORD006063,21 Jul 2022,24-07-2022,dtdc,548.56,In Transit
SHP006064,ORD006064,19-04-2022,21 Apr 2022,DTDC,505.64,Delayed
SHP006065,ORD006065,01/05/2022,08-01-2022,IndiaPost,582.49,lost
SHP006066,ORD006066,27/03/2022,2022/03/28,Ekart,641.21,RETURNED TO ORIGIN
SHP006067,ORD006067,06/10/2022,2022/10/13,INDIAPOST,676.55,Returned to Origin
SHP006068,ORD006068,0000-00-00,2023/11/02,DTDC,304.62,In Transit
SHP006069,ORD006069,2024/05/13,2024-05-17,ekart,40.26,delivered
SHP006070,ORD006070,28/02/2024,14 Mar 2024,DELHIVERY,294.8,RETURNED TO ORIGIN
SHP006071,ORD006071,26/06/2022,2022-06-29,EKART,184.5,Returned to Origin
SHP006072,ORD006072,01/23/2022,2022-01-28,delhivery,726.21,Delayed
SHP006073,ORD006073,12/07/2023,15 Jul 2023,FedEx,796.8,Returned to Origin
SHP006074,ORD006074,01/15/2022,2022-01-23,xpressbees,338.59,lost
SHP006075,ORD006075,2024-06-27,07-07-2024,DTDC,702.13,Returned to Origin
SHP006076,ORD006076,29/06/2024,01 Jul 2024,FedEx,406.48,Delivered
SHP006077,ORD006077,01/04/2022,2022-01-11,BlueDart,588.92,DELAYED
SHP006078,ORD006078,2024-01-27,2024/02/03,XpressBees,424.22,Lost
SHP006079,ORD006079,05 Feb 2023,2023-02-11,BlueDart,878.1,Returned to Origin
SHP006080,ORD006080,10/04/2024,2024/10/12,ekart,575.68,Delayed
SHP006081,ORD006081,2024/07/07,14 Jul 2024,FedEx,529.2,Returned to Origin
SHP006082,ORD006082,02/09/2023,15-02-2023,IndiaPost,233.13,In Transit
SHP006083,ORD006083,03 Oct 2022,2022-10-07,DTDC,511.9,Delivered
SHP006084,ORD006084,2022-09-25,10/01/2022,INDIAPOST,227.41,DELIVERED
SHP006085,ORD006085,2022/02/03,2022/02/07,EKART,147.21,In Transit
SHP006086,ORD006086,2023-07-10,13/07/2023,XPRESSBEES,257.88,Returned to Origin
SHP006087,ORD006087,20 May 2022,21 May 2022,EKART,614.54,delivered
SHP006088,ORD006088,2022-02-04,11-02-2022,XpressBees,770.36,Lost
SHP006089,ORD006089,2022/04/11,12/04/2022,Ekart,613.6,Delivered
SHP006090,ORD006090,04 Jul 2024,07-07-2024,XpressBees,465.99,Delivered
SHP006091,ORD006091,06/23/2022,25 Jun 2022,xpressbees,801.14,delivered
SHP006092,ORD006092,11/24/2023,27/11/2023,FEDEX,511.74,Delayed
SHP006093,ORD006093,2024-08-24,2024/08/31,fedex,793.79,Delivered
SHP006094,ORD006094,07-11-2024,11/12/2024,FedEx,424.63,Delayed
SHP006095,ORD006095,2023-02-01,2023/02/06,indiapost,527.48,Delayed
SHP006096,ORD006096,02/09/2023,,Delhivery,715.21,in transit
SHP006097,ORD006097,2023/09/14,17 Sep 2023,Ekart,359.23,RETURNED TO ORIGIN
SHP006098,ORD006098,15/03/2024,17-03-2024,ekart,479.26,delivered
SHP006099,ORD006099,31 Jul 2024,2024/08/07,Delhivery,762.62,In Transit
SHP006100,ORD006100,2022-01-16,,fedex,349.37,RETURNED TO ORIGIN
SHP006101,ORD006101,12/27/2023,2024/01/04,BlueDart,758.42,Delayed
SHP006102,ORD006102,08-11-2022,12 Nov 2022,Delhivery,169.63,Returned to Origin
SHP006103,ORD006103,07/16/2024,2024/07/31,BlueDart,556.38,In Transit
SHP006104,ORD006104,06 Nov 2023,11-11-2023,FedEx,209.35,returned to origin
SHP006105,ORD006105,06/30/2024,07-07-2024,FedEx,338.72,Returned to Origin
SHP006106,ORD006106,19-03-2022,2022-03-29,IndiaPost,99.64,LOST
SHP006107,ORD006107,2024/03/24,27/03/2024,Delhivery,759.88,Lost
SHP006108,ORD006108,11/16/2024,11/17/2024,BlueDart,208.64,DELAYED
SHP006109,ORD006109,2023-11-27,05/12/2023,EKART,220.12,Delayed
SHP006110,ORD006110,30-06-2023,04 Jul 2023,DTDC,562.35,Lost
SHP006111,ORD006111,2024-02-17,22 Feb 2024,DTDC,827.53,In Transit
SHP006112,ORD006112,06 May 2023,05/11/2023,Ekart,151.55,Lost
SHP006113,ORD006113,05/12/2023,2023/12/07,Delhivery,875.22,Delayed
SHP006114,ORD006114,2024/10/03,0000-00-00,Delhivery,335.92,Delivered
SHP006115,ORD006115,09/20/2023,25-09-2023,Ekart,681.87,in transit
SHP006116,ORD006116,01-10-2023,2023/10/03,BlueDart,648.21,In Transit
SHP006117,ORD006117,21/11/2024,11/26/2024,Delhivery,425.96,LOST
SHP006118,ORD006118,06-03-2024,08/03/2024,DTDC,636.73,DELAYED
SHP006119,ORD006119,10/13/2022,2022-10-14,DTDC,272.03,Lost
SHP006120,ORD006120,20/02/2024,23-02-2024,BlueDart,843.7,DELIVERED
SHP006121,ORD006121,29-03-2024,2024/04/01,DTDC,,Delivered
SHP006122,ORD006122,17/09/2024,2024/09/24,BLUEDART,75.11,In Transit
SHP006123,ORD006123,2024-05-09,05/19/2024,Delhivery,683.77,LOST
SHP006124,ORD006124,04/27/2024,04/30/2024,xpressbees,489.58,Delivered
SHP006125,ORD006125,2022-05-14,2022-05-22,Delhivery,774.5,Returned to Origin
SHP006126,ORD006126,28/01/2022,2022/02/03,Delhivery,577.12,LOST
SHP006127,ORD006127,29-09-2022,02/10/2022,DTDC,,LOST
SHP006128,ORD006128,28-12-2023,02/01/2024,XpressBees,200.55,Delivered
SHP006129,ORD006129,17/02/2022,2022/02/23,FedEx,525.03,in transit
SHP006130,ORD006130,2023/08/12,20-08-2023,BlueDart,532.87,lost
SHP006131,ORD006131,28 Sep 2022,13/10/2022,ekart,297.69,delivered
SHP006132,ORD006132,0000-00-00,22 Oct 2023,DTDC,779.58,In Transit
SHP006133,ORD006133,06 Nov 2022,13 Nov 2022,INDIAPOST,821.22,Lost
SHP006134,ORD006134,12/16/2023,2023/12/19,DTDC,230.09,lost
SHP006135,ORD006135,14-09-2022,2022-09-19,Delhivery,669.15,Delivered
SHP006136,ORD006136,02/09/2024,17/09/2024,XPRESSBEES,201.25,returned to origin
SHP006137,ORD006137,15 Jan 2023,2023-01-22,fedex,216.55,Delivered
SHP006138,ORD006138,08/28/2022,05-09-2022,BlueDart,586.33,lost
SHP006139,ORD006139,2024/09/11,2024-09-17,DTDC,152.8,DELAYED
SHP006140,ORD006140,07/07/2024,2024/07/22,bluedart,652.93,In Transit
SHP006141,ORD006141,31-03-2023,2023-04-15,dtdc,551.74,In Transit
SHP006142,ORD006142,17-11-2023,25-11-2023,Delhivery,59.01,Delivered
SHP006143,ORD006143,04-11-2022,08/11/2022,FedEx,310.44,Delivered
SHP006144,ORD006144,2022-03-12,17 Mar 2022,DTDC,870.52,LOST
SHP006145,ORD006145,05/07/2024,17 May 2024,fedex,581.2,Lost
SHP006146,ORD006146,08-06-2023,11-06-2023,DTDC,477.86,Returned to Origin
SHP006147,ORD006147,30/05/2023,02/06/2023,indiapost,220.89,In Transit
SHP006148,ORD006148,15 Nov 2023,22-11-2023,DTDC,553.77,Returned to Origin
SHP006149,ORD006149,29-07-2024,08/05/2024,FedEx,504.37,Returned to Origin
SHP006150,ORD006150,07/05/2024,07/12/2024,IndiaPost,795.43,Delayed
SHP006151,ORD006151,2022/01/09,19 Jan 2022,XpressBees,556.17,returned to origin
SHP006152,ORD006152,2023-02-07,11-02-2023,BlueDart,300.27,DELIVERED
SHP006153,ORD006153,2024/05/26,28-05-2024,xpressbees,139.91,Delayed
SHP006154,ORD006154,19 Feb 2024,2024-02-27,Delhivery,308.79,Returned to Origin
SHP006155,ORD006155,18 May 2022,21 May 2022,Ekart,815.14,Returned to Origin
SHP006156,ORD006156,04/17/2022,0000-00-00,XpressBees,328.52,delivered
SHP006157,ORD006157,2023/07/20,07/24/2023,XpressBees,30.82,Delayed
SHP006158,ORD006158,2023/06/03,2023-06-09,FedEx,519.05,Delivered
SHP006159,ORD006159,2022-05-14,24/05/2022,Delhivery,225.26,Delayed
SHP006160,ORD006160,17/02/2022,02/19/2022,EKART,85.17,Delivered
SHP006161,ORD006161,27-10-2023,2023/10/28,BlueDart,859.37,Delivered
SHP006162,ORD006162,2022-11-21,2022/11/28,bluedart,638.99,DELAYED
SHP006163,ORD006163,03/01/2023,01/08/2023,IndiaPost,708.62,Delayed
SHP006164,ORD006164,16-11-2024,12/01/2024,XpressBees,798.74,Lost
SHP006165,ORD006165,17/01/2023,22-01-2023,Ekart,42.81,Delayed
SHP006166,ORD006166,13/06/2023,28-06-2023,XpressBees,817.74,RETURNED TO ORIGIN
SHP006167,ORD006167,2022-07-24,2022/07/29,XpressBees,574.71,Lost
SHP006168,ORD006168,01/08/2022,16/01/2022,ekart,212.2,DELIVERED
SHP006169,ORD006169,04/28/2024,2024/05/04,INDIAPOST,663.63,Delayed
SHP006170,ORD006170,2023/11/06,10-11-2023,FEDEX,365.66,In Transit
SHP006171,ORD006171,17-01-2023,19-01-2023,FedEx,95.6,Delivered
SHP006172,ORD006172,2024/01/31,15/02/2024,ekart,51.35,Delivered
SHP006173,ORD006173,05 Mar 2022,2022/03/07,FEDEX,547.76,Lost
SHP006174,ORD006174,2023/07/06,2023-07-11,xpressbees,365.78,DELIVERED
SHP006175,ORD006175,06/24/2024,2024-07-09,BlueDart,372.69,Lost
SHP006176,ORD006176,10/08/2024,18-10-2024,Ekart,298.98,DELAYED
SHP006177,ORD006177,2024-05-14,2024/05/18,IndiaPost,317.61,IN TRANSIT
SHP006178,ORD006178,06/12/2022,2022/06/15,BlueDart,724.93,Returned to Origin
SHP006179,ORD006179,09/02/2024,08 Sep 2024,Ekart,816.04,Delivered
SHP006180,ORD006180,2022-02-17,18 Feb 2022,Delhivery,812.09,Returned to Origin
SHP006181,ORD006181,2024/08/04,08/12/2024,DTDC,507.71,Returned to Origin
SHP006182,ORD006182,2023-07-07,17-07-2023,dtdc,64.43,Delivered
SHP006183,ORD006183,2023-03-05,08-03-2023,Delhivery,203.31,Delayed
SHP006184,ORD006184,08/18/2024,28 Aug 2024,FedEx,865.43,Delayed
SHP006185,ORD006185,03/11/2023,14-03-2023,FedEx,826.16,In Transit
SHP006186,ORD006186,03/05/2024,2024-03-15,BlueDart,533.74,In Transit
SHP006187,ORD006187,2023-08-11,2023-08-21,FedEx,746.89,RETURNED TO ORIGIN
SHP006188,ORD006188,15/12/2024,12/19/2024,DELHIVERY,210.75,Delayed
SHP006189,ORD006189,28-11-2024,12/03/2024,XpressBees,893.29,In Transit
SHP006190,ORD006190,2022-09-26,2022/10/02,ekart,892.24,IN TRANSIT
SHP006191,ORD006191,05/14/2022,17/05/2022,FedEx,131.98,Delayed
SHP006192,ORD006192,11 May 2022,19 May 2022,Ekart,408.6,Delayed
SHP006193,ORD006193,26/12/2022,28-12-2022,Delhivery,872.52,Returned to Origin
SHP006194,ORD006194,2023/05/27,2023/06/02,Ekart,769.11,RETURNED TO ORIGIN
SHP006195,ORD006195,02/01/2024,08-01-2024,BlueDart,473.03,Delivered
SHP006196,ORD006196,22/07/2023,30/07/2023,FedEx,345.32,Returned to Origin
SHP006197,ORD006197,2023-04-04,07-04-2023,IndiaPost,167.97,Delivered
SHP006198,ORD006198,09/19/2023,04/10/2023,ekart,156.19,In Transit
SHP006199,ORD006199,10/03/2024,2024/03/15,EKART,646.19,delivered
SHP006200,ORD006200,2023/04/28,2023-05-02,XpressBees,444.38,Delayed
SHP006201,ORD006201,2023/02/14,20 Feb 2023,Delhivery,269.99,Lost
SHP006202,ORD006202,2024-12-21,23 Dec 2024,DTDC,431.77,Lost
SHP006203,ORD006203,2024-04-25,02 May 2024,ekart,629.78,IN TRANSIT
SHP006204,ORD006204,01-05-2023,11 May 2023,FEDEX,882.91,Delayed
SHP006205,ORD006205,2023-06-02,06/07/2023,IndiaPost,325.8,DELIVERED
SHP006206,ORD006206,2022-03-05,03/13/2022,FedEx,436.74,RETURNED TO ORIGIN
SHP006207,ORD006207,04 Sep 2023,09/09/2023,ekart,291.94,Returned to Origin
SHP006208,ORD006208,2023-08-12,,INDIAPOST,894.83,Delayed
SHP006209,ORD006209,2024-11-20,2024-11-26,IndiaPost,878.58,returned to origin
SHP006210,ORD006210,2024/10/03,10 Oct 2024,FedEx,255.91,Delayed
SHP006211,ORD006211,2023-09-16,2023-09-22,ekart,348.81,Lost
SHP006212,ORD006212,01-09-2023,09/06/2023,XpressBees,697.42,In Transit
SHP006213,ORD006213,05-02-2022,2022-02-11,BLUEDART,559.34,delayed
SHP006214,ORD006214,2024/06/22,25/06/2024,IndiaPost,76.32,Delivered
SHP006215,ORD006215,2022-04-01,04-04-2022,DTDC,289.91,Delayed
SHP006216,ORD006216,2023/01/13,15/01/2023,BlueDart,470.4,Delivered
SHP006217,ORD006217,07/02/2022,22/02/2022,delhivery,509.04,In Transit
SHP006218,ORD006218,,0000-00-00,fedex,101.85,Delivered
SHP006219,ORD006219,2023/03/03,18 Mar 2023,IndiaPost,890.31,In Transit
SHP006220,ORD006220,2024/01/17,2024-01-25,Ekart,853.96,In Transit
SHP006221,ORD006221,27 Oct 2023,02-11-2023,Delhivery,45.71,Delivered
SHP006222,ORD006222,02/15/2023,2023/02/18,delhivery,571.38,IN TRANSIT
SHP006223,ORD006223,24/09/2024,27 Sep 2024,XpressBees,617.47,lost
SHP006224,ORD006224,2024-12-13,2024-12-16,Delhivery,260.23,Lost
SHP006225,ORD006225,21-08-2023,2023-08-22,IndiaPost,102.57,In Transit
SHP006226,ORD006226,2023/11/28,01-12-2023,XpressBees,859.23,In Transit
SHP006227,ORD006227,13/09/2023,16 Sep 2023,XpressBees,788.79,In Transit
SHP006228,ORD006228,2024-08-21,05 Sep 2024,delhivery,397.27,Delayed
SHP006229,ORD006229,17/09/2024,21-09-2024,Delhivery,,In Transit
SHP006230,ORD006230,14/06/2022,2022/06/17,IndiaPost,420.72,DELAYED
SHP006231,ORD006231,,2024-08-15,BlueDart,533.78,Delivered
SHP006232,ORD006232,2023/05/15,2023-05-18,IndiaPost,102.17,Delayed
SHP006233,ORD006233,22/01/2023,2023/01/25,DTDC,455.59,Delivered
SHP006234,ORD006234,11/10/2022,12-10-2022,EKART,345.73,Delayed
SHP006235,ORD006235,02/21/2022,24/02/2022,fedex,86.65,returned to origin
SHP006236,ORD006236,20/05/2023,04-06-2023,Delhivery,560.04,Lost
SHP006237,ORD006237,29/03/2024,13 Apr 2024,DTDC,531.22,RETURNED TO ORIGIN
SHP006238,ORD006238,03-02-2024,06/02/2024,IndiaPost,338.89,In Transit
SHP006239,ORD006239,2022-07-09,14 Jul 2022,DTDC,866.93,Lost
SHP006240,ORD006240,12 Mar 2024,2024/03/19,bluedart,566.49,RETURNED TO ORIGIN
SHP006241,ORD006241,16/02/2024,2024-02-19,BlueDart,765.48,Lost
SHP006242,ORD006242,06/08/2024,08/14/2024,FEDEX,83.64,In Transit
SHP006243,ORD006243,07/26/2022,29/07/2022,DTDC,149.08,Returned to Origin
SHP006244,ORD006244,0000-00-00,07 Dec 2024,Delhivery,668.84,Lost
SHP006245,ORD006245,09-12-2024,12/10/2024,FEDEX,42.71,delivered
SHP006246,ORD006246,10/20/2022,2022-11-04,Delhivery,810.24,lost
SHP006247,ORD006247,,2022/02/06,BlueDart,242.24,In Transit
SHP006248,ORD006248,29 Mar 2022,04/06/2022,DELHIVERY,785.0,In Transit
SHP006249,ORD006249,2023-04-15,2023/04/18,Delhivery,192.19,Returned to Origin
SHP006250,ORD006250,2022/10/22,2022-10-30,Ekart,837.15,Returned to Origin
SHP006251,ORD006251,28-02-2024,03/02/2024,DTDC,328.62,Delayed
SHP006252,ORD006252,06/19/2024,25/06/2024,IndiaPost,118.31,Delayed
SHP006253,ORD006253,2023-06-06,2023-06-13,XpressBees,889.71,LOST
SHP006254,ORD006254,19/09/2022,2022-09-29,IndiaPost,866.55,IN TRANSIT
SHP006255,ORD006255,2024/08/18,2024/08/20,BlueDart,196.36,Returned to Origin
SHP006256,ORD006256,23-11-2024,26/11/2024,FedEx,189.85,Lost
SHP006257,ORD006257,2024/10/22,2024/10/26,delhivery,599.77,LOST
SHP006258,ORD006258,2024-07-04,2024/07/06,IndiaPost,527.85,Delivered
SHP006259,ORD006259,26/07/2024,27/07/2024,fedex,457.47,Returned to Origin
SHP006260,ORD006260,08/12/2022,2022/08/15,FedEx,631.71,Delayed
SHP006261,ORD006261,08/12/2022,08/27/2022,IndiaPost,329.95,Returned to Origin
SHP006262,ORD006262,28-09-2023,2023-09-29,delhivery,704.54,Delayed
SHP006263,ORD006263,2023-10-11,2023/10/19,Ekart,530.73,Delayed
SHP006264,ORD006264,09 Aug 2022,08/12/2022,DTDC,475.75,lost
SHP006265,ORD006265,2024-12-31,15-01-2025,Delhivery,857.12,Delivered
SHP006266,ORD006266,06/07/2023,16-07-2023,BlueDart,633.87,Delivered
SHP006267,ORD006267,04 Oct 2023,0000-00-00,DTDC,35.38,delayed
SHP006268,ORD006268,29/08/2024,2024-09-04,XPRESSBEES,219.66,In Transit
SHP006269,ORD006269,24-08-2024,08/29/2024,BLUEDART,406.55,Returned to Origin
SHP006270,ORD006270,2022/04/22,25 Apr 2022,XpressBees,477.18,IN TRANSIT
SHP006271,ORD006271,2024-07-11,18-07-2024,FedEx,315.07,Delayed
SHP006272,ORD006272,08-07-2024,11-07-2024,DTDC,358.62,delivered
SHP006273,ORD006273,10 Jun 2024,2024-06-11,XpressBees,47.03,Delayed
SHP006274,ORD006274,13/11/2022,2022/11/14,bluedart,128.93,Lost
SHP006275,ORD006275,04-02-2023,,IndiaPost,193.74,Lost
SHP006276,ORD006276,2022/06/25,2022/07/03,XpressBees,625.25,In Transit
SHP006277,ORD006277,2022-07-11,2022-07-26,bluedart,244.39,in transit
SHP006278,ORD006278,2022-05-25,2022/05/30,IndiaPost,31.52,lost
SHP006279,ORD006279,2022-05-27,03 Jun 2022,fedex,106.27,Lost
SHP006280,ORD006280,0000-00-00,,fedex,860.67,returned to origin
SHP006281,ORD006281,2023-05-18,05/21/2023,Delhivery,192.05,delayed
SHP006282,ORD006282,2024-11-11,16 Nov 2024,DTDC,580.62,lost
SHP006283,ORD006283,2023/06/12,2023/06/27,XpressBees,47.19,Returned to Origin
SHP006284,ORD006284,28/11/2023,12/06/2023,FedEx,32.88,Returned to Origin
SHP006285,ORD006285,2023/01/13,19 Jan 2023,Delhivery,562.73,Delivered
SHP006286,ORD006286,14/06/2023,18-06-2023,BlueDart,84.72,DELIVERED
SHP006287,ORD006287,16 Jul 2023,2023-07-24,IndiaPost,725.25,IN TRANSIT
SHP006288,ORD006288,25/03/2022,2022/03/28,Delhivery,262.4,Delivered
SHP006289,ORD006289,31-03-2024,2024/04/08,Ekart,793.4,Lost
SHP006290,ORD006290,12/31/2023,15-01-2024,DTDC,212.12,DELAYED
SHP006291,ORD006291,2024-04-17,18 Apr 2024,IndiaPost,882.15,Delayed
SHP006292,ORD006292,2022-12-22,25 Dec 2022,DTDC,282.15,LOST
SHP006293,ORD006293,2023/11/10,13 Nov 2023,DTDC,855.64,returned to origin
SHP006294,ORD006294,25 Jul 2022,02-08-2022,IndiaPost,745.51,Returned to Origin
SHP006295,ORD006295,03/17/2022,24 Mar 2022,IndiaPost,721.23,In Transit
SHP006296,ORD006296,2024-11-09,11-11-2024,XpressBees,40.41,IN TRANSIT
SHP006297,ORD006297,01-10-2024,2024/10/04,Ekart,641.77,In Transit
SHP006298,ORD006298,18-03-2024,21/03/2024,BlueDart,897.64,returned to origin
SHP006299,ORD006299,2023-02-26,0000-00-00,BlueDart,690.85,In Transit
SHP006300,ORD006300,12/30/2024,2024-12-31,Ekart,237.27,delivered
SHP006301,ORD006301,20/07/2023,22/07/2023,delhivery,585.49,In Transit
SHP006302,ORD006302,2022-03-25,26 Mar 2022,XpressBees,488.41,Delayed
SHP006303,ORD006303,10 Apr 2022,12-04-2022,dtdc,819.57,Returned to Origin
SHP006304,ORD006304,22/06/2023,2023/06/25,FedEx,508.42,Delivered
SHP006305,ORD006305,22-05-2022,01-06-2022,DTDC,389.35,Delivered
SHP006306,ORD006306,2022-01-23,31/01/2022,BlueDart,355.87,Returned to Origin
SHP006307,ORD006307,16-02-2023,22-02-2023,delhivery,53.15,Delivered
SHP006308,ORD006308,2024-07-15,,FedEx,804.34,Delayed
SHP006309,ORD006309,27/05/2024,11-06-2024,IndiaPost,281.42,lost
SHP006310,ORD006310,2023/03/31,2023-04-02,DTDC,53.74,Delivered
SHP006311,ORD006311,2024/09/11,15 Sep 2024,XpressBees,535.3,IN TRANSIT
SHP006312,ORD006312,01 Mar 2023,2023/03/16,ekart,299.89,Returned to Origin
SHP006313,ORD006313,12/02/2023,12/03/2023,INDIAPOST,410.93,Returned to Origin
SHP006314,ORD006314,04/08/2024,13/04/2024,IndiaPost,392.07,In Transit
SHP006315,ORD006315,2024-06-27,12 Jul 2024,DELHIVERY,446.08,Lost
SHP006316,ORD006316,07 Jan 2023,01/13/2023,EKART,262.24,Delivered
SHP006317,ORD006317,18 Oct 2022,2022/10/22,DTDC,879.89,In Transit
SHP006318,ORD006318,,2023-06-08,XpressBees,381.0,delayed
SHP006319,ORD006319,2024-06-18,2024/07/03,IndiaPost,141.06,Returned to Origin
SHP006320,ORD006320,05/10/2024,12-10-2024,DELHIVERY,309.21,returned to origin
SHP006321,ORD006321,05 Sep 2023,2023/09/12,FedEx,155.34,RETURNED TO ORIGIN
SHP006322,ORD006322,03/20/2023,2023-03-23,BlueDart,310.3,in transit
SHP006323,ORD006323,2024/07/08,13 Jul 2024,indiapost,595.82,Lost
SHP006324,ORD006324,2023-07-09,16 Jul 2023,BLUEDART,440.28,In Transit
SHP006325,ORD006325,17-04-2024,20/04/2024,Delhivery,836.67,Delivered
SHP006326,ORD006326,23-08-2024,25 Aug 2024,FEDEX,115.76,In Transit
SHP006327,ORD006327,2022-06-15,20/06/2022,FedEx,344.23,Delivered
SHP006328,ORD006328,2022-02-22,2022-02-28,IndiaPost,732.71,In Transit
SHP006329,ORD006329,2022/10/06,0000-00-00,Ekart,93.47,In Transit
SHP006330,ORD006330,11/19/2024,11/20/2024,Ekart,328.28,Lost
SHP006331,ORD006331,16/04/2022,19-04-2022,DTDC,777.98,Delayed
SHP006332,ORD006332,09/24/2024,09/25/2024,FedEx,819.8,LOST
SHP006333,ORD006333,05/02/2022,2022-05-05,XpressBees,801.74,In Transit
SHP006334,ORD006334,17/12/2022,19-12-2022,BlueDart,145.37,IN TRANSIT
SHP006335,ORD006335,04/12/2023,2023/04/27,BlueDart,388.96,Lost
SHP006336,ORD006336,30/07/2024,02 Aug 2024,XpressBees,809.9,In Transit
SHP006337,ORD006337,2022/01/20,2022-01-25,Ekart,393.49,Lost
SHP006338,ORD006338,2023-01-05,12-01-2023,delhivery,506.98,Lost
SHP006339,ORD006339,2022-03-20,2022-03-30,Ekart,396.19,In Transit
SHP006340,ORD006340,17/07/2022,20 Jul 2022,Delhivery,423.57,In Transit
SHP006341,ORD006341,2024-05-17,,delhivery,899.48,Returned to Origin
SHP006342,ORD006342,2023-06-27,2023/07/12,DTDC,151.7,Lost
SHP006343,ORD006343,2023-12-06,12 Dec 2023,Ekart,714.3,In Transit
SHP006344,ORD006344,2022-03-31,03/04/2022,IndiaPost,150.55,IN TRANSIT
SHP006345,ORD006345,08/26/2023,08/31/2023,BlueDart,671.9,Delayed
SHP006346,ORD006346,20/11/2024,27-11-2024,Ekart,114.07,Delayed
SHP006347,ORD006347,20-04-2023,04/26/2023,FedEx,121.32,Returned to Origin
SHP006348,ORD006348,25/12/2022,04-01-2023,FedEx,288.15,Returned to Origin
SHP006349,ORD006349,28 Apr 2022,2022-05-01,IndiaPost,536.13,In Transit
SHP006350,ORD006350,,08/03/2023,INDIAPOST,191.18,In Transit
SHP006351,ORD006351,04-01-2024,10 Jan 2024,IndiaPost,614.93,In Transit
SHP006352,ORD006352,12-12-2022,2022/12/14,Delhivery,573.75,RETURNED TO ORIGIN
SHP006353,ORD006353,0000-00-00,27/11/2024,Delhivery,575.87,Delayed
SHP006354,ORD006354,21/07/2023,23 Jul 2023,EKART,488.17,In Transit
SHP006355,ORD006355,2023/04/30,05/07/2023,BlueDart,96.8,Delayed
SHP006356,ORD006356,24 Mar 2023,03/25/2023,Delhivery,212.02,In Transit
SHP006357,ORD006357,27 Mar 2024,01/04/2024,Ekart,466.67,Lost
SHP006358,ORD006358,07/01/2022,04-07-2022,Ekart,367.09,DELAYED
SHP006359,ORD006359,17-05-2024,25 May 2024,fedex,696.63,Lost
SHP006360,ORD006360,09/12/2022,19/09/2022,BLUEDART,658.6,delivered
SHP006361,ORD006361,2022/10/08,10/09/2022,XpressBees,313.11,Delayed
SHP006362,ORD006362,2023/05/26,03-06-2023,Ekart,838.9,delayed
SHP006363,ORD006363,25-11-2023,28 Nov 2023,IndiaPost,,Returned to Origin
SHP006364,ORD006364,,2022/03/19,IndiaPost,672.16,Returned to Origin
SHP006365,ORD006365,08/06/2022,2022-06-11,Delhivery,199.68,In Transit
SHP006366,ORD006366,05/05/2022,06 May 2022,DTDC,895.22,Returned to Origin
SHP006367,ORD006367,12/09/2022,2022-12-12,INDIAPOST,,In Transit
SHP006368,ORD006368,25 Oct 2023,29-10-2023,Delhivery,362.07,Lost
SHP006369,ORD006369,16/12/2024,2024-12-26,delhivery,609.22,Lost
SHP006370,ORD006370,18 Jun 2022,21 Jun 2022,BlueDart,372.94,In Transit
SHP006371,ORD006371,22/11/2024,02 Dec 2024,xpressbees,289.53,Lost
SHP006372,ORD006372,13-08-2023,2023/08/28,xpressbees,656.9,IN TRANSIT
SHP006373,ORD006373,2022/02/26,03/13/2022,Delhivery,865.32,In Transit
SHP006374,ORD006374,05/12/2023,2023/12/20,XpressBees,407.17,Returned to Origin
SHP006375,ORD006375,2024/11/26,04/12/2024,delhivery,822.71,Lost
SHP006376,ORD006376,22/12/2022,2022-12-27,Delhivery,842.1,Returned to Origin
SHP006377,ORD006377,10-12-2024,14/12/2024,BLUEDART,69.42,Delayed
SHP006378,ORD006378,10/23/2024,24 Oct 2024,FedEx,774.06,Delayed
SHP006379,ORD006379,31/12/2022,2023/01/10,BlueDart,897.82,Returned to Origin
SHP006380,ORD006380,26 Oct 2022,2022/11/01,IndiaPost,609.5,Delivered
SHP006381,ORD006381,12 May 2024,05/20/2024,DTDC,202.57,Returned to Origin
SHP006382,ORD006382,2024/01/20,01/23/2024,FedEx,651.11,LOST
SHP006383,ORD006383,2022-11-14,2022-11-17,ekart,870.78,Lost
SHP006384,ORD006384,2022/10/16,17/10/2022,FEDEX,647.48,Delivered
SHP006385,ORD006385,0000-00-00,2024/09/10,delhivery,361.81,LOST
SHP006386,ORD006386,23-06-2024,,Ekart,539.05,In Transit
SHP006387,ORD006387,20 Nov 2023,2023-11-28,dtdc,325.91,in transit
SHP006388,ORD006388,2022-05-20,23-05-2022,Delhivery,233.72,in transit
SHP006389,ORD006389,06 May 2023,11/05/2023,XpressBees,659.32,Delayed
SHP006390,ORD006390,2022-07-10,07/13/2022,IndiaPost,726.88,Delivered
SHP006391,ORD006391,2024-08-22,26/08/2024,Delhivery,277.82,Delayed
SHP006392,ORD006392,20-02-2023,23 Feb 2023,FedEx,522.57,lost
SHP006393,ORD006393,18-12-2023,24/12/2023,DTDC,250.75,Delivered
SHP006394,ORD006394,,28/07/2022,DTDC,874.78,Returned to Origin
SHP006395,ORD006395,07/27/2024,02 Aug 2024,Ekart,625.83,Delayed
SHP006396,ORD006396,2024-01-15,2024/01/18,XpressBees,344.54,Lost
SHP006397,ORD006397,07 Mar 2022,,Ekart,859.48,Delayed
SHP006398,ORD006398,01/18/2024,01/19/2024,Delhivery,345.46,In Transit
SHP006399,ORD006399,01/31/2024,03/02/2024,DTDC,430.49,In Transit
SHP006400,ORD006400,2024-02-21,23/02/2024,Ekart,844.59,Lost
SHP006401,ORD006401,01/04/2023,06-01-2023,indiapost,437.56,lost
SHP006402,ORD006402,,2024-04-07,FedEx,809.5,Delayed
SHP006403,ORD006403,2023/08/31,03 Sep 2023,BlueDart,864.92,Delayed
SHP006404,ORD006404,25-02-2023,27 Feb 2023,fedex,653.98,Delayed
SHP006405,ORD006405,19/08/2024,2024-08-23,BLUEDART,369.05,DELIVERED
SHP006406,ORD006406,11/29/2023,12/02/2023,INDIAPOST,181.92,In Transit
SHP006407,ORD006407,13 Apr 2024,2024-04-15,BlueDart,,Returned to Origin
SHP006408,ORD006408,03 May 2023,13-05-2023,INDIAPOST,401.8,Delivered
SHP006409,ORD006409,2023-09-28,2023/10/01,delhivery,733.05,In Transit
SHP006410,ORD006410,03/26/2023,01/04/2023,DELHIVERY,159.66,Delayed
SHP006411,ORD006411,2022-08-08,2022-08-09,FedEx,367.23,In Transit
SHP006412,ORD006412,06 Oct 2024,11/10/2024,BlueDart,313.38,In Transit
SHP006413,ORD006413,08/16/2024,2024-08-20,Ekart,550.78,Lost
SHP006414,ORD006414,2023/02/07,02/15/2023,Ekart,853.84,In Transit
SHP006415,ORD006415,2024-07-16,2024-07-26,DTDC,454.37,LOST
SHP006416,ORD006416,10/14/2022,15/10/2022,DELHIVERY,681.21,Delayed
SHP006417,ORD006417,2022-03-01,02 Mar 2022,Delhivery,699.39,Delivered
SHP006418,ORD006418,2022-12-24,27-12-2022,Ekart,821.33,Delivered
SHP006419,ORD006419,20-04-2022,04/26/2022,DTDC,74.07,delayed
SHP006420,ORD006420,2022-03-05,13-03-2022,INDIAPOST,353.01,Returned to Origin
SHP006421,ORD006421,05/05/2022,13-05-2022,Ekart,549.1,Returned to Origin
SHP006422,ORD006422,27/02/2023,02-03-2023,DTDC,329.95,RETURNED TO ORIGIN
SHP006423,ORD006423,12/22/2022,2022-12-25,Ekart,812.23,Lost
SHP006424,ORD006424,2024/01/04,10/01/2024,bluedart,709.55,Lost
SHP006425,ORD006425,07/31/2024,10 Aug 2024,delhivery,764.91,Delayed
SHP006426,ORD006426,2024-03-23,03/24/2024,Delhivery,219.78,Lost
SHP006427,ORD006427,2022/04/16,26/04/2022,XpressBees,598.64,In Transit
SHP006428,ORD006428,09/09/2024,13/09/2024,Ekart,447.48,In Transit
SHP006429,ORD006429,05/08/2024,11-08-2024,Delhivery,797.18,Returned to Origin
SHP006430,ORD006430,2024/07/13,07/14/2024,FedEx,519.85,In Transit
SHP006431,ORD006431,01/21/2022,2022-01-27,IndiaPost,520.6,DELIVERED
SHP006432,ORD006432,02 Jun 2024,10/06/2024,IndiaPost,134.51,In Transit
SHP006433,ORD006433,12/06/2023,,Delhivery,681.24,IN TRANSIT
SHP006434,ORD006434,06 Oct 2024,10/08/2024,IndiaPost,62.72,In Transit
SHP006435,ORD006435,2024/03/03,03/09/2024,XpressBees,586.26,delayed
SHP006436,ORD006436,05/04/2022,06/04/2022,EKART,772.37,Delayed
SHP006437,ORD006437,02/03/2023,18-02-2023,xpressbees,651.48,Delivered
SHP006438,ORD006438,03-03-2023,09 Mar 2023,IndiaPost,892.25,in transit
SHP006439,ORD006439,07/24/2022,07/31/2022,IndiaPost,316.78,Lost
SHP006440,ORD006440,2024/04/03,04/10/2024,Delhivery,370.72,LOST
SHP006441,ORD006441,20/11/2023,2023/11/22,XpressBees,490.46,delivered
SHP006442,ORD006442,04 Oct 2022,09 Oct 2022,XpressBees,331.91,In Transit
SHP006443,ORD006443,2023/09/14,17/09/2023,EKART,77.9,Delivered
SHP006444,ORD006444,09 Sep 2023,11-09-2023,DTDC,405.8,Delayed
SHP006445,ORD006445,27/02/2024,02/28/2024,Ekart,762.38,Lost
SHP006446,ORD006446,14 Dec 2023,17/12/2023,Ekart,233.82,Lost
SHP006447,ORD006447,29 Jun 2024,02/07/2024,BlueDart,464.12,DELIVERED
SHP006448,ORD006448,2024-12-22,30 Dec 2024,bluedart,390.2,Returned to Origin
SHP006449,ORD006449,2023-09-30,10/03/2023,BLUEDART,715.95,Lost
SHP006450,ORD006450,21-08-2024,,BlueDart,560.45,DELIVERED
SHP006451,ORD006451,2022-12-31,01/07/2023,XPRESSBEES,35.58,Lost
SHP006452,ORD006452,2023/10/08,2023/10/11,IndiaPost,755.47,Returned to Origin
SHP006453,ORD006453,21-04-2023,27-04-2023,IndiaPost,736.08,Delivered
SHP006454,ORD006454,21/10/2023,10/23/2023,XPRESSBEES,604.23,Returned to Origin
SHP006455,ORD006455,2024-07-05,15-07-2024,XpressBees,83.0,delayed
SHP006456,ORD006456,21 Feb 2023,2023/03/03,DTDC,353.72,LOST
SHP006457,ORD006457,05/02/2024,05 May 2024,Ekart,497.29,Delivered
SHP006458,ORD006458,03/10/2023,2023-03-15,DTDC,456.39,DELAYED
SHP006459,ORD006459,17-06-2022,2022-06-27,Delhivery,89.29,returned to origin
SHP006460,ORD006460,04/01/2023,11/04/2023,INDIAPOST,548.21,Lost
SHP006461,ORD006461,06/10/2023,14/06/2023,DTDC,162.7,Returned to Origin
SHP006462,ORD006462,29/01/2022,03/02/2022,BlueDart,248.83,Lost
SHP006463,ORD006463,08/10/2023,08/20/2023,IndiaPost,221.51,Delayed
SHP006464,ORD006464,2024/10/16,2024/10/26,dtdc,225.35,Delayed
SHP006465,ORD006465,2023-07-14,2023-07-21,FedEx,36.94,Returned to Origin
SHP006466,ORD006466,04/09/2024,04/17/2024,Ekart,290.34,Lost
SHP006467,ORD006467,04 Jul 2023,14/07/2023,XpressBees,816.66,Delivered
SHP006468,ORD006468,02-11-2024,07 Nov 2024,BlueDart,250.64,Delivered
SHP006469,ORD006469,11/12/2022,2022-11-14,ekart,597.78,Returned to Origin
SHP006470,ORD006470,11/03/2022,2022-03-15,IndiaPost,756.58,Returned to Origin
SHP006471,ORD006471,11/20/2024,,Ekart,417.26,Returned to Origin
SHP006472,ORD006472,11-02-2024,18/02/2024,Ekart,698.99,Delivered
SHP006473,ORD006473,01-06-2024,2024-06-05,DELHIVERY,64.64,In Transit
SHP006474,ORD006474,2022/05/06,2022/05/11,IndiaPost,695.07,In Transit
SHP006475,ORD006475,2024/10/11,14/10/2024,IndiaPost,769.68,Lost
SHP006476,ORD006476,2022-09-13,28/09/2022,BlueDart,871.64,Lost
SHP006477,ORD006477,30-01-2023,01-02-2023,Ekart,294.69,In Transit
SHP006478,ORD006478,04/05/2022,08-04-2022,BlueDart,240.08,delayed
SHP006479,ORD006479,2024-11-11,12/11/2024,Delhivery,473.02,Delivered
SHP006480,ORD006480,2024/08/29,01 Sep 2024,xpressbees,802.4,Delayed
SHP006481,ORD006481,2024/09/11,2024/09/19,IndiaPost,767.28,Lost
SHP006482,ORD006482,22/05/2024,25 May 2024,DTDC,585.54,Lost
SHP006483,ORD006483,2024-06-07,17 Jun 2024,FedEx,673.33,Delivered
SHP006484,ORD006484,2023/08/07,08/10/2023,Delhivery,817.88,Lost
SHP006485,ORD006485,02/18/2022,02/21/2022,FedEx,306.31,Delayed
SHP006486,ORD006486,2023-04-20,2023/04/30,Delhivery,145.5,Lost
SHP006487,ORD006487,08/17/2022,18/08/2022,bluedart,895.05,RETURNED TO ORIGIN
SHP006488,ORD006488,2024/09/08,13/09/2024,BLUEDART,272.85,in transit
SHP006489,ORD006489,2024/08/25,2024-09-09,bluedart,775.33,In Transit
SHP006490,ORD006490,11/07/2023,08/11/2023,DTDC,848.88,IN TRANSIT
SHP006491,ORD006491,27/08/2023,2023/09/02,BlueDart,340.44,DELAYED
SHP006492,ORD006492,01/28/2023,07-02-2023,FEDEX,375.9,returned to origin
SHP006493,ORD006493,21-02-2023,2023/02/24,IndiaPost,775.22,In Transit
SHP006494,ORD006494,2023/09/23,03-10-2023,BLUEDART,887.91,Lost
SHP006495,ORD006495,16/10/2022,2022-10-18,FedEx,257.04,lost
SHP006496,ORD006496,2024-04-23,08 May 2024,INDIAPOST,523.68,In Transit
SHP006497,ORD006497,28 Jul 2024,04-08-2024,XPRESSBEES,857.02,DELIVERED
SHP006498,ORD006498,2023/01/03,2023/01/11,INDIAPOST,412.74,LOST
SHP006499,ORD006499,2023/01/18,19 Jan 2023,IndiaPost,871.19,returned to origin
SHP006500,ORD006500,28/07/2022,2022/07/30,DTDC,315.1,lost
SHP006501,ORD006501,2022-06-13,06/16/2022,BlueDart,90.2,LOST
SHP006502,ORD006502,03/08/2022,11-08-2022,fedex,587.89,In Transit
SHP006503,ORD006503,20/04/2024,05/05/2024,DTDC,137.5,Returned to Origin
SHP006504,ORD006504,2022/04/12,13 Apr 2022,Delhivery,88.26,Returned to Origin
SHP006505,ORD006505,26-10-2024,01 Nov 2024,IndiaPost,266.82,In Transit
SHP006506,ORD006506,2024-06-26,2024/07/06,Delhivery,137.2,Delivered
SHP006507,ORD006507,12/02/2024,05-12-2024,XPRESSBEES,397.76,Delayed
SHP006508,ORD006508,2024/11/10,,XpressBees,787.58,Lost
SHP006509,ORD006509,14 Sep 2024,17/09/2024,IndiaPost,654.19,Returned to Origin
SHP006510,ORD006510,2024-01-18,21 Jan 2024,IndiaPost,564.44,Lost
SHP006511,ORD006511,08 Mar 2023,12-03-2023,indiapost,818.42,Delivered
SHP006512,ORD006512,25 Aug 2024,31 Aug 2024,Delhivery,191.25,Lost
SHP006513,ORD006513,20/10/2022,21 Oct 2022,BlueDart,867.45,Lost
SHP006514,ORD006514,2023/02/22,25/02/2023,INDIAPOST,618.72,In Transit
SHP006515,ORD006515,11-11-2024,13-11-2024,FedEx,859.47,Delivered
SHP006516,ORD006516,05/24/2022,05/27/2022,BlueDart,611.91,Lost
SHP006517,ORD006517,2023/04/03,04/11/2023,FedEx,254.54,Returned to Origin
SHP006518,ORD006518,2022-01-26,30 Jan 2022,FedEx,651.0,Lost
SHP006519,ORD006519,07-08-2024,2024-08-10,XpressBees,371.61,Returned to Origin
SHP006520,ORD006520,18 Aug 2024,21/08/2024,DTDC,485.62,Delayed
SHP006521,ORD006521,26/12/2023,2024-01-01,Delhivery,707.39,delivered
SHP006522,ORD006522,27/04/2024,04/28/2024,XPRESSBEES,57.85,Delayed
SHP006523,ORD006523,2022/07/06,07/10/2022,XPRESSBEES,123.39,Delayed
SHP006524,ORD006524,2022/08/26,10/09/2022,FedEx,453.86,Delivered
SHP006525,ORD006525,2023/08/20,26 Aug 2023,DTDC,360.24,IN TRANSIT
SHP006526,ORD006526,2024/04/06,14/04/2024,BlueDart,759.81,DELAYED
SHP006527,ORD006527,2022-04-23,2022-04-29,BlueDart,890.03,delayed
SHP006528,ORD006528,2024/12/01,2024-12-07,IndiaPost,348.86,in transit
SHP006529,ORD006529,2024/09/22,25/09/2024,BlueDart,644.27,In Transit
SHP006530,ORD006530,2024/08/24,2024-09-08,XpressBees,570.4,In Transit
SHP006531,ORD006531,05/12/2024,12/10/2024,XpressBees,654.69,Lost
SHP006532,ORD006532,07/02/2022,2022-02-13,ekart,427.04,Lost
SHP006533,ORD006533,08/16/2022,21 Aug 2022,DTDC,134.97,LOST
SHP006534,ORD006534,06 Aug 2023,10-08-2023,BlueDart,842.75,Delayed
SHP006535,ORD006535,2024-06-22,23-06-2024,XpressBees,240.18,Delivered
SHP006536,ORD006536,21 May 2024,05/26/2024,DTDC,277.91,Returned to Origin
SHP006537,ORD006537,09-02-2022,19/02/2022,Delhivery,136.75,lost
SHP006538,ORD006538,2023-11-30,12/06/2023,XpressBees,389.61,in transit
SHP006539,ORD006539,2022-05-30,06 Jun 2022,IndiaPost,361.69,Returned to Origin
SHP006540,ORD006540,16 Dec 2024,18 Dec 2024,BlueDart,193.12,In Transit
SHP006541,ORD006541,10 Sep 2023,09/13/2023,DTDC,870.96,lost
SHP006542,ORD006542,13/10/2022,10/19/2022,BlueDart,275.7,Returned to Origin
SHP006543,ORD006543,2024-05-11,05/13/2024,Ekart,497.81,Lost
SHP006544,ORD006544,2024/05/09,05/15/2024,BlueDart,862.14,Returned to Origin
SHP006545,ORD006545,18 Nov 2022,23/11/2022,BlueDart,,DELAYED
SHP006546,ORD006546,04 Apr 2024,2024/04/07,XpressBees,788.34,Delayed
SHP006547,ORD006547,2022-11-02,03 Nov 2022,bluedart,307.45,Delivered
SHP006548,ORD006548,01-01-2023,04/01/2023,FedEx,98.14,in transit
SHP006549,ORD006549,03-09-2023,0000-00-00,Ekart,221.17,Delivered
SHP006550,ORD006550,04 Oct 2024,10/10/2024,XPRESSBEES,614.32,RETURNED TO ORIGIN
SHP006551,ORD006551,15-07-2022,16 Jul 2022,BlueDart,811.24,In Transit
SHP006552,ORD006552,01/08/2024,18/01/2024,ekart,252.96,lost
SHP006553,ORD006553,16-06-2022,17/06/2022,IndiaPost,511.3,delivered
SHP006554,ORD006554,31 Oct 2024,05 Nov 2024,IndiaPost,288.47,RETURNED TO ORIGIN
SHP006555,ORD006555,09/05/2022,17 May 2022,FedEx,66.23,Lost
SHP006556,ORD006556,16 Dec 2023,,indiapost,146.91,IN TRANSIT
SHP006557,ORD006557,24 Apr 2022,27/04/2022,DELHIVERY,257.66,RETURNED TO ORIGIN
SHP006558,ORD006558,21 Oct 2022,2022-10-27,XpressBees,822.11,In Transit
SHP006559,ORD006559,10 Sep 2022,15/09/2022,Delhivery,889.98,Delivered
SHP006560,ORD006560,06 Oct 2023,2023-10-09,indiapost,131.43,Delayed
SHP006561,ORD006561,2023-09-09,2023-09-14,Ekart,856.21,DELIVERED
SHP006562,ORD006562,2022-07-07,2022/07/10,XPRESSBEES,503.12,In Transit
SHP006563,ORD006563,2024/07/09,2024-07-11,FedEx,841.96,DELAYED
SHP006564,ORD006564,2024-10-30,2024-11-07,Delhivery,773.87,Delivered
SHP006565,ORD006565,15 Oct 2024,22/10/2024,fedex,61.65,Lost
SHP006566,ORD006566,26-06-2023,2023-06-29,XpressBees,118.35,IN TRANSIT
SHP006567,ORD006567,04/15/2023,23-04-2023,BLUEDART,219.38,IN TRANSIT
SHP006568,ORD006568,05 Jan 2024,2024-01-13,Delhivery,691.71,lost
SHP006569,ORD006569,11/30/2024,01 Dec 2024,Ekart,858.03,Delayed
SHP006570,ORD006570,20-02-2023,2023/02/22,DTDC,748.88,in transit
SHP006571,ORD006571,06/07/2022,2022-07-07,IndiaPost,772.24,Delayed
SHP006572,ORD006572,2022-07-18,28/07/2022,FEDEX,725.63,delivered
SHP006573,ORD006573,25-01-2023,04-02-2023,Delhivery,621.72,RETURNED TO ORIGIN
SHP006574,ORD006574,2024-01-14,21/01/2024,IndiaPost,821.57,Returned to Origin
SHP006575,ORD006575,30 May 2022,14/06/2022,FedEx,583.01,Delayed
SHP006576,ORD006576,2022-10-02,08/10/2022,bluedart,150.36,DELAYED
SHP006577,ORD006577,11-01-2024,15/01/2024,Delhivery,653.91,Returned to Origin
SHP006578,ORD006578,2024-11-18,2024-11-22,BlueDart,672.33,delivered
SHP006579,ORD006579,18-09-2024,03-10-2024,Delhivery,238.9,Lost
SHP006580,ORD006580,11/12/2022,2022-12-14,BlueDart,637.92,LOST
SHP006581,ORD006581,02/17/2022,22/02/2022,XpressBees,405.0,Delivered
SHP006582,ORD006582,01/27/2023,2023-02-02,XpressBees,,Lost
SHP006583,ORD006583,04 Aug 2023,2023-08-19,BLUEDART,406.67,RETURNED TO ORIGIN
SHP006584,ORD006584,20-08-2022,08/23/2022,FedEx,142.4,Returned to Origin
SHP006585,ORD006585,2023-07-05,08-07-2023,indiapost,862.5,Delayed
SHP006586,ORD006586,14/11/2024,20-11-2024,IndiaPost,44.78,DELIVERED
SHP006587,ORD006587,26-06-2024,27-06-2024,Ekart,478.62,Returned to Origin
SHP006588,ORD006588,28-09-2022,10/04/2022,XpressBees,415.55,Returned to Origin
SHP006589,ORD006589,06-11-2022,16-11-2022,dtdc,337.31,In Transit
SHP006590,ORD006590,05/09/2022,2022-05-24,XpressBees,199.02,Delayed
SHP006591,ORD006591,06/03/2024,,BLUEDART,361.85,RETURNED TO ORIGIN
SHP006592,ORD006592,,02/04/2024,ekart,405.81,In Transit
SHP006593,ORD006593,26/06/2023,07/06/2023,FedEx,566.26,in transit
SHP006594,ORD006594,03/22/2023,06 Apr 2023,XPRESSBEES,755.78,In Transit
SHP006595,ORD006595,2024/07/31,2024/08/02,XPRESSBEES,515.32,Returned to Origin
SHP006596,ORD006596,21 Jul 2024,05-08-2024,XpressBees,343.76,In Transit
SHP006597,ORD006597,02/12/2024,2024-12-08,XpressBees,877.73,In Transit
SHP006598,ORD006598,2024-02-12,19-02-2024,BlueDart,123.98,Returned to Origin
SHP006599,ORD006599,16/09/2023,2023/09/18,Ekart,874.01,delivered
SHP006600,ORD006600,26 May 2023,2023/06/02,DTDC,64.84,Delayed
SHP006601,ORD006601,02/02/2024,03-02-2024,FedEx,161.99,LOST
SHP006602,ORD006602,15/01/2023,01/21/2023,Delhivery,628.5,Delayed
SHP006603,ORD006603,23-10-2022,28-10-2022,DTDC,61.4,Delayed
SHP006604,ORD006604,07-03-2024,12-03-2024,IndiaPost,428.32,Lost
SHP006605,ORD006605,,12/12/2023,BlueDart,344.14,Returned to Origin
SHP006606,ORD006606,2023-06-02,2023/06/12,DTDC,614.95,Delayed
SHP006607,ORD006607,26/11/2022,2022/11/27,INDIAPOST,598.54,Delivered
SHP006608,ORD006608,02/10/2024,14-02-2024,IndiaPost,263.25,Delivered
SHP006609,ORD006609,2022-04-03,2022-04-11,FedEx,223.93,Lost
SHP006610,ORD006610,08-08-2022,18 Aug 2022,Ekart,580.06,In Transit
SHP006611,ORD006611,14/07/2023,,INDIAPOST,140.41,DELIVERED
SHP006612,ORD006612,2024/06/15,23/06/2024,Ekart,733.08,IN TRANSIT
SHP006613,ORD006613,2022-03-31,04/10/2022,BlueDart,579.96,Returned to Origin
SHP006614,ORD006614,2024-03-07,,DTDC,578.22,Returned to Origin
SHP006615,ORD006615,28 Nov 2022,2022-12-08,DTDC,299.02,Delayed
SHP006616,ORD006616,04/03/2022,05 Mar 2022,FedEx,382.41,Delayed
SHP006617,ORD006617,18 Aug 2023,22/08/2023,FedEx,863.46,Lost
SHP006618,ORD006618,2024-08-02,08/10/2024,DTDC,72.08,Delivered
SHP006619,ORD006619,15 Mar 2024,20 Mar 2024,Ekart,605.58,Delayed
SHP006620,ORD006620,07/16/2022,31/07/2022,BlueDart,324.49,Lost
SHP006621,ORD006621,2022-05-23,05/25/2022,DELHIVERY,378.61,Lost
SHP006622,ORD006622,2022/04/29,02/05/2022,Delhivery,371.03,DELIVERED
SHP006623,ORD006623,2022/06/20,06/23/2022,Delhivery,810.87,Delivered
SHP006624,ORD006624,01/17/2023,22/01/2023,BlueDart,850.42,Delivered
SHP006625,ORD006625,15 Jul 2023,16-07-2023,Delhivery,776.41,Delivered
SHP006626,ORD006626,03/05/2022,2022-05-11,delhivery,550.43,Delivered
SHP006627,ORD006627,07/18/2023,23-07-2023,DTDC,561.47,delayed
SHP006628,ORD006628,18 Jul 2024,25-07-2024,indiapost,785.43,Delayed
SHP006629,ORD006629,30-12-2024,02 Jan 2025,delhivery,172.5,Returned to Origin
SHP006630,ORD006630,22/04/2024,24 Apr 2024,INDIAPOST,295.16,Lost
SHP006631,ORD006631,10/14/2024,17/10/2024,Delhivery,262.01,In Transit
SHP006632,ORD006632,2024/09/15,16/09/2024,XpressBees,389.66,lost
SHP006633,ORD006633,24 Sep 2023,2023-09-28,XpressBees,885.13,delayed
SHP006634,ORD006634,03/15/2024,17/03/2024,DTDC,61.59,delivered
SHP006635,ORD006635,16-07-2022,07/19/2022,XpressBees,681.59,IN TRANSIT
SHP006636,ORD006636,2023/03/11,2023-03-17,BlueDart,446.17,In Transit
SHP006637,ORD006637,17 Nov 2023,11/23/2023,FedEx,349.15,Delivered
SHP006638,ORD006638,15 Oct 2023,21/10/2023,BlueDart,347.35,In Transit
SHP006639,ORD006639,05/29/2022,,ekart,,Delayed
SHP006640,ORD006640,29 Jul 2023,2023-07-30,XpressBees,886.87,RETURNED TO ORIGIN
SHP006641,ORD006641,02/05/2024,15 Feb 2024,BlueDart,73.49,IN TRANSIT
SHP006642,ORD006642,2024-07-26,2024-07-30,XpressBees,256.22,Lost
SHP006643,ORD006643,2022/07/15,2022-07-19,indiapost,714.86,Delivered
SHP006644,ORD006644,2022-11-04,10-11-2022,BlueDart,740.27,DELIVERED
SHP006645,ORD006645,02 Nov 2024,11/05/2024,FedEx,,In Transit
SHP006646,ORD006646,2023-01-22,2023/01/27,IndiaPost,272.19,Delayed
SHP006647,ORD006647,,19 Feb 2023,IndiaPost,458.44,Delivered
SHP006648,ORD006648,18 Jun 2024,26 Jun 2024,XpressBees,638.75,lost
SHP006649,ORD006649,2023/11/21,06 Dec 2023,dtdc,504.49,DELIVERED
SHP006650,ORD006650,2023-04-17,2023/04/25,Ekart,580.65,Returned to Origin
SHP006651,ORD006651,07 Nov 2022,2022-11-11,Ekart,586.45,LOST
SHP006652,ORD006652,2023/06/26,2023/06/28,XpressBees,625.26,DELIVERED
SHP006653,ORD006653,2022/12/19,2022-12-25,BlueDart,735.05,Delayed
SHP006654,ORD006654,2024/07/07,13 Jul 2024,EKART,150.16,Delayed
SHP006655,ORD006655,06 Sep 2023,2023-09-09,IndiaPost,646.08,Delivered
SHP006656,ORD006656,2024/08/30,31-08-2024,DTDC,166.39,Delivered
SHP006657,ORD006657,04/07/2022,2022/07/08,IndiaPost,568.74,IN TRANSIT
SHP006658,ORD006658,2023-06-11,,DTDC,205.3,Returned to Origin
SHP006659,ORD006659,24 Aug 2024,09/08/2024,bluedart,177.07,Delivered
SHP006660,ORD006660,16-02-2024,17/02/2024,dtdc,847.58,Delayed
SHP006661,ORD006661,16/05/2022,2022/05/23,DTDC,377.23,Delayed
SHP006662,ORD006662,26/05/2022,02 Jun 2022,FEDEX,431.44,delayed
SHP006663,ORD006663,2022/12/17,2022-12-22,DTDC,790.36,In Transit
SHP006664,ORD006664,2022/10/02,2022-10-03,XPRESSBEES,869.61,Delayed
SHP006665,ORD006665,08/19/2022,23/08/2022,IndiaPost,302.2,Delayed
SHP006666,ORD006666,28-11-2024,02 Dec 2024,DTDC,790.7,Delayed
SHP006667,ORD006667,18 Nov 2024,25 Nov 2024,BLUEDART,326.14,Lost
SHP006668,ORD006668,12/27/2023,2024/01/03,IndiaPost,54.61,Returned to Origin
SHP006669,ORD006669,16-05-2024,20-05-2024,INDIAPOST,733.8,In Transit
SHP006670,ORD006670,11-03-2024,03/13/2024,EKART,818.8,IN TRANSIT
SHP006671,ORD006671,04-07-2023,07/05/2023,indiapost,59.67,in transit
SHP006672,ORD006672,2024-12-24,25-12-2024,XPRESSBEES,510.15,RETURNED TO ORIGIN
SHP006673,ORD006673,08/18/2023,08/28/2023,BlueDart,778.89,In Transit
SHP006674,ORD006674,23 Sep 2023,25 Sep 2023,FedEx,831.67,LOST
SHP006675,ORD006675,16-02-2022,2022-03-03,XpressBees,79.71,returned to origin
SHP006676,ORD006676,12/11/2022,22-11-2022,ekart,538.4,Returned to Origin
SHP006677,ORD006677,2024/12/10,2024/12/13,BlueDart,138.93,Returned to Origin
SHP006678,ORD006678,2022-03-11,16/03/2022,DTDC,695.26,delivered
SHP006679,ORD006679,06/25/2022,2022-06-29,XpressBees,244.97,Returned to Origin
SHP006680,ORD006680,2023/06/29,,delhivery,73.69,returned to origin
SHP006681,ORD006681,27/02/2023,07/03/2023,ekart,292.65,lost
SHP006682,ORD006682,27/11/2024,2024-12-05,DTDC,572.96,Delivered
SHP006683,ORD006683,03/21/2024,2024/03/24,BlueDart,284.6,returned to origin
SHP006684,ORD006684,01-11-2022,2022-11-04,Delhivery,614.93,Delayed
SHP006685,ORD006685,2024/05/07,11 May 2024,FedEx,658.32,Delayed
SHP006686,ORD006686,06/06/2024,21-06-2024,xpressbees,678.72,In Transit
SHP006687,ORD006687,2024/10/01,03/10/2024,Delhivery,191.11,Delivered
SHP006688,ORD006688,07 Sep 2023,2023/09/17,DTDC,841.37,Lost
SHP006689,ORD006689,21/02/2024,2024/02/27,XpressBees,465.2,Lost
SHP006690,ORD006690,,10 Sep 2024,XpressBees,77.59,In Transit
SHP006691,ORD006691,07/05/2022,2022/07/08,indiapost,156.75,In Transit
SHP006692,ORD006692,12/09/2023,2023-09-20,BlueDart,501.75,In Transit
SHP006693,ORD006693,16 May 2023,19 May 2023,IndiaPost,719.93,Delayed
SHP006694,ORD006694,17 Sep 2023,2023/09/23,FedEx,70.15,In Transit
SHP006695,ORD006695,16 Apr 2023,21/04/2023,DTDC,217.57,IN TRANSIT
SHP006696,ORD006696,22/12/2022,12/29/2022,dtdc,881.46,Delivered
SHP006697,ORD006697,11 Apr 2023,21/04/2023,BlueDart,253.27,DELAYED
SHP006698,ORD006698,06/24/2022,06/26/2022,XpressBees,130.51,Delivered
SHP006699,ORD006699,27/12/2023,2023-12-31,FedEx,204.36,Delivered
SHP006700,ORD006700,12 Sep 2022,09/18/2022,ekart,796.9,Lost
SHP006701,ORD006701,19/03/2023,2023-03-22,Delhivery,179.61,In Transit
SHP006702,ORD006702,06/09/2024,09-09-2024,FedEx,570.56,In Transit
SHP006703,ORD006703,12/05/2022,,IndiaPost,353.74,Lost
SHP006704,ORD006704,2024-12-09,2024-12-13,DELHIVERY,419.59,IN TRANSIT
SHP006705,ORD006705,22/11/2022,23/11/2022,BlueDart,343.59,returned to origin
SHP006706,ORD006706,28 Oct 2023,11/04/2023,fedex,664.15,delayed
SHP006707,ORD006707,01 Jul 2024,2024/07/08,DTDC,209.51,DELAYED
SHP006708,ORD006708,2023-11-06,07-11-2023,Ekart,361.43,Delayed
SHP006709,ORD006709,21-02-2022,24-02-2022,Ekart,444.75,Lost
SHP006710,ORD006710,05/15/2022,18 May 2022,IndiaPost,154.67,Delayed
SHP006711,ORD006711,,09/14/2024,IndiaPost,629.43,RETURNED TO ORIGIN
SHP006712,ORD006712,2022-04-17,20 Apr 2022,Ekart,132.46,returned to origin
SHP006713,ORD006713,12/12/2023,2023/12/13,delhivery,613.18,In Transit
SHP006714,ORD006714,,2022-01-12,INDIAPOST,271.22,returned to origin
SHP006715,ORD006715,03-07-2023,2023/07/06,BlueDart,79.69,LOST
SHP006716,ORD006716,04/10/2024,18/04/2024,DTDC,759.55,LOST
SHP006717,ORD006717,11/06/2023,2023-06-15,XpressBees,363.79,Returned to Origin
SHP006718,ORD006718,29/03/2023,2023-04-08,BlueDart,843.46,In Transit
SHP006719,ORD006719,2024-10-11,13 Oct 2024,xpressbees,351.93,In Transit
SHP006720,ORD006720,08/01/2022,12 Jan 2022,Ekart,283.54,Delayed
SHP006721,ORD006721,02/18/2022,02/23/2022,EKART,91.26,Lost
SHP006722,ORD006722,2023-10-09,12 Oct 2023,XPRESSBEES,629.43,delayed
SHP006723,ORD006723,11/10/2024,2024-10-17,IndiaPost,496.49,Returned to Origin
SHP006724,ORD006724,09/30/2023,07-10-2023,Delhivery,298.25,DELIVERED
SHP006725,ORD006725,20-04-2023,2023-04-28,IndiaPost,531.9,Delayed
SHP006726,ORD006726,23-11-2024,03-12-2024,delhivery,755.47,DELAYED
SHP006727,ORD006727,09/12/2023,2023/12/14,IndiaPost,519.9,Delayed
SHP006728,ORD006728,2023/10/31,2023-11-05,dtdc,475.92,Lost
SHP006729,ORD006729,25-03-2023,01 Apr 2023,DTDC,562.94,Lost
SHP006730,ORD006730,14-08-2023,08/29/2023,xpressbees,445.42,Delivered
SHP006731,ORD006731,20-02-2023,21/02/2023,XpressBees,798.26,Delayed
SHP006732,ORD006732,2023-11-19,2023-11-24,fedex,135.34,Delivered
SHP006733,ORD006733,12 Feb 2023,02/15/2023,Delhivery,506.13,Returned to Origin
SHP006734,ORD006734,10 Aug 2023,08/11/2023,IndiaPost,158.58,Lost
SHP006735,ORD006735,21 May 2024,22 May 2024,Delhivery,810.22,In Transit
SHP006736,ORD006736,18/07/2022,07/20/2022,EKART,37.14,Lost
SHP006737,ORD006737,11/11/2022,14/11/2022,dtdc,386.22,Delivered
SHP006738,ORD006738,01/28/2022,2022-02-05,DTDC,275.29,Delayed
SHP006739,ORD006739,06 Jun 2024,06/21/2024,DTDC,575.73,delayed
SHP006740,ORD006740,13 Feb 2024,14/02/2024,DTDC,589.11,Delayed
SHP006741,ORD006741,17/12/2024,2024-12-27,DTDC,304.19,Lost
SHP006742,ORD006742,29/08/2022,13/09/2022,IndiaPost,700.19,in transit
SHP006743,ORD006743,2023/12/12,2023/12/17,BlueDart,868.0,Delivered
SHP006744,ORD006744,2022-09-02,03 Sep 2022,Ekart,840.3,Delivered
SHP006745,ORD006745,19/04/2024,04/26/2024,XpressBees,317.17,Delayed
SHP006746,ORD006746,2022/12/30,01/14/2023,DTDC,670.98,Delayed
SHP006747,ORD006747,0000-00-00,15/01/2024,Delhivery,645.4,Delayed
SHP006748,ORD006748,03 Apr 2022,06/04/2022,Delhivery,656.19,DELIVERED
SHP006749,ORD006749,2023/11/16,23 Nov 2023,bluedart,884.27,lost
SHP006750,ORD006750,17 Jul 2024,01 Aug 2024,XpressBees,411.12,In Transit
SHP006751,ORD006751,2024/02/06,2024/02/07,Delhivery,514.43,DELIVERED
SHP006752,ORD006752,21 Feb 2024,2024-02-23,XpressBees,638.75,DELIVERED
SHP006753,ORD006753,2024-06-16,2024/07/01,XpressBees,828.04,In Transit
SHP006754,ORD006754,03/27/2024,29/03/2024,FedEx,225.46,Delayed
SHP006755,ORD006755,10 Jul 2024,2024/07/25,Delhivery,274.5,In Transit
SHP006756,ORD006756,03/01/2023,07 Jan 2023,IndiaPost,242.14,LOST
SHP006757,ORD006757,,01/27/2023,DTDC,716.48,Delivered
SHP006758,ORD006758,26-05-2024,05/27/2024,XPRESSBEES,713.89,DELAYED
SHP006759,ORD006759,23 Jun 2024,29-06-2024,FedEx,669.85,lost
SHP006760,ORD006760,0000-00-00,25 Jan 2022,Ekart,202.19,In Transit
SHP006761,ORD006761,10/07/2023,16/07/2023,xpressbees,481.34,In Transit
SHP006762,ORD006762,21-03-2024,04/05/2024,fedex,317.69,Lost
SHP006763,ORD006763,10/12/2022,10/13/2022,DTDC,308.51,Delayed
SHP006764,ORD006764,0000-00-00,07/21/2023,ekart,877.95,Delivered
SHP006765,ORD006765,29-07-2022,05-08-2022,fedex,278.14,Returned to Origin
SHP006766,ORD006766,25 Jan 2024,2024-01-27,Delhivery,662.53,delayed
SHP006767,ORD006767,25-11-2024,2024/12/05,FedEx,745.28,Lost
SHP006768,ORD006768,30-05-2023,02-06-2023,XpressBees,854.52,Lost
SHP006769,ORD006769,18-05-2024,2024-05-21,XpressBees,333.49,Delivered
SHP006770,ORD006770,22 Jan 2023,29 Jan 2023,Delhivery,169.73,Returned to Origin
SHP006771,ORD006771,20 Dec 2024,22 Dec 2024,BlueDart,639.31,Delayed
SHP006772,ORD006772,23/02/2023,28/02/2023,BlueDart,54.97,Delayed
SHP006773,ORD006773,10/03/2022,04 Oct 2022,DTDC,491.58,Delivered
SHP006774,ORD006774,02/11/2024,13-02-2024,BLUEDART,897.81,Delivered
SHP006775,ORD006775,15-11-2022,18 Nov 2022,DTDC,308.6,Delivered
SHP006776,ORD006776,23/09/2023,2023/09/30,Ekart,333.5,Returned to Origin
SHP006777,ORD006777,06/17/2023,2023-06-23,ekart,247.79,in transit
SHP006778,ORD006778,2024-05-08,2024-05-15,IndiaPost,667.43,DELIVERED
SHP006779,ORD006779,01/28/2022,04-02-2022,Delhivery,403.9,Returned to Origin
SHP006780,ORD006780,01/02/2023,05 Jan 2023,BlueDart,806.09,delivered
SHP006781,ORD006781,11/08/2024,23/11/2024,BlueDart,445.25,Lost
SHP006782,ORD006782,17-03-2024,2024/03/27,DTDC,693.09,Lost
SHP006783,ORD006783,11-02-2024,02/18/2024,BLUEDART,731.2,Returned to Origin
SHP006784,ORD006784,10-06-2022,11-06-2022,DTDC,296.64,Delayed
SHP006785,ORD006785,27/11/2024,30/11/2024,DTDC,584.77,RETURNED TO ORIGIN
SHP006786,ORD006786,01/23/2023,31-01-2023,BlueDart,73.82,Delayed
SHP006787,ORD006787,2023-08-03,2023-08-07,Delhivery,833.65,delivered
SHP006788,ORD006788,2024/08/17,20/08/2024,BlueDart,59.98,Returned to Origin
SHP006789,ORD006789,17-11-2024,20-11-2024,DELHIVERY,310.83,Returned to Origin
SHP006790,ORD006790,22-05-2022,05/28/2022,BLUEDART,599.69,Delivered
SHP006791,ORD006791,03-01-2024,11-01-2024,ekart,379.53,Delayed
SHP006792,ORD006792,2024-06-15,2024/06/18,FedEx,627.01,lost
SHP006793,ORD006793,2022/11/11,18 Nov 2022,IndiaPost,533.63,lost
SHP006794,ORD006794,2024-06-15,2024-06-17,Delhivery,381.61,Delivered
SHP006795,ORD006795,15/03/2023,2023-03-30,IndiaPost,271.96,returned to origin
SHP006796,ORD006796,2023/01/09,,dtdc,406.53,Delayed
SHP006797,ORD006797,07/04/2022,14-04-2022,XPRESSBEES,399.09,Delayed
SHP006798,ORD006798,2023/02/06,11 Feb 2023,Ekart,654.15,Lost
SHP006799,ORD006799,27 Oct 2022,30/10/2022,Delhivery,696.5,Returned to Origin
SHP006800,ORD006800,26 Dec 2023,2023/12/29,INDIAPOST,658.81,Lost
SHP006801,ORD006801,2023-01-02,01/07/2023,Delhivery,148.31,DELAYED
SHP006802,ORD006802,22/10/2022,2022/10/27,EKART,113.35,LOST
SHP006803,ORD006803,2023-11-02,04/11/2023,FedEx,,Lost
SHP006804,ORD006804,09-12-2022,2022/12/24,delhivery,628.02,In Transit
SHP006805,ORD006805,2024-05-14,24-05-2024,DTDC,394.6,Returned to Origin
SHP006806,ORD006806,12/03/2022,06 Dec 2022,Delhivery,701.84,Delayed
SHP006807,ORD006807,2024/02/06,10 Feb 2024,dtdc,552.59,Returned to Origin
SHP006808,ORD006808,28-03-2024,01-04-2024,Delhivery,267.55,RETURNED TO ORIGIN
SHP006809,ORD006809,2024/02/27,06 Mar 2024,DTDC,,Returned to Origin
SHP006810,ORD006810,2023-09-28,10/01/2023,BlueDart,90.81,LOST
SHP006811,ORD006811,17-09-2022,25/09/2022,XpressBees,262.09,RETURNED TO ORIGIN
SHP006812,ORD006812,19-10-2022,11/03/2022,Ekart,699.6,Delivered
SHP006813,ORD006813,2023-10-19,24-10-2023,BlueDart,558.92,In Transit
SHP006814,ORD006814,12-01-2024,01/13/2024,IndiaPost,,DELAYED
SHP006815,ORD006815,10/23/2022,2022/10/26,Delhivery,445.0,Delayed
SHP006816,ORD006816,29-07-2023,2023-08-03,FEDEX,387.87,Returned to Origin
SHP006817,ORD006817,2022-03-20,25-03-2022,FedEx,325.47,DELIVERED
SHP006818,ORD006818,30-01-2024,2024/02/02,indiapost,280.54,DELIVERED
SHP006819,ORD006819,2022/07/15,07/21/2022,Delhivery,849.59,DELAYED
SHP006820,ORD006820,2022-01-28,2022-02-05,Ekart,86.88,In Transit
SHP006821,ORD006821,22-03-2023,2023/03/23,INDIAPOST,347.71,Delayed
SHP006822,ORD006822,2023-05-31,2023/06/08,BlueDart,267.21,Delivered
SHP006823,ORD006823,2023-03-31,10 Apr 2023,bluedart,262.9,Delivered
SHP006824,ORD006824,04/22/2024,25-04-2024,DTDC,44.78,Delayed
SHP006825,ORD006825,05/21/2024,2024/05/27,FedEx,804.95,Lost
SHP006826,ORD006826,06/05/2024,08/06/2024,Ekart,224.64,Lost
SHP006827,ORD006827,2024-09-25,2024/09/26,bluedart,,IN TRANSIT
SHP006828,ORD006828,02-02-2024,,FEDEX,817.9,In Transit
SHP006829,ORD006829,2024-03-02,10/03/2024,BlueDart,247.2,In Transit
SHP006830,ORD006830,2022/09/22,07 Oct 2022,bluedart,487.81,RETURNED TO ORIGIN
SHP006831,ORD006831,27/10/2022,03 Nov 2022,Delhivery,157.52,RETURNED TO ORIGIN
SHP006832,ORD006832,11 Apr 2024,2024-04-12,ekart,870.52,IN TRANSIT
SHP006833,ORD006833,2023/06/22,2023-06-26,fedex,666.13,Returned to Origin
SHP006834,ORD006834,2022-02-03,2022/02/11,BlueDart,188.07,DELAYED
SHP006835,ORD006835,24 May 2023,30/05/2023,INDIAPOST,710.73,In Transit
SHP006836,ORD006836,29 Jul 2022,08/08/2022,Ekart,847.15,Delayed
SHP006837,ORD006837,2024/07/16,22-07-2024,Delhivery,195.54,Delayed
SHP006838,ORD006838,03 Apr 2022,2022-04-11,INDIAPOST,248.49,Delayed
SHP006839,ORD006839,2024-06-16,2024-06-26,BLUEDART,526.59,Returned to Origin
SHP006840,ORD006840,10/05/2024,06 Oct 2024,delhivery,129.34,In Transit
SHP006841,ORD006841,06-06-2024,13/06/2024,XpressBees,480.03,DELIVERED
SHP006842,ORD006842,16/04/2024,19/04/2024,DTDC,553.97,Returned to Origin
SHP006843,ORD006843,2022/09/13,15-09-2022,FedEx,454.88,DELIVERED
SHP006844,ORD006844,27/12/2022,06/01/2023,FedEx,37.2,delivered
SHP006845,ORD006845,05-05-2024,2024-05-12,XpressBees,652.1,Delivered
SHP006846,ORD006846,2024-11-28,2024/12/13,Delhivery,803.8,RETURNED TO ORIGIN
SHP006847,ORD006847,2022-07-28,02-08-2022,DELHIVERY,806.53,in transit
SHP006848,ORD006848,02-09-2023,09/09/2023,XpressBees,494.75,DELIVERED
SHP006849,ORD006849,10/26/2024,2024-10-30,Ekart,686.42,Lost
SHP006850,ORD006850,30/07/2022,06/08/2022,Delhivery,572.25,Delivered
SHP006851,ORD006851,,21 Dec 2024,Ekart,188.61,Delivered
SHP006852,ORD006852,2022/02/16,21 Feb 2022,BlueDart,,Lost
SHP006853,ORD006853,22-03-2024,01-04-2024,DELHIVERY,871.56,In Transit
SHP006854,ORD006854,12/10/2023,13/12/2023,IndiaPost,355.21,lost
SHP006855,ORD006855,10/25/2024,26/10/2024,bluedart,727.97,Delivered
SHP006856,ORD006856,2024/06/28,2024-06-29,Ekart,882.66,DELAYED
SHP006857,ORD006857,02/26/2022,2022-03-13,INDIAPOST,393.09,In Transit
SHP006858,ORD006858,06/23/2023,07/08/2023,XpressBees,679.29,IN TRANSIT
SHP006859,ORD006859,2024-04-15,2024/04/25,XpressBees,492.73,Returned to Origin
SHP006860,ORD006860,2023/09/01,11/09/2023,Ekart,395.47,Returned to Origin
SHP006861,ORD006861,2022/04/09,19-04-2022,xpressbees,184.65,Delivered
SHP006862,ORD006862,09 Dec 2022,12/10/2022,IndiaPost,320.51,Returned to Origin
SHP006863,ORD006863,05 Jun 2022,07 Jun 2022,BlueDart,755.1,Returned to Origin
SHP006864,ORD006864,12-02-2023,17/02/2023,XpressBees,311.11,DELIVERED
SHP006865,ORD006865,07/17/2022,,FedEx,289.55,Delayed
SHP006866,ORD006866,06 May 2024,09/05/2024,Delhivery,210.48,Delayed
SHP006867,ORD006867,12/04/2022,13 Apr 2022,BLUEDART,642.74,IN TRANSIT
SHP006868,ORD006868,20-01-2024,2024-01-23,DTDC,172.22,Lost
SHP006869,ORD006869,04 May 2022,07/05/2022,bluedart,323.36,returned to origin
SHP006870,ORD006870,2022-05-24,2022-06-01,Ekart,133.27,lost
SHP006871,ORD006871,28 Oct 2022,02 Nov 2022,Ekart,124.35,delivered
SHP006872,ORD006872,11/21/2023,24/11/2023,Delhivery,680.47,Delayed
SHP006873,ORD006873,2024-03-28,05/04/2024,FedEx,698.21,In Transit
SHP006874,ORD006874,07-12-2023,2023-12-15,IndiaPost,140.95,DELAYED
SHP006875,ORD006875,21/03/2024,03/23/2024,Delhivery,239.3,lost
SHP006876,ORD006876,2022/06/24,2022-06-30,Ekart,661.93,Delayed
SHP006877,ORD006877,21/09/2023,09/26/2023,DELHIVERY,479.08,In Transit
SHP006878,ORD006878,2023-07-09,2023-07-19,Ekart,351.62,returned to origin
SHP006879,ORD006879,11/10/2023,2023/10/21,XpressBees,792.5,Delayed
SHP006880,ORD006880,06-12-2024,0000-00-00,XPRESSBEES,193.41,RETURNED TO ORIGIN
SHP006881,ORD006881,12-05-2022,19-05-2022,XpressBees,45.15,Lost
SHP006882,ORD006882,2022-01-26,2022/01/31,DTDC,91.23,Returned to Origin
SHP006883,ORD006883,2023-05-12,18 May 2023,FedEx,302.38,delivered
SHP006884,ORD006884,2024/05/29,01-06-2024,BLUEDART,149.38,Delivered
SHP006885,ORD006885,2022-05-24,05/29/2022,XpressBees,187.08,Delayed
SHP006886,ORD006886,04 Sep 2024,09 Sep 2024,BlueDart,172.56,Returned to Origin
SHP006887,ORD006887,19/02/2022,26 Feb 2022,Ekart,91.37,Delayed
SHP006888,ORD006888,12/10/2023,17 Oct 2023,FEDEX,175.06,Returned to Origin
SHP006889,ORD006889,2022/10/06,10/09/2022,IndiaPost,600.95,DELAYED
SHP006890,ORD006890,2023/06/03,2023-06-18,Ekart,337.42,In Transit
SHP006891,ORD006891,05/13/2023,05/21/2023,ekart,71.42,In Transit
SHP006892,ORD006892,16 Mar 2024,0000-00-00,FedEx,202.51,Returned to Origin
SHP006893,ORD006893,04/13/2022,04/20/2022,XpressBees,163.47,Delivered
SHP006894,ORD006894,26-11-2023,2023/12/01,INDIAPOST,246.19,IN TRANSIT
SHP006895,ORD006895,27-08-2023,2023/09/04,bluedart,526.63,Lost
SHP006896,ORD006896,2022-12-21,01/05/2023,FedEx,891.25,Delivered
SHP006897,ORD006897,16 Apr 2022,26/04/2022,BlueDart,689.06,In Transit
SHP006898,ORD006898,12 Jun 2022,2022-06-14,BlueDart,274.8,delayed
SHP006899,ORD006899,15 Apr 2024,,FedEx,770.82,Delivered
SHP006900,ORD006900,2023/03/31,2023-04-15,BLUEDART,507.14,Lost
SHP006901,ORD006901,2023/05/09,17 May 2023,Delhivery,436.85,RETURNED TO ORIGIN
SHP006902,ORD006902,29 Sep 2023,10/01/2023,delhivery,764.51,lost
SHP006903,ORD006903,10 Feb 2022,02/14/2022,Ekart,163.13,Lost
SHP006904,ORD006904,2022-01-07,2022/01/11,DELHIVERY,780.41,IN TRANSIT
SHP006905,ORD006905,03-06-2022,2022-06-06,Delhivery,424.34,Delayed
SHP006906,ORD006906,10-11-2023,17-11-2023,FedEx,204.26,Delivered
SHP006907,ORD006907,24 Jun 2024,2024/07/09,DTDC,759.01,Returned to Origin
SHP006908,ORD006908,2022/12/20,2022-12-24,bluedart,87.03,Lost
SHP006909,ORD006909,11 May 2024,,Delhivery,667.71,In Transit
SHP006910,ORD006910,2023-12-29,01/01/2024,DELHIVERY,341.01,Returned to Origin
SHP006911,ORD006911,27 May 2024,29/05/2024,DTDC,511.29,In Transit
SHP006912,ORD006912,02/03/2024,12/03/2024,FedEx,794.56,Returned to Origin
SHP006913,ORD006913,30-12-2023,05-01-2024,DTDC,762.85,In Transit
SHP006914,ORD006914,12/12/2023,16 Dec 2023,delhivery,859.44,Delayed
SHP006915,ORD006915,04-11-2022,2022-11-12,XpressBees,519.9,Returned to Origin
SHP006916,ORD006916,20-10-2023,10/28/2023,fedex,485.88,delayed
SHP006917,ORD006917,10/25/2022,27 Oct 2022,BlueDart,884.75,Returned to Origin
SHP006918,ORD006918,20/09/2022,26/09/2022,Ekart,816.89,Lost
SHP006919,ORD006919,2023/02/28,02/03/2023,Ekart,864.08,Lost
SHP006920,ORD006920,16 Dec 2022,23/12/2022,XpressBees,331.24,In Transit
SHP006921,ORD006921,16/12/2024,26-12-2024,DTDC,316.4,In Transit
SHP006922,ORD006922,01/05/2024,0000-00-00,fedex,700.15,Returned to Origin
SHP006923,ORD006923,14/07/2023,2023/07/16,Delhivery,899.95,Lost
SHP006924,ORD006924,2022-11-24,11/29/2022,dtdc,104.77,Delayed
SHP006925,ORD006925,24 Jan 2023,2023/02/03,XpressBees,479.27,Delayed
SHP006926,ORD006926,2022/10/17,22-10-2022,XPRESSBEES,125.67,Delivered
SHP006927,ORD006927,2022/01/31,,BlueDart,109.2,DELIVERED
SHP006928,ORD006928,03/19/2024,22 Mar 2024,FedEx,627.11,Lost
SHP006929,ORD006929,2024/07/15,07/18/2024,IndiaPost,741.93,Delayed
SHP006930,ORD006930,30/01/2023,02/02/2023,FedEx,191.63,Returned to Origin
SHP006931,ORD006931,18/11/2024,22 Nov 2024,XpressBees,597.72,In Transit
SHP006932,ORD006932,05/03/2024,11 Mar 2024,FedEx,217.4,Lost
SHP006933,ORD006933,04/02/2022,2022/02/08,ekart,103.52,delayed
SHP006934,ORD006934,10/11/2024,10/14/2024,delhivery,144.61,Returned to Origin
SHP006935,ORD006935,22-05-2024,25-05-2024,ekart,530.3,Delivered
SHP006936,ORD006936,05/10/2023,2023-10-08,INDIAPOST,809.73,Returned to Origin
SHP006937,ORD006937,15/06/2022,2022/06/18,BlueDart,288.96,Delivered
SHP006938,ORD006938,2023/05/14,2023/05/21,Delhivery,441.2,Delayed
SHP006939,ORD006939,2023-10-14,10/18/2023,BlueDart,898.33,lost
SHP006940,ORD006940,23 Aug 2022,28/08/2022,DTDC,641.19,Returned to Origin
SHP006941,ORD006941,2024/11/08,2024-11-10,BlueDart,217.6,In Transit
SHP006942,ORD006942,14 Apr 2023,04/21/2023,FedEx,630.5,lost
SHP006943,ORD006943,05/04/2024,2024-05-10,Ekart,525.76,RETURNED TO ORIGIN
SHP006944,ORD006944,31/12/2023,04-01-2024,XpressBees,898.09,Delayed
SHP006945,ORD006945,15-01-2023,18 Jan 2023,FEDEX,824.79,Delayed
SHP006946,ORD006946,15 Feb 2023,17 Feb 2023,FEDEX,834.1,Delayed
SHP006947,ORD006947,2024/03/06,14 Mar 2024,Delhivery,541.33,Returned to Origin
SHP006948,ORD006948,2024-06-18,25/06/2024,XpressBees,599.36,Returned to Origin
SHP006949,ORD006949,29 Jan 2024,2024/02/03,IndiaPost,42.93,Delayed
SHP006950,ORD006950,2023/10/23,02 Nov 2023,Ekart,652.51,lost
SHP006951,ORD006951,12 Sep 2023,09/16/2023,BlueDart,95.63,delivered
SHP006952,ORD006952,10-09-2024,09/12/2024,BlueDart,548.13,Delivered
SHP006953,ORD006953,08-10-2024,2024-10-18,XpressBees,783.73,Delivered
SHP006954,ORD006954,18/05/2024,21-05-2024,bluedart,224.79,IN TRANSIT
SHP006955,ORD006955,2022-01-20,28/01/2022,IndiaPost,648.13,In Transit
SHP006956,ORD006956,2022-01-16,21 Jan 2022,IndiaPost,780.7,Delivered
SHP006957,ORD006957,09/05/2024,09/09/2024,DTDC,706.45,DELAYED
SHP006958,ORD006958,20/11/2023,11/22/2023,XpressBees,317.48,Returned to Origin
SHP006959,ORD006959,11/26/2024,12/03/2024,FedEx,39.85,Delivered
SHP006960,ORD006960,07/08/2024,17/08/2024,FedEx,812.03,Delivered
SHP006961,ORD006961,16 Feb 2023,2023/02/19,XPRESSBEES,744.3,LOST
SHP006962,ORD006962,17 Dec 2022,,Ekart,55.5,Delivered
SHP006963,ORD006963,11/12/2024,19-11-2024,XpressBees,374.64,Delivered
SHP006964,ORD006964,14/12/2024,24/12/2024,BlueDart,315.65,Delivered
SHP006965,ORD006965,0000-00-00,04/05/2024,indiapost,158.8,RETURNED TO ORIGIN
SHP006966,ORD006966,0000-00-00,03/18/2023,xpressbees,91.8,Returned to Origin
SHP006967,ORD006967,20 Feb 2023,28-02-2023,IndiaPost,566.37,lost
SHP006968,ORD006968,04/02/2022,07 Apr 2022,XpressBees,121.71,Delayed
SHP006969,ORD006969,16/02/2023,2023/02/20,FedEx,588.44,returned to origin
SHP006970,ORD006970,05 Jun 2022,06/09/2022,fedex,265.81,returned to origin
SHP006971,ORD006971,2023-07-28,05-08-2023,Ekart,430.1,DELAYED
SHP006972,ORD006972,02/11/2023,2023-11-04,fedex,549.58,delivered
SHP006973,ORD006973,05/10/2023,13/05/2023,delhivery,274.19,In Transit
SHP006974,ORD006974,29-06-2024,14-07-2024,DTDC,345.61,Lost
SHP006975,ORD006975,12-06-2023,14 Jun 2023,FedEx,464.14,IN TRANSIT
SHP006976,ORD006976,01/12/2023,2023-01-22,Ekart,459.87,Delivered
SHP006977,ORD006977,2024-07-25,07/28/2024,Delhivery,438.13,Delayed
SHP006978,ORD006978,08/15/2024,20/08/2024,FedEx,450.63,Lost
SHP006979,ORD006979,13-05-2022,15/05/2022,dtdc,210.73,lost
SHP006980,ORD006980,2023-04-22,04/27/2023,indiapost,138.77,DELIVERED
SHP006981,ORD006981,2023/10/23,10/28/2023,Ekart,771.84,In Transit
SHP006982,ORD006982,29-07-2022,08/01/2022,XpressBees,556.36,LOST
SHP006983,ORD006983,2022/11/01,2022-11-05,fedex,217.89,In Transit
SHP006984,ORD006984,18-05-2022,05/21/2022,XpressBees,433.37,Returned to Origin
SHP006985,ORD006985,24 Sep 2022,04/10/2022,XpressBees,387.65,delayed
SHP006986,ORD006986,12/30/2024,31 Dec 2024,Delhivery,816.11,delivered
SHP006987,ORD006987,17/09/2022,19/09/2022,Ekart,,Lost
SHP006988,ORD006988,12 May 2024,19 May 2024,DTDC,869.3,Lost
SHP006989,ORD006989,2022-08-29,2022/09/03,INDIAPOST,465.38,IN TRANSIT
SHP006990,ORD006990,2024/06/04,2024/06/09,Ekart,239.91,Lost
SHP006991,ORD006991,13 Nov 2022,2022/11/19,Delhivery,616.49,In Transit
SHP006992,ORD006992,11/28/2022,2022-12-01,BlueDart,338.14,Delivered
SHP006993,ORD006993,09/15/2024,17-09-2024,INDIAPOST,746.44,Delivered
SHP006994,ORD006994,02/24/2024,2024/03/03,IndiaPost,764.97,Delivered
SHP006995,ORD006995,04/19/2023,25-04-2023,Delhivery,222.48,In Transit
SHP006996,ORD006996,2024-04-29,05/07/2024,IndiaPost,660.61,Lost
SHP006997,ORD006997,26-01-2023,2023/01/29,IndiaPost,520.84,Delayed
SHP006998,ORD006998,07/19/2023,,dtdc,772.47,Lost
SHP006999,ORD006999,21 Nov 2022,2022/12/06,IndiaPost,243.47,In Transit
SHP007000,ORD007000,20-09-2022,2022/10/05,XpressBees,305.89,Lost
SHP007001,ORD007001,24 Nov 2023,25/11/2023,BlueDart,277.0,delivered
SHP007002,ORD007002,26/11/2024,29/11/2024,Delhivery,577.79,RETURNED TO ORIGIN
SHP007003,ORD007003,2023-03-28,04/01/2023,DTDC,269.3,Delivered
SHP007004,ORD007004,04/02/2022,12-02-2022,dtdc,404.1,RETURNED TO ORIGIN
SHP007005,ORD007005,2022-05-16,2022-05-18,XpressBees,853.16,Delivered
SHP007006,ORD007006,06-05-2022,10-05-2022,FEDEX,93.71,In Transit
SHP007007,ORD007007,,06/04/2023,delhivery,104.79,Delivered
SHP007008,ORD007008,26 Jun 2023,2023-07-11,xpressbees,170.03,Delivered
SHP007009,ORD007009,20/03/2024,2024-04-04,Delhivery,227.35,In Transit
SHP007010,ORD007010,2023/07/03,08 Jul 2023,bluedart,311.12,IN TRANSIT
SHP007011,ORD007011,20 Dec 2022,24/12/2022,Delhivery,684.05,Returned to Origin
SHP007012,ORD007012,,2024/09/14,FedEx,495.37,In Transit
SHP007013,ORD007013,28/02/2022,2022/03/04,XpressBees,342.77,in transit
SHP007014,ORD007014,04/11/2023,11/14/2023,DELHIVERY,190.0,Delayed
SHP007015,ORD007015,14 Jan 2023,29 Jan 2023,DTDC,526.24,Delivered
SHP007016,ORD007016,29 Nov 2024,12/05/2024,FedEx,807.67,DELAYED
SHP007017,ORD007017,05/05/2023,2023/05/12,DTDC,428.22,In Transit
SHP007018,ORD007018,13-07-2024,2024-07-20,Ekart,601.87,Lost
SHP007019,ORD007019,18-06-2023,0000-00-00,Ekart,565.34,lost
SHP007020,ORD007020,11/09/2024,13/11/2024,XpressBees,231.2,In Transit
SHP007021,ORD007021,23/05/2024,2024/05/31,FedEx,850.09,DELAYED
SHP007022,ORD007022,16 Jul 2022,31/07/2022,Delhivery,824.7,IN TRANSIT
SHP007023,ORD007023,07-06-2023,2023-06-12,FedEx,193.24,Delivered
SHP007024,ORD007024,2024-11-26,29 Nov 2024,Delhivery,314.59,delayed
SHP007025,ORD007025,31/03/2023,2023-04-08,dtdc,555.43,LOST
SHP007026,ORD007026,14 Feb 2024,24/02/2024,XPRESSBEES,414.86,In Transit
SHP007027,ORD007027,18-06-2022,20 Jun 2022,XPRESSBEES,732.8,in transit
SHP007028,ORD007028,2022-03-09,2022-03-16,XpressBees,346.62,DELAYED
SHP007029,ORD007029,2023-04-24,29 Apr 2023,DTDC,436.39,Delayed
SHP007030,ORD007030,10/13/2024,28/10/2024,FedEx,889.56,In Transit
SHP007031,ORD007031,02/17/2022,20-02-2022,BlueDart,223.19,lost
SHP007032,ORD007032,2023-05-21,24-05-2023,BlueDart,423.92,Lost
SHP007033,ORD007033,24-04-2023,26/04/2023,IndiaPost,346.39,Delayed
SHP007034,ORD007034,2022-02-07,08-02-2022,Ekart,322.68,Delayed
SHP007035,ORD007035,05/01/2023,2023-05-03,dtdc,785.05,Lost
SHP007036,ORD007036,2022/05/28,05 Jun 2022,EKART,428.61,Returned to Origin
SHP007037,ORD007037,07/11/2022,18 Jul 2022,FedEx,502.22,Delayed
SHP007038,ORD007038,12-09-2024,2024-09-17,BlueDart,718.66,LOST
SHP007039,ORD007039,23 Sep 2023,2023-09-27,FEDEX,419.98,LOST
SHP007040,ORD007040,26/10/2024,11/01/2024,indiapost,443.99,Lost
SHP007041,ORD007041,09-12-2022,12/10/2022,Delhivery,50.09,Delivered
SHP007042,ORD007042,15/10/2022,23-10-2022,IndiaPost,430.1,Returned to Origin
SHP007043,ORD007043,20 May 2023,2023/05/26,FedEx,363.77,lost
SHP007044,ORD007044,03/06/2022,09/03/2022,Ekart,188.65,returned to origin
SHP007045,ORD007045,2023/01/02,05-01-2023,IndiaPost,446.47,Returned to Origin
SHP007046,ORD007046,18/01/2022,2022/01/21,IndiaPost,855.51,delivered
SHP007047,ORD007047,27-07-2023,28/07/2023,Delhivery,610.8,Lost
SHP007048,ORD007048,2024/11/13,19-11-2024,EKART,224.34,Lost
SHP007049,ORD007049,2023-04-11,04/12/2023,EKART,373.15,Delivered
SHP007050,ORD007050,03/29/2024,08/04/2024,Ekart,38.02,Lost
SHP007051,ORD007051,2023-09-07,2023/09/22,INDIAPOST,720.09,In Transit
SHP007052,ORD007052,2023-04-13,2023/04/17,DTDC,574.48,In Transit
SHP007053,ORD007053,14 Apr 2022,04/18/2022,XpressBees,262.75,Delayed
SHP007054,ORD007054,12 Jan 2023,2023/01/18,BlueDart,669.89,delivered
SHP007055,ORD007055,2022/12/25,12/28/2022,IndiaPost,733.56,Lost
SHP007056,ORD007056,2022/03/19,2022-03-29,Delhivery,720.71,Returned to Origin
SHP007057,ORD007057,0000-00-00,07/01/2024,BLUEDART,574.21,LOST
SHP007058,ORD007058,21-05-2023,0000-00-00,Delhivery,890.53,DELAYED
SHP007059,ORD007059,2023/11/13,2023-11-15,FedEx,645.29,Returned to Origin
SHP007060,ORD007060,16-05-2023,2023-05-18,IndiaPost,880.36,In Transit
SHP007061,ORD007061,06/05/2024,09/06/2024,BlueDart,61.6,Lost
SHP007062,ORD007062,29-05-2024,04-06-2024,FedEx,58.41,Delivered
SHP007063,ORD007063,2024-01-09,11-01-2024,Delhivery,412.85,Returned to Origin
SHP007064,ORD007064,05/09/2024,14-05-2024,DTDC,526.6,Delivered
SHP007065,ORD007065,07/27/2024,07/29/2024,FEDEX,467.49,LOST
SHP007066,ORD007066,2022/04/01,2022/04/04,Ekart,44.67,Lost
SHP007067,ORD007067,04 Apr 2024,11/04/2024,XPRESSBEES,795.12,RETURNED TO ORIGIN
SHP007068,ORD007068,05 Jan 2023,20-01-2023,Delhivery,180.6,Lost
SHP007069,ORD007069,21/06/2022,2022/07/01,Ekart,200.69,DELIVERED
SHP007070,ORD007070,30/12/2023,02-01-2024,delhivery,131.85,Lost
SHP007071,ORD007071,2023-11-02,11/07/2023,XpressBees,101.66,Lost
SHP007072,ORD007072,08 Jun 2022,06/10/2022,Ekart,295.62,Delayed
SHP007073,ORD007073,21-05-2024,25/05/2024,Delhivery,104.95,in transit
SHP007074,ORD007074,09/18/2022,2022/09/26,Delhivery,685.69,Returned to Origin
SHP007075,ORD007075,2022-10-18,21-10-2022,Delhivery,308.82,Delivered
SHP007076,ORD007076,2022/05/12,2022/05/15,dtdc,74.02,delivered
SHP007077,ORD007077,04/23/2022,04/25/2022,DTDC,761.87,Delayed
SHP007078,ORD007078,2023/09/19,2023/09/24,Delhivery,811.53,Delayed
SHP007079,ORD007079,2024/06/17,21 Jun 2024,indiapost,877.38,Delivered
SHP007080,ORD007080,12/11/2023,16 Nov 2023,dtdc,898.6,Delivered
SHP007081,ORD007081,10/25/2022,2022/10/30,BlueDart,688.68,Returned to Origin
SHP007082,ORD007082,19-07-2022,23/07/2022,BLUEDART,581.56,in transit
SHP007083,ORD007083,03/28/2023,2023-04-02,BlueDart,332.01,LOST
SHP007084,ORD007084,2022/10/05,15/10/2022,indiapost,313.69,Returned to Origin
SHP007085,ORD007085,24 Dec 2023,12/27/2023,dtdc,65.99,Returned to Origin
SHP007086,ORD007086,05/13/2024,2024-05-20,XpressBees,817.56,Lost
SHP007087,ORD007087,07 Sep 2024,2024/09/08,Delhivery,674.27,Delayed
SHP007088,ORD007088,2022-02-15,02/03/2022,IndiaPost,233.42,DELIVERED
SHP007089,ORD007089,23 Jan 2023,01/31/2023,DTDC,623.19,Lost
SHP007090,ORD007090,27/07/2023,2023/08/04,Ekart,103.16,delivered
SHP007091,ORD007091,21-06-2024,28/06/2024,FedEx,65.37,Returned to Origin
SHP007092,ORD007092,2024/10/23,2024-10-29,FedEx,331.22,in transit
SHP007093,ORD007093,23/02/2023,02-03-2023,BlueDart,404.73,delivered
SHP007094,ORD007094,05 Aug 2023,15/08/2023,BlueDart,812.24,Delivered
SHP007095,ORD007095,11/07/2023,2023/07/26,BlueDart,85.28,In Transit
SHP007096,ORD007096,23 Dec 2022,28-12-2022,Delhivery,288.47,Delayed
SHP007097,ORD007097,11 Mar 2022,2022/03/14,ekart,830.56,Delivered
SHP007098,ORD007098,04-02-2024,2024-02-08,BlueDart,331.51,lost
SHP007099,ORD007099,10/08/2023,2023/08/17,IndiaPost,227.78,Returned to Origin
SHP007100,ORD007100,12/10/2022,12/12/2022,BlueDart,39.98,Delivered
SHP007101,ORD007101,2024-11-02,2024-11-07,BlueDart,829.17,LOST
SHP007102,ORD007102,2023-01-30,02/14/2023,BlueDart,307.97,in transit
SHP007103,ORD007103,25 Sep 2024,10/01/2024,IndiaPost,623.13,DELAYED
SHP007104,ORD007104,11/09/2024,2024-11-11,FedEx,853.51,delayed
SHP007105,ORD007105,28 Dec 2023,03 Jan 2024,Delhivery,415.11,DELIVERED
SHP007106,ORD007106,0000-00-00,2022-01-31,DTDC,539.69,lost
SHP007107,ORD007107,2022-02-11,17 Feb 2022,ekart,128.57,Delivered
SHP007108,ORD007108,2022-09-18,2022/09/28,XpressBees,60.95,Returned to Origin
SHP007109,ORD007109,2022-06-24,04/07/2022,FEDEX,737.62,Lost
SHP007110,ORD007110,15-02-2022,2022-02-25,BLUEDART,679.42,In Transit
SHP007111,ORD007111,15-04-2024,23/04/2024,XpressBees,166.62,Delayed
SHP007112,ORD007112,2022-08-12,15/08/2022,FedEx,625.0,returned to origin
SHP007113,ORD007113,19/02/2024,27 Feb 2024,XpressBees,301.19,lost
SHP007114,ORD007114,26/05/2024,05 Jun 2024,BlueDart,156.06,In Transit
SHP007115,ORD007115,14-11-2022,18/11/2022,DTDC,83.39,In Transit
SHP007116,ORD007116,2023-05-29,2023/06/01,IndiaPost,855.24,Delivered
SHP007117,ORD007117,06/22/2023,2023/07/02,FedEx,827.18,In Transit
SHP007118,ORD007118,14/12/2024,2024-12-20,Delhivery,822.58,Delayed
SHP007119,ORD007119,2023/02/22,28 Feb 2023,FedEx,159.2,Delayed
SHP007120,ORD007120,25-10-2022,2022-11-09,INDIAPOST,571.37,Delayed
SHP007121,ORD007121,2023-07-18,2023/07/20,Ekart,794.51,Delayed
SHP007122,ORD007122,2023/05/18,2023/05/23,XpressBees,551.79,Lost
SHP007123,ORD007123,18 Aug 2024,24 Aug 2024,DTDC,434.26,Lost
SHP007124,ORD007124,01-06-2024,2024/06/06,FedEx,375.19,Returned to Origin
SHP007125,ORD007125,2023/10/09,2023-10-19,Delhivery,436.24,delivered
SHP007126,ORD007126,07/03/2023,05-07-2023,IndiaPost,98.67,In Transit
SHP007127,ORD007127,2023/03/24,2023/03/25,IndiaPost,630.95,Returned to Origin
SHP007128,ORD007128,20 Jul 2023,2023/07/25,Ekart,157.17,Delayed
SHP007129,ORD007129,09/07/2023,2023-09-09,EKART,54.36,Delayed
SHP007130,ORD007130,13-02-2023,2023/02/14,BlueDart,752.34,In Transit
SHP007131,ORD007131,12/07/2023,14 Dec 2023,XPRESSBEES,869.07,Lost
SHP007132,ORD007132,15 Jan 2024,25/01/2024,XpressBees,704.55,lost
SHP007133,ORD007133,29/06/2023,2023-07-03,FedEx,611.74,returned to origin
SHP007134,ORD007134,18 Jan 2022,19 Jan 2022,XpressBees,147.63,DELIVERED
SHP007135,ORD007135,03/08/2024,18-08-2024,XpressBees,183.0,lost
SHP007136,ORD007136,05/07/2023,07/08/2023,Delhivery,299.21,Delayed
SHP007137,ORD007137,2022/04/21,26/04/2022,BLUEDART,191.45,Lost
SHP007138,ORD007138,2022/09/23,2022-09-26,IndiaPost,665.01,RETURNED TO ORIGIN
SHP007139,ORD007139,03/17/2023,21/03/2023,BlueDart,355.71,DELAYED
SHP007140,ORD007140,2023-08-25,2023-08-26,Delhivery,837.63,DELIVERED
SHP007141,ORD007141,2022/11/14,18/11/2022,BlueDart,78.93,Lost
SHP007142,ORD007142,0000-00-00,18/10/2024,ekart,152.3,In Transit
SHP007143,ORD007143,,2024/09/23,Delhivery,165.86,Lost
SHP007144,ORD007144,26-04-2024,02 May 2024,FedEx,598.2,In Transit
SHP007145,ORD007145,28-07-2023,01-08-2023,IndiaPost,30.46,in transit
SHP007146,ORD007146,2024-01-18,26/01/2024,FedEx,590.14,In Transit
SHP007147,ORD007147,02-09-2022,07/09/2022,INDIAPOST,866.35,In Transit
SHP007148,ORD007148,2024-01-22,24/01/2024,INDIAPOST,865.77,Returned to Origin
SHP007149,ORD007149,2024/12/13,20-12-2024,Ekart,500.07,Lost
SHP007150,ORD007150,2022-08-17,19/08/2022,FEDEX,205.26,Returned to Origin
SHP007151,ORD007151,16 Jul 2022,2022-07-31,Delhivery,164.46,Returned to Origin
SHP007152,ORD007152,28 Jul 2024,,fedex,476.49,RETURNED TO ORIGIN
SHP007153,ORD007153,2022/01/10,20/01/2022,EKART,729.36,Delivered
SHP007154,ORD007154,09/04/2022,16-04-2022,BlueDart,558.62,IN TRANSIT
SHP007155,ORD007155,28/10/2024,05/11/2024,XpressBees,617.08,In Transit
SHP007156,ORD007156,30 Aug 2022,09/01/2022,XpressBees,215.68,Delivered
SHP007157,ORD007157,06-07-2022,10 Jul 2022,FedEx,89.91,delayed
SHP007158,ORD007158,10-08-2024,13 Aug 2024,EKART,382.64,Returned to Origin
SHP007159,ORD007159,,02-04-2022,dtdc,881.29,Returned to Origin
SHP007160,ORD007160,29-02-2024,03 Mar 2024,FedEx,232.94,in transit
SHP007161,ORD007161,2022-10-23,2022-10-30,bluedart,45.98,Delayed
SHP007162,ORD007162,2023/03/10,2023/03/15,INDIAPOST,487.13,Returned to Origin
SHP007163,ORD007163,05/18/2024,24-05-2024,DELHIVERY,799.09,Delivered
SHP007164,ORD007164,2023-05-21,25 May 2023,Ekart,,Returned to Origin
SHP007165,ORD007165,2023-06-02,2023/06/12,IndiaPost,35.81,in transit
SHP007166,ORD007166,01/07/2024,16 Jul 2024,Ekart,234.96,delayed
SHP007167,ORD007167,2024-08-12,08/15/2024,FedEx,605.71,Returned to Origin
SHP007168,ORD007168,30/04/2024,05 May 2024,bluedart,887.48,Lost
SHP007169,ORD007169,09 Sep 2024,24-09-2024,FedEx,92.73,Returned to Origin
SHP007170,ORD007170,23-06-2024,28-06-2024,DTDC,701.46,Delayed
SHP007171,ORD007171,2024-05-22,27 May 2024,Delhivery,113.74,Returned to Origin
SHP007172,ORD007172,22/09/2022,2022/10/07,INDIAPOST,57.57,Lost
SHP007173,ORD007173,08/13/2024,2024/08/16,Delhivery,497.36,in transit
SHP007174,ORD007174,12/06/2024,10-12-2024,Delhivery,260.16,Delayed
SHP007175,ORD007175,23 Feb 2023,2023/03/05,xpressbees,380.98,Delayed
SHP007176,ORD007176,20 Dec 2022,28 Dec 2022,delhivery,122.87,Lost
SHP007177,ORD007177,10/01/2023,2023/10/08,IndiaPost,151.31,Delayed
SHP007178,ORD007178,08/19/2022,22 Aug 2022,DELHIVERY,892.78,Delivered
SHP007179,ORD007179,02-10-2023,10/04/2023,Delhivery,203.56,Returned to Origin
SHP007180,ORD007180,2024-10-01,10/06/2024,DTDC,401.47,delivered
SHP007181,ORD007181,22 Jan 2022,01/23/2022,Delhivery,139.75,Lost
SHP007182,ORD007182,02/02/2024,12-02-2024,IndiaPost,269.67,Delivered
SHP007183,ORD007183,02/21/2022,2022-02-23,BLUEDART,,Returned to Origin
SHP007184,ORD007184,02 Jan 2023,2023/01/05,XPRESSBEES,516.45,In Transit
SHP007185,ORD007185,11 Mar 2024,2024-03-13,XpressBees,844.41,Delayed
SHP007186,ORD007186,02 Feb 2024,04/02/2024,FEDEX,331.16,Delivered
SHP007187,ORD007187,10/13/2022,28 Oct 2022,FedEx,210.89,Delayed
SHP007188,ORD007188,14-12-2024,12/24/2024,BLUEDART,858.86,Delivered
SHP007189,ORD007189,30/07/2022,09 Aug 2022,DTDC,578.04,Lost
SHP007190,ORD007190,05-08-2022,13-08-2022,Ekart,303.86,IN TRANSIT
SHP007191,ORD007191,18 Feb 2023,21-02-2023,DTDC,701.97,Lost
SHP007192,ORD007192,09/11/2023,18 Sep 2023,XPRESSBEES,855.5,Returned to Origin
SHP007193,ORD007193,30-07-2022,2022-08-07,ekart,498.36,Delayed
SHP007194,ORD007194,31 Dec 2024,06/01/2025,DTDC,379.55,Returned to Origin
SHP007195,ORD007195,25-09-2023,0000-00-00,BlueDart,538.68,RETURNED TO ORIGIN
SHP007196,ORD007196,03/03/2024,08 Mar 2024,FedEx,408.48,Delayed
SHP007197,ORD007197,2024/08/14,29/08/2024,FedEx,840.29,LOST
SHP007198,ORD007198,2022/10/17,0000-00-00,DTDC,535.16,delayed
SHP007199,ORD007199,07/13/2022,16 Jul 2022,Ekart,725.81,Delayed
SHP007200,ORD007200,,04 May 2024,dtdc,520.35,Returned to Origin
SHP007201,ORD007201,23 Aug 2023,2023/09/07,ekart,63.05,Returned to Origin
SHP007202,ORD007202,14/07/2022,19-07-2022,IndiaPost,554.29,Returned to Origin
SHP007203,ORD007203,16 Oct 2023,19 Oct 2023,Ekart,230.04,Returned to Origin
SHP007204,ORD007204,10/21/2024,10/27/2024,FedEx,183.86,delivered
SHP007205,ORD007205,28-06-2024,2024/07/13,INDIAPOST,503.04,Delivered
SHP007206,ORD007206,2023-01-03,01/06/2023,BLUEDART,734.8,Delivered
SHP007207,ORD007207,2023-02-13,,Delhivery,420.38,delayed
SHP007208,ORD007208,2023/05/31,07 Jun 2023,FEDEX,575.21,LOST
SHP007209,ORD007209,12-10-2022,2022-10-13,DTDC,842.11,in transit
SHP007210,ORD007210,09/04/2023,15-04-2023,DTDC,651.36,Returned to Origin
SHP007211,ORD007211,14/08/2024,21-08-2024,IndiaPost,711.66,In Transit
SHP007212,ORD007212,19 Jan 2023,27 Jan 2023,FedEx,632.88,Returned to Origin
SHP007213,ORD007213,01/17/2023,22 Jan 2023,Delhivery,433.15,In Transit
SHP007214,ORD007214,25 Jul 2023,28-07-2023,XpressBees,605.52,Delayed
SHP007215,ORD007215,23 Apr 2022,2022-05-03,Delhivery,645.05,Returned to Origin
SHP007216,ORD007216,09/09/2022,10 Sep 2022,DTDC,129.05,IN TRANSIT
SHP007217,ORD007217,2022-06-25,10/07/2022,IndiaPost,,In Transit
SHP007218,ORD007218,03/16/2023,0000-00-00,xpressbees,486.47,Delayed
SHP007219,ORD007219,2022-07-30,01 Aug 2022,INDIAPOST,102.92,Delayed
SHP007220,ORD007220,2024/03/31,02/04/2024,Ekart,68.87,In Transit
SHP007221,ORD007221,2023-07-26,08/03/2023,BlueDart,39.24,Delivered
SHP007222,ORD007222,2022/09/18,2022/09/25,fedex,834.98,delivered
SHP007223,ORD007223,22 Mar 2024,06-04-2024,IndiaPost,328.69,Lost
SHP007224,ORD007224,0000-00-00,2023-05-29,INDIAPOST,374.82,lost
SHP007225,ORD007225,09/14/2022,21 Sep 2022,Ekart,228.03,In Transit
SHP007226,ORD007226,06/04/2022,2022/04/16,XpressBees,756.91,Lost
SHP007227,ORD007227,2023/04/22,04/28/2023,bluedart,331.27,returned to origin
SHP007228,ORD007228,26-03-2024,2024-04-10,DELHIVERY,805.25,Returned to Origin
SHP007229,ORD007229,2022-11-12,20-11-2022,FedEx,350.32,Delivered
SHP007230,ORD007230,17/09/2022,27 Sep 2022,BlueDart,559.13,Lost
SHP007231,ORD007231,2023/05/24,31/05/2023,BLUEDART,238.13,Delayed
SHP007232,ORD007232,14/05/2022,2022/05/24,XpressBees,30.47,Delivered
SHP007233,ORD007233,2023/07/31,2023-08-03,Ekart,463.2,Lost
SHP007234,ORD007234,17-06-2022,2022/06/25,BlueDart,690.61,LOST
SHP007235,ORD007235,2024-03-19,,XpressBees,132.92,In Transit
SHP007236,ORD007236,2022/04/19,04/22/2022,XpressBees,279.24,In Transit
SHP007237,ORD007237,0000-00-00,2022/10/31,FedEx,653.34,in transit
SHP007238,ORD007238,2022-12-15,20 Dec 2022,FedEx,691.42,LOST
SHP007239,ORD007239,2024/11/17,2024-11-19,Delhivery,729.17,Delivered
SHP007240,ORD007240,2024/09/17,18/09/2024,XpressBees,127.19,Delivered
SHP007241,ORD007241,0000-00-00,09/04/2022,XpressBees,184.08,IN TRANSIT
SHP007242,ORD007242,2022-10-01,16-10-2022,IndiaPost,391.55,In Transit
SHP007243,ORD007243,2024/02/24,03/03/2024,ekart,317.33,Delayed
SHP007244,ORD007244,01-06-2022,0000-00-00,BlueDart,295.06,Delivered
SHP007245,ORD007245,02/01/2023,2023/01/05,Delhivery,542.52,Delivered
SHP007246,ORD007246,01/09/2024,05 Sep 2024,XpressBees,291.48,IN TRANSIT
SHP007247,ORD007247,24 Apr 2022,30-04-2022,Delhivery,805.07,In Transit
SHP007248,ORD007248,04/03/2024,07/03/2024,XpressBees,341.55,Returned to Origin
SHP007249,ORD007249,27-03-2023,29 Mar 2023,IndiaPost,177.3,LOST
SHP007250,ORD007250,2024-02-19,02/25/2024,IndiaPost,852.64,lost
SHP007251,ORD007251,31/07/2022,2022/08/06,BlueDart,887.24,DELAYED
SHP007252,ORD007252,04/06/2023,04/21/2023,XPRESSBEES,276.62,Delivered
SHP007253,ORD007253,2024/01/04,05 Jan 2024,Ekart,34.09,LOST
SHP007254,ORD007254,2025-01-03,2025/01/07,DTDC,473.37,Returned to Origin
SHP007255,ORD007255,08/06/2024,06/11/2024,FedEx,765.0,Returned to Origin
SHP007256,ORD007256,02-10-2024,08/10/2024,XpressBees,811.76,returned to origin
SHP007257,ORD007257,12/21/2024,12/28/2024,Ekart,863.93,Delayed
SHP007258,ORD007258,04/03/2024,03/12/2024,fedex,46.41,IN TRANSIT
SHP007259,ORD007259,02/22/2023,25/02/2023,Ekart,462.76,In Transit
SHP007260,ORD007260,15-12-2023,2023/12/17,DELHIVERY,593.71,delayed
SHP007261,ORD007261,27 Jun 2023,2023/07/12,XpressBees,645.64,in transit
SHP007262,ORD007262,2023-11-30,07/12/2023,DTDC,332.7,Delayed
SHP007263,ORD007263,2022/09/17,2022-10-02,FedEx,30.06,In Transit
SHP007264,ORD007264,01 Nov 2024,05/11/2024,FedEx,793.66,Returned to Origin
SHP007265,ORD007265,0000-00-00,28-01-2023,ekart,252.3,Delivered
SHP007266,ORD007266,31/07/2022,10/08/2022,XpressBees,,In Transit
SHP007267,ORD007267,2024/05/15,21/05/2024,XPRESSBEES,663.11,In Transit
SHP007268,ORD007268,11/12/2024,2024-12-12,BlueDart,460.98,Delivered
SHP007269,ORD007269,28/08/2022,09/03/2022,IndiaPost,825.91,In Transit
SHP007270,ORD007270,2024/06/06,21-06-2024,BlueDart,333.31,In Transit
SHP007271,ORD007271,2024-12-20,30 Dec 2024,FedEx,330.93,Delivered
SHP007272,ORD007272,02/20/2024,24-02-2024,BlueDart,627.83,Lost
SHP007273,ORD007273,04/24/2024,27-04-2024,FEDEX,717.79,Lost
SHP007274,ORD007274,2022-11-26,04/12/2022,XPRESSBEES,767.23,In Transit
SHP007275,ORD007275,2024/05/27,29/05/2024,fedex,608.23,Delivered
SHP007276,ORD007276,01/20/2023,04-02-2023,Ekart,591.22,Delayed
SHP007277,ORD007277,2024-01-05,2024-01-09,FedEx,307.84,Lost
SHP007278,ORD007278,11 Sep 2022,2022-09-12,BLUEDART,784.87,In Transit
SHP007279,ORD007279,29 Mar 2022,01-04-2022,Ekart,37.88,Delayed
SHP007280,ORD007280,0000-00-00,10/18/2024,XpressBees,,Lost
SHP007281,ORD007281,09/24/2024,09-10-2024,Ekart,104.36,DELAYED
SHP007282,ORD007282,31/01/2024,01/02/2024,DTDC,773.75,RETURNED TO ORIGIN
SHP007283,ORD007283,10/27/2023,03/11/2023,DTDC,790.55,Delayed
SHP007284,ORD007284,24-09-2022,2022/10/02,DELHIVERY,277.74,Returned to Origin
SHP007285,ORD007285,26/11/2024,,IndiaPost,555.32,Lost
SHP007286,ORD007286,2022/06/10,20 Jun 2022,XpressBees,245.59,Delayed
SHP007287,ORD007287,08 Sep 2023,2023/09/10,ekart,221.92,DELIVERED
SHP007288,ORD007288,12/09/2023,2023-12-12,FedEx,789.11,in transit
SHP007289,ORD007289,29/07/2023,,XpressBees,533.83,RETURNED TO ORIGIN
SHP007290,ORD007290,06/09/2023,2023-06-13,Ekart,754.22,in transit
SHP007291,ORD007291,2022/04/15,04/21/2022,BlueDart,382.26,Lost
SHP007292,ORD007292,16-01-2023,01/20/2023,bluedart,887.35,Lost
SHP007293,ORD007293,01/10/2024,11 Jan 2024,EKART,260.28,DELAYED
SHP007294,ORD007294,04/05/2024,19-05-2024,FedEx,642.9,Lost
SHP007295,ORD007295,02/22/2022,02-03-2022,DTDC,494.27,Returned to Origin
SHP007296,ORD007296,2022-08-01,11 Aug 2022,IndiaPost,299.26,delayed
SHP007297,ORD007297,2023/08/06,2023/08/14,DELHIVERY,742.52,Returned to Origin
SHP007298,ORD007298,30-03-2022,2022-04-14,Delhivery,799.11,DELAYED
SHP007299,ORD007299,2023/07/25,29 Jul 2023,DTDC,331.7,In Transit
SHP007300,ORD007300,2022-07-10,2022-07-17,Delhivery,635.68,Returned to Origin
SHP007301,ORD007301,06-08-2022,07-08-2022,BlueDart,89.59,In Transit
SHP007302,ORD007302,2024-12-14,2024-12-24,XpressBees,372.15,DELIVERED
SHP007303,ORD007303,04/10/2024,07 Oct 2024,BlueDart,513.25,IN TRANSIT
SHP007304,ORD007304,2022-09-26,29/09/2022,DTDC,508.16,Lost
SHP007305,ORD007305,2022/04/12,19 Apr 2022,Ekart,158.72,In Transit
SHP007306,ORD007306,15 Sep 2022,19-09-2022,DTDC,605.72,Returned to Origin
SHP007307,ORD007307,2022/08/18,26 Aug 2022,Ekart,189.48,Returned to Origin
SHP007308,ORD007308,29/05/2022,01-06-2022,DTDC,681.51,Delayed
SHP007309,ORD007309,11/03/2022,2022/03/21,xpressbees,548.0,in transit
SHP007310,ORD007310,,22/12/2023,IndiaPost,781.09,lost
SHP007311,ORD007311,17 Dec 2023,21 Dec 2023,delhivery,299.8,In Transit
SHP007312,ORD007312,09/05/2023,11 May 2023,BlueDart,83.69,DELAYED
SHP007313,ORD007313,2023/12/30,01/06/2024,DTDC,392.09,DELAYED
SHP007314,ORD007314,2024-05-28,2024/05/30,dtdc,602.13,returned to origin
SHP007315,ORD007315,,23/07/2023,XpressBees,488.46,Delivered
SHP007316,ORD007316,06/16/2022,21/06/2022,Ekart,472.43,Delivered
SHP007317,ORD007317,14/09/2024,2024/09/17,DELHIVERY,,Returned to Origin
SHP007318,ORD007318,24/12/2024,27-12-2024,IndiaPost,132.12,Delivered
SHP007319,ORD007319,2022-05-27,30/05/2022,delhivery,176.69,delayed
SHP007320,ORD007320,2022-10-01,08 Oct 2022,Delhivery,288.65,Delayed
SHP007321,ORD007321,11/05/2022,12-05-2022,BlueDart,319.93,IN TRANSIT
SHP007322,ORD007322,2023/05/23,2023-05-26,BLUEDART,501.64,In Transit
SHP007323,ORD007323,12-11-2024,2024/11/13,Ekart,577.43,Lost
SHP007324,ORD007324,07/07/2024,2024-07-13,IndiaPost,95.55,Lost
SHP007325,ORD007325,22-03-2023,2023/04/06,DELHIVERY,326.44,Lost
SHP007326,ORD007326,2023-05-29,01/06/2023,delhivery,554.47,delayed
SHP007327,ORD007327,,21 Nov 2022,XpressBees,,RETURNED TO ORIGIN
SHP007328,ORD007328,15-05-2022,18/05/2022,Delhivery,418.36,DELIVERED
SHP007329,ORD007329,2023-11-15,,BlueDart,275.78,Delivered
SHP007330,ORD007330,29-12-2022,05/01/2023,indiapost,866.18,returned to origin
SHP007331,ORD007331,10-08-2024,16-08-2024,BlueDart,739.39,Lost
SHP007332,ORD007332,26/06/2023,2023/06/30,BlueDart,73.88,Returned to Origin
SHP007333,ORD007333,2024/04/23,05/03/2024,IndiaPost,819.53,Delayed
SHP007334,ORD007334,07-02-2024,02/11/2024,XpressBees,693.93,Delivered
SHP007335,ORD007335,14-11-2023,17 Nov 2023,Delhivery,331.34,Returned to Origin
SHP007336,ORD007336,01-10-2024,2024/10/02,IndiaPost,327.45,Returned to Origin
SHP007337,ORD007337,2024/07/01,2024/07/04,Ekart,307.98,Lost
SHP007338,ORD007338,19-03-2023,03/21/2023,Delhivery,34.2,Lost
SHP007339,ORD007339,16/12/2022,17-12-2022,FedEx,814.47,in transit
SHP007340,ORD007340,08-03-2024,2024-03-16,Delhivery,625.1,Lost
SHP007341,ORD007341,21/03/2024,2024-03-25,IndiaPost,362.48,Returned to Origin
SHP007342,ORD007342,11 Mar 2023,03/21/2023,Ekart,215.46,Delivered
SHP007343,ORD007343,08-06-2023,2023-06-13,FedEx,765.23,Returned to Origin
SHP007344,ORD007344,2022-02-13,16/02/2022,Delhivery,629.31,Delivered
SHP007345,ORD007345,,2023-06-18,xpressbees,45.9,lost
SHP007346,ORD007346,2023/02/22,02 Mar 2023,XpressBees,101.87,In Transit
SHP007347,ORD007347,2022-03-04,03/19/2022,IndiaPost,150.15,Delivered
SHP007348,ORD007348,2022/07/28,2022/07/30,FedEx,770.59,Delivered
SHP007349,ORD007349,2024-03-13,03/21/2024,XpressBees,665.96,Delivered
SHP007350,ORD007350,2024-08-04,14-08-2024,BlueDart,638.57,Delayed
SHP007351,ORD007351,28 Jun 2023,03 Jul 2023,DTDC,867.37,Delivered
SHP007352,ORD007352,29/11/2022,04 Dec 2022,Delhivery,157.09,Returned to Origin
SHP007353,ORD007353,12-05-2022,17/05/2022,DTDC,125.51,Delivered
SHP007354,ORD007354,08/06/2022,13-08-2022,DELHIVERY,213.55,Returned to Origin
SHP007355,ORD007355,2022-03-19,23 Mar 2022,ekart,547.71,delivered
SHP007356,ORD007356,28 Dec 2022,31-12-2022,dtdc,692.79,delayed
SHP007357,ORD007357,2024/04/15,23-04-2024,delhivery,639.82,returned to origin
SHP007358,ORD007358,16 Nov 2022,19 Nov 2022,FedEx,646.41,Delayed
SHP007359,ORD007359,2022/01/17,18 Jan 2022,Ekart,427.94,Delayed
SHP007360,ORD007360,16-01-2023,20 Jan 2023,XpressBees,403.76,Delayed
SHP007361,ORD007361,08/23/2023,25-08-2023,FedEx,524.98,DELAYED
SHP007362,ORD007362,2022-09-18,0000-00-00,IndiaPost,116.6,Delivered
SHP007363,ORD007363,29 Apr 2022,2022/05/04,ekart,,Delayed
SHP007364,ORD007364,06/17/2023,25 Jun 2023,BlueDart,180.78,Delayed
SHP007365,ORD007365,2022-08-04,07-08-2022,XpressBees,128.15,delayed
SHP007366,ORD007366,2024/07/17,2024-08-01,bluedart,68.63,delayed
SHP007367,ORD007367,28-12-2023,12/31/2023,EKART,87.85,Delayed
SHP007368,ORD007368,2024/09/12,2024-09-19,EKART,383.34,Delivered
SHP007369,ORD007369,08 Jun 2024,2024/06/12,DELHIVERY,166.22,LOST
SHP007370,ORD007370,10-01-2023,17-01-2023,Ekart,285.71,Returned to Origin
SHP007371,ORD007371,08/24/2023,2023/09/01,indiapost,395.12,in transit
SHP007372,ORD007372,2022/10/18,20 Oct 2022,XpressBees,477.69,Delivered
SHP007373,ORD007373,27/05/2023,04 Jun 2023,IndiaPost,257.19,returned to origin
SHP007374,ORD007374,06/01/2024,02/06/2024,fedex,570.17,DELIVERED
SHP007375,ORD007375,06 May 2023,21/05/2023,IndiaPost,585.48,In Transit
SHP007376,ORD007376,2024/01/01,,Delhivery,276.55,Returned to Origin
SHP007377,ORD007377,2023/05/01,07/05/2023,Ekart,93.79,delivered
SHP007378,ORD007378,10-07-2023,18/07/2023,FedEx,30.56,Delayed
SHP007379,ORD007379,18-10-2022,20/10/2022,Ekart,540.2,In Transit
SHP007380,ORD007380,2022-09-18,2022/09/28,Delhivery,527.83,Delayed
SHP007381,ORD007381,11/08/2022,17-08-2022,DTDC,179.95,Delayed
SHP007382,ORD007382,04-08-2023,08/06/2023,IndiaPost,417.11,Delivered
SHP007383,ORD007383,2024-03-15,2024-03-19,XpressBees,300.97,delivered
SHP007384,ORD007384,14 Dec 2023,,Delhivery,550.52,Returned to Origin
SHP007385,ORD007385,28/06/2022,2022/07/03,DTDC,832.72,Delayed
SHP007386,ORD007386,2022-03-15,2022/03/25,FEDEX,530.58,Lost
SHP007387,ORD007387,15 Jan 2024,18/01/2024,DTDC,411.45,In Transit
SHP007388,ORD007388,10/23/2022,27/10/2022,DTDC,774.74,delivered
SHP007389,ORD007389,2023-08-02,03-08-2023,IndiaPost,267.82,Returned to Origin
SHP007390,ORD007390,22 Oct 2024,2024/11/06,XpressBees,128.29,Delivered
SHP007391,ORD007391,11/12/2024,15/11/2024,DTDC,686.23,DELAYED
SHP007392,ORD007392,08/05/2024,05/11/2024,FedEx,129.04,DELAYED
SHP007393,ORD007393,18/07/2022,21 Jul 2022,XpressBees,659.81,lost
SHP007394,ORD007394,2023/06/13,14 Jun 2023,DELHIVERY,840.4,Delayed
SHP007395,ORD007395,10/02/2023,25/02/2023,Ekart,297.19,In Transit
SHP007396,ORD007396,2022-06-19,06/25/2022,fedex,191.78,IN TRANSIT
SHP007397,ORD007397,,19/09/2022,FedEx,831.81,IN TRANSIT
SHP007398,ORD007398,24/06/2023,2023-07-09,XpressBees,132.88,DELIVERED
SHP007399,ORD007399,09 Jun 2022,0000-00-00,DTDC,682.73,Lost
SHP007400,ORD007400,23/09/2024,10/01/2024,ekart,727.14,in transit
SHP007401,ORD007401,2022-04-17,2022-04-20,FEDEX,756.72,In Transit
SHP007402,ORD007402,12/02/2024,05-12-2024,BlueDart,444.82,Lost
SHP007403,ORD007403,03/04/2023,2023-04-08,DTDC,552.74,Returned to Origin
SHP007404,ORD007404,09/25/2024,30/09/2024,BlueDart,599.24,In Transit
SHP007405,ORD007405,2024/07/04,2024/07/05,IndiaPost,307.7,Delayed
SHP007406,ORD007406,27/09/2022,2022-10-01,EKART,289.93,Returned to Origin
SHP007407,ORD007407,2024-07-13,18/07/2024,FedEx,483.36,In Transit
SHP007408,ORD007408,12-11-2023,19-11-2023,Delhivery,747.29,Delayed
SHP007409,ORD007409,18 Jun 2022,2022-06-21,FedEx,391.87,Delayed
SHP007410,ORD007410,2023-04-26,2023-05-06,FedEx,373.64,delayed
SHP007411,ORD007411,07/24/2023,28 Jul 2023,DELHIVERY,690.63,Returned to Origin
SHP007412,ORD007412,14 Feb 2022,0000-00-00,BlueDart,871.49,Delayed
SHP007413,ORD007413,08/03/2024,18 Aug 2024,XpressBees,622.77,DELIVERED
SHP007414,ORD007414,19 Feb 2022,02/25/2022,BlueDart,279.72,Lost
SHP007415,ORD007415,2022-10-28,2022/10/31,Delhivery,321.03,in transit
SHP007416,ORD007416,2024-09-20,09/25/2024,DTDC,49.77,Returned to Origin
SHP007417,ORD007417,21 Mar 2022,05-04-2022,XpressBees,252.12,In Transit
SHP007418,ORD007418,2024/08/15,2024-08-17,indiapost,215.63,Returned to Origin
SHP007419,ORD007419,09/06/2023,08-09-2023,DELHIVERY,66.07,returned to origin
SHP007420,ORD007420,18 Jul 2023,26-07-2023,IndiaPost,319.8,Delivered
SHP007421,ORD007421,26 May 2023,29/05/2023,DTDC,112.47,Delivered
SHP007422,ORD007422,2023-02-21,2023/02/25,BlueDart,415.29,LOST
SHP007423,ORD007423,2023-09-12,09/15/2023,XpressBees,193.7,returned to origin
SHP007424,ORD007424,2023/12/03,2023/12/07,BLUEDART,247.54,LOST
SHP007425,ORD007425,05/09/2024,24/05/2024,IndiaPost,66.08,In Transit
SHP007426,ORD007426,2023-09-11,2023/09/14,IndiaPost,422.65,In Transit
SHP007427,ORD007427,22 Nov 2024,29-11-2024,IndiaPost,180.02,DELIVERED
SHP007428,ORD007428,2024-08-08,15 Aug 2024,BlueDart,473.61,DELIVERED
SHP007429,ORD007429,21 Mar 2023,2023/03/25,DTDC,710.18,Returned to Origin
SHP007430,ORD007430,2023/08/07,2023/08/17,BlueDart,458.55,Delayed
SHP007431,ORD007431,29 Mar 2023,13-04-2023,IndiaPost,71.88,Delayed
SHP007432,ORD007432,2023/12/18,24 Dec 2023,Delhivery,512.47,RETURNED TO ORIGIN
SHP007433,ORD007433,02 Jul 2023,07/06/2023,ekart,202.4,Delayed
SHP007434,ORD007434,03/30/2023,04/04/2023,ekart,235.32,Delivered
SHP007435,ORD007435,2022/08/04,08/06/2022,xpressbees,824.87,Delayed
SHP007436,ORD007436,2024/11/10,2024-11-15,DTDC,661.47,Delayed
SHP007437,ORD007437,01/07/2024,10/01/2024,DTDC,523.57,RETURNED TO ORIGIN
SHP007438,ORD007438,2022-05-02,12/05/2022,Delhivery,490.84,In Transit
SHP007439,ORD007439,10/04/2023,10/14/2023,FedEx,120.52,delayed
SHP007440,ORD007440,09/07/2022,2022-09-13,BlueDart,331.6,lost
SHP007441,ORD007441,23/11/2022,24-11-2022,DTDC,161.9,DELAYED
SHP007442,ORD007442,28/02/2022,2022-03-08,IndiaPost,153.82,lost
SHP007443,ORD007443,2024/03/24,26 Mar 2024,dtdc,274.31,Returned to Origin
SHP007444,ORD007444,28 Mar 2024,07 Apr 2024,DTDC,658.54,In Transit
SHP007445,ORD007445,06/23/2024,2024-06-28,fedex,782.2,Delivered
SHP007446,ORD007446,23/09/2024,27 Sep 2024,IndiaPost,331.5,In Transit
SHP007447,ORD007447,2023-06-05,12/06/2023,DTDC,555.8,Lost
SHP007448,ORD007448,2024/10/17,20/10/2024,indiapost,431.41,IN TRANSIT
SHP007449,ORD007449,08/27/2022,08/29/2022,xpressbees,143.53,Delayed
SHP007450,ORD007450,2023/05/08,2023-05-18,BlueDart,595.62,Returned to Origin
SHP007451,ORD007451,17/02/2024,2024-02-19,FEDEX,284.94,Returned to Origin
SHP007452,ORD007452,2024/03/07,08/03/2024,Delhivery,115.43,Delayed
SHP007453,ORD007453,2022-08-31,2022/09/15,IndiaPost,388.41,Delivered
SHP007454,ORD007454,0000-00-00,25-10-2023,BlueDart,826.69,DELIVERED
SHP007455,ORD007455,2024/03/22,2024-04-06,DTDC,361.2,Delayed
SHP007456,ORD007456,17 Oct 2024,2024-10-19,DTDC,391.26,DELIVERED
SHP007457,ORD007457,2022-05-03,06-05-2022,ekart,,Delivered
SHP007458,ORD007458,13 Jul 2023,2023/07/21,FedEx,588.5,Lost
SHP007459,ORD007459,2024/05/05,2024/05/20,DTDC,690.06,LOST
SHP007460,ORD007460,24/05/2024,29-05-2024,fedex,505.41,delivered
SHP007461,ORD007461,23/08/2023,25-08-2023,bluedart,145.31,delivered
SHP007462,ORD007462,01/26/2024,2024-02-05,INDIAPOST,114.94,Delayed
SHP007463,ORD007463,12/26/2022,10 Jan 2023,IndiaPost,153.07,Returned to Origin
SHP007464,ORD007464,2024/07/20,04-08-2024,BlueDart,408.91,Lost
SHP007465,ORD007465,12/16/2024,24/12/2024,Delhivery,255.95,Delayed
SHP007466,ORD007466,0000-00-00,19/12/2024,XpressBees,562.07,Lost
SHP007467,ORD007467,28/07/2023,01 Aug 2023,IndiaPost,657.13,in transit
SHP007468,ORD007468,2024-03-18,2024/03/25,FedEx,244.75,In Transit
SHP007469,ORD007469,22/04/2023,04/25/2023,Delhivery,35.13,DELIVERED
SHP007470,ORD007470,2023/05/22,24-05-2023,DTDC,461.94,DELIVERED
SHP007471,ORD007471,2022/05/22,26 May 2022,DELHIVERY,390.54,Delivered
SHP007472,ORD007472,2022/08/10,16/08/2022,FEDEX,531.92,Returned to Origin
SHP007473,ORD007473,2024/10/12,27-10-2024,Ekart,66.17,Returned to Origin
SHP007474,ORD007474,2022/10/20,25-10-2022,XpressBees,898.01,lost
SHP007475,ORD007475,24-08-2024,25 Aug 2024,XpressBees,,Returned to Origin
SHP007476,ORD007476,03/07/2024,2024/03/13,DTDC,137.23,Delayed
SHP007477,ORD007477,2023-02-10,25/02/2023,dtdc,282.13,Delivered
SHP007478,ORD007478,2023/04/02,2023/04/05,Ekart,303.08,Lost
SHP007479,ORD007479,,03-11-2024,Ekart,508.58,Delivered
SHP007480,ORD007480,2023/07/26,29/07/2023,EKART,87.7,In Transit
SHP007481,ORD007481,2022/10/28,31/10/2022,XpressBees,545.27,Delayed
SHP007482,ORD007482,23-09-2022,2022/09/27,xpressbees,236.2,Lost
SHP007483,ORD007483,2024/03/30,04/04/2024,FedEx,618.74,Delivered
SHP007484,ORD007484,2024/08/29,2024/09/02,fedex,529.94,Lost
SHP007485,ORD007485,2022-07-10,2022/07/12,Delhivery,,Lost
SHP007486,ORD007486,11-01-2024,01/16/2024,FedEx,74.84,Returned to Origin
SHP007487,ORD007487,2022-06-02,05/06/2022,Delhivery,107.04,Returned to Origin
SHP007488,ORD007488,31-07-2023,2023/08/06,BlueDart,489.27,RETURNED TO ORIGIN
SHP007489,ORD007489,2024-12-27,02-01-2025,xpressbees,351.59,In Transit
SHP007490,ORD007490,14/07/2023,17/07/2023,EKART,376.32,IN TRANSIT
SHP007491,ORD007491,07/27/2024,02/08/2024,IndiaPost,809.42,Delivered
SHP007492,ORD007492,24 Mar 2022,30-03-2022,EKART,295.0,Delayed
SHP007493,ORD007493,11/03/2023,18/03/2023,Ekart,791.54,RETURNED TO ORIGIN
SHP007494,ORD007494,28/08/2024,02-09-2024,Delhivery,532.51,Delivered
SHP007495,ORD007495,2023-06-19,06/27/2023,XpressBees,806.45,LOST
SHP007496,ORD007496,29-02-2024,06 Mar 2024,ekart,248.96,Lost
SHP007497,ORD007497,21 Jun 2024,06 Jul 2024,DTDC,777.64,In Transit
SHP007498,ORD007498,09-05-2022,2022/05/14,Delhivery,584.81,returned to origin
SHP007499,ORD007499,30-06-2023,03 Jul 2023,INDIAPOST,51.15,Lost
SHP007500,ORD007500,,2023-08-25,Ekart,48.33,Delivered
SHP007501,ORD007501,2023/05/28,2023/06/02,IndiaPost,649.1,Delayed
SHP007502,ORD007502,01/23/2023,02/07/2023,FedEx,368.34,Delivered
SHP007503,ORD007503,2024-03-31,06 Apr 2024,XpressBees,891.07,In Transit
SHP007504,ORD007504,2022/09/01,02/09/2022,FedEx,145.97,Lost
SHP007505,ORD007505,27-02-2023,2023-03-06,fedex,83.59,Delayed
SHP007506,ORD007506,10/02/2022,2022/10/04,ekart,790.41,delivered
SHP007507,ORD007507,08/04/2023,23-04-2023,Ekart,427.51,IN TRANSIT
SHP007508,ORD007508,29 Jun 2022,02 Jul 2022,DTDC,485.47,Returned to Origin
SHP007509,ORD007509,05/04/2022,04/07/2022,IndiaPost,386.72,LOST
SHP007510,ORD007510,26/07/2023,2023-08-03,Ekart,170.22,Delayed
SHP007511,ORD007511,2022-10-26,05 Nov 2022,BlueDart,351.48,delivered
SHP007512,ORD007512,2023-02-16,23 Feb 2023,INDIAPOST,486.85,Lost
SHP007513,ORD007513,01/22/2024,28/01/2024,Delhivery,154.71,Delivered
SHP007514,ORD007514,08/23/2022,2022-08-29,BlueDart,431.52,LOST
SHP007515,ORD007515,2023-08-17,25/08/2023,Delhivery,744.99,DELIVERED
SHP007516,ORD007516,02/04/2022,12/02/2022,ekart,514.32,delayed
SHP007517,ORD007517,06 Nov 2023,14-11-2023,BlueDart,87.04,In Transit
SHP007518,ORD007518,30/08/2022,09/04/2022,DTDC,541.7,Delivered
SHP007519,ORD007519,2024/11/06,11/09/2024,XpressBees,114.67,delayed
SHP007520,ORD007520,2024-05-13,17-05-2024,IndiaPost,403.71,RETURNED TO ORIGIN
SHP007521,ORD007521,29 Oct 2022,2022/10/30,IndiaPost,720.12,Delivered
SHP007522,ORD007522,2024-11-09,11/16/2024,DTDC,257.64,In Transit
SHP007523,ORD007523,06/10/2023,21-10-2023,Ekart,623.5,Delivered
SHP007524,ORD007524,27 Jun 2022,2022-07-03,FedEx,856.33,Delayed
SHP007525,ORD007525,09/13/2024,2024-09-28,FEDEX,616.34,Delivered
SHP007526,ORD007526,30 Jan 2023,2023-02-06,BLUEDART,,delayed
SHP007527,ORD007527,15/07/2023,07/16/2023,DTDC,367.48,RETURNED TO ORIGIN
SHP007528,ORD007528,10/02/2022,2022-10-12,Delhivery,685.02,Delayed
SHP007529,ORD007529,29-06-2022,03-07-2022,BlueDart,814.1,Delivered
SHP007530,ORD007530,19-02-2022,22/02/2022,ekart,690.0,Delayed
SHP007531,ORD007531,16-02-2022,22/02/2022,BlueDart,701.02,Delivered
SHP007532,ORD007532,05/10/2022,09 Oct 2022,fedex,679.91,Delayed
SHP007533,ORD007533,2022-07-17,18/07/2022,FedEx,474.21,Delayed
SHP007534,ORD007534,29 Nov 2023,2023-12-04,BLUEDART,654.61,Lost
SHP007535,ORD007535,2024/07/03,06 Jul 2024,DTDC,529.49,Returned to Origin
SHP007536,ORD007536,08-09-2023,2023/09/16,FedEx,226.26,lost
SHP007537,ORD007537,01-04-2023,04/03/2023,dtdc,452.87,delayed
SHP007538,ORD007538,05/11/2023,06/11/2023,BlueDart,106.64,RETURNED TO ORIGIN
SHP007539,ORD007539,2022/12/15,30-12-2022,BlueDart,772.6,Returned to Origin
SHP007540,ORD007540,26/03/2024,03-04-2024,DELHIVERY,183.72,Delayed
SHP007541,ORD007541,01 Mar 2023,03/04/2023,IndiaPost,482.16,RETURNED TO ORIGIN
SHP007542,ORD007542,31/01/2024,07 Feb 2024,Ekart,371.27,Returned to Origin
SHP007543,ORD007543,26 Mar 2023,03/31/2023,XpressBees,114.8,Returned to Origin
SHP007544,ORD007544,03/20/2024,03/26/2024,BlueDart,628.32,Delivered
SHP007545,ORD007545,2023-03-25,29 Mar 2023,XpressBees,693.32,Returned to Origin
SHP007546,ORD007546,01/09/2022,11 Sep 2022,FedEx,56.39,in transit
SHP007547,ORD007547,,06/01/2024,DTDC,184.76,Delivered
SHP007548,ORD007548,2022-07-06,2022/07/14,INDIAPOST,379.38,In Transit
SHP007549,ORD007549,2024/08/06,08/08/2024,FedEx,875.27,In Transit
SHP007550,ORD007550,08/02/2024,02/18/2024,FEDEX,,LOST
SHP007551,ORD007551,20 Apr 2024,30/04/2024,XpressBees,300.95,Delayed
SHP007552,ORD007552,22-09-2024,2024/09/23,Ekart,485.11,Returned to Origin
SHP007553,ORD007553,0000-00-00,08 Dec 2023,Delhivery,743.32,delivered
SHP007554,ORD007554,,06 Aug 2024,Ekart,793.43,in transit
SHP007555,ORD007555,14/06/2022,16/06/2022,DTDC,824.66,Delayed
SHP007556,ORD007556,05/24/2024,2024-06-03,BLUEDART,731.5,Returned to Origin
SHP007557,ORD007557,08/04/2023,04/13/2023,IndiaPost,880.52,delivered
SHP007558,ORD007558,09 Jun 2024,14 Jun 2024,IndiaPost,311.38,Lost
SHP007559,ORD007559,2024/06/20,2024-06-30,FedEx,365.18,In Transit
SHP007560,ORD007560,2023/12/24,27 Dec 2023,DTDC,241.64,in transit
SHP007561,ORD007561,04/23/2023,2023/04/26,XpressBees,486.64,In Transit
SHP007562,ORD007562,2023-09-14,15/09/2023,DTDC,249.31,Returned to Origin
SHP007563,ORD007563,2023/02/26,03/02/2023,IndiaPost,344.08,Returned to Origin
SHP007564,ORD007564,22/02/2023,28 Feb 2023,dtdc,620.99,In Transit
SHP007565,ORD007565,01-06-2024,06 Jun 2024,Delhivery,871.88,Delivered
SHP007566,ORD007566,13-08-2023,28/08/2023,XpressBees,296.98,Returned to Origin
SHP007567,ORD007567,12/23/2023,12/28/2023,INDIAPOST,248.16,In Transit
SHP007568,ORD007568,07 May 2022,2022/05/08,Delhivery,256.69,Delayed
SHP007569,ORD007569,29 Sep 2023,2023/09/30,DTDC,494.55,delivered
SHP007570,ORD007570,,11 Jul 2024,XpressBees,873.88,Lost
SHP007571,ORD007571,,2024-11-13,DTDC,173.68,In Transit
SHP007572,ORD007572,,2022-03-08,INDIAPOST,506.08,IN TRANSIT
SHP007573,ORD007573,07-10-2022,10/08/2022,IndiaPost,687.71,Returned to Origin
SHP007574,ORD007574,19 Sep 2022,2022/09/22,Delhivery,82.55,Delayed
SHP007575,ORD007575,2024-02-10,16/02/2024,IndiaPost,159.52,In Transit
SHP007576,ORD007576,18-02-2023,2023/02/21,BlueDart,864.45,Lost
SHP007577,ORD007577,27 Mar 2024,03 Apr 2024,BlueDart,324.23,Delivered
SHP007578,ORD007578,23/10/2023,2023-10-28,DTDC,674.03,LOST
SHP007579,ORD007579,26 Sep 2022,2022/10/02,XpressBees,786.38,IN TRANSIT
SHP007580,ORD007580,2023-11-11,11/15/2023,DELHIVERY,381.77,Returned to Origin
SHP007581,ORD007581,02-09-2023,10/09/2023,DTDC,256.02,Delayed
SHP007582,ORD007582,05-02-2024,11 Feb 2024,IndiaPost,169.43,Returned to Origin
SHP007583,ORD007583,2022/10/06,07-10-2022,FedEx,356.77,DELIVERED
SHP007584,ORD007584,2023-05-01,11 May 2023,Ekart,302.72,In Transit
SHP007585,ORD007585,12/11/2024,2024/12/14,FedEx,879.82,Delayed
SHP007586,ORD007586,29 Feb 2024,05 Mar 2024,FEDEX,594.28,returned to origin
SHP007587,ORD007587,05-03-2023,2023-03-08,Delhivery,394.6,Delayed
SHP007588,ORD007588,2022/09/09,2022/09/13,BlueDart,790.47,delayed
SHP007589,ORD007589,21-08-2022,25/08/2022,XpressBees,212.71,Returned to Origin
SHP007590,ORD007590,06/11/2023,11/13/2023,Ekart,333.77,Lost
SHP007591,ORD007591,21-07-2023,27/07/2023,DTDC,231.48,Delivered
SHP007592,ORD007592,29-03-2024,05 Apr 2024,xpressbees,304.82,In Transit
SHP007593,ORD007593,02 Jan 2022,01/10/2022,XPRESSBEES,122.47,IN TRANSIT
SHP007594,ORD007594,31-01-2022,2022-02-04,delhivery,631.19,Delayed
SHP007595,ORD007595,06 Jan 2022,2022-01-16,Ekart,551.4,lost
SHP007596,ORD007596,16/02/2024,02/19/2024,IndiaPost,744.99,LOST
SHP007597,ORD007597,10/01/2022,2022/10/03,XpressBees,207.37,Lost
SHP007598,ORD007598,19-07-2022,03/08/2022,indiapost,351.91,Delivered
SHP007599,ORD007599,2023/11/07,11/22/2023,FedEx,177.89,Lost
SHP007600,ORD007600,31 Oct 2022,07/11/2022,DTDC,523.08,Lost
SHP007601,ORD007601,2023/03/21,24 Mar 2023,INDIAPOST,311.36,Delayed
SHP007602,ORD007602,11-10-2024,12/10/2024,FedEx,490.14,RETURNED TO ORIGIN
SHP007603,ORD007603,15/01/2024,2024-01-19,IndiaPost,417.66,Returned to Origin
SHP007604,ORD007604,29-11-2024,12/05/2024,IndiaPost,197.02,Delayed
SHP007605,ORD007605,26 May 2023,2023-05-31,BlueDart,561.79,In Transit
SHP007606,ORD007606,2024-05-19,22 May 2024,dtdc,193.11,delivered
SHP007607,ORD007607,28/12/2024,05-01-2025,BlueDart,828.9,lost
SHP007608,ORD007608,31 Aug 2022,08/09/2022,DTDC,372.5,Delivered
SHP007609,ORD007609,12/10/2023,2023-12-13,XpressBees,148.8,Delivered
SHP007610,ORD007610,2022/01/10,2022/01/13,XPRESSBEES,875.98,Returned to Origin
SHP007611,ORD007611,2024/11/13,20/11/2024,XpressBees,313.62,Delayed
SHP007612,ORD007612,03 May 2023,08-05-2023,BlueDart,851.44,Lost
SHP007613,ORD007613,31 Mar 2024,04/07/2024,Delhivery,69.95,Returned to Origin
SHP007614,ORD007614,01/30/2023,14 Feb 2023,BLUEDART,647.51,Lost
SHP007615,ORD007615,2022-07-26,27/07/2022,XpressBees,165.2,Delivered
SHP007616,ORD007616,2022/10/23,2022/10/30,FedEx,341.24,Lost
SHP007617,ORD007617,2022-07-22,06 Aug 2022,IndiaPost,818.17,LOST
SHP007618,ORD007618,23/04/2022,01/05/2022,INDIAPOST,572.55,Returned to Origin
SHP007619,ORD007619,27 Nov 2024,2024/12/01,FedEx,308.75,Delayed
SHP007620,ORD007620,26/02/2022,06 Mar 2022,ekart,252.25,delivered
SHP007621,ORD007621,30/05/2022,2022-06-14,Ekart,659.0,In Transit
SHP007622,ORD007622,27 Feb 2024,02/03/2024,Delhivery,76.32,In Transit
SHP007623,ORD007623,30 Nov 2024,2024/12/03,EKART,513.87,Delayed
SHP007624,ORD007624,21/01/2022,31-01-2022,BlueDart,69.92,LOST
SHP007625,ORD007625,18/12/2023,22/12/2023,Delhivery,651.69,DELIVERED
SHP007626,ORD007626,02-02-2024,2024-02-05,bluedart,38.15,Returned to Origin
SHP007627,ORD007627,30-12-2023,2024/01/14,fedex,660.01,In Transit
SHP007628,ORD007628,2022/08/01,04 Aug 2022,Delhivery,823.98,Delayed
SHP007629,ORD007629,30/06/2022,10 Jul 2022,Delhivery,400.01,Lost
SHP007630,ORD007630,29-01-2022,02/01/2022,BlueDart,654.69,DELAYED
SHP007631,ORD007631,2024-10-03,2024/10/13,BLUEDART,864.54,LOST
SHP007632,ORD007632,27-08-2022,09/03/2022,DTDC,888.74,Delayed
SHP007633,ORD007633,2023-07-28,2023/07/31,DELHIVERY,742.04,Delivered
SHP007634,ORD007634,04/11/2023,11/07/2023,IndiaPost,542.76,Returned to Origin
SHP007635,ORD007635,2023/10/15,17/10/2023,DTDC,202.08,Delayed
SHP007636,ORD007636,10-10-2022,2022/10/17,FedEx,448.35,Lost
SHP007637,ORD007637,2023-10-17,20-10-2023,fedex,106.09,Lost
SHP007638,ORD007638,2024/02/29,15/03/2024,DTDC,131.77,Lost
SHP007639,ORD007639,23/03/2024,24-03-2024,FedEx,338.33,LOST
SHP007640,ORD007640,23-04-2022,2022/04/28,DTDC,812.16,in transit
SHP007641,ORD007641,2023-03-24,03 Apr 2023,Ekart,781.32,Delayed
SHP007642,ORD007642,10/08/2022,10 Oct 2022,bluedart,102.54,In Transit
SHP007643,ORD007643,04/25/2023,2023-04-28,BlueDart,496.91,delivered
SHP007644,ORD007644,30-09-2024,10/06/2024,BlueDart,170.87,DELIVERED
SHP007645,ORD007645,20 Aug 2023,23/08/2023,IndiaPost,641.06,Returned to Origin
SHP007646,ORD007646,14 Feb 2022,02/15/2022,IndiaPost,739.19,In Transit
SHP007647,ORD007647,29 Jun 2022,2022/07/06,IndiaPost,220.48,Delivered
SHP007648,ORD007648,09/26/2023,2023-10-06,DTDC,86.0,IN TRANSIT
SHP007649,ORD007649,2024-01-19,26/01/2024,BLUEDART,330.44,In Transit
SHP007650,ORD007650,2023-03-14,03/16/2023,dtdc,145.47,delayed
SHP007651,ORD007651,10/01/2023,01/14/2023,Delhivery,415.14,Lost
SHP007652,ORD007652,07-09-2023,2023-09-14,DTDC,327.78,Returned to Origin
SHP007653,ORD007653,13-04-2023,2023-04-20,Ekart,765.58,Delivered
SHP007654,ORD007654,2022/06/14,2022/06/20,DTDC,861.7,In Transit
SHP007655,ORD007655,28/09/2022,,fedex,68.2,delayed
SHP007656,ORD007656,05/16/2023,2023-05-21,Delhivery,695.71,In Transit
SHP007657,ORD007657,21-03-2024,2024/03/24,Ekart,699.58,Delayed
SHP007658,ORD007658,21/04/2022,04/22/2022,IndiaPost,513.53,in transit
SHP007659,ORD007659,09/05/2022,05/14/2022,BLUEDART,723.53,In Transit
SHP007660,ORD007660,08-09-2023,2023/09/11,DTDC,825.86,lost
SHP007661,ORD007661,27 Jul 2023,2023-07-30,Ekart,308.27,delivered
SHP007662,ORD007662,2022/11/23,12/01/2022,EKART,820.79,in transit
SHP007663,ORD007663,10/18/2022,21-10-2022,fedex,800.2,Delivered
SHP007664,ORD007664,2023-10-03,2023/10/13,INDIAPOST,272.6,Lost
SHP007665,ORD007665,07/27/2024,06/08/2024,DTDC,248.01,Returned to Origin
SHP007666,ORD007666,2024/12/28,01/03/2025,BlueDart,97.28,DELAYED
SHP007667,ORD007667,2023/09/10,16-09-2023,BlueDart,363.1,returned to origin
SHP007668,ORD007668,2024/09/10,09/13/2024,DELHIVERY,195.24,Delayed
SHP007669,ORD007669,2022/01/14,2022/01/21,BlueDart,663.99,Lost
SHP007670,ORD007670,09/03/2023,13 Sep 2023,INDIAPOST,275.85,Lost
SHP007671,ORD007671,03 Sep 2024,06/09/2024,ekart,641.21,In Transit
SHP007672,ORD007672,06/07/2023,10/07/2023,BlueDart,621.28,In Transit
SHP007673,ORD007673,16/02/2022,23 Feb 2022,Delhivery,155.06,lost
SHP007674,ORD007674,0000-00-00,13-11-2024,fedex,137.74,Returned to Origin
SHP007675,ORD007675,08/15/2024,2024/08/22,Ekart,199.16,RETURNED TO ORIGIN
SHP007676,ORD007676,15 Jul 2022,07/18/2022,BLUEDART,771.13,Lost
SHP007677,ORD007677,19 Jul 2023,20/07/2023,XpressBees,551.91,Lost
SHP007678,ORD007678,2024/08/04,2024/08/10,BlueDart,415.23,RETURNED TO ORIGIN
SHP007679,ORD007679,,11/14/2023,INDIAPOST,664.62,Returned to Origin
SHP007680,ORD007680,08/04/2024,12 Aug 2024,Ekart,597.62,IN TRANSIT
SHP007681,ORD007681,09/23/2024,2024-10-01,Delhivery,751.52,returned to origin
SHP007682,ORD007682,15/02/2022,2022/02/19,DTDC,35.31,Returned to Origin
SHP007683,ORD007683,20 Sep 2023,2023/09/28,FedEx,298.92,Delayed
SHP007684,ORD007684,28-03-2024,,DTDC,155.71,Lost
SHP007685,ORD007685,21-03-2023,2023-04-05,XpressBees,821.6,Lost
SHP007686,ORD007686,27 Aug 2024,2024/09/06,XPRESSBEES,719.89,LOST
SHP007687,ORD007687,2023/10/18,02/11/2023,ekart,751.87,IN TRANSIT
SHP007688,ORD007688,08-07-2022,,fedex,524.55,Delivered
SHP007689,ORD007689,17-08-2023,27/08/2023,XpressBees,569.93,Delivered
SHP007690,ORD007690,24/02/2023,0000-00-00,IndiaPost,95.08,In Transit
SHP007691,ORD007691,2023-05-16,05/24/2023,DTDC,94.56,Delayed
SHP007692,ORD007692,12/09/2023,27 Sep 2023,BlueDart,813.34,DELAYED
SHP007693,ORD007693,2022/04/23,2022/05/01,xpressbees,614.72,Delivered
SHP007694,ORD007694,16/11/2023,2023-11-19,Delhivery,161.32,lost
SHP007695,ORD007695,05-04-2022,10/04/2022,XpressBees,529.01,Delivered
SHP007696,ORD007696,2023/07/09,15/07/2023,Ekart,450.14,Delivered
SHP007697,ORD007697,19/10/2023,23-10-2023,BlueDart,764.15,IN TRANSIT
SHP007698,ORD007698,15 Aug 2023,25 Aug 2023,Ekart,678.19,returned to origin
SHP007699,ORD007699,27/05/2023,30/05/2023,Ekart,388.15,Lost
SHP007700,ORD007700,01/02/2023,17 Jan 2023,Delhivery,309.81,RETURNED TO ORIGIN
SHP007701,ORD007701,04/04/2023,11 Apr 2023,Delhivery,445.93,Lost
SHP007702,ORD007702,27-06-2022,2022-07-05,Delhivery,66.63,Lost
SHP007703,ORD007703,26/08/2024,2024-09-01,XPRESSBEES,846.65,Lost
SHP007704,ORD007704,02/17/2023,2023-02-23,XpressBees,149.7,LOST
SHP007705,ORD007705,01-01-2025,03-01-2025,XpressBees,825.38,In Transit
SHP007706,ORD007706,04 Sep 2022,2022/09/10,fedex,529.97,IN TRANSIT
SHP007707,ORD007707,2022/01/26,2022/02/02,DTDC,151.55,Returned to Origin
SHP007708,ORD007708,15/09/2022,09/18/2022,IndiaPost,784.18,Returned to Origin
SHP007709,ORD007709,24/08/2023,08/09/2023,indiapost,657.48,Delayed
SHP007710,ORD007710,07-11-2022,17/11/2022,BlueDart,75.33,Returned to Origin
SHP007711,ORD007711,29 Aug 2024,08/30/2024,bluedart,594.8,Delivered
SHP007712,ORD007712,18/09/2023,25/09/2023,Ekart,387.65,Lost
SHP007713,ORD007713,,09/23/2022,FedEx,156.35,Delivered
SHP007714,ORD007714,07/13/2024,21 Jul 2024,EKART,690.77,Delivered
SHP007715,ORD007715,05/12/2022,2022/05/22,Ekart,416.14,Delivered
SHP007716,ORD007716,02/11/2022,02/12/2022,bluedart,120.03,Delivered
SHP007717,ORD007717,21 Aug 2023,22-08-2023,FedEx,784.16,DELIVERED
SHP007718,ORD007718,2023/02/27,07 Mar 2023,Ekart,131.67,returned to origin
SHP007719,ORD007719,2024/05/02,03-05-2024,DELHIVERY,205.52,IN TRANSIT
SHP007720,ORD007720,2023/09/25,26-09-2023,EKART,,Returned to Origin
SHP007721,ORD007721,06 Sep 2023,11 Sep 2023,DTDC,485.38,delayed
SHP007722,ORD007722,26 Feb 2024,02/28/2024,XpressBees,96.33,In Transit
SHP007723,ORD007723,27-11-2022,2022-11-30,Ekart,509.61,delivered
SHP007724,ORD007724,17 Nov 2022,11/23/2022,DTDC,188.68,lost
SHP007725,ORD007725,11/05/2023,12/05/2023,BlueDart,599.99,In Transit
SHP007726,ORD007726,13/02/2024,16/02/2024,dtdc,320.53,Lost
SHP007727,ORD007727,02 Jul 2022,12 Jul 2022,indiapost,723.23,returned to origin
SHP007728,ORD007728,29/05/2024,2024-06-06,xpressbees,633.24,Delivered
SHP007729,ORD007729,10/09/2024,2024-10-16,BlueDart,432.58,Delayed
SHP007730,ORD007730,31 Mar 2024,2024-04-01,Ekart,351.97,In Transit
SHP007731,ORD007731,2022/10/13,2022/10/21,dtdc,195.85,Delayed
SHP007732,ORD007732,,13 Mar 2022,BlueDart,685.02,Delivered
SHP007733,ORD007733,2022/03/20,2022-03-23,XPRESSBEES,240.03,In Transit
SHP007734,ORD007734,27/09/2024,2024-10-04,ekart,,In Transit
SHP007735,ORD007735,07-05-2024,2024-05-08,fedex,775.46,Delivered
SHP007736,ORD007736,0000-00-00,2024/08/26,DTDC,589.62,Delivered
SHP007737,ORD007737,04/09/2023,16-04-2023,DTDC,225.55,Lost
SHP007738,ORD007738,10/15/2024,10/19/2024,fedex,54.72,Returned to Origin
SHP007739,ORD007739,28/12/2024,12 Jan 2025,DTDC,157.16,DELAYED
SHP007740,ORD007740,13/05/2022,0000-00-00,BlueDart,619.61,Returned to Origin
SHP007741,ORD007741,2024-04-13,2024/04/15,FedEx,211.47,In Transit
SHP007742,ORD007742,2024/04/25,05/05/2024,FedEx,539.49,In Transit
SHP007743,ORD007743,01/10/2022,05 Oct 2022,BlueDart,494.02,Delivered
SHP007744,ORD007744,30 Jul 2023,05 Aug 2023,IndiaPost,391.27,Delivered
SHP007745,ORD007745,2023-06-22,2023-07-02,FedEx,438.57,RETURNED TO ORIGIN
SHP007746,ORD007746,02/10/2024,02/13/2024,BlueDart,571.98,RETURNED TO ORIGIN
SHP007747,ORD007747,30 Jun 2023,03/07/2023,IndiaPost,325.17,Lost
SHP007748,ORD007748,08/05/2024,20 Aug 2024,DTDC,693.46,In Transit
SHP007749,ORD007749,02/10/2023,2023-02-11,XPRESSBEES,555.29,Delayed
SHP007750,ORD007750,09/07/2023,2023/07/19,Ekart,471.27,In Transit
SHP007751,ORD007751,0000-00-00,24-11-2022,Delhivery,397.54,Delivered
SHP007752,ORD007752,06 Sep 2022,12-09-2022,delhivery,765.71,Delayed
SHP007753,ORD007753,01-09-2024,2024-09-03,Ekart,332.31,In Transit
SHP007754,ORD007754,2022/03/25,28/03/2022,BlueDart,231.53,In Transit
SHP007755,ORD007755,04/01/2023,05 Apr 2023,FedEx,862.3,Lost
SHP007756,ORD007756,04/21/2023,23 Apr 2023,fedex,350.37,Delayed
SHP007757,ORD007757,14/04/2024,29-04-2024,BlueDart,348.33,RETURNED TO ORIGIN
SHP007758,ORD007758,02 Aug 2024,2024/08/07,BlueDart,231.07,In Transit
SHP007759,ORD007759,04 Jan 2022,07 Jan 2022,BlueDart,215.35,Lost
SHP007760,ORD007760,04/14/2022,04/20/2022,FedEx,459.68,in transit
SHP007761,ORD007761,09 Mar 2022,13-03-2022,Delhivery,772.31,Delayed
SHP007762,ORD007762,2024/06/15,20/06/2024,DTDC,704.06,Lost
SHP007763,ORD007763,2024-03-06,2024-03-12,DTDC,245.83,Returned to Origin
SHP007764,ORD007764,10/17/2024,0000-00-00,DELHIVERY,635.8,Delivered
SHP007765,ORD007765,08/06/2024,2024-06-09,DTDC,206.42,Delivered
SHP007766,ORD007766,2024-05-16,,FedEx,181.55,Returned to Origin
SHP007767,ORD007767,10 Dec 2023,12/11/2023,dtdc,707.77,LOST
SHP007768,ORD007768,2022/02/02,05/02/2022,IndiaPost,796.59,Lost
SHP007769,ORD007769,27 Jun 2023,04-07-2023,FedEx,864.74,Returned to Origin
SHP007770,ORD007770,07 Feb 2024,02/10/2024,BlueDart,745.65,Returned to Origin
SHP007771,ORD007771,12/01/2024,09/12/2024,INDIAPOST,877.31,In Transit
SHP007772,ORD007772,2022-01-08,2022/01/11,DTDC,757.12,Delivered
SHP007773,ORD007773,2023-12-27,28-12-2023,DTDC,294.74,Delivered
SHP007774,ORD007774,0000-00-00,23-05-2023,FedEx,79.94,DELIVERED
SHP007775,ORD007775,11 Sep 2022,21/09/2022,XpressBees,322.53,IN TRANSIT
SHP007776,ORD007776,2023/06/15,06/18/2023,FEDEX,610.27,Delayed
SHP007777,ORD007777,23-10-2022,2022/10/29,XpressBees,569.44,delayed
SHP007778,ORD007778,2022/09/18,23 Sep 2022,indiapost,124.48,Delayed
SHP007779,ORD007779,0000-00-00,30/08/2022,Delhivery,275.4,In Transit
SHP007780,ORD007780,06/10/2024,09-10-2024,BLUEDART,642.99,Delivered
SHP007781,ORD007781,10/12/2024,2024/12/20,FedEx,771.67,Delayed
SHP007782,ORD007782,18/03/2023,0000-00-00,Ekart,94.42,Delayed
SHP007783,ORD007783,19-05-2022,2022-05-22,DTDC,579.54,Lost
SHP007784,ORD007784,06-12-2022,10 Dec 2022,Ekart,448.47,IN TRANSIT
SHP007785,ORD007785,,07/10/2022,EKART,733.37,In Transit
SHP007786,ORD007786,,02/20/2022,IndiaPost,249.44,In Transit
SHP007787,ORD007787,17-01-2022,01/27/2022,DTDC,560.15,DELIVERED
SHP007788,ORD007788,08/01/2024,08/04/2024,dtdc,721.77,Delayed
SHP007789,ORD007789,2023-03-14,03/17/2023,BlueDart,854.34,In Transit
SHP007790,ORD007790,08/02/2023,10/08/2023,XpressBees,294.13,Delayed
SHP007791,ORD007791,18-05-2024,02-06-2024,Delhivery,634.36,In Transit
SHP007792,ORD007792,14 Sep 2024,24 Sep 2024,BlueDart,520.69,in transit
SHP007793,ORD007793,13 Jun 2022,2022-06-20,BlueDart,30.67,delivered
SHP007794,ORD007794,2023/08/19,25/08/2023,XpressBees,412.39,Returned to Origin
SHP007795,ORD007795,10 Dec 2023,13-12-2023,DTDC,320.96,Delivered
SHP007796,ORD007796,08/26/2023,01 Sep 2023,Delhivery,357.23,Delivered
SHP007797,ORD007797,2023/12/25,26/12/2023,Delhivery,233.14,Delivered
SHP007798,ORD007798,25 Jun 2022,2022-06-28,BlueDart,416.85,Lost
SHP007799,ORD007799,10/08/2022,2022/08/15,DELHIVERY,289.47,In Transit
SHP007800,ORD007800,2023-07-03,18 Jul 2023,IndiaPost,729.06,In Transit
SHP007801,ORD007801,,,Ekart,88.53,Lost
SHP007802,ORD007802,06/23/2023,06/25/2023,IndiaPost,590.18,Delivered
SHP007803,ORD007803,19 Jan 2023,23-01-2023,indiapost,617.9,LOST
SHP007804,ORD007804,01/27/2023,01/30/2023,FedEx,723.19,returned to origin
SHP007805,ORD007805,24 Jul 2023,31-07-2023,BlueDart,605.39,Lost
SHP007806,ORD007806,02/12/2023,15-02-2023,IndiaPost,823.09,Delayed
SHP007807,ORD007807,29/06/2022,03-07-2022,Delhivery,137.21,In Transit
SHP007808,ORD007808,2023-03-28,2023-03-31,DTDC,689.03,Delivered
SHP007809,ORD007809,12/14/2023,22/12/2023,XpressBees,550.5,Delivered
SHP007810,ORD007810,06 Jul 2022,0000-00-00,DTDC,455.79,delayed
SHP007811,ORD007811,2024-02-04,09/02/2024,FedEx,388.56,In Transit
SHP007812,ORD007812,2024-12-28,2025-01-01,Delhivery,343.18,In Transit
SHP007813,ORD007813,2023/06/11,2023/06/12,IndiaPost,629.71,Delivered
SHP007814,ORD007814,07 Jul 2022,2022/07/13,BLUEDART,526.93,In Transit
SHP007815,ORD007815,17 Mar 2022,2022-03-20,FedEx,39.37,Delivered
SHP007816,ORD007816,12/26/2023,30/12/2023,Ekart,308.31,Returned to Origin
SHP007817,ORD007817,04-12-2022,14/12/2022,FEDEX,537.82,in transit
SHP007818,ORD007818,2024/04/07,2024-04-09,BlueDart,567.9,In Transit
SHP007819,ORD007819,2022/05/04,06 May 2022,FedEx,827.88,Lost
SHP007820,ORD007820,2022-09-24,09/28/2022,EKART,618.42,returned to origin
SHP007821,ORD007821,2022-08-17,2022-09-01,Delhivery,719.42,IN TRANSIT
SHP007822,ORD007822,03-09-2023,2023-09-18,XpressBees,514.98,lost
SHP007823,ORD007823,07/06/2024,07/09/2024,IndiaPost,628.69,Delayed
SHP007824,ORD007824,19/04/2023,04/29/2023,IndiaPost,120.26,Delayed
SHP007825,ORD007825,01/06/2024,2024-06-08,XpressBees,730.51,Delivered
SHP007826,ORD007826,14/03/2024,2024/03/21,BlueDart,190.41,In Transit
SHP007827,ORD007827,02/18/2023,2023/02/21,DTDC,610.39,Lost
SHP007828,ORD007828,2023/05/31,05/06/2023,BlueDart,338.39,Delivered
SHP007829,ORD007829,2022/04/15,30/04/2022,INDIAPOST,434.4,Returned to Origin
SHP007830,ORD007830,19 Oct 2024,,Ekart,153.4,Delayed
SHP007831,ORD007831,2024-08-06,08/21/2024,IndiaPost,320.05,In Transit
SHP007832,ORD007832,06 Oct 2022,11-10-2022,XpressBees,365.68,Delayed
SHP007833,ORD007833,06/14/2024,2024-06-29,ekart,720.69,delivered
SHP007834,ORD007834,02-03-2023,03/05/2023,DTDC,509.08,Delivered
SHP007835,ORD007835,2022-03-12,22-03-2022,IndiaPost,524.5,DELIVERED
SHP007836,ORD007836,2022-10-20,2022/10/27,FedEx,219.48,In Transit
SHP007837,ORD007837,03-08-2022,13-08-2022,Ekart,653.05,DELAYED
SHP007838,ORD007838,2024-10-31,2024/11/06,INDIAPOST,396.65,Delivered
SHP007839,ORD007839,28/10/2022,2022/11/02,FedEx,238.9,Delayed
SHP007840,ORD007840,22 Apr 2022,2022/04/26,Ekart,364.25,Lost
SHP007841,ORD007841,25-10-2023,2023-10-27,BlueDart,816.58,Lost
SHP007842,ORD007842,2024-08-24,09/01/2024,DTDC,497.27,Delayed
SHP007843,ORD007843,02-01-2024,09-01-2024,XpressBees,223.77,IN TRANSIT
SHP007844,ORD007844,2022-10-04,08 Oct 2022,BlueDart,404.09,Returned to Origin
SHP007845,ORD007845,2024/03/19,20/03/2024,BlueDart,795.61,Delivered
SHP007846,ORD007846,2024-04-11,2024-04-18,DELHIVERY,,Delivered
SHP007847,ORD007847,24 Nov 2024,2024-12-02,BlueDart,407.1,lost
SHP007848,ORD007848,21 Jan 2023,22/01/2023,FedEx,333.52,IN TRANSIT
SHP007849,ORD007849,2022/05/28,2022-06-03,INDIAPOST,111.28,Lost
SHP007850,ORD007850,08/31/2022,2022-09-03,BLUEDART,37.02,Delivered
SHP007851,ORD007851,11/04/2024,05-11-2024,DTDC,614.38,RETURNED TO ORIGIN
SHP007852,ORD007852,18 Apr 2024,04/20/2024,IndiaPost,171.25,Delayed
SHP007853,ORD007853,2023-07-29,2023/08/13,IndiaPost,126.55,RETURNED TO ORIGIN
SHP007854,ORD007854,10/07/2024,17 Jul 2024,Delhivery,58.37,DELIVERED
SHP007855,ORD007855,04/01/2022,2022-01-05,DTDC,557.14,Delivered
SHP007856,ORD007856,2024-11-22,2024-12-02,XpressBees,84.96,RETURNED TO ORIGIN
SHP007857,ORD007857,2023/09/13,09/16/2023,FedEx,716.24,In Transit
SHP007858,ORD007858,2022-08-24,30-08-2022,dtdc,290.73,Lost
SHP007859,ORD007859,08-09-2023,09/11/2023,DTDC,761.89,Delivered
SHP007860,ORD007860,09 Aug 2022,17 Aug 2022,FedEx,150.49,lost
SHP007861,ORD007861,12-04-2023,2023-04-14,Delhivery,478.28,In Transit
SHP007862,ORD007862,2022-07-22,29/07/2022,XpressBees,705.45,Returned to Origin
SHP007863,ORD007863,2024/04/17,2024-04-20,BlueDart,239.26,Returned to Origin
SHP007864,ORD007864,04 Jan 2024,19/01/2024,indiapost,,Delayed
SHP007865,ORD007865,12/30/2022,06-01-2023,Ekart,634.32,delayed
SHP007866,ORD007866,,14 Jan 2024,FedEx,262.28,LOST
SHP007867,ORD007867,2022/05/25,05/26/2022,XpressBees,864.1,Lost
SHP007868,ORD007868,09/12/2024,15/12/2024,Ekart,30.86,Delivered
SHP007869,ORD007869,2024-04-16,22 Apr 2024,BLUEDART,580.19,DELAYED
SHP007870,ORD007870,02/27/2023,03 Mar 2023,DTDC,735.21,Lost
SHP007871,ORD007871,03/03/2023,2023-03-09,DELHIVERY,96.27,Lost
SHP007872,ORD007872,2023-09-09,10/09/2023,FedEx,869.95,In Transit
SHP007873,ORD007873,10/27/2023,11/03/2023,DTDC,626.62,Delayed
SHP007874,ORD007874,02/14/2022,17/02/2022,XpressBees,163.93,Lost
SHP007875,ORD007875,17/08/2022,08/25/2022,dtdc,443.42,in transit
SHP007876,ORD007876,31 Dec 2022,04-01-2023,INDIAPOST,391.62,Delayed
SHP007877,ORD007877,02-07-2023,06 Jul 2023,IndiaPost,760.75,delayed
SHP007878,ORD007878,05/10/2022,,BlueDart,76.48,Returned to Origin
SHP007879,ORD007879,10/21/2024,2024-10-28,delhivery,262.39,lost
SHP007880,ORD007880,2024/03/18,02-04-2024,BLUEDART,,RETURNED TO ORIGIN
SHP007881,ORD007881,2023-11-09,2023/11/19,Delhivery,575.88,Delivered
SHP007882,ORD007882,2022-05-23,2022/05/26,XpressBees,681.95,In Transit
SHP007883,ORD007883,2023-09-04,09/09/2023,Ekart,728.86,Lost
SHP007884,ORD007884,17/05/2024,2024-05-22,FedEx,468.2,Returned to Origin
SHP007885,ORD007885,2022/04/14,18-04-2022,DTDC,346.37,Returned to Origin
SHP007886,ORD007886,20-03-2024,27 Mar 2024,XpressBees,441.42,Returned to Origin
SHP007887,ORD007887,14 Dec 2024,2024-12-19,FedEx,240.43,in transit
SHP007888,ORD007888,2024/12/05,2024/12/08,BlueDart,841.84,In Transit
SHP007889,ORD007889,01 Mar 2024,04 Mar 2024,Delhivery,833.47,Returned to Origin
SHP007890,ORD007890,2022-09-01,2022-09-08,fedex,421.39,In Transit
SHP007891,ORD007891,02/12/2023,06/12/2023,Ekart,554.43,Delivered
SHP007892,ORD007892,05-02-2022,08 Feb 2022,DTDC,37.93,Delivered
SHP007893,ORD007893,09/05/2022,2022/05/10,XPRESSBEES,823.57,In Transit
SHP007894,ORD007894,18/10/2024,10/22/2024,Delhivery,96.86,Delivered
SHP007895,ORD007895,02/25/2023,2023/03/04,DTDC,89.43,Delayed
SHP007896,ORD007896,07-06-2022,11/06/2022,IndiaPost,645.65,Lost
SHP007897,ORD007897,03-05-2022,09-05-2022,BlueDart,765.72,Delayed
SHP007898,ORD007898,21 May 2023,05 Jun 2023,IndiaPost,697.91,Lost
SHP007899,ORD007899,,15/08/2023,ekart,217.92,Lost
SHP007900,ORD007900,08/23/2022,08/26/2022,Delhivery,80.48,RETURNED TO ORIGIN
SHP007901,ORD007901,09/28/2022,2022-10-02,DELHIVERY,757.32,Lost
SHP007902,ORD007902,08/16/2022,2022/08/17,DTDC,337.77,Lost
SHP007903,ORD007903,05/22/2023,28/05/2023,Delhivery,105.61,DELAYED
SHP007904,ORD007904,04/08/2024,04/13/2024,Delhivery,298.61,Returned to Origin
SHP007905,ORD007905,,25 Sep 2022,XpressBees,158.85,Delayed
SHP007906,ORD007906,2024-05-11,2024/05/13,indiapost,711.86,delayed
SHP007907,ORD007907,2022-03-04,08/03/2022,BlueDart,259.53,Lost
SHP007908,ORD007908,2024-07-05,08 Jul 2024,Delhivery,350.59,Delivered
SHP007909,ORD007909,,07/13/2024,DTDC,861.86,Delivered
SHP007910,ORD007910,27 Aug 2023,04/09/2023,Delhivery,222.86,Delayed
SHP007911,ORD007911,03/06/2024,03/14/2024,FedEx,470.48,in transit
SHP007912,ORD007912,2023-07-07,13-07-2023,FedEx,176.06,Delayed
SHP007913,ORD007913,11/09/2023,2023/09/12,dtdc,85.36,RETURNED TO ORIGIN
SHP007914,ORD007914,14 Jun 2023,18 Jun 2023,indiapost,55.72,lost
SHP007915,ORD007915,02/09/2022,2022/09/05,EKART,746.56,In Transit
SHP007916,ORD007916,,21 Jun 2023,indiapost,471.17,Delayed
SHP007917,ORD007917,2023-11-06,09/11/2023,FedEx,465.46,In Transit
SHP007918,ORD007918,05-03-2022,06 Mar 2022,FedEx,787.64,in transit
SHP007919,ORD007919,01-07-2024,11/07/2024,BlueDart,774.42,In Transit
SHP007920,ORD007920,09 Aug 2022,08/12/2022,EKART,177.51,In Transit
SHP007921,ORD007921,09/22/2023,2023/09/24,FedEx,832.11,in transit
SHP007922,ORD007922,15-10-2022,2022/10/22,XpressBees,419.74,delivered
SHP007923,ORD007923,2024/06/23,03-07-2024,BlueDart,559.26,In Transit
SHP007924,ORD007924,2024-10-10,14-10-2024,Ekart,181.89,Delayed
SHP007925,ORD007925,04/01/2023,04/03/2023,FedEx,498.41,DELIVERED
SHP007926,ORD007926,12/14/2022,22 Dec 2022,XpressBees,845.49,Delayed
SHP007927,ORD007927,04/01/2023,07/04/2023,DTDC,86.77,Delivered
SHP007928,ORD007928,11/29/2023,05/12/2023,Ekart,362.69,Returned to Origin
SHP007929,ORD007929,2023/05/09,10-05-2023,EKART,104.79,Delivered
SHP007930,ORD007930,2022-09-22,29-09-2022,FEDEX,332.37,Returned to Origin
SHP007931,ORD007931,15 Apr 2022,04/23/2022,IndiaPost,409.04,In Transit
SHP007932,ORD007932,02/05/2022,06/02/2022,DTDC,675.45,Delivered
SHP007933,ORD007933,22/02/2023,25/02/2023,Delhivery,624.34,In Transit
SHP007934,ORD007934,20/06/2022,2022-06-27,EKART,866.79,Delayed
SHP007935,ORD007935,2024-09-24,09/27/2024,XpressBees,556.06,LOST
SHP007936,ORD007936,05/01/2022,08-01-2022,Delhivery,411.27,Delivered
SHP007937,ORD007937,14/09/2022,09/17/2022,BlueDart,230.57,In Transit
SHP007938,ORD007938,2022-09-24,2022-09-27,FedEx,464.96,Delivered
SHP007939,ORD007939,08 Jan 2022,13/01/2022,IndiaPost,421.14,delivered
SHP007940,ORD007940,12/03/2022,13/03/2022,XPRESSBEES,316.56,Lost
SHP007941,ORD007941,20/08/2024,2024/08/25,bluedart,338.12,IN TRANSIT
SHP007942,ORD007942,02/27/2023,04-03-2023,DTDC,660.57,in transit
SHP007943,ORD007943,29-08-2024,09/04/2024,indiapost,383.68,Lost
SHP007944,ORD007944,2023/09/14,2023/09/24,Ekart,109.41,In Transit
SHP007945,ORD007945,2024/11/14,2024/11/18,Delhivery,134.54,Lost
SHP007946,ORD007946,27 Jul 2022,2022/08/11,Delhivery,84.71,Returned to Origin
SHP007947,ORD007947,2023/03/21,27-03-2023,BlueDart,175.41,delayed
SHP007948,ORD007948,2023-10-16,24 Oct 2023,DTDC,785.13,Delivered
SHP007949,ORD007949,2023/05/16,2023/05/19,DTDC,507.29,Delayed
SHP007950,ORD007950,18/10/2024,10/20/2024,IndiaPost,522.06,Returned to Origin
SHP007951,ORD007951,2022/04/18,28/04/2022,EKART,277.01,delayed
SHP007952,ORD007952,02/06/2022,2022-02-09,Ekart,758.17,Delivered
SHP007953,ORD007953,24-01-2024,2024/01/27,DELHIVERY,346.45,Returned to Origin
SHP007954,ORD007954,02/23/2022,03/02/2022,XpressBees,591.62,LOST
SHP007955,ORD007955,31-10-2023,2023/11/07,BlueDart,,lost
SHP007956,ORD007956,2024-09-22,2024/09/26,IndiaPost,747.97,Delayed
SHP007957,ORD007957,2022-03-30,03 Apr 2022,xpressbees,585.0,Delivered
SHP007958,ORD007958,2022-04-07,2022-04-08,delhivery,889.37,Delayed
SHP007959,ORD007959,11 Jan 2024,15-01-2024,bluedart,741.86,Delayed
SHP007960,ORD007960,2022-07-12,27/07/2022,FedEx,223.48,Lost
SHP007961,ORD007961,16/04/2024,18-04-2024,BlueDart,459.61,LOST
SHP007962,ORD007962,15/06/2024,06/22/2024,BLUEDART,239.65,Delivered
SHP007963,ORD007963,2023-11-10,2023/11/14,IndiaPost,53.59,Lost
SHP007964,ORD007964,2023-02-04,2023-02-05,FEDEX,138.76,LOST
SHP007965,ORD007965,2022/01/24,28 Jan 2022,Ekart,,Delayed
SHP007966,ORD007966,09/15/2024,09/23/2024,Delhivery,317.59,Delayed
SHP007967,ORD007967,13-12-2023,2023/12/17,IndiaPost,190.57,Lost
SHP007968,ORD007968,20 Apr 2024,04/25/2024,FedEx,462.74,Returned to Origin
SHP007969,ORD007969,2023/06/15,2023/06/30,dtdc,752.31,In Transit
SHP007970,ORD007970,17-12-2023,2023/12/23,DTDC,717.53,Delayed
SHP007971,ORD007971,2024/06/09,06/13/2024,bluedart,772.49,Lost
SHP007972,ORD007972,06/07/2024,2024-07-07,bluedart,559.94,Lost
SHP007973,ORD007973,06/12/2022,12-12-2022,BlueDart,259.07,Delivered
SHP007974,ORD007974,08-11-2023,15-11-2023,FedEx,600.71,RETURNED TO ORIGIN
SHP007975,ORD007975,0000-00-00,20-09-2024,Ekart,168.73,In Transit
SHP007976,ORD007976,04/14/2024,20/04/2024,DTDC,400.72,Delayed
SHP007977,ORD007977,22/08/2022,30 Aug 2022,Delhivery,768.68,returned to origin
SHP007978,ORD007978,03-03-2023,06/03/2023,XpressBees,833.98,Lost
SHP007979,ORD007979,29-11-2024,30 Nov 2024,XpressBees,830.39,in transit
SHP007980,ORD007980,07/11/2022,12-11-2022,BlueDart,310.66,In Transit
SHP007981,ORD007981,09/10/2024,2024-09-16,IndiaPost,619.51,in transit
SHP007982,ORD007982,2024/05/14,15 May 2024,IndiaPost,641.26,Returned to Origin
SHP007983,ORD007983,18 Nov 2024,11/28/2024,delhivery,84.64,Delayed
SHP007984,ORD007984,04/16/2024,23/04/2024,Delhivery,532.39,In Transit
SHP007985,ORD007985,28 Jun 2022,2022/07/02,EKART,274.86,Delivered
SHP007986,ORD007986,03 Oct 2022,18 Oct 2022,dtdc,603.83,In Transit
SHP007987,ORD007987,2023-09-08,11 Sep 2023,indiapost,346.11,Lost
SHP007988,ORD007988,19 Jan 2023,01/21/2023,XpressBees,203.27,Lost
SHP007989,ORD007989,27 Jun 2022,2022/06/30,IndiaPost,729.42,Returned to Origin
SHP007990,ORD007990,26 Jul 2023,08/05/2023,DTDC,353.72,Lost
SHP007991,ORD007991,2024/06/09,06/14/2024,BlueDart,828.82,Returned to Origin
SHP007992,ORD007992,06-08-2023,09/08/2023,dtdc,631.96,Delivered
SHP007993,ORD007993,11 Feb 2022,02/26/2022,IndiaPost,451.33,Lost
SHP007994,ORD007994,04-11-2024,06 Nov 2024,Delhivery,349.58,Delayed
SHP007995,ORD007995,18/08/2023,25/08/2023,bluedart,574.93,Delivered
SHP007996,ORD007996,05/31/2023,0000-00-00,Delhivery,439.93,IN TRANSIT
SHP007997,ORD007997,2024/06/18,21-06-2024,XpressBees,432.54,Delayed
SHP007998,ORD007998,04/07/2024,10/07/2024,Delhivery,811.36,Returned to Origin
SHP007999,ORD007999,29 Dec 2024,30/12/2024,FedEx,175.27,Returned to Origin
SHP008000,ORD008000,2023/07/04,,Delhivery,663.12,Returned to Origin
SHP008001,ORD008001,02/17/2022,2022/03/04,DELHIVERY,815.75,Delayed
SHP008002,ORD008002,12/12/2022,13/12/2022,DTDC,236.56,Lost
SHP008003,ORD008003,2022/02/26,2022-03-06,Delhivery,395.56,DELIVERED
SHP008004,ORD008004,2024-09-14,09/15/2024,IndiaPost,271.79,Returned to Origin
SHP008005,ORD008005,2024-04-23,30-04-2024,Ekart,174.99,Delivered
SHP008006,ORD008006,02/21/2023,02/26/2023,Ekart,554.61,In Transit
SHP008007,ORD008007,2024-11-27,30/11/2024,DTDC,226.36,Delivered
SHP008008,ORD008008,20 Aug 2024,2024/08/25,EKART,819.27,Delivered
SHP008009,ORD008009,15-05-2024,17-05-2024,FedEx,700.05,Delayed
SHP008010,ORD008010,31 Jul 2024,15-08-2024,DTDC,887.06,Returned to Origin
SHP008011,ORD008011,2023/01/23,2023/02/07,dtdc,497.19,Lost
SHP008012,ORD008012,10 Oct 2023,12-10-2023,XpressBees,694.89,delayed
SHP008013,ORD008013,29/11/2024,2024-12-03,Ekart,820.1,IN TRANSIT
SHP008014,ORD008014,27/07/2024,2024/08/01,Ekart,507.97,delivered
SHP008015,ORD008015,26/04/2023,2023/05/11,DTDC,379.92,Lost
SHP008016,ORD008016,14 Jan 2022,01/29/2022,DTDC,850.13,In Transit
SHP008017,ORD008017,17-10-2022,19 Oct 2022,XpressBees,528.01,delivered
SHP008018,ORD008018,2024-06-12,06/15/2024,DTDC,,In Transit
SHP008019,ORD008019,08/02/2023,13 Feb 2023,BlueDart,787.14,Delayed
SHP008020,ORD008020,14 Jun 2022,0000-00-00,Delhivery,253.6,Delivered
SHP008021,ORD008021,22 Sep 2024,27-09-2024,BlueDart,658.53,Delayed
SHP008022,ORD008022,02-03-2024,2024-03-10,XpressBees,609.06,delivered
SHP008023,ORD008023,2023-12-19,12/29/2023,FedEx,70.48,IN TRANSIT
SHP008024,ORD008024,17 May 2024,2024-05-20,EKART,834.73,Returned to Origin
SHP008025,ORD008025,23-07-2024,07/28/2024,DTDC,376.66,Returned to Origin
SHP008026,ORD008026,0000-00-00,21 Nov 2022,DTDC,861.11,Lost
SHP008027,ORD008027,02/10/2023,02/25/2023,FedEx,56.47,Lost
SHP008028,ORD008028,29 Dec 2024,2025/01/01,Delhivery,882.21,Lost
SHP008029,ORD008029,2024/03/23,29 Mar 2024,BlueDart,432.8,delayed
SHP008030,ORD008030,,08/06/2022,xpressbees,869.54,Delivered
SHP008031,ORD008031,2024-12-22,25 Dec 2024,XpressBees,347.65,Returned to Origin
SHP008032,ORD008032,13 May 2024,05/18/2024,DTDC,575.82,In Transit
SHP008033,ORD008033,20 Mar 2022,03/28/2022,fedex,655.9,DELIVERED
SHP008034,ORD008034,29/12/2023,,XPRESSBEES,743.18,lost
SHP008035,ORD008035,10/12/2023,25 Dec 2023,Delhivery,521.19,Delivered
SHP008036,ORD008036,0000-00-00,20/02/2023,IndiaPost,150.6,In Transit
SHP008037,ORD008037,11/30/2022,2022/12/02,BlueDart,691.93,Returned to Origin
SHP008038,ORD008038,2023-07-07,07/10/2023,Delhivery,32.96,Delivered
SHP008039,ORD008039,11/16/2023,21-11-2023,FEDEX,539.24,In Transit
SHP008040,ORD008040,05/01/2023,11-05-2023,dtdc,369.21,Delayed
SHP008041,ORD008041,27 Oct 2022,2022/11/01,xpressbees,203.99,delayed
SHP008042,ORD008042,2023-02-02,2023/02/05,XpressBees,473.81,delivered
SHP008043,ORD008043,01/02/2024,06 Feb 2024,IndiaPost,738.81,DELIVERED
SHP008044,ORD008044,04-12-2024,08/12/2024,Ekart,683.54,Returned to Origin
SHP008045,ORD008045,30 Oct 2023,2023-10-31,DTDC,236.85,Delivered
SHP008046,ORD008046,07-08-2023,08/22/2023,IndiaPost,60.96,Returned to Origin
SHP008047,ORD008047,2022/02/06,2022-02-21,INDIAPOST,796.24,Delivered
SHP008048,ORD008048,30/05/2023,02-06-2023,DTDC,892.98,lost
SHP008049,ORD008049,20-10-2023,23 Oct 2023,Ekart,572.0,Returned to Origin
SHP008050,ORD008050,2023/07/28,2023/08/03,XpressBees,342.89,Delivered
SHP008051,ORD008051,04-03-2022,2022/03/11,Ekart,883.29,Lost
SHP008052,ORD008052,2022/04/29,2022/04/30,indiapost,390.49,In Transit
SHP008053,ORD008053,14 Dec 2024,24 Dec 2024,Delhivery,508.3,Lost
SHP008054,ORD008054,2022-04-15,2022/04/25,DELHIVERY,756.2,Returned to Origin
SHP008055,ORD008055,30 Jan 2024,2024-02-09,BlueDart,619.48,Returned to Origin
SHP008056,ORD008056,19-06-2024,29-06-2024,BLUEDART,202.58,Returned to Origin
SHP008057,ORD008057,03/04/2023,2023-04-04,Delhivery,812.05,LOST
SHP008058,ORD008058,16 Jan 2023,2023/01/21,EKART,31.22,Delivered
SHP008059,ORD008059,2023/09/18,22/09/2023,XpressBees,298.51,DELAYED
SHP008060,ORD008060,29/09/2023,2023/10/09,Ekart,823.68,In Transit
SHP008061,ORD008061,06-10-2024,,IndiaPost,562.38,In Transit
SHP008062,ORD008062,19-10-2023,03 Nov 2023,DTDC,345.98,Lost
SHP008063,ORD008063,2022/06/18,06/21/2022,bluedart,784.38,Lost
SHP008064,ORD008064,03-04-2023,04/06/2023,indiapost,809.5,Returned to Origin
SHP008065,ORD008065,2024-01-20,22/01/2024,FedEx,684.29,Delivered
SHP008066,ORD008066,03-04-2023,0000-00-00,DTDC,43.37,Lost
SHP008067,ORD008067,2023-05-09,05/17/2023,BlueDart,688.32,In Transit
SHP008068,ORD008068,2023/04/05,2023-04-09,fedex,197.96,IN TRANSIT
SHP008069,ORD008069,19-02-2024,2024/02/22,FedEx,813.83,delivered
SHP008070,ORD008070,26 Jan 2022,02/02/2022,DTDC,449.62,Delayed
SHP008071,ORD008071,26 Apr 2024,01 May 2024,delhivery,187.37,In Transit
SHP008072,ORD008072,0000-00-00,2023/07/19,fedex,579.89,lost
SHP008073,ORD008073,30/12/2023,2024-01-02,XpressBees,341.16,In Transit
SHP008074,ORD008074,0000-00-00,07 Sep 2024,FedEx,687.61,returned to origin
SHP008075,ORD008075,12-01-2024,16/01/2024,FedEx,839.07,Delivered
SHP008076,ORD008076,10/20/2023,21 Oct 2023,IndiaPost,547.72,lost
SHP008077,ORD008077,10-03-2022,2022/03/13,dtdc,88.8,In Transit
SHP008078,ORD008078,2024-12-21,2024/12/27,EKART,266.34,DELIVERED
SHP008079,ORD008079,01/24/2022,0000-00-00,Ekart,358.68,lost
SHP008080,ORD008080,2023-08-30,2023/08/31,XPRESSBEES,90.19,lost
SHP008081,ORD008081,2023/01/04,2023/01/06,BlueDart,606.4,Returned to Origin
SHP008082,ORD008082,20-08-2024,27 Aug 2024,FedEx,461.76,Delayed
SHP008083,ORD008083,02 Jan 2023,07/01/2023,DTDC,610.52,Returned to Origin
SHP008084,ORD008084,15-04-2022,25-04-2022,EKART,201.95,DELIVERED
SHP008085,ORD008085,07/09/2024,24-07-2024,Ekart,196.53,RETURNED TO ORIGIN
SHP008086,ORD008086,23/07/2023,28/07/2023,IndiaPost,237.84,Delivered
SHP008087,ORD008087,,04/12/2022,indiapost,387.38,In Transit
SHP008088,ORD008088,31-10-2022,04/11/2022,Delhivery,855.92,Delayed
SHP008089,ORD008089,2024-08-15,2024-08-18,FedEx,132.26,Returned to Origin
SHP008090,ORD008090,0000-00-00,05/14/2024,EKART,232.28,Lost
SHP008091,ORD008091,04-06-2022,19-06-2022,Delhivery,802.01,LOST
SHP008092,ORD008092,2022/07/10,2022-07-17,Ekart,329.54,DELIVERED
SHP008093,ORD008093,2024-02-20,27/02/2024,bluedart,527.68,Lost
SHP008094,ORD008094,04-05-2023,05/06/2023,Delhivery,427.15,in transit
SHP008095,ORD008095,29-06-2023,07 Jul 2023,BlueDart,753.17,In Transit
SHP008096,ORD008096,08 Dec 2024,11-12-2024,Delhivery,513.3,Delayed
SHP008097,ORD008097,03/20/2023,2023-03-23,BlueDart,609.1,Delivered
SHP008098,ORD008098,03/07/2024,11 Mar 2024,BlueDart,,DELAYED
SHP008099,ORD008099,2023-03-07,,IndiaPost,148.31,Delivered
SHP008100,ORD008100,0000-00-00,09/28/2023,Delhivery,529.19,Delivered
SHP008101,ORD008101,17-02-2022,18 Feb 2022,BlueDart,843.49,Delayed
SHP008102,ORD008102,2022-01-09,2022/01/12,XpressBees,710.75,In Transit
SHP008103,ORD008103,0000-00-00,24-08-2024,XpressBees,596.23,Delayed
SHP008104,ORD008104,17-11-2022,20 Nov 2022,DTDC,556.43,Returned to Origin
SHP008105,ORD008105,2024/04/11,18-04-2024,bluedart,722.77,Delayed
SHP008106,ORD008106,17/11/2023,25/11/2023,IndiaPost,757.38,Lost
SHP008107,ORD008107,,02/08/2023,Ekart,849.2,Lost
SHP008108,ORD008108,05/05/2023,08 May 2023,Delhivery,453.46,Delivered
SHP008109,ORD008109,27/04/2023,2023/05/07,DTDC,444.97,Delayed
SHP008110,ORD008110,13 Feb 2024,17/02/2024,DTDC,859.99,Delivered
SHP008111,ORD008111,15/03/2022,2022/03/21,IndiaPost,248.32,Lost
SHP008112,ORD008112,,2024/04/15,fedex,660.53,Delayed
SHP008113,ORD008113,19/05/2022,21-05-2022,BLUEDART,419.16,in transit
SHP008114,ORD008114,2023-04-19,25-04-2023,Delhivery,771.95,Delayed
SHP008115,ORD008115,03/23/2022,03/27/2022,DTDC,582.17,Returned to Origin
SHP008116,ORD008116,2024/10/06,07-10-2024,Ekart,192.8,Delayed
SHP008117,ORD008117,27-05-2023,2023/06/02,IndiaPost,611.38,Delayed
SHP008118,ORD008118,2023-08-17,2023/08/21,XpressBees,754.56,lost
SHP008119,ORD008119,11 Nov 2024,2024-11-19,DTDC,189.89,returned to origin
SHP008120,ORD008120,05/07/2023,17/05/2023,Ekart,540.14,Lost
SHP008121,ORD008121,01/17/2023,2023/01/20,IndiaPost,604.83,Delayed
SHP008122,ORD008122,2022-11-20,05/12/2022,FedEx,546.61,returned to origin
SHP008123,ORD008123,2023-06-22,25/06/2023,FEDEX,149.86,RETURNED TO ORIGIN
SHP008124,ORD008124,2023-07-05,07/08/2023,IndiaPost,252.22,In Transit
SHP008125,ORD008125,08/15/2024,18 Aug 2024,IndiaPost,784.09,In Transit
SHP008126,ORD008126,24 Oct 2022,28-10-2022,Delhivery,500.83,DELAYED
SHP008127,ORD008127,2022-12-03,12/10/2022,IndiaPost,139.36,RETURNED TO ORIGIN
SHP008128,ORD008128,03/22/2022,2022-03-23,FedEx,150.1,Delayed
SHP008129,ORD008129,01/11/2022,11/08/2022,Ekart,204.42,Delayed
SHP008130,ORD008130,2023/11/03,11/04/2023,Delhivery,474.64,In Transit
SHP008131,ORD008131,25/07/2022,2022/07/26,EKART,749.8,IN TRANSIT
SHP008132,ORD008132,11/19/2024,04 Dec 2024,Ekart,411.89,Delayed
SHP008133,ORD008133,25 Feb 2024,03/11/2024,indiapost,470.87,In Transit
SHP008134,ORD008134,2022/05/12,05/17/2022,INDIAPOST,190.12,DELIVERED
SHP008135,ORD008135,2024-10-16,2024/10/21,BLUEDART,330.85,Returned to Origin
SHP008136,ORD008136,2024-04-26,11/05/2024,XpressBees,550.14,Lost
SHP008137,ORD008137,11/02/2023,21-02-2023,XPRESSBEES,791.22,delayed
SHP008138,ORD008138,23 Jan 2022,2022/01/25,Delhivery,750.77,Delivered
SHP008139,ORD008139,2023-08-02,17/08/2023,IndiaPost,695.74,returned to origin
SHP008140,ORD008140,08-02-2023,02/13/2023,Delhivery,63.44,Delivered
SHP008141,ORD008141,20/11/2022,27/11/2022,BLUEDART,138.07,Delayed
SHP008142,ORD008142,31-05-2024,02/06/2024,Ekart,128.54,In Transit
SHP008143,ORD008143,02/04/2024,2024/04/12,Delhivery,723.67,In Transit
SHP008144,ORD008144,2022-11-01,11/07/2022,IndiaPost,349.44,Returned to Origin
SHP008145,ORD008145,01/02/2024,09 Jan 2024,BLUEDART,171.18,Delayed
SHP008146,ORD008146,09-05-2024,,XPRESSBEES,295.93,lost
SHP008147,ORD008147,29 May 2024,13/06/2024,FedEx,344.56,Delayed
SHP008148,ORD008148,20/01/2024,27 Jan 2024,DTDC,558.48,In Transit
SHP008149,ORD008149,2023-11-30,10/12/2023,delhivery,773.57,Lost
SHP008150,ORD008150,26 May 2023,30-05-2023,FedEx,699.72,Returned to Origin
SHP008151,ORD008151,,20 Oct 2023,FEDEX,408.92,delayed
SHP008152,ORD008152,07/05/2024,20-07-2024,FedEx,821.04,LOST
SHP008153,ORD008153,2024-12-16,2024/12/24,IndiaPost,284.7,Delivered
SHP008154,ORD008154,2024-08-19,23/08/2024,XpressBees,599.63,In Transit
SHP008155,ORD008155,17/05/2022,18-05-2022,Delhivery,236.32,Lost
SHP008156,ORD008156,2023/01/08,2023-01-16,BlueDart,47.57,Returned to Origin
SHP008157,ORD008157,06/09/2024,09/08/2024,XpressBees,895.27,LOST
SHP008158,ORD008158,0000-00-00,03/19/2023,Ekart,408.16,lost
SHP008159,ORD008159,31 Jan 2024,02/10/2024,XpressBees,272.23,delayed
SHP008160,ORD008160,18 May 2022,2022/05/26,Ekart,444.91,Delivered
SHP008161,ORD008161,22/11/2023,24-11-2023,Ekart,545.34,Returned to Origin
SHP008162,ORD008162,29-11-2023,2023/12/03,fedex,221.69,In Transit
SHP008163,ORD008163,03/02/2022,2022-02-18,XPRESSBEES,568.79,Delayed
SHP008164,ORD008164,2023/12/19,22/12/2023,BLUEDART,335.24,In Transit
SHP008165,ORD008165,10 May 2024,2024-05-11,XpressBees,47.88,in transit
SHP008166,ORD008166,04/18/2024,2024/04/19,DTDC,268.2,In Transit
SHP008167,ORD008167,18-04-2022,24 Apr 2022,Delhivery,560.96,In Transit
SHP008168,ORD008168,2025/01/02,07 Jan 2025,FedEx,769.96,DELIVERED
SHP008169,ORD008169,2023/06/05,11-06-2023,BlueDart,877.92,Returned to Origin
SHP008170,ORD008170,25/03/2024,30 Mar 2024,BlueDart,206.01,Returned to Origin
SHP008171,ORD008171,13-12-2024,15 Dec 2024,FedEx,835.51,In Transit
SHP008172,ORD008172,,01/26/2024,FedEx,833.58,Delivered
SHP008173,ORD008173,11/10/2024,2024-11-11,DTDC,787.14,LOST
SHP008174,ORD008174,03/10/2023,2023-03-13,FedEx,822.59,In Transit
SHP008175,ORD008175,28-10-2022,2022/10/31,XpressBees,692.79,Delivered
SHP008176,ORD008176,25 Feb 2023,12/03/2023,Delhivery,857.26,In Transit
SHP008177,ORD008177,07/07/2022,2022-07-08,DTDC,105.93,Delivered
SHP008178,ORD008178,27/04/2023,04/05/2023,BlueDart,684.22,Delivered
SHP008179,ORD008179,,17 Sep 2023,Ekart,176.93,Returned to Origin
SHP008180,ORD008180,2023-09-19,0000-00-00,FedEx,571.8,LOST
SHP008181,ORD008181,,17-10-2022,FEDEX,54.55,Returned to Origin
SHP008182,ORD008182,22-03-2023,06/04/2023,DTDC,786.83,In Transit
SHP008183,ORD008183,2024-06-17,2024/06/27,IndiaPost,740.2,Returned to Origin
SHP008184,ORD008184,2024/01/06,16/01/2024,XpressBees,44.82,Lost
SHP008185,ORD008185,06/06/2023,21 Jun 2023,XpressBees,102.73,LOST
SHP008186,ORD008186,28 Jan 2024,01/02/2024,indiapost,66.84,In Transit
SHP008187,ORD008187,08-05-2023,13/05/2023,FedEx,346.64,Delivered
SHP008188,ORD008188,05 Sep 2023,10 Sep 2023,bluedart,30.1,Lost
SHP008189,ORD008189,31/07/2024,2024-08-06,IndiaPost,858.39,Returned to Origin
SHP008190,ORD008190,2022/01/10,11 Jan 2022,DTDC,720.26,In Transit
SHP008191,ORD008191,2023/02/18,19-02-2023,xpressbees,243.0,Returned to Origin
SHP008192,ORD008192,2023-07-31,,BlueDart,407.13,delayed
SHP008193,ORD008193,2023-08-05,2023-08-15,BLUEDART,167.38,Delivered
SHP008194,ORD008194,09/04/2023,10/09/2023,FEDEX,99.46,DELAYED
SHP008195,ORD008195,2022/04/25,2022/05/01,DTDC,198.84,returned to origin
SHP008196,ORD008196,01/21/2023,01/25/2023,DELHIVERY,533.32,In Transit
SHP008197,ORD008197,14 Oct 2024,2024-10-18,bluedart,125.86,Returned to Origin
SHP008198,ORD008198,2022/01/12,20-01-2022,IndiaPost,440.07,returned to origin
SHP008199,ORD008199,0000-00-00,04/15/2023,FEDEX,290.33,Lost
SHP008200,ORD008200,23/09/2022,2022/09/27,DTDC,168.68,returned to origin
SHP008201,ORD008201,20-07-2023,07/22/2023,Ekart,589.1,Delivered
SHP008202,ORD008202,10/02/2024,02/11/2024,Delhivery,132.56,Lost
SHP008203,ORD008203,07/25/2022,08/04/2022,Delhivery,811.95,Returned to Origin
SHP008204,ORD008204,2024-05-21,05/23/2024,XpressBees,726.98,lost
SHP008205,ORD008205,,,DTDC,54.76,Delayed
SHP008206,ORD008206,31/08/2023,09/06/2023,bluedart,132.23,Delayed
SHP008207,ORD008207,27 Jun 2022,01 Jul 2022,BlueDart,638.2,In Transit
SHP008208,ORD008208,01/19/2024,2024-01-25,fedex,491.24,IN TRANSIT
SHP008209,ORD008209,2023/03/17,2023-04-01,BlueDart,538.04,Delayed
SHP008210,ORD008210,16-09-2024,23-09-2024,XpressBees,898.5,In Transit
SHP008211,ORD008211,,24/02/2022,BlueDart,248.77,Returned to Origin
SHP008212,ORD008212,06/02/2022,0000-00-00,EKART,588.15,Delayed
SHP008213,ORD008213,2024-03-29,31/03/2024,EKART,792.98,LOST
SHP008214,ORD008214,0000-00-00,11-10-2022,FedEx,225.64,Returned to Origin
SHP008215,ORD008215,11/04/2024,11/11/2024,Ekart,82.59,Delivered
SHP008216,ORD008216,2023-04-18,25-04-2023,XpressBees,551.81,Delivered
SHP008217,ORD008217,,2024/08/18,DTDC,323.54,Lost
SHP008218,ORD008218,06 Oct 2024,2024-10-10,DELHIVERY,777.41,Lost
SHP008219,ORD008219,2024-05-24,05/29/2024,IndiaPost,867.7,lost
SHP008220,ORD008220,2023-02-27,2023-03-05,Delhivery,341.63,Delayed
SHP008221,ORD008221,02/03/2024,02/10/2024,IndiaPost,375.0,delayed
SHP008222,ORD008222,2023/11/25,2023/11/28,Ekart,648.26,Delivered
SHP008223,ORD008223,10/13/2024,10/28/2024,XpressBees,792.31,Lost
SHP008224,ORD008224,06/29/2023,06/30/2023,bluedart,726.87,LOST
SHP008225,ORD008225,,24 Apr 2024,xpressbees,366.0,delivered
SHP008226,ORD008226,16/12/2022,2022-12-22,DTDC,628.99,Delivered
SHP008227,ORD008227,12 Mar 2022,2022-03-16,IndiaPost,469.44,IN TRANSIT
SHP008228,ORD008228,09-05-2022,2022/05/24,IndiaPost,347.47,Returned to Origin
SHP008229,ORD008229,01/02/2023,02/02/2023,Ekart,168.68,Delayed
SHP008230,ORD008230,12/02/2024,0000-00-00,BLUEDART,237.86,Delivered
SHP008231,ORD008231,30-03-2023,04/03/2023,IndiaPost,116.01,Delayed
SHP008232,ORD008232,26-06-2024,07/01/2024,Delhivery,327.53,Delayed
SHP008233,ORD008233,22/11/2024,24/11/2024,Ekart,404.12,Delayed
SHP008234,ORD008234,10 May 2022,17/05/2022,FedEx,373.25,Returned to Origin
SHP008235,ORD008235,09/28/2022,2022-10-03,indiapost,356.97,Returned to Origin
SHP008236,ORD008236,2022/12/17,2022-12-27,XPRESSBEES,593.05,Lost
SHP008237,ORD008237,06-10-2022,10/11/2022,Delhivery,293.78,In Transit
SHP008238,ORD008238,2023/03/11,2023/03/15,IndiaPost,588.74,In Transit
SHP008239,ORD008239,2022-12-19,29-12-2022,DTDC,473.95,Lost
SHP008240,ORD008240,2023-09-02,2023/09/04,BlueDart,744.3,Delayed
SHP008241,ORD008241,11/07/2024,12-11-2024,XpressBees,52.24,Returned to Origin
SHP008242,ORD008242,27-01-2024,31 Jan 2024,XpressBees,370.98,Delayed
SHP008243,ORD008243,2022/11/13,18 Nov 2022,DTDC,341.64,returned to origin
SHP008244,ORD008244,21 Jan 2023,2023/01/28,XpressBees,307.72,DELIVERED
SHP008245,ORD008245,07/03/2023,11 Jul 2023,IndiaPost,411.53,Lost
SHP008246,ORD008246,06/02/2022,09/02/2022,FedEx,823.54,Returned to Origin
SHP008247,ORD008247,23 Mar 2024,24-03-2024,Ekart,715.13,Delivered
SHP008248,ORD008248,2024/06/08,06/11/2024,DELHIVERY,592.63,DELIVERED
SHP008249,ORD008249,03/08/2023,08/13/2023,indiapost,235.46,In Transit
SHP008250,ORD008250,0000-00-00,11/06/2024,Ekart,709.47,Lost
SHP008251,ORD008251,2022-05-08,12-05-2022,XpressBees,351.27,Returned to Origin
SHP008252,ORD008252,31 Oct 2023,2023/11/02,Delhivery,432.57,DELIVERED
SHP008253,ORD008253,2024-04-14,17 Apr 2024,BLUEDART,488.78,delayed
SHP008254,ORD008254,20 Sep 2024,25-09-2024,BlueDart,273.68,DELIVERED
SHP008255,ORD008255,16/11/2022,2022/11/21,Delhivery,528.59,Lost
SHP008256,ORD008256,2022/03/16,2022-03-22,xpressbees,876.23,In Transit
SHP008257,ORD008257,30-06-2024,07/07/2024,IndiaPost,170.1,Delayed
SHP008258,ORD008258,2024-07-10,18 Jul 2024,XpressBees,810.79,Lost
SHP008259,ORD008259,31 Dec 2023,01/08/2024,IndiaPost,430.88,delayed
SHP008260,ORD008260,28/02/2022,03/10/2022,XPRESSBEES,865.67,LOST
SHP008261,ORD008261,05/13/2024,18/05/2024,delhivery,390.44,Delayed
SHP008262,ORD008262,2022/04/25,04/28/2022,BlueDart,762.39,Delayed
SHP008263,ORD008263,10/17/2024,18/10/2024,indiapost,649.98,Lost
SHP008264,ORD008264,2024/10/02,2024-10-03,IndiaPost,602.67,Returned to Origin
SHP008265,ORD008265,14 Oct 2022,15-10-2022,Delhivery,813.45,Delayed
SHP008266,ORD008266,16 Nov 2023,2023-11-20,FEDEX,571.49,In Transit
SHP008267,ORD008267,2022/12/13,2022/12/16,Delhivery,94.66,In Transit
SHP008268,ORD008268,17-06-2023,06/19/2023,delhivery,582.48,In Transit
SHP008269,ORD008269,28 Feb 2024,02 Mar 2024,BlueDart,638.51,Delayed
SHP008270,ORD008270,2023-06-14,2023-06-17,FedEx,762.73,Lost
SHP008271,ORD008271,17 Dec 2024,21-12-2024,BLUEDART,334.09,in transit
SHP008272,ORD008272,28 May 2023,12-06-2023,BlueDart,335.18,In Transit
SHP008273,ORD008273,06/06/2022,06/14/2022,xpressbees,139.07,Delayed
SHP008274,ORD008274,29-06-2024,2024-07-03,Delhivery,440.48,In Transit
SHP008275,ORD008275,11-03-2023,19 Mar 2023,XpressBees,485.92,Delayed
SHP008276,ORD008276,18/12/2023,02 Jan 2024,XPRESSBEES,348.84,in transit
SHP008277,ORD008277,05 Jul 2024,12/07/2024,INDIAPOST,91.21,Lost
SHP008278,ORD008278,2024/08/29,03/09/2024,Delhivery,172.25,Delayed
SHP008279,ORD008279,03/10/2022,2022-10-05,delhivery,792.56,Delivered
SHP008280,ORD008280,01/15/2022,2022-01-16,DTDC,376.95,RETURNED TO ORIGIN
SHP008281,ORD008281,2023/05/12,17/05/2023,FedEx,223.12,Returned to Origin
SHP008282,ORD008282,09 Nov 2023,11/17/2023,DTDC,682.32,Lost
SHP008283,ORD008283,11/14/2022,11/19/2022,Ekart,830.58,returned to origin
SHP008284,ORD008284,15-07-2024,07/16/2024,XpressBees,889.1,Delayed
SHP008285,ORD008285,05/03/2024,03/09/2024,DTDC,381.68,Returned to Origin
SHP008286,ORD008286,12/07/2022,13/07/2022,XpressBees,843.86,Delivered
SHP008287,ORD008287,2022-11-14,21/11/2022,FedEx,211.64,Returned to Origin
SHP008288,ORD008288,30 Dec 2024,2025-01-14,IndiaPost,559.32,Delayed
SHP008289,ORD008289,24 Sep 2022,2022-09-29,BLUEDART,570.76,delivered
SHP008290,ORD008290,2024-10-31,05/11/2024,DTDC,185.97,Delayed
SHP008291,ORD008291,10/11/2022,2022-11-20,DTDC,708.67,in transit
SHP008292,ORD008292,09 May 2024,2024/05/10,DTDC,618.46,Delivered
SHP008293,ORD008293,24/11/2023,02-12-2023,XpressBees,140.94,Lost
SHP008294,ORD008294,07/06/2022,10 Jul 2022,dtdc,,Delivered
SHP008295,ORD008295,07 Jan 2024,22/01/2024,XpressBees,254.58,In Transit
SHP008296,ORD008296,2023/03/31,2023/04/15,XpressBees,609.65,LOST
SHP008297,ORD008297,08-08-2024,08/11/2024,Delhivery,151.5,Delivered
SHP008298,ORD008298,22 Dec 2024,,Delhivery,180.48,Lost
SHP008299,ORD008299,2024/10/30,11/09/2024,IndiaPost,252.98,Returned to Origin
SHP008300,ORD008300,01/20/2022,2022/01/30,bluedart,561.53,Returned to Origin
SHP008301,ORD008301,01/16/2022,18 Jan 2022,Delhivery,31.34,Lost
SHP008302,ORD008302,27/05/2023,30/05/2023,XpressBees,61.47,delayed
SHP008303,ORD008303,23/01/2022,2022-01-25,ekart,444.19,Delivered
SHP008304,ORD008304,11/04/2024,04/19/2024,bluedart,222.0,RETURNED TO ORIGIN
SHP008305,ORD008305,07-05-2022,05/11/2022,Delhivery,844.65,In Transit
SHP008306,ORD008306,08 Apr 2024,15-04-2024,fedex,482.08,Returned to Origin
SHP008307,ORD008307,31/08/2023,03-09-2023,ekart,787.86,Delivered
SHP008308,ORD008308,08/28/2022,2022-09-05,IndiaPost,47.32,delivered
SHP008309,ORD008309,2023-03-22,30 Mar 2023,IndiaPost,167.96,IN TRANSIT
SHP008310,ORD008310,24 Sep 2024,2024-10-04,Delhivery,592.39,RETURNED TO ORIGIN
SHP008311,ORD008311,22/03/2024,06/04/2024,IndiaPost,344.78,In Transit
SHP008312,ORD008312,18/02/2023,02/22/2023,Delhivery,306.15,Lost
SHP008313,ORD008313,07/27/2024,30-07-2024,IndiaPost,483.63,Delivered
SHP008314,ORD008314,26-02-2024,03-03-2024,XpressBees,877.92,DELIVERED
SHP008315,ORD008315,11/20/2022,2022-11-28,XpressBees,760.05,in transit
SHP008316,ORD008316,2023/07/12,2023/07/14,FedEx,289.52,Delivered
SHP008317,ORD008317,2024/03/18,02-04-2024,XpressBees,79.13,IN TRANSIT
SHP008318,ORD008318,,08 Sep 2022,FedEx,585.89,IN TRANSIT
SHP008319,ORD008319,2022-07-14,21/07/2022,IndiaPost,645.35,Returned to Origin
SHP008320,ORD008320,2024/09/16,2024-09-21,XpressBees,854.56,IN TRANSIT
SHP008321,ORD008321,2022-02-09,12/02/2022,DELHIVERY,357.96,Delivered
SHP008322,ORD008322,02 Feb 2022,08-02-2022,IndiaPost,47.33,in transit
SHP008323,ORD008323,2024-02-13,02/16/2024,FedEx,55.12,Delayed
SHP008324,ORD008324,0000-00-00,05 Sep 2024,Ekart,857.57,Lost
SHP008325,ORD008325,03/25/2022,04-04-2022,ekart,502.06,Delivered
SHP008326,ORD008326,26/08/2023,29 Aug 2023,XpressBees,690.5,LOST
SHP008327,ORD008327,10-05-2023,14 May 2023,BLUEDART,712.09,Delayed
SHP008328,ORD008328,07 Nov 2024,11/12/2024,BLUEDART,855.94,Delayed
SHP008329,ORD008329,03-12-2023,12/13/2023,IndiaPost,279.32,Returned to Origin
SHP008330,ORD008330,11 May 2024,2024/05/17,DTDC,222.89,RETURNED TO ORIGIN
SHP008331,ORD008331,28 Dec 2024,31/12/2024,FedEx,30.51,returned to origin
SHP008332,ORD008332,09-12-2023,2023-12-11,DELHIVERY,291.74,Delivered
SHP008333,ORD008333,,2023-01-02,Delhivery,745.39,DELIVERED
SHP008334,ORD008334,03/27/2024,29 Mar 2024,FedEx,270.88,returned to origin
SHP008335,ORD008335,30/04/2024,03-05-2024,INDIAPOST,678.54,Delivered
SHP008336,ORD008336,2024-09-14,2024/09/21,Delhivery,741.88,returned to origin
SHP008337,ORD008337,21/11/2023,11/25/2023,IndiaPost,290.69,Lost
SHP008338,ORD008338,27-12-2022,01/11/2023,XPRESSBEES,334.71,Returned to Origin
SHP008339,ORD008339,2024/01/27,29 Jan 2024,DTDC,194.09,Delivered
SHP008340,ORD008340,2022-03-08,14/03/2022,BlueDart,336.86,In Transit
SHP008341,ORD008341,15 Sep 2022,2022/09/17,BlueDart,686.59,Lost
SHP008342,ORD008342,21 Oct 2024,,XPRESSBEES,856.97,Returned to Origin
SHP008343,ORD008343,01/05/2023,05/04/2023,XpressBees,519.75,Delayed
SHP008344,ORD008344,09 Feb 2022,2022-02-10,Delhivery,105.6,Delayed
SHP008345,ORD008345,08 Jan 2023,2023-01-11,IndiaPost,598.53,Delivered
SHP008346,ORD008346,2022-07-14,2022-07-16,IndiaPost,387.24,in transit
SHP008347,ORD008347,31/07/2024,15 Aug 2024,FedEx,343.8,In Transit
SHP008348,ORD008348,12/07/2023,2023-07-19,BlueDart,220.59,Delivered
SHP008349,ORD008349,05 Jan 2023,2023-01-20,dtdc,665.22,Delivered
SHP008350,ORD008350,18 Aug 2024,21/08/2024,Delhivery,887.53,RETURNED TO ORIGIN
SHP008351,ORD008351,07/18/2023,07/21/2023,xpressbees,185.02,Returned to Origin
SHP008352,ORD008352,2022/04/07,2022-04-17,fedex,531.99,returned to origin
SHP008353,ORD008353,05/02/2022,08-05-2022,XpressBees,783.63,In Transit
SHP008354,ORD008354,01/09/2022,11/09/2022,FedEx,709.48,Returned to Origin
SHP008355,ORD008355,2024-11-30,03 Dec 2024,INDIAPOST,786.21,Delivered
SHP008356,ORD008356,2023/12/05,2023/12/12,Delhivery,543.58,Delivered
SHP008357,ORD008357,03/27/2023,04/01/2023,IndiaPost,836.74,Delivered
SHP008358,ORD008358,10/02/2023,05-10-2023,Ekart,847.58,In Transit
SHP008359,ORD008359,07/17/2023,,IndiaPost,169.61,In Transit
SHP008360,ORD008360,18 Mar 2023,21 Mar 2023,ekart,771.55,In Transit
SHP008361,ORD008361,16-05-2023,05/19/2023,xpressbees,529.41,In Transit
SHP008362,ORD008362,2024-05-08,05/23/2024,Ekart,306.72,Delivered
SHP008363,ORD008363,17/02/2022,2022/03/04,IndiaPost,128.33,Delivered
SHP008364,ORD008364,18 Oct 2024,10/19/2024,IndiaPost,95.76,Delivered
SHP008365,ORD008365,07/05/2023,2023-07-15,Ekart,488.99,returned to origin
SHP008366,ORD008366,29-06-2022,2022-07-07,FedEx,354.02,Delayed
SHP008367,ORD008367,23-03-2024,2024/04/07,BlueDart,779.63,Returned to Origin
SHP008368,ORD008368,08/24/2023,03-09-2023,XpressBees,767.47,In Transit
SHP008369,ORD008369,04/01/2022,2022/04/11,Delhivery,881.63,Delivered
SHP008370,ORD008370,04/15/2023,2023-04-18,Delhivery,642.3,Lost
SHP008371,ORD008371,29-12-2023,01-01-2024,delhivery,678.57,Delivered
SHP008372,ORD008372,13-12-2023,17-12-2023,DTDC,378.13,DELAYED
SHP008373,ORD008373,04/09/2023,17/04/2023,IndiaPost,522.05,Delivered
SHP008374,ORD008374,2022/10/08,2022-10-14,IndiaPost,53.6,Returned to Origin
SHP008375,ORD008375,09-04-2023,19-04-2023,BlueDart,166.79,in transit
SHP008376,ORD008376,08-06-2024,,Delhivery,702.75,Delayed
SHP008377,ORD008377,11 Jun 2023,26/06/2023,ekart,482.54,In Transit
SHP008378,ORD008378,10/08/2022,13/08/2022,IndiaPost,317.8,Delayed
SHP008379,ORD008379,2024-12-14,2024-12-16,INDIAPOST,548.45,Delayed
SHP008380,ORD008380,2023/01/08,2023-01-23,FedEx,739.82,LOST
SHP008381,ORD008381,22 Oct 2022,25 Oct 2022,DELHIVERY,489.61,Returned to Origin
SHP008382,ORD008382,11 Nov 2022,2022-11-15,Delhivery,338.16,Delayed
SHP008383,ORD008383,14-09-2023,2023-09-16,BLUEDART,575.8,In Transit
SHP008384,ORD008384,14-12-2023,17 Dec 2023,Ekart,766.9,Returned to Origin
SHP008385,ORD008385,23-05-2023,2023-05-30,Delhivery,544.15,delayed
SHP008386,ORD008386,2022/02/23,2022/03/03,IndiaPost,708.03,Lost
SHP008387,ORD008387,15 Oct 2024,30/10/2024,Delhivery,359.67,LOST
SHP008388,ORD008388,07 Oct 2024,2024-10-10,Ekart,486.42,in transit
SHP008389,ORD008389,2023-11-21,25 Nov 2023,BlueDart,816.31,Lost
SHP008390,ORD008390,20 Jan 2024,22 Jan 2024,FEDEX,743.54,Delayed
SHP008391,ORD008391,11/12/2022,2022-12-15,DTDC,426.67,Returned to Origin
SHP008392,ORD008392,12-10-2023,15-10-2023,BLUEDART,346.73,Delayed
SHP008393,ORD008393,29 Apr 2022,30-04-2022,IndiaPost,247.85,Lost
SHP008394,ORD008394,27/01/2024,03/02/2024,XPRESSBEES,225.46,in transit
SHP008395,ORD008395,16 Mar 2024,03/19/2024,BlueDart,236.7,In Transit
SHP008396,ORD008396,05/29/2024,06/06/2024,XpressBees,128.47,RETURNED TO ORIGIN
SHP008397,ORD008397,09 Mar 2023,14 Mar 2023,FedEx,443.88,delayed
SHP008398,ORD008398,10-09-2023,13/09/2023,Ekart,353.5,Returned to Origin
SHP008399,ORD008399,2024/10/20,10/26/2024,Delhivery,378.22,Delayed
SHP008400,ORD008400,19 Mar 2022,03/27/2022,EKART,630.44,In Transit
SHP008401,ORD008401,2024-10-05,07/10/2024,bluedart,603.63,Lost
SHP008402,ORD008402,2022-06-16,23/06/2022,DTDC,400.82,Delivered
SHP008403,ORD008403,25 Jul 2023,02/08/2023,DTDC,146.8,returned to origin
SHP008404,ORD008404,25-08-2022,09/02/2022,Delhivery,78.06,lost
SHP008405,ORD008405,12/11/2023,17-11-2023,BlueDart,792.53,delayed
SHP008406,ORD008406,23/06/2022,06/28/2022,Delhivery,737.57,In Transit
SHP008407,ORD008407,06/12/2023,2023/06/20,Ekart,552.84,Lost
SHP008408,ORD008408,31 May 2023,02-06-2023,IndiaPost,44.55,In Transit
SHP008409,ORD008409,30 Aug 2022,14/09/2022,delhivery,604.36,DELIVERED
SHP008410,ORD008410,2024-07-03,2024/07/08,XpressBees,615.91,In Transit
SHP008411,ORD008411,12-11-2022,2022-11-15,delhivery,124.73,Delivered
SHP008412,ORD008412,15 Jan 2023,01/21/2023,XpressBees,202.64,Lost
SHP008413,ORD008413,2023/03/21,25/03/2023,Delhivery,377.39,Delivered
SHP008414,ORD008414,16/11/2022,19/11/2022,INDIAPOST,142.66,Delivered
SHP008415,ORD008415,07 Aug 2024,17-08-2024,IndiaPost,459.47,DELIVERED
SHP008416,ORD008416,01/05/2024,2024-05-08,BlueDart,547.2,Lost
SHP008417,ORD008417,2024-06-19,22 Jun 2024,BlueDart,873.19,In Transit
SHP008418,ORD008418,15-07-2024,2024/07/16,delhivery,216.51,delayed
SHP008419,ORD008419,07/27/2023,2023/07/31,bluedart,836.14,In Transit
SHP008420,ORD008420,2022-07-31,03/08/2022,IndiaPost,745.46,In Transit
SHP008421,ORD008421,09/19/2022,10/04/2022,EKART,123.74,lost
SHP008422,ORD008422,22/06/2023,24/06/2023,Delhivery,384.49,Lost
SHP008423,ORD008423,07/15/2022,2022-07-22,fedex,133.94,Delayed
SHP008424,ORD008424,2022/09/06,2022/09/10,Ekart,329.51,DELAYED
SHP008425,ORD008425,07 Aug 2024,2024-08-13,delhivery,436.85,Returned to Origin
SHP008426,ORD008426,25-10-2022,31 Oct 2022,XpressBees,863.22,Delivered
SHP008427,ORD008427,12 Jan 2022,2022-01-22,BlueDart,319.89,DELIVERED
SHP008428,ORD008428,2024-11-15,16-11-2024,FEDEX,67.9,Lost
SHP008429,ORD008429,11/01/2022,05-11-2022,DELHIVERY,893.89,RETURNED TO ORIGIN
SHP008430,ORD008430,27/03/2024,01/04/2024,DTDC,886.88,IN TRANSIT
SHP008431,ORD008431,15/06/2024,2024/06/16,Delhivery,309.17,Returned to Origin
SHP008432,ORD008432,13 Jan 2022,2022-01-16,Delhivery,458.28,Lost
SHP008433,ORD008433,11/30/2022,12/03/2022,XpressBees,887.77,delivered
SHP008434,ORD008434,09/15/2024,09/22/2024,Delhivery,796.62,Returned to Origin
SHP008435,ORD008435,03 Feb 2023,06-02-2023,FedEx,319.53,Delayed
SHP008436,ORD008436,,29 Aug 2024,XpressBees,580.27,Delivered
SHP008437,ORD008437,2022-01-26,2022-02-01,XpressBees,355.65,Delivered
SHP008438,ORD008438,06 Aug 2023,2023/08/11,IndiaPost,321.88,Returned to Origin
SHP008439,ORD008439,2024-05-08,12-05-2024,FedEx,813.36,Lost
SHP008440,ORD008440,28 Oct 2024,2024-11-05,XpressBees,514.4,In Transit
SHP008441,ORD008441,11/20/2022,11/24/2022,Delhivery,812.48,DELIVERED
SHP008442,ORD008442,2024-08-21,05 Sep 2024,EKART,781.62,Delivered
SHP008443,ORD008443,2023/11/02,11/03/2023,DTDC,222.87,Returned to Origin
SHP008444,ORD008444,26-07-2023,02-08-2023,delhivery,231.07,Lost
SHP008445,ORD008445,03-04-2024,04/11/2024,BlueDart,735.57,DELAYED
SHP008446,ORD008446,03/25/2023,02-04-2023,XpressBees,806.34,Delayed
SHP008447,ORD008447,12/25/2023,2023/12/26,Delhivery,765.99,Delivered
SHP008448,ORD008448,2023-08-21,2023/08/22,indiapost,50.16,delayed
SHP008449,ORD008449,2024/08/15,2024/08/19,XPRESSBEES,685.71,Returned to Origin
SHP008450,ORD008450,2024-04-26,05/03/2024,DTDC,55.16,Returned to Origin
SHP008451,ORD008451,2023-10-21,2023/10/22,Delhivery,159.52,Delivered
SHP008452,ORD008452,08/17/2022,2022-08-22,BLUEDART,457.91,LOST
SHP008453,ORD008453,19/12/2023,2023-12-21,FedEx,294.68,in transit
SHP008454,ORD008454,04/25/2024,04/28/2024,IndiaPost,284.05,IN TRANSIT
SHP008455,ORD008455,02 Aug 2022,08 Aug 2022,DTDC,825.39,DELIVERED
SHP008456,ORD008456,2023/09/22,10/07/2023,Delhivery,158.35,lost
SHP008457,ORD008457,2022-09-26,2022-10-06,BlueDart,840.56,IN TRANSIT
SHP008458,ORD008458,2024-10-03,10/10/2024,DELHIVERY,82.2,IN TRANSIT
SHP008459,ORD008459,09/11/2022,15-09-2022,IndiaPost,113.18,Delayed
SHP008460,ORD008460,05/02/2024,17/05/2024,XpressBees,207.67,In Transit
SHP008461,ORD008461,24/12/2022,27 Dec 2022,BlueDart,830.31,Delayed
SHP008462,ORD008462,22-09-2024,09/28/2024,dtdc,64.41,Returned to Origin
SHP008463,ORD008463,18/02/2023,05 Mar 2023,Ekart,431.6,Lost
SHP008464,ORD008464,17 Aug 2022,2022/08/27,BlueDart,132.64,returned to origin
SHP008465,ORD008465,06 Mar 2022,10-03-2022,IndiaPost,347.22,Delivered
SHP008466,ORD008466,08 Jan 2024,2024/01/11,DTDC,837.27,Delivered
SHP008467,ORD008467,2023/02/07,02/17/2023,Delhivery,277.33,Lost
SHP008468,ORD008468,2024/05/04,11 May 2024,Delhivery,717.11,In Transit
SHP008469,ORD008469,02 Feb 2024,2024-02-05,indiapost,464.0,delayed
SHP008470,ORD008470,2023-05-22,2023-06-06,DTDC,526.89,Returned to Origin
SHP008471,ORD008471,24/03/2022,03-04-2022,DTDC,486.01,Returned to Origin
SHP008472,ORD008472,08/12/2022,2022-08-13,FedEx,318.77,In Transit
SHP008473,ORD008473,27/02/2022,05-03-2022,indiapost,810.53,DELIVERED
SHP008474,ORD008474,14-10-2022,10/17/2022,XpressBees,483.31,Delivered
SHP008475,ORD008475,2023/07/02,2023-07-09,DTDC,165.18,Delayed
SHP008476,ORD008476,12/01/2024,15 Jan 2024,Delhivery,237.86,LOST
SHP008477,ORD008477,07 Feb 2022,13 Feb 2022,EKART,303.88,Delayed
SHP008478,ORD008478,2022/10/26,01 Nov 2022,bluedart,111.32,Delivered
SHP008479,ORD008479,06/05/2023,09/05/2023,BlueDart,269.97,Lost
SHP008480,ORD008480,2022-11-21,27 Nov 2022,FedEx,801.12,In Transit
SHP008481,ORD008481,23-05-2023,05/26/2023,bluedart,353.79,Returned to Origin
SHP008482,ORD008482,19/12/2024,23 Dec 2024,DTDC,346.41,Lost
SHP008483,ORD008483,2024/09/25,09/27/2024,DTDC,693.21,LOST
SHP008484,ORD008484,10/12/2023,2023/12/12,IndiaPost,753.63,Lost
SHP008485,ORD008485,06/06/2023,06/11/2023,bluedart,219.44,Lost
SHP008486,ORD008486,08-10-2024,18 Oct 2024,XpressBees,146.2,LOST
SHP008487,ORD008487,04/08/2023,2023/04/10,DTDC,197.81,Lost
SHP008488,ORD008488,11-06-2022,2022-06-14,XPRESSBEES,529.72,Lost
SHP008489,ORD008489,2022/08/30,09-09-2022,FedEx,390.44,returned to origin
SHP008490,ORD008490,05/31/2024,06-06-2024,FedEx,355.93,In Transit
SHP008491,ORD008491,2024-08-28,07/09/2024,XPRESSBEES,828.41,Delayed
SHP008492,ORD008492,2022-10-18,19/10/2022,delhivery,116.93,Lost
SHP008493,ORD008493,20 Oct 2022,04 Nov 2022,IndiaPost,108.31,delayed
SHP008494,ORD008494,2023/01/01,04 Jan 2023,XpressBees,341.19,In Transit
SHP008495,ORD008495,23-03-2023,03/26/2023,indiapost,694.52,Delivered
SHP008496,ORD008496,12/01/2023,07 Dec 2023,XPRESSBEES,208.64,lost
SHP008497,ORD008497,2023/10/01,2023-10-05,xpressbees,522.53,returned to origin
SHP008498,ORD008498,2023-11-05,11/07/2023,fedex,898.04,In Transit
SHP008499,ORD008499,2023/02/28,03/15/2023,ekart,361.16,Delayed
SHP008500,ORD008500,2023/09/19,20/09/2023,XpressBees,232.08,Delivered
SHP008501,ORD008501,22-06-2023,25/06/2023,BLUEDART,821.96,DELAYED
SHP008502,ORD008502,2022-02-14,15/02/2022,ekart,665.41,returned to origin
SHP008503,ORD008503,05/19/2022,2022-05-25,DTDC,845.23,Delayed
SHP008504,ORD008504,2024-11-21,2024-12-06,xpressbees,309.54,In Transit
SHP008505,ORD008505,17/12/2024,01/01/2025,DELHIVERY,654.51,returned to origin
SHP008506,ORD008506,25 Aug 2024,09/09/2024,DELHIVERY,589.43,in transit
SHP008507,ORD008507,14/09/2023,21/09/2023,bluedart,647.93,Delayed
SHP008508,ORD008508,2024-05-05,12/05/2024,XpressBees,142.37,In Transit
SHP008509,ORD008509,27/12/2024,11-01-2025,BlueDart,520.62,RETURNED TO ORIGIN
SHP008510,ORD008510,19 Mar 2024,2024-03-21,DELHIVERY,190.56,Delayed
SHP008511,ORD008511,2022-10-24,,XpressBees,108.87,Lost
SHP008512,ORD008512,05/30/2022,06/03/2022,Delhivery,393.79,Delivered
SHP008513,ORD008513,23-06-2024,01/07/2024,IndiaPost,55.9,DELAYED
SHP008514,ORD008514,2024/02/16,02/19/2024,Ekart,850.74,RETURNED TO ORIGIN
SHP008515,ORD008515,2022-09-28,2022/09/29,Delhivery,422.76,Delayed
SHP008516,ORD008516,16-10-2024,2024-10-22,DELHIVERY,649.26,DELAYED
SHP008517,ORD008517,13 Jan 2023,16-01-2023,FedEx,46.45,Delayed
SHP008518,ORD008518,,01 Oct 2024,FedEx,191.78,Lost
SHP008519,ORD008519,13/01/2024,01/16/2024,DTDC,229.8,delivered
SHP008520,ORD008520,26-09-2024,10/06/2024,BlueDart,778.88,IN TRANSIT
SHP008521,ORD008521,19-09-2024,2024-09-22,FedEx,586.19,Delivered
SHP008522,ORD008522,2023/07/24,29 Jul 2023,IndiaPost,682.07,In Transit
SHP008523,ORD008523,02/16/2023,2023-02-22,indiapost,382.73,Returned to Origin
SHP008524,ORD008524,17-05-2023,20 May 2023,IndiaPost,810.38,Delayed
SHP008525,ORD008525,31-10-2024,11/05/2024,xpressbees,827.4,Delivered
SHP008526,ORD008526,05/03/2022,15 Mar 2022,BlueDart,728.06,Lost
SHP008527,ORD008527,2023/04/26,05/04/2023,Delhivery,90.46,DELAYED
SHP008528,ORD008528,23 Oct 2022,10/24/2022,FedEx,247.21,Delayed
SHP008529,ORD008529,2023-06-06,09 Jun 2023,IndiaPost,37.5,Delivered
SHP008530,ORD008530,2022-10-17,20/10/2022,Delhivery,189.26,Lost
SHP008531,ORD008531,29-10-2023,01 Nov 2023,DELHIVERY,203.53,Delivered
SHP008532,ORD008532,2022/01/29,04 Feb 2022,DTDC,623.37,Delivered
SHP008533,ORD008533,29/09/2024,2024/09/30,DTDC,549.81,In Transit
SHP008534,ORD008534,19-02-2023,20-02-2023,IndiaPost,791.81,Returned to Origin
SHP008535,ORD008535,02/12/2022,14/02/2022,XpressBees,296.25,Lost
SHP008536,ORD008536,02-07-2022,0000-00-00,fedex,818.17,Delivered
SHP008537,ORD008537,17 Aug 2022,2022/08/21,Delhivery,470.39,delayed
SHP008538,ORD008538,16/12/2024,18 Dec 2024,FEDEX,872.54,DELIVERED
SHP008539,ORD008539,09/03/2024,2024-09-04,BLUEDART,83.56,Lost
SHP008540,ORD008540,08/02/2023,09-02-2023,FedEx,622.67,LOST
SHP008541,ORD008541,08-09-2022,12-09-2022,Delhivery,551.39,Lost
SHP008542,ORD008542,17/10/2023,2023/10/21,DTDC,307.4,In Transit
SHP008543,ORD008543,23-01-2023,01/29/2023,indiapost,296.29,Lost
SHP008544,ORD008544,2023-02-04,05 Feb 2023,DTDC,88.67,In Transit
SHP008545,ORD008545,2022-05-27,2022-06-04,Delhivery,447.21,Returned to Origin
SHP008546,ORD008546,2022-11-26,2022-11-30,bluedart,379.66,Lost
SHP008547,ORD008547,24/03/2024,01-04-2024,FedEx,853.68,Delivered
SHP008548,ORD008548,01/11/2023,2023-11-09,Delhivery,653.66,Delivered
SHP008549,ORD008549,19-04-2022,27 Apr 2022,bluedart,438.16,DELAYED
SHP008550,ORD008550,2024-02-21,29-02-2024,BlueDart,216.69,Delayed
SHP008551,ORD008551,2024/10/17,27 Oct 2024,delhivery,63.1,DELAYED
SHP008552,ORD008552,16 Jul 2024,2024/07/22,FEDEX,,Lost
SHP008553,ORD008553,28/05/2022,12/06/2022,DTDC,891.71,Lost
SHP008554,ORD008554,24-04-2023,04/25/2023,INDIAPOST,861.91,Lost
SHP008555,ORD008555,06/08/2022,09/08/2022,dtdc,564.05,IN TRANSIT
SHP008556,ORD008556,04 Aug 2024,14/08/2024,xpressbees,443.62,Lost
SHP008557,ORD008557,22/01/2024,01/24/2024,DELHIVERY,572.11,Delayed
SHP008558,ORD008558,2023/12/21,24/12/2023,dtdc,762.5,Returned to Origin
SHP008559,ORD008559,09/11/2024,11/11/2024,XpressBees,73.74,Returned to Origin
SHP008560,ORD008560,14/05/2022,17-05-2022,EKART,826.34,Lost
SHP008561,ORD008561,08/21/2022,22/08/2022,indiapost,349.12,Delivered
SHP008562,ORD008562,16 Sep 2023,2023/09/23,Delhivery,203.04,LOST
SHP008563,ORD008563,21 May 2022,2022-05-29,DTDC,63.82,RETURNED TO ORIGIN
SHP008564,ORD008564,05 Jan 2023,2023-01-15,BlueDart,496.24,Lost
SHP008565,ORD008565,2024-08-27,11/09/2024,BlueDart,545.59,Delayed
SHP008566,ORD008566,2023-01-03,05/01/2023,Ekart,344.47,Delayed
SHP008567,ORD008567,24 Aug 2023,01-09-2023,BLUEDART,699.98,Returned to Origin
SHP008568,ORD008568,28/09/2024,09/30/2024,dtdc,617.12,Delivered
SHP008569,ORD008569,2022/06/23,30 Jun 2022,DTDC,214.33,Delayed
SHP008570,ORD008570,01-02-2022,2022/02/09,XpressBees,695.53,LOST
SHP008571,ORD008571,07-08-2023,2023-08-11,INDIAPOST,637.29,lost
SHP008572,ORD008572,21 Jan 2024,2024-01-25,DTDC,350.96,Returned to Origin
SHP008573,ORD008573,16/04/2024,2024/04/17,FedEx,398.4,Returned to Origin
SHP008574,ORD008574,2024/08/20,27/08/2024,XpressBees,134.71,Delayed
SHP008575,ORD008575,2024-04-12,,FEDEX,179.49,Delayed
SHP008576,ORD008576,23-03-2023,,DTDC,497.3,In Transit
SHP008577,ORD008577,2024-07-01,16/07/2024,ekart,131.87,Lost
SHP008578,ORD008578,,06-07-2022,INDIAPOST,105.28,IN TRANSIT
SHP008579,ORD008579,09/10/2022,11/10/2022,Delhivery,138.65,Delayed
SHP008580,ORD008580,15 May 2024,18 May 2024,EKART,331.34,Delivered
SHP008581,ORD008581,2022-06-02,06/12/2022,DTDC,795.18,Delayed
SHP008582,ORD008582,05/14/2024,2024-05-24,DTDC,464.45,Delivered
SHP008583,ORD008583,2023-03-31,15 Apr 2023,DTDC,138.31,in transit
SHP008584,ORD008584,2023/12/19,2023/12/22,BlueDart,279.69,RETURNED TO ORIGIN
SHP008585,ORD008585,2024/03/20,2024/03/30,xpressbees,539.19,delayed
SHP008586,ORD008586,2023/07/24,08/01/2023,INDIAPOST,566.35,delayed
SHP008587,ORD008587,11/01/2023,01/12/2023,FedEx,636.85,in transit
SHP008588,ORD008588,2022-08-22,24-08-2022,INDIAPOST,735.84,Lost
SHP008589,ORD008589,29-11-2022,12/14/2022,BlueDart,808.84,LOST
SHP008590,ORD008590,2023/04/16,17-04-2023,DTDC,840.69,Returned to Origin
SHP008591,ORD008591,2023/05/21,,XpressBees,,Returned to Origin
SHP008592,ORD008592,2023/08/12,08/20/2023,Ekart,186.7,Lost
SHP008593,ORD008593,2023-11-26,12/04/2023,bluedart,774.14,Returned to Origin
SHP008594,ORD008594,13-03-2022,2022/03/20,DELHIVERY,462.86,Returned to Origin
SHP008595,ORD008595,01/29/2023,2023/01/30,Delhivery,330.97,Delayed
SHP008596,ORD008596,2023-09-29,10/09/2023,DTDC,694.97,Delayed
SHP008597,ORD008597,22/12/2023,12/27/2023,DELHIVERY,280.11,delayed
SHP008598,ORD008598,2023/10/06,,FEDEX,882.68,Delayed
SHP008599,ORD008599,08/02/2022,2022/08/04,IndiaPost,510.7,Delayed
SHP008600,ORD008600,0000-00-00,05/28/2023,EKART,656.32,Lost
SHP008601,ORD008601,2022-04-18,21 Apr 2022,IndiaPost,841.99,delivered
SHP008602,ORD008602,01 Sep 2022,2022-09-16,FedEx,395.35,Returned to Origin
SHP008603,ORD008603,2024/03/15,25 Mar 2024,Ekart,643.97,In Transit
SHP008604,ORD008604,07/14/2022,07/24/2022,BlueDart,398.19,Returned to Origin
SHP008605,ORD008605,04/16/2023,05/01/2023,bluedart,194.06,Returned to Origin
SHP008606,ORD008606,12-07-2022,27-07-2022,dtdc,161.54,Returned to Origin
SHP008607,ORD008607,17 Aug 2023,09/01/2023,fedex,719.84,Returned to Origin
SHP008608,ORD008608,2023-01-15,2023/01/30,Ekart,553.33,Delivered
SHP008609,ORD008609,13/06/2024,2024/06/17,Ekart,106.37,In Transit
SHP008610,ORD008610,29 Aug 2022,03-09-2022,XpressBees,550.36,Lost
SHP008611,ORD008611,10/22/2022,2022/10/25,Delhivery,353.02,In Transit
SHP008612,ORD008612,09/06/2022,2022/09/09,BlueDart,206.13,Lost
SHP008613,ORD008613,2022-05-16,19/05/2022,IndiaPost,319.92,Delivered
SHP008614,ORD008614,08/19/2022,2022-09-03,Ekart,492.6,Returned to Origin
SHP008615,ORD008615,01/23/2023,01/29/2023,BlueDart,857.63,Delivered
SHP008616,ORD008616,2023/03/25,2023-03-28,XpressBees,882.53,delayed
SHP008617,ORD008617,2023/01/02,10-01-2023,BlueDart,586.37,In Transit
SHP008618,ORD008618,2024/05/08,13/05/2024,FedEx,494.59,Returned to Origin
SHP008619,ORD008619,07 May 2024,08/05/2024,fedex,736.51,Delivered
SHP008620,ORD008620,2022/03/20,04 Apr 2022,IndiaPost,183.34,Delayed
SHP008621,ORD008621,,30-12-2022,IndiaPost,145.43,Delayed
SHP008622,ORD008622,14 Dec 2022,18-12-2022,BlueDart,763.0,Delivered
SHP008623,ORD008623,05/07/2022,07/08/2022,IndiaPost,698.25,In Transit
SHP008624,ORD008624,06/25/2022,07/05/2022,xpressbees,476.46,Delivered
SHP008625,ORD008625,,2022-08-24,XpressBees,510.95,In Transit
SHP008626,ORD008626,06/21/2023,06/28/2023,IndiaPost,526.49,Delivered
SHP008627,ORD008627,2023-03-01,04-03-2023,ekart,413.47,Delivered
SHP008628,ORD008628,2024/05/18,25 May 2024,XpressBees,892.08,Lost
SHP008629,ORD008629,2023/03/16,23/03/2023,Ekart,160.12,LOST
SHP008630,ORD008630,2024/08/17,20-08-2024,BlueDart,238.23,Delivered
SHP008631,ORD008631,2024/05/08,14/05/2024,XpressBees,164.19,in transit
SHP008632,ORD008632,16 Apr 2022,22-04-2022,fedex,265.74,Lost
SHP008633,ORD008633,05/17/2022,05/25/2022,BlueDart,244.58,Returned to Origin
SHP008634,ORD008634,2024/10/14,17-10-2024,FedEx,130.02,Delivered
SHP008635,ORD008635,2023-07-22,01-08-2023,INDIAPOST,565.31,Lost
SHP008636,ORD008636,2024-10-22,26-10-2024,XpressBees,142.57,Returned to Origin
SHP008637,ORD008637,03/02/2022,2022-03-04,BlueDart,384.28,Delivered
SHP008638,ORD008638,12-05-2022,2022-05-19,DTDC,709.5,IN TRANSIT
SHP008639,ORD008639,11/09/2024,09/14/2024,DTDC,740.07,In Transit
SHP008640,ORD008640,2024/10/16,2024/10/31,Delhivery,427.97,Lost
SHP008641,ORD008641,27 Aug 2022,2022/08/29,Delhivery,357.53,Lost
SHP008642,ORD008642,2023-11-15,11/17/2023,DELHIVERY,629.66,Delayed
SHP008643,ORD008643,27/11/2022,04/12/2022,Delhivery,818.82,Lost
SHP008644,ORD008644,10/15/2023,18 Oct 2023,dtdc,91.55,In Transit
SHP008645,ORD008645,12/23/2022,26 Dec 2022,DTDC,848.46,In Transit
SHP008646,ORD008646,2022-09-14,15 Sep 2022,BlueDart,791.95,Delivered
SHP008647,ORD008647,10 Feb 2024,13/02/2024,Ekart,872.39,In Transit
SHP008648,ORD008648,08-05-2024,13/05/2024,IndiaPost,814.24,Returned to Origin
SHP008649,ORD008649,2023/07/15,2023-07-17,Delhivery,285.74,LOST
SHP008650,ORD008650,02/03/2024,2024/03/07,bluedart,273.41,delayed
SHP008651,ORD008651,11 Apr 2022,17 Apr 2022,INDIAPOST,796.39,Delayed
SHP008652,ORD008652,03/10/2024,2024-10-04,DELHIVERY,799.66,Returned to Origin
SHP008653,ORD008653,2024/05/01,05/04/2024,ekart,758.45,Lost
SHP008654,ORD008654,08/04/2024,10-08-2024,IndiaPost,515.43,IN TRANSIT
SHP008655,ORD008655,17/05/2023,05/18/2023,BlueDart,746.21,Returned to Origin
SHP008656,ORD008656,2022/12/16,31/12/2022,DTDC,599.72,Delivered
SHP008657,ORD008657,02-03-2023,03 Mar 2023,IndiaPost,175.48,Delayed
SHP008658,ORD008658,28/11/2024,11/30/2024,DTDC,839.36,Lost
SHP008659,ORD008659,2024-09-15,18 Sep 2024,FedEx,804.16,IN TRANSIT
SHP008660,ORD008660,12/23/2022,2022-12-30,DTDC,817.4,Returned to Origin
SHP008661,ORD008661,06/07/2024,15/06/2024,IndiaPost,425.22,Delivered
SHP008662,ORD008662,11/20/2023,2023/11/23,INDIAPOST,323.8,DELIVERED
SHP008663,ORD008663,14-10-2024,10/22/2024,BlueDart,857.82,RETURNED TO ORIGIN
SHP008664,ORD008664,0000-00-00,27/04/2024,DTDC,401.89,DELAYED
SHP008665,ORD008665,2023/07/19,2023/07/25,BlueDart,241.0,In Transit
SHP008666,ORD008666,10/03/2022,2022/10/13,XpressBees,588.41,Lost
SHP008667,ORD008667,2024-09-18,21 Sep 2024,DTDC,281.03,IN TRANSIT
SHP008668,ORD008668,12-04-2022,2022-04-20,Delhivery,108.37,Returned to Origin
SHP008669,ORD008669,2022/07/17,2022/07/19,xpressbees,195.74,Lost
SHP008670,ORD008670,2024-10-31,2024-11-03,DTDC,492.32,Returned to Origin
SHP008671,ORD008671,16-05-2023,31-05-2023,BlueDart,280.89,Returned to Origin
SHP008672,ORD008672,12/01/2023,2023/01/20,indiapost,854.25,DELAYED
SHP008673,ORD008673,02/02/2022,08/02/2022,XpressBees,829.6,In Transit
SHP008674,ORD008674,08/16/2024,08/19/2024,FedEx,475.39,in transit
SHP008675,ORD008675,27/12/2023,11 Jan 2024,delhivery,854.71,Delayed
SHP008676,ORD008676,17/09/2022,25/09/2022,Ekart,62.35,returned to origin
SHP008677,ORD008677,01/27/2024,02/03/2024,Delhivery,565.59,In Transit
SHP008678,ORD008678,11/09/2022,16/09/2022,FEDEX,734.81,returned to origin
SHP008679,ORD008679,2024/09/30,05-10-2024,delhivery,229.31,RETURNED TO ORIGIN
SHP008680,ORD008680,01/04/2023,08-04-2023,IndiaPost,691.44,Lost
SHP008681,ORD008681,2022-11-12,19 Nov 2022,Delhivery,211.54,delayed
SHP008682,ORD008682,28/08/2024,07 Sep 2024,IndiaPost,93.9,IN TRANSIT
SHP008683,ORD008683,2023-02-05,09 Feb 2023,Ekart,750.25,Lost
SHP008684,ORD008684,0000-00-00,2024-10-24,FedEx,539.22,DELIVERED
SHP008685,ORD008685,2024-02-09,11/02/2024,bluedart,789.36,In Transit
SHP008686,ORD008686,04 Nov 2024,2024-11-11,FedEx,423.9,delivered
SHP008687,ORD008687,03/08/2022,2022-08-07,XpressBees,181.32,Delivered
SHP008688,ORD008688,26/11/2024,02-12-2024,DTDC,495.7,Returned to Origin
SHP008689,ORD008689,2022-07-21,2022/07/24,dtdc,899.32,LOST
SHP008690,ORD008690,2024/05/13,2024/05/23,IndiaPost,42.74,Delivered
SHP008691,ORD008691,2022-04-06,14-04-2022,IndiaPost,284.62,In Transit
SHP008692,ORD008692,08-07-2022,07/14/2022,DTDC,850.82,DELIVERED
SHP008693,ORD008693,05/28/2022,2022/06/07,Delhivery,195.26,Delayed
SHP008694,ORD008694,08/31/2022,2022/09/07,DTDC,417.85,Lost
SHP008695,ORD008695,2023-07-02,07/08/2023,IndiaPost,421.89,Delivered
SHP008696,ORD008696,19/08/2024,2024/08/23,DTDC,450.45,DELAYED
SHP008697,ORD008697,2022/12/02,06-12-2022,bluedart,646.92,Returned to Origin
SHP008698,ORD008698,05-11-2024,15-11-2024,XpressBees,602.07,In Transit
SHP008699,ORD008699,04/26/2024,05/02/2024,BlueDart,896.19,Lost
SHP008700,ORD008700,2024/02/10,25/02/2024,BLUEDART,252.91,Lost
SHP008701,ORD008701,10-10-2023,2023-10-15,DTDC,832.47,Lost
SHP008702,ORD008702,24/02/2024,2024/02/25,DTDC,398.22,Delivered
SHP008703,ORD008703,09/12/2023,2023/09/19,FEDEX,99.0,Lost
SHP008704,ORD008704,17-01-2022,2022/01/22,DTDC,400.61,lost
SHP008705,ORD008705,30/11/2024,07/12/2024,FEDEX,772.89,Lost
SHP008706,ORD008706,2022-04-03,2022-04-04,DTDC,234.36,delivered
SHP008707,ORD008707,0000-00-00,2023/08/09,indiapost,35.5,delayed
SHP008708,ORD008708,11/08/2024,2024/08/21,FedEx,324.23,Returned to Origin
SHP008709,ORD008709,2023-02-25,07 Mar 2023,BlueDart,587.14,IN TRANSIT
SHP008710,ORD008710,01 Jan 2024,2024/01/04,ekart,739.29,RETURNED TO ORIGIN
SHP008711,ORD008711,07/02/2023,2023/02/22,Ekart,59.86,Returned to Origin
SHP008712,ORD008712,2024-09-18,09/20/2024,Ekart,237.03,Delayed
SHP008713,ORD008713,2024/08/21,08/23/2024,DELHIVERY,562.81,IN TRANSIT
SHP008714,ORD008714,2022-08-07,09-08-2022,delhivery,,Returned to Origin
SHP008715,ORD008715,08 Sep 2023,2023/09/09,Ekart,301.9,Lost
SHP008716,ORD008716,07/09/2023,14-09-2023,Ekart,474.95,Delivered
SHP008717,ORD008717,21/11/2022,2022/11/24,IndiaPost,381.62,delayed
SHP008718,ORD008718,2022-04-26,05/01/2022,xpressbees,318.03,IN TRANSIT
SHP008719,ORD008719,15-08-2023,18-08-2023,DELHIVERY,424.04,Returned to Origin
SHP008720,ORD008720,23-07-2023,29-07-2023,IndiaPost,886.3,Lost
SHP008721,ORD008721,2024/03/05,2024/03/10,indiapost,390.46,delayed
SHP008722,ORD008722,2023/06/08,2023/06/11,IndiaPost,442.83,Delayed
SHP008723,ORD008723,04/17/2023,20/04/2023,Delhivery,179.19,RETURNED TO ORIGIN
SHP008724,ORD008724,02-04-2024,17 Apr 2024,EKART,396.75,Delayed
SHP008725,ORD008725,01-02-2024,02/05/2024,DTDC,283.42,DELIVERED
SHP008726,ORD008726,08 Sep 2024,2024/09/16,BlueDart,105.64,RETURNED TO ORIGIN
SHP008727,ORD008727,2022-01-28,2022/02/01,FedEx,80.01,LOST
SHP008728,ORD008728,18 Jun 2024,2024/06/19,delhivery,518.1,Delayed
SHP008729,ORD008729,14/11/2022,17 Nov 2022,Delhivery,589.89,Lost
SHP008730,ORD008730,02/22/2022,04 Mar 2022,xpressbees,621.3,Lost
SHP008731,ORD008731,05/30/2023,06/02/2023,BlueDart,482.05,Delivered
SHP008732,ORD008732,28 Sep 2024,01/10/2024,XpressBees,64.82,Returned to Origin
SHP008733,ORD008733,01 May 2024,03/05/2024,BlueDart,415.74,IN TRANSIT
SHP008734,ORD008734,12/02/2024,27-02-2024,ekart,715.6,Delayed
SHP008735,ORD008735,16/04/2024,26-04-2024,XpressBees,706.94,Delayed
SHP008736,ORD008736,2024/09/20,22-09-2024,IndiaPost,216.8,Returned to Origin
SHP008737,ORD008737,06/18/2024,21-06-2024,XpressBees,429.84,Delivered
SHP008738,ORD008738,06-05-2024,05/12/2024,Ekart,346.91,Lost
SHP008739,ORD008739,25/06/2022,26-06-2022,XpressBees,576.03,delayed
SHP008740,ORD008740,2022-11-13,21/11/2022,XpressBees,590.16,Delivered
SHP008741,ORD008741,2023/01/15,21 Jan 2023,xpressbees,196.16,LOST
SHP008742,ORD008742,26 May 2023,05 Jun 2023,XpressBees,509.35,DELAYED
SHP008743,ORD008743,13-11-2022,11/23/2022,XpressBees,190.22,DELAYED
SHP008744,ORD008744,10-08-2023,2023/08/15,IndiaPost,763.53,Delivered
SHP008745,ORD008745,12/18/2022,12/21/2022,Delhivery,598.97,Returned to Origin
SHP008746,ORD008746,2023-10-30,09/11/2023,Ekart,689.43,In Transit
SHP008747,ORD008747,25 Oct 2022,09/11/2022,BlueDart,899.86,delayed
SHP008748,ORD008748,07 Apr 2023,2023-04-14,fedex,877.27,Delivered
SHP008749,ORD008749,04/01/2024,2024/04/04,xpressbees,784.06,Delivered
SHP008750,ORD008750,15-11-2023,25-11-2023,delhivery,815.54,LOST
SHP008751,ORD008751,04/09/2023,2023/04/17,DTDC,176.41,Returned to Origin
SHP008752,ORD008752,06/12/2023,09/12/2023,FedEx,775.69,Delivered
SHP008753,ORD008753,08-09-2022,2022-09-11,ekart,675.75,Returned to Origin
SHP008754,ORD008754,2024-04-05,10 Apr 2024,dtdc,820.23,Lost
SHP008755,ORD008755,21 Jan 2023,2023/01/27,bluedart,,In Transit
SHP008756,ORD008756,2023/07/15,2023-07-16,BlueDart,505.14,delivered
SHP008757,ORD008757,07 Sep 2023,15/09/2023,delhivery,426.9,IN TRANSIT
SHP008758,ORD008758,11-08-2023,2023/08/12,DTDC,448.39,In Transit
SHP008759,ORD008759,21-06-2024,0000-00-00,BlueDart,802.22,In Transit
SHP008760,ORD008760,31/05/2024,01 Jun 2024,indiapost,264.06,Delayed
SHP008761,ORD008761,2024/09/04,11/09/2024,Ekart,686.84,LOST
SHP008762,ORD008762,2022-11-20,21-11-2022,FedEx,71.85,Lost
SHP008763,ORD008763,2023/08/08,2023-08-13,Ekart,776.84,returned to origin
SHP008764,ORD008764,2024-07-17,2024/07/27,ekart,893.5,Delivered
SHP008765,ORD008765,2024/03/12,20/03/2024,XpressBees,158.87,LOST
SHP008766,ORD008766,22/10/2022,29/10/2022,Ekart,443.38,Delayed
SHP008767,ORD008767,10/11/2023,10/14/2023,DELHIVERY,198.62,Returned to Origin
SHP008768,ORD008768,2024-07-14,2024-07-24,BlueDart,809.78,Delayed
SHP008769,ORD008769,2024/03/20,04/04/2024,DTDC,400.53,Delivered
SHP008770,ORD008770,20-01-2023,30/01/2023,BlueDart,823.13,Delayed
SHP008771,ORD008771,12-09-2022,2022/09/15,Delhivery,431.95,Delivered
SHP008772,ORD008772,04/14/2024,2024-04-21,DTDC,153.19,In Transit
SHP008773,ORD008773,2022-10-13,19/10/2022,fedex,570.78,In Transit
SHP008774,ORD008774,16-08-2024,17/08/2024,Ekart,825.63,Delivered
SHP008775,ORD008775,16/06/2022,2022-06-19,BlueDart,503.91,Delayed
SHP008776,ORD008776,08/08/2024,2024-08-23,DTDC,220.09,Lost
SHP008777,ORD008777,17-12-2022,25-12-2022,Delhivery,206.42,Returned to Origin
SHP008778,ORD008778,10/03/2022,10/13/2022,FedEx,449.34,returned to origin
SHP008779,ORD008779,29/12/2024,02-01-2025,BlueDart,830.4,Delayed
SHP008780,ORD008780,2023/01/12,13 Jan 2023,FedEx,581.37,DELAYED
SHP008781,ORD008781,14/04/2022,04/17/2022,INDIAPOST,354.24,RETURNED TO ORIGIN
SHP008782,ORD008782,20/01/2022,2022/02/04,DTDC,424.54,DELIVERED
SHP008783,ORD008783,13 Dec 2023,17 Dec 2023,IndiaPost,213.89,Delayed
SHP008784,ORD008784,09/01/2024,04/09/2024,IndiaPost,455.28,In Transit
SHP008785,ORD008785,09/20/2023,09/23/2023,FedEx,801.56,delayed
SHP008786,ORD008786,2023-06-09,06/15/2023,DTDC,47.92,Delayed
SHP008787,ORD008787,2023/05/17,2023/05/20,FedEx,696.42,Delivered
SHP008788,ORD008788,10/14/2024,17 Oct 2024,Ekart,202.55,Returned to Origin
SHP008789,ORD008789,04/19/2024,20-04-2024,XpressBees,173.05,Delivered
SHP008790,ORD008790,2022-10-22,27-10-2022,DTDC,803.18,Delivered
SHP008791,ORD008791,16-05-2023,0000-00-00,Ekart,891.76,Returned to Origin
SHP008792,ORD008792,2024/06/27,07-07-2024,dtdc,627.27,Lost
SHP008793,ORD008793,01 Apr 2024,09/04/2024,IndiaPost,441.37,In Transit
SHP008794,ORD008794,,2022/03/24,xpressbees,322.29,IN TRANSIT
SHP008795,ORD008795,2024/08/14,24/08/2024,FedEx,81.26,Delivered
SHP008796,ORD008796,02/01/2024,2024-01-09,IndiaPost,657.57,RETURNED TO ORIGIN
SHP008797,ORD008797,2023-02-20,2023/02/28,indiapost,481.65,delayed
SHP008798,ORD008798,04/30/2024,2024/05/02,IndiaPost,458.95,Lost
SHP008799,ORD008799,30-01-2023,04-02-2023,DTDC,294.84,lost
SHP008800,ORD008800,22 Feb 2023,27/02/2023,xpressbees,322.86,Delivered
SHP008801,ORD008801,29-05-2023,30/05/2023,DTDC,860.68,Lost
SHP008802,ORD008802,2024-04-09,04/11/2024,DTDC,844.23,In Transit
SHP008803,ORD008803,21-12-2023,12/27/2023,FedEx,290.6,Delivered
SHP008804,ORD008804,21-01-2024,2024-01-28,Ekart,727.56,Delivered
SHP008805,ORD008805,01-10-2022,2022-10-06,DTDC,474.31,LOST
SHP008806,ORD008806,26-11-2022,12/11/2022,BLUEDART,41.13,Lost
SHP008807,ORD008807,06/20/2024,27 Jun 2024,IndiaPost,809.43,Delivered
SHP008808,ORD008808,26-04-2022,2022/05/03,Ekart,224.87,In Transit
SHP008809,ORD008809,2024/11/17,24 Nov 2024,Delhivery,894.72,Returned to Origin
SHP008810,ORD008810,2022/10/29,08 Nov 2022,XpressBees,557.86,Delayed
SHP008811,ORD008811,08/08/2023,11-08-2023,IndiaPost,533.32,Lost
SHP008812,ORD008812,14/07/2023,2023/07/16,IndiaPost,831.22,delayed
SHP008813,ORD008813,2024-03-16,,DTDC,78.95,Lost
SHP008814,ORD008814,29/01/2022,2022/02/13,FedEx,655.44,Returned to Origin
SHP008815,ORD008815,2022/06/18,06/23/2022,XpressBees,165.87,Lost
SHP008816,ORD008816,09/07/2024,2024/09/11,xpressbees,421.11,Lost
SHP008817,ORD008817,2022-07-25,2022-07-28,XpressBees,709.5,in transit
SHP008818,ORD008818,,19-04-2022,BlueDart,567.95,in transit
SHP008819,ORD008819,2022/07/05,12-07-2022,BlueDart,753.63,Delayed
SHP008820,ORD008820,2022/12/06,0000-00-00,DTDC,581.32,Returned to Origin
SHP008821,ORD008821,16/03/2024,03/18/2024,INDIAPOST,434.38,returned to origin
SHP008822,ORD008822,2022/09/12,2022/09/13,BlueDart,720.77,delayed
SHP008823,ORD008823,2022/02/24,01 Mar 2022,Delhivery,82.22,Returned to Origin
SHP008824,ORD008824,2022/05/20,2022/05/30,Delhivery,622.6,Lost
SHP008825,ORD008825,01/01/2024,2024/01/04,FedEx,865.55,Lost
SHP008826,ORD008826,24 Jun 2024,2024/06/27,INDIAPOST,214.4,Delayed
SHP008827,ORD008827,17 Jul 2024,2024/07/25,Delhivery,544.71,Lost
SHP008828,ORD008828,18/08/2023,,FedEx,246.33,Delayed
SHP008829,ORD008829,2023/12/27,2024/01/04,dtdc,695.9,Delivered
SHP008830,ORD008830,2023-11-13,2023/11/16,DTDC,449.15,RETURNED TO ORIGIN
SHP008831,ORD008831,2022-09-20,2022/09/24,XpressBees,765.45,Lost
SHP008832,ORD008832,2024-03-27,0000-00-00,delhivery,117.58,Lost
SHP008833,ORD008833,12/01/2024,12/02/2024,DTDC,680.88,In Transit
SHP008834,ORD008834,11/11/2024,14 Nov 2024,XPRESSBEES,417.87,IN TRANSIT
SHP008835,ORD008835,2023/11/25,11/30/2023,XpressBees,306.87,Delayed
SHP008836,ORD008836,,04 Apr 2023,DELHIVERY,37.37,Delivered
SHP008837,ORD008837,15/04/2024,21/04/2024,BLUEDART,209.03,Lost
SHP008838,ORD008838,10/21/2024,29-10-2024,BlueDart,479.36,Delayed
SHP008839,ORD008839,06/03/2023,2023/03/08,FedEx,601.37,delayed
SHP008840,ORD008840,,10/19/2022,IndiaPost,662.91,Returned to Origin
SHP008841,ORD008841,2023-05-04,2023/05/10,DTDC,175.62,DELIVERED
SHP008842,ORD008842,24-11-2023,29/11/2023,DTDC,594.27,Delivered
SHP008843,ORD008843,2024-06-25,01/07/2024,DTDC,709.85,DELIVERED
SHP008844,ORD008844,02/06/2024,10/02/2024,Delhivery,505.48,Returned to Origin
SHP008845,ORD008845,09/04/2022,2022/09/06,IndiaPost,740.45,returned to origin
SHP008846,ORD008846,20-08-2022,24/08/2022,FedEx,59.08,Delivered
SHP008847,ORD008847,09-10-2024,11-10-2024,Delhivery,205.48,In Transit
SHP008848,ORD008848,2022/04/17,2022/04/20,FedEx,635.43,DELAYED
SHP008849,ORD008849,28/03/2022,0000-00-00,ekart,367.7,Delayed
SHP008850,ORD008850,06 Jan 2022,2022/01/14,XpressBees,236.02,Lost
SHP008851,ORD008851,03 Jun 2024,06-06-2024,BlueDart,345.54,LOST
SHP008852,ORD008852,18-08-2024,21/08/2024,XpressBees,94.2,In Transit
SHP008853,ORD008853,2024/12/12,2024/12/15,FEDEX,351.37,Returned to Origin
SHP008854,ORD008854,08-03-2024,16/03/2024,XpressBees,659.63,Delivered
SHP008855,ORD008855,2024/01/29,04/02/2024,DTDC,403.54,Delivered
SHP008856,ORD008856,17 Sep 2022,25/09/2022,DTDC,717.91,Delivered
SHP008857,ORD008857,17-07-2022,22-07-2022,EKART,111.4,Delivered
SHP008858,ORD008858,14/04/2024,2024-04-24,Delhivery,,Delayed
SHP008859,ORD008859,09 Feb 2024,14/02/2024,BlueDart,49.09,Returned to Origin
SHP008860,ORD008860,13/09/2024,16 Sep 2024,Ekart,146.83,Delayed
SHP008861,ORD008861,2022-09-15,17 Sep 2022,indiapost,575.39,DELAYED
SHP008862,ORD008862,,12-05-2024,Delhivery,307.37,Returned to Origin
SHP008863,ORD008863,12-11-2023,2023/11/16,IndiaPost,411.62,lost
SHP008864,ORD008864,2022/11/28,2022/12/02,BlueDart,653.13,In Transit
SHP008865,ORD008865,2023/06/29,06-07-2023,Ekart,58.44,In Transit
SHP008866,ORD008866,2024/06/16,20/06/2024,DTDC,556.19,Returned to Origin
SHP008867,ORD008867,2022-11-29,2022/11/30,FedEx,507.93,In Transit
SHP008868,ORD008868,2024/12/31,03/01/2025,DELHIVERY,486.11,LOST
SHP008869,ORD008869,28 Dec 2023,01/01/2024,FedEx,824.8,Delayed
SHP008870,ORD008870,2023-02-28,15/03/2023,DELHIVERY,420.18,Delivered
SHP008871,ORD008871,03/10/2024,15-03-2024,delhivery,795.09,Returned to Origin
SHP008872,ORD008872,2023/08/27,02-09-2023,Ekart,783.84,delivered
SHP008873,ORD008873,2023-08-03,10-08-2023,XPRESSBEES,63.56,in transit
SHP008874,ORD008874,2023-03-26,2023/04/10,XpressBees,791.42,DELIVERED
SHP008875,ORD008875,2023/09/03,2023-09-09,ekart,321.95,Delayed
SHP008876,ORD008876,11/11/2024,2024-11-18,FedEx,622.31,Delayed
SHP008877,ORD008877,26 Jun 2024,2024/06/30,Delhivery,361.93,in transit
SHP008878,ORD008878,02/05/2022,06-05-2022,XpressBees,551.34,Lost
SHP008879,ORD008879,11/22/2022,11/24/2022,FEDEX,166.89,IN TRANSIT
SHP008880,ORD008880,06/10/2023,09 Oct 2023,INDIAPOST,,Lost
SHP008881,ORD008881,05 Sep 2024,15-09-2024,INDIAPOST,725.83,Lost
SHP008882,ORD008882,2023-12-22,26 Dec 2023,XpressBees,346.16,Lost
SHP008883,ORD008883,0000-00-00,12/31/2023,DTDC,30.4,Delayed
SHP008884,ORD008884,,17-10-2023,FedEx,851.52,Delayed
SHP008885,ORD008885,07/30/2024,02/08/2024,INDIAPOST,312.72,Delivered
SHP008886,ORD008886,21/05/2022,2022/05/31,DTDC,631.04,DELAYED
SHP008887,ORD008887,20-11-2023,2023-11-22,XpressBees,351.11,IN TRANSIT
SHP008888,ORD008888,28-07-2023,29-07-2023,fedex,498.87,Lost
SHP008889,ORD008889,28/06/2023,,fedex,415.39,returned to origin
SHP008890,ORD008890,2024/02/11,21 Feb 2024,DTDC,302.94,Delayed
SHP008891,ORD008891,05/18/2022,22/05/2022,bluedart,169.19,Delayed
SHP008892,ORD008892,2022-01-25,09 Feb 2022,XPRESSBEES,483.81,Delayed
SHP008893,ORD008893,2022-01-11,16 Jan 2022,DTDC,83.22,Delivered
SHP008894,ORD008894,2024/07/08,16-07-2024,fedex,95.15,lost
SHP008895,ORD008895,2024-03-20,26-03-2024,bluedart,261.6,delivered
SHP008896,ORD008896,0000-00-00,10-01-2024,delhivery,343.81,Returned to Origin
SHP008897,ORD008897,2023-09-01,05-09-2023,XPRESSBEES,733.5,Delayed
SHP008898,ORD008898,2022/08/28,0000-00-00,delhivery,509.39,returned to origin
SHP008899,ORD008899,12/30/2024,2025-01-09,INDIAPOST,741.13,IN TRANSIT
SHP008900,ORD008900,19-11-2022,11/26/2022,EKART,132.01,Delayed
SHP008901,ORD008901,30/11/2024,2024-12-06,FedEx,276.38,Lost
SHP008902,ORD008902,2024-02-01,2024-02-03,indiapost,106.72,Delivered
SHP008903,ORD008903,08/16/2024,08/20/2024,BlueDart,148.88,Delayed
SHP008904,ORD008904,2022/08/29,05 Sep 2022,Ekart,501.66,Delayed
SHP008905,ORD008905,02-02-2023,06 Feb 2023,BlueDart,373.2,Delivered
SHP008906,ORD008906,01/07/2022,01/17/2022,IndiaPost,311.73,Delivered
SHP008907,ORD008907,04 Jun 2022,2022/06/05,IndiaPost,876.26,DELIVERED
SHP008908,ORD008908,10 Dec 2022,12/13/2022,XpressBees,166.0,In Transit
SHP008909,ORD008909,31 May 2022,2022/06/07,Ekart,618.33,returned to origin
SHP008910,ORD008910,2024-04-21,22/04/2024,XpressBees,648.62,Lost
SHP008911,ORD008911,24/08/2022,2022-09-03,BlueDart,132.09,delivered
SHP008912,ORD008912,03/10/2023,12/03/2023,XpressBees,279.13,delivered
SHP008913,ORD008913,09/06/2023,14-09-2023,XpressBees,674.01,Delivered
SHP008914,ORD008914,06/27/2023,03 Jul 2023,xpressbees,487.05,Lost
SHP008915,ORD008915,20 Oct 2024,28 Oct 2024,Ekart,687.21,Delivered
SHP008916,ORD008916,05 Mar 2022,06-03-2022,delhivery,590.54,Returned to Origin
SHP008917,ORD008917,2023-12-26,12/27/2023,DTDC,609.01,Delayed
SHP008918,ORD008918,10 Apr 2024,13 Apr 2024,fedex,,Delayed
SHP008919,ORD008919,08/11/2023,15-08-2023,IndiaPost,246.52,Delivered
SHP008920,ORD008920,08/06/2024,06/23/2024,Ekart,370.45,Delayed
SHP008921,ORD008921,29 Sep 2023,2023/10/14,BlueDart,793.39,DELAYED
SHP008922,ORD008922,20-08-2022,0000-00-00,BlueDart,306.86,Lost
SHP008923,ORD008923,2024/05/01,2024-05-03,XpressBees,884.97,In Transit
SHP008924,ORD008924,10/14/2024,2024-10-19,EKART,177.48,Delayed
SHP008925,ORD008925,04-09-2024,11 Sep 2024,FEDEX,457.13,LOST
SHP008926,ORD008926,2024/03/30,01-04-2024,FedEx,591.33,Delayed
SHP008927,ORD008927,16/06/2024,2024-06-24,fedex,845.33,lost
SHP008928,ORD008928,04/11/2023,18/04/2023,Ekart,882.2,Returned to Origin
SHP008929,ORD008929,18/10/2022,26/10/2022,FedEx,220.17,In Transit
SHP008930,ORD008930,01/12/2024,01/15/2024,IndiaPost,427.41,Returned to Origin
SHP008931,ORD008931,01-09-2023,08-09-2023,BLUEDART,386.14,Delayed
SHP008932,ORD008932,18-09-2024,2024-09-20,FedEx,721.81,Returned to Origin
SHP008933,ORD008933,24/04/2023,2023-04-27,BLUEDART,263.95,In Transit
SHP008934,ORD008934,11-10-2024,21/10/2024,delhivery,498.02,Delayed
SHP008935,ORD008935,30/03/2024,2024/04/04,BlueDart,349.72,Delivered
SHP008936,ORD008936,06/23/2022,03-07-2022,IndiaPost,147.5,Returned to Origin
SHP008937,ORD008937,2022-02-12,15 Feb 2022,IndiaPost,462.42,Returned to Origin
SHP008938,ORD008938,2023-10-15,30-10-2023,XpressBees,326.2,In Transit
SHP008939,ORD008939,2024-05-18,28 May 2024,FEDEX,234.75,LOST
SHP008940,ORD008940,19-10-2023,2023-10-23,fedex,79.4,Delayed
SHP008941,ORD008941,20 Jul 2022,,FEDEX,274.4,Lost
SHP008942,ORD008942,17 Nov 2024,12/02/2024,DTDC,323.73,Lost
SHP008943,ORD008943,11/12/2022,18-12-2022,bluedart,513.34,In Transit
SHP008944,ORD008944,2022/04/11,21/04/2022,XpressBees,475.57,Delayed
SHP008945,ORD008945,2024/09/02,09-09-2024,Ekart,808.94,in transit
SHP008946,ORD008946,2023/10/23,27/10/2023,DTDC,891.71,delayed
SHP008947,ORD008947,28 Feb 2022,2022-03-01,Ekart,226.32,LOST
SHP008948,ORD008948,18-01-2022,01/26/2022,xpressbees,347.57,LOST
SHP008949,ORD008949,2022/09/16,09/18/2022,IndiaPost,809.19,In Transit
SHP008950,ORD008950,05-07-2022,06/07/2022,DTDC,454.55,Returned to Origin
SHP008951,ORD008951,28 Oct 2023,10/31/2023,DTDC,268.72,Delivered
SHP008952,ORD008952,2022-07-21,,BlueDart,807.88,Lost
SHP008953,ORD008953,,15/06/2022,XpressBees,89.64,Returned to Origin
SHP008954,ORD008954,03 Aug 2022,13 Aug 2022,IndiaPost,412.8,Lost
SHP008955,ORD008955,15 Mar 2022,03/19/2022,BLUEDART,106.08,IN TRANSIT
SHP008956,ORD008956,2023-04-09,15-04-2023,FEDEX,776.28,Delayed
SHP008957,ORD008957,14/01/2023,29-01-2023,XpressBees,759.92,Delayed
SHP008958,ORD008958,12/08/2022,20 Aug 2022,FEDEX,226.98,Returned to Origin
SHP008959,ORD008959,04/28/2024,04 May 2024,DTDC,253.78,Returned to Origin
SHP008960,ORD008960,,14/04/2022,DTDC,54.53,Delayed
SHP008961,ORD008961,27/12/2023,2024-01-04,DELHIVERY,119.78,Lost
SHP008962,ORD008962,2022-03-21,23/03/2022,DELHIVERY,545.09,DELIVERED
SHP008963,ORD008963,26/03/2022,05/04/2022,bluedart,442.3,Lost
SHP008964,ORD008964,2023/05/03,05/06/2023,FedEx,441.23,Returned to Origin
SHP008965,ORD008965,2023/02/22,02-03-2023,XpressBees,30.28,Lost
SHP008966,ORD008966,,2023/10/08,INDIAPOST,33.69,lost
SHP008967,ORD008967,2024-09-25,2024/10/05,indiapost,134.2,Returned to Origin
SHP008968,ORD008968,2023-06-18,06/20/2023,DTDC,884.39,Lost
SHP008969,ORD008969,18-08-2024,20/08/2024,FedEx,894.14,LOST
SHP008970,ORD008970,26 Jul 2024,05/08/2024,BLUEDART,748.61,Delivered
SHP008971,ORD008971,2023/07/28,2023-08-02,XPRESSBEES,463.68,DELIVERED
SHP008972,ORD008972,,10/04/2022,DTDC,,Lost
SHP008973,ORD008973,02/27/2022,05-03-2022,FedEx,863.77,RETURNED TO ORIGIN
SHP008974,ORD008974,02/11/2024,2024-11-09,Delhivery,612.7,Delayed
SHP008975,ORD008975,09/30/2024,2024/10/08,BlueDart,148.18,Returned to Origin
SHP008976,ORD008976,,11/06/2024,INDIAPOST,633.88,Returned to Origin
SHP008977,ORD008977,2022-01-09,2022-01-15,INDIAPOST,351.86,Delayed
SHP008978,ORD008978,2023-09-27,04-10-2023,DTDC,769.44,Delivered
SHP008979,ORD008979,18/02/2024,2024/02/25,DTDC,526.44,returned to origin
SHP008980,ORD008980,2022/07/21,2022/08/05,Delhivery,529.5,delivered
SHP008981,ORD008981,2024-09-14,2024-09-17,XpressBees,525.66,In Transit
SHP008982,ORD008982,19 Feb 2022,23-02-2022,IndiaPost,714.96,In Transit
SHP008983,ORD008983,2022/03/15,2022-03-30,BlueDart,411.45,In Transit
SHP008984,ORD008984,06-05-2022,14 May 2022,FedEx,899.62,DELIVERED
SHP008985,ORD008985,26-06-2022,07/01/2022,dtdc,222.12,lost
SHP008986,ORD008986,15 Jan 2024,2024/01/30,DTDC,141.85,Delivered
SHP008987,ORD008987,2023/09/14,20-09-2023,bluedart,556.4,Delivered
SHP008988,ORD008988,2023/10/03,10/08/2023,XpressBees,102.25,returned to origin
SHP008989,ORD008989,06-02-2022,14/02/2022,XpressBees,455.83,Delivered
SHP008990,ORD008990,04/06/2022,04/14/2022,EKART,552.2,Delivered
SHP008991,ORD008991,04/23/2024,2024/04/27,DTDC,120.9,Delivered
SHP008992,ORD008992,11/15/2023,20/11/2023,bluedart,831.44,Returned to Origin
SHP008993,ORD008993,2024-12-01,16-12-2024,DTDC,774.03,delayed
SHP008994,ORD008994,21-10-2022,2022/10/24,IndiaPost,362.08,Lost
SHP008995,ORD008995,2023/10/10,14 Oct 2023,IndiaPost,566.22,Lost
SHP008996,ORD008996,2022/03/18,25-03-2022,delhivery,394.79,delivered
SHP008997,ORD008997,03/09/2022,19 Mar 2022,FedEx,388.34,In Transit
SHP008998,ORD008998,03-05-2023,06-05-2023,FEDEX,568.14,lost
SHP008999,ORD008999,2024/09/24,2024/09/29,indiapost,464.21,in transit
SHP009000,ORD009000,2023/08/01,07-08-2023,IndiaPost,871.24,LOST
SHP009001,ORD003844,2024/03/14,16-03-2024,XpressBees,279.05,DELIVERED
SHP009002,ORD006189,2024-11-27,2024-11-28,indiapost,337.27,In Transit
SHP009003,ORD003491,2023/12/20,2023/12/25,Delhivery,,Delivered
SHP009004,ORD003421,03-09-2024,18-09-2024,BlueDart,245.38,In Transit
SHP009005,ORD005290,16/05/2022,24/05/2022,EKART,816.68,Lost
SHP009006,ORD003737,14/09/2022,2022/09/24,Delhivery,276.94,IN TRANSIT
SHP009007,ORD004086,31 Dec 2023,01/03/2024,Ekart,285.42,Delayed
SHP009008,ORD001044,30-07-2022,2022/08/04,Ekart,792.87,Delayed
SHP009009,ORD004362,14-01-2024,2024-01-16,Delhivery,733.13,Lost
SHP009010,ORD007343,10-06-2023,2023-06-14,IndiaPost,835.05,In Transit
SHP009011,ORD007528,2022-10-03,09 Oct 2022,IndiaPost,140.37,Lost
SHP009012,ORD003530,06/20/2022,25 Jun 2022,XpressBees,469.92,Delivered
SHP009013,ORD004270,2024/11/18,2024-11-21,Delhivery,508.87,Returned to Origin
SHP009014,ORD005785,05/28/2024,01 Jun 2024,XpressBees,819.59,Lost
SHP009015,ORD001158,2023-04-25,28-04-2023,FEDEX,492.97,LOST
SHP009016,ORD005862,27/04/2023,07 May 2023,Delhivery,197.33,returned to origin
SHP009017,ORD008683,03 Feb 2023,07/02/2023,FedEx,854.55,Delayed
SHP009018,ORD000251,07/06/2024,08 Jul 2024,Ekart,792.03,Lost
SHP009019,ORD003127,2024/06/03,2024-06-11,XpressBees,675.86,In Transit
SHP009020,ORD004295,01/21/2024,01/29/2024,bluedart,835.73,Delivered
SHP009021,ORD003673,03/27/2024,2024-03-28,DTDC,607.25,in transit
SHP009022,ORD004811,2023-10-24,11/03/2023,DTDC,701.01,DELAYED
SHP009023,ORD007266,29/07/2022,06 Aug 2022,IndiaPost,349.89,Delivered
SHP009024,ORD005873,2023/10/24,,Ekart,859.87,Delivered
SHP009025,ORD007974,05-11-2023,08/11/2023,XpressBees,876.86,Delayed
SHP009026,ORD005867,16-01-2023,18-01-2023,IndiaPost,35.27,Delivered
SHP009027,ORD007733,2022/03/19,23/03/2022,xpressbees,406.47,DELIVERED
SHP009028,ORD007123,18 Aug 2024,28 Aug 2024,Delhivery,565.93,Lost
SHP009029,ORD000043,09/08/2023,2023/08/17,DTDC,196.79,Delayed
SHP009030,ORD008941,07/19/2022,07/21/2022,XpressBees,726.0,Delayed
SHP004502,ORD004502,2022-07-30,14-08-2022,Delhivery,535.16,In Transit
SHP006926,ORD006926,2022/10/17,22-10-2022,XPRESSBEES,125.67,Delivered
SHP005740,ORD005740,30/04/2022,07/05/2022,XPRESSBEES,769.11,Delayed
SHP003776,ORD003776,2022/07/30,05-08-2022,Delhivery,432.43,delayed
SHP004201,ORD004201,02-07-2022,2022-07-12,FedEx,263.42,Lost
SHP003788,ORD003788,21/07/2022,23-07-2022,BlueDart,332.13,In Transit
SHP005885,ORD005885,27-06-2022,30/06/2022,Ekart,474.72,lost
SHP006948,ORD006948,2024-06-18,25/06/2024,XpressBees,599.36,Returned to Origin
SHP007535,ORD007535,2024/07/03,06 Jul 2024,DTDC,529.49,Returned to Origin
SHP002611,ORD002611,14-09-2022,2022/09/21,DELHIVERY,285.14,Delayed
SHP002194,ORD002194,2022-10-13,2022-10-18,IndiaPost,173.16,LOST
SHP000831,ORD000831,23-11-2024,11/27/2024,BlueDart,41.75,Returned to Origin
SHP005246,ORD005246,07/01/2023,08/07/2023,bluedart,720.44,In Transit
SHP007909,ORD007909,,07/13/2024,DTDC,861.86,Delivered
SHP004595,ORD004595,,2022/08/16,XpressBees,99.43,In Transit
SHP002271,ORD002271,2022-04-01,05-04-2022,Delhivery,778.27,Returned to Origin
SHP004989,ORD004989,2024-02-13,02/20/2024,FedEx,880.66,Delayed
SHP004122,ORD004122,2022-06-30,03-07-2022,dtdc,747.96,delayed
SHP004924,ORD004924,06/01/2024,2024/06/08,IndiaPost,799.84,Returned to Origin
SHP000180,ORD000180,26 Dec 2023,01/03/2024,XpressBees,661.69,Delayed
