customer_id,customer_name,email,phone,city,state,signup_date,customer_segment
Cust00001,Ananya Miller,Ananya.Miller1@Mail.Com,8123156124.0,Lucknow,Uttar Pradesh,2023-10-28,Premium
Cust00002,Amelia Rao,Amelia.Rao2@Outlook.Com,6204496093.0,Agra,Uttar Pradesh,2021-10-03,Premium
Cust00003,Liam Rao,Liam.Rao3@Yahoo.Com,8889542655.0,Kanpur,Uttar Pradesh,2024-09-05,Regular
Cust00004,Isabella Singh,Isabella.Singh4@Gmail.Com,8156341511.0,Vadodara,Gujarat,2023-05-09,Regular
Cust00005,Aditya Gupta,Aditya.Gupta5@Yahoo.Com,8800935401.0,Bengaluru,Karnataka,2024-01-20,Premium
Cust00006,Kabir Gupta,Kabir.Gupta6@Gmail.Com,8124724799.0,Agra,Uttar Pradesh,2024-02-22,New
Cust00007,Liam Brown,Liam.Brown7@Outlook.Com,9866402704.0,Ludhiana,Punjab,2022-06-28,Vip
Cust00008,Amelia Miller,Amelia.Miller8@Gmail.Com,9909073286.0,Hyderabad,Telangana,2022-06-20,Regular
Cust00009,Kabir Verma,Kabir.Verma9@Yahoo.Com,9703975707.0,Delhi,Delhi,2021-12-05,Regular
Cust00010,Aarav Iyer,Aarav.Iyer10@Outlook.Com,7807765063.0,Ahmedabad,Gujarat,2024-09-08,Vip
Cust00011,Noah Reddy,Noah.Reddy11@Gmail.Com,9301942549.0,Kolkata,West Bengal,2022-03-16,Regular
Cust00012,Abigail Brown,Abigail.Brown12@Gmail.Com,8529560480.0,Jaipur,Rajasthan,2023-11-03,Premium
Cust00013,Diya Johnson,Diya.Johnson13@Yahoo.Com,,Nashik,Maharashtra,2022-11-03,Regular
Cust00014,Arjun Smith,Arjun.Smith14@Gmail.Com,7257120244.0,Pune,Maharashtra,2022-12-27,Regular
Cust00015,Ishaan Gupta,Ishaan.Gupta15@Yahoo.Com,6202585894.0,Agra,Uttar Pradesh,2023-01-13,Regular
Cust00016,,William.Singh16@Outlook.Com,6612026532.0,Jaipur,Rajasthan,2021-07-04,Premium
Cust00017,Henry Nair,Henry.Nair17@Gmail.Com,7859674935.0,Nashik,Maharashtra,2023-10-19,Premium
Cust00018,Noah Rao,Noah.Rao18@Outlook.Com,8427692509.0,Bengaluru,Karnataka,2023-03-02,Vip
Cust00019,Kiara Patel,Kiara.Patel19@Yahoo.Com,7695024527.0,Mumbai,Maharashtra,2023-10-31,Premium
Cust00020,Lucas Gupta,Lucas.Gupta20_At_Mail.Com,9866823538.0,Ludhiana,Punjab,2023-05-22,Premium
Cust00021,Aditya Anderson,Aditya.Anderson21@Mail.Com,8287705313.0,Ahmedabad,Gujarat,2024-02-05,New
Cust00022,Kabir Smith,Kabir.Smith22@Yahoo.Com,9411454646.0,Surat,Gujarat,2022-09-12,Premium
Cust00023,Ira Davis,Ira.Davis23@Gmail.Com,6161736645.0,Nashik,Maharashtra,2024-01-13,New
Cust00024,Ananya Williams,Ananya.Williams24_At_Outlook.Com,8190992937.0,Ahmedabad,Gujarat,2023-10-04,Regular
Cust00025,Liam Williams,Liam.Williams25@Outlook.Com,8675984517.0,Hyderabad,Telangana,2023-11-30,Premium
Cust00026,Aarav Johnson,Aarav.Johnson26@Yahoo.Com,8523640548.0,Lucknow,Uttar Pradesh,2021-08-18,Premium
Cust00027,Kabir Brown,Kabir.Brown27@Mail.Com,8448845506.0,Nagpur,Maharashtra,2024-07-04,Premium
Cust00028,Ishaan Sharma,Ishaan.Sharma28@Yahoo.Com,8155877346.0,Lucknow,Uttar Pradesh,2023-11-11,Regular
Cust00029,Reyansh Brown,Reyansh.Brown29@Yahoo.Com,8367862922.0,Hyderabad,Telangana,2022-12-06,Premium
Cust00030,Ishaan Davis,Ishaan.Davis30@Yahoo.Com,8346299407.0,Nagpur,Maharashtra,,New
Cust00031,Diya Patel,Diya.Patel31@Gmail.Com,8338129347.0,Patna,Bihar,2021-10-18,Regular
Cust00032,Pari Johnson,Pari.Johnson32@Mail.Com,,Lucknow,Uttar Pradesh,2022-08-23,New
Cust00033,Anaya Miller,Anaya.Miller33@Outlook.Com,9833324339.0,Ahmedabad,Gujarat,2023-04-24,New
Cust00034,Olivia Iyer,Olivia.Iyer34@Outlook.Com,9240107634.0,Nashik,Maharashtra,2022-02-16,Regular
Cust00035,Diya Jones,Diya.Jones35@Gmail.Com,7423707839.0,Kolkata,West Bengal,2024-11-06,Premium
Cust00036,Anaya Garcia,Anaya.Garcia36@Outlook.Com,9568286479.0,Indore,Madhya Pradesh,2024-05-22,Regular
Cust00037,Rohan Rao,Rohan.Rao37@Gmail.Com,8895336885.0,Patna,Bihar,2024-06-09,Regular
Cust00038,William Williams,,8735776226.0,Vadodara,Gujarat,2024-01-03,Regular
Cust00039,Riya Nair,Riya.Nair39@Gmail.Com,,Ahmedabad,Gujarat,2023-01-04,Premium
Cust00040,Myra Garcia,Myra.Garcia40_At_Gmail.Com,7448495661.0,Ludhiana,Punjab,2022-12-07,Premium
Cust00041,Vihaan Sharma,Vihaan.Sharma41@Outlook.Com,8374864174.0,Ludhiana,Punjab,2024-09-21,Regular
Cust00042,Alexander Garcia,Alexander.Garcia42@Yahoo.Com,7318955963.0,Nagpur,Maharashtra,2022-04-29,Vip
Cust00043,Liam Patel,Liam.Patel43@Mail.Com,8302786799.0,Chennai,Tamil Nadu,2023-01-13,Regular
Cust00044,Diya Patel,Diya.Patel44@Yahoo.Com,6207625222.0,Ahmedabad,Gujarat,2021-07-09,Regular
Cust00045,Aditya Kumar,Aditya.Kumar45@Yahoo.Com,9950833480.0,Hyderabad,Telangana,2024-06-29,Premium
Cust00046,Liam Wilson,Liam.Wilson46@Mail.Com,6265907416.0,Ludhiana,Punjab,2022-12-14,Premium
Cust00047,Riya Gupta,Riya.Gupta47@Mail.Com,9343390582.0,Ahmedabad,Gujarat,2023-06-08,Premium
Cust00048,Kabir Miller,Kabir.Miller48@Yahoo.Com,7483656443.0,Lucknow,Uttar Pradesh,2022-02-12,New
Cust00049,Ananya Brown,Ananya.Brown49@Outlook.Com,8816479341.0,Nashik,Maharashtra,2023-01-23,New
Cust00050,Anaya Patel,Anaya.Patel50@Gmail.Com,8443872264.0,Bhopal,Madhya Pradesh,2024-02-19,Regular
Cust00051,Reyansh Smith,Reyansh.Smith51@Yahoo.Com,7630650165.0,Indore,Madhya Pradesh,2024-10-29,Premium
Cust00052,William Brown,William.Brown52@Mail.Com,8512990369.0,Indore,Madhya Pradesh,2024-05-29,Regular
Cust00053,Kiara Johnson,Kiara.Johnson53@Gmail.Com,7699550021.0,Ahmedabad,Gujarat,2022-01-26,Regular
Cust00054,Aryan Garcia,Aryan.Garcia54@Mail.Com,9902080160.0,Ahmedabad,Gujarat,2023-07-28,Premium
Cust00055,Ishaan Wilson,Ishaan.Wilson55@Gmail.Com,8132411682.0,Ahmedabad,Gujarat,2021-11-23,Premium
Cust00056,Ananya Miller,Ananya.Miller56@Yahoo.Com,7604856763.0,Lucknow,Uttar Pradesh,2023-12-11,Premium
Cust00057,Aditya Anderson,,6830040870.0,Bhopal,Madhya Pradesh,2024-07-23,Premium
Cust00058,Aadhya Brown,Aadhya.Brown58@Yahoo.Com,6234360915.0,Nagpur,Maharashtra,2024-12-03,Regular
Cust00059,Alexander Patel,Alexander.Patel59@Mail.Com,6988256872.0,Delhi,Delhi,2023-07-15,Premium
Cust00060,Alexander Smith,Alexander.Smith60@Gmail.Com,9170135921.0,Mumbai,Maharashtra,2023-03-10,Premium
Cust00061,Reyansh Wilson,Reyansh.Wilson61@Gmail.Com,9151592119.0,Surat,Gujarat,2021-07-02,New
Cust00062,Sophia Johnson,Sophia.Johnson62@Yahoo.Com,6896127318.0,Vadodara,Gujarat,2022-04-18,Regular
Cust00063,Aditya Rao,Aditya.Rao63@Yahoo.Com,9871443460.0,Kolkata,West Bengal,2022-03-30,Premium
Cust00064,Alexander Davis,Alexander.Davis64@Outlook.Com,7486886743.0,Indore,Madhya Pradesh,2021-09-04,Premium
Cust00065,Alexander Patel,Alexander.Patel65@Yahoo.Com,,Surat,Gujarat,2024-07-09,Regular
Cust00066,Saanvi Patel,Saanvi.Patel66@Outlook.Com,9292399773.0,Bhopal,Madhya Pradesh,2022-11-25,Vip
Cust00067,Rohan Gupta,Rohan.Gupta67@Mail.Com,6539196085.0,Ahmedabad,Gujarat,2023-12-04,New
Cust00068,James Davis,James.Davis68@Mail.Com,9766378908.0,Delhi,Delhi,2022-10-29,Premium
Cust00069,Saanvi Wilson,Saanvi.Wilson69@Mail.Com,6818494947.0,Bhopal,Madhya Pradesh,2024-01-30,Premium
Cust00070,Ishaan Williams,Ishaan.Williams70@Mail.Com,7467674476.0,Patna,Bihar,2022-08-24,Premium
Cust00071,Aryan Miller,Aryan.Miller71@Yahoo.Com,9745401958.0,Delhi,Delhi,2023-06-25,Vip
Cust00072,Isabella Nair,Isabella.Nair72@Outlook.Com,9394103594.0,Surat,Gujarat,2023-12-26,Vip
Cust00073,Vihaan Patel,Vihaan.Patel73@Mail.Com,8313250824.0,Indore,Madhya Pradesh,2024-02-26,Vip
Cust00074,Henry Williams,Henry.Williams74@Gmail.Com,8183546470.0,Agra,Uttar Pradesh,2024-11-28,Premium
Cust00075,John Sharma,John.Sharma75@Yahoo.Com,6439740334.0,Indore,Madhya Pradesh,2022-12-05,Regular
Cust00076,Evelyn Gupta,Evelyn.Gupta76@Gmail.Com,6847803291.0,Chennai,Tamil Nadu,2024-10-27,Vip
Cust00077,Henry Sharma,,7639109879.0,Hyderabad,Telangana,2024-04-02,Premium
Cust00078,Lucas Brown,Lucas.Brown78@Outlook.Com,6500636145.0,Nashik,Maharashtra,2022-05-14,Regular
Cust00079,Isabella Rao,Isabella.Rao79@Gmail.Com,9196248006.0,Nashik,Maharashtra,2023-10-05,Regular
Cust00080,Benjamin Davis,Benjamin.Davis80@Gmail.Com,8339314901.0,Ludhiana,Punjab,2023-08-04,Regular
Cust00081,Mia Brown,Mia.Brown81_At_Mail.Com,8644989272.0,Jaipur,Rajasthan,,Vip
Cust00082,Vivaan Kumar,Vivaan.Kumar82@Outlook.Com,7459800080.0,Agra,Uttar Pradesh,2023-11-12,Premium
Cust00083,Vihaan Wilson,Vihaan.Wilson83@Mail.Com,8532845746.0,Vadodara,Gujarat,2022-05-05,Vip
Cust00084,Henry Williams,Henry.Williams84@Outlook.Com,7318788403.0,Mumbai,Maharashtra,2023-11-27,Regular
Cust00085,Lucas Patel,Lucas.Patel85@Mail.Com,6781249622.0,Kanpur,Uttar Pradesh,2022-07-02,Premium
Cust00086,Kiara Williams,Kiara.Williams86@Outlook.Com,,Agra,Uttar Pradesh,2022-01-12,Regular
Cust00087,Anaya Singh,Anaya.Singh87@Gmail.Com,8519618529.0,Mumbai,Maharashtra,2023-10-10,Regular
Cust00088,William Smith,William.Smith88@Mail.Com,9291853043.0,Nashik,Maharashtra,2021-08-18,Regular
Cust00089,Alexander Garcia,Alexander.Garcia89@Gmail.Com,9307066016.0,Ludhiana,Punjab,2021-08-01,Regular
Cust00090,Myra Sharma,Myra.Sharma90@Outlook.Com,8387323147.0,Kolkata,West Bengal,2021-12-20,New
Cust00091,Charlotte Brown,Charlotte.Brown91@Mail.Com,8837722327.0,Jaipur,Rajasthan,2023-08-28,Regular
Cust00092,Myra Miller,Myra.Miller92@Mail.Com,7976057581.0,Hyderabad,Telangana,2024-11-09,Vip
Cust00093,Arjun Jones,Arjun.Jones93@Yahoo.Com,7730146055.0,Nashik,Maharashtra,2024-06-05,New
Cust00094,Ananya Johnson,Ananya.Johnson94@Yahoo.Com,7255735166.0,Hyderabad,Telangana,2021-07-04,New
Cust00095,John Iyer,John.Iyer95@Gmail.Com,8210509713.0,Nashik,Maharashtra,2021-11-15,Regular
Cust00096,John Reddy,John.Reddy96@Yahoo.Com,9394651349.0,Hyderabad,Telangana,2023-12-29,Premium
Cust00097,Riya Sharma,Riya.Sharma97@Gmail.Com,6139737245.0,Vadodara,Gujarat,2021-09-03,New
Cust00098,James Rao,James.Rao98@Outlook.Com,9697483848.0,Patna,Bihar,2024-11-20,Regular
Cust00099,Kabir Johnson,Kabir.Johnson99@Gmail.Com,9248964957.0,Lucknow,Uttar Pradesh,2023-11-24,Premium
Cust00100,Lucas Sharma,Lucas.Sharma100@Gmail.Com,9151543246.0,Bengaluru,Karnataka,2022-07-12,New
Cust00101,Saanvi Kumar,Saanvi.Kumar101@Mail.Com,8908564991.0,Indore,Madhya Pradesh,2023-12-17,Premium
Cust00102,Charlotte Nair,Charlotte.Nair102@Outlook.Com,9383266009.0,Bengaluru,Karnataka,2023-06-07,Regular
Cust00103,Myra Patel,Myra.Patel103@Gmail.Com,9819942770.0,Nagpur,Maharashtra,2022-07-04,Vip
Cust00104,Noah Smith,Noah.Smith104@Outlook.Com,9239651408.0,Kanpur,Uttar Pradesh,2023-08-13,Vip
Cust00105,Pari Brown,Pari.Brown105@Yahoo.Com,9258151146.0,Hyderabad,Telangana,,Premium
Cust00106,Amelia Jones,Amelia.Jones106@Outlook.Com,9480562915.0,Ahmedabad,Gujarat,2023-05-09,Regular
Cust00107,Ishaan Verma,Ishaan.Verma107@Mail.Com,7303419997.0,Nashik,Maharashtra,2023-01-01,Regular
Cust00108,Kiara Gupta,Kiara.Gupta108@Yahoo.Com,7356374256.0,Hyderabad,Telangana,2022-12-31,Premium
Cust00109,Ishaan Iyer,Ishaan.Iyer109@Outlook.Com,8473268212.0,Nashik,Maharashtra,2023-01-25,Premium
Cust00110,Ira Iyer,Ira.Iyer110@Yahoo.Com,8456649049.0,Ahmedabad,Gujarat,2021-07-11,Premium
Cust00111,Arjun Singh,Arjun.Singh111@Gmail.Com,9624316008.0,Patna,Bihar,2022-01-25,Regular
Cust00112,Amelia Davis,Amelia.Davis112@Yahoo.Com,9427064197.0,Lucknow,Uttar Pradesh,2023-12-28,Vip
Cust00113,Anaya Johnson,Anaya.Johnson113_At_Mail.Com,7656016860.0,Nashik,Maharashtra,,Regular
Cust00114,James Iyer,James.Iyer114@Yahoo.Com,6485924214.0,Bengaluru,Karnataka,2022-07-16,Vip
Cust00115,Benjamin Davis,Benjamin.Davis115@Yahoo.Com,7519861213.0,Jaipur,Rajasthan,2023-03-10,Premium
Cust00116,Kabir Brown,Kabir.Brown116@Mail.Com,7409676308.0,Mumbai,Maharashtra,2024-04-01,Premium
Cust00117,Abigail Garcia,Abigail.Garcia117@Yahoo.Com,7116742210.0,Kolkata,West Bengal,2023-01-15,Regular
Cust00118,Aarav Verma,Aarav.Verma118@Outlook.Com,8192345517.0,Ahmedabad,Gujarat,,Vip
Cust00119,Michael Iyer,Michael.Iyer119@Mail.Com,9380526766.0,Nashik,Maharashtra,2023-03-13,Premium
Cust00120,Rohan Reddy,Rohan.Reddy120@Outlook.Com,7427487069.0,Agra,Uttar Pradesh,2024-12-22,Vip
Cust00121,Amelia Jones,Amelia.Jones121@Outlook.Com,7602917984.0,Bhopal,Madhya Pradesh,2023-10-24,Vip
Cust00122,James Patel,James.Patel122@Yahoo.Com,8723116455.0,Ahmedabad,Gujarat,2024-12-07,Regular
Cust00123,Sophia Kumar,Sophia.Kumar123@Mail.Com,6158353824.0,Jaipur,Rajasthan,2022-01-20,New
Cust00124,Emma Verma,Emma.Verma124@Gmail.Com,9853307914.0,Ahmedabad,Gujarat,2024-08-09,Premium
Cust00125,Aryan Rao,Aryan.Rao125@Outlook.Com,6769654032.0,Hyderabad,Telangana,2021-10-30,Regular
Cust00126,Myra Gupta,Myra.Gupta126@Mail.Com,6159757124.0,Surat,Gujarat,2023-09-21,Vip
Cust00127,Abigail Jones,Abigail.Jones127@Gmail.Com,8252134379.0,Pune,Maharashtra,2022-05-30,Regular
Cust00128,Riya Gupta,Riya.Gupta128@Mail.Com,6849098886.0,Bhopal,Madhya Pradesh,2023-10-16,Vip
Cust00129,Aarav Wilson,Aarav.Wilson129@Outlook.Com,6145775539.0,Kanpur,Uttar Pradesh,2022-03-27,Vip
Cust00130,Michael Davis,Michael.Davis130@Yahoo.Com,6650878040.0,Ahmedabad,Gujarat,2023-06-05,Premium
Cust00131,Rohan Nair,Rohan.Nair131@Outlook.Com,6504288204.0,Nashik,Maharashtra,2022-06-19,Regular
Cust00132,,Rohan.Smith132@Outlook.Com,,Chennai,Tamil Nadu,2022-10-02,Regular
Cust00133,Aadhya Iyer,Aadhya.Iyer133@Gmail.Com,6911548967.0,Bengaluru,Karnataka,2021-10-19,Regular
Cust00134,Olivia Anderson,Olivia.Anderson134@Gmail.Com,6505475993.0,Agra,Uttar Pradesh,2024-07-28,Premium
Cust00135,Diya Singh,Diya.Singh135@Mail.Com,8192361447.0,Hyderabad,Telangana,2022-08-05,Regular
Cust00136,Henry Garcia,Henry.Garcia136@Gmail.Com,6304157942.0,Agra,Uttar Pradesh,2024-02-10,Regular
Cust00137,Arjun Jones,Arjun.Jones137@Mail.Com,9236571776.0,Surat,Gujarat,2022-01-07,Regular
Cust00138,Aadhya Rao,Aadhya.Rao138@Outlook.Com,8409311735.0,Agra,Uttar Pradesh,2022-10-22,Regular
Cust00139,Lucas Gupta,Lucas.Gupta139@Mail.Com,9134654722.0,Jaipur,Rajasthan,2022-07-30,New
Cust00140,Emma Verma,Emma.Verma140@Yahoo.Com,9471348848.0,Indore,Madhya Pradesh,2024-10-22,Premium
Cust00141,Rohan Nair,Rohan.Nair141@Gmail.Com,8798294005.0,Patna,Bihar,2023-02-26,Premium
Cust00142,William Sharma,William.Sharma142@Mail.Com,8561406882.0,Ludhiana,Punjab,2022-03-24,Regular
Cust00143,Emma Brown,Emma.Brown143@Gmail.Com,9343874566.0,Ludhiana,Punjab,2024-08-21,Regular
Cust00144,Vihaan Patel,Vihaan.Patel144@Gmail.Com,9437290100.0,Pune,Maharashtra,2023-02-03,Premium
Cust00145,Arjun Nair,Arjun.Nair145@Yahoo.Com,7336531677.0,Surat,Gujarat,2023-07-06,Regular
Cust00146,John Garcia,John.Garcia146@Gmail.Com,6400415621.0,Ahmedabad,Gujarat,2024-05-16,Premium
Cust00147,Aryan Verma,Aryan.Verma147@Yahoo.Com,,Delhi,Delhi,2022-12-20,New
Cust00148,Abigail Williams,Abigail.Williams148_At_Mail.Com,6147690834.0,Nagpur,Maharashtra,,Premium
Cust00149,Michael Sharma,Michael.Sharma149@Outlook.Com,,Nashik,Maharashtra,2023-11-20,Vip
Cust00150,Harper Williams,Harper.Williams150@Outlook.Com,6555089389.0,Agra,Uttar Pradesh,2024-05-12,New
Cust00151,Kiara Kumar,Kiara.Kumar151@Gmail.Com,7191844510.0,Ludhiana,Punjab,2023-02-10,New
Cust00152,Anaya Anderson,Anaya.Anderson152@Gmail.Com,7997647951.0,Chennai,Tamil Nadu,2023-12-10,Vip
Cust00153,Liam Garcia,Liam.Garcia153@Yahoo.Com,9396831273.0,Ludhiana,Punjab,2023-03-20,Regular
Cust00154,Charlotte Kumar,Charlotte.Kumar154@Yahoo.Com,9349830146.0,Delhi,Delhi,2022-06-27,Premium
Cust00155,Aadhya Verma,,7680294485.0,Nashik,Maharashtra,2022-10-08,New
Cust00156,Kiara Reddy,Kiara.Reddy156@Outlook.Com,6176657833.0,Surat,Gujarat,2022-04-04,Regular
Cust00157,Olivia Miller,Olivia.Miller157@Outlook.Com,9412322106.0,Agra,Uttar Pradesh,2021-08-06,Regular
Cust00158,Noah Wilson,Noah.Wilson158@Outlook.Com,9805512080.0,Nagpur,Maharashtra,2021-11-22,Regular
Cust00159,Henry Garcia,Henry.Garcia159@Mail.Com,9751870820.0,Vadodara,Gujarat,2024-05-15,Vip
Cust00160,Kiara Smith,Kiara.Smith160@Yahoo.Com,8589434256.0,Hyderabad,Telangana,2022-10-21,Vip
Cust00161,Harper Davis,Harper.Davis161@Gmail.Com,8582075743.0,Pune,Maharashtra,2024-08-24,Premium
Cust00162,Rohan Anderson,Rohan.Anderson162@Outlook.Com,9187516357.0,Vadodara,Gujarat,2022-04-14,Regular
Cust00163,Mia Sharma,Mia.Sharma163@Yahoo.Com,6897633403.0,Delhi,Delhi,2023-11-15,Regular
Cust00164,Amelia Williams,Amelia.Williams164@Mail.Com,8864486473.0,Lucknow,Uttar Pradesh,2023-05-05,Regular
Cust00165,Michael Jones,Michael.Jones165@Mail.Com,6410623993.0,Ahmedabad,Gujarat,2022-06-25,Premium
Cust00166,Aarav Wilson,Aarav.Wilson166@Outlook.Com,7570929255.0,Agra,Uttar Pradesh,2023-01-08,Regular
Cust00167,Amelia Wilson,Amelia.Wilson167@Mail.Com,,Kolkata,West Bengal,2023-11-13,Regular
Cust00168,Riya Singh,Riya.Singh168@Gmail.Com,8281806799.0,Jaipur,Rajasthan,2024-11-07,Regular
Cust00169,Harper Davis,Harper.Davis169@Yahoo.Com,8107156607.0,Mumbai,Maharashtra,2023-11-07,Premium
Cust00170,Amelia Kumar,Amelia.Kumar170@Mail.Com,9577176303.0,Patna,Bihar,2022-12-05,Regular
Cust00171,Michael Patel,Michael.Patel171@Yahoo.Com,7396468739.0,Vadodara,Gujarat,2021-11-13,Premium
Cust00172,Amelia Smith,Amelia.Smith172@Yahoo.Com,9781286134.0,Pune,Maharashtra,2022-03-22,Regular
Cust00173,Liam Kumar,Liam.Kumar173@Mail.Com,7241510509.0,Bengaluru,Karnataka,2024-05-07,Premium
Cust00174,Abigail Reddy,Abigail.Reddy174@Yahoo.Com,6777559423.0,Kanpur,Uttar Pradesh,2024-03-02,Regular
Cust00175,Riya Miller,Riya.Miller175@Mail.Com,7683485601.0,Hyderabad,Telangana,2022-09-06,Regular
Cust00176,Benjamin Smith,Benjamin.Smith176@Yahoo.Com,6442422662.0,Kanpur,Uttar Pradesh,2023-08-09,Premium
Cust00177,Kiara Sharma,Kiara.Sharma177@Outlook.Com,6165287000.0,Lucknow,Uttar Pradesh,2022-02-12,Premium
Cust00178,Anaya Verma,Anaya.Verma178@Outlook.Com,9431260784.0,Pune,Maharashtra,2024-08-30,Premium
Cust00179,Abigail Anderson,Abigail.Anderson179@Outlook.Com,9961584268.0,Lucknow,Uttar Pradesh,2023-06-07,Regular
Cust00180,Diya Singh,Diya.Singh180@Mail.Com,8501450537.0,Kolkata,West Bengal,2024-07-21,Premium
Cust00181,Amelia Gupta,Amelia.Gupta181@Mail.Com,,Pune,Maharashtra,2021-08-23,New
Cust00182,Rohan Nair,Rohan.Nair182@Gmail.Com,,Ludhiana,Punjab,2024-04-11,Premium
Cust00183,Alexander Rao,Alexander.Rao183@Outlook.Com,7394258670.0,Hyderabad,Telangana,2022-08-12,Premium
Cust00184,James Garcia,James.Garcia184@Outlook.Com,,Patna,Bihar,2023-08-30,New
Cust00185,Vivaan Williams,Vivaan.Williams185@Yahoo.Com,9790221180.0,Ahmedabad,Gujarat,2024-12-26,Regular
Cust00186,Reyansh Kumar,Reyansh.Kumar186@Mail.Com,8163278782.0,Jaipur,Rajasthan,2023-10-06,New
Cust00187,Henry Anderson,Henry.Anderson187@Mail.Com,8910715800.0,Patna,Bihar,2024-07-06,Vip
Cust00188,Liam Davis,Liam.Davis188@Gmail.Com,9503389825.0,Mumbai,Maharashtra,2022-12-05,Regular
Cust00189,Kabir Verma,Kabir.Verma189@Mail.Com,6250179318.0,Ludhiana,Punjab,2023-10-19,Vip
Cust00190,Pari Davis,Pari.Davis190@Outlook.Com,8251953364.0,Kolkata,West Bengal,2024-11-23,Premium
Cust00191,Emma Kumar,Emma.Kumar191@Yahoo.Com,9441114921.0,Ahmedabad,Gujarat,2024-02-03,Regular
Cust00192,Ishaan Garcia,Ishaan.Garcia192@Mail.Com,6738290623.0,Kanpur,Uttar Pradesh,2024-08-03,Premium
Cust00193,Isabella Wilson,Isabella.Wilson193@Outlook.Com,7702489740.0,Kolkata,West Bengal,2021-11-20,Regular
Cust00452,Aadhya Wilson,,8143533949.0,Bhopal,Madhya Pradesh,2022-10-17,Vip
Cust00194,Henry Gupta,Henry.Gupta194@Yahoo.Com,6454506806.0,Agra,Uttar Pradesh,2024-11-04,New
Cust00195,Liam Reddy,Liam.Reddy195_At_Yahoo.Com,8198073715.0,Nashik,Maharashtra,2022-04-11,Premium
Cust00196,Vihaan Kumar,Vihaan.Kumar196@Mail.Com,7637273677.0,Pune,Maharashtra,2024-05-08,Vip
Cust00197,Amelia Smith,Amelia.Smith197@Gmail.Com,8780505229.0,Ahmedabad,Gujarat,2023-11-27,Regular
Cust00198,Harper Brown,Harper.Brown198@Outlook.Com,6927580907.0,Indore,Madhya Pradesh,2022-08-26,Regular
Cust00199,Ananya Sharma,Ananya.Sharma199@Yahoo.Com,9729415010.0,Hyderabad,Telangana,,New
Cust00200,Pari Miller,Pari.Miller200@Mail.Com,7394391911.0,Agra,Uttar Pradesh,2021-08-16,Premium
Cust00201,Ananya Miller,,8857674720.0,Ahmedabad,Gujarat,2021-01-12,Vip
Cust00202,Vihaan Smith,Vihaan.Smith202@Gmail.Com,8803413874.0,Mumbai,Maharashtra,2023-04-27,Premium
Cust00203,Evelyn Johnson,Evelyn.Johnson203@Gmail.Com,9169744792.0,Vadodara,Gujarat,2022-04-13,Premium
Cust00204,Diya Davis,Diya.Davis204@Mail.Com,9434110361.0,Kanpur,Uttar Pradesh,2022-02-11,New
Cust00205,Mia Patel,Mia.Patel205@Gmail.Com,9299349714.0,Mumbai,Maharashtra,2022-05-27,Regular
Cust00206,Kiara Rao,Kiara.Rao206@Yahoo.Com,7157268351.0,Surat,Gujarat,2022-06-14,New
Cust00207,Pari Reddy,Pari.Reddy207@Yahoo.Com,6384053184.0,Kanpur,Uttar Pradesh,2024-12-09,New
Cust00208,Saanvi Verma,Saanvi.Verma208@Mail.Com,6472504153.0,Surat,Gujarat,2022-08-13,New
Cust00209,Reyansh Davis,Reyansh.Davis209@Yahoo.Com,9223800483.0,Chennai,Tamil Nadu,2024-02-13,Premium
Cust00210,Evelyn Verma,Evelyn.Verma210@Outlook.Com,9270457051.0,Lucknow,Uttar Pradesh,2023-05-05,Premium
Cust00211,Mia Garcia,Mia.Garcia211@Yahoo.Com,6737346037.0,Indore,Madhya Pradesh,2023-09-10,Vip
Cust00212,Liam Williams,Liam.Williams212@Outlook.Com,8919450756.0,Vadodara,Gujarat,2022-01-21,Vip
Cust00213,Vivaan Singh,Vivaan.Singh213@Yahoo.Com,8709872762.0,Ahmedabad,Gujarat,2023-04-28,Regular
Cust00214,Mia Williams,Mia.Williams214@Yahoo.Com,8284757079.0,Bengaluru,Karnataka,2022-06-28,Premium
Cust00215,Harper Johnson,Harper.Johnson215@Gmail.Com,6690374468.0,Kolkata,West Bengal,2024-02-07,Premium
Cust00216,Ishaan Williams,Ishaan.Williams216@Yahoo.Com,6930282074.0,Surat,Gujarat,2023-01-11,Regular
Cust00217,Evelyn Sharma,Evelyn.Sharma217@Yahoo.Com,8496353078.0,Vadodara,Gujarat,2021-06-18,Regular
Cust00218,Rohan Miller,Rohan.Miller218@Yahoo.Com,9464628392.0,Chennai,Tamil Nadu,,Premium
Cust00219,James Singh,James.Singh219@Yahoo.Com,9599206945.0,Kanpur,Uttar Pradesh,2022-01-08,Premium
Cust00220,Rohan Wilson,,6553609821.0,Surat,Gujarat,2023-02-11,New
Cust00221,Liam Smith,Liam.Smith221@Outlook.Com,6670921009.0,Bengaluru,Karnataka,2022-04-18,Regular
Cust00222,Noah Anderson,Noah.Anderson222@Mail.Com,9230514870.0,Bhopal,Madhya Pradesh,2023-07-06,Regular
Cust00223,Riya Sharma,Riya.Sharma223@Outlook.Com,9579715798.0,Delhi,Delhi,2024-10-17,Regular
Cust00224,Ananya Patel,Ananya.Patel224@Gmail.Com,6562890681.0,Kanpur,Uttar Pradesh,2024-01-09,Premium
Cust00225,Henry Jones,Henry.Jones225@Gmail.Com,8754288322.0,Hyderabad,Telangana,2023-08-06,Regular
Cust00226,Isabella Williams,Isabella.Williams226@Gmail.Com,9998564400.0,Hyderabad,Telangana,2022-07-12,Regular
Cust00227,Kiara Verma,Kiara.Verma227@Outlook.Com,6395050028.0,Chennai,Tamil Nadu,2023-01-02,Regular
Cust00228,Pari Sharma,Pari.Sharma228@Mail.Com,8395030606.0,Nashik,Maharashtra,2023-03-28,Regular
Cust00229,Abigail Rao,Abigail.Rao229@Mail.Com,7681386019.0,Ludhiana,Punjab,2021-10-07,New
Cust00230,Charlotte Reddy,Charlotte.Reddy230@Yahoo.Com,9809419607.0,Bengaluru,Karnataka,2024-12-29,Vip
Cust00231,Amelia Johnson,Amelia.Johnson231@Outlook.Com,6131744717.0,Agra,Uttar Pradesh,2022-05-22,Regular
Cust00232,Riya Garcia,Riya.Garcia232@Mail.Com,8506334876.0,Hyderabad,Telangana,2021-12-30,Vip
Cust00233,Saanvi Williams,Saanvi.Williams233@Mail.Com,7442956891.0,Hyderabad,Telangana,2023-03-27,Regular
Cust00234,Mia Rao,Mia.Rao234@Mail.Com,,Lucknow,Uttar Pradesh,2024-01-21,Premium
Cust00235,James Brown,,8248790594.0,Vadodara,Gujarat,2021-11-26,Regular
Cust00236,Kiara Singh,Kiara.Singh236@Mail.Com,9897752993.0,Nagpur,Maharashtra,2024-07-19,Regular
Cust00237,Kiara Singh,Kiara.Singh237@Mail.Com,7242431913.0,Mumbai,Maharashtra,2022-08-12,Regular
Cust00238,Kiara Singh,Kiara.Singh238@Mail.Com,7271011192.0,Bengaluru,Karnataka,2021-06-29,Premium
Cust00239,William Patel,William.Patel239@Mail.Com,9868578864.0,Ludhiana,Punjab,2021-08-02,Vip
Cust00240,Aditya Johnson,Aditya.Johnson240@Mail.Com,6560193439.0,Hyderabad,Telangana,2022-04-09,New
Cust00241,Olivia Brown,Olivia.Brown241@Outlook.Com,6325577036.0,Lucknow,Uttar Pradesh,2021-11-13,Vip
Cust00242,Emma Rao,Emma.Rao242@Mail.Com,7710133596.0,Delhi,Delhi,2022-03-28,Premium
Cust00243,Riya Rao,Riya.Rao243@Yahoo.Com,6822927518.0,Ahmedabad,Gujarat,2022-04-11,Regular
Cust00244,Myra Wilson,,7874317498.0,Vadodara,Gujarat,2023-09-24,Vip
Cust00245,Evelyn Davis,Evelyn.Davis245@Outlook.Com,6796188973.0,Vadodara,Gujarat,2024-02-27,Premium
Cust00246,Emma Iyer,Emma.Iyer246@Outlook.Com,9797928604.0,Patna,Bihar,2024-01-11,Regular
Cust00247,Amelia Iyer,Amelia.Iyer247@Yahoo.Com,9453814126.0,Jaipur,Rajasthan,2024-07-22,Regular
Cust00248,Vihaan Jones,Vihaan.Jones248@Yahoo.Com,8840558696.0,Pune,Maharashtra,2022-09-25,Premium
Cust00249,Pari Patel,Pari.Patel249@Yahoo.Com,8661092057.0,Kolkata,West Bengal,2022-09-24,Premium
Cust00250,Vihaan Smith,Vihaan.Smith250@Gmail.Com,9611139557.0,Ludhiana,Punjab,2024-10-04,Premium
Cust00251,Kabir Jones,Kabir.Jones251@Yahoo.Com,6100531633.0,Indore,Madhya Pradesh,2024-10-28,New
Cust00252,Riya Rao,Riya.Rao252@Outlook.Com,7827827896.0,Surat,Gujarat,2024-12-17,Vip
Cust00253,John Davis,John.Davis253@Mail.Com,6822602684.0,Bhopal,Madhya Pradesh,2023-05-17,Premium
Cust00254,Aadhya Reddy,Aadhya.Reddy254@Outlook.Com,6210506411.0,Nashik,Maharashtra,2022-08-19,Regular
Cust00255,Saanvi Singh,Saanvi.Singh255@Yahoo.Com,6801680220.0,Indore,Madhya Pradesh,2022-12-18,Premium
Cust00256,Ira Smith,Ira.Smith256@Outlook.Com,7556660155.0,Indore,Madhya Pradesh,2021-06-26,Vip
Cust00257,Mia Nair,Mia.Nair257@Gmail.Com,7416535751.0,Mumbai,Maharashtra,2023-04-05,Vip
Cust00258,Myra Anderson,Myra.Anderson258@Mail.Com,8272247459.0,Patna,Bihar,2024-10-11,Vip
Cust00259,Charlotte Iyer,Charlotte.Iyer259@Outlook.Com,9208920285.0,Lucknow,Uttar Pradesh,2023-01-01,Regular
Cust00260,Arjun Smith,Arjun.Smith260@Mail.Com,7716422428.0,Bengaluru,Karnataka,2023-11-29,Premium
Cust00261,Amelia Rao,Amelia.Rao261@Gmail.Com,7487867336.0,Bhopal,Madhya Pradesh,2022-08-28,Premium
Cust00262,Anaya Nair,Anaya.Nair262@Gmail.Com,6525532451.0,Delhi,Delhi,2024-06-01,Regular
Cust00263,Aditya Davis,Aditya.Davis263@Outlook.Com,7781153731.0,Bengaluru,Karnataka,2024-08-15,Regular
Cust00264,Noah Patel,Noah.Patel264@Mail.Com,9923683760.0,Jaipur,Rajasthan,2024-01-24,Vip
Cust00265,Arjun Singh,Arjun.Singh265@Outlook.Com,6123067767.0,Surat,Gujarat,2021-06-28,Regular
Cust00266,Aryan Nair,Aryan.Nair266@Yahoo.Com,6801811295.0,Agra,Uttar Pradesh,2023-06-11,Premium
Cust00267,Ananya Gupta,Ananya.Gupta267@Gmail.Com,9936942259.0,Kanpur,Uttar Pradesh,2021-11-03,New
Cust00268,Ira Singh,Ira.Singh268@Mail.Com,8929299488.0,Ahmedabad,Gujarat,2023-02-12,Regular
Cust00269,Myra Williams,Myra.Williams269@Gmail.Com,8927837480.0,Hyderabad,Telangana,2021-12-22,Premium
Cust00270,Myra Gupta,Myra.Gupta270@Mail.Com,7545740154.0,Bengaluru,Karnataka,,New
Cust00271,William Brown,William.Brown271@Mail.Com,7432840339.0,Indore,Madhya Pradesh,2023-02-20,Premium
Cust00272,Liam Sharma,Liam.Sharma272@Outlook.Com,9251113932.0,Chennai,Tamil Nadu,2024-08-14,Regular
Cust00273,Aditya Verma,Aditya.Verma273@Yahoo.Com,7763094664.0,Chennai,Tamil Nadu,2023-10-21,Premium
Cust00274,Ananya Johnson,,8428634596.0,Kanpur,Uttar Pradesh,,Regular
Cust00275,Liam Verma,Liam.Verma275@Yahoo.Com,6918730606.0,Vadodara,Gujarat,2022-05-28,Premium
Cust00276,Arjun Gupta,Arjun.Gupta276@Mail.Com,6244316695.0,Mumbai,Maharashtra,2023-03-14,Vip
Cust00277,Lucas Johnson,Lucas.Johnson277@Gmail.Com,8235112134.0,Ahmedabad,Gujarat,2022-04-03,Premium
Cust00278,Abigail Gupta,Abigail.Gupta278@Yahoo.Com,7452859218.0,Bhopal,Madhya Pradesh,2024-10-06,Regular
Cust00279,Rohan Smith,Rohan.Smith279@Mail.Com,9903090102.0,Nagpur,Maharashtra,2024-12-30,Regular
Cust00280,Aditya Iyer,,6619524460.0,Kolkata,West Bengal,2024-12-23,Regular
Cust00281,Lucas Jones,Lucas.Jones281@Gmail.Com,7462124359.0,Chennai,Tamil Nadu,2022-11-19,New
Cust00282,,Ishaan.Smith282@Outlook.Com,9683384105.0,Pune,Maharashtra,2024-01-07,Regular
Cust00283,Ira Jones,Ira.Jones283@Mail.Com,8526874753.0,Vadodara,Gujarat,2022-07-19,Premium
Cust00284,Michael Davis,Michael.Davis284@Yahoo.Com,9959272620.0,Ludhiana,Punjab,2022-09-29,Premium
Cust00285,Saanvi Anderson,Saanvi.Anderson285@Yahoo.Com,8680702735.0,Nashik,Maharashtra,2023-10-31,Premium
Cust00286,Amelia Brown,Amelia.Brown286@Mail.Com,7100379688.0,Ludhiana,Punjab,2023-03-15,Premium
Cust00287,James Kumar,James.Kumar287@Yahoo.Com,8520088892.0,Indore,Madhya Pradesh,2023-08-24,Regular
Cust00288,Pari Kumar,Pari.Kumar288@Mail.Com,8321009450.0,Jaipur,Rajasthan,2023-04-16,Regular
Cust00289,Alexander Miller,Alexander.Miller289@Yahoo.Com,9681172939.0,Bhopal,Madhya Pradesh,2022-04-25,Regular
Cust00290,Pari Verma,Pari.Verma290@Mail.Com,6557317997.0,Patna,Bihar,2023-02-01,Premium
Cust00291,Alexander Johnson,Alexander.Johnson291@Yahoo.Com,6552769142.0,Hyderabad,Telangana,2023-01-09,Premium
Cust00292,James Nair,James.Nair292@Outlook.Com,6360644618.0,Pune,Maharashtra,2024-10-07,Vip
Cust00293,Alexander Wilson,Alexander.Wilson293@Mail.Com,6145205850.0,Agra,Uttar Pradesh,2022-01-02,Regular
Cust00294,Alexander Brown,Alexander.Brown294@Mail.Com,6594718999.0,Vadodara,Gujarat,2021-08-30,Vip
Cust00295,Vivaan Reddy,Vivaan.Reddy295@Yahoo.Com,9413829870.0,Mumbai,Maharashtra,2024-01-06,New
Cust00296,Kiara Nair,Kiara.Nair296@Mail.Com,7925289923.0,Kolkata,West Bengal,2024-08-01,Regular
Cust00297,Ananya Miller,Ananya.Miller297@Gmail.Com,8439875950.0,Hyderabad,Telangana,2021-12-17,Premium
Cust00298,William Reddy,William.Reddy298@Outlook.Com,7965325849.0,Kanpur,Uttar Pradesh,2022-05-07,Premium
Cust00299,Noah Garcia,Noah.Garcia299@Outlook.Com,6764078159.0,Kolkata,West Bengal,2021-12-23,Regular
Cust00300,Anaya Kumar,Anaya.Kumar300@Outlook.Com,6211267593.0,Surat,Gujarat,2024-11-22,Regular
Cust00301,Aditya Iyer,Aditya.Iyer301@Yahoo.Com,6341021325.0,Pune,Maharashtra,,Premium
Cust00302,Kiara Sharma,Kiara.Sharma302@Mail.Com,8542729056.0,Vadodara,Gujarat,2024-09-16,Vip
Cust00303,Olivia Nair,Olivia.Nair303@Mail.Com,8443763518.0,Bengaluru,Karnataka,2022-03-17,New
Cust00304,Evelyn Kumar,Evelyn.Kumar304@Gmail.Com,6674838329.0,Nashik,Maharashtra,2022-09-24,Premium
Cust00305,Aadhya Jones,Aadhya.Jones305@Outlook.Com,6633792439.0,Bengaluru,Karnataka,2022-05-31,Regular
Cust00306,Liam Kumar,Liam.Kumar306@Gmail.Com,7711768303.0,Mumbai,Maharashtra,2024-10-21,Vip
Cust00307,Myra Jones,Myra.Jones307@Outlook.Com,7349714065.0,Vadodara,Gujarat,2023-09-26,Premium
Cust00308,Aarav Anderson,Aarav.Anderson308@Gmail.Com,9931742876.0,Nashik,Maharashtra,2021-10-23,Regular
Cust00309,Alexander Singh,Alexander.Singh309@Yahoo.Com,9456256926.0,Nagpur,Maharashtra,2024-02-09,Premium
Cust00310,Liam Kumar,Liam.Kumar310@Outlook.Com,8859417815.0,Jaipur,Rajasthan,2024-04-03,Regular
Cust00311,Reyansh Smith,Reyansh.Smith311@Mail.Com,9750858728.0,Ludhiana,Punjab,,Premium
Cust00312,John Williams,John.Williams312@Outlook.Com,7174506118.0,Kolkata,West Bengal,2024-12-07,Vip
Cust00313,Aryan Anderson,Aryan.Anderson313@Outlook.Com,8644740074.0,Bhopal,Madhya Pradesh,2021-08-16,Regular
Cust00314,Ira Rao,Ira.Rao314@Gmail.Com,8207075216.0,Nashik,Maharashtra,2022-04-28,Regular
Cust00315,William Jones,William.Jones315@Gmail.Com,8492660421.0,Patna,Bihar,2022-05-07,Vip
Cust00316,Evelyn Gupta,Evelyn.Gupta316@Gmail.Com,6912740386.0,Kolkata,West Bengal,2023-01-14,New
Cust00317,Isabella Williams,Isabella.Williams317@Mail.Com,6212011137.0,Patna,Bihar,2024-11-14,Vip
Cust00318,Vihaan Davis,Vihaan.Davis318@Gmail.Com,8788195959.0,Delhi,Delhi,2024-06-13,Regular
Cust00319,Lucas Verma,Lucas.Verma319@Mail.Com,8646261415.0,Delhi,Delhi,2022-08-28,Regular
Cust00320,Arjun Reddy,Arjun.Reddy320@Mail.Com,9148569511.0,Kolkata,West Bengal,2022-02-08,New
Cust00321,William Iyer,William.Iyer321@Outlook.Com,8252116381.0,Nashik,Maharashtra,2022-11-25,Vip
Cust00322,Pari Brown,Pari.Brown322@Gmail.Com,7303470329.0,Patna,Bihar,2022-11-16,Regular
Cust00323,Benjamin Kumar,Benjamin.Kumar323@Yahoo.Com,8949533843.0,Chennai,Tamil Nadu,2024-06-18,New
Cust00324,Sophia Rao,Sophia.Rao324@Outlook.Com,9917106027.0,Kolkata,West Bengal,2021-12-09,Regular
Cust00325,Liam Miller,Liam.Miller325@Gmail.Com,6298082098.0,Bengaluru,Karnataka,2022-10-23,Vip
Cust00326,Aditya Davis,Aditya.Davis326@Yahoo.Com,,Ahmedabad,Gujarat,2023-05-15,New
Cust00327,Vihaan Williams,Vihaan.Williams327@Mail.Com,9341844881.0,Kolkata,West Bengal,2023-03-05,Premium
Cust00328,Kiara Anderson,Kiara.Anderson328@Outlook.Com,7160895260.0,Bengaluru,Karnataka,2023-10-02,Regular
Cust00329,John Johnson,John.Johnson329@Gmail.Com,8106336800.0,Agra,Uttar Pradesh,2021-10-12,Vip
Cust00330,Aditya Wilson,Aditya.Wilson330_At_Gmail.Com,6713634721.0,Surat,Gujarat,2024-11-27,Vip
Cust00331,Anaya Johnson,Anaya.Johnson331@Mail.Com,6676013819.0,Pune,Maharashtra,2022-06-04,New
Cust00332,Saanvi Johnson,Saanvi.Johnson332@Gmail.Com,9593848297.0,Ludhiana,Punjab,2022-09-22,Vip
Cust00333,James Brown,James.Brown333@Mail.Com,6597697758.0,Lucknow,Uttar Pradesh,2023-09-09,Premium
Cust00334,Henry Reddy,Henry.Reddy334@Outlook.Com,6502456303.0,Kolkata,West Bengal,2023-08-28,Premium
Cust00335,Abigail Brown,Abigail.Brown335@Gmail.Com,8808295367.0,Vadodara,Gujarat,2023-11-16,Premium
Cust00336,Ananya Nair,Ananya.Nair336@Yahoo.Com,8261794917.0,Bhopal,Madhya Pradesh,2022-10-31,Premium
Cust00337,Abigail Davis,Abigail.Davis337@Gmail.Com,,Delhi,Delhi,2023-04-24,Regular
Cust00338,Myra Rao,Myra.Rao338@Gmail.Com,6610121136.0,Chennai,Tamil Nadu,2023-01-29,New
Cust00339,Kabir Garcia,Kabir.Garcia339@Mail.Com,6851471754.0,Pune,Maharashtra,2022-02-02,Premium
Cust00340,Rohan Williams,Rohan.Williams340@Mail.Com,9729401014.0,Kanpur,Uttar Pradesh,2023-12-05,Regular
Cust00341,Henry Johnson,Henry.Johnson341@Outlook.Com,9290305140.0,Surat,Gujarat,2023-08-30,Premium
Cust00342,John Rao,John.Rao342@Gmail.Com,6117132120.0,Agra,Uttar Pradesh,2023-10-18,Premium
Cust00343,Amelia Sharma,Amelia.Sharma343@Mail.Com,8852172135.0,Bhopal,Madhya Pradesh,2023-11-18,New
Cust00344,Reyansh Smith,Reyansh.Smith344@Gmail.Com,9888815055.0,Surat,Gujarat,2023-08-03,Premium
Cust00345,Pari Williams,Pari.Williams345@Outlook.Com,6537222341.0,Ahmedabad,Gujarat,2023-05-25,Premium
Cust00346,Benjamin Patel,Benjamin.Patel346@Outlook.Com,9970541642.0,Hyderabad,Telangana,2022-10-25,Regular
Cust00347,Reyansh Patel,Reyansh.Patel347@Gmail.Com,7762993351.0,Agra,Uttar Pradesh,2024-12-18,Vip
Cust00348,Kabir Verma,Kabir.Verma348@Yahoo.Com,9299259436.0,Bengaluru,Karnataka,2021-06-22,Vip
Cust00349,William Smith,William.Smith349@Yahoo.Com,6750105387.0,Patna,Bihar,2023-01-25,Premium
Cust00350,Noah Sharma,Noah.Sharma350@Gmail.Com,8681966388.0,Kolkata,West Bengal,2022-02-23,Premium
Cust00351,Aadhya Singh,Aadhya.Singh351@Mail.Com,6644016077.0,Kolkata,West Bengal,,New
Cust00352,Anaya Rao,Anaya.Rao352@Yahoo.Com,7886960612.0,Indore,Madhya Pradesh,2021-11-25,Premium
Cust00353,Reyansh Smith,Reyansh.Smith353@Outlook.Com,9711175063.0,Lucknow,Uttar Pradesh,2023-12-25,New
Cust00354,Charlotte Smith,Charlotte.Smith354@Yahoo.Com,7539946808.0,Bhopal,Madhya Pradesh,2023-10-04,Vip
Cust00355,William Brown,William.Brown355@Gmail.Com,6778812108.0,Kanpur,Uttar Pradesh,2021-07-13,Vip
Cust00356,Ananya Reddy,Ananya.Reddy356_At_Gmail.Com,7462189456.0,Patna,Bihar,2023-08-27,Premium
Cust00357,Diya Miller,Diya.Miller357@Mail.Com,8623279634.0,Delhi,Delhi,2023-08-06,Regular
Cust00358,Aryan Iyer,Aryan.Iyer358@Mail.Com,9430720723.0,Lucknow,Uttar Pradesh,2024-12-27,New
Cust00359,Amelia Rao,Amelia.Rao359@Outlook.Com,8496820123.0,Patna,Bihar,2021-10-22,Regular
Cust00360,Aadhya Smith,Aadhya.Smith360@Mail.Com,7849825646.0,Ahmedabad,Gujarat,2023-04-05,Premium
Cust00361,Kiara Iyer,Kiara.Iyer361@Mail.Com,7648639619.0,Nagpur,Maharashtra,2022-04-14,Regular
Cust00362,Pari Patel,Pari.Patel362@Mail.Com,7864404989.0,Delhi,Delhi,2024-02-10,Premium
Cust00363,Liam Garcia,Liam.Garcia363@Yahoo.Com,6437335622.0,Ludhiana,Punjab,2022-07-29,Premium
Cust00364,Vihaan Reddy,Vihaan.Reddy364@Outlook.Com,9420165131.0,Ahmedabad,Gujarat,2023-11-02,Regular
Cust00365,Mia Kumar,Mia.Kumar365@Mail.Com,6914391910.0,Jaipur,Rajasthan,2024-01-04,New
Cust00366,Rohan Smith,Rohan.Smith366@Gmail.Com,6496019605.0,Nagpur,Maharashtra,2024-07-15,Regular
Cust00367,Abigail Verma,Abigail.Verma367@Outlook.Com,9649442680.0,Ahmedabad,Gujarat,2024-03-28,Regular
Cust00368,Kiara Patel,Kiara.Patel368@Outlook.Com,6468908800.0,Patna,Bihar,2023-09-13,Regular
Cust00369,Harper Patel,Harper.Patel369@Yahoo.Com,7344164763.0,Ludhiana,Punjab,2021-03-08,Regular
Cust00370,Aadhya Iyer,Aadhya.Iyer370@Yahoo.Com,7446765196.0,Nagpur,Maharashtra,2021-07-24,Regular
Cust00371,James Garcia,James.Garcia371@Gmail.Com,8346430177.0,Mumbai,Maharashtra,2023-05-31,Premium
Cust00372,Saanvi Williams,,7385235995.0,Vadodara,Gujarat,2023-08-19,Premium
Cust00373,John Nair,John.Nair373@Mail.Com,9578398626.0,Vadodara,Gujarat,2023-09-23,Premium
Cust00374,Myra Reddy,Myra.Reddy374@Outlook.Com,7487554574.0,Pune,Maharashtra,2024-08-18,New
Cust00375,Ananya Smith,Ananya.Smith375@Yahoo.Com,7591649559.0,Nashik,Maharashtra,2022-05-19,Vip
Cust00376,Kiara Patel,Kiara.Patel376@Gmail.Com,9112038691.0,Mumbai,Maharashtra,2023-02-26,Vip
Cust00377,Olivia Reddy,Olivia.Reddy377@Yahoo.Com,7181711216.0,Mumbai,Maharashtra,2023-02-14,Regular
Cust00378,Myra Gupta,Myra.Gupta378@Gmail.Com,8115401798.0,Pune,Maharashtra,2024-01-03,Regular
Cust00379,Liam Patel,Liam.Patel379@Yahoo.Com,,Indore,Madhya Pradesh,2024-01-24,Vip
Cust00380,Pari Rao,Pari.Rao380@Mail.Com,7301938429.0,Bhopal,Madhya Pradesh,2021-06-18,Premium
Cust00381,Charlotte Iyer,Charlotte.Iyer381@Gmail.Com,7589902736.0,Ludhiana,Punjab,2022-05-16,New
Cust00382,John Johnson,John.Johnson382@Mail.Com,6473057766.0,Ahmedabad,Gujarat,2024-03-23,Premium
Cust00383,Anaya Kumar,Anaya.Kumar383@Outlook.Com,6909282771.0,Chennai,Tamil Nadu,2021-09-10,New
Cust00384,Emma Garcia,Emma.Garcia384@Yahoo.Com,8985499313.0,Bengaluru,Karnataka,2023-10-21,Regular
Cust00385,Aarav Nair,Aarav.Nair385@Yahoo.Com,7625253023.0,Kanpur,Uttar Pradesh,2024-07-12,Vip
Cust00386,James Gupta,James.Gupta386@Yahoo.Com,,Vadodara,Gujarat,2022-01-21,Vip
Cust00387,Sophia Rao,Sophia.Rao387@Yahoo.Com,,Surat,Gujarat,2022-02-17,Premium
Cust00388,Benjamin Gupta,Benjamin.Gupta388@Mail.Com,9849276925.0,Lucknow,Uttar Pradesh,2023-08-18,New
Cust00389,Abigail Wilson,Abigail.Wilson389@Gmail.Com,6443202087.0,Jaipur,Rajasthan,2024-09-02,Vip
Cust00390,Abigail Johnson,Abigail.Johnson390@Mail.Com,6915023166.0,Patna,Bihar,2022-11-13,Regular
Cust00391,Ishaan Jones,Ishaan.Jones391@Mail.Com,6136874602.0,Ludhiana,Punjab,2023-12-26,Premium
Cust00392,Vivaan Davis,Vivaan.Davis392@Mail.Com,7848538764.0,Ludhiana,Punjab,2021-09-22,New
Cust00393,Benjamin Rao,Benjamin.Rao393@Yahoo.Com,6217762169.0,Bengaluru,Karnataka,2022-07-27,Vip
Cust00394,Ananya Williams,Ananya.Williams394@Gmail.Com,6345599679.0,Hyderabad,Telangana,2022-01-08,Premium
Cust00395,Benjamin Miller,Benjamin.Miller395@Outlook.Com,7781645666.0,Indore,Madhya Pradesh,2024-10-02,Regular
Cust00396,Reyansh Nair,Reyansh.Nair396@Outlook.Com,8247668785.0,Chennai,Tamil Nadu,2021-12-08,Regular
Cust00397,Olivia Garcia,Olivia.Garcia397@Outlook.Com,8725047143.0,Ludhiana,Punjab,2021-09-04,Premium
Cust00398,Aarav Johnson,,7728754062.0,Surat,Gujarat,2022-03-22,New
Cust00399,Liam Miller,Liam.Miller399@Mail.Com,9256886986.0,Vadodara,Gujarat,2022-04-08,Regular
Cust00400,Kiara Brown,Kiara.Brown400@Outlook.Com,6164073412.0,Delhi,Delhi,2023-04-02,Vip
Cust00401,Alexander Iyer,Alexander.Iyer401@Yahoo.Com,6793681192.0,Chennai,Tamil Nadu,2022-10-22,Regular
Cust00402,Vivaan Brown,Vivaan.Brown402@Gmail.Com,8929914461.0,Kanpur,Uttar Pradesh,2023-01-04,Vip
Cust00403,Lucas Anderson,Lucas.Anderson403@Outlook.Com,6649154475.0,Agra,Uttar Pradesh,2024-08-05,Premium
Cust00404,Emma Patel,Emma.Patel404@Mail.Com,9370145861.0,Jaipur,Rajasthan,2023-01-27,Regular
Cust00405,Henry Reddy,Henry.Reddy405@Outlook.Com,7655845816.0,Jaipur,Rajasthan,2022-12-07,Regular
Cust00406,Rohan Rao,Rohan.Rao406@Yahoo.Com,7319542069.0,Agra,Uttar Pradesh,2024-05-15,Premium
Cust00407,Myra Anderson,Myra.Anderson407@Outlook.Com,6502651705.0,Patna,Bihar,2022-12-21,Regular
Cust00408,Anaya Gupta,Anaya.Gupta408@Mail.Com,9171453662.0,Jaipur,Rajasthan,2024-03-24,Vip
Cust00409,James Reddy,James.Reddy409@Outlook.Com,6739168200.0,Indore,Madhya Pradesh,2023-08-16,New
Cust00410,Vihaan Verma,Vihaan.Verma410@Gmail.Com,7236818449.0,Indore,Madhya Pradesh,2022-08-08,Regular
Cust00411,Abigail Nair,Abigail.Nair411@Outlook.Com,7693366694.0,Pune,Maharashtra,2022-04-21,Regular
Cust00412,William Reddy,William.Reddy412@Gmail.Com,7969248053.0,Hyderabad,Telangana,2022-11-01,Vip
Cust00413,Aadhya Nair,Aadhya.Nair413_At_Gmail.Com,6722381103.0,Nagpur,Maharashtra,2023-12-15,Premium
Cust00414,Benjamin Kumar,Benjamin.Kumar414@Mail.Com,9681178463.0,Kolkata,West Bengal,,Vip
Cust00415,Noah Anderson,Noah.Anderson415@Mail.Com,7255172591.0,Nashik,Maharashtra,2023-07-28,Premium
Cust00416,Pari Iyer,Pari.Iyer416@Outlook.Com,6126066135.0,Agra,Uttar Pradesh,2022-10-27,Premium
Cust00417,Michael Johnson,Michael.Johnson417@Mail.Com,6555414514.0,Jaipur,Rajasthan,2023-05-29,Premium
Cust00418,Saanvi Iyer,Saanvi.Iyer418@Yahoo.Com,7151516549.0,Bengaluru,Karnataka,2022-05-06,Regular
Cust00419,Anaya Jones,Anaya.Jones419@Yahoo.Com,7299737529.0,Surat,Gujarat,2022-05-22,Regular
Cust00420,Ananya Rao,Ananya.Rao420@Mail.Com,8118448829.0,Kolkata,West Bengal,2024-10-31,Premium
Cust00421,Ananya Garcia,Ananya.Garcia421@Gmail.Com,7876539211.0,Ludhiana,Punjab,2022-07-02,Premium
Cust00422,Noah Sharma,Noah.Sharma422@Gmail.Com,6267406452.0,Pune,Maharashtra,2024-11-13,New
Cust00423,Kabir Iyer,Kabir.Iyer423@Yahoo.Com,9505257116.0,Surat,Gujarat,2024-01-14,Regular
Cust00424,Sophia Davis,Sophia.Davis424@Mail.Com,7944374163.0,Nagpur,Maharashtra,2022-11-11,Regular
Cust00425,Aditya Reddy,Aditya.Reddy425@Gmail.Com,7224056047.0,Indore,Madhya Pradesh,2023-07-08,Vip
Cust00426,Vivaan Reddy,Vivaan.Reddy426@Mail.Com,6733969290.0,Ahmedabad,Gujarat,2023-02-23,Vip
Cust00427,Anaya Miller,Anaya.Miller427@Mail.Com,8597463844.0,Delhi,Delhi,2022-10-30,Premium
Cust00428,Michael Jones,Michael.Jones428@Mail.Com,9742351513.0,Vadodara,Gujarat,2024-07-18,Vip
Cust00429,Emma Reddy,Emma.Reddy429@Outlook.Com,9256700837.0,Ludhiana,Punjab,2022-12-19,Regular
Cust00430,Benjamin Williams,Benjamin.Williams430@Outlook.Com,7405938220.0,Vadodara,Gujarat,2024-09-26,Regular
Cust00431,Aditya Garcia,Aditya.Garcia431@Gmail.Com,6454498073.0,Bhopal,Madhya Pradesh,2022-12-14,Premium
Cust00432,Pari Williams,Pari.Williams432@Yahoo.Com,8308835747.0,Kolkata,West Bengal,,Premium
Cust00433,Arjun Singh,Arjun.Singh433@Gmail.Com,9335250877.0,Chennai,Tamil Nadu,2024-03-21,Regular
Cust00434,Olivia Miller,Olivia.Miller434@Outlook.Com,7778094295.0,Vadodara,Gujarat,2022-04-29,Premium
Cust00435,Alexander Iyer,Alexander.Iyer435@Yahoo.Com,7452352269.0,Surat,Gujarat,2024-04-01,Premium
Cust00436,Anaya Gupta,Anaya.Gupta436@Yahoo.Com,8367080413.0,Ahmedabad,Gujarat,2022-01-02,Premium
Cust00437,Henry Smith,Henry.Smith437@Outlook.Com,6811764494.0,Lucknow,Uttar Pradesh,2021-09-10,Vip
Cust00438,Vivaan Smith,Vivaan.Smith438@Outlook.Com,6525571850.0,Nagpur,Maharashtra,2023-11-12,Premium
Cust00439,Alexander Smith,Alexander.Smith439@Mail.Com,9954907113.0,Ahmedabad,Gujarat,2024-06-25,Vip
Cust00440,Vihaan Sharma,Vihaan.Sharma440@Mail.Com,7828791229.0,Kanpur,Uttar Pradesh,2024-08-29,Regular
Cust00441,Evelyn Patel,Evelyn.Patel441@Gmail.Com,8947765006.0,Nagpur,Maharashtra,2024-03-15,Regular
Cust00442,Abigail Rao,Abigail.Rao442@Yahoo.Com,7269000566.0,Vadodara,Gujarat,2021-12-28,Vip
Cust00443,Emma Singh,Emma.Singh443@Mail.Com,7415307795.0,Nagpur,Maharashtra,2023-10-19,Premium
Cust00444,Kiara Jones,Kiara.Jones444@Yahoo.Com,9731019919.0,Ahmedabad,Gujarat,2022-01-21,Vip
Cust00445,John Wilson,John.Wilson445@Yahoo.Com,9791823689.0,Ludhiana,Punjab,2024-09-30,New
Cust00446,Olivia Singh,Olivia.Singh446@Mail.Com,9962888328.0,Chennai,Tamil Nadu,2024-03-30,Vip
Cust00447,Benjamin Kumar,Benjamin.Kumar447@Outlook.Com,7906932134.0,Chennai,Tamil Nadu,2021-06-30,Premium
Cust00448,Emma Kumar,Emma.Kumar448@Gmail.Com,6398352378.0,Chennai,Tamil Nadu,2023-10-18,Regular
Cust00449,Abigail Johnson,Abigail.Johnson449_At_Outlook.Com,8326625846.0,Vadodara,Gujarat,2022-12-27,Regular
Cust00450,Abigail Reddy,Abigail.Reddy450@Mail.Com,9588501521.0,Agra,Uttar Pradesh,2024-07-09,New
Cust00451,Vivaan Brown,Vivaan.Brown451@Gmail.Com,6753651567.0,Lucknow,Uttar Pradesh,2024-10-07,Premium
Cust00453,Pari Garcia,Pari.Garcia453_At_Mail.Com,7925601009.0,Delhi,Delhi,2024-03-28,Regular
Cust00454,Kiara Williams,Kiara.Williams454@Outlook.Com,9835603384.0,Lucknow,Uttar Pradesh,2022-10-30,Vip
Cust00455,Saanvi Rao,Saanvi.Rao455@Outlook.Com,8882931517.0,Hyderabad,Telangana,2023-01-27,New
Cust00456,Aryan Gupta,Aryan.Gupta456@Gmail.Com,7292168084.0,Bhopal,Madhya Pradesh,2023-05-07,Regular
Cust00457,Kabir Miller,Kabir.Miller457@Outlook.Com,9479288737.0,Kolkata,West Bengal,2024-07-05,New
Cust00458,Reyansh Patel,Reyansh.Patel458@Yahoo.Com,8613989854.0,Kanpur,Uttar Pradesh,2021-08-15,New
Cust00459,Noah Williams,Noah.Williams459@Yahoo.Com,6930499979.0,Bengaluru,Karnataka,2022-09-22,Premium
Cust00460,William Smith,William.Smith460@Outlook.Com,,Kanpur,Uttar Pradesh,2021-07-20,Premium
Cust00461,Aarav Smith,Aarav.Smith461@Mail.Com,9736605966.0,Patna,Bihar,2024-07-22,Regular
Cust00462,John Iyer,John.Iyer462@Outlook.Com,9214433227.0,Surat,Gujarat,2022-03-22,Premium
Cust00463,James Patel,James.Patel463@Outlook.Com,,Surat,Gujarat,2023-04-17,Premium
Cust00464,Ishaan Johnson,Ishaan.Johnson464@Gmail.Com,7441784608.0,Chennai,Tamil Nadu,2024-09-07,Premium
Cust00465,Harper Garcia,Harper.Garcia465@Gmail.Com,7693099275.0,Hyderabad,Telangana,2023-09-19,Regular
Cust00466,Pari Verma,Pari.Verma466@Yahoo.Com,9214706435.0,Delhi,Delhi,2024-01-31,New
Cust00467,Harper Iyer,Harper.Iyer467@Gmail.Com,9777358085.0,Patna,Bihar,2022-09-05,Premium
Cust00468,James Sharma,James.Sharma468@Outlook.Com,8628981921.0,Delhi,Delhi,2023-11-12,Premium
Cust00469,Rohan Williams,Rohan.Williams469@Mail.Com,8761838191.0,Hyderabad,Telangana,2023-10-23,New
Cust00470,Diya Nair,Diya.Nair470@Yahoo.Com,9820506291.0,Delhi,Delhi,2022-09-30,Premium
Cust00471,Myra Nair,Myra.Nair471@Gmail.Com,9991174263.0,Indore,Madhya Pradesh,2022-01-20,New
Cust00472,Kabir Johnson,Kabir.Johnson472@Outlook.Com,7576109760.0,Ahmedabad,Gujarat,2022-08-12,Vip
Cust00473,Charlotte Nair,,6270300931.0,Delhi,Delhi,2024-01-10,Regular
Cust00474,Pari Singh,Pari.Singh474@Mail.Com,9729732882.0,Surat,Gujarat,2022-09-17,Vip
Cust00475,Pari Singh,Pari.Singh475@Mail.Com,9938600755.0,Patna,Bihar,2023-08-11,Premium
Cust00476,Kabir Nair,Kabir.Nair476@Outlook.Com,7806837607.0,Surat,Gujarat,2023-09-19,Regular
Cust00477,Riya Nair,Riya.Nair477@Yahoo.Com,8773793757.0,Vadodara,Gujarat,2021-06-21,Premium
Cust00478,James Wilson,James.Wilson478_At_Outlook.Com,9886643597.0,Indore,Madhya Pradesh,2022-11-11,Premium
Cust00479,Alexander Wilson,Alexander.Wilson479@Outlook.Com,8362942260.0,Lucknow,Uttar Pradesh,2023-06-15,Vip
Cust00480,Harper Sharma,Harper.Sharma480@Gmail.Com,8541023669.0,Kolkata,West Bengal,2024-01-27,Vip
Cust00481,Harper Jones,Harper.Jones481@Yahoo.Com,,Mumbai,Maharashtra,2024-09-30,Vip
Cust00482,Myra Patel,Myra.Patel482@Outlook.Com,9964808637.0,Nashik,Maharashtra,2024-06-18,Premium
Cust00483,Pari Garcia,Pari.Garcia483@Yahoo.Com,9625649719.0,Kolkata,West Bengal,2023-10-06,New
Cust00484,Pari Sharma,Pari.Sharma484@Mail.Com,6697308464.0,Mumbai,Maharashtra,2021-12-31,Premium
Cust00485,Saanvi Iyer,Saanvi.Iyer485@Gmail.Com,8312219350.0,Bhopal,Madhya Pradesh,2021-10-18,Premium
Cust00486,Myra Johnson,Myra.Johnson486@Outlook.Com,9995092299.0,Patna,Bihar,2023-07-29,Regular
Cust00487,James Gupta,James.Gupta487@Gmail.Com,8545659596.0,Pune,Maharashtra,2022-05-21,New
Cust00488,Evelyn Wilson,Evelyn.Wilson488@Outlook.Com,8582172975.0,Nashik,Maharashtra,2023-12-13,New
Cust00489,Vivaan Reddy,Vivaan.Reddy489@Mail.Com,6197737072.0,Hyderabad,Telangana,2022-03-01,Regular
Cust00490,Sophia Wilson,Sophia.Wilson490@Yahoo.Com,8957858403.0,Delhi,Delhi,2024-04-21,Regular
Cust00491,Emma Davis,Emma.Davis491@Gmail.Com,8989176460.0,Indore,Madhya Pradesh,2024-03-15,Premium
Cust00492,Amelia Kumar,Amelia.Kumar492@Mail.Com,9892143483.0,Bhopal,Madhya Pradesh,,Premium
Cust00493,Aarav Sharma,Aarav.Sharma493@Gmail.Com,9446278097.0,Agra,Uttar Pradesh,2021-11-28,Regular
Cust00494,Lucas Johnson,Lucas.Johnson494@Gmail.Com,9872262401.0,Kanpur,Uttar Pradesh,2023-03-17,Vip
Cust00495,Riya Nair,Riya.Nair495@Yahoo.Com,6408361258.0,Bengaluru,Karnataka,2022-04-19,Premium
Cust00496,John Williams,John.Williams496@Mail.Com,9147401848.0,Mumbai,Maharashtra,2022-12-02,Premium
Cust00497,Amelia Nair,Amelia.Nair497@Yahoo.Com,8543425740.0,Jaipur,Rajasthan,2024-04-27,Premium
Cust00498,Saanvi Wilson,Saanvi.Wilson498@Mail.Com,9771106793.0,Indore,Madhya Pradesh,2022-08-14,Premium
Cust00499,Michael Sharma,Michael.Sharma499@Yahoo.Com,9231437224.0,Jaipur,Rajasthan,,Regular
Cust00500,Anaya Singh,Anaya.Singh500@Mail.Com,8505968811.0,Kolkata,West Bengal,2024-06-01,Premium
Cust00501,Aryan Williams,Aryan.Williams501@Outlook.Com,7537701423.0,Mumbai,Maharashtra,2022-10-25,Vip
Cust00502,Amelia Brown,Amelia.Brown502@Yahoo.Com,7188227515.0,Delhi,Delhi,2023-08-23,New
Cust00503,Olivia Rao,Olivia.Rao503@Gmail.Com,7464997824.0,Chennai,Tamil Nadu,2023-02-06,Premium
Cust00504,Liam Williams,Liam.Williams504@Outlook.Com,7650808238.0,Vadodara,Gujarat,2024-04-14,Regular
Cust00505,Noah Davis,Noah.Davis505@Yahoo.Com,8600022986.0,Delhi,Delhi,2023-05-12,Regular
Cust00506,Myra Reddy,Myra.Reddy506@Outlook.Com,7861152018.0,Pune,Maharashtra,2022-03-31,Regular
Cust00507,Kabir Garcia,Kabir.Garcia507@Gmail.Com,9777395366.0,Patna,Bihar,2022-09-01,Premium
Cust00508,James Verma,James.Verma508@Gmail.Com,6914324029.0,Nagpur,Maharashtra,2021-12-27,Vip
Cust00509,Amelia Sharma,Amelia.Sharma509@Gmail.Com,,Hyderabad,Telangana,2023-05-01,Vip
Cust00510,Aarav Iyer,Aarav.Iyer510@Mail.Com,6383346670.0,Nashik,Maharashtra,2022-02-15,Premium
Cust00511,Sophia Johnson,Sophia.Johnson511@Outlook.Com,7748208713.0,Hyderabad,Telangana,2024-05-27,Premium
Cust00512,Aadhya Williams,,8912308435.0,Kolkata,West Bengal,2022-05-30,Premium
Cust00513,Arjun Iyer,Arjun.Iyer513@Mail.Com,9199025561.0,Delhi,Delhi,2023-02-07,Premium
Cust00514,Olivia Sharma,Olivia.Sharma514@Outlook.Com,6567476314.0,Delhi,Delhi,2024-05-13,Premium
Cust00515,Vivaan Verma,Vivaan.Verma515@Yahoo.Com,8487966651.0,Nashik,Maharashtra,2021-12-13,Regular
Cust00516,Myra Gupta,Myra.Gupta516@Yahoo.Com,7482032339.0,Indore,Madhya Pradesh,2024-04-22,Regular
Cust00517,Charlotte Brown,Charlotte.Brown517@Yahoo.Com,7411815504.0,Delhi,Delhi,2022-02-07,Premium
Cust00518,Diya Smith,Diya.Smith518@Outlook.Com,,Pune,Maharashtra,2023-07-21,Regular
Cust00519,Vivaan Anderson,Vivaan.Anderson519@Gmail.Com,9962522337.0,Agra,Uttar Pradesh,2022-06-22,Regular
Cust00520,Saanvi Williams,Saanvi.Williams520@Mail.Com,6938075564.0,Ludhiana,Punjab,2024-04-11,Regular
Cust00521,Amelia Rao,Amelia.Rao521@Yahoo.Com,6783734099.0,Pune,Maharashtra,2022-04-11,New
Cust00522,Henry Anderson,Henry.Anderson522@Yahoo.Com,9298593487.0,Pune,Maharashtra,2023-02-07,Premium
Cust00523,Vihaan Brown,Vihaan.Brown523@Gmail.Com,6787451903.0,Indore,Madhya Pradesh,2021-08-16,Premium
Cust00524,Aadhya Davis,Aadhya.Davis524@Yahoo.Com,7798135755.0,Vadodara,Gujarat,2022-03-25,Premium
Cust00525,Michael Brown,Michael.Brown525@Gmail.Com,,Ahmedabad,Gujarat,2023-09-24,Regular
Cust00526,Pari Patel,Pari.Patel526@Mail.Com,9990362496.0,Ludhiana,Punjab,2024-02-26,Vip
Cust00527,Amelia Smith,Amelia.Smith527@Outlook.Com,7306202347.0,Nagpur,Maharashtra,2024-06-27,Premium
Cust00528,Pari Verma,Pari.Verma528@Gmail.Com,,Vadodara,Gujarat,2023-11-21,Regular
Cust00529,Kabir Williams,Kabir.Williams529@Yahoo.Com,7984291393.0,Mumbai,Maharashtra,2021-09-21,Regular
Cust00530,Riya Anderson,Riya.Anderson530@Gmail.Com,6537862298.0,Vadodara,Gujarat,2022-07-21,Regular
Cust00531,Olivia Iyer,Olivia.Iyer531@Outlook.Com,6575340078.0,Nagpur,Maharashtra,2022-05-13,Regular
Cust00532,James Kumar,James.Kumar532@Yahoo.Com,9900864316.0,Patna,Bihar,2023-08-11,Regular
Cust00533,Anaya Sharma,Anaya.Sharma533@Mail.Com,7172110452.0,Kolkata,West Bengal,2022-08-04,Vip
Cust00534,Saanvi Reddy,Saanvi.Reddy534@Outlook.Com,6684851504.0,Bhopal,Madhya Pradesh,2021-07-06,Premium
Cust00535,,Reyansh.Anderson535_At_Yahoo.Com,6355521543.0,Lucknow,Uttar Pradesh,2022-03-13,Vip
Cust00536,Diya Reddy,Diya.Reddy536@Mail.Com,7429744237.0,Delhi,Delhi,2022-05-26,Regular
Cust00537,Aditya Gupta,Aditya.Gupta537@Mail.Com,8585050672.0,Jaipur,Rajasthan,2022-01-09,Vip
Cust00538,Charlotte Davis,Charlotte.Davis538@Yahoo.Com,8786188102.0,Patna,Bihar,2024-10-03,Regular
Cust00539,James Singh,James.Singh539@Outlook.Com,6351110105.0,Pune,Maharashtra,2024-06-23,Premium
Cust00540,John Brown,John.Brown540@Gmail.Com,,Agra,Uttar Pradesh,2024-07-04,Premium
Cust00541,Vihaan Williams,Vihaan.Williams541@Mail.Com,,Mumbai,Maharashtra,2023-07-25,Regular
Cust00542,Michael Smith,Michael.Smith542@Yahoo.Com,7115925900.0,Ludhiana,Punjab,2023-12-18,Regular
Cust00543,Amelia Singh,Amelia.Singh543@Gmail.Com,6590405507.0,Delhi,Delhi,2024-07-30,Regular
Cust00544,Alexander Garcia,Alexander.Garcia544@Outlook.Com,8236230005.0,Delhi,Delhi,2023-04-23,Regular
Cust00545,Lucas Brown,Lucas.Brown545@Outlook.Com,8420122455.0,Lucknow,Uttar Pradesh,2024-11-14,Regular
Cust00546,Benjamin Garcia,Benjamin.Garcia546@Mail.Com,9846551607.0,Bengaluru,Karnataka,2023-06-16,Premium
Cust00547,Diya Garcia,Diya.Garcia547@Yahoo.Com,7508503245.0,Nashik,Maharashtra,2021-10-23,Premium
Cust00548,Charlotte Williams,Charlotte.Williams548@Yahoo.Com,6643104518.0,Ahmedabad,Gujarat,2022-03-07,New
Cust00549,Lucas Smith,Lucas.Smith549@Gmail.Com,8495868120.0,Jaipur,Rajasthan,2021-08-15,Premium
Cust00550,Abigail Smith,Abigail.Smith550@Mail.Com,9280302367.0,Ludhiana,Punjab,2022-06-10,Premium
Cust00551,Amelia Williams,Amelia.Williams551@Mail.Com,7987413711.0,Surat,Gujarat,2022-06-30,Premium
Cust00552,Henry Nair,Henry.Nair552@Mail.Com,8686458547.0,Agra,Uttar Pradesh,2022-01-12,New
Cust00553,John Singh,John.Singh553@Outlook.Com,8468669978.0,Agra,Uttar Pradesh,2022-06-01,Vip
Cust00554,Amelia Anderson,Amelia.Anderson554@Outlook.Com,9701224039.0,Kanpur,Uttar Pradesh,2023-07-04,Regular
Cust00555,Harper Smith,Harper.Smith555@Gmail.Com,7985688820.0,Mumbai,Maharashtra,2022-07-17,New
Cust00556,Henry Patel,Henry.Patel556@Gmail.Com,8150347583.0,Lucknow,Uttar Pradesh,2024-09-18,Premium
Cust00557,Ira Patel,Ira.Patel557@Outlook.Com,7317214952.0,Chennai,Tamil Nadu,2023-04-07,Regular
Cust00558,Amelia Gupta,Amelia.Gupta558@Yahoo.Com,,Nashik,Maharashtra,2022-12-11,Premium
Cust00559,Reyansh Verma,Reyansh.Verma559@Outlook.Com,9847408994.0,Patna,Bihar,,Regular
Cust00560,Olivia Kumar,Olivia.Kumar560@Yahoo.Com,7531852098.0,Ahmedabad,Gujarat,2023-04-23,Regular
Cust00561,John Wilson,John.Wilson561@Mail.Com,6400151735.0,Chennai,Tamil Nadu,2022-03-25,Vip
Cust00562,Pari Garcia,Pari.Garcia562@Outlook.Com,7955345361.0,Nashik,Maharashtra,2023-01-25,Premium
Cust00563,Reyansh Brown,Reyansh.Brown563@Outlook.Com,,Surat,Gujarat,2023-07-17,Premium
Cust00564,Kiara Kumar,Kiara.Kumar564@Gmail.Com,,Lucknow,Uttar Pradesh,2024-02-24,Regular
Cust00565,Ananya Gupta,Ananya.Gupta565@Outlook.Com,6514277130.0,Patna,Bihar,2022-04-06,Vip
Cust00566,Benjamin Rao,,7653314213.0,Chennai,Tamil Nadu,2023-07-10,New
Cust00567,Ananya Garcia,Ananya.Garcia567@Gmail.Com,9235608676.0,Ahmedabad,Gujarat,2021-06-29,Premium
Cust00568,Reyansh Davis,Reyansh.Davis568@Yahoo.Com,8870457628.0,Kanpur,Uttar Pradesh,2021-08-03,Regular
Cust00569,Mia Singh,Mia.Singh569@Yahoo.Com,7379538662.0,Kanpur,Uttar Pradesh,2024-08-09,Premium
Cust00570,Aditya Smith,Aditya.Smith570@Yahoo.Com,6510612598.0,Ludhiana,Punjab,2022-10-21,Premium
Cust00571,Kabir Miller,Kabir.Miller571@Yahoo.Com,8575558434.0,Kolkata,West Bengal,2024-08-14,Premium
Cust00572,Ananya Kumar,Ananya.Kumar572@Yahoo.Com,9886843517.0,Lucknow,Uttar Pradesh,2024-09-25,Regular
Cust00573,Saanvi Smith,Saanvi.Smith573@Outlook.Com,8443816109.0,Surat,Gujarat,2022-12-13,Vip
Cust00574,Charlotte Iyer,Charlotte.Iyer574@Yahoo.Com,9713153523.0,Jaipur,Rajasthan,2024-09-09,Vip
Cust00575,Alexander Wilson,Alexander.Wilson575_At_Mail.Com,6175035741.0,Lucknow,Uttar Pradesh,2022-11-01,Premium
Cust00576,Kabir Reddy,Kabir.Reddy576@Mail.Com,8722317728.0,Vadodara,Gujarat,2022-10-25,Premium
Cust00577,Olivia Williams,Olivia.Williams577@Gmail.Com,9384876123.0,Patna,Bihar,2024-11-08,Premium
Cust00578,Benjamin Johnson,Benjamin.Johnson578@Yahoo.Com,7816559352.0,Chennai,Tamil Nadu,2022-10-12,Premium
Cust00579,Pari Rao,Pari.Rao579@Yahoo.Com,7217554153.0,Kanpur,Uttar Pradesh,,Premium
Cust00580,Aryan Wilson,Aryan.Wilson580@Yahoo.Com,,Surat,Gujarat,2022-07-27,Vip
Cust00581,Abigail Reddy,Abigail.Reddy581@Gmail.Com,9325933645.0,Patna,Bihar,2021-12-22,Regular
Cust00582,Aryan Gupta,Aryan.Gupta582@Yahoo.Com,6540353886.0,Ahmedabad,Gujarat,2021-10-02,Regular
Cust00583,William Williams,William.Williams583@Gmail.Com,9763044120.0,Bhopal,Madhya Pradesh,2022-03-20,Premium
Cust00584,Kiara Reddy,Kiara.Reddy584@Yahoo.Com,6508326415.0,Ludhiana,Punjab,2021-07-12,Premium
Cust00585,Amelia Gupta,Amelia.Gupta585@Yahoo.Com,9196744637.0,Ludhiana,Punjab,2023-09-01,Premium
Cust00586,John Kumar,John.Kumar586@Yahoo.Com,9983945276.0,Kanpur,Uttar Pradesh,2023-06-01,Premium
Cust00587,Aarav Reddy,Aarav.Reddy587@Outlook.Com,,Hyderabad,Telangana,2022-09-26,Vip
Cust00588,Harper Smith,Harper.Smith588@Outlook.Com,8327646801.0,Jaipur,Rajasthan,2021-11-15,Premium
Cust00589,Isabella Gupta,Isabella.Gupta589@Outlook.Com,6398425899.0,Nashik,Maharashtra,2024-12-04,Regular
Cust00590,Evelyn Sharma,Evelyn.Sharma590@Mail.Com,7670207584.0,Hyderabad,Telangana,2023-05-17,New
Cust00591,Aarav Iyer,Aarav.Iyer591@Outlook.Com,9761572282.0,Nagpur,Maharashtra,2024-03-27,Regular
Cust00592,Ira Anderson,Ira.Anderson592@Gmail.Com,7499399531.0,Chennai,Tamil Nadu,2022-11-01,New
Cust00593,Aarav Gupta,Aarav.Gupta593@Gmail.Com,9141586445.0,Indore,Madhya Pradesh,2024-07-23,Premium
Cust00594,Isabella Davis,Isabella.Davis594@Gmail.Com,7580779943.0,Agra,Uttar Pradesh,2021-08-16,Premium
Cust00595,Diya Davis,Diya.Davis595@Gmail.Com,9596010919.0,Lucknow,Uttar Pradesh,2021-11-25,Regular
Cust00596,Charlotte Rao,Charlotte.Rao596@Yahoo.Com,,Indore,Madhya Pradesh,2022-06-22,New
Cust00597,Isabella Anderson,Isabella.Anderson597@Outlook.Com,9458374978.0,Kolkata,West Bengal,2024-09-11,Vip
Cust00598,Isabella Williams,Isabella.Williams598@Mail.Com,9663302051.0,Ahmedabad,Gujarat,2024-12-02,Regular
Cust00599,Ishaan Rao,,9953735774.0,Bhopal,Madhya Pradesh,2024-10-02,Vip
Cust00600,Anaya Wilson,Anaya.Wilson600@Yahoo.Com,9981056108.0,Jaipur,Rajasthan,2024-09-02,Regular
Cust00601,Ananya Verma,Ananya.Verma601@Outlook.Com,7794264349.0,Patna,Bihar,2023-09-01,Regular
Cust00602,Diya Jones,Diya.Jones602@Mail.Com,6747452339.0,Surat,Gujarat,2022-01-10,Vip
Cust00603,Riya Verma,Riya.Verma603@Mail.Com,8992189756.0,Lucknow,Uttar Pradesh,2023-11-26,Premium
Cust00604,Alexander Rao,Alexander.Rao604@Gmail.Com,9171935975.0,Jaipur,Rajasthan,,Vip
Cust00605,Mia Verma,Mia.Verma605@Mail.Com,8213485048.0,Delhi,Delhi,2022-05-05,Premium
Cust00606,Ishaan Garcia,Ishaan.Garcia606@Gmail.Com,6257416872.0,Bengaluru,Karnataka,2023-12-12,Regular
Cust00607,Riya Davis,Riya.Davis607@Gmail.Com,6379211235.0,Ahmedabad,Gujarat,2022-05-10,Regular
Cust00608,Aadhya Wilson,Aadhya.Wilson608@Mail.Com,9678853959.0,Mumbai,Maharashtra,2022-11-28,Regular
Cust00609,Ananya Reddy,Ananya.Reddy609@Mail.Com,6198251357.0,Bengaluru,Karnataka,2022-05-04,Regular
Cust00610,Saanvi Anderson,Saanvi.Anderson610@Mail.Com,6879757156.0,Agra,Uttar Pradesh,2024-02-17,Premium
Cust00611,Kabir Nair,Kabir.Nair611@Gmail.Com,,Ludhiana,Punjab,2022-11-05,Premium
Cust00612,Aadhya Smith,Aadhya.Smith612@Mail.Com,6723880239.0,Nagpur,Maharashtra,2022-06-22,New
Cust00613,Riya Anderson,Riya.Anderson613@Mail.Com,7756919472.0,Jaipur,Rajasthan,2023-12-29,Regular
Cust00614,Emma Gupta,Emma.Gupta614@Mail.Com,7722767457.0,Indore,Madhya Pradesh,2022-12-30,Regular
Cust00615,Aadhya Nair,Aadhya.Nair615@Mail.Com,9568052911.0,Jaipur,Rajasthan,2023-09-02,Vip
Cust00616,Henry Patel,Henry.Patel616@Mail.Com,9422014834.0,Hyderabad,Telangana,2024-09-28,Premium
Cust00617,Saanvi Reddy,Saanvi.Reddy617@Mail.Com,6100455715.0,Pune,Maharashtra,2021-12-09,New
Cust00618,Vivaan Singh,Vivaan.Singh618@Outlook.Com,7632137816.0,Hyderabad,Telangana,2024-11-28,Regular
Cust00619,Pari Sharma,Pari.Sharma619@Mail.Com,6902645429.0,Vadodara,Gujarat,2022-03-01,Premium
Cust00620,Lucas Garcia,Lucas.Garcia620@Gmail.Com,8204043553.0,Bhopal,Madhya Pradesh,2022-12-21,Vip
Cust00621,Abigail Singh,Abigail.Singh621@Mail.Com,6761927655.0,Nashik,Maharashtra,2022-11-06,Premium
Cust00622,Ira Davis,Ira.Davis622@Mail.Com,9451464283.0,Jaipur,Rajasthan,2023-03-19,Premium
Cust00623,Ananya Verma,Ananya.Verma623@Mail.Com,,Hyderabad,Telangana,2021-11-06,Vip
Cust00624,Alexander Garcia,Alexander.Garcia624@Mail.Com,6861665879.0,Hyderabad,Telangana,2024-05-04,Regular
Cust00625,Aarav Verma,Aarav.Verma625@Gmail.Com,7966502737.0,Vadodara,Gujarat,2024-09-15,New
Cust00626,Pari Garcia,Pari.Garcia626@Mail.Com,7947373339.0,Chennai,Tamil Nadu,2021-07-14,New
Cust00627,Emma Garcia,Emma.Garcia627@Gmail.Com,7924639504.0,Pune,Maharashtra,2022-07-13,Regular
Cust00628,Olivia Nair,Olivia.Nair628@Mail.Com,8927237224.0,Surat,Gujarat,2021-10-03,Regular
Cust00629,Vihaan Sharma,Vihaan.Sharma629@Mail.Com,8263376073.0,Bhopal,Madhya Pradesh,2023-08-11,Vip
Cust00630,John Anderson,John.Anderson630@Gmail.Com,8401646940.0,Hyderabad,Telangana,2021-12-21,New
Cust00631,Amelia Williams,Amelia.Williams631_At_Gmail.Com,9216337617.0,Vadodara,Gujarat,2023-09-04,Vip
Cust00632,Reyansh Singh,Reyansh.Singh632@Outlook.Com,9961048611.0,Ahmedabad,Gujarat,2023-09-29,New
Cust00633,Kabir Singh,Kabir.Singh633@Gmail.Com,6467381114.0,Kanpur,Uttar Pradesh,2024-10-02,Premium
Cust00634,Michael Singh,Michael.Singh634@Outlook.Com,8432605434.0,Ludhiana,Punjab,2022-10-04,Regular
Cust00635,Isabella Nair,Isabella.Nair635@Outlook.Com,6463503699.0,Kolkata,West Bengal,2021-11-19,Regular
Cust00636,Riya Garcia,Riya.Garcia636@Mail.Com,9583989254.0,Nagpur,Maharashtra,2022-08-11,Premium
Cust00637,Charlotte Singh,Charlotte.Singh637@Gmail.Com,6835602271.0,Bengaluru,Karnataka,2024-02-12,New
Cust00638,Arjun Anderson,Arjun.Anderson638@Mail.Com,7453208783.0,Kolkata,West Bengal,2021-08-21,Vip
Cust00639,Lucas Davis,Lucas.Davis639@Yahoo.Com,7346443488.0,Mumbai,Maharashtra,2021-08-27,Premium
Cust00640,Sophia Jones,Sophia.Jones640@Mail.Com,9556323792.0,Chennai,Tamil Nadu,2023-01-07,New
Cust00641,Isabella Verma,Isabella.Verma641@Yahoo.Com,9610147017.0,Kolkata,West Bengal,2023-12-24,Premium
Cust00642,John Iyer,John.Iyer642@Gmail.Com,7678603686.0,Nashik,Maharashtra,2024-08-21,Regular
Cust00643,Alexander Verma,Alexander.Verma643@Outlook.Com,8999269991.0,Jaipur,Rajasthan,2023-12-22,Premium
Cust00644,Alexander Garcia,Alexander.Garcia644@Mail.Com,8318758887.0,Pune,Maharashtra,2024-10-10,Vip
Cust00645,Aryan Gupta,Aryan.Gupta645@Mail.Com,8708361982.0,Chennai,Tamil Nadu,2024-05-08,Regular
Cust00646,Saanvi Kumar,Saanvi.Kumar646@Gmail.Com,8346981498.0,Mumbai,Maharashtra,2021-07-18,Regular
Cust00647,Aditya Sharma,Aditya.Sharma647@Mail.Com,9978138128.0,Kanpur,Uttar Pradesh,2023-08-09,Regular
Cust00648,Riya Smith,Riya.Smith648@Yahoo.Com,9944142304.0,Indore,Madhya Pradesh,2024-07-16,Premium
Cust00649,Evelyn Smith,Evelyn.Smith649@Gmail.Com,9590747323.0,Nagpur,Maharashtra,2022-06-23,Regular
Cust00650,Evelyn Williams,Evelyn.Williams650@Mail.Com,9568056579.0,Nagpur,Maharashtra,2023-10-27,New
Cust00651,Olivia Rao,Olivia.Rao651@Gmail.Com,,Bhopal,Madhya Pradesh,2024-06-28,New
Cust00652,Abigail Miller,,8561597861.0,Kolkata,West Bengal,2023-02-07,Regular
Cust00653,Sophia Singh,Sophia.Singh653@Mail.Com,8679751450.0,Ludhiana,Punjab,2024-05-15,Premium
Cust00654,Charlotte Anderson,Charlotte.Anderson654@Gmail.Com,6293928606.0,Bengaluru,Karnataka,2024-08-24,Vip
Cust00655,Vivaan Patel,Vivaan.Patel655@Yahoo.Com,7588071626.0,Vadodara,Gujarat,2024-09-09,Regular
Cust00656,Reyansh Garcia,Reyansh.Garcia656@Gmail.Com,7249465081.0,Bhopal,Madhya Pradesh,2023-06-24,New
Cust00657,Mia Rao,Mia.Rao657@Gmail.Com,7513494288.0,Bengaluru,Karnataka,2021-12-29,Regular
Cust00658,Reyansh Anderson,Reyansh.Anderson658@Mail.Com,8274717968.0,Patna,Bihar,2023-04-30,Regular
Cust00659,Anaya Johnson,Anaya.Johnson659@Outlook.Com,7831234560.0,Patna,Bihar,2021-09-15,New
Cust00660,Aryan Kumar,,,Nagpur,Maharashtra,2022-09-07,Premium
Cust00661,Myra Kumar,Myra.Kumar661@Outlook.Com,8640198103.0,Ludhiana,Punjab,,New
Cust00662,Reyansh Miller,Reyansh.Miller662@Yahoo.Com,6358095832.0,Indore,Madhya Pradesh,,Vip
Cust00663,Arjun Verma,Arjun.Verma663@Outlook.Com,9198211758.0,Kanpur,Uttar Pradesh,2021-06-17,Regular
Cust00664,Reyansh Smith,Reyansh.Smith664@Yahoo.Com,9898722372.0,Bhopal,Madhya Pradesh,2021-02-10,Regular
Cust00665,Isabella Wilson,,6375334983.0,Bengaluru,Karnataka,2024-04-12,Regular
Cust00666,Aadhya Kumar,Aadhya.Kumar666@Mail.Com,8542515870.0,Nashik,Maharashtra,2022-11-23,New
Cust00667,Reyansh Anderson,Reyansh.Anderson667@Yahoo.Com,7970736744.0,Kolkata,West Bengal,2021-11-06,Regular
Cust00668,Abigail Williams,Abigail.Williams668@Yahoo.Com,7329067512.0,Kanpur,Uttar Pradesh,2023-11-28,New
Cust00669,Aryan Brown,Aryan.Brown669@Gmail.Com,6141787662.0,Bhopal,Madhya Pradesh,2022-07-16,Regular
Cust00670,Lucas Davis,Lucas.Davis670@Yahoo.Com,7959210287.0,Surat,Gujarat,2023-09-24,Premium
Cust00671,Benjamin Nair,Benjamin.Nair671@Gmail.Com,7478428730.0,Nagpur,Maharashtra,2022-05-07,Premium
Cust00672,Lucas Smith,Lucas.Smith672@Outlook.Com,,Nashik,Maharashtra,2022-01-09,Premium
Cust00673,Noah Williams,Noah.Williams673@Gmail.Com,8452760649.0,Bhopal,Madhya Pradesh,,Regular
Cust00674,Abigail Johnson,Abigail.Johnson674@Yahoo.Com,7850151038.0,Chennai,Tamil Nadu,2021-06-16,Regular
Cust00675,Henry Johnson,Henry.Johnson675_At_Gmail.Com,9184761083.0,Lucknow,Uttar Pradesh,2022-08-28,Premium
Cust00676,Evelyn Nair,Evelyn.Nair676@Mail.Com,9570365157.0,Patna,Bihar,2022-05-01,Vip
Cust00677,Vihaan Johnson,Vihaan.Johnson677@Outlook.Com,,Nagpur,Maharashtra,,Premium
Cust00678,Evelyn Gupta,Evelyn.Gupta678@Gmail.Com,9330331543.0,Vadodara,Gujarat,2024-11-18,Premium
Cust00679,Abigail Gupta,Abigail.Gupta679@Yahoo.Com,8685665348.0,Pune,Maharashtra,2023-07-20,Premium
Cust00680,Aditya Verma,Aditya.Verma680@Mail.Com,,Agra,Uttar Pradesh,2023-11-09,Regular
Cust00681,Anaya Verma,Anaya.Verma681@Yahoo.Com,8869503997.0,Kolkata,West Bengal,2022-07-16,Regular
Cust00682,Olivia Iyer,Olivia.Iyer682_At_Gmail.Com,6914715334.0,Chennai,Tamil Nadu,2023-04-30,New
Cust00683,Arjun Miller,Arjun.Miller683@Yahoo.Com,8520008070.0,Hyderabad,Telangana,2024-01-11,Regular
Cust00684,Henry Kumar,Henry.Kumar684@Yahoo.Com,,Delhi,Delhi,2024-08-28,Regular
Cust00685,Kiara Sharma,Kiara.Sharma685@Mail.Com,8225250114.0,Nagpur,Maharashtra,2023-12-11,Premium
Cust00686,Emma Jones,Emma.Jones686@Outlook.Com,6447116699.0,Chennai,Tamil Nadu,2021-11-12,Premium
Cust00687,Sophia Verma,Sophia.Verma687@Yahoo.Com,,Ahmedabad,Gujarat,2024-01-08,New
Cust00688,Mia Sharma,Mia.Sharma688_At_Yahoo.Com,9960231593.0,Chennai,Tamil Nadu,2022-09-20,Premium
Cust00689,Saanvi Gupta,Saanvi.Gupta689@Yahoo.Com,9660765929.0,Patna,Bihar,2021-06-23,Premium
Cust00690,Noah Brown,Noah.Brown690@Yahoo.Com,9884185895.0,Lucknow,Uttar Pradesh,2024-08-23,Premium
Cust00691,Ishaan Williams,Ishaan.Williams691@Gmail.Com,7353760819.0,Nashik,Maharashtra,2022-08-31,Regular
Cust00692,Evelyn Miller,Evelyn.Miller692@Yahoo.Com,7157359761.0,Vadodara,Gujarat,2022-03-24,Premium
Cust00693,Harper Reddy,Harper.Reddy693@Outlook.Com,8245245357.0,Ahmedabad,Gujarat,2021-10-14,New
Cust00694,Rohan Davis,Rohan.Davis694@Gmail.Com,7719843588.0,Kolkata,West Bengal,2021-07-05,Premium
Cust00695,Myra Verma,Myra.Verma695@Outlook.Com,8240875515.0,Bhopal,Madhya Pradesh,2024-03-30,New
Cust00696,Diya Verma,Diya.Verma696@Yahoo.Com,9537182575.0,Kolkata,West Bengal,2021-06-20,Premium
Cust00697,Aadhya Jones,Aadhya.Jones697@Mail.Com,9756169258.0,Ahmedabad,Gujarat,2021-11-07,Premium
Cust00698,Arjun Miller,Arjun.Miller698@Outlook.Com,8724961011.0,Vadodara,Gujarat,2022-09-04,Regular
Cust00699,Lucas Nair,Lucas.Nair699@Gmail.Com,8709336770.0,Kolkata,West Bengal,2022-02-12,Vip
Cust00700,Olivia Brown,Olivia.Brown700@Mail.Com,9511419981.0,Nagpur,Maharashtra,2022-04-24,Regular
Cust00701,Ira Wilson,Ira.Wilson701@Outlook.Com,,Indore,Madhya Pradesh,2023-08-25,Premium
Cust00702,Henry Brown,Henry.Brown702_At_Outlook.Com,6279609980.0,Ahmedabad,Gujarat,2022-05-26,Vip
Cust00703,Aryan Nair,Aryan.Nair703@Yahoo.Com,7802813440.0,Lucknow,Uttar Pradesh,2022-12-12,Premium
Cust00704,Aditya Garcia,Aditya.Garcia704@Mail.Com,9894467258.0,Indore,Madhya Pradesh,2022-04-13,Premium
Cust00705,Alexander Wilson,Alexander.Wilson705@Mail.Com,7964359962.0,Ahmedabad,Gujarat,2023-01-12,Vip
Cust00706,Olivia Garcia,Olivia.Garcia706@Yahoo.Com,,Pune,Maharashtra,2021-11-20,Regular
Cust00707,Sophia Sharma,Sophia.Sharma707@Outlook.Com,6935759851.0,Agra,Uttar Pradesh,2022-12-17,Vip
Cust00708,Pari Smith,Pari.Smith708@Yahoo.Com,7705931484.0,Jaipur,Rajasthan,2023-08-28,Vip
Cust00709,Arjun Brown,Arjun.Brown709@Yahoo.Com,8468569991.0,Mumbai,Maharashtra,2024-06-15,Premium
Cust02689,Harper Smith,,6577677889.0,Kanpur,Uttar Pradesh,2022-02-07,New
Cust00710,Ira Davis,Ira.Davis710@Gmail.Com,6739890586.0,Kanpur,Uttar Pradesh,2024-09-06,Vip
Cust00711,Kiara Sharma,Kiara.Sharma711@Mail.Com,8495075488.0,Agra,Uttar Pradesh,2022-02-13,New
Cust00712,Anaya Garcia,Anaya.Garcia712@Yahoo.Com,6976793968.0,Lucknow,Uttar Pradesh,2023-03-09,Premium
Cust00713,,Mia.Iyer713@Gmail.Com,9132199020.0,Hyderabad,Telangana,2024-03-26,Regular
Cust00714,Reyansh Johnson,Reyansh.Johnson714@Mail.Com,7441810296.0,Kanpur,Uttar Pradesh,2023-01-08,Premium
Cust00715,Anaya Nair,Anaya.Nair715@Mail.Com,8795897174.0,Mumbai,Maharashtra,2024-06-02,Vip
Cust00716,Benjamin Jones,Benjamin.Jones716@Mail.Com,7536731210.0,Bhopal,Madhya Pradesh,2021-06-21,Regular
Cust00717,Michael Kumar,Michael.Kumar717@Mail.Com,7449485406.0,Delhi,Delhi,2021-08-28,Regular
Cust00718,Rohan Patel,Rohan.Patel718@Outlook.Com,8228757852.0,Nashik,Maharashtra,2023-02-21,Premium
Cust00719,Myra Williams,Myra.Williams719@Gmail.Com,9313094252.0,Nagpur,Maharashtra,2024-10-12,New
Cust00720,Vivaan Anderson,Vivaan.Anderson720@Yahoo.Com,6941913481.0,Ahmedabad,Gujarat,2023-07-19,Regular
Cust00721,Kiara Kumar,Kiara.Kumar721@Yahoo.Com,6343566988.0,Kolkata,West Bengal,2024-05-19,Regular
Cust00722,Aadhya Johnson,Aadhya.Johnson722@Yahoo.Com,9644683359.0,Delhi,Delhi,2024-01-02,Vip
Cust00723,Ananya Williams,Ananya.Williams723@Mail.Com,8990953276.0,Nagpur,Maharashtra,2021-02-09,Regular
Cust00724,Harper Iyer,Harper.Iyer724@Yahoo.Com,6815348960.0,Indore,Madhya Pradesh,2022-03-12,Regular
Cust00725,Benjamin Nair,Benjamin.Nair725@Yahoo.Com,8841796333.0,Ahmedabad,Gujarat,2022-05-11,Premium
Cust00726,Aryan Johnson,Aryan.Johnson726@Yahoo.Com,8291811319.0,Kanpur,Uttar Pradesh,2023-09-22,Regular
Cust00727,Emma Reddy,Emma.Reddy727@Outlook.Com,8994551628.0,Patna,Bihar,2022-10-29,Regular
Cust00728,Charlotte Nair,,7346010547.0,Surat,Gujarat,2022-02-19,Premium
Cust00729,William Singh,William.Singh729@Mail.Com,7812932571.0,Agra,Uttar Pradesh,2024-02-09,Premium
Cust00730,Liam Verma,Liam.Verma730@Outlook.Com,8772387031.0,Kanpur,Uttar Pradesh,2021-12-09,Vip
Cust00731,Emma Smith,Emma.Smith731@Mail.Com,9718724373.0,Agra,Uttar Pradesh,2022-08-22,Regular
Cust00732,Vihaan Miller,,8566644744.0,Mumbai,Maharashtra,2021-11-07,Regular
Cust00733,Reyansh Kumar,Reyansh.Kumar733@Outlook.Com,8907344076.0,Nashik,Maharashtra,2023-09-19,Vip
Cust00734,Amelia Miller,Amelia.Miller734@Yahoo.Com,6348382474.0,Nashik,Maharashtra,2022-06-29,Premium
Cust00735,Emma Wilson,Emma.Wilson735@Mail.Com,8784405675.0,Agra,Uttar Pradesh,2023-09-03,Premium
Cust00736,Diya Sharma,Diya.Sharma736@Outlook.Com,9270230537.0,Bengaluru,Karnataka,2023-05-06,Regular
Cust00737,Riya Wilson,Riya.Wilson737@Mail.Com,,Ahmedabad,Gujarat,2023-10-24,Regular
Cust00738,Isabella Miller,Isabella.Miller738@Mail.Com,6432333282.0,Bengaluru,Karnataka,2023-10-22,Premium
Cust00739,Anaya Smith,Anaya.Smith739@Gmail.Com,7850579456.0,Kolkata,West Bengal,2021-08-31,Regular
Cust00740,Ananya Jones,Ananya.Jones740@Mail.Com,7247481857.0,Nagpur,Maharashtra,2022-09-14,New
Cust00741,Aarav Singh,Aarav.Singh741@Outlook.Com,8596790858.0,Kolkata,West Bengal,2023-11-05,New
Cust00742,Amelia Anderson,Amelia.Anderson742@Outlook.Com,7544472750.0,Pune,Maharashtra,2023-02-16,New
Cust00743,Ira Nair,Ira.Nair743@Gmail.Com,9524688436.0,Nashik,Maharashtra,2024-10-03,Premium
Cust00744,Anaya Nair,Anaya.Nair744@Mail.Com,7540145946.0,Vadodara,Gujarat,2024-08-07,Premium
Cust00745,Rohan Anderson,Rohan.Anderson745@Mail.Com,7207115374.0,Hyderabad,Telangana,2021-07-01,Regular
Cust00746,Liam Verma,Liam.Verma746@Mail.Com,7306927649.0,Indore,Madhya Pradesh,2023-07-13,New
Cust00747,Aarav Verma,Aarav.Verma747@Outlook.Com,7509634059.0,Ahmedabad,Gujarat,2024-11-17,Premium
Cust00748,Michael Gupta,Michael.Gupta748@Yahoo.Com,6457897966.0,Kanpur,Uttar Pradesh,2024-06-01,Premium
Cust00749,Liam Sharma,Liam.Sharma749@Mail.Com,8173856614.0,Kanpur,Uttar Pradesh,2024-07-20,New
Cust00750,Reyansh Patel,Reyansh.Patel750@Yahoo.Com,9319798782.0,Chennai,Tamil Nadu,,Vip
Cust00751,Kiara Reddy,Kiara.Reddy751@Outlook.Com,6323244104.0,Mumbai,Maharashtra,2023-02-21,Premium
Cust00752,Sophia Garcia,Sophia.Garcia752@Gmail.Com,7863168039.0,Ahmedabad,Gujarat,2024-08-23,New
Cust00753,Reyansh Miller,Reyansh.Miller753@Mail.Com,7302210968.0,Surat,Gujarat,2022-08-14,New
Cust00754,Saanvi Singh,Saanvi.Singh754@Outlook.Com,6907031284.0,Chennai,Tamil Nadu,2022-07-27,Premium
Cust00755,Aarav Kumar,Aarav.Kumar755@Gmail.Com,9331419540.0,Mumbai,Maharashtra,2022-09-28,Regular
Cust00756,Kabir Brown,Kabir.Brown756@Mail.Com,6558346197.0,Patna,Bihar,2024-11-14,Regular
Cust00757,Vihaan Singh,Vihaan.Singh757@Outlook.Com,9285801953.0,Agra,Uttar Pradesh,2024-07-27,New
Cust00758,Rohan Verma,Rohan.Verma758@Yahoo.Com,9197567679.0,Chennai,Tamil Nadu,2022-05-15,Premium
Cust00759,James Nair,James.Nair759@Mail.Com,6789549602.0,Patna,Bihar,2023-04-03,New
Cust00760,Ananya Nair,Ananya.Nair760@Gmail.Com,8676409237.0,Bhopal,Madhya Pradesh,2022-04-26,Premium
Cust00761,Arjun Singh,Arjun.Singh761@Yahoo.Com,7513688446.0,Ludhiana,Punjab,2023-01-13,Premium
Cust00762,Kiara Miller,Kiara.Miller762@Yahoo.Com,9953011821.0,Ahmedabad,Gujarat,2021-05-12,Regular
Cust00763,Aditya Iyer,Aditya.Iyer763@Outlook.Com,9818987870.0,Bengaluru,Karnataka,2024-01-01,Regular
Cust00764,Aadhya Anderson,Aadhya.Anderson764@Yahoo.Com,7845654564.0,Nashik,Maharashtra,2023-03-28,Premium
Cust00765,Ananya Kumar,Ananya.Kumar765@Mail.Com,8336558240.0,Chennai,Tamil Nadu,2022-05-15,Regular
Cust00766,Ananya Williams,Ananya.Williams766@Outlook.Com,6306542440.0,Mumbai,Maharashtra,2024-06-24,Premium
Cust00767,Vivaan Rao,Vivaan.Rao767@Mail.Com,7112609563.0,Mumbai,Maharashtra,2022-05-21,Regular
Cust00768,Michael Patel,Michael.Patel768@Outlook.Com,6376358226.0,Chennai,Tamil Nadu,2023-09-06,Vip
Cust00769,James Iyer,James.Iyer769@Outlook.Com,6442423545.0,Chennai,Tamil Nadu,2023-06-19,Regular
Cust00770,Reyansh Kumar,Reyansh.Kumar770@Yahoo.Com,8262037706.0,Hyderabad,Telangana,2021-08-11,New
Cust00771,Aryan Wilson,Aryan.Wilson771@Outlook.Com,6349743101.0,Bhopal,Madhya Pradesh,2022-04-26,Premium
Cust00772,Ananya Verma,Ananya.Verma772@Mail.Com,7769480579.0,Ludhiana,Punjab,2023-05-11,Regular
Cust00773,Aditya Verma,Aditya.Verma773@Outlook.Com,8856314186.0,Bengaluru,Karnataka,2021-12-03,Premium
Cust00774,Olivia Rao,Olivia.Rao774@Gmail.Com,6683514119.0,Patna,Bihar,2023-09-15,New
Cust00775,John Nair,John.Nair775@Gmail.Com,8998906236.0,Mumbai,Maharashtra,2021-10-09,Vip
Cust00776,Amelia Miller,Amelia.Miller776@Yahoo.Com,6784838854.0,Nagpur,Maharashtra,2023-03-13,Premium
Cust00777,Ananya Gupta,Ananya.Gupta777@Yahoo.Com,8292248833.0,Chennai,Tamil Nadu,2021-07-20,New
Cust00778,Lucas Reddy,Lucas.Reddy778@Gmail.Com,9196687876.0,Nashik,Maharashtra,2023-12-16,Premium
Cust00779,Abigail Nair,Abigail.Nair779@Gmail.Com,8219071165.0,Mumbai,Maharashtra,2021-10-09,Premium
Cust00780,Saanvi Sharma,Saanvi.Sharma780_At_Gmail.Com,8679006009.0,Ludhiana,Punjab,2023-09-04,Premium
Cust00781,Ananya Nair,Ananya.Nair781@Yahoo.Com,9481476905.0,Chennai,Tamil Nadu,2023-10-18,Regular
Cust00782,Benjamin Williams,Benjamin.Williams782@Mail.Com,6362063464.0,Chennai,Tamil Nadu,2024-07-27,Premium
Cust00783,Myra Reddy,Myra.Reddy783@Mail.Com,7781825780.0,Ludhiana,Punjab,2023-09-17,Premium
Cust00784,Ishaan Sharma,Ishaan.Sharma784@Gmail.Com,8315956412.0,Nashik,Maharashtra,2022-04-23,Regular
Cust00785,Michael Singh,Michael.Singh785@Mail.Com,9667316833.0,Mumbai,Maharashtra,2023-09-24,Vip
Cust00786,Olivia Wilson,Olivia.Wilson786_At_Yahoo.Com,9802430291.0,Pune,Maharashtra,2021-11-15,Regular
Cust00787,Noah Gupta,Noah.Gupta787@Outlook.Com,8680913418.0,Kanpur,Uttar Pradesh,2024-03-29,Premium
Cust00788,Aryan Williams,Aryan.Williams788@Mail.Com,6673234879.0,Chennai,Tamil Nadu,2024-11-18,New
Cust00789,Ira Anderson,Ira.Anderson789@Yahoo.Com,7820655221.0,Mumbai,Maharashtra,,Premium
Cust00790,Pari Miller,Pari.Miller790@Yahoo.Com,7167569640.0,Agra,Uttar Pradesh,2024-12-03,Vip
Cust00791,Mia Rao,Mia.Rao791@Mail.Com,7535539861.0,Vadodara,Gujarat,2022-07-16,Regular
Cust00792,Kiara Rao,Kiara.Rao792@Mail.Com,8528066498.0,Ludhiana,Punjab,2024-06-11,Regular
Cust00793,Anaya Rao,Anaya.Rao793_At_Outlook.Com,6110643751.0,Chennai,Tamil Nadu,2022-12-02,Regular
Cust00794,Sophia Rao,Sophia.Rao794_At_Gmail.Com,7674066705.0,Kanpur,Uttar Pradesh,2024-05-15,Regular
Cust00795,Diya Verma,Diya.Verma795@Outlook.Com,8764489816.0,Patna,Bihar,2022-03-12,Premium
Cust00796,Kiara Sharma,Kiara.Sharma796@Yahoo.Com,,Kolkata,West Bengal,2021-09-17,Premium
Cust00797,Evelyn Anderson,,7515970340.0,Ludhiana,Punjab,2022-12-01,Regular
Cust00798,Riya Brown,Riya.Brown798@Mail.Com,6874182210.0,Hyderabad,Telangana,,Vip
Cust00799,Myra Brown,Myra.Brown799@Outlook.Com,8391395622.0,Surat,Gujarat,2022-11-13,Premium
Cust00800,Emma Brown,Emma.Brown800@Mail.Com,7141467227.0,Ahmedabad,Gujarat,2022-09-02,New
Cust00801,Rohan Smith,Rohan.Smith801@Mail.Com,8234093369.0,Lucknow,Uttar Pradesh,2022-10-11,Premium
Cust00802,Vivaan Nair,Vivaan.Nair802@Mail.Com,7681091741.0,Lucknow,Uttar Pradesh,2023-07-17,Regular
Cust00803,Aadhya Garcia,Aadhya.Garcia803@Yahoo.Com,9247295778.0,Kanpur,Uttar Pradesh,2022-09-04,Regular
Cust00804,Kiara Williams,Kiara.Williams804@Yahoo.Com,9870013710.0,Pune,Maharashtra,2022-04-04,Premium
Cust00805,Lucas Garcia,Lucas.Garcia805@Yahoo.Com,7695007427.0,Chennai,Tamil Nadu,2024-09-23,Premium
Cust00806,John Gupta,John.Gupta806@Mail.Com,6495398331.0,Bhopal,Madhya Pradesh,2021-10-29,Regular
Cust00807,Ira Anderson,Ira.Anderson807@Gmail.Com,7606393748.0,Kanpur,Uttar Pradesh,2022-08-28,New
Cust00808,Riya Gupta,Riya.Gupta808@Mail.Com,6314145782.0,Nashik,Maharashtra,,Regular
Cust00809,Diya Gupta,Diya.Gupta809@Yahoo.Com,9839143299.0,Vadodara,Gujarat,2024-10-27,Premium
Cust00810,Ananya Garcia,Ananya.Garcia810@Gmail.Com,,Ludhiana,Punjab,2023-11-22,Premium
Cust00811,Ira Brown,Ira.Brown811@Outlook.Com,7882691805.0,Vadodara,Gujarat,2021-09-25,Regular
Cust00812,Liam Reddy,Liam.Reddy812@Outlook.Com,9889437181.0,Nagpur,Maharashtra,2022-05-13,Regular
Cust00813,Aadhya Reddy,Aadhya.Reddy813@Mail.Com,7503802726.0,Indore,Madhya Pradesh,2022-12-03,New
Cust00814,Aditya Gupta,Aditya.Gupta814@Gmail.Com,6344678956.0,Ludhiana,Punjab,2022-10-07,Premium
Cust00815,Alexander Brown,Alexander.Brown815@Outlook.Com,7518611609.0,Vadodara,Gujarat,2024-05-08,New
Cust00816,Mia Wilson,Mia.Wilson816@Outlook.Com,7984640015.0,Patna,Bihar,2023-04-18,Premium
Cust00817,Amelia Gupta,Amelia.Gupta817@Gmail.Com,6885042792.0,Bengaluru,Karnataka,2022-03-23,New
Cust00818,Benjamin Patel,Benjamin.Patel818_At_Mail.Com,7382063522.0,Hyderabad,Telangana,2022-12-11,Premium
Cust00819,Sophia Davis,Sophia.Davis819@Gmail.Com,9325399930.0,Lucknow,Uttar Pradesh,2023-11-21,Regular
Cust00820,Charlotte Garcia,Charlotte.Garcia820@Gmail.Com,,Nashik,Maharashtra,2024-08-31,Premium
Cust00821,Vihaan Johnson,Vihaan.Johnson821@Outlook.Com,6728354912.0,Kanpur,Uttar Pradesh,2021-12-15,Premium
Cust00822,Vivaan Jones,Vivaan.Jones822@Gmail.Com,8235867560.0,Mumbai,Maharashtra,,Regular
Cust00823,Lucas Kumar,Lucas.Kumar823@Mail.Com,7475339059.0,Indore,Madhya Pradesh,2021-09-09,Regular
Cust00824,Noah Gupta,Noah.Gupta824@Gmail.Com,8421410504.0,Bhopal,Madhya Pradesh,2022-08-12,Vip
Cust00825,Amelia Miller,Amelia.Miller825@Yahoo.Com,6184681609.0,Kanpur,Uttar Pradesh,2024-04-23,Premium
Cust00826,Abigail Verma,Abigail.Verma826@Gmail.Com,6197009970.0,Surat,Gujarat,2023-12-24,Premium
Cust00827,Kiara Wilson,Kiara.Wilson827@Mail.Com,9208729236.0,Pune,Maharashtra,2023-08-28,Premium
Cust00828,Liam Miller,Liam.Miller828@Yahoo.Com,6922174127.0,Indore,Madhya Pradesh,2021-06-24,New
Cust00829,Anaya Nair,Anaya.Nair829@Gmail.Com,9137540074.0,Nashik,Maharashtra,2024-01-16,New
Cust00830,Ira Brown,Ira.Brown830@Outlook.Com,9140236774.0,Ludhiana,Punjab,2024-07-08,Regular
Cust00831,Charlotte Brown,Charlotte.Brown831@Yahoo.Com,9382713132.0,Jaipur,Rajasthan,2023-12-30,Regular
Cust00832,Myra Sharma,Myra.Sharma832@Mail.Com,6531785885.0,Nashik,Maharashtra,2024-12-19,Premium
Cust00833,Pari Anderson,Pari.Anderson833@Mail.Com,7220136491.0,Pune,Maharashtra,2023-04-19,Regular
Cust00834,Pari Reddy,Pari.Reddy834@Gmail.Com,9947006402.0,Nagpur,Maharashtra,2022-12-21,Premium
Cust00835,Evelyn Davis,Evelyn.Davis835@Gmail.Com,6575868914.0,Kanpur,Uttar Pradesh,2024-04-28,Premium
Cust00836,Benjamin Sharma,Benjamin.Sharma836@Outlook.Com,9768606852.0,Kanpur,Uttar Pradesh,2022-07-15,Regular
Cust00837,Rohan Williams,Rohan.Williams837@Yahoo.Com,9381283935.0,Chennai,Tamil Nadu,2022-10-04,Regular
Cust00838,Rohan Sharma,Rohan.Sharma838@Outlook.Com,9859431922.0,Agra,Uttar Pradesh,2022-12-24,Regular
Cust00839,Kiara Garcia,Kiara.Garcia839@Gmail.Com,7206075687.0,Ahmedabad,Gujarat,2022-04-06,New
Cust00840,Harper Miller,Harper.Miller840@Yahoo.Com,6319780028.0,Kanpur,Uttar Pradesh,2021-11-22,Vip
Cust00841,Anaya Reddy,Anaya.Reddy841@Yahoo.Com,9138059895.0,Nagpur,Maharashtra,2024-05-26,Vip
Cust00842,Aryan Garcia,Aryan.Garcia842@Mail.Com,9262614360.0,Delhi,Delhi,2024-10-14,New
Cust00843,Arjun Wilson,Arjun.Wilson843@Outlook.Com,9110712073.0,Patna,Bihar,2024-11-04,New
Cust00844,Henry Sharma,Henry.Sharma844@Gmail.Com,6196073310.0,Delhi,Delhi,2023-12-26,Premium
Cust00845,Henry Verma,Henry.Verma845@Mail.Com,6253045844.0,Mumbai,Maharashtra,2022-11-16,New
Cust00846,Kabir Miller,Kabir.Miller846@Gmail.Com,9608911742.0,Bhopal,Madhya Pradesh,2022-11-22,New
Cust00847,Ira Rao,Ira.Rao847@Yahoo.Com,6116532141.0,Chennai,Tamil Nadu,2022-08-28,Regular
Cust00848,Vivaan Wilson,Vivaan.Wilson848@Outlook.Com,6293589775.0,Mumbai,Maharashtra,2022-08-15,Premium
Cust00849,Aadhya Kumar,Aadhya.Kumar849@Mail.Com,7873308960.0,Ahmedabad,Gujarat,2022-12-20,New
Cust00850,William Verma,William.Verma850@Yahoo.Com,9443242122.0,Ludhiana,Punjab,2024-09-17,Regular
Cust00851,Riya Anderson,Riya.Anderson851@Mail.Com,6236259676.0,Nagpur,Maharashtra,2021-10-13,Regular
Cust00852,Noah Iyer,Noah.Iyer852@Mail.Com,9706186445.0,Delhi,Delhi,2024-03-15,New
Cust00853,Aditya Verma,Aditya.Verma853@Mail.Com,8522021469.0,Ahmedabad,Gujarat,2022-07-24,New
Cust00854,Pari Jones,Pari.Jones854@Gmail.Com,6442052414.0,Chennai,Tamil Nadu,2022-04-14,Premium
Cust00855,Charlotte Kumar,Charlotte.Kumar855@Gmail.Com,8917506752.0,Delhi,Delhi,2021-07-27,Regular
Cust00856,Sophia Jones,Sophia.Jones856@Yahoo.Com,9654220401.0,Agra,Uttar Pradesh,,Regular
Cust00857,Reyansh Williams,Reyansh.Williams857@Yahoo.Com,6316403562.0,Agra,Uttar Pradesh,2024-06-08,Regular
Cust00858,Aarav Garcia,Aarav.Garcia858@Outlook.Com,9687995164.0,Jaipur,Rajasthan,2023-08-19,Premium
Cust00859,Evelyn Davis,Evelyn.Davis859@Outlook.Com,9203917887.0,Pune,Maharashtra,2023-12-14,Regular
Cust00860,Alexander Garcia,Alexander.Garcia860@Outlook.Com,8915216554.0,Surat,Gujarat,,Regular
Cust00861,Olivia Reddy,Olivia.Reddy861@Outlook.Com,6132181468.0,Nagpur,Maharashtra,2024-09-04,Regular
Cust00862,Sophia Brown,Sophia.Brown862@Mail.Com,9691134013.0,Mumbai,Maharashtra,2022-03-27,Premium
Cust00863,Rohan Iyer,Rohan.Iyer863@Mail.Com,9260300857.0,Nagpur,Maharashtra,2022-03-30,Regular
Cust00864,John Kumar,John.Kumar864@Mail.Com,8541936923.0,Pune,Maharashtra,2023-05-21,Vip
Cust00865,Harper Kumar,Harper.Kumar865@Outlook.Com,6174564173.0,Lucknow,Uttar Pradesh,2023-05-24,Regular
Cust00866,Aditya Verma,Aditya.Verma866@Mail.Com,7557919259.0,Delhi,Delhi,2021-06-12,Premium
Cust00867,Reyansh Singh,Reyansh.Singh867@Yahoo.Com,6173705699.0,Ahmedabad,Gujarat,2021-08-14,Premium
Cust00868,Charlotte Brown,Charlotte.Brown868@Mail.Com,7435068180.0,Delhi,Delhi,2023-02-03,Premium
Cust00869,Aadhya Rao,,9457444674.0,Kanpur,Uttar Pradesh,2024-04-02,Premium
Cust00870,Ira Miller,Ira.Miller870@Yahoo.Com,6189200192.0,Indore,Madhya Pradesh,2024-06-14,Premium
Cust00871,Rohan Jones,Rohan.Jones871@Yahoo.Com,6549152157.0,Nagpur,Maharashtra,2023-06-04,Premium
Cust00872,Arjun Anderson,Arjun.Anderson872@Mail.Com,6648292001.0,Jaipur,Rajasthan,2024-12-13,New
Cust00873,Vihaan Reddy,Vihaan.Reddy873_At_Outlook.Com,9965732675.0,Vadodara,Gujarat,2024-08-16,Vip
Cust00874,Pari Reddy,Pari.Reddy874@Outlook.Com,6688070959.0,Hyderabad,Telangana,2022-04-19,Regular
Cust00875,Michael Singh,Michael.Singh875@Outlook.Com,9529141769.0,Jaipur,Rajasthan,2023-01-15,Premium
Cust00876,Abigail Miller,Abigail.Miller876@Yahoo.Com,8597785971.0,Indore,Madhya Pradesh,2022-10-06,New
Cust00877,Noah Singh,Noah.Singh877@Gmail.Com,,Nagpur,Maharashtra,2023-09-22,New
Cust00878,Aditya Singh,Aditya.Singh878@Gmail.Com,7310532121.0,Jaipur,Rajasthan,2021-11-30,Premium
Cust00879,Vihaan Rao,Vihaan.Rao879_At_Mail.Com,6252769430.0,Vadodara,Gujarat,2023-08-12,Regular
Cust00880,Diya Gupta,Diya.Gupta880@Mail.Com,9186094666.0,Jaipur,Rajasthan,2021-08-20,Regular
Cust00881,Kiara Gupta,Kiara.Gupta881@Mail.Com,6918113517.0,Indore,Madhya Pradesh,2021-09-16,Premium
Cust00882,Aryan Johnson,Aryan.Johnson882@Gmail.Com,7783042112.0,Vadodara,Gujarat,2023-04-19,New
Cust00883,Benjamin Smith,Benjamin.Smith883@Yahoo.Com,9124302873.0,Chennai,Tamil Nadu,2024-08-01,Regular
Cust00884,Liam Kumar,Liam.Kumar884@Mail.Com,8602455623.0,Indore,Madhya Pradesh,2022-01-17,Vip
Cust00885,Liam Kumar,Liam.Kumar885@Yahoo.Com,6369846581.0,Hyderabad,Telangana,2024-06-15,Premium
Cust00886,James Garcia,,,Ludhiana,Punjab,,New
Cust00887,Anaya Rao,Anaya.Rao887@Yahoo.Com,6299955363.0,Hyderabad,Telangana,2023-08-24,Regular
Cust00888,William Garcia,William.Garcia888@Outlook.Com,6121392269.0,Bhopal,Madhya Pradesh,2023-06-15,Regular
Cust00889,Olivia Kumar,Olivia.Kumar889@Gmail.Com,6420180997.0,Nagpur,Maharashtra,2021-11-10,Regular
Cust00890,Amelia Nair,Amelia.Nair890@Yahoo.Com,9765722917.0,Pune,Maharashtra,2024-09-10,Premium
Cust00891,Vivaan Sharma,Vivaan.Sharma891@Outlook.Com,,Pune,Maharashtra,2021-09-18,Premium
Cust00892,Olivia Garcia,Olivia.Garcia892@Mail.Com,8348129275.0,Nashik,Maharashtra,2023-04-21,Premium
Cust00893,Kabir Nair,Kabir.Nair893@Mail.Com,8626760528.0,Agra,Uttar Pradesh,2023-11-01,Regular
Cust00894,Kabir Kumar,Kabir.Kumar894@Gmail.Com,7966702929.0,Pune,Maharashtra,2024-10-09,New
Cust00895,Anaya Kumar,Anaya.Kumar895@Mail.Com,6272632082.0,Nagpur,Maharashtra,2021-07-23,Premium
Cust00896,Olivia Nair,Olivia.Nair896@Mail.Com,9484510222.0,Hyderabad,Telangana,2021-09-08,Vip
Cust00897,William Nair,William.Nair897@Mail.Com,8616635640.0,Delhi,Delhi,2022-09-01,Regular
Cust00898,Ananya Jones,Ananya.Jones898@Outlook.Com,7857715792.0,Chennai,Tamil Nadu,2023-08-09,Regular
Cust00899,Sophia Davis,Sophia.Davis899@Mail.Com,8695927284.0,Surat,Gujarat,2021-09-16,Vip
Cust00900,William Reddy,William.Reddy900@Yahoo.Com,8463201016.0,Ludhiana,Punjab,2023-09-14,Vip
Cust00901,Amelia Brown,Amelia.Brown901@Mail.Com,9956127755.0,Vadodara,Gujarat,2023-08-29,Regular
Cust00902,Olivia Iyer,Olivia.Iyer902_At_Outlook.Com,8609238563.0,Indore,Madhya Pradesh,2021-12-03,New
Cust00903,John Reddy,John.Reddy903@Outlook.Com,6637076670.0,Bhopal,Madhya Pradesh,2024-03-04,Premium
Cust00904,Evelyn Sharma,Evelyn.Sharma904@Yahoo.Com,8294269615.0,Nagpur,Maharashtra,2022-03-08,Vip
Cust00905,Aryan Miller,Aryan.Miller905@Gmail.Com,6991347764.0,Patna,Bihar,2023-04-11,Regular
Cust00906,Riya Singh,Riya.Singh906@Outlook.Com,6719682691.0,Delhi,Delhi,,Premium
Cust00907,Evelyn Singh,Evelyn.Singh907@Yahoo.Com,6710571363.0,Mumbai,Maharashtra,2021-12-27,New
Cust00908,Vihaan Brown,Vihaan.Brown908@Gmail.Com,9331968644.0,Bengaluru,Karnataka,2023-09-12,Premium
Cust00909,Aditya Rao,Aditya.Rao909@Yahoo.Com,6297074370.0,Jaipur,Rajasthan,2023-07-26,Regular
Cust00910,Pari Jones,Pari.Jones910@Mail.Com,9679746759.0,Agra,Uttar Pradesh,2021-08-20,Premium
Cust00911,Michael Anderson,Michael.Anderson911@Outlook.Com,8236602037.0,Chennai,Tamil Nadu,2024-03-21,Premium
Cust00912,William Iyer,William.Iyer912@Outlook.Com,6163887297.0,Indore,Madhya Pradesh,2023-10-22,Vip
Cust00913,Saanvi Garcia,Saanvi.Garcia913@Outlook.Com,6384299976.0,Agra,Uttar Pradesh,2023-07-20,Regular
Cust00914,Aarav Brown,Aarav.Brown914@Mail.Com,,Mumbai,Maharashtra,2022-01-12,Regular
Cust00915,Ananya Patel,Ananya.Patel915@Outlook.Com,,Jaipur,Rajasthan,2024-06-29,Regular
Cust00916,Michael Reddy,,8362721556.0,Delhi,Delhi,2022-04-26,New
Cust00917,Vihaan Gupta,Vihaan.Gupta917@Yahoo.Com,9342704655.0,Agra,Uttar Pradesh,2024-04-12,Regular
Cust00918,Kiara Reddy,Kiara.Reddy918@Yahoo.Com,8735757701.0,Mumbai,Maharashtra,2024-06-19,Regular
Cust00919,Aadhya Gupta,Aadhya.Gupta919@Yahoo.Com,7197136989.0,Agra,Uttar Pradesh,2021-10-10,Vip
Cust00920,Abigail Anderson,Abigail.Anderson920@Yahoo.Com,8633019373.0,Bengaluru,Karnataka,2024-02-25,Vip
Cust00921,Aarav Williams,Aarav.Williams921@Yahoo.Com,9708121424.0,Bhopal,Madhya Pradesh,2023-05-16,Regular
Cust00922,Benjamin Patel,Benjamin.Patel922@Yahoo.Com,6237555813.0,Jaipur,Rajasthan,2024-02-09,New
Cust00923,Anaya Williams,Anaya.Williams923@Gmail.Com,9766590553.0,Bhopal,Madhya Pradesh,2022-09-26,Regular
Cust00924,Lucas Nair,Lucas.Nair924@Outlook.Com,8278472364.0,Bengaluru,Karnataka,2023-06-09,Premium
Cust00925,Pari Reddy,Pari.Reddy925@Yahoo.Com,7355295845.0,Delhi,Delhi,2024-05-09,Vip
Cust00926,Mia Anderson,Mia.Anderson926@Yahoo.Com,8264631914.0,Vadodara,Gujarat,2024-07-05,Premium
Cust00927,Lucas Gupta,Lucas.Gupta927@Yahoo.Com,7928564446.0,Patna,Bihar,2021-09-07,Vip
Cust00928,Myra Iyer,Myra.Iyer928@Yahoo.Com,6480416158.0,Nashik,Maharashtra,2021-10-10,Premium
Cust00929,Isabella Nair,Isabella.Nair929@Gmail.Com,7889458889.0,Kolkata,West Bengal,2024-06-27,Premium
Cust00930,Liam Kumar,,7527240351.0,Agra,Uttar Pradesh,2022-05-25,New
Cust00931,Olivia Patel,Olivia.Patel931@Mail.Com,,Hyderabad,Telangana,2024-06-11,Premium
Cust00932,Ira Jones,Ira.Jones932@Yahoo.Com,7293574280.0,Bengaluru,Karnataka,2022-05-28,Premium
Cust00933,Ananya Anderson,Ananya.Anderson933@Gmail.Com,6523504172.0,Bhopal,Madhya Pradesh,2021-09-04,Premium
Cust00934,Vihaan Wilson,Vihaan.Wilson934@Outlook.Com,6997598639.0,Delhi,Delhi,2021-07-23,Premium
Cust00935,Henry Iyer,Henry.Iyer935@Yahoo.Com,8244384755.0,Bhopal,Madhya Pradesh,2021-12-23,Regular
Cust00936,James Sharma,James.Sharma936@Yahoo.Com,7529469086.0,Hyderabad,Telangana,2023-10-19,Regular
Cust00937,Myra Davis,Myra.Davis937_At_Outlook.Com,8597173429.0,Jaipur,Rajasthan,2023-10-30,Regular
Cust00938,Kabir Reddy,Kabir.Reddy938@Yahoo.Com,7403991650.0,Indore,Madhya Pradesh,2023-02-18,Premium
Cust00939,Riya Gupta,Riya.Gupta939@Yahoo.Com,6661952340.0,Indore,Madhya Pradesh,2021-08-18,Vip
Cust00940,Ananya Anderson,Ananya.Anderson940@Gmail.Com,9608289487.0,Lucknow,Uttar Pradesh,2022-01-05,Regular
Cust00941,Charlotte Anderson,Charlotte.Anderson941@Yahoo.Com,9281140337.0,Pune,Maharashtra,2023-12-13,New
Cust00942,Pari Johnson,Pari.Johnson942@Mail.Com,6714824024.0,Agra,Uttar Pradesh,2021-07-07,Premium
Cust00943,Aadhya Williams,Aadhya.Williams943@Yahoo.Com,7838964597.0,Kolkata,West Bengal,,Vip
Cust00944,Aarav Anderson,Aarav.Anderson944@Outlook.Com,7617230874.0,Jaipur,Rajasthan,2022-06-07,Regular
Cust00945,Alexander Sharma,Alexander.Sharma945@Gmail.Com,9381159559.0,Delhi,Delhi,2023-03-01,Vip
Cust00946,Aadhya Jones,Aadhya.Jones946@Outlook.Com,6881406427.0,Ludhiana,Punjab,2023-12-26,Premium
Cust00947,James Jones,James.Jones947@Yahoo.Com,8533933602.0,Bengaluru,Karnataka,2023-07-08,Premium
Cust00948,Amelia Anderson,Amelia.Anderson948@Gmail.Com,6847085890.0,Hyderabad,Telangana,2021-07-07,Regular
Cust00949,Harper Williams,Harper.Williams949@Gmail.Com,6908418894.0,Delhi,Delhi,2023-05-07,Regular
Cust00950,Evelyn Davis,Evelyn.Davis950@Yahoo.Com,6814974518.0,Nagpur,Maharashtra,2024-02-04,Premium
Cust00951,Ananya Singh,Ananya.Singh951@Mail.Com,7933332667.0,Mumbai,Maharashtra,2024-04-28,Vip
Cust00952,Emma Anderson,Emma.Anderson952@Gmail.Com,6319419497.0,Chennai,Tamil Nadu,2024-04-05,Premium
Cust00953,Vivaan Smith,Vivaan.Smith953@Outlook.Com,7713108415.0,Hyderabad,Telangana,2024-03-01,Regular
Cust00954,Arjun Garcia,Arjun.Garcia954@Mail.Com,6519569086.0,Delhi,Delhi,2021-11-04,Vip
Cust00955,Aarav Miller,Aarav.Miller955@Yahoo.Com,8923278321.0,Nashik,Maharashtra,2021-11-26,Premium
Cust00956,Harper Kumar,Harper.Kumar956@Mail.Com,8929589050.0,Bhopal,Madhya Pradesh,2021-12-17,Vip
Cust00957,Ira Anderson,Ira.Anderson957@Outlook.Com,8132434551.0,Agra,Uttar Pradesh,2024-06-15,Premium
Cust00958,Kiara Smith,Kiara.Smith958@Outlook.Com,9221284215.0,Agra,Uttar Pradesh,2024-11-16,Vip
Cust00959,Abigail Smith,Abigail.Smith959@Mail.Com,8391579290.0,Vadodara,Gujarat,2023-01-05,Premium
Cust00960,Arjun Jones,Arjun.Jones960@Gmail.Com,9514855862.0,Jaipur,Rajasthan,2022-09-12,Premium
Cust00961,Vihaan Gupta,Vihaan.Gupta961@Mail.Com,8802279710.0,Lucknow,Uttar Pradesh,2021-06-18,Premium
Cust00962,Alexander Kumar,Alexander.Kumar962@Mail.Com,,Ludhiana,Punjab,2021-08-18,Regular
Cust00963,Sophia Kumar,Sophia.Kumar963@Yahoo.Com,8799308705.0,Surat,Gujarat,2023-02-17,Regular
Cust00964,Mia Kumar,Mia.Kumar964@Outlook.Com,6777902474.0,Bengaluru,Karnataka,2023-10-21,Regular
Cust00965,Alexander Williams,Alexander.Williams965@Gmail.Com,,Delhi,Delhi,2024-06-05,Premium
Cust00966,Ananya Brown,Ananya.Brown966@Yahoo.Com,7389183905.0,Nashik,Maharashtra,2023-08-05,Premium
Cust00967,Charlotte Sharma,Charlotte.Sharma967@Gmail.Com,7970274679.0,Ahmedabad,Gujarat,2023-02-15,Premium
Cust00968,Evelyn Patel,Evelyn.Patel968@Yahoo.Com,8109615290.0,Jaipur,Rajasthan,2024-08-25,Vip
Cust00969,Abigail Williams,Abigail.Williams969_At_Mail.Com,7360149444.0,Ahmedabad,Gujarat,2023-08-03,Regular
Cust00970,Reyansh Garcia,Reyansh.Garcia970@Mail.Com,,Pune,Maharashtra,2023-09-12,Premium
Cust00971,Kabir Johnson,Kabir.Johnson971@Mail.Com,7396830806.0,Nagpur,Maharashtra,2023-10-04,Premium
Cust00972,William Williams,William.Williams972@Mail.Com,6404624645.0,Ahmedabad,Gujarat,2023-07-18,Regular
Cust00973,Rohan Verma,Rohan.Verma973@Outlook.Com,8278010892.0,Agra,Uttar Pradesh,2024-12-05,Premium
Cust00974,Henry Wilson,Henry.Wilson974@Mail.Com,6755275455.0,Nashik,Maharashtra,2022-04-27,Regular
Cust00975,Myra Smith,Myra.Smith975@Mail.Com,6862480777.0,Nashik,Maharashtra,2022-07-03,New
Cust00976,Anaya Davis,Anaya.Davis976@Yahoo.Com,7752844381.0,Hyderabad,Telangana,2023-04-16,Premium
Cust00977,Rohan Williams,Rohan.Williams977@Gmail.Com,,Bhopal,Madhya Pradesh,2023-09-09,Premium
Cust00978,Ira Iyer,Ira.Iyer978@Gmail.Com,9333782758.0,Mumbai,Maharashtra,2022-08-07,Regular
Cust00979,Lucas Miller,Lucas.Miller979@Yahoo.Com,6791948631.0,Nagpur,Maharashtra,2023-02-13,Premium
Cust00980,Aarav Smith,Aarav.Smith980@Yahoo.Com,7992978282.0,Agra,Uttar Pradesh,2024-03-03,Vip
Cust00981,Anaya Garcia,Anaya.Garcia981@Mail.Com,9796896016.0,Kanpur,Uttar Pradesh,2023-09-16,Regular
Cust00982,Kiara Sharma,Kiara.Sharma982@Mail.Com,6714041754.0,Patna,Bihar,2022-04-24,Premium
Cust00983,Aarav Rao,Aarav.Rao983@Yahoo.Com,7229403043.0,Lucknow,Uttar Pradesh,2022-09-19,Regular
Cust00984,Sophia Gupta,Sophia.Gupta984@Gmail.Com,8789732649.0,Patna,Bihar,2023-06-01,Regular
Cust00985,Ananya Verma,Ananya.Verma985@Yahoo.Com,9734351958.0,Patna,Bihar,2022-07-16,Premium
Cust00986,Riya Rao,Riya.Rao986@Outlook.Com,9937229493.0,Indore,Madhya Pradesh,2021-08-06,Vip
Cust00987,John Patel,John.Patel987@Gmail.Com,7181836665.0,Nashik,Maharashtra,2021-11-08,Vip
Cust00988,Michael Patel,Michael.Patel988@Mail.Com,8677901703.0,Bengaluru,Karnataka,2022-12-15,New
Cust00989,Arjun Garcia,Arjun.Garcia989@Outlook.Com,9882671628.0,Hyderabad,Telangana,2023-04-03,Vip
Cust00990,Olivia Iyer,Olivia.Iyer990@Gmail.Com,6981819236.0,Delhi,Delhi,2023-01-19,Regular
Cust00991,John Rao,John.Rao991@Gmail.Com,8748762306.0,Ludhiana,Punjab,2022-04-17,Premium
Cust00992,William Williams,William.Williams992@Yahoo.Com,9356138322.0,Ludhiana,Punjab,2024-07-24,Vip
Cust00993,Benjamin Garcia,Benjamin.Garcia993@Gmail.Com,7197219827.0,Nagpur,Maharashtra,2023-01-14,Premium
Cust00994,Emma Brown,Emma.Brown994@Yahoo.Com,6422102201.0,Mumbai,Maharashtra,2024-10-04,Regular
Cust00995,Noah Anderson,Noah.Anderson995@Mail.Com,8144051620.0,Hyderabad,Telangana,2024-10-24,Premium
Cust00996,Riya Iyer,Riya.Iyer996@Gmail.Com,8970543563.0,Hyderabad,Telangana,2021-12-29,New
Cust00997,Saanvi Williams,Saanvi.Williams997@Yahoo.Com,6134733994.0,Bhopal,Madhya Pradesh,2022-06-05,Premium
Cust00998,Liam Miller,Liam.Miller998@Outlook.Com,6879976256.0,Delhi,Delhi,2024-06-08,Premium
Cust00999,Reyansh Jones,Reyansh.Jones999@Gmail.Com,7882966815.0,Jaipur,Rajasthan,2023-10-25,Vip
Cust01000,Ananya Iyer,Ananya.Iyer1000@Outlook.Com,9490092645.0,Mumbai,Maharashtra,,Premium
Cust01001,Olivia Miller,Olivia.Miller1001_At_Mail.Com,6151989168.0,Delhi,Delhi,2023-08-29,Premium
Cust01002,Olivia Verma,Olivia.Verma1002@Yahoo.Com,9794688785.0,Jaipur,Rajasthan,2021-07-01,Regular
Cust01003,Evelyn Gupta,Evelyn.Gupta1003@Yahoo.Com,9253719450.0,Mumbai,Maharashtra,2024-11-11,New
Cust01004,Henry Jones,Henry.Jones1004@Outlook.Com,,Nashik,Maharashtra,2024-11-06,Vip
Cust01005,Charlotte Rao,Charlotte.Rao1005@Outlook.Com,8147077936.0,Ludhiana,Punjab,2024-11-04,New
Cust01006,Kabir Garcia,Kabir.Garcia1006@Gmail.Com,6473512658.0,Vadodara,Gujarat,2022-08-21,New
Cust01007,Sophia Singh,Sophia.Singh1007@Yahoo.Com,8232443879.0,Patna,Bihar,2021-09-30,New
Cust01008,James Gupta,James.Gupta1008@Mail.Com,6132731256.0,Surat,Gujarat,,Premium
Cust01009,Diya Johnson,Diya.Johnson1009@Gmail.Com,9502072103.0,Mumbai,Maharashtra,2021-10-31,Vip
Cust01010,Ishaan Smith,Ishaan.Smith1010@Mail.Com,9500956334.0,Jaipur,Rajasthan,2023-02-23,Regular
Cust01011,Anaya Verma,Anaya.Verma1011@Mail.Com,7329559732.0,Lucknow,Uttar Pradesh,2024-01-28,Regular
Cust01012,Reyansh Davis,Reyansh.Davis1012@Mail.Com,7871488705.0,Kolkata,West Bengal,2023-11-11,New
Cust01013,John Anderson,John.Anderson1013@Mail.Com,6525188957.0,Mumbai,Maharashtra,2023-07-21,Premium
Cust01014,Liam Miller,Liam.Miller1014@Gmail.Com,9965125276.0,Agra,Uttar Pradesh,2022-06-30,Premium
Cust01015,Diya Kumar,Diya.Kumar1015@Mail.Com,8707225056.0,Nagpur,Maharashtra,2023-01-28,New
Cust01016,Saanvi Williams,Saanvi.Williams1016@Mail.Com,8377333882.0,Patna,Bihar,2022-10-12,Regular
Cust01017,Emma Kumar,Emma.Kumar1017@Gmail.Com,9717650280.0,Mumbai,Maharashtra,2021-10-26,Vip
Cust01018,Riya Kumar,Riya.Kumar1018@Yahoo.Com,9749237951.0,Ahmedabad,Gujarat,2024-11-11,Regular
Cust01019,Emma Nair,Emma.Nair1019@Outlook.Com,6447470858.0,Nashik,Maharashtra,,Regular
Cust01020,Sophia Rao,Sophia.Rao1020@Yahoo.Com,6771536189.0,Ahmedabad,Gujarat,2022-03-04,Vip
Cust01021,James Davis,James.Davis1021@Gmail.Com,7883953139.0,Bhopal,Madhya Pradesh,2021-06-22,Premium
Cust01022,Emma Anderson,Emma.Anderson1022@Outlook.Com,7245247252.0,Bengaluru,Karnataka,2021-08-30,Premium
Cust01023,Charlotte Nair,Charlotte.Nair1023@Gmail.Com,6939130551.0,Vadodara,Gujarat,2022-05-23,Vip
Cust01024,Isabella Singh,Isabella.Singh1024@Gmail.Com,6304988340.0,Kanpur,Uttar Pradesh,2023-09-19,New
Cust01025,Pari Smith,Pari.Smith1025@Mail.Com,8730366539.0,Agra,Uttar Pradesh,2024-03-03,Premium
Cust01026,Alexander Patel,Alexander.Patel1026@Outlook.Com,6136917065.0,Nashik,Maharashtra,2023-03-22,New
Cust01027,Myra Kumar,Myra.Kumar1027@Mail.Com,8236965418.0,Pune,Maharashtra,2024-10-06,New
Cust01028,Harper Wilson,Harper.Wilson1028@Gmail.Com,7761336752.0,Lucknow,Uttar Pradesh,2022-09-24,New
Cust01029,Isabella Singh,Isabella.Singh1029@Yahoo.Com,7634409591.0,Chennai,Tamil Nadu,2023-05-14,Vip
Cust01030,Noah Davis,Noah.Davis1030@Yahoo.Com,6664637437.0,Patna,Bihar,2021-10-11,New
Cust01031,Amelia Verma,Amelia.Verma1031@Mail.Com,8849372868.0,Agra,Uttar Pradesh,2023-07-12,Vip
Cust01032,Pari Williams,Pari.Williams1032@Gmail.Com,6837336933.0,Jaipur,Rajasthan,2024-08-19,Vip
Cust01033,Abigail Jones,Abigail.Jones1033@Yahoo.Com,9683045299.0,Ahmedabad,Gujarat,2023-10-17,Regular
Cust01034,Michael Smith,Michael.Smith1034@Mail.Com,7454918890.0,Vadodara,Gujarat,2023-09-09,New
Cust01035,Ananya Nair,,9514909754.0,Lucknow,Uttar Pradesh,2024-05-17,Vip
Cust01036,Michael Patel,Michael.Patel1036@Mail.Com,9265255578.0,Jaipur,Rajasthan,2023-02-24,New
Cust01037,Riya Sharma,Riya.Sharma1037@Yahoo.Com,8668314010.0,Ludhiana,Punjab,2023-11-04,Regular
Cust01038,,Aditya.Patel1038_At_Mail.Com,8148943157.0,Surat,Gujarat,2022-12-15,Premium
Cust01039,Aditya Smith,Aditya.Smith1039@Gmail.Com,8132638306.0,Jaipur,Rajasthan,2021-11-03,Premium
Cust01040,Arjun Anderson,Arjun.Anderson1040@Mail.Com,6244879413.0,Lucknow,Uttar Pradesh,2022-04-24,Regular
Cust01041,Amelia Sharma,Amelia.Sharma1041@Outlook.Com,8480037473.0,Nagpur,Maharashtra,2024-03-18,New
Cust01042,Charlotte Iyer,Charlotte.Iyer1042@Outlook.Com,9250705917.0,Indore,Madhya Pradesh,2021-06-17,Premium
Cust01043,Aditya Iyer,Aditya.Iyer1043@Gmail.Com,8456614938.0,Nashik,Maharashtra,2021-07-20,Vip
Cust01044,Henry Jones,Henry.Jones1044@Mail.Com,6489311064.0,Hyderabad,Telangana,2023-03-09,Regular
Cust01045,Amelia Singh,Amelia.Singh1045_At_Yahoo.Com,8751088958.0,Vadodara,Gujarat,2023-09-04,Premium
Cust01046,Saanvi Iyer,Saanvi.Iyer1046@Yahoo.Com,9891163757.0,Ludhiana,Punjab,2023-07-26,Premium
Cust01047,Liam Rao,Liam.Rao1047@Yahoo.Com,,Nagpur,Maharashtra,2022-06-22,Regular
Cust01048,Reyansh Davis,Reyansh.Davis1048@Gmail.Com,7936379822.0,Nagpur,Maharashtra,2023-06-25,New
Cust01049,Vivaan Brown,Vivaan.Brown1049@Yahoo.Com,8336291485.0,Hyderabad,Telangana,2023-12-24,Regular
Cust01050,Aadhya Miller,Aadhya.Miller1050@Gmail.Com,6439687249.0,Ludhiana,Punjab,2024-12-21,Premium
Cust01051,Mia Jones,Mia.Jones1051@Outlook.Com,6551743874.0,Lucknow,Uttar Pradesh,2022-08-03,Regular
Cust01052,Aditya Jones,Aditya.Jones1052@Yahoo.Com,9444032888.0,Delhi,Delhi,2024-07-31,Regular
Cust01053,William Singh,William.Singh1053@Mail.Com,7691088471.0,Indore,Madhya Pradesh,2022-08-09,Regular
Cust01054,Sophia Patel,Sophia.Patel1054@Yahoo.Com,9293710228.0,Nashik,Maharashtra,2021-08-11,Premium
Cust01055,Lucas Gupta,Lucas.Gupta1055@Yahoo.Com,6804013071.0,Hyderabad,Telangana,,Premium
Cust01056,Sophia Williams,Sophia.Williams1056@Gmail.Com,8335628419.0,Ahmedabad,Gujarat,2024-10-04,Regular
Cust01057,Noah Brown,Noah.Brown1057@Outlook.Com,9360500943.0,Delhi,Delhi,2023-10-24,Vip
Cust01058,Aadhya Reddy,Aadhya.Reddy1058@Outlook.Com,6574872187.0,Hyderabad,Telangana,2022-05-30,Premium
Cust01059,Aditya Smith,Aditya.Smith1059@Mail.Com,8791175622.0,Patna,Bihar,2024-12-01,Regular
Cust01060,Pari Nair,Pari.Nair1060@Gmail.Com,8212389230.0,Surat,Gujarat,2021-10-23,New
Cust01061,Ishaan Kumar,Ishaan.Kumar1061@Yahoo.Com,9313086324.0,Bhopal,Madhya Pradesh,2022-02-03,New
Cust01062,Aditya Wilson,Aditya.Wilson1062@Mail.Com,6677379805.0,Ahmedabad,Gujarat,2022-10-03,Premium
Cust01063,Isabella Davis,Isabella.Davis1063@Outlook.Com,7126564074.0,Pune,Maharashtra,2023-10-29,Premium
Cust01064,Myra Kumar,Myra.Kumar1064@Outlook.Com,8227802344.0,Patna,Bihar,2023-07-04,Vip
Cust01065,Benjamin Iyer,Benjamin.Iyer1065@Gmail.Com,,Agra,Uttar Pradesh,2021-12-13,New
Cust01066,Saanvi Iyer,Saanvi.Iyer1066@Yahoo.Com,7174058729.0,Jaipur,Rajasthan,2024-06-19,Premium
Cust01067,Myra Rao,Myra.Rao1067@Outlook.Com,7517445276.0,Hyderabad,Telangana,2023-05-23,Premium
Cust01068,Charlotte Nair,Charlotte.Nair1068@Gmail.Com,7114096002.0,Chennai,Tamil Nadu,2021-11-19,Regular
Cust01069,Riya Gupta,Riya.Gupta1069@Yahoo.Com,7816879784.0,Delhi,Delhi,2024-06-10,New
Cust01070,Riya Sharma,Riya.Sharma1070@Yahoo.Com,8675541228.0,Pune,Maharashtra,2022-08-01,Regular
Cust01071,Vivaan Wilson,Vivaan.Wilson1071@Mail.Com,8546264411.0,Bhopal,Madhya Pradesh,2022-02-22,Regular
Cust01072,Arjun Sharma,Arjun.Sharma1072@Yahoo.Com,8398376580.0,Delhi,Delhi,2022-03-17,Premium
Cust01073,Evelyn Garcia,Evelyn.Garcia1073@Gmail.Com,6554597289.0,Indore,Madhya Pradesh,2024-10-03,New
Cust01074,Abigail Patel,Abigail.Patel1074@Outlook.Com,6229168599.0,Mumbai,Maharashtra,2024-11-29,Premium
Cust01075,Ira Williams,Ira.Williams1075@Outlook.Com,6973549236.0,Ludhiana,Punjab,2023-08-09,Premium
Cust01076,Evelyn Johnson,Evelyn.Johnson1076@Mail.Com,7725613347.0,Chennai,Tamil Nadu,2024-03-06,Premium
Cust01077,Ira Anderson,Ira.Anderson1077@Gmail.Com,7102663028.0,Lucknow,Uttar Pradesh,2023-05-19,Regular
Cust01078,Anaya Garcia,Anaya.Garcia1078@Mail.Com,,Patna,Bihar,2022-10-21,Premium
Cust01079,Reyansh Johnson,Reyansh.Johnson1079@Mail.Com,8483968051.0,Jaipur,Rajasthan,2024-10-01,Vip
Cust01080,Rohan Sharma,Rohan.Sharma1080_At_Outlook.Com,8573318556.0,Indore,Madhya Pradesh,2023-11-02,Regular
Cust01081,Noah Verma,Noah.Verma1081@Gmail.Com,6361143429.0,Kolkata,West Bengal,2024-09-19,Regular
Cust01082,Liam Garcia,Liam.Garcia1082@Mail.Com,9621715301.0,Bengaluru,Karnataka,2024-12-07,Vip
Cust01083,John Brown,John.Brown1083@Outlook.Com,9536525602.0,Mumbai,Maharashtra,2022-04-03,Vip
Cust01084,Arjun Johnson,Arjun.Johnson1084@Outlook.Com,,Chennai,Tamil Nadu,2022-07-19,Regular
Cust01085,Emma Sharma,Emma.Sharma1085@Outlook.Com,7895535798.0,Surat,Gujarat,2022-04-25,Regular
Cust01086,Anaya Smith,Anaya.Smith1086_At_Yahoo.Com,6555712014.0,Kolkata,West Bengal,2024-05-13,Premium
Cust01087,John Iyer,John.Iyer1087@Yahoo.Com,7505638961.0,Mumbai,Maharashtra,2021-12-27,Premium
Cust01088,Myra Nair,Myra.Nair1088@Outlook.Com,8344625145.0,Kanpur,Uttar Pradesh,2022-06-21,Regular
Cust01089,Alexander Nair,Alexander.Nair1089@Outlook.Com,7457831517.0,Surat,Gujarat,2022-06-30,Regular
Cust01090,Isabella Sharma,Isabella.Sharma1090@Yahoo.Com,6307582943.0,Delhi,Delhi,2024-09-21,New
Cust01091,Kiara Nair,Kiara.Nair1091@Outlook.Com,8482479056.0,Bengaluru,Karnataka,2023-01-05,Premium
Cust01092,Emma Wilson,Emma.Wilson1092@Gmail.Com,6269335584.0,Pune,Maharashtra,2024-04-26,Regular
Cust01093,Liam Johnson,Liam.Johnson1093@Yahoo.Com,7270997635.0,Bhopal,Madhya Pradesh,2022-12-21,Vip
Cust01094,Harper Wilson,Harper.Wilson1094@Mail.Com,7903091954.0,Surat,Gujarat,2022-08-03,Premium
Cust01095,Ishaan Smith,Ishaan.Smith1095@Mail.Com,6311007145.0,Ludhiana,Punjab,2022-09-17,New
Cust01096,Emma Davis,Emma.Davis1096@Mail.Com,6942664268.0,Ludhiana,Punjab,2022-04-12,New
Cust01097,Lucas Patel,Lucas.Patel1097@Mail.Com,9208991359.0,Vadodara,Gujarat,2022-07-22,Premium
Cust01098,Myra Miller,Myra.Miller1098@Yahoo.Com,8932166594.0,Mumbai,Maharashtra,2021-12-27,New
Cust01099,Vivaan Garcia,Vivaan.Garcia1099@Yahoo.Com,8226513239.0,Hyderabad,Telangana,2023-01-20,Vip
Cust01100,Benjamin Williams,Benjamin.Williams1100@Yahoo.Com,8903873197.0,Chennai,Tamil Nadu,2023-08-19,Premium
Cust01101,Diya Anderson,Diya.Anderson1101@Gmail.Com,7112184992.0,Agra,Uttar Pradesh,2022-12-04,Regular
Cust01102,James Williams,James.Williams1102@Outlook.Com,6584792101.0,Mumbai,Maharashtra,2023-10-06,Premium
Cust01103,Kabir Verma,Kabir.Verma1103@Gmail.Com,7943174275.0,Mumbai,Maharashtra,2022-02-02,Vip
Cust01104,Evelyn Verma,Evelyn.Verma1104@Gmail.Com,7331331418.0,Indore,Madhya Pradesh,2024-02-27,Premium
Cust01105,Ishaan Rao,Ishaan.Rao1105@Gmail.Com,7195145232.0,Bengaluru,Karnataka,2023-11-21,Vip
Cust01106,Reyansh Gupta,Reyansh.Gupta1106_At_Mail.Com,,Surat,Gujarat,2022-11-05,Regular
Cust01107,Kabir Williams,Kabir.Williams1107@Gmail.Com,9364621313.0,Hyderabad,Telangana,2022-07-30,New
Cust01108,,Anaya.Kumar1108@Gmail.Com,6165909932.0,Agra,Uttar Pradesh,2021-12-28,Vip
Cust01109,Lucas Williams,Lucas.Williams1109@Gmail.Com,9853648746.0,Patna,Bihar,2022-02-07,Premium
Cust01110,Ira Sharma,Ira.Sharma1110@Yahoo.Com,9273486582.0,Vadodara,Gujarat,2024-07-26,Premium
Cust01111,Mia Rao,Mia.Rao1111@Outlook.Com,9929580506.0,Kolkata,West Bengal,2023-11-25,Vip
Cust01112,Isabella Reddy,Isabella.Reddy1112@Gmail.Com,9140275218.0,Patna,Bihar,2023-02-22,Regular
Cust01113,Henry Rao,Henry.Rao1113@Yahoo.Com,7404898529.0,Bengaluru,Karnataka,2022-10-14,Regular
Cust01114,Isabella Singh,Isabella.Singh1114@Mail.Com,7461996126.0,Lucknow,Uttar Pradesh,,Premium
Cust01115,Olivia Rao,Olivia.Rao1115@Mail.Com,6726796234.0,Nashik,Maharashtra,2023-01-01,Regular
Cust01116,Riya Davis,Riya.Davis1116@Yahoo.Com,9734417214.0,Lucknow,Uttar Pradesh,2023-11-18,Vip
Cust01117,Olivia Davis,Olivia.Davis1117@Outlook.Com,8581309963.0,Bengaluru,Karnataka,2024-01-04,Premium
Cust01118,Olivia Sharma,,,Surat,Gujarat,2022-12-29,Regular
Cust01119,James Singh,James.Singh1119@Outlook.Com,6935402644.0,Mumbai,Maharashtra,2021-06-22,Premium
Cust01120,Pari Gupta,Pari.Gupta1120@Mail.Com,6537704234.0,Vadodara,Gujarat,2022-01-28,Regular
Cust01121,Aryan Garcia,Aryan.Garcia1121@Yahoo.Com,7114142209.0,Patna,Bihar,2023-04-15,Premium
Cust01122,Ira Verma,Ira.Verma1122@Gmail.Com,7585729796.0,Hyderabad,Telangana,2022-09-25,New
Cust01123,Michael Sharma,Michael.Sharma1123@Outlook.Com,6256357107.0,Vadodara,Gujarat,2024-09-10,Premium
Cust01124,Olivia Miller,Olivia.Miller1124@Gmail.Com,8131364696.0,Ludhiana,Punjab,2021-07-20,Regular
Cust01125,Emma Iyer,Emma.Iyer1125@Outlook.Com,8944651846.0,Hyderabad,Telangana,2022-04-12,New
Cust01126,Rohan Garcia,Rohan.Garcia1126@Gmail.Com,8124237378.0,Kanpur,Uttar Pradesh,2024-03-30,Regular
Cust01127,Mia Garcia,Mia.Garcia1127@Gmail.Com,6369059310.0,Pune,Maharashtra,2023-09-17,Regular
Cust01128,Michael Miller,Michael.Miller1128@Outlook.Com,9684900730.0,Chennai,Tamil Nadu,2024-06-09,Premium
Cust01129,Vihaan Rao,Vihaan.Rao1129@Outlook.Com,6115862045.0,Delhi,Delhi,2023-08-19,New
Cust01130,Olivia Jones,Olivia.Jones1130@Gmail.Com,6544931228.0,Pune,Maharashtra,2023-10-19,Premium
Cust01131,Michael Iyer,Michael.Iyer1131@Gmail.Com,6761387608.0,Nashik,Maharashtra,2023-07-09,New
Cust01132,Ananya Smith,Ananya.Smith1132@Gmail.Com,8898806620.0,Jaipur,Rajasthan,2022-06-06,Premium
Cust01133,Mia Kumar,Mia.Kumar1133@Outlook.Com,8527693141.0,Lucknow,Uttar Pradesh,2024-06-13,New
Cust01134,William Singh,William.Singh1134@Mail.Com,8398017489.0,Bhopal,Madhya Pradesh,2021-10-18,Premium
Cust01135,Emma Anderson,Emma.Anderson1135@Outlook.Com,9445915066.0,Ahmedabad,Gujarat,2024-05-25,Vip
Cust01136,Sophia Singh,Sophia.Singh1136@Gmail.Com,7268549881.0,Ahmedabad,Gujarat,2021-08-08,New
Cust01137,Michael Iyer,Michael.Iyer1137@Yahoo.Com,8609854554.0,Mumbai,Maharashtra,2023-09-04,Premium
Cust01138,Kabir Iyer,Kabir.Iyer1138@Yahoo.Com,7108149630.0,Delhi,Delhi,2023-10-19,Regular
Cust01139,Kiara Reddy,Kiara.Reddy1139@Outlook.Com,6191002437.0,Mumbai,Maharashtra,2021-10-12,Premium
Cust01140,Ishaan Williams,Ishaan.Williams1140@Yahoo.Com,7851634174.0,Vadodara,Gujarat,2023-07-09,New
Cust01141,Abigail Kumar,Abigail.Kumar1141_At_Yahoo.Com,7880563393.0,Kolkata,West Bengal,2022-03-21,Premium
Cust01142,Mia Garcia,Mia.Garcia1142@Gmail.Com,6888037262.0,Pune,Maharashtra,2023-12-11,Regular
Cust01143,Michael Reddy,Michael.Reddy1143@Gmail.Com,6559462927.0,Indore,Madhya Pradesh,2023-05-12,Regular
Cust01144,James Patel,James.Patel1144@Yahoo.Com,9981935980.0,Lucknow,Uttar Pradesh,2024-02-16,Regular
Cust01145,Aryan Kumar,Aryan.Kumar1145@Yahoo.Com,6772230652.0,Bhopal,Madhya Pradesh,2021-03-08,Vip
Cust01146,Kiara Kumar,Kiara.Kumar1146@Yahoo.Com,7728969739.0,Ahmedabad,Gujarat,2023-07-30,Premium
Cust01147,Aadhya Miller,Aadhya.Miller1147@Gmail.Com,,Mumbai,Maharashtra,2022-10-29,Vip
Cust01148,Lucas Wilson,Lucas.Wilson1148@Yahoo.Com,9322456840.0,Indore,Madhya Pradesh,2023-05-21,Regular
Cust01149,Myra Kumar,Myra.Kumar1149@Mail.Com,7210897670.0,Ludhiana,Punjab,2022-08-02,Premium
Cust01150,Emma Reddy,Emma.Reddy1150@Yahoo.Com,7816506780.0,Nagpur,Maharashtra,2023-06-08,Premium
Cust01151,Aadhya Johnson,Aadhya.Johnson1151@Gmail.Com,7439219391.0,Pune,Maharashtra,2022-06-11,Vip
Cust01152,William Anderson,William.Anderson1152@Mail.Com,6649014160.0,Indore,Madhya Pradesh,2022-05-08,Premium
Cust01153,Kabir Sharma,Kabir.Sharma1153@Outlook.Com,9543751428.0,Agra,Uttar Pradesh,2023-10-20,New
Cust01154,Vihaan Brown,Vihaan.Brown1154@Yahoo.Com,6292546728.0,Pune,Maharashtra,2023-03-31,Premium
Cust01155,Pari Kumar,Pari.Kumar1155@Gmail.Com,6940289501.0,Mumbai,Maharashtra,2022-01-07,Premium
Cust01156,Aarav Rao,Aarav.Rao1156@Outlook.Com,6247038561.0,Vadodara,Gujarat,2023-02-01,Premium
Cust01157,Abigail Davis,Abigail.Davis1157@Yahoo.Com,8931260068.0,Bhopal,Madhya Pradesh,2022-04-30,Premium
Cust01158,Arjun Williams,Arjun.Williams1158@Mail.Com,9524583449.0,Pune,Maharashtra,2022-03-29,Regular
Cust01159,Aryan Sharma,Aryan.Sharma1159@Gmail.Com,7640499929.0,Ahmedabad,Gujarat,2023-08-18,New
Cust01160,Myra Brown,Myra.Brown1160@Mail.Com,8842318351.0,Nagpur,Maharashtra,2024-04-01,Premium
Cust01161,Emma Nair,Emma.Nair1161@Outlook.Com,8125798620.0,Kanpur,Uttar Pradesh,2023-10-21,New
Cust01162,Aryan Nair,Aryan.Nair1162@Outlook.Com,,Mumbai,Maharashtra,2021-11-20,Regular
Cust01163,Amelia Verma,Amelia.Verma1163@Gmail.Com,9406919711.0,Bengaluru,Karnataka,2021-10-18,New
Cust01164,Noah Smith,Noah.Smith1164@Gmail.Com,8660966411.0,Hyderabad,Telangana,2022-12-29,Regular
Cust01165,Noah Verma,Noah.Verma1165@Yahoo.Com,9533057132.0,Lucknow,Uttar Pradesh,2023-05-08,New
Cust01166,Aditya Patel,Aditya.Patel1166@Gmail.Com,9534649019.0,Vadodara,Gujarat,2024-08-02,Premium
Cust01167,Ishaan Johnson,Ishaan.Johnson1167@Mail.Com,6221142507.0,Agra,Uttar Pradesh,2024-02-02,Vip
Cust01168,Diya Singh,Diya.Singh1168@Mail.Com,7130154837.0,Ludhiana,Punjab,2022-08-13,New
Cust01169,Michael Brown,Michael.Brown1169@Outlook.Com,7365121603.0,Pune,Maharashtra,2022-11-03,Regular
Cust01170,Saanvi Williams,Saanvi.Williams1170@Mail.Com,6459865737.0,Bengaluru,Karnataka,2023-04-22,Regular
Cust01171,Alexander Reddy,Alexander.Reddy1171@Gmail.Com,9262806001.0,Lucknow,Uttar Pradesh,2022-07-08,Premium
Cust01172,Isabella Wilson,Isabella.Wilson1172@Yahoo.Com,7970811194.0,Delhi,Delhi,2022-05-18,New
Cust01173,Kiara Sharma,Kiara.Sharma1173@Mail.Com,9674635345.0,Patna,Bihar,2022-02-26,Premium
Cust01174,Saanvi Miller,Saanvi.Miller1174@Mail.Com,9229783792.0,Vadodara,Gujarat,2023-04-02,Premium
Cust01175,William Reddy,William.Reddy1175@Gmail.Com,6189060646.0,Delhi,Delhi,2022-03-31,Premium
Cust01176,Charlotte Reddy,Charlotte.Reddy1176@Gmail.Com,6604283985.0,Nashik,Maharashtra,2023-06-11,Regular
Cust01177,Olivia Anderson,Olivia.Anderson1177@Mail.Com,6536711889.0,Nashik,Maharashtra,2024-11-14,Premium
Cust01178,Pari Sharma,Pari.Sharma1178@Gmail.Com,8984892178.0,Ahmedabad,Gujarat,2023-01-08,Premium
Cust01179,Ananya Kumar,Ananya.Kumar1179@Gmail.Com,8769764671.0,Bhopal,Madhya Pradesh,2021-07-28,New
Cust01180,Kabir Smith,Kabir.Smith1180@Mail.Com,,Hyderabad,Telangana,2021-09-12,Regular
Cust01181,Vivaan Davis,Vivaan.Davis1181@Gmail.Com,8818789234.0,Bhopal,Madhya Pradesh,2023-05-04,Regular
Cust01182,Riya Davis,Riya.Davis1182@Yahoo.Com,8215746097.0,Nagpur,Maharashtra,2024-02-06,Regular
Cust01183,Noah Brown,Noah.Brown1183@Mail.Com,8972214492.0,Kolkata,West Bengal,2021-12-19,Vip
Cust01184,Aryan Davis,Aryan.Davis1184@Yahoo.Com,7735917832.0,Patna,Bihar,2022-03-05,New
Cust01185,Aryan Sharma,Aryan.Sharma1185@Mail.Com,,Bengaluru,Karnataka,2024-10-03,Regular
Cust01186,Charlotte Gupta,Charlotte.Gupta1186@Mail.Com,9792525544.0,Kolkata,West Bengal,2022-10-08,New
Cust01187,Diya Sharma,Diya.Sharma1187@Gmail.Com,9732791389.0,Nashik,Maharashtra,2024-10-02,Premium
Cust01188,Ira Garcia,Ira.Garcia1188@Gmail.Com,8460693834.0,Jaipur,Rajasthan,2021-10-25,New
Cust01189,Vihaan Anderson,Vihaan.Anderson1189@Yahoo.Com,8780062139.0,Indore,Madhya Pradesh,2021-12-13,Premium
Cust01190,Vivaan Davis,Vivaan.Davis1190@Gmail.Com,6658252128.0,Agra,Uttar Pradesh,2023-02-25,Vip
Cust01191,Michael Iyer,Michael.Iyer1191@Gmail.Com,9139015343.0,Ludhiana,Punjab,2022-08-23,Premium
Cust01192,Diya Anderson,Diya.Anderson1192@Mail.Com,8201645222.0,Hyderabad,Telangana,2023-08-03,Premium
Cust01193,Michael Sharma,Michael.Sharma1193@Gmail.Com,6840966807.0,Vadodara,Gujarat,2024-03-25,Vip
Cust01194,Myra Brown,Myra.Brown1194@Yahoo.Com,7126386985.0,Nagpur,Maharashtra,2022-05-11,Vip
Cust01195,Isabella Brown,Isabella.Brown1195@Mail.Com,9711899667.0,Kolkata,West Bengal,2023-12-18,Premium
Cust01196,Harper Anderson,Harper.Anderson1196@Gmail.Com,8968038114.0,Ludhiana,Punjab,2022-01-18,Premium
Cust01197,Isabella Smith,,8698121114.0,Ludhiana,Punjab,2021-08-04,New
Cust01198,Riya Gupta,Riya.Gupta1198@Mail.Com,6453971277.0,Agra,Uttar Pradesh,2022-07-05,Regular
Cust01199,Michael Williams,Michael.Williams1199@Outlook.Com,6186198710.0,Surat,Gujarat,2024-05-26,Vip
Cust01200,Aarav Anderson,Aarav.Anderson1200@Yahoo.Com,8661409134.0,Ludhiana,Punjab,2024-03-17,New
Cust01201,Vivaan Kumar,Vivaan.Kumar1201_At_Yahoo.Com,8464959908.0,Bengaluru,Karnataka,2024-04-18,Vip
Cust01202,Vivaan Williams,Vivaan.Williams1202@Outlook.Com,8302972197.0,Kolkata,West Bengal,,Premium
Cust01203,Charlotte Reddy,Charlotte.Reddy1203@Gmail.Com,8513277550.0,Indore,Madhya Pradesh,2022-03-26,New
Cust01204,Riya Sharma,Riya.Sharma1204@Outlook.Com,9966251541.0,Jaipur,Rajasthan,2023-03-01,Vip
Cust01205,Charlotte Nair,Charlotte.Nair1205@Gmail.Com,6947167085.0,Surat,Gujarat,2022-11-15,New
Cust01206,Isabella Garcia,Isabella.Garcia1206@Mail.Com,8815388098.0,Jaipur,Rajasthan,2024-04-17,Premium
Cust01207,Michael Garcia,Michael.Garcia1207@Mail.Com,6331750332.0,Nagpur,Maharashtra,2023-02-18,Regular
Cust01208,Liam Johnson,Liam.Johnson1208_At_Mail.Com,7361674305.0,Indore,Madhya Pradesh,2024-11-15,Regular
Cust01209,Isabella Anderson,Isabella.Anderson1209@Outlook.Com,9919435702.0,Surat,Gujarat,2023-03-30,Regular
Cust01210,Pari Williams,Pari.Williams1210@Mail.Com,9591650963.0,Chennai,Tamil Nadu,2024-01-11,Premium
Cust01211,Charlotte Kumar,Charlotte.Kumar1211@Outlook.Com,7816136735.0,Mumbai,Maharashtra,2022-10-22,Regular
Cust01212,Michael Gupta,Michael.Gupta1212@Outlook.Com,9422012349.0,Mumbai,Maharashtra,2022-06-28,Regular
Cust01213,Rohan Jones,Rohan.Jones1213@Outlook.Com,8985154285.0,Patna,Bihar,2024-12-06,New
Cust01214,Kabir Kumar,Kabir.Kumar1214@Yahoo.Com,7279175108.0,Chennai,Tamil Nadu,2024-01-14,New
Cust01215,Ananya Johnson,Ananya.Johnson1215@Gmail.Com,6339921653.0,Ludhiana,Punjab,2023-06-01,New
Cust01216,Isabella Verma,Isabella.Verma1216@Gmail.Com,9611784511.0,Surat,Gujarat,2023-05-20,New
Cust01217,Aditya Brown,Aditya.Brown1217@Yahoo.Com,9546390055.0,Pune,Maharashtra,2023-12-07,New
Cust01218,John Miller,John.Miller1218@Outlook.Com,8917171804.0,Hyderabad,Telangana,2022-06-05,Vip
Cust01219,Benjamin Williams,Benjamin.Williams1219_At_Yahoo.Com,9555155329.0,Bengaluru,Karnataka,2024-11-01,Vip
Cust01220,Alexander Smith,Alexander.Smith1220@Gmail.Com,9433681017.0,Lucknow,Uttar Pradesh,2024-11-26,Regular
Cust01221,James Jones,James.Jones1221@Yahoo.Com,8916676253.0,Pune,Maharashtra,2024-06-06,Regular
Cust03071,Aryan Patel,,9128890699.0,Indore,Madhya Pradesh,2022-12-24,Vip
Cust01222,Reyansh Rao,Reyansh.Rao1222@Yahoo.Com,8530289001.0,Delhi,Delhi,2022-04-07,Regular
Cust01223,Rohan Miller,Rohan.Miller1223@Outlook.Com,6298433240.0,Bengaluru,Karnataka,2022-01-26,Premium
Cust01224,Anaya Reddy,Anaya.Reddy1224@Gmail.Com,7367073513.0,Nashik,Maharashtra,2023-07-17,Premium
Cust01225,Saanvi Wilson,Saanvi.Wilson1225@Mail.Com,,Ahmedabad,Gujarat,2024-09-24,Regular
Cust01226,Emma Patel,Emma.Patel1226@Mail.Com,9558875079.0,Nashik,Maharashtra,2021-12-02,Premium
Cust01227,Aryan Singh,Aryan.Singh1227@Gmail.Com,9944869714.0,Kolkata,West Bengal,2024-01-14,Vip
Cust01228,Henry Davis,Henry.Davis1228@Mail.Com,7471790720.0,Nashik,Maharashtra,2021-11-27,New
Cust01229,Aarav Singh,Aarav.Singh1229@Gmail.Com,8701790761.0,Nashik,Maharashtra,2021-08-24,Premium
Cust01230,Saanvi Anderson,Saanvi.Anderson1230@Outlook.Com,6150713791.0,Delhi,Delhi,2022-12-24,Regular
Cust01231,Mia Johnson,Mia.Johnson1231@Outlook.Com,8357798550.0,Ludhiana,Punjab,2024-04-14,Regular
Cust01232,Benjamin Singh,Benjamin.Singh1232@Gmail.Com,9361654107.0,Nagpur,Maharashtra,2021-10-16,Regular
Cust01233,Lucas Garcia,Lucas.Garcia1233@Yahoo.Com,9927799366.0,Kolkata,West Bengal,2021-11-19,Premium
Cust01234,James Sharma,James.Sharma1234@Yahoo.Com,9796335345.0,Patna,Bihar,2022-10-30,Premium
Cust01235,Ira Miller,Ira.Miller1235@Mail.Com,9479662428.0,Jaipur,Rajasthan,2022-05-01,Regular
Cust01236,Kiara Nair,,7211883427.0,Bhopal,Madhya Pradesh,2021-06-28,Regular
Cust01237,Abigail Nair,Abigail.Nair1237@Outlook.Com,6750159178.0,Nashik,Maharashtra,2023-09-02,New
Cust01238,Isabella Miller,Isabella.Miller1238@Gmail.Com,9838840227.0,Vadodara,Gujarat,2024-04-04,Vip
Cust01239,Sophia Gupta,Sophia.Gupta1239@Yahoo.Com,6933611596.0,Pune,Maharashtra,2021-08-05,New
Cust01240,Amelia Miller,Amelia.Miller1240@Outlook.Com,8333448013.0,Surat,Gujarat,2023-03-08,Regular
Cust01241,Isabella Reddy,Isabella.Reddy1241_At_Yahoo.Com,9176899644.0,Indore,Madhya Pradesh,2021-12-30,Premium
Cust01242,Riya Davis,Riya.Davis1242@Yahoo.Com,6322488904.0,Indore,Madhya Pradesh,2022-12-03,Vip
Cust01243,Henry Williams,Henry.Williams1243@Mail.Com,,Ludhiana,Punjab,2022-09-08,Vip
Cust01244,Aadhya Patel,Aadhya.Patel1244@Outlook.Com,8936943479.0,Nashik,Maharashtra,2022-02-02,Premium
Cust01245,Alexander Iyer,Alexander.Iyer1245@Outlook.Com,9504929915.0,Ahmedabad,Gujarat,2024-09-12,Regular
Cust01246,Pari Miller,,9579264693.0,Nagpur,Maharashtra,2021-10-02,Vip
Cust01247,Amelia Nair,Amelia.Nair1247@Mail.Com,6770317828.0,Lucknow,Uttar Pradesh,2022-05-11,Premium
Cust01248,James Smith,James.Smith1248@Mail.Com,9110107303.0,Patna,Bihar,2022-08-21,Premium
Cust01249,Kiara Gupta,Kiara.Gupta1249@Mail.Com,6493551454.0,Bhopal,Madhya Pradesh,2022-06-14,Premium
Cust01250,Alexander Brown,Alexander.Brown1250@Yahoo.Com,9195219382.0,Kolkata,West Bengal,2024-05-26,Premium
Cust01251,Amelia Singh,Amelia.Singh1251@Gmail.Com,9636431847.0,Patna,Bihar,2023-05-28,Premium
Cust01252,Diya Brown,Diya.Brown1252@Gmail.Com,6759191828.0,Lucknow,Uttar Pradesh,2022-12-15,Regular
Cust01253,Vihaan Iyer,Vihaan.Iyer1253@Mail.Com,7498971883.0,Lucknow,Uttar Pradesh,2024-04-11,Premium
Cust01254,Evelyn Garcia,Evelyn.Garcia1254@Gmail.Com,8748278756.0,Ahmedabad,Gujarat,2023-04-05,New
Cust01255,Ananya Smith,Ananya.Smith1255@Gmail.Com,7993429894.0,Indore,Madhya Pradesh,2022-06-17,Regular
Cust01256,Aditya Gupta,Aditya.Gupta1256@Mail.Com,7377248732.0,Kolkata,West Bengal,2024-07-25,New
Cust01257,Vihaan Anderson,Vihaan.Anderson1257_At_Yahoo.Com,6741899836.0,Lucknow,Uttar Pradesh,2024-12-09,Regular
Cust01258,Evelyn Garcia,Evelyn.Garcia1258@Mail.Com,9703875995.0,Nashik,Maharashtra,2024-11-05,Premium
Cust01259,Diya Smith,Diya.Smith1259@Gmail.Com,9321401007.0,Nashik,Maharashtra,2024-03-02,Premium
Cust01260,Kabir Miller,Kabir.Miller1260@Yahoo.Com,8428167622.0,Chennai,Tamil Nadu,2022-05-30,Premium
Cust01261,Aadhya Verma,Aadhya.Verma1261@Mail.Com,8565874575.0,Mumbai,Maharashtra,2021-12-24,Regular
Cust01262,Riya Garcia,Riya.Garcia1262@Outlook.Com,9268944599.0,Pune,Maharashtra,2023-08-07,Regular
Cust01263,Reyansh Gupta,Reyansh.Gupta1263@Mail.Com,,Agra,Uttar Pradesh,2023-01-19,Regular
Cust01264,Arjun Reddy,Arjun.Reddy1264@Mail.Com,8422210519.0,Bengaluru,Karnataka,2024-12-13,Regular
Cust01265,Arjun Sharma,Arjun.Sharma1265@Yahoo.Com,7294603463.0,Agra,Uttar Pradesh,2022-09-06,Regular
Cust01266,William Brown,William.Brown1266@Mail.Com,7350963145.0,Nagpur,Maharashtra,2021-12-23,Regular
Cust01267,Diya Anderson,Diya.Anderson1267@Gmail.Com,7236168242.0,Ahmedabad,Gujarat,2023-02-07,Regular
Cust01268,Pari Brown,Pari.Brown1268@Yahoo.Com,8355690120.0,Patna,Bihar,2023-07-14,Regular
Cust01269,Abigail Nair,Abigail.Nair1269@Gmail.Com,7971808980.0,Surat,Gujarat,2022-11-07,Premium
Cust01270,Harper Smith,Harper.Smith1270@Outlook.Com,7981748727.0,Agra,Uttar Pradesh,2023-05-27,Premium
Cust01271,Amelia Anderson,Amelia.Anderson1271@Outlook.Com,6778127307.0,Pune,Maharashtra,2024-08-23,Vip
Cust01272,Myra Smith,Myra.Smith1272@Gmail.Com,7148105326.0,Hyderabad,Telangana,2024-07-14,Regular
Cust01273,Emma Nair,Emma.Nair1273@Yahoo.Com,8395033851.0,Nashik,Maharashtra,2023-09-16,Premium
Cust01274,Lucas Anderson,Lucas.Anderson1274@Outlook.Com,9591318575.0,Mumbai,Maharashtra,2023-11-19,Regular
Cust01275,Reyansh Patel,Reyansh.Patel1275@Gmail.Com,7954824896.0,Bhopal,Madhya Pradesh,2022-11-01,New
Cust01276,John Sharma,John.Sharma1276@Outlook.Com,6121477842.0,Nagpur,Maharashtra,2024-03-17,Premium
Cust01277,Myra Rao,Myra.Rao1277@Yahoo.Com,6717920888.0,Mumbai,Maharashtra,2023-01-05,New
Cust01278,James Wilson,James.Wilson1278@Yahoo.Com,8985648037.0,Jaipur,Rajasthan,2022-06-14,Regular
Cust01279,Saanvi Smith,Saanvi.Smith1279@Mail.Com,8454805543.0,Pune,Maharashtra,2024-06-22,New
Cust01280,William Rao,William.Rao1280@Gmail.Com,8655448583.0,Agra,Uttar Pradesh,2022-10-28,Premium
Cust01281,Diya Smith,Diya.Smith1281@Outlook.Com,9123338491.0,Ahmedabad,Gujarat,2023-12-01,Regular
Cust01282,Abigail Reddy,Abigail.Reddy1282@Gmail.Com,7258301477.0,Patna,Bihar,2024-01-12,New
Cust01283,William Smith,William.Smith1283@Mail.Com,6331533041.0,Surat,Gujarat,2022-08-21,Premium
Cust01284,Kiara Iyer,Kiara.Iyer1284@Gmail.Com,8310642659.0,Bhopal,Madhya Pradesh,2023-10-26,Regular
Cust01285,Aadhya Gupta,Aadhya.Gupta1285@Mail.Com,6595586415.0,Chennai,Tamil Nadu,2023-09-10,Premium
Cust01286,Aditya Davis,Aditya.Davis1286@Mail.Com,6930413941.0,Nashik,Maharashtra,2022-12-25,Premium
Cust01287,Emma Kumar,Emma.Kumar1287@Outlook.Com,6945261899.0,Mumbai,Maharashtra,2022-10-19,Vip
Cust01288,Anaya Kumar,Anaya.Kumar1288@Gmail.Com,6480847085.0,Nashik,Maharashtra,2023-12-13,New
Cust01289,Myra Reddy,Myra.Reddy1289@Gmail.Com,9790791506.0,Agra,Uttar Pradesh,2023-04-01,Premium
Cust01290,Noah Kumar,Noah.Kumar1290@Yahoo.Com,7362171421.0,Lucknow,Uttar Pradesh,2023-10-28,New
Cust01291,Rohan Brown,Rohan.Brown1291@Mail.Com,9139534273.0,Mumbai,Maharashtra,2024-08-26,Premium
Cust01292,Evelyn Johnson,Evelyn.Johnson1292@Mail.Com,6995015427.0,Bengaluru,Karnataka,2021-12-09,Regular
Cust01293,Benjamin Nair,Benjamin.Nair1293@Mail.Com,7605070797.0,Bengaluru,Karnataka,2024-04-25,Premium
Cust01294,Pari Jones,Pari.Jones1294@Mail.Com,6687938169.0,Nashik,Maharashtra,2021-07-17,Premium
Cust01295,Alexander Wilson,Alexander.Wilson1295_At_Outlook.Com,9396595818.0,Pune,Maharashtra,2022-10-02,Regular
Cust01296,Riya Sharma,Riya.Sharma1296@Outlook.Com,8769093336.0,Chennai,Tamil Nadu,2022-04-29,Regular
Cust01297,Lucas Williams,Lucas.Williams1297@Mail.Com,6361602151.0,Agra,Uttar Pradesh,2021-12-16,New
Cust01298,Mia Rao,,7750373616.0,Hyderabad,Telangana,2021-07-19,Premium
Cust01299,Noah Miller,Noah.Miller1299@Yahoo.Com,6544120877.0,Patna,Bihar,2024-02-21,New
Cust01300,Arjun Davis,Arjun.Davis1300_At_Yahoo.Com,7310018939.0,Indore,Madhya Pradesh,2023-03-28,Regular
Cust01301,Lucas Johnson,Lucas.Johnson1301@Yahoo.Com,7469074264.0,Nashik,Maharashtra,2021-10-11,Regular
Cust01302,Arjun Singh,Arjun.Singh1302@Mail.Com,9504574960.0,Nashik,Maharashtra,2022-06-14,Premium
Cust01303,Ira Garcia,Ira.Garcia1303@Gmail.Com,9886343655.0,Kolkata,West Bengal,2024-06-10,Regular
Cust01304,Alexander Singh,Alexander.Singh1304@Outlook.Com,7716578295.0,Pune,Maharashtra,2021-09-29,Regular
Cust01305,Aryan Miller,Aryan.Miller1305@Yahoo.Com,7877098180.0,Kolkata,West Bengal,2022-11-07,Regular
Cust01306,Vihaan Patel,Vihaan.Patel1306@Outlook.Com,,Bhopal,Madhya Pradesh,2024-06-10,Regular
Cust01307,James Johnson,James.Johnson1307@Outlook.Com,6536773725.0,Indore,Madhya Pradesh,2022-10-14,Premium
Cust01308,Harper Singh,Harper.Singh1308@Gmail.Com,7466407103.0,Indore,Madhya Pradesh,2023-03-05,Premium
Cust01309,Vivaan Brown,Vivaan.Brown1309@Gmail.Com,6840905178.0,Mumbai,Maharashtra,2021-10-13,Premium
Cust01310,Rohan Gupta,Rohan.Gupta1310@Mail.Com,8263149661.0,Patna,Bihar,2023-06-13,Premium
Cust01311,Henry Williams,Henry.Williams1311@Yahoo.Com,7633187276.0,Bengaluru,Karnataka,2021-06-22,Regular
Cust01312,Michael Miller,Michael.Miller1312@Yahoo.Com,6152781191.0,Chennai,Tamil Nadu,2022-09-04,Regular
Cust01313,,Pari.Garcia1313@Outlook.Com,7964428168.0,Bhopal,Madhya Pradesh,2022-02-20,Premium
Cust01314,Aditya Smith,Aditya.Smith1314@Gmail.Com,6117110715.0,Delhi,Delhi,2023-01-25,Regular
Cust01315,James Johnson,James.Johnson1315@Outlook.Com,6843662896.0,Lucknow,Uttar Pradesh,2021-09-08,Premium
Cust01316,Evelyn Davis,Evelyn.Davis1316@Outlook.Com,,Nagpur,Maharashtra,2023-04-20,Premium
Cust01317,Harper Miller,Harper.Miller1317@Mail.Com,6848673952.0,Nashik,Maharashtra,2024-12-12,Premium
Cust01318,Rohan Kumar,Rohan.Kumar1318@Gmail.Com,8697013957.0,Jaipur,Rajasthan,2024-02-27,Regular
Cust01319,Abigail Sharma,Abigail.Sharma1319@Yahoo.Com,9915966459.0,Jaipur,Rajasthan,2024-05-17,Regular
Cust01320,Saanvi Wilson,Saanvi.Wilson1320@Outlook.Com,9378760003.0,Agra,Uttar Pradesh,2021-09-20,New
Cust01321,Michael Patel,Michael.Patel1321@Mail.Com,7882449471.0,Nagpur,Maharashtra,2024-03-21,Regular
Cust01322,Sophia Davis,Sophia.Davis1322@Mail.Com,8736730173.0,Kanpur,Uttar Pradesh,2024-06-14,Premium
Cust01323,Lucas Sharma,Lucas.Sharma1323@Gmail.Com,,Vadodara,Gujarat,2024-05-03,New
Cust01324,Isabella Miller,Isabella.Miller1324@Mail.Com,6399082069.0,Ludhiana,Punjab,2022-09-06,Vip
Cust01325,Henry Miller,Henry.Miller1325@Outlook.Com,8187145898.0,Lucknow,Uttar Pradesh,2023-05-21,Premium
Cust01326,Noah Anderson,Noah.Anderson1326@Mail.Com,7193400066.0,Bengaluru,Karnataka,2023-02-01,Regular
Cust01327,John Gupta,John.Gupta1327@Gmail.Com,6376136215.0,Jaipur,Rajasthan,2024-11-21,Vip
Cust01328,Isabella Rao,Isabella.Rao1328@Gmail.Com,6355102635.0,Mumbai,Maharashtra,2021-09-25,Regular
Cust01329,Vihaan Gupta,Vihaan.Gupta1329@Mail.Com,9914541546.0,Agra,Uttar Pradesh,2024-02-13,Premium
Cust01330,Amelia Nair,Amelia.Nair1330@Yahoo.Com,8614963740.0,Ludhiana,Punjab,2021-09-22,Regular
Cust01331,Vihaan Patel,Vihaan.Patel1331@Gmail.Com,8422135540.0,Bengaluru,Karnataka,2023-04-29,Premium
Cust01332,Charlotte Gupta,Charlotte.Gupta1332@Outlook.Com,9470494952.0,Ahmedabad,Gujarat,2023-08-28,Regular
Cust01333,Sophia Kumar,Sophia.Kumar1333@Mail.Com,8524222220.0,Surat,Gujarat,2024-12-14,Regular
Cust01334,Michael Brown,Michael.Brown1334@Mail.Com,8962235694.0,Delhi,Delhi,2022-05-30,Regular
Cust01335,Myra Garcia,Myra.Garcia1335@Yahoo.Com,6465269903.0,Ludhiana,Punjab,2022-03-26,Regular
Cust01336,Alexander Johnson,Alexander.Johnson1336@Mail.Com,7903575808.0,Bhopal,Madhya Pradesh,2024-07-08,Regular
Cust01337,Reyansh Wilson,Reyansh.Wilson1337@Gmail.Com,6502271249.0,Ahmedabad,Gujarat,2024-08-30,Premium
Cust01338,Saanvi Smith,Saanvi.Smith1338@Yahoo.Com,7765625990.0,Vadodara,Gujarat,2022-10-28,Regular
Cust01339,Benjamin Jones,Benjamin.Jones1339@Mail.Com,,Lucknow,Uttar Pradesh,2023-02-25,Premium
Cust01340,Ira Iyer,Ira.Iyer1340@Mail.Com,9461083934.0,Agra,Uttar Pradesh,2022-06-07,Premium
Cust01341,Vihaan Miller,Vihaan.Miller1341@Mail.Com,7220853189.0,Kanpur,Uttar Pradesh,2024-10-12,Vip
Cust01342,Kabir Smith,Kabir.Smith1342@Outlook.Com,7759880446.0,Pune,Maharashtra,2021-11-08,Premium
Cust01343,Olivia Jones,Olivia.Jones1343@Outlook.Com,7390300589.0,Patna,Bihar,2023-03-09,Regular
Cust01344,Myra Anderson,Myra.Anderson1344@Outlook.Com,7500376095.0,Mumbai,Maharashtra,2024-09-19,New
Cust01345,Noah Gupta,Noah.Gupta1345@Mail.Com,7774384849.0,Kolkata,West Bengal,2023-10-03,Premium
Cust01346,Ira Jones,Ira.Jones1346@Gmail.Com,7529976876.0,Bhopal,Madhya Pradesh,2021-12-28,New
Cust01347,Kiara Rao,Kiara.Rao1347@Gmail.Com,7144818105.0,Kolkata,West Bengal,2024-04-02,New
Cust01348,Vivaan Reddy,Vivaan.Reddy1348@Mail.Com,7761183026.0,Delhi,Delhi,2022-01-15,Vip
Cust01349,Pari Wilson,Pari.Wilson1349@Gmail.Com,8668011655.0,Hyderabad,Telangana,2023-09-07,Premium
Cust01350,Kiara Garcia,Kiara.Garcia1350@Mail.Com,7312538392.0,Patna,Bihar,2022-10-19,New
Cust01351,James Verma,James.Verma1351@Mail.Com,8390007607.0,Kolkata,West Bengal,,New
Cust01352,Pari Reddy,Pari.Reddy1352@Gmail.Com,7277133568.0,Surat,Gujarat,2024-11-24,Premium
Cust01353,Henry Brown,Henry.Brown1353@Mail.Com,7658517601.0,Kolkata,West Bengal,2021-07-07,Premium
Cust01354,Olivia Brown,Olivia.Brown1354@Outlook.Com,9651544844.0,Lucknow,Uttar Pradesh,2022-06-21,Premium
Cust01355,Anaya Patel,Anaya.Patel1355@Yahoo.Com,6560811579.0,Hyderabad,Telangana,2021-12-13,Premium
Cust01356,Saanvi Smith,Saanvi.Smith1356@Yahoo.Com,9728762664.0,Ludhiana,Punjab,2024-08-20,Premium
Cust01357,John Jones,John.Jones1357@Outlook.Com,7851690652.0,Kanpur,Uttar Pradesh,2023-03-26,New
Cust01358,Lucas Smith,Lucas.Smith1358@Gmail.Com,8648906908.0,Lucknow,Uttar Pradesh,2022-04-06,Regular
Cust01359,Evelyn Reddy,Evelyn.Reddy1359@Mail.Com,7937865413.0,Jaipur,Rajasthan,,Regular
Cust01360,Arjun Nair,Arjun.Nair1360@Yahoo.Com,9204631774.0,Bhopal,Madhya Pradesh,,Regular
Cust01361,Liam Williams,Liam.Williams1361@Outlook.Com,9552891279.0,Patna,Bihar,2023-11-23,Regular
Cust01362,Alexander Johnson,Alexander.Johnson1362@Gmail.Com,9783445927.0,Hyderabad,Telangana,2024-04-01,Premium
Cust01363,Vihaan Rao,Vihaan.Rao1363@Gmail.Com,8148013555.0,Chennai,Tamil Nadu,2023-08-16,New
Cust01364,Mia Rao,Mia.Rao1364@Gmail.Com,9446712607.0,Pune,Maharashtra,2024-11-13,Premium
Cust01365,Henry Verma,Henry.Verma1365@Mail.Com,8461091943.0,Hyderabad,Telangana,2024-10-17,Vip
Cust01366,Olivia Garcia,Olivia.Garcia1366@Gmail.Com,8722316254.0,Mumbai,Maharashtra,2024-01-17,New
Cust01367,Kiara Williams,Kiara.Williams1367@Yahoo.Com,8531138599.0,Ahmedabad,Gujarat,2022-06-06,Regular
Cust01368,Noah Jones,Noah.Jones1368@Outlook.Com,8747986180.0,Kanpur,Uttar Pradesh,2024-07-05,Premium
Cust01369,Abigail Patel,Abigail.Patel1369@Gmail.Com,7190689340.0,Lucknow,Uttar Pradesh,2022-11-16,Vip
Cust01370,Vivaan Singh,Vivaan.Singh1370@Gmail.Com,9261643050.0,Pune,Maharashtra,2022-07-07,Regular
Cust01371,Liam Wilson,Liam.Wilson1371@Gmail.Com,6207337954.0,Patna,Bihar,2021-11-28,Vip
Cust01372,Benjamin Verma,Benjamin.Verma1372@Outlook.Com,6105167612.0,Nagpur,Maharashtra,2022-11-15,Regular
Cust01373,,John.Reddy1373@Yahoo.Com,9911806980.0,Nagpur,Maharashtra,,Vip
Cust01374,Pari Iyer,Pari.Iyer1374@Outlook.Com,6826195560.0,Pune,Maharashtra,2021-11-25,Premium
Cust01375,Ananya Nair,Ananya.Nair1375@Mail.Com,6457911424.0,Patna,Bihar,2022-12-07,New
Cust01376,Lucas Verma,Lucas.Verma1376@Outlook.Com,8225700427.0,Kanpur,Uttar Pradesh,2023-08-16,Regular
Cust01377,Mia Anderson,Mia.Anderson1377@Outlook.Com,7961942251.0,Hyderabad,Telangana,2022-01-16,Regular
Cust01378,Ira Jones,Ira.Jones1378@Outlook.Com,6466597469.0,Vadodara,Gujarat,2024-08-15,Vip
Cust01379,Noah Smith,Noah.Smith1379@Outlook.Com,,Vadodara,Gujarat,2022-11-25,Premium
Cust01380,Isabella Williams,Isabella.Williams1380@Yahoo.Com,6172670133.0,Ahmedabad,Gujarat,2023-02-10,Regular
Cust01381,Mia Jones,Mia.Jones1381@Outlook.Com,8711499269.0,Indore,Madhya Pradesh,2022-04-06,Vip
Cust01382,Benjamin Patel,Benjamin.Patel1382@Gmail.Com,8483959761.0,Ludhiana,Punjab,2024-10-19,Vip
Cust01383,Saanvi Rao,Saanvi.Rao1383@Yahoo.Com,8155711888.0,Kolkata,West Bengal,,Regular
Cust01384,Sophia Sharma,Sophia.Sharma1384@Mail.Com,8830199142.0,Nagpur,Maharashtra,2024-11-19,New
Cust01385,Sophia Smith,Sophia.Smith1385@Yahoo.Com,7360318076.0,Delhi,Delhi,2021-08-21,Vip
Cust01386,Harper Smith,Harper.Smith1386@Outlook.Com,7363505836.0,Agra,Uttar Pradesh,2024-12-29,Regular
Cust01387,Ira Kumar,Ira.Kumar1387@Gmail.Com,6916186193.0,Ahmedabad,Gujarat,2023-02-07,New
Cust01388,Benjamin Garcia,Benjamin.Garcia1388@Mail.Com,8875356177.0,Ahmedabad,Gujarat,,Regular
Cust01389,Reyansh Anderson,Reyansh.Anderson1389@Outlook.Com,8735511831.0,Ahmedabad,Gujarat,2024-06-24,Vip
Cust01390,Amelia Miller,Amelia.Miller1390@Yahoo.Com,7960538333.0,Surat,Gujarat,2024-08-20,New
Cust01391,Henry Williams,Henry.Williams1391@Outlook.Com,8309055506.0,Ludhiana,Punjab,2024-07-29,Regular
Cust01392,Aditya Singh,Aditya.Singh1392@Mail.Com,8122765715.0,Chennai,Tamil Nadu,2021-06-22,Regular
Cust01393,Pari Patel,Pari.Patel1393@Mail.Com,8807111088.0,Bengaluru,Karnataka,2021-06-10,New
Cust01394,Vivaan Gupta,Vivaan.Gupta1394@Outlook.Com,6371508892.0,Delhi,Delhi,2022-09-28,Premium
Cust01395,Lucas Reddy,Lucas.Reddy1395_At_Yahoo.Com,6252212272.0,Ludhiana,Punjab,2022-08-31,Vip
Cust01396,Reyansh Nair,Reyansh.Nair1396@Outlook.Com,8244506497.0,Bengaluru,Karnataka,2022-12-15,Premium
Cust01397,Mia Sharma,Mia.Sharma1397@Gmail.Com,6632953308.0,Patna,Bihar,2022-03-12,Regular
Cust01398,Kabir Garcia,Kabir.Garcia1398@Yahoo.Com,8355845761.0,Ahmedabad,Gujarat,2024-08-15,Vip
Cust01399,Diya Miller,Diya.Miller1399@Outlook.Com,9469013930.0,Kanpur,Uttar Pradesh,2023-04-06,Regular
Cust01400,Reyansh Rao,Reyansh.Rao1400@Yahoo.Com,6458894827.0,Bhopal,Madhya Pradesh,2023-02-24,Premium
Cust01401,Ira Garcia,Ira.Garcia1401@Mail.Com,8513904749.0,Nashik,Maharashtra,2021-11-25,Regular
Cust01402,Henry Miller,Henry.Miller1402@Mail.Com,6860509917.0,Patna,Bihar,2022-06-01,New
Cust01403,Emma Rao,Emma.Rao1403@Mail.Com,6488590565.0,Lucknow,Uttar Pradesh,2023-09-24,Premium
Cust01404,Aditya Singh,Aditya.Singh1404@Gmail.Com,9787954347.0,Surat,Gujarat,,Regular
Cust01405,Vihaan Wilson,Vihaan.Wilson1405_At_Outlook.Com,7618541306.0,Indore,Madhya Pradesh,2022-03-03,New
Cust01406,Rohan Kumar,Rohan.Kumar1406@Outlook.Com,9337107717.0,Nashik,Maharashtra,2022-09-30,Regular
Cust01407,Vihaan Gupta,Vihaan.Gupta1407@Outlook.Com,9907606463.0,Chennai,Tamil Nadu,2023-09-04,New
Cust01408,Aarav Sharma,Aarav.Sharma1408@Gmail.Com,8333461156.0,Nashik,Maharashtra,2024-05-30,Premium
Cust01409,Lucas Iyer,Lucas.Iyer1409@Outlook.Com,6945589539.0,Bengaluru,Karnataka,2023-06-07,Premium
Cust01410,Saanvi Rao,Saanvi.Rao1410@Mail.Com,,Kolkata,West Bengal,2022-04-04,Regular
Cust01411,Vihaan Brown,Vihaan.Brown1411@Outlook.Com,7423310129.0,Vadodara,Gujarat,2024-03-12,Premium
Cust01412,Vihaan Rao,Vihaan.Rao1412@Yahoo.Com,6742839570.0,Delhi,Delhi,2023-11-18,Vip
Cust01413,Aadhya Anderson,Aadhya.Anderson1413@Yahoo.Com,,Lucknow,Uttar Pradesh,2022-08-23,Premium
Cust01414,Michael Singh,Michael.Singh1414@Mail.Com,6312738336.0,Vadodara,Gujarat,2022-01-02,Premium
Cust01415,Kiara Reddy,Kiara.Reddy1415@Gmail.Com,7208953506.0,Ahmedabad,Gujarat,2023-02-05,Vip
Cust01416,Diya Jones,Diya.Jones1416@Yahoo.Com,9448103516.0,Nagpur,Maharashtra,2021-09-21,Premium
Cust01417,Charlotte Patel,Charlotte.Patel1417@Outlook.Com,6158131291.0,Jaipur,Rajasthan,2021-09-30,New
Cust01418,Emma Williams,Emma.Williams1418@Outlook.Com,8498718714.0,Bengaluru,Karnataka,2022-03-11,New
Cust01419,Amelia Patel,Amelia.Patel1419@Gmail.Com,7122893809.0,Pune,Maharashtra,2023-03-12,Regular
Cust01420,Liam Gupta,Liam.Gupta1420@Outlook.Com,7484337635.0,Hyderabad,Telangana,2023-08-27,Vip
Cust01421,Rohan Nair,Rohan.Nair1421@Mail.Com,6229197565.0,Ahmedabad,Gujarat,2021-11-14,Premium
Cust01422,Isabella Iyer,Isabella.Iyer1422@Outlook.Com,9591990047.0,Bengaluru,Karnataka,2023-03-17,Regular
Cust01423,William Davis,William.Davis1423@Outlook.Com,6594543087.0,Surat,Gujarat,2022-07-08,Premium
Cust01424,Noah Verma,Noah.Verma1424@Gmail.Com,7921724415.0,Hyderabad,Telangana,2021-09-25,Premium
Cust01425,Harper Gupta,Harper.Gupta1425@Yahoo.Com,6804850981.0,Pune,Maharashtra,2024-07-25,Regular
Cust01426,Michael Patel,Michael.Patel1426@Outlook.Com,9476365139.0,Agra,Uttar Pradesh,2023-08-05,New
Cust01427,William Miller,,8867226818.0,Mumbai,Maharashtra,2024-07-23,Regular
Cust01428,Diya Jones,Diya.Jones1428@Yahoo.Com,6653798487.0,Mumbai,Maharashtra,2024-11-06,Premium
Cust01429,Amelia Anderson,Amelia.Anderson1429@Outlook.Com,7752367808.0,Indore,Madhya Pradesh,2024-01-16,Regular
Cust01430,Isabella Williams,Isabella.Williams1430@Mail.Com,7919116279.0,Hyderabad,Telangana,2021-12-04,Vip
Cust01431,Olivia Williams,Olivia.Williams1431@Yahoo.Com,,Bhopal,Madhya Pradesh,2022-08-18,Regular
Cust01432,Amelia Johnson,Amelia.Johnson1432@Mail.Com,8927350687.0,Patna,Bihar,2024-02-27,Premium
Cust01433,Harper Miller,Harper.Miller1433@Gmail.Com,6215675480.0,Ludhiana,Punjab,2024-02-24,Premium
Cust01434,Vihaan Kumar,Vihaan.Kumar1434@Outlook.Com,7125528300.0,Lucknow,Uttar Pradesh,2023-02-10,Regular
Cust01435,Henry Wilson,Henry.Wilson1435@Yahoo.Com,6354371107.0,Patna,Bihar,2022-03-18,New
Cust01436,Riya Iyer,Riya.Iyer1436@Yahoo.Com,9723052768.0,Pune,Maharashtra,2023-03-17,Premium
Cust01437,Charlotte Nair,Charlotte.Nair1437@Gmail.Com,6437253608.0,Indore,Madhya Pradesh,2023-08-17,Premium
Cust01438,Amelia Anderson,Amelia.Anderson1438@Mail.Com,6935359438.0,Nagpur,Maharashtra,2021-10-07,Regular
Cust01439,Riya Verma,Riya.Verma1439@Outlook.Com,9298054041.0,Kanpur,Uttar Pradesh,2024-05-12,Regular
Cust01440,Saanvi Davis,Saanvi.Davis1440@Gmail.Com,6146648196.0,Hyderabad,Telangana,2022-06-18,Premium
Cust01441,Pari Miller,Pari.Miller1441@Gmail.Com,8546981755.0,Ahmedabad,Gujarat,2024-02-10,Vip
Cust01442,Aryan Sharma,Aryan.Sharma1442@Yahoo.Com,8369575884.0,Nagpur,Maharashtra,2022-07-11,Premium
Cust01443,Ira Johnson,Ira.Johnson1443@Gmail.Com,,Ahmedabad,Gujarat,2023-08-02,Premium
Cust01444,Kabir Anderson,Kabir.Anderson1444@Yahoo.Com,,Bhopal,Madhya Pradesh,2021-12-21,Regular
Cust01445,Abigail Kumar,Abigail.Kumar1445@Outlook.Com,8426174634.0,Indore,Madhya Pradesh,2024-08-05,Regular
Cust01446,Aadhya Nair,Aadhya.Nair1446@Gmail.Com,9653695027.0,Ludhiana,Punjab,2022-01-13,New
Cust01447,Aadhya Singh,Aadhya.Singh1447@Outlook.Com,9432556882.0,Delhi,Delhi,2024-04-08,New
Cust01448,William Jones,William.Jones1448@Gmail.Com,6665397101.0,Mumbai,Maharashtra,2022-07-25,Regular
Cust01449,Liam Kumar,Liam.Kumar1449@Yahoo.Com,6743862317.0,Delhi,Delhi,2024-02-01,Premium
Cust01450,Abigail Wilson,Abigail.Wilson1450_At_Mail.Com,8753327440.0,Pune,Maharashtra,2023-08-29,Premium
Cust01451,Sophia Rao,Sophia.Rao1451_At_Gmail.Com,8280205750.0,Bhopal,Madhya Pradesh,2023-06-03,Premium
Cust01452,Charlotte Williams,Charlotte.Williams1452@Yahoo.Com,9128735716.0,Nashik,Maharashtra,2023-09-24,Premium
Cust01453,Aadhya Williams,Aadhya.Williams1453@Gmail.Com,9401612810.0,Vadodara,Gujarat,2023-12-09,Vip
Cust01454,Evelyn Davis,Evelyn.Davis1454@Outlook.Com,6113010576.0,Pune,Maharashtra,2023-09-23,Regular
Cust01455,Aarav Patel,Aarav.Patel1455@Mail.Com,8802057639.0,Agra,Uttar Pradesh,2023-03-11,Regular
Cust01456,Ishaan Gupta,Ishaan.Gupta1456@Gmail.Com,6993511454.0,Delhi,Delhi,2023-01-05,Regular
Cust01457,Reyansh Johnson,Reyansh.Johnson1457@Outlook.Com,7344222169.0,Vadodara,Gujarat,2023-02-25,Premium
Cust01458,Olivia Singh,Olivia.Singh1458@Yahoo.Com,9978904410.0,Pune,Maharashtra,2023-06-22,Premium
Cust01459,Evelyn Wilson,Evelyn.Wilson1459@Yahoo.Com,7330255706.0,Hyderabad,Telangana,2024-11-22,Vip
Cust01460,Myra Wilson,Myra.Wilson1460@Outlook.Com,8393181224.0,Ahmedabad,Gujarat,2022-07-21,Premium
Cust01461,Emma Iyer,Emma.Iyer1461@Yahoo.Com,6694217441.0,Bengaluru,Karnataka,2022-12-01,Premium
Cust01462,Diya Gupta,Diya.Gupta1462@Mail.Com,,Kanpur,Uttar Pradesh,2024-08-03,Premium
Cust01463,Rohan Gupta,Rohan.Gupta1463@Gmail.Com,6848919850.0,Ludhiana,Punjab,2024-11-20,Premium
Cust01464,Sophia Reddy,Sophia.Reddy1464_At_Mail.Com,7487211937.0,Pune,Maharashtra,2024-10-24,Premium
Cust01465,Ishaan Garcia,Ishaan.Garcia1465@Mail.Com,8488818951.0,Nashik,Maharashtra,2021-05-10,New
Cust01466,Aarav Verma,Aarav.Verma1466@Gmail.Com,9816424534.0,Delhi,Delhi,2021-12-02,New
Cust01467,Harper Nair,Harper.Nair1467@Outlook.Com,9249588410.0,Pune,Maharashtra,2021-06-17,Regular
Cust01468,Diya Davis,Diya.Davis1468@Outlook.Com,9920512735.0,Ludhiana,Punjab,2023-09-22,Vip
Cust01469,Anaya Nair,Anaya.Nair1469@Gmail.Com,6774414062.0,Indore,Madhya Pradesh,2023-06-28,New
Cust01470,Arjun Davis,,8906007418.0,Nagpur,Maharashtra,2023-01-24,Regular
Cust01471,Aadhya Sharma,Aadhya.Sharma1471@Yahoo.Com,9841180257.0,Nashik,Maharashtra,2022-10-16,Vip
Cust01472,Arjun Brown,,8258207194.0,Agra,Uttar Pradesh,2021-10-31,Premium
Cust01473,Rohan Garcia,Rohan.Garcia1473@Yahoo.Com,6964408627.0,Hyderabad,Telangana,2022-06-08,Vip
Cust01474,Abigail Wilson,Abigail.Wilson1474@Outlook.Com,8436104080.0,Nashik,Maharashtra,2023-10-11,New
Cust01475,Kiara Brown,Kiara.Brown1475@Mail.Com,9179870836.0,Pune,Maharashtra,2022-09-10,Regular
Cust01476,John Garcia,John.Garcia1476@Mail.Com,7854282710.0,Delhi,Delhi,2023-08-19,Premium
Cust01477,Abigail Verma,Abigail.Verma1477@Yahoo.Com,8116977346.0,Jaipur,Rajasthan,2023-08-23,Premium
Cust01478,Sophia Williams,Sophia.Williams1478@Gmail.Com,7177803614.0,Mumbai,Maharashtra,2022-06-08,Regular
Cust01479,Charlotte Jones,Charlotte.Jones1479@Yahoo.Com,8746010657.0,Patna,Bihar,2024-09-12,New
Cust01480,Anaya Jones,Anaya.Jones1480@Outlook.Com,6825218649.0,Nagpur,Maharashtra,2024-01-04,Regular
Cust01481,Sophia Jones,Sophia.Jones1481@Mail.Com,7884135737.0,Kolkata,West Bengal,2022-08-14,Regular
Cust01482,Kiara Verma,Kiara.Verma1482@Yahoo.Com,7784503779.0,Vadodara,Gujarat,2024-01-26,Premium
Cust01483,Aditya Miller,Aditya.Miller1483@Yahoo.Com,8869088091.0,Kanpur,Uttar Pradesh,2023-01-31,Regular
Cust01484,Arjun Anderson,Arjun.Anderson1484@Mail.Com,8684942314.0,Bengaluru,Karnataka,2023-11-26,Premium
Cust01485,Myra Williams,Myra.Williams1485@Outlook.Com,7479548891.0,Mumbai,Maharashtra,2021-07-22,New
Cust01486,Lucas Nair,Lucas.Nair1486@Yahoo.Com,,Kolkata,West Bengal,2023-10-19,Regular
Cust01487,Aryan Davis,Aryan.Davis1487_At_Yahoo.Com,7833153976.0,Jaipur,Rajasthan,2022-07-24,Vip
Cust01488,Henry Kumar,Henry.Kumar1488@Gmail.Com,6861781403.0,Hyderabad,Telangana,2023-10-27,Vip
Cust01489,Ira Sharma,,7398981443.0,Bengaluru,Karnataka,2021-07-23,Vip
Cust01490,Vivaan Garcia,Vivaan.Garcia1490@Outlook.Com,9207215676.0,Hyderabad,Telangana,2024-03-14,Vip
Cust01491,Saanvi Davis,Saanvi.Davis1491@Gmail.Com,,Mumbai,Maharashtra,2024-11-14,Vip
Cust01492,Diya Gupta,Diya.Gupta1492@Outlook.Com,7271580966.0,Chennai,Tamil Nadu,2022-03-14,Premium
Cust01493,Harper Reddy,Harper.Reddy1493@Mail.Com,8475639404.0,Delhi,Delhi,2023-03-03,Vip
Cust01494,Diya Anderson,Diya.Anderson1494@Outlook.Com,9453918250.0,Lucknow,Uttar Pradesh,2023-03-31,Regular
Cust01495,Lucas Garcia,Lucas.Garcia1495@Yahoo.Com,6396739691.0,Mumbai,Maharashtra,2022-10-15,Regular
Cust01496,Noah Sharma,Noah.Sharma1496@Mail.Com,9958212496.0,Surat,Gujarat,2022-03-10,Premium
Cust01497,Emma Rao,Emma.Rao1497@Outlook.Com,7890759554.0,Agra,Uttar Pradesh,2023-09-26,Vip
Cust01498,Reyansh Gupta,Reyansh.Gupta1498@Yahoo.Com,8119672496.0,Lucknow,Uttar Pradesh,2024-01-28,Vip
Cust01499,Ishaan Patel,Ishaan.Patel1499_At_Mail.Com,7669734831.0,Delhi,Delhi,2022-01-24,New
Cust01500,Myra Reddy,Myra.Reddy1500@Mail.Com,,Vadodara,Gujarat,2022-07-20,New
Cust01501,Noah Wilson,Noah.Wilson1501_At_Yahoo.Com,6401467271.0,Hyderabad,Telangana,2022-02-09,Premium
Cust01502,Liam Wilson,Liam.Wilson1502@Yahoo.Com,7847250957.0,Delhi,Delhi,2022-09-09,Premium
Cust01503,Michael Kumar,Michael.Kumar1503@Outlook.Com,6650324388.0,Ludhiana,Punjab,2022-11-25,Premium
Cust01504,Henry Sharma,Henry.Sharma1504@Gmail.Com,7760862890.0,Nashik,Maharashtra,2023-02-13,New
Cust01505,Ira Nair,Ira.Nair1505@Gmail.Com,6724413505.0,Chennai,Tamil Nadu,2023-11-04,Premium
Cust01506,Aadhya Rao,Aadhya.Rao1506@Mail.Com,9840204610.0,Jaipur,Rajasthan,2022-11-07,New
Cust01507,Amelia Smith,Amelia.Smith1507@Gmail.Com,6490707021.0,Lucknow,Uttar Pradesh,2023-12-24,Regular
Cust01508,Harper Patel,Harper.Patel1508@Mail.Com,8429191024.0,Patna,Bihar,2022-08-20,Regular
Cust01509,Mia Jones,Mia.Jones1509@Mail.Com,8439627700.0,Mumbai,Maharashtra,2024-03-18,Regular
Cust01510,Diya Davis,Diya.Davis1510@Outlook.Com,8538945901.0,Nashik,Maharashtra,2023-05-12,Premium
Cust01511,Aadhya Patel,Aadhya.Patel1511@Yahoo.Com,6438294185.0,Bhopal,Madhya Pradesh,2022-10-15,New
Cust01512,Benjamin Kumar,Benjamin.Kumar1512@Outlook.Com,8237394847.0,Patna,Bihar,2024-03-08,Regular
Cust01513,Evelyn Iyer,Evelyn.Iyer1513@Outlook.Com,6144991551.0,Ahmedabad,Gujarat,2021-08-29,Regular
Cust01514,Ira Nair,Ira.Nair1514@Outlook.Com,6219353997.0,Hyderabad,Telangana,2024-07-17,Regular
Cust01515,Aryan Miller,Aryan.Miller1515@Gmail.Com,6889138945.0,Ahmedabad,Gujarat,2022-05-26,Premium
Cust01516,Vivaan Johnson,Vivaan.Johnson1516@Mail.Com,7366644863.0,Jaipur,Rajasthan,2023-07-14,New
Cust01517,Rohan Brown,Rohan.Brown1517@Yahoo.Com,6635173347.0,Ludhiana,Punjab,2024-11-06,Premium
Cust01518,Charlotte Brown,Charlotte.Brown1518@Yahoo.Com,7828398741.0,Delhi,Delhi,2021-08-13,Regular
Cust01519,William Kumar,William.Kumar1519@Mail.Com,8836213139.0,Delhi,Delhi,2024-08-13,Vip
Cust01520,Mia Anderson,Mia.Anderson1520@Gmail.Com,6125508865.0,Bengaluru,Karnataka,2023-05-13,Premium
Cust01521,Myra Nair,Myra.Nair1521@Outlook.Com,6275653186.0,Nagpur,Maharashtra,2022-06-23,Premium
Cust01522,Aadhya Wilson,Aadhya.Wilson1522@Gmail.Com,6940950983.0,Ahmedabad,Gujarat,2022-01-31,Regular
Cust01523,Ananya Brown,Ananya.Brown1523@Gmail.Com,8256033604.0,Bhopal,Madhya Pradesh,2023-12-12,Premium
Cust01524,Abigail Garcia,Abigail.Garcia1524@Outlook.Com,6947489355.0,Ludhiana,Punjab,2022-04-08,Regular
Cust01525,Vivaan Patel,Vivaan.Patel1525@Yahoo.Com,9412605184.0,Indore,Madhya Pradesh,2023-07-03,Regular
Cust01526,Aarav Wilson,Aarav.Wilson1526@Mail.Com,6991543818.0,Bhopal,Madhya Pradesh,2022-04-29,Premium
Cust01527,Mia Reddy,Mia.Reddy1527@Mail.Com,6631306826.0,Ludhiana,Punjab,2022-12-01,Regular
Cust01528,James Smith,James.Smith1528@Mail.Com,9565978543.0,Nashik,Maharashtra,2024-05-02,Regular
Cust01529,Aryan Williams,Aryan.Williams1529@Gmail.Com,8530628139.0,Bengaluru,Karnataka,2023-07-28,New
Cust01530,Charlotte Patel,Charlotte.Patel1530@Mail.Com,6682772025.0,Kolkata,West Bengal,2021-11-14,Premium
Cust01531,Liam Wilson,Liam.Wilson1531@Outlook.Com,8232296457.0,Jaipur,Rajasthan,2022-03-15,Regular
Cust01532,Pari Patel,Pari.Patel1532@Mail.Com,9762289174.0,Jaipur,Rajasthan,2024-07-28,Regular
Cust01533,Aarav Davis,Aarav.Davis1533@Mail.Com,,Bhopal,Madhya Pradesh,2022-01-12,Premium
Cust01534,Aadhya Iyer,Aadhya.Iyer1534@Mail.Com,6741134027.0,Ahmedabad,Gujarat,2023-02-06,Vip
Cust01535,Henry Sharma,Henry.Sharma1535@Gmail.Com,9632964809.0,Kanpur,Uttar Pradesh,2021-08-11,Premium
Cust01536,Riya Wilson,Riya.Wilson1536@Mail.Com,8855194295.0,Chennai,Tamil Nadu,2021-08-21,Regular
Cust01537,Liam Johnson,Liam.Johnson1537@Mail.Com,7787198747.0,Nashik,Maharashtra,2023-10-27,New
Cust01538,Anaya Singh,Anaya.Singh1538@Outlook.Com,7818278581.0,Delhi,Delhi,2023-01-12,Regular
Cust01539,Riya Verma,Riya.Verma1539@Outlook.Com,8355932228.0,Nashik,Maharashtra,2022-09-28,Vip
Cust01540,Alexander Jones,Alexander.Jones1540@Mail.Com,6923691492.0,Vadodara,Gujarat,2023-01-04,New
Cust01541,Aditya Johnson,Aditya.Johnson1541@Outlook.Com,9395313844.0,Nashik,Maharashtra,2021-08-25,Regular
Cust01542,Saanvi Rao,Saanvi.Rao1542@Gmail.Com,,Nashik,Maharashtra,2024-09-09,Regular
Cust01543,John Kumar,John.Kumar1543@Mail.Com,9197204959.0,Delhi,Delhi,2024-05-11,New
Cust01544,Isabella Davis,Isabella.Davis1544@Outlook.Com,9360664643.0,Agra,Uttar Pradesh,2023-10-06,Regular
Cust01545,Diya Nair,Diya.Nair1545@Gmail.Com,8258695504.0,Indore,Madhya Pradesh,2022-09-12,Premium
Cust01546,Rohan Sharma,Rohan.Sharma1546@Outlook.Com,8983298638.0,Patna,Bihar,2024-07-11,Regular
Cust01547,Riya Miller,Riya.Miller1547@Outlook.Com,6427541829.0,Surat,Gujarat,2022-06-07,Regular
Cust01548,Harper Nair,Harper.Nair1548@Mail.Com,9381589317.0,Bhopal,Madhya Pradesh,2022-06-25,Vip
Cust01549,Aryan Anderson,Aryan.Anderson1549@Yahoo.Com,6765369356.0,Vadodara,Gujarat,2024-03-12,Vip
Cust01550,Emma Rao,Emma.Rao1550@Outlook.Com,6914424256.0,Bengaluru,Karnataka,2022-10-10,New
Cust01551,Evelyn Reddy,Evelyn.Reddy1551@Mail.Com,7746464434.0,Bhopal,Madhya Pradesh,2023-04-27,Premium
Cust01552,William Iyer,William.Iyer1552@Gmail.Com,7945706949.0,Nashik,Maharashtra,2022-10-24,Vip
Cust01553,Arjun Johnson,Arjun.Johnson1553@Mail.Com,8852940586.0,Delhi,Delhi,2024-01-24,Regular
Cust01554,John Iyer,John.Iyer1554@Gmail.Com,8582658418.0,Surat,Gujarat,2022-10-22,Premium
Cust01555,Charlotte Patel,Charlotte.Patel1555@Mail.Com,7590236437.0,Kanpur,Uttar Pradesh,2023-10-19,Premium
Cust01556,Arjun Reddy,Arjun.Reddy1556@Gmail.Com,6679376355.0,Delhi,Delhi,2023-09-02,Vip
Cust01557,Noah Smith,Noah.Smith1557@Mail.Com,7860908072.0,Bengaluru,Karnataka,2024-05-20,Regular
Cust01558,Emma Kumar,Emma.Kumar1558@Gmail.Com,6564706101.0,Lucknow,Uttar Pradesh,2024-11-22,New
Cust01559,Ira Singh,Ira.Singh1559@Yahoo.Com,7582118154.0,Lucknow,Uttar Pradesh,2022-04-26,Regular
Cust01560,Abigail Garcia,Abigail.Garcia1560@Mail.Com,8325065070.0,Mumbai,Maharashtra,2022-08-14,Vip
Cust01561,Benjamin Miller,Benjamin.Miller1561@Mail.Com,7299879835.0,Vadodara,Gujarat,2024-01-18,Premium
Cust01562,Noah Miller,Noah.Miller1562@Mail.Com,6185892425.0,Mumbai,Maharashtra,2023-09-25,Premium
Cust01563,Michael Johnson,Michael.Johnson1563@Mail.Com,8307100976.0,Ahmedabad,Gujarat,2023-12-29,Vip
Cust01564,Myra Smith,Myra.Smith1564@Outlook.Com,9235105839.0,Pune,Maharashtra,2022-01-03,Premium
Cust01565,Vivaan Rao,Vivaan.Rao1565@Yahoo.Com,8455480893.0,Surat,Gujarat,2023-10-03,Regular
Cust01566,Evelyn Jones,Evelyn.Jones1566@Mail.Com,9546213863.0,Ludhiana,Punjab,2024-06-19,Regular
Cust01567,Riya Williams,Riya.Williams1567@Mail.Com,7508143904.0,Surat,Gujarat,2023-01-06,Regular
Cust01568,Charlotte Iyer,Charlotte.Iyer1568@Yahoo.Com,9840649545.0,Ludhiana,Punjab,2024-10-30,New
Cust01569,Aarav Brown,Aarav.Brown1569@Yahoo.Com,7725651911.0,Jaipur,Rajasthan,2022-05-07,Vip
Cust01570,Alexander Smith,Alexander.Smith1570@Yahoo.Com,9342009512.0,Pune,Maharashtra,2024-09-06,Regular
Cust01571,Charlotte Patel,Charlotte.Patel1571@Mail.Com,7555586900.0,Delhi,Delhi,2023-04-02,Regular
Cust01572,Kabir Johnson,Kabir.Johnson1572@Yahoo.Com,8450122924.0,Mumbai,Maharashtra,2022-03-06,Premium
Cust01573,Arjun Smith,Arjun.Smith1573@Mail.Com,7596798815.0,Agra,Uttar Pradesh,2023-02-10,New
Cust01574,Olivia Johnson,Olivia.Johnson1574@Gmail.Com,8839087567.0,Ahmedabad,Gujarat,2024-08-11,Premium
Cust01575,Riya Patel,Riya.Patel1575@Yahoo.Com,7240640266.0,Kanpur,Uttar Pradesh,2022-04-04,Regular
Cust01576,Noah Singh,Noah.Singh1576@Gmail.Com,9755259962.0,Chennai,Tamil Nadu,2021-12-21,New
Cust01577,John Kumar,John.Kumar1577@Gmail.Com,8608507254.0,Nashik,Maharashtra,2022-12-03,Vip
Cust01578,Vihaan Reddy,Vihaan.Reddy1578@Outlook.Com,9943718307.0,Surat,Gujarat,2023-01-21,Regular
Cust01579,Isabella Iyer,Isabella.Iyer1579@Outlook.Com,9718340557.0,Chennai,Tamil Nadu,2021-12-13,Regular
Cust01580,Liam Wilson,Liam.Wilson1580@Outlook.Com,9403131401.0,Patna,Bihar,2024-11-10,New
Cust01581,Aryan Smith,Aryan.Smith1581@Outlook.Com,9939374575.0,Surat,Gujarat,2022-05-10,New
Cust01582,Myra Anderson,Myra.Anderson1582@Mail.Com,6687191522.0,Chennai,Tamil Nadu,2024-03-21,Premium
Cust01583,Saanvi Anderson,Saanvi.Anderson1583@Gmail.Com,,Surat,Gujarat,2024-10-09,New
Cust01584,Vihaan Garcia,Vihaan.Garcia1584@Gmail.Com,7969268634.0,Kolkata,West Bengal,2022-02-09,Regular
Cust01585,Aryan Patel,Aryan.Patel1585@Yahoo.Com,8201039298.0,Ahmedabad,Gujarat,2022-06-10,Vip
Cust01586,Ira Patel,Ira.Patel1586@Mail.Com,8841721188.0,Agra,Uttar Pradesh,2021-12-20,Regular
Cust01587,John Sharma,John.Sharma1587@Gmail.Com,8124616875.0,Pune,Maharashtra,2022-12-24,New
Cust01588,Amelia Miller,Amelia.Miller1588@Mail.Com,6587244650.0,Ahmedabad,Gujarat,2023-06-18,Premium
Cust01589,William Reddy,William.Reddy1589@Gmail.Com,6789868119.0,Bengaluru,Karnataka,2021-12-22,Premium
Cust01590,Benjamin Sharma,Benjamin.Sharma1590@Yahoo.Com,6928376932.0,Indore,Madhya Pradesh,2023-09-10,Vip
Cust01591,Alexander Williams,Alexander.Williams1591@Mail.Com,8922344427.0,Bhopal,Madhya Pradesh,2021-10-14,Regular
Cust01592,Aarav Sharma,Aarav.Sharma1592@Mail.Com,9700686670.0,Pune,Maharashtra,2022-06-23,Premium
Cust01593,Lucas Miller,Lucas.Miller1593@Outlook.Com,8768996152.0,Chennai,Tamil Nadu,2022-10-26,Vip
Cust01594,Aryan Davis,Aryan.Davis1594@Outlook.Com,8836476019.0,Lucknow,Uttar Pradesh,2022-12-28,New
Cust01595,Kabir Wilson,Kabir.Wilson1595@Mail.Com,7657680283.0,Pune,Maharashtra,2023-11-09,Vip
Cust01596,Diya Williams,Diya.Williams1596@Yahoo.Com,9134941234.0,Pune,Maharashtra,2023-05-10,New
Cust01597,Pari Davis,Pari.Davis1597@Mail.Com,7205511157.0,Patna,Bihar,2021-12-12,Premium
Cust01598,Saanvi Wilson,Saanvi.Wilson1598@Mail.Com,7484775654.0,Mumbai,Maharashtra,2024-04-30,Regular
Cust01599,Olivia Jones,Olivia.Jones1599@Yahoo.Com,8854891556.0,Bengaluru,Karnataka,2021-11-10,Vip
Cust01600,Vivaan Reddy,Vivaan.Reddy1600@Mail.Com,8529140922.0,Mumbai,Maharashtra,2023-04-27,New
Cust01601,Anaya Singh,Anaya.Singh1601@Mail.Com,7936281472.0,Pune,Maharashtra,2024-04-03,Vip
Cust01602,Pari Smith,Pari.Smith1602@Outlook.Com,7824310998.0,Indore,Madhya Pradesh,2021-08-12,Regular
Cust01603,James Kumar,James.Kumar1603@Yahoo.Com,8661201193.0,Agra,Uttar Pradesh,2024-02-05,New
Cust01604,Benjamin Reddy,Benjamin.Reddy1604@Mail.Com,7806651177.0,Delhi,Delhi,2024-09-16,New
Cust01605,Evelyn Reddy,Evelyn.Reddy1605@Outlook.Com,9536355289.0,Kanpur,Uttar Pradesh,2021-08-21,Regular
Cust01606,Vivaan Iyer,Vivaan.Iyer1606@Outlook.Com,7302743323.0,Patna,Bihar,2024-01-20,Regular
Cust01607,Emma Wilson,Emma.Wilson1607@Outlook.Com,8737714362.0,Jaipur,Rajasthan,2023-01-19,Regular
Cust01608,Reyansh Miller,Reyansh.Miller1608@Outlook.Com,7280985702.0,Mumbai,Maharashtra,2022-01-30,Vip
Cust01609,Benjamin Reddy,Benjamin.Reddy1609@Outlook.Com,7848524398.0,Agra,Uttar Pradesh,2022-06-27,Premium
Cust01610,Harper Iyer,Harper.Iyer1610@Yahoo.Com,6871410381.0,Delhi,Delhi,2021-10-01,Regular
Cust01611,Abigail Rao,Abigail.Rao1611@Outlook.Com,8143974140.0,Agra,Uttar Pradesh,2023-02-22,Regular
Cust01612,Kiara Smith,Kiara.Smith1612@Outlook.Com,8787094626.0,Chennai,Tamil Nadu,2024-06-14,Vip
Cust01613,Harper Gupta,Harper.Gupta1613@Yahoo.Com,7506257861.0,Bhopal,Madhya Pradesh,2024-02-07,Regular
Cust01614,Arjun Davis,Arjun.Davis1614@Mail.Com,7178366314.0,Mumbai,Maharashtra,2024-09-03,Premium
Cust01615,Ira Williams,Ira.Williams1615@Outlook.Com,9210671759.0,Vadodara,Gujarat,2022-10-21,Regular
Cust01616,Ira Miller,Ira.Miller1616@Yahoo.Com,7862838044.0,Patna,Bihar,2024-02-28,New
Cust01617,Aarav Verma,Aarav.Verma1617@Mail.Com,8465756137.0,Lucknow,Uttar Pradesh,2021-12-26,Premium
Cust01618,Harper Singh,Harper.Singh1618@Yahoo.Com,9759819416.0,Nagpur,Maharashtra,2023-10-06,Premium
Cust01619,Myra Garcia,Myra.Garcia1619@Yahoo.Com,7593249310.0,Surat,Gujarat,,Premium
Cust01620,Aarav Reddy,Aarav.Reddy1620_At_Mail.Com,,Pune,Maharashtra,2024-03-09,Regular
Cust01621,James Brown,James.Brown1621@Yahoo.Com,9712718970.0,Vadodara,Gujarat,2022-10-08,New
Cust01622,Isabella Miller,Isabella.Miller1622@Outlook.Com,8761092866.0,Delhi,Delhi,2024-02-12,New
Cust01623,Benjamin Kumar,Benjamin.Kumar1623@Mail.Com,7196435175.0,Vadodara,Gujarat,2022-05-09,Regular
Cust01624,Henry Johnson,Henry.Johnson1624@Gmail.Com,8429994450.0,Ahmedabad,Gujarat,2022-04-16,Regular
Cust01625,Aadhya Verma,Aadhya.Verma1625@Yahoo.Com,7470777296.0,Kanpur,Uttar Pradesh,2023-12-09,Premium
Cust01626,Mia Nair,Mia.Nair1626@Gmail.Com,9564587184.0,Ahmedabad,Gujarat,2022-04-15,New
Cust01627,Emma Garcia,Emma.Garcia1627@Yahoo.Com,9166409609.0,Kanpur,Uttar Pradesh,2022-08-18,Vip
Cust01628,Diya Kumar,Diya.Kumar1628@Mail.Com,7239069405.0,Kanpur,Uttar Pradesh,2023-09-12,Premium
Cust01629,Aadhya Miller,Aadhya.Miller1629@Yahoo.Com,,Pune,Maharashtra,2024-02-05,Premium
Cust01630,Evelyn Rao,Evelyn.Rao1630@Yahoo.Com,9319487821.0,Mumbai,Maharashtra,2022-12-14,Premium
Cust01631,Lucas Davis,Lucas.Davis1631@Yahoo.Com,9237312945.0,Patna,Bihar,2024-07-10,Premium
Cust01632,Evelyn Davis,Evelyn.Davis1632@Outlook.Com,9612731589.0,Agra,Uttar Pradesh,2023-08-13,Regular
Cust01633,Olivia Johnson,Olivia.Johnson1633@Outlook.Com,8202927908.0,Ludhiana,Punjab,,Vip
Cust01634,Myra Kumar,Myra.Kumar1634@Mail.Com,6660917085.0,Nashik,Maharashtra,2022-08-07,New
Cust01635,Henry Verma,Henry.Verma1635@Yahoo.Com,6826857206.0,Kolkata,West Bengal,2022-08-21,Regular
Cust01636,Noah Johnson,Noah.Johnson1636@Mail.Com,9831148751.0,Mumbai,Maharashtra,2022-03-03,New
Cust01637,Sophia Verma,Sophia.Verma1637@Mail.Com,7630656408.0,Bengaluru,Karnataka,2023-02-14,Regular
Cust01638,Evelyn Johnson,,7298855373.0,Patna,Bihar,2023-08-04,Premium
Cust01639,Kiara Jones,Kiara.Jones1639@Outlook.Com,6344654366.0,Jaipur,Rajasthan,2024-11-25,New
Cust01640,Michael Smith,Michael.Smith1640@Outlook.Com,7313015750.0,Delhi,Delhi,2024-05-01,Vip
Cust01641,Vivaan Kumar,Vivaan.Kumar1641@Mail.Com,6337777259.0,Chennai,Tamil Nadu,2023-06-03,Premium
Cust01642,Ananya Singh,Ananya.Singh1642@Yahoo.Com,7705891322.0,Bengaluru,Karnataka,2023-11-04,Premium
Cust01643,Alexander Sharma,Alexander.Sharma1643@Outlook.Com,9902933277.0,Ahmedabad,Gujarat,2023-10-09,New
Cust01644,Diya Miller,Diya.Miller1644@Outlook.Com,7198103184.0,Indore,Madhya Pradesh,2021-12-10,Regular
Cust01645,James Rao,James.Rao1645@Outlook.Com,9406622147.0,Patna,Bihar,2022-11-02,Premium
Cust01646,Anaya Miller,Anaya.Miller1646@Yahoo.Com,6924755606.0,Delhi,Delhi,2023-04-12,Premium
Cust01647,Isabella Johnson,Isabella.Johnson1647@Gmail.Com,7894730104.0,Bengaluru,Karnataka,2024-10-12,Regular
Cust01648,Pari Iyer,Pari.Iyer1648@Outlook.Com,6645580284.0,Kolkata,West Bengal,2024-04-10,Regular
Cust01649,Aditya Davis,Aditya.Davis1649@Mail.Com,8384775347.0,Surat,Gujarat,2022-10-03,New
Cust01650,Kabir Singh,Kabir.Singh1650@Gmail.Com,8641599563.0,Mumbai,Maharashtra,2024-05-17,Regular
Cust01651,Riya Williams,Riya.Williams1651_At_Mail.Com,9327566219.0,Jaipur,Rajasthan,2023-12-05,New
Cust01652,Reyansh Brown,Reyansh.Brown1652@Gmail.Com,7147544994.0,Pune,Maharashtra,2024-09-03,Premium
Cust01653,James Davis,James.Davis1653@Gmail.Com,9145532188.0,Surat,Gujarat,2022-02-21,New
Cust01654,Lucas Brown,Lucas.Brown1654_At_Mail.Com,7438930285.0,Mumbai,Maharashtra,2022-05-23,Regular
Cust01655,Aarav Gupta,Aarav.Gupta1655@Gmail.Com,7600039145.0,Ludhiana,Punjab,2021-12-21,New
Cust01656,Alexander Rao,Alexander.Rao1656@Gmail.Com,7138850168.0,Lucknow,Uttar Pradesh,2022-02-17,Regular
Cust01657,Henry Brown,Henry.Brown1657@Mail.Com,6182466503.0,Ludhiana,Punjab,2021-07-08,Premium
Cust01658,Saanvi Garcia,Saanvi.Garcia1658_At_Outlook.Com,9744419648.0,Ahmedabad,Gujarat,2024-10-07,Premium
Cust01659,Michael Singh,Michael.Singh1659@Yahoo.Com,7144397688.0,Kolkata,West Bengal,2024-02-18,Premium
Cust01660,Harper Johnson,Harper.Johnson1660@Mail.Com,9517320341.0,Bengaluru,Karnataka,,Vip
Cust01661,Aadhya Verma,Aadhya.Verma1661@Mail.Com,9560985529.0,Bengaluru,Karnataka,2022-05-25,Regular
Cust01662,Reyansh Gupta,Reyansh.Gupta1662@Yahoo.Com,8829658251.0,Nashik,Maharashtra,2022-09-11,Premium
Cust01663,Noah Miller,Noah.Miller1663@Yahoo.Com,8223504047.0,Lucknow,Uttar Pradesh,2024-10-25,Vip
Cust01664,Ishaan Sharma,Ishaan.Sharma1664@Mail.Com,,Surat,Gujarat,2023-06-20,Regular
Cust01665,Myra Brown,Myra.Brown1665@Gmail.Com,7933195802.0,Ludhiana,Punjab,2021-12-07,New
Cust01666,Lucas Patel,Lucas.Patel1666@Mail.Com,8393319570.0,Lucknow,Uttar Pradesh,,New
Cust01667,Emma Davis,Emma.Davis1667@Gmail.Com,6381616407.0,Indore,Madhya Pradesh,2024-10-13,Regular
Cust01668,Michael Wilson,Michael.Wilson1668@Gmail.Com,7183938732.0,Nashik,Maharashtra,2021-07-17,New
Cust01669,Isabella Singh,Isabella.Singh1669@Outlook.Com,7587628422.0,Nagpur,Maharashtra,2024-11-04,Regular
Cust01670,Sophia Rao,Sophia.Rao1670@Mail.Com,6232567157.0,Surat,Gujarat,2023-07-23,Regular
Cust01671,William Kumar,William.Kumar1671@Mail.Com,6515480357.0,Ludhiana,Punjab,2023-09-10,Vip
Cust01672,Pari Williams,Pari.Williams1672@Mail.Com,6496831088.0,Patna,Bihar,2024-03-16,Premium
Cust01673,Charlotte Kumar,Charlotte.Kumar1673@Yahoo.Com,7258869891.0,Kolkata,West Bengal,,Premium
Cust01674,John Davis,John.Davis1674@Outlook.Com,6293008105.0,Delhi,Delhi,2023-05-11,Premium
Cust01675,Emma Reddy,Emma.Reddy1675@Gmail.Com,7498859500.0,Mumbai,Maharashtra,2023-04-20,Regular
Cust01676,Kiara Kumar,Kiara.Kumar1676@Yahoo.Com,9749110817.0,Ahmedabad,Gujarat,2024-09-12,New
Cust01677,Pari Patel,Pari.Patel1677@Outlook.Com,6649749055.0,Kolkata,West Bengal,2024-01-24,Vip
Cust01678,Aditya Kumar,Aditya.Kumar1678@Gmail.Com,8344905498.0,Patna,Bihar,2024-12-11,Regular
Cust01679,Ishaan Sharma,Ishaan.Sharma1679@Gmail.Com,8433646237.0,Indore,Madhya Pradesh,2023-05-20,Vip
Cust01680,Emma Johnson,Emma.Johnson1680@Mail.Com,7236898431.0,Surat,Gujarat,2024-04-08,Regular
Cust01681,Charlotte Kumar,Charlotte.Kumar1681@Outlook.Com,8786544697.0,Lucknow,Uttar Pradesh,2022-02-09,Regular
Cust01682,Ananya Garcia,Ananya.Garcia1682@Gmail.Com,7461216890.0,Ludhiana,Punjab,2024-05-29,Premium
Cust01683,Benjamin Williams,Benjamin.Williams1683@Mail.Com,9671527981.0,Ludhiana,Punjab,2024-03-25,New
Cust01684,Rohan Verma,Rohan.Verma1684@Mail.Com,8869639577.0,Ludhiana,Punjab,2023-06-22,Regular
Cust01685,Rohan Gupta,Rohan.Gupta1685@Gmail.Com,9375870677.0,Jaipur,Rajasthan,2022-08-09,Regular
Cust01686,Riya Johnson,Riya.Johnson1686@Yahoo.Com,6428448079.0,Bhopal,Madhya Pradesh,2023-03-15,New
Cust01687,Liam Gupta,Liam.Gupta1687@Gmail.Com,8979059360.0,Jaipur,Rajasthan,2024-09-16,Vip
Cust01688,Reyansh Sharma,Reyansh.Sharma1688@Gmail.Com,7342973406.0,Nashik,Maharashtra,2024-10-25,Vip
Cust01689,Harper Brown,Harper.Brown1689@Gmail.Com,9999655565.0,Vadodara,Gujarat,2023-09-19,Regular
Cust01690,Henry Wilson,Henry.Wilson1690@Yahoo.Com,6569337854.0,Pune,Maharashtra,2024-05-04,Premium
Cust01691,Myra Reddy,Myra.Reddy1691@Gmail.Com,7383509352.0,Bhopal,Madhya Pradesh,2021-07-13,New
Cust01692,Amelia Reddy,Amelia.Reddy1692@Mail.Com,6876376627.0,Jaipur,Rajasthan,2021-06-28,Vip
Cust01693,Michael Williams,Michael.Williams1693_At_Gmail.Com,6869925101.0,Ludhiana,Punjab,2022-04-27,Regular
Cust01694,Rohan Gupta,Rohan.Gupta1694@Yahoo.Com,8616213582.0,Jaipur,Rajasthan,2023-12-03,Premium
Cust01695,Diya Sharma,Diya.Sharma1695@Outlook.Com,6711947172.0,Delhi,Delhi,2023-09-16,Vip
Cust01696,Aadhya Gupta,Aadhya.Gupta1696@Yahoo.Com,7320744105.0,Vadodara,Gujarat,2023-01-03,Regular
Cust01697,Ira Brown,Ira.Brown1697@Outlook.Com,,Nagpur,Maharashtra,,Vip
Cust01698,Harper Iyer,Harper.Iyer1698@Mail.Com,9189296072.0,Lucknow,Uttar Pradesh,2024-09-13,New
Cust01699,Olivia Wilson,Olivia.Wilson1699@Outlook.Com,6716121956.0,Hyderabad,Telangana,2022-08-16,Vip
Cust01700,Ananya Miller,Ananya.Miller1700@Mail.Com,6624110579.0,Kolkata,West Bengal,2023-06-24,Regular
Cust01701,Anaya Anderson,Anaya.Anderson1701@Gmail.Com,9688116102.0,Surat,Gujarat,2022-06-16,Vip
Cust01702,Alexander Sharma,Alexander.Sharma1702@Mail.Com,9135603000.0,Bengaluru,Karnataka,2022-09-16,Regular
Cust01703,Ananya Reddy,Ananya.Reddy1703@Mail.Com,8914047367.0,Agra,Uttar Pradesh,2024-11-02,Regular
Cust01704,Ishaan Williams,Ishaan.Williams1704@Outlook.Com,9434863746.0,Nashik,Maharashtra,2024-08-26,Regular
Cust01705,Vivaan Williams,Vivaan.Williams1705@Mail.Com,6815441398.0,Bhopal,Madhya Pradesh,2022-06-21,Regular
Cust01706,Diya Jones,Diya.Jones1706@Yahoo.Com,8161348078.0,Nagpur,Maharashtra,2024-08-20,Regular
Cust01707,Abigail Miller,Abigail.Miller1707@Gmail.Com,7488599931.0,Bhopal,Madhya Pradesh,,Premium
Cust01708,Kabir Smith,Kabir.Smith1708@Outlook.Com,6825771480.0,Chennai,Tamil Nadu,2023-10-10,Regular
Cust01709,Noah Garcia,Noah.Garcia1709@Mail.Com,7823219092.0,Kolkata,West Bengal,2023-05-26,Regular
Cust01710,Myra Reddy,Myra.Reddy1710@Mail.Com,9280620796.0,Ahmedabad,Gujarat,2024-03-14,Vip
Cust01711,Anaya Smith,Anaya.Smith1711@Mail.Com,7979678856.0,Jaipur,Rajasthan,2023-12-08,Premium
Cust01712,Kiara Nair,Kiara.Nair1712@Mail.Com,9869766707.0,Jaipur,Rajasthan,2021-08-02,New
Cust01713,Harper Nair,Harper.Nair1713@Mail.Com,7457304940.0,Pune,Maharashtra,2023-12-05,New
Cust01714,Liam Davis,Liam.Davis1714@Gmail.Com,8883184224.0,Nagpur,Maharashtra,2024-09-15,Premium
Cust01715,William Rao,William.Rao1715@Gmail.Com,9609725187.0,Kolkata,West Bengal,2021-06-10,New
Cust01716,Anaya Sharma,Anaya.Sharma1716@Outlook.Com,8537669307.0,Pune,Maharashtra,2024-06-10,Vip
Cust01717,Sophia Jones,Sophia.Jones1717@Outlook.Com,6563731500.0,Pune,Maharashtra,2022-09-05,Premium
Cust01718,Anaya Gupta,Anaya.Gupta1718@Outlook.Com,7978494502.0,Delhi,Delhi,2021-12-13,Regular
Cust01719,Lucas Gupta,Lucas.Gupta1719@Outlook.Com,7735546816.0,Patna,Bihar,2024-08-16,Premium
Cust01720,Vivaan Brown,Vivaan.Brown1720@Gmail.Com,7580163611.0,Kanpur,Uttar Pradesh,2022-12-19,Premium
Cust01721,Vivaan Johnson,Vivaan.Johnson1721@Yahoo.Com,6131131342.0,Vadodara,Gujarat,2024-03-02,New
Cust01722,Lucas Gupta,Lucas.Gupta1722@Yahoo.Com,6201847444.0,Agra,Uttar Pradesh,2022-01-25,Premium
Cust01723,Evelyn Davis,Evelyn.Davis1723@Outlook.Com,8366782407.0,Vadodara,Gujarat,2023-12-15,Regular
Cust01724,Arjun Verma,Arjun.Verma1724@Mail.Com,9979040076.0,Delhi,Delhi,2024-03-26,Regular
Cust01725,Ira Jones,Ira.Jones1725@Outlook.Com,9344811018.0,Kanpur,Uttar Pradesh,2024-01-18,Premium
Cust01726,Aarav Rao,Aarav.Rao1726@Outlook.Com,,Hyderabad,Telangana,2023-12-27,Regular
Cust01727,Anaya Iyer,Anaya.Iyer1727@Gmail.Com,7901132345.0,Jaipur,Rajasthan,2022-12-01,New
Cust01728,John Wilson,John.Wilson1728@Yahoo.Com,9595174981.0,Kanpur,Uttar Pradesh,2023-11-24,Regular
Cust01729,Abigail Verma,Abigail.Verma1729@Gmail.Com,9239939262.0,Nashik,Maharashtra,2024-12-10,Vip
Cust01730,Saanvi Iyer,Saanvi.Iyer1730@Outlook.Com,7103454272.0,Mumbai,Maharashtra,2023-12-03,Regular
Cust01731,Vihaan Singh,Vihaan.Singh1731@Mail.Com,9256733548.0,Nashik,Maharashtra,,Premium
Cust01732,Riya Kumar,Riya.Kumar1732@Yahoo.Com,,Nagpur,Maharashtra,2024-05-09,Premium
Cust01733,Aditya Wilson,Aditya.Wilson1733@Yahoo.Com,7419246769.0,Bhopal,Madhya Pradesh,2022-03-09,Regular
Cust01734,Myra Wilson,Myra.Wilson1734@Yahoo.Com,7354157021.0,Hyderabad,Telangana,2023-07-22,Regular
Cust01735,Noah Kumar,Noah.Kumar1735@Mail.Com,7205727707.0,Chennai,Tamil Nadu,2023-06-27,New
Cust01736,Reyansh Smith,Reyansh.Smith1736@Outlook.Com,9717602891.0,Nashik,Maharashtra,2023-04-18,New
Cust01737,Emma Sharma,Emma.Sharma1737@Outlook.Com,9865574996.0,Mumbai,Maharashtra,2024-04-25,Regular
Cust01738,Aditya Iyer,Aditya.Iyer1738@Outlook.Com,6739584741.0,Kanpur,Uttar Pradesh,2023-06-06,Regular
Cust01739,Emma Davis,Emma.Davis1739@Gmail.Com,8813015216.0,Bhopal,Madhya Pradesh,2023-04-21,New
Cust01740,Charlotte Nair,Charlotte.Nair1740@Outlook.Com,7860251497.0,Kolkata,West Bengal,2024-05-03,Vip
Cust01741,Kiara Miller,,9863102777.0,Lucknow,Uttar Pradesh,2023-06-30,Regular
Cust01742,James Jones,James.Jones1742@Outlook.Com,9568556116.0,Kolkata,West Bengal,2024-12-08,New
Cust01743,Emma Johnson,,8933785479.0,Bhopal,Madhya Pradesh,2022-12-06,Regular
Cust01744,Aryan Kumar,Aryan.Kumar1744@Mail.Com,7311896936.0,Surat,Gujarat,2023-07-08,Regular
Cust01745,Vihaan Verma,Vihaan.Verma1745@Outlook.Com,8948584327.0,Kanpur,Uttar Pradesh,2024-10-12,New
Cust01746,Kabir Brown,Kabir.Brown1746@Yahoo.Com,6850927218.0,Indore,Madhya Pradesh,2023-10-12,Regular
Cust01747,Aarav Rao,Aarav.Rao1747@Gmail.Com,9415361317.0,Patna,Bihar,2021-12-13,New
Cust01748,Saanvi Patel,Saanvi.Patel1748@Mail.Com,6149634628.0,Nashik,Maharashtra,2022-10-24,Regular
Cust01749,Amelia Davis,,9135875791.0,Ludhiana,Punjab,2022-07-23,Regular
Cust01750,Saanvi Williams,Saanvi.Williams1750@Outlook.Com,8836557272.0,Pune,Maharashtra,2022-09-02,Regular
Cust01751,Aarav Iyer,Aarav.Iyer1751@Mail.Com,9700863437.0,Kolkata,West Bengal,2024-05-31,New
Cust01752,James Jones,James.Jones1752@Mail.Com,7963701556.0,Mumbai,Maharashtra,2024-07-02,Premium
Cust01753,Sophia Brown,Sophia.Brown1753@Outlook.Com,6429589436.0,Mumbai,Maharashtra,2022-11-24,Vip
Cust01754,Charlotte Anderson,Charlotte.Anderson1754@Mail.Com,7656502319.0,Ludhiana,Punjab,2024-02-11,Vip
Cust01755,Ira Williams,Ira.Williams1755@Mail.Com,7512340708.0,Kolkata,West Bengal,2024-08-23,Regular
Cust01756,Isabella Williams,Isabella.Williams1756@Outlook.Com,7110991797.0,Nagpur,Maharashtra,2024-09-21,Regular
Cust01757,Evelyn Williams,Evelyn.Williams1757@Mail.Com,9230712174.0,Ludhiana,Punjab,2022-06-22,Premium
Cust01758,Rohan Nair,Rohan.Nair1758@Mail.Com,9343263101.0,Pune,Maharashtra,2024-06-03,Premium
Cust01759,Arjun Reddy,Arjun.Reddy1759@Mail.Com,7632331549.0,Delhi,Delhi,2022-12-10,New
Cust01760,Benjamin Williams,Benjamin.Williams1760@Outlook.Com,6703037523.0,Delhi,Delhi,2023-07-06,New
Cust01761,Liam Brown,Liam.Brown1761@Outlook.Com,7330677893.0,Pune,Maharashtra,2022-05-20,Vip
Cust01762,Michael Reddy,Michael.Reddy1762@Outlook.Com,9413360097.0,Vadodara,Gujarat,2023-11-15,Vip
Cust01763,Kiara Smith,Kiara.Smith1763@Gmail.Com,7820126282.0,Mumbai,Maharashtra,2023-05-12,Vip
Cust01764,Harper Smith,Harper.Smith1764@Gmail.Com,8299318337.0,Agra,Uttar Pradesh,2024-04-05,Vip
Cust01765,Charlotte Wilson,Charlotte.Wilson1765@Gmail.Com,8688375406.0,Nagpur,Maharashtra,2021-09-06,Premium
Cust01766,Charlotte Verma,Charlotte.Verma1766@Gmail.Com,9667735459.0,Bhopal,Madhya Pradesh,2023-02-10,Regular
Cust01767,Emma Kumar,Emma.Kumar1767_At_Mail.Com,6202738319.0,Surat,Gujarat,2022-08-30,New
Cust01768,Aarav Miller,Aarav.Miller1768@Mail.Com,7232610028.0,Indore,Madhya Pradesh,2021-11-19,Regular
Cust01769,Harper Wilson,Harper.Wilson1769@Mail.Com,8983803428.0,Surat,Gujarat,2023-12-17,Premium
Cust01770,Abigail Kumar,Abigail.Kumar1770@Mail.Com,8544279752.0,Kanpur,Uttar Pradesh,2023-09-08,Regular
Cust01771,Michael Smith,Michael.Smith1771@Gmail.Com,6449892997.0,Ahmedabad,Gujarat,2023-10-25,Vip
Cust01772,Liam Verma,Liam.Verma1772@Yahoo.Com,9108271710.0,Kanpur,Uttar Pradesh,2023-11-26,Regular
Cust01773,Arjun Patel,Arjun.Patel1773@Yahoo.Com,6587092224.0,Nashik,Maharashtra,2022-08-03,Premium
Cust01774,Aadhya Iyer,Aadhya.Iyer1774@Gmail.Com,7888208090.0,Lucknow,Uttar Pradesh,2021-11-29,Vip
Cust01775,Diya Kumar,Diya.Kumar1775@Gmail.Com,8391423873.0,Jaipur,Rajasthan,2023-10-07,Premium
Cust01776,Kabir Wilson,Kabir.Wilson1776@Gmail.Com,9931951286.0,Bengaluru,Karnataka,2023-04-07,Premium
Cust01777,Alexander Iyer,Alexander.Iyer1777@Yahoo.Com,8340808551.0,Kolkata,West Bengal,2022-10-15,Regular
Cust01778,Diya Jones,Diya.Jones1778_At_Gmail.Com,7228331462.0,Jaipur,Rajasthan,2022-10-05,Vip
Cust01779,Mia Sharma,Mia.Sharma1779@Outlook.Com,8466155656.0,Nashik,Maharashtra,2022-05-28,Regular
Cust01780,Henry Miller,Henry.Miller1780@Gmail.Com,7508754444.0,Bhopal,Madhya Pradesh,2023-07-30,Regular
Cust01781,Kiara Wilson,Kiara.Wilson1781@Yahoo.Com,9836190949.0,Kanpur,Uttar Pradesh,2024-10-04,Regular
Cust01782,Arjun Miller,Arjun.Miller1782@Yahoo.Com,6129989456.0,Jaipur,Rajasthan,2023-02-19,Regular
Cust01783,Michael Kumar,Michael.Kumar1783@Outlook.Com,,Patna,Bihar,2023-08-06,New
Cust01784,Liam Garcia,Liam.Garcia1784@Outlook.Com,8583362893.0,Chennai,Tamil Nadu,2023-10-04,Regular
Cust01785,Arjun Gupta,Arjun.Gupta1785@Mail.Com,9128335562.0,Pune,Maharashtra,2023-11-24,Regular
Cust01786,Aarav Garcia,Aarav.Garcia1786@Gmail.Com,8245958019.0,Nagpur,Maharashtra,2022-05-25,Regular
Cust01787,Amelia Jones,Amelia.Jones1787@Mail.Com,9190867372.0,Agra,Uttar Pradesh,2024-01-21,Premium
Cust01788,Emma Brown,,6582752335.0,Lucknow,Uttar Pradesh,2024-10-14,New
Cust01789,Evelyn Singh,Evelyn.Singh1789@Yahoo.Com,9319743713.0,Pune,Maharashtra,2024-08-23,Premium
Cust01790,Abigail Singh,Abigail.Singh1790@Outlook.Com,9555712924.0,Jaipur,Rajasthan,2024-05-25,Vip
Cust01791,Rohan Gupta,Rohan.Gupta1791@Mail.Com,6402959443.0,Nashik,Maharashtra,2022-10-16,New
Cust01792,Emma Garcia,Emma.Garcia1792@Outlook.Com,6748980793.0,Patna,Bihar,2022-02-24,Premium
Cust01793,Vihaan Williams,Vihaan.Williams1793@Outlook.Com,8509657880.0,Hyderabad,Telangana,2024-09-09,Regular
Cust01794,Olivia Iyer,Olivia.Iyer1794@Gmail.Com,6697871670.0,Lucknow,Uttar Pradesh,2023-08-29,Regular
Cust01795,Olivia Iyer,Olivia.Iyer1795@Yahoo.Com,6840394317.0,Ahmedabad,Gujarat,2024-10-22,Premium
Cust01796,Noah Gupta,Noah.Gupta1796@Gmail.Com,8411796187.0,Hyderabad,Telangana,2023-12-27,Premium
Cust01797,Aadhya Patel,Aadhya.Patel1797@Mail.Com,7108670337.0,Agra,Uttar Pradesh,2023-01-03,Premium
Cust01798,Vihaan Smith,Vihaan.Smith1798@Outlook.Com,6878216445.0,Agra,Uttar Pradesh,2021-11-23,Vip
Cust01799,Myra Rao,Myra.Rao1799@Outlook.Com,9173776438.0,Patna,Bihar,2023-05-06,Regular
Cust01800,Abigail Nair,Abigail.Nair1800@Gmail.Com,7583943298.0,Indore,Madhya Pradesh,2022-07-01,Regular
Cust01801,William Jones,William.Jones1801@Gmail.Com,7117794810.0,Jaipur,Rajasthan,2022-09-24,Regular
Cust01802,Arjun Sharma,Arjun.Sharma1802@Outlook.Com,6379648060.0,Kanpur,Uttar Pradesh,2023-01-06,Regular
Cust01803,Amelia Patel,Amelia.Patel1803@Mail.Com,9329918068.0,Agra,Uttar Pradesh,2022-10-30,New
Cust01804,Noah Patel,Noah.Patel1804@Gmail.Com,9302563717.0,Kanpur,Uttar Pradesh,2023-03-09,Regular
Cust01805,Saanvi Williams,Saanvi.Williams1805@Yahoo.Com,7404762660.0,Chennai,Tamil Nadu,2021-06-21,Premium
Cust01806,William Anderson,William.Anderson1806@Yahoo.Com,7104258484.0,Bengaluru,Karnataka,2023-12-12,Premium
Cust01807,Vihaan Anderson,Vihaan.Anderson1807@Outlook.Com,9873891172.0,Indore,Madhya Pradesh,2021-09-26,Premium
Cust01808,Henry Johnson,Henry.Johnson1808@Gmail.Com,9378913646.0,Bengaluru,Karnataka,2022-06-13,Regular
Cust01809,Emma Williams,Emma.Williams1809@Gmail.Com,7568283033.0,Bengaluru,Karnataka,2024-06-01,Premium
Cust01810,Diya Brown,Diya.Brown1810@Mail.Com,8656078651.0,Nashik,Maharashtra,2021-10-30,New
Cust01811,Benjamin Anderson,Benjamin.Anderson1811@Gmail.Com,8707544198.0,Lucknow,Uttar Pradesh,2022-06-13,Premium
Cust01812,Evelyn Gupta,Evelyn.Gupta1812@Gmail.Com,7640926620.0,Hyderabad,Telangana,2023-01-18,Regular
Cust01813,Sophia Wilson,Sophia.Wilson1813@Yahoo.Com,8542583515.0,Mumbai,Maharashtra,2022-02-17,Premium
Cust01814,Aditya Kumar,Aditya.Kumar1814@Gmail.Com,7853595916.0,Nashik,Maharashtra,2024-04-10,Regular
Cust01815,Lucas Patel,Lucas.Patel1815@Yahoo.Com,9365528784.0,Bhopal,Madhya Pradesh,2023-04-15,Regular
Cust01816,Henry Gupta,Henry.Gupta1816@Outlook.Com,9701023171.0,Hyderabad,Telangana,2022-01-02,Premium
Cust01817,Michael Williams,Michael.Williams1817@Yahoo.Com,8683196777.0,Mumbai,Maharashtra,2022-02-26,Premium
Cust01818,Sophia Miller,Sophia.Miller1818@Gmail.Com,8110767117.0,Lucknow,Uttar Pradesh,2022-02-11,New
Cust01819,Benjamin Miller,Benjamin.Miller1819@Mail.Com,8799878663.0,Agra,Uttar Pradesh,2024-06-15,Vip
Cust01820,Liam Rao,Liam.Rao1820@Gmail.Com,6622691997.0,Bengaluru,Karnataka,2021-09-04,Vip
Cust01821,Vihaan Sharma,Vihaan.Sharma1821@Yahoo.Com,,Nashik,Maharashtra,2024-03-20,Premium
Cust01822,Ananya Brown,Ananya.Brown1822@Outlook.Com,8737295639.0,Indore,Madhya Pradesh,2022-10-07,Regular
Cust01823,Ishaan Garcia,Ishaan.Garcia1823@Yahoo.Com,8509446519.0,Chennai,Tamil Nadu,2024-11-01,Regular
Cust01824,Aditya Nair,Aditya.Nair1824@Yahoo.Com,6930295523.0,Bengaluru,Karnataka,2024-05-17,Regular
Cust01825,Isabella Wilson,Isabella.Wilson1825@Yahoo.Com,7367841031.0,Bhopal,Madhya Pradesh,,New
Cust01826,Liam Johnson,Liam.Johnson1826@Gmail.Com,7708105497.0,Agra,Uttar Pradesh,2024-11-14,Regular
Cust01827,Noah Brown,Noah.Brown1827@Mail.Com,9971735162.0,Agra,Uttar Pradesh,2023-06-19,Regular
Cust01828,Michael Nair,Michael.Nair1828@Yahoo.Com,7461471892.0,Kolkata,West Bengal,2021-08-24,Premium
Cust01829,James Reddy,James.Reddy1829@Outlook.Com,9127820312.0,Patna,Bihar,2023-09-03,New
Cust01830,Michael Anderson,Michael.Anderson1830@Gmail.Com,9370377672.0,Pune,Maharashtra,2024-03-28,Premium
Cust01831,Charlotte Davis,Charlotte.Davis1831@Mail.Com,8986974265.0,Kolkata,West Bengal,2024-07-05,Regular
Cust01832,Amelia Anderson,Amelia.Anderson1832@Yahoo.Com,6896419624.0,Lucknow,Uttar Pradesh,2022-03-26,Regular
Cust01833,Evelyn Brown,Evelyn.Brown1833@Yahoo.Com,8175516523.0,Nashik,Maharashtra,2022-08-10,Premium
Cust01834,Noah Williams,Noah.Williams1834@Yahoo.Com,6885982551.0,Agra,Uttar Pradesh,2022-11-28,Premium
Cust01835,Vivaan Iyer,Vivaan.Iyer1835@Mail.Com,,Delhi,Delhi,2022-03-06,Regular
Cust01836,Lucas Patel,Lucas.Patel1836@Mail.Com,6167303380.0,Ludhiana,Punjab,2024-02-03,Regular
Cust01837,Arjun Rao,Arjun.Rao1837@Mail.Com,8813759019.0,Mumbai,Maharashtra,2023-01-09,Premium
Cust01838,Myra Rao,Myra.Rao1838@Outlook.Com,7171235647.0,Mumbai,Maharashtra,2023-02-07,Vip
Cust01839,Kabir Iyer,Kabir.Iyer1839@Outlook.Com,6713347848.0,Delhi,Delhi,2024-02-07,Premium
Cust01840,Michael Brown,Michael.Brown1840@Mail.Com,6953529074.0,Vadodara,Gujarat,2024-10-25,Regular
Cust01841,Mia Miller,Mia.Miller1841@Mail.Com,7168255263.0,Patna,Bihar,2024-01-22,Premium
Cust01842,Lucas Wilson,Lucas.Wilson1842@Yahoo.Com,8144796232.0,Patna,Bihar,2022-09-18,Regular
Cust01843,Noah Brown,Noah.Brown1843@Gmail.Com,8401237575.0,Ludhiana,Punjab,2021-08-16,Vip
Cust01844,Aditya Iyer,Aditya.Iyer1844@Gmail.Com,7647607014.0,Kolkata,West Bengal,2024-08-22,Regular
Cust01845,Sophia Kumar,Sophia.Kumar1845@Gmail.Com,7745265870.0,Pune,Maharashtra,2024-09-22,Premium
Cust01846,James Iyer,James.Iyer1846@Outlook.Com,9250616480.0,Bhopal,Madhya Pradesh,2021-11-14,New
Cust01847,Michael Johnson,Michael.Johnson1847@Outlook.Com,7386667664.0,Delhi,Delhi,2023-12-23,Regular
Cust01848,Noah Davis,Noah.Davis1848@Yahoo.Com,8957981052.0,Delhi,Delhi,2021-09-02,Vip
Cust01849,Vivaan Anderson,Vivaan.Anderson1849@Outlook.Com,9939978716.0,Nagpur,Maharashtra,2022-01-17,Premium
Cust01850,Pari Gupta,Pari.Gupta1850@Gmail.Com,6539004547.0,Vadodara,Gujarat,2023-10-19,New
Cust01851,Riya Rao,Riya.Rao1851@Mail.Com,6604679018.0,Mumbai,Maharashtra,2022-02-10,Regular
Cust01852,John Jones,John.Jones1852@Gmail.Com,8943778802.0,Bhopal,Madhya Pradesh,2022-10-28,Premium
Cust01853,Henry Anderson,Henry.Anderson1853@Mail.Com,9910420270.0,Delhi,Delhi,2022-01-12,Premium
Cust01854,Alexander Davis,Alexander.Davis1854@Yahoo.Com,8404545182.0,Surat,Gujarat,2024-05-30,Regular
Cust01855,Noah Brown,Noah.Brown1855@Outlook.Com,7483619073.0,Kanpur,Uttar Pradesh,2021-12-30,Regular
Cust01856,Liam Verma,Liam.Verma1856@Gmail.Com,6390781985.0,Ahmedabad,Gujarat,2023-06-10,Vip
Cust01857,Emma Reddy,Emma.Reddy1857@Mail.Com,8320659150.0,Lucknow,Uttar Pradesh,2022-11-25,Regular
Cust01858,Vivaan Williams,Vivaan.Williams1858@Gmail.Com,6797519047.0,Delhi,Delhi,2021-08-21,New
Cust01859,Saanvi Brown,Saanvi.Brown1859@Mail.Com,7976497758.0,Jaipur,Rajasthan,2022-03-20,New
Cust01860,John Anderson,John.Anderson1860@Outlook.Com,9673312028.0,Lucknow,Uttar Pradesh,2023-03-21,Premium
Cust01861,Aryan Williams,Aryan.Williams1861@Yahoo.Com,9673225190.0,Nashik,Maharashtra,2024-09-15,Premium
Cust01862,Michael Garcia,Michael.Garcia1862@Outlook.Com,9844816522.0,Lucknow,Uttar Pradesh,2022-01-06,Regular
Cust01863,Charlotte Davis,Charlotte.Davis1863@Gmail.Com,6967900379.0,Jaipur,Rajasthan,2023-02-08,Premium
Cust01864,Charlotte Miller,Charlotte.Miller1864@Outlook.Com,6384051216.0,Pune,Maharashtra,2021-08-23,New
Cust01865,William Wilson,William.Wilson1865@Yahoo.Com,8896411037.0,Kanpur,Uttar Pradesh,2023-07-02,Premium
Cust01866,Riya Williams,Riya.Williams1866@Gmail.Com,,Chennai,Tamil Nadu,2023-06-23,New
Cust01867,Aditya Patel,Aditya.Patel1867@Mail.Com,8251757781.0,Jaipur,Rajasthan,2024-01-30,Regular
Cust01868,Ishaan Miller,Ishaan.Miller1868@Outlook.Com,9333653334.0,Delhi,Delhi,2022-10-01,Premium
Cust01869,Alexander Davis,Alexander.Davis1869@Outlook.Com,6697871037.0,Ahmedabad,Gujarat,2022-10-25,Vip
Cust01870,Henry Brown,Henry.Brown1870@Outlook.Com,7863703626.0,Bhopal,Madhya Pradesh,2024-04-18,Regular
Cust01871,Riya Kumar,Riya.Kumar1871@Mail.Com,8255763158.0,Jaipur,Rajasthan,2021-02-08,Premium
Cust01872,Rohan Miller,Rohan.Miller1872@Mail.Com,,Jaipur,Rajasthan,2021-09-05,New
Cust01873,Reyansh Singh,Reyansh.Singh1873@Mail.Com,9117081325.0,Ahmedabad,Gujarat,2022-10-03,Regular
Cust01874,Riya Smith,Riya.Smith1874@Outlook.Com,8574973335.0,Indore,Madhya Pradesh,2024-03-15,Vip
Cust01875,Anaya Reddy,Anaya.Reddy1875@Yahoo.Com,6307797296.0,Ahmedabad,Gujarat,2023-12-04,Regular
Cust01876,Reyansh Johnson,Reyansh.Johnson1876@Gmail.Com,9625829742.0,Chennai,Tamil Nadu,2021-10-31,New
Cust01877,Amelia Williams,Amelia.Williams1877@Mail.Com,7332546789.0,Bengaluru,Karnataka,2023-06-24,New
Cust01878,Aarav Garcia,Aarav.Garcia1878@Yahoo.Com,9814323571.0,Kanpur,Uttar Pradesh,2021-09-28,Vip
Cust01879,Aadhya Gupta,Aadhya.Gupta1879@Yahoo.Com,7191949852.0,Vadodara,Gujarat,2023-05-12,Regular
Cust01880,Olivia Anderson,Olivia.Anderson1880@Gmail.Com,9100277777.0,Patna,Bihar,2022-04-19,Premium
Cust01881,Saanvi Gupta,Saanvi.Gupta1881@Outlook.Com,7712284927.0,Delhi,Delhi,2022-03-11,Premium
Cust01882,,Abigail.Davis1882@Mail.Com,7578330240.0,Mumbai,Maharashtra,2022-07-24,Premium
Cust01883,Vihaan Brown,Vihaan.Brown1883@Gmail.Com,9599136365.0,Chennai,Tamil Nadu,2023-01-08,Regular
Cust01884,Lucas Brown,Lucas.Brown1884@Mail.Com,6448474222.0,Ludhiana,Punjab,2023-05-08,Regular
Cust01885,Aditya Rao,Aditya.Rao1885@Mail.Com,6767893791.0,Nagpur,Maharashtra,2022-03-04,Vip
Cust01886,Kabir Rao,Kabir.Rao1886@Yahoo.Com,8799329110.0,Lucknow,Uttar Pradesh,2021-09-17,Premium
Cust01887,Charlotte Williams,Charlotte.Williams1887@Outlook.Com,8716321691.0,Hyderabad,Telangana,2023-11-03,Premium
Cust01888,Benjamin Garcia,Benjamin.Garcia1888@Mail.Com,7672195337.0,Jaipur,Rajasthan,2024-06-12,Regular
Cust01889,Isabella Jones,Isabella.Jones1889@Yahoo.Com,9641169864.0,Pune,Maharashtra,2024-09-12,Vip
Cust01890,Vihaan Patel,Vihaan.Patel1890@Yahoo.Com,9562954633.0,Kanpur,Uttar Pradesh,2024-10-20,Regular
Cust01891,Benjamin Garcia,,9618051282.0,Kolkata,West Bengal,2023-08-20,New
Cust01892,Evelyn Singh,Evelyn.Singh1892@Mail.Com,8912663283.0,Pune,Maharashtra,2022-06-05,Vip
Cust01893,Olivia Williams,Olivia.Williams1893@Mail.Com,,Ludhiana,Punjab,2023-05-15,Vip
Cust01894,Kabir Johnson,Kabir.Johnson1894@Yahoo.Com,7932786773.0,Mumbai,Maharashtra,2021-06-29,Regular
Cust01895,Emma Miller,Emma.Miller1895@Yahoo.Com,8133099332.0,Jaipur,Rajasthan,2021-11-11,Premium
Cust01896,Evelyn Davis,Evelyn.Davis1896@Outlook.Com,7761996679.0,Nashik,Maharashtra,2023-12-10,Premium
Cust01897,Aditya Brown,Aditya.Brown1897@Gmail.Com,6206636688.0,Pune,Maharashtra,2022-11-03,Vip
Cust01898,Reyansh Miller,Reyansh.Miller1898@Outlook.Com,6701101447.0,Nagpur,Maharashtra,2022-10-16,Regular
Cust01899,Michael Miller,Michael.Miller1899@Mail.Com,7373768402.0,Vadodara,Gujarat,2023-11-27,Vip
Cust01900,Ira Patel,Ira.Patel1900@Outlook.Com,8774060037.0,Hyderabad,Telangana,2024-11-03,Regular
Cust01901,Henry Singh,Henry.Singh1901@Gmail.Com,8718734932.0,Vadodara,Gujarat,2022-05-07,Regular
Cust01902,Kabir Reddy,,7649172043.0,Kanpur,Uttar Pradesh,2023-10-22,Vip
Cust01903,Pari Gupta,Pari.Gupta1903@Mail.Com,9418580153.0,Ludhiana,Punjab,2024-03-10,Premium
Cust01904,Ira Johnson,Ira.Johnson1904@Mail.Com,6907277180.0,Kanpur,Uttar Pradesh,2024-02-10,Premium
Cust01905,Sophia Verma,Sophia.Verma1905@Outlook.Com,7788011512.0,Indore,Madhya Pradesh,2023-03-13,New
Cust01906,Vihaan Rao,Vihaan.Rao1906@Mail.Com,6254179962.0,Surat,Gujarat,2022-12-31,Premium
Cust01907,Olivia Verma,Olivia.Verma1907@Mail.Com,6941423105.0,Vadodara,Gujarat,2023-11-16,Premium
Cust01908,James Brown,James.Brown1908@Yahoo.Com,9375890588.0,Kolkata,West Bengal,2021-12-14,Regular
Cust01909,Vivaan Patel,Vivaan.Patel1909@Gmail.Com,,Kanpur,Uttar Pradesh,2022-12-11,Regular
Cust01910,Rohan Rao,Rohan.Rao1910@Outlook.Com,7180337073.0,Indore,Madhya Pradesh,2024-11-12,Vip
Cust01911,Myra Smith,Myra.Smith1911@Gmail.Com,8798111415.0,Bengaluru,Karnataka,2022-10-22,New
Cust01912,Isabella Iyer,Isabella.Iyer1912@Yahoo.Com,7862991099.0,Ludhiana,Punjab,2023-11-27,Premium
Cust01913,John Williams,John.Williams1913@Gmail.Com,9932057012.0,Indore,Madhya Pradesh,2022-03-06,New
Cust01914,James Singh,James.Singh1914@Yahoo.Com,7247519427.0,Kanpur,Uttar Pradesh,2022-09-02,Vip
Cust01915,Alexander Verma,,6973156351.0,Delhi,Delhi,2024-12-06,New
Cust01916,Diya Garcia,Diya.Garcia1916@Mail.Com,9933057819.0,Kanpur,Uttar Pradesh,2021-11-16,Regular
Cust01917,William Singh,William.Singh1917@Outlook.Com,6839408642.0,Delhi,Delhi,2021-12-24,Vip
Cust01918,Alexander Reddy,Alexander.Reddy1918@Outlook.Com,8885756969.0,Ahmedabad,Gujarat,,Premium
Cust01919,Vihaan Miller,Vihaan.Miller1919@Outlook.Com,7170379231.0,Chennai,Tamil Nadu,2021-10-18,Premium
Cust01920,Michael Verma,,8891885938.0,Chennai,Tamil Nadu,2024-05-05,Regular
Cust01921,Mia Sharma,,,Nashik,Maharashtra,2021-07-09,Vip
Cust01922,Emma Iyer,Emma.Iyer1922@Yahoo.Com,8625616844.0,Lucknow,Uttar Pradesh,2022-11-23,Vip
Cust01923,Aadhya Smith,Aadhya.Smith1923@Outlook.Com,7602675155.0,Chennai,Tamil Nadu,2023-08-21,Vip
Cust01924,Myra Wilson,Myra.Wilson1924@Yahoo.Com,9993641788.0,Bengaluru,Karnataka,2023-05-24,Regular
Cust01925,Aadhya Iyer,Aadhya.Iyer1925@Gmail.Com,7641430582.0,Surat,Gujarat,2023-12-16,Vip
Cust01926,Rohan Anderson,Rohan.Anderson1926@Gmail.Com,9258954825.0,Kanpur,Uttar Pradesh,2024-10-24,Premium
Cust01927,Reyansh Rao,Reyansh.Rao1927@Yahoo.Com,6822993852.0,Chennai,Tamil Nadu,2021-08-22,Premium
Cust01928,Reyansh Verma,Reyansh.Verma1928@Gmail.Com,8522919028.0,Kolkata,West Bengal,2023-08-27,New
Cust01929,Henry Brown,Henry.Brown1929@Gmail.Com,9778111556.0,Ahmedabad,Gujarat,2022-05-19,Vip
Cust01930,Noah Verma,Noah.Verma1930@Mail.Com,6214271444.0,Kolkata,West Bengal,2022-07-05,Regular
Cust01931,Aditya Verma,Aditya.Verma1931@Mail.Com,7652417581.0,Indore,Madhya Pradesh,2024-02-14,Vip
Cust01932,Kabir Miller,Kabir.Miller1932@Yahoo.Com,,Surat,Gujarat,2022-12-28,Vip
Cust01933,William Johnson,William.Johnson1933@Mail.Com,9458828163.0,Indore,Madhya Pradesh,2022-07-31,New
Cust01934,Arjun Davis,Arjun.Davis1934@Outlook.Com,6525076462.0,Nagpur,Maharashtra,2023-06-20,Premium
Cust01935,James Sharma,James.Sharma1935@Gmail.Com,8857352096.0,Lucknow,Uttar Pradesh,2022-04-25,Premium
Cust01936,Rohan Patel,Rohan.Patel1936@Gmail.Com,8450112522.0,Jaipur,Rajasthan,2023-05-09,New
Cust01937,Diya Jones,Diya.Jones1937@Yahoo.Com,9393148484.0,Ahmedabad,Gujarat,2023-11-11,New
Cust01938,Arjun Iyer,Arjun.Iyer1938@Mail.Com,,Kolkata,West Bengal,2023-06-25,Premium
Cust01939,Aryan Singh,Aryan.Singh1939@Outlook.Com,7709633898.0,Ahmedabad,Gujarat,2024-07-29,New
Cust01940,Evelyn Smith,Evelyn.Smith1940@Yahoo.Com,6678206746.0,Surat,Gujarat,2024-04-01,Vip
Cust01941,Benjamin Davis,Benjamin.Davis1941@Yahoo.Com,6505107543.0,Ludhiana,Punjab,2022-09-12,Vip
Cust01942,Ira Reddy,Ira.Reddy1942@Mail.Com,,Lucknow,Uttar Pradesh,2023-02-05,Regular
Cust01943,Liam Singh,Liam.Singh1943@Mail.Com,8326253648.0,Ahmedabad,Gujarat,2023-04-16,Vip
Cust01944,Ira Brown,Ira.Brown1944@Yahoo.Com,7602000979.0,Pune,Maharashtra,2022-11-15,Premium
Cust01945,Ishaan Verma,Ishaan.Verma1945@Outlook.Com,6193344808.0,Nagpur,Maharashtra,2024-01-05,Vip
Cust01946,Amelia Davis,Amelia.Davis1946@Mail.Com,8391885050.0,Nashik,Maharashtra,2022-11-18,Regular
Cust01947,Abigail Johnson,Abigail.Johnson1947@Gmail.Com,7547844736.0,Pune,Maharashtra,2023-02-18,New
Cust01948,Kiara Gupta,Kiara.Gupta1948@Yahoo.Com,8387607301.0,Agra,Uttar Pradesh,2021-11-01,Premium
Cust01949,Charlotte Anderson,Charlotte.Anderson1949@Yahoo.Com,9197773793.0,Chennai,Tamil Nadu,2022-05-08,Regular
Cust01950,Ananya Sharma,Ananya.Sharma1950@Gmail.Com,9490640622.0,Bengaluru,Karnataka,2022-07-19,Premium
Cust01951,Arjun Rao,Arjun.Rao1951@Gmail.Com,,Pune,Maharashtra,,Regular
Cust01952,Kabir Singh,Kabir.Singh1952@Outlook.Com,8204886542.0,Bhopal,Madhya Pradesh,2024-03-06,Premium
Cust01953,Aarav Sharma,Aarav.Sharma1953@Gmail.Com,9597049646.0,Lucknow,Uttar Pradesh,2022-08-24,Premium
Cust01954,Myra Davis,Myra.Davis1954@Mail.Com,7405670893.0,Surat,Gujarat,2023-11-23,Regular
Cust01955,Harper Jones,Harper.Jones1955@Gmail.Com,8135625403.0,Delhi,Delhi,2021-09-18,Regular
Cust01956,Lucas Reddy,Lucas.Reddy1956@Outlook.Com,9291900437.0,Chennai,Tamil Nadu,2022-02-01,Vip
Cust01957,Myra Singh,Myra.Singh1957@Outlook.Com,8833624527.0,Kanpur,Uttar Pradesh,2022-07-02,Premium
Cust01958,Aditya Singh,Aditya.Singh1958@Gmail.Com,6705589863.0,Surat,Gujarat,2022-05-20,Regular
Cust01959,Charlotte Sharma,Charlotte.Sharma1959@Gmail.Com,6642815871.0,Indore,Madhya Pradesh,,Premium
Cust01960,John Gupta,John.Gupta1960@Outlook.Com,7909614661.0,Bhopal,Madhya Pradesh,2022-10-06,Regular
Cust01961,Liam Smith,,9487635834.0,Bengaluru,Karnataka,2024-11-11,Regular
Cust01962,Benjamin Smith,Benjamin.Smith1962_At_Outlook.Com,7275896782.0,Indore,Madhya Pradesh,2024-03-13,Vip
Cust01963,Benjamin Anderson,,8125443880.0,Nagpur,Maharashtra,2022-12-25,Premium
Cust01964,John Sharma,John.Sharma1964@Gmail.Com,8588082687.0,Bhopal,Madhya Pradesh,2022-10-24,Premium
Cust01965,Harper Iyer,Harper.Iyer1965_At_Yahoo.Com,8167872219.0,Jaipur,Rajasthan,,Vip
Cust01966,Abigail Anderson,Abigail.Anderson1966@Gmail.Com,9530817164.0,Bengaluru,Karnataka,2024-01-31,Premium
Cust01967,Reyansh Jones,Reyansh.Jones1967@Gmail.Com,7971874799.0,Agra,Uttar Pradesh,2023-11-24,Regular
Cust01968,Saanvi Nair,Saanvi.Nair1968@Gmail.Com,9430611102.0,Ludhiana,Punjab,2021-11-26,Premium
Cust01969,Kabir Gupta,Kabir.Gupta1969@Outlook.Com,6636707230.0,Nagpur,Maharashtra,2024-01-22,Vip
Cust01970,Henry Williams,Henry.Williams1970@Gmail.Com,8948415007.0,Indore,Madhya Pradesh,2023-04-03,New
Cust01971,Aditya Kumar,Aditya.Kumar1971@Yahoo.Com,7855880512.0,Pune,Maharashtra,2023-02-03,Vip
Cust01972,John Reddy,John.Reddy1972@Yahoo.Com,8671354510.0,Agra,Uttar Pradesh,2024-07-26,Vip
Cust01973,Mia Singh,Mia.Singh1973@Yahoo.Com,6834935084.0,Chennai,Tamil Nadu,2022-11-19,Regular
Cust01974,Isabella Reddy,Isabella.Reddy1974@Outlook.Com,7386224283.0,Bhopal,Madhya Pradesh,2022-05-11,Regular
Cust01975,Michael Kumar,Michael.Kumar1975@Yahoo.Com,6810294650.0,Chennai,Tamil Nadu,2022-04-29,Vip
Cust01976,Ira Sharma,Ira.Sharma1976@Mail.Com,9541320138.0,Pune,Maharashtra,2022-12-20,Regular
Cust01977,Sophia Reddy,Sophia.Reddy1977@Outlook.Com,8546249621.0,Chennai,Tamil Nadu,2024-05-31,Regular
Cust01978,Aditya Rao,Aditya.Rao1978@Outlook.Com,9894779964.0,Surat,Gujarat,2022-08-05,New
Cust01979,Mia Smith,Mia.Smith1979@Outlook.Com,7613303624.0,Chennai,Tamil Nadu,2021-11-27,Premium
Cust01980,Ira Williams,Ira.Williams1980@Yahoo.Com,9273323418.0,Hyderabad,Telangana,2023-09-28,New
Cust01981,William Rao,William.Rao1981@Yahoo.Com,6286325822.0,Kolkata,West Bengal,2023-04-07,Premium
Cust01982,Olivia Wilson,Olivia.Wilson1982@Gmail.Com,9598986853.0,Hyderabad,Telangana,2022-12-01,New
Cust01983,Pari Miller,Pari.Miller1983@Yahoo.Com,9464647391.0,Ludhiana,Punjab,,New
Cust01984,Noah Patel,Noah.Patel1984@Yahoo.Com,8897560868.0,Nagpur,Maharashtra,2022-05-25,New
Cust01985,Pari Brown,Pari.Brown1985@Gmail.Com,6222655545.0,Nagpur,Maharashtra,2024-10-15,Premium
Cust01986,Aryan Patel,Aryan.Patel1986@Mail.Com,9514203944.0,Indore,Madhya Pradesh,2021-11-20,New
Cust01987,Saanvi Smith,Saanvi.Smith1987@Gmail.Com,,Jaipur,Rajasthan,2021-09-30,Premium
Cust01988,Abigail Garcia,Abigail.Garcia1988@Mail.Com,8785983266.0,Chennai,Tamil Nadu,2021-10-16,Regular
Cust01989,Harper Rao,Harper.Rao1989@Yahoo.Com,6919114609.0,Nashik,Maharashtra,2023-12-29,Regular
Cust01990,Riya Patel,Riya.Patel1990@Outlook.Com,6114861102.0,Pune,Maharashtra,2024-11-03,Premium
Cust01991,Michael Wilson,Michael.Wilson1991@Outlook.Com,7894426794.0,Nashik,Maharashtra,2022-12-26,Vip
Cust01992,Charlotte Anderson,,7635703214.0,Patna,Bihar,2024-10-27,Premium
Cust01993,Vivaan Miller,Vivaan.Miller1993@Outlook.Com,7729889255.0,Jaipur,Rajasthan,2024-06-15,Regular
Cust01994,Kiara Smith,Kiara.Smith1994@Mail.Com,7924095431.0,Indore,Madhya Pradesh,2024-12-03,Premium
Cust01995,James Reddy,James.Reddy1995@Outlook.Com,6118351442.0,Lucknow,Uttar Pradesh,2021-11-29,Premium
Cust01996,Saanvi Kumar,Saanvi.Kumar1996@Mail.Com,,Ahmedabad,Gujarat,2023-01-04,New
Cust01997,Alexander Iyer,Alexander.Iyer1997@Outlook.Com,8960177991.0,Pune,Maharashtra,2024-02-03,Vip
Cust01998,Benjamin Brown,Benjamin.Brown1998@Outlook.Com,8621667484.0,Jaipur,Rajasthan,2024-08-05,Premium
Cust01999,Arjun Singh,Arjun.Singh1999@Yahoo.Com,7550229286.0,Agra,Uttar Pradesh,2021-09-28,Regular
Cust02000,Liam Wilson,Liam.Wilson2000@Yahoo.Com,6451924593.0,Kolkata,West Bengal,2024-12-14,Vip
Cust02001,Henry Anderson,Henry.Anderson2001@Gmail.Com,,Mumbai,Maharashtra,2021-10-13,Regular
Cust02002,Rohan Rao,Rohan.Rao2002@Yahoo.Com,6443772986.0,Ludhiana,Punjab,2023-05-13,Regular
Cust02003,William Iyer,William.Iyer2003@Outlook.Com,9435321969.0,Indore,Madhya Pradesh,,Regular
Cust02004,Kiara Reddy,Kiara.Reddy2004@Outlook.Com,6664334046.0,Bhopal,Madhya Pradesh,2022-04-05,Regular
Cust02005,Diya Reddy,Diya.Reddy2005@Gmail.Com,9616430225.0,Nagpur,Maharashtra,2021-09-21,Premium
Cust02006,Noah Johnson,Noah.Johnson2006@Outlook.Com,7368221798.0,Indore,Madhya Pradesh,2021-10-04,Premium
Cust02007,Reyansh Iyer,Reyansh.Iyer2007@Mail.Com,8834604200.0,Delhi,Delhi,2024-09-15,Premium
Cust02008,Charlotte Jones,Charlotte.Jones2008@Mail.Com,7921675210.0,Nagpur,Maharashtra,2023-03-14,New
Cust02009,Noah Gupta,Noah.Gupta2009@Outlook.Com,8484644591.0,Hyderabad,Telangana,2022-01-21,Regular
Cust02010,Myra Iyer,Myra.Iyer2010@Gmail.Com,8306309493.0,Kolkata,West Bengal,2021-11-30,Premium
Cust02011,Amelia Smith,,9253820143.0,Mumbai,Maharashtra,2023-11-17,Premium
Cust02012,Ishaan Smith,Ishaan.Smith2012@Gmail.Com,6569203099.0,Indore,Madhya Pradesh,2023-01-21,Regular
Cust02013,Mia Wilson,Mia.Wilson2013@Mail.Com,7157638567.0,Lucknow,Uttar Pradesh,2024-02-18,Premium
Cust02014,Olivia Davis,Olivia.Davis2014@Yahoo.Com,8501836552.0,Ludhiana,Punjab,2022-12-08,Regular
Cust02015,Evelyn Rao,Evelyn.Rao2015@Outlook.Com,7771024994.0,Agra,Uttar Pradesh,2023-01-01,New
Cust02016,Isabella Nair,Isabella.Nair2016@Outlook.Com,9132397255.0,Kanpur,Uttar Pradesh,2022-05-28,New
Cust02017,Charlotte Garcia,Charlotte.Garcia2017@Outlook.Com,9945531967.0,Agra,Uttar Pradesh,2024-02-02,Vip
Cust02018,Ira Williams,Ira.Williams2018@Mail.Com,8554750117.0,Lucknow,Uttar Pradesh,2021-09-14,Premium
Cust02019,Ira Patel,Ira.Patel2019@Mail.Com,6359108379.0,Indore,Madhya Pradesh,2021-09-10,Premium
Cust02020,Aarav Miller,Aarav.Miller2020@Yahoo.Com,6387971745.0,Lucknow,Uttar Pradesh,2022-06-13,Vip
Cust02021,Diya Kumar,Diya.Kumar2021@Mail.Com,7196969363.0,Delhi,Delhi,2023-10-29,Vip
Cust02022,Mia Gupta,Mia.Gupta2022@Outlook.Com,6186920316.0,Indore,Madhya Pradesh,2024-08-04,Regular
Cust02023,Kiara Williams,,7436707793.0,Indore,Madhya Pradesh,2022-08-02,Regular
Cust02024,Ananya Kumar,Ananya.Kumar2024@Outlook.Com,8500712702.0,Nagpur,Maharashtra,2021-10-30,Regular
Cust02025,Henry Jones,Henry.Jones2025@Outlook.Com,6722484519.0,Surat,Gujarat,2024-05-26,Vip
Cust02026,James Reddy,James.Reddy2026@Gmail.Com,9473130116.0,Delhi,Delhi,2022-11-29,Premium
Cust02027,Michael Wilson,Michael.Wilson2027@Gmail.Com,9229387378.0,Surat,Gujarat,2023-09-23,Regular
Cust02028,Myra Gupta,Myra.Gupta2028@Gmail.Com,6361689140.0,Mumbai,Maharashtra,,New
Cust02029,Aryan Singh,Aryan.Singh2029_At_Yahoo.Com,6605141758.0,Kanpur,Uttar Pradesh,2024-03-15,Vip
Cust02030,Alexander Davis,,7109019228.0,Delhi,Delhi,2022-09-02,Premium
Cust02031,Ira Davis,Ira.Davis2031@Yahoo.Com,6322284641.0,Lucknow,Uttar Pradesh,2022-02-03,Premium
Cust02032,Harper Davis,Harper.Davis2032_At_Yahoo.Com,9837373222.0,Agra,Uttar Pradesh,2023-04-20,Regular
Cust02033,Harper Smith,Harper.Smith2033@Yahoo.Com,9862540280.0,Chennai,Tamil Nadu,2024-04-09,Regular
Cust02034,Myra Williams,Myra.Williams2034@Mail.Com,7615569354.0,Bengaluru,Karnataka,2022-11-01,Premium
Cust02035,Emma Sharma,Emma.Sharma2035@Yahoo.Com,9870007557.0,Nashik,Maharashtra,2023-01-05,Regular
Cust02036,Diya Gupta,Diya.Gupta2036@Yahoo.Com,7235446522.0,Bhopal,Madhya Pradesh,2023-04-21,Vip
Cust02037,Kiara Verma,Kiara.Verma2037@Outlook.Com,9589713565.0,Ahmedabad,Gujarat,2023-09-08,New
Cust02038,Lucas Anderson,Lucas.Anderson2038@Gmail.Com,8645115590.0,Chennai,Tamil Nadu,2021-06-23,Premium
Cust02039,Charlotte Brown,Charlotte.Brown2039@Outlook.Com,9538311729.0,Bhopal,Madhya Pradesh,2023-10-10,New
Cust02040,William Gupta,William.Gupta2040@Outlook.Com,9240703390.0,Ludhiana,Punjab,2022-12-06,Regular
Cust02041,John Jones,John.Jones2041@Mail.Com,6182489377.0,Pune,Maharashtra,,Regular
Cust02042,Aditya Wilson,Aditya.Wilson2042@Gmail.Com,6899738261.0,Kolkata,West Bengal,2022-04-01,Premium
Cust02043,Olivia Wilson,,9721882750.0,Bengaluru,Karnataka,2022-04-26,Premium
Cust02044,John Iyer,John.Iyer2044@Mail.Com,9570664967.0,Ahmedabad,Gujarat,2021-08-13,Premium
Cust02045,Ishaan Patel,Ishaan.Patel2045_At_Yahoo.Com,6525221115.0,Indore,Madhya Pradesh,2022-09-08,Vip
Cust02046,Riya Nair,Riya.Nair2046@Yahoo.Com,,Hyderabad,Telangana,2024-09-13,Premium
Cust02047,Charlotte Rao,Charlotte.Rao2047@Yahoo.Com,9441070609.0,Bhopal,Madhya Pradesh,2022-08-01,Regular
Cust02048,Evelyn Smith,Evelyn.Smith2048@Outlook.Com,6901294642.0,Delhi,Delhi,2023-06-09,Regular
Cust02049,Saanvi Smith,Saanvi.Smith2049@Yahoo.Com,8553571777.0,Indore,Madhya Pradesh,2022-03-03,New
Cust02050,Aditya Wilson,Aditya.Wilson2050@Outlook.Com,9937068198.0,Hyderabad,Telangana,2023-03-23,Regular
Cust02051,Arjun Wilson,Arjun.Wilson2051@Gmail.Com,6325093754.0,Lucknow,Uttar Pradesh,2022-11-24,Vip
Cust02052,Charlotte Rao,Charlotte.Rao2052@Yahoo.Com,8980770281.0,Delhi,Delhi,2024-07-24,Regular
Cust02053,Henry Williams,Henry.Williams2053@Mail.Com,9315959370.0,Kanpur,Uttar Pradesh,2023-02-06,Premium
Cust02054,Ananya Johnson,Ananya.Johnson2054@Gmail.Com,9310795836.0,Nashik,Maharashtra,2023-02-19,Premium
Cust02055,Arjun Singh,Arjun.Singh2055@Outlook.Com,9882433435.0,Ahmedabad,Gujarat,2022-02-11,Regular
Cust02056,William Brown,William.Brown2056@Gmail.Com,8881590468.0,Lucknow,Uttar Pradesh,2021-11-07,Premium
Cust02057,Henry Anderson,Henry.Anderson2057@Mail.Com,7411596208.0,Kolkata,West Bengal,2021-07-28,Regular
Cust02058,Henry Reddy,Henry.Reddy2058@Mail.Com,6360227614.0,Mumbai,Maharashtra,2024-02-06,Regular
Cust02059,Kabir Iyer,Kabir.Iyer2059@Yahoo.Com,6646915535.0,Lucknow,Uttar Pradesh,2023-11-28,Vip
Cust02060,Harper Garcia,Harper.Garcia2060@Yahoo.Com,9267595517.0,Bhopal,Madhya Pradesh,2023-03-31,Vip
Cust02061,Ananya Iyer,,6624848555.0,Hyderabad,Telangana,2024-10-14,Premium
Cust02062,Ananya Williams,Ananya.Williams2062@Outlook.Com,9303305360.0,Surat,Gujarat,2024-09-07,Vip
Cust02063,Ira Smith,Ira.Smith2063@Yahoo.Com,7576099730.0,Surat,Gujarat,2024-05-11,Regular
Cust02064,Alexander Wilson,Alexander.Wilson2064@Gmail.Com,7211914434.0,Hyderabad,Telangana,2022-01-30,New
Cust02065,Lucas Johnson,Lucas.Johnson2065@Gmail.Com,6630906743.0,Kanpur,Uttar Pradesh,,Premium
Cust02066,Alexander Garcia,Alexander.Garcia2066@Yahoo.Com,9725876210.0,Indore,Madhya Pradesh,2023-04-08,Premium
Cust02067,Isabella Verma,Isabella.Verma2067@Yahoo.Com,7504609925.0,Pune,Maharashtra,2022-08-12,Regular
Cust02068,Olivia Kumar,Olivia.Kumar2068@Outlook.Com,7182818059.0,Lucknow,Uttar Pradesh,2024-03-02,Regular
Cust02069,Lucas Sharma,Lucas.Sharma2069@Yahoo.Com,8598202534.0,Hyderabad,Telangana,2024-05-25,Premium
Cust02070,Noah Williams,Noah.Williams2070@Mail.Com,6876679394.0,Kolkata,West Bengal,2024-12-31,Vip
Cust02071,Pari Miller,Pari.Miller2071@Mail.Com,6665442575.0,Kolkata,West Bengal,2022-02-21,Regular
Cust02072,Ananya Iyer,Ananya.Iyer2072@Yahoo.Com,6299103734.0,Agra,Uttar Pradesh,2022-11-10,Premium
Cust02073,Pari Patel,Pari.Patel2073@Yahoo.Com,8191845943.0,Mumbai,Maharashtra,2021-09-27,Premium
Cust02074,Saanvi Davis,Saanvi.Davis2074@Yahoo.Com,,Bhopal,Madhya Pradesh,2024-09-13,Regular
Cust02075,Noah Wilson,Noah.Wilson2075@Mail.Com,8936939523.0,Kanpur,Uttar Pradesh,2021-10-15,Regular
Cust02076,John Williams,John.Williams2076@Outlook.Com,6515110070.0,Vadodara,Gujarat,2024-06-21,Premium
Cust02077,Ananya Davis,Ananya.Davis2077@Outlook.Com,8521907128.0,Nagpur,Maharashtra,2022-03-08,Premium
Cust02078,Liam Singh,Liam.Singh2078@Mail.Com,9352991320.0,Nagpur,Maharashtra,2023-03-15,Regular
Cust02079,Charlotte Rao,Charlotte.Rao2079@Gmail.Com,8372866860.0,Pune,Maharashtra,2021-08-24,Premium
Cust02080,James Iyer,James.Iyer2080@Mail.Com,8662814138.0,Lucknow,Uttar Pradesh,2023-03-03,Regular
Cust02081,Abigail Williams,Abigail.Williams2081@Yahoo.Com,9920132217.0,Mumbai,Maharashtra,2024-04-27,New
Cust02082,James Verma,James.Verma2082@Gmail.Com,9418036151.0,Mumbai,Maharashtra,2022-01-13,Vip
Cust02083,Abigail Gupta,Abigail.Gupta2083@Mail.Com,7397916412.0,Mumbai,Maharashtra,2023-10-15,Vip
Cust02084,Liam Iyer,Liam.Iyer2084@Yahoo.Com,9290803802.0,Jaipur,Rajasthan,2022-04-24,Premium
Cust02085,Anaya Sharma,Anaya.Sharma2085@Mail.Com,9837678691.0,Chennai,Tamil Nadu,2024-11-28,Regular
Cust02086,Michael Sharma,Michael.Sharma2086@Mail.Com,7351239442.0,Kolkata,West Bengal,2022-02-19,Vip
Cust02087,Michael Nair,Michael.Nair2087@Gmail.Com,8414291521.0,Agra,Uttar Pradesh,2022-06-14,Premium
Cust02088,Harper Patel,Harper.Patel2088@Outlook.Com,7248919095.0,Bhopal,Madhya Pradesh,2023-08-27,Regular
Cust02089,Isabella Singh,Isabella.Singh2089@Outlook.Com,9612418026.0,Ahmedabad,Gujarat,2023-01-06,Premium
Cust02090,Vihaan Iyer,Vihaan.Iyer2090@Yahoo.Com,8622207816.0,Nagpur,Maharashtra,2022-04-22,Premium
Cust02091,Aadhya Miller,Aadhya.Miller2091@Mail.Com,7265742617.0,Ludhiana,Punjab,2023-06-14,Premium
Cust02092,Anaya Gupta,Anaya.Gupta2092@Outlook.Com,8734348517.0,Vadodara,Gujarat,2023-03-30,Regular
Cust02093,Noah Miller,,7226613964.0,Kolkata,West Bengal,2024-01-26,Vip
Cust02094,Riya Nair,Riya.Nair2094@Mail.Com,9842830716.0,Hyderabad,Telangana,2024-03-03,New
Cust02095,Michael Williams,Michael.Williams2095@Outlook.Com,7823925805.0,Kolkata,West Bengal,2024-02-20,New
Cust02096,Aarav Jones,Aarav.Jones2096@Yahoo.Com,9924083071.0,Patna,Bihar,,Regular
Cust02097,Isabella Davis,Isabella.Davis2097@Yahoo.Com,8948811210.0,Agra,Uttar Pradesh,2024-12-16,New
Cust02098,Kabir Williams,Kabir.Williams2098@Gmail.Com,7618779635.0,Kanpur,Uttar Pradesh,2022-03-13,Premium
Cust02099,Vihaan Reddy,Vihaan.Reddy2099@Gmail.Com,9593849572.0,Jaipur,Rajasthan,2024-07-22,Regular
Cust02100,Saanvi Anderson,Saanvi.Anderson2100@Yahoo.Com,8770142092.0,Kanpur,Uttar Pradesh,2022-10-20,Regular
Cust02101,Lucas Johnson,Lucas.Johnson2101@Yahoo.Com,6354197434.0,Mumbai,Maharashtra,2021-12-22,Regular
Cust02102,Ira Jones,Ira.Jones2102@Outlook.Com,,Agra,Uttar Pradesh,2024-11-27,Regular
Cust02103,Ira Johnson,Ira.Johnson2103@Mail.Com,6583956666.0,Nagpur,Maharashtra,,Regular
Cust02104,Liam Reddy,Liam.Reddy2104@Mail.Com,9154952447.0,Mumbai,Maharashtra,2023-02-05,Regular
Cust02105,Pari Reddy,Pari.Reddy2105@Gmail.Com,8964487619.0,Vadodara,Gujarat,2024-04-16,Vip
Cust02106,Henry Wilson,Henry.Wilson2106@Gmail.Com,8348677782.0,Surat,Gujarat,2021-11-05,Regular
Cust02107,Harper Brown,Harper.Brown2107@Mail.Com,8513428322.0,Patna,Bihar,2022-05-08,Regular
Cust02108,Evelyn Gupta,Evelyn.Gupta2108@Yahoo.Com,7796346761.0,Agra,Uttar Pradesh,2024-09-19,Regular
Cust02109,Ishaan Johnson,Ishaan.Johnson2109@Outlook.Com,8166262401.0,Jaipur,Rajasthan,2022-08-28,Vip
Cust02110,Henry Williams,Henry.Williams2110@Mail.Com,6906783874.0,Jaipur,Rajasthan,2022-11-19,Regular
Cust02111,Aarav Sharma,Aarav.Sharma2111@Gmail.Com,6496845925.0,Ahmedabad,Gujarat,2022-10-16,Regular
Cust02112,Alexander Miller,Alexander.Miller2112@Yahoo.Com,8289477810.0,Vadodara,Gujarat,2023-04-22,Premium
Cust02113,Anaya Wilson,Anaya.Wilson2113@Mail.Com,8502474902.0,Nashik,Maharashtra,2024-02-23,Premium
Cust02114,John Nair,John.Nair2114@Mail.Com,6997986716.0,Pune,Maharashtra,2024-03-02,Regular
Cust02115,Evelyn Kumar,Evelyn.Kumar2115@Outlook.Com,6844319912.0,Bhopal,Madhya Pradesh,2022-02-16,Regular
Cust02116,Ishaan Miller,Ishaan.Miller2116@Outlook.Com,7165785502.0,Chennai,Tamil Nadu,2023-06-02,Vip
Cust02117,Ishaan Brown,Ishaan.Brown2117@Mail.Com,8615714783.0,Mumbai,Maharashtra,2023-11-28,Regular
Cust02118,Mia Gupta,Mia.Gupta2118@Mail.Com,7109954228.0,Surat,Gujarat,2022-06-15,Premium
Cust02119,Riya Reddy,Riya.Reddy2119@Gmail.Com,6526961925.0,Chennai,Tamil Nadu,2023-11-29,Regular
Cust02120,Sophia Iyer,Sophia.Iyer2120@Gmail.Com,6392819218.0,Ahmedabad,Gujarat,2023-03-05,Vip
Cust02121,Noah Singh,Noah.Singh2121@Gmail.Com,9519597846.0,Hyderabad,Telangana,2023-04-01,Premium
Cust02122,Sophia Patel,Sophia.Patel2122@Yahoo.Com,6343132816.0,Ahmedabad,Gujarat,2022-04-27,Premium
Cust02123,Isabella Williams,,8890148916.0,Jaipur,Rajasthan,2022-02-05,Premium
Cust02124,Pari Iyer,Pari.Iyer2124@Outlook.Com,6178682334.0,Mumbai,Maharashtra,,Regular
Cust02125,Emma Jones,Emma.Jones2125@Yahoo.Com,6699064387.0,Ludhiana,Punjab,2023-08-12,New
Cust02126,John Gupta,John.Gupta2126@Gmail.Com,7814676275.0,Patna,Bihar,2021-07-02,New
Cust02127,Sophia Garcia,Sophia.Garcia2127@Mail.Com,9236050996.0,Lucknow,Uttar Pradesh,2024-09-28,Regular
Cust02128,Ananya Smith,Ananya.Smith2128@Mail.Com,8436770037.0,Delhi,Delhi,2023-08-08,Premium
Cust02129,Liam Wilson,Liam.Wilson2129@Mail.Com,8609621464.0,Jaipur,Rajasthan,2024-10-01,New
Cust02130,Diya Nair,Diya.Nair2130@Outlook.Com,9818373999.0,Patna,Bihar,2023-10-29,Premium
Cust02131,Reyansh Williams,Reyansh.Williams2131@Outlook.Com,8851525410.0,Indore,Madhya Pradesh,2023-05-02,Premium
Cust02132,Benjamin Verma,,7666963041.0,Chennai,Tamil Nadu,2024-09-20,Premium
Cust02133,Harper Anderson,Harper.Anderson2133@Outlook.Com,7694641788.0,Hyderabad,Telangana,2022-03-20,Vip
Cust02134,Aarav Davis,Aarav.Davis2134@Gmail.Com,9454013170.0,Vadodara,Gujarat,2021-09-08,Regular
Cust02135,Vivaan Smith,Vivaan.Smith2135@Gmail.Com,9464109206.0,Pune,Maharashtra,2023-05-14,Premium
Cust02136,Evelyn Wilson,Evelyn.Wilson2136@Gmail.Com,8173537573.0,Indore,Madhya Pradesh,2024-08-22,New
Cust02137,Riya Brown,Riya.Brown2137@Mail.Com,8643012864.0,Kanpur,Uttar Pradesh,2024-08-17,Regular
Cust02138,Pari Anderson,Pari.Anderson2138@Outlook.Com,7742976240.0,Chennai,Tamil Nadu,2023-08-20,Regular
Cust02139,Anaya Brown,Anaya.Brown2139@Outlook.Com,6868191322.0,Hyderabad,Telangana,2023-10-22,Vip
Cust02140,Myra Sharma,Myra.Sharma2140@Outlook.Com,9425565329.0,Vadodara,Gujarat,2024-08-24,Premium
Cust02141,Michael Verma,Michael.Verma2141@Mail.Com,7304043434.0,Ahmedabad,Gujarat,2022-03-02,Premium
Cust02142,Harper Miller,Harper.Miller2142@Mail.Com,6206018368.0,Agra,Uttar Pradesh,2023-06-30,New
Cust02143,Aarav Smith,Aarav.Smith2143@Yahoo.Com,9656282200.0,Jaipur,Rajasthan,2023-01-07,Premium
Cust02144,Lucas Davis,,6500387432.0,Kolkata,West Bengal,2022-06-14,New
Cust02145,Isabella Singh,Isabella.Singh2145@Yahoo.Com,9965651180.0,Lucknow,Uttar Pradesh,2022-09-30,New
Cust02146,Michael Smith,Michael.Smith2146@Mail.Com,9272871570.0,Ahmedabad,Gujarat,2024-05-02,Regular
Cust02147,Vivaan Brown,Vivaan.Brown2147@Yahoo.Com,9243365520.0,Agra,Uttar Pradesh,2023-01-22,New
Cust02148,Ishaan Rao,Ishaan.Rao2148@Yahoo.Com,8300015824.0,Hyderabad,Telangana,2024-01-06,Vip
Cust02149,Vihaan Brown,Vihaan.Brown2149@Mail.Com,7605404137.0,Ahmedabad,Gujarat,2021-09-28,Premium
Cust02150,Harper Iyer,Harper.Iyer2150@Outlook.Com,,Bengaluru,Karnataka,2024-07-07,Vip
Cust02151,Aadhya Reddy,Aadhya.Reddy2151@Outlook.Com,8761387681.0,Jaipur,Rajasthan,2022-04-03,New
Cust02152,Mia Jones,Mia.Jones2152@Outlook.Com,9277012251.0,Vadodara,Gujarat,2024-05-26,New
Cust02153,Isabella Verma,Isabella.Verma2153@Yahoo.Com,8725385693.0,Ludhiana,Punjab,2024-03-12,Regular
Cust02154,Vivaan Rao,Vivaan.Rao2154@Mail.Com,8495680533.0,Nashik,Maharashtra,2023-03-14,Vip
Cust02155,Kiara Wilson,Kiara.Wilson2155@Yahoo.Com,9261290454.0,Lucknow,Uttar Pradesh,2023-03-12,Vip
Cust02156,Liam Wilson,Liam.Wilson2156@Outlook.Com,6664078664.0,Bengaluru,Karnataka,2024-05-14,Regular
Cust02157,Reyansh Iyer,Reyansh.Iyer2157@Outlook.Com,7943085108.0,Bengaluru,Karnataka,2022-02-05,Premium
Cust02158,Emma Verma,Emma.Verma2158@Gmail.Com,6623358636.0,Ahmedabad,Gujarat,2023-09-14,Premium
Cust02159,Michael Rao,Michael.Rao2159@Mail.Com,6694804930.0,Ahmedabad,Gujarat,,Regular
Cust02160,Vivaan Gupta,Vivaan.Gupta2160@Outlook.Com,6740111836.0,Chennai,Tamil Nadu,2023-03-31,Regular
Cust02161,Evelyn Verma,Evelyn.Verma2161@Mail.Com,9812749913.0,Mumbai,Maharashtra,2022-10-12,Premium
Cust02162,Pari Singh,Pari.Singh2162@Yahoo.Com,7873841783.0,Nagpur,Maharashtra,2023-10-30,New
Cust02163,Diya Verma,Diya.Verma2163@Outlook.Com,6266739771.0,Bengaluru,Karnataka,2022-06-18,Premium
Cust02164,Kiara Smith,Kiara.Smith2164@Yahoo.Com,6829978607.0,Bhopal,Madhya Pradesh,2022-08-24,New
Cust02165,Emma Garcia,Emma.Garcia2165@Mail.Com,9109744303.0,Agra,Uttar Pradesh,2023-11-28,Regular
Cust02166,Ananya Davis,Ananya.Davis2166@Gmail.Com,9616866304.0,Nagpur,Maharashtra,2023-08-28,Premium
Cust02167,Pari Miller,Pari.Miller2167@Yahoo.Com,9593345145.0,Chennai,Tamil Nadu,2023-01-29,Premium
Cust02168,Vihaan Reddy,Vihaan.Reddy2168@Yahoo.Com,7867863460.0,Kanpur,Uttar Pradesh,2023-04-13,Regular
Cust02169,John Sharma,John.Sharma2169@Mail.Com,9809943424.0,Vadodara,Gujarat,2022-09-16,Premium
Cust02170,James Patel,James.Patel2170@Yahoo.Com,8804654672.0,Pune,Maharashtra,2022-01-20,Regular
Cust02171,Ira Nair,Ira.Nair2171@Yahoo.Com,7168325456.0,Lucknow,Uttar Pradesh,2023-08-29,Vip
Cust02172,William Kumar,William.Kumar2172@Gmail.Com,9517514639.0,Bhopal,Madhya Pradesh,2024-04-25,Vip
Cust02173,Vihaan Rao,Vihaan.Rao2173@Gmail.Com,7921571174.0,Kolkata,West Bengal,2024-02-15,Premium
Cust02174,Olivia Singh,Olivia.Singh2174@Mail.Com,7723570134.0,Nagpur,Maharashtra,2023-12-04,Vip
Cust02175,Evelyn Wilson,Evelyn.Wilson2175@Gmail.Com,6753891670.0,Hyderabad,Telangana,,New
Cust02176,Rohan Wilson,Rohan.Wilson2176@Yahoo.Com,9327788735.0,Nagpur,Maharashtra,,Regular
Cust02177,Arjun Iyer,Arjun.Iyer2177@Mail.Com,7181327806.0,Patna,Bihar,2021-12-03,Premium
Cust02178,Ananya Johnson,Ananya.Johnson2178@Gmail.Com,6908407634.0,Indore,Madhya Pradesh,2023-07-01,New
Cust02179,Olivia Kumar,Olivia.Kumar2179@Outlook.Com,,Ahmedabad,Gujarat,2022-04-13,Regular
Cust02180,Kiara Johnson,Kiara.Johnson2180@Yahoo.Com,6211529715.0,Kolkata,West Bengal,2023-06-03,Regular
Cust02181,Ira Miller,Ira.Miller2181@Outlook.Com,7136323063.0,Ahmedabad,Gujarat,2024-05-14,Premium
Cust02182,Michael Verma,Michael.Verma2182@Gmail.Com,6894606068.0,Kanpur,Uttar Pradesh,,Premium
Cust02183,Amelia Sharma,Amelia.Sharma2183_At_Gmail.Com,6622355901.0,Jaipur,Rajasthan,2022-11-16,Vip
Cust02184,Harper Brown,Harper.Brown2184@Mail.Com,7517322658.0,Pune,Maharashtra,2022-09-07,Premium
Cust02185,James Iyer,James.Iyer2185@Yahoo.Com,8267736703.0,Indore,Madhya Pradesh,,Regular
Cust02186,Myra Miller,Myra.Miller2186@Outlook.Com,6362931213.0,Lucknow,Uttar Pradesh,,New
Cust02187,Aarav Nair,Aarav.Nair2187@Mail.Com,6788908162.0,Chennai,Tamil Nadu,2024-10-15,Regular
Cust02188,James Williams,James.Williams2188@Gmail.Com,7723414808.0,Ludhiana,Punjab,2021-12-22,Vip
Cust02189,Isabella Johnson,Isabella.Johnson2189@Yahoo.Com,7662611415.0,Surat,Gujarat,2024-04-16,Premium
Cust02190,Benjamin Gupta,Benjamin.Gupta2190@Yahoo.Com,7381797466.0,Nashik,Maharashtra,2023-08-23,Regular
Cust02191,Emma Miller,Emma.Miller2191@Outlook.Com,8570930538.0,Bengaluru,Karnataka,2022-01-04,Premium
Cust02192,Arjun Anderson,Arjun.Anderson2192@Gmail.Com,6456600530.0,Agra,Uttar Pradesh,2024-06-20,Premium
Cust02193,Vivaan Verma,Vivaan.Verma2193@Outlook.Com,7893966332.0,Pune,Maharashtra,2023-08-01,New
Cust02194,Arjun Wilson,Arjun.Wilson2194@Yahoo.Com,7538891720.0,Patna,Bihar,2022-01-12,Premium
Cust02195,James Smith,James.Smith2195@Yahoo.Com,8866308936.0,Patna,Bihar,2023-03-19,Regular
Cust02196,Saanvi Davis,Saanvi.Davis2196@Yahoo.Com,6100100093.0,Ludhiana,Punjab,2024-03-12,Premium
Cust02197,Aryan Miller,Aryan.Miller2197@Yahoo.Com,8150897628.0,Patna,Bihar,2024-01-04,Premium
Cust02198,Isabella Williams,Isabella.Williams2198@Mail.Com,6640354999.0,Lucknow,Uttar Pradesh,2021-07-07,Regular
Cust02199,Benjamin Kumar,Benjamin.Kumar2199@Mail.Com,9836875369.0,Bhopal,Madhya Pradesh,2024-11-19,Premium
Cust02200,Aryan Jones,Aryan.Jones2200@Yahoo.Com,9457090387.0,Bengaluru,Karnataka,2023-04-06,Vip
Cust02201,Evelyn Garcia,Evelyn.Garcia2201@Mail.Com,7694440422.0,Agra,Uttar Pradesh,2024-07-21,Vip
Cust02202,Aarav Miller,Aarav.Miller2202@Outlook.Com,9491450094.0,Nagpur,Maharashtra,2023-05-09,Regular
Cust02203,Abigail Johnson,Abigail.Johnson2203@Gmail.Com,9474951411.0,Kolkata,West Bengal,2021-09-16,Vip
Cust02204,Lucas Gupta,Lucas.Gupta2204@Outlook.Com,,Chennai,Tamil Nadu,2024-03-01,Regular
Cust02205,Harper Kumar,Harper.Kumar2205@Gmail.Com,8433053083.0,Patna,Bihar,2022-12-01,Vip
Cust02206,Henry Verma,Henry.Verma2206@Outlook.Com,7833868418.0,Kolkata,West Bengal,2023-11-02,Regular
Cust02207,Sophia Brown,Sophia.Brown2207@Outlook.Com,6609816204.0,Kanpur,Uttar Pradesh,2024-08-13,New
Cust02208,Aarav Smith,Aarav.Smith2208@Mail.Com,7112818661.0,Chennai,Tamil Nadu,2023-04-18,Premium
Cust02209,Noah Garcia,Noah.Garcia2209@Gmail.Com,7965354657.0,Bhopal,Madhya Pradesh,2022-04-20,Premium
Cust02210,Aryan Verma,Aryan.Verma2210@Gmail.Com,9951446055.0,Kanpur,Uttar Pradesh,2021-10-14,Vip
Cust02211,Kabir Williams,Kabir.Williams2211_At_Mail.Com,6923051820.0,Hyderabad,Telangana,2021-08-12,New
Cust02212,Riya Sharma,Riya.Sharma2212@Outlook.Com,,Surat,Gujarat,2023-05-03,Regular
Cust02213,Rohan Miller,Rohan.Miller2213@Gmail.Com,9798810084.0,Nashik,Maharashtra,2023-03-07,Regular
Cust02214,Noah Verma,Noah.Verma2214@Yahoo.Com,8533201061.0,Ahmedabad,Gujarat,2022-05-18,New
Cust02215,Aditya Davis,Aditya.Davis2215@Yahoo.Com,7790225247.0,Jaipur,Rajasthan,2022-12-24,Premium
Cust02216,James Williams,James.Williams2216@Yahoo.Com,,Kanpur,Uttar Pradesh,2022-08-22,Regular
Cust02217,Harper Garcia,Harper.Garcia2217@Mail.Com,7212195050.0,Agra,Uttar Pradesh,2023-07-26,Regular
Cust02218,Benjamin Reddy,,9527349223.0,Ludhiana,Punjab,2024-08-06,Regular
Cust02219,William Anderson,William.Anderson2219@Gmail.Com,7158679037.0,Jaipur,Rajasthan,2023-04-12,New
Cust02220,Aadhya Gupta,Aadhya.Gupta2220@Yahoo.Com,9236612957.0,Agra,Uttar Pradesh,2024-04-05,Vip
Cust02221,Evelyn Johnson,Evelyn.Johnson2221@Mail.Com,7624289354.0,Delhi,Delhi,2024-07-26,Regular
Cust02222,Kabir Jones,Kabir.Jones2222@Yahoo.Com,7931083181.0,Indore,Madhya Pradesh,2021-08-29,New
Cust02223,Anaya Jones,Anaya.Jones2223@Gmail.Com,7381848962.0,Kanpur,Uttar Pradesh,2022-06-29,Vip
Cust02224,Aryan Anderson,Aryan.Anderson2224@Mail.Com,7375899492.0,Agra,Uttar Pradesh,2022-02-04,Premium
Cust02225,Alexander Davis,Alexander.Davis2225@Mail.Com,8970358503.0,Kolkata,West Bengal,2023-12-11,Premium
Cust02226,Ananya Miller,Ananya.Miller2226_At_Mail.Com,7808557702.0,Surat,Gujarat,2023-11-26,New
Cust02227,Isabella Gupta,Isabella.Gupta2227@Yahoo.Com,7479268962.0,Bengaluru,Karnataka,2024-07-29,Premium
Cust02228,Reyansh Reddy,Reyansh.Reddy2228@Outlook.Com,7470094662.0,Mumbai,Maharashtra,2024-09-05,Premium
Cust02229,Aryan Miller,Aryan.Miller2229_At_Outlook.Com,9648202855.0,Vadodara,Gujarat,2022-06-02,Premium
Cust02230,Diya Reddy,Diya.Reddy2230@Outlook.Com,8624751439.0,Hyderabad,Telangana,2022-11-05,Premium
Cust02231,James Kumar,James.Kumar2231@Mail.Com,6412910275.0,Nashik,Maharashtra,2023-05-03,Regular
Cust02232,Riya Williams,Riya.Williams2232@Mail.Com,7726603341.0,Agra,Uttar Pradesh,2023-01-28,New
Cust02233,Charlotte Johnson,Charlotte.Johnson2233@Mail.Com,6539020290.0,Nashik,Maharashtra,2021-06-24,Premium
Cust02234,Noah Reddy,Noah.Reddy2234@Yahoo.Com,9865754942.0,Kolkata,West Bengal,2022-01-20,Vip
Cust02235,Myra Garcia,Myra.Garcia2235@Yahoo.Com,7954149619.0,Hyderabad,Telangana,2024-04-28,Regular
Cust02236,Saanvi Iyer,Saanvi.Iyer2236@Mail.Com,9741014837.0,Vadodara,Gujarat,2024-11-24,Premium
Cust02237,Pari Iyer,Pari.Iyer2237@Mail.Com,6364215788.0,Bengaluru,Karnataka,2023-03-27,Regular
Cust02238,Aarav Davis,Aarav.Davis2238@Mail.Com,6479263134.0,Nagpur,Maharashtra,2021-08-31,Premium
Cust02239,Ira Miller,Ira.Miller2239@Yahoo.Com,7212491024.0,Ludhiana,Punjab,2022-04-10,Vip
Cust02240,James Kumar,James.Kumar2240@Gmail.Com,9446902546.0,Nashik,Maharashtra,2024-09-18,Vip
Cust02241,Amelia Patel,Amelia.Patel2241@Gmail.Com,7297499216.0,Indore,Madhya Pradesh,2024-06-06,Vip
Cust02242,Harper Patel,Harper.Patel2242@Mail.Com,8222095875.0,Bhopal,Madhya Pradesh,2022-09-20,Vip
Cust02243,Reyansh Nair,Reyansh.Nair2243@Yahoo.Com,9747221383.0,Ahmedabad,Gujarat,2021-08-07,Regular
Cust02244,Sophia Verma,Sophia.Verma2244_At_Mail.Com,7628750928.0,Lucknow,Uttar Pradesh,2023-12-21,Regular
Cust02245,Arjun Iyer,Arjun.Iyer2245@Yahoo.Com,7286950818.0,Kolkata,West Bengal,2022-06-04,Premium
Cust02246,John Nair,John.Nair2246@Gmail.Com,8691274740.0,Surat,Gujarat,2024-03-13,New
Cust02247,Ira Johnson,Ira.Johnson2247@Outlook.Com,6974015955.0,Agra,Uttar Pradesh,2022-06-05,Premium
Cust02248,Alexander Davis,Alexander.Davis2248@Yahoo.Com,,Lucknow,Uttar Pradesh,2024-07-03,Premium
Cust02249,Charlotte Jones,Charlotte.Jones2249@Gmail.Com,8224091859.0,Ahmedabad,Gujarat,2021-12-26,Premium
Cust02250,Noah Sharma,Noah.Sharma2250@Outlook.Com,7822982159.0,Indore,Madhya Pradesh,,Regular
Cust02251,Abigail Reddy,,6278650342.0,Nagpur,Maharashtra,2021-04-10,Premium
Cust02252,Rohan Williams,Rohan.Williams2252@Mail.Com,9507098663.0,Delhi,Delhi,2024-07-14,Premium
Cust02253,Benjamin Gupta,Benjamin.Gupta2253@Outlook.Com,7149608134.0,Hyderabad,Telangana,2024-11-02,Premium
Cust02254,Aarav Sharma,Aarav.Sharma2254@Outlook.Com,8784711924.0,Indore,Madhya Pradesh,2022-09-20,New
Cust02255,Ananya Nair,Ananya.Nair2255@Gmail.Com,8856479646.0,Vadodara,Gujarat,2023-07-25,Vip
Cust02256,Isabella Sharma,Isabella.Sharma2256@Yahoo.Com,8493346468.0,Bhopal,Madhya Pradesh,2023-12-10,New
Cust02257,Reyansh Miller,Reyansh.Miller2257@Outlook.Com,6832581346.0,Nashik,Maharashtra,2024-03-21,Premium
Cust02258,Kabir Smith,Kabir.Smith2258@Mail.Com,9530617934.0,Ludhiana,Punjab,2022-11-07,Regular
Cust02259,Anaya Singh,Anaya.Singh2259@Outlook.Com,7491122166.0,Indore,Madhya Pradesh,2023-12-02,Premium
Cust02260,Liam Nair,Liam.Nair2260@Gmail.Com,6531952678.0,Surat,Gujarat,2023-03-27,Premium
Cust02261,Diya Nair,Diya.Nair2261@Gmail.Com,9629269388.0,Bengaluru,Karnataka,2024-01-16,Regular
Cust02262,Rohan Jones,Rohan.Jones2262@Yahoo.Com,9588635270.0,Pune,Maharashtra,2023-03-28,Vip
Cust02263,Vivaan Patel,Vivaan.Patel2263@Gmail.Com,7412211356.0,Nagpur,Maharashtra,2021-10-10,Premium
Cust02264,Arjun Gupta,Arjun.Gupta2264@Mail.Com,8425297455.0,Bengaluru,Karnataka,2022-02-20,New
Cust02265,Isabella Kumar,Isabella.Kumar2265@Outlook.Com,8345698449.0,Delhi,Delhi,2023-11-03,New
Cust02266,Noah Nair,Noah.Nair2266@Mail.Com,7205008111.0,Lucknow,Uttar Pradesh,2024-11-22,Premium
Cust02267,Aryan Patel,Aryan.Patel2267@Mail.Com,8917385792.0,Hyderabad,Telangana,,New
Cust02268,John Rao,John.Rao2268@Gmail.Com,6801437265.0,Pune,Maharashtra,2023-01-31,Premium
Cust02269,Aarav Miller,Aarav.Miller2269@Gmail.Com,7586264509.0,Delhi,Delhi,2022-01-29,Regular
Cust02270,John Nair,John.Nair2270@Outlook.Com,8355677171.0,Pune,Maharashtra,2023-07-15,Premium
Cust02271,Alexander Miller,Alexander.Miller2271@Gmail.Com,7267757872.0,Kanpur,Uttar Pradesh,2022-10-22,Regular
Cust02272,John Verma,John.Verma2272@Outlook.Com,,Hyderabad,Telangana,2024-05-11,New
Cust02273,Vivaan Anderson,,7134906592.0,Patna,Bihar,2024-08-26,Premium
Cust02274,William Williams,William.Williams2274@Gmail.Com,8409259245.0,Hyderabad,Telangana,2021-12-17,Regular
Cust02275,William Singh,William.Singh2275@Mail.Com,9648169346.0,Delhi,Delhi,2023-08-30,Regular
Cust02276,Kabir Jones,Kabir.Jones2276@Outlook.Com,8935915390.0,Chennai,Tamil Nadu,2022-08-18,Premium
Cust02277,Rohan Johnson,Rohan.Johnson2277@Gmail.Com,8657382882.0,Indore,Madhya Pradesh,2022-02-22,Vip
Cust02278,Anaya Patel,Anaya.Patel2278@Yahoo.Com,6302538800.0,Lucknow,Uttar Pradesh,2024-03-18,Premium
Cust02279,Ishaan Rao,Ishaan.Rao2279_At_Yahoo.Com,9571680871.0,Patna,Bihar,2022-12-01,Regular
Cust02280,Abigail Rao,Abigail.Rao2280@Yahoo.Com,7708355272.0,Lucknow,Uttar Pradesh,2022-09-21,Premium
Cust02281,Harper Miller,Harper.Miller2281@Mail.Com,8524537308.0,Chennai,Tamil Nadu,2024-03-11,Premium
Cust02282,Ishaan Brown,Ishaan.Brown2282@Gmail.Com,8444262621.0,Bengaluru,Karnataka,2022-10-18,Premium
Cust02283,Olivia Verma,Olivia.Verma2283@Yahoo.Com,7664005381.0,Surat,Gujarat,2022-01-13,Premium
Cust02284,Saanvi Verma,Saanvi.Verma2284@Mail.Com,7855776841.0,Patna,Bihar,2021-10-14,Premium
Cust02285,Aarav Davis,Aarav.Davis2285@Outlook.Com,8615100741.0,Hyderabad,Telangana,2022-09-19,Regular
Cust02286,William Verma,William.Verma2286@Gmail.Com,8579289643.0,Hyderabad,Telangana,2024-12-15,Premium
Cust02287,Alexander Garcia,Alexander.Garcia2287@Yahoo.Com,7797956960.0,Pune,Maharashtra,2024-02-07,Regular
Cust02288,Anaya Wilson,Anaya.Wilson2288@Outlook.Com,7436252671.0,Bhopal,Madhya Pradesh,2024-03-10,Regular
Cust02289,Noah Davis,Noah.Davis2289@Yahoo.Com,9816331932.0,Vadodara,Gujarat,2021-08-10,Premium
Cust02290,Amelia Smith,Amelia.Smith2290@Gmail.Com,7628447135.0,Ludhiana,Punjab,2022-05-20,New
Cust02291,Olivia Brown,Olivia.Brown2291@Outlook.Com,8332319991.0,Bhopal,Madhya Pradesh,2021-07-18,Vip
Cust02292,Sophia Reddy,Sophia.Reddy2292@Yahoo.Com,9871626990.0,Bengaluru,Karnataka,2022-01-14,Regular
Cust02293,Charlotte Reddy,Charlotte.Reddy2293@Gmail.Com,9347353405.0,Nashik,Maharashtra,2021-11-20,Vip
Cust02294,Myra Sharma,Myra.Sharma2294@Mail.Com,8154594124.0,Surat,Gujarat,2023-07-14,Regular
Cust02295,Pari Jones,Pari.Jones2295@Outlook.Com,7613443780.0,Kanpur,Uttar Pradesh,2023-04-03,Regular
Cust02296,Alexander Sharma,Alexander.Sharma2296@Outlook.Com,6770306614.0,Ahmedabad,Gujarat,2021-08-03,Vip
Cust02297,Abigail Johnson,Abigail.Johnson2297@Mail.Com,9351421589.0,Lucknow,Uttar Pradesh,2021-07-07,Regular
Cust02298,Anaya Nair,Anaya.Nair2298@Outlook.Com,6898989840.0,Ludhiana,Punjab,,Premium
Cust02299,John Nair,John.Nair2299@Gmail.Com,9497181205.0,Lucknow,Uttar Pradesh,2023-10-22,Vip
Cust02300,Vihaan Gupta,Vihaan.Gupta2300@Mail.Com,8138048068.0,Mumbai,Maharashtra,2021-11-08,Premium
Cust02301,Aditya Johnson,Aditya.Johnson2301@Gmail.Com,9373635484.0,Jaipur,Rajasthan,,New
Cust02302,Riya Verma,Riya.Verma2302@Gmail.Com,7370496308.0,Nagpur,Maharashtra,2024-01-06,Premium
Cust02303,Olivia Brown,Olivia.Brown2303@Gmail.Com,8402818238.0,Ahmedabad,Gujarat,2023-03-24,Vip
Cust02304,Liam Anderson,Liam.Anderson2304@Outlook.Com,9283221485.0,Hyderabad,Telangana,2023-08-10,New
Cust02305,Kabir Johnson,Kabir.Johnson2305@Outlook.Com,9463137675.0,Bhopal,Madhya Pradesh,2021-11-06,Vip
Cust02306,Liam Williams,Liam.Williams2306@Yahoo.Com,,Pune,Maharashtra,2022-01-05,Premium
Cust02307,Saanvi Johnson,Saanvi.Johnson2307@Outlook.Com,7414095439.0,Agra,Uttar Pradesh,2023-10-21,New
Cust02308,Ananya Nair,Ananya.Nair2308@Outlook.Com,8298878836.0,Bengaluru,Karnataka,2021-12-12,Premium
Cust02309,Pari Miller,Pari.Miller2309@Yahoo.Com,7717073859.0,Jaipur,Rajasthan,,Regular
Cust02310,Aarav Wilson,Aarav.Wilson2310@Outlook.Com,7535055742.0,Agra,Uttar Pradesh,2022-04-27,Premium
Cust02311,Vivaan Miller,Vivaan.Miller2311@Yahoo.Com,6548890714.0,Agra,Uttar Pradesh,2024-02-02,Premium
Cust02312,Aryan Johnson,Aryan.Johnson2312@Gmail.Com,6231661481.0,Ludhiana,Punjab,2024-08-28,Vip
Cust02313,Sophia Verma,Sophia.Verma2313@Gmail.Com,7275752032.0,Jaipur,Rajasthan,2022-02-28,New
Cust02314,Isabella Wilson,Isabella.Wilson2314@Mail.Com,7551465782.0,Bhopal,Madhya Pradesh,2023-03-29,Regular
Cust02315,Myra Wilson,Myra.Wilson2315@Mail.Com,7942991517.0,Patna,Bihar,2022-01-28,New
Cust02316,Vihaan Kumar,Vihaan.Kumar2316@Outlook.Com,9486520493.0,Surat,Gujarat,2022-11-21,Regular
Cust02317,Lucas Smith,Lucas.Smith2317@Mail.Com,6776382555.0,Jaipur,Rajasthan,2022-12-14,Premium
Cust02318,Liam Williams,Liam.Williams2318@Mail.Com,,Lucknow,Uttar Pradesh,2021-08-08,Regular
Cust02319,Saanvi Miller,Saanvi.Miller2319@Mail.Com,8609815493.0,Lucknow,Uttar Pradesh,2024-04-19,Regular
Cust02320,Pari Singh,,6554911237.0,Ludhiana,Punjab,2021-08-17,Premium
Cust02321,Anaya Garcia,Anaya.Garcia2321@Yahoo.Com,7311039646.0,Delhi,Delhi,2021-10-08,Vip
Cust02322,Aadhya Miller,Aadhya.Miller2322@Mail.Com,7249858373.0,Hyderabad,Telangana,2023-10-23,New
Cust02323,Isabella Wilson,Isabella.Wilson2323@Outlook.Com,6962018380.0,Nashik,Maharashtra,2022-06-10,New
Cust02324,Abigail Miller,Abigail.Miller2324@Gmail.Com,8157413841.0,Delhi,Delhi,2021-07-28,Regular
Cust02325,Evelyn Sharma,Evelyn.Sharma2325@Yahoo.Com,7348784267.0,Indore,Madhya Pradesh,2024-09-02,Premium
Cust02326,Harper Sharma,Harper.Sharma2326@Gmail.Com,7755839861.0,Hyderabad,Telangana,2022-06-07,Regular
Cust02327,Arjun Gupta,Arjun.Gupta2327@Yahoo.Com,9382574120.0,Kanpur,Uttar Pradesh,,New
Cust02328,Diya Iyer,Diya.Iyer2328@Gmail.Com,6564094293.0,Agra,Uttar Pradesh,2022-11-16,Premium
Cust02329,Harper Reddy,Harper.Reddy2329@Mail.Com,7270743836.0,Surat,Gujarat,2023-08-12,Premium
Cust02330,John Verma,John.Verma2330_At_Yahoo.Com,8581630049.0,Ahmedabad,Gujarat,2021-11-24,Vip
Cust02331,Aditya Smith,Aditya.Smith2331@Outlook.Com,8398415148.0,Surat,Gujarat,2024-04-26,Premium
Cust02332,Charlotte Wilson,Charlotte.Wilson2332@Yahoo.Com,7738353691.0,Chennai,Tamil Nadu,2024-05-28,Vip
Cust02333,Lucas Williams,,6856944771.0,Chennai,Tamil Nadu,2024-10-19,Vip
Cust02334,Riya Gupta,Riya.Gupta2334@Outlook.Com,,Mumbai,Maharashtra,2022-12-07,Regular
Cust02335,Rohan Anderson,Rohan.Anderson2335@Outlook.Com,6160375531.0,Chennai,Tamil Nadu,2023-10-27,New
Cust02336,Aadhya Johnson,Aadhya.Johnson2336@Outlook.Com,7324440246.0,Bengaluru,Karnataka,2021-08-16,Regular
Cust02337,Aadhya Patel,Aadhya.Patel2337@Yahoo.Com,9813051822.0,Jaipur,Rajasthan,2024-08-19,Premium
Cust02338,Vivaan Miller,Vivaan.Miller2338_At_Yahoo.Com,6328825128.0,Pune,Maharashtra,2024-10-16,Vip
Cust02339,Aarav Gupta,Aarav.Gupta2339@Outlook.Com,9988076915.0,Ludhiana,Punjab,2024-11-28,Premium
Cust02340,Anaya Sharma,Anaya.Sharma2340@Gmail.Com,6459316345.0,Agra,Uttar Pradesh,2023-11-05,Vip
Cust02341,Pari Iyer,Pari.Iyer2341@Outlook.Com,7989778637.0,Bengaluru,Karnataka,2024-07-29,Premium
Cust02342,Emma Verma,Emma.Verma2342@Gmail.Com,9859921062.0,Lucknow,Uttar Pradesh,2024-11-17,Premium
Cust02343,Alexander Reddy,Alexander.Reddy2343@Outlook.Com,6620480230.0,Indore,Madhya Pradesh,2021-09-24,New
Cust02344,John Miller,John.Miller2344_At_Outlook.Com,8432446887.0,Jaipur,Rajasthan,2021-10-09,Vip
Cust02345,James Gupta,James.Gupta2345@Mail.Com,9893205393.0,Patna,Bihar,2024-04-01,Regular
Cust02346,Ishaan Williams,Ishaan.Williams2346@Gmail.Com,9709372436.0,Lucknow,Uttar Pradesh,2023-10-06,Vip
Cust02347,William Smith,William.Smith2347@Gmail.Com,9421047254.0,Jaipur,Rajasthan,2022-03-23,Regular
Cust02348,Charlotte Sharma,Charlotte.Sharma2348@Gmail.Com,9452623423.0,Pune,Maharashtra,2023-11-29,Premium
Cust02349,Anaya Anderson,Anaya.Anderson2349@Mail.Com,9541287015.0,Vadodara,Gujarat,2022-02-08,New
Cust02350,William Garcia,,6674317397.0,Jaipur,Rajasthan,2022-09-08,Vip
Cust02351,Alexander Jones,Alexander.Jones2351@Mail.Com,9435961980.0,Bhopal,Madhya Pradesh,,New
Cust02352,Mia Johnson,Mia.Johnson2352@Gmail.Com,9105845783.0,Patna,Bihar,2024-07-22,New
Cust02353,Isabella Gupta,Isabella.Gupta2353@Mail.Com,9565433390.0,Ahmedabad,Gujarat,2021-12-21,Regular
Cust02354,Aadhya Rao,,8218911427.0,Bhopal,Madhya Pradesh,2022-06-11,Premium
Cust02355,Mia Nair,Mia.Nair2355@Gmail.Com,9283156730.0,Delhi,Delhi,2023-05-23,Regular
Cust02356,Sophia Wilson,Sophia.Wilson2356@Gmail.Com,8467479615.0,Ahmedabad,Gujarat,2021-10-17,Regular
Cust02357,Lucas Verma,Lucas.Verma2357@Yahoo.Com,9950539974.0,Nagpur,Maharashtra,2022-05-25,Premium
Cust02358,Vihaan Iyer,Vihaan.Iyer2358@Outlook.Com,9441492541.0,Bhopal,Madhya Pradesh,2023-07-30,Regular
Cust02359,Michael Garcia,Michael.Garcia2359@Mail.Com,6158358754.0,Kanpur,Uttar Pradesh,2022-10-26,Vip
Cust02360,Abigail Kumar,Abigail.Kumar2360@Yahoo.Com,9964439712.0,Mumbai,Maharashtra,2023-08-17,Regular
Cust02361,Mia Reddy,Mia.Reddy2361@Mail.Com,8782899041.0,Hyderabad,Telangana,2021-10-07,Regular
Cust02362,Noah Rao,Noah.Rao2362@Yahoo.Com,8129335052.0,Jaipur,Rajasthan,2023-11-13,Regular
Cust02363,Aarav Garcia,Aarav.Garcia2363@Mail.Com,8604992164.0,Mumbai,Maharashtra,2023-01-18,New
Cust02364,John Garcia,John.Garcia2364@Yahoo.Com,8624601661.0,Agra,Uttar Pradesh,2021-08-02,Premium
Cust02365,Diya Sharma,Diya.Sharma2365@Gmail.Com,9226989739.0,Ludhiana,Punjab,2023-04-17,Vip
Cust02366,Aarav Garcia,Aarav.Garcia2366@Outlook.Com,6271705826.0,Vadodara,Gujarat,2023-04-12,Regular
Cust02367,Olivia Kumar,Olivia.Kumar2367@Outlook.Com,9225699009.0,Chennai,Tamil Nadu,2022-11-14,Vip
Cust02368,Michael Sharma,Michael.Sharma2368@Outlook.Com,9669725641.0,Bengaluru,Karnataka,2024-04-30,Regular
Cust02369,Vivaan Sharma,Vivaan.Sharma2369@Mail.Com,7889174911.0,Bengaluru,Karnataka,2023-04-24,Vip
Cust02370,Aryan Miller,Aryan.Miller2370@Mail.Com,6703180271.0,Agra,Uttar Pradesh,2022-12-10,Vip
Cust02371,Henry Kumar,Henry.Kumar2371@Outlook.Com,9503161995.0,Kanpur,Uttar Pradesh,2023-10-08,Premium
Cust02372,Kabir Reddy,Kabir.Reddy2372@Mail.Com,9246999043.0,Ludhiana,Punjab,2021-11-04,Regular
Cust02373,Diya Brown,Diya.Brown2373@Outlook.Com,8190235204.0,Lucknow,Uttar Pradesh,2024-10-17,New
Cust02374,Lucas Wilson,Lucas.Wilson2374@Outlook.Com,6852951092.0,Hyderabad,Telangana,2024-12-06,Vip
Cust02375,Kiara Verma,Kiara.Verma2375@Yahoo.Com,8358423998.0,Vadodara,Gujarat,2024-05-25,Premium
Cust02376,Aryan Smith,Aryan.Smith2376@Gmail.Com,,Mumbai,Maharashtra,2021-03-08,New
Cust02377,Isabella Davis,Isabella.Davis2377@Outlook.Com,,Chennai,Tamil Nadu,2024-01-21,New
Cust02378,Diya Brown,Diya.Brown2378@Gmail.Com,6307803427.0,Ludhiana,Punjab,2024-05-26,Premium
Cust02379,Vivaan Patel,Vivaan.Patel2379@Yahoo.Com,6488627046.0,Nagpur,Maharashtra,2022-03-25,Regular
Cust02380,James Reddy,James.Reddy2380@Mail.Com,8642761876.0,Bengaluru,Karnataka,2023-10-30,Regular
Cust02381,Sophia Davis,Sophia.Davis2381@Gmail.Com,9434554252.0,Chennai,Tamil Nadu,2023-07-11,Premium
Cust02382,Vivaan Brown,Vivaan.Brown2382@Gmail.Com,8777848904.0,Nashik,Maharashtra,2024-11-14,Vip
Cust02383,Harper Verma,Harper.Verma2383@Yahoo.Com,7878922249.0,Vadodara,Gujarat,2024-01-04,Regular
Cust02384,Lucas Iyer,Lucas.Iyer2384@Yahoo.Com,7678946712.0,Bhopal,Madhya Pradesh,2022-03-19,Vip
Cust02385,Noah Sharma,Noah.Sharma2385@Mail.Com,6419593355.0,Nashik,Maharashtra,,Vip
Cust02386,Charlotte Garcia,Charlotte.Garcia2386@Gmail.Com,8789787994.0,Pune,Maharashtra,2023-11-30,Regular
Cust02387,Vivaan Rao,Vivaan.Rao2387@Gmail.Com,6680370755.0,Hyderabad,Telangana,2022-10-09,Premium
Cust02388,Saanvi Gupta,Saanvi.Gupta2388@Mail.Com,8390018252.0,Nashik,Maharashtra,2022-12-31,Premium
Cust02389,Lucas Singh,Lucas.Singh2389@Mail.Com,7797159141.0,Patna,Bihar,2023-09-29,Vip
Cust02390,Benjamin Davis,Benjamin.Davis2390@Outlook.Com,9920310353.0,Bhopal,Madhya Pradesh,2023-12-21,New
Cust02391,Charlotte Davis,Charlotte.Davis2391@Outlook.Com,8439405039.0,Surat,Gujarat,2022-04-17,New
Cust02392,Abigail Singh,Abigail.Singh2392@Gmail.Com,6606998382.0,Delhi,Delhi,2023-11-19,Premium
Cust02393,Amelia Singh,Amelia.Singh2393@Mail.Com,6820394476.0,Kolkata,West Bengal,2022-10-12,Regular
Cust02394,Alexander Davis,Alexander.Davis2394@Mail.Com,7554413540.0,Indore,Madhya Pradesh,2022-07-02,Regular
Cust02395,Olivia Williams,Olivia.Williams2395@Outlook.Com,9700823325.0,Kolkata,West Bengal,2024-03-15,Premium
Cust02396,Aryan Miller,,6133774136.0,Bengaluru,Karnataka,2022-04-15,Vip
Cust02397,Aditya Wilson,Aditya.Wilson2397@Mail.Com,9708346161.0,Bengaluru,Karnataka,2021-06-28,Regular
Cust02398,Evelyn Smith,Evelyn.Smith2398@Outlook.Com,8141600982.0,Patna,Bihar,2024-05-12,New
Cust02399,Ira Singh,Ira.Singh2399@Gmail.Com,8464937804.0,Ludhiana,Punjab,2024-08-26,Regular
Cust02400,Diya Singh,Diya.Singh2400@Gmail.Com,6711549995.0,Delhi,Delhi,2023-12-18,Regular
Cust02401,Arjun Gupta,Arjun.Gupta2401@Mail.Com,7100997899.0,Kanpur,Uttar Pradesh,2021-08-22,Regular
Cust02402,Anaya Iyer,Anaya.Iyer2402@Outlook.Com,6463388114.0,Indore,Madhya Pradesh,2023-06-14,Regular
Cust02403,Charlotte Nair,Charlotte.Nair2403@Gmail.Com,8645831987.0,Agra,Uttar Pradesh,2023-06-06,Premium
Cust02404,Charlotte Smith,Charlotte.Smith2404@Outlook.Com,6439761421.0,Chennai,Tamil Nadu,2021-10-14,New
Cust02405,Amelia Singh,Amelia.Singh2405@Yahoo.Com,6393968749.0,Mumbai,Maharashtra,2022-01-11,Premium
Cust02406,,Pari.Rao2406@Outlook.Com,8736882742.0,Kanpur,Uttar Pradesh,2024-06-01,Regular
Cust02407,Riya Verma,Riya.Verma2407@Outlook.Com,6239026711.0,Nagpur,Maharashtra,2022-12-28,Regular
Cust02408,Myra Rao,,6774115553.0,Bengaluru,Karnataka,2021-07-29,Regular
Cust02409,Ananya Anderson,Ananya.Anderson2409@Yahoo.Com,6782958601.0,Hyderabad,Telangana,2022-03-05,Regular
Cust02410,Liam Verma,Liam.Verma2410@Yahoo.Com,9467635611.0,Patna,Bihar,2024-08-12,Regular
Cust02411,Aadhya Nair,Aadhya.Nair2411@Outlook.Com,9798636808.0,Pune,Maharashtra,2023-01-23,Premium
Cust02412,Vivaan Davis,Vivaan.Davis2412@Gmail.Com,9887856235.0,Lucknow,Uttar Pradesh,2024-11-15,Premium
Cust02413,Pari Smith,Pari.Smith2413@Gmail.Com,9267553968.0,Bengaluru,Karnataka,2022-01-07,Regular
Cust02414,Noah Patel,Noah.Patel2414@Outlook.Com,8923790633.0,Bhopal,Madhya Pradesh,,Vip
Cust02415,Olivia Sharma,Olivia.Sharma2415@Mail.Com,8299181540.0,Chennai,Tamil Nadu,2022-11-19,Premium
Cust02416,Emma Jones,Emma.Jones2416_At_Yahoo.Com,9374163157.0,Delhi,Delhi,2024-02-25,Regular
Cust02417,Alexander Davis,Alexander.Davis2417@Mail.Com,8766059883.0,Indore,Madhya Pradesh,2022-07-19,Vip
Cust02418,Pari Nair,Pari.Nair2418@Gmail.Com,8644324579.0,Bhopal,Madhya Pradesh,2024-08-22,Premium
Cust02419,Vivaan Gupta,Vivaan.Gupta2419@Mail.Com,7747764102.0,Lucknow,Uttar Pradesh,2022-05-20,Vip
Cust02420,Charlotte Gupta,Charlotte.Gupta2420@Outlook.Com,8319879459.0,Bhopal,Madhya Pradesh,2024-09-02,Premium
Cust02421,Charlotte Smith,Charlotte.Smith2421@Mail.Com,6904705206.0,Bhopal,Madhya Pradesh,2023-08-01,New
Cust02422,Aditya Singh,Aditya.Singh2422@Mail.Com,7976612944.0,Bhopal,Madhya Pradesh,2021-10-08,Regular
Cust02423,Vihaan Brown,Vihaan.Brown2423@Yahoo.Com,7331676721.0,Nagpur,Maharashtra,2024-10-21,Premium
Cust02424,Saanvi Miller,Saanvi.Miller2424@Outlook.Com,8292184697.0,Vadodara,Gujarat,2024-11-17,Vip
Cust02425,Saanvi Nair,Saanvi.Nair2425@Yahoo.Com,9577249237.0,Nashik,Maharashtra,2022-07-14,Premium
Cust02426,Alexander Nair,Alexander.Nair2426@Gmail.Com,7438844898.0,Agra,Uttar Pradesh,2023-08-11,Premium
Cust02427,Henry Kumar,Henry.Kumar2427@Mail.Com,7583685123.0,Pune,Maharashtra,2023-10-10,Regular
Cust02428,Kabir Garcia,Kabir.Garcia2428@Yahoo.Com,,Kolkata,West Bengal,2021-12-15,Premium
Cust02429,Evelyn Gupta,Evelyn.Gupta2429@Outlook.Com,6561316189.0,Bengaluru,Karnataka,2024-12-04,Vip
Cust02430,Aarav Patel,Aarav.Patel2430@Outlook.Com,7101578394.0,Mumbai,Maharashtra,2022-06-29,Vip
Cust02431,Mia Johnson,Mia.Johnson2431@Mail.Com,6489503546.0,Kolkata,West Bengal,2022-03-27,Regular
Cust02432,Vihaan Smith,Vihaan.Smith2432@Gmail.Com,9950696685.0,Ahmedabad,Gujarat,2022-10-22,Premium
Cust02433,Ananya Gupta,Ananya.Gupta2433@Outlook.Com,6999642363.0,Nagpur,Maharashtra,2023-04-30,Premium
Cust02434,Aarav Smith,Aarav.Smith2434@Yahoo.Com,8683226844.0,Patna,Bihar,2024-05-31,Regular
Cust02435,Vihaan Wilson,Vihaan.Wilson2435@Mail.Com,6219779283.0,Delhi,Delhi,2023-11-16,Vip
Cust02436,Mia Verma,Mia.Verma2436@Outlook.Com,9594051334.0,Agra,Uttar Pradesh,2024-02-01,Vip
Cust02437,Riya Brown,Riya.Brown2437@Mail.Com,,Bhopal,Madhya Pradesh,2022-12-22,Regular
Cust02438,Noah Iyer,Noah.Iyer2438@Gmail.Com,7864664844.0,Agra,Uttar Pradesh,2024-06-23,Regular
Cust02439,Abigail Williams,Abigail.Williams2439@Mail.Com,8579953541.0,Vadodara,Gujarat,2022-07-03,Premium
Cust02440,Benjamin Patel,Benjamin.Patel2440@Outlook.Com,7117131921.0,Kolkata,West Bengal,2022-08-31,Vip
Cust02441,John Williams,John.Williams2441@Mail.Com,,Chennai,Tamil Nadu,2024-06-14,Premium
Cust02442,Alexander Gupta,Alexander.Gupta2442@Yahoo.Com,7160061481.0,Chennai,Tamil Nadu,2022-01-09,Premium
Cust02443,Liam Garcia,Liam.Garcia2443@Gmail.Com,9491462883.0,Bengaluru,Karnataka,2022-10-22,Vip
Cust02444,Benjamin Anderson,Benjamin.Anderson2444@Gmail.Com,7742554101.0,Kanpur,Uttar Pradesh,2024-07-07,Regular
Cust02445,Aryan Miller,Aryan.Miller2445@Gmail.Com,9768135778.0,Chennai,Tamil Nadu,2023-11-20,Regular
Cust02446,Isabella Verma,Isabella.Verma2446@Mail.Com,7431035358.0,Indore,Madhya Pradesh,2023-05-11,Premium
Cust02447,Alexander Nair,Alexander.Nair2447@Yahoo.Com,6153851349.0,Mumbai,Maharashtra,2023-05-17,Premium
Cust02448,Aarav Nair,Aarav.Nair2448@Mail.Com,7853406890.0,Surat,Gujarat,2021-06-28,Regular
Cust02449,Amelia Brown,Amelia.Brown2449@Gmail.Com,6291204755.0,Surat,Gujarat,2024-11-16,New
Cust02450,Ishaan Anderson,Ishaan.Anderson2450@Outlook.Com,8294508017.0,Bengaluru,Karnataka,2024-10-23,Regular
Cust02451,Anaya Anderson,Anaya.Anderson2451@Yahoo.Com,6848782861.0,Delhi,Delhi,2024-06-07,New
Cust02452,Ananya Iyer,Ananya.Iyer2452@Outlook.Com,7374950896.0,Chennai,Tamil Nadu,2021-12-19,Premium
Cust02453,Emma Miller,Emma.Miller2453@Mail.Com,7210228696.0,Ludhiana,Punjab,2023-06-27,New
Cust02454,Aarav Davis,Aarav.Davis2454@Yahoo.Com,6443185548.0,Lucknow,Uttar Pradesh,2022-04-17,Premium
Cust02455,Aryan Gupta,Aryan.Gupta2455@Yahoo.Com,6949975410.0,Indore,Madhya Pradesh,2023-04-13,Vip
Cust02456,Olivia Sharma,Olivia.Sharma2456@Gmail.Com,7928173888.0,Vadodara,Gujarat,2021-09-13,New
Cust02457,Lucas Singh,Lucas.Singh2457@Mail.Com,6903693454.0,Kolkata,West Bengal,2023-12-27,Regular
Cust02458,Olivia Davis,Olivia.Davis2458@Mail.Com,9494267534.0,Ahmedabad,Gujarat,2022-03-20,Vip
Cust02459,James Jones,James.Jones2459@Outlook.Com,7312564760.0,Bhopal,Madhya Pradesh,2021-08-04,Premium
Cust02460,Benjamin Miller,Benjamin.Miller2460@Outlook.Com,6327143626.0,Bengaluru,Karnataka,,Vip
Cust02461,Vivaan Smith,Vivaan.Smith2461@Yahoo.Com,9956947241.0,Ahmedabad,Gujarat,2022-09-14,Premium
Cust02462,Olivia Reddy,Olivia.Reddy2462@Mail.Com,7456670446.0,Lucknow,Uttar Pradesh,2023-08-09,Premium
Cust02463,Myra Nair,Myra.Nair2463@Mail.Com,8731452848.0,Nagpur,Maharashtra,2022-02-19,Premium
Cust02464,William Verma,William.Verma2464@Mail.Com,8749842159.0,Lucknow,Uttar Pradesh,2021-11-14,Regular
Cust02465,Aryan Anderson,Aryan.Anderson2465@Yahoo.Com,6115794381.0,Chennai,Tamil Nadu,2024-03-03,Regular
Cust02466,Kiara Brown,Kiara.Brown2466@Yahoo.Com,7799372436.0,Indore,Madhya Pradesh,2022-10-06,New
Cust02467,Arjun Kumar,Arjun.Kumar2467@Yahoo.Com,9827310781.0,Ludhiana,Punjab,2024-05-03,Regular
Cust02468,Aarav Jones,Aarav.Jones2468@Gmail.Com,8855903974.0,Pune,Maharashtra,2023-10-10,Regular
Cust02469,Riya Nair,Riya.Nair2469@Outlook.Com,8937058492.0,Kolkata,West Bengal,2022-05-06,Vip
Cust02470,James Reddy,James.Reddy2470@Yahoo.Com,9834384424.0,Delhi,Delhi,2023-02-28,Premium
Cust02471,Evelyn Miller,Evelyn.Miller2471@Mail.Com,7289597601.0,Hyderabad,Telangana,2024-07-27,Regular
Cust02472,Mia Singh,Mia.Singh2472@Gmail.Com,8212524824.0,Nagpur,Maharashtra,2023-06-15,Regular
Cust02473,Rohan Reddy,Rohan.Reddy2473@Gmail.Com,9580789494.0,Mumbai,Maharashtra,2023-08-03,Premium
Cust02474,Amelia Garcia,Amelia.Garcia2474@Gmail.Com,8125958699.0,Mumbai,Maharashtra,2022-02-12,Regular
Cust02475,Sophia Patel,Sophia.Patel2475_At_Gmail.Com,,Bengaluru,Karnataka,2024-01-12,Regular
Cust02476,Sophia Singh,Sophia.Singh2476@Yahoo.Com,9331207845.0,Delhi,Delhi,2022-06-11,Regular
Cust02477,Reyansh Anderson,Reyansh.Anderson2477_At_Outlook.Com,7516791263.0,Bengaluru,Karnataka,2022-10-11,Vip
Cust02478,Saanvi Verma,Saanvi.Verma2478@Outlook.Com,9565901909.0,Kolkata,West Bengal,2023-06-03,Premium
Cust02479,Sophia Singh,Sophia.Singh2479@Mail.Com,9435339436.0,Agra,Uttar Pradesh,2022-12-24,Vip
Cust02480,Olivia Patel,Olivia.Patel2480@Outlook.Com,8131480206.0,Bhopal,Madhya Pradesh,2022-08-04,Regular
Cust02481,Aarav Miller,Aarav.Miller2481@Outlook.Com,7708879438.0,Indore,Madhya Pradesh,2023-10-12,New
Cust02482,Aadhya Davis,Aadhya.Davis2482@Outlook.Com,9731407355.0,Vadodara,Gujarat,2021-07-24,Premium
Cust02483,Aryan Williams,Aryan.Williams2483@Mail.Com,7562272293.0,Hyderabad,Telangana,2022-12-15,Vip
Cust02484,Anaya Johnson,Anaya.Johnson2484@Outlook.Com,7517159541.0,Surat,Gujarat,2022-05-11,Regular
Cust02485,Vivaan Kumar,Vivaan.Kumar2485@Yahoo.Com,7212915341.0,Ludhiana,Punjab,2024-11-02,Regular
Cust02486,Charlotte Johnson,Charlotte.Johnson2486@Gmail.Com,8518633591.0,Bhopal,Madhya Pradesh,2024-09-02,Premium
Cust02487,Sophia Singh,Sophia.Singh2487@Yahoo.Com,7310753076.0,Indore,Madhya Pradesh,2023-05-24,Vip
Cust02488,Charlotte Singh,,6186256652.0,Pune,Maharashtra,2023-09-08,Premium
Cust02489,Reyansh Nair,Reyansh.Nair2489@Outlook.Com,6223477745.0,Agra,Uttar Pradesh,2023-11-28,New
Cust02490,Olivia Johnson,Olivia.Johnson2490@Gmail.Com,9255850767.0,Mumbai,Maharashtra,2023-11-05,Premium
Cust02491,Isabella Nair,Isabella.Nair2491@Yahoo.Com,7318107558.0,Bengaluru,Karnataka,2021-08-31,Regular
Cust02492,Vihaan Davis,Vihaan.Davis2492@Gmail.Com,,Kolkata,West Bengal,2023-10-19,Regular
Cust02493,Aarav Singh,Aarav.Singh2493@Yahoo.Com,8809466292.0,Kolkata,West Bengal,2022-11-18,Premium
Cust02494,Henry Johnson,Henry.Johnson2494@Outlook.Com,,Nagpur,Maharashtra,2022-11-03,Vip
Cust02495,Saanvi Garcia,Saanvi.Garcia2495@Gmail.Com,8910828125.0,Nagpur,Maharashtra,2024-12-02,Premium
Cust02496,Evelyn Brown,Evelyn.Brown2496@Outlook.Com,9939066046.0,Nagpur,Maharashtra,2023-01-19,Vip
Cust02497,Mia Garcia,Mia.Garcia2497@Outlook.Com,9696013253.0,Kanpur,Uttar Pradesh,2021-10-11,Premium
Cust02498,Henry Wilson,Henry.Wilson2498@Yahoo.Com,8652592068.0,Mumbai,Maharashtra,2022-04-06,Regular
Cust02499,Amelia Kumar,Amelia.Kumar2499@Outlook.Com,8299348566.0,Ludhiana,Punjab,2023-10-01,New
Cust02500,Henry Davis,Henry.Davis2500@Gmail.Com,8969002252.0,Delhi,Delhi,2023-05-09,Premium
Cust02501,Lucas Iyer,Lucas.Iyer2501@Gmail.Com,7119929255.0,Indore,Madhya Pradesh,2024-02-12,Vip
Cust02502,Arjun Wilson,Arjun.Wilson2502@Gmail.Com,6209038146.0,Delhi,Delhi,2024-10-29,New
Cust02503,Pari Sharma,Pari.Sharma2503@Mail.Com,9432221450.0,Bhopal,Madhya Pradesh,2023-11-20,Vip
Cust02504,John Johnson,John.Johnson2504@Mail.Com,6771015336.0,Nagpur,Maharashtra,2022-06-18,Premium
Cust02505,Anaya Iyer,Anaya.Iyer2505@Mail.Com,9713079856.0,Delhi,Delhi,2023-04-14,Vip
Cust02506,Anaya Patel,,6526464252.0,Pune,Maharashtra,2022-04-18,Regular
Cust02507,Isabella Verma,Isabella.Verma2507@Outlook.Com,9605508259.0,Chennai,Tamil Nadu,2022-12-15,Premium
Cust02508,Myra Jones,Myra.Jones2508@Yahoo.Com,9664285297.0,Kolkata,West Bengal,2023-01-24,Regular
Cust02509,Isabella Garcia,Isabella.Garcia2509@Yahoo.Com,7595280960.0,Chennai,Tamil Nadu,2021-05-08,Vip
Cust02510,Aadhya Johnson,Aadhya.Johnson2510@Outlook.Com,7474724514.0,Indore,Madhya Pradesh,2023-03-02,Vip
Cust02511,Sophia Davis,Sophia.Davis2511@Outlook.Com,8608329463.0,Mumbai,Maharashtra,2021-07-13,Regular
Cust02512,Harper Reddy,Harper.Reddy2512@Gmail.Com,7608870403.0,Hyderabad,Telangana,2023-09-21,New
Cust02513,Anaya Patel,Anaya.Patel2513@Gmail.Com,7405299995.0,Chennai,Tamil Nadu,2024-07-27,Regular
Cust02514,William Verma,William.Verma2514@Mail.Com,8183958514.0,Kolkata,West Bengal,2021-12-23,Regular
Cust02515,Evelyn Reddy,,8103527493.0,Vadodara,Gujarat,2022-09-28,New
Cust02516,James Nair,James.Nair2516@Yahoo.Com,6695908547.0,Kolkata,West Bengal,2022-10-06,Premium
Cust02517,Charlotte Garcia,Charlotte.Garcia2517@Gmail.Com,8807770065.0,Kanpur,Uttar Pradesh,2024-04-11,Regular
Cust02518,Charlotte Patel,Charlotte.Patel2518@Mail.Com,7178029004.0,Patna,Bihar,2024-05-17,Vip
Cust02519,Aarav Miller,Aarav.Miller2519@Yahoo.Com,7669892777.0,Mumbai,Maharashtra,2023-09-05,Premium
Cust02520,Arjun Singh,Arjun.Singh2520@Yahoo.Com,7780969954.0,Delhi,Delhi,2024-07-28,Premium
Cust02521,Amelia Gupta,Amelia.Gupta2521@Outlook.Com,7363159489.0,Indore,Madhya Pradesh,2024-10-05,Regular
Cust02522,Saanvi Rao,Saanvi.Rao2522@Mail.Com,7563657877.0,Chennai,Tamil Nadu,,Regular
Cust02523,Henry Nair,Henry.Nair2523@Mail.Com,7855650208.0,Ahmedabad,Gujarat,2024-08-07,Regular
Cust02524,Harper Reddy,Harper.Reddy2524@Mail.Com,7640941355.0,Chennai,Tamil Nadu,2022-08-27,Vip
Cust02525,Liam Iyer,Liam.Iyer2525@Yahoo.Com,6127202040.0,Kolkata,West Bengal,2024-11-17,Premium
Cust02526,Harper Wilson,Harper.Wilson2526@Gmail.Com,7179943300.0,Agra,Uttar Pradesh,2024-12-07,New
Cust02527,Kiara Iyer,Kiara.Iyer2527@Mail.Com,6938652771.0,Vadodara,Gujarat,2022-12-24,New
Cust02528,Amelia Johnson,Amelia.Johnson2528@Yahoo.Com,7642348579.0,Bengaluru,Karnataka,2024-06-16,Premium
Cust02529,Riya Rao,Riya.Rao2529@Yahoo.Com,6140299232.0,Jaipur,Rajasthan,2022-12-13,New
Cust02530,Vihaan Kumar,Vihaan.Kumar2530@Gmail.Com,8763410140.0,Agra,Uttar Pradesh,2024-07-26,Regular
Cust02531,Aadhya Jones,Aadhya.Jones2531@Mail.Com,7102742306.0,Vadodara,Gujarat,2021-08-17,New
Cust02532,Abigail Garcia,Abigail.Garcia2532@Gmail.Com,,Indore,Madhya Pradesh,2022-01-09,Regular
Cust02533,Noah Reddy,Noah.Reddy2533@Yahoo.Com,7134658905.0,Patna,Bihar,2023-07-06,Regular
Cust02534,Sophia Johnson,Sophia.Johnson2534@Mail.Com,7659878193.0,Ahmedabad,Gujarat,2024-07-26,Regular
Cust02535,Aarav Smith,Aarav.Smith2535@Mail.Com,7614155864.0,Surat,Gujarat,2022-02-07,Regular
Cust02536,William Gupta,William.Gupta2536@Mail.Com,9808660325.0,Bengaluru,Karnataka,2023-12-04,Vip
Cust02537,Olivia Williams,Olivia.Williams2537@Mail.Com,9414984031.0,Nagpur,Maharashtra,2024-12-05,Vip
Cust02538,Vivaan Williams,Vivaan.Williams2538@Yahoo.Com,6122975316.0,Pune,Maharashtra,2024-05-24,Regular
Cust02539,Isabella Wilson,Isabella.Wilson2539@Mail.Com,9651788942.0,Lucknow,Uttar Pradesh,,Regular
Cust02540,James Iyer,James.Iyer2540@Outlook.Com,9248298332.0,Nagpur,Maharashtra,2022-02-17,Regular
Cust02541,Saanvi Singh,Saanvi.Singh2541@Yahoo.Com,7416008913.0,Bengaluru,Karnataka,2022-05-15,Regular
Cust02542,Benjamin Anderson,Benjamin.Anderson2542@Gmail.Com,7530651298.0,Ludhiana,Punjab,2024-03-04,Premium
Cust02543,James Johnson,James.Johnson2543@Mail.Com,6849247738.0,Kanpur,Uttar Pradesh,2022-01-24,Regular
Cust02544,William Miller,William.Miller2544@Outlook.Com,8898200698.0,Ahmedabad,Gujarat,2022-12-22,Regular
Cust02545,Liam Smith,Liam.Smith2545@Outlook.Com,9968718972.0,Nashik,Maharashtra,2023-03-03,New
Cust02546,Abigail Nair,Abigail.Nair2546@Outlook.Com,8504873371.0,Bhopal,Madhya Pradesh,2023-09-19,Regular
Cust02547,Charlotte Nair,Charlotte.Nair2547@Mail.Com,6746954865.0,Vadodara,Gujarat,2024-02-20,Regular
Cust02548,Ira Gupta,Ira.Gupta2548@Yahoo.Com,7754880270.0,Surat,Gujarat,2023-02-01,New
Cust02549,Olivia Rao,Olivia.Rao2549@Outlook.Com,6168444357.0,Lucknow,Uttar Pradesh,2022-11-14,Vip
Cust02550,Vihaan Jones,Vihaan.Jones2550@Outlook.Com,8756003669.0,Jaipur,Rajasthan,2023-08-05,Regular
Cust02551,Vivaan Iyer,Vivaan.Iyer2551@Outlook.Com,9825811404.0,Ludhiana,Punjab,2023-07-17,Regular
Cust02552,Vivaan Gupta,Vivaan.Gupta2552@Yahoo.Com,8999837326.0,Chennai,Tamil Nadu,2023-04-06,Vip
Cust02553,Liam Rao,Liam.Rao2553@Mail.Com,6935056307.0,Vadodara,Gujarat,2023-09-18,Premium
Cust02554,Amelia Brown,Amelia.Brown2554@Gmail.Com,8922060832.0,Kolkata,West Bengal,2024-06-12,Regular
Cust02555,James Kumar,James.Kumar2555@Outlook.Com,,Jaipur,Rajasthan,2023-09-17,Vip
Cust02556,Vivaan Smith,Vivaan.Smith2556@Yahoo.Com,8977382142.0,Agra,Uttar Pradesh,2023-05-05,New
Cust02557,Vihaan Garcia,Vihaan.Garcia2557@Gmail.Com,8373441600.0,Chennai,Tamil Nadu,2024-06-09,Regular
Cust02558,Vivaan Johnson,Vivaan.Johnson2558@Yahoo.Com,7779661983.0,Vadodara,Gujarat,2023-11-05,Regular
Cust02559,Myra Reddy,Myra.Reddy2559@Gmail.Com,7115656082.0,Hyderabad,Telangana,2023-03-18,Premium
Cust02560,Aryan Jones,Aryan.Jones2560@Mail.Com,9799707939.0,Patna,Bihar,2023-12-21,Premium
Cust02561,Aadhya Iyer,Aadhya.Iyer2561@Outlook.Com,,Ludhiana,Punjab,2022-12-15,New
Cust02562,Ananya Wilson,Ananya.Wilson2562@Outlook.Com,9114914064.0,Ludhiana,Punjab,2023-05-03,Regular
Cust02563,Ananya Brown,Ananya.Brown2563@Outlook.Com,6496699237.0,Kanpur,Uttar Pradesh,2023-01-12,Vip
Cust02564,Aadhya Garcia,Aadhya.Garcia2564@Outlook.Com,8567714669.0,Delhi,Delhi,2021-11-17,Regular
Cust02565,Noah Anderson,Noah.Anderson2565@Gmail.Com,7327654972.0,Jaipur,Rajasthan,2022-06-18,New
Cust02566,Lucas Brown,Lucas.Brown2566@Gmail.Com,9997313665.0,Vadodara,Gujarat,2023-01-17,Premium
Cust02567,Anaya Verma,Anaya.Verma2567@Mail.Com,7119817168.0,Ludhiana,Punjab,2022-03-25,Premium
Cust02568,Pari Brown,Pari.Brown2568@Outlook.Com,9810679923.0,Indore,Madhya Pradesh,2022-01-23,Regular
Cust02569,Mia Reddy,Mia.Reddy2569@Mail.Com,9349145370.0,Ludhiana,Punjab,2022-12-25,Vip
Cust02570,Pari Kumar,Pari.Kumar2570@Gmail.Com,9165693027.0,Chennai,Tamil Nadu,2022-08-20,Regular
Cust02571,Harper Miller,Harper.Miller2571_At_Yahoo.Com,,Delhi,Delhi,2022-10-19,New
Cust02572,Abigail Singh,Abigail.Singh2572@Mail.Com,7925677851.0,Kanpur,Uttar Pradesh,2023-07-08,Premium
Cust02573,Michael Jones,Michael.Jones2573@Yahoo.Com,8746781652.0,Surat,Gujarat,2022-08-14,Regular
Cust02574,Noah Davis,Noah.Davis2574@Outlook.Com,8943115413.0,Mumbai,Maharashtra,2024-08-16,New
Cust02575,Benjamin Davis,Benjamin.Davis2575_At_Yahoo.Com,6973621225.0,Agra,Uttar Pradesh,2024-05-20,New
Cust02576,Benjamin Rao,Benjamin.Rao2576@Outlook.Com,7828979122.0,Bhopal,Madhya Pradesh,2021-06-22,Premium
Cust02577,Noah Jones,Noah.Jones2577@Outlook.Com,9953269563.0,Delhi,Delhi,2022-03-12,Regular
Cust02578,Aditya Nair,Aditya.Nair2578@Mail.Com,9596831965.0,Kolkata,West Bengal,2024-09-16,Regular
Cust02579,Charlotte Reddy,Charlotte.Reddy2579@Yahoo.Com,7985508331.0,Jaipur,Rajasthan,2021-07-11,Premium
Cust02580,Lucas Anderson,Lucas.Anderson2580@Gmail.Com,8913160478.0,Chennai,Tamil Nadu,2024-11-16,Premium
Cust02581,Anaya Kumar,Anaya.Kumar2581@Mail.Com,6545719748.0,Jaipur,Rajasthan,2024-03-01,Regular
Cust02582,Ananya Jones,Ananya.Jones2582@Outlook.Com,9683802071.0,Kolkata,West Bengal,2021-07-08,Premium
Cust02583,Amelia Iyer,Amelia.Iyer2583@Yahoo.Com,9163796293.0,Patna,Bihar,2023-09-02,Regular
Cust02584,Pari Reddy,,7259308220.0,Pune,Maharashtra,2021-12-29,Vip
Cust02585,Anaya Nair,Anaya.Nair2585@Mail.Com,6165827827.0,Pune,Maharashtra,2024-03-17,Vip
Cust02586,Kabir Garcia,Kabir.Garcia2586@Gmail.Com,9640932557.0,Patna,Bihar,2024-12-07,Regular
Cust02587,Vihaan Johnson,Vihaan.Johnson2587@Mail.Com,6894782459.0,Kanpur,Uttar Pradesh,2024-01-01,New
Cust02588,Aadhya Williams,Aadhya.Williams2588@Mail.Com,7924860861.0,Nashik,Maharashtra,2021-12-02,Regular
Cust02589,Myra Miller,Myra.Miller2589@Outlook.Com,7274198525.0,Delhi,Delhi,2024-06-20,Regular
Cust02590,Myra Sharma,Myra.Sharma2590@Outlook.Com,9945600346.0,Delhi,Delhi,2021-06-19,Regular
Cust02591,Anaya Jones,Anaya.Jones2591@Outlook.Com,6964301452.0,Bengaluru,Karnataka,2023-11-01,Premium
Cust02592,Aryan Reddy,Aryan.Reddy2592@Gmail.Com,8196348313.0,Chennai,Tamil Nadu,2023-08-19,Premium
Cust02593,Vihaan Nair,Vihaan.Nair2593@Gmail.Com,6845864005.0,Chennai,Tamil Nadu,2023-07-07,Regular
Cust02594,John Jones,John.Jones2594@Mail.Com,6214909295.0,Vadodara,Gujarat,2022-01-17,Regular
Cust02595,James Brown,James.Brown2595@Yahoo.Com,7263467675.0,Patna,Bihar,2022-02-08,Premium
Cust02596,Sophia Garcia,Sophia.Garcia2596@Mail.Com,6892610391.0,Hyderabad,Telangana,2023-01-31,Vip
Cust02597,Isabella Garcia,Isabella.Garcia2597@Outlook.Com,8468070275.0,Bhopal,Madhya Pradesh,2023-12-11,Vip
Cust02598,Liam Iyer,Liam.Iyer2598@Outlook.Com,6136514318.0,Chennai,Tamil Nadu,2022-11-07,Premium
Cust02599,Vivaan Anderson,Vivaan.Anderson2599@Outlook.Com,6954721886.0,Bengaluru,Karnataka,2023-06-04,Premium
Cust02600,Aadhya Kumar,Aadhya.Kumar2600@Yahoo.Com,6262078356.0,Agra,Uttar Pradesh,2023-10-20,Regular
Cust02601,Michael Iyer,Michael.Iyer2601@Yahoo.Com,7198382763.0,Agra,Uttar Pradesh,2021-07-20,Vip
Cust02602,James Williams,James.Williams2602@Gmail.Com,8128681923.0,Agra,Uttar Pradesh,2024-06-14,Regular
Cust02603,Diya Nair,Diya.Nair2603@Yahoo.Com,9843441213.0,Vadodara,Gujarat,2024-04-01,Vip
Cust02604,Aryan Rao,Aryan.Rao2604@Outlook.Com,6254882602.0,Ludhiana,Punjab,2024-03-16,Premium
Cust02605,Ira Kumar,Ira.Kumar2605@Yahoo.Com,7661021340.0,Nashik,Maharashtra,2022-06-02,Regular
Cust02606,Evelyn Verma,Evelyn.Verma2606@Outlook.Com,8505473997.0,Patna,Bihar,2022-08-10,Premium
Cust02607,Rohan Garcia,Rohan.Garcia2607@Mail.Com,7107538045.0,Hyderabad,Telangana,2024-12-11,Vip
Cust02608,Mia Brown,Mia.Brown2608@Outlook.Com,8425720751.0,Nashik,Maharashtra,2023-09-14,Regular
Cust02609,Ananya Patel,Ananya.Patel2609@Mail.Com,8498966772.0,Ahmedabad,Gujarat,,Regular
Cust02610,John Sharma,John.Sharma2610@Gmail.Com,7833312276.0,Vadodara,Gujarat,2021-12-09,Vip
Cust02611,Kabir Iyer,Kabir.Iyer2611@Yahoo.Com,9631933606.0,Pune,Maharashtra,2022-07-22,New
Cust02612,Rohan Nair,Rohan.Nair2612@Outlook.Com,9515432471.0,Kolkata,West Bengal,2023-07-01,Premium
Cust02613,Ira Brown,Ira.Brown2613@Gmail.Com,9135007223.0,Surat,Gujarat,2024-01-18,Premium
Cust02614,Henry Davis,Henry.Davis2614@Yahoo.Com,7402506204.0,Mumbai,Maharashtra,2022-03-01,Premium
Cust02615,Ishaan Smith,Ishaan.Smith2615@Mail.Com,8988610802.0,Mumbai,Maharashtra,2024-06-10,Regular
Cust02616,Anaya Sharma,,8278857838.0,Delhi,Delhi,2023-09-17,New
Cust02617,Riya Verma,Riya.Verma2617@Yahoo.Com,6370400523.0,Indore,Madhya Pradesh,2023-03-30,Regular
Cust02618,Kiara Garcia,Kiara.Garcia2618@Mail.Com,6146974130.0,Ludhiana,Punjab,2021-07-01,New
Cust02619,Harper Davis,Harper.Davis2619_At_Gmail.Com,9456675322.0,Bhopal,Madhya Pradesh,2024-06-20,Premium
Cust02620,Saanvi Kumar,Saanvi.Kumar2620@Gmail.Com,9587804537.0,Ludhiana,Punjab,2021-10-21,Vip
Cust02621,Evelyn Jones,Evelyn.Jones2621@Mail.Com,9493287931.0,Kanpur,Uttar Pradesh,2021-10-31,Regular
Cust02622,Rohan Jones,Rohan.Jones2622@Yahoo.Com,7982085037.0,Ludhiana,Punjab,2023-09-30,Premium
Cust02623,Saanvi Williams,Saanvi.Williams2623@Yahoo.Com,6792418863.0,Nashik,Maharashtra,2023-04-09,New
Cust02624,Aadhya Iyer,Aadhya.Iyer2624@Outlook.Com,7589131559.0,Ahmedabad,Gujarat,2024-05-05,Premium
Cust02625,Alexander Gupta,Alexander.Gupta2625@Mail.Com,7444863850.0,Ludhiana,Punjab,2024-03-10,New
Cust02626,Reyansh Nair,Reyansh.Nair2626@Gmail.Com,7169239457.0,Agra,Uttar Pradesh,2023-04-17,Premium
Cust02627,Noah Anderson,Noah.Anderson2627@Gmail.Com,9969295093.0,Nashik,Maharashtra,2022-02-17,Vip
Cust02628,Ira Garcia,Ira.Garcia2628@Mail.Com,9718815672.0,Indore,Madhya Pradesh,2022-06-26,Regular
Cust02629,Lucas Sharma,Lucas.Sharma2629@Mail.Com,9698554797.0,Mumbai,Maharashtra,2023-06-13,Vip
Cust02630,Myra Smith,Myra.Smith2630@Mail.Com,8454523625.0,Kanpur,Uttar Pradesh,2023-10-26,Regular
Cust02631,Alexander Sharma,Alexander.Sharma2631@Gmail.Com,9237131529.0,Nagpur,Maharashtra,2022-04-23,New
Cust02632,Riya Miller,Riya.Miller2632_At_Gmail.Com,7224649837.0,Delhi,Delhi,2023-08-29,Premium
Cust02633,Isabella Verma,Isabella.Verma2633@Outlook.Com,6271085326.0,Ludhiana,Punjab,2024-02-21,Vip
Cust02634,Lucas Reddy,Lucas.Reddy2634@Outlook.Com,9763542965.0,Delhi,Delhi,2021-08-29,Premium
Cust02635,Ira Patel,Ira.Patel2635@Gmail.Com,8148919774.0,Chennai,Tamil Nadu,2022-07-18,Regular
Cust02636,Mia Iyer,Mia.Iyer2636@Yahoo.Com,8638213166.0,Nagpur,Maharashtra,2023-05-20,Vip
Cust02637,James Garcia,James.Garcia2637@Outlook.Com,7126274515.0,Indore,Madhya Pradesh,2023-08-11,New
Cust02638,Sophia Rao,Sophia.Rao2638@Mail.Com,9288712486.0,Jaipur,Rajasthan,2023-09-22,Premium
Cust02639,Abigail Davis,Abigail.Davis2639@Outlook.Com,7409052787.0,Surat,Gujarat,2022-02-12,Premium
Cust02640,William Reddy,William.Reddy2640@Yahoo.Com,7796600671.0,Bengaluru,Karnataka,2024-05-20,Regular
Cust02641,Benjamin Johnson,Benjamin.Johnson2641@Outlook.Com,8717258154.0,Hyderabad,Telangana,2022-07-11,Premium
Cust02642,Abigail Jones,Abigail.Jones2642@Mail.Com,9215904590.0,Nagpur,Maharashtra,2023-12-06,Premium
Cust02643,Anaya Garcia,Anaya.Garcia2643@Gmail.Com,8570824305.0,Jaipur,Rajasthan,2022-09-15,Premium
Cust02644,Alexander Reddy,Alexander.Reddy2644@Outlook.Com,8868078895.0,Bengaluru,Karnataka,2023-08-24,Premium
Cust02645,Mia Williams,Mia.Williams2645@Outlook.Com,9679462904.0,Bengaluru,Karnataka,2024-12-02,Vip
Cust02646,Benjamin Wilson,,7308000593.0,Ahmedabad,Gujarat,2023-10-22,Regular
Cust02647,Rohan Garcia,Rohan.Garcia2647@Outlook.Com,6554685761.0,Kanpur,Uttar Pradesh,2024-08-15,Regular
Cust02648,Charlotte Davis,Charlotte.Davis2648@Yahoo.Com,8474256444.0,Surat,Gujarat,2022-01-24,Premium
Cust02649,Ananya Reddy,Ananya.Reddy2649@Yahoo.Com,9904387448.0,Kanpur,Uttar Pradesh,2023-03-30,Vip
Cust02650,Mia Nair,Mia.Nair2650@Yahoo.Com,7740947862.0,Indore,Madhya Pradesh,2022-07-31,Premium
Cust02651,Anaya Verma,Anaya.Verma2651@Yahoo.Com,6103090799.0,Patna,Bihar,2023-08-18,Premium
Cust02652,James Sharma,James.Sharma2652@Yahoo.Com,6323402679.0,Kanpur,Uttar Pradesh,2023-09-08,New
Cust02653,Harper Miller,Harper.Miller2653@Gmail.Com,9486532703.0,Bengaluru,Karnataka,2022-12-17,Premium
Cust02654,Ishaan Miller,Ishaan.Miller2654@Yahoo.Com,7146768810.0,Surat,Gujarat,2024-06-16,New
Cust02655,Kiara Smith,Kiara.Smith2655@Outlook.Com,,Lucknow,Uttar Pradesh,2023-06-22,Premium
Cust02656,Aadhya Anderson,Aadhya.Anderson2656_At_Gmail.Com,8608170682.0,Chennai,Tamil Nadu,2022-07-22,New
Cust02657,Aadhya Iyer,Aadhya.Iyer2657@Outlook.Com,8646662241.0,Ludhiana,Punjab,2021-10-22,Regular
Cust02658,Benjamin Rao,Benjamin.Rao2658@Mail.Com,7869412010.0,Kolkata,West Bengal,2022-08-03,Regular
Cust02659,Sophia Williams,Sophia.Williams2659@Gmail.Com,7370441839.0,Kanpur,Uttar Pradesh,2021-08-07,Regular
Cust02660,Sophia Johnson,Sophia.Johnson2660@Outlook.Com,9793128014.0,Ludhiana,Punjab,2023-09-05,Regular
Cust02661,Saanvi Reddy,Saanvi.Reddy2661@Yahoo.Com,8119480979.0,Pune,Maharashtra,2021-10-24,Regular
Cust02662,Liam Gupta,Liam.Gupta2662@Yahoo.Com,9917948772.0,Bengaluru,Karnataka,2023-02-21,Premium
Cust02663,Ishaan Kumar,Ishaan.Kumar2663@Yahoo.Com,,Ahmedabad,Gujarat,2023-01-24,New
Cust02664,Saanvi Rao,Saanvi.Rao2664@Yahoo.Com,8931073670.0,Mumbai,Maharashtra,2021-08-09,Regular
Cust02665,Saanvi Nair,Saanvi.Nair2665@Yahoo.Com,6708998957.0,Pune,Maharashtra,2023-03-05,Premium
Cust02666,Charlotte Brown,Charlotte.Brown2666@Yahoo.Com,7537977943.0,Nagpur,Maharashtra,2023-01-21,Regular
Cust02667,Mia Wilson,Mia.Wilson2667@Outlook.Com,7103732451.0,Mumbai,Maharashtra,2024-01-23,Regular
Cust02668,Rohan Miller,Rohan.Miller2668@Yahoo.Com,7554270033.0,Chennai,Tamil Nadu,2023-10-26,Regular
Cust02669,Evelyn Kumar,Evelyn.Kumar2669@Outlook.Com,6859880098.0,Bhopal,Madhya Pradesh,2022-07-20,Regular
Cust02670,Noah Kumar,Noah.Kumar2670@Gmail.Com,8277976841.0,Chennai,Tamil Nadu,2024-06-04,Premium
Cust02671,John Singh,John.Singh2671@Yahoo.Com,9513156443.0,Mumbai,Maharashtra,2024-09-16,Premium
Cust02672,Ishaan Nair,Ishaan.Nair2672@Outlook.Com,8299205872.0,Ahmedabad,Gujarat,2022-11-12,New
Cust02673,Henry Iyer,Henry.Iyer2673@Yahoo.Com,7137157460.0,Chennai,Tamil Nadu,2024-11-22,Premium
Cust02674,Michael Reddy,Michael.Reddy2674@Outlook.Com,8322503874.0,Bhopal,Madhya Pradesh,2024-04-21,Premium
Cust02675,Abigail Sharma,Abigail.Sharma2675@Outlook.Com,7465370381.0,Kanpur,Uttar Pradesh,2024-08-26,New
Cust02676,Liam Kumar,Liam.Kumar2676@Yahoo.Com,,Mumbai,Maharashtra,2024-03-08,Vip
Cust02677,Ira Davis,Ira.Davis2677@Outlook.Com,6872122938.0,Kanpur,Uttar Pradesh,2022-05-25,Premium
Cust02678,William Johnson,William.Johnson2678@Gmail.Com,8813578545.0,Bhopal,Madhya Pradesh,2021-06-16,Premium
Cust02679,Anaya Gupta,Anaya.Gupta2679@Gmail.Com,7481271337.0,Chennai,Tamil Nadu,2023-02-26,Regular
Cust02680,Noah Sharma,Noah.Sharma2680@Outlook.Com,6424503190.0,Pune,Maharashtra,2022-07-30,Vip
Cust02681,John Reddy,John.Reddy2681@Yahoo.Com,8250573353.0,Bengaluru,Karnataka,2023-02-09,Premium
Cust02682,Myra Miller,Myra.Miller2682@Gmail.Com,7304079881.0,Delhi,Delhi,2024-12-11,Regular
Cust02683,Vivaan Anderson,Vivaan.Anderson2683@Outlook.Com,9902557783.0,Chennai,Tamil Nadu,2023-06-29,Premium
Cust02684,Riya Jones,Riya.Jones2684@Mail.Com,6411891678.0,Vadodara,Gujarat,2023-10-10,Premium
Cust02685,Vivaan Jones,Vivaan.Jones2685@Gmail.Com,9217184510.0,Surat,Gujarat,2024-05-22,Regular
Cust02686,Ishaan Gupta,Ishaan.Gupta2686@Mail.Com,9127400352.0,Agra,Uttar Pradesh,2021-11-04,Regular
Cust02687,Diya Patel,Diya.Patel2687@Outlook.Com,9404115104.0,Kolkata,West Bengal,2021-07-18,Premium
Cust02688,Arjun Verma,Arjun.Verma2688@Mail.Com,,Kanpur,Uttar Pradesh,2023-07-13,Regular
Cust02690,Emma Williams,Emma.Williams2690@Gmail.Com,8591588520.0,Ahmedabad,Gujarat,2021-10-26,New
Cust02691,Emma Gupta,Emma.Gupta2691@Gmail.Com,8878363857.0,Hyderabad,Telangana,2022-11-21,Premium
Cust02692,Sophia Gupta,,7848947803.0,Chennai,Tamil Nadu,2023-03-27,New
Cust02693,Charlotte Patel,Charlotte.Patel2693@Yahoo.Com,,Surat,Gujarat,2023-04-03,Premium
Cust02694,Isabella Verma,Isabella.Verma2694@Mail.Com,8972486399.0,Delhi,Delhi,2022-01-04,Premium
Cust02695,Henry Iyer,Henry.Iyer2695@Gmail.Com,9930047911.0,Jaipur,Rajasthan,2021-10-13,Regular
Cust02696,Abigail Jones,Abigail.Jones2696@Gmail.Com,8654424488.0,Surat,Gujarat,2021-11-19,New
Cust02697,Michael Nair,Michael.Nair2697@Yahoo.Com,9259610844.0,Jaipur,Rajasthan,2022-05-06,Vip
Cust02698,Sophia Brown,Sophia.Brown2698@Outlook.Com,9458924718.0,Chennai,Tamil Nadu,2024-08-16,Premium
Cust02699,Pari Reddy,Pari.Reddy2699@Gmail.Com,6763068422.0,Nagpur,Maharashtra,2024-01-03,Vip
Cust02700,Rohan Nair,Rohan.Nair2700@Gmail.Com,7189383056.0,Pune,Maharashtra,2022-11-07,Premium
Cust02701,Vihaan Garcia,Vihaan.Garcia2701@Yahoo.Com,6190083348.0,Nagpur,Maharashtra,2022-05-16,Regular
Cust02702,John Gupta,John.Gupta2702@Yahoo.Com,6162218795.0,Ludhiana,Punjab,2023-10-20,Regular
Cust02703,Vivaan Garcia,Vivaan.Garcia2703_At_Outlook.Com,9897021653.0,Patna,Bihar,2023-08-24,Vip
Cust02704,Myra Reddy,Myra.Reddy2704@Outlook.Com,6790166436.0,Indore,Madhya Pradesh,,Premium
Cust02705,Aditya Smith,Aditya.Smith2705@Gmail.Com,8146225778.0,Nashik,Maharashtra,2022-07-02,New
Cust02706,Michael Johnson,Michael.Johnson2706@Mail.Com,9728180496.0,Surat,Gujarat,2021-10-31,Premium
Cust02707,Aarav Singh,Aarav.Singh2707@Gmail.Com,9918537166.0,Hyderabad,Telangana,2023-12-03,Regular
Cust02708,Abigail Sharma,Abigail.Sharma2708@Yahoo.Com,6575074476.0,Bengaluru,Karnataka,2022-02-13,Vip
Cust02709,Aditya Nair,Aditya.Nair2709@Yahoo.Com,8892218029.0,Lucknow,Uttar Pradesh,2023-12-14,New
Cust02710,Abigail Smith,Abigail.Smith2710@Gmail.Com,6138416820.0,Agra,Uttar Pradesh,2021-10-13,Premium
Cust02711,Olivia Williams,Olivia.Williams2711@Mail.Com,7180542318.0,Pune,Maharashtra,2022-11-26,Premium
Cust02712,Rohan Miller,Rohan.Miller2712@Gmail.Com,,Mumbai,Maharashtra,,Vip
Cust02713,Aryan Sharma,Aryan.Sharma2713@Yahoo.Com,9972675012.0,Mumbai,Maharashtra,2024-10-20,Premium
Cust02714,Amelia Garcia,Amelia.Garcia2714@Outlook.Com,,Nagpur,Maharashtra,2022-11-30,New
Cust02715,Evelyn Rao,Evelyn.Rao2715@Mail.Com,8234365767.0,Bhopal,Madhya Pradesh,2023-12-11,Premium
Cust02716,Aditya Singh,Aditya.Singh2716_At_Mail.Com,7953841828.0,Lucknow,Uttar Pradesh,2024-09-24,Premium
Cust02717,Lucas Davis,Lucas.Davis2717@Mail.Com,8306131900.0,Bhopal,Madhya Pradesh,2022-12-29,New
Cust02718,Ananya Iyer,Ananya.Iyer2718@Outlook.Com,7426053490.0,Pune,Maharashtra,2023-12-05,Premium
Cust02719,Vihaan Davis,Vihaan.Davis2719@Outlook.Com,6747305491.0,Nagpur,Maharashtra,2022-08-31,Regular
Cust02720,Henry Sharma,Henry.Sharma2720@Gmail.Com,8789643521.0,Lucknow,Uttar Pradesh,2022-05-02,Premium
Cust02721,Arjun Singh,Arjun.Singh2721@Gmail.Com,,Vadodara,Gujarat,2024-12-11,Vip
Cust02722,Noah Anderson,Noah.Anderson2722@Mail.Com,7238979395.0,Indore,Madhya Pradesh,2023-06-23,Regular
Cust02723,Anaya Verma,Anaya.Verma2723@Outlook.Com,9840257492.0,Agra,Uttar Pradesh,2024-07-16,Vip
Cust02724,William Williams,William.Williams2724@Gmail.Com,7751932544.0,Delhi,Delhi,2022-03-23,Regular
Cust02725,Harper Iyer,Harper.Iyer2725@Gmail.Com,,Nashik,Maharashtra,2022-01-14,Regular
Cust02726,Amelia Brown,Amelia.Brown2726@Gmail.Com,8356353572.0,Jaipur,Rajasthan,2023-03-29,Regular
Cust02727,Anaya Johnson,Anaya.Johnson2727@Outlook.Com,8936165273.0,Vadodara,Gujarat,2022-01-22,New
Cust02728,Michael Sharma,Michael.Sharma2728@Mail.Com,8149202876.0,Nashik,Maharashtra,2023-06-13,Premium
Cust02729,Isabella Jones,Isabella.Jones2729@Mail.Com,9934621005.0,Lucknow,Uttar Pradesh,2024-03-02,Premium
Cust02730,Aadhya Williams,Aadhya.Williams2730@Mail.Com,9388969136.0,Jaipur,Rajasthan,2024-02-06,New
Cust02731,Aadhya Kumar,Aadhya.Kumar2731@Outlook.Com,7645787884.0,Chennai,Tamil Nadu,2022-12-08,Premium
Cust02732,Amelia Singh,Amelia.Singh2732@Mail.Com,6317933169.0,Nagpur,Maharashtra,2021-11-01,New
Cust02733,Anaya Patel,Anaya.Patel2733@Mail.Com,9165929996.0,Agra,Uttar Pradesh,2022-04-28,New
Cust02734,Emma Anderson,Emma.Anderson2734@Mail.Com,8772024076.0,Ludhiana,Punjab,2024-02-10,Vip
Cust02735,Ira Miller,Ira.Miller2735@Gmail.Com,8585013387.0,Mumbai,Maharashtra,2022-03-03,Regular
Cust02736,Isabella Smith,Isabella.Smith2736@Yahoo.Com,6613976621.0,Chennai,Tamil Nadu,,New
Cust02737,Ira Wilson,Ira.Wilson2737@Yahoo.Com,7453513537.0,Surat,Gujarat,2024-12-22,Premium
Cust02738,Aditya Smith,Aditya.Smith2738@Outlook.Com,6484454281.0,Kolkata,West Bengal,2024-11-15,Premium
Cust02739,Harper Jones,Harper.Jones2739@Mail.Com,8996382371.0,Jaipur,Rajasthan,2022-10-19,Regular
Cust02740,Amelia Jones,Amelia.Jones2740@Gmail.Com,8391434322.0,Jaipur,Rajasthan,2022-09-18,Regular
Cust02741,Kiara Garcia,Kiara.Garcia2741@Outlook.Com,8962349070.0,Ahmedabad,Gujarat,2024-11-26,New
Cust02742,Isabella Davis,Isabella.Davis2742@Mail.Com,9679029002.0,Nagpur,Maharashtra,2022-07-28,New
Cust02743,Mia Gupta,Mia.Gupta2743@Gmail.Com,8615852787.0,Ludhiana,Punjab,2021-06-12,New
Cust02744,Charlotte Reddy,Charlotte.Reddy2744@Mail.Com,8896772898.0,Patna,Bihar,2022-07-24,Regular
Cust02745,Henry Gupta,Henry.Gupta2745@Mail.Com,9555478977.0,Nagpur,Maharashtra,2024-11-30,Premium
Cust02746,Liam Williams,Liam.Williams2746@Yahoo.Com,8293441982.0,Agra,Uttar Pradesh,2024-12-24,Premium
Cust02747,Harper Brown,Harper.Brown2747@Mail.Com,9521360893.0,Bengaluru,Karnataka,2022-12-15,Regular
Cust02748,Mia Garcia,Mia.Garcia2748@Outlook.Com,7262493926.0,Delhi,Delhi,2021-08-07,Regular
Cust02749,Kiara Nair,Kiara.Nair2749@Outlook.Com,6993680966.0,Hyderabad,Telangana,2021-10-27,New
Cust02750,Arjun Garcia,Arjun.Garcia2750@Gmail.Com,6198868979.0,Mumbai,Maharashtra,2023-12-25,Regular
Cust02751,Alexander Reddy,Alexander.Reddy2751@Gmail.Com,6419691540.0,Ludhiana,Punjab,2022-07-22,Premium
Cust02752,Aarav Iyer,Aarav.Iyer2752@Outlook.Com,8975475862.0,Delhi,Delhi,2022-06-01,Premium
Cust02753,Alexander Patel,Alexander.Patel2753@Outlook.Com,7712936055.0,Bhopal,Madhya Pradesh,,Regular
Cust02754,Isabella Garcia,Isabella.Garcia2754@Yahoo.Com,9171912523.0,Kolkata,West Bengal,2023-04-21,New
Cust02755,Liam Anderson,Liam.Anderson2755@Yahoo.Com,6779363322.0,Surat,Gujarat,,Premium
Cust02756,Sophia Reddy,Sophia.Reddy2756@Yahoo.Com,8706167169.0,Mumbai,Maharashtra,2023-07-27,Premium
Cust02757,Abigail Anderson,Abigail.Anderson2757@Yahoo.Com,8385997827.0,Kolkata,West Bengal,2024-12-27,New
Cust02758,Saanvi Verma,Saanvi.Verma2758@Yahoo.Com,9201360590.0,Mumbai,Maharashtra,2022-08-30,Regular
Cust02759,Alexander Verma,,7767522383.0,Surat,Gujarat,2024-03-14,Vip
Cust02760,William Davis,William.Davis2760@Gmail.Com,9106584316.0,Lucknow,Uttar Pradesh,2022-12-20,Vip
Cust02761,Kabir Nair,Kabir.Nair2761@Yahoo.Com,7629999455.0,Chennai,Tamil Nadu,2022-01-10,Premium
Cust02762,Emma Anderson,Emma.Anderson2762@Yahoo.Com,6739128620.0,Hyderabad,Telangana,2024-10-18,Vip
Cust02763,Vihaan Anderson,Vihaan.Anderson2763@Gmail.Com,6790890807.0,Agra,Uttar Pradesh,2022-03-05,Regular
Cust02764,Myra Williams,Myra.Williams2764@Gmail.Com,9551557339.0,Mumbai,Maharashtra,2022-01-20,Regular
Cust02765,James Sharma,James.Sharma2765@Mail.Com,7778247209.0,Kolkata,West Bengal,2022-12-13,Regular
Cust02766,James Verma,James.Verma2766@Gmail.Com,9485271309.0,Kanpur,Uttar Pradesh,2023-11-16,Premium
Cust02767,Harper Garcia,Harper.Garcia2767@Gmail.Com,6146398378.0,Jaipur,Rajasthan,2024-07-18,Premium
Cust02768,Henry Reddy,Henry.Reddy2768@Yahoo.Com,7921168501.0,Bhopal,Madhya Pradesh,2023-01-28,Regular
Cust02769,Henry Gupta,Henry.Gupta2769@Gmail.Com,9844760260.0,Nagpur,Maharashtra,2024-03-30,Vip
Cust02770,Aryan Patel,Aryan.Patel2770@Outlook.Com,6669774042.0,Delhi,Delhi,2022-12-01,Premium
Cust02771,Aditya Davis,Aditya.Davis2771@Yahoo.Com,7619764676.0,Kolkata,West Bengal,2024-11-12,Premium
Cust02772,Myra Jones,Myra.Jones2772@Mail.Com,9495375085.0,Ludhiana,Punjab,2023-10-01,Regular
Cust02773,Vihaan Jones,Vihaan.Jones2773@Outlook.Com,9963053560.0,Mumbai,Maharashtra,,New
Cust02774,Vihaan Patel,Vihaan.Patel2774@Gmail.Com,6180493247.0,Delhi,Delhi,2021-06-19,Regular
Cust02775,Ishaan Kumar,Ishaan.Kumar2775@Yahoo.Com,9109012008.0,Agra,Uttar Pradesh,2023-01-18,Premium
Cust02776,William Kumar,William.Kumar2776@Outlook.Com,7388761489.0,Ahmedabad,Gujarat,2024-08-13,Regular
Cust02777,Rohan Gupta,Rohan.Gupta2777@Outlook.Com,6965768101.0,Hyderabad,Telangana,2021-12-29,New
Cust02778,Aditya Anderson,Aditya.Anderson2778@Mail.Com,8826671288.0,Bengaluru,Karnataka,2022-03-11,Regular
Cust02779,Amelia Patel,Amelia.Patel2779_At_Gmail.Com,8335418832.0,Mumbai,Maharashtra,2022-02-21,Vip
Cust02780,William Jones,William.Jones2780@Yahoo.Com,8516859471.0,Hyderabad,Telangana,2023-02-05,Premium
Cust02781,Noah Sharma,Noah.Sharma2781@Mail.Com,9436920854.0,Vadodara,Gujarat,,Premium
Cust02782,Pari Singh,Pari.Singh2782@Gmail.Com,8455793773.0,Patna,Bihar,2022-06-16,Regular
Cust02783,Kabir Verma,Kabir.Verma2783@Outlook.Com,7895811211.0,Agra,Uttar Pradesh,2024-04-22,Premium
Cust02784,Reyansh Garcia,Reyansh.Garcia2784@Outlook.Com,7279815482.0,Jaipur,Rajasthan,2022-02-11,Premium
Cust02785,Harper Rao,Harper.Rao2785@Yahoo.Com,8708301164.0,Chennai,Tamil Nadu,2021-07-31,Premium
Cust02786,William Smith,William.Smith2786@Gmail.Com,,Lucknow,Uttar Pradesh,2024-03-15,Regular
Cust02787,Olivia Williams,Olivia.Williams2787@Yahoo.Com,8164921174.0,Jaipur,Rajasthan,2021-10-26,Premium
Cust02788,Isabella Rao,Isabella.Rao2788@Outlook.Com,6789550281.0,Mumbai,Maharashtra,2023-07-15,New
Cust02789,Liam Miller,Liam.Miller2789@Gmail.Com,9895093748.0,Bhopal,Madhya Pradesh,2023-09-11,Regular
Cust02790,Amelia Jones,Amelia.Jones2790@Yahoo.Com,6795748068.0,Bengaluru,Karnataka,2021-10-23,Premium
Cust02791,Riya Anderson,Riya.Anderson2791@Mail.Com,6304011395.0,Indore,Madhya Pradesh,2024-04-16,Regular
Cust02792,Riya Miller,Riya.Miller2792@Outlook.Com,7781823692.0,Delhi,Delhi,2021-12-26,Regular
Cust02793,Aarav Rao,Aarav.Rao2793@Yahoo.Com,8352833585.0,Ahmedabad,Gujarat,2022-08-19,Regular
Cust02794,Arjun Brown,Arjun.Brown2794@Mail.Com,6430070858.0,Indore,Madhya Pradesh,2024-09-19,Vip
Cust02795,Evelyn Smith,Evelyn.Smith2795@Gmail.Com,6685353206.0,Ahmedabad,Gujarat,2022-10-19,Regular
Cust02796,Olivia Davis,Olivia.Davis2796_At_Mail.Com,8325736791.0,Chennai,Tamil Nadu,2023-02-24,New
Cust02797,Evelyn Reddy,Evelyn.Reddy2797@Mail.Com,6471940261.0,Vadodara,Gujarat,2021-08-01,New
Cust02798,Charlotte Davis,Charlotte.Davis2798@Outlook.Com,9267663264.0,Jaipur,Rajasthan,2024-04-22,Regular
Cust02799,Myra Williams,Myra.Williams2799@Mail.Com,7678460106.0,Bhopal,Madhya Pradesh,2022-02-09,Regular
Cust02800,Charlotte Jones,Charlotte.Jones2800@Yahoo.Com,7731489792.0,Vadodara,Gujarat,2023-02-02,New
Cust02801,Kiara Gupta,Kiara.Gupta2801@Gmail.Com,7229823995.0,Lucknow,Uttar Pradesh,2023-01-03,Premium
Cust02802,Alexander Jones,Alexander.Jones2802@Gmail.Com,9611301011.0,Delhi,Delhi,,Premium
Cust02803,Vivaan Patel,Vivaan.Patel2803@Mail.Com,7212023200.0,Chennai,Tamil Nadu,2023-06-04,Regular
Cust02804,Michael Williams,Michael.Williams2804@Mail.Com,7493018845.0,Chennai,Tamil Nadu,2023-04-14,Regular
Cust02805,John Kumar,John.Kumar2805@Mail.Com,7331956502.0,Ahmedabad,Gujarat,2024-04-14,Premium
Cust02806,Pari Patel,Pari.Patel2806@Gmail.Com,6145057416.0,Nagpur,Maharashtra,2023-05-13,Premium
Cust02807,Pari Davis,Pari.Davis2807@Mail.Com,6348971345.0,Kanpur,Uttar Pradesh,2021-08-22,Regular
Cust02808,Emma Williams,Emma.Williams2808@Yahoo.Com,9553629065.0,Delhi,Delhi,2023-09-05,Regular
Cust02809,Emma Garcia,Emma.Garcia2809@Outlook.Com,8526189687.0,Jaipur,Rajasthan,2021-11-09,Regular
Cust02810,Saanvi Verma,Saanvi.Verma2810@Mail.Com,7162788356.0,Indore,Madhya Pradesh,2022-04-05,Premium
Cust02811,Mia Smith,Mia.Smith2811@Gmail.Com,8719097454.0,Lucknow,Uttar Pradesh,2024-05-21,Vip
Cust02812,Myra Nair,Myra.Nair2812@Yahoo.Com,9407950685.0,Delhi,Delhi,2024-03-01,Vip
Cust02813,Alexander Smith,Alexander.Smith2813@Yahoo.Com,7276515523.0,Nagpur,Maharashtra,2021-08-21,Regular
Cust02814,Amelia Jones,Amelia.Jones2814@Yahoo.Com,9226792140.0,Kolkata,West Bengal,2021-08-21,Premium
Cust02815,Myra Davis,Myra.Davis2815@Yahoo.Com,8325887355.0,Lucknow,Uttar Pradesh,2021-09-13,New
Cust02816,Kiara Singh,Kiara.Singh2816@Outlook.Com,6689364444.0,Delhi,Delhi,2023-06-01,Regular
Cust02817,Olivia Smith,Olivia.Smith2817@Outlook.Com,8807261692.0,Patna,Bihar,2021-10-07,Premium
Cust02818,William Anderson,William.Anderson2818@Gmail.Com,9154177321.0,Nashik,Maharashtra,2023-11-07,Premium
Cust02819,Reyansh Wilson,Reyansh.Wilson2819@Gmail.Com,6599202494.0,Chennai,Tamil Nadu,2024-12-01,Premium
Cust02820,Myra Smith,Myra.Smith2820@Mail.Com,8584368812.0,Jaipur,Rajasthan,,Premium
Cust02821,Lucas Johnson,Lucas.Johnson2821@Gmail.Com,6443839941.0,Pune,Maharashtra,2022-06-10,Premium
Cust02822,Arjun Miller,Arjun.Miller2822@Outlook.Com,8831830179.0,Agra,Uttar Pradesh,2021-11-20,Vip
Cust02823,Alexander Kumar,Alexander.Kumar2823@Outlook.Com,6454709565.0,Patna,Bihar,2023-08-23,Regular
Cust02824,Anaya Johnson,,8352221822.0,Surat,Gujarat,2021-09-20,Regular
Cust02825,Myra Williams,Myra.Williams2825@Gmail.Com,8517751472.0,Nagpur,Maharashtra,2023-08-07,Premium
Cust02826,Olivia Brown,,8971412843.0,Kanpur,Uttar Pradesh,2021-07-12,Regular
Cust02827,Aarav Anderson,Aarav.Anderson2827@Yahoo.Com,8585979757.0,Jaipur,Rajasthan,2022-04-01,Premium
Cust02828,Ananya Miller,Ananya.Miller2828@Yahoo.Com,6877165316.0,Nashik,Maharashtra,2023-06-01,Regular
Cust02829,Rohan Anderson,Rohan.Anderson2829@Yahoo.Com,6884865077.0,Vadodara,Gujarat,2022-08-27,Premium
Cust02830,Noah Patel,Noah.Patel2830@Outlook.Com,6180859009.0,Mumbai,Maharashtra,2024-10-04,Regular
Cust02831,Vihaan Nair,Vihaan.Nair2831@Gmail.Com,8569860227.0,Jaipur,Rajasthan,2023-02-23,New
Cust02832,Rohan Williams,Rohan.Williams2832@Mail.Com,6292682000.0,Ahmedabad,Gujarat,2022-01-09,New
Cust02833,Ishaan Williams,Ishaan.Williams2833@Yahoo.Com,6372303500.0,Bengaluru,Karnataka,2023-09-01,New
Cust02834,Lucas Williams,Lucas.Williams2834@Yahoo.Com,7214074136.0,Agra,Uttar Pradesh,2023-11-02,Vip
Cust02835,Mia Smith,Mia.Smith2835@Yahoo.Com,7614217670.0,Bengaluru,Karnataka,,Regular
Cust02836,Aryan Reddy,Aryan.Reddy2836@Gmail.Com,7529083358.0,Kanpur,Uttar Pradesh,2021-10-04,Vip
Cust02837,Noah Smith,Noah.Smith2837@Gmail.Com,6796648899.0,Kanpur,Uttar Pradesh,2024-12-05,Regular
Cust02838,James Wilson,James.Wilson2838@Mail.Com,8311861687.0,Surat,Gujarat,2024-08-29,Premium
Cust02839,Riya Iyer,Riya.Iyer2839@Mail.Com,8830003579.0,Ahmedabad,Gujarat,2023-12-02,Regular
Cust02840,Charlotte Jones,Charlotte.Jones2840@Mail.Com,7258821771.0,Hyderabad,Telangana,2022-06-30,Premium
Cust02841,Evelyn Miller,Evelyn.Miller2841@Yahoo.Com,9349725016.0,Kolkata,West Bengal,2022-01-13,Vip
Cust02842,Olivia Garcia,Olivia.Garcia2842@Yahoo.Com,8352490436.0,Hyderabad,Telangana,2021-08-03,New
Cust02843,Myra Smith,Myra.Smith2843@Mail.Com,7341777585.0,Bhopal,Madhya Pradesh,2021-11-21,Regular
Cust02844,William Iyer,William.Iyer2844@Yahoo.Com,9853308975.0,Jaipur,Rajasthan,2022-08-21,Premium
Cust02845,Ishaan Miller,Ishaan.Miller2845@Mail.Com,8135010109.0,Ludhiana,Punjab,2022-03-14,Regular
Cust02846,Harper Verma,Harper.Verma2846@Yahoo.Com,7594846252.0,Ludhiana,Punjab,2023-10-18,Regular
Cust02847,Noah Patel,Noah.Patel2847@Mail.Com,7740940102.0,Hyderabad,Telangana,2023-02-24,New
Cust02848,Amelia Brown,Amelia.Brown2848@Gmail.Com,7514496328.0,Hyderabad,Telangana,2023-11-11,Regular
Cust02849,Liam Iyer,Liam.Iyer2849@Mail.Com,,Nashik,Maharashtra,2023-07-22,Premium
Cust02850,Alexander Rao,Alexander.Rao2850@Gmail.Com,6250782082.0,Indore,Madhya Pradesh,2023-12-16,Premium
Cust02851,Abigail Reddy,Abigail.Reddy2851@Gmail.Com,6576515733.0,Bhopal,Madhya Pradesh,2023-03-19,Premium
Cust02852,Anaya Sharma,Anaya.Sharma2852@Gmail.Com,7469925726.0,Hyderabad,Telangana,2023-12-29,New
Cust02853,Isabella Gupta,Isabella.Gupta2853@Outlook.Com,7152466220.0,Bhopal,Madhya Pradesh,2022-02-27,Vip
Cust02854,Evelyn Verma,Evelyn.Verma2854@Outlook.Com,9761975092.0,Kolkata,West Bengal,2023-09-29,Premium
Cust02855,Saanvi Davis,Saanvi.Davis2855@Yahoo.Com,8763295552.0,Indore,Madhya Pradesh,2024-03-06,Regular
Cust02856,Michael Garcia,Michael.Garcia2856@Outlook.Com,6932388060.0,Pune,Maharashtra,2024-04-29,New
Cust02857,Aryan Smith,Aryan.Smith2857@Outlook.Com,8551974018.0,Vadodara,Gujarat,2024-03-29,Regular
Cust02858,Myra Smith,Myra.Smith2858@Outlook.Com,7496535024.0,Indore,Madhya Pradesh,2024-08-21,Regular
Cust02859,Anaya Garcia,Anaya.Garcia2859@Mail.Com,6855783163.0,Lucknow,Uttar Pradesh,2023-04-12,Premium
Cust02860,Abigail Rao,Abigail.Rao2860@Yahoo.Com,9382725545.0,Bengaluru,Karnataka,2023-06-14,New
Cust02861,Mia Williams,Mia.Williams2861@Yahoo.Com,7631097975.0,Surat,Gujarat,2021-07-31,New
Cust02862,Mia Sharma,Mia.Sharma2862@Yahoo.Com,6508408088.0,Pune,Maharashtra,2021-09-25,Vip
Cust02863,Alexander Miller,Alexander.Miller2863@Outlook.Com,9524375780.0,Kanpur,Uttar Pradesh,2022-01-02,Regular
Cust02864,Aadhya Nair,Aadhya.Nair2864@Mail.Com,7227070399.0,Bengaluru,Karnataka,2024-04-02,Regular
Cust02865,Aryan Smith,Aryan.Smith2865@Gmail.Com,9104695175.0,Kanpur,Uttar Pradesh,2021-09-14,Regular
Cust02866,Benjamin Singh,Benjamin.Singh2866@Gmail.Com,7235880134.0,Vadodara,Gujarat,2022-04-07,Premium
Cust02867,Riya Smith,Riya.Smith2867@Mail.Com,8985508022.0,Kolkata,West Bengal,2022-08-20,Premium
Cust02868,Ira Brown,Ira.Brown2868@Outlook.Com,8865518345.0,Kolkata,West Bengal,2021-10-01,Regular
Cust02869,Vihaan Williams,Vihaan.Williams2869@Outlook.Com,9316194074.0,Agra,Uttar Pradesh,2022-10-25,New
Cust02870,Diya Reddy,Diya.Reddy2870@Outlook.Com,9914014083.0,Bhopal,Madhya Pradesh,2022-01-28,Regular
Cust02871,Lucas Singh,Lucas.Singh2871@Gmail.Com,6814200912.0,Chennai,Tamil Nadu,2022-09-08,Regular
Cust02872,Kabir Patel,Kabir.Patel2872@Gmail.Com,9265626229.0,Pune,Maharashtra,2024-06-28,Regular
Cust02873,Aarav Kumar,Aarav.Kumar2873@Outlook.Com,8940028233.0,Surat,Gujarat,2022-12-20,Premium
Cust02874,Michael Rao,Michael.Rao2874@Mail.Com,8735476360.0,Nagpur,Maharashtra,2022-05-13,New
Cust02875,Anaya Anderson,Anaya.Anderson2875@Yahoo.Com,7768984311.0,Lucknow,Uttar Pradesh,2021-07-05,Regular
Cust02876,Olivia Miller,Olivia.Miller2876@Yahoo.Com,8760208560.0,Agra,Uttar Pradesh,2021-12-15,Regular
Cust02877,Amelia Singh,Amelia.Singh2877@Mail.Com,8917136296.0,Delhi,Delhi,2022-06-14,Premium
Cust02878,Saanvi Iyer,Saanvi.Iyer2878@Outlook.Com,8129225921.0,Hyderabad,Telangana,2023-06-30,Premium
Cust02879,Charlotte Anderson,Charlotte.Anderson2879_At_Yahoo.Com,7212579828.0,Ludhiana,Punjab,2024-01-25,Regular
Cust02880,Benjamin Jones,Benjamin.Jones2880@Outlook.Com,7934697517.0,Nashik,Maharashtra,2024-06-03,Premium
Cust02881,Pari Gupta,Pari.Gupta2881@Gmail.Com,9158830538.0,Nashik,Maharashtra,2023-12-31,Premium
Cust02882,Michael Gupta,Michael.Gupta2882@Yahoo.Com,9630289419.0,Indore,Madhya Pradesh,2022-08-22,Premium
Cust02883,Mia Williams,Mia.Williams2883@Mail.Com,8226786900.0,Patna,Bihar,2023-01-21,Vip
Cust02884,Henry Johnson,Henry.Johnson2884@Yahoo.Com,6476300867.0,Bengaluru,Karnataka,,Premium
Cust02885,Henry Rao,Henry.Rao2885@Outlook.Com,7323381898.0,Indore,Madhya Pradesh,2022-07-21,Vip
Cust02886,James Rao,James.Rao2886@Outlook.Com,6569190734.0,Kanpur,Uttar Pradesh,2023-04-08,Premium
Cust02887,James Johnson,James.Johnson2887@Gmail.Com,6400702178.0,Bengaluru,Karnataka,2022-01-04,New
Cust02888,Emma Brown,Emma.Brown2888_At_Mail.Com,6381686001.0,Nashik,Maharashtra,2024-04-03,Regular
Cust02889,Ira Williams,Ira.Williams2889@Mail.Com,6336622695.0,Chennai,Tamil Nadu,2024-04-13,New
Cust02890,Mia Smith,Mia.Smith2890@Gmail.Com,8129638297.0,Chennai,Tamil Nadu,2022-06-19,New
Cust02891,Ananya Wilson,Ananya.Wilson2891@Outlook.Com,8628935287.0,Lucknow,Uttar Pradesh,2021-12-28,New
Cust02892,John Gupta,John.Gupta2892@Yahoo.Com,7496965484.0,Ludhiana,Punjab,2024-10-22,Premium
Cust02893,Aadhya Smith,Aadhya.Smith2893@Outlook.Com,9565206355.0,Pune,Maharashtra,2023-05-29,Premium
Cust02894,Liam Smith,,9170590544.0,Patna,Bihar,2023-02-23,Regular
Cust02895,Alexander Brown,Alexander.Brown2895@Yahoo.Com,9157765869.0,Mumbai,Maharashtra,2023-01-13,Premium
Cust02896,Ishaan Anderson,Ishaan.Anderson2896@Mail.Com,9130063285.0,Kanpur,Uttar Pradesh,2024-11-29,Vip
Cust02897,Riya Johnson,,,Vadodara,Gujarat,2023-02-07,Regular
Cust02898,James Smith,James.Smith2898@Outlook.Com,6286904469.0,Delhi,Delhi,2023-07-19,New
Cust02899,Henry Reddy,Henry.Reddy2899@Mail.Com,6102391519.0,Bhopal,Madhya Pradesh,2024-09-13,Vip
Cust02900,Isabella Wilson,Isabella.Wilson2900@Outlook.Com,9284506990.0,Jaipur,Rajasthan,2024-07-28,Premium
Cust02901,Olivia Garcia,Olivia.Garcia2901@Yahoo.Com,6726019633.0,Ahmedabad,Gujarat,2022-03-21,Vip
Cust02902,Anaya Anderson,,8634005101.0,Mumbai,Maharashtra,2021-07-07,Premium
Cust02903,Vivaan Anderson,Vivaan.Anderson2903@Outlook.Com,6726568630.0,Patna,Bihar,2022-08-09,Premium
Cust02904,Isabella Reddy,Isabella.Reddy2904@Yahoo.Com,7735930867.0,Pune,Maharashtra,2024-06-26,Premium
Cust02905,Kabir Garcia,Kabir.Garcia2905@Gmail.Com,9228834078.0,Pune,Maharashtra,2024-02-09,Regular
Cust02906,Ishaan Nair,Ishaan.Nair2906@Yahoo.Com,6113370283.0,Hyderabad,Telangana,2022-07-04,Vip
Cust02907,Noah Miller,Noah.Miller2907@Gmail.Com,8824846536.0,Chennai,Tamil Nadu,2021-09-26,Regular
Cust02908,Amelia Rao,Amelia.Rao2908@Yahoo.Com,6652877423.0,Ludhiana,Punjab,2022-01-01,Vip
Cust02909,Aditya Rao,Aditya.Rao2909@Yahoo.Com,9115955433.0,Chennai,Tamil Nadu,2024-04-26,New
Cust02910,Kabir Garcia,Kabir.Garcia2910@Yahoo.Com,8630884087.0,Jaipur,Rajasthan,2022-08-18,New
Cust02911,Liam Wilson,Liam.Wilson2911@Yahoo.Com,9634739743.0,Pune,Maharashtra,2023-05-27,Regular
Cust02912,Vihaan Patel,Vihaan.Patel2912@Outlook.Com,6761714088.0,Kanpur,Uttar Pradesh,,Vip
Cust02913,Vihaan Brown,Vihaan.Brown2913@Yahoo.Com,9984169146.0,Mumbai,Maharashtra,2024-01-07,Premium
Cust02914,Myra Williams,Myra.Williams2914@Yahoo.Com,8877119292.0,Hyderabad,Telangana,2022-01-15,Premium
Cust02915,Evelyn Smith,Evelyn.Smith2915@Gmail.Com,9986113192.0,Vadodara,Gujarat,2024-09-26,Regular
Cust02916,Alexander Jones,Alexander.Jones2916@Yahoo.Com,8807287965.0,Delhi,Delhi,2023-01-27,Vip
Cust02917,Benjamin Johnson,Benjamin.Johnson2917@Mail.Com,9382265050.0,Lucknow,Uttar Pradesh,2022-01-07,New
Cust02918,Charlotte Rao,Charlotte.Rao2918@Gmail.Com,8440455450.0,Vadodara,Gujarat,2024-04-26,Regular
Cust02919,Vivaan Garcia,Vivaan.Garcia2919@Yahoo.Com,9610735285.0,Surat,Gujarat,2022-04-28,Regular
Cust02920,Alexander Anderson,Alexander.Anderson2920@Mail.Com,8623638284.0,Ahmedabad,Gujarat,2023-12-05,Premium
Cust02921,Kabir Singh,Kabir.Singh2921@Outlook.Com,9869420031.0,Vadodara,Gujarat,2022-08-20,New
Cust02922,Aadhya Jones,Aadhya.Jones2922@Yahoo.Com,9743385124.0,Kolkata,West Bengal,2024-02-17,Regular
Cust02923,Kiara Anderson,Kiara.Anderson2923@Mail.Com,7271046626.0,Mumbai,Maharashtra,2024-06-06,New
Cust02924,Michael Garcia,Michael.Garcia2924@Yahoo.Com,8194069769.0,Jaipur,Rajasthan,2023-07-11,Regular
Cust02925,Henry Wilson,Henry.Wilson2925@Gmail.Com,7294716653.0,Patna,Bihar,2024-08-05,Premium
Cust02926,Diya Reddy,Diya.Reddy2926@Outlook.Com,8301419917.0,Bhopal,Madhya Pradesh,2022-01-03,Regular
Cust02927,Henry Reddy,Henry.Reddy2927@Yahoo.Com,8989010016.0,Delhi,Delhi,2021-04-08,Regular
Cust02928,William Reddy,William.Reddy2928@Yahoo.Com,9806156451.0,Patna,Bihar,2022-05-30,New
Cust02929,Charlotte Gupta,Charlotte.Gupta2929@Yahoo.Com,7632316924.0,Ludhiana,Punjab,2024-10-01,Vip
Cust02930,Kabir Wilson,Kabir.Wilson2930@Yahoo.Com,7412328901.0,Kanpur,Uttar Pradesh,2022-06-11,Regular
Cust02931,Michael Kumar,Michael.Kumar2931@Yahoo.Com,6629358871.0,Kanpur,Uttar Pradesh,2022-01-19,Vip
Cust02932,Lucas Verma,Lucas.Verma2932@Gmail.Com,9906839654.0,Bhopal,Madhya Pradesh,2023-08-22,Regular
Cust02933,Rohan Smith,,9120774697.0,Indore,Madhya Pradesh,2024-06-19,New
Cust02934,Liam Iyer,Liam.Iyer2934@Outlook.Com,9900030721.0,Jaipur,Rajasthan,2023-07-04,Regular
Cust02935,Ishaan Singh,Ishaan.Singh2935@Gmail.Com,8609575435.0,Lucknow,Uttar Pradesh,2022-02-01,Regular
Cust02936,Myra Patel,Myra.Patel2936@Gmail.Com,6126445724.0,Nagpur,Maharashtra,2024-01-01,Premium
Cust02937,Saanvi Kumar,Saanvi.Kumar2937@Yahoo.Com,6461492636.0,Jaipur,Rajasthan,2024-03-23,Vip
Cust02938,Olivia Johnson,Olivia.Johnson2938@Gmail.Com,7903023466.0,Surat,Gujarat,2022-05-05,Premium
Cust02939,Benjamin Williams,Benjamin.Williams2939@Yahoo.Com,6518588118.0,Surat,Gujarat,2023-12-03,Regular
Cust02940,Aryan Rao,Aryan.Rao2940@Yahoo.Com,6379950698.0,Ahmedabad,Gujarat,2023-05-07,New
Cust02941,Liam Patel,Liam.Patel2941@Mail.Com,7906092318.0,Nashik,Maharashtra,2024-03-05,Premium
Cust02942,Emma Iyer,Emma.Iyer2942@Outlook.Com,7400603907.0,Jaipur,Rajasthan,2021-06-24,Regular
Cust02943,Mia Anderson,Mia.Anderson2943@Gmail.Com,9670397169.0,Pune,Maharashtra,2023-05-09,Regular
Cust02944,Aadhya Brown,Aadhya.Brown2944@Outlook.Com,6500566867.0,Bhopal,Madhya Pradesh,2024-09-03,Regular
Cust02945,Riya Singh,Riya.Singh2945@Gmail.Com,8512952752.0,Patna,Bihar,2023-04-14,Vip
Cust02946,Amelia Smith,Amelia.Smith2946@Gmail.Com,6661026403.0,Indore,Madhya Pradesh,2024-02-25,Premium
Cust02947,Amelia Sharma,Amelia.Sharma2947@Mail.Com,7500647985.0,Nashik,Maharashtra,2022-09-13,Premium
Cust02948,Arjun Wilson,Arjun.Wilson2948@Yahoo.Com,,Mumbai,Maharashtra,2022-04-11,Premium
Cust02949,William Reddy,William.Reddy2949@Outlook.Com,6476737740.0,Kanpur,Uttar Pradesh,2022-06-08,Premium
Cust02950,Vivaan Patel,Vivaan.Patel2950@Outlook.Com,9767629221.0,Chennai,Tamil Nadu,2024-08-13,Premium
Cust02951,John Davis,John.Davis2951@Gmail.Com,8265027323.0,Vadodara,Gujarat,2024-08-10,New
Cust02952,Diya Verma,Diya.Verma2952@Yahoo.Com,6208814543.0,Indore,Madhya Pradesh,2024-01-10,Regular
Cust02953,Myra Gupta,Myra.Gupta2953@Mail.Com,6470479886.0,Patna,Bihar,2023-03-10,Vip
Cust02954,Alexander Jones,,6159105521.0,Kolkata,West Bengal,2022-12-03,New
Cust02955,Arjun Garcia,,7944437047.0,Bhopal,Madhya Pradesh,,Regular
Cust02956,Aryan Kumar,Aryan.Kumar2956@Yahoo.Com,6700869078.0,Nashik,Maharashtra,2021-09-08,New
Cust02957,Arjun Garcia,Arjun.Garcia2957@Gmail.Com,7879838251.0,Mumbai,Maharashtra,2023-06-08,Vip
Cust02958,Aditya Gupta,Aditya.Gupta2958@Outlook.Com,6346286349.0,Ludhiana,Punjab,2022-04-17,Premium
Cust02959,Rohan Wilson,Rohan.Wilson2959@Outlook.Com,6578960771.0,Bengaluru,Karnataka,2024-03-03,Regular
Cust02960,Ira Anderson,Ira.Anderson2960@Mail.Com,8858179074.0,Chennai,Tamil Nadu,2021-12-03,Regular
Cust02961,Anaya Davis,Anaya.Davis2961@Gmail.Com,7763237878.0,Lucknow,Uttar Pradesh,2021-06-19,Premium
Cust02962,James Reddy,James.Reddy2962@Yahoo.Com,9808094505.0,Lucknow,Uttar Pradesh,2023-01-24,Regular
Cust02963,Aryan Sharma,Aryan.Sharma2963_At_Yahoo.Com,8761007660.0,Ahmedabad,Gujarat,2021-07-14,Premium
Cust02964,Mia Nair,Mia.Nair2964@Outlook.Com,,Kolkata,West Bengal,2024-11-25,Regular
Cust02965,Aadhya Verma,Aadhya.Verma2965@Mail.Com,6287512589.0,Delhi,Delhi,2024-12-31,Premium
Cust02966,Ira Anderson,Ira.Anderson2966@Gmail.Com,7950413160.0,Hyderabad,Telangana,2023-10-12,New
Cust02967,John Davis,John.Davis2967@Outlook.Com,7602268738.0,Hyderabad,Telangana,2022-10-30,Premium
Cust02968,Anaya Singh,Anaya.Singh2968@Mail.Com,8659553229.0,Bhopal,Madhya Pradesh,2022-08-29,Premium
Cust02969,Isabella Smith,Isabella.Smith2969@Outlook.Com,7237535558.0,Surat,Gujarat,2024-10-13,New
Cust02970,Vihaan Reddy,Vihaan.Reddy2970@Gmail.Com,9422392617.0,Indore,Madhya Pradesh,2023-04-14,Regular
Cust02971,Harper Singh,Harper.Singh2971@Yahoo.Com,7876577383.0,Kanpur,Uttar Pradesh,2023-08-17,Vip
Cust02972,Amelia Anderson,Amelia.Anderson2972@Mail.Com,7425629437.0,Ahmedabad,Gujarat,2021-06-25,Premium
Cust02973,Aadhya Jones,Aadhya.Jones2973@Mail.Com,7821544361.0,Mumbai,Maharashtra,2022-01-04,New
Cust02974,Amelia Gupta,Amelia.Gupta2974@Mail.Com,7361294207.0,Chennai,Tamil Nadu,2024-07-12,Regular
Cust02975,Emma Verma,Emma.Verma2975@Gmail.Com,6784605015.0,Kanpur,Uttar Pradesh,2023-12-01,Premium
Cust02976,Olivia Patel,Olivia.Patel2976@Gmail.Com,,Agra,Uttar Pradesh,2022-09-12,New
Cust02977,Rohan Sharma,Rohan.Sharma2977@Mail.Com,8579392293.0,Kolkata,West Bengal,2024-07-22,Regular
Cust02978,Saanvi Williams,Saanvi.Williams2978@Mail.Com,9194186499.0,Bengaluru,Karnataka,2021-10-18,Vip
Cust02979,Liam Patel,Liam.Patel2979@Outlook.Com,8563721199.0,Surat,Gujarat,2022-03-16,Regular
Cust02980,Anaya Williams,Anaya.Williams2980@Gmail.Com,8995209486.0,Vadodara,Gujarat,2021-10-22,Vip
Cust02981,Alexander Smith,Alexander.Smith2981@Outlook.Com,7805062227.0,Pune,Maharashtra,2024-07-31,Regular
Cust02982,Evelyn Miller,Evelyn.Miller2982@Yahoo.Com,6705506024.0,Agra,Uttar Pradesh,2024-07-01,Premium
Cust02983,Riya Sharma,,9422344506.0,Nashik,Maharashtra,2023-11-09,Regular
Cust02984,John Nair,John.Nair2984@Outlook.Com,9874489243.0,Nashik,Maharashtra,2024-07-08,Vip
Cust02985,Ananya Reddy,Ananya.Reddy2985@Yahoo.Com,9134927810.0,Ahmedabad,Gujarat,2023-05-25,Premium
Cust02986,Ananya Johnson,Ananya.Johnson2986@Mail.Com,6817466871.0,Hyderabad,Telangana,2022-06-09,New
Cust02987,Aditya Gupta,Aditya.Gupta2987@Yahoo.Com,9167120276.0,Hyderabad,Telangana,2024-03-15,Premium
Cust02988,Riya Wilson,Riya.Wilson2988@Yahoo.Com,6721850349.0,Pune,Maharashtra,2024-07-21,Vip
Cust02989,Aadhya Smith,Aadhya.Smith2989@Yahoo.Com,9160565479.0,Jaipur,Rajasthan,2024-06-21,Premium
Cust02990,Isabella Nair,Isabella.Nair2990@Yahoo.Com,9562204037.0,Ahmedabad,Gujarat,2021-06-15,Premium
Cust02991,Lucas Miller,Lucas.Miller2991@Outlook.Com,6454887069.0,Pune,Maharashtra,2023-09-06,Premium
Cust02992,Michael Verma,Michael.Verma2992@Mail.Com,8886857498.0,Nagpur,Maharashtra,2024-05-10,New
Cust02993,Henry Iyer,Henry.Iyer2993@Yahoo.Com,9443427382.0,Ludhiana,Punjab,2023-03-27,New
Cust02994,Ishaan Davis,Ishaan.Davis2994@Gmail.Com,9868548216.0,Indore,Madhya Pradesh,2022-11-08,Premium
Cust02995,Saanvi Kumar,Saanvi.Kumar2995@Gmail.Com,9313964630.0,Delhi,Delhi,2023-12-03,Premium
Cust02996,Reyansh Rao,Reyansh.Rao2996@Outlook.Com,,Bhopal,Madhya Pradesh,2023-03-02,New
Cust02997,Liam Rao,Liam.Rao2997@Gmail.Com,6982432522.0,Kanpur,Uttar Pradesh,2022-01-06,Regular
Cust02998,Olivia Iyer,Olivia.Iyer2998@Yahoo.Com,7590440899.0,Bhopal,Madhya Pradesh,2024-04-15,Vip
Cust02999,Emma Sharma,Emma.Sharma2999@Mail.Com,6147900638.0,Agra,Uttar Pradesh,2023-06-16,Regular
Cust03000,Vihaan Brown,Vihaan.Brown3000@Mail.Com,8245969904.0,Jaipur,Rajasthan,2024-03-27,New
Cust03001,Pari Sharma,Pari.Sharma3001@Outlook.Com,7652759367.0,Lucknow,Uttar Pradesh,2024-09-21,Vip
Cust03002,Aryan Sharma,Aryan.Sharma3002@Mail.Com,9736102709.0,Agra,Uttar Pradesh,2024-12-29,Premium
Cust03003,Henry Iyer,Henry.Iyer3003@Gmail.Com,8203427125.0,Mumbai,Maharashtra,2021-12-31,Regular
Cust03004,Aarav Gupta,Aarav.Gupta3004@Gmail.Com,6834089828.0,Ahmedabad,Gujarat,2022-02-28,Vip
Cust03005,Amelia Anderson,Amelia.Anderson3005@Yahoo.Com,6568671450.0,Bengaluru,Karnataka,2024-03-09,Vip
Cust03006,Mia Rao,Mia.Rao3006@Yahoo.Com,6826243822.0,Chennai,Tamil Nadu,2023-05-21,New
Cust03007,Arjun Patel,Arjun.Patel3007@Yahoo.Com,6772207200.0,Hyderabad,Telangana,2023-09-08,Premium
Cust03008,Emma Nair,Emma.Nair3008@Yahoo.Com,8408512877.0,Lucknow,Uttar Pradesh,2021-08-02,Premium
Cust03009,Evelyn Brown,Evelyn.Brown3009@Mail.Com,7559447963.0,Surat,Gujarat,2022-11-15,Regular
Cust03010,Harper Singh,Harper.Singh3010@Gmail.Com,7647719535.0,Patna,Bihar,2024-02-04,New
Cust03011,Arjun Smith,Arjun.Smith3011@Gmail.Com,6500952886.0,Indore,Madhya Pradesh,2023-07-04,Premium
Cust03012,Aadhya Garcia,Aadhya.Garcia3012@Mail.Com,6183980181.0,Bengaluru,Karnataka,2022-05-19,New
Cust03013,Kiara Nair,Kiara.Nair3013@Gmail.Com,6987994646.0,Nashik,Maharashtra,2024-07-12,Vip
Cust03014,Aditya Brown,Aditya.Brown3014@Mail.Com,8329782429.0,Bhopal,Madhya Pradesh,2024-03-08,Vip
Cust03015,Harper Nair,Harper.Nair3015@Yahoo.Com,9658100928.0,Delhi,Delhi,2021-07-10,Premium
Cust03016,Kiara Smith,Kiara.Smith3016@Yahoo.Com,6312705378.0,Ahmedabad,Gujarat,2021-01-10,Premium
Cust03017,Isabella Johnson,Isabella.Johnson3017@Gmail.Com,7609909044.0,Vadodara,Gujarat,2024-03-31,Premium
Cust03018,Ira Johnson,Ira.Johnson3018@Mail.Com,6852231853.0,Bengaluru,Karnataka,2022-01-03,New
Cust03019,James Patel,James.Patel3019@Gmail.Com,8958905792.0,Agra,Uttar Pradesh,2023-06-10,Regular
Cust03020,Myra Kumar,Myra.Kumar3020@Mail.Com,6658586732.0,Ludhiana,Punjab,2024-11-07,Regular
Cust03021,William Smith,William.Smith3021@Gmail.Com,7250120235.0,Hyderabad,Telangana,2022-12-25,Premium
Cust03022,Ishaan Iyer,Ishaan.Iyer3022@Yahoo.Com,7744448030.0,Indore,Madhya Pradesh,2021-10-01,Premium
Cust03023,Arjun Sharma,Arjun.Sharma3023@Outlook.Com,8910854612.0,Patna,Bihar,2021-03-10,New
Cust03024,Sophia Patel,Sophia.Patel3024@Yahoo.Com,6627114831.0,Hyderabad,Telangana,2022-07-21,New
Cust03025,Aadhya Gupta,Aadhya.Gupta3025@Outlook.Com,8834391574.0,Ludhiana,Punjab,2024-09-07,Regular
Cust03026,Vihaan Verma,Vihaan.Verma3026@Outlook.Com,,Chennai,Tamil Nadu,2023-01-08,Regular
Cust03027,Anaya Singh,Anaya.Singh3027@Yahoo.Com,8183348400.0,Ahmedabad,Gujarat,2023-03-14,Regular
Cust03028,Henry Miller,Henry.Miller3028@Mail.Com,6941453056.0,Nashik,Maharashtra,2023-02-07,Premium
Cust03029,Aditya Gupta,Aditya.Gupta3029@Mail.Com,8186873393.0,Bengaluru,Karnataka,2024-02-23,New
Cust03030,James Iyer,James.Iyer3030@Gmail.Com,9811286817.0,Jaipur,Rajasthan,2024-09-28,Vip
Cust03031,John Patel,John.Patel3031@Mail.Com,7476776135.0,Indore,Madhya Pradesh,2023-03-25,Premium
Cust03032,Myra Jones,Myra.Jones3032@Outlook.Com,9825950352.0,Bhopal,Madhya Pradesh,2022-02-21,Premium
Cust03033,Alexander Patel,Alexander.Patel3033@Mail.Com,9814959333.0,Patna,Bihar,2021-07-08,Regular
Cust03034,Saanvi Nair,Saanvi.Nair3034@Outlook.Com,,Mumbai,Maharashtra,2022-09-07,Regular
Cust03035,Riya Brown,Riya.Brown3035@Outlook.Com,9807260534.0,Ludhiana,Punjab,2023-10-12,Regular
Cust03036,Noah Miller,Noah.Miller3036@Outlook.Com,8108277313.0,Agra,Uttar Pradesh,2022-03-31,Premium
Cust03037,Vivaan Reddy,Vivaan.Reddy3037@Mail.Com,6670476240.0,Surat,Gujarat,2023-04-17,Vip
Cust03038,Evelyn Kumar,Evelyn.Kumar3038@Outlook.Com,8119397713.0,Hyderabad,Telangana,2022-09-13,Premium
Cust03039,Anaya Patel,Anaya.Patel3039@Yahoo.Com,8843259526.0,Mumbai,Maharashtra,2024-08-29,New
Cust03040,Benjamin Iyer,Benjamin.Iyer3040@Gmail.Com,6552997964.0,Jaipur,Rajasthan,2024-03-17,Vip
Cust03041,Noah Verma,Noah.Verma3041@Mail.Com,8373876865.0,Vadodara,Gujarat,2023-11-09,New
Cust03042,Alexander Williams,Alexander.Williams3042@Mail.Com,8911591659.0,Kolkata,West Bengal,2022-10-31,Regular
Cust03043,Harper Davis,Harper.Davis3043@Yahoo.Com,8470975528.0,Bhopal,Madhya Pradesh,2022-08-19,Regular
Cust03044,William Johnson,William.Johnson3044@Yahoo.Com,9627373961.0,Nashik,Maharashtra,2024-12-29,Regular
Cust03045,Olivia Kumar,Olivia.Kumar3045@Gmail.Com,6654495151.0,Nashik,Maharashtra,2023-09-20,Regular
Cust03046,Abigail Johnson,Abigail.Johnson3046@Gmail.Com,8538436344.0,Indore,Madhya Pradesh,2022-06-29,Regular
Cust03047,Benjamin Garcia,Benjamin.Garcia3047@Mail.Com,8852936583.0,Bengaluru,Karnataka,2024-06-10,Regular
Cust03048,Anaya Brown,Anaya.Brown3048@Yahoo.Com,,Indore,Madhya Pradesh,2022-05-04,New
Cust03049,Aryan Nair,Aryan.Nair3049@Mail.Com,9667098407.0,Nashik,Maharashtra,2022-01-28,Regular
Cust03050,Aryan Wilson,Aryan.Wilson3050@Outlook.Com,7607400000.0,Bhopal,Madhya Pradesh,2023-09-18,Premium
Cust03051,Amelia Smith,Amelia.Smith3051_At_Gmail.Com,7343332844.0,Kanpur,Uttar Pradesh,2024-05-24,Regular
Cust03052,Isabella Brown,Isabella.Brown3052@Yahoo.Com,,Lucknow,Uttar Pradesh,2021-10-25,New
Cust03053,Michael Anderson,Michael.Anderson3053@Mail.Com,7953463584.0,Nagpur,Maharashtra,2023-02-06,Regular
Cust03054,Henry Anderson,Henry.Anderson3054@Mail.Com,8849078685.0,Nagpur,Maharashtra,,New
Cust03055,Charlotte Sharma,Charlotte.Sharma3055@Yahoo.Com,9611373761.0,Nashik,Maharashtra,2024-02-03,Premium
Cust03056,John Gupta,John.Gupta3056@Outlook.Com,6796948412.0,Mumbai,Maharashtra,2022-02-09,Vip
Cust03057,Aditya Miller,Aditya.Miller3057@Outlook.Com,6756984985.0,Nashik,Maharashtra,2021-11-27,New
Cust03058,Aadhya Wilson,Aadhya.Wilson3058@Yahoo.Com,7442328944.0,Indore,Madhya Pradesh,2023-05-09,Premium
Cust03059,Lucas Anderson,Lucas.Anderson3059@Outlook.Com,7804325365.0,Bhopal,Madhya Pradesh,2023-09-16,Regular
Cust03060,Reyansh Smith,Reyansh.Smith3060@Mail.Com,,Indore,Madhya Pradesh,2024-10-21,New
Cust03061,Myra Brown,Myra.Brown3061@Gmail.Com,8657160072.0,Surat,Gujarat,2021-09-07,Premium
Cust03062,Diya Sharma,Diya.Sharma3062@Mail.Com,8174356111.0,Ahmedabad,Gujarat,2024-07-05,Vip
Cust03063,Evelyn Wilson,Evelyn.Wilson3063@Mail.Com,8107994132.0,Chennai,Tamil Nadu,2024-07-20,New
Cust03064,John Williams,John.Williams3064@Gmail.Com,9713059520.0,Indore,Madhya Pradesh,2021-10-02,New
Cust03065,Henry Brown,Henry.Brown3065@Outlook.Com,9688334321.0,Jaipur,Rajasthan,2021-07-16,Regular
Cust03066,Ira Jones,Ira.Jones3066@Gmail.Com,6788769440.0,Delhi,Delhi,2023-07-18,New
Cust03067,Sophia Williams,Sophia.Williams3067@Yahoo.Com,9995161254.0,Mumbai,Maharashtra,2024-09-23,Premium
Cust03068,Olivia Sharma,Olivia.Sharma3068@Gmail.Com,8459199959.0,Nagpur,Maharashtra,2024-12-22,New
Cust03069,Olivia Sharma,Olivia.Sharma3069@Outlook.Com,7791403675.0,Bhopal,Madhya Pradesh,2023-11-08,New
Cust03070,Liam Wilson,Liam.Wilson3070@Yahoo.Com,7623464021.0,Bhopal,Madhya Pradesh,2022-04-22,Regular
Cust03072,Aadhya Singh,Aadhya.Singh3072@Gmail.Com,9240412690.0,Indore,Madhya Pradesh,2022-03-15,Premium
Cust03073,Ishaan Iyer,Ishaan.Iyer3073_At_Yahoo.Com,8204946204.0,Kanpur,Uttar Pradesh,2022-05-13,Premium
Cust03074,William Reddy,William.Reddy3074@Yahoo.Com,6383756886.0,Kanpur,Uttar Pradesh,2023-10-16,New
Cust03075,Lucas Verma,Lucas.Verma3075@Outlook.Com,9868293858.0,Ludhiana,Punjab,2024-09-06,Premium
Cust03076,John Miller,John.Miller3076@Outlook.Com,9437123440.0,Ludhiana,Punjab,2023-04-28,Vip
Cust03077,Mia Anderson,Mia.Anderson3077@Outlook.Com,9958033147.0,Vadodara,Gujarat,2024-05-14,Regular
Cust03078,Kabir Rao,Kabir.Rao3078@Outlook.Com,7371159411.0,Bengaluru,Karnataka,2021-08-26,Regular
Cust03079,Aryan Williams,Aryan.Williams3079@Mail.Com,7941567549.0,Lucknow,Uttar Pradesh,2022-09-10,Premium
Cust03080,Olivia Anderson,Olivia.Anderson3080@Outlook.Com,8395850222.0,Ahmedabad,Gujarat,2022-10-05,Regular
Cust03081,Pari Davis,Pari.Davis3081@Outlook.Com,6203824447.0,Chennai,Tamil Nadu,2024-07-12,Regular
Cust03082,Vihaan Johnson,Vihaan.Johnson3082@Yahoo.Com,9776401766.0,Kolkata,West Bengal,2023-05-23,Vip
Cust03083,Saanvi Miller,Saanvi.Miller3083@Outlook.Com,6991677278.0,Kolkata,West Bengal,2023-12-14,Premium
Cust03084,Kabir Miller,Kabir.Miller3084@Mail.Com,6698681060.0,Chennai,Tamil Nadu,2023-05-25,Regular
Cust03085,Pari Reddy,Pari.Reddy3085@Gmail.Com,7847558097.0,Patna,Bihar,,Regular
Cust03086,Benjamin Reddy,Benjamin.Reddy3086@Mail.Com,9900856734.0,Indore,Madhya Pradesh,2023-05-15,Vip
Cust03087,Noah Iyer,Noah.Iyer3087@Outlook.Com,,Lucknow,Uttar Pradesh,2022-11-30,New
Cust03088,Ishaan Johnson,Ishaan.Johnson3088@Yahoo.Com,7687499649.0,Bengaluru,Karnataka,2023-11-04,Regular
Cust03089,Anaya Anderson,Anaya.Anderson3089@Gmail.Com,8628553973.0,Kanpur,Uttar Pradesh,2022-06-17,Regular
Cust03090,Isabella Gupta,Isabella.Gupta3090@Mail.Com,9476564640.0,Pune,Maharashtra,,Vip
Cust03091,Abigail Patel,Abigail.Patel3091@Yahoo.Com,9116751778.0,Patna,Bihar,2022-01-28,Regular
Cust03092,Michael Gupta,Michael.Gupta3092@Outlook.Com,7450997346.0,Kolkata,West Bengal,2024-06-30,Vip
Cust03093,Mia Singh,Mia.Singh3093@Mail.Com,9674557436.0,Vadodara,Gujarat,2024-05-12,Regular
Cust03094,Mia Singh,,9589277125.0,Surat,Gujarat,2023-08-12,New
Cust03095,William Sharma,William.Sharma3095@Outlook.Com,9649354430.0,Vadodara,Gujarat,2024-02-21,Premium
Cust03096,William Iyer,William.Iyer3096@Yahoo.Com,8321973278.0,Pune,Maharashtra,2023-11-05,Regular
Cust03097,William Verma,William.Verma3097@Outlook.Com,8482937298.0,Ahmedabad,Gujarat,2022-05-17,Vip
Cust03098,Myra Verma,Myra.Verma3098@Outlook.Com,6303832629.0,Kanpur,Uttar Pradesh,2021-12-29,Premium
Cust03099,Riya Kumar,Riya.Kumar3099@Mail.Com,,Ludhiana,Punjab,2024-12-10,Premium
Cust03100,Reyansh Nair,Reyansh.Nair3100@Yahoo.Com,7197847721.0,Nashik,Maharashtra,2024-11-25,Regular
Cust03101,Vihaan Singh,Vihaan.Singh3101@Outlook.Com,,Indore,Madhya Pradesh,2022-03-02,Regular
Cust03102,Amelia Nair,Amelia.Nair3102@Yahoo.Com,8677429351.0,Lucknow,Uttar Pradesh,2024-08-31,New
Cust03103,John Patel,John.Patel3103@Mail.Com,8740472923.0,Bhopal,Madhya Pradesh,2024-01-09,New
Cust03104,Noah Anderson,Noah.Anderson3104@Outlook.Com,8559730971.0,Indore,Madhya Pradesh,2023-05-26,Vip
Cust03105,Rohan Patel,Rohan.Patel3105@Yahoo.Com,6482721695.0,Jaipur,Rajasthan,2022-06-15,Regular
Cust03106,Emma Rao,Emma.Rao3106@Outlook.Com,8764035991.0,Vadodara,Gujarat,2022-07-30,Regular
Cust03107,Myra Verma,Myra.Verma3107@Yahoo.Com,7285627734.0,Kanpur,Uttar Pradesh,2021-10-22,Vip
Cust03108,Vivaan Brown,Vivaan.Brown3108@Yahoo.Com,9484332949.0,Lucknow,Uttar Pradesh,2023-10-13,Regular
Cust03109,Myra Sharma,Myra.Sharma3109@Yahoo.Com,8325108452.0,Kanpur,Uttar Pradesh,2022-01-19,Premium
Cust03110,Rohan Reddy,Rohan.Reddy3110@Yahoo.Com,9381059740.0,Chennai,Tamil Nadu,2023-10-01,Premium
Cust03111,Riya Nair,Riya.Nair3111@Outlook.Com,,Lucknow,Uttar Pradesh,2022-02-25,Regular
Cust03112,Noah Verma,Noah.Verma3112@Gmail.Com,9323396472.0,Ludhiana,Punjab,2023-02-16,Premium
Cust03113,Emma Johnson,Emma.Johnson3113@Outlook.Com,8306431520.0,Agra,Uttar Pradesh,2022-07-05,Regular
Cust03114,Henry Jones,Henry.Jones3114@Yahoo.Com,9480112557.0,Lucknow,Uttar Pradesh,2022-03-23,Vip
Cust03115,Saanvi Williams,Saanvi.Williams3115@Gmail.Com,7561175408.0,Agra,Uttar Pradesh,2022-10-04,Regular
Cust03116,Alexander Patel,Alexander.Patel3116_At_Outlook.Com,6631978277.0,Nagpur,Maharashtra,2024-08-24,Regular
Cust03117,Henry Gupta,Henry.Gupta3117@Outlook.Com,6392994807.0,Chennai,Tamil Nadu,2022-10-08,Premium
Cust03118,Riya Patel,Riya.Patel3118@Outlook.Com,7658036827.0,Kolkata,West Bengal,,Premium
Cust03119,Noah Wilson,Noah.Wilson3119@Mail.Com,6968965560.0,Ludhiana,Punjab,2023-07-10,Regular
Cust03120,Saanvi Patel,Saanvi.Patel3120@Gmail.Com,7910165807.0,Nashik,Maharashtra,2022-11-15,Vip
Cust03121,Riya Reddy,Riya.Reddy3121_At_Gmail.Com,6171290590.0,Kolkata,West Bengal,2021-10-05,Premium
Cust03122,Harper Garcia,Harper.Garcia3122@Outlook.Com,8456204404.0,Surat,Gujarat,2022-08-06,New
Cust03123,Emma Singh,Emma.Singh3123@Gmail.Com,6148719774.0,Mumbai,Maharashtra,2024-12-15,Regular
Cust03124,Henry Anderson,Henry.Anderson3124@Gmail.Com,7900104341.0,Mumbai,Maharashtra,2023-06-18,Regular
Cust03125,Pari Miller,Pari.Miller3125@Outlook.Com,6335336767.0,Jaipur,Rajasthan,2021-09-11,Premium
Cust03126,Pari Iyer,Pari.Iyer3126@Yahoo.Com,6114078363.0,Ahmedabad,Gujarat,2022-11-16,Regular
Cust03127,Pari Kumar,Pari.Kumar3127@Outlook.Com,6666852457.0,Chennai,Tamil Nadu,2023-12-28,Vip
Cust03128,Harper Gupta,Harper.Gupta3128@Yahoo.Com,6518547762.0,Jaipur,Rajasthan,2022-05-07,Regular
Cust03129,Alexander Jones,Alexander.Jones3129@Gmail.Com,7209001712.0,Lucknow,Uttar Pradesh,2024-12-11,Regular
Cust03130,Benjamin Verma,Benjamin.Verma3130@Yahoo.Com,8356886280.0,Patna,Bihar,2021-06-18,Regular
Cust03131,Liam Johnson,Liam.Johnson3131@Mail.Com,6192789157.0,Delhi,Delhi,2022-02-05,New
Cust03132,Ananya Smith,Ananya.Smith3132@Mail.Com,7577857355.0,Bengaluru,Karnataka,2022-07-10,Premium
Cust03133,Noah Iyer,Noah.Iyer3133@Outlook.Com,7269525882.0,Indore,Madhya Pradesh,2022-07-24,Regular
Cust03134,Abigail Sharma,Abigail.Sharma3134@Yahoo.Com,7842407181.0,Pune,Maharashtra,2021-11-17,New
Cust03135,William Brown,William.Brown3135@Mail.Com,6857896455.0,Bengaluru,Karnataka,2023-02-22,New
Cust03136,Rohan Smith,Rohan.Smith3136@Yahoo.Com,7878653027.0,Nashik,Maharashtra,2023-12-17,Regular
Cust03137,Michael Jones,Michael.Jones3137@Mail.Com,8472079275.0,Nashik,Maharashtra,2024-03-27,Regular
Cust03138,Riya Patel,Riya.Patel3138@Yahoo.Com,9447317550.0,Ahmedabad,Gujarat,2023-03-08,New
Cust03139,Benjamin Smith,Benjamin.Smith3139@Gmail.Com,,Kolkata,West Bengal,2022-12-18,Regular
Cust03140,Rohan Williams,Rohan.Williams3140@Mail.Com,7279456320.0,Ahmedabad,Gujarat,2021-11-13,Premium
Cust03141,Riya Reddy,Riya.Reddy3141@Mail.Com,6756273333.0,Patna,Bihar,2023-03-03,Vip
Cust03142,Noah Brown,Noah.Brown3142_At_Yahoo.Com,8321323599.0,Patna,Bihar,2024-11-25,Regular
Cust03143,Ishaan Jones,Ishaan.Jones3143@Gmail.Com,6229520941.0,Nagpur,Maharashtra,2021-11-06,New
Cust03144,Michael Gupta,Michael.Gupta3144@Outlook.Com,9546470817.0,Kolkata,West Bengal,2024-07-04,New
Cust03145,Vivaan Brown,Vivaan.Brown3145@Yahoo.Com,6708069883.0,Nagpur,Maharashtra,2021-11-08,New
Cust03146,William Patel,William.Patel3146@Outlook.Com,8269677099.0,Bhopal,Madhya Pradesh,2024-05-30,Regular
Cust03147,Aditya Brown,Aditya.Brown3147@Gmail.Com,8406664015.0,Patna,Bihar,,Regular
Cust03148,Rohan Iyer,Rohan.Iyer3148@Outlook.Com,9845424366.0,Agra,Uttar Pradesh,2024-12-18,Premium
Cust03149,Aditya Reddy,Aditya.Reddy3149@Yahoo.Com,8340849880.0,Nashik,Maharashtra,2023-06-20,Regular
Cust03150,Abigail Wilson,Abigail.Wilson3150@Mail.Com,8680974612.0,Bhopal,Madhya Pradesh,2024-10-29,Premium
Cust03151,Lucas Singh,Lucas.Singh3151@Yahoo.Com,7295789744.0,Nagpur,Maharashtra,2023-09-28,New
Cust03152,William Smith,,6266671329.0,Nagpur,Maharashtra,2024-05-31,Regular
Cust03153,Henry Anderson,Henry.Anderson3153@Gmail.Com,8154072129.0,Agra,Uttar Pradesh,2024-05-02,Regular
Cust03154,Kiara Reddy,Kiara.Reddy3154@Gmail.Com,9910457708.0,Bhopal,Madhya Pradesh,2024-10-07,Vip
Cust03155,Aarav Jones,Aarav.Jones3155@Outlook.Com,7403731652.0,Chennai,Tamil Nadu,2023-12-05,Regular
Cust03156,Aarav Kumar,Aarav.Kumar3156@Outlook.Com,9954898518.0,Bengaluru,Karnataka,2023-07-28,Regular
Cust03157,Pari Verma,Pari.Verma3157@Outlook.Com,6349799303.0,Vadodara,Gujarat,2022-01-13,Premium
Cust03158,Riya Patel,Riya.Patel3158@Gmail.Com,8288132993.0,Lucknow,Uttar Pradesh,2024-10-27,New
Cust03159,Lucas Reddy,Lucas.Reddy3159@Outlook.Com,7629428331.0,Hyderabad,Telangana,2023-05-10,New
Cust03160,Noah Nair,Noah.Nair3160@Mail.Com,9950729381.0,Delhi,Delhi,2022-06-14,Regular
Cust03161,Emma Gupta,Emma.Gupta3161@Gmail.Com,9987598714.0,Hyderabad,Telangana,2023-01-20,Vip
Cust03162,Emma Wilson,Emma.Wilson3162@Mail.Com,9204555604.0,Delhi,Delhi,2024-06-20,Regular
Cust03163,Reyansh Williams,Reyansh.Williams3163@Mail.Com,8586393694.0,Ludhiana,Punjab,2024-09-21,Premium
Cust03164,Mia Davis,Mia.Davis3164@Mail.Com,8670999863.0,Patna,Bihar,2023-12-10,Premium
Cust03165,Anaya Miller,Anaya.Miller3165@Yahoo.Com,9298382304.0,Chennai,Tamil Nadu,2021-12-25,Premium
Cust03166,Ananya Rao,Ananya.Rao3166@Gmail.Com,8122451267.0,Surat,Gujarat,2023-03-10,Vip
Cust03167,John Wilson,John.Wilson3167@Mail.Com,,Bengaluru,Karnataka,2024-10-06,Vip
Cust03168,Pari Johnson,Pari.Johnson3168@Gmail.Com,7195873700.0,Kolkata,West Bengal,2024-12-25,Regular
Cust03169,Arjun Miller,Arjun.Miller3169@Gmail.Com,6835811590.0,Ludhiana,Punjab,2022-12-15,Vip
Cust03170,Vivaan Anderson,Vivaan.Anderson3170@Mail.Com,9649636291.0,Nagpur,Maharashtra,2024-09-02,Vip
Cust03171,Anaya Verma,Anaya.Verma3171@Outlook.Com,7635221715.0,Chennai,Tamil Nadu,2021-12-01,Premium
Cust03172,Sophia Kumar,Sophia.Kumar3172@Gmail.Com,6108170049.0,Jaipur,Rajasthan,2024-09-23,Premium
Cust03173,Saanvi Reddy,,6160015075.0,Nagpur,Maharashtra,2023-10-30,Regular
Cust03174,Lucas Johnson,Lucas.Johnson3174@Yahoo.Com,7880230221.0,Delhi,Delhi,2023-03-01,Vip
Cust03175,Reyansh Singh,Reyansh.Singh3175@Mail.Com,6844051106.0,Indore,Madhya Pradesh,2023-03-23,Vip
Cust03176,Kabir Patel,Kabir.Patel3176@Gmail.Com,9212277476.0,Mumbai,Maharashtra,2023-05-07,Premium
Cust03177,Charlotte Wilson,Charlotte.Wilson3177@Yahoo.Com,8488201280.0,Lucknow,Uttar Pradesh,2022-03-23,New
Cust03178,Kiara Reddy,Kiara.Reddy3178@Outlook.Com,,Vadodara,Gujarat,2023-10-18,Regular
Cust03179,Amelia Reddy,Amelia.Reddy3179@Gmail.Com,8272927538.0,Patna,Bihar,2024-06-25,New
Cust03180,Aarav Patel,Aarav.Patel3180@Yahoo.Com,8110309297.0,Jaipur,Rajasthan,2021-06-30,Regular
Cust03181,Ira Wilson,Ira.Wilson3181@Gmail.Com,7564556069.0,Mumbai,Maharashtra,2022-04-14,New
Cust03182,Alexander Verma,Alexander.Verma3182@Outlook.Com,6889685428.0,Mumbai,Maharashtra,2022-12-22,Vip
Cust03183,Henry Gupta,Henry.Gupta3183@Yahoo.Com,7669760571.0,Kolkata,West Bengal,2023-03-08,Premium
Cust03184,Diya Williams,Diya.Williams3184@Mail.Com,9588999581.0,Bhopal,Madhya Pradesh,2023-03-28,Premium
Cust03185,Ira Singh,Ira.Singh3185@Mail.Com,7859474676.0,Nashik,Maharashtra,2024-01-17,Regular
Cust03186,Rohan Nair,Rohan.Nair3186@Outlook.Com,6138060846.0,Ludhiana,Punjab,2024-07-02,New
Cust03187,Riya Garcia,Riya.Garcia3187@Gmail.Com,6574490685.0,Agra,Uttar Pradesh,2023-07-08,Regular
Cust03188,Diya Davis,Diya.Davis3188@Mail.Com,9420840394.0,Mumbai,Maharashtra,2022-01-08,Premium
Cust03189,Ira Reddy,Ira.Reddy3189@Yahoo.Com,,Nagpur,Maharashtra,2022-06-12,New
Cust03190,Michael Jones,Michael.Jones3190@Yahoo.Com,6343991413.0,Vadodara,Gujarat,2024-08-26,Regular
Cust03191,Noah Rao,Noah.Rao3191@Yahoo.Com,9902470060.0,Delhi,Delhi,2024-10-13,New
Cust03192,Charlotte Jones,Charlotte.Jones3192@Yahoo.Com,9715142529.0,Agra,Uttar Pradesh,2024-11-16,Premium
Cust03193,Pari Williams,Pari.Williams3193@Mail.Com,7226811353.0,Delhi,Delhi,2022-08-30,Premium
Cust03194,Sophia Kumar,Sophia.Kumar3194@Gmail.Com,9252998036.0,Kanpur,Uttar Pradesh,,Regular
Cust03195,Vihaan Nair,Vihaan.Nair3195@Outlook.Com,6830057899.0,Kanpur,Uttar Pradesh,,Premium
Cust03196,Kabir Jones,Kabir.Jones3196@Outlook.Com,8706074809.0,Lucknow,Uttar Pradesh,2022-07-17,Vip
Cust03197,Sophia Sharma,Sophia.Sharma3197@Mail.Com,8263914434.0,Jaipur,Rajasthan,2024-05-13,Regular
Cust03198,Liam Johnson,Liam.Johnson3198@Mail.Com,7503611133.0,Ludhiana,Punjab,2023-04-11,Premium
Cust03199,Aryan Brown,Aryan.Brown3199@Gmail.Com,6780290362.0,Indore,Madhya Pradesh,2023-05-21,Regular
Cust03200,Ira Johnson,Ira.Johnson3200@Gmail.Com,7247688601.0,Pune,Maharashtra,2022-12-10,Vip
Cust03201,Harper Johnson,Harper.Johnson3201@Gmail.Com,6323123615.0,Bengaluru,Karnataka,2024-07-16,Vip
Cust03202,Arjun Nair,Arjun.Nair3202@Outlook.Com,6573862982.0,Indore,Madhya Pradesh,2022-07-23,Regular
Cust03203,Amelia Garcia,Amelia.Garcia3203@Mail.Com,8633977948.0,Agra,Uttar Pradesh,2023-10-19,Regular
Cust03204,William Jones,William.Jones3204@Outlook.Com,9454883675.0,Mumbai,Maharashtra,2023-04-10,Vip
Cust03205,Arjun Williams,Arjun.Williams3205@Yahoo.Com,9670448155.0,Lucknow,Uttar Pradesh,2022-02-02,New
Cust03206,Aadhya Davis,Aadhya.Davis3206@Yahoo.Com,,Indore,Madhya Pradesh,2024-04-22,Vip
Cust03207,James Verma,James.Verma3207@Gmail.Com,7708460207.0,Indore,Madhya Pradesh,2024-01-19,Regular
Cust03208,Saanvi Singh,Saanvi.Singh3208@Mail.Com,7514295885.0,Kanpur,Uttar Pradesh,2023-05-01,Premium
Cust03209,Charlotte Garcia,Charlotte.Garcia3209@Mail.Com,8440555392.0,Ludhiana,Punjab,2022-10-16,Premium
Cust03210,Mia Gupta,Mia.Gupta3210@Gmail.Com,9164278438.0,Jaipur,Rajasthan,2024-10-27,Regular
Cust03211,John Smith,John.Smith3211@Outlook.Com,7837283354.0,Ahmedabad,Gujarat,2024-08-05,Premium
Cust03212,Arjun Garcia,Arjun.Garcia3212@Yahoo.Com,7769670891.0,Kanpur,Uttar Pradesh,2024-09-30,Regular
Cust03213,Charlotte Reddy,Charlotte.Reddy3213@Yahoo.Com,7648118412.0,Lucknow,Uttar Pradesh,2023-11-06,Premium
Cust03214,Aryan Nair,Aryan.Nair3214@Outlook.Com,7473331989.0,Nashik,Maharashtra,2021-08-13,Regular
Cust03215,Mia Davis,Mia.Davis3215@Yahoo.Com,8557079318.0,Lucknow,Uttar Pradesh,2024-08-04,Regular
Cust03216,Pari Nair,Pari.Nair3216@Outlook.Com,8188161441.0,Vadodara,Gujarat,2023-01-09,Premium
Cust03217,Evelyn Iyer,Evelyn.Iyer3217@Gmail.Com,9253801519.0,Chennai,Tamil Nadu,2021-11-13,New
Cust03218,Michael Patel,Michael.Patel3218@Yahoo.Com,7412088857.0,Nagpur,Maharashtra,2023-04-25,Premium
Cust03219,Benjamin Miller,Benjamin.Miller3219@Mail.Com,9320806466.0,Indore,Madhya Pradesh,2021-08-08,Vip
Cust03220,Riya Iyer,Riya.Iyer3220@Yahoo.Com,7553346459.0,Pune,Maharashtra,2021-11-20,Regular
Cust03221,Aadhya Garcia,Aadhya.Garcia3221@Outlook.Com,6616582041.0,Kanpur,Uttar Pradesh,2024-11-07,New
Cust03222,Pari Smith,Pari.Smith3222@Mail.Com,8200045094.0,Bengaluru,Karnataka,2022-04-16,New
Cust03223,Amelia Reddy,,9386941257.0,Lucknow,Uttar Pradesh,2024-01-28,Regular
Cust03224,Abigail Singh,Abigail.Singh3224@Outlook.Com,7422599479.0,Patna,Bihar,2023-04-13,Premium
Cust03225,Kabir Johnson,Kabir.Johnson3225@Mail.Com,8225752673.0,Ahmedabad,Gujarat,2023-02-16,Premium
Cust03226,Isabella Iyer,Isabella.Iyer3226@Outlook.Com,7651419240.0,Hyderabad,Telangana,2021-07-10,Regular
Cust03227,Noah Miller,Noah.Miller3227@Yahoo.Com,,Chennai,Tamil Nadu,2024-03-16,Premium
Cust03228,Aarav Singh,Aarav.Singh3228@Yahoo.Com,8654366956.0,Ludhiana,Punjab,2021-08-17,Vip
Cust03229,Ira Wilson,Ira.Wilson3229@Mail.Com,7721493093.0,Mumbai,Maharashtra,2024-12-27,Regular
Cust03230,Aadhya Iyer,Aadhya.Iyer3230@Outlook.Com,,Bengaluru,Karnataka,,Regular
Cust03231,Aditya Sharma,Aditya.Sharma3231@Gmail.Com,8159119030.0,Ahmedabad,Gujarat,2022-05-22,Regular
Cust03232,Vihaan Davis,Vihaan.Davis3232@Gmail.Com,6225129674.0,Mumbai,Maharashtra,2021-12-20,New
Cust03233,Michael Wilson,Michael.Wilson3233@Gmail.Com,,Nagpur,Maharashtra,2023-10-20,New
Cust03234,Noah Johnson,Noah.Johnson3234@Mail.Com,8599123000.0,Kolkata,West Bengal,2022-02-18,Vip
Cust03235,Ira Smith,Ira.Smith3235@Gmail.Com,8235982875.0,Delhi,Delhi,2023-05-31,Premium
Cust03236,Isabella Anderson,Isabella.Anderson3236@Outlook.Com,7563072602.0,Nagpur,Maharashtra,2024-06-18,Vip
Cust03237,Anaya Brown,Anaya.Brown3237@Gmail.Com,,Mumbai,Maharashtra,2022-01-25,Premium
Cust03238,Noah Nair,,6357967722.0,Chennai,Tamil Nadu,2022-07-10,Premium
Cust03239,Aadhya Iyer,Aadhya.Iyer3239@Mail.Com,8789555341.0,Kolkata,West Bengal,2022-10-09,New
Cust03240,Charlotte Williams,Charlotte.Williams3240@Outlook.Com,,Delhi,Delhi,2021-08-27,Regular
Cust03241,William Singh,William.Singh3241@Outlook.Com,8771621320.0,Surat,Gujarat,2024-04-20,Premium
Cust03242,Evelyn Williams,Evelyn.Williams3242@Yahoo.Com,7780064237.0,Vadodara,Gujarat,2021-09-20,Premium
Cust03243,Mia Smith,Mia.Smith3243@Gmail.Com,8889627802.0,Ahmedabad,Gujarat,2022-07-14,Vip
Cust03244,William Garcia,William.Garcia3244_At_Outlook.Com,9362586723.0,Surat,Gujarat,2022-01-24,Regular
Cust03245,Sophia Nair,Sophia.Nair3245@Outlook.Com,6368009933.0,Patna,Bihar,2021-08-31,Regular
Cust03246,Riya Wilson,Riya.Wilson3246@Mail.Com,8184840684.0,Ludhiana,Punjab,2022-04-30,Vip
Cust03247,Alexander Anderson,,9642706453.0,Nagpur,Maharashtra,2021-07-06,Regular
Cust03248,Harper Singh,Harper.Singh3248@Yahoo.Com,6436309052.0,Surat,Gujarat,2022-09-07,New
Cust03249,Aadhya Reddy,Aadhya.Reddy3249@Mail.Com,8638584294.0,Indore,Madhya Pradesh,2024-09-12,Regular
Cust03250,Sophia Garcia,Sophia.Garcia3250@Mail.Com,7957475617.0,Nagpur,Maharashtra,2023-08-01,Premium
Cust03251,Henry Wilson,Henry.Wilson3251@Yahoo.Com,,Kanpur,Uttar Pradesh,2024-06-14,Regular
Cust03252,Kiara Nair,Kiara.Nair3252@Outlook.Com,9644341198.0,Pune,Maharashtra,2023-01-30,Regular
Cust03253,Ananya Jones,Ananya.Jones3253@Yahoo.Com,6643392952.0,Surat,Gujarat,2021-09-19,Vip
Cust03254,Noah Patel,Noah.Patel3254@Gmail.Com,6585243143.0,Hyderabad,Telangana,2021-06-28,Premium
Cust03255,Isabella Patel,Isabella.Patel3255@Mail.Com,7213263138.0,Nashik,Maharashtra,2021-10-28,Regular
Cust03256,Vivaan Sharma,Vivaan.Sharma3256@Gmail.Com,8874637043.0,Ludhiana,Punjab,2024-10-02,Regular
Cust03257,Kiara Wilson,Kiara.Wilson3257@Yahoo.Com,9723008908.0,Patna,Bihar,2022-04-12,New
Cust03258,Riya Smith,Riya.Smith3258@Mail.Com,7557713417.0,Hyderabad,Telangana,2023-07-19,Premium
Cust03259,Sophia Smith,Sophia.Smith3259@Mail.Com,9412996933.0,Hyderabad,Telangana,2024-11-01,Premium
Cust03260,Aadhya Iyer,Aadhya.Iyer3260@Yahoo.Com,6230232913.0,Ludhiana,Punjab,2024-09-16,Vip
Cust03261,Abigail Wilson,Abigail.Wilson3261@Gmail.Com,8882442860.0,Bhopal,Madhya Pradesh,2023-12-29,Premium
Cust03262,William Johnson,William.Johnson3262@Mail.Com,6498526922.0,Bhopal,Madhya Pradesh,2023-07-12,Premium
Cust03263,Liam Reddy,Liam.Reddy3263@Gmail.Com,9886372298.0,Vadodara,Gujarat,2022-03-14,Premium
Cust03264,Aadhya Wilson,Aadhya.Wilson3264@Yahoo.Com,9813275592.0,Indore,Madhya Pradesh,2024-01-04,Regular
Cust03265,Kiara Garcia,Kiara.Garcia3265@Outlook.Com,7266870330.0,Bhopal,Madhya Pradesh,2022-08-19,Premium
Cust03266,Benjamin Garcia,Benjamin.Garcia3266@Yahoo.Com,9276510757.0,Chennai,Tamil Nadu,2024-02-10,Premium
Cust03267,Myra Verma,Myra.Verma3267@Yahoo.Com,6742585376.0,Bengaluru,Karnataka,2024-10-28,Premium
Cust03268,Reyansh Johnson,Reyansh.Johnson3268@Outlook.Com,9704474283.0,Surat,Gujarat,2024-01-01,Regular
Cust03269,Sophia Miller,Sophia.Miller3269@Gmail.Com,8414762619.0,Lucknow,Uttar Pradesh,2024-09-26,Vip
Cust03270,Vihaan Anderson,Vihaan.Anderson3270@Outlook.Com,6588717909.0,Mumbai,Maharashtra,2024-04-15,Regular
Cust03271,Kiara Kumar,Kiara.Kumar3271@Gmail.Com,6581918158.0,Nashik,Maharashtra,2021-11-18,Regular
Cust03272,Emma Anderson,Emma.Anderson3272@Yahoo.Com,9653745911.0,Ludhiana,Punjab,2021-07-30,Premium
Cust03273,Sophia Verma,Sophia.Verma3273@Outlook.Com,6217022586.0,Bengaluru,Karnataka,2024-10-02,Premium
Cust03274,Anaya Patel,Anaya.Patel3274@Outlook.Com,7422157396.0,Chennai,Tamil Nadu,2022-11-03,Premium
Cust03275,Ira Anderson,Ira.Anderson3275@Gmail.Com,8125239827.0,Nagpur,Maharashtra,2022-07-29,Premium
Cust03276,Vivaan Verma,Vivaan.Verma3276@Mail.Com,7292585099.0,Lucknow,Uttar Pradesh,2021-06-17,Regular
Cust03277,Anaya Jones,Anaya.Jones3277@Gmail.Com,6967692158.0,Patna,Bihar,2024-03-05,Regular
Cust03278,Ira Smith,Ira.Smith3278@Yahoo.Com,6394963377.0,Bengaluru,Karnataka,2023-03-24,Premium
Cust03279,Diya Johnson,Diya.Johnson3279@Gmail.Com,6324050761.0,Nashik,Maharashtra,2022-11-24,Premium
Cust03280,,Mia.Patel3280@Gmail.Com,9285728113.0,Jaipur,Rajasthan,2022-10-10,Regular
Cust03281,Harper Gupta,Harper.Gupta3281@Yahoo.Com,9511449339.0,Pune,Maharashtra,2024-08-18,Premium
Cust03282,Sophia Kumar,Sophia.Kumar3282@Outlook.Com,6487950228.0,Hyderabad,Telangana,2022-01-28,Premium
Cust03283,Henry Gupta,Henry.Gupta3283@Yahoo.Com,8102791505.0,Indore,Madhya Pradesh,2022-06-04,Premium
Cust03284,Abigail Singh,Abigail.Singh3284@Outlook.Com,9629954779.0,Hyderabad,Telangana,2024-08-31,Vip
Cust03285,Aryan Anderson,Aryan.Anderson3285@Yahoo.Com,7706664647.0,Kolkata,West Bengal,2023-06-25,Premium
Cust03286,Lucas Jones,Lucas.Jones3286@Yahoo.Com,9928308985.0,Mumbai,Maharashtra,2024-09-03,New
Cust03287,Isabella Garcia,Isabella.Garcia3287@Yahoo.Com,8183236511.0,Ahmedabad,Gujarat,2023-01-30,New
Cust03288,William Kumar,William.Kumar3288_At_Mail.Com,7791336376.0,Bhopal,Madhya Pradesh,2022-09-30,Premium
Cust03289,Anaya Singh,Anaya.Singh3289@Mail.Com,8521704697.0,Bengaluru,Karnataka,2022-05-05,New
Cust03290,Charlotte Garcia,Charlotte.Garcia3290@Outlook.Com,7377201740.0,Bengaluru,Karnataka,,Vip
Cust03291,Mia Wilson,Mia.Wilson3291@Outlook.Com,7295964365.0,Kolkata,West Bengal,2022-06-11,Regular
Cust03292,Lucas Iyer,Lucas.Iyer3292@Outlook.Com,7442796920.0,Ludhiana,Punjab,2024-11-02,Vip
Cust03293,Lucas Gupta,,6554748369.0,Mumbai,Maharashtra,2022-01-13,Premium
Cust03294,Benjamin Jones,Benjamin.Jones3294@Gmail.Com,6277183117.0,Jaipur,Rajasthan,2024-09-23,Premium
Cust03295,Kiara Sharma,Kiara.Sharma3295@Outlook.Com,9700945503.0,Vadodara,Gujarat,2022-06-09,Regular
Cust03296,Noah Singh,Noah.Singh3296@Yahoo.Com,8482700537.0,Hyderabad,Telangana,2021-06-23,Premium
Cust03297,Michael Nair,Michael.Nair3297@Mail.Com,8626022230.0,Agra,Uttar Pradesh,2022-03-09,Regular
Cust03298,Vivaan Sharma,Vivaan.Sharma3298@Yahoo.Com,8487746581.0,Agra,Uttar Pradesh,2024-08-26,Regular
Cust03299,Anaya Reddy,Anaya.Reddy3299@Yahoo.Com,8283327187.0,Ludhiana,Punjab,2021-06-24,Premium
Cust03300,Lucas Gupta,Lucas.Gupta3300@Mail.Com,6682068711.0,Surat,Gujarat,2023-08-04,Regular
Cust03301,Olivia Wilson,Olivia.Wilson3301@Yahoo.Com,7225699133.0,Bengaluru,Karnataka,2022-02-07,Premium
Cust03302,Vivaan Wilson,Vivaan.Wilson3302@Mail.Com,7217673566.0,Bhopal,Madhya Pradesh,2022-01-26,New
Cust03303,Noah Miller,Noah.Miller3303@Yahoo.Com,9910502592.0,Lucknow,Uttar Pradesh,2024-10-30,Regular
Cust03304,Aadhya Kumar,Aadhya.Kumar3304@Mail.Com,6179894984.0,Chennai,Tamil Nadu,2024-08-19,Premium
Cust03305,Alexander Smith,Alexander.Smith3305@Mail.Com,6821018302.0,Patna,Bihar,2021-09-28,Regular
Cust03306,Vihaan Iyer,Vihaan.Iyer3306@Outlook.Com,8475091612.0,Hyderabad,Telangana,2024-12-17,Vip
Cust03307,Reyansh Johnson,Reyansh.Johnson3307@Outlook.Com,6551470748.0,Hyderabad,Telangana,2022-12-24,Premium
Cust03308,Emma Rao,Emma.Rao3308@Yahoo.Com,9848218233.0,Vadodara,Gujarat,2024-12-07,New
Cust03309,William Smith,William.Smith3309@Outlook.Com,6802431191.0,Surat,Gujarat,2024-12-07,Regular
Cust03310,Vivaan Sharma,Vivaan.Sharma3310@Gmail.Com,9986670783.0,Indore,Madhya Pradesh,2022-11-04,Regular
Cust03311,William Johnson,William.Johnson3311@Outlook.Com,7186213447.0,Nashik,Maharashtra,2024-12-16,Premium
Cust03312,Emma Smith,Emma.Smith3312@Gmail.Com,7406015004.0,Nagpur,Maharashtra,2024-09-13,Regular
Cust03313,Pari Johnson,Pari.Johnson3313@Outlook.Com,9404544993.0,Delhi,Delhi,2024-05-24,Regular
Cust03314,John Williams,John.Williams3314@Gmail.Com,8304726745.0,Patna,Bihar,2024-10-03,Premium
Cust03315,Kiara Verma,Kiara.Verma3315@Mail.Com,9803817097.0,Jaipur,Rajasthan,2021-07-27,Regular
Cust03316,Ishaan Jones,,7749945758.0,Mumbai,Maharashtra,2024-06-25,Vip
Cust03317,Michael Johnson,Michael.Johnson3317@Yahoo.Com,7884701926.0,Lucknow,Uttar Pradesh,2022-11-21,Regular
Cust03318,Ishaan Kumar,Ishaan.Kumar3318@Mail.Com,9107758300.0,Ludhiana,Punjab,2023-07-24,Premium
Cust03319,Mia Verma,Mia.Verma3319@Yahoo.Com,9598469437.0,Ahmedabad,Gujarat,2022-11-08,Premium
Cust03320,Reyansh Anderson,Reyansh.Anderson3320@Gmail.Com,6205764473.0,Hyderabad,Telangana,2024-07-06,Regular
Cust03321,Anaya Williams,Anaya.Williams3321@Mail.Com,9165603927.0,Ahmedabad,Gujarat,2023-05-22,Regular
Cust03322,Emma Nair,Emma.Nair3322@Outlook.Com,6710076386.0,Kanpur,Uttar Pradesh,,Regular
Cust03323,Arjun Nair,Arjun.Nair3323@Gmail.Com,9459413072.0,Surat,Gujarat,2023-03-14,Regular
Cust03324,Kabir Brown,Kabir.Brown3324@Outlook.Com,6976913276.0,Kolkata,West Bengal,2024-09-19,Premium
Cust03325,Charlotte Johnson,Charlotte.Johnson3325@Yahoo.Com,8115145920.0,Pune,Maharashtra,2022-01-13,New
Cust03326,Michael Garcia,Michael.Garcia3326@Gmail.Com,7912935229.0,Patna,Bihar,2023-11-28,Regular
Cust03327,Abigail Brown,Abigail.Brown3327@Gmail.Com,8593406696.0,Indore,Madhya Pradesh,2023-10-13,Premium
Cust03328,Ananya Brown,Ananya.Brown3328@Gmail.Com,6286187302.0,Lucknow,Uttar Pradesh,2023-05-03,Regular
Cust03329,Isabella Gupta,Isabella.Gupta3329@Yahoo.Com,8985918454.0,Mumbai,Maharashtra,2021-11-30,Premium
Cust03330,Diya Kumar,Diya.Kumar3330@Gmail.Com,8146266409.0,Nagpur,Maharashtra,2024-02-04,Premium
Cust03331,Olivia Iyer,Olivia.Iyer3331@Yahoo.Com,6416773457.0,Pune,Maharashtra,2023-04-09,Vip
Cust03332,Mia Smith,Mia.Smith3332@Yahoo.Com,7682962831.0,Pune,Maharashtra,2022-10-14,Vip
Cust03333,Evelyn Brown,Evelyn.Brown3333@Outlook.Com,9506096370.0,Nashik,Maharashtra,2022-08-17,Premium
Cust03334,Harper Davis,Harper.Davis3334@Gmail.Com,8189851040.0,Lucknow,Uttar Pradesh,2023-05-04,Vip
Cust03335,Rohan Johnson,Rohan.Johnson3335@Gmail.Com,8843460649.0,Mumbai,Maharashtra,2021-11-21,Vip
Cust03336,Emma Johnson,Emma.Johnson3336@Mail.Com,6261643988.0,Indore,Madhya Pradesh,2023-12-26,Regular
Cust03337,Ira Johnson,Ira.Johnson3337@Mail.Com,6465915414.0,Nashik,Maharashtra,2022-06-03,Premium
Cust03338,Ananya Kumar,Ananya.Kumar3338@Yahoo.Com,6513452270.0,Kolkata,West Bengal,2022-07-14,Premium
Cust03339,Alexander Anderson,Alexander.Anderson3339@Mail.Com,9170932969.0,Ahmedabad,Gujarat,2024-11-22,Premium
Cust03340,Evelyn Reddy,Evelyn.Reddy3340@Gmail.Com,,Hyderabad,Telangana,2021-12-23,Vip
Cust03341,Arjun Verma,Arjun.Verma3341@Gmail.Com,,Lucknow,Uttar Pradesh,2022-06-30,Premium
Cust03342,James Garcia,James.Garcia3342@Mail.Com,8688741552.0,Kanpur,Uttar Pradesh,2022-08-20,Vip
Cust03343,Amelia Iyer,,7947436477.0,Surat,Gujarat,2022-12-15,Regular
Cust03344,James Anderson,James.Anderson3344@Mail.Com,6437645509.0,Agra,Uttar Pradesh,2023-06-06,Regular
Cust03345,Kiara Patel,Kiara.Patel3345@Yahoo.Com,7834151834.0,Bhopal,Madhya Pradesh,2022-12-02,Regular
Cust03346,Sophia Verma,Sophia.Verma3346@Outlook.Com,9699165607.0,Chennai,Tamil Nadu,2022-08-26,Premium
Cust03347,Riya Nair,Riya.Nair3347@Mail.Com,7675383721.0,Kanpur,Uttar Pradesh,2023-09-02,Regular
Cust03348,Reyansh Nair,Reyansh.Nair3348@Yahoo.Com,8766406964.0,Bengaluru,Karnataka,2022-11-22,Premium
Cust03349,Evelyn Patel,Evelyn.Patel3349@Outlook.Com,6532954455.0,Nagpur,Maharashtra,2022-02-06,Premium
Cust03350,Aryan Smith,Aryan.Smith3350@Gmail.Com,9984871597.0,Bhopal,Madhya Pradesh,2023-12-05,Premium
Cust03351,Mia Garcia,Mia.Garcia3351@Gmail.Com,8374155253.0,Nagpur,Maharashtra,2022-05-10,Regular
Cust03352,Alexander Patel,Alexander.Patel3352@Yahoo.Com,9647699512.0,Kolkata,West Bengal,2023-04-02,Regular
Cust03353,John Smith,John.Smith3353@Gmail.Com,9471212964.0,Bengaluru,Karnataka,2022-12-09,Vip
Cust03354,James Singh,James.Singh3354@Gmail.Com,6274007286.0,Chennai,Tamil Nadu,2023-03-11,Premium
Cust03355,Olivia Brown,Olivia.Brown3355@Outlook.Com,7736481545.0,Lucknow,Uttar Pradesh,2022-05-08,Premium
Cust03356,Kiara Garcia,Kiara.Garcia3356@Outlook.Com,9195840823.0,Ahmedabad,Gujarat,2022-03-28,Regular
Cust03357,Noah Rao,Noah.Rao3357@Gmail.Com,9484283066.0,Pune,Maharashtra,,Regular
Cust03358,Henry Kumar,Henry.Kumar3358@Yahoo.Com,7174185892.0,Indore,Madhya Pradesh,2023-09-27,Regular
Cust03359,Amelia Reddy,Amelia.Reddy3359@Yahoo.Com,6581429992.0,Mumbai,Maharashtra,2021-06-29,Regular
Cust03360,Riya Wilson,Riya.Wilson3360@Mail.Com,,Hyderabad,Telangana,2022-03-31,Regular
Cust03361,Saanvi Smith,Saanvi.Smith3361@Yahoo.Com,6882607597.0,Indore,Madhya Pradesh,2024-09-17,Premium
Cust03362,Isabella Rao,Isabella.Rao3362@Outlook.Com,7652998937.0,Hyderabad,Telangana,2021-11-13,Regular
Cust03363,Charlotte Singh,Charlotte.Singh3363@Gmail.Com,7343845254.0,Nagpur,Maharashtra,2024-07-18,New
Cust03364,Alexander Rao,Alexander.Rao3364_At_Outlook.Com,8880898015.0,Bhopal,Madhya Pradesh,2022-05-06,Premium
Cust03365,Evelyn Kumar,Evelyn.Kumar3365@Mail.Com,,Lucknow,Uttar Pradesh,2022-06-18,Regular
Cust03366,John Singh,John.Singh3366@Yahoo.Com,7921807847.0,Pune,Maharashtra,2023-12-13,Regular
Cust03367,Vivaan Verma,Vivaan.Verma3367@Outlook.Com,7963181303.0,Bhopal,Madhya Pradesh,2024-08-25,Regular
Cust03368,Harper Davis,Harper.Davis3368@Gmail.Com,7728888706.0,Kanpur,Uttar Pradesh,2024-10-20,Regular
Cust03369,Riya Garcia,Riya.Garcia3369@Mail.Com,7212474052.0,Patna,Bihar,2022-01-14,New
Cust03370,Henry Johnson,Henry.Johnson3370@Gmail.Com,8243667609.0,Kolkata,West Bengal,2024-01-05,Premium
Cust03371,Amelia Rao,Amelia.Rao3371@Gmail.Com,6840477746.0,Mumbai,Maharashtra,2024-12-12,Premium
Cust03372,Alexander Gupta,Alexander.Gupta3372@Outlook.Com,8923737298.0,Vadodara,Gujarat,2023-02-23,Premium
Cust03373,Mia Nair,Mia.Nair3373@Gmail.Com,6400566801.0,Nagpur,Maharashtra,2023-12-04,Regular
Cust03374,William Rao,William.Rao3374@Yahoo.Com,9201352457.0,Vadodara,Gujarat,2023-07-10,Regular
Cust03375,Charlotte Gupta,Charlotte.Gupta3375@Mail.Com,8437699520.0,Pune,Maharashtra,,Premium
Cust03376,Reyansh Sharma,Reyansh.Sharma3376@Yahoo.Com,8844775738.0,Jaipur,Rajasthan,2024-08-28,Premium
Cust03377,Rohan Verma,Rohan.Verma3377@Gmail.Com,6377246749.0,Bengaluru,Karnataka,2023-03-18,Premium
Cust03378,Pari Kumar,Pari.Kumar3378@Yahoo.Com,9285556549.0,Ludhiana,Punjab,2022-04-26,New
Cust03379,Vivaan Miller,Vivaan.Miller3379@Gmail.Com,7581696190.0,Kolkata,West Bengal,2023-10-02,Premium
Cust03380,Mia Verma,Mia.Verma3380@Yahoo.Com,7984649135.0,Surat,Gujarat,2023-09-09,Vip
Cust03381,Ananya Wilson,Ananya.Wilson3381@Mail.Com,8852467864.0,Vadodara,Gujarat,2023-11-28,Regular
Cust03382,Ira Nair,Ira.Nair3382@Outlook.Com,7150248937.0,Agra,Uttar Pradesh,2021-07-26,Premium
Cust03383,Alexander Davis,Alexander.Davis3383@Gmail.Com,7102068391.0,Ahmedabad,Gujarat,2023-12-25,Regular
Cust03384,Pari Anderson,Pari.Anderson3384@Outlook.Com,7967184115.0,Nashik,Maharashtra,2021-10-06,New
Cust03385,Charlotte Anderson,Charlotte.Anderson3385@Yahoo.Com,6122618506.0,Ahmedabad,Gujarat,,Premium
Cust03386,Ananya Anderson,Ananya.Anderson3386@Mail.Com,6884634865.0,Ahmedabad,Gujarat,,New
Cust03387,Aryan Kumar,Aryan.Kumar3387@Yahoo.Com,9528124032.0,Kolkata,West Bengal,2023-04-01,Regular
Cust03388,Aryan Iyer,Aryan.Iyer3388@Yahoo.Com,7248376670.0,Nagpur,Maharashtra,2021-10-11,Regular
Cust03389,Anaya Garcia,Anaya.Garcia3389@Outlook.Com,8330440432.0,Kolkata,West Bengal,2022-01-03,Premium
Cust03390,Sophia Gupta,Sophia.Gupta3390@Mail.Com,9922577760.0,Kolkata,West Bengal,2022-04-11,Regular
Cust03391,Ananya Patel,Ananya.Patel3391@Outlook.Com,7376333095.0,Ahmedabad,Gujarat,2024-02-19,Regular
Cust03392,Abigail Miller,Abigail.Miller3392@Outlook.Com,8806122831.0,Bhopal,Madhya Pradesh,2022-07-30,Regular
Cust03393,Amelia Reddy,Amelia.Reddy3393@Mail.Com,8888361274.0,Delhi,Delhi,2023-09-12,Premium
Cust03394,Mia Miller,Mia.Miller3394@Yahoo.Com,6618601334.0,Vadodara,Gujarat,2023-06-13,Regular
Cust03395,John Jones,John.Jones3395@Yahoo.Com,8638524362.0,Agra,Uttar Pradesh,2021-08-30,Premium
Cust03396,Riya Verma,Riya.Verma3396@Outlook.Com,6507824010.0,Nashik,Maharashtra,2022-05-26,Vip
Cust03397,Aditya Jones,Aditya.Jones3397@Mail.Com,7269943973.0,Ahmedabad,Gujarat,2024-01-01,New
Cust03398,Benjamin Kumar,Benjamin.Kumar3398@Gmail.Com,9168334972.0,Lucknow,Uttar Pradesh,2023-04-22,New
Cust03399,Olivia Gupta,Olivia.Gupta3399@Gmail.Com,7419003610.0,Nashik,Maharashtra,2024-11-06,Regular
Cust03400,Kabir Williams,Kabir.Williams3400@Mail.Com,,Chennai,Tamil Nadu,2023-01-22,Regular
Cust03401,Aarav Garcia,Aarav.Garcia3401@Yahoo.Com,6964765555.0,Lucknow,Uttar Pradesh,2023-03-17,Premium
Cust03402,Vihaan Iyer,Vihaan.Iyer3402@Gmail.Com,8213205566.0,Pune,Maharashtra,2023-12-05,Premium
Cust03403,Vivaan Nair,Vivaan.Nair3403@Gmail.Com,7706826937.0,Agra,Uttar Pradesh,2024-01-18,Premium
Cust03404,Liam Davis,Liam.Davis3404@Gmail.Com,8960450980.0,Agra,Uttar Pradesh,2024-06-23,Vip
Cust03405,Ananya Sharma,Ananya.Sharma3405@Outlook.Com,6311013194.0,Pune,Maharashtra,2024-06-30,Regular
Cust03406,Lucas Williams,Lucas.Williams3406@Mail.Com,6979683599.0,Jaipur,Rajasthan,2024-09-28,Regular
Cust03407,Anaya Singh,Anaya.Singh3407@Mail.Com,7593248548.0,Hyderabad,Telangana,2024-04-12,Premium
Cust03408,Ananya Iyer,Ananya.Iyer3408@Gmail.Com,6961618463.0,Kanpur,Uttar Pradesh,2022-05-05,Regular
Cust03409,Aryan Iyer,Aryan.Iyer3409@Gmail.Com,8408363067.0,Nagpur,Maharashtra,2023-09-08,Premium
Cust03410,Evelyn Jones,Evelyn.Jones3410@Yahoo.Com,,Kolkata,West Bengal,2023-02-21,Vip
Cust03411,Vihaan Anderson,Vihaan.Anderson3411@Mail.Com,6938907129.0,Vadodara,Gujarat,2024-03-13,Regular
Cust03412,Abigail Kumar,Abigail.Kumar3412@Gmail.Com,8518318082.0,Lucknow,Uttar Pradesh,2022-10-22,Regular
Cust03413,Reyansh Sharma,Reyansh.Sharma3413@Gmail.Com,6680279961.0,Hyderabad,Telangana,2024-05-11,Premium
Cust03414,Evelyn Garcia,Evelyn.Garcia3414@Mail.Com,8299683645.0,Vadodara,Gujarat,2021-12-13,Regular
Cust03415,Anaya Rao,Anaya.Rao3415@Outlook.Com,7925410924.0,Patna,Bihar,2022-05-09,Vip
Cust03416,Riya Rao,Riya.Rao3416@Mail.Com,6975752928.0,Surat,Gujarat,2021-02-08,Vip
Cust03417,Henry Nair,Henry.Nair3417@Yahoo.Com,6229501297.0,Indore,Madhya Pradesh,2024-11-13,Regular
Cust03418,Harper Kumar,Harper.Kumar3418@Outlook.Com,8131915448.0,Vadodara,Gujarat,2024-03-22,Regular
Cust03419,Ananya Patel,Ananya.Patel3419@Yahoo.Com,9492281135.0,Bengaluru,Karnataka,2021-08-22,Premium
Cust03420,Ishaan Anderson,Ishaan.Anderson3420@Yahoo.Com,7412038885.0,Chennai,Tamil Nadu,2024-06-27,Premium
Cust03421,Ishaan Singh,Ishaan.Singh3421@Outlook.Com,9384945857.0,Delhi,Delhi,2024-08-10,Regular
Cust03422,Riya Miller,Riya.Miller3422@Mail.Com,6650907015.0,Kolkata,West Bengal,2021-12-31,Vip
Cust03423,Myra Miller,Myra.Miller3423@Outlook.Com,7669562687.0,Hyderabad,Telangana,2024-10-16,Premium
Cust03424,John Patel,John.Patel3424_At_Yahoo.Com,7767402767.0,Kanpur,Uttar Pradesh,2022-11-08,Regular
Cust03425,Sophia Garcia,Sophia.Garcia3425@Outlook.Com,8845187325.0,Hyderabad,Telangana,2021-09-19,Vip
Cust03426,Alexander Anderson,Alexander.Anderson3426@Mail.Com,7607446641.0,Lucknow,Uttar Pradesh,2021-09-19,Premium
Cust03427,Kabir Singh,Kabir.Singh3427@Yahoo.Com,7406493604.0,Agra,Uttar Pradesh,2023-07-04,New
Cust03428,John Garcia,John.Garcia3428@Yahoo.Com,6572777105.0,Nashik,Maharashtra,,Vip
Cust03429,Benjamin Smith,Benjamin.Smith3429@Gmail.Com,6557642403.0,Patna,Bihar,2024-12-08,New
Cust03430,Mia Kumar,Mia.Kumar3430@Yahoo.Com,6518941429.0,Mumbai,Maharashtra,2022-09-03,Vip
Cust03431,Vivaan Singh,Vivaan.Singh3431@Gmail.Com,,Lucknow,Uttar Pradesh,2024-05-20,New
Cust03432,Ananya Kumar,Ananya.Kumar3432@Yahoo.Com,9861367414.0,Agra,Uttar Pradesh,2022-07-10,New
Cust03433,Noah Williams,Noah.Williams3433@Yahoo.Com,9475936910.0,Nagpur,Maharashtra,2021-08-22,Vip
Cust03434,Ishaan Miller,Ishaan.Miller3434@Outlook.Com,8553215672.0,Bengaluru,Karnataka,2021-08-22,Regular
Cust03435,Arjun Nair,Arjun.Nair3435@Mail.Com,9922971729.0,Lucknow,Uttar Pradesh,2021-09-25,Regular
Cust03436,Emma Davis,Emma.Davis3436@Outlook.Com,6678611535.0,Bengaluru,Karnataka,2023-11-04,Premium
Cust03437,Arjun Gupta,Arjun.Gupta3437@Mail.Com,6308457206.0,Bengaluru,Karnataka,2024-02-12,Premium
Cust03438,Mia Rao,Mia.Rao3438@Mail.Com,6142582481.0,Lucknow,Uttar Pradesh,2023-05-10,Regular
Cust03439,Olivia Brown,Olivia.Brown3439@Outlook.Com,8600799745.0,Surat,Gujarat,2021-11-30,Regular
Cust03440,Mia Verma,Mia.Verma3440@Gmail.Com,6273791143.0,Nashik,Maharashtra,2024-08-14,Regular
Cust03441,Evelyn Kumar,Evelyn.Kumar3441@Gmail.Com,6355722896.0,Indore,Madhya Pradesh,2023-01-04,Premium
Cust03442,Ira Wilson,Ira.Wilson3442@Yahoo.Com,7453201705.0,Ludhiana,Punjab,2022-08-20,Regular
Cust03443,Reyansh Nair,Reyansh.Nair3443@Yahoo.Com,7648913867.0,Agra,Uttar Pradesh,2022-05-18,Regular
Cust03444,Sophia Brown,Sophia.Brown3444@Mail.Com,6849317162.0,Delhi,Delhi,,Regular
Cust03445,Vivaan Reddy,Vivaan.Reddy3445@Yahoo.Com,9600894362.0,Vadodara,Gujarat,2024-04-27,Vip
Cust03446,Evelyn Patel,Evelyn.Patel3446@Mail.Com,6846017025.0,Indore,Madhya Pradesh,2023-05-23,Regular
Cust03447,Saanvi Johnson,Saanvi.Johnson3447@Gmail.Com,9488214688.0,Kanpur,Uttar Pradesh,2022-08-04,Vip
Cust03448,Arjun Wilson,Arjun.Wilson3448@Mail.Com,9503687397.0,Ahmedabad,Gujarat,2024-11-07,Premium
Cust03449,Liam Verma,Liam.Verma3449@Gmail.Com,7431258059.0,Ludhiana,Punjab,2022-09-10,New
Cust03450,Charlotte Smith,Charlotte.Smith3450@Gmail.Com,8202179967.0,Kolkata,West Bengal,2022-09-13,Regular
Cust03451,Charlotte Williams,Charlotte.Williams3451@Yahoo.Com,,Pune,Maharashtra,2023-12-28,New
Cust03452,James Williams,James.Williams3452@Yahoo.Com,6823668644.0,Kolkata,West Bengal,2022-03-09,Vip
Cust03453,Abigail Brown,Abigail.Brown3453@Yahoo.Com,7803861794.0,Mumbai,Maharashtra,2021-11-01,Premium
Cust03454,Anaya Wilson,Anaya.Wilson3454@Outlook.Com,7719217926.0,Mumbai,Maharashtra,2021-12-03,Regular
Cust03455,Emma Anderson,Emma.Anderson3455@Outlook.Com,9378947632.0,Bengaluru,Karnataka,2021-06-24,Premium
Cust03456,,Liam.Sharma3456@Mail.Com,6123807808.0,Ahmedabad,Gujarat,,Premium
Cust03457,James Garcia,James.Garcia3457@Mail.Com,9143424454.0,Vadodara,Gujarat,2023-01-18,Regular
Cust03458,Emma Brown,Emma.Brown3458@Mail.Com,9901403679.0,Jaipur,Rajasthan,2023-01-16,Regular
Cust03459,Alexander Kumar,Alexander.Kumar3459@Yahoo.Com,6909665390.0,Delhi,Delhi,2024-01-24,Regular
Cust03460,Aryan Iyer,Aryan.Iyer3460@Outlook.Com,8702952937.0,Agra,Uttar Pradesh,2023-04-29,Regular
Cust03461,Mia Miller,Mia.Miller3461@Gmail.Com,9837765854.0,Nagpur,Maharashtra,2022-03-07,Vip
Cust03462,Lucas Singh,Lucas.Singh3462@Mail.Com,8267488946.0,Nagpur,Maharashtra,2022-05-11,Premium
Cust03463,Myra Jones,Myra.Jones3463@Yahoo.Com,8348987656.0,Bengaluru,Karnataka,2022-11-29,Vip
Cust03464,Vihaan Anderson,Vihaan.Anderson3464@Outlook.Com,9681361335.0,Chennai,Tamil Nadu,2021-10-19,Premium
Cust03465,Kabir Sharma,Kabir.Sharma3465@Outlook.Com,9490378123.0,Agra,Uttar Pradesh,2024-06-23,Regular
Cust03466,Aditya Wilson,Aditya.Wilson3466@Mail.Com,6533980866.0,Vadodara,Gujarat,2023-08-27,New
Cust03467,Ananya Jones,Ananya.Jones3467@Mail.Com,7493218228.0,Surat,Gujarat,,Premium
Cust03468,Alexander Reddy,Alexander.Reddy3468@Yahoo.Com,6985543137.0,Nashik,Maharashtra,2023-01-08,Premium
Cust03469,William Verma,William.Verma3469@Outlook.Com,9394860772.0,Bhopal,Madhya Pradesh,2021-11-17,Premium
Cust03470,Aadhya Smith,Aadhya.Smith3470@Mail.Com,8229070937.0,Delhi,Delhi,2023-01-29,Regular
Cust03471,Aadhya Patel,Aadhya.Patel3471@Mail.Com,8885254767.0,Surat,Gujarat,2024-02-29,Vip
Cust03472,John Garcia,John.Garcia3472@Outlook.Com,6482456791.0,Nagpur,Maharashtra,2024-12-09,Regular
Cust03473,Henry Miller,Henry.Miller3473@Yahoo.Com,6908744171.0,Lucknow,Uttar Pradesh,2024-05-30,Regular
Cust03474,Ira Kumar,Ira.Kumar3474@Yahoo.Com,,Lucknow,Uttar Pradesh,2021-08-02,New
Cust03475,Michael Johnson,Michael.Johnson3475@Gmail.Com,9703875599.0,Nashik,Maharashtra,,Regular
Cust03476,Charlotte Patel,Charlotte.Patel3476@Mail.Com,9984389966.0,Chennai,Tamil Nadu,2023-12-10,Regular
Cust03477,Anaya Singh,Anaya.Singh3477@Gmail.Com,9935424199.0,Nashik,Maharashtra,2024-02-26,Vip
Cust03478,Aryan Williams,Aryan.Williams3478@Yahoo.Com,7862696954.0,Agra,Uttar Pradesh,2021-06-17,Premium
Cust03479,Aditya Miller,Aditya.Miller3479@Yahoo.Com,7769426996.0,Hyderabad,Telangana,2022-06-20,Premium
Cust03480,Noah Anderson,Noah.Anderson3480@Gmail.Com,8187660695.0,Bengaluru,Karnataka,2021-10-10,Premium
Cust03481,Arjun Patel,Arjun.Patel3481@Mail.Com,9800025140.0,Ludhiana,Punjab,2024-03-24,Regular
Cust03482,Ira Rao,Ira.Rao3482@Outlook.Com,9338742293.0,Ahmedabad,Gujarat,2023-06-20,New
Cust03483,Diya Nair,Diya.Nair3483@Gmail.Com,9467242315.0,Mumbai,Maharashtra,2023-12-22,Vip
Cust03484,William Kumar,William.Kumar3484@Outlook.Com,9303423752.0,Lucknow,Uttar Pradesh,2022-07-10,Regular
Cust03485,Vivaan Jones,Vivaan.Jones3485@Outlook.Com,7453536775.0,Delhi,Delhi,2022-12-06,Premium
Cust03486,Rohan Gupta,Rohan.Gupta3486@Gmail.Com,6235823797.0,Bhopal,Madhya Pradesh,2024-10-06,Premium
Cust03487,Pari Johnson,Pari.Johnson3487@Gmail.Com,6572503551.0,Ahmedabad,Gujarat,2021-10-26,Premium
Cust03488,James Reddy,James.Reddy3488@Outlook.Com,,Vadodara,Gujarat,2022-11-21,Premium
Cust03489,Ananya Iyer,Ananya.Iyer3489@Mail.Com,7707216274.0,Ahmedabad,Gujarat,2023-03-14,Regular
Cust03490,Diya Singh,Diya.Singh3490@Yahoo.Com,,Chennai,Tamil Nadu,,Vip
Cust03491,Aadhya Davis,Aadhya.Davis3491@Outlook.Com,6110208671.0,Patna,Bihar,2024-03-16,Premium
Cust03492,Saanvi Verma,,8330635975.0,Jaipur,Rajasthan,2022-03-14,Regular
Cust03493,Myra Garcia,Myra.Garcia3493@Outlook.Com,8485379036.0,Delhi,Delhi,2022-02-26,Regular
Cust03494,Sophia Williams,Sophia.Williams3494@Mail.Com,8537118362.0,Vadodara,Gujarat,2023-07-23,Premium
Cust03495,Liam Garcia,Liam.Garcia3495@Outlook.Com,8862078164.0,Surat,Gujarat,2023-02-06,New
Cust03496,Charlotte Miller,Charlotte.Miller3496@Yahoo.Com,7267680599.0,Bengaluru,Karnataka,2024-04-11,Premium
Cust03497,James Williams,James.Williams3497@Yahoo.Com,9747703585.0,Lucknow,Uttar Pradesh,2022-11-28,Premium
Cust03498,Mia Jones,Mia.Jones3498@Gmail.Com,7816045615.0,Bengaluru,Karnataka,2022-11-30,Regular
Cust03499,Charlotte Williams,Charlotte.Williams3499@Outlook.Com,6618057364.0,Jaipur,Rajasthan,2024-10-19,Regular
Cust03500,Noah Iyer,Noah.Iyer3500@Outlook.Com,8337328345.0,Nashik,Maharashtra,2023-04-12,Vip
Cust03501,Aryan Reddy,Aryan.Reddy3501@Gmail.Com,,Agra,Uttar Pradesh,2023-11-06,Vip
Cust03502,Isabella Patel,Isabella.Patel3502@Yahoo.Com,8347114786.0,Surat,Gujarat,2022-11-25,Regular
Cust03503,Evelyn Reddy,Evelyn.Reddy3503@Yahoo.Com,9966980388.0,Nashik,Maharashtra,2022-09-16,Vip
Cust03504,Saanvi Anderson,Saanvi.Anderson3504@Gmail.Com,9853547223.0,Vadodara,Gujarat,2023-10-26,Vip
Cust03505,Benjamin Davis,Benjamin.Davis3505@Mail.Com,,Bengaluru,Karnataka,2024-06-08,Regular
Cust03506,Kabir Garcia,Kabir.Garcia3506@Yahoo.Com,9641539711.0,Bhopal,Madhya Pradesh,2021-10-09,Premium
Cust03507,Mia Nair,Mia.Nair3507@Gmail.Com,9725954004.0,Agra,Uttar Pradesh,2024-09-21,New
Cust03508,Kabir Gupta,Kabir.Gupta3508@Mail.Com,7240698478.0,Bhopal,Madhya Pradesh,2023-03-12,Regular
Cust03509,Amelia Smith,,9153101556.0,Kanpur,Uttar Pradesh,2023-12-29,Premium
Cust03510,Kabir Verma,Kabir.Verma3510@Gmail.Com,8374038034.0,Hyderabad,Telangana,2022-04-19,Regular
Cust03511,Mia Singh,Mia.Singh3511@Mail.Com,7156464639.0,Mumbai,Maharashtra,2024-07-22,Vip
Cust03512,Rohan Wilson,Rohan.Wilson3512@Outlook.Com,9328626528.0,Delhi,Delhi,2023-08-17,New
Cust03513,Olivia Wilson,Olivia.Wilson3513@Outlook.Com,6527783177.0,Bengaluru,Karnataka,2024-06-20,Premium
Cust03514,Riya Patel,Riya.Patel3514@Yahoo.Com,6137508692.0,Kolkata,West Bengal,2024-04-03,Regular
Cust03515,Rohan Williams,Rohan.Williams3515@Outlook.Com,6195739677.0,Vadodara,Gujarat,2024-06-12,Vip
Cust03516,Isabella Singh,Isabella.Singh3516@Outlook.Com,7640921219.0,Delhi,Delhi,2021-09-30,Regular
Cust03517,Abigail Nair,Abigail.Nair3517@Yahoo.Com,7534787174.0,Hyderabad,Telangana,2023-11-22,Vip
Cust03518,Benjamin Davis,Benjamin.Davis3518@Outlook.Com,6922720325.0,Kolkata,West Bengal,2024-11-21,Premium
Cust03519,Henry Wilson,Henry.Wilson3519@Yahoo.Com,8942501989.0,Nagpur,Maharashtra,2022-01-29,Premium
Cust03520,Riya Kumar,Riya.Kumar3520@Yahoo.Com,6890813276.0,Kolkata,West Bengal,2023-12-27,Regular
Cust03521,Lucas Sharma,Lucas.Sharma3521@Mail.Com,9841173212.0,Jaipur,Rajasthan,2023-10-10,New
Cust03522,William Reddy,William.Reddy3522@Mail.Com,9324255270.0,Ahmedabad,Gujarat,2022-03-29,Premium
Cust03523,Ananya Gupta,Ananya.Gupta3523@Gmail.Com,8132927135.0,Ludhiana,Punjab,2023-12-15,Regular
Cust03524,Reyansh Singh,Reyansh.Singh3524@Yahoo.Com,8894738660.0,Patna,Bihar,2023-05-26,Regular
Cust03525,Abigail Kumar,Abigail.Kumar3525@Yahoo.Com,,Surat,Gujarat,2023-04-03,Vip
Cust03526,John Verma,John.Verma3526@Mail.Com,9186789940.0,Nashik,Maharashtra,2022-04-29,Regular
Cust03527,Ira Anderson,Ira.Anderson3527@Yahoo.Com,6702332823.0,Pune,Maharashtra,2024-07-12,Regular
Cust03528,Harper Reddy,Harper.Reddy3528@Yahoo.Com,8854826209.0,Surat,Gujarat,2021-10-20,New
Cust03529,Olivia Brown,Olivia.Brown3529@Gmail.Com,9642372631.0,Bengaluru,Karnataka,2021-07-08,Vip
Cust03530,Aryan Wilson,Aryan.Wilson3530@Yahoo.Com,6898075538.0,Lucknow,Uttar Pradesh,2024-05-20,Regular
Cust03531,Aditya Garcia,Aditya.Garcia3531@Gmail.Com,8258826732.0,Ahmedabad,Gujarat,2024-03-30,New
Cust03532,Reyansh Anderson,,8429682968.0,Jaipur,Rajasthan,2022-11-09,Premium
Cust03533,Ira Patel,Ira.Patel3533@Mail.Com,6903962175.0,Ahmedabad,Gujarat,2022-08-29,Regular
Cust03534,Alexander Patel,Alexander.Patel3534@Outlook.Com,9111382840.0,Pune,Maharashtra,2024-10-10,Vip
Cust03535,Kiara Rao,Kiara.Rao3535@Gmail.Com,8422995196.0,Delhi,Delhi,2023-04-05,Regular
Cust03536,Saanvi Brown,Saanvi.Brown3536@Outlook.Com,6951773510.0,Indore,Madhya Pradesh,2024-06-24,Regular
Cust03537,Benjamin Singh,Benjamin.Singh3537@Mail.Com,7282688344.0,Patna,Bihar,2023-07-06,Premium
Cust03538,Ira Patel,Ira.Patel3538@Gmail.Com,8469459211.0,Chennai,Tamil Nadu,2022-08-22,Regular
Cust03539,Saanvi Smith,Saanvi.Smith3539@Gmail.Com,9145157319.0,Indore,Madhya Pradesh,2021-08-04,New
Cust03540,Noah Rao,Noah.Rao3540@Outlook.Com,9378380062.0,Delhi,Delhi,2023-01-15,Vip
Cust03541,Harper Garcia,Harper.Garcia3541@Mail.Com,8272940999.0,Vadodara,Gujarat,2022-11-17,New
Cust03542,Vihaan Singh,Vihaan.Singh3542@Gmail.Com,,Pune,Maharashtra,2022-08-28,New
Cust03543,Mia Rao,Mia.Rao3543@Gmail.Com,7608268005.0,Vadodara,Gujarat,2024-06-06,Premium
Cust03544,William Gupta,William.Gupta3544@Outlook.Com,8968262648.0,Agra,Uttar Pradesh,2022-01-30,Premium
Cust03545,Ira Johnson,Ira.Johnson3545@Outlook.Com,6772373350.0,Pune,Maharashtra,2022-07-21,Premium
Cust03546,Aditya Smith,Aditya.Smith3546@Gmail.Com,7353619839.0,Indore,Madhya Pradesh,2022-02-26,Regular
Cust03547,Alexander Anderson,Alexander.Anderson3547@Outlook.Com,7930672693.0,Kolkata,West Bengal,2022-10-15,Premium
Cust03548,Amelia Williams,Amelia.Williams3548@Outlook.Com,7806182151.0,Chennai,Tamil Nadu,2022-03-22,Regular
Cust03549,Ira Miller,Ira.Miller3549@Yahoo.Com,8297745871.0,Jaipur,Rajasthan,2023-09-04,New
Cust03550,Alexander Gupta,Alexander.Gupta3550@Outlook.Com,9222769584.0,Delhi,Delhi,,Regular
Cust03551,Benjamin Jones,Benjamin.Jones3551@Gmail.Com,9207370177.0,Ludhiana,Punjab,2022-09-09,Regular
Cust03552,Alexander Wilson,Alexander.Wilson3552@Mail.Com,7337890184.0,Pune,Maharashtra,2024-11-28,Vip
Cust03553,John Kumar,John.Kumar3553@Mail.Com,8374205688.0,Delhi,Delhi,2021-08-21,Premium
Cust03554,Lucas Patel,Lucas.Patel3554@Yahoo.Com,8256101818.0,Jaipur,Rajasthan,2021-07-11,Premium
Cust03555,Amelia Nair,Amelia.Nair3555@Yahoo.Com,9859750574.0,Indore,Madhya Pradesh,2023-03-13,Premium
Cust03556,Noah Rao,Noah.Rao3556@Gmail.Com,7406507559.0,Agra,Uttar Pradesh,2022-07-02,Vip
Cust03557,Abigail Kumar,Abigail.Kumar3557@Gmail.Com,7895431074.0,Mumbai,Maharashtra,2022-11-11,New
Cust03558,Riya Iyer,Riya.Iyer3558@Outlook.Com,7708950137.0,Vadodara,Gujarat,2022-04-03,Premium
Cust03559,Charlotte Reddy,Charlotte.Reddy3559@Gmail.Com,9253308002.0,Pune,Maharashtra,2021-07-26,Regular
Cust03560,Reyansh Patel,,7501265207.0,Bhopal,Madhya Pradesh,2024-06-19,Vip
Cust03561,Ira Rao,Ira.Rao3561@Yahoo.Com,7379993041.0,Patna,Bihar,2023-05-05,New
Cust03562,Amelia Garcia,Amelia.Garcia3562@Gmail.Com,6801092237.0,Lucknow,Uttar Pradesh,2024-05-05,Regular
Cust03563,Aryan Miller,Aryan.Miller3563@Gmail.Com,7415914247.0,Surat,Gujarat,2023-11-22,Regular
Cust03564,Lucas Jones,Lucas.Jones3564@Yahoo.Com,8314111193.0,Ahmedabad,Gujarat,2022-03-01,Vip
Cust03565,Rohan Miller,Rohan.Miller3565@Outlook.Com,7690172480.0,Chennai,Tamil Nadu,2022-12-04,New
Cust03566,Kiara Gupta,Kiara.Gupta3566@Gmail.Com,7873927346.0,Mumbai,Maharashtra,2023-04-13,Premium
Cust03567,Amelia Singh,Amelia.Singh3567@Mail.Com,,Agra,Uttar Pradesh,2022-11-27,Premium
Cust03568,Arjun Reddy,Arjun.Reddy3568@Yahoo.Com,8176979164.0,Indore,Madhya Pradesh,2021-12-26,Premium
Cust03569,Kiara Miller,Kiara.Miller3569@Gmail.Com,7472719750.0,Nagpur,Maharashtra,2022-07-11,New
Cust03570,Michael Jones,Michael.Jones3570@Mail.Com,9902261601.0,Jaipur,Rajasthan,2024-08-14,Premium
Cust03571,Isabella Brown,Isabella.Brown3571@Outlook.Com,9785962247.0,Agra,Uttar Pradesh,2021-06-15,Regular
Cust03572,Benjamin Nair,Benjamin.Nair3572@Outlook.Com,,Indore,Madhya Pradesh,2022-07-09,Premium
Cust03573,Diya Johnson,Diya.Johnson3573@Yahoo.Com,7523203769.0,Patna,Bihar,2021-10-15,Premium
Cust03574,Vivaan Nair,Vivaan.Nair3574@Yahoo.Com,6332953472.0,Bengaluru,Karnataka,2021-09-24,Premium
Cust03575,Anaya Rao,Anaya.Rao3575@Yahoo.Com,7254327752.0,Mumbai,Maharashtra,2024-05-15,Premium
Cust03576,Pari Sharma,Pari.Sharma3576@Yahoo.Com,8386175755.0,Nashik,Maharashtra,2023-08-25,New
Cust03577,Abigail Smith,Abigail.Smith3577@Mail.Com,7412519162.0,Indore,Madhya Pradesh,2022-03-15,Vip
Cust03578,Saanvi Brown,Saanvi.Brown3578@Mail.Com,9726251170.0,Nagpur,Maharashtra,2023-12-01,Premium
Cust03579,Mia Jones,Mia.Jones3579@Outlook.Com,7384906936.0,Chennai,Tamil Nadu,2021-03-08,New
Cust03580,William Wilson,William.Wilson3580@Mail.Com,8594128280.0,Jaipur,Rajasthan,2022-10-29,Regular
Cust03581,Aditya Jones,Aditya.Jones3581@Yahoo.Com,9608834239.0,Kolkata,West Bengal,2024-12-20,New
Cust03582,Noah Jones,Noah.Jones3582@Gmail.Com,6570068206.0,Hyderabad,Telangana,2021-09-21,New
Cust03583,Myra Rao,Myra.Rao3583@Outlook.Com,7964979764.0,Delhi,Delhi,2024-06-12,New
Cust03584,Evelyn Singh,Evelyn.Singh3584@Yahoo.Com,9516573754.0,Ahmedabad,Gujarat,2024-11-14,Regular
Cust03585,Lucas Williams,Lucas.Williams3585@Yahoo.Com,6586334960.0,Pune,Maharashtra,2024-12-12,Vip
Cust03586,Sophia Sharma,Sophia.Sharma3586@Gmail.Com,7112001771.0,Ludhiana,Punjab,2022-12-31,Regular
Cust03587,Henry Verma,Henry.Verma3587@Gmail.Com,8952373528.0,Ahmedabad,Gujarat,2021-06-24,Premium
Cust03588,Evelyn Davis,Evelyn.Davis3588@Mail.Com,7544796307.0,Indore,Madhya Pradesh,,New
Cust03589,Harper Sharma,Harper.Sharma3589@Yahoo.Com,7415876632.0,Indore,Madhya Pradesh,2021-12-02,Premium
Cust03590,Harper Brown,Harper.Brown3590@Mail.Com,6481033545.0,Delhi,Delhi,2023-02-16,Premium
Cust03591,Ananya Reddy,Ananya.Reddy3591@Outlook.Com,9301050181.0,Nashik,Maharashtra,2021-11-21,Vip
Cust03592,Benjamin Rao,Benjamin.Rao3592@Yahoo.Com,7159358919.0,Bhopal,Madhya Pradesh,2021-06-08,Premium
Cust03593,Abigail Kumar,Abigail.Kumar3593@Mail.Com,7965950552.0,Indore,Madhya Pradesh,2024-11-01,Premium
Cust03594,Alexander Patel,Alexander.Patel3594@Mail.Com,8867551437.0,Delhi,Delhi,2021-12-08,Regular
Cust03595,Aditya Verma,,8839734701.0,Surat,Gujarat,2022-03-09,Premium
Cust03596,Aryan Sharma,Aryan.Sharma3596@Outlook.Com,7802895178.0,Chennai,Tamil Nadu,2024-12-17,Regular
Cust03597,Anaya Sharma,Anaya.Sharma3597@Outlook.Com,6457877435.0,Chennai,Tamil Nadu,2023-04-20,Premium
Cust03598,Abigail Garcia,Abigail.Garcia3598@Yahoo.Com,7128043134.0,Chennai,Tamil Nadu,2023-09-27,Premium
Cust03599,Charlotte Kumar,Charlotte.Kumar3599@Gmail.Com,8864126624.0,Surat,Gujarat,2022-07-22,Regular
Cust03600,Olivia Davis,Olivia.Davis3600@Outlook.Com,9545111009.0,Ludhiana,Punjab,2022-02-02,Regular
Cust03601,Anaya Rao,Anaya.Rao3601@Gmail.Com,8808215081.0,Indore,Madhya Pradesh,2024-06-25,Regular
Cust03602,Amelia Jones,,9252727936.0,Bhopal,Madhya Pradesh,2024-03-02,Regular
Cust03603,Charlotte Smith,Charlotte.Smith3603@Gmail.Com,7327920358.0,Jaipur,Rajasthan,2022-06-19,Regular
Cust03604,Mia Miller,Mia.Miller3604@Yahoo.Com,9371427752.0,Jaipur,Rajasthan,2022-07-16,Premium
Cust03605,Abigail Rao,,7922101991.0,Kolkata,West Bengal,2022-03-30,Regular
Cust03606,William Johnson,William.Johnson3606@Mail.Com,8339657911.0,Patna,Bihar,2024-05-22,Regular
Cust03607,Arjun Rao,Arjun.Rao3607@Mail.Com,7622200939.0,Lucknow,Uttar Pradesh,2021-05-12,Premium
Cust03608,Diya Patel,Diya.Patel3608@Yahoo.Com,6714642426.0,Jaipur,Rajasthan,2024-10-02,Premium
Cust03609,Aadhya Smith,Aadhya.Smith3609@Yahoo.Com,7511852922.0,Jaipur,Rajasthan,2022-02-23,Vip
Cust03610,Charlotte Smith,Charlotte.Smith3610@Outlook.Com,8512193809.0,Mumbai,Maharashtra,2022-01-11,New
Cust03611,Evelyn Kumar,Evelyn.Kumar3611@Yahoo.Com,8255249604.0,Pune,Maharashtra,2022-08-12,Vip
Cust03612,Noah Brown,Noah.Brown3612@Gmail.Com,8137450872.0,Vadodara,Gujarat,2024-01-07,Premium
Cust03613,Kabir Anderson,Kabir.Anderson3613@Mail.Com,7457723307.0,Patna,Bihar,2024-12-14,Premium
Cust03614,Aryan Miller,Aryan.Miller3614@Mail.Com,7674230456.0,Indore,Madhya Pradesh,2023-06-25,Premium
Cust03615,Vihaan Brown,Vihaan.Brown3615@Outlook.Com,8234185656.0,Nashik,Maharashtra,2023-04-24,Premium
Cust03616,Sophia Miller,Sophia.Miller3616@Outlook.Com,8387952701.0,Ahmedabad,Gujarat,2024-11-10,Premium
Cust03617,Pari Singh,Pari.Singh3617@Yahoo.Com,8372199178.0,Nagpur,Maharashtra,2023-03-31,Premium
Cust03618,Noah Smith,Noah.Smith3618@Outlook.Com,7744909052.0,Delhi,Delhi,2023-08-16,Regular
Cust03619,Amelia Garcia,Amelia.Garcia3619@Outlook.Com,7924023213.0,Mumbai,Maharashtra,2023-09-03,Regular
Cust03620,Olivia Anderson,Olivia.Anderson3620@Outlook.Com,8213052291.0,Vadodara,Gujarat,2024-02-09,Regular
Cust03621,Diya Verma,,8322032702.0,Nagpur,Maharashtra,2024-01-23,Vip
Cust03622,Michael Iyer,Michael.Iyer3622@Outlook.Com,6731294830.0,Pune,Maharashtra,2022-04-04,New
Cust03623,Harper Davis,Harper.Davis3623@Outlook.Com,9426234817.0,Indore,Madhya Pradesh,2022-06-03,Vip
Cust03624,Kabir Patel,Kabir.Patel3624@Outlook.Com,7116515216.0,Surat,Gujarat,2023-09-27,Premium
Cust03625,Lucas Patel,Lucas.Patel3625@Gmail.Com,6620338829.0,Patna,Bihar,2022-10-02,Regular
Cust03626,Ira Williams,Ira.Williams3626@Gmail.Com,8161223038.0,Pune,Maharashtra,2022-06-14,Premium
Cust03627,Ishaan Singh,Ishaan.Singh3627@Gmail.Com,6859894731.0,Kolkata,West Bengal,2023-03-12,Premium
Cust03628,Reyansh Singh,Reyansh.Singh3628@Gmail.Com,8667893828.0,Ludhiana,Punjab,2023-11-02,Vip
Cust03629,Abigail Davis,Abigail.Davis3629@Yahoo.Com,8137346857.0,Vadodara,Gujarat,2021-12-25,Vip
Cust03630,Evelyn Anderson,Evelyn.Anderson3630@Gmail.Com,9172200229.0,Nagpur,Maharashtra,2022-02-01,Regular
Cust03631,Liam Iyer,Liam.Iyer3631@Yahoo.Com,8195727428.0,Nagpur,Maharashtra,2023-01-09,Premium
Cust03632,Kiara Kumar,Kiara.Kumar3632@Outlook.Com,6772982132.0,Bhopal,Madhya Pradesh,2024-03-15,Premium
Cust03633,Evelyn Singh,Evelyn.Singh3633@Yahoo.Com,8428323507.0,Nagpur,Maharashtra,2021-11-09,Regular
Cust03634,Michael Williams,Michael.Williams3634@Yahoo.Com,7128980015.0,Indore,Madhya Pradesh,2024-11-30,New
Cust03635,Isabella Wilson,Isabella.Wilson3635@Gmail.Com,9267657784.0,Ludhiana,Punjab,2021-09-19,Premium
Cust03636,Pari Miller,Pari.Miller3636@Mail.Com,9419244258.0,Hyderabad,Telangana,2023-01-27,Premium
Cust03637,Arjun Williams,Arjun.Williams3637@Gmail.Com,,Chennai,Tamil Nadu,,Vip
Cust03638,Michael Reddy,Michael.Reddy3638@Gmail.Com,6912465452.0,Bhopal,Madhya Pradesh,2023-01-17,Vip
Cust03639,Charlotte Miller,Charlotte.Miller3639@Mail.Com,8375875088.0,Vadodara,Gujarat,2023-03-15,Premium
Cust03640,James Gupta,James.Gupta3640@Yahoo.Com,6213398230.0,Agra,Uttar Pradesh,2024-11-20,Regular
Cust03641,Noah Patel,Noah.Patel3641@Outlook.Com,9290597834.0,Kanpur,Uttar Pradesh,2023-09-15,Regular
Cust03642,Liam Reddy,Liam.Reddy3642@Yahoo.Com,6640427595.0,Vadodara,Gujarat,2021-08-11,Regular
Cust03643,William Johnson,William.Johnson3643@Mail.Com,6440303484.0,Chennai,Tamil Nadu,2021-08-06,New
Cust03644,Liam Davis,Liam.Davis3644@Mail.Com,6108325576.0,Agra,Uttar Pradesh,2023-07-23,Premium
Cust03645,Diya Williams,Diya.Williams3645@Yahoo.Com,7924932971.0,Ludhiana,Punjab,2021-11-09,Premium
Cust03646,Rohan Reddy,Rohan.Reddy3646@Outlook.Com,9274678565.0,Mumbai,Maharashtra,2023-03-14,New
Cust03647,Harper Johnson,Harper.Johnson3647@Outlook.Com,9464580753.0,Delhi,Delhi,2023-01-04,New
Cust03648,William Brown,William.Brown3648@Gmail.Com,7710709719.0,Jaipur,Rajasthan,2022-08-21,Regular
Cust03649,Amelia Davis,Amelia.Davis3649@Yahoo.Com,6160217360.0,Hyderabad,Telangana,2023-10-06,Regular
Cust03650,Saanvi Garcia,Saanvi.Garcia3650@Yahoo.Com,7759874402.0,Nagpur,Maharashtra,2023-06-01,Vip
Cust03651,Liam Garcia,Liam.Garcia3651@Gmail.Com,7377195275.0,Ludhiana,Punjab,2022-07-05,Vip
Cust03652,Harper Iyer,Harper.Iyer3652@Yahoo.Com,7405916446.0,Surat,Gujarat,2024-01-26,Premium
Cust03653,Isabella Jones,Isabella.Jones3653@Outlook.Com,6885818414.0,Bengaluru,Karnataka,2022-01-24,New
Cust03654,James Sharma,James.Sharma3654@Mail.Com,6649102500.0,Indore,Madhya Pradesh,2023-10-18,Regular
Cust03655,Lucas Singh,Lucas.Singh3655@Mail.Com,7904231944.0,Pune,Maharashtra,2021-07-19,Vip
Cust03656,Alexander Miller,Alexander.Miller3656@Yahoo.Com,8113452726.0,Agra,Uttar Pradesh,2024-11-23,Vip
Cust03657,Olivia Kumar,Olivia.Kumar3657@Gmail.Com,6437486646.0,Ludhiana,Punjab,2024-06-15,New
Cust03658,Ira Iyer,Ira.Iyer3658@Gmail.Com,7214192770.0,Kanpur,Uttar Pradesh,2024-01-25,Regular
Cust03659,Mia Reddy,Mia.Reddy3659@Gmail.Com,6720746538.0,Patna,Bihar,2022-03-10,Regular
Cust03660,Vivaan Kumar,Vivaan.Kumar3660@Yahoo.Com,6331514276.0,Bengaluru,Karnataka,2023-08-31,Premium
Cust03661,Henry Jones,Henry.Jones3661@Mail.Com,6493503031.0,Indore,Madhya Pradesh,2023-02-10,Vip
Cust03662,Liam Johnson,Liam.Johnson3662@Yahoo.Com,9780328060.0,Nashik,Maharashtra,2023-05-12,Premium
Cust03663,Myra Rao,Myra.Rao3663@Outlook.Com,9137407650.0,Nagpur,Maharashtra,2022-06-23,Vip
Cust03664,Saanvi Jones,Saanvi.Jones3664@Yahoo.Com,8507249738.0,Patna,Bihar,2022-07-28,Regular
Cust03665,James Wilson,James.Wilson3665@Gmail.Com,9562278191.0,Nashik,Maharashtra,2023-12-21,Premium
Cust03666,Evelyn Patel,Evelyn.Patel3666@Outlook.Com,9178280307.0,Ludhiana,Punjab,2022-08-21,Premium
Cust03667,Riya Patel,,,Indore,Madhya Pradesh,2023-08-29,New
Cust03668,Anaya Smith,Anaya.Smith3668@Outlook.Com,6673342772.0,Lucknow,Uttar Pradesh,2024-12-02,Premium
Cust03669,Vivaan Williams,Vivaan.Williams3669@Outlook.Com,6794398423.0,Hyderabad,Telangana,2023-02-13,New
Cust03670,Aarav Reddy,,6887583524.0,Bhopal,Madhya Pradesh,2022-06-04,Regular
Cust03671,Amelia Miller,Amelia.Miller3671@Gmail.Com,9958373867.0,Nagpur,Maharashtra,2022-04-01,Regular
Cust03672,Aditya Nair,Aditya.Nair3672@Mail.Com,6966026291.0,Nashik,Maharashtra,2024-06-23,Regular
Cust03673,James Johnson,James.Johnson3673@Gmail.Com,6854303430.0,Ahmedabad,Gujarat,2021-09-01,Regular
Cust03674,,Kiara.Sharma3674@Outlook.Com,6991579667.0,Agra,Uttar Pradesh,2022-11-29,Vip
Cust03675,Pari Williams,Pari.Williams3675@Gmail.Com,8379247553.0,Surat,Gujarat,2021-07-16,Premium
Cust03676,Ira Rao,Ira.Rao3676@Outlook.Com,6983365814.0,Indore,Madhya Pradesh,2023-08-13,Regular
Cust03677,Saanvi Iyer,,6969692861.0,Delhi,Delhi,2022-07-17,Premium
Cust03678,Harper Jones,Harper.Jones3678@Yahoo.Com,9845737255.0,Bengaluru,Karnataka,2022-02-04,Regular
Cust03679,Vihaan Anderson,Vihaan.Anderson3679@Gmail.Com,9523757448.0,Patna,Bihar,,Regular
Cust03680,Rohan Verma,Rohan.Verma3680@Gmail.Com,9928753741.0,Patna,Bihar,2022-09-23,Regular
Cust03681,James Miller,James.Miller3681@Yahoo.Com,6460077300.0,Pune,Maharashtra,2024-05-07,New
Cust03682,Evelyn Anderson,Evelyn.Anderson3682@Yahoo.Com,8841501877.0,Jaipur,Rajasthan,2022-12-06,Regular
Cust03683,Henry Singh,Henry.Singh3683@Yahoo.Com,6987924801.0,Jaipur,Rajasthan,2024-06-25,Vip
Cust03684,Emma Wilson,Emma.Wilson3684@Gmail.Com,9953968035.0,Patna,Bihar,2022-05-30,New
Cust03685,Ananya Verma,Ananya.Verma3685@Gmail.Com,,Patna,Bihar,2022-01-28,Premium
Cust03686,Diya Kumar,Diya.Kumar3686@Outlook.Com,7598511860.0,Pune,Maharashtra,2023-11-14,New
Cust03687,Vivaan Miller,Vivaan.Miller3687@Yahoo.Com,,Jaipur,Rajasthan,2023-11-13,Premium
Cust03688,Arjun Patel,Arjun.Patel3688@Mail.Com,8615527469.0,Indore,Madhya Pradesh,2021-11-08,Vip
Cust03689,Charlotte Verma,Charlotte.Verma3689@Yahoo.Com,9943709884.0,Chennai,Tamil Nadu,2021-12-31,Regular
Cust03690,Vivaan Wilson,Vivaan.Wilson3690@Gmail.Com,9998970538.0,Ludhiana,Punjab,2022-11-19,Regular
Cust03691,Arjun Davis,Arjun.Davis3691@Yahoo.Com,8185548592.0,Bhopal,Madhya Pradesh,2022-04-03,Regular
Cust03692,Mia Patel,Mia.Patel3692@Yahoo.Com,9424967023.0,Pune,Maharashtra,2024-04-19,Vip
Cust03693,Aarav Sharma,Aarav.Sharma3693@Mail.Com,6402495400.0,Bhopal,Madhya Pradesh,2024-01-06,Premium
Cust03694,Aryan Johnson,Aryan.Johnson3694@Yahoo.Com,9302105588.0,Lucknow,Uttar Pradesh,2023-08-03,Regular
Cust03695,Anaya Nair,Anaya.Nair3695@Outlook.Com,7371388070.0,Chennai,Tamil Nadu,2022-09-14,Premium
Cust03696,Noah Johnson,,8780112941.0,Bhopal,Madhya Pradesh,2021-12-28,Regular
Cust03697,Kiara Patel,Kiara.Patel3697@Outlook.Com,6408612896.0,Nagpur,Maharashtra,2021-07-07,Regular
Cust03698,Charlotte Miller,Charlotte.Miller3698@Outlook.Com,9899586504.0,Indore,Madhya Pradesh,2024-06-18,Premium
Cust03699,Kabir Sharma,Kabir.Sharma3699@Gmail.Com,6374286720.0,Surat,Gujarat,2023-10-26,Regular
Cust03700,Reyansh Johnson,Reyansh.Johnson3700@Gmail.Com,,Jaipur,Rajasthan,2023-01-05,New
Cust03701,Ananya Iyer,Ananya.Iyer3701@Gmail.Com,9961973904.0,Mumbai,Maharashtra,2022-02-04,Vip
Cust03702,John Singh,John.Singh3702@Outlook.Com,6228146158.0,Delhi,Delhi,2023-08-07,Premium
Cust03703,Charlotte Reddy,Charlotte.Reddy3703@Gmail.Com,8465267536.0,Agra,Uttar Pradesh,2024-08-04,Premium
Cust03704,Alexander Johnson,Alexander.Johnson3704@Gmail.Com,6897593021.0,Jaipur,Rajasthan,2022-07-22,Premium
Cust03705,Michael Gupta,Michael.Gupta3705@Mail.Com,8805382407.0,Patna,Bihar,2024-02-26,Premium
Cust03706,Kabir Davis,Kabir.Davis3706@Outlook.Com,6877771826.0,Lucknow,Uttar Pradesh,2023-10-15,New
Cust03707,Saanvi Davis,Saanvi.Davis3707_At_Outlook.Com,7622850565.0,Nashik,Maharashtra,,New
Cust03708,Sophia Davis,Sophia.Davis3708@Outlook.Com,8526153795.0,Mumbai,Maharashtra,2024-12-17,Regular
Cust03709,Charlotte Singh,Charlotte.Singh3709@Gmail.Com,,Chennai,Tamil Nadu,2021-08-27,Premium
Cust03710,Emma Jones,Emma.Jones3710@Yahoo.Com,9538081177.0,Bengaluru,Karnataka,2024-07-05,Vip
Cust03711,Isabella Nair,Isabella.Nair3711@Gmail.Com,9939646245.0,Bengaluru,Karnataka,2024-04-28,New
Cust03712,Aditya Iyer,Aditya.Iyer3712@Gmail.Com,6992747592.0,Nagpur,Maharashtra,2022-09-16,Premium
Cust03713,Aadhya Iyer,Aadhya.Iyer3713@Mail.Com,9973386470.0,Pune,Maharashtra,2023-05-03,Premium
Cust03714,Henry Kumar,Henry.Kumar3714@Gmail.Com,,Lucknow,Uttar Pradesh,2021-11-13,Regular
Cust03715,Amelia Patel,Amelia.Patel3715@Outlook.Com,6816978673.0,Lucknow,Uttar Pradesh,2023-07-27,Premium
Cust03716,Mia Wilson,Mia.Wilson3716@Mail.Com,7879667135.0,Jaipur,Rajasthan,2023-08-13,New
Cust03717,Myra Miller,Myra.Miller3717@Yahoo.Com,9339151117.0,Jaipur,Rajasthan,2024-01-05,Regular
Cust03718,Ananya Johnson,Ananya.Johnson3718@Yahoo.Com,9235016341.0,Bengaluru,Karnataka,2024-10-11,New
Cust03719,Michael Kumar,Michael.Kumar3719@Gmail.Com,9674862080.0,Surat,Gujarat,2022-01-01,New
Cust03720,Benjamin Verma,Benjamin.Verma3720@Mail.Com,8787455399.0,Kolkata,West Bengal,2024-01-04,Premium
Cust03721,John Johnson,John.Johnson3721@Outlook.Com,8831258885.0,Surat,Gujarat,2024-09-01,Vip
Cust03722,Henry Sharma,Henry.Sharma3722@Gmail.Com,8501066475.0,Kanpur,Uttar Pradesh,2022-01-08,New
Cust03723,Ira Verma,Ira.Verma3723@Gmail.Com,6459869193.0,Ludhiana,Punjab,2022-11-09,Vip
Cust03724,John Williams,John.Williams3724@Mail.Com,6919310282.0,Pune,Maharashtra,2023-02-02,Regular
Cust03725,Ananya Anderson,,,Indore,Madhya Pradesh,2022-05-18,Regular
Cust03726,Ishaan Jones,Ishaan.Jones3726@Yahoo.Com,7338878910.0,Chennai,Tamil Nadu,2021-08-04,Regular
Cust03727,Harper Johnson,Harper.Johnson3727@Mail.Com,8410109788.0,Pune,Maharashtra,2023-12-15,Premium
Cust03728,Charlotte Gupta,Charlotte.Gupta3728@Yahoo.Com,6600741130.0,Patna,Bihar,2024-05-02,Regular
Cust03729,Saanvi Smith,Saanvi.Smith3729@Outlook.Com,7782261597.0,Agra,Uttar Pradesh,2023-05-13,Regular
Cust03730,Vihaan Rao,Vihaan.Rao3730@Yahoo.Com,,Ludhiana,Punjab,2024-04-29,New
Cust03731,Anaya Gupta,Anaya.Gupta3731@Outlook.Com,9709646356.0,Nagpur,Maharashtra,2024-09-12,Premium
Cust03732,Vihaan Gupta,Vihaan.Gupta3732@Outlook.Com,9559591518.0,Lucknow,Uttar Pradesh,2024-05-16,New
Cust03733,Ananya Anderson,Ananya.Anderson3733@Mail.Com,7609074015.0,Vadodara,Gujarat,2021-10-19,Regular
Cust03734,John Verma,John.Verma3734@Outlook.Com,7430684891.0,Chennai,Tamil Nadu,2024-01-08,New
Cust03735,Pari Singh,Pari.Singh3735@Outlook.Com,6718294424.0,Ludhiana,Punjab,,New
Cust03736,Michael Rao,Michael.Rao3736@Gmail.Com,,Kanpur,Uttar Pradesh,2022-07-04,New
Cust03737,Isabella Reddy,Isabella.Reddy3737@Outlook.Com,9501353460.0,Patna,Bihar,2023-12-22,Premium
Cust03738,Riya Reddy,Riya.Reddy3738@Mail.Com,8186567475.0,Kolkata,West Bengal,2021-11-13,Premium
Cust03739,Kabir Verma,Kabir.Verma3739@Yahoo.Com,9136091415.0,Patna,Bihar,2024-08-02,Regular
Cust03740,Harper Jones,Harper.Jones3740@Gmail.Com,6561567920.0,Vadodara,Gujarat,2023-02-16,Premium
Cust03741,Alexander Garcia,Alexander.Garcia3741@Yahoo.Com,8626541726.0,Surat,Gujarat,2024-11-07,Premium
Cust03742,Ira Reddy,Ira.Reddy3742@Yahoo.Com,7613735836.0,Vadodara,Gujarat,2023-01-13,Premium
Cust03743,Olivia Davis,Olivia.Davis3743@Gmail.Com,8815276038.0,Vadodara,Gujarat,2023-01-12,Regular
Cust03744,Aadhya Verma,Aadhya.Verma3744_At_Yahoo.Com,8507619835.0,Nagpur,Maharashtra,2021-10-16,Regular
Cust03745,Olivia Johnson,Olivia.Johnson3745@Gmail.Com,9986315157.0,Bhopal,Madhya Pradesh,2023-07-26,Regular
Cust03746,Ira Iyer,Ira.Iyer3746@Mail.Com,9988237240.0,Bengaluru,Karnataka,2021-12-09,Regular
Cust03747,Sophia Nair,Sophia.Nair3747@Gmail.Com,6377726931.0,Vadodara,Gujarat,2024-10-10,New
Cust03748,Emma Reddy,Emma.Reddy3748@Gmail.Com,9107176014.0,Pune,Maharashtra,2023-06-12,Premium
Cust03749,Myra Miller,Myra.Miller3749@Yahoo.Com,7686989277.0,Bengaluru,Karnataka,2024-11-30,Regular
Cust03750,Saanvi Nair,Saanvi.Nair3750@Yahoo.Com,8582371267.0,Mumbai,Maharashtra,2023-08-20,Vip
Cust03751,Liam Garcia,Liam.Garcia3751@Mail.Com,8885856382.0,Vadodara,Gujarat,2023-01-23,Premium
Cust03752,Charlotte Nair,Charlotte.Nair3752@Yahoo.Com,7159020531.0,Surat,Gujarat,2024-02-08,Regular
Cust03753,Isabella Miller,Isabella.Miller3753@Gmail.Com,7915458801.0,Vadodara,Gujarat,2024-12-23,Premium
Cust03754,William Iyer,William.Iyer3754@Yahoo.Com,9429075392.0,Kanpur,Uttar Pradesh,2021-06-21,Regular
Cust03755,Aditya Anderson,Aditya.Anderson3755@Mail.Com,8856304205.0,Chennai,Tamil Nadu,2024-10-10,Regular
Cust03756,Benjamin Iyer,Benjamin.Iyer3756@Outlook.Com,6324989582.0,Surat,Gujarat,2023-08-08,New
Cust03757,Kiara Gupta,Kiara.Gupta3757_At_Gmail.Com,7236482279.0,Bengaluru,Karnataka,2024-12-16,Regular
Cust03758,Lucas Garcia,Lucas.Garcia3758@Gmail.Com,,Ludhiana,Punjab,2022-06-04,Premium
Cust03759,Evelyn Smith,Evelyn.Smith3759@Yahoo.Com,7488261804.0,Kolkata,West Bengal,2021-11-25,Vip
Cust03760,Reyansh Reddy,Reyansh.Reddy3760@Yahoo.Com,6301886015.0,Hyderabad,Telangana,2023-04-02,Regular
Cust03761,Pari Smith,Pari.Smith3761@Outlook.Com,9574155356.0,Pune,Maharashtra,2022-07-16,Regular
Cust03762,Mia Williams,Mia.Williams3762@Outlook.Com,7890988352.0,Indore,Madhya Pradesh,2023-08-24,New
Cust03763,Aryan Garcia,Aryan.Garcia3763@Mail.Com,8566189096.0,Hyderabad,Telangana,2024-02-23,Regular
Cust03764,Ananya Kumar,Ananya.Kumar3764@Outlook.Com,6858255040.0,Bengaluru,Karnataka,2023-08-11,New
Cust03765,Aarav Smith,,7879903567.0,Mumbai,Maharashtra,2024-05-11,New
Cust03766,Sophia Gupta,Sophia.Gupta3766@Gmail.Com,6453413235.0,Bengaluru,Karnataka,2022-09-21,Regular
Cust03767,Amelia Jones,Amelia.Jones3767@Gmail.Com,9553410560.0,Bengaluru,Karnataka,2023-10-30,New
Cust03768,Isabella Brown,Isabella.Brown3768@Mail.Com,7226967267.0,Ludhiana,Punjab,2022-06-14,Regular
Cust03769,Amelia Johnson,Amelia.Johnson3769@Mail.Com,9462030519.0,Surat,Gujarat,2021-12-02,Premium
Cust03770,Harper Smith,Harper.Smith3770@Gmail.Com,9186413609.0,Patna,Bihar,2024-06-14,Vip
Cust03771,John Gupta,John.Gupta3771@Outlook.Com,6586202516.0,Hyderabad,Telangana,2023-08-03,Regular
Cust03772,Diya Rao,Diya.Rao3772@Yahoo.Com,6731157275.0,Bhopal,Madhya Pradesh,2021-12-26,Premium
Cust03773,Mia Sharma,Mia.Sharma3773@Gmail.Com,7473277490.0,Ahmedabad,Gujarat,2022-05-25,Premium
Cust03774,Amelia Jones,Amelia.Jones3774@Yahoo.Com,7884342038.0,Delhi,Delhi,2022-12-30,Regular
Cust03775,Isabella Kumar,Isabella.Kumar3775@Yahoo.Com,7318014875.0,Chennai,Tamil Nadu,2022-02-13,Regular
Cust03776,Benjamin Kumar,Benjamin.Kumar3776@Mail.Com,9564383124.0,Kanpur,Uttar Pradesh,2022-12-28,Regular
Cust03777,Vivaan Iyer,Vivaan.Iyer3777@Mail.Com,7502105465.0,Delhi,Delhi,2024-04-17,Premium
Cust03778,Rohan Wilson,Rohan.Wilson3778@Outlook.Com,9398786390.0,Indore,Madhya Pradesh,2024-03-10,Premium
Cust03779,Reyansh Wilson,Reyansh.Wilson3779@Gmail.Com,8585310576.0,Vadodara,Gujarat,,Regular
Cust03780,Amelia Garcia,Amelia.Garcia3780@Yahoo.Com,6102904265.0,Bhopal,Madhya Pradesh,2024-02-15,Regular
Cust03781,Ira Singh,Ira.Singh3781@Outlook.Com,8766401061.0,Ahmedabad,Gujarat,2021-12-25,Regular
Cust03782,Anaya Verma,Anaya.Verma3782@Gmail.Com,7983644524.0,Jaipur,Rajasthan,2022-04-12,Vip
Cust03783,Noah Gupta,Noah.Gupta3783@Gmail.Com,9590620755.0,Ludhiana,Punjab,2024-07-16,Premium
Cust03784,Ira Johnson,Ira.Johnson3784@Gmail.Com,8630505049.0,Nashik,Maharashtra,2024-07-04,Premium
Cust03785,Charlotte Nair,Charlotte.Nair3785@Outlook.Com,8283314682.0,Ludhiana,Punjab,2023-09-09,New
Cust03786,Mia Patel,Mia.Patel3786@Mail.Com,7157381419.0,Indore,Madhya Pradesh,2023-11-23,Regular
Cust03787,Isabella Verma,Isabella.Verma3787@Gmail.Com,9995382935.0,Hyderabad,Telangana,,Regular
Cust03788,Sophia Anderson,Sophia.Anderson3788@Yahoo.Com,6702373661.0,Chennai,Tamil Nadu,2021-07-23,Premium
Cust03789,Aditya Wilson,Aditya.Wilson3789@Yahoo.Com,7902129324.0,Surat,Gujarat,2021-06-23,Premium
Cust03790,Riya Kumar,Riya.Kumar3790@Mail.Com,6285635357.0,Bhopal,Madhya Pradesh,2022-03-23,Vip
Cust03791,Aditya Brown,Aditya.Brown3791@Gmail.Com,9326317102.0,Surat,Gujarat,2023-06-09,Vip
Cust03792,Liam Reddy,Liam.Reddy3792@Outlook.Com,9372997149.0,Bengaluru,Karnataka,2022-01-04,New
Cust03793,Isabella Williams,Isabella.Williams3793@Outlook.Com,9631088757.0,Vadodara,Gujarat,2022-09-12,Regular
Cust03794,Anaya Kumar,Anaya.Kumar3794@Outlook.Com,7814552611.0,Ahmedabad,Gujarat,2022-03-04,Premium
Cust03795,Riya Verma,Riya.Verma3795@Gmail.Com,7983081620.0,Hyderabad,Telangana,2022-12-11,Premium
Cust03796,Olivia Brown,Olivia.Brown3796@Outlook.Com,6185360829.0,Delhi,Delhi,2021-12-16,Premium
Cust03797,Charlotte Johnson,Charlotte.Johnson3797@Mail.Com,7534608902.0,Indore,Madhya Pradesh,2023-10-01,Vip
Cust03798,Anaya Wilson,Anaya.Wilson3798@Gmail.Com,9521981370.0,Jaipur,Rajasthan,2021-07-09,Premium
Cust03799,Anaya Johnson,Anaya.Johnson3799@Yahoo.Com,7874661375.0,Ahmedabad,Gujarat,2022-02-15,New
Cust03800,Diya Smith,Diya.Smith3800@Gmail.Com,9920756876.0,Ludhiana,Punjab,2022-07-13,Vip
Cust03801,John Anderson,John.Anderson3801@Gmail.Com,6479487569.0,Bhopal,Madhya Pradesh,2024-09-07,Regular
Cust03802,Anaya Patel,Anaya.Patel3802@Gmail.Com,9733918650.0,Kolkata,West Bengal,2023-04-08,New
Cust03803,Pari Verma,Pari.Verma3803@Yahoo.Com,7288182419.0,Ahmedabad,Gujarat,,Premium
Cust03804,Diya Gupta,Diya.Gupta3804@Yahoo.Com,9486414529.0,Agra,Uttar Pradesh,2023-06-15,Regular
Cust03805,Ananya Nair,Ananya.Nair3805@Gmail.Com,6520286189.0,Kolkata,West Bengal,2023-07-31,Regular
Cust03806,Aarav Reddy,Aarav.Reddy3806@Yahoo.Com,8845036505.0,Ludhiana,Punjab,2022-07-29,Vip
Cust03807,Kabir Miller,Kabir.Miller3807@Yahoo.Com,7178660658.0,Ludhiana,Punjab,2022-02-17,Regular
Cust03808,James Garcia,James.Garcia3808@Mail.Com,9630024388.0,Mumbai,Maharashtra,2022-06-04,Regular
Cust03809,Myra Johnson,Myra.Johnson3809@Outlook.Com,6340147862.0,Hyderabad,Telangana,2022-04-21,Regular
Cust03810,Ananya Rao,Ananya.Rao3810@Yahoo.Com,6848546928.0,Nashik,Maharashtra,2022-01-28,Premium
Cust03811,Aadhya Wilson,Aadhya.Wilson3811@Outlook.Com,6102375000.0,Surat,Gujarat,2023-10-21,Premium
Cust03812,Harper Nair,Harper.Nair3812@Outlook.Com,8764732325.0,Delhi,Delhi,2021-08-11,Vip
Cust03813,Diya Johnson,Diya.Johnson3813@Yahoo.Com,6767750595.0,Bhopal,Madhya Pradesh,2023-02-06,Regular
Cust03814,William Johnson,William.Johnson3814@Yahoo.Com,8643598194.0,Nagpur,Maharashtra,2021-12-12,Premium
Cust03815,Charlotte Anderson,,8145002747.0,Nashik,Maharashtra,2021-10-19,Vip
Cust03816,John Williams,John.Williams3816@Yahoo.Com,8205036623.0,Kolkata,West Bengal,2024-10-29,Premium
Cust03817,Myra Garcia,Myra.Garcia3817@Mail.Com,9817911008.0,Bengaluru,Karnataka,2023-01-24,Premium
Cust03818,Abigail Iyer,Abigail.Iyer3818@Outlook.Com,8649478294.0,Ahmedabad,Gujarat,2024-09-06,Regular
Cust03819,Abigail Williams,Abigail.Williams3819@Gmail.Com,6402361293.0,Bhopal,Madhya Pradesh,2021-07-23,Vip
Cust03820,Amelia Singh,Amelia.Singh3820@Yahoo.Com,8348881280.0,Delhi,Delhi,2023-09-24,Regular
Cust03821,Aadhya Anderson,Aadhya.Anderson3821@Mail.Com,6310812096.0,Ahmedabad,Gujarat,2022-09-29,Regular
Cust03822,Noah Miller,Noah.Miller3822@Outlook.Com,7550572588.0,Mumbai,Maharashtra,2022-07-13,Premium
Cust03823,William Johnson,William.Johnson3823@Yahoo.Com,7654297909.0,Chennai,Tamil Nadu,2024-11-07,Premium
Cust03824,Rohan Jones,Rohan.Jones3824@Mail.Com,7748844944.0,Hyderabad,Telangana,2024-12-13,Premium
Cust03825,Ira Rao,Ira.Rao3825@Mail.Com,9682376722.0,Surat,Gujarat,2023-03-12,Regular
Cust03826,Aarav Garcia,Aarav.Garcia3826@Yahoo.Com,6218397088.0,Ahmedabad,Gujarat,2023-06-07,Regular
Cust03827,Anaya Singh,Anaya.Singh3827@Mail.Com,9384147037.0,Nashik,Maharashtra,2021-12-19,Premium
Cust03828,Kabir Singh,Kabir.Singh3828@Gmail.Com,6428352625.0,Surat,Gujarat,2023-12-10,New
Cust03829,Emma Gupta,Emma.Gupta3829@Yahoo.Com,,Chennai,Tamil Nadu,2022-07-14,Vip
Cust03830,William Davis,William.Davis3830@Yahoo.Com,9335144397.0,Kanpur,Uttar Pradesh,2024-05-03,Regular
Cust03831,Benjamin Anderson,Benjamin.Anderson3831@Outlook.Com,6780741648.0,Jaipur,Rajasthan,2023-07-21,Premium
Cust03832,Ananya Iyer,Ananya.Iyer3832@Outlook.Com,7932678937.0,Chennai,Tamil Nadu,2022-05-28,Regular
Cust03833,Evelyn Garcia,Evelyn.Garcia3833@Outlook.Com,7405892471.0,Delhi,Delhi,2023-04-04,New
Cust03834,Henry Gupta,Henry.Gupta3834@Yahoo.Com,6580963785.0,Kanpur,Uttar Pradesh,2022-10-10,Vip
Cust03835,Myra Verma,Myra.Verma3835@Gmail.Com,7482319585.0,Patna,Bihar,2023-11-12,Premium
Cust03836,Sophia Brown,Sophia.Brown3836@Yahoo.Com,6782155216.0,Patna,Bihar,2022-12-19,Regular
Cust03837,Vihaan Iyer,Vihaan.Iyer3837@Gmail.Com,6817071928.0,Ahmedabad,Gujarat,2023-08-14,Premium
Cust03838,Noah Nair,Noah.Nair3838@Gmail.Com,9670617099.0,Indore,Madhya Pradesh,2023-04-25,Regular
Cust03839,William Gupta,William.Gupta3839@Mail.Com,,Surat,Gujarat,2021-12-16,Regular
Cust03840,Amelia Jones,Amelia.Jones3840@Gmail.Com,6192786227.0,Jaipur,Rajasthan,2024-08-16,Vip
Cust03841,Vihaan Brown,Vihaan.Brown3841@Outlook.Com,9960977003.0,Patna,Bihar,2021-11-09,Premium
Cust03842,Ishaan Gupta,Ishaan.Gupta3842@Outlook.Com,7295831575.0,Jaipur,Rajasthan,2024-12-25,Regular
Cust03843,Ananya Verma,Ananya.Verma3843@Gmail.Com,8132295866.0,Pune,Maharashtra,2024-10-14,New
Cust03844,John Gupta,John.Gupta3844@Outlook.Com,8382281165.0,Delhi,Delhi,2024-07-16,Regular
Cust03845,Myra Miller,Myra.Miller3845@Mail.Com,9512362272.0,Indore,Madhya Pradesh,2021-01-10,New
Cust03846,Michael Gupta,Michael.Gupta3846@Gmail.Com,7123618331.0,Hyderabad,Telangana,2023-02-06,Premium
Cust03847,Amelia Wilson,Amelia.Wilson3847@Yahoo.Com,8893148083.0,Surat,Gujarat,2023-11-19,Regular
Cust03848,Reyansh Patel,Reyansh.Patel3848@Yahoo.Com,9248530915.0,Ludhiana,Punjab,2024-08-17,Premium
Cust03849,John Singh,John.Singh3849@Mail.Com,6945956851.0,Lucknow,Uttar Pradesh,2023-09-28,Regular
Cust03850,Sophia Davis,Sophia.Davis3850@Outlook.Com,8186568783.0,Patna,Bihar,2024-08-20,Premium
Cust03851,Kiara Anderson,Kiara.Anderson3851@Outlook.Com,7762274094.0,Bhopal,Madhya Pradesh,2024-07-21,New
Cust03852,Alexander Verma,Alexander.Verma3852@Yahoo.Com,6976763975.0,Hyderabad,Telangana,,Premium
Cust03853,Aryan Garcia,Aryan.Garcia3853_At_Mail.Com,9645091621.0,Indore,Madhya Pradesh,2024-11-27,Regular
Cust03854,Lucas Gupta,Lucas.Gupta3854@Yahoo.Com,9147187056.0,Mumbai,Maharashtra,2024-04-21,Premium
Cust03855,Aadhya Kumar,Aadhya.Kumar3855@Outlook.Com,9704348659.0,Lucknow,Uttar Pradesh,2021-11-17,Regular
Cust03856,Rohan Williams,Rohan.Williams3856@Outlook.Com,8176080708.0,Kanpur,Uttar Pradesh,2021-12-13,New
Cust03857,Aarav Garcia,Aarav.Garcia3857@Mail.Com,9431035649.0,Bhopal,Madhya Pradesh,2022-05-20,Premium
Cust03858,Diya Patel,Diya.Patel3858@Outlook.Com,,Patna,Bihar,2022-07-31,Premium
Cust03859,Evelyn Anderson,Evelyn.Anderson3859@Gmail.Com,6365289341.0,Mumbai,Maharashtra,2022-05-29,New
Cust03860,John Wilson,John.Wilson3860@Yahoo.Com,7222743137.0,Kanpur,Uttar Pradesh,,Premium
Cust03861,Anaya Brown,Anaya.Brown3861@Mail.Com,9211777441.0,Vadodara,Gujarat,2022-04-06,Regular
Cust03862,Aditya Smith,Aditya.Smith3862@Outlook.Com,,Ahmedabad,Gujarat,2023-09-07,Premium
Cust03863,James Miller,James.Miller3863@Yahoo.Com,7730898139.0,Mumbai,Maharashtra,2024-03-06,Regular
Cust03864,Charlotte Kumar,Charlotte.Kumar3864@Yahoo.Com,9267344031.0,Indore,Madhya Pradesh,2022-06-18,Regular
Cust03865,Ananya Miller,Ananya.Miller3865@Yahoo.Com,9801930855.0,Chennai,Tamil Nadu,2023-09-06,Regular
Cust03866,Aarav Williams,Aarav.Williams3866@Outlook.Com,8256287673.0,Bengaluru,Karnataka,2022-09-27,Premium
Cust03867,Liam Anderson,Liam.Anderson3867@Outlook.Com,7546997843.0,Kanpur,Uttar Pradesh,2021-07-13,New
Cust03868,Ira Rao,Ira.Rao3868@Gmail.Com,6878219415.0,Nagpur,Maharashtra,2023-01-25,Regular
Cust03869,Evelyn Sharma,Evelyn.Sharma3869@Outlook.Com,7956677312.0,Ahmedabad,Gujarat,2021-09-03,Vip
Cust03870,Noah Sharma,Noah.Sharma3870@Outlook.Com,8877837367.0,Agra,Uttar Pradesh,2021-12-30,Premium
Cust03871,Benjamin Kumar,Benjamin.Kumar3871@Outlook.Com,,Ludhiana,Punjab,2023-12-12,Vip
Cust03872,Sophia Jones,Sophia.Jones3872@Yahoo.Com,6166618393.0,Lucknow,Uttar Pradesh,2021-08-27,Regular
Cust03873,Henry Patel,Henry.Patel3873@Outlook.Com,6632943442.0,Agra,Uttar Pradesh,2022-05-26,Regular
Cust03874,John Kumar,John.Kumar3874@Mail.Com,6605016290.0,Agra,Uttar Pradesh,2023-11-13,Regular
Cust03875,Rohan Sharma,Rohan.Sharma3875@Gmail.Com,7378761767.0,Pune,Maharashtra,2022-09-06,Premium
Cust03876,James Reddy,James.Reddy3876@Outlook.Com,9138118377.0,Pune,Maharashtra,2023-10-08,Premium
Cust03877,Emma Iyer,Emma.Iyer3877_At_Yahoo.Com,9678769578.0,Nagpur,Maharashtra,2022-05-19,New
Cust03878,Arjun Verma,Arjun.Verma3878@Mail.Com,9714917684.0,Vadodara,Gujarat,2021-11-01,Vip
Cust03879,Lucas Brown,Lucas.Brown3879@Outlook.Com,6930618156.0,Kanpur,Uttar Pradesh,2021-07-20,Premium
Cust03880,Vihaan Iyer,Vihaan.Iyer3880@Mail.Com,6793797774.0,Lucknow,Uttar Pradesh,2021-10-27,New
Cust03881,Ishaan Davis,Ishaan.Davis3881@Gmail.Com,8171686247.0,Nashik,Maharashtra,2022-10-19,Premium
Cust03882,Aditya Iyer,Aditya.Iyer3882@Yahoo.Com,6746474666.0,Kanpur,Uttar Pradesh,2024-01-15,Premium
Cust03883,Riya Gupta,Riya.Gupta3883@Gmail.Com,,Ahmedabad,Gujarat,2023-05-07,Regular
Cust03884,Anaya Wilson,Anaya.Wilson3884@Outlook.Com,8125039417.0,Vadodara,Gujarat,2022-11-18,Premium
Cust03885,John Rao,John.Rao3885@Outlook.Com,7176333814.0,Pune,Maharashtra,2023-08-26,Premium
Cust03886,Isabella Gupta,Isabella.Gupta3886@Yahoo.Com,8111586044.0,Hyderabad,Telangana,2024-12-23,Premium
Cust03887,Charlotte Kumar,Charlotte.Kumar3887@Yahoo.Com,6603986049.0,Nashik,Maharashtra,2021-10-03,Regular
Cust03888,Olivia Singh,Olivia.Singh3888@Yahoo.Com,9654651018.0,Agra,Uttar Pradesh,2024-07-13,Premium
Cust03889,Myra Iyer,Myra.Iyer3889@Yahoo.Com,9302124763.0,Nashik,Maharashtra,2021-11-30,Premium
Cust03890,Vivaan Singh,Vivaan.Singh3890@Gmail.Com,8703324260.0,Vadodara,Gujarat,2022-02-12,Regular
Cust03891,Amelia Brown,Amelia.Brown3891@Yahoo.Com,7642764573.0,Mumbai,Maharashtra,2023-06-27,Regular
Cust03892,Evelyn Brown,Evelyn.Brown3892@Gmail.Com,9291544417.0,Indore,Madhya Pradesh,2022-12-02,New
Cust03893,Amelia Williams,,8837006852.0,Mumbai,Maharashtra,2022-04-08,Regular
Cust03894,Aryan Kumar,Aryan.Kumar3894@Outlook.Com,9423382548.0,Ludhiana,Punjab,2024-07-09,Regular
Cust03895,Alexander Gupta,Alexander.Gupta3895@Outlook.Com,6547299366.0,Hyderabad,Telangana,2022-12-26,Regular
Cust03896,Emma Nair,Emma.Nair3896@Outlook.Com,8799991733.0,Indore,Madhya Pradesh,2022-07-09,Premium
Cust03897,Arjun Patel,Arjun.Patel3897@Mail.Com,6538067833.0,Surat,Gujarat,2023-03-03,Premium
Cust03898,Evelyn Verma,Evelyn.Verma3898@Outlook.Com,9512474701.0,Jaipur,Rajasthan,2021-07-14,Premium
Cust03899,Evelyn Brown,Evelyn.Brown3899@Gmail.Com,7477864090.0,Agra,Uttar Pradesh,2023-06-26,Regular
Cust03900,Pari Garcia,Pari.Garcia3900@Outlook.Com,6872990620.0,Ludhiana,Punjab,2022-01-24,Vip
Cust03901,Amelia Kumar,Amelia.Kumar3901@Mail.Com,,Vadodara,Gujarat,2024-09-16,Premium
Cust03902,Vihaan Iyer,Vihaan.Iyer3902@Mail.Com,9599456373.0,Indore,Madhya Pradesh,2023-11-28,New
Cust03903,Mia Verma,Mia.Verma3903@Outlook.Com,9846195258.0,Kolkata,West Bengal,2022-08-12,Premium
Cust03904,Aadhya Patel,Aadhya.Patel3904@Mail.Com,6851230396.0,Indore,Madhya Pradesh,2022-09-16,Regular
Cust03905,Vivaan Kumar,Vivaan.Kumar3905@Mail.Com,9231370400.0,Vadodara,Gujarat,2023-04-01,Premium
Cust03906,Aditya Jones,Aditya.Jones3906@Outlook.Com,7549682120.0,Delhi,Delhi,2023-07-16,New
Cust03907,James Williams,James.Williams3907@Yahoo.Com,7149611047.0,Vadodara,Gujarat,2024-07-06,Regular
Cust03908,Anaya Gupta,Anaya.Gupta3908@Gmail.Com,8597324490.0,Kanpur,Uttar Pradesh,2022-01-12,Premium
Cust03909,Lucas Garcia,Lucas.Garcia3909@Yahoo.Com,7325405213.0,Jaipur,Rajasthan,2023-11-17,Premium
Cust03910,Amelia Williams,Amelia.Williams3910@Yahoo.Com,8999592584.0,Lucknow,Uttar Pradesh,2024-01-14,Regular
Cust03911,Anaya Jones,Anaya.Jones3911@Yahoo.Com,9574805986.0,Pune,Maharashtra,2022-07-09,Vip
Cust03912,Emma Johnson,Emma.Johnson3912@Outlook.Com,8571302770.0,Agra,Uttar Pradesh,2023-12-27,Vip
Cust03913,Anaya Smith,Anaya.Smith3913@Mail.Com,8261971832.0,Agra,Uttar Pradesh,2021-08-20,Vip
Cust03914,Emma Nair,,8172840238.0,Nashik,Maharashtra,2024-09-08,Vip
Cust03915,Aarav Patel,Aarav.Patel3915@Mail.Com,6837817895.0,Kolkata,West Bengal,2024-09-17,Regular
Cust03916,Diya Williams,Diya.Williams3916@Gmail.Com,6724458864.0,Delhi,Delhi,2024-08-19,Vip
Cust03917,Vivaan Miller,Vivaan.Miller3917@Yahoo.Com,9114145447.0,Kolkata,West Bengal,2023-09-20,Premium
Cust03918,Emma Kumar,Emma.Kumar3918@Mail.Com,7370850658.0,Indore,Madhya Pradesh,2022-07-15,Premium
Cust03919,Emma Sharma,Emma.Sharma3919@Outlook.Com,7637784638.0,Mumbai,Maharashtra,,Regular
Cust03920,Rohan Garcia,Rohan.Garcia3920@Yahoo.Com,8810629493.0,Hyderabad,Telangana,2023-02-11,Premium
Cust03921,Noah Verma,Noah.Verma3921@Gmail.Com,8808672471.0,Chennai,Tamil Nadu,2024-06-15,Regular
Cust03922,Sophia Anderson,Sophia.Anderson3922@Mail.Com,7350933886.0,Lucknow,Uttar Pradesh,2022-01-24,Premium
Cust03923,John Wilson,,8261206484.0,Delhi,Delhi,2022-09-30,Premium
Cust03924,Diya Jones,Diya.Jones3924@Gmail.Com,9761511569.0,Jaipur,Rajasthan,2022-04-14,Regular
Cust03925,Aditya Jones,Aditya.Jones3925@Yahoo.Com,9140736208.0,Vadodara,Gujarat,2022-03-15,Premium
Cust03926,Evelyn Gupta,Evelyn.Gupta3926@Yahoo.Com,9100156290.0,Lucknow,Uttar Pradesh,2024-06-03,Regular
Cust03927,William Nair,William.Nair3927@Gmail.Com,9646817534.0,Chennai,Tamil Nadu,2023-01-24,Regular
Cust03928,Henry Johnson,Henry.Johnson3928@Gmail.Com,8309058101.0,Chennai,Tamil Nadu,2022-02-17,Premium
Cust03929,Lucas Smith,Lucas.Smith3929@Gmail.Com,,Ahmedabad,Gujarat,2022-01-05,Premium
Cust03930,Reyansh Verma,Reyansh.Verma3930@Gmail.Com,7340157768.0,Bengaluru,Karnataka,2021-06-15,New
Cust03931,Ananya Garcia,Ananya.Garcia3931@Gmail.Com,8782832527.0,Hyderabad,Telangana,2024-12-03,Premium
Cust03932,Mia Anderson,Mia.Anderson3932@Gmail.Com,9738432785.0,Hyderabad,Telangana,2022-01-22,New
Cust03933,Isabella Jones,Isabella.Jones3933@Gmail.Com,9423889995.0,Ludhiana,Punjab,2024-05-18,Premium
Cust03934,Aryan Sharma,Aryan.Sharma3934@Gmail.Com,8857564302.0,Indore,Madhya Pradesh,2023-07-08,Premium
Cust03935,Rohan Johnson,Rohan.Johnson3935@Yahoo.Com,7506663650.0,Bhopal,Madhya Pradesh,2024-03-12,Premium
Cust03936,Arjun Kumar,Arjun.Kumar3936@Mail.Com,7963183877.0,Mumbai,Maharashtra,2021-12-30,Premium
Cust03937,Diya Iyer,Diya.Iyer3937@Yahoo.Com,,Kolkata,West Bengal,2021-07-18,Vip
Cust03938,Harper Brown,Harper.Brown3938@Gmail.Com,9864121671.0,Ahmedabad,Gujarat,,Regular
Cust03939,Sophia Patel,Sophia.Patel3939@Mail.Com,7443268477.0,Hyderabad,Telangana,2023-03-30,Vip
Cust03940,Anaya Davis,,9411833731.0,Nashik,Maharashtra,2024-07-01,Premium
Cust03941,Aditya Smith,Aditya.Smith3941@Mail.Com,9619409430.0,Hyderabad,Telangana,2022-05-29,Vip
Cust03942,Michael Iyer,Michael.Iyer3942@Yahoo.Com,9756547704.0,Indore,Madhya Pradesh,2024-10-28,Vip
Cust03943,Ananya Verma,Ananya.Verma3943@Outlook.Com,7529599674.0,Nashik,Maharashtra,2024-05-22,Regular
Cust03944,Michael Brown,Michael.Brown3944@Outlook.Com,9726989249.0,Jaipur,Rajasthan,2022-10-27,Regular
Cust03945,Riya Rao,,7400669179.0,Jaipur,Rajasthan,2024-10-31,Regular
Cust03946,Benjamin Wilson,Benjamin.Wilson3946@Outlook.Com,7241060555.0,Vadodara,Gujarat,2022-10-12,Premium
Cust03947,Mia Rao,Mia.Rao3947@Yahoo.Com,6896096140.0,Jaipur,Rajasthan,2024-11-25,New
Cust03948,Ira Jones,Ira.Jones3948@Mail.Com,6311781200.0,Chennai,Tamil Nadu,2024-04-16,Premium
Cust03949,Henry Singh,Henry.Singh3949@Outlook.Com,7509248835.0,Hyderabad,Telangana,2021-12-03,Vip
Cust03950,Isabella Iyer,Isabella.Iyer3950@Gmail.Com,8317442923.0,Delhi,Delhi,2021-11-23,New
Cust03951,Olivia Smith,Olivia.Smith3951@Mail.Com,7518651241.0,Bhopal,Madhya Pradesh,2022-08-20,New
Cust03952,Abigail Williams,Abigail.Williams3952@Yahoo.Com,6381373419.0,Nagpur,Maharashtra,2022-02-20,Vip
Cust03953,John Jones,John.Jones3953@Mail.Com,8511073579.0,Vadodara,Gujarat,2023-08-26,Regular
Cust03954,James Jones,James.Jones3954@Mail.Com,8401399928.0,Indore,Madhya Pradesh,2022-04-27,Premium
Cust03955,Noah Smith,Noah.Smith3955@Gmail.Com,8633258931.0,Surat,Gujarat,2023-12-11,Vip
Cust03956,Kiara Brown,Kiara.Brown3956@Gmail.Com,6613104434.0,Delhi,Delhi,2023-07-08,Premium
Cust03957,Harper Gupta,Harper.Gupta3957@Mail.Com,7432155939.0,Ludhiana,Punjab,2024-12-21,Premium
Cust03958,Ira Williams,Ira.Williams3958@Outlook.Com,6106677930.0,Kanpur,Uttar Pradesh,2023-12-27,Vip
Cust03959,William Reddy,William.Reddy3959@Yahoo.Com,6534586055.0,Patna,Bihar,2022-02-01,Regular
Cust03960,William Smith,William.Smith3960@Mail.Com,9505726336.0,Delhi,Delhi,2024-03-11,Premium
Cust03961,Diya Brown,Diya.Brown3961@Outlook.Com,7593424113.0,Indore,Madhya Pradesh,2023-07-06,Premium
Cust03962,James Nair,James.Nair3962@Gmail.Com,9865983562.0,Ahmedabad,Gujarat,2022-07-20,New
Cust03963,Emma Jones,Emma.Jones3963@Yahoo.Com,9588985651.0,Ludhiana,Punjab,2022-06-26,Vip
Cust03964,Evelyn Anderson,Evelyn.Anderson3964@Outlook.Com,9703369401.0,Vadodara,Gujarat,2021-07-19,Vip
Cust03965,Michael Williams,,8985535980.0,Delhi,Delhi,2024-06-10,New
Cust03966,Vihaan Williams,Vihaan.Williams3966@Mail.Com,7547420925.0,Bengaluru,Karnataka,2021-10-23,Regular
Cust03967,Evelyn Jones,Evelyn.Jones3967@Outlook.Com,9377629396.0,Surat,Gujarat,2022-12-15,Regular
Cust03968,Ishaan Reddy,Ishaan.Reddy3968@Gmail.Com,7308112869.0,Indore,Madhya Pradesh,2021-12-12,Premium
Cust03969,Noah Sharma,Noah.Sharma3969@Gmail.Com,7830083658.0,Patna,Bihar,2023-06-22,Regular
Cust03970,Saanvi Rao,Saanvi.Rao3970@Yahoo.Com,8678169847.0,Ahmedabad,Gujarat,2024-01-09,Regular
Cust03971,Anaya Nair,Anaya.Nair3971@Outlook.Com,9467137679.0,Bhopal,Madhya Pradesh,2022-08-03,Premium
Cust03972,Rohan Williams,Rohan.Williams3972@Gmail.Com,6787283301.0,Surat,Gujarat,2023-08-07,Premium
Cust03973,Michael Gupta,Michael.Gupta3973@Yahoo.Com,8992018569.0,Agra,Uttar Pradesh,2023-11-23,Premium
Cust03974,Diya Garcia,Diya.Garcia3974@Outlook.Com,6713225098.0,Lucknow,Uttar Pradesh,2023-12-18,Regular
Cust03975,Emma Verma,Emma.Verma3975@Yahoo.Com,6264887492.0,Kolkata,West Bengal,2023-04-04,Vip
Cust03976,Kiara Johnson,Kiara.Johnson3976@Mail.Com,9446491799.0,Nashik,Maharashtra,2022-03-05,Regular
Cust03977,Ananya Davis,Ananya.Davis3977@Mail.Com,6135679916.0,Jaipur,Rajasthan,2023-07-12,Vip
Cust03978,Vihaan Miller,Vihaan.Miller3978@Mail.Com,,Agra,Uttar Pradesh,2023-08-13,Regular
Cust03979,John Wilson,John.Wilson3979@Yahoo.Com,6176245473.0,Hyderabad,Telangana,2023-06-27,Premium
Cust03980,James Patel,James.Patel3980@Gmail.Com,8835713681.0,Bengaluru,Karnataka,2022-06-18,Premium
Cust03981,Noah Rao,Noah.Rao3981@Mail.Com,9541386773.0,Delhi,Delhi,2022-07-24,New
Cust03982,Aditya Williams,Aditya.Williams3982@Yahoo.Com,9394798872.0,Ludhiana,Punjab,2023-04-22,Regular
Cust03983,Aadhya Wilson,Aadhya.Wilson3983@Yahoo.Com,7947900368.0,Nagpur,Maharashtra,2024-03-25,Regular
Cust03984,Anaya Williams,Anaya.Williams3984@Mail.Com,6889855899.0,Ahmedabad,Gujarat,2024-11-27,Premium
Cust03985,Aarav Iyer,Aarav.Iyer3985@Mail.Com,6388571439.0,Lucknow,Uttar Pradesh,2021-07-19,Regular
Cust03986,Riya Nair,Riya.Nair3986@Outlook.Com,8494302441.0,Ludhiana,Punjab,2024-02-21,Premium
Cust03987,Lucas Verma,Lucas.Verma3987@Outlook.Com,6960181506.0,Jaipur,Rajasthan,2024-04-26,Regular
Cust03988,Isabella Verma,Isabella.Verma3988@Gmail.Com,8715780807.0,Agra,Uttar Pradesh,2024-07-20,New
Cust03989,Vivaan Nair,Vivaan.Nair3989@Yahoo.Com,8746693771.0,Lucknow,Uttar Pradesh,2023-02-02,Premium
Cust03990,Ira Reddy,Ira.Reddy3990@Yahoo.Com,9885095000.0,Indore,Madhya Pradesh,2022-10-01,New
Cust03991,William Miller,William.Miller3991@Gmail.Com,6799998033.0,Ludhiana,Punjab,2021-10-19,New
Cust03992,Rohan Wilson,Rohan.Wilson3992@Yahoo.Com,7723133739.0,Ludhiana,Punjab,2021-06-28,Regular
Cust03993,Noah Wilson,Noah.Wilson3993@Yahoo.Com,7659697645.0,Nagpur,Maharashtra,2024-05-16,Vip
Cust03994,Pari Patel,Pari.Patel3994@Mail.Com,7211365711.0,Ludhiana,Punjab,2023-12-28,New
Cust03995,John Williams,John.Williams3995@Mail.Com,8396975372.0,Delhi,Delhi,2022-06-19,New
Cust03996,Lucas Brown,Lucas.Brown3996@Outlook.Com,6549990410.0,Kolkata,West Bengal,2023-11-05,Regular
Cust03997,Saanvi Nair,Saanvi.Nair3997@Outlook.Com,7618073432.0,Vadodara,Gujarat,2023-02-16,New
Cust03998,Alexander Anderson,Alexander.Anderson3998@Mail.Com,6896658992.0,Ahmedabad,Gujarat,2024-06-10,Regular
Cust03999,Vivaan Johnson,Vivaan.Johnson3999_At_Mail.Com,8841100092.0,Mumbai,Maharashtra,2023-02-01,Vip
Cust04000,,Ananya.Kumar4000@Outlook.Com,6438909673.0,Hyderabad,Telangana,2022-01-11,Vip
