order_item_id,order_id,product_id,quantity,discount_pct
Oi0000001,Ord000001,Prod00419,5.0,0
Oi0000002,Ord000002,Prod00090,10.0,0
Oi0000003,Ord000002,Prod00503,10.0,0
Oi0000004,Ord000002,Prod00018,5.0,0
Oi0000005,Ord000002,Prod00591,5.0,20
Oi0000006,Ord000003,Prod00192,3.0,15
Oi0000009,Ord000004,Prod00594,2.0,20
Oi0000010,Ord000005,Prod00271,2.0,0
Oi0000011,Ord000006,Prod00253,10.0,15
Oi0000012,Ord000007,Prod00342,1.0,15
Oi0000013,Ord000008,Prod00531,2.0,10
Oi0000015,Ord000008,Prod00564,4.0,10
Oi0000018,Ord000009,Prod00404,3.0,0
Oi0000020,Ord000010,Prod00338,2.0,15
Oi0000021,Ord000011,Prod00522,5.0,25
Oi0000022,Ord000012,Prod00427,1.0,0
Oi0000023,Ord000012,Prod00350,1.0,20
Oi0000024,Ord000013,Prod00269,5.0,20
Oi0000025,Ord000013,Prod00316,2.0,20
Oi0000026,Ord000014,Prod00348,500.0,15
Oi0000027,Ord000015,Prod00557,3.0,0
Oi0000028,Ord000016,Prod00489,4.0,20
Oi0000029,Ord000017,Prod00367,10.0,15
Oi0000030,Ord000017,Prod00112,2.0,0
Oi0000031,Ord000017,Prod00424,10.0,0
Oi0000032,Ord000018,Prod00044,1.0,20
Oi0000033,Ord000018,Prod00530,3.0,5
Oi0000034,Ord000019,Prod00460,4.0,0
Oi0000035,Ord000019,Prod00246,2.0,0
Oi0000036,Ord000019,Prod00077,2.0,0
Oi0000037,Ord000019,Prod00461,1.0,0
Oi0000038,Ord000020,Prod00070,2.0,0
Oi0000039,Ord000021,Prod00257,2.0,0
Oi0000040,Ord000021,Prod00190,2.0,0
Oi0000041,Ord000021,Prod00262,1.0,20
Oi0000043,Ord000022,Prod00364,2.0,10
Oi0000045,Ord000023,Prod00435,1.0,20
Oi0000046,Ord000024,Prod00530,10.0,10
Oi0000047,Ord000024,Prod00385,10.0,0
Oi0000048,Ord000024,Prod00420,5.0,0
Oi0000049,Ord000024,Prod00152,5.0,5
Oi0000050,Ord000025,Prod00499,2.0,20
Oi0000051,Ord000025,Prod00396,1.0,0
Oi0000052,Ord000026,Prod00040,10.0,10
Oi0000053,Ord000027,Prod00464,2.0,10
Oi0000054,Ord000028,Prod00097,4.0,25
Oi0000055,Ord000029,Prod00110,2.0,20
Oi0000056,Ord000030,Prod00388,1.0,20
Oi0000058,Ord000030,Prod00263,1.0,5
Oi0000059,Ord000031,Prod00048,1.0,5
Oi0000060,Ord000031,Prod00461,2.0,5
Oi0000061,Ord000032,Prod00288,2.0,20
Oi0000062,Ord000032,Prod00464,1.0,25
Oi0000063,Ord000033,Prod00279,2.0,0
Oi0000064,Ord000033,Prod00370,2.0,15
Oi0000067,Ord000035,Prod00115,1.0,10
Oi0000068,Ord000035,Prod00355,5.0,5
Oi0000069,Ord000035,Prod00369,5.0,0
Oi0000070,Ord000035,Prod00258,2.0,0
Oi0000071,Ord000036,Prod00204,1.0,10
Oi0000072,Ord000037,Prod00569,2.0,10
Oi0000073,Ord000037,Prod00508,10.0,10
Oi0000074,Ord000037,Prod00365,1.0,0
Oi0000076,Ord000038,Prod00174,1.0,0
Oi0000077,Ord000038,Prod00471,4.0,15
Oi0000078,Ord000038,Prod00427,3.0,15
Oi0000079,Ord000039,Prod00127,10.0,0
Oi0000080,Ord000039,Prod00519,5.0,15
Oi0000081,Ord000040,Prod00515,1.0,5
Oi0000082,Ord000040,Prod00398,2.0,10
Oi0000083,Ord000040,Prod00466,2.0,0
Oi0000084,Ord000041,Prod00574,1.0,25
Oi0000085,Ord000042,Prod00492,4.0,0
Oi0000086,Ord000042,Prod00247,5.0,10
Oi0000087,Ord000042,Prod00133,5.0,25
Oi0000088,Ord000042,Prod00577,4.0,20
Oi0000089,Ord000043,Prod00157,2.0,0
Oi0000091,Ord000044,Prod00275,2.0,0
Oi0000093,Ord000044,Prod00286,1.0,5
Oi0000094,Ord000045,Prod00504,4.0,15
Oi0000095,Ord000046,Prod00043,2.0,5
Oi0000096,Ord000046,Prod00263,4.0,0
Oi0000097,Ord000046,Prod00422,4.0,20
Oi0000098,Ord000046,Prod00563,1.0,15
Oi0000099,Ord000047,Prod00110,1.0,15
Oi0000100,Ord000047,Prod00472,5.0,15
Oi0000102,Ord000048,Prod00062,2.0,0
Oi0000103,Ord000048,Prod00227,1.0,0
Oi0000104,Ord000049,Prod00495,2.0,10
Oi0000105,Ord000049,Prod00385,2.0,0
Oi0000106,Ord000050,Prod00135,1.0,20
Oi0000109,Ord000051,Prod00157,1.0,5
Oi0000110,Ord000051,Prod00137,2.0,0
Oi0000111,Ord000051,Prod00600,3.0,15
Oi0000112,Ord000051,Prod00364,2.0,10
Oi0000114,Ord000053,Prod00042,10.0,20
Oi0000115,Ord000054,Prod00120,1.0,0
Oi0000116,Ord000054,Prod00581,4.0,0
Oi0000119,Ord000056,Prod00462,5.0,0
Oi0000120,Ord000056,Prod00425,1.0,0
Oi0000121,Ord000057,Prod00253,4.0,15
Oi0000122,Ord000057,Prod00358,2.0,25
Oi0000123,Ord000058,Prod00137,10.0,20
Oi0000124,Ord000059,Prod00358,1.0,0
Oi0000125,Ord000059,Prod00569,10.0,10
Oi0000126,Ord000059,Prod00322,1.0,20
Oi0000127,Ord000060,Prod00533,4.0,25
Oi0000129,Ord000061,Prod00373,4.0,15
Oi0000130,Ord000062,Prod00539,1.0,20
Oi0000131,Ord000063,Prod00218,2.0,5
Oi0000132,Ord000064,Prod00566,3.0,0
Oi0000134,Ord000064,Prod00297,2.0,20
Oi0000135,Ord000064,Prod00046,5.0,20
Oi0000136,Ord000065,Prod00047,1.0,20
Oi0000137,Ord000066,Prod00426,2.0,0
Oi0000138,Ord000066,Prod00307,10.0,0
Oi0000139,Ord000066,Prod00549,10.0,0
Oi0000140,Ord000067,Prod00243,4.0,5
Oi0000141,Ord000067,Prod00423,10.0,0
Oi0000142,Ord000068,Prod00235,4.0,0
Oi0000143,Ord000069,Prod00109,1.0,0
Oi0000144,Ord000069,Prod00344,10.0,10
Oi0000146,Ord000070,Prod00591,10.0,25
Oi0000147,Ord000071,Prod00568,1.0,0
Oi0000148,Ord000071,Prod00352,4.0,0
Oi0000149,Ord000071,Prod00208,3.0,10
Oi0000151,Ord000072,Prod00456,2.0,15
Oi0000152,Ord000073,Prod00482,4.0,5
Oi0000153,Ord000073,Prod00246,10.0,0
Oi0000155,Ord000074,Prod00284,1.0,0
Oi0000156,Ord000075,Prod00486,1.0,5
Oi0000157,Ord000076,Prod00299,4.0,5
Oi0000158,Ord000076,Prod00226,3.0,0
Oi0000159,Ord000077,Prod00073,2.0,5
Oi0000160,Ord000077,Prod00525,1.0,0
Oi0000161,Ord000078,Prod00009,1.0,10
Oi0000162,Ord000079,Prod00173,4.0,0
Oi0000163,Ord000080,Prod00061,1.0,25
Oi0000164,Ord000081,Prod00485,3.0,25
Oi0000165,Ord000082,Prod00200,4.0,25
Oi0000166,Ord000083,Prod00500,2.0,0
Oi0000167,Ord000083,Prod00539,4.0,0
Oi0000169,Ord000084,Prod00020,5.0,25
Oi0000170,Ord000085,Prod00382,1.0,5
Oi0000171,Ord000086,Prod00324,5.0,25
Oi0000172,Ord000087,Prod00189,2.0,10
Oi0000173,Ord000088,Prod00124,1.0,0
Oi0000174,Ord000088,Prod00257,5.0,15
Oi0000175,Ord000089,Prod00049,10.0,5
Oi0000177,Ord000090,Prod00162,3.0,25
Oi0000178,Ord000090,Prod00193,1.0,5
Oi0000179,Ord000090,Prod00398,1.0,0
Oi0000180,Ord000091,Prod00073,1.0,10
Oi0000181,Ord000092,Prod00243,1.0,0
Oi0000182,Ord000093,Prod00142,2.0,0
Oi0000183,Ord000094,Prod00159,5.0,0
Oi0000184,Ord000094,Prod00091,5.0,0
Oi0000185,Ord000094,Prod00132,2.0,15
Oi0000186,Ord000094,Prod00330,10.0,15
Oi0000187,Ord000095,Prod00562,2.0,25
Oi0000188,Ord000095,Prod00252,5.0,20
Oi0000189,Ord000095,Prod00023,4.0,0
Oi0000190,Ord000096,Prod00112,1.0,15
Oi0000192,Ord000097,Prod00215,4.0,15
Oi0000193,Ord000098,Prod00422,1.0,0
Oi0000194,Ord000098,Prod00526,3.0,0
Oi0000195,Ord000098,Prod00235,5.0,0
Oi0000196,Ord000098,Prod00416,5.0,0
Oi0000197,Ord000099,Prod00479,1.0,0
Oi0000198,Ord000100,Prod00330,10.0,10
Oi0000199,Ord000101,Prod00519,2.0,0
Oi0000200,Ord000101,Prod00174,1.0,0
Oi0000201,Ord000101,Prod00066,2.0,0
Oi0000202,Ord000101,Prod00372,1.0,15
Oi0000203,Ord000102,Prod00528,2.0,20
Oi0000204,Ord000102,Prod00024,10.0,5
Oi0000205,Ord000102,Prod00495,2.0,0
Oi0000206,Ord000102,Prod00179,5.0,0
Oi0000207,Ord000103,Prod00315,2.0,20
Oi0000208,Ord000103,Prod00217,2.0,10
Oi0000209,Ord000104,Prod00349,2.0,10
Oi0000210,Ord000104,Prod00229,1.0,15
Oi0000211,Ord000105,Prod00391,3.0,0
Oi0000213,Ord000106,Prod00179,4.0,10
Oi0000214,Ord000106,Prod00533,1.0,0
Oi0000215,Ord000106,Prod00221,3.0,25
Oi0000216,Ord000107,Prod00520,1.0,25
Oi0000217,Ord000108,Prod00171,1.0,20
Oi0000218,Ord000108,Prod00250,3.0,0
Oi0000219,Ord000109,Prod00535,1.0,0
Oi0000220,Ord000109,Prod00521,4.0,20
Oi0000221,Ord000109,Prod00424,1.0,25
Oi0000222,Ord000109,Prod00544,5.0,0
Oi0000223,Ord000110,Prod00081,1.0,0
Oi0000224,Ord000110,Prod00499,1.0,10
Oi0000225,Ord000110,Prod00213,1.0,0
Oi0000226,Ord000111,Prod00462,1.0,25
Oi0000227,Ord000111,Prod00204,1.0,20
Oi0000228,Ord000111,Prod00450,1.0,20
Oi0000229,Ord000112,Prod00084,10.0,20
Oi0000230,Ord000112,Prod00195,3.0,0
Oi0000231,Ord000113,Prod00139,1.0,0
Oi0000233,Ord000113,Prod00581,1.0,20
Oi0000234,Ord000113,Prod00173,5.0,15
Oi0000235,Ord000114,Prod00309,1.0,5
Oi0000236,Ord000115,Prod00581,4.0,25
Oi0000237,Ord000116,Prod00318,500.0,0
Oi0000238,Ord000116,Prod00570,2.0,10
Oi0000239,Ord000117,Prod00079,10.0,20
Oi0000240,Ord000117,Prod00157,1.0,5
Oi0000242,Ord000118,Prod00210,1.0,0
Oi0000243,Ord000119,Prod00574,1.0,0
Oi0000244,Ord000119,Prod00296,1.0,0
Oi0000245,Ord000119,Prod00046,1.0,20
Oi0000246,Ord000120,Prod00207,5.0,10
Oi0000247,Ord000121,Prod00271,2.0,20
Oi0000248,Ord000121,Prod00325,10.0,15
Oi0000249,Ord000121,Prod00094,10.0,25
Oi0000250,Ord000121,Prod00413,3.0,20
Oi0000251,Ord000122,Prod00263,4.0,5
Oi0000252,Ord000123,Prod00599,2.0,15
Oi0000253,Ord000124,Prod00105,1.0,10
Oi0000254,Ord000125,Prod00581,5.0,5
Oi0000255,Ord000125,Prod00194,5.0,10
Oi0000256,Ord000126,Prod00163,1.0,20
Oi0000258,Ord000127,Prod00223,1.0,25
Oi0000259,Ord000128,Prod00225,2.0,5
Oi0000260,Ord000128,Prod00473,1.0,20
Oi0000261,Ord000129,Prod00041,2.0,10
Oi0000262,Ord000129,Prod00155,4.0,10
Oi0000263,Ord000130,Prod00072,1.0,0
Oi0000264,Ord000131,Prod00246,10.0,25
Oi0000265,Ord000131,Prod00583,4.0,15
Oi0000266,Ord000132,Prod00490,1.0,15
Oi0000267,Ord000132,Prod00207,1.0,15
Oi0000270,Ord000135,Prod00516,2.0,0
Oi0000271,Ord000136,Prod00076,2.0,5
Oi0000272,Ord000137,Prod00302,2.0,15
Oi0000273,Ord000137,Prod00080,2.0,25
Oi0000274,Ord000137,Prod00265,2.0,5
Oi0000276,Ord000139,Prod00244,5.0,25
Oi0000277,Ord000139,Prod00070,3.0,25
Oi0000278,Ord000139,Prod00139,3.0,25
Oi0000279,Ord000139,Prod00435,1.0,20
Oi0000280,Ord000140,Prod00074,1.0,5
Oi0000281,Ord000141,Prod00278,5.0,0
Oi0000282,Ord000142,Prod00085,4.0,5
Oi0000283,Ord000142,Prod00467,2.0,0
Oi0000284,Ord000142,Prod00450,1.0,5
Oi0000285,Ord000142,Prod00079,3.0,0
Oi0000286,Ord000143,Prod00448,1.0,15
Oi0000287,Ord000144,Prod00020,1.0,20
Oi0000288,Ord000145,Prod00258,10.0,20
Oi0000289,Ord000146,Prod00077,1.0,5
Oi0000290,Ord000146,Prod00599,1.0,15
Oi0000291,Ord000146,Prod00562,1.0,5
Oi0000292,Ord000147,Prod00272,2.0,0
Oi0000293,Ord000147,Prod00203,3.0,0
Oi0000295,Ord000147,Prod00004,3.0,10
Oi0000296,Ord000148,Prod00335,2.0,20
Oi0000297,Ord000149,Prod00530,1.0,0
Oi0000298,Ord000149,Prod00505,1.0,20
Oi0000299,Ord000149,Prod00403,4.0,0
Oi0000301,Ord000150,Prod00162,2.0,5
Oi0000302,Ord000151,Prod00542,3.0,0
Oi0000303,Ord000151,Prod00101,1.0,15
Oi0000304,Ord000152,Prod00132,2.0,0
Oi0000305,Ord000153,Prod00342,3.0,25
Oi0000306,Ord000154,Prod00321,10.0,10
Oi0000307,Ord000154,Prod00263,1.0,10
Oi0000308,Ord000154,Prod00579,1.0,0
Oi0000309,Ord000155,Prod00115,4.0,0
Oi0000310,Ord000155,Prod00118,2.0,15
Oi0000311,Ord000155,Prod00454,10.0,10
Oi0000312,Ord000156,Prod00398,3.0,0
Oi0000313,Ord000156,Prod00147,1.0,0
Oi0000314,Ord000157,Prod00406,1.0,0
Oi0000316,Ord000157,Prod00559,1.0,25
Oi0000317,Ord000157,Prod00211,3.0,10
Oi0000318,Ord000158,Prod00408,1.0,0
Oi0000319,Ord000158,Prod00060,5.0,25
Oi0000320,Ord000158,Prod00522,2.0,0
Oi0000321,Ord000158,Prod00218,2.0,5
Oi0000322,Ord000159,Prod00441,4.0,25
Oi0000323,Ord000159,Prod00195,2.0,0
Oi0000324,Ord000159,Prod00421,4.0,20
Oi0000325,Ord000160,Prod00247,3.0,15
Oi0000326,Ord000161,Prod00444,2.0,20
Oi0000327,Ord000162,Prod00013,2.0,25
Oi0000328,Ord000162,Prod00076,3.0,15
Oi0000329,Ord000162,Prod00122,4.0,0
Oi0000330,Ord000163,Prod00471,1.0,0
Oi0000331,Ord000163,Prod00245,5.0,15
Oi0000332,Ord000164,Prod00357,4.0,15
Oi0000333,Ord000165,Prod00413,2.0,5
Oi0000334,Ord000165,Prod00563,5.0,15
Oi0000335,Ord000166,Prod00358,1.0,25
Oi0000336,Ord000166,Prod00144,4.0,0
Oi0000337,Ord000167,Prod00520,2.0,25
Oi0000338,Ord000168,Prod00520,3.0,0
Oi0000339,Ord000168,Prod00013,3.0,20
Oi0000340,Ord000169,Prod00480,4.0,20
Oi0000341,Ord000170,Prod00504,5.0,0
Oi0000345,Ord000171,Prod00081,1.0,5
Oi0000346,Ord000171,Prod00569,4.0,0
Oi0000347,Ord000172,Prod00457,5.0,20
Oi0000348,Ord000172,Prod00544,1.0,20
Oi0000349,Ord000172,Prod00346,10.0,20
Oi0000351,Ord000173,Prod00570,1.0,20
Oi0000352,Ord000173,Prod00273,1.0,15
Oi0000353,Ord000174,Prod00228,1.0,5
Oi0000354,Ord000175,Prod00088,10.0,20
Oi0000355,Ord000176,Prod00069,3.0,15
Oi0000356,Ord000177,Prod00428,2.0,0
Oi0000357,Ord000177,Prod00494,3.0,20
Oi0000358,Ord000178,Prod00003,4.0,15
Oi0000359,Ord000178,Prod00464,1.0,0
Oi0000360,Ord000179,Prod00176,1.0,0
Oi0000361,Ord000180,Prod00367,5.0,15
Oi0000362,Ord000181,Prod00123,1.0,0
Oi0000363,Ord000182,Prod00001,2.0,10
Oi0000364,Ord000182,Prod00123,1.0,0
Oi0000365,Ord000183,Prod00299,4.0,0
Oi0000367,Ord000183,Prod00257,500.0,0
Oi0000368,Ord000184,Prod00151,2.0,5
Oi0000369,Ord000185,Prod00217,1.0,20
Oi0000370,Ord000186,Prod00501,10.0,15
Oi0000371,Ord000186,Prod00127,1.0,25
Oi0000373,Ord000187,Prod00421,10.0,10
Oi0000374,Ord000187,Prod00514,2.0,0
Oi0000375,Ord000188,Prod00030,2.0,10
Oi0000376,Ord000188,Prod00101,4.0,5
Oi0000377,Ord000188,Prod00235,1.0,20
Oi0000378,Ord000188,Prod00153,10.0,0
Oi0000379,Ord000189,Prod00366,1.0,0
Oi0000380,Ord000189,Prod00240,1.0,0
Oi0000381,Ord000189,Prod00519,1.0,0
Oi0000382,Ord000189,Prod00559,2.0,25
Oi0000383,Ord000190,Prod00570,2.0,5
Oi0000384,Ord000191,Prod00264,3.0,0
Oi0000385,Ord000191,Prod00010,2.0,0
Oi0000386,Ord000192,Prod00387,10.0,0
Oi0000388,Ord000193,Prod00489,1.0,0
Oi0000389,Ord000194,Prod00143,2.0,5
Oi0000390,Ord000194,Prod00112,2.0,0
Oi0000391,Ord000194,Prod00081,1.0,25
Oi0000392,Ord000194,Prod00254,5.0,20
Oi0000393,Ord000195,Prod00375,2.0,0
Oi0000394,Ord000196,Prod00053,2.0,0
Oi0000395,Ord000197,Prod00412,2.0,5
Oi0000396,Ord000197,Prod00250,1.0,5
Oi0000397,Ord000198,Prod00088,10.0,10
Oi0000398,Ord000199,Prod00364,5.0,0
Oi0000399,Ord000199,Prod00189,2.0,20
Oi0000400,Ord000200,Prod00084,10.0,10
Oi0000401,Ord000200,Prod00363,1.0,10
Oi0000402,Ord000201,Prod00459,1.0,0
Oi0000403,Ord000202,Prod00286,1.0,5
Oi0000404,Ord000202,Prod00592,1.0,25
Oi0000405,Ord000202,Prod00369,4.0,5
Oi0000406,Ord000203,Prod00246,5.0,0
Oi0000407,Ord000204,Prod00382,1.0,25
Oi0000408,Ord000205,Prod00262,1.0,0
Oi0000409,Ord000205,Prod00151,1.0,5
Oi0000410,Ord000205,Prod00027,5.0,10
Oi0000411,Ord000206,Prod00223,1.0,0
Oi0000412,Ord000206,Prod00496,3.0,5
Oi0000413,Ord000206,Prod00096,5.0,15
Oi0000414,Ord000207,Prod00480,2.0,10
Oi0000415,Ord000208,Prod00546,5.0,20
Oi0000417,Ord000210,Prod00071,1.0,10
Oi0000418,Ord000210,Prod00096,1.0,15
Oi0000419,Ord000211,Prod00399,1.0,25
Oi0000420,Ord000212,Prod00239,1.0,0
Oi0000421,Ord000212,Prod00503,5.0,10
Oi0000422,Ord000212,Prod00131,1.0,10
Oi0000423,Ord000213,Prod00134,2.0,0
Oi0000424,Ord000214,Prod00458,3.0,0
Oi0000425,Ord000214,Prod00547,10.0,15
Oi0000427,Ord000215,Prod00282,3.0,20
Oi0000428,Ord000215,Prod00178,1.0,0
Oi0000429,Ord000215,Prod00099,2.0,5
Oi0000430,Ord000216,Prod00025,5.0,20
Oi0000431,Ord000216,Prod00428,4.0,15
Oi0000432,Ord000217,Prod00361,3.0,0
Oi0000433,Ord000218,Prod00464,2.0,15
Oi0000434,Ord000219,Prod00224,3.0,0
Oi0000435,Ord000219,Prod00378,1.0,15
Oi0000436,Ord000220,Prod00251,1.0,15
Oi0000437,Ord000220,Prod00383,2.0,25
Oi0000438,Ord000221,Prod00289,1.0,15
Oi0000439,Ord000221,Prod00593,10.0,15
Oi0000440,Ord000222,Prod00476,10.0,0
Oi0000441,Ord000222,Prod00017,1.0,5
Oi0000442,Ord000222,Prod00421,5.0,5
Oi0000443,Ord000223,Prod00358,4.0,5
Oi0000444,Ord000223,Prod00073,1.0,0
Oi0000445,Ord000223,Prod00112,3.0,25
Oi0000446,Ord000223,Prod00185,2.0,5
Oi0000448,Ord000224,Prod00555,4.0,0
Oi0000449,Ord000224,Prod00315,3.0,5
Oi0000450,Ord000225,Prod00246,2.0,25
Oi0000451,Ord000225,Prod00487,1.0,0
Oi0000452,Ord000225,Prod00519,2.0,0
Oi0000453,Ord000226,Prod00203,2.0,0
Oi0000455,Ord000227,Prod00015,1.0,0
Oi0000456,Ord000228,Prod00074,1.0,10
Oi0000458,Ord000229,Prod00567,1.0,0
Oi0000459,Ord000230,Prod00318,5.0,0
Oi0000460,Ord000230,Prod00493,5.0,20
Oi0000463,Ord000231,Prod00177,2.0,0
Oi0000464,Ord000231,Prod00528,3.0,0
Oi0000465,Ord000231,Prod00420,2.0,0
Oi0000466,Ord000231,Prod00187,2.0,10
Oi0000467,Ord000232,Prod00543,1.0,15
Oi0000468,Ord000232,Prod00176,10.0,15
Oi0000469,Ord000233,Prod00351,3.0,5
Oi0000470,Ord000234,Prod00304,1.0,0
Oi0000471,Ord000235,Prod00431,1.0,0
Oi0000472,Ord000235,Prod00493,2.0,0
Oi0000473,Ord000235,Prod00223,5.0,15
Oi0000474,Ord000235,Prod00433,1.0,0
Oi0000475,Ord000236,Prod00098,4.0,0
Oi0000476,Ord000236,Prod00237,3.0,0
Oi0000477,Ord000236,Prod00378,2.0,10
Oi0000478,Ord000236,Prod00577,5.0,0
Oi0000479,Ord000237,Prod00435,2.0,25
Oi0000480,Ord000237,Prod00571,10.0,5
Oi0000481,Ord000237,Prod00126,10.0,5
Oi0000482,Ord000237,Prod00312,1.0,20
Oi0000483,Ord000238,Prod00575,4.0,0
Oi0000484,Ord000238,Prod00007,4.0,25
Oi0000485,Ord000239,Prod00005,2.0,15
Oi0000486,Ord000239,Prod00190,1.0,0
Oi0000487,Ord000239,Prod00589,1.0,0
Oi0000488,Ord000240,Prod00177,2.0,10
Oi0000489,Ord000241,Prod00228,1.0,20
Oi0000491,Ord000243,Prod00461,1.0,10
Oi0000492,Ord000244,Prod00327,10.0,25
Oi0000494,Ord000246,Prod00326,3.0,10
Oi0000495,Ord000246,Prod00395,4.0,10
Oi0000496,Ord000246,Prod00349,1.0,0
Oi0000497,Ord000247,Prod00151,5.0,10
Oi0000498,Ord000248,Prod00483,5.0,20
Oi0000499,Ord000248,Prod00454,10.0,10
Oi0000500,Ord000248,Prod00040,2.0,15
Oi0000501,Ord000248,Prod00316,1.0,15
Oi0000502,Ord000249,Prod00447,1.0,15
Oi0000504,Ord000249,Prod00310,2.0,10
Oi0000505,Ord000250,Prod00497,1.0,0
Oi0000506,Ord000251,Prod00474,10.0,0
Oi0000507,Ord000252,Prod00338,2.0,20
Oi0000508,Ord000252,Prod00454,4.0,0
Oi0000509,Ord000252,Prod00005,2.0,0
Oi0000510,Ord000253,Prod00341,3.0,25
Oi0000511,Ord000254,Prod00468,5.0,0
Oi0000512,Ord000254,Prod00386,1.0,5
Oi0000513,Ord000255,Prod00552,2.0,5
Oi0000514,Ord000255,Prod00160,1.0,15
Oi0000515,Ord000255,Prod00597,1.0,25
Oi0000516,Ord000256,Prod00171,2.0,25
Oi0000517,Ord000257,Prod00515,4.0,5
Oi0000518,Ord000258,Prod00215,10.0,0
Oi0000519,Ord000259,Prod00206,10.0,10
Oi0000520,Ord000259,Prod00019,10.0,5
Oi0000522,Ord000259,Prod00164,4.0,0
Oi0000523,Ord000260,Prod00307,10.0,10
Oi0000524,Ord000260,Prod00365,2.0,0
Oi0000525,Ord000260,Prod00548,2.0,25
Oi0000526,Ord000260,Prod00547,1.0,0
Oi0000527,Ord000261,Prod00177,1.0,15
Oi0000528,Ord000261,Prod00112,2.0,0
Oi0000529,Ord000261,Prod00261,2.0,20
Oi0000530,Ord000261,Prod00136,1.0,0
Oi0000531,Ord000262,Prod00200,1.0,0
Oi0000532,Ord000262,Prod00445,1.0,5
Oi0000533,Ord000263,Prod00247,1.0,0
Oi0000534,Ord000263,Prod00583,10.0,0
Oi0000535,Ord000264,Prod00198,5.0,25
Oi0000536,Ord000264,Prod00272,5.0,0
Oi0000537,Ord000265,Prod00032,1.0,5
Oi0000540,Ord000268,Prod00523,3.0,0
Oi0000541,Ord000269,Prod00036,5.0,10
Oi0000543,Ord000270,Prod00039,3.0,20
Oi0000545,Ord000271,Prod00497,1.0,20
Oi0000546,Ord000272,Prod00467,2.0,5
Oi0000547,Ord000273,Prod00483,1.0,25
Oi0000548,Ord000274,Prod00435,1.0,25
Oi0000549,Ord000275,Prod00365,2.0,20
Oi0000551,Ord000276,Prod00065,3.0,5
Oi0000552,Ord000277,Prod00342,1.0,0
Oi0000553,Ord000277,Prod00526,5.0,0
Oi0000554,Ord000277,Prod00177,1.0,25
Oi0000555,Ord000278,Prod00421,1.0,5
Oi0000556,Ord000278,Prod00519,1.0,0
Oi0000557,Ord000278,Prod00208,10.0,10
Oi0000558,Ord000279,Prod00598,3.0,10
Oi0000560,Ord000279,Prod00150,4.0,5
Oi0000561,Ord000280,Prod00125,2.0,0
Oi0000562,Ord000281,Prod00335,3.0,5
Oi0000563,Ord000282,Prod00405,5.0,25
Oi0000565,Ord000283,Prod00295,5.0,10
Oi0000566,Ord000283,Prod00241,1.0,0
Oi0000567,Ord000284,Prod00297,2.0,0
Oi0000568,Ord000284,Prod00599,4.0,20
Oi0000569,Ord000284,Prod00067,1.0,20
Oi0000570,Ord000285,Prod00071,2.0,0
Oi0000571,Ord000285,Prod00135,4.0,10
Oi0000572,Ord000286,Prod00396,1.0,0
Oi0000573,Ord000287,Prod00475,5.0,25
Oi0000574,Ord000287,Prod00517,1.0,25
Oi0000575,Ord000287,Prod00365,1.0,0
Oi0000576,Ord000288,Prod00085,1.0,0
Oi0000577,Ord000288,Prod00527,1.0,20
Oi0000578,Ord000289,Prod00544,1.0,0
Oi0000579,Ord000289,Prod00090,2.0,20
Oi0000580,Ord000290,Prod00209,4.0,0
Oi0000581,Ord000290,Prod00034,1.0,10
Oi0000582,Ord000291,Prod00229,10.0,0
Oi0000583,Ord000292,Prod00144,1.0,10
Oi0000584,Ord000292,Prod00484,1.0,15
Oi0000585,Ord000292,Prod00361,4.0,25
Oi0000586,Ord000293,Prod00210,5.0,0
Oi0000587,Ord000294,Prod00198,3.0,5
Oi0000588,Ord000294,Prod00086,2.0,0
Oi0000589,Ord000295,Prod00243,2.0,15
Oi0000591,Ord000297,Prod00128,4.0,0
Oi0000592,Ord000297,Prod00264,1.0,0
Oi0000593,Ord000298,Prod00113,5.0,0
Oi0000594,Ord000299,Prod00469,1.0,0
Oi0000595,Ord000299,Prod00340,500.0,0
Oi0000596,Ord000299,Prod00048,1.0,5
Oi0000597,Ord000299,Prod00591,1.0,15
Oi0000598,Ord000300,Prod00031,1.0,25
Oi0000599,Ord000301,Prod00302,1.0,15
Oi0000600,Ord000301,Prod00302,10.0,0
Oi0000601,Ord000301,Prod00527,2.0,15
Oi0000602,Ord000301,Prod00205,10.0,5
Oi0000603,Ord000302,Prod00312,10.0,25
Oi0000604,Ord000303,Prod00159,10.0,5
Oi0000605,Ord000304,Prod00169,1.0,0
Oi0000606,Ord000304,Prod00293,5.0,0
Oi0000607,Ord000305,Prod00439,1.0,15
Oi0000608,Ord000305,Prod00289,1.0,0
Oi0000610,Ord000307,Prod00195,3.0,5
Oi0000612,Ord000307,Prod00419,1.0,20
Oi0000613,Ord000308,Prod00352,4.0,10
Oi0000614,Ord000308,Prod00184,10.0,25
Oi0000615,Ord000309,Prod00371,3.0,0
Oi0000617,Ord000310,Prod00312,1.0,0
Oi0000618,Ord000310,Prod00151,3.0,5
Oi0000619,Ord000311,Prod00296,1.0,20
Oi0000621,Ord000312,Prod00454,10.0,0
Oi0000622,Ord000313,Prod00073,2.0,25
Oi0000623,Ord000314,Prod00416,2.0,20
Oi0000624,Ord000314,Prod00295,2.0,0
Oi0000625,Ord000314,Prod00405,1.0,0
Oi0000626,Ord000315,Prod00245,10.0,5
Oi0000627,Ord000315,Prod00189,4.0,20
Oi0000628,Ord000316,Prod00225,1.0,20
Oi0000629,Ord000316,Prod00429,10.0,10
Oi0000630,Ord000317,Prod00403,3.0,25
Oi0000631,Ord000317,Prod00126,10.0,5
Oi0000633,Ord000318,Prod00084,2.0,15
Oi0000634,Ord000318,Prod00413,1.0,15
Oi0000635,Ord000319,Prod00262,1.0,0
Oi0000636,Ord000319,Prod00572,10.0,10
Oi0000637,Ord000319,Prod00397,10.0,0
Oi0000639,Ord000320,Prod00336,4.0,10
Oi0000640,Ord000320,Prod00412,1.0,0
Oi0000641,Ord000320,Prod00119,4.0,10
Oi0000642,Ord000320,Prod00170,2.0,0
Oi0000643,Ord000321,Prod00584,5.0,15
Oi0000644,Ord000322,Prod00541,10.0,0
Oi0000645,Ord000322,Prod00069,1.0,0
Oi0000646,Ord000323,Prod00410,3.0,20
Oi0000647,Ord000324,Prod00494,4.0,10
Oi0000648,Ord000324,Prod00159,1.0,0
Oi0000649,Ord000324,Prod00053,2.0,0
Oi0000650,Ord000324,Prod00261,2.0,0
Oi0000651,Ord000325,Prod00277,2.0,25
Oi0000652,Ord000326,Prod00270,2.0,20
Oi0000653,Ord000326,Prod00360,3.0,15
Oi0000654,Ord000326,Prod00323,4.0,5
Oi0000655,Ord000326,Prod00527,4.0,25
Oi0000656,Ord000327,Prod00501,4.0,15
Oi0000657,Ord000327,Prod00419,1.0,20
Oi0000658,Ord000327,Prod00438,5.0,20
Oi0000659,Ord000328,Prod00252,4.0,10
Oi0000660,Ord000328,Prod00351,3.0,20
Oi0000661,Ord000328,Prod00050,3.0,15
Oi0000662,Ord000329,Prod00368,1.0,0
Oi0000663,Ord000329,Prod00340,5.0,10
Oi0000664,Ord000330,Prod00577,5.0,25
Oi0000665,Ord000330,Prod00208,1.0,0
Oi0000666,Ord000330,Prod00216,2.0,10
Oi0000667,Ord000330,Prod00362,2.0,0
Oi0000668,Ord000331,Prod00142,10.0,0
Oi0000669,Ord000331,Prod00520,1.0,20
Oi0000670,Ord000332,Prod00382,1.0,15
Oi0000671,Ord000333,Prod00072,1.0,10
Oi0000672,Ord000333,Prod00340,2.0,0
Oi0000673,Ord000334,Prod00158,2.0,0
Oi0000674,Ord000335,Prod00031,1.0,25
Oi0000675,Ord000336,Prod00030,1.0,0
Oi0000676,Ord000337,Prod00070,1.0,5
Oi0000677,Ord000337,Prod00427,1.0,15
Oi0000678,Ord000337,Prod00002,2.0,0
Oi0000679,Ord000338,Prod00094,10.0,0
Oi0000680,Ord000339,Prod00018,10.0,15
Oi0000681,Ord000339,Prod00166,1.0,25
Oi0000684,Ord000342,Prod00224,3.0,0
Oi0000685,Ord000343,Prod00064,10.0,0
Oi0000686,Ord000343,Prod00247,5.0,0
Oi0000687,Ord000343,Prod00383,5.0,25
Oi0000688,Ord000343,Prod00021,1.0,15
Oi0000689,Ord000344,Prod00572,1.0,10
Oi0000690,Ord000344,Prod00429,500.0,0
Oi0000691,Ord000344,Prod00029,1.0,0
Oi0000692,Ord000345,Prod00008,2.0,25
Oi0000693,Ord000346,Prod00248,1.0,15
Oi0000694,Ord000346,Prod00413,1.0,5
Oi0000695,Ord000346,Prod00429,2.0,25
Oi0000696,Ord000347,Prod00139,10.0,10
Oi0000697,Ord000348,Prod00252,1.0,0
Oi0000698,Ord000348,Prod00116,4.0,10
Oi0000699,Ord000348,Prod00027,4.0,20
Oi0000700,Ord000349,Prod00290,1.0,25
Oi0000701,Ord000349,Prod00151,2.0,5
Oi0000702,Ord000349,Prod00340,2.0,5
Oi0000703,Ord000349,Prod00297,1.0,10
Oi0000704,Ord000350,Prod00370,1.0,0
Oi0000706,Ord000351,Prod00310,2.0,0
Oi0000707,Ord000352,Prod00472,1.0,20
Oi0000709,Ord000354,Prod00355,1.0,0
Oi0000710,Ord000355,Prod00043,2.0,15
Oi0000712,Ord000356,Prod00168,3.0,15
Oi0000714,Ord000357,Prod00258,1.0,0
Oi0000715,Ord000358,Prod00250,4.0,5
Oi0000716,Ord000359,Prod00496,1.0,5
Oi0000717,Ord000360,Prod00177,3.0,0
Oi0000719,Ord000361,Prod00178,3.0,5
Oi0000720,Ord000362,Prod00020,3.0,0
Oi0000721,Ord000362,Prod00106,10.0,5
Oi0000722,Ord000362,Prod00272,1.0,25
Oi0000723,Ord000363,Prod00401,2.0,25
Oi0000724,Ord000363,Prod00134,2.0,25
Oi0000725,Ord000364,Prod00547,1.0,15
Oi0000726,Ord000364,Prod00590,3.0,5
Oi0000727,Ord000364,Prod00035,1.0,20
Oi0000728,Ord000364,Prod00158,3.0,20
Oi0000729,Ord000365,Prod00026,2.0,0
Oi0000730,Ord000366,Prod00089,1.0,15
Oi0000731,Ord000367,Prod00172,2.0,0
Oi0000732,Ord000368,Prod00376,4.0,0
Oi0000733,Ord000369,Prod00464,1.0,0
Oi0000734,Ord000369,Prod00333,1.0,0
Oi0000735,Ord000369,Prod00374,10.0,25
Oi0000736,Ord000369,Prod00569,1.0,0
Oi0000737,Ord000370,Prod00142,1.0,0
Oi0000738,Ord000371,Prod00350,5.0,0
Oi0000739,Ord000372,Prod00225,1.0,25
Oi0000740,Ord000372,Prod00307,3.0,5
Oi0000741,Ord000373,Prod00424,5.0,20
Oi0000742,Ord000373,Prod00119,3.0,0
Oi0000743,Ord000374,Prod00507,10.0,25
Oi0000744,Ord000375,Prod00428,3.0,0
Oi0000745,Ord000375,Prod00255,1.0,0
Oi0000746,Ord000375,Prod00189,2.0,5
Oi0000747,Ord000375,Prod00132,1.0,0
Oi0000748,Ord000376,Prod00454,4.0,0
Oi0000749,Ord000376,Prod00571,1.0,10
Oi0000750,Ord000376,Prod00011,1.0,15
Oi0000751,Ord000376,Prod00122,1.0,0
Oi0000752,Ord000377,Prod00354,4.0,5
Oi0000753,Ord000377,Prod00131,1.0,10
Oi0000754,Ord000378,Prod00510,1.0,0
Oi0000755,Ord000378,Prod00184,4.0,0
Oi0000757,Ord000379,Prod00152,10.0,0
Oi0000758,Ord000379,Prod00412,1.0,0
Oi0000760,Ord000380,Prod00126,2.0,25
Oi0000761,Ord000380,Prod00256,1.0,0
Oi0000762,Ord000381,Prod00370,4.0,5
Oi0000765,Ord000382,Prod00254,1.0,0
Oi0000766,Ord000383,Prod00412,10.0,10
Oi0000768,Ord000384,Prod00019,2.0,0
Oi0000769,Ord000385,Prod00192,4.0,15
Oi0000770,Ord000385,Prod00202,10.0,10
Oi0000771,Ord000386,Prod00270,4.0,15
Oi0000772,Ord000386,Prod00244,1.0,5
Oi0000773,Ord000386,Prod00046,10.0,25
Oi0000774,Ord000387,Prod00515,1.0,10
Oi0000775,Ord000387,Prod00559,1.0,20
Oi0000776,Ord000388,Prod00509,2.0,20
Oi0000777,Ord000388,Prod00560,5.0,10
Oi0000778,Ord000388,Prod00184,5.0,5
Oi0000779,Ord000388,Prod00270,1.0,0
Oi0000781,Ord000390,Prod00154,10.0,0
Oi0000782,Ord000391,Prod00493,10.0,20
Oi0000783,Ord000392,Prod00035,5.0,10
Oi0000784,Ord000393,Prod00515,10.0,25
Oi0000785,Ord000393,Prod00565,1.0,25
Oi0000786,Ord000394,Prod00304,1.0,0
Oi0000787,Ord000394,Prod00363,4.0,0
Oi0000788,Ord000395,Prod00188,4.0,5
Oi0000789,Ord000396,Prod00136,1.0,0
Oi0000790,Ord000396,Prod00513,2.0,0
Oi0000791,Ord000397,Prod00257,1.0,0
Oi0000792,Ord000398,Prod00530,3.0,0
Oi0000795,Ord000399,Prod00009,1.0,0
Oi0000796,Ord000399,Prod00543,10.0,20
Oi0000797,Ord000399,Prod00007,2.0,10
Oi0000798,Ord000400,Prod00012,1.0,25
Oi0000799,Ord000400,Prod00428,2.0,0
Oi0000800,Ord000401,Prod00093,3.0,0
Oi0000801,Ord000402,Prod00438,2.0,20
Oi0000802,Ord000403,Prod00219,2.0,5
Oi0000803,Ord000403,Prod00506,2.0,5
Oi0000804,Ord000403,Prod00390,5.0,0
Oi0000805,Ord000403,Prod00358,10.0,0
Oi0000807,Ord000404,Prod00368,2.0,5
Oi0000808,Ord000405,Prod00275,2.0,20
Oi0000809,Ord000405,Prod00169,1.0,0
Oi0000810,Ord000406,Prod00060,2.0,0
Oi0000811,Ord000406,Prod00238,10.0,5
Oi0000812,Ord000407,Prod00178,10.0,0
Oi0000813,Ord000407,Prod00595,10.0,0
Oi0000814,Ord000408,Prod00336,2.0,10
Oi0000815,Ord000409,Prod00292,2.0,10
Oi0000816,Ord000409,Prod00543,3.0,5
Oi0000817,Ord000410,Prod00595,3.0,0
Oi0000818,Ord000411,Prod00098,10.0,10
Oi0000819,Ord000411,Prod00558,1.0,10
Oi0000820,Ord000412,Prod00229,10.0,15
Oi0000821,Ord000412,Prod00589,3.0,5
Oi0000822,Ord000413,Prod00211,5.0,0
Oi0000823,Ord000414,Prod00456,1.0,10
Oi0000824,Ord000415,Prod00434,2.0,0
Oi0000826,Ord000416,Prod00073,10.0,5
Oi0000828,Ord000417,Prod00597,1.0,0
Oi0000829,Ord000417,Prod00234,3.0,20
Oi0000831,Ord000418,Prod00315,1.0,25
Oi0000832,Ord000418,Prod00472,5.0,20
Oi0000833,Ord000418,Prod00008,10.0,20
Oi0000834,Ord000419,Prod00427,1.0,5
Oi0000835,Ord000420,Prod00389,2.0,5
Oi0000836,Ord000421,Prod00239,3.0,0
Oi0000837,Ord000421,Prod00207,3.0,0
Oi0000838,Ord000422,Prod00182,4.0,10
Oi0000839,Ord000422,Prod00106,2.0,10
Oi0000841,Ord000423,Prod00109,1.0,0
Oi0000842,Ord000424,Prod00573,10.0,0
Oi0000843,Ord000425,Prod00151,2.0,0
Oi0000844,Ord000425,Prod00451,5.0,5
Oi0000845,Ord000426,Prod00564,5.0,15
Oi0000846,Ord000427,Prod00281,1.0,0
Oi0000847,Ord000428,Prod00125,1.0,20
Oi0000849,Ord000430,Prod00536,5.0,20
Oi0000850,Ord000430,Prod00024,10.0,5
Oi0000851,Ord000430,Prod00029,5.0,25
Oi0000852,Ord000430,Prod00144,2.0,0
Oi0000853,Ord000431,Prod00549,10.0,0
Oi0000854,Ord000432,Prod00046,3.0,15
Oi0000855,Ord000433,Prod00232,5.0,0
Oi0000856,Ord000433,Prod00347,1.0,15
Oi0000857,Ord000433,Prod00281,3.0,0
Oi0000858,Ord000434,Prod00071,1.0,0
Oi0000859,Ord000434,Prod00559,10.0,15
Oi0000860,Ord000435,Prod00456,5.0,10
Oi0000861,Ord000435,Prod00251,1.0,0
Oi0000862,Ord000436,Prod00489,2.0,0
Oi0000863,Ord000437,Prod00037,5.0,20
Oi0000864,Ord000438,Prod00554,5.0,10
Oi0000865,Ord000438,Prod00266,1.0,0
Oi0000866,Ord000439,Prod00380,2.0,5
Oi0000867,Ord000439,Prod00047,1.0,20
Oi0000868,Ord000440,Prod00230,5.0,10
Oi0000869,Ord000440,Prod00411,1.0,0
Oi0000870,Ord000440,Prod00137,10.0,25
Oi0000871,Ord000441,Prod00056,10.0,25
Oi0000873,Ord000442,Prod00485,10.0,0
Oi0000875,Ord000442,Prod00105,4.0,25
Oi0000876,Ord000442,Prod00361,2.0,10
Oi0000879,Ord000445,Prod00497,2.0,5
Oi0000881,Ord000446,Prod00556,1.0,20
Oi0000882,Ord000446,Prod00018,1.0,0
Oi0000883,Ord000446,Prod00414,2.0,0
Oi0000884,Ord000446,Prod00327,1.0,5
Oi0000886,Ord000447,Prod00262,4.0,25
Oi0000887,Ord000448,Prod00263,5.0,15
Oi0000888,Ord000448,Prod00340,2.0,0
Oi0000889,Ord000449,Prod00369,10.0,20
Oi0000890,Ord000450,Prod00374,1.0,5
Oi0000891,Ord000450,Prod00076,1.0,0
Oi0000892,Ord000450,Prod00294,1.0,5
Oi0000893,Ord000451,Prod00415,2.0,0
Oi0000894,Ord000452,Prod00535,1.0,20
Oi0000896,Ord000453,Prod00519,10.0,15
Oi0000897,Ord000454,Prod00445,3.0,10
Oi0000898,Ord000454,Prod00581,2.0,5
Oi0000899,Ord000455,Prod00441,10.0,0
Oi0000900,Ord000455,Prod00151,10.0,25
Oi0000901,Ord000455,Prod00164,1.0,0
Oi0000902,Ord000455,Prod00563,1.0,25
Oi0000903,Ord000456,Prod00598,1.0,0
Oi0000904,Ord000457,Prod00155,10.0,20
Oi0000905,Ord000458,Prod00490,1.0,0
Oi0000906,Ord000459,Prod00435,2.0,20
Oi0000908,Ord000459,Prod00182,1.0,0
Oi0000909,Ord000460,Prod00142,10.0,5
Oi0000911,Ord000461,Prod00283,1.0,15
Oi0000912,Ord000461,Prod00364,1.0,15
Oi0000915,Ord000462,Prod00063,2.0,20
Oi0000916,Ord000463,Prod00227,4.0,0
Oi0000917,Ord000464,Prod00386,2.0,20
Oi0000918,Ord000465,Prod00279,4.0,5
Oi0000919,Ord000465,Prod00516,1.0,15
Oi0000920,Ord000466,Prod00245,4.0,20
Oi0000921,Ord000466,Prod00455,2.0,20
Oi0000922,Ord000466,Prod00441,3.0,15
Oi0000923,Ord000467,Prod00012,1.0,5
Oi0000924,Ord000468,Prod00366,2.0,20
Oi0000925,Ord000468,Prod00368,4.0,5
Oi0000926,Ord000468,Prod00233,1.0,0
Oi0000927,Ord000468,Prod00295,2.0,15
Oi0000928,Ord000469,Prod00358,1.0,15
Oi0000929,Ord000470,Prod00546,2.0,0
Oi0000930,Ord000470,Prod00433,3.0,0
Oi0000931,Ord000470,Prod00468,2.0,5
Oi0000932,Ord000471,Prod00271,10.0,15
Oi0000933,Ord000471,Prod00225,1.0,0
Oi0000934,Ord000471,Prod00551,10.0,15
Oi0000935,Ord000471,Prod00099,3.0,5
Oi0000939,Ord000472,Prod00529,4.0,0
Oi0000940,Ord000473,Prod00370,5.0,20
Oi0000941,Ord000474,Prod00340,4.0,0
Oi0000942,Ord000474,Prod00279,1.0,15
Oi0000943,Ord000475,Prod00013,10.0,0
Oi0000944,Ord000475,Prod00508,1.0,20
Oi0000945,Ord000475,Prod00104,1.0,15
Oi0000946,Ord000476,Prod00176,1.0,20
Oi0000947,Ord000476,Prod00258,10.0,0
Oi0000948,Ord000476,Prod00142,10.0,25
Oi0000949,Ord000476,Prod00354,3.0,15
Oi0000950,Ord000477,Prod00047,5.0,20
Oi0000952,Ord000478,Prod00203,500.0,25
Oi0000953,Ord000478,Prod00446,5.0,10
Oi0000954,Ord000479,Prod00056,1.0,0
Oi0000955,Ord000479,Prod00154,10.0,25
Oi0000957,Ord000479,Prod00276,2.0,0
Oi0000958,Ord000480,Prod00123,4.0,0
Oi0000959,Ord000481,Prod00174,10.0,5
Oi0000960,Ord000482,Prod00326,2.0,15
Oi0000962,Ord000483,Prod00274,2.0,0
Oi0000963,Ord000484,Prod00249,2.0,25
Oi0000964,Ord000485,Prod00509,1.0,15
Oi0000965,Ord000486,Prod00411,1.0,0
Oi0000966,Ord000487,Prod00107,5.0,5
Oi0000968,Ord000488,Prod00019,3.0,5
Oi0000969,Ord000488,Prod00085,1.0,25
Oi0000970,Ord000488,Prod00492,1.0,0
Oi0000971,Ord000488,Prod00582,2.0,15
Oi0000972,Ord000489,Prod00356,10.0,5
Oi0000973,Ord000489,Prod00068,2.0,25
Oi0000975,Ord000490,Prod00200,1.0,25
Oi0000976,Ord000491,Prod00220,1.0,5
Oi0000977,Ord000491,Prod00262,2.0,5
Oi0000978,Ord000491,Prod00226,1.0,0
Oi0000979,Ord000491,Prod00329,10.0,0
Oi0000980,Ord000492,Prod00305,2.0,15
Oi0000981,Ord000492,Prod00038,1.0,20
Oi0000983,Ord000494,Prod00081,2.0,5
Oi0000984,Ord000494,Prod00229,1.0,0
Oi0000985,Ord000495,Prod00474,10.0,20
Oi0000986,Ord000495,Prod00479,2.0,15
Oi0000987,Ord000495,Prod00231,1.0,0
Oi0000988,Ord000495,Prod00221,1.0,15
Oi0000989,Ord000496,Prod00166,2.0,15
Oi0000990,Ord000497,Prod00260,1.0,5
Oi0000992,Ord000498,Prod00283,5.0,15
Oi0000993,Ord000498,Prod00482,1.0,25
Oi0000994,Ord000498,Prod00476,1.0,15
Oi0000995,Ord000499,Prod00504,1.0,0
Oi0000996,Ord000500,Prod00199,1.0,25
Oi0000997,Ord000500,Prod00372,4.0,25
Oi0000999,Ord000501,Prod00290,2.0,10
Oi0001000,Ord000501,Prod00598,1.0,25
Oi0001001,Ord000502,Prod00081,2.0,15
Oi0001002,Ord000502,Prod00242,2.0,15
Oi0001003,Ord000502,Prod00401,3.0,25
Oi0001004,Ord000502,Prod00111,1.0,0
Oi0001005,Ord000503,Prod00030,10.0,0
Oi0001006,Ord000503,Prod00510,2.0,20
Oi0001008,Ord000504,Prod00132,4.0,0
Oi0001010,Ord000504,Prod00059,1.0,10
Oi0001012,Ord000505,Prod00157,500.0,0
Oi0001013,Ord000505,Prod00306,10.0,5
Oi0001014,Ord000506,Prod00215,10.0,15
Oi0001015,Ord000507,Prod00426,10.0,15
Oi0001017,Ord000508,Prod00072,2.0,0
Oi0001018,Ord000509,Prod00535,2.0,0
Oi0001019,Ord000509,Prod00308,1.0,5
Oi0001021,Ord000511,Prod00461,2.0,0
Oi0001022,Ord000512,Prod00240,1.0,20
Oi0001023,Ord000512,Prod00559,10.0,0
Oi0001024,Ord000513,Prod00256,2.0,10
Oi0001025,Ord000514,Prod00139,1.0,5
Oi0001026,Ord000514,Prod00375,5.0,0
Oi0001027,Ord000515,Prod00273,2.0,0
Oi0001028,Ord000515,Prod00269,1.0,15
Oi0001029,Ord000515,Prod00445,5.0,20
Oi0001030,Ord000515,Prod00379,10.0,20
Oi0001031,Ord000516,Prod00018,2.0,0
Oi0001032,Ord000517,Prod00485,1.0,15
Oi0001033,Ord000517,Prod00188,1.0,5
Oi0001035,Ord000518,Prod00336,10.0,5
Oi0001036,Ord000518,Prod00438,1.0,20
Oi0001037,Ord000519,Prod00335,10.0,5
Oi0001038,Ord000519,Prod00444,4.0,0
Oi0001039,Ord000520,Prod00176,5.0,0
Oi0001041,Ord000520,Prod00143,1.0,0
Oi0001042,Ord000521,Prod00150,5.0,0
Oi0001043,Ord000522,Prod00356,1.0,20
Oi0001044,Ord000523,Prod00206,1.0,10
Oi0001046,Ord000523,Prod00292,1.0,0
Oi0001047,Ord000524,Prod00509,2.0,15
Oi0001048,Ord000524,Prod00229,10.0,0
Oi0001049,Ord000525,Prod00409,2.0,15
Oi0001050,Ord000526,Prod00370,1.0,5
Oi0001051,Ord000527,Prod00365,1.0,0
Oi0001052,Ord000527,Prod00492,1.0,0
Oi0001053,Ord000528,Prod00015,3.0,10
Oi0001055,Ord000529,Prod00367,1.0,15
Oi0001056,Ord000529,Prod00135,3.0,15
Oi0001057,Ord000530,Prod00306,4.0,0
Oi0001058,Ord000531,Prod00160,10.0,20
Oi0001059,Ord000532,Prod00199,500.0,20
Oi0001060,Ord000533,Prod00028,2.0,20
Oi0001061,Ord000534,Prod00245,3.0,0
Oi0001062,Ord000534,Prod00054,3.0,15
Oi0001063,Ord000534,Prod00252,1.0,25
Oi0001064,Ord000535,Prod00361,4.0,0
Oi0001065,Ord000535,Prod00319,4.0,25
Oi0001066,Ord000535,Prod00372,1.0,25
Oi0001067,Ord000535,Prod00494,1.0,5
Oi0001068,Ord000536,Prod00088,3.0,0
Oi0001069,Ord000537,Prod00398,1.0,10
Oi0001070,Ord000538,Prod00346,1.0,0
Oi0001072,Ord000539,Prod00166,2.0,0
Oi0001073,Ord000540,Prod00253,1.0,15
Oi0001074,Ord000540,Prod00486,1.0,25
Oi0001075,Ord000540,Prod00147,5.0,15
Oi0001076,Ord000540,Prod00441,1.0,20
Oi0001077,Ord000541,Prod00380,5.0,20
Oi0001078,Ord000542,Prod00319,10.0,25
Oi0001079,Ord000543,Prod00297,1.0,15
Oi0001080,Ord000543,Prod00003,2.0,15
Oi0001081,Ord000543,Prod00432,2.0,25
Oi0001083,Ord000544,Prod00339,1.0,25
Oi0001084,Ord000544,Prod00443,2.0,25
Oi0001085,Ord000545,Prod00176,2.0,15
Oi0001088,Ord000547,Prod00535,3.0,5
Oi0001089,Ord000547,Prod00435,2.0,15
Oi0001090,Ord000548,Prod00446,1.0,0
Oi0001091,Ord000549,Prod00591,1.0,0
Oi0001092,Ord000549,Prod00023,1.0,0
Oi0001095,Ord000551,Prod00201,1.0,0
Oi0001096,Ord000552,Prod00427,2.0,15
Oi0001097,Ord000553,Prod00459,2.0,0
Oi0001098,Ord000553,Prod00490,5.0,15
Oi0001099,Ord000553,Prod00116,2.0,20
Oi0001100,Ord000554,Prod00463,1.0,15
Oi0001101,Ord000555,Prod00310,10.0,25
Oi0001102,Ord000555,Prod00151,5.0,15
Oi0001103,Ord000555,Prod00137,5.0,0
Oi0001104,Ord000556,Prod00464,10.0,10
Oi0001105,Ord000556,Prod00331,1.0,0
Oi0001106,Ord000557,Prod00585,10.0,0
Oi0001107,Ord000557,Prod00393,5.0,10
Oi0001108,Ord000557,Prod00129,4.0,5
Oi0001109,Ord000558,Prod00562,5.0,15
Oi0001110,Ord000558,Prod00332,1.0,0
Oi0001111,Ord000559,Prod00141,2.0,20
Oi0001113,Ord000560,Prod00459,2.0,10
Oi0001114,Ord000560,Prod00182,5.0,0
Oi0001115,Ord000560,Prod00230,2.0,5
Oi0001116,Ord000561,Prod00107,5.0,0
Oi0001117,Ord000561,Prod00557,2.0,15
Oi0001119,Ord000561,Prod00117,1.0,25
Oi0001120,Ord000562,Prod00439,3.0,0
Oi0001121,Ord000563,Prod00323,1.0,20
Oi0001122,Ord000564,Prod00474,1.0,5
Oi0001124,Ord000565,Prod00327,1.0,0
Oi0001125,Ord000565,Prod00334,10.0,0
Oi0001126,Ord000565,Prod00222,5.0,0
Oi0001127,Ord000566,Prod00339,1.0,10
Oi0001128,Ord000566,Prod00135,5.0,20
Oi0001129,Ord000566,Prod00006,5.0,0
Oi0001131,Ord000567,Prod00216,3.0,25
Oi0001132,Ord000567,Prod00132,3.0,10
Oi0001133,Ord000568,Prod00228,1.0,25
Oi0001134,Ord000568,Prod00598,3.0,15
Oi0001135,Ord000569,Prod00027,1.0,5
Oi0001136,Ord000569,Prod00047,2.0,25
Oi0001137,Ord000569,Prod00020,4.0,25
Oi0001138,Ord000569,Prod00009,10.0,0
Oi0001139,Ord000570,Prod00228,4.0,20
Oi0001140,Ord000570,Prod00505,10.0,0
Oi0001141,Ord000571,Prod00587,5.0,0
Oi0001142,Ord000571,Prod00075,5.0,20
Oi0001143,Ord000571,Prod00058,4.0,15
Oi0001144,Ord000571,Prod00486,10.0,15
Oi0001145,Ord000572,Prod00526,5.0,0
Oi0001146,Ord000573,Prod00310,4.0,10
Oi0001147,Ord000574,Prod00343,1.0,20
Oi0001148,Ord000574,Prod00577,1.0,0
Oi0001149,Ord000574,Prod00216,1.0,20
Oi0001150,Ord000575,Prod00338,4.0,0
Oi0001151,Ord000575,Prod00503,1.0,20
Oi0001152,Ord000575,Prod00494,3.0,10
Oi0001153,Ord000576,Prod00366,4.0,20
Oi0001155,Ord000578,Prod00327,5.0,0
Oi0001156,Ord000578,Prod00485,10.0,5
Oi0001157,Ord000579,Prod00282,1.0,10
Oi0001158,Ord000580,Prod00114,10.0,25
Oi0001159,Ord000581,Prod00136,2.0,0
Oi0001160,Ord000582,Prod00008,2.0,20
Oi0001161,Ord000582,Prod00250,1.0,0
Oi0001162,Ord000582,Prod00485,4.0,20
Oi0001163,Ord000582,Prod00534,4.0,0
Oi0001164,Ord000583,Prod00406,1.0,10
Oi0001165,Ord000583,Prod00339,1.0,25
Oi0001166,Ord000583,Prod00571,4.0,5
Oi0001167,Ord000584,Prod00326,3.0,20
Oi0001169,Ord000585,Prod00336,4.0,0
Oi0001171,Ord000586,Prod00521,1.0,10
Oi0001172,Ord000587,Prod00211,10.0,5
Oi0001173,Ord000587,Prod00239,1.0,0
Oi0001174,Ord000587,Prod00010,4.0,20
Oi0001175,Ord000588,Prod00369,10.0,5
Oi0001176,Ord000588,Prod00455,1.0,0
Oi0001177,Ord000589,Prod00004,3.0,0
Oi0001178,Ord000590,Prod00281,1.0,0
Oi0001179,Ord000590,Prod00523,4.0,25
Oi0001180,Ord000591,Prod00374,4.0,0
Oi0001181,Ord000591,Prod00209,3.0,10
Oi0001182,Ord000591,Prod00050,4.0,0
Oi0001183,Ord000592,Prod00127,3.0,25
Oi0001185,Ord000593,Prod00465,1.0,20
Oi0001186,Ord000593,Prod00174,1.0,25
Oi0001187,Ord000593,Prod00174,2.0,15
Oi0001188,Ord000593,Prod00294,4.0,5
Oi0001189,Ord000594,Prod00395,4.0,5
Oi0001190,Ord000594,Prod00024,4.0,20
Oi0001191,Ord000595,Prod00233,3.0,20
Oi0001192,Ord000595,Prod00156,1.0,20
Oi0001193,Ord000595,Prod00421,2.0,25
Oi0001194,Ord000596,Prod00123,2.0,0
Oi0001195,Ord000596,Prod00384,2.0,5
Oi0001196,Ord000597,Prod00027,1.0,0
Oi0001197,Ord000598,Prod00134,4.0,25
Oi0001198,Ord000598,Prod00293,2.0,10
Oi0001200,Ord000599,Prod00170,3.0,20
Oi0001203,Ord000600,Prod00423,1.0,10
Oi0001204,Ord000601,Prod00360,2.0,5
Oi0001205,Ord000601,Prod00119,10.0,10
Oi0001206,Ord000602,Prod00521,1.0,5
Oi0001209,Ord000603,Prod00071,1.0,0
Oi0001210,Ord000604,Prod00193,4.0,0
Oi0001211,Ord000605,Prod00487,4.0,15
Oi0001212,Ord000605,Prod00140,1.0,0
Oi0001213,Ord000605,Prod00501,2.0,5
Oi0001214,Ord000606,Prod00542,1.0,10
Oi0001215,Ord000607,Prod00576,1.0,0
Oi0001216,Ord000607,Prod00424,3.0,0
Oi0001217,Ord000607,Prod00281,1.0,5
Oi0001218,Ord000607,Prod00358,10.0,0
Oi0001219,Ord000608,Prod00553,2.0,15
Oi0001220,Ord000609,Prod00181,4.0,10
Oi0001222,Ord000610,Prod00177,5.0,20
Oi0001223,Ord000611,Prod00591,3.0,0
Oi0001224,Ord000612,Prod00365,2.0,5
Oi0001225,Ord000612,Prod00127,1.0,15
Oi0001226,Ord000613,Prod00317,5.0,0
Oi0001228,Ord000613,Prod00126,3.0,0
Oi0001230,Ord000614,Prod00066,2.0,0
Oi0001232,Ord000615,Prod00204,3.0,0
Oi0001233,Ord000615,Prod00432,1.0,0
Oi0001234,Ord000615,Prod00115,3.0,0
Oi0001235,Ord000616,Prod00161,5.0,15
Oi0001236,Ord000616,Prod00338,2.0,20
Oi0001239,Ord000617,Prod00511,10.0,15
Oi0001240,Ord000618,Prod00257,1.0,5
Oi0001241,Ord000618,Prod00109,5.0,0
Oi0001242,Ord000618,Prod00348,10.0,0
Oi0001243,Ord000619,Prod00560,10.0,0
Oi0001244,Ord000620,Prod00043,1.0,15
Oi0001245,Ord000620,Prod00337,1.0,15
Oi0001246,Ord000621,Prod00479,1.0,0
Oi0001249,Ord000621,Prod00575,1.0,5
Oi0001250,Ord000622,Prod00467,1.0,0
Oi0001251,Ord000623,Prod00192,5.0,20
Oi0001252,Ord000623,Prod00596,10.0,0
Oi0001253,Ord000623,Prod00313,1.0,0
Oi0001254,Ord000624,Prod00364,1.0,25
Oi0001255,Ord000624,Prod00574,10.0,20
Oi0001256,Ord000625,Prod00190,3.0,25
Oi0001260,Ord000628,Prod00529,2.0,0
Oi0001261,Ord000629,Prod00348,5.0,0
Oi0001262,Ord000630,Prod00320,2.0,0
Oi0001263,Ord000630,Prod00483,1.0,10
Oi0001264,Ord000630,Prod00551,3.0,20
Oi0001266,Ord000631,Prod00477,10.0,15
Oi0001267,Ord000632,Prod00067,2.0,25
Oi0001268,Ord000633,Prod00155,5.0,0
Oi0001269,Ord000634,Prod00055,3.0,10
Oi0001270,Ord000634,Prod00477,1.0,0
Oi0001271,Ord000635,Prod00198,2.0,15
Oi0001272,Ord000635,Prod00048,2.0,20
Oi0001273,Ord000635,Prod00253,2.0,5
Oi0001275,Ord000636,Prod00240,2.0,15
Oi0001276,Ord000637,Prod00348,1.0,15
Oi0001278,Ord000638,Prod00425,5.0,0
Oi0001279,Ord000639,Prod00551,1.0,10
Oi0001280,Ord000639,Prod00581,1.0,0
Oi0001282,Ord000639,Prod00436,1.0,0
Oi0001284,Ord000641,Prod00463,2.0,0
Oi0001285,Ord000642,Prod00506,10.0,0
Oi0001286,Ord000643,Prod00531,1.0,0
Oi0001287,Ord000643,Prod00438,5.0,0
Oi0001288,Ord000644,Prod00332,1.0,15
Oi0001289,Ord000645,Prod00313,4.0,0
Oi0001291,Ord000646,Prod00003,1.0,20
Oi0001292,Ord000646,Prod00099,1.0,5
Oi0001293,Ord000646,Prod00149,4.0,20
Oi0001295,Ord000648,Prod00028,10.0,20
Oi0001297,Ord000649,Prod00549,2.0,0
Oi0001298,Ord000649,Prod00032,4.0,5
Oi0001299,Ord000650,Prod00112,10.0,0
Oi0001300,Ord000650,Prod00010,2.0,0
Oi0001302,Ord000652,Prod00175,1.0,5
Oi0001303,Ord000652,Prod00560,5.0,10
Oi0001304,Ord000653,Prod00293,1.0,25
Oi0001305,Ord000654,Prod00225,1.0,20
Oi0001306,Ord000654,Prod00119,2.0,0
Oi0001307,Ord000654,Prod00233,2.0,0
Oi0001308,Ord000654,Prod00549,1.0,25
Oi0001309,Ord000655,Prod00559,1.0,10
Oi0001311,Ord000656,Prod00533,5.0,25
Oi0001312,Ord000656,Prod00367,3.0,0
Oi0001313,Ord000657,Prod00006,1.0,0
Oi0001314,Ord000658,Prod00492,3.0,25
Oi0001317,Ord000660,Prod00237,2.0,10
Oi0001318,Ord000661,Prod00583,1.0,25
Oi0001320,Ord000661,Prod00175,5.0,15
Oi0001321,Ord000662,Prod00594,2.0,15
Oi0001322,Ord000663,Prod00466,4.0,25
Oi0001323,Ord000663,Prod00275,1.0,5
Oi0001324,Ord000663,Prod00049,5.0,0
Oi0001325,Ord000663,Prod00536,4.0,0
Oi0001326,Ord000664,Prod00069,2.0,10
Oi0001327,Ord000665,Prod00029,10.0,15
Oi0001328,Ord000665,Prod00153,10.0,5
Oi0001329,Ord000666,Prod00450,2.0,15
Oi0001330,Ord000666,Prod00145,1.0,0
Oi0001331,Ord000667,Prod00310,1.0,0
Oi0001332,Ord000668,Prod00366,4.0,0
Oi0001335,Ord000671,Prod00195,5.0,10
Oi0001336,Ord000671,Prod00295,1.0,5
Oi0001337,Ord000672,Prod00294,2.0,0
Oi0001339,Ord000673,Prod00120,2.0,0
Oi0001340,Ord000673,Prod00455,4.0,5
Oi0001341,Ord000673,Prod00173,1.0,5
Oi0001342,Ord000674,Prod00228,2.0,25
Oi0001343,Ord000675,Prod00212,1.0,15
Oi0001344,Ord000675,Prod00498,5.0,15
Oi0001345,Ord000675,Prod00386,5.0,20
Oi0001346,Ord000676,Prod00371,2.0,15
Oi0001347,Ord000676,Prod00487,1.0,25
Oi0001348,Ord000677,Prod00419,500.0,0
Oi0001349,Ord000678,Prod00158,1.0,0
Oi0001350,Ord000679,Prod00102,4.0,20
Oi0001351,Ord000679,Prod00178,1.0,5
Oi0001353,Ord000679,Prod00541,5.0,0
Oi0001354,Ord000680,Prod00458,4.0,10
Oi0001355,Ord000680,Prod00554,2.0,0
Oi0001356,Ord000681,Prod00055,1.0,20
Oi0001357,Ord000682,Prod00137,2.0,20
Oi0001358,Ord000683,Prod00098,2.0,15
Oi0001359,Ord000683,Prod00460,2.0,25
Oi0001360,Ord000683,Prod00094,5.0,0
Oi0001361,Ord000683,Prod00200,1.0,15
Oi0001362,Ord000684,Prod00363,10.0,10
Oi0001363,Ord000684,Prod00205,10.0,15
Oi0001365,Ord000685,Prod00424,1.0,0
Oi0001366,Ord000686,Prod00149,4.0,0
Oi0001367,Ord000687,Prod00026,10.0,0
Oi0001368,Ord000687,Prod00320,1.0,15
Oi0001369,Ord000687,Prod00167,3.0,20
Oi0001370,Ord000687,Prod00329,2.0,0
Oi0001371,Ord000688,Prod00486,4.0,20
Oi0001372,Ord000688,Prod00179,2.0,0
Oi0001373,Ord000688,Prod00361,3.0,20
Oi0001374,Ord000689,Prod00479,1.0,0
Oi0001375,Ord000689,Prod00576,1.0,10
Oi0001376,Ord000690,Prod00518,1.0,20
Oi0001377,Ord000690,Prod00129,2.0,0
Oi0001378,Ord000690,Prod00037,1.0,0
Oi0001379,Ord000690,Prod00558,2.0,25
Oi0001380,Ord000691,Prod00250,1.0,0
Oi0001381,Ord000691,Prod00082,4.0,10
Oi0001384,Ord000694,Prod00382,1.0,15
Oi0001385,Ord000695,Prod00547,1.0,0
Oi0001386,Ord000695,Prod00514,5.0,0
Oi0001387,Ord000696,Prod00384,4.0,25
Oi0001388,Ord000696,Prod00129,2.0,25
Oi0001390,Ord000698,Prod00553,1.0,10
Oi0001391,Ord000699,Prod00188,1.0,5
Oi0001393,Ord000701,Prod00014,1.0,10
Oi0001394,Ord000701,Prod00413,4.0,20
Oi0001395,Ord000702,Prod00599,2.0,15
Oi0001396,Ord000702,Prod00368,4.0,20
Oi0001397,Ord000702,Prod00544,2.0,5
Oi0001399,Ord000703,Prod00255,2.0,0
Oi0001400,Ord000703,Prod00593,2.0,0
Oi0001401,Ord000703,Prod00221,2.0,0
Oi0001402,Ord000704,Prod00507,1.0,20
Oi0001403,Ord000704,Prod00565,5.0,0
Oi0001404,Ord000705,Prod00500,2.0,0
Oi0001405,Ord000705,Prod00230,4.0,0
Oi0001406,Ord000706,Prod00225,5.0,10
Oi0001407,Ord000706,Prod00108,1.0,20
Oi0001408,Ord000706,Prod00441,2.0,20
Oi0001409,Ord000707,Prod00243,1.0,10
Oi0001410,Ord000708,Prod00077,10.0,15
Oi0001411,Ord000709,Prod00192,10.0,20
Oi0001412,Ord000709,Prod00298,1.0,0
Oi0001413,Ord000709,Prod00513,2.0,5
Oi0001414,Ord000710,Prod00302,2.0,0
Oi0001415,Ord000711,Prod00528,2.0,0
Oi0001417,Ord000712,Prod00191,1.0,0
Oi0001419,Ord000712,Prod00398,5.0,0
Oi0001422,Ord000714,Prod00164,5.0,25
Oi0001423,Ord000714,Prod00254,1.0,20
Oi0001424,Ord000715,Prod00111,4.0,0
Oi0001425,Ord000715,Prod00348,1.0,20
Oi0001426,Ord000716,Prod00117,2.0,20
Oi0001427,Ord000717,Prod00577,2.0,0
Oi0001428,Ord000717,Prod00592,5.0,25
Oi0001429,Ord000717,Prod00355,2.0,0
Oi0001430,Ord000717,Prod00551,2.0,20
Oi0001431,Ord000718,Prod00223,3.0,0
Oi0001432,Ord000719,Prod00187,2.0,0
Oi0001433,Ord000720,Prod00024,2.0,20
Oi0001434,Ord000720,Prod00132,1.0,0
Oi0001435,Ord000721,Prod00419,2.0,10
Oi0001436,Ord000721,Prod00459,1.0,0
Oi0001437,Ord000722,Prod00376,1.0,20
Oi0001438,Ord000723,Prod00038,5.0,10
Oi0001439,Ord000724,Prod00201,1.0,0
Oi0001440,Ord000724,Prod00245,4.0,25
Oi0001441,Ord000725,Prod00401,1.0,5
Oi0001442,Ord000725,Prod00345,1.0,15
Oi0001443,Ord000726,Prod00552,1.0,15
Oi0001444,Ord000727,Prod00575,4.0,25
Oi0001445,Ord000728,Prod00100,5.0,0
Oi0001446,Ord000729,Prod00556,5.0,0
Oi0001448,Ord000730,Prod00310,1.0,0
Oi0001449,Ord000731,Prod00070,3.0,20
Oi0001450,Ord000731,Prod00563,1.0,0
Oi0001451,Ord000732,Prod00565,5.0,10
Oi0001452,Ord000733,Prod00209,2.0,25
Oi0001453,Ord000733,Prod00192,5.0,15
Oi0001454,Ord000733,Prod00450,1.0,20
Oi0001455,Ord000733,Prod00495,1.0,5
Oi0001458,Ord000735,Prod00125,1.0,20
Oi0001459,Ord000736,Prod00029,2.0,5
Oi0001460,Ord000736,Prod00483,1.0,0
Oi0001461,Ord000737,Prod00454,2.0,10
Oi0001462,Ord000737,Prod00492,4.0,25
Oi0001463,Ord000737,Prod00245,5.0,15
Oi0001465,Ord000738,Prod00045,10.0,0
Oi0001466,Ord000738,Prod00230,2.0,20
Oi0001467,Ord000738,Prod00353,1.0,25
Oi0001469,Ord000740,Prod00202,1.0,10
Oi0001470,Ord000740,Prod00003,5.0,25
Oi0001471,Ord000740,Prod00465,3.0,20
Oi0001472,Ord000740,Prod00033,3.0,10
Oi0001473,Ord000741,Prod00561,3.0,15
Oi0001477,Ord000742,Prod00382,1.0,15
Oi0001478,Ord000742,Prod00018,2.0,20
Oi0001481,Ord000743,Prod00244,5.0,25
Oi0001482,Ord000743,Prod00189,5.0,0
Oi0001483,Ord000744,Prod00570,1.0,10
Oi0001484,Ord000744,Prod00350,1.0,0
Oi0001485,Ord000744,Prod00563,1.0,20
Oi0001486,Ord000744,Prod00075,1.0,0
Oi0001487,Ord000745,Prod00358,5.0,20
Oi0001488,Ord000746,Prod00163,1.0,0
Oi0001489,Ord000746,Prod00050,1.0,20
Oi0001490,Ord000747,Prod00343,10.0,15
Oi0001491,Ord000747,Prod00256,2.0,25
Oi0001492,Ord000748,Prod00551,1.0,25
Oi0001494,Ord000749,Prod00493,4.0,0
Oi0001495,Ord000750,Prod00498,2.0,10
Oi0001496,Ord000751,Prod00134,10.0,10
Oi0001497,Ord000751,Prod00594,1.0,0
Oi0001498,Ord000752,Prod00517,5.0,25
Oi0001499,Ord000753,Prod00284,2.0,20
Oi0001500,Ord000753,Prod00285,10.0,10
Oi0001501,Ord000753,Prod00522,5.0,25
Oi0001502,Ord000754,Prod00423,1.0,0
Oi0001504,Ord000755,Prod00133,4.0,10
Oi0001506,Ord000756,Prod00410,3.0,0
Oi0001507,Ord000757,Prod00450,2.0,15
Oi0001508,Ord000758,Prod00336,10.0,15
Oi0001509,Ord000759,Prod00419,1.0,0
Oi0001510,Ord000760,Prod00557,1.0,0
Oi0001511,Ord000760,Prod00131,2.0,5
Oi0001512,Ord000760,Prod00076,10.0,10
Oi0001513,Ord000761,Prod00199,1.0,15
Oi0001514,Ord000762,Prod00484,4.0,10
Oi0001515,Ord000762,Prod00032,1.0,15
Oi0001516,Ord000762,Prod00344,10.0,10
Oi0001517,Ord000762,Prod00220,4.0,10
Oi0001518,Ord000763,Prod00244,3.0,0
Oi0001519,Ord000764,Prod00245,10.0,20
Oi0001520,Ord000765,Prod00164,1.0,0
Oi0001521,Ord000766,Prod00471,4.0,15
Oi0001522,Ord000767,Prod00275,1.0,15
Oi0001523,Ord000767,Prod00114,2.0,0
Oi0001524,Ord000767,Prod00216,5.0,5
Oi0001525,Ord000767,Prod00280,10.0,0
Oi0001526,Ord000768,Prod00293,2.0,0
Oi0001527,Ord000768,Prod00435,4.0,20
Oi0001528,Ord000769,Prod00123,500.0,15
Oi0001529,Ord000769,Prod00593,10.0,20
Oi0001530,Ord000770,Prod00047,4.0,0
Oi0001531,Ord000770,Prod00431,2.0,10
Oi0001532,Ord000770,Prod00111,2.0,0
Oi0001534,Ord000771,Prod00285,10.0,0
Oi0001535,Ord000771,Prod00295,1.0,0
Oi0001536,Ord000772,Prod00065,2.0,10
Oi0001537,Ord000772,Prod00272,3.0,15
Oi0001539,Ord000773,Prod00593,3.0,15
Oi0001540,Ord000774,Prod00019,3.0,20
Oi0001541,Ord000774,Prod00191,1.0,10
Oi0001542,Ord000775,Prod00215,2.0,0
Oi0001543,Ord000775,Prod00471,2.0,10
Oi0001544,Ord000775,Prod00117,1.0,15
Oi0001545,Ord000775,Prod00112,1.0,0
Oi0001546,Ord000776,Prod00585,10.0,20
Oi0001547,Ord000776,Prod00352,2.0,0
Oi0001548,Ord000777,Prod00282,2.0,25
Oi0001549,Ord000778,Prod00436,1.0,5
Oi0001550,Ord000779,Prod00509,1.0,0
Oi0001551,Ord000779,Prod00066,1.0,5
Oi0001554,Ord000781,Prod00246,2.0,0
Oi0001555,Ord000781,Prod00525,2.0,0
Oi0001556,Ord000781,Prod00306,3.0,20
Oi0001557,Ord000781,Prod00054,1.0,10
Oi0001558,Ord000782,Prod00074,1.0,5
Oi0001561,Ord000785,Prod00346,1.0,25
Oi0001562,Ord000786,Prod00336,1.0,0
Oi0001563,Ord000786,Prod00266,2.0,25
Oi0001564,Ord000787,Prod00185,4.0,0
Oi0001566,Ord000789,Prod00206,1.0,0
Oi0001567,Ord000789,Prod00196,1.0,0
Oi0001568,Ord000789,Prod00039,5.0,10
Oi0001569,Ord000790,Prod00036,500.0,25
Oi0001570,Ord000790,Prod00450,1.0,5
Oi0001571,Ord000791,Prod00444,1.0,0
Oi0001572,Ord000791,Prod00263,1.0,5
Oi0001573,Ord000792,Prod00424,4.0,5
Oi0001574,Ord000793,Prod00108,1.0,10
Oi0001575,Ord000794,Prod00574,3.0,25
Oi0001576,Ord000794,Prod00490,5.0,20
Oi0001577,Ord000795,Prod00053,3.0,10
Oi0001578,Ord000796,Prod00443,4.0,10
Oi0001579,Ord000797,Prod00458,1.0,0
Oi0001580,Ord000797,Prod00032,1.0,0
Oi0001581,Ord000798,Prod00318,10.0,25
Oi0001582,Ord000798,Prod00290,2.0,0
Oi0001583,Ord000799,Prod00366,5.0,15
Oi0001584,Ord000799,Prod00261,1.0,0
Oi0001585,Ord000800,Prod00090,3.0,5
Oi0001586,Ord000800,Prod00531,3.0,25
Oi0001587,Ord000801,Prod00256,5.0,5
Oi0001588,Ord000801,Prod00148,5.0,25
Oi0001589,Ord000801,Prod00571,4.0,25
Oi0001590,Ord000801,Prod00462,4.0,10
Oi0001591,Ord000802,Prod00421,2.0,25
Oi0001592,Ord000802,Prod00056,1.0,5
Oi0001593,Ord000802,Prod00196,5.0,20
Oi0001594,Ord000802,Prod00184,1.0,0
Oi0001595,Ord000803,Prod00060,5.0,10
Oi0001596,Ord000803,Prod00579,5.0,20
Oi0001597,Ord000803,Prod00501,1.0,15
Oi0001598,Ord000803,Prod00253,1.0,15
Oi0001600,Ord000805,Prod00190,4.0,0
Oi0001602,Ord000806,Prod00336,5.0,15
Oi0001603,Ord000807,Prod00244,1.0,0
Oi0001604,Ord000807,Prod00153,2.0,20
Oi0001605,Ord000807,Prod00597,2.0,0
Oi0001606,Ord000807,Prod00136,4.0,0
Oi0001607,Ord000808,Prod00020,2.0,0
Oi0001608,Ord000808,Prod00319,1.0,10
Oi0001610,Ord000809,Prod00181,1.0,10
Oi0001611,Ord000810,Prod00176,10.0,0
Oi0001612,Ord000810,Prod00446,10.0,20
Oi0001613,Ord000811,Prod00519,5.0,0
Oi0001614,Ord000812,Prod00542,3.0,15
Oi0001615,Ord000813,Prod00586,1.0,15
Oi0001616,Ord000813,Prod00317,4.0,15
Oi0001617,Ord000814,Prod00471,3.0,20
Oi0001618,Ord000815,Prod00448,2.0,10
Oi0001619,Ord000816,Prod00555,1.0,0
Oi0001620,Ord000817,Prod00262,2.0,0
Oi0001621,Ord000818,Prod00213,1.0,25
Oi0001622,Ord000818,Prod00104,3.0,0
Oi0001623,Ord000818,Prod00549,1.0,0
Oi0001624,Ord000818,Prod00339,10.0,0
Oi0001625,Ord000819,Prod00025,1.0,15
Oi0001626,Ord000819,Prod00262,2.0,0
Oi0001627,Ord000820,Prod00100,2.0,15
Oi0001628,Ord000820,Prod00407,10.0,0
Oi0001629,Ord000821,Prod00244,1.0,10
Oi0001630,Ord000821,Prod00574,2.0,25
Oi0001631,Ord000821,Prod00420,3.0,20
Oi0001632,Ord000822,Prod00288,1.0,25
Oi0001633,Ord000823,Prod00450,1.0,20
Oi0001634,Ord000823,Prod00233,1.0,0
Oi0001635,Ord000824,Prod00595,5.0,25
Oi0001636,Ord000824,Prod00202,3.0,0
Oi0001637,Ord000825,Prod00306,5.0,0
Oi0001638,Ord000825,Prod00427,1.0,10
Oi0001639,Ord000826,Prod00397,3.0,5
Oi0001641,Ord000826,Prod00168,10.0,20
Oi0001642,Ord000826,Prod00372,4.0,0
Oi0001643,Ord000827,Prod00582,1.0,0
Oi0001644,Ord000828,Prod00282,2.0,20
Oi0001645,Ord000829,Prod00543,5.0,5
Oi0001646,Ord000830,Prod00307,3.0,20
Oi0001647,Ord000831,Prod00030,10.0,0
Oi0001649,Ord000832,Prod00126,4.0,5
Oi0001650,Ord000832,Prod00053,1.0,10
Oi0001651,Ord000832,Prod00315,1.0,20
Oi0001652,Ord000832,Prod00091,1.0,20
Oi0001653,Ord000833,Prod00534,1.0,0
Oi0001655,Ord000833,Prod00442,5.0,20
Oi0001656,Ord000834,Prod00026,1.0,0
Oi0001658,Ord000835,Prod00483,1.0,0
Oi0001659,Ord000835,Prod00218,1.0,5
Oi0001660,Ord000835,Prod00421,1.0,10
Oi0001662,Ord000836,Prod00235,2.0,5
Oi0001663,Ord000836,Prod00171,1.0,15
Oi0001664,Ord000837,Prod00416,2.0,0
Oi0001665,Ord000837,Prod00389,4.0,5
Oi0001667,Ord000839,Prod00536,1.0,25
Oi0001668,Ord000839,Prod00146,2.0,0
Oi0001669,Ord000840,Prod00554,2.0,20
Oi0001670,Ord000840,Prod00333,5.0,10
Oi0001671,Ord000841,Prod00425,2.0,0
Oi0001673,Ord000843,Prod00475,2.0,15
Oi0001675,Ord000843,Prod00486,1.0,25
Oi0001676,Ord000843,Prod00171,5.0,0
Oi0001677,Ord000844,Prod00317,2.0,15
Oi0001678,Ord000844,Prod00214,5.0,0
Oi0001679,Ord000845,Prod00361,5.0,15
Oi0001680,Ord000846,Prod00264,2.0,25
Oi0001681,Ord000846,Prod00440,1.0,0
Oi0001683,Ord000847,Prod00440,1.0,5
Oi0001685,Ord000848,Prod00120,10.0,5
Oi0001686,Ord000848,Prod00568,1.0,15
Oi0001687,Ord000849,Prod00442,1.0,25
Oi0001688,Ord000849,Prod00279,1.0,15
Oi0001691,Ord000850,Prod00551,3.0,5
Oi0001693,Ord000850,Prod00504,2.0,20
Oi0001694,Ord000850,Prod00332,3.0,0
Oi0001696,Ord000852,Prod00488,1.0,0
Oi0001697,Ord000852,Prod00265,3.0,0
Oi0001698,Ord000852,Prod00550,1.0,0
Oi0001699,Ord000852,Prod00002,2.0,15
Oi0001700,Ord000853,Prod00318,3.0,20
Oi0001701,Ord000853,Prod00290,2.0,20
Oi0001702,Ord000854,Prod00238,2.0,25
Oi0001704,Ord000855,Prod00352,10.0,20
Oi0001705,Ord000855,Prod00563,1.0,15
Oi0001707,Ord000857,Prod00233,5.0,20
Oi0001709,Ord000858,Prod00186,1.0,0
Oi0001710,Ord000858,Prod00435,3.0,5
Oi0001711,Ord000859,Prod00595,1.0,10
Oi0001712,Ord000860,Prod00073,1.0,0
Oi0001713,Ord000861,Prod00312,2.0,25
Oi0001714,Ord000861,Prod00512,1.0,15
Oi0001716,Ord000863,Prod00318,5.0,15
Oi0001717,Ord000864,Prod00157,3.0,0
Oi0001718,Ord000864,Prod00031,5.0,0
Oi0001719,Ord000864,Prod00019,1.0,0
Oi0001720,Ord000864,Prod00288,2.0,0
Oi0001721,Ord000865,Prod00261,3.0,0
Oi0001723,Ord000866,Prod00215,3.0,15
Oi0001724,Ord000867,Prod00410,1.0,5
Oi0001725,Ord000867,Prod00357,5.0,0
Oi0001726,Ord000868,Prod00245,5.0,5
Oi0001727,Ord000868,Prod00252,4.0,0
Oi0001729,Ord000870,Prod00235,1.0,0
Oi0001730,Ord000870,Prod00316,2.0,0
Oi0001731,Ord000871,Prod00299,5.0,10
Oi0001732,Ord000872,Prod00216,3.0,0
Oi0001733,Ord000873,Prod00202,4.0,0
Oi0001734,Ord000873,Prod00570,10.0,15
Oi0001735,Ord000873,Prod00024,2.0,25
Oi0001737,Ord000874,Prod00572,2.0,25
Oi0001738,Ord000875,Prod00408,1.0,10
Oi0001741,Ord000877,Prod00353,5.0,15
Oi0001742,Ord000877,Prod00514,10.0,0
Oi0001743,Ord000877,Prod00494,10.0,0
Oi0001744,Ord000878,Prod00308,2.0,10
Oi0001745,Ord000879,Prod00340,1.0,15
Oi0001746,Ord000879,Prod00403,4.0,0
Oi0001747,Ord000880,Prod00236,4.0,25
Oi0001748,Ord000880,Prod00284,2.0,15
Oi0001749,Ord000881,Prod00270,2.0,15
Oi0001751,Ord000881,Prod00448,4.0,0
Oi0001753,Ord000882,Prod00253,10.0,20
Oi0001755,Ord000884,Prod00031,1.0,15
Oi0001756,Ord000884,Prod00501,1.0,25
Oi0001757,Ord000885,Prod00077,1.0,5
Oi0001758,Ord000885,Prod00342,10.0,5
Oi0001759,Ord000886,Prod00096,1.0,25
Oi0001762,Ord000887,Prod00001,10.0,25
Oi0001763,Ord000888,Prod00524,10.0,15
Oi0001765,Ord000888,Prod00314,1.0,0
Oi0001766,Ord000889,Prod00169,3.0,10
Oi0001767,Ord000889,Prod00256,1.0,5
Oi0001769,Ord000890,Prod00461,1.0,20
Oi0001770,Ord000891,Prod00275,3.0,0
Oi0001771,Ord000891,Prod00012,5.0,0
Oi0001773,Ord000893,Prod00596,3.0,25
Oi0001774,Ord000893,Prod00114,4.0,20
Oi0001775,Ord000893,Prod00554,1.0,5
Oi0001776,Ord000894,Prod00401,1.0,0
Oi0001777,Ord000895,Prod00555,1.0,25
Oi0001779,Ord000896,Prod00560,4.0,5
Oi0001780,Ord000897,Prod00238,1.0,0
Oi0001781,Ord000898,Prod00471,10.0,0
Oi0001782,Ord000898,Prod00496,2.0,5
Oi0001784,Ord000900,Prod00285,3.0,20
Oi0001785,Ord000900,Prod00249,500.0,10
Oi0001787,Ord000901,Prod00408,2.0,10
Oi0001788,Ord000901,Prod00283,1.0,10
Oi0001789,Ord000901,Prod00265,4.0,20
Oi0001791,Ord000903,Prod00464,5.0,25
Oi0001792,Ord000904,Prod00416,5.0,15
Oi0001794,Ord000905,Prod00567,4.0,0
Oi0001795,Ord000906,Prod00211,1.0,25
Oi0001796,Ord000907,Prod00590,1.0,25
Oi0001797,Ord000908,Prod00334,1.0,20
Oi0001798,Ord000908,Prod00220,2.0,0
Oi0001799,Ord000908,Prod00042,1.0,25
Oi0001800,Ord000909,Prod00387,2.0,25
Oi0001801,Ord000909,Prod00296,2.0,0
Oi0001803,Ord000910,Prod00216,1.0,0
Oi0001804,Ord000910,Prod00012,5.0,0
Oi0001805,Ord000911,Prod00359,4.0,0
Oi0001806,Ord000911,Prod00533,4.0,15
Oi0001807,Ord000911,Prod00388,1.0,25
Oi0001808,Ord000912,Prod00551,3.0,0
Oi0001809,Ord000912,Prod00524,2.0,5
Oi0001810,Ord000913,Prod00543,1.0,0
Oi0001813,Ord000914,Prod00494,2.0,0
Oi0001814,Ord000914,Prod00450,4.0,25
Oi0001816,Ord000915,Prod00311,4.0,15
Oi0001818,Ord000915,Prod00001,1.0,10
Oi0001819,Ord000916,Prod00423,5.0,5
Oi0001820,Ord000916,Prod00430,2.0,15
Oi0001822,Ord000917,Prod00439,1.0,20
Oi0001823,Ord000917,Prod00308,4.0,20
Oi0001824,Ord000918,Prod00018,10.0,0
Oi0001825,Ord000919,Prod00531,10.0,20
Oi0001826,Ord000919,Prod00580,4.0,15
Oi0001827,Ord000919,Prod00420,1.0,25
Oi0001828,Ord000920,Prod00559,3.0,0
Oi0001829,Ord000920,Prod00244,1.0,15
Oi0001830,Ord000921,Prod00054,4.0,15
Oi0001831,Ord000922,Prod00324,1.0,0
Oi0001832,Ord000922,Prod00067,1.0,25
Oi0001833,Ord000923,Prod00579,1.0,25
Oi0001834,Ord000923,Prod00396,1.0,0
Oi0001835,Ord000923,Prod00019,1.0,0
Oi0001836,Ord000923,Prod00457,2.0,0
Oi0001837,Ord000924,Prod00153,1.0,0
Oi0001838,Ord000924,Prod00378,1.0,20
Oi0001839,Ord000924,Prod00497,1.0,0
Oi0001840,Ord000924,Prod00211,2.0,0
Oi0001841,Ord000925,Prod00195,5.0,25
Oi0001842,Ord000925,Prod00090,10.0,0
Oi0001843,Ord000926,Prod00290,3.0,20
Oi0001844,Ord000927,Prod00525,2.0,10
Oi0001845,Ord000927,Prod00169,4.0,25
Oi0001846,Ord000928,Prod00464,2.0,5
Oi0001848,Ord000928,Prod00371,10.0,10
Oi0001849,Ord000929,Prod00232,4.0,20
Oi0001850,Ord000930,Prod00556,3.0,15
Oi0001851,Ord000930,Prod00547,4.0,0
Oi0001852,Ord000931,Prod00241,2.0,5
Oi0001854,Ord000932,Prod00571,5.0,20
Oi0001855,Ord000933,Prod00008,5.0,20
Oi0001856,Ord000933,Prod00220,3.0,0
Oi0001857,Ord000933,Prod00222,2.0,0
Oi0001859,Ord000934,Prod00533,3.0,15
Oi0001860,Ord000935,Prod00549,2.0,0
Oi0001861,Ord000935,Prod00312,4.0,0
Oi0001862,Ord000936,Prod00059,1.0,0
Oi0001863,Ord000936,Prod00273,3.0,5
Oi0001864,Ord000937,Prod00267,10.0,0
Oi0001865,Ord000938,Prod00046,5.0,5
Oi0001866,Ord000938,Prod00591,3.0,25
Oi0001868,Ord000940,Prod00095,2.0,20
Oi0001869,Ord000940,Prod00279,4.0,0
Oi0001870,Ord000941,Prod00341,10.0,0
Oi0001871,Ord000941,Prod00223,1.0,5
Oi0001872,Ord000941,Prod00176,4.0,0
Oi0001873,Ord000942,Prod00419,1.0,0
Oi0001874,Ord000942,Prod00467,2.0,10
Oi0001875,Ord000943,Prod00414,1.0,15
Oi0001876,Ord000943,Prod00203,1.0,15
Oi0001877,Ord000944,Prod00212,10.0,15
Oi0001878,Ord000944,Prod00507,1.0,5
Oi0001879,Ord000944,Prod00413,1.0,0
Oi0001880,Ord000944,Prod00520,10.0,0
Oi0001881,Ord000945,Prod00503,2.0,25
Oi0001882,Ord000945,Prod00021,5.0,20
Oi0001883,Ord000946,Prod00315,10.0,15
Oi0001884,Ord000946,Prod00091,4.0,0
Oi0001885,Ord000947,Prod00467,4.0,5
Oi0001886,Ord000948,Prod00484,3.0,25
Oi0001887,Ord000949,Prod00244,1.0,25
Oi0001888,Ord000949,Prod00416,10.0,0
Oi0001889,Ord000950,Prod00199,5.0,0
Oi0001890,Ord000951,Prod00484,10.0,25
Oi0001891,Ord000951,Prod00025,1.0,20
Oi0001892,Ord000952,Prod00310,1.0,25
Oi0001893,Ord000952,Prod00158,4.0,5
Oi0001894,Ord000952,Prod00442,5.0,0
Oi0001895,Ord000952,Prod00274,2.0,10
Oi0001896,Ord000953,Prod00390,2.0,10
Oi0001897,Ord000953,Prod00273,1.0,0
Oi0001898,Ord000954,Prod00544,4.0,10
Oi0001899,Ord000954,Prod00013,1.0,15
Oi0001900,Ord000955,Prod00182,1.0,0
Oi0001901,Ord000955,Prod00462,3.0,0
Oi0001902,Ord000956,Prod00472,5.0,0
Oi0001903,Ord000957,Prod00163,1.0,25
Oi0001904,Ord000957,Prod00581,4.0,0
Oi0001906,Ord000958,Prod00102,2.0,15
Oi0001907,Ord000958,Prod00124,1.0,0
Oi0001908,Ord000959,Prod00153,1.0,15
Oi0001909,Ord000959,Prod00593,5.0,20
Oi0001910,Ord000960,Prod00284,5.0,0
Oi0001911,Ord000961,Prod00079,10.0,15
Oi0001912,Ord000961,Prod00104,1.0,25
Oi0001915,Ord000962,Prod00442,5.0,0
Oi0001916,Ord000962,Prod00096,1.0,25
Oi0001918,Ord000963,Prod00113,1.0,0
Oi0001922,Ord000965,Prod00190,1.0,0
Oi0001923,Ord000966,Prod00269,5.0,25
Oi0001924,Ord000966,Prod00560,1.0,0
Oi0001925,Ord000967,Prod00493,1.0,0
Oi0001926,Ord000967,Prod00401,5.0,0
Oi0001927,Ord000968,Prod00130,2.0,0
Oi0001928,Ord000968,Prod00336,3.0,10
Oi0001929,Ord000969,Prod00198,1.0,0
Oi0001930,Ord000969,Prod00171,4.0,15
Oi0001931,Ord000970,Prod00468,5.0,15
Oi0001932,Ord000970,Prod00579,10.0,0
Oi0001933,Ord000971,Prod00080,10.0,0
Oi0001934,Ord000972,Prod00254,5.0,0
Oi0001936,Ord000973,Prod00428,1.0,0
Oi0001937,Ord000974,Prod00525,1.0,0
Oi0001938,Ord000974,Prod00311,2.0,10
Oi0001939,Ord000975,Prod00155,10.0,0
Oi0001940,Ord000975,Prod00230,3.0,5
Oi0001941,Ord000975,Prod00463,2.0,0
Oi0001942,Ord000976,Prod00173,10.0,0
Oi0001943,Ord000977,Prod00305,10.0,20
Oi0001944,Ord000977,Prod00419,1.0,20
Oi0001945,Ord000977,Prod00387,2.0,5
Oi0001946,Ord000977,Prod00352,2.0,0
Oi0001947,Ord000978,Prod00311,500.0,10
Oi0001948,Ord000979,Prod00298,5.0,25
Oi0001949,Ord000980,Prod00088,4.0,25
Oi0001950,Ord000980,Prod00153,2.0,15
Oi0001951,Ord000980,Prod00289,2.0,5
Oi0001952,Ord000980,Prod00339,1.0,0
Oi0001953,Ord000981,Prod00440,3.0,0
Oi0001954,Ord000981,Prod00219,3.0,20
Oi0001955,Ord000981,Prod00559,10.0,20
Oi0001957,Ord000982,Prod00042,1.0,0
Oi0001958,Ord000983,Prod00289,4.0,25
Oi0001959,Ord000983,Prod00213,5.0,0
Oi0001960,Ord000984,Prod00069,1.0,5
Oi0001961,Ord000985,Prod00365,5.0,15
Oi0001963,Ord000986,Prod00185,3.0,25
Oi0001964,Ord000986,Prod00085,2.0,25
Oi0001966,Ord000987,Prod00095,2.0,15
Oi0001967,Ord000988,Prod00153,2.0,25
Oi0001968,Ord000988,Prod00136,3.0,0
Oi0001969,Ord000989,Prod00591,10.0,20
Oi0001970,Ord000989,Prod00268,500.0,0
Oi0001971,Ord000989,Prod00122,2.0,0
Oi0001972,Ord000989,Prod00135,2.0,20
Oi0001973,Ord000990,Prod00474,10.0,0
Oi0001974,Ord000990,Prod00108,1.0,0
Oi0001975,Ord000990,Prod00221,2.0,0
Oi0001976,Ord000991,Prod00271,2.0,0
Oi0001977,Ord000992,Prod00009,1.0,10
Oi0001978,Ord000993,Prod00099,1.0,5
Oi0001979,Ord000994,Prod00458,1.0,25
Oi0001980,Ord000995,Prod00112,2.0,15
Oi0001982,Ord000996,Prod00069,1.0,0
Oi0001983,Ord000997,Prod00014,2.0,5
Oi0001984,Ord000998,Prod00480,2.0,25
Oi0001985,Ord000998,Prod00068,1.0,0
Oi0001986,Ord000999,Prod00288,1.0,0
Oi0001987,Ord000999,Prod00191,2.0,15
Oi0001988,Ord000999,Prod00026,2.0,25
Oi0001989,Ord001000,Prod00130,3.0,0
Oi0001990,Ord001000,Prod00404,5.0,20
Oi0001991,Ord001001,Prod00572,1.0,25
Oi0001992,Ord001002,Prod00056,4.0,10
Oi0001993,Ord001003,Prod00354,3.0,20
Oi0001994,Ord001004,Prod00260,2.0,15
Oi0001995,Ord001005,Prod00017,10.0,10
Oi0001996,Ord001005,Prod00293,5.0,15
Oi0001997,Ord001006,Prod00095,1.0,10
Oi0001998,Ord001007,Prod00222,5.0,10
Oi0001999,Ord001007,Prod00537,3.0,0
Oi0002001,Ord001009,Prod00282,2.0,0
Oi0002002,Ord001009,Prod00134,1.0,10
Oi0002003,Ord001010,Prod00528,1.0,5
Oi0002004,Ord001010,Prod00577,1.0,25
Oi0002005,Ord001011,Prod00353,3.0,0
Oi0002006,Ord001011,Prod00029,2.0,20
Oi0002007,Ord001011,Prod00365,2.0,20
Oi0002008,Ord001011,Prod00290,3.0,0
Oi0002009,Ord001012,Prod00245,10.0,25
Oi0002010,Ord001013,Prod00195,1.0,25
Oi0002011,Ord001013,Prod00181,2.0,15
Oi0002012,Ord001013,Prod00428,5.0,25
Oi0002013,Ord001014,Prod00184,2.0,10
Oi0002014,Ord001015,Prod00445,4.0,5
Oi0002015,Ord001016,Prod00024,10.0,0
Oi0002016,Ord001016,Prod00219,1.0,0
Oi0002017,Ord001016,Prod00421,2.0,25
Oi0002018,Ord001016,Prod00129,1.0,5
Oi0002019,Ord001017,Prod00355,4.0,10
Oi0002020,Ord001017,Prod00415,3.0,0
Oi0002021,Ord001017,Prod00514,2.0,20
Oi0002023,Ord001018,Prod00504,1.0,10
Oi0002024,Ord001019,Prod00202,10.0,0
Oi0002025,Ord001019,Prod00200,2.0,0
Oi0002026,Ord001020,Prod00564,1.0,5
Oi0002027,Ord001020,Prod00165,2.0,0
Oi0002028,Ord001020,Prod00100,1.0,0
Oi0002029,Ord001021,Prod00539,2.0,0
Oi0002030,Ord001021,Prod00405,3.0,0
Oi0002031,Ord001021,Prod00135,10.0,0
Oi0002032,Ord001021,Prod00038,3.0,0
Oi0002033,Ord001022,Prod00596,1.0,5
Oi0002035,Ord001023,Prod00252,5.0,10
Oi0002036,Ord001024,Prod00485,4.0,0
Oi0002038,Ord001025,Prod00252,1.0,20
Oi0002039,Ord001025,Prod00413,2.0,10
Oi0002040,Ord001026,Prod00502,1.0,25
Oi0002041,Ord001026,Prod00553,1.0,0
Oi0002042,Ord001027,Prod00209,4.0,0
Oi0002043,Ord001027,Prod00215,1.0,15
Oi0002044,Ord001028,Prod00133,1.0,20
Oi0002045,Ord001029,Prod00181,10.0,15
Oi0002046,Ord001029,Prod00410,1.0,5
Oi0002047,Ord001030,Prod00380,10.0,0
Oi0002048,Ord001031,Prod00513,2.0,0
Oi0002049,Ord001031,Prod00565,1.0,25
Oi0002050,Ord001032,Prod00520,2.0,15
Oi0002051,Ord001032,Prod00286,1.0,20
Oi0002052,Ord001033,Prod00104,1.0,0
Oi0002053,Ord001033,Prod00507,1.0,0
Oi0002054,Ord001033,Prod00038,1.0,10
Oi0002055,Ord001034,Prod00304,2.0,0
Oi0002057,Ord001034,Prod00334,4.0,0
Oi0002058,Ord001035,Prod00509,1.0,10
Oi0002059,Ord001035,Prod00262,10.0,5
Oi0002060,Ord001035,Prod00393,3.0,0
Oi0002061,Ord001036,Prod00151,4.0,15
Oi0002062,Ord001036,Prod00180,5.0,25
Oi0002063,Ord001036,Prod00387,1.0,25
Oi0002065,Ord001037,Prod00314,1.0,10
Oi0002066,Ord001037,Prod00191,3.0,0
Oi0002068,Ord001038,Prod00269,2.0,10
Oi0002070,Ord001039,Prod00180,10.0,0
Oi0002071,Ord001040,Prod00221,2.0,0
Oi0002072,Ord001040,Prod00118,1.0,0
Oi0002073,Ord001040,Prod00583,1.0,0
Oi0002074,Ord001041,Prod00152,10.0,25
Oi0002075,Ord001041,Prod00135,1.0,10
Oi0002076,Ord001042,Prod00597,5.0,0
Oi0002077,Ord001042,Prod00128,10.0,5
Oi0002078,Ord001043,Prod00244,2.0,10
Oi0002079,Ord001044,Prod00184,10.0,5
Oi0002080,Ord001044,Prod00533,4.0,5
Oi0002082,Ord001045,Prod00153,5.0,25
Oi0002083,Ord001046,Prod00513,2.0,0
Oi0002084,Ord001046,Prod00168,2.0,0
Oi0002085,Ord001047,Prod00193,2.0,15
Oi0002086,Ord001047,Prod00396,10.0,20
Oi0002087,Ord001048,Prod00399,1.0,0
Oi0002088,Ord001049,Prod00592,1.0,25
Oi0002089,Ord001050,Prod00329,3.0,0
Oi0002090,Ord001050,Prod00486,2.0,20
Oi0002091,Ord001051,Prod00258,2.0,0
Oi0002092,Ord001051,Prod00050,4.0,0
Oi0002093,Ord001051,Prod00307,2.0,0
Oi0002094,Ord001051,Prod00235,2.0,0
Oi0002095,Ord001052,Prod00211,1.0,5
Oi0002096,Ord001053,Prod00045,2.0,10
Oi0002097,Ord001053,Prod00046,1.0,5
Oi0002098,Ord001054,Prod00338,10.0,25
Oi0002099,Ord001055,Prod00184,1.0,5
Oi0002100,Ord001056,Prod00043,2.0,0
Oi0002101,Ord001056,Prod00171,1.0,25
Oi0002102,Ord001057,Prod00311,10.0,20
Oi0002103,Ord001058,Prod00090,2.0,10
Oi0002104,Ord001059,Prod00039,1.0,5
Oi0002105,Ord001060,Prod00544,1.0,0
Oi0002106,Ord001060,Prod00320,1.0,0
Oi0002107,Ord001061,Prod00187,3.0,10
Oi0002108,Ord001062,Prod00341,1.0,0
Oi0002109,Ord001063,Prod00480,3.0,20
Oi0002110,Ord001064,Prod00560,4.0,25
Oi0002111,Ord001064,Prod00507,5.0,15
Oi0002112,Ord001065,Prod00080,3.0,15
Oi0002113,Ord001066,Prod00099,1.0,5
Oi0002114,Ord001066,Prod00443,5.0,5
Oi0002116,Ord001068,Prod00008,2.0,10
Oi0002118,Ord001069,Prod00569,4.0,10
Oi0002119,Ord001069,Prod00167,2.0,5
Oi0002121,Ord001070,Prod00105,10.0,0
Oi0002123,Ord001070,Prod00125,2.0,15
Oi0002124,Ord001071,Prod00278,1.0,0
Oi0002125,Ord001071,Prod00362,2.0,0
Oi0002126,Ord001072,Prod00379,4.0,15
Oi0002128,Ord001072,Prod00269,2.0,25
Oi0002129,Ord001073,Prod00440,1.0,0
Oi0002130,Ord001074,Prod00304,2.0,25
Oi0002132,Ord001075,Prod00583,5.0,5
Oi0002133,Ord001075,Prod00447,4.0,15
Oi0002134,Ord001075,Prod00521,2.0,15
Oi0002135,Ord001075,Prod00018,3.0,15
Oi0002136,Ord001076,Prod00354,2.0,20
Oi0002137,Ord001077,Prod00101,1.0,0
Oi0002138,Ord001078,Prod00411,2.0,0
Oi0002140,Ord001079,Prod00381,1.0,25
Oi0002141,Ord001079,Prod00526,3.0,0
Oi0002142,Ord001079,Prod00202,2.0,20
Oi0002144,Ord001080,Prod00387,2.0,20
Oi0002145,Ord001080,Prod00350,1.0,20
Oi0002146,Ord001080,Prod00119,1.0,20
Oi0002147,Ord001081,Prod00184,2.0,0
Oi0002148,Ord001081,Prod00043,1.0,15
Oi0002149,Ord001082,Prod00097,4.0,0
Oi0002150,Ord001083,Prod00212,1.0,0
Oi0002151,Ord001084,Prod00238,2.0,15
Oi0002152,Ord001085,Prod00099,3.0,5
Oi0002153,Ord001085,Prod00142,1.0,0
Oi0002154,Ord001086,Prod00418,1.0,0
Oi0002156,Ord001087,Prod00589,1.0,0
Oi0002157,Ord001088,Prod00011,2.0,10
Oi0002158,Ord001088,Prod00166,1.0,0
Oi0002159,Ord001089,Prod00166,1.0,5
Oi0002160,Ord001090,Prod00420,4.0,25
Oi0002163,Ord001093,Prod00188,1.0,0
Oi0002164,Ord001093,Prod00149,3.0,0
Oi0002165,Ord001093,Prod00513,10.0,0
Oi0002166,Ord001093,Prod00189,1.0,0
Oi0002167,Ord001094,Prod00576,2.0,15
Oi0002168,Ord001094,Prod00091,4.0,10
Oi0002169,Ord001095,Prod00248,4.0,0
Oi0002170,Ord001095,Prod00273,3.0,10
Oi0002171,Ord001095,Prod00053,2.0,25
Oi0002172,Ord001096,Prod00296,5.0,10
Oi0002173,Ord001096,Prod00071,4.0,0
Oi0002174,Ord001096,Prod00254,2.0,0
Oi0002175,Ord001096,Prod00519,2.0,15
Oi0002176,Ord001097,Prod00200,10.0,0
Oi0002177,Ord001098,Prod00135,4.0,20
Oi0002178,Ord001098,Prod00299,1.0,20
Oi0002180,Ord001100,Prod00142,500.0,0
Oi0002181,Ord001100,Prod00301,3.0,0
Oi0002183,Ord001102,Prod00357,1.0,0
Oi0002184,Ord001103,Prod00009,1.0,25
Oi0002185,Ord001104,Prod00411,2.0,25
Oi0002186,Ord001104,Prod00251,4.0,5
Oi0002187,Ord001105,Prod00396,1.0,0
Oi0002188,Ord001105,Prod00277,3.0,0
Oi0002190,Ord001106,Prod00153,3.0,20
Oi0002191,Ord001106,Prod00193,10.0,20
Oi0002192,Ord001107,Prod00243,2.0,15
Oi0002193,Ord001108,Prod00506,1.0,0
Oi0002194,Ord001108,Prod00041,4.0,10
Oi0002195,Ord001109,Prod00200,10.0,10
Oi0002196,Ord001110,Prod00343,3.0,0
Oi0002197,Ord001111,Prod00216,1.0,10
Oi0002198,Ord001112,Prod00378,1.0,5
Oi0002199,Ord001112,Prod00321,1.0,25
Oi0002200,Ord001112,Prod00597,1.0,25
Oi0002202,Ord001113,Prod00322,1.0,15
Oi0002203,Ord001113,Prod00036,2.0,0
Oi0002205,Ord001114,Prod00130,1.0,0
Oi0002206,Ord001115,Prod00114,2.0,0
Oi0002207,Ord001115,Prod00434,5.0,15
Oi0002208,Ord001115,Prod00343,1.0,0
Oi0002209,Ord001115,Prod00414,1.0,0
Oi0002210,Ord001116,Prod00233,10.0,0
Oi0002211,Ord001116,Prod00318,10.0,0
Oi0002212,Ord001116,Prod00192,10.0,10
Oi0002215,Ord001118,Prod00375,4.0,0
Oi0002216,Ord001118,Prod00288,2.0,20
Oi0002217,Ord001118,Prod00096,1.0,0
Oi0002218,Ord001118,Prod00086,2.0,10
Oi0002219,Ord001119,Prod00281,2.0,0
Oi0002220,Ord001120,Prod00205,4.0,25
Oi0002221,Ord001121,Prod00107,5.0,15
Oi0002222,Ord001121,Prod00042,10.0,10
Oi0002223,Ord001122,Prod00142,2.0,25
Oi0002224,Ord001123,Prod00450,1.0,25
Oi0002225,Ord001123,Prod00503,4.0,5
Oi0002226,Ord001124,Prod00283,4.0,15
Oi0002228,Ord001126,Prod00428,2.0,0
Oi0002229,Ord001127,Prod00405,1.0,5
Oi0002231,Ord001127,Prod00325,5.0,0
Oi0002232,Ord001128,Prod00280,10.0,10
Oi0002233,Ord001128,Prod00440,1.0,0
Oi0002234,Ord001128,Prod00025,4.0,0
Oi0002235,Ord001129,Prod00333,4.0,25
Oi0002236,Ord001130,Prod00429,5.0,10
Oi0002238,Ord001131,Prod00017,5.0,25
Oi0002240,Ord001132,Prod00328,2.0,5
Oi0002241,Ord001133,Prod00593,2.0,25
Oi0002242,Ord001134,Prod00585,3.0,20
Oi0002243,Ord001134,Prod00582,1.0,10
Oi0002245,Ord001134,Prod00574,1.0,10
Oi0002246,Ord001135,Prod00524,1.0,15
Oi0002247,Ord001136,Prod00153,1.0,20
Oi0002248,Ord001136,Prod00311,1.0,0
Oi0002249,Ord001136,Prod00147,2.0,5
Oi0002250,Ord001136,Prod00244,2.0,10
Oi0002251,Ord001137,Prod00555,1.0,15
Oi0002252,Ord001138,Prod00392,10.0,5
Oi0002253,Ord001138,Prod00164,2.0,25
Oi0002254,Ord001138,Prod00099,2.0,5
Oi0002255,Ord001138,Prod00303,10.0,20
Oi0002256,Ord001139,Prod00450,1.0,15
Oi0002257,Ord001140,Prod00316,2.0,25
Oi0002258,Ord001140,Prod00461,3.0,0
Oi0002259,Ord001141,Prod00272,2.0,0
Oi0002260,Ord001142,Prod00226,5.0,15
Oi0002262,Ord001143,Prod00043,1.0,0
Oi0002263,Ord001143,Prod00319,4.0,0
Oi0002265,Ord001145,Prod00468,3.0,10
Oi0002266,Ord001146,Prod00154,2.0,10
Oi0002267,Ord001146,Prod00148,3.0,25
Oi0002268,Ord001146,Prod00058,1.0,0
Oi0002269,Ord001146,Prod00085,2.0,10
Oi0002270,Ord001147,Prod00270,1.0,0
Oi0002271,Ord001147,Prod00512,10.0,25
Oi0002272,Ord001147,Prod00141,2.0,15
Oi0002273,Ord001148,Prod00460,3.0,0
Oi0002274,Ord001148,Prod00557,4.0,0
Oi0002276,Ord001148,Prod00432,1.0,20
Oi0002277,Ord001149,Prod00387,1.0,15
Oi0002278,Ord001149,Prod00026,1.0,15
Oi0002279,Ord001149,Prod00038,1.0,15
Oi0002280,Ord001149,Prod00115,2.0,0
Oi0002281,Ord001150,Prod00158,10.0,10
Oi0002282,Ord001150,Prod00169,2.0,25
Oi0002283,Ord001151,Prod00331,1.0,15
Oi0002284,Ord001152,Prod00435,5.0,0
Oi0002285,Ord001152,Prod00191,5.0,25
Oi0002286,Ord001152,Prod00600,4.0,20
Oi0002287,Ord001153,Prod00020,1.0,0
Oi0002289,Ord001154,Prod00367,1.0,0
Oi0002290,Ord001154,Prod00211,1.0,0
Oi0002291,Ord001154,Prod00042,2.0,0
Oi0002292,Ord001154,Prod00349,1.0,15
Oi0002293,Ord001155,Prod00447,4.0,15
Oi0002294,Ord001155,Prod00146,2.0,0
Oi0002295,Ord001156,Prod00218,1.0,15
Oi0002296,Ord001156,Prod00211,3.0,10
Oi0002297,Ord001156,Prod00372,4.0,10
Oi0002298,Ord001157,Prod00076,4.0,0
Oi0002299,Ord001157,Prod00019,1.0,0
Oi0002300,Ord001157,Prod00050,2.0,0
Oi0002301,Ord001158,Prod00423,10.0,25
Oi0002302,Ord001159,Prod00505,1.0,0
Oi0002303,Ord001159,Prod00452,2.0,20
Oi0002304,Ord001159,Prod00418,2.0,10
Oi0002305,Ord001160,Prod00570,500.0,25
Oi0002306,Ord001160,Prod00325,10.0,25
Oi0002307,Ord001160,Prod00378,10.0,10
Oi0002308,Ord001160,Prod00436,10.0,0
Oi0002309,Ord001161,Prod00468,2.0,0
Oi0002310,Ord001162,Prod00295,10.0,0
Oi0002311,Ord001163,Prod00250,2.0,25
Oi0002312,Ord001163,Prod00245,5.0,20
Oi0002313,Ord001163,Prod00171,1.0,0
Oi0002314,Ord001163,Prod00410,1.0,25
Oi0002317,Ord001165,Prod00313,2.0,0
Oi0002320,Ord001166,Prod00553,4.0,20
Oi0002321,Ord001166,Prod00434,3.0,10
Oi0002322,Ord001166,Prod00106,2.0,0
Oi0002323,Ord001167,Prod00341,1.0,15
Oi0002324,Ord001167,Prod00288,5.0,25
Oi0002325,Ord001168,Prod00138,2.0,10
Oi0002326,Ord001168,Prod00092,3.0,20
Oi0002327,Ord001169,Prod00499,4.0,25
Oi0002330,Ord001169,Prod00415,1.0,10
Oi0002331,Ord001170,Prod00251,2.0,15
Oi0002332,Ord001171,Prod00432,1.0,0
Oi0002333,Ord001172,Prod00191,10.0,0
Oi0002334,Ord001172,Prod00079,1.0,0
Oi0002335,Ord001172,Prod00019,3.0,20
Oi0002336,Ord001172,Prod00429,1.0,10
Oi0002337,Ord001173,Prod00295,1.0,20
Oi0002339,Ord001174,Prod00341,3.0,0
Oi0002340,Ord001174,Prod00243,2.0,5
Oi0002341,Ord001175,Prod00563,1.0,10
Oi0002342,Ord001175,Prod00177,4.0,0
Oi0002343,Ord001176,Prod00598,1.0,10
Oi0002344,Ord001176,Prod00181,4.0,0
Oi0002346,Ord001177,Prod00061,4.0,0
Oi0002347,Ord001178,Prod00168,2.0,20
Oi0002349,Ord001179,Prod00319,1.0,25
Oi0002350,Ord001179,Prod00295,1.0,0
Oi0002351,Ord001180,Prod00084,2.0,0
Oi0002352,Ord001180,Prod00149,2.0,25
Oi0002354,Ord001181,Prod00026,1.0,0
Oi0002355,Ord001182,Prod00114,1.0,20
Oi0002356,Ord001183,Prod00314,10.0,0
Oi0002357,Ord001183,Prod00510,3.0,15
Oi0002358,Ord001183,Prod00349,5.0,10
Oi0002359,Ord001184,Prod00088,1.0,0
Oi0002360,Ord001185,Prod00094,1.0,0
Oi0002361,Ord001186,Prod00582,3.0,0
Oi0002362,Ord001187,Prod00400,1.0,0
Oi0002363,Ord001187,Prod00544,1.0,0
Oi0002365,Ord001188,Prod00042,2.0,0
Oi0002366,Ord001188,Prod00154,5.0,20
Oi0002367,Ord001188,Prod00142,4.0,10
Oi0002368,Ord001189,Prod00215,5.0,0
Oi0002369,Ord001189,Prod00136,1.0,0
Oi0002370,Ord001190,Prod00216,3.0,0
Oi0002371,Ord001190,Prod00289,10.0,5
Oi0002372,Ord001190,Prod00361,1.0,25
Oi0002373,Ord001191,Prod00072,2.0,0
Oi0002374,Ord001192,Prod00090,1.0,5
Oi0002375,Ord001193,Prod00316,1.0,0
Oi0002376,Ord001193,Prod00176,2.0,25
Oi0002377,Ord001194,Prod00356,5.0,25
Oi0002378,Ord001194,Prod00523,3.0,15
Oi0002379,Ord001195,Prod00353,4.0,0
Oi0002380,Ord001195,Prod00551,5.0,20
Oi0002381,Ord001196,Prod00507,1.0,25
Oi0002382,Ord001197,Prod00501,2.0,0
Oi0002383,Ord001197,Prod00585,4.0,0
Oi0002384,Ord001197,Prod00474,2.0,25
Oi0002385,Ord001197,Prod00406,1.0,0
Oi0002386,Ord001198,Prod00524,1.0,10
Oi0002388,Ord001200,Prod00221,1.0,25
Oi0002389,Ord001200,Prod00277,10.0,20
Oi0002390,Ord001200,Prod00469,4.0,0
Oi0002391,Ord001200,Prod00534,1.0,0
Oi0002393,Ord001202,Prod00158,2.0,0
Oi0002395,Ord001202,Prod00348,10.0,10
Oi0002396,Ord001203,Prod00254,1.0,0
Oi0002397,Ord001204,Prod00271,1.0,0
Oi0002398,Ord001204,Prod00418,1.0,0
Oi0002399,Ord001205,Prod00088,10.0,10
Oi0002400,Ord001205,Prod00388,4.0,5
Oi0002401,Ord001205,Prod00244,1.0,15
Oi0002402,Ord001206,Prod00158,4.0,0
Oi0002403,Ord001207,Prod00537,2.0,10
Oi0002404,Ord001207,Prod00266,10.0,25
Oi0002405,Ord001207,Prod00531,2.0,0
Oi0002407,Ord001208,Prod00055,3.0,0
Oi0002409,Ord001208,Prod00124,10.0,25
Oi0002410,Ord001209,Prod00142,1.0,25
Oi0002411,Ord001209,Prod00055,2.0,15
Oi0002412,Ord001210,Prod00214,10.0,0
Oi0002413,Ord001210,Prod00386,500.0,0
Oi0002414,Ord001210,Prod00106,5.0,0
Oi0002415,Ord001211,Prod00039,5.0,0
Oi0002416,Ord001211,Prod00444,4.0,0
Oi0002417,Ord001211,Prod00089,5.0,5
Oi0002418,Ord001212,Prod00505,4.0,0
Oi0002419,Ord001212,Prod00329,2.0,0
Oi0002420,Ord001213,Prod00507,1.0,25
Oi0002421,Ord001213,Prod00596,2.0,5
Oi0002422,Ord001213,Prod00272,2.0,20
Oi0002423,Ord001213,Prod00071,2.0,10
Oi0002424,Ord001214,Prod00490,10.0,0
Oi0002425,Ord001215,Prod00510,2.0,10
Oi0002427,Ord001215,Prod00520,1.0,0
Oi0002428,Ord001216,Prod00557,10.0,20
Oi0002429,Ord001217,Prod00573,10.0,0
Oi0002430,Ord001217,Prod00008,1.0,5
Oi0002431,Ord001218,Prod00107,2.0,20
Oi0002433,Ord001218,Prod00354,10.0,20
Oi0002434,Ord001218,Prod00267,2.0,15
Oi0002438,Ord001222,Prod00243,2.0,25
Oi0002439,Ord001222,Prod00395,3.0,0
Oi0002440,Ord001223,Prod00245,10.0,20
Oi0002441,Ord001223,Prod00277,10.0,0
Oi0002442,Ord001223,Prod00258,4.0,25
Oi0002444,Ord001224,Prod00176,10.0,25
Oi0002445,Ord001225,Prod00062,10.0,15
Oi0002447,Ord001225,Prod00202,3.0,0
Oi0002450,Ord001228,Prod00321,1.0,25
Oi0002451,Ord001228,Prod00080,1.0,20
Oi0002452,Ord001228,Prod00276,1.0,0
Oi0002453,Ord001228,Prod00049,10.0,15
Oi0002454,Ord001229,Prod00503,1.0,10
Oi0002455,Ord001230,Prod00204,1.0,15
Oi0002456,Ord001230,Prod00139,1.0,0
Oi0002458,Ord001230,Prod00512,2.0,0
Oi0002459,Ord001231,Prod00195,2.0,15
Oi0002460,Ord001231,Prod00207,4.0,0
Oi0002461,Ord001231,Prod00041,1.0,0
Oi0002462,Ord001232,Prod00428,10.0,20
Oi0002463,Ord001232,Prod00283,2.0,0
Oi0002464,Ord001232,Prod00468,2.0,15
Oi0002465,Ord001232,Prod00410,1.0,5
Oi0002466,Ord001233,Prod00142,2.0,5
Oi0002467,Ord001233,Prod00516,1.0,15
Oi0002468,Ord001234,Prod00267,1.0,0
Oi0002469,Ord001234,Prod00592,1.0,10
Oi0002470,Ord001234,Prod00587,3.0,0
Oi0002471,Ord001234,Prod00574,1.0,0
Oi0002473,Ord001235,Prod00543,10.0,0
Oi0002474,Ord001235,Prod00178,1.0,5
Oi0002475,Ord001236,Prod00556,3.0,0
Oi0002476,Ord001236,Prod00573,3.0,5
Oi0002477,Ord001237,Prod00102,1.0,10
Oi0002478,Ord001237,Prod00570,10.0,5
Oi0002479,Ord001237,Prod00254,10.0,5
Oi0002480,Ord001237,Prod00266,1.0,5
Oi0002481,Ord001238,Prod00277,10.0,15
Oi0002482,Ord001239,Prod00102,1.0,25
Oi0002483,Ord001239,Prod00110,1.0,20
Oi0002484,Ord001240,Prod00175,5.0,15
Oi0002485,Ord001240,Prod00217,4.0,25
Oi0002486,Ord001241,Prod00132,4.0,20
Oi0002488,Ord001242,Prod00555,1.0,15
Oi0002489,Ord001242,Prod00259,1.0,20
Oi0002490,Ord001242,Prod00139,2.0,20
Oi0002491,Ord001243,Prod00518,1.0,0
Oi0002494,Ord001244,Prod00512,10.0,10
Oi0002495,Ord001245,Prod00220,5.0,5
Oi0002496,Ord001246,Prod00156,1.0,0
Oi0002497,Ord001247,Prod00252,5.0,0
Oi0002498,Ord001248,Prod00200,2.0,0
Oi0002499,Ord001248,Prod00513,5.0,20
Oi0002500,Ord001248,Prod00268,1.0,5
Oi0002501,Ord001249,Prod00530,4.0,15
Oi0002502,Ord001249,Prod00104,2.0,15
Oi0002503,Ord001250,Prod00138,4.0,0
Oi0002505,Ord001250,Prod00446,10.0,0
Oi0002506,Ord001250,Prod00519,10.0,25
Oi0002509,Ord001252,Prod00558,2.0,20
Oi0002511,Ord001254,Prod00235,1.0,5
Oi0002512,Ord001254,Prod00384,3.0,0
Oi0002513,Ord001254,Prod00214,5.0,20
Oi0002514,Ord001254,Prod00409,3.0,5
Oi0002515,Ord001255,Prod00548,3.0,0
Oi0002516,Ord001256,Prod00092,2.0,5
Oi0002518,Ord001256,Prod00508,1.0,5
Oi0002519,Ord001256,Prod00398,4.0,10
Oi0002521,Ord001257,Prod00189,3.0,0
Oi0002523,Ord001258,Prod00558,1.0,25
Oi0002524,Ord001259,Prod00577,2.0,15
Oi0002525,Ord001260,Prod00461,10.0,10
Oi0002527,Ord001262,Prod00565,3.0,20
Oi0002528,Ord001263,Prod00582,5.0,0
Oi0002529,Ord001263,Prod00559,1.0,20
Oi0002530,Ord001264,Prod00379,1.0,20
Oi0002531,Ord001265,Prod00301,500.0,10
Oi0002532,Ord001265,Prod00275,5.0,5
Oi0002533,Ord001265,Prod00366,1.0,25
Oi0002534,Ord001266,Prod00390,3.0,25
Oi0002536,Ord001267,Prod00192,1.0,0
Oi0002537,Ord001267,Prod00334,2.0,0
Oi0002538,Ord001267,Prod00214,5.0,20
Oi0002539,Ord001268,Prod00205,4.0,10
Oi0002540,Ord001269,Prod00360,2.0,0
Oi0002541,Ord001269,Prod00517,1.0,0
Oi0002542,Ord001269,Prod00184,2.0,15
Oi0002543,Ord001270,Prod00333,10.0,0
Oi0002544,Ord001270,Prod00029,5.0,0
Oi0002545,Ord001271,Prod00316,1.0,5
Oi0002547,Ord001271,Prod00442,1.0,25
Oi0002548,Ord001271,Prod00038,2.0,20
Oi0002549,Ord001272,Prod00439,1.0,25
Oi0002551,Ord001273,Prod00019,2.0,0
Oi0002553,Ord001274,Prod00124,1.0,0
Oi0002554,Ord001274,Prod00421,4.0,15
Oi0002555,Ord001275,Prod00252,5.0,10
Oi0002557,Ord001277,Prod00154,3.0,25
Oi0002558,Ord001278,Prod00537,2.0,15
Oi0002559,Ord001279,Prod00308,1.0,0
Oi0002560,Ord001280,Prod00128,2.0,0
Oi0002561,Ord001281,Prod00414,4.0,15
Oi0002562,Ord001282,Prod00200,2.0,0
Oi0002563,Ord001282,Prod00190,1.0,15
Oi0002564,Ord001282,Prod00186,4.0,10
Oi0002565,Ord001283,Prod00314,1.0,15
Oi0002566,Ord001283,Prod00412,1.0,20
Oi0002567,Ord001283,Prod00157,4.0,0
Oi0002568,Ord001283,Prod00279,2.0,15
Oi0002569,Ord001284,Prod00426,4.0,0
Oi0002570,Ord001284,Prod00263,2.0,20
Oi0002571,Ord001284,Prod00174,1.0,10
Oi0002572,Ord001285,Prod00181,3.0,0
Oi0002573,Ord001285,Prod00048,1.0,15
Oi0002574,Ord001285,Prod00460,1.0,0
Oi0002575,Ord001285,Prod00093,1.0,5
Oi0002576,Ord001286,Prod00212,4.0,0
Oi0002577,Ord001287,Prod00428,3.0,25
Oi0002578,Ord001287,Prod00131,5.0,25
Oi0002579,Ord001288,Prod00386,10.0,25
Oi0002580,Ord001289,Prod00386,1.0,20
Oi0002581,Ord001289,Prod00584,3.0,15
Oi0002582,Ord001290,Prod00105,2.0,5
Oi0002583,Ord001290,Prod00011,3.0,0
Oi0002584,Ord001291,Prod00210,5.0,25
Oi0002585,Ord001291,Prod00541,3.0,0
Oi0002586,Ord001292,Prod00143,1.0,25
Oi0002587,Ord001293,Prod00305,4.0,0
Oi0002588,Ord001293,Prod00523,3.0,0
Oi0002589,Ord001293,Prod00013,1.0,0
Oi0002590,Ord001294,Prod00398,1.0,0
Oi0002591,Ord001295,Prod00511,2.0,0
Oi0002592,Ord001295,Prod00008,4.0,5
Oi0002593,Ord001296,Prod00437,2.0,0
Oi0002594,Ord001297,Prod00286,1.0,20
Oi0002595,Ord001298,Prod00063,1.0,15
Oi0002596,Ord001298,Prod00103,1.0,5
Oi0002597,Ord001298,Prod00041,1.0,0
Oi0002598,Ord001299,Prod00427,10.0,0
Oi0002599,Ord001299,Prod00206,4.0,15
Oi0002600,Ord001300,Prod00149,1.0,25
Oi0002601,Ord001300,Prod00586,1.0,25
Oi0002603,Ord001301,Prod00554,5.0,20
Oi0002605,Ord001302,Prod00474,1.0,25
Oi0002606,Ord001302,Prod00171,1.0,0
Oi0002607,Ord001303,Prod00398,1.0,5
Oi0002608,Ord001304,Prod00017,5.0,25
Oi0002609,Ord001304,Prod00042,5.0,0
Oi0002611,Ord001305,Prod00205,1.0,15
Oi0002612,Ord001305,Prod00600,1.0,0
Oi0002614,Ord001306,Prod00551,2.0,15
Oi0002615,Ord001306,Prod00361,2.0,0
Oi0002616,Ord001307,Prod00119,5.0,10
Oi0002617,Ord001308,Prod00517,10.0,10
Oi0002618,Ord001309,Prod00330,2.0,0
Oi0002619,Ord001309,Prod00196,3.0,0
Oi0002620,Ord001310,Prod00227,1.0,25
Oi0002621,Ord001310,Prod00135,10.0,20
Oi0002622,Ord001310,Prod00011,5.0,5
Oi0002623,Ord001310,Prod00413,2.0,15
Oi0002624,Ord001311,Prod00061,10.0,15
Oi0002626,Ord001313,Prod00333,1.0,0
Oi0002627,Ord001314,Prod00050,10.0,0
Oi0002628,Ord001314,Prod00251,4.0,0
Oi0002629,Ord001314,Prod00044,3.0,5
Oi0002630,Ord001314,Prod00164,1.0,20
Oi0002631,Ord001315,Prod00588,4.0,20
Oi0002632,Ord001316,Prod00255,1.0,10
Oi0002633,Ord001317,Prod00581,4.0,10
Oi0002634,Ord001318,Prod00578,3.0,10
Oi0002635,Ord001319,Prod00177,2.0,0
Oi0002636,Ord001319,Prod00576,2.0,20
Oi0002637,Ord001320,Prod00078,1.0,5
Oi0002638,Ord001320,Prod00509,5.0,15
Oi0002639,Ord001320,Prod00340,4.0,20
Oi0002640,Ord001320,Prod00263,10.0,15
Oi0002641,Ord001321,Prod00536,4.0,15
Oi0002642,Ord001321,Prod00129,1.0,10
Oi0002643,Ord001322,Prod00272,3.0,0
Oi0002644,Ord001323,Prod00023,2.0,20
Oi0002645,Ord001323,Prod00110,5.0,0
Oi0002647,Ord001324,Prod00227,5.0,10
Oi0002648,Ord001324,Prod00448,1.0,15
Oi0002649,Ord001324,Prod00404,1.0,15
Oi0002650,Ord001324,Prod00322,3.0,0
Oi0002651,Ord001325,Prod00277,3.0,20
Oi0002652,Ord001325,Prod00434,4.0,20
Oi0002653,Ord001326,Prod00522,2.0,5
Oi0002654,Ord001326,Prod00529,1.0,5
Oi0002655,Ord001327,Prod00196,2.0,0
Oi0002657,Ord001328,Prod00314,10.0,5
Oi0002658,Ord001329,Prod00046,10.0,15
Oi0002659,Ord001329,Prod00112,5.0,0
Oi0002660,Ord001329,Prod00454,2.0,20
Oi0002661,Ord001329,Prod00478,3.0,5
Oi0002662,Ord001330,Prod00222,2.0,0
Oi0002663,Ord001330,Prod00385,500.0,10
Oi0002664,Ord001330,Prod00385,1.0,20
Oi0002665,Ord001331,Prod00076,4.0,10
Oi0002666,Ord001331,Prod00014,3.0,15
Oi0002669,Ord001333,Prod00209,1.0,5
Oi0002670,Ord001334,Prod00338,5.0,10
Oi0002671,Ord001334,Prod00599,5.0,5
Oi0002672,Ord001334,Prod00067,5.0,25
Oi0002673,Ord001334,Prod00162,10.0,15
Oi0002674,Ord001335,Prod00216,1.0,20
Oi0002675,Ord001336,Prod00547,1.0,5
Oi0002677,Ord001337,Prod00347,5.0,0
Oi0002678,Ord001338,Prod00545,1.0,25
Oi0002679,Ord001338,Prod00142,2.0,25
Oi0002680,Ord001339,Prod00347,2.0,15
Oi0002681,Ord001339,Prod00099,4.0,15
Oi0002683,Ord001340,Prod00037,5.0,25
Oi0002684,Ord001340,Prod00217,1.0,0
Oi0002685,Ord001340,Prod00109,3.0,20
Oi0002686,Ord001341,Prod00270,1.0,0
Oi0002687,Ord001341,Prod00110,1.0,0
Oi0002689,Ord001342,Prod00488,2.0,0
Oi0002690,Ord001343,Prod00420,10.0,0
Oi0002691,Ord001343,Prod00009,2.0,15
Oi0002692,Ord001344,Prod00490,3.0,0
Oi0002693,Ord001344,Prod00375,3.0,20
Oi0002694,Ord001345,Prod00436,1.0,0
Oi0002695,Ord001346,Prod00282,5.0,0
Oi0002696,Ord001346,Prod00278,2.0,25
Oi0002697,Ord001346,Prod00503,3.0,15
Oi0002698,Ord001347,Prod00267,3.0,25
Oi0002700,Ord001347,Prod00279,1.0,0
Oi0002701,Ord001347,Prod00037,1.0,5
Oi0002703,Ord001348,Prod00308,5.0,5
Oi0002704,Ord001349,Prod00475,2.0,25
Oi0002705,Ord001349,Prod00338,2.0,0
Oi0002706,Ord001350,Prod00061,4.0,25
Oi0002707,Ord001351,Prod00444,1.0,0
Oi0002708,Ord001351,Prod00070,10.0,25
Oi0002709,Ord001351,Prod00391,1.0,0
Oi0002710,Ord001352,Prod00194,1.0,5
Oi0002711,Ord001352,Prod00482,10.0,0
Oi0002712,Ord001352,Prod00458,1.0,15
Oi0002713,Ord001352,Prod00031,2.0,15
Oi0002714,Ord001353,Prod00259,2.0,15
Oi0002715,Ord001353,Prod00475,2.0,0
Oi0002717,Ord001354,Prod00399,10.0,25
Oi0002718,Ord001354,Prod00349,10.0,0
Oi0002719,Ord001355,Prod00001,1.0,5
Oi0002720,Ord001356,Prod00447,2.0,5
Oi0002721,Ord001357,Prod00095,3.0,0
Oi0002722,Ord001357,Prod00257,4.0,5
Oi0002724,Ord001358,Prod00322,1.0,20
Oi0002725,Ord001359,Prod00167,4.0,0
Oi0002726,Ord001359,Prod00312,4.0,10
Oi0002727,Ord001360,Prod00343,3.0,25
Oi0002728,Ord001361,Prod00586,2.0,20
Oi0002729,Ord001361,Prod00501,1.0,0
Oi0002730,Ord001362,Prod00473,4.0,10
Oi0002731,Ord001362,Prod00003,2.0,15
Oi0002732,Ord001363,Prod00382,5.0,0
Oi0002734,Ord001363,Prod00303,10.0,20
Oi0002735,Ord001363,Prod00353,10.0,0
Oi0002737,Ord001364,Prod00339,5.0,5
Oi0002738,Ord001364,Prod00576,3.0,25
Oi0002739,Ord001365,Prod00096,2.0,5
Oi0002741,Ord001366,Prod00520,10.0,5
Oi0002743,Ord001366,Prod00579,2.0,15
Oi0002744,Ord001367,Prod00416,2.0,25
Oi0002745,Ord001367,Prod00284,5.0,0
Oi0002746,Ord001368,Prod00044,4.0,10
Oi0002747,Ord001368,Prod00452,1.0,25
Oi0002748,Ord001368,Prod00158,1.0,15
Oi0002749,Ord001369,Prod00409,1.0,0
Oi0002750,Ord001370,Prod00598,4.0,0
Oi0002751,Ord001371,Prod00423,5.0,15
Oi0002752,Ord001371,Prod00309,1.0,15
Oi0002753,Ord001372,Prod00482,10.0,5
Oi0002754,Ord001372,Prod00080,5.0,0
Oi0002756,Ord001373,Prod00479,2.0,5
Oi0002757,Ord001374,Prod00382,2.0,0
Oi0002758,Ord001374,Prod00269,1.0,0
Oi0002759,Ord001375,Prod00560,3.0,0
Oi0002760,Ord001375,Prod00296,4.0,5
Oi0002761,Ord001376,Prod00226,1.0,15
Oi0002762,Ord001377,Prod00203,5.0,10
Oi0002763,Ord001377,Prod00023,4.0,25
Oi0002765,Ord001378,Prod00477,2.0,15
Oi0002766,Ord001379,Prod00228,3.0,20
Oi0002767,Ord001380,Prod00260,4.0,20
Oi0002768,Ord001380,Prod00487,5.0,25
Oi0002769,Ord001380,Prod00390,1.0,20
Oi0002770,Ord001380,Prod00078,5.0,10
Oi0002771,Ord001381,Prod00163,1.0,0
Oi0002772,Ord001381,Prod00210,2.0,20
Oi0002773,Ord001381,Prod00450,3.0,5
Oi0002774,Ord001381,Prod00413,2.0,0
Oi0002776,Ord001383,Prod00015,500.0,15
Oi0002777,Ord001383,Prod00240,2.0,0
Oi0002778,Ord001383,Prod00426,1.0,10
Oi0002779,Ord001384,Prod00452,2.0,0
Oi0002780,Ord001384,Prod00412,1.0,0
Oi0002783,Ord001385,Prod00430,1.0,25
Oi0002784,Ord001386,Prod00318,1.0,0
Oi0002785,Ord001386,Prod00540,5.0,25
Oi0002786,Ord001386,Prod00268,2.0,15
Oi0002787,Ord001386,Prod00580,5.0,10
Oi0002789,Ord001388,Prod00236,10.0,0
Oi0002790,Ord001389,Prod00506,1.0,25
Oi0002791,Ord001389,Prod00311,2.0,15
Oi0002792,Ord001389,Prod00332,1.0,0
Oi0002793,Ord001390,Prod00343,4.0,10
Oi0002794,Ord001390,Prod00543,1.0,25
Oi0002795,Ord001390,Prod00513,10.0,25
Oi0002796,Ord001390,Prod00090,2.0,25
Oi0002797,Ord001391,Prod00285,4.0,25
Oi0002798,Ord001392,Prod00463,3.0,0
Oi0002799,Ord001393,Prod00056,3.0,10
Oi0002800,Ord001394,Prod00398,2.0,15
Oi0002801,Ord001395,Prod00112,4.0,15
Oi0002802,Ord001395,Prod00555,1.0,10
Oi0002803,Ord001395,Prod00503,1.0,15
Oi0002804,Ord001395,Prod00349,1.0,0
Oi0002805,Ord001396,Prod00263,5.0,25
Oi0002806,Ord001397,Prod00579,10.0,15
Oi0002807,Ord001397,Prod00364,1.0,0
Oi0002809,Ord001398,Prod00318,5.0,0
Oi0002811,Ord001399,Prod00086,1.0,20
Oi0002814,Ord001401,Prod00374,3.0,0
Oi0002815,Ord001401,Prod00533,1.0,15
Oi0002816,Ord001401,Prod00394,2.0,15
Oi0002817,Ord001401,Prod00145,1.0,5
Oi0002818,Ord001402,Prod00063,5.0,20
Oi0002820,Ord001402,Prod00059,10.0,20
Oi0002822,Ord001403,Prod00214,3.0,0
Oi0002823,Ord001403,Prod00517,1.0,25
Oi0002824,Ord001404,Prod00321,4.0,15
Oi0002825,Ord001405,Prod00291,3.0,0
Oi0002826,Ord001405,Prod00286,3.0,5
Oi0002827,Ord001406,Prod00578,3.0,15
Oi0002828,Ord001406,Prod00224,1.0,0
Oi0002829,Ord001406,Prod00202,10.0,0
Oi0002830,Ord001407,Prod00010,1.0,5
Oi0002831,Ord001407,Prod00510,5.0,25
Oi0002832,Ord001407,Prod00206,1.0,10
Oi0002833,Ord001407,Prod00179,5.0,0
Oi0002834,Ord001408,Prod00492,3.0,10
Oi0002835,Ord001408,Prod00445,1.0,5
Oi0002837,Ord001408,Prod00048,2.0,5
Oi0002838,Ord001409,Prod00217,10.0,0
Oi0002839,Ord001409,Prod00120,2.0,15
Oi0002840,Ord001409,Prod00552,1.0,10
Oi0002841,Ord001410,Prod00200,1.0,15
Oi0002842,Ord001410,Prod00135,1.0,20
Oi0002843,Ord001411,Prod00139,5.0,5
Oi0002844,Ord001411,Prod00390,10.0,0
Oi0002845,Ord001412,Prod00487,3.0,25
Oi0002846,Ord001412,Prod00535,2.0,5
Oi0002847,Ord001413,Prod00217,1.0,0
Oi0002848,Ord001413,Prod00512,1.0,0
Oi0002850,Ord001414,Prod00525,10.0,15
Oi0002851,Ord001414,Prod00448,1.0,25
Oi0002852,Ord001415,Prod00134,1.0,0
Oi0002854,Ord001416,Prod00540,3.0,5
Oi0002855,Ord001416,Prod00325,1.0,15
Oi0002856,Ord001416,Prod00031,5.0,20
Oi0002857,Ord001416,Prod00579,1.0,15
Oi0002859,Ord001418,Prod00555,5.0,0
Oi0002860,Ord001419,Prod00572,1.0,5
Oi0002861,Ord001419,Prod00031,5.0,20
Oi0002862,Ord001420,Prod00474,1.0,0
Oi0002864,Ord001421,Prod00132,5.0,0
Oi0002865,Ord001421,Prod00455,2.0,5
Oi0002866,Ord001421,Prod00386,1.0,0
Oi0002867,Ord001422,Prod00252,1.0,0
Oi0002868,Ord001422,Prod00041,1.0,25
Oi0002870,Ord001422,Prod00120,4.0,0
Oi0002871,Ord001423,Prod00515,1.0,0
Oi0002872,Ord001424,Prod00127,1.0,5
Oi0002873,Ord001424,Prod00059,1.0,10
Oi0002874,Ord001424,Prod00504,1.0,10
Oi0002875,Ord001425,Prod00232,2.0,10
Oi0002876,Ord001425,Prod00530,1.0,15
Oi0002877,Ord001425,Prod00308,1.0,25
Oi0002878,Ord001425,Prod00339,2.0,0
Oi0002879,Ord001426,Prod00216,5.0,0
Oi0002880,Ord001427,Prod00182,3.0,25
Oi0002881,Ord001427,Prod00201,1.0,10
Oi0002882,Ord001427,Prod00592,1.0,10
Oi0002883,Ord001428,Prod00569,1.0,0
Oi0002884,Ord001429,Prod00030,2.0,20
Oi0002885,Ord001430,Prod00098,1.0,0
Oi0002886,Ord001431,Prod00023,1.0,0
Oi0002887,Ord001432,Prod00009,2.0,0
Oi0002888,Ord001432,Prod00381,5.0,0
Oi0002889,Ord001433,Prod00032,2.0,0
Oi0002891,Ord001435,Prod00396,10.0,25
Oi0002892,Ord001435,Prod00235,4.0,0
Oi0002893,Ord001436,Prod00200,2.0,25
Oi0002894,Ord001437,Prod00157,2.0,25
Oi0002895,Ord001438,Prod00270,10.0,20
Oi0002896,Ord001438,Prod00367,2.0,25
Oi0002897,Ord001438,Prod00274,3.0,25
Oi0002898,Ord001438,Prod00589,5.0,0
Oi0002899,Ord001439,Prod00053,1.0,25
Oi0002900,Ord001439,Prod00534,2.0,0
Oi0002901,Ord001439,Prod00252,5.0,0
Oi0002902,Ord001439,Prod00093,1.0,0
Oi0002903,Ord001440,Prod00198,5.0,25
Oi0002904,Ord001441,Prod00093,2.0,0
Oi0002905,Ord001442,Prod00228,1.0,0
Oi0002906,Ord001442,Prod00575,1.0,0
Oi0002907,Ord001442,Prod00142,1.0,20
Oi0002908,Ord001443,Prod00574,5.0,0
Oi0002909,Ord001444,Prod00154,2.0,0
Oi0002910,Ord001445,Prod00367,2.0,20
Oi0002911,Ord001445,Prod00229,2.0,15
Oi0002912,Ord001446,Prod00218,4.0,0
Oi0002913,Ord001447,Prod00297,1.0,25
Oi0002914,Ord001447,Prod00048,2.0,10
Oi0002915,Ord001447,Prod00089,1.0,20
Oi0002916,Ord001447,Prod00343,5.0,10
Oi0002917,Ord001448,Prod00059,1.0,0
Oi0002919,Ord001448,Prod00379,4.0,25
Oi0002920,Ord001449,Prod00543,3.0,10
Oi0002921,Ord001449,Prod00075,1.0,5
Oi0002922,Ord001449,Prod00385,10.0,5
Oi0002923,Ord001450,Prod00246,1.0,15
Oi0002925,Ord001451,Prod00313,10.0,10
Oi0002926,Ord001451,Prod00573,1.0,15
Oi0002927,Ord001451,Prod00014,3.0,15
Oi0002929,Ord001452,Prod00079,1.0,0
Oi0002930,Ord001453,Prod00283,1.0,5
Oi0002931,Ord001453,Prod00113,5.0,20
Oi0002932,Ord001454,Prod00577,2.0,5
Oi0002933,Ord001454,Prod00248,1.0,10
Oi0002934,Ord001454,Prod00078,4.0,15
Oi0002935,Ord001455,Prod00530,1.0,0
Oi0002936,Ord001455,Prod00572,1.0,5
Oi0002937,Ord001455,Prod00062,1.0,15
Oi0002938,Ord001456,Prod00462,10.0,25
Oi0002939,Ord001457,Prod00065,4.0,5
Oi0002940,Ord001458,Prod00075,2.0,25
Oi0002941,Ord001459,Prod00537,2.0,10
Oi0002942,Ord001460,Prod00258,1.0,0
Oi0002943,Ord001461,Prod00310,1.0,0
Oi0002944,Ord001462,Prod00387,10.0,15
Oi0002945,Ord001463,Prod00578,3.0,0
Oi0002946,Ord001464,Prod00099,2.0,5
Oi0002947,Ord001465,Prod00053,4.0,5
Oi0002948,Ord001466,Prod00501,4.0,0
Oi0002949,Ord001467,Prod00521,1.0,0
Oi0002950,Ord001468,Prod00218,4.0,0
Oi0002951,Ord001468,Prod00142,1.0,10
Oi0002952,Ord001469,Prod00062,1.0,0
Oi0002953,Ord001469,Prod00338,2.0,20
Oi0002954,Ord001469,Prod00072,2.0,5
Oi0002955,Ord001470,Prod00476,1.0,0
Oi0002956,Ord001470,Prod00189,5.0,5
Oi0002957,Ord001471,Prod00294,1.0,20
Oi0002958,Ord001472,Prod00104,1.0,0
Oi0002959,Ord001473,Prod00021,10.0,5
Oi0002960,Ord001474,Prod00294,10.0,10
Oi0002961,Ord001474,Prod00416,2.0,0
Oi0002962,Ord001474,Prod00084,2.0,5
Oi0002963,Ord001475,Prod00494,1.0,5
Oi0002964,Ord001475,Prod00120,10.0,0
Oi0002966,Ord001475,Prod00293,4.0,15
Oi0002967,Ord001476,Prod00399,4.0,0
Oi0002968,Ord001477,Prod00431,1.0,0
Oi0002969,Ord001477,Prod00031,1.0,0
Oi0002970,Ord001478,Prod00188,3.0,20
Oi0002971,Ord001478,Prod00120,1.0,10
Oi0002972,Ord001478,Prod00104,2.0,0
Oi0002974,Ord001480,Prod00296,1.0,15
Oi0002975,Ord001480,Prod00526,10.0,25
Oi0002976,Ord001480,Prod00134,1.0,5
Oi0002977,Ord001481,Prod00468,1.0,0
Oi0002979,Ord001482,Prod00028,10.0,20
Oi0002980,Ord001483,Prod00552,2.0,0
Oi0002981,Ord001483,Prod00535,4.0,25
Oi0002982,Ord001483,Prod00138,1.0,0
Oi0002983,Ord001484,Prod00493,1.0,20
Oi0002984,Ord001484,Prod00468,5.0,15
Oi0002985,Ord001485,Prod00152,3.0,0
Oi0002986,Ord001485,Prod00042,3.0,0
Oi0002987,Ord001486,Prod00076,4.0,10
Oi0002989,Ord001486,Prod00568,5.0,20
Oi0002991,Ord001487,Prod00063,5.0,10
Oi0002992,Ord001487,Prod00515,1.0,0
Oi0002993,Ord001487,Prod00301,2.0,0
Oi0002994,Ord001487,Prod00350,1.0,0
Oi0002995,Ord001488,Prod00199,1.0,0
Oi0002996,Ord001489,Prod00179,2.0,0
Oi0002997,Ord001489,Prod00066,5.0,10
Oi0002998,Ord001490,Prod00253,5.0,5
Oi0002999,Ord001490,Prod00489,3.0,15
Oi0003000,Ord001491,Prod00154,1.0,15
Oi0003001,Ord001491,Prod00171,3.0,0
Oi0003002,Ord001491,Prod00399,4.0,20
Oi0003003,Ord001492,Prod00456,3.0,0
Oi0003005,Ord001493,Prod00591,2.0,0
Oi0003006,Ord001493,Prod00164,1.0,15
Oi0003007,Ord001494,Prod00164,10.0,10
Oi0003008,Ord001494,Prod00585,10.0,0
Oi0003009,Ord001495,Prod00270,1.0,10
Oi0003010,Ord001496,Prod00491,1.0,20
Oi0003012,Ord001496,Prod00124,1.0,0
Oi0003013,Ord001497,Prod00239,3.0,10
Oi0003015,Ord001498,Prod00270,10.0,0
Oi0003016,Ord001498,Prod00419,1.0,0
Oi0003017,Ord001498,Prod00557,3.0,0
Oi0003018,Ord001499,Prod00012,1.0,25
Oi0003019,Ord001500,Prod00025,2.0,5
Oi0003020,Ord001501,Prod00373,10.0,25
Oi0003021,Ord001502,Prod00419,2.0,0
Oi0003022,Ord001503,Prod00157,2.0,5
Oi0003023,Ord001503,Prod00211,4.0,5
Oi0003024,Ord001504,Prod00113,1.0,10
Oi0003025,Ord001505,Prod00147,3.0,15
Oi0003026,Ord001505,Prod00153,1.0,10
Oi0003027,Ord001505,Prod00032,1.0,0
Oi0003028,Ord001505,Prod00555,10.0,0
Oi0003029,Ord001506,Prod00558,1.0,15
Oi0003031,Ord001507,Prod00468,2.0,0
Oi0003032,Ord001508,Prod00289,10.0,0
Oi0003033,Ord001509,Prod00554,3.0,25
Oi0003034,Ord001510,Prod00002,1.0,5
Oi0003035,Ord001510,Prod00085,5.0,10
Oi0003036,Ord001511,Prod00060,1.0,25
Oi0003037,Ord001511,Prod00555,5.0,15
Oi0003038,Ord001512,Prod00275,5.0,15
Oi0003039,Ord001512,Prod00342,10.0,0
Oi0003040,Ord001513,Prod00367,1.0,5
Oi0003041,Ord001513,Prod00428,5.0,5
Oi0003042,Ord001514,Prod00375,2.0,0
Oi0003043,Ord001514,Prod00463,3.0,0
Oi0003044,Ord001515,Prod00186,1.0,25
Oi0003045,Ord001515,Prod00359,1.0,25
Oi0003046,Ord001515,Prod00139,4.0,0
Oi0003047,Ord001516,Prod00183,10.0,0
Oi0003048,Ord001517,Prod00523,1.0,0
Oi0003049,Ord001518,Prod00532,1.0,0
Oi0003050,Ord001518,Prod00184,3.0,5
Oi0003051,Ord001518,Prod00172,2.0,5
Oi0003052,Ord001518,Prod00259,1.0,10
Oi0003053,Ord001519,Prod00007,2.0,15
Oi0003054,Ord001520,Prod00500,4.0,0
Oi0003056,Ord001521,Prod00061,5.0,10
Oi0003057,Ord001521,Prod00184,5.0,15
Oi0003058,Ord001521,Prod00512,5.0,0
Oi0003059,Ord001522,Prod00405,1.0,0
Oi0003060,Ord001523,Prod00525,1.0,0
Oi0003061,Ord001524,Prod00409,3.0,10
Oi0003062,Ord001524,Prod00078,4.0,20
Oi0003063,Ord001525,Prod00406,1.0,0
Oi0003064,Ord001526,Prod00142,5.0,5
Oi0003065,Ord001527,Prod00430,3.0,25
Oi0003066,Ord001527,Prod00318,1.0,15
Oi0003067,Ord001527,Prod00282,10.0,20
Oi0003068,Ord001527,Prod00560,1.0,0
Oi0003069,Ord001528,Prod00245,4.0,0
Oi0003070,Ord001528,Prod00269,1.0,15
Oi0003072,Ord001530,Prod00269,3.0,15
Oi0003073,Ord001530,Prod00425,10.0,0
Oi0003074,Ord001530,Prod00180,1.0,15
Oi0003076,Ord001532,Prod00055,10.0,0
Oi0003077,Ord001533,Prod00279,2.0,0
Oi0003078,Ord001534,Prod00441,1.0,0
Oi0003079,Ord001534,Prod00297,2.0,5
Oi0003080,Ord001535,Prod00158,3.0,25
Oi0003081,Ord001535,Prod00192,3.0,20
Oi0003082,Ord001535,Prod00267,2.0,0
Oi0003083,Ord001535,Prod00600,1.0,5
Oi0003084,Ord001536,Prod00065,10.0,0
Oi0003085,Ord001536,Prod00360,1.0,0
Oi0003086,Ord001537,Prod00557,10.0,15
Oi0003087,Ord001538,Prod00596,4.0,15
Oi0003088,Ord001539,Prod00185,4.0,10
Oi0003089,Ord001540,Prod00356,4.0,10
Oi0003091,Ord001541,Prod00411,10.0,5
Oi0003092,Ord001541,Prod00558,5.0,10
Oi0003093,Ord001541,Prod00207,1.0,0
Oi0003094,Ord001542,Prod00323,1.0,0
Oi0003095,Ord001543,Prod00565,4.0,10
Oi0003096,Ord001543,Prod00295,3.0,5
Oi0003097,Ord001543,Prod00323,1.0,0
Oi0003098,Ord001543,Prod00038,10.0,15
Oi0003099,Ord001544,Prod00193,3.0,0
Oi0003100,Ord001544,Prod00375,2.0,15
Oi0003103,Ord001546,Prod00089,5.0,10
Oi0003104,Ord001546,Prod00593,4.0,0
Oi0003105,Ord001547,Prod00005,5.0,0
Oi0003106,Ord001548,Prod00394,1.0,15
Oi0003107,Ord001548,Prod00431,1.0,0
Oi0003108,Ord001549,Prod00414,1.0,0
Oi0003109,Ord001550,Prod00502,5.0,20
Oi0003110,Ord001550,Prod00222,1.0,10
Oi0003111,Ord001551,Prod00557,1.0,15
Oi0003112,Ord001551,Prod00073,2.0,15
Oi0003114,Ord001552,Prod00016,10.0,0
Oi0003116,Ord001554,Prod00152,5.0,10
Oi0003117,Ord001554,Prod00383,2.0,25
Oi0003118,Ord001554,Prod00237,1.0,0
Oi0003119,Ord001555,Prod00248,3.0,25
Oi0003120,Ord001556,Prod00012,10.0,0
Oi0003121,Ord001556,Prod00534,1.0,5
Oi0003122,Ord001556,Prod00553,10.0,0
Oi0003123,Ord001557,Prod00579,1.0,0
Oi0003124,Ord001558,Prod00157,1.0,0
Oi0003126,Ord001558,Prod00438,1.0,0
Oi0003127,Ord001559,Prod00232,1.0,0
Oi0003129,Ord001559,Prod00048,1.0,0
Oi0003130,Ord001560,Prod00347,2.0,10
Oi0003131,Ord001560,Prod00442,5.0,5
Oi0003132,Ord001560,Prod00017,5.0,25
Oi0003133,Ord001560,Prod00324,1.0,10
Oi0003134,Ord001561,Prod00529,1.0,5
Oi0003135,Ord001561,Prod00444,1.0,10
Oi0003137,Ord001562,Prod00239,5.0,5
Oi0003140,Ord001562,Prod00176,5.0,25
Oi0003141,Ord001563,Prod00043,10.0,15
Oi0003142,Ord001564,Prod00349,1.0,5
Oi0003143,Ord001564,Prod00168,5.0,5
Oi0003144,Ord001564,Prod00437,5.0,25
Oi0003145,Ord001564,Prod00539,3.0,0
Oi0003146,Ord001565,Prod00275,2.0,0
Oi0003147,Ord001565,Prod00597,2.0,0
Oi0003148,Ord001566,Prod00516,10.0,5
Oi0003150,Ord001567,Prod00240,1.0,15
Oi0003151,Ord001568,Prod00039,2.0,25
Oi0003153,Ord001570,Prod00426,1.0,10
Oi0003154,Ord001570,Prod00437,10.0,0
Oi0003155,Ord001571,Prod00489,10.0,10
Oi0003156,Ord001572,Prod00404,1.0,0
Oi0003157,Ord001573,Prod00458,2.0,15
Oi0003158,Ord001574,Prod00031,1.0,20
Oi0003159,Ord001575,Prod00123,10.0,0
Oi0003160,Ord001575,Prod00060,4.0,0
Oi0003161,Ord001576,Prod00464,1.0,5
Oi0003162,Ord001576,Prod00298,3.0,20
Oi0003163,Ord001576,Prod00386,4.0,0
Oi0003164,Ord001577,Prod00128,4.0,0
Oi0003165,Ord001577,Prod00192,2.0,20
Oi0003166,Ord001578,Prod00541,1.0,0
Oi0003169,Ord001578,Prod00379,2.0,20
Oi0003170,Ord001579,Prod00497,10.0,5
Oi0003171,Ord001580,Prod00001,1.0,0
Oi0003172,Ord001580,Prod00392,1.0,25
Oi0003173,Ord001581,Prod00502,4.0,25
Oi0003177,Ord001582,Prod00315,1.0,0
Oi0003178,Ord001582,Prod00403,1.0,10
Oi0003179,Ord001582,Prod00030,1.0,0
Oi0003180,Ord001582,Prod00444,4.0,0
Oi0003181,Ord001583,Prod00155,10.0,5
Oi0003182,Ord001584,Prod00203,5.0,20
Oi0003183,Ord001585,Prod00415,1.0,25
Oi0003184,Ord001586,Prod00492,1.0,0
Oi0003185,Ord001586,Prod00102,1.0,20
Oi0003186,Ord001586,Prod00257,2.0,5
Oi0003187,Ord001587,Prod00233,4.0,10
Oi0003188,Ord001587,Prod00194,4.0,15
Oi0003189,Ord001588,Prod00077,2.0,20
Oi0003191,Ord001589,Prod00304,2.0,0
Oi0003192,Ord001589,Prod00263,1.0,25
Oi0003194,Ord001590,Prod00451,2.0,15
Oi0003196,Ord001592,Prod00226,2.0,25
Oi0003197,Ord001592,Prod00058,10.0,10
Oi0003198,Ord001592,Prod00329,1.0,25
Oi0003199,Ord001593,Prod00357,3.0,5
Oi0003200,Ord001594,Prod00354,2.0,5
Oi0003201,Ord001595,Prod00295,2.0,5
Oi0003202,Ord001595,Prod00337,1.0,5
Oi0003203,Ord001596,Prod00413,5.0,5
Oi0003204,Ord001596,Prod00472,1.0,0
Oi0003205,Ord001596,Prod00210,1.0,0
Oi0003206,Ord001596,Prod00480,1.0,5
Oi0003207,Ord001597,Prod00122,4.0,25
Oi0003208,Ord001597,Prod00142,4.0,0
Oi0003209,Ord001597,Prod00120,1.0,10
Oi0003210,Ord001597,Prod00154,1.0,25
Oi0003211,Ord001598,Prod00459,10.0,25
Oi0003212,Ord001598,Prod00159,1.0,15
Oi0003214,Ord001598,Prod00530,1.0,0
Oi0003215,Ord001599,Prod00130,3.0,0
Oi0003217,Ord001600,Prod00346,2.0,0
Oi0003219,Ord001600,Prod00549,2.0,25
Oi0003220,Ord001601,Prod00073,1.0,0
Oi0003221,Ord001601,Prod00254,3.0,5
Oi0003222,Ord001602,Prod00132,5.0,25
Oi0003223,Ord001603,Prod00071,1.0,15
Oi0003224,Ord001604,Prod00024,1.0,10
Oi0003225,Ord001605,Prod00141,4.0,0
Oi0003227,Ord001607,Prod00067,1.0,0
Oi0003228,Ord001607,Prod00397,2.0,20
Oi0003229,Ord001608,Prod00421,3.0,0
Oi0003230,Ord001608,Prod00045,4.0,20
Oi0003232,Ord001608,Prod00450,2.0,0
Oi0003233,Ord001609,Prod00545,5.0,15
Oi0003234,Ord001610,Prod00133,2.0,20
Oi0003235,Ord001610,Prod00311,4.0,10
Oi0003236,Ord001611,Prod00254,1.0,20
Oi0003237,Ord001611,Prod00244,4.0,25
Oi0003238,Ord001612,Prod00297,1.0,25
Oi0003239,Ord001613,Prod00149,5.0,0
Oi0003240,Ord001614,Prod00319,5.0,15
Oi0003241,Ord001614,Prod00558,1.0,0
Oi0003242,Ord001614,Prod00096,1.0,15
Oi0003243,Ord001614,Prod00142,4.0,0
Oi0003244,Ord001615,Prod00196,2.0,20
Oi0003245,Ord001616,Prod00431,1.0,0
Oi0003246,Ord001616,Prod00598,4.0,5
Oi0003247,Ord001616,Prod00142,2.0,0
Oi0003248,Ord001616,Prod00051,5.0,0
Oi0003253,Ord001618,Prod00188,4.0,20
Oi0003254,Ord001618,Prod00100,1.0,5
Oi0003255,Ord001618,Prod00319,3.0,0
Oi0003256,Ord001618,Prod00535,500.0,0
Oi0003257,Ord001619,Prod00027,5.0,0
Oi0003258,Ord001620,Prod00485,5.0,0
Oi0003259,Ord001621,Prod00059,1.0,0
Oi0003260,Ord001622,Prod00236,3.0,20
Oi0003261,Ord001623,Prod00322,1.0,0
Oi0003262,Ord001624,Prod00571,1.0,25
Oi0003263,Ord001624,Prod00205,1.0,5
Oi0003265,Ord001625,Prod00389,10.0,10
Oi0003267,Ord001627,Prod00114,10.0,10
Oi0003268,Ord001627,Prod00004,4.0,20
Oi0003269,Ord001628,Prod00205,10.0,20
Oi0003270,Ord001628,Prod00295,4.0,0
Oi0003271,Ord001629,Prod00549,5.0,10
Oi0003272,Ord001629,Prod00026,1.0,0
Oi0003273,Ord001629,Prod00337,1.0,10
Oi0003274,Ord001630,Prod00142,10.0,0
Oi0003275,Ord001631,Prod00156,1.0,0
Oi0003276,Ord001632,Prod00064,10.0,0
Oi0003277,Ord001633,Prod00541,1.0,25
Oi0003278,Ord001633,Prod00443,4.0,5
Oi0003280,Ord001634,Prod00456,1.0,5
Oi0003281,Ord001634,Prod00143,3.0,0
Oi0003282,Ord001635,Prod00574,500.0,5
Oi0003283,Ord001635,Prod00217,1.0,25
Oi0003286,Ord001636,Prod00233,5.0,25
Oi0003287,Ord001636,Prod00032,1.0,10
Oi0003288,Ord001636,Prod00011,3.0,5
Oi0003289,Ord001637,Prod00552,3.0,0
Oi0003290,Ord001637,Prod00401,2.0,20
Oi0003292,Ord001637,Prod00568,2.0,5
Oi0003293,Ord001638,Prod00043,5.0,0
Oi0003294,Ord001638,Prod00068,1.0,0
Oi0003295,Ord001639,Prod00309,5.0,5
Oi0003296,Ord001640,Prod00371,10.0,20
Oi0003297,Ord001640,Prod00084,5.0,25
Oi0003298,Ord001640,Prod00382,2.0,10
Oi0003299,Ord001641,Prod00420,2.0,10
Oi0003300,Ord001641,Prod00403,10.0,10
Oi0003301,Ord001641,Prod00483,10.0,0
Oi0003302,Ord001642,Prod00165,3.0,20
Oi0003303,Ord001642,Prod00547,1.0,0
Oi0003304,Ord001642,Prod00381,1.0,15
Oi0003305,Ord001643,Prod00106,10.0,20
Oi0003306,Ord001643,Prod00093,2.0,0
Oi0003307,Ord001643,Prod00352,4.0,15
Oi0003308,Ord001643,Prod00027,1.0,10
Oi0003309,Ord001644,Prod00141,2.0,0
Oi0003310,Ord001644,Prod00413,4.0,0
Oi0003311,Ord001644,Prod00330,1.0,20
Oi0003312,Ord001644,Prod00576,2.0,10
Oi0003313,Ord001645,Prod00183,4.0,10
Oi0003314,Ord001645,Prod00404,4.0,15
Oi0003315,Ord001646,Prod00294,3.0,25
Oi0003317,Ord001648,Prod00599,3.0,0
Oi0003318,Ord001649,Prod00374,1.0,10
Oi0003319,Ord001649,Prod00214,1.0,20
Oi0003320,Ord001650,Prod00571,10.0,0
Oi0003321,Ord001650,Prod00209,5.0,20
Oi0003322,Ord001650,Prod00409,3.0,0
Oi0003324,Ord001651,Prod00078,2.0,10
Oi0003325,Ord001651,Prod00276,10.0,20
Oi0003326,Ord001651,Prod00345,3.0,10
Oi0003327,Ord001652,Prod00302,5.0,0
Oi0003328,Ord001652,Prod00239,5.0,0
Oi0003330,Ord001654,Prod00185,5.0,25
Oi0003333,Ord001655,Prod00150,10.0,0
Oi0003334,Ord001655,Prod00110,3.0,0
Oi0003335,Ord001655,Prod00049,5.0,0
Oi0003336,Ord001656,Prod00071,10.0,25
Oi0003337,Ord001656,Prod00588,1.0,0
Oi0003338,Ord001656,Prod00497,10.0,0
Oi0003339,Ord001656,Prod00568,2.0,10
Oi0003340,Ord001657,Prod00561,4.0,20
Oi0003342,Ord001657,Prod00496,10.0,5
Oi0003343,Ord001658,Prod00014,2.0,25
Oi0003344,Ord001658,Prod00563,4.0,25
Oi0003346,Ord001658,Prod00428,3.0,5
Oi0003347,Ord001659,Prod00125,3.0,25
Oi0003349,Ord001660,Prod00166,10.0,10
Oi0003350,Ord001660,Prod00590,2.0,20
Oi0003351,Ord001661,Prod00503,3.0,0
Oi0003352,Ord001661,Prod00488,1.0,20
Oi0003353,Ord001661,Prod00404,1.0,0
Oi0003354,Ord001662,Prod00168,10.0,0
Oi0003356,Ord001662,Prod00563,1.0,15
Oi0003357,Ord001663,Prod00275,2.0,20
Oi0003358,Ord001664,Prod00260,5.0,25
Oi0003359,Ord001665,Prod00190,5.0,15
Oi0003360,Ord001665,Prod00592,2.0,20
Oi0003361,Ord001666,Prod00565,1.0,15
Oi0003362,Ord001667,Prod00552,1.0,15
Oi0003363,Ord001667,Prod00577,10.0,10
Oi0003364,Ord001667,Prod00351,3.0,15
Oi0003365,Ord001668,Prod00164,10.0,0
Oi0003366,Ord001669,Prod00282,5.0,15
Oi0003367,Ord001669,Prod00548,1.0,5
Oi0003368,Ord001670,Prod00556,4.0,10
Oi0003369,Ord001670,Prod00375,10.0,20
Oi0003370,Ord001670,Prod00486,1.0,5
Oi0003372,Ord001672,Prod00054,1.0,0
Oi0003373,Ord001672,Prod00219,1.0,0
Oi0003374,Ord001672,Prod00335,2.0,0
Oi0003375,Ord001672,Prod00340,1.0,0
Oi0003377,Ord001674,Prod00242,1.0,15
Oi0003378,Ord001674,Prod00330,1.0,15
Oi0003379,Ord001674,Prod00155,2.0,5
Oi0003380,Ord001674,Prod00390,1.0,0
Oi0003381,Ord001675,Prod00560,2.0,10
Oi0003383,Ord001677,Prod00400,1.0,20
Oi0003384,Ord001677,Prod00507,5.0,0
Oi0003385,Ord001678,Prod00411,2.0,0
Oi0003386,Ord001679,Prod00018,5.0,15
Oi0003387,Ord001680,Prod00594,3.0,0
Oi0003388,Ord001680,Prod00270,2.0,0
Oi0003389,Ord001680,Prod00241,4.0,0
Oi0003390,Ord001681,Prod00328,10.0,0
Oi0003391,Ord001682,Prod00135,10.0,0
Oi0003392,Ord001682,Prod00308,10.0,25
Oi0003393,Ord001682,Prod00082,1.0,0
Oi0003394,Ord001682,Prod00160,1.0,20
Oi0003395,Ord001683,Prod00110,2.0,20
Oi0003396,Ord001684,Prod00397,10.0,15
Oi0003397,Ord001685,Prod00529,5.0,15
Oi0003400,Ord001687,Prod00399,1.0,10
Oi0003402,Ord001688,Prod00208,1.0,25
Oi0003403,Ord001689,Prod00544,1.0,15
Oi0003404,Ord001690,Prod00471,3.0,0
Oi0003405,Ord001690,Prod00462,4.0,20
Oi0003406,Ord001691,Prod00398,1.0,10
Oi0003407,Ord001691,Prod00367,1.0,0
Oi0003408,Ord001692,Prod00135,10.0,0
Oi0003409,Ord001692,Prod00341,1.0,5
Oi0003410,Ord001692,Prod00340,1.0,15
Oi0003411,Ord001693,Prod00084,1.0,0
Oi0003413,Ord001694,Prod00548,4.0,20
Oi0003414,Ord001694,Prod00117,2.0,0
Oi0003416,Ord001695,Prod00130,1.0,5
Oi0003417,Ord001695,Prod00173,2.0,25
Oi0003418,Ord001695,Prod00510,2.0,20
Oi0003419,Ord001696,Prod00580,2.0,15
Oi0003422,Ord001698,Prod00339,5.0,0
Oi0003423,Ord001698,Prod00433,10.0,5
Oi0003424,Ord001699,Prod00477,2.0,20
Oi0003425,Ord001700,Prod00160,1.0,0
Oi0003426,Ord001700,Prod00512,10.0,25
Oi0003427,Ord001700,Prod00097,1.0,0
Oi0003428,Ord001701,Prod00344,1.0,10
Oi0003429,Ord001701,Prod00527,5.0,20
Oi0003430,Ord001701,Prod00062,2.0,25
Oi0003431,Ord001701,Prod00416,1.0,10
Oi0003432,Ord001702,Prod00382,1.0,0
Oi0003433,Ord001703,Prod00401,2.0,25
Oi0003434,Ord001704,Prod00545,5.0,5
Oi0003435,Ord001705,Prod00006,1.0,20
Oi0003436,Ord001705,Prod00275,5.0,10
Oi0003437,Ord001706,Prod00342,2.0,0
Oi0003438,Ord001706,Prod00485,2.0,0
Oi0003439,Ord001707,Prod00082,5.0,25
Oi0003440,Ord001708,Prod00397,2.0,0
Oi0003441,Ord001709,Prod00308,10.0,20
Oi0003442,Ord001709,Prod00420,2.0,5
Oi0003443,Ord001710,Prod00109,1.0,5
Oi0003444,Ord001710,Prod00334,1.0,20
Oi0003445,Ord001711,Prod00071,3.0,5
Oi0003446,Ord001711,Prod00056,5.0,0
Oi0003447,Ord001711,Prod00492,4.0,25
Oi0003448,Ord001712,Prod00490,1.0,0
Oi0003449,Ord001712,Prod00534,1.0,10
Oi0003450,Ord001713,Prod00250,4.0,25
Oi0003451,Ord001714,Prod00593,10.0,0
Oi0003452,Ord001715,Prod00458,3.0,0
Oi0003453,Ord001715,Prod00373,3.0,5
Oi0003454,Ord001715,Prod00345,2.0,0
Oi0003455,Ord001715,Prod00020,2.0,5
Oi0003456,Ord001716,Prod00152,10.0,0
Oi0003457,Ord001717,Prod00185,2.0,5
Oi0003459,Ord001718,Prod00504,1.0,0
Oi0003460,Ord001719,Prod00261,1.0,10
Oi0003461,Ord001719,Prod00523,2.0,25
Oi0003462,Ord001719,Prod00435,10.0,10
Oi0003463,Ord001720,Prod00471,2.0,10
Oi0003464,Ord001720,Prod00498,1.0,20
Oi0003465,Ord001721,Prod00367,2.0,0
Oi0003467,Ord001722,Prod00027,10.0,10
Oi0003468,Ord001722,Prod00540,10.0,0
Oi0003469,Ord001722,Prod00398,1.0,0
Oi0003470,Ord001722,Prod00452,1.0,0
Oi0003472,Ord001724,Prod00402,1.0,10
Oi0003473,Ord001725,Prod00523,1.0,5
Oi0003474,Ord001725,Prod00458,5.0,15
Oi0003475,Ord001725,Prod00119,2.0,5
Oi0003476,Ord001725,Prod00324,1.0,15
Oi0003477,Ord001726,Prod00152,1.0,0
Oi0003478,Ord001726,Prod00347,10.0,0
Oi0003480,Ord001727,Prod00534,1.0,10
Oi0003481,Ord001727,Prod00238,5.0,0
Oi0003482,Ord001728,Prod00279,1.0,0
Oi0003483,Ord001729,Prod00108,1.0,10
Oi0003485,Ord001729,Prod00460,1.0,20
Oi0003486,Ord001730,Prod00577,2.0,15
Oi0003487,Ord001730,Prod00555,2.0,0
Oi0003488,Ord001730,Prod00194,4.0,10
Oi0003489,Ord001730,Prod00444,2.0,0
Oi0003490,Ord001731,Prod00196,2.0,5
Oi0003491,Ord001732,Prod00553,1.0,5
Oi0003492,Ord001732,Prod00306,2.0,0
Oi0003493,Ord001732,Prod00199,2.0,0
Oi0003494,Ord001733,Prod00555,4.0,15
Oi0003496,Ord001733,Prod00471,3.0,15
Oi0003497,Ord001733,Prod00068,2.0,0
Oi0003498,Ord001734,Prod00294,2.0,0
Oi0003499,Ord001734,Prod00076,1.0,5
Oi0003500,Ord001734,Prod00594,500.0,20
Oi0003501,Ord001735,Prod00313,1.0,10
Oi0003502,Ord001736,Prod00044,3.0,0
Oi0003504,Ord001736,Prod00569,5.0,10
Oi0003505,Ord001736,Prod00499,1.0,5
Oi0003506,Ord001737,Prod00385,3.0,0
Oi0003507,Ord001738,Prod00384,4.0,10
Oi0003508,Ord001738,Prod00147,1.0,15
Oi0003510,Ord001738,Prod00395,3.0,15
Oi0003511,Ord001739,Prod00312,5.0,20
Oi0003512,Ord001740,Prod00132,2.0,5
Oi0003513,Ord001741,Prod00184,2.0,0
Oi0003514,Ord001741,Prod00531,1.0,20
Oi0003516,Ord001742,Prod00198,5.0,0
Oi0003517,Ord001742,Prod00084,10.0,25
Oi0003518,Ord001743,Prod00343,2.0,0
Oi0003519,Ord001743,Prod00092,5.0,0
Oi0003520,Ord001744,Prod00476,500.0,25
Oi0003521,Ord001745,Prod00581,2.0,25
Oi0003522,Ord001745,Prod00271,10.0,0
Oi0003523,Ord001745,Prod00244,3.0,15
Oi0003524,Ord001745,Prod00055,1.0,20
Oi0003525,Ord001746,Prod00120,2.0,10
Oi0003526,Ord001746,Prod00104,2.0,0
Oi0003527,Ord001746,Prod00136,1.0,15
Oi0003529,Ord001747,Prod00014,1.0,25
Oi0003530,Ord001748,Prod00168,2.0,0
Oi0003531,Ord001748,Prod00192,5.0,0
Oi0003532,Ord001748,Prod00312,500.0,15
Oi0003533,Ord001749,Prod00404,1.0,0
Oi0003534,Ord001749,Prod00153,1.0,20
Oi0003535,Ord001749,Prod00452,1.0,0
Oi0003536,Ord001749,Prod00332,10.0,0
Oi0003537,Ord001750,Prod00190,1.0,25
Oi0003538,Ord001751,Prod00074,2.0,0
Oi0003539,Ord001751,Prod00598,2.0,0
Oi0003540,Ord001751,Prod00284,4.0,20
Oi0003541,Ord001752,Prod00586,5.0,0
Oi0003542,Ord001752,Prod00079,3.0,5
Oi0003543,Ord001753,Prod00094,4.0,0
Oi0003544,Ord001754,Prod00058,1.0,0
Oi0003545,Ord001754,Prod00357,1.0,15
Oi0003546,Ord001754,Prod00305,2.0,25
Oi0003547,Ord001754,Prod00421,5.0,10
Oi0003548,Ord001755,Prod00495,5.0,10
Oi0003549,Ord001756,Prod00075,1.0,20
Oi0003550,Ord001756,Prod00506,4.0,10
Oi0003551,Ord001756,Prod00556,4.0,0
Oi0003552,Ord001756,Prod00339,2.0,0
Oi0003553,Ord001757,Prod00526,3.0,20
Oi0003554,Ord001757,Prod00296,2.0,20
Oi0003555,Ord001757,Prod00362,2.0,10
Oi0003556,Ord001757,Prod00091,3.0,25
Oi0003558,Ord001759,Prod00365,2.0,15
Oi0003559,Ord001759,Prod00081,2.0,15
Oi0003560,Ord001760,Prod00562,10.0,0
Oi0003561,Ord001760,Prod00427,5.0,0
Oi0003562,Ord001761,Prod00525,1.0,25
Oi0003563,Ord001761,Prod00039,1.0,5
Oi0003564,Ord001762,Prod00576,3.0,20
Oi0003565,Ord001763,Prod00021,1.0,0
Oi0003566,Ord001764,Prod00536,1.0,10
Oi0003567,Ord001765,Prod00177,1.0,25
Oi0003568,Ord001765,Prod00527,3.0,5
Oi0003569,Ord001765,Prod00246,1.0,0
Oi0003571,Ord001766,Prod00363,4.0,20
Oi0003573,Ord001767,Prod00220,1.0,0
Oi0003574,Ord001767,Prod00580,1.0,25
Oi0003575,Ord001768,Prod00434,4.0,25
Oi0003576,Ord001768,Prod00160,2.0,20
Oi0003577,Ord001768,Prod00227,1.0,10
Oi0003579,Ord001769,Prod00143,1.0,15
Oi0003580,Ord001769,Prod00041,5.0,0
Oi0003581,Ord001769,Prod00487,1.0,15
Oi0003582,Ord001770,Prod00169,5.0,0
Oi0003583,Ord001771,Prod00288,1.0,20
Oi0003584,Ord001771,Prod00239,4.0,20
Oi0003585,Ord001772,Prod00371,3.0,0
Oi0003586,Ord001772,Prod00380,10.0,15
Oi0003587,Ord001773,Prod00361,2.0,20
Oi0003589,Ord001773,Prod00192,4.0,25
Oi0003590,Ord001773,Prod00335,10.0,25
Oi0003591,Ord001774,Prod00383,1.0,0
Oi0003592,Ord001775,Prod00203,5.0,0
Oi0003594,Ord001775,Prod00508,5.0,5
Oi0003595,Ord001776,Prod00139,3.0,0
Oi0003596,Ord001777,Prod00319,1.0,0
Oi0003598,Ord001779,Prod00495,1.0,25
Oi0003599,Ord001779,Prod00172,2.0,0
Oi0003600,Ord001779,Prod00138,3.0,15
Oi0003601,Ord001780,Prod00091,3.0,15
Oi0003602,Ord001780,Prod00395,1.0,25
Oi0003603,Ord001780,Prod00399,4.0,10
Oi0003604,Ord001781,Prod00326,10.0,0
Oi0003605,Ord001781,Prod00114,5.0,20
Oi0003606,Ord001782,Prod00040,2.0,5
Oi0003607,Ord001783,Prod00569,1.0,10
Oi0003608,Ord001784,Prod00014,1.0,5
Oi0003610,Ord001785,Prod00189,1.0,20
Oi0003611,Ord001786,Prod00126,2.0,5
Oi0003612,Ord001787,Prod00305,10.0,20
Oi0003614,Ord001787,Prod00114,2.0,0
Oi0003615,Ord001788,Prod00005,10.0,0
Oi0003616,Ord001788,Prod00597,2.0,15
Oi0003617,Ord001789,Prod00102,4.0,0
Oi0003619,Ord001790,Prod00191,500.0,5
Oi0003620,Ord001791,Prod00145,2.0,0
Oi0003621,Ord001792,Prod00109,2.0,5
Oi0003622,Ord001792,Prod00245,1.0,0
Oi0003623,Ord001792,Prod00309,1.0,0
Oi0003625,Ord001794,Prod00255,5.0,5
Oi0003626,Ord001794,Prod00149,5.0,0
Oi0003627,Ord001794,Prod00242,1.0,10
Oi0003628,Ord001795,Prod00544,1.0,0
Oi0003629,Ord001795,Prod00133,3.0,15
Oi0003630,Ord001796,Prod00220,2.0,20
Oi0003632,Ord001797,Prod00277,4.0,5
Oi0003633,Ord001797,Prod00547,1.0,0
Oi0003634,Ord001797,Prod00123,1.0,5
Oi0003635,Ord001798,Prod00502,2.0,0
Oi0003636,Ord001799,Prod00269,3.0,10
Oi0003637,Ord001799,Prod00438,3.0,0
Oi0003638,Ord001800,Prod00332,1.0,5
Oi0003639,Ord001800,Prod00515,1.0,5
Oi0003640,Ord001801,Prod00033,2.0,0
Oi0003641,Ord001801,Prod00523,5.0,20
Oi0003642,Ord001801,Prod00494,1.0,25
Oi0003643,Ord001802,Prod00199,2.0,15
Oi0003644,Ord001803,Prod00420,4.0,20
Oi0003645,Ord001803,Prod00021,10.0,5
Oi0003646,Ord001804,Prod00270,3.0,0
Oi0003647,Ord001805,Prod00133,10.0,0
Oi0003648,Ord001805,Prod00218,1.0,20
Oi0003649,Ord001805,Prod00002,1.0,15
Oi0003650,Ord001806,Prod00120,10.0,5
Oi0003652,Ord001807,Prod00547,1.0,15
Oi0003653,Ord001807,Prod00118,1.0,0
Oi0003655,Ord001808,Prod00534,5.0,0
Oi0003657,Ord001810,Prod00078,2.0,15
Oi0003658,Ord001810,Prod00309,2.0,25
Oi0003660,Ord001811,Prod00172,1.0,0
Oi0003661,Ord001812,Prod00320,10.0,0
Oi0003662,Ord001812,Prod00554,1.0,25
Oi0003663,Ord001812,Prod00558,5.0,0
Oi0003665,Ord001813,Prod00106,4.0,25
Oi0003666,Ord001813,Prod00409,3.0,0
Oi0003667,Ord001813,Prod00484,4.0,0
Oi0003668,Ord001814,Prod00016,10.0,20
Oi0003669,Ord001814,Prod00489,10.0,10
Oi0003670,Ord001814,Prod00117,10.0,0
Oi0003671,Ord001815,Prod00035,4.0,0
Oi0003672,Ord001815,Prod00411,2.0,0
Oi0003673,Ord001816,Prod00267,2.0,0
Oi0003675,Ord001817,Prod00585,4.0,15
Oi0003677,Ord001818,Prod00251,10.0,20
Oi0003678,Ord001818,Prod00115,1.0,5
Oi0003679,Ord001819,Prod00239,1.0,0
Oi0003680,Ord001820,Prod00067,2.0,0
Oi0003681,Ord001821,Prod00097,1.0,15
Oi0003683,Ord001822,Prod00489,1.0,5
Oi0003684,Ord001823,Prod00439,1.0,0
Oi0003685,Ord001824,Prod00354,2.0,25
Oi0003686,Ord001825,Prod00316,2.0,25
Oi0003687,Ord001825,Prod00379,1.0,0
Oi0003688,Ord001826,Prod00058,10.0,0
Oi0003689,Ord001827,Prod00055,10.0,0
Oi0003690,Ord001827,Prod00583,1.0,20
Oi0003693,Ord001828,Prod00522,2.0,0
Oi0003694,Ord001828,Prod00222,2.0,25
Oi0003695,Ord001829,Prod00071,4.0,20
Oi0003696,Ord001830,Prod00116,1.0,0
Oi0003697,Ord001831,Prod00573,5.0,0
Oi0003698,Ord001831,Prod00498,1.0,20
Oi0003699,Ord001832,Prod00339,1.0,10
Oi0003700,Ord001833,Prod00494,10.0,5
Oi0003702,Ord001834,Prod00178,1.0,15
Oi0003703,Ord001834,Prod00232,2.0,15
Oi0003704,Ord001835,Prod00201,1.0,0
Oi0003705,Ord001836,Prod00102,1.0,25
Oi0003706,Ord001836,Prod00111,1.0,5
Oi0003707,Ord001836,Prod00059,4.0,15
Oi0003708,Ord001836,Prod00548,1.0,0
Oi0003711,Ord001838,Prod00444,3.0,0
Oi0003712,Ord001839,Prod00296,2.0,5
Oi0003713,Ord001840,Prod00178,2.0,0
Oi0003714,Ord001841,Prod00331,1.0,10
Oi0003716,Ord001842,Prod00572,3.0,0
Oi0003717,Ord001842,Prod00266,10.0,10
Oi0003718,Ord001843,Prod00535,1.0,0
Oi0003719,Ord001844,Prod00261,2.0,0
Oi0003720,Ord001844,Prod00025,1.0,0
Oi0003721,Ord001844,Prod00339,2.0,5
Oi0003722,Ord001845,Prod00081,1.0,5
Oi0003723,Ord001846,Prod00027,2.0,10
Oi0003724,Ord001846,Prod00324,10.0,5
Oi0003725,Ord001847,Prod00492,2.0,25
Oi0003726,Ord001847,Prod00108,3.0,15
Oi0003727,Ord001848,Prod00588,10.0,15
Oi0003728,Ord001849,Prod00289,1.0,0
Oi0003729,Ord001849,Prod00457,1.0,10
Oi0003730,Ord001849,Prod00069,5.0,0
Oi0003731,Ord001850,Prod00173,1.0,0
Oi0003732,Ord001850,Prod00118,1.0,20
Oi0003733,Ord001851,Prod00257,2.0,25
Oi0003734,Ord001852,Prod00542,1.0,5
Oi0003737,Ord001853,Prod00257,1.0,25
Oi0003738,Ord001854,Prod00358,1.0,10
Oi0003739,Ord001854,Prod00080,10.0,10
Oi0003743,Ord001856,Prod00100,2.0,25
Oi0003744,Ord001856,Prod00588,2.0,20
Oi0003745,Ord001857,Prod00517,5.0,10
Oi0003747,Ord001857,Prod00483,2.0,5
Oi0003748,Ord001858,Prod00539,4.0,0
Oi0003749,Ord001859,Prod00160,5.0,0
Oi0003751,Ord001859,Prod00431,3.0,15
Oi0003752,Ord001859,Prod00587,3.0,0
Oi0003753,Ord001860,Prod00091,1.0,0
Oi0003754,Ord001860,Prod00094,1.0,20
Oi0003755,Ord001860,Prod00405,1.0,15
Oi0003756,Ord001861,Prod00422,2.0,15
Oi0003757,Ord001862,Prod00479,1.0,5
Oi0003758,Ord001863,Prod00366,5.0,25
Oi0003759,Ord001863,Prod00352,4.0,10
Oi0003760,Ord001864,Prod00142,3.0,5
Oi0003761,Ord001864,Prod00054,2.0,0
Oi0003762,Ord001865,Prod00467,1.0,0
Oi0003763,Ord001865,Prod00135,2.0,20
Oi0003764,Ord001865,Prod00212,1.0,5
Oi0003765,Ord001865,Prod00254,1.0,0
Oi0003766,Ord001866,Prod00468,10.0,15
Oi0003767,Ord001867,Prod00055,1.0,25
Oi0003769,Ord001868,Prod00285,4.0,0
Oi0003770,Ord001869,Prod00286,1.0,0
Oi0003771,Ord001870,Prod00178,2.0,15
Oi0003772,Ord001870,Prod00219,1.0,5
Oi0003773,Ord001871,Prod00338,5.0,10
Oi0003774,Ord001871,Prod00368,1.0,0
Oi0003775,Ord001871,Prod00363,2.0,25
Oi0003776,Ord001871,Prod00478,2.0,20
Oi0003777,Ord001872,Prod00375,4.0,10
Oi0003778,Ord001872,Prod00345,3.0,0
Oi0003779,Ord001873,Prod00124,3.0,0
Oi0003780,Ord001873,Prod00148,3.0,10
Oi0003781,Ord001874,Prod00596,4.0,20
Oi0003782,Ord001874,Prod00168,4.0,20
Oi0003784,Ord001874,Prod00414,10.0,10
Oi0003785,Ord001875,Prod00360,3.0,5
Oi0003786,Ord001875,Prod00348,3.0,0
Oi0003788,Ord001875,Prod00196,1.0,25
Oi0003789,Ord001876,Prod00276,1.0,20
Oi0003790,Ord001876,Prod00512,4.0,10
Oi0003792,Ord001876,Prod00581,1.0,0
Oi0003793,Ord001877,Prod00313,1.0,0
Oi0003794,Ord001878,Prod00065,2.0,5
Oi0003796,Ord001880,Prod00303,2.0,25
Oi0003797,Ord001881,Prod00397,2.0,0
Oi0003798,Ord001882,Prod00540,5.0,10
Oi0003799,Ord001882,Prod00132,10.0,15
Oi0003800,Ord001883,Prod00128,2.0,10
Oi0003801,Ord001883,Prod00181,3.0,5
Oi0003802,Ord001883,Prod00093,2.0,0
Oi0003803,Ord001883,Prod00012,10.0,0
Oi0003804,Ord001884,Prod00065,2.0,5
Oi0003805,Ord001884,Prod00355,4.0,0
Oi0003806,Ord001885,Prod00397,4.0,20
Oi0003807,Ord001885,Prod00481,2.0,20
Oi0003808,Ord001885,Prod00221,1.0,0
Oi0003810,Ord001887,Prod00564,1.0,25
Oi0003811,Ord001888,Prod00062,3.0,15
Oi0003812,Ord001888,Prod00240,1.0,0
Oi0003813,Ord001889,Prod00568,1.0,5
Oi0003815,Ord001889,Prod00249,10.0,25
Oi0003816,Ord001890,Prod00396,4.0,25
Oi0003818,Ord001891,Prod00590,10.0,0
Oi0003819,Ord001891,Prod00285,1.0,5
Oi0003821,Ord001892,Prod00156,2.0,10
Oi0003822,Ord001893,Prod00502,1.0,0
Oi0003823,Ord001893,Prod00191,1.0,0
Oi0003824,Ord001894,Prod00525,2.0,5
Oi0003825,Ord001895,Prod00046,2.0,20
Oi0003826,Ord001895,Prod00158,2.0,0
Oi0003827,Ord001896,Prod00081,3.0,5
Oi0003828,Ord001896,Prod00549,5.0,20
Oi0003829,Ord001896,Prod00233,1.0,5
Oi0003831,Ord001897,Prod00459,1.0,15
Oi0003832,Ord001897,Prod00075,1.0,0
Oi0003833,Ord001898,Prod00269,1.0,0
Oi0003834,Ord001898,Prod00295,2.0,0
Oi0003835,Ord001898,Prod00476,1.0,0
Oi0003836,Ord001899,Prod00278,2.0,5
Oi0003837,Ord001899,Prod00045,5.0,25
Oi0003838,Ord001899,Prod00526,2.0,20
Oi0003839,Ord001899,Prod00019,1.0,10
Oi0003840,Ord001900,Prod00083,1.0,5
Oi0003841,Ord001901,Prod00256,2.0,0
Oi0003842,Ord001901,Prod00573,3.0,0
Oi0003843,Ord001901,Prod00365,1.0,10
Oi0003844,Ord001902,Prod00557,2.0,20
Oi0003845,Ord001902,Prod00555,5.0,25
Oi0003847,Ord001902,Prod00421,10.0,0
Oi0003848,Ord001903,Prod00018,3.0,15
Oi0003850,Ord001905,Prod00165,5.0,20
Oi0003852,Ord001905,Prod00355,4.0,25
Oi0003853,Ord001905,Prod00047,1.0,0
Oi0003854,Ord001906,Prod00361,10.0,0
Oi0003855,Ord001906,Prod00471,10.0,0
Oi0003856,Ord001906,Prod00082,4.0,10
Oi0003857,Ord001906,Prod00133,1.0,20
Oi0003859,Ord001908,Prod00457,5.0,10
Oi0003860,Ord001909,Prod00379,10.0,0
Oi0003861,Ord001909,Prod00199,1.0,0
Oi0003862,Ord001909,Prod00099,1.0,15
Oi0003863,Ord001910,Prod00206,3.0,0
Oi0003864,Ord001910,Prod00425,10.0,20
Oi0003866,Ord001911,Prod00399,1.0,0
Oi0003867,Ord001911,Prod00366,1.0,15
Oi0003868,Ord001911,Prod00146,4.0,5
Oi0003871,Ord001913,Prod00184,5.0,0
Oi0003873,Ord001914,Prod00487,2.0,10
Oi0003874,Ord001915,Prod00299,4.0,5
Oi0003875,Ord001915,Prod00108,2.0,0
Oi0003876,Ord001916,Prod00479,2.0,5
Oi0003877,Ord001917,Prod00506,1.0,25
Oi0003879,Ord001918,Prod00109,1.0,0
Oi0003880,Ord001918,Prod00334,2.0,0
Oi0003881,Ord001918,Prod00081,1.0,25
Oi0003882,Ord001919,Prod00450,1.0,0
Oi0003883,Ord001920,Prod00345,1.0,0
Oi0003884,Ord001920,Prod00459,1.0,5
Oi0003885,Ord001921,Prod00413,5.0,0
Oi0003886,Ord001922,Prod00298,10.0,10
Oi0003888,Ord001922,Prod00391,4.0,20
Oi0003889,Ord001922,Prod00502,1.0,10
Oi0003890,Ord001923,Prod00430,1.0,10
Oi0003891,Ord001924,Prod00068,2.0,0
Oi0003892,Ord001924,Prod00128,4.0,5
Oi0003893,Ord001924,Prod00063,1.0,0
Oi0003894,Ord001924,Prod00475,5.0,5
Oi0003896,Ord001925,Prod00425,1.0,15
Oi0003897,Ord001925,Prod00576,10.0,0
Oi0003898,Ord001926,Prod00440,5.0,0
Oi0003899,Ord001926,Prod00256,1.0,0
Oi0003900,Ord001926,Prod00171,3.0,0
Oi0003902,Ord001927,Prod00349,3.0,0
Oi0003903,Ord001927,Prod00347,5.0,0
Oi0003904,Ord001928,Prod00515,10.0,0
Oi0003905,Ord001929,Prod00472,2.0,0
Oi0003907,Ord001930,Prod00439,1.0,0
Oi0003909,Ord001930,Prod00327,2.0,20
Oi0003910,Ord001931,Prod00475,1.0,25
Oi0003911,Ord001932,Prod00214,5.0,25
Oi0003912,Ord001932,Prod00573,3.0,0
Oi0003913,Ord001932,Prod00576,10.0,5
Oi0003914,Ord001932,Prod00484,1.0,20
Oi0003915,Ord001933,Prod00329,3.0,20
Oi0003916,Ord001933,Prod00457,1.0,20
Oi0003917,Ord001934,Prod00368,1.0,15
Oi0003918,Ord001934,Prod00061,1.0,25
Oi0003919,Ord001934,Prod00312,5.0,15
Oi0003920,Ord001935,Prod00104,3.0,0
Oi0003921,Ord001936,Prod00044,3.0,20
Oi0003923,Ord001937,Prod00316,3.0,25
Oi0003924,Ord001938,Prod00169,1.0,20
Oi0003925,Ord001938,Prod00567,1.0,5
Oi0003926,Ord001939,Prod00525,4.0,0
Oi0003927,Ord001939,Prod00125,3.0,0
Oi0003928,Ord001940,Prod00176,5.0,25
Oi0003929,Ord001941,Prod00138,10.0,15
Oi0003930,Ord001941,Prod00393,2.0,20
Oi0003931,Ord001942,Prod00136,3.0,0
Oi0003933,Ord001943,Prod00330,10.0,10
Oi0003934,Ord001944,Prod00142,4.0,0
Oi0003935,Ord001945,Prod00356,2.0,20
Oi0003937,Ord001945,Prod00124,1.0,0
Oi0003938,Ord001946,Prod00312,4.0,10
Oi0003939,Ord001946,Prod00301,4.0,0
Oi0003940,Ord001947,Prod00511,1.0,10
Oi0003941,Ord001947,Prod00206,2.0,25
Oi0003942,Ord001948,Prod00359,3.0,20
Oi0003943,Ord001949,Prod00345,4.0,0
Oi0003945,Ord001950,Prod00367,1.0,0
Oi0003946,Ord001951,Prod00171,4.0,0
Oi0003947,Ord001951,Prod00005,1.0,20
Oi0003948,Ord001952,Prod00182,1.0,25
Oi0003950,Ord001952,Prod00083,2.0,0
Oi0003951,Ord001952,Prod00032,3.0,10
Oi0003952,Ord001953,Prod00475,1.0,0
Oi0003953,Ord001953,Prod00099,1.0,0
Oi0003954,Ord001954,Prod00045,10.0,20
Oi0003955,Ord001955,Prod00455,4.0,20
Oi0003956,Ord001955,Prod00155,1.0,0
Oi0003958,Ord001956,Prod00130,3.0,25
Oi0003959,Ord001956,Prod00254,4.0,0
Oi0003960,Ord001956,Prod00030,4.0,10
Oi0003961,Ord001957,Prod00050,2.0,0
Oi0003962,Ord001958,Prod00010,2.0,20
Oi0003963,Ord001959,Prod00012,1.0,0
Oi0003964,Ord001959,Prod00235,3.0,5
Oi0003965,Ord001959,Prod00310,1.0,15
Oi0003966,Ord001959,Prod00403,1.0,15
Oi0003967,Ord001960,Prod00230,10.0,20
Oi0003968,Ord001960,Prod00381,10.0,25
Oi0003969,Ord001961,Prod00494,1.0,0
Oi0003970,Ord001961,Prod00577,4.0,10
Oi0003971,Ord001961,Prod00272,5.0,25
Oi0003972,Ord001961,Prod00027,10.0,0
Oi0003973,Ord001962,Prod00054,3.0,20
Oi0003974,Ord001962,Prod00128,1.0,0
Oi0003975,Ord001963,Prod00231,5.0,25
Oi0003976,Ord001963,Prod00160,1.0,0
Oi0003977,Ord001963,Prod00082,10.0,10
Oi0003978,Ord001964,Prod00278,3.0,15
Oi0003979,Ord001964,Prod00342,2.0,5
Oi0003980,Ord001964,Prod00094,2.0,15
Oi0003981,Ord001964,Prod00591,1.0,5
Oi0003983,Ord001965,Prod00422,1.0,25
Oi0003984,Ord001965,Prod00450,4.0,10
Oi0003988,Ord001967,Prod00598,1.0,20
Oi0003989,Ord001968,Prod00005,1.0,0
Oi0003990,Ord001969,Prod00021,3.0,5
Oi0003991,Ord001969,Prod00356,1.0,5
Oi0003992,Ord001970,Prod00330,1.0,20
Oi0003993,Ord001970,Prod00297,1.0,15
Oi0003994,Ord001971,Prod00534,1.0,20
Oi0003995,Ord001972,Prod00141,2.0,15
Oi0003996,Ord001973,Prod00501,2.0,0
Oi0003997,Ord001973,Prod00196,10.0,10
Oi0003998,Ord001974,Prod00522,1.0,25
Oi0003999,Ord001974,Prod00505,1.0,20
Oi0004000,Ord001975,Prod00236,1.0,10
Oi0004001,Ord001975,Prod00116,10.0,0
Oi0004002,Ord001975,Prod00562,3.0,10
Oi0004003,Ord001976,Prod00347,5.0,25
Oi0004004,Ord001976,Prod00482,1.0,0
Oi0004005,Ord001976,Prod00493,5.0,0
Oi0004006,Ord001976,Prod00430,10.0,15
Oi0004008,Ord001977,Prod00341,5.0,5
Oi0004009,Ord001977,Prod00117,4.0,25
Oi0004010,Ord001978,Prod00317,1.0,10
Oi0004011,Ord001979,Prod00298,5.0,0
Oi0004012,Ord001980,Prod00043,1.0,0
Oi0004013,Ord001980,Prod00153,2.0,10
Oi0004014,Ord001981,Prod00232,5.0,0
Oi0004015,Ord001981,Prod00349,1.0,0
Oi0004017,Ord001982,Prod00426,2.0,25
Oi0004018,Ord001982,Prod00099,4.0,0
Oi0004019,Ord001982,Prod00060,4.0,25
Oi0004020,Ord001983,Prod00138,2.0,25
Oi0004021,Ord001983,Prod00496,4.0,0
Oi0004022,Ord001984,Prod00335,1.0,5
Oi0004023,Ord001985,Prod00175,1.0,10
Oi0004024,Ord001986,Prod00274,2.0,0
Oi0004025,Ord001987,Prod00125,5.0,0
Oi0004026,Ord001988,Prod00169,1.0,15
Oi0004027,Ord001988,Prod00310,4.0,10
Oi0004028,Ord001988,Prod00347,5.0,20
Oi0004029,Ord001988,Prod00579,3.0,0
Oi0004030,Ord001989,Prod00462,1.0,0
Oi0004031,Ord001990,Prod00428,2.0,5
Oi0004032,Ord001990,Prod00407,3.0,0
Oi0004033,Ord001991,Prod00335,1.0,0
Oi0004034,Ord001991,Prod00181,500.0,0
Oi0004035,Ord001992,Prod00597,2.0,0
Oi0004036,Ord001992,Prod00073,3.0,20
Oi0004038,Ord001993,Prod00040,5.0,10
Oi0004039,Ord001994,Prod00199,1.0,25
Oi0004040,Ord001994,Prod00159,1.0,25
Oi0004041,Ord001994,Prod00421,2.0,15
Oi0004042,Ord001995,Prod00170,1.0,25
Oi0004043,Ord001995,Prod00361,2.0,0
Oi0004044,Ord001995,Prod00368,2.0,15
Oi0004045,Ord001996,Prod00472,5.0,0
Oi0004046,Ord001996,Prod00110,2.0,0
Oi0004047,Ord001996,Prod00108,3.0,5
Oi0004048,Ord001997,Prod00136,4.0,10
Oi0004049,Ord001998,Prod00265,3.0,15
Oi0004050,Ord001999,Prod00371,1.0,0
Oi0004051,Ord001999,Prod00009,2.0,0
Oi0004052,Ord001999,Prod00310,1.0,0
Oi0004053,Ord001999,Prod00109,4.0,5
Oi0004054,Ord002000,Prod00529,500.0,0
Oi0004055,Ord002000,Prod00254,1.0,5
Oi0004056,Ord002000,Prod00387,10.0,15
Oi0004058,Ord002001,Prod00211,5.0,15
Oi0004059,Ord002002,Prod00446,2.0,5
Oi0004060,Ord002003,Prod00569,2.0,0
Oi0004061,Ord002003,Prod00035,2.0,0
Oi0004062,Ord002004,Prod00259,4.0,20
Oi0004063,Ord002004,Prod00480,1.0,20
Oi0004064,Ord002004,Prod00433,1.0,0
Oi0004065,Ord002004,Prod00234,2.0,15
Oi0004066,Ord002005,Prod00047,1.0,0
Oi0004067,Ord002005,Prod00209,5.0,0
Oi0004068,Ord002005,Prod00385,1.0,0
Oi0004069,Ord002006,Prod00598,1.0,0
Oi0004070,Ord002006,Prod00021,4.0,15
Oi0004072,Ord002006,Prod00527,2.0,0
Oi0004073,Ord002007,Prod00160,1.0,0
Oi0004074,Ord002008,Prod00316,5.0,20
Oi0004075,Ord002009,Prod00598,3.0,15
Oi0004076,Ord002009,Prod00537,1.0,0
Oi0004077,Ord002009,Prod00194,2.0,10
Oi0004078,Ord002010,Prod00334,3.0,20
Oi0004079,Ord002010,Prod00397,10.0,0
Oi0004080,Ord002011,Prod00024,2.0,0
Oi0004081,Ord002012,Prod00070,4.0,20
Oi0004082,Ord002012,Prod00537,1.0,0
Oi0004083,Ord002012,Prod00177,3.0,0
Oi0004084,Ord002013,Prod00252,1.0,25
Oi0004085,Ord002014,Prod00480,5.0,5
Oi0004086,Ord002014,Prod00224,1.0,0
Oi0004087,Ord002014,Prod00119,1.0,0
Oi0004088,Ord002015,Prod00344,1.0,5
Oi0004090,Ord002015,Prod00080,2.0,15
Oi0004091,Ord002015,Prod00107,1.0,20
Oi0004092,Ord002016,Prod00159,10.0,25
Oi0004094,Ord002017,Prod00123,2.0,10
Oi0004095,Ord002017,Prod00571,5.0,0
Oi0004096,Ord002018,Prod00026,5.0,5
Oi0004097,Ord002019,Prod00044,3.0,15
Oi0004098,Ord002020,Prod00169,2.0,0
Oi0004099,Ord002020,Prod00433,2.0,25
Oi0004101,Ord002021,Prod00430,5.0,0
Oi0004102,Ord002022,Prod00350,2.0,25
Oi0004103,Ord002023,Prod00348,1.0,0
Oi0004104,Ord002023,Prod00515,1.0,20
Oi0004105,Ord002023,Prod00329,3.0,0
Oi0004106,Ord002023,Prod00471,1.0,0
Oi0004107,Ord002024,Prod00189,2.0,0
Oi0004109,Ord002025,Prod00363,2.0,0
Oi0004110,Ord002025,Prod00103,1.0,5
Oi0004111,Ord002026,Prod00525,1.0,10
Oi0004112,Ord002026,Prod00073,10.0,15
Oi0004113,Ord002027,Prod00020,3.0,20
Oi0004114,Ord002028,Prod00015,2.0,0
Oi0004116,Ord002028,Prod00004,5.0,20
Oi0004118,Ord002029,Prod00378,2.0,0
Oi0004119,Ord002030,Prod00361,1.0,5
Oi0004120,Ord002030,Prod00119,10.0,25
Oi0004122,Ord002031,Prod00265,10.0,20
Oi0004123,Ord002032,Prod00451,2.0,0
Oi0004124,Ord002033,Prod00073,1.0,0
Oi0004125,Ord002033,Prod00218,2.0,25
Oi0004126,Ord002033,Prod00600,2.0,15
Oi0004127,Ord002033,Prod00506,4.0,0
Oi0004128,Ord002034,Prod00542,5.0,25
Oi0004129,Ord002034,Prod00290,4.0,0
Oi0004130,Ord002035,Prod00332,2.0,15
Oi0004131,Ord002036,Prod00535,3.0,0
Oi0004132,Ord002037,Prod00370,1.0,0
Oi0004133,Ord002038,Prod00104,5.0,10
Oi0004134,Ord002039,Prod00220,2.0,10
Oi0004135,Ord002040,Prod00032,1.0,0
Oi0004136,Ord002041,Prod00170,1.0,10
Oi0004137,Ord002042,Prod00107,2.0,0
Oi0004140,Ord002044,Prod00541,4.0,25
Oi0004141,Ord002044,Prod00218,4.0,10
Oi0004143,Ord002046,Prod00509,2.0,0
Oi0004144,Ord002047,Prod00433,2.0,0
Oi0004145,Ord002048,Prod00171,3.0,15
Oi0004146,Ord002049,Prod00573,4.0,0
Oi0004147,Ord002050,Prod00386,1.0,15
Oi0004148,Ord002051,Prod00229,5.0,5
Oi0004149,Ord002052,Prod00183,1.0,25
Oi0004150,Ord002052,Prod00191,1.0,15
Oi0004152,Ord002053,Prod00440,1.0,0
Oi0004153,Ord002053,Prod00242,1.0,15
Oi0004154,Ord002053,Prod00128,10.0,0
Oi0004155,Ord002054,Prod00216,1.0,0
Oi0004156,Ord002054,Prod00194,1.0,0
Oi0004157,Ord002055,Prod00236,1.0,0
Oi0004158,Ord002055,Prod00320,4.0,25
Oi0004159,Ord002055,Prod00542,1.0,10
Oi0004160,Ord002055,Prod00359,5.0,20
Oi0004161,Ord002056,Prod00508,1.0,20
Oi0004162,Ord002056,Prod00578,5.0,0
Oi0004163,Ord002056,Prod00387,5.0,0
Oi0004164,Ord002057,Prod00424,1.0,0
Oi0004165,Ord002057,Prod00180,1.0,0
Oi0004166,Ord002058,Prod00591,2.0,15
Oi0004167,Ord002058,Prod00355,4.0,0
Oi0004168,Ord002059,Prod00101,3.0,20
Oi0004169,Ord002060,Prod00048,1.0,15
Oi0004170,Ord002060,Prod00475,1.0,0
Oi0004171,Ord002061,Prod00134,1.0,0
Oi0004172,Ord002062,Prod00526,5.0,5
Oi0004173,Ord002062,Prod00540,1.0,20
Oi0004174,Ord002063,Prod00465,1.0,0
Oi0004176,Ord002064,Prod00331,1.0,25
Oi0004177,Ord002065,Prod00373,2.0,5
Oi0004178,Ord002065,Prod00369,5.0,5
Oi0004180,Ord002066,Prod00433,2.0,20
Oi0004181,Ord002066,Prod00279,1.0,5
Oi0004182,Ord002067,Prod00472,1.0,0
Oi0004183,Ord002068,Prod00336,5.0,20
Oi0004184,Ord002068,Prod00534,1.0,15
Oi0004185,Ord002069,Prod00580,2.0,0
Oi0004186,Ord002069,Prod00339,2.0,0
Oi0004187,Ord002070,Prod00216,4.0,0
Oi0004188,Ord002071,Prod00552,3.0,20
Oi0004189,Ord002071,Prod00246,1.0,0
Oi0004190,Ord002071,Prod00206,3.0,5
Oi0004191,Ord002071,Prod00586,3.0,25
Oi0004192,Ord002072,Prod00316,1.0,10
Oi0004193,Ord002073,Prod00072,2.0,5
Oi0004194,Ord002073,Prod00106,3.0,10
Oi0004195,Ord002074,Prod00471,1.0,15
Oi0004196,Ord002074,Prod00338,1.0,0
Oi0004197,Ord002075,Prod00048,5.0,0
Oi0004198,Ord002075,Prod00555,1.0,5
Oi0004199,Ord002076,Prod00004,5.0,5
Oi0004200,Ord002076,Prod00399,1.0,5
Oi0004201,Ord002076,Prod00401,1.0,0
Oi0004202,Ord002076,Prod00051,4.0,0
Oi0004203,Ord002077,Prod00122,4.0,0
Oi0004204,Ord002077,Prod00482,1.0,5
Oi0004205,Ord002077,Prod00132,1.0,0
Oi0004206,Ord002078,Prod00263,5.0,20
Oi0004207,Ord002078,Prod00166,1.0,25
Oi0004208,Ord002078,Prod00456,1.0,25
Oi0004209,Ord002078,Prod00443,5.0,5
Oi0004210,Ord002079,Prod00308,2.0,25
Oi0004211,Ord002080,Prod00528,2.0,15
Oi0004212,Ord002081,Prod00256,1.0,0
Oi0004213,Ord002081,Prod00041,4.0,15
Oi0004214,Ord002081,Prod00542,2.0,15
Oi0004215,Ord002082,Prod00092,3.0,0
Oi0004217,Ord002082,Prod00401,1.0,0
Oi0004218,Ord002082,Prod00014,1.0,0
Oi0004219,Ord002083,Prod00452,2.0,25
Oi0004220,Ord002084,Prod00520,1.0,20
Oi0004221,Ord002085,Prod00028,3.0,25
Oi0004222,Ord002085,Prod00214,2.0,15
Oi0004223,Ord002086,Prod00183,2.0,5
Oi0004224,Ord002086,Prod00010,10.0,0
Oi0004226,Ord002087,Prod00462,1.0,5
Oi0004227,Ord002087,Prod00444,1.0,0
Oi0004228,Ord002087,Prod00096,4.0,25
Oi0004229,Ord002088,Prod00498,10.0,20
Oi0004230,Ord002088,Prod00292,2.0,0
Oi0004231,Ord002089,Prod00243,4.0,5
Oi0004232,Ord002089,Prod00361,1.0,15
Oi0004233,Ord002090,Prod00046,10.0,15
Oi0004234,Ord002090,Prod00595,5.0,0
Oi0004236,Ord002091,Prod00210,1.0,0
Oi0004237,Ord002092,Prod00474,2.0,0
Oi0004238,Ord002092,Prod00571,1.0,20
Oi0004239,Ord002092,Prod00185,10.0,10
Oi0004240,Ord002092,Prod00571,3.0,15
Oi0004241,Ord002093,Prod00473,2.0,10
Oi0004242,Ord002093,Prod00054,5.0,20
Oi0004243,Ord002094,Prod00405,1.0,20
Oi0004244,Ord002094,Prod00534,4.0,0
Oi0004245,Ord002094,Prod00028,1.0,0
Oi0004246,Ord002094,Prod00302,1.0,0
Oi0004247,Ord002095,Prod00465,1.0,10
Oi0004248,Ord002095,Prod00168,2.0,20
Oi0004249,Ord002096,Prod00199,1.0,5
Oi0004250,Ord002096,Prod00490,2.0,15
Oi0004251,Ord002096,Prod00135,3.0,0
Oi0004252,Ord002097,Prod00201,1.0,10
Oi0004254,Ord002098,Prod00275,5.0,15
Oi0004255,Ord002099,Prod00020,2.0,15
Oi0004257,Ord002101,Prod00373,5.0,0
Oi0004258,Ord002102,Prod00308,3.0,0
Oi0004259,Ord002102,Prod00117,4.0,0
Oi0004260,Ord002103,Prod00199,10.0,25
Oi0004261,Ord002104,Prod00526,1.0,0
Oi0004262,Ord002104,Prod00586,1.0,25
Oi0004263,Ord002104,Prod00221,1.0,20
Oi0004264,Ord002105,Prod00188,2.0,20
Oi0004265,Ord002105,Prod00580,3.0,5
Oi0004266,Ord002105,Prod00068,1.0,15
Oi0004267,Ord002106,Prod00266,4.0,0
Oi0004268,Ord002106,Prod00247,1.0,0
Oi0004269,Ord002106,Prod00209,5.0,0
Oi0004270,Ord002107,Prod00209,10.0,20
Oi0004271,Ord002107,Prod00394,2.0,20
Oi0004274,Ord002109,Prod00590,3.0,0
Oi0004276,Ord002111,Prod00049,5.0,15
Oi0004278,Ord002112,Prod00540,2.0,0
Oi0004279,Ord002113,Prod00423,5.0,10
Oi0004282,Ord002115,Prod00009,5.0,0
Oi0004283,Ord002115,Prod00469,1.0,15
Oi0004284,Ord002116,Prod00565,2.0,5
Oi0004285,Ord002116,Prod00191,5.0,10
Oi0004286,Ord002117,Prod00063,1.0,10
Oi0004287,Ord002118,Prod00273,1.0,0
Oi0004288,Ord002118,Prod00171,1.0,0
Oi0004289,Ord002118,Prod00090,1.0,10
Oi0004291,Ord002119,Prod00312,3.0,0
Oi0004292,Ord002119,Prod00195,3.0,5
Oi0004294,Ord002120,Prod00067,1.0,0
Oi0004295,Ord002120,Prod00486,1.0,0
Oi0004296,Ord002121,Prod00579,1.0,0
Oi0004298,Ord002121,Prod00062,2.0,10
Oi0004299,Ord002121,Prod00130,1.0,5
Oi0004300,Ord002122,Prod00094,10.0,5
Oi0004301,Ord002123,Prod00374,10.0,10
Oi0004302,Ord002124,Prod00176,3.0,25
Oi0004303,Ord002125,Prod00031,1.0,5
Oi0004304,Ord002125,Prod00476,4.0,0
Oi0004305,Ord002126,Prod00445,1.0,10
Oi0004307,Ord002126,Prod00385,1.0,10
Oi0004309,Ord002127,Prod00415,2.0,0
Oi0004310,Ord002128,Prod00501,3.0,0
Oi0004311,Ord002128,Prod00226,2.0,5
Oi0004312,Ord002129,Prod00480,10.0,0
Oi0004313,Ord002129,Prod00557,2.0,0
Oi0004314,Ord002130,Prod00413,2.0,0
Oi0004316,Ord002130,Prod00049,3.0,15
Oi0004317,Ord002131,Prod00304,3.0,0
Oi0004318,Ord002132,Prod00565,1.0,20
Oi0004319,Ord002133,Prod00071,5.0,0
Oi0004320,Ord002134,Prod00399,1.0,0
Oi0004321,Ord002135,Prod00485,1.0,25
Oi0004322,Ord002135,Prod00028,3.0,0
Oi0004323,Ord002135,Prod00290,2.0,25
Oi0004324,Ord002136,Prod00050,2.0,10
Oi0004325,Ord002136,Prod00269,5.0,25
Oi0004327,Ord002137,Prod00026,4.0,20
Oi0004328,Ord002138,Prod00586,10.0,5
Oi0004329,Ord002139,Prod00255,2.0,0
Oi0004330,Ord002139,Prod00436,2.0,5
Oi0004331,Ord002139,Prod00554,4.0,0
Oi0004332,Ord002140,Prod00258,5.0,0
Oi0004333,Ord002140,Prod00185,2.0,15
Oi0004335,Ord002141,Prod00152,1.0,15
Oi0004336,Ord002141,Prod00315,2.0,20
Oi0004337,Ord002141,Prod00584,5.0,0
Oi0004338,Ord002142,Prod00009,3.0,0
Oi0004341,Ord002142,Prod00161,2.0,0
Oi0004342,Ord002143,Prod00597,2.0,15
Oi0004343,Ord002143,Prod00385,4.0,0
Oi0004344,Ord002143,Prod00117,5.0,5
Oi0004345,Ord002144,Prod00512,2.0,15
Oi0004346,Ord002145,Prod00333,2.0,0
Oi0004347,Ord002146,Prod00500,1.0,15
Oi0004348,Ord002146,Prod00202,1.0,15
Oi0004349,Ord002146,Prod00341,4.0,10
Oi0004350,Ord002147,Prod00152,2.0,0
Oi0004351,Ord002148,Prod00164,5.0,0
Oi0004352,Ord002149,Prod00096,2.0,5
Oi0004353,Ord002150,Prod00090,2.0,25
Oi0004354,Ord002150,Prod00298,2.0,15
Oi0004355,Ord002150,Prod00282,5.0,0
Oi0004356,Ord002150,Prod00572,5.0,15
Oi0004357,Ord002151,Prod00153,2.0,15
Oi0004358,Ord002151,Prod00316,2.0,20
Oi0004360,Ord002152,Prod00143,1.0,10
Oi0004361,Ord002153,Prod00104,2.0,5
Oi0004362,Ord002154,Prod00507,2.0,15
Oi0004364,Ord002156,Prod00326,4.0,5
Oi0004365,Ord002156,Prod00272,1.0,15
Oi0004366,Ord002157,Prod00184,4.0,0
Oi0004367,Ord002158,Prod00518,1.0,25
Oi0004368,Ord002158,Prod00019,1.0,20
Oi0004369,Ord002158,Prod00082,3.0,15
Oi0004370,Ord002158,Prod00168,2.0,10
Oi0004371,Ord002159,Prod00341,5.0,5
Oi0004372,Ord002160,Prod00090,1.0,15
Oi0004373,Ord002160,Prod00582,2.0,0
Oi0004374,Ord002161,Prod00420,1.0,0
Oi0004376,Ord002161,Prod00226,1.0,0
Oi0004378,Ord002162,Prod00451,1.0,15
Oi0004379,Ord002163,Prod00255,1.0,25
Oi0004380,Ord002164,Prod00223,2.0,0
Oi0004381,Ord002165,Prod00324,1.0,25
Oi0004382,Ord002165,Prod00240,5.0,5
Oi0004383,Ord002165,Prod00418,4.0,20
Oi0004384,Ord002165,Prod00340,5.0,25
Oi0004385,Ord002166,Prod00184,4.0,10
Oi0004387,Ord002167,Prod00446,1.0,0
Oi0004388,Ord002168,Prod00297,4.0,20
Oi0004389,Ord002169,Prod00132,1.0,5
Oi0004390,Ord002169,Prod00515,3.0,15
Oi0004391,Ord002170,Prod00584,2.0,0
Oi0004392,Ord002171,Prod00061,1.0,10
Oi0004393,Ord002172,Prod00090,4.0,0
Oi0004394,Ord002172,Prod00478,1.0,0
Oi0004395,Ord002173,Prod00033,1.0,0
Oi0004396,Ord002174,Prod00029,2.0,15
Oi0004397,Ord002174,Prod00508,3.0,10
Oi0004398,Ord002175,Prod00520,10.0,0
Oi0004399,Ord002175,Prod00246,1.0,20
Oi0004400,Ord002176,Prod00223,3.0,0
Oi0004401,Ord002177,Prod00174,1.0,25
Oi0004402,Ord002178,Prod00277,2.0,25
Oi0004403,Ord002179,Prod00079,3.0,20
Oi0004404,Ord002179,Prod00525,10.0,10
Oi0004405,Ord002180,Prod00238,4.0,0
Oi0004406,Ord002180,Prod00135,1.0,0
Oi0004407,Ord002181,Prod00499,4.0,10
Oi0004408,Ord002181,Prod00037,10.0,5
Oi0004409,Ord002181,Prod00535,2.0,0
Oi0004411,Ord002183,Prod00476,3.0,0
Oi0004412,Ord002184,Prod00041,500.0,5
Oi0004413,Ord002184,Prod00191,5.0,25
Oi0004414,Ord002184,Prod00337,10.0,10
Oi0004415,Ord002184,Prod00577,5.0,25
Oi0004416,Ord002185,Prod00584,10.0,25
Oi0004417,Ord002185,Prod00555,1.0,15
Oi0004418,Ord002185,Prod00266,1.0,25
Oi0004419,Ord002186,Prod00335,1.0,20
Oi0004420,Ord002186,Prod00208,1.0,0
Oi0004421,Ord002187,Prod00146,1.0,5
Oi0004422,Ord002188,Prod00228,3.0,25
Oi0004423,Ord002188,Prod00050,5.0,15
Oi0004424,Ord002188,Prod00294,1.0,0
Oi0004425,Ord002189,Prod00117,10.0,5
Oi0004426,Ord002189,Prod00443,1.0,0
Oi0004427,Ord002189,Prod00356,2.0,15
Oi0004428,Ord002189,Prod00051,3.0,10
Oi0004429,Ord002190,Prod00501,2.0,15
Oi0004430,Ord002191,Prod00473,1.0,5
Oi0004431,Ord002192,Prod00542,2.0,10
Oi0004432,Ord002192,Prod00391,2.0,0
Oi0004433,Ord002193,Prod00150,10.0,25
Oi0004434,Ord002193,Prod00340,3.0,15
Oi0004435,Ord002194,Prod00279,1.0,5
Oi0004436,Ord002194,Prod00552,2.0,0
Oi0004437,Ord002194,Prod00446,10.0,20
Oi0004438,Ord002195,Prod00296,1.0,0
Oi0004439,Ord002196,Prod00408,1.0,10
Oi0004440,Ord002196,Prod00190,1.0,25
Oi0004441,Ord002197,Prod00120,2.0,0
Oi0004443,Ord002198,Prod00528,2.0,0
Oi0004445,Ord002199,Prod00327,10.0,5
Oi0004446,Ord002199,Prod00239,1.0,5
Oi0004447,Ord002199,Prod00425,1.0,15
Oi0004448,Ord002200,Prod00085,4.0,5
Oi0004449,Ord002200,Prod00514,4.0,20
Oi0004450,Ord002201,Prod00588,1.0,0
Oi0004451,Ord002201,Prod00298,5.0,0
Oi0004452,Ord002202,Prod00319,1.0,0
Oi0004453,Ord002203,Prod00503,2.0,0
Oi0004454,Ord002203,Prod00219,5.0,15
Oi0004455,Ord002203,Prod00192,2.0,0
Oi0004456,Ord002204,Prod00310,2.0,25
Oi0004457,Ord002204,Prod00265,1.0,10
Oi0004458,Ord002204,Prod00496,10.0,5
Oi0004459,Ord002204,Prod00018,10.0,0
Oi0004460,Ord002205,Prod00288,10.0,10
Oi0004461,Ord002205,Prod00075,2.0,0
Oi0004462,Ord002206,Prod00440,4.0,0
Oi0004463,Ord002206,Prod00075,1.0,20
Oi0004464,Ord002206,Prod00511,3.0,0
Oi0004465,Ord002207,Prod00313,4.0,0
Oi0004466,Ord002207,Prod00370,4.0,20
Oi0004467,Ord002207,Prod00108,1.0,0
Oi0004468,Ord002207,Prod00362,1.0,0
Oi0004469,Ord002208,Prod00130,1.0,20
Oi0004471,Ord002208,Prod00442,10.0,10
Oi0004472,Ord002208,Prod00294,2.0,15
Oi0004473,Ord002209,Prod00049,5.0,25
Oi0004474,Ord002209,Prod00351,10.0,0
Oi0004475,Ord002210,Prod00135,1.0,20
Oi0004476,Ord002211,Prod00396,2.0,0
Oi0004477,Ord002212,Prod00589,4.0,0
Oi0004478,Ord002212,Prod00418,1.0,0
Oi0004479,Ord002212,Prod00097,2.0,5
Oi0004481,Ord002213,Prod00512,4.0,20
Oi0004482,Ord002214,Prod00310,10.0,0
Oi0004483,Ord002215,Prod00255,10.0,15
Oi0004484,Ord002215,Prod00497,3.0,20
Oi0004485,Ord002215,Prod00450,1.0,0
Oi0004486,Ord002215,Prod00238,1.0,20
Oi0004487,Ord002216,Prod00446,3.0,0
Oi0004488,Ord002216,Prod00353,5.0,20
Oi0004489,Ord002217,Prod00497,1.0,10
Oi0004490,Ord002217,Prod00322,5.0,0
Oi0004491,Ord002218,Prod00311,2.0,0
Oi0004492,Ord002218,Prod00092,5.0,0
Oi0004493,Ord002219,Prod00092,10.0,25
Oi0004494,Ord002220,Prod00065,2.0,0
Oi0004495,Ord002221,Prod00122,2.0,25
Oi0004496,Ord002222,Prod00277,1.0,0
Oi0004498,Ord002222,Prod00071,1.0,25
Oi0004499,Ord002223,Prod00020,2.0,0
Oi0004500,Ord002224,Prod00409,4.0,20
Oi0004501,Ord002225,Prod00155,2.0,0
Oi0004502,Ord002225,Prod00086,10.0,0
Oi0004503,Ord002225,Prod00325,2.0,0
Oi0004504,Ord002226,Prod00008,2.0,0
Oi0004505,Ord002226,Prod00473,5.0,15
Oi0004506,Ord002227,Prod00237,4.0,25
Oi0004508,Ord002228,Prod00146,4.0,0
Oi0004509,Ord002228,Prod00371,3.0,0
Oi0004510,Ord002228,Prod00296,1.0,0
Oi0004511,Ord002229,Prod00372,4.0,25
Oi0004512,Ord002230,Prod00271,1.0,0
Oi0004513,Ord002230,Prod00582,1.0,10
Oi0004514,Ord002231,Prod00196,1.0,20
Oi0004516,Ord002232,Prod00465,1.0,5
Oi0004517,Ord002232,Prod00250,5.0,0
Oi0004520,Ord002234,Prod00298,10.0,0
Oi0004521,Ord002235,Prod00041,4.0,5
Oi0004522,Ord002235,Prod00007,1.0,25
Oi0004523,Ord002236,Prod00310,2.0,0
Oi0004526,Ord002237,Prod00376,1.0,0
Oi0004527,Ord002238,Prod00339,2.0,20
Oi0004529,Ord002239,Prod00443,5.0,20
Oi0004530,Ord002240,Prod00484,2.0,20
Oi0004532,Ord002241,Prod00540,1.0,15
Oi0004534,Ord002241,Prod00581,2.0,0
Oi0004535,Ord002242,Prod00192,2.0,25
Oi0004536,Ord002243,Prod00265,1.0,0
Oi0004537,Ord002244,Prod00353,2.0,10
Oi0004538,Ord002245,Prod00172,10.0,10
Oi0004540,Ord002246,Prod00585,1.0,0
Oi0004541,Ord002246,Prod00572,2.0,15
Oi0004542,Ord002247,Prod00568,5.0,0
Oi0004544,Ord002247,Prod00421,1.0,0
Oi0004545,Ord002247,Prod00412,2.0,10
Oi0004546,Ord002248,Prod00149,10.0,20
Oi0004547,Ord002248,Prod00574,2.0,5
Oi0004548,Ord002248,Prod00146,1.0,15
Oi0004549,Ord002248,Prod00403,4.0,20
Oi0004550,Ord002249,Prod00367,1.0,0
Oi0004552,Ord002250,Prod00007,1.0,25
Oi0004553,Ord002251,Prod00043,3.0,0
Oi0004556,Ord002251,Prod00085,3.0,15
Oi0004557,Ord002252,Prod00590,3.0,0
Oi0004558,Ord002252,Prod00245,5.0,10
Oi0004559,Ord002252,Prod00592,5.0,0
Oi0004560,Ord002252,Prod00195,2.0,25
Oi0004564,Ord002255,Prod00307,3.0,10
Oi0004565,Ord002256,Prod00320,2.0,0
Oi0004566,Ord002257,Prod00384,5.0,15
Oi0004567,Ord002258,Prod00180,1.0,0
Oi0004568,Ord002258,Prod00281,1.0,0
Oi0004569,Ord002258,Prod00046,5.0,10
Oi0004570,Ord002259,Prod00270,10.0,10
Oi0004571,Ord002259,Prod00467,2.0,0
Oi0004572,Ord002260,Prod00484,4.0,0
Oi0004574,Ord002261,Prod00137,1.0,5
Oi0004575,Ord002262,Prod00140,2.0,10
Oi0004576,Ord002262,Prod00184,3.0,0
Oi0004579,Ord002263,Prod00177,5.0,0
Oi0004580,Ord002264,Prod00082,500.0,20
Oi0004581,Ord002265,Prod00451,10.0,20
Oi0004583,Ord002266,Prod00039,2.0,5
Oi0004584,Ord002266,Prod00201,10.0,25
Oi0004585,Ord002266,Prod00383,10.0,20
Oi0004586,Ord002267,Prod00428,10.0,10
Oi0004587,Ord002268,Prod00269,1.0,0
Oi0004588,Ord002268,Prod00329,1.0,0
Oi0004589,Ord002268,Prod00072,5.0,20
Oi0004590,Ord002269,Prod00232,2.0,0
Oi0004591,Ord002270,Prod00485,10.0,0
Oi0004592,Ord002271,Prod00413,4.0,10
Oi0004593,Ord002272,Prod00177,2.0,25
Oi0004594,Ord002272,Prod00394,2.0,0
Oi0004595,Ord002272,Prod00593,10.0,10
Oi0004596,Ord002273,Prod00331,2.0,25
Oi0004597,Ord002273,Prod00230,3.0,10
Oi0004598,Ord002273,Prod00394,2.0,10
Oi0004602,Ord002276,Prod00469,2.0,0
Oi0004603,Ord002276,Prod00033,3.0,10
Oi0004604,Ord002276,Prod00081,2.0,10
Oi0004608,Ord002279,Prod00330,10.0,15
Oi0004609,Ord002279,Prod00159,1.0,15
Oi0004610,Ord002279,Prod00494,2.0,10
Oi0004611,Ord002280,Prod00011,1.0,25
Oi0004612,Ord002280,Prod00364,3.0,20
Oi0004613,Ord002281,Prod00407,1.0,5
Oi0004614,Ord002281,Prod00206,4.0,5
Oi0004615,Ord002282,Prod00009,4.0,5
Oi0004616,Ord002283,Prod00485,1.0,5
Oi0004617,Ord002283,Prod00357,2.0,5
Oi0004618,Ord002284,Prod00081,3.0,15
Oi0004619,Ord002285,Prod00467,3.0,5
Oi0004620,Ord002286,Prod00132,2.0,25
Oi0004621,Ord002286,Prod00409,3.0,15
Oi0004622,Ord002286,Prod00176,4.0,5
Oi0004623,Ord002287,Prod00034,2.0,25
Oi0004624,Ord002287,Prod00387,5.0,10
Oi0004625,Ord002287,Prod00058,4.0,15
Oi0004626,Ord002287,Prod00454,1.0,0
Oi0004627,Ord002288,Prod00364,5.0,20
Oi0004628,Ord002289,Prod00553,1.0,10
Oi0004630,Ord002291,Prod00241,1.0,0
Oi0004631,Ord002292,Prod00143,5.0,20
Oi0004632,Ord002293,Prod00175,3.0,0
Oi0004633,Ord002293,Prod00504,4.0,0
Oi0004634,Ord002293,Prod00128,5.0,5
Oi0004635,Ord002294,Prod00200,1.0,25
Oi0004636,Ord002295,Prod00413,5.0,10
Oi0004637,Ord002296,Prod00353,5.0,20
Oi0004638,Ord002297,Prod00600,5.0,10
Oi0004639,Ord002297,Prod00505,10.0,0
Oi0004640,Ord002297,Prod00560,1.0,0
Oi0004641,Ord002298,Prod00458,2.0,0
Oi0004642,Ord002298,Prod00362,4.0,25
Oi0004643,Ord002299,Prod00228,3.0,0
Oi0004644,Ord002300,Prod00026,1.0,25
Oi0004645,Ord002301,Prod00424,1.0,15
Oi0004647,Ord002301,Prod00216,4.0,0
Oi0004648,Ord002301,Prod00188,4.0,15
Oi0004649,Ord002302,Prod00414,2.0,20
Oi0004650,Ord002303,Prod00135,1.0,0
Oi0004651,Ord002304,Prod00252,2.0,15
Oi0004653,Ord002305,Prod00596,1.0,25
Oi0004654,Ord002305,Prod00397,1.0,10
Oi0004655,Ord002305,Prod00561,10.0,5
Oi0004656,Ord002306,Prod00026,1.0,0
Oi0004657,Ord002306,Prod00341,5.0,15
Oi0004658,Ord002306,Prod00554,1.0,0
Oi0004659,Ord002307,Prod00566,5.0,10
Oi0004660,Ord002307,Prod00108,1.0,20
Oi0004661,Ord002308,Prod00552,10.0,0
Oi0004662,Ord002309,Prod00316,2.0,0
Oi0004664,Ord002309,Prod00027,1.0,25
Oi0004665,Ord002309,Prod00555,1.0,15
Oi0004666,Ord002310,Prod00143,5.0,0
Oi0004667,Ord002310,Prod00146,2.0,5
Oi0004668,Ord002311,Prod00361,2.0,10
Oi0004669,Ord002312,Prod00567,1.0,10
Oi0004670,Ord002313,Prod00319,10.0,0
Oi0004671,Ord002314,Prod00390,3.0,25
Oi0004672,Ord002314,Prod00082,1.0,15
Oi0004673,Ord002315,Prod00589,2.0,0
Oi0004674,Ord002316,Prod00270,5.0,0
Oi0004675,Ord002316,Prod00305,500.0,5
Oi0004676,Ord002316,Prod00308,1.0,15
Oi0004677,Ord002317,Prod00182,3.0,25
Oi0004678,Ord002317,Prod00549,2.0,10
Oi0004680,Ord002317,Prod00594,10.0,5
Oi0004681,Ord002318,Prod00332,2.0,0
Oi0004682,Ord002319,Prod00280,1.0,10
Oi0004684,Ord002320,Prod00365,1.0,0
Oi0004685,Ord002321,Prod00552,3.0,15
Oi0004686,Ord002321,Prod00492,10.0,20
Oi0004687,Ord002321,Prod00451,1.0,0
Oi0004688,Ord002322,Prod00553,1.0,0
Oi0004689,Ord002322,Prod00123,1.0,25
Oi0004690,Ord002323,Prod00235,3.0,15
Oi0004693,Ord002323,Prod00581,1.0,0
Oi0004694,Ord002324,Prod00109,4.0,0
Oi0004695,Ord002324,Prod00298,4.0,0
Oi0004696,Ord002324,Prod00578,2.0,0
Oi0004697,Ord002324,Prod00392,1.0,5
Oi0004698,Ord002325,Prod00595,1.0,10
Oi0004699,Ord002325,Prod00347,2.0,0
Oi0004700,Ord002325,Prod00298,1.0,0
Oi0004702,Ord002326,Prod00357,2.0,5
Oi0004703,Ord002327,Prod00434,1.0,0
Oi0004704,Ord002328,Prod00055,4.0,15
Oi0004705,Ord002328,Prod00008,2.0,0
Oi0004706,Ord002328,Prod00133,4.0,0
Oi0004707,Ord002329,Prod00032,3.0,10
Oi0004708,Ord002329,Prod00370,1.0,0
Oi0004709,Ord002330,Prod00326,2.0,25
Oi0004710,Ord002330,Prod00013,1.0,25
Oi0004712,Ord002331,Prod00387,10.0,5
Oi0004713,Ord002331,Prod00578,10.0,25
Oi0004714,Ord002332,Prod00209,1.0,25
Oi0004715,Ord002333,Prod00252,1.0,5
Oi0004718,Ord002334,Prod00312,4.0,0
Oi0004719,Ord002334,Prod00159,4.0,20
Oi0004720,Ord002335,Prod00364,2.0,10
Oi0004721,Ord002335,Prod00589,2.0,10
Oi0004722,Ord002336,Prod00170,10.0,10
Oi0004723,Ord002337,Prod00442,5.0,15
Oi0004724,Ord002337,Prod00085,3.0,10
Oi0004726,Ord002338,Prod00579,5.0,0
Oi0004727,Ord002339,Prod00432,2.0,10
Oi0004729,Ord002340,Prod00568,2.0,0
Oi0004730,Ord002340,Prod00489,4.0,0
Oi0004731,Ord002341,Prod00419,10.0,10
Oi0004732,Ord002341,Prod00587,5.0,20
Oi0004733,Ord002341,Prod00460,2.0,15
Oi0004735,Ord002342,Prod00107,3.0,0
Oi0004736,Ord002342,Prod00450,10.0,0
Oi0004737,Ord002343,Prod00090,4.0,0
Oi0004738,Ord002343,Prod00138,3.0,0
Oi0004739,Ord002343,Prod00033,3.0,15
Oi0004740,Ord002344,Prod00033,5.0,0
Oi0004741,Ord002344,Prod00496,3.0,20
Oi0004742,Ord002344,Prod00265,1.0,15
Oi0004743,Ord002344,Prod00312,3.0,20
Oi0004744,Ord002345,Prod00208,2.0,0
Oi0004745,Ord002345,Prod00309,1.0,0
Oi0004746,Ord002346,Prod00008,1.0,0
Oi0004747,Ord002346,Prod00536,1.0,25
Oi0004748,Ord002347,Prod00143,1.0,0
Oi0004749,Ord002347,Prod00552,1.0,0
Oi0004750,Ord002348,Prod00142,1.0,15
Oi0004751,Ord002349,Prod00437,2.0,20
Oi0004752,Ord002349,Prod00349,10.0,0
Oi0004753,Ord002350,Prod00164,3.0,25
Oi0004754,Ord002351,Prod00229,4.0,5
Oi0004755,Ord002351,Prod00062,3.0,25
Oi0004757,Ord002352,Prod00158,2.0,0
Oi0004758,Ord002353,Prod00229,2.0,15
Oi0004759,Ord002354,Prod00578,5.0,15
Oi0004760,Ord002355,Prod00186,1.0,0
Oi0004761,Ord002356,Prod00202,1.0,0
Oi0004762,Ord002357,Prod00472,2.0,5
Oi0004763,Ord002357,Prod00550,3.0,0
Oi0004764,Ord002357,Prod00409,10.0,15
Oi0004766,Ord002358,Prod00068,1.0,0
Oi0004767,Ord002359,Prod00485,1.0,0
Oi0004768,Ord002359,Prod00047,2.0,20
Oi0004770,Ord002361,Prod00363,10.0,5
Oi0004771,Ord002361,Prod00186,10.0,0
Oi0004772,Ord002362,Prod00155,1.0,15
Oi0004774,Ord002364,Prod00508,4.0,0
Oi0004775,Ord002364,Prod00111,1.0,5
Oi0004776,Ord002364,Prod00147,1.0,0
Oi0004777,Ord002364,Prod00029,2.0,0
Oi0004778,Ord002365,Prod00079,1.0,15
Oi0004779,Ord002366,Prod00560,10.0,0
Oi0004780,Ord002366,Prod00366,4.0,5
Oi0004781,Ord002367,Prod00288,4.0,0
Oi0004782,Ord002367,Prod00104,10.0,10
Oi0004783,Ord002367,Prod00540,500.0,25
Oi0004784,Ord002368,Prod00183,1.0,0
Oi0004785,Ord002368,Prod00275,1.0,0
Oi0004786,Ord002369,Prod00536,1.0,0
Oi0004787,Ord002369,Prod00486,1.0,25
Oi0004788,Ord002370,Prod00396,5.0,0
Oi0004789,Ord002371,Prod00177,4.0,25
Oi0004790,Ord002371,Prod00302,3.0,15
Oi0004791,Ord002372,Prod00326,5.0,25
Oi0004792,Ord002372,Prod00021,10.0,20
Oi0004794,Ord002372,Prod00034,10.0,0
Oi0004795,Ord002373,Prod00484,1.0,25
Oi0004796,Ord002373,Prod00212,1.0,10
Oi0004797,Ord002373,Prod00275,2.0,15
Oi0004799,Ord002374,Prod00529,1.0,10
Oi0004800,Ord002374,Prod00207,2.0,15
Oi0004801,Ord002375,Prod00318,10.0,20
Oi0004803,Ord002376,Prod00013,3.0,25
Oi0004804,Ord002377,Prod00361,3.0,5
Oi0004805,Ord002377,Prod00071,5.0,0
Oi0004806,Ord002378,Prod00211,3.0,5
Oi0004809,Ord002380,Prod00557,10.0,0
Oi0004810,Ord002381,Prod00376,3.0,0
Oi0004811,Ord002382,Prod00305,10.0,0
Oi0004813,Ord002383,Prod00231,4.0,0
Oi0004814,Ord002383,Prod00507,1.0,0
Oi0004815,Ord002384,Prod00556,10.0,25
Oi0004816,Ord002384,Prod00496,2.0,15
Oi0004817,Ord002384,Prod00213,1.0,20
Oi0004818,Ord002385,Prod00048,2.0,5
Oi0004819,Ord002386,Prod00137,2.0,20
Oi0004820,Ord002386,Prod00044,1.0,0
Oi0004821,Ord002386,Prod00056,2.0,20
Oi0004822,Ord002386,Prod00015,1.0,10
Oi0004823,Ord002387,Prod00500,10.0,0
Oi0004824,Ord002387,Prod00150,1.0,20
Oi0004826,Ord002387,Prod00508,3.0,20
Oi0004827,Ord002388,Prod00542,1.0,25
Oi0004828,Ord002388,Prod00434,1.0,0
Oi0004829,Ord002388,Prod00233,2.0,0
Oi0004830,Ord002388,Prod00241,1.0,20
Oi0004831,Ord002389,Prod00388,1.0,0
Oi0004832,Ord002389,Prod00343,2.0,25
Oi0004833,Ord002390,Prod00103,4.0,0
Oi0004834,Ord002390,Prod00408,2.0,15
Oi0004835,Ord002391,Prod00005,4.0,15
Oi0004836,Ord002391,Prod00408,2.0,0
Oi0004837,Ord002392,Prod00557,1.0,20
Oi0004838,Ord002393,Prod00496,5.0,5
Oi0004840,Ord002394,Prod00221,4.0,0
Oi0004841,Ord002395,Prod00423,1.0,5
Oi0004842,Ord002395,Prod00132,4.0,5
Oi0004843,Ord002395,Prod00595,2.0,10
Oi0004846,Ord002396,Prod00166,4.0,0
Oi0004847,Ord002396,Prod00249,1.0,5
Oi0004848,Ord002396,Prod00211,3.0,0
Oi0004849,Ord002397,Prod00518,5.0,15
Oi0004850,Ord002398,Prod00379,3.0,10
Oi0004851,Ord002399,Prod00187,4.0,5
Oi0004852,Ord002399,Prod00284,1.0,0
Oi0004853,Ord002400,Prod00499,5.0,5
Oi0004854,Ord002401,Prod00150,2.0,0
Oi0004855,Ord002402,Prod00230,1.0,25
Oi0004856,Ord002403,Prod00408,1.0,15
Oi0004857,Ord002404,Prod00254,2.0,0
Oi0004859,Ord002404,Prod00148,2.0,25
Oi0004860,Ord002405,Prod00543,4.0,0
Oi0004861,Ord002405,Prod00571,2.0,20
Oi0004862,Ord002405,Prod00073,2.0,5
Oi0004863,Ord002405,Prod00073,3.0,15
Oi0004864,Ord002406,Prod00141,3.0,25
Oi0004866,Ord002407,Prod00115,1.0,0
Oi0004868,Ord002408,Prod00519,1.0,15
Oi0004869,Ord002408,Prod00147,2.0,10
Oi0004870,Ord002409,Prod00386,1.0,10
Oi0004871,Ord002410,Prod00353,1.0,10
Oi0004872,Ord002411,Prod00150,2.0,10
Oi0004873,Ord002411,Prod00313,1.0,5
Oi0004874,Ord002411,Prod00315,5.0,10
Oi0004875,Ord002411,Prod00433,1.0,0
Oi0004876,Ord002412,Prod00319,3.0,0
Oi0004877,Ord002412,Prod00314,2.0,10
Oi0004878,Ord002413,Prod00214,1.0,15
Oi0004879,Ord002413,Prod00433,4.0,0
Oi0004880,Ord002414,Prod00348,1.0,25
Oi0004881,Ord002414,Prod00370,2.0,15
Oi0004882,Ord002414,Prod00356,1.0,0
Oi0004883,Ord002414,Prod00450,1.0,0
Oi0004884,Ord002415,Prod00313,2.0,0
Oi0004885,Ord002416,Prod00391,10.0,25
Oi0004886,Ord002417,Prod00554,1.0,25
Oi0004887,Ord002418,Prod00347,10.0,0
Oi0004888,Ord002418,Prod00036,10.0,20
Oi0004889,Ord002419,Prod00155,1.0,0
Oi0004890,Ord002420,Prod00439,1.0,15
Oi0004891,Ord002421,Prod00084,4.0,25
Oi0004892,Ord002421,Prod00259,5.0,25
Oi0004893,Ord002422,Prod00388,2.0,20
Oi0004894,Ord002423,Prod00259,2.0,0
Oi0004895,Ord002424,Prod00420,2.0,0
Oi0004896,Ord002424,Prod00487,10.0,15
Oi0004897,Ord002425,Prod00479,3.0,20
Oi0004898,Ord002425,Prod00097,1.0,0
Oi0004899,Ord002426,Prod00467,4.0,0
Oi0004900,Ord002427,Prod00047,2.0,0
Oi0004901,Ord002427,Prod00479,4.0,0
Oi0004902,Ord002428,Prod00515,1.0,5
Oi0004903,Ord002429,Prod00107,2.0,0
Oi0004904,Ord002429,Prod00354,1.0,20
Oi0004905,Ord002430,Prod00195,3.0,20
Oi0004909,Ord002434,Prod00164,4.0,15
Oi0004911,Ord002435,Prod00568,1.0,0
Oi0004912,Ord002436,Prod00381,10.0,0
Oi0004913,Ord002437,Prod00069,2.0,0
Oi0004914,Ord002437,Prod00066,1.0,0
Oi0004915,Ord002438,Prod00568,3.0,20
Oi0004916,Ord002438,Prod00301,10.0,0
Oi0004918,Ord002438,Prod00545,10.0,0
Oi0004919,Ord002439,Prod00465,1.0,20
Oi0004920,Ord002439,Prod00504,2.0,25
Oi0004921,Ord002440,Prod00527,1.0,0
Oi0004922,Ord002440,Prod00365,1.0,15
Oi0004923,Ord002441,Prod00517,3.0,5
Oi0004924,Ord002441,Prod00306,2.0,0
Oi0004925,Ord002442,Prod00143,2.0,20
Oi0004926,Ord002442,Prod00285,1.0,25
Oi0004927,Ord002443,Prod00518,2.0,15
Oi0004930,Ord002446,Prod00571,4.0,0
Oi0004931,Ord002446,Prod00345,4.0,5
Oi0004932,Ord002447,Prod00048,2.0,5
Oi0004933,Ord002447,Prod00254,3.0,0
Oi0004934,Ord002447,Prod00291,4.0,15
Oi0004935,Ord002447,Prod00267,10.0,20
Oi0004936,Ord002448,Prod00214,1.0,0
Oi0004937,Ord002448,Prod00102,1.0,0
Oi0004938,Ord002449,Prod00554,3.0,15
Oi0004939,Ord002449,Prod00548,5.0,20
Oi0004940,Ord002450,Prod00125,5.0,5
Oi0004941,Ord002450,Prod00229,1.0,25
Oi0004943,Ord002452,Prod00471,1.0,0
Oi0004944,Ord002452,Prod00420,1.0,20
Oi0004945,Ord002453,Prod00250,10.0,5
Oi0004946,Ord002454,Prod00241,2.0,10
Oi0004947,Ord002454,Prod00381,1.0,0
Oi0004949,Ord002456,Prod00440,1.0,0
Oi0004950,Ord002456,Prod00547,1.0,20
Oi0004951,Ord002456,Prod00519,4.0,10
Oi0004952,Ord002457,Prod00399,2.0,15
Oi0004953,Ord002457,Prod00534,3.0,10
Oi0004955,Ord002458,Prod00208,1.0,0
Oi0004956,Ord002459,Prod00488,5.0,5
Oi0004957,Ord002459,Prod00147,4.0,25
Oi0004958,Ord002460,Prod00600,2.0,0
Oi0004959,Ord002460,Prod00515,4.0,0
Oi0004961,Ord002461,Prod00396,1.0,10
Oi0004962,Ord002461,Prod00314,1.0,10
Oi0004963,Ord002462,Prod00434,5.0,0
Oi0004964,Ord002463,Prod00511,5.0,25
Oi0004965,Ord002464,Prod00374,5.0,0
Oi0004966,Ord002464,Prod00414,3.0,10
Oi0004967,Ord002464,Prod00211,4.0,0
Oi0004968,Ord002464,Prod00198,2.0,25
Oi0004969,Ord002465,Prod00459,3.0,5
Oi0004970,Ord002465,Prod00439,4.0,10
Oi0004971,Ord002466,Prod00082,4.0,0
Oi0004972,Ord002467,Prod00487,1.0,0
Oi0004973,Ord002467,Prod00593,10.0,15
Oi0004974,Ord002467,Prod00148,1.0,10
Oi0004976,Ord002468,Prod00178,2.0,0
Oi0004977,Ord002468,Prod00180,10.0,5
Oi0004978,Ord002469,Prod00195,3.0,5
Oi0004979,Ord002469,Prod00168,1.0,0
Oi0004980,Ord002469,Prod00216,1.0,5
Oi0004981,Ord002469,Prod00172,4.0,0
Oi0004982,Ord002470,Prod00547,1.0,10
Oi0004983,Ord002471,Prod00506,2.0,10
Oi0004984,Ord002472,Prod00496,3.0,10
Oi0004985,Ord002472,Prod00042,1.0,10
Oi0004986,Ord002473,Prod00256,10.0,5
Oi0004987,Ord002474,Prod00448,2.0,0
Oi0004988,Ord002475,Prod00110,2.0,0
Oi0004989,Ord002475,Prod00239,5.0,0
Oi0004990,Ord002475,Prod00543,4.0,0
Oi0004992,Ord002477,Prod00045,3.0,0
Oi0004994,Ord002478,Prod00588,1.0,25
Oi0004995,Ord002479,Prod00267,1.0,0
Oi0004996,Ord002480,Prod00070,2.0,20
Oi0004997,Ord002480,Prod00307,3.0,0
Oi0004998,Ord002481,Prod00171,1.0,20
Oi0004999,Ord002481,Prod00533,2.0,20
Oi0005000,Ord002482,Prod00053,1.0,15
Oi0005001,Ord002483,Prod00334,3.0,0
Oi0005002,Ord002483,Prod00113,2.0,5
Oi0005003,Ord002484,Prod00044,2.0,5
Oi0005004,Ord002485,Prod00427,10.0,10
Oi0005005,Ord002485,Prod00486,2.0,0
Oi0005006,Ord002486,Prod00304,4.0,0
Oi0005007,Ord002486,Prod00347,10.0,0
Oi0005008,Ord002487,Prod00011,2.0,15
Oi0005010,Ord002487,Prod00077,2.0,0
Oi0005011,Ord002488,Prod00600,5.0,10
Oi0005012,Ord002488,Prod00588,4.0,20
Oi0005013,Ord002488,Prod00496,2.0,25
Oi0005014,Ord002489,Prod00066,3.0,10
Oi0005015,Ord002489,Prod00358,1.0,15
Oi0005016,Ord002490,Prod00203,1.0,15
Oi0005017,Ord002491,Prod00290,1.0,0
Oi0005018,Ord002491,Prod00195,1.0,15
Oi0005019,Ord002491,Prod00153,10.0,0
Oi0005021,Ord002492,Prod00019,1.0,15
Oi0005022,Ord002493,Prod00238,10.0,10
Oi0005023,Ord002494,Prod00396,3.0,5
Oi0005024,Ord002495,Prod00270,3.0,0
Oi0005025,Ord002495,Prod00231,1.0,0
Oi0005026,Ord002495,Prod00566,1.0,0
Oi0005027,Ord002496,Prod00460,1.0,25
Oi0005030,Ord002497,Prod00409,1.0,0
Oi0005031,Ord002497,Prod00257,2.0,15
Oi0005033,Ord002499,Prod00124,3.0,20
Oi0005037,Ord002501,Prod00005,3.0,10
Oi0005038,Ord002502,Prod00162,1.0,5
Oi0005039,Ord002502,Prod00528,1.0,0
Oi0005040,Ord002503,Prod00392,1.0,0
Oi0005042,Ord002505,Prod00167,10.0,0
Oi0005043,Ord002505,Prod00485,1.0,10
Oi0005044,Ord002506,Prod00423,2.0,20
Oi0005045,Ord002506,Prod00352,3.0,0
Oi0005046,Ord002506,Prod00249,2.0,0
Oi0005047,Ord002507,Prod00202,4.0,10
Oi0005048,Ord002508,Prod00389,2.0,0
Oi0005050,Ord002509,Prod00142,1.0,5
Oi0005051,Ord002509,Prod00452,10.0,0
Oi0005052,Ord002509,Prod00409,10.0,20
Oi0005054,Ord002511,Prod00342,4.0,25
Oi0005055,Ord002511,Prod00330,2.0,25
Oi0005056,Ord002511,Prod00380,2.0,20
Oi0005057,Ord002512,Prod00364,1.0,5
Oi0005059,Ord002514,Prod00234,1.0,25
Oi0005060,Ord002514,Prod00301,2.0,0
Oi0005061,Ord002515,Prod00099,2.0,25
Oi0005063,Ord002515,Prod00341,2.0,10
Oi0005064,Ord002516,Prod00479,2.0,0
Oi0005065,Ord002517,Prod00344,3.0,20
Oi0005066,Ord002518,Prod00368,4.0,0
Oi0005067,Ord002518,Prod00106,1.0,25
Oi0005068,Ord002518,Prod00530,4.0,25
Oi0005069,Ord002518,Prod00544,2.0,0
Oi0005070,Ord002519,Prod00433,10.0,15
Oi0005071,Ord002519,Prod00420,2.0,25
Oi0005072,Ord002520,Prod00390,4.0,20
Oi0005074,Ord002520,Prod00467,3.0,10
Oi0005076,Ord002521,Prod00555,4.0,5
Oi0005077,Ord002521,Prod00575,2.0,20
Oi0005078,Ord002521,Prod00495,1.0,25
Oi0005079,Ord002521,Prod00179,2.0,0
Oi0005080,Ord002522,Prod00184,2.0,0
Oi0005082,Ord002523,Prod00499,2.0,20
Oi0005083,Ord002523,Prod00344,1.0,25
Oi0005084,Ord002523,Prod00552,3.0,0
Oi0005085,Ord002524,Prod00218,4.0,0
Oi0005087,Ord002525,Prod00534,4.0,5
Oi0005088,Ord002525,Prod00542,5.0,15
Oi0005089,Ord002526,Prod00064,4.0,20
Oi0005090,Ord002527,Prod00534,5.0,5
Oi0005091,Ord002527,Prod00395,10.0,5
Oi0005092,Ord002527,Prod00354,4.0,10
Oi0005093,Ord002528,Prod00125,10.0,0
Oi0005095,Ord002529,Prod00210,2.0,5
Oi0005096,Ord002529,Prod00076,1.0,10
Oi0005097,Ord002530,Prod00011,2.0,5
Oi0005098,Ord002531,Prod00309,1.0,5
Oi0005099,Ord002531,Prod00100,2.0,10
Oi0005100,Ord002532,Prod00211,4.0,15
Oi0005102,Ord002533,Prod00116,5.0,0
Oi0005103,Ord002533,Prod00231,3.0,20
Oi0005104,Ord002534,Prod00582,4.0,25
Oi0005106,Ord002536,Prod00055,2.0,0
Oi0005108,Ord002537,Prod00431,4.0,25
Oi0005109,Ord002538,Prod00341,3.0,0
Oi0005110,Ord002538,Prod00179,2.0,0
Oi0005111,Ord002538,Prod00372,1.0,0
Oi0005112,Ord002538,Prod00348,1.0,15
Oi0005113,Ord002539,Prod00123,2.0,20
Oi0005114,Ord002540,Prod00275,4.0,5
Oi0005115,Ord002541,Prod00489,1.0,25
Oi0005116,Ord002542,Prod00139,2.0,10
Oi0005117,Ord002543,Prod00268,4.0,15
Oi0005118,Ord002543,Prod00457,3.0,0
Oi0005119,Ord002544,Prod00181,3.0,5
Oi0005120,Ord002545,Prod00079,5.0,0
Oi0005121,Ord002545,Prod00243,2.0,10
Oi0005122,Ord002545,Prod00193,2.0,0
Oi0005123,Ord002545,Prod00567,2.0,25
Oi0005124,Ord002546,Prod00247,1.0,20
Oi0005125,Ord002547,Prod00571,2.0,0
Oi0005126,Ord002547,Prod00544,5.0,5
Oi0005127,Ord002547,Prod00348,1.0,0
Oi0005128,Ord002547,Prod00571,1.0,25
Oi0005129,Ord002548,Prod00507,1.0,5
Oi0005130,Ord002549,Prod00533,1.0,10
Oi0005131,Ord002549,Prod00259,1.0,25
Oi0005132,Ord002550,Prod00551,5.0,0
Oi0005133,Ord002551,Prod00167,2.0,0
Oi0005135,Ord002551,Prod00313,1.0,0
Oi0005136,Ord002552,Prod00304,1.0,20
Oi0005137,Ord002552,Prod00023,2.0,0
Oi0005138,Ord002552,Prod00513,5.0,0
Oi0005139,Ord002552,Prod00321,2.0,5
Oi0005140,Ord002553,Prod00051,2.0,10
Oi0005141,Ord002553,Prod00200,1.0,0
Oi0005142,Ord002554,Prod00048,1.0,0
Oi0005143,Ord002555,Prod00241,2.0,25
Oi0005145,Ord002555,Prod00370,3.0,0
Oi0005146,Ord002555,Prod00288,4.0,15
Oi0005147,Ord002556,Prod00525,2.0,5
Oi0005148,Ord002557,Prod00118,4.0,0
Oi0005149,Ord002557,Prod00302,2.0,15
Oi0005150,Ord002557,Prod00600,1.0,5
Oi0005151,Ord002557,Prod00410,3.0,25
Oi0005152,Ord002558,Prod00438,2.0,15
Oi0005153,Ord002558,Prod00056,4.0,10
Oi0005154,Ord002559,Prod00582,4.0,15
Oi0005155,Ord002560,Prod00456,2.0,0
Oi0005156,Ord002560,Prod00118,1.0,0
Oi0005157,Ord002561,Prod00188,1.0,5
Oi0005158,Ord002561,Prod00251,3.0,25
Oi0005159,Ord002562,Prod00081,1.0,0
Oi0005161,Ord002564,Prod00213,3.0,5
Oi0005162,Ord002564,Prod00064,5.0,0
Oi0005163,Ord002565,Prod00459,1.0,5
Oi0005165,Ord002567,Prod00363,3.0,0
Oi0005166,Ord002568,Prod00335,4.0,10
Oi0005167,Ord002569,Prod00350,5.0,15
Oi0005168,Ord002570,Prod00406,5.0,15
Oi0005170,Ord002571,Prod00390,1.0,25
Oi0005171,Ord002571,Prod00170,1.0,0
Oi0005172,Ord002571,Prod00420,1.0,15
Oi0005173,Ord002572,Prod00402,1.0,25
Oi0005174,Ord002572,Prod00452,1.0,0
Oi0005175,Ord002572,Prod00356,3.0,0
Oi0005176,Ord002573,Prod00388,5.0,5
Oi0005177,Ord002573,Prod00255,3.0,10
Oi0005178,Ord002574,Prod00116,1.0,15
Oi0005179,Ord002575,Prod00277,1.0,5
Oi0005180,Ord002576,Prod00571,1.0,15
Oi0005181,Ord002577,Prod00537,2.0,0
Oi0005182,Ord002578,Prod00482,2.0,0
Oi0005183,Ord002578,Prod00211,3.0,0
Oi0005184,Ord002578,Prod00200,5.0,0
Oi0005185,Ord002578,Prod00003,3.0,5
Oi0005186,Ord002579,Prod00279,1.0,25
Oi0005187,Ord002579,Prod00056,5.0,0
Oi0005188,Ord002580,Prod00115,1.0,10
Oi0005189,Ord002581,Prod00172,3.0,0
Oi0005190,Ord002581,Prod00024,2.0,0
Oi0005191,Ord002581,Prod00527,4.0,20
Oi0005192,Ord002581,Prod00062,5.0,5
Oi0005193,Ord002582,Prod00439,5.0,0
Oi0005195,Ord002583,Prod00573,2.0,25
Oi0005198,Ord002584,Prod00211,2.0,15
Oi0005199,Ord002584,Prod00038,1.0,10
Oi0005200,Ord002585,Prod00424,2.0,0
Oi0005201,Ord002586,Prod00126,5.0,0
Oi0005202,Ord002586,Prod00221,1.0,20
Oi0005203,Ord002587,Prod00376,2.0,15
Oi0005204,Ord002588,Prod00427,2.0,15
Oi0005205,Ord002588,Prod00418,3.0,20
Oi0005206,Ord002589,Prod00172,1.0,5
Oi0005207,Ord002589,Prod00090,10.0,0
Oi0005208,Ord002590,Prod00156,10.0,10
Oi0005209,Ord002590,Prod00368,4.0,20
Oi0005210,Ord002590,Prod00089,4.0,25
Oi0005211,Ord002591,Prod00306,3.0,0
Oi0005212,Ord002591,Prod00460,1.0,25
Oi0005213,Ord002591,Prod00007,3.0,0
Oi0005214,Ord002592,Prod00464,1.0,5
Oi0005216,Ord002592,Prod00406,1.0,5
Oi0005217,Ord002593,Prod00316,1.0,0
Oi0005218,Ord002594,Prod00050,1.0,0
Oi0005219,Ord002595,Prod00540,2.0,25
Oi0005220,Ord002595,Prod00572,1.0,5
Oi0005221,Ord002595,Prod00266,2.0,0
Oi0005222,Ord002595,Prod00442,4.0,5
Oi0005223,Ord002596,Prod00132,3.0,25
Oi0005225,Ord002597,Prod00033,1.0,20
Oi0005226,Ord002597,Prod00336,2.0,0
Oi0005227,Ord002598,Prod00299,1.0,20
Oi0005229,Ord002598,Prod00178,1.0,20
Oi0005230,Ord002599,Prod00351,4.0,0
Oi0005231,Ord002599,Prod00592,1.0,15
Oi0005232,Ord002600,Prod00214,2.0,0
Oi0005233,Ord002600,Prod00302,1.0,0
Oi0005234,Ord002600,Prod00408,5.0,15
Oi0005235,Ord002601,Prod00107,1.0,10
Oi0005236,Ord002601,Prod00225,1.0,0
Oi0005237,Ord002602,Prod00551,5.0,15
Oi0005238,Ord002603,Prod00232,4.0,10
Oi0005240,Ord002604,Prod00150,10.0,0
Oi0005241,Ord002605,Prod00033,2.0,0
Oi0005242,Ord002605,Prod00553,2.0,25
Oi0005243,Ord002605,Prod00223,1.0,0
Oi0005244,Ord002606,Prod00334,4.0,10
Oi0005245,Ord002606,Prod00463,2.0,25
Oi0005246,Ord002606,Prod00182,2.0,10
Oi0005248,Ord002607,Prod00183,5.0,0
Oi0005249,Ord002608,Prod00529,2.0,0
Oi0005250,Ord002608,Prod00123,1.0,0
Oi0005251,Ord002608,Prod00336,2.0,15
Oi0005252,Ord002608,Prod00474,1.0,0
Oi0005253,Ord002609,Prod00428,4.0,20
Oi0005254,Ord002610,Prod00093,2.0,0
Oi0005255,Ord002611,Prod00433,1.0,5
Oi0005258,Ord002613,Prod00308,1.0,5
Oi0005259,Ord002613,Prod00058,3.0,15
Oi0005260,Ord002613,Prod00517,2.0,0
Oi0005261,Ord002614,Prod00372,2.0,5
Oi0005262,Ord002614,Prod00312,1.0,10
Oi0005263,Ord002614,Prod00206,4.0,0
Oi0005264,Ord002615,Prod00099,1.0,10
Oi0005265,Ord002616,Prod00136,2.0,15
Oi0005266,Ord002617,Prod00520,1.0,15
Oi0005267,Ord002618,Prod00305,10.0,0
Oi0005269,Ord002618,Prod00447,4.0,0
Oi0005270,Ord002618,Prod00437,1.0,0
Oi0005272,Ord002620,Prod00133,1.0,25
Oi0005273,Ord002620,Prod00594,2.0,25
Oi0005274,Ord002620,Prod00418,1.0,0
Oi0005275,Ord002621,Prod00379,10.0,10
Oi0005276,Ord002622,Prod00546,10.0,0
Oi0005277,Ord002623,Prod00402,2.0,20
Oi0005278,Ord002623,Prod00156,5.0,20
Oi0005279,Ord002623,Prod00165,1.0,20
Oi0005280,Ord002624,Prod00334,3.0,5
Oi0005281,Ord002624,Prod00092,10.0,0
Oi0005282,Ord002625,Prod00177,10.0,20
Oi0005283,Ord002625,Prod00298,1.0,0
Oi0005284,Ord002626,Prod00234,1.0,0
Oi0005285,Ord002626,Prod00203,3.0,0
Oi0005286,Ord002626,Prod00290,1.0,0
Oi0005287,Ord002627,Prod00133,4.0,0
Oi0005288,Ord002628,Prod00499,10.0,5
Oi0005289,Ord002628,Prod00107,1.0,25
Oi0005290,Ord002628,Prod00015,5.0,15
Oi0005291,Ord002628,Prod00203,1.0,0
Oi0005292,Ord002629,Prod00015,1.0,0
Oi0005294,Ord002630,Prod00375,3.0,0
Oi0005295,Ord002631,Prod00205,10.0,0
Oi0005296,Ord002632,Prod00517,3.0,0
Oi0005297,Ord002632,Prod00388,2.0,0
Oi0005298,Ord002633,Prod00271,2.0,0
Oi0005299,Ord002634,Prod00430,5.0,10
Oi0005301,Ord002636,Prod00386,5.0,10
Oi0005303,Ord002637,Prod00086,1.0,10
Oi0005304,Ord002638,Prod00176,10.0,5
Oi0005305,Ord002638,Prod00167,10.0,25
Oi0005307,Ord002639,Prod00460,10.0,10
Oi0005308,Ord002639,Prod00395,1.0,10
Oi0005309,Ord002640,Prod00149,1.0,0
Oi0005310,Ord002641,Prod00342,10.0,0
Oi0005311,Ord002642,Prod00122,1.0,25
Oi0005312,Ord002643,Prod00480,2.0,20
Oi0005313,Ord002644,Prod00282,3.0,0
Oi0005314,Ord002645,Prod00231,10.0,15
Oi0005315,Ord002646,Prod00440,10.0,5
Oi0005316,Ord002647,Prod00406,1.0,0
Oi0005317,Ord002647,Prod00428,2.0,0
Oi0005318,Ord002648,Prod00363,3.0,10
Oi0005319,Ord002648,Prod00477,3.0,10
Oi0005320,Ord002648,Prod00305,2.0,0
Oi0005321,Ord002648,Prod00048,5.0,0
Oi0005322,Ord002649,Prod00188,1.0,20
Oi0005323,Ord002650,Prod00266,2.0,25
Oi0005324,Ord002650,Prod00542,10.0,25
Oi0005325,Ord002651,Prod00598,10.0,10
Oi0005326,Ord002651,Prod00009,3.0,5
Oi0005327,Ord002652,Prod00467,1.0,5
Oi0005328,Ord002653,Prod00355,1.0,15
Oi0005329,Ord002653,Prod00360,1.0,20
Oi0005330,Ord002653,Prod00065,2.0,10
Oi0005331,Ord002653,Prod00200,5.0,10
Oi0005334,Ord002655,Prod00463,1.0,20
Oi0005335,Ord002655,Prod00590,2.0,10
Oi0005337,Ord002655,Prod00496,1.0,25
Oi0005338,Ord002656,Prod00592,10.0,5
Oi0005339,Ord002656,Prod00090,5.0,5
Oi0005340,Ord002657,Prod00341,10.0,0
Oi0005341,Ord002658,Prod00308,3.0,10
Oi0005342,Ord002658,Prod00227,4.0,10
Oi0005343,Ord002659,Prod00349,5.0,25
Oi0005344,Ord002659,Prod00239,1.0,5
Oi0005345,Ord002660,Prod00401,1.0,0
Oi0005346,Ord002660,Prod00553,3.0,0
Oi0005347,Ord002660,Prod00468,1.0,0
Oi0005348,Ord002660,Prod00506,4.0,25
Oi0005349,Ord002661,Prod00270,4.0,20
Oi0005350,Ord002662,Prod00109,5.0,0
Oi0005352,Ord002662,Prod00475,5.0,5
Oi0005353,Ord002662,Prod00554,10.0,20
Oi0005354,Ord002663,Prod00088,1.0,15
Oi0005355,Ord002664,Prod00213,1.0,25
Oi0005356,Ord002665,Prod00302,5.0,15
Oi0005357,Ord002666,Prod00525,1.0,5
Oi0005360,Ord002667,Prod00241,500.0,0
Oi0005361,Ord002668,Prod00544,10.0,0
Oi0005363,Ord002670,Prod00332,2.0,0
Oi0005364,Ord002671,Prod00037,10.0,5
Oi0005365,Ord002672,Prod00019,2.0,0
Oi0005366,Ord002673,Prod00486,5.0,0
Oi0005368,Ord002673,Prod00384,10.0,10
Oi0005369,Ord002673,Prod00276,3.0,0
Oi0005370,Ord002674,Prod00230,5.0,0
Oi0005371,Ord002675,Prod00597,3.0,5
Oi0005372,Ord002676,Prod00308,2.0,0
Oi0005373,Ord002676,Prod00587,1.0,10
Oi0005374,Ord002676,Prod00152,2.0,15
Oi0005375,Ord002676,Prod00168,5.0,0
Oi0005376,Ord002677,Prod00509,5.0,20
Oi0005377,Ord002677,Prod00486,3.0,0
Oi0005378,Ord002678,Prod00018,4.0,0
Oi0005379,Ord002679,Prod00080,1.0,0
Oi0005380,Ord002680,Prod00007,2.0,0
Oi0005381,Ord002680,Prod00399,1.0,0
Oi0005382,Ord002681,Prod00074,2.0,20
Oi0005383,Ord002682,Prod00038,3.0,15
Oi0005384,Ord002682,Prod00189,1.0,15
Oi0005385,Ord002683,Prod00438,5.0,20
Oi0005386,Ord002684,Prod00263,4.0,0
Oi0005387,Ord002684,Prod00268,2.0,0
Oi0005388,Ord002684,Prod00157,2.0,25
Oi0005390,Ord002685,Prod00298,2.0,20
Oi0005391,Ord002685,Prod00398,1.0,10
Oi0005392,Ord002685,Prod00408,2.0,0
Oi0005393,Ord002686,Prod00357,1.0,25
Oi0005394,Ord002687,Prod00510,2.0,0
Oi0005395,Ord002687,Prod00478,2.0,20
Oi0005396,Ord002688,Prod00400,10.0,25
Oi0005397,Ord002689,Prod00421,5.0,25
Oi0005399,Ord002690,Prod00192,3.0,0
Oi0005400,Ord002690,Prod00169,1.0,0
Oi0005401,Ord002690,Prod00240,1.0,0
Oi0005402,Ord002690,Prod00436,2.0,0
Oi0005403,Ord002691,Prod00511,4.0,0
Oi0005404,Ord002692,Prod00302,2.0,10
Oi0005405,Ord002693,Prod00135,3.0,0
Oi0005406,Ord002694,Prod00178,4.0,25
Oi0005407,Ord002695,Prod00573,5.0,20
Oi0005408,Ord002696,Prod00570,10.0,20
Oi0005409,Ord002697,Prod00053,1.0,25
Oi0005410,Ord002698,Prod00551,1.0,5
Oi0005411,Ord002698,Prod00158,1.0,0
Oi0005412,Ord002699,Prod00431,1.0,0
Oi0005413,Ord002699,Prod00539,3.0,5
Oi0005414,Ord002699,Prod00025,5.0,5
Oi0005415,Ord002699,Prod00170,4.0,20
Oi0005416,Ord002700,Prod00393,1.0,10
Oi0005417,Ord002700,Prod00388,1.0,15
Oi0005418,Ord002700,Prod00078,4.0,0
Oi0005419,Ord002700,Prod00441,1.0,0
Oi0005420,Ord002701,Prod00332,3.0,20
Oi0005421,Ord002701,Prod00095,1.0,0
Oi0005422,Ord002701,Prod00023,2.0,0
Oi0005423,Ord002702,Prod00526,3.0,15
Oi0005424,Ord002702,Prod00405,1.0,15
Oi0005425,Ord002702,Prod00123,1.0,10
Oi0005426,Ord002703,Prod00033,2.0,15
Oi0005428,Ord002704,Prod00585,2.0,10
Oi0005429,Ord002704,Prod00242,1.0,5
Oi0005430,Ord002704,Prod00455,4.0,15
Oi0005431,Ord002704,Prod00147,2.0,5
Oi0005432,Ord002705,Prod00430,2.0,15
Oi0005433,Ord002705,Prod00171,10.0,0
Oi0005434,Ord002705,Prod00162,2.0,10
Oi0005435,Ord002706,Prod00051,3.0,25
Oi0005436,Ord002706,Prod00253,10.0,25
Oi0005437,Ord002707,Prod00295,2.0,15
Oi0005438,Ord002708,Prod00469,5.0,0
Oi0005439,Ord002709,Prod00050,10.0,0
Oi0005440,Ord002709,Prod00283,1.0,25
Oi0005441,Ord002710,Prod00071,1.0,15
Oi0005442,Ord002710,Prod00088,1.0,15
Oi0005444,Ord002711,Prod00401,4.0,0
Oi0005445,Ord002711,Prod00554,4.0,0
Oi0005446,Ord002712,Prod00326,4.0,25
Oi0005447,Ord002712,Prod00046,1.0,5
Oi0005448,Ord002712,Prod00281,1.0,25
Oi0005449,Ord002713,Prod00176,4.0,10
Oi0005450,Ord002713,Prod00331,1.0,25
Oi0005451,Ord002714,Prod00216,2.0,10
Oi0005452,Ord002715,Prod00225,1.0,20
Oi0005453,Ord002715,Prod00466,2.0,0
Oi0005454,Ord002715,Prod00008,2.0,0
Oi0005455,Ord002716,Prod00120,3.0,0
Oi0005456,Ord002717,Prod00459,2.0,20
Oi0005458,Ord002718,Prod00010,1.0,25
Oi0005459,Ord002719,Prod00572,2.0,5
Oi0005460,Ord002719,Prod00156,1.0,15
Oi0005461,Ord002719,Prod00569,500.0,10
Oi0005462,Ord002719,Prod00019,10.0,15
Oi0005464,Ord002721,Prod00037,2.0,5
Oi0005465,Ord002721,Prod00537,5.0,20
Oi0005467,Ord002723,Prod00587,3.0,0
Oi0005468,Ord002723,Prod00068,1.0,25
Oi0005469,Ord002723,Prod00110,1.0,5
Oi0005470,Ord002723,Prod00189,1.0,5
Oi0005471,Ord002724,Prod00223,10.0,0
Oi0005472,Ord002724,Prod00379,10.0,10
Oi0005473,Ord002724,Prod00405,2.0,0
Oi0005474,Ord002725,Prod00504,3.0,25
Oi0005475,Ord002725,Prod00096,1.0,0
Oi0005476,Ord002726,Prod00225,1.0,10
Oi0005477,Ord002726,Prod00316,2.0,25
Oi0005478,Ord002727,Prod00461,4.0,25
Oi0005479,Ord002728,Prod00009,3.0,10
Oi0005480,Ord002729,Prod00101,1.0,10
Oi0005481,Ord002730,Prod00549,1.0,25
Oi0005482,Ord002730,Prod00456,2.0,25
Oi0005484,Ord002731,Prod00416,1.0,0
Oi0005485,Ord002732,Prod00520,4.0,15
Oi0005486,Ord002733,Prod00157,1.0,25
Oi0005487,Ord002733,Prod00358,10.0,0
Oi0005488,Ord002734,Prod00097,1.0,20
Oi0005489,Ord002735,Prod00208,3.0,15
Oi0005490,Ord002735,Prod00318,1.0,15
Oi0005491,Ord002736,Prod00460,2.0,0
Oi0005492,Ord002737,Prod00308,10.0,20
Oi0005493,Ord002738,Prod00314,1.0,25
Oi0005495,Ord002740,Prod00139,1.0,25
Oi0005497,Ord002741,Prod00329,3.0,5
Oi0005498,Ord002742,Prod00576,4.0,15
Oi0005500,Ord002744,Prod00499,10.0,25
Oi0005501,Ord002744,Prod00176,2.0,25
Oi0005502,Ord002745,Prod00590,10.0,0
Oi0005503,Ord002745,Prod00189,10.0,15
Oi0005504,Ord002746,Prod00343,2.0,0
Oi0005505,Ord002746,Prod00083,1.0,20
Oi0005506,Ord002746,Prod00414,1.0,0
Oi0005507,Ord002746,Prod00123,2.0,0
Oi0005508,Ord002747,Prod00172,10.0,20
Oi0005509,Ord002747,Prod00002,2.0,25
Oi0005510,Ord002748,Prod00133,1.0,15
Oi0005512,Ord002748,Prod00336,2.0,15
Oi0005513,Ord002749,Prod00160,10.0,15
Oi0005514,Ord002749,Prod00286,2.0,25
Oi0005515,Ord002749,Prod00029,2.0,5
Oi0005516,Ord002750,Prod00344,1.0,0
Oi0005517,Ord002751,Prod00391,2.0,0
Oi0005518,Ord002751,Prod00268,3.0,0
Oi0005519,Ord002752,Prod00233,4.0,20
Oi0005520,Ord002752,Prod00468,1.0,10
Oi0005521,Ord002752,Prod00033,2.0,15
Oi0005522,Ord002753,Prod00239,10.0,25
Oi0005523,Ord002754,Prod00340,10.0,10
Oi0005524,Ord002754,Prod00348,1.0,20
Oi0005525,Ord002754,Prod00312,2.0,10
Oi0005526,Ord002754,Prod00570,2.0,10
Oi0005527,Ord002755,Prod00088,1.0,0
Oi0005528,Ord002755,Prod00400,3.0,25
Oi0005529,Ord002755,Prod00558,1.0,0
Oi0005531,Ord002756,Prod00599,1.0,20
Oi0005532,Ord002757,Prod00214,1.0,0
Oi0005533,Ord002758,Prod00316,10.0,0
Oi0005534,Ord002759,Prod00510,2.0,20
Oi0005535,Ord002759,Prod00457,4.0,0
Oi0005536,Ord002760,Prod00035,5.0,10
Oi0005537,Ord002760,Prod00352,10.0,15
Oi0005538,Ord002761,Prod00345,10.0,0
Oi0005539,Ord002761,Prod00389,2.0,25
Oi0005540,Ord002762,Prod00321,5.0,15
Oi0005541,Ord002763,Prod00038,4.0,0
Oi0005542,Ord002763,Prod00050,5.0,0
Oi0005543,Ord002764,Prod00102,2.0,25
Oi0005544,Ord002765,Prod00320,1.0,0
Oi0005545,Ord002765,Prod00572,3.0,10
Oi0005546,Ord002766,Prod00391,1.0,5
Oi0005547,Ord002766,Prod00217,10.0,15
Oi0005548,Ord002767,Prod00215,4.0,20
Oi0005549,Ord002768,Prod00009,1.0,0
Oi0005550,Ord002768,Prod00055,2.0,0
Oi0005551,Ord002769,Prod00095,1.0,0
Oi0005552,Ord002769,Prod00316,2.0,5
Oi0005553,Ord002769,Prod00448,2.0,20
Oi0005554,Ord002769,Prod00575,1.0,0
Oi0005555,Ord002770,Prod00589,1.0,20
Oi0005556,Ord002770,Prod00126,1.0,10
Oi0005557,Ord002771,Prod00374,5.0,10
Oi0005558,Ord002772,Prod00381,1.0,10
Oi0005559,Ord002772,Prod00243,3.0,15
Oi0005561,Ord002773,Prod00499,5.0,20
Oi0005562,Ord002773,Prod00381,1.0,0
Oi0005563,Ord002773,Prod00100,1.0,25
Oi0005565,Ord002775,Prod00025,2.0,0
Oi0005566,Ord002775,Prod00429,10.0,10
Oi0005568,Ord002776,Prod00182,3.0,0
Oi0005570,Ord002776,Prod00273,4.0,0
Oi0005571,Ord002777,Prod00141,2.0,0
Oi0005572,Ord002778,Prod00251,2.0,0
Oi0005573,Ord002778,Prod00420,1.0,10
Oi0005574,Ord002779,Prod00459,2.0,20
Oi0005575,Ord002779,Prod00320,4.0,10
Oi0005577,Ord002781,Prod00340,10.0,25
Oi0005578,Ord002781,Prod00405,2.0,5
Oi0005579,Ord002781,Prod00354,3.0,15
Oi0005580,Ord002782,Prod00312,10.0,5
Oi0005581,Ord002782,Prod00407,10.0,20
Oi0005582,Ord002783,Prod00084,5.0,0
Oi0005583,Ord002783,Prod00054,1.0,5
Oi0005584,Ord002783,Prod00357,1.0,20
Oi0005585,Ord002784,Prod00264,1.0,5
Oi0005586,Ord002785,Prod00296,2.0,0
Oi0005587,Ord002785,Prod00412,4.0,5
Oi0005588,Ord002786,Prod00302,5.0,0
Oi0005589,Ord002787,Prod00432,1.0,5
Oi0005590,Ord002788,Prod00350,1.0,0
Oi0005591,Ord002788,Prod00293,4.0,10
Oi0005592,Ord002788,Prod00141,1.0,15
Oi0005593,Ord002788,Prod00302,5.0,25
Oi0005594,Ord002789,Prod00563,1.0,10
Oi0005595,Ord002790,Prod00201,1.0,10
Oi0005596,Ord002791,Prod00548,4.0,10
Oi0005597,Ord002791,Prod00150,1.0,10
Oi0005598,Ord002792,Prod00369,5.0,25
Oi0005599,Ord002792,Prod00492,3.0,0
Oi0005600,Ord002792,Prod00268,4.0,0
Oi0005601,Ord002792,Prod00549,4.0,10
Oi0005602,Ord002793,Prod00241,4.0,0
Oi0005603,Ord002793,Prod00131,3.0,5
Oi0005604,Ord002794,Prod00120,2.0,0
Oi0005605,Ord002794,Prod00394,2.0,0
Oi0005606,Ord002794,Prod00313,10.0,5
Oi0005607,Ord002795,Prod00394,2.0,25
Oi0005609,Ord002795,Prod00392,10.0,0
Oi0005610,Ord002796,Prod00206,5.0,5
Oi0005611,Ord002796,Prod00514,4.0,10
Oi0005612,Ord002797,Prod00372,10.0,10
Oi0005613,Ord002798,Prod00028,3.0,0
Oi0005614,Ord002799,Prod00500,1.0,0
Oi0005615,Ord002799,Prod00333,1.0,25
Oi0005616,Ord002800,Prod00569,10.0,10
Oi0005617,Ord002800,Prod00469,10.0,10
Oi0005618,Ord002801,Prod00068,1.0,25
Oi0005619,Ord002801,Prod00221,2.0,20
Oi0005620,Ord002802,Prod00196,1.0,0
Oi0005622,Ord002803,Prod00386,2.0,10
Oi0005623,Ord002804,Prod00555,10.0,10
Oi0005624,Ord002805,Prod00097,1.0,25
Oi0005625,Ord002805,Prod00175,1.0,5
Oi0005627,Ord002806,Prod00244,1.0,25
Oi0005628,Ord002806,Prod00124,4.0,5
Oi0005631,Ord002809,Prod00337,3.0,25
Oi0005632,Ord002810,Prod00072,2.0,0
Oi0005635,Ord002812,Prod00172,1.0,20
Oi0005636,Ord002812,Prod00476,10.0,0
Oi0005638,Ord002812,Prod00148,10.0,5
Oi0005639,Ord002813,Prod00178,5.0,0
Oi0005640,Ord002813,Prod00155,1.0,0
Oi0005641,Ord002814,Prod00436,2.0,20
Oi0005642,Ord002814,Prod00160,1.0,0
Oi0005643,Ord002815,Prod00104,1.0,0
Oi0005644,Ord002816,Prod00262,4.0,15
Oi0005645,Ord002817,Prod00552,1.0,25
Oi0005646,Ord002817,Prod00111,10.0,20
Oi0005647,Ord002817,Prod00255,1.0,10
Oi0005648,Ord002817,Prod00503,4.0,0
Oi0005650,Ord002819,Prod00233,5.0,0
Oi0005651,Ord002819,Prod00334,10.0,5
Oi0005653,Ord002820,Prod00359,3.0,0
Oi0005654,Ord002820,Prod00282,1.0,25
Oi0005655,Ord002821,Prod00462,3.0,20
Oi0005656,Ord002822,Prod00430,1.0,0
Oi0005657,Ord002823,Prod00172,5.0,20
Oi0005658,Ord002824,Prod00187,4.0,0
Oi0005659,Ord002825,Prod00341,5.0,0
Oi0005661,Ord002825,Prod00173,2.0,25
Oi0005662,Ord002826,Prod00267,4.0,0
Oi0005664,Ord002827,Prod00027,3.0,10
Oi0005665,Ord002828,Prod00393,2.0,20
Oi0005666,Ord002829,Prod00135,1.0,0
Oi0005668,Ord002830,Prod00063,5.0,20
Oi0005669,Ord002830,Prod00293,1.0,25
Oi0005670,Ord002830,Prod00181,2.0,0
Oi0005671,Ord002830,Prod00380,1.0,0
Oi0005672,Ord002831,Prod00001,10.0,5
Oi0005673,Ord002832,Prod00324,10.0,0
Oi0005674,Ord002832,Prod00227,1.0,20
Oi0005675,Ord002832,Prod00293,3.0,15
Oi0005676,Ord002832,Prod00421,4.0,0
Oi0005677,Ord002833,Prod00568,1.0,5
Oi0005678,Ord002833,Prod00046,4.0,0
Oi0005679,Ord002834,Prod00274,3.0,5
Oi0005680,Ord002834,Prod00600,1.0,0
Oi0005681,Ord002834,Prod00315,2.0,0
Oi0005682,Ord002835,Prod00374,1.0,10
Oi0005683,Ord002836,Prod00268,10.0,0
Oi0005684,Ord002837,Prod00405,1.0,0
Oi0005686,Ord002838,Prod00095,5.0,10
Oi0005687,Ord002839,Prod00040,1.0,0
Oi0005688,Ord002839,Prod00272,10.0,0
Oi0005689,Ord002840,Prod00001,4.0,15
Oi0005690,Ord002841,Prod00122,1.0,20
Oi0005691,Ord002841,Prod00053,1.0,0
Oi0005693,Ord002842,Prod00368,10.0,0
Oi0005694,Ord002843,Prod00278,5.0,5
Oi0005695,Ord002843,Prod00471,2.0,25
Oi0005696,Ord002843,Prod00585,3.0,20
Oi0005697,Ord002843,Prod00203,3.0,15
Oi0005698,Ord002844,Prod00068,4.0,20
Oi0005699,Ord002844,Prod00382,10.0,15
Oi0005700,Ord002844,Prod00150,2.0,0
Oi0005702,Ord002845,Prod00006,2.0,20
Oi0005703,Ord002846,Prod00544,1.0,10
Oi0005704,Ord002847,Prod00367,1.0,20
Oi0005706,Ord002848,Prod00482,4.0,0
Oi0005707,Ord002849,Prod00233,500.0,10
Oi0005708,Ord002849,Prod00017,10.0,0
Oi0005710,Ord002850,Prod00433,5.0,0
Oi0005711,Ord002851,Prod00157,4.0,20
Oi0005712,Ord002852,Prod00033,1.0,20
Oi0005713,Ord002852,Prod00189,1.0,25
Oi0005714,Ord002852,Prod00514,2.0,15
Oi0005715,Ord002852,Prod00035,10.0,0
Oi0005716,Ord002853,Prod00188,4.0,10
Oi0005717,Ord002854,Prod00073,5.0,5
Oi0005718,Ord002854,Prod00547,2.0,0
Oi0005720,Ord002856,Prod00594,4.0,0
Oi0005721,Ord002856,Prod00131,1.0,0
Oi0005722,Ord002857,Prod00158,3.0,15
Oi0005723,Ord002858,Prod00149,1.0,0
Oi0005724,Ord002859,Prod00346,2.0,25
Oi0005725,Ord002860,Prod00177,1.0,20
Oi0005726,Ord002860,Prod00485,1.0,0
Oi0005727,Ord002861,Prod00138,4.0,20
Oi0005728,Ord002862,Prod00135,1.0,25
Oi0005729,Ord002862,Prod00136,1.0,20
Oi0005730,Ord002862,Prod00248,4.0,0
Oi0005731,Ord002862,Prod00504,5.0,5
Oi0005733,Ord002864,Prod00504,2.0,0
Oi0005734,Ord002865,Prod00325,1.0,0
Oi0005735,Ord002866,Prod00248,10.0,0
Oi0005736,Ord002867,Prod00415,1.0,0
Oi0005737,Ord002867,Prod00525,1.0,0
Oi0005738,Ord002868,Prod00385,1.0,5
Oi0005739,Ord002869,Prod00375,1.0,15
Oi0005740,Ord002869,Prod00469,1.0,0
Oi0005741,Ord002869,Prod00058,1.0,0
Oi0005742,Ord002869,Prod00310,3.0,15
Oi0005743,Ord002870,Prod00289,3.0,20
Oi0005744,Ord002871,Prod00288,2.0,20
Oi0005746,Ord002872,Prod00021,5.0,0
Oi0005747,Ord002873,Prod00165,3.0,20
Oi0005748,Ord002873,Prod00579,2.0,0
Oi0005749,Ord002873,Prod00441,4.0,0
Oi0005750,Ord002874,Prod00155,2.0,5
Oi0005752,Ord002875,Prod00122,3.0,0
Oi0005754,Ord002876,Prod00349,10.0,20
Oi0005755,Ord002876,Prod00214,3.0,10
Oi0005756,Ord002877,Prod00422,2.0,0
Oi0005757,Ord002877,Prod00583,1.0,0
Oi0005758,Ord002877,Prod00277,10.0,25
Oi0005760,Ord002878,Prod00012,1.0,15
Oi0005761,Ord002878,Prod00013,5.0,5
Oi0005762,Ord002878,Prod00598,4.0,0
Oi0005763,Ord002878,Prod00540,1.0,15
Oi0005764,Ord002879,Prod00429,10.0,20
Oi0005765,Ord002879,Prod00400,5.0,15
Oi0005766,Ord002880,Prod00094,1.0,0
Oi0005767,Ord002880,Prod00069,1.0,0
Oi0005768,Ord002880,Prod00238,3.0,10
Oi0005769,Ord002881,Prod00411,1.0,0
Oi0005770,Ord002881,Prod00554,3.0,5
Oi0005772,Ord002883,Prod00351,2.0,25
Oi0005776,Ord002886,Prod00003,1.0,10
Oi0005777,Ord002887,Prod00540,2.0,20
Oi0005778,Ord002887,Prod00429,1.0,20
Oi0005779,Ord002887,Prod00294,1.0,20
Oi0005780,Ord002887,Prod00416,1.0,0
Oi0005782,Ord002888,Prod00579,2.0,0
Oi0005783,Ord002888,Prod00328,5.0,0
Oi0005784,Ord002889,Prod00585,2.0,5
Oi0005785,Ord002889,Prod00186,10.0,20
Oi0005786,Ord002890,Prod00041,1.0,0
Oi0005787,Ord002890,Prod00172,1.0,0
Oi0005788,Ord002890,Prod00423,10.0,25
Oi0005789,Ord002891,Prod00513,10.0,15
Oi0005790,Ord002891,Prod00062,1.0,10
Oi0005791,Ord002891,Prod00473,1.0,5
Oi0005792,Ord002892,Prod00135,1.0,0
Oi0005793,Ord002892,Prod00003,10.0,10
Oi0005794,Ord002893,Prod00510,2.0,5
Oi0005795,Ord002894,Prod00515,1.0,10
Oi0005796,Ord002895,Prod00162,1.0,5
Oi0005797,Ord002896,Prod00104,500.0,15
Oi0005799,Ord002898,Prod00269,2.0,0
Oi0005800,Ord002899,Prod00136,1.0,15
Oi0005801,Ord002900,Prod00352,2.0,10
Oi0005802,Ord002900,Prod00297,1.0,0
Oi0005803,Ord002900,Prod00011,1.0,0
Oi0005804,Ord002900,Prod00136,10.0,10
Oi0005805,Ord002901,Prod00424,4.0,0
Oi0005806,Ord002902,Prod00518,4.0,15
Oi0005808,Ord002902,Prod00058,5.0,25
Oi0005810,Ord002904,Prod00048,10.0,0
Oi0005811,Ord002905,Prod00234,1.0,20
Oi0005812,Ord002905,Prod00108,3.0,20
Oi0005813,Ord002906,Prod00136,1.0,10
Oi0005815,Ord002907,Prod00153,10.0,15
Oi0005816,Ord002908,Prod00253,2.0,15
Oi0005818,Ord002910,Prod00156,4.0,15
Oi0005820,Ord002910,Prod00430,2.0,25
Oi0005821,Ord002910,Prod00067,2.0,15
Oi0005823,Ord002911,Prod00384,10.0,0
Oi0005824,Ord002911,Prod00081,2.0,15
Oi0005825,Ord002912,Prod00161,1.0,0
Oi0005826,Ord002912,Prod00337,1.0,10
Oi0005827,Ord002912,Prod00400,2.0,10
Oi0005828,Ord002912,Prod00448,5.0,25
Oi0005829,Ord002913,Prod00577,2.0,0
Oi0005830,Ord002913,Prod00161,1.0,5
Oi0005831,Ord002914,Prod00085,1.0,5
Oi0005832,Ord002914,Prod00220,2.0,0
Oi0005833,Ord002914,Prod00335,3.0,15
Oi0005834,Ord002914,Prod00492,2.0,0
Oi0005835,Ord002915,Prod00123,1.0,0
Oi0005838,Ord002916,Prod00091,2.0,0
Oi0005840,Ord002917,Prod00085,2.0,0
Oi0005841,Ord002917,Prod00549,3.0,20
Oi0005842,Ord002917,Prod00180,2.0,20
Oi0005843,Ord002918,Prod00499,2.0,20
Oi0005844,Ord002918,Prod00096,1.0,0
Oi0005845,Ord002918,Prod00262,1.0,25
Oi0005846,Ord002919,Prod00117,2.0,25
Oi0005847,Ord002920,Prod00211,10.0,20
Oi0005848,Ord002920,Prod00028,5.0,10
Oi0005849,Ord002920,Prod00368,1.0,15
Oi0005850,Ord002920,Prod00101,4.0,0
Oi0005851,Ord002921,Prod00407,1.0,20
Oi0005854,Ord002921,Prod00006,1.0,25
Oi0005855,Ord002922,Prod00149,1.0,15
Oi0005856,Ord002922,Prod00261,10.0,10
Oi0005857,Ord002922,Prod00298,5.0,0
Oi0005858,Ord002923,Prod00265,3.0,0
Oi0005859,Ord002923,Prod00266,4.0,5
Oi0005860,Ord002923,Prod00533,2.0,25
Oi0005861,Ord002924,Prod00379,1.0,20
Oi0005862,Ord002924,Prod00554,1.0,0
Oi0005863,Ord002925,Prod00591,10.0,15
Oi0005864,Ord002925,Prod00576,2.0,10
Oi0005865,Ord002926,Prod00497,2.0,5
Oi0005866,Ord002927,Prod00585,4.0,0
Oi0005867,Ord002928,Prod00134,10.0,20
Oi0005868,Ord002929,Prod00178,3.0,25
Oi0005869,Ord002930,Prod00455,10.0,0
Oi0005870,Ord002931,Prod00336,2.0,0
Oi0005871,Ord002931,Prod00434,1.0,25
Oi0005872,Ord002931,Prod00481,2.0,5
Oi0005873,Ord002932,Prod00153,4.0,25
Oi0005874,Ord002933,Prod00249,1.0,15
Oi0005875,Ord002934,Prod00031,4.0,20
Oi0005876,Ord002934,Prod00128,2.0,10
Oi0005878,Ord002936,Prod00535,5.0,20
Oi0005879,Ord002936,Prod00320,1.0,25
Oi0005880,Ord002937,Prod00557,10.0,0
Oi0005881,Ord002937,Prod00586,1.0,25
Oi0005882,Ord002937,Prod00519,2.0,0
Oi0005883,Ord002937,Prod00210,1.0,0
Oi0005884,Ord002938,Prod00071,10.0,0
Oi0005885,Ord002939,Prod00559,10.0,20
Oi0005886,Ord002940,Prod00188,10.0,10
Oi0005887,Ord002941,Prod00007,4.0,25
Oi0005888,Ord002941,Prod00311,3.0,0
Oi0005889,Ord002941,Prod00116,2.0,0
Oi0005890,Ord002941,Prod00226,2.0,10
Oi0005892,Ord002943,Prod00598,1.0,15
Oi0005893,Ord002943,Prod00375,5.0,25
Oi0005894,Ord002944,Prod00285,10.0,10
Oi0005895,Ord002945,Prod00003,1.0,5
Oi0005897,Ord002946,Prod00466,10.0,10
Oi0005898,Ord002947,Prod00520,1.0,5
Oi0005899,Ord002948,Prod00442,500.0,25
Oi0005900,Ord002949,Prod00552,1.0,0
Oi0005901,Ord002950,Prod00070,2.0,0
Oi0005903,Ord002952,Prod00174,1.0,0
Oi0005904,Ord002953,Prod00414,2.0,25
Oi0005905,Ord002953,Prod00364,1.0,5
Oi0005907,Ord002954,Prod00109,2.0,0
Oi0005908,Ord002955,Prod00228,10.0,20
Oi0005910,Ord002955,Prod00272,5.0,0
Oi0005911,Ord002956,Prod00344,10.0,10
Oi0005912,Ord002957,Prod00120,2.0,15
Oi0005913,Ord002958,Prod00314,500.0,0
Oi0005914,Ord002958,Prod00369,2.0,20
Oi0005915,Ord002958,Prod00397,1.0,15
Oi0005917,Ord002959,Prod00024,1.0,15
Oi0005918,Ord002960,Prod00261,1.0,5
Oi0005920,Ord002962,Prod00079,1.0,0
Oi0005922,Ord002963,Prod00163,10.0,15
Oi0005923,Ord002963,Prod00055,10.0,15
Oi0005924,Ord002963,Prod00284,1.0,0
Oi0005925,Ord002964,Prod00157,1.0,0
Oi0005926,Ord002965,Prod00402,2.0,15
Oi0005927,Ord002965,Prod00016,1.0,0
Oi0005928,Ord002965,Prod00504,4.0,0
Oi0005929,Ord002966,Prod00337,5.0,20
Oi0005930,Ord002967,Prod00522,1.0,0
Oi0005932,Ord002968,Prod00278,1.0,10
Oi0005933,Ord002968,Prod00175,2.0,0
Oi0005934,Ord002968,Prod00320,1.0,0
Oi0005936,Ord002969,Prod00482,1.0,0
Oi0005937,Ord002970,Prod00259,2.0,20
Oi0005938,Ord002970,Prod00502,1.0,5
Oi0005940,Ord002972,Prod00258,2.0,20
Oi0005941,Ord002972,Prod00257,10.0,0
Oi0005942,Ord002972,Prod00076,2.0,0
Oi0005943,Ord002972,Prod00340,4.0,0
Oi0005944,Ord002973,Prod00509,1.0,20
Oi0005946,Ord002973,Prod00189,2.0,0
Oi0005948,Ord002974,Prod00269,1.0,10
Oi0005949,Ord002975,Prod00113,1.0,0
Oi0005950,Ord002975,Prod00365,1.0,0
Oi0005952,Ord002977,Prod00106,1.0,0
Oi0005954,Ord002978,Prod00155,2.0,0
Oi0005955,Ord002978,Prod00283,1.0,0
Oi0005956,Ord002978,Prod00559,3.0,0
Oi0005957,Ord002979,Prod00124,3.0,5
Oi0005958,Ord002980,Prod00281,1.0,25
Oi0005960,Ord002982,Prod00594,1.0,15
Oi0005961,Ord002982,Prod00290,1.0,5
Oi0005962,Ord002982,Prod00414,2.0,0
Oi0005963,Ord002982,Prod00014,3.0,20
Oi0005964,Ord002983,Prod00181,4.0,15
Oi0005965,Ord002983,Prod00020,1.0,0
Oi0005966,Ord002984,Prod00547,1.0,25
Oi0005967,Ord002985,Prod00225,2.0,25
Oi0005968,Ord002985,Prod00037,1.0,20
Oi0005969,Ord002986,Prod00552,1.0,0
Oi0005970,Ord002986,Prod00533,1.0,20
Oi0005971,Ord002986,Prod00262,2.0,0
Oi0005972,Ord002986,Prod00209,4.0,0
Oi0005973,Ord002987,Prod00136,5.0,0
Oi0005974,Ord002988,Prod00570,4.0,10
Oi0005975,Ord002989,Prod00132,2.0,10
Oi0005976,Ord002989,Prod00118,2.0,0
Oi0005977,Ord002990,Prod00450,2.0,0
Oi0005978,Ord002990,Prod00167,2.0,20
Oi0005979,Ord002990,Prod00241,2.0,0
Oi0005981,Ord002991,Prod00293,1.0,0
Oi0005984,Ord002993,Prod00335,2.0,5
Oi0005985,Ord002993,Prod00418,1.0,0
Oi0005986,Ord002993,Prod00255,1.0,10
Oi0005987,Ord002993,Prod00249,3.0,10
Oi0005988,Ord002994,Prod00592,2.0,10
Oi0005989,Ord002995,Prod00510,2.0,15
Oi0005990,Ord002995,Prod00315,5.0,0
Oi0005991,Ord002996,Prod00457,5.0,20
Oi0005992,Ord002996,Prod00026,3.0,5
Oi0005993,Ord002996,Prod00037,4.0,0
Oi0005995,Ord002997,Prod00105,1.0,15
Oi0005996,Ord002997,Prod00536,500.0,0
Oi0005997,Ord002997,Prod00552,2.0,15
Oi0005998,Ord002997,Prod00126,10.0,5
Oi0005999,Ord002998,Prod00252,2.0,25
Oi0006000,Ord002999,Prod00063,1.0,0
Oi0006001,Ord002999,Prod00133,1.0,0
Oi0006002,Ord003000,Prod00344,10.0,0
Oi0006003,Ord003000,Prod00046,2.0,0
Oi0006004,Ord003000,Prod00225,1.0,0
Oi0006005,Ord003000,Prod00289,4.0,15
Oi0006006,Ord003001,Prod00512,2.0,0
Oi0006007,Ord003001,Prod00085,1.0,15
Oi0006008,Ord003002,Prod00356,1.0,10
Oi0006009,Ord003002,Prod00019,2.0,5
Oi0006010,Ord003002,Prod00099,1.0,0
Oi0006011,Ord003003,Prod00306,2.0,25
Oi0006012,Ord003003,Prod00113,2.0,10
Oi0006013,Ord003004,Prod00585,2.0,5
Oi0006014,Ord003004,Prod00490,1.0,10
Oi0006015,Ord003004,Prod00528,3.0,5
Oi0006016,Ord003004,Prod00322,1.0,20
Oi0006017,Ord003005,Prod00502,2.0,0
Oi0006019,Ord003006,Prod00200,3.0,20
Oi0006020,Ord003007,Prod00284,1.0,15
Oi0006021,Ord003008,Prod00142,1.0,5
Oi0006022,Ord003008,Prod00599,4.0,0
Oi0006024,Ord003008,Prod00053,2.0,5
Oi0006025,Ord003009,Prod00176,5.0,25
Oi0006026,Ord003009,Prod00273,10.0,20
Oi0006027,Ord003010,Prod00312,3.0,15
Oi0006028,Ord003010,Prod00341,1.0,5
Oi0006029,Ord003011,Prod00556,1.0,0
Oi0006030,Ord003012,Prod00008,2.0,5
Oi0006031,Ord003012,Prod00462,3.0,20
Oi0006032,Ord003013,Prod00598,2.0,5
Oi0006033,Ord003013,Prod00584,3.0,10
Oi0006034,Ord003013,Prod00532,1.0,0
Oi0006036,Ord003015,Prod00381,1.0,25
Oi0006037,Ord003015,Prod00117,2.0,25
Oi0006038,Ord003016,Prod00135,4.0,0
Oi0006039,Ord003017,Prod00505,1.0,25
Oi0006040,Ord003018,Prod00219,1.0,20
Oi0006041,Ord003018,Prod00102,3.0,25
Oi0006042,Ord003019,Prod00240,3.0,25
Oi0006043,Ord003020,Prod00131,10.0,0
Oi0006044,Ord003021,Prod00455,1.0,0
Oi0006045,Ord003022,Prod00026,1.0,0
Oi0006046,Ord003023,Prod00169,4.0,0
Oi0006047,Ord003024,Prod00447,2.0,25
Oi0006048,Ord003024,Prod00428,1.0,10
Oi0006049,Ord003025,Prod00549,1.0,10
Oi0006050,Ord003025,Prod00341,1.0,0
Oi0006051,Ord003026,Prod00474,4.0,0
Oi0006052,Ord003026,Prod00247,2.0,20
Oi0006053,Ord003027,Prod00436,2.0,10
Oi0006054,Ord003028,Prod00269,1.0,10
Oi0006055,Ord003028,Prod00262,2.0,0
Oi0006056,Ord003029,Prod00074,1.0,5
Oi0006057,Ord003030,Prod00583,1.0,25
Oi0006059,Ord003031,Prod00493,2.0,5
Oi0006060,Ord003032,Prod00387,5.0,10
Oi0006061,Ord003033,Prod00164,5.0,20
Oi0006062,Ord003033,Prod00201,2.0,0
Oi0006063,Ord003033,Prod00599,3.0,20
Oi0006064,Ord003034,Prod00444,2.0,15
Oi0006065,Ord003034,Prod00167,3.0,25
Oi0006066,Ord003034,Prod00370,1.0,0
Oi0006068,Ord003035,Prod00037,3.0,0
Oi0006069,Ord003035,Prod00168,10.0,25
Oi0006070,Ord003036,Prod00266,1.0,25
Oi0006071,Ord003036,Prod00338,2.0,0
Oi0006072,Ord003036,Prod00286,2.0,15
Oi0006073,Ord003036,Prod00294,10.0,0
Oi0006075,Ord003037,Prod00031,2.0,0
Oi0006076,Ord003037,Prod00450,5.0,0
Oi0006077,Ord003038,Prod00269,1.0,20
Oi0006078,Ord003039,Prod00139,1.0,0
Oi0006079,Ord003040,Prod00059,1.0,25
Oi0006081,Ord003042,Prod00403,2.0,10
Oi0006082,Ord003042,Prod00437,10.0,0
Oi0006083,Ord003043,Prod00073,2.0,20
Oi0006084,Ord003043,Prod00031,3.0,25
Oi0006085,Ord003043,Prod00161,2.0,15
Oi0006086,Ord003043,Prod00040,3.0,10
Oi0006087,Ord003044,Prod00308,2.0,20
Oi0006088,Ord003045,Prod00044,3.0,25
Oi0006089,Ord003046,Prod00125,2.0,15
Oi0006090,Ord003047,Prod00024,10.0,0
Oi0006091,Ord003048,Prod00162,10.0,0
Oi0006092,Ord003049,Prod00264,1.0,20
Oi0006093,Ord003049,Prod00169,3.0,25
Oi0006094,Ord003049,Prod00265,2.0,15
Oi0006095,Ord003050,Prod00343,1.0,0
Oi0006096,Ord003050,Prod00361,1.0,0
Oi0006098,Ord003051,Prod00488,1.0,0
Oi0006099,Ord003052,Prod00406,5.0,20
Oi0006100,Ord003052,Prod00583,1.0,20
Oi0006101,Ord003052,Prod00525,2.0,25
Oi0006102,Ord003052,Prod00066,10.0,0
Oi0006103,Ord003053,Prod00583,1.0,10
Oi0006104,Ord003054,Prod00191,500.0,20
Oi0006105,Ord003054,Prod00086,10.0,10
Oi0006106,Ord003055,Prod00465,5.0,0
Oi0006107,Ord003056,Prod00334,4.0,0
Oi0006108,Ord003057,Prod00421,1.0,10
Oi0006109,Ord003057,Prod00038,4.0,0
Oi0006110,Ord003058,Prod00111,5.0,5
Oi0006111,Ord003059,Prod00554,1.0,0
Oi0006112,Ord003059,Prod00430,5.0,25
Oi0006113,Ord003060,Prod00249,1.0,0
Oi0006114,Ord003061,Prod00279,2.0,0
Oi0006117,Ord003063,Prod00351,2.0,15
Oi0006118,Ord003063,Prod00158,10.0,0
Oi0006119,Ord003064,Prod00590,1.0,5
Oi0006120,Ord003065,Prod00183,4.0,0
Oi0006122,Ord003065,Prod00370,2.0,0
Oi0006123,Ord003065,Prod00531,5.0,25
Oi0006124,Ord003066,Prod00425,2.0,25
Oi0006125,Ord003066,Prod00510,1.0,0
Oi0006126,Ord003067,Prod00247,5.0,0
Oi0006127,Ord003068,Prod00360,2.0,5
Oi0006129,Ord003068,Prod00360,1.0,15
Oi0006130,Ord003069,Prod00311,4.0,0
Oi0006131,Ord003070,Prod00306,2.0,10
Oi0006132,Ord003071,Prod00303,2.0,20
Oi0006133,Ord003071,Prod00327,5.0,0
Oi0006134,Ord003072,Prod00524,1.0,15
Oi0006135,Ord003072,Prod00480,5.0,5
Oi0006136,Ord003072,Prod00416,2.0,0
Oi0006137,Ord003073,Prod00542,5.0,15
Oi0006138,Ord003073,Prod00051,3.0,10
Oi0006139,Ord003074,Prod00147,1.0,25
Oi0006140,Ord003075,Prod00373,10.0,25
Oi0006141,Ord003076,Prod00371,4.0,0
Oi0006142,Ord003077,Prod00245,10.0,15
Oi0006143,Ord003077,Prod00038,2.0,25
Oi0006145,Ord003079,Prod00558,5.0,20
Oi0006146,Ord003079,Prod00156,4.0,20
Oi0006149,Ord003082,Prod00250,5.0,25
Oi0006150,Ord003083,Prod00404,2.0,0
Oi0006151,Ord003084,Prod00089,3.0,15
Oi0006152,Ord003084,Prod00375,1.0,0
Oi0006153,Ord003084,Prod00034,3.0,10
Oi0006154,Ord003085,Prod00277,500.0,0
Oi0006155,Ord003086,Prod00154,3.0,10
Oi0006156,Ord003086,Prod00316,1.0,0
Oi0006157,Ord003087,Prod00194,5.0,0
Oi0006158,Ord003087,Prod00416,2.0,25
Oi0006159,Ord003087,Prod00444,1.0,5
Oi0006160,Ord003087,Prod00591,10.0,0
Oi0006161,Ord003088,Prod00335,2.0,15
Oi0006162,Ord003089,Prod00520,5.0,0
Oi0006163,Ord003089,Prod00146,1.0,0
Oi0006164,Ord003089,Prod00530,2.0,0
Oi0006165,Ord003090,Prod00511,2.0,5
Oi0006166,Ord003091,Prod00105,1.0,25
Oi0006167,Ord003091,Prod00379,5.0,5
Oi0006168,Ord003092,Prod00119,10.0,10
Oi0006169,Ord003093,Prod00446,3.0,10
Oi0006171,Ord003093,Prod00141,1.0,0
Oi0006172,Ord003094,Prod00600,2.0,5
Oi0006174,Ord003095,Prod00584,4.0,0
Oi0006176,Ord003096,Prod00285,5.0,0
Oi0006177,Ord003097,Prod00429,3.0,20
Oi0006178,Ord003097,Prod00496,4.0,0
Oi0006180,Ord003099,Prod00571,3.0,0
Oi0006181,Ord003100,Prod00141,2.0,10
Oi0006182,Ord003101,Prod00341,2.0,5
Oi0006183,Ord003101,Prod00222,1.0,20
Oi0006184,Ord003102,Prod00169,1.0,15
Oi0006186,Ord003104,Prod00167,1.0,20
Oi0006187,Ord003104,Prod00127,10.0,25
Oi0006188,Ord003104,Prod00086,2.0,0
Oi0006189,Ord003105,Prod00273,5.0,0
Oi0006190,Ord003105,Prod00375,3.0,20
Oi0006191,Ord003106,Prod00180,2.0,0
Oi0006192,Ord003106,Prod00452,1.0,25
Oi0006193,Ord003106,Prod00475,4.0,15
Oi0006194,Ord003106,Prod00517,1.0,20
Oi0006195,Ord003107,Prod00185,1.0,0
Oi0006196,Ord003108,Prod00072,2.0,0
Oi0006197,Ord003109,Prod00041,2.0,0
Oi0006198,Ord003110,Prod00444,2.0,20
Oi0006199,Ord003111,Prod00067,5.0,5
Oi0006200,Ord003111,Prod00227,3.0,25
Oi0006201,Ord003111,Prod00341,1.0,25
Oi0006202,Ord003112,Prod00198,2.0,0
Oi0006205,Ord003113,Prod00188,2.0,0
Oi0006206,Ord003114,Prod00363,3.0,20
Oi0006207,Ord003115,Prod00036,5.0,0
Oi0006208,Ord003115,Prod00127,1.0,0
Oi0006209,Ord003116,Prod00108,1.0,0
Oi0006210,Ord003117,Prod00537,1.0,5
Oi0006211,Ord003117,Prod00531,1.0,15
Oi0006212,Ord003117,Prod00041,10.0,5
Oi0006213,Ord003118,Prod00105,5.0,0
Oi0006214,Ord003118,Prod00190,3.0,15
Oi0006215,Ord003118,Prod00384,4.0,25
Oi0006216,Ord003118,Prod00395,1.0,5
Oi0006217,Ord003119,Prod00189,3.0,0
Oi0006218,Ord003119,Prod00033,2.0,10
Oi0006219,Ord003119,Prod00212,2.0,25
Oi0006220,Ord003120,Prod00009,4.0,0
Oi0006221,Ord003121,Prod00578,1.0,0
Oi0006223,Ord003122,Prod00425,2.0,0
Oi0006224,Ord003122,Prod00590,1.0,20
Oi0006225,Ord003123,Prod00291,5.0,0
Oi0006226,Ord003123,Prod00556,2.0,15
Oi0006227,Ord003123,Prod00205,10.0,20
Oi0006228,Ord003123,Prod00429,3.0,25
Oi0006229,Ord003124,Prod00249,5.0,0
Oi0006230,Ord003124,Prod00303,5.0,0
Oi0006231,Ord003125,Prod00147,1.0,0
Oi0006233,Ord003126,Prod00409,2.0,0
Oi0006234,Ord003127,Prod00460,2.0,15
Oi0006235,Ord003128,Prod00389,2.0,25
Oi0006236,Ord003128,Prod00530,2.0,20
Oi0006237,Ord003129,Prod00413,1.0,15
Oi0006238,Ord003129,Prod00469,1.0,15
Oi0006239,Ord003130,Prod00577,10.0,15
Oi0006240,Ord003130,Prod00184,5.0,25
Oi0006241,Ord003131,Prod00268,2.0,0
Oi0006242,Ord003132,Prod00146,10.0,0
Oi0006243,Ord003133,Prod00600,1.0,0
Oi0006244,Ord003134,Prod00415,2.0,20
Oi0006245,Ord003135,Prod00336,2.0,25
Oi0006246,Ord003136,Prod00498,4.0,20
Oi0006248,Ord003137,Prod00498,3.0,0
Oi0006249,Ord003137,Prod00342,3.0,0
Oi0006250,Ord003138,Prod00580,2.0,0
Oi0006251,Ord003139,Prod00265,4.0,20
Oi0006252,Ord003139,Prod00392,2.0,10
Oi0006253,Ord003139,Prod00520,3.0,0
Oi0006254,Ord003140,Prod00343,1.0,25
Oi0006255,Ord003141,Prod00268,1.0,25
Oi0006256,Ord003141,Prod00520,3.0,0
Oi0006257,Ord003141,Prod00468,3.0,0
Oi0006258,Ord003141,Prod00578,10.0,0
Oi0006259,Ord003142,Prod00286,1.0,25
Oi0006260,Ord003142,Prod00130,3.0,0
Oi0006261,Ord003143,Prod00282,1.0,5
Oi0006262,Ord003144,Prod00033,1.0,25
Oi0006263,Ord003145,Prod00471,10.0,20
Oi0006264,Ord003146,Prod00177,4.0,0
Oi0006265,Ord003146,Prod00370,2.0,25
Oi0006267,Ord003147,Prod00185,2.0,0
Oi0006268,Ord003147,Prod00167,1.0,0
Oi0006269,Ord003148,Prod00468,3.0,0
Oi0006270,Ord003148,Prod00218,4.0,25
Oi0006272,Ord003148,Prod00193,3.0,0
Oi0006276,Ord003150,Prod00185,1.0,5
Oi0006277,Ord003150,Prod00313,1.0,25
Oi0006278,Ord003150,Prod00320,2.0,20
Oi0006279,Ord003151,Prod00144,2.0,0
Oi0006281,Ord003153,Prod00140,2.0,15
Oi0006282,Ord003154,Prod00515,3.0,0
Oi0006283,Ord003154,Prod00282,10.0,25
Oi0006284,Ord003154,Prod00199,1.0,0
Oi0006286,Ord003155,Prod00451,1.0,0
Oi0006287,Ord003156,Prod00132,2.0,10
Oi0006288,Ord003156,Prod00451,1.0,0
Oi0006289,Ord003156,Prod00360,4.0,0
Oi0006291,Ord003157,Prod00589,1.0,25
Oi0006292,Ord003157,Prod00468,3.0,20
Oi0006293,Ord003158,Prod00112,1.0,0
Oi0006294,Ord003159,Prod00295,1.0,0
Oi0006295,Ord003159,Prod00006,1.0,0
Oi0006296,Ord003159,Prod00416,1.0,0
Oi0006298,Ord003161,Prod00093,5.0,25
Oi0006299,Ord003161,Prod00572,1.0,5
Oi0006300,Ord003161,Prod00425,1.0,5
Oi0006302,Ord003163,Prod00511,1.0,25
Oi0006303,Ord003164,Prod00425,2.0,15
Oi0006304,Ord003164,Prod00299,5.0,5
Oi0006305,Ord003164,Prod00037,2.0,25
Oi0006306,Ord003165,Prod00515,1.0,5
Oi0006307,Ord003165,Prod00558,1.0,25
Oi0006308,Ord003165,Prod00015,1.0,10
Oi0006309,Ord003166,Prod00495,10.0,25
Oi0006311,Ord003168,Prod00009,3.0,0
Oi0006312,Ord003168,Prod00158,10.0,20
Oi0006313,Ord003168,Prod00550,2.0,5
Oi0006314,Ord003169,Prod00316,1.0,20
Oi0006315,Ord003169,Prod00498,3.0,0
Oi0006316,Ord003170,Prod00111,10.0,15
Oi0006317,Ord003170,Prod00220,1.0,20
Oi0006318,Ord003171,Prod00188,3.0,5
Oi0006319,Ord003172,Prod00240,2.0,15
Oi0006320,Ord003172,Prod00428,10.0,0
Oi0006321,Ord003173,Prod00306,2.0,20
Oi0006322,Ord003173,Prod00025,1.0,25
Oi0006323,Ord003174,Prod00131,1.0,10
Oi0006324,Ord003175,Prod00071,5.0,0
Oi0006326,Ord003176,Prod00221,5.0,20
Oi0006327,Ord003176,Prod00015,5.0,20
Oi0006328,Ord003176,Prod00102,1.0,15
Oi0006329,Ord003176,Prod00163,1.0,25
Oi0006330,Ord003177,Prod00547,5.0,20
Oi0006331,Ord003177,Prod00123,1.0,0
Oi0006332,Ord003177,Prod00030,2.0,5
Oi0006333,Ord003178,Prod00540,2.0,0
Oi0006334,Ord003178,Prod00010,1.0,5
Oi0006335,Ord003178,Prod00293,5.0,15
Oi0006336,Ord003179,Prod00586,1.0,15
Oi0006338,Ord003180,Prod00447,1.0,0
Oi0006339,Ord003181,Prod00275,4.0,15
Oi0006340,Ord003182,Prod00233,1.0,0
Oi0006341,Ord003182,Prod00103,10.0,25
Oi0006342,Ord003182,Prod00336,1.0,10
Oi0006344,Ord003183,Prod00349,5.0,0
Oi0006345,Ord003183,Prod00016,5.0,15
Oi0006346,Ord003183,Prod00503,2.0,0
Oi0006347,Ord003183,Prod00568,1.0,5
Oi0006349,Ord003184,Prod00462,4.0,15
Oi0006350,Ord003184,Prod00291,1.0,0
Oi0006351,Ord003184,Prod00113,2.0,0
Oi0006352,Ord003185,Prod00312,4.0,0
Oi0006353,Ord003185,Prod00139,2.0,0
Oi0006354,Ord003185,Prod00280,1.0,5
Oi0006355,Ord003185,Prod00559,1.0,0
Oi0006356,Ord003186,Prod00461,500.0,15
Oi0006357,Ord003187,Prod00075,4.0,0
Oi0006358,Ord003188,Prod00227,4.0,20
Oi0006359,Ord003188,Prod00242,10.0,0
Oi0006360,Ord003189,Prod00073,2.0,5
Oi0006361,Ord003190,Prod00154,10.0,25
Oi0006362,Ord003190,Prod00261,5.0,25
Oi0006363,Ord003190,Prod00219,5.0,0
Oi0006364,Ord003190,Prod00046,5.0,0
Oi0006365,Ord003191,Prod00467,10.0,0
Oi0006366,Ord003192,Prod00339,1.0,10
Oi0006367,Ord003193,Prod00452,3.0,15
Oi0006368,Ord003193,Prod00118,1.0,0
Oi0006369,Ord003194,Prod00394,2.0,5
Oi0006370,Ord003194,Prod00230,3.0,0
Oi0006371,Ord003194,Prod00321,2.0,15
Oi0006372,Ord003195,Prod00564,1.0,15
Oi0006373,Ord003196,Prod00572,5.0,5
Oi0006374,Ord003197,Prod00384,4.0,5
Oi0006375,Ord003197,Prod00343,10.0,5
Oi0006376,Ord003197,Prod00412,1.0,5
Oi0006377,Ord003197,Prod00075,3.0,10
Oi0006378,Ord003198,Prod00271,1.0,0
Oi0006379,Ord003198,Prod00276,3.0,5
Oi0006381,Ord003199,Prod00025,2.0,15
Oi0006383,Ord003200,Prod00359,2.0,20
Oi0006384,Ord003201,Prod00001,1.0,25
Oi0006385,Ord003202,Prod00059,5.0,20
Oi0006386,Ord003203,Prod00534,1.0,10
Oi0006387,Ord003204,Prod00237,3.0,0
Oi0006388,Ord003204,Prod00243,2.0,15
Oi0006389,Ord003204,Prod00299,5.0,20
Oi0006392,Ord003205,Prod00126,3.0,0
Oi0006393,Ord003205,Prod00062,2.0,0
Oi0006394,Ord003205,Prod00520,4.0,20
Oi0006396,Ord003206,Prod00190,10.0,20
Oi0006398,Ord003207,Prod00312,4.0,15
Oi0006399,Ord003207,Prod00359,2.0,5
Oi0006400,Ord003208,Prod00112,4.0,5
Oi0006402,Ord003209,Prod00338,4.0,0
Oi0006403,Ord003210,Prod00280,2.0,0
Oi0006404,Ord003211,Prod00474,1.0,0
Oi0006405,Ord003212,Prod00096,1.0,15
Oi0006406,Ord003212,Prod00019,1.0,0
Oi0006407,Ord003213,Prod00250,2.0,10
Oi0006409,Ord003213,Prod00243,3.0,20
Oi0006410,Ord003214,Prod00252,3.0,20
Oi0006411,Ord003214,Prod00494,1.0,0
Oi0006412,Ord003215,Prod00568,10.0,0
Oi0006414,Ord003216,Prod00325,2.0,0
Oi0006415,Ord003217,Prod00485,3.0,5
Oi0006417,Ord003217,Prod00494,2.0,15
Oi0006418,Ord003218,Prod00065,4.0,5
Oi0006419,Ord003218,Prod00341,1.0,0
Oi0006420,Ord003219,Prod00561,1.0,25
Oi0006422,Ord003220,Prod00307,2.0,0
Oi0006423,Ord003220,Prod00360,1.0,0
Oi0006424,Ord003221,Prod00049,2.0,0
Oi0006425,Ord003221,Prod00053,4.0,15
Oi0006426,Ord003221,Prod00556,1.0,25
Oi0006430,Ord003222,Prod00396,2.0,20
Oi0006431,Ord003223,Prod00525,10.0,0
Oi0006432,Ord003224,Prod00521,1.0,10
Oi0006433,Ord003224,Prod00158,3.0,5
Oi0006434,Ord003224,Prod00406,10.0,0
Oi0006435,Ord003224,Prod00210,5.0,0
Oi0006436,Ord003225,Prod00226,1.0,5
Oi0006437,Ord003226,Prod00448,4.0,20
Oi0006438,Ord003227,Prod00334,5.0,0
Oi0006439,Ord003227,Prod00044,1.0,20
Oi0006440,Ord003228,Prod00010,10.0,0
Oi0006441,Ord003229,Prod00419,2.0,0
Oi0006442,Ord003230,Prod00240,3.0,0
Oi0006443,Ord003231,Prod00044,3.0,5
Oi0006444,Ord003232,Prod00162,5.0,25
Oi0006446,Ord003233,Prod00151,3.0,0
Oi0006447,Ord003234,Prod00445,1.0,5
Oi0006448,Ord003234,Prod00149,5.0,5
Oi0006449,Ord003234,Prod00561,1.0,25
Oi0006450,Ord003234,Prod00174,1.0,0
Oi0006451,Ord003235,Prod00458,1.0,0
Oi0006452,Ord003236,Prod00575,10.0,0
Oi0006453,Ord003237,Prod00201,5.0,0
Oi0006454,Ord003238,Prod00305,2.0,0
Oi0006455,Ord003239,Prod00550,3.0,0
Oi0006456,Ord003240,Prod00187,2.0,0
Oi0006457,Ord003241,Prod00195,1.0,0
Oi0006458,Ord003241,Prod00487,1.0,0
Oi0006459,Ord003241,Prod00414,3.0,0
Oi0006460,Ord003242,Prod00289,5.0,15
Oi0006461,Ord003242,Prod00411,10.0,15
Oi0006462,Ord003243,Prod00460,1.0,20
Oi0006463,Ord003243,Prod00326,4.0,5
Oi0006464,Ord003243,Prod00436,2.0,5
Oi0006465,Ord003243,Prod00027,1.0,0
Oi0006466,Ord003244,Prod00576,10.0,25
Oi0006469,Ord003245,Prod00182,1.0,5
Oi0006470,Ord003246,Prod00548,5.0,10
Oi0006471,Ord003246,Prod00118,1.0,0
Oi0006472,Ord003247,Prod00093,1.0,5
Oi0006473,Ord003247,Prod00495,3.0,0
Oi0006474,Ord003248,Prod00327,10.0,5
Oi0006475,Ord003248,Prod00269,1.0,20
Oi0006476,Ord003248,Prod00560,3.0,25
Oi0006477,Ord003249,Prod00202,1.0,15
Oi0006478,Ord003250,Prod00146,1.0,25
Oi0006479,Ord003251,Prod00283,1.0,10
Oi0006481,Ord003251,Prod00132,1.0,5
Oi0006482,Ord003252,Prod00039,2.0,25
Oi0006483,Ord003252,Prod00561,1.0,0
Oi0006484,Ord003253,Prod00376,10.0,10
Oi0006485,Ord003254,Prod00164,10.0,0
Oi0006486,Ord003254,Prod00302,3.0,25
Oi0006488,Ord003254,Prod00454,2.0,15
Oi0006489,Ord003255,Prod00276,2.0,10
Oi0006490,Ord003255,Prod00142,1.0,0
Oi0006491,Ord003255,Prod00216,10.0,0
Oi0006492,Ord003256,Prod00392,1.0,0
Oi0006493,Ord003256,Prod00168,1.0,0
Oi0006494,Ord003257,Prod00464,1.0,10
Oi0006495,Ord003257,Prod00061,1.0,0
Oi0006496,Ord003257,Prod00301,1.0,0
Oi0006497,Ord003258,Prod00289,5.0,0
Oi0006498,Ord003259,Prod00439,2.0,5
Oi0006499,Ord003259,Prod00443,5.0,0
Oi0006500,Ord003260,Prod00416,1.0,10
Oi0006501,Ord003260,Prod00078,5.0,15
Oi0006502,Ord003260,Prod00378,5.0,10
Oi0006503,Ord003261,Prod00125,4.0,5
Oi0006505,Ord003263,Prod00348,4.0,10
Oi0006506,Ord003264,Prod00156,5.0,10
Oi0006507,Ord003264,Prod00599,4.0,0
Oi0006509,Ord003265,Prod00308,3.0,0
Oi0006510,Ord003265,Prod00567,1.0,0
Oi0006511,Ord003265,Prod00451,3.0,5
Oi0006512,Ord003265,Prod00212,2.0,0
Oi0006513,Ord003266,Prod00565,1.0,20
Oi0006514,Ord003266,Prod00098,1.0,10
Oi0006515,Ord003266,Prod00101,1.0,5
Oi0006516,Ord003266,Prod00373,5.0,25
Oi0006517,Ord003267,Prod00275,2.0,0
Oi0006518,Ord003268,Prod00589,1.0,10
Oi0006519,Ord003269,Prod00559,1.0,0
Oi0006520,Ord003270,Prod00372,3.0,5
Oi0006521,Ord003270,Prod00214,3.0,0
Oi0006522,Ord003271,Prod00047,5.0,10
Oi0006523,Ord003271,Prod00015,4.0,10
Oi0006524,Ord003271,Prod00327,4.0,25
Oi0006525,Ord003271,Prod00508,1.0,20
Oi0006526,Ord003272,Prod00194,500.0,10
Oi0006527,Ord003272,Prod00352,1.0,0
Oi0006528,Ord003273,Prod00568,1.0,25
Oi0006531,Ord003275,Prod00225,1.0,0
Oi0006532,Ord003275,Prod00559,2.0,5
Oi0006533,Ord003275,Prod00443,3.0,25
Oi0006534,Ord003276,Prod00391,1.0,5
Oi0006535,Ord003276,Prod00376,5.0,0
Oi0006536,Ord003277,Prod00289,1.0,20
Oi0006537,Ord003278,Prod00097,1.0,0
Oi0006538,Ord003278,Prod00150,2.0,0
Oi0006539,Ord003278,Prod00588,3.0,0
Oi0006540,Ord003279,Prod00050,2.0,10
Oi0006542,Ord003280,Prod00526,1.0,10
Oi0006543,Ord003280,Prod00260,1.0,0
Oi0006544,Ord003281,Prod00599,10.0,20
Oi0006545,Ord003281,Prod00578,1.0,0
Oi0006546,Ord003281,Prod00072,1.0,10
Oi0006547,Ord003281,Prod00416,2.0,20
Oi0006548,Ord003282,Prod00562,3.0,0
Oi0006549,Ord003282,Prod00194,3.0,0
Oi0006550,Ord003282,Prod00148,1.0,20
Oi0006551,Ord003283,Prod00201,5.0,20
Oi0006552,Ord003283,Prod00475,1.0,0
Oi0006553,Ord003283,Prod00135,10.0,0
Oi0006554,Ord003284,Prod00051,3.0,0
Oi0006556,Ord003284,Prod00246,4.0,5
Oi0006557,Ord003285,Prod00400,3.0,15
Oi0006558,Ord003285,Prod00540,10.0,25
Oi0006559,Ord003285,Prod00140,1.0,0
Oi0006560,Ord003285,Prod00120,3.0,0
Oi0006561,Ord003286,Prod00327,10.0,5
Oi0006562,Ord003287,Prod00268,1.0,5
Oi0006563,Ord003288,Prod00317,1.0,5
Oi0006564,Ord003289,Prod00138,3.0,5
Oi0006565,Ord003289,Prod00541,4.0,0
Oi0006566,Ord003289,Prod00443,2.0,5
Oi0006567,Ord003289,Prod00079,2.0,0
Oi0006568,Ord003290,Prod00327,3.0,15
Oi0006569,Ord003291,Prod00088,4.0,5
Oi0006570,Ord003292,Prod00215,2.0,0
Oi0006571,Ord003292,Prod00263,2.0,0
Oi0006573,Ord003293,Prod00029,2.0,0
Oi0006574,Ord003294,Prod00437,1.0,20
Oi0006575,Ord003295,Prod00088,1.0,5
Oi0006576,Ord003296,Prod00208,2.0,0
Oi0006577,Ord003296,Prod00144,2.0,25
Oi0006579,Ord003296,Prod00578,2.0,0
Oi0006580,Ord003297,Prod00107,5.0,5
Oi0006581,Ord003298,Prod00411,1.0,25
Oi0006582,Ord003298,Prod00381,2.0,5
Oi0006583,Ord003298,Prod00480,2.0,15
Oi0006584,Ord003298,Prod00540,1.0,0
Oi0006586,Ord003299,Prod00371,2.0,25
Oi0006588,Ord003301,Prod00590,2.0,0
Oi0006589,Ord003301,Prod00139,1.0,0
Oi0006590,Ord003302,Prod00042,2.0,0
Oi0006591,Ord003303,Prod00509,4.0,0
Oi0006592,Ord003303,Prod00058,1.0,10
Oi0006593,Ord003303,Prod00257,5.0,10
Oi0006594,Ord003303,Prod00529,1.0,15
Oi0006596,Ord003304,Prod00275,4.0,25
Oi0006597,Ord003305,Prod00004,3.0,25
Oi0006598,Ord003305,Prod00074,2.0,20
Oi0006599,Ord003305,Prod00429,10.0,0
Oi0006601,Ord003307,Prod00201,1.0,0
Oi0006602,Ord003307,Prod00078,1.0,20
Oi0006603,Ord003307,Prod00091,3.0,0
Oi0006604,Ord003308,Prod00332,2.0,0
Oi0006606,Ord003309,Prod00142,5.0,15
Oi0006607,Ord003309,Prod00443,1.0,0
Oi0006608,Ord003310,Prod00244,1.0,0
Oi0006610,Ord003311,Prod00246,2.0,25
Oi0006612,Ord003313,Prod00353,1.0,15
Oi0006613,Ord003313,Prod00331,3.0,0
Oi0006614,Ord003314,Prod00161,1.0,20
Oi0006615,Ord003314,Prod00416,1.0,15
Oi0006616,Ord003314,Prod00075,2.0,0
Oi0006617,Ord003314,Prod00579,10.0,15
Oi0006618,Ord003315,Prod00180,3.0,0
Oi0006621,Ord003316,Prod00028,2.0,25
Oi0006623,Ord003317,Prod00049,1.0,0
Oi0006624,Ord003317,Prod00381,2.0,0
Oi0006625,Ord003318,Prod00356,1.0,0
Oi0006626,Ord003319,Prod00284,5.0,15
Oi0006627,Ord003319,Prod00318,1.0,5
Oi0006628,Ord003319,Prod00385,5.0,0
Oi0006629,Ord003319,Prod00456,3.0,0
Oi0006630,Ord003320,Prod00219,1.0,20
Oi0006632,Ord003320,Prod00040,3.0,0
Oi0006633,Ord003321,Prod00050,1.0,5
Oi0006634,Ord003321,Prod00564,2.0,0
Oi0006635,Ord003321,Prod00435,2.0,10
Oi0006636,Ord003322,Prod00182,1.0,25
Oi0006637,Ord003322,Prod00495,3.0,0
Oi0006638,Ord003322,Prod00133,2.0,0
Oi0006639,Ord003322,Prod00435,4.0,25
Oi0006640,Ord003323,Prod00064,5.0,15
Oi0006641,Ord003323,Prod00561,2.0,25
Oi0006642,Ord003323,Prod00271,2.0,25
Oi0006643,Ord003324,Prod00109,1.0,20
Oi0006644,Ord003324,Prod00541,2.0,25
Oi0006645,Ord003324,Prod00471,3.0,0
Oi0006646,Ord003324,Prod00155,1.0,20
Oi0006647,Ord003325,Prod00480,2.0,0
Oi0006648,Ord003325,Prod00438,10.0,25
Oi0006649,Ord003325,Prod00340,4.0,25
Oi0006650,Ord003326,Prod00350,3.0,0
Oi0006651,Ord003327,Prod00215,10.0,15
Oi0006652,Ord003328,Prod00297,1.0,20
Oi0006654,Ord003330,Prod00110,1.0,20
Oi0006655,Ord003331,Prod00302,4.0,15
Oi0006656,Ord003331,Prod00168,1.0,0
Oi0006657,Ord003332,Prod00237,1.0,0
Oi0006658,Ord003332,Prod00591,3.0,0
Oi0006659,Ord003333,Prod00321,1.0,0
Oi0006660,Ord003333,Prod00312,3.0,0
Oi0006662,Ord003335,Prod00511,3.0,0
Oi0006663,Ord003335,Prod00285,4.0,0
Oi0006664,Ord003335,Prod00346,1.0,10
Oi0006665,Ord003336,Prod00135,1.0,10
Oi0006666,Ord003336,Prod00265,2.0,25
Oi0006667,Ord003337,Prod00525,1.0,5
Oi0006668,Ord003337,Prod00257,1.0,20
Oi0006669,Ord003338,Prod00220,3.0,0
Oi0006672,Ord003339,Prod00111,2.0,5
Oi0006674,Ord003341,Prod00272,2.0,10
Oi0006676,Ord003341,Prod00213,4.0,0
Oi0006678,Ord003342,Prod00305,10.0,0
Oi0006679,Ord003342,Prod00488,2.0,0
Oi0006680,Ord003343,Prod00218,3.0,25
Oi0006681,Ord003344,Prod00195,1.0,0
Oi0006682,Ord003345,Prod00213,1.0,5
Oi0006683,Ord003346,Prod00247,3.0,0
Oi0006684,Ord003347,Prod00379,1.0,20
Oi0006685,Ord003347,Prod00342,10.0,5
Oi0006686,Ord003348,Prod00391,2.0,0
Oi0006687,Ord003348,Prod00275,1.0,0
Oi0006688,Ord003349,Prod00406,1.0,0
Oi0006689,Ord003349,Prod00591,2.0,10
Oi0006690,Ord003349,Prod00227,1.0,5
Oi0006691,Ord003350,Prod00208,4.0,0
Oi0006692,Ord003350,Prod00385,4.0,20
Oi0006693,Ord003351,Prod00246,1.0,5
Oi0006695,Ord003352,Prod00404,4.0,0
Oi0006696,Ord003352,Prod00284,4.0,5
Oi0006697,Ord003353,Prod00447,4.0,5
Oi0006698,Ord003353,Prod00442,1.0,10
Oi0006699,Ord003353,Prod00051,1.0,0
Oi0006701,Ord003355,Prod00163,10.0,15
Oi0006702,Ord003355,Prod00067,5.0,20
Oi0006703,Ord003356,Prod00414,5.0,0
Oi0006704,Ord003356,Prod00234,1.0,20
Oi0006705,Ord003357,Prod00142,2.0,5
Oi0006706,Ord003358,Prod00010,5.0,0
Oi0006707,Ord003358,Prod00114,1.0,15
Oi0006708,Ord003359,Prod00169,3.0,15
Oi0006709,Ord003359,Prod00560,3.0,25
Oi0006710,Ord003360,Prod00025,5.0,10
Oi0006711,Ord003360,Prod00519,10.0,0
Oi0006712,Ord003360,Prod00212,10.0,5
Oi0006713,Ord003361,Prod00415,2.0,0
Oi0006714,Ord003361,Prod00116,1.0,10
Oi0006716,Ord003362,Prod00171,4.0,10
Oi0006717,Ord003362,Prod00576,5.0,0
Oi0006720,Ord003364,Prod00016,500.0,10
Oi0006721,Ord003364,Prod00223,2.0,10
Oi0006722,Ord003364,Prod00477,2.0,5
Oi0006723,Ord003364,Prod00157,2.0,0
Oi0006724,Ord003365,Prod00045,1.0,0
Oi0006725,Ord003365,Prod00246,1.0,10
Oi0006726,Ord003365,Prod00130,2.0,0
Oi0006727,Ord003365,Prod00342,1.0,0
Oi0006728,Ord003366,Prod00588,5.0,20
Oi0006729,Ord003367,Prod00463,2.0,20
Oi0006730,Ord003368,Prod00514,4.0,0
Oi0006731,Ord003369,Prod00243,1.0,20
Oi0006732,Ord003370,Prod00358,3.0,25
Oi0006733,Ord003370,Prod00190,2.0,25
Oi0006734,Ord003370,Prod00240,10.0,10
Oi0006735,Ord003370,Prod00401,1.0,0
Oi0006736,Ord003371,Prod00263,5.0,0
Oi0006738,Ord003373,Prod00501,1.0,25
Oi0006740,Ord003373,Prod00138,500.0,10
Oi0006741,Ord003374,Prod00437,5.0,0
Oi0006743,Ord003374,Prod00500,5.0,10
Oi0006744,Ord003375,Prod00110,10.0,5
Oi0006745,Ord003375,Prod00177,10.0,15
Oi0006747,Ord003376,Prod00306,2.0,20
Oi0006749,Ord003377,Prod00149,10.0,15
Oi0006750,Ord003377,Prod00590,5.0,0
Oi0006751,Ord003377,Prod00145,1.0,5
Oi0006752,Ord003377,Prod00290,3.0,5
Oi0006753,Ord003378,Prod00108,1.0,5
Oi0006754,Ord003378,Prod00019,3.0,0
Oi0006755,Ord003378,Prod00170,5.0,10
Oi0006756,Ord003378,Prod00156,3.0,0
Oi0006758,Ord003379,Prod00129,2.0,20
Oi0006759,Ord003380,Prod00214,1.0,0
Oi0006761,Ord003381,Prod00301,1.0,0
Oi0006762,Ord003382,Prod00091,2.0,25
Oi0006763,Ord003382,Prod00294,2.0,10
Oi0006764,Ord003382,Prod00591,5.0,20
Oi0006765,Ord003382,Prod00594,1.0,0
Oi0006766,Ord003383,Prod00193,3.0,5
Oi0006767,Ord003384,Prod00514,3.0,10
Oi0006768,Ord003384,Prod00069,5.0,25
Oi0006769,Ord003384,Prod00349,1.0,0
Oi0006770,Ord003384,Prod00349,10.0,15
Oi0006771,Ord003385,Prod00396,3.0,20
Oi0006772,Ord003386,Prod00315,1.0,15
Oi0006773,Ord003386,Prod00228,10.0,10
Oi0006774,Ord003387,Prod00295,2.0,15
Oi0006775,Ord003388,Prod00391,1.0,15
Oi0006777,Ord003388,Prod00020,3.0,0
Oi0006778,Ord003389,Prod00556,3.0,15
Oi0006779,Ord003390,Prod00232,1.0,10
Oi0006780,Ord003391,Prod00142,1.0,0
Oi0006781,Ord003391,Prod00561,10.0,0
Oi0006782,Ord003392,Prod00193,1.0,20
Oi0006783,Ord003392,Prod00218,1.0,0
Oi0006784,Ord003392,Prod00117,1.0,0
Oi0006785,Ord003392,Prod00513,4.0,10
Oi0006787,Ord003393,Prod00531,5.0,0
Oi0006788,Ord003394,Prod00285,1.0,0
Oi0006789,Ord003395,Prod00471,1.0,15
Oi0006790,Ord003396,Prod00452,1.0,0
Oi0006791,Ord003396,Prod00505,10.0,0
Oi0006792,Ord003397,Prod00207,2.0,0
Oi0006793,Ord003397,Prod00351,2.0,15
Oi0006794,Ord003398,Prod00359,1.0,10
Oi0006795,Ord003398,Prod00041,10.0,20
Oi0006796,Ord003399,Prod00475,3.0,0
Oi0006798,Ord003399,Prod00461,1.0,10
Oi0006799,Ord003399,Prod00495,1.0,10
Oi0006800,Ord003400,Prod00525,5.0,10
Oi0006801,Ord003400,Prod00320,1.0,10
Oi0006804,Ord003402,Prod00581,1.0,0
Oi0006805,Ord003403,Prod00076,10.0,25
Oi0006807,Ord003404,Prod00301,2.0,5
Oi0006808,Ord003404,Prod00403,2.0,10
Oi0006811,Ord003406,Prod00181,2.0,15
Oi0006812,Ord003406,Prod00002,1.0,15
Oi0006813,Ord003407,Prod00418,3.0,20
Oi0006814,Ord003407,Prod00296,10.0,15
Oi0006815,Ord003408,Prod00319,2.0,0
Oi0006816,Ord003408,Prod00028,5.0,10
Oi0006817,Ord003408,Prod00549,4.0,20
Oi0006818,Ord003408,Prod00199,2.0,15
Oi0006819,Ord003409,Prod00419,3.0,10
Oi0006821,Ord003409,Prod00345,1.0,0
Oi0006822,Ord003410,Prod00106,5.0,5
Oi0006823,Ord003411,Prod00106,3.0,20
Oi0006824,Ord003412,Prod00318,3.0,0
Oi0006825,Ord003413,Prod00598,1.0,15
Oi0006826,Ord003414,Prod00032,2.0,5
Oi0006828,Ord003414,Prod00589,1.0,15
Oi0006830,Ord003415,Prod00358,1.0,5
Oi0006831,Ord003415,Prod00592,1.0,10
Oi0006832,Ord003415,Prod00116,2.0,20
Oi0006833,Ord003415,Prod00527,4.0,0
Oi0006836,Ord003416,Prod00560,4.0,20
Oi0006838,Ord003417,Prod00353,2.0,15
Oi0006839,Ord003418,Prod00190,1.0,5
Oi0006841,Ord003419,Prod00239,1.0,5
Oi0006842,Ord003420,Prod00188,1.0,0
Oi0006843,Ord003420,Prod00466,2.0,0
Oi0006844,Ord003421,Prod00561,5.0,15
Oi0006845,Ord003422,Prod00429,1.0,20
Oi0006846,Ord003422,Prod00045,3.0,0
Oi0006848,Ord003422,Prod00546,1.0,20
Oi0006849,Ord003423,Prod00189,5.0,15
Oi0006850,Ord003424,Prod00381,3.0,25
Oi0006851,Ord003424,Prod00034,3.0,20
Oi0006852,Ord003424,Prod00053,2.0,10
Oi0006853,Ord003424,Prod00492,5.0,25
Oi0006854,Ord003425,Prod00038,2.0,15
Oi0006856,Ord003427,Prod00108,2.0,25
Oi0006858,Ord003429,Prod00452,1.0,5
Oi0006859,Ord003429,Prod00356,2.0,0
Oi0006860,Ord003429,Prod00359,5.0,0
Oi0006861,Ord003430,Prod00271,10.0,0
Oi0006862,Ord003431,Prod00116,1.0,10
Oi0006863,Ord003431,Prod00192,1.0,0
Oi0006864,Ord003431,Prod00186,4.0,0
Oi0006865,Ord003431,Prod00320,2.0,0
Oi0006867,Ord003433,Prod00522,2.0,20
Oi0006871,Ord003436,Prod00424,3.0,20
Oi0006872,Ord003437,Prod00120,1.0,20
Oi0006873,Ord003438,Prod00256,4.0,25
Oi0006874,Ord003439,Prod00032,1.0,15
Oi0006875,Ord003440,Prod00025,2.0,10
Oi0006876,Ord003440,Prod00236,4.0,0
Oi0006877,Ord003441,Prod00423,4.0,25
Oi0006879,Ord003441,Prod00140,4.0,15
Oi0006880,Ord003442,Prod00481,2.0,0
Oi0006881,Ord003443,Prod00472,1.0,0
Oi0006882,Ord003443,Prod00111,10.0,20
Oi0006883,Ord003443,Prod00522,1.0,10
Oi0006884,Ord003443,Prod00435,2.0,5
Oi0006885,Ord003444,Prod00456,2.0,0
Oi0006886,Ord003444,Prod00234,1.0,5
Oi0006887,Ord003445,Prod00083,3.0,0
Oi0006888,Ord003445,Prod00457,4.0,0
Oi0006889,Ord003446,Prod00481,1.0,10
Oi0006890,Ord003447,Prod00093,5.0,0
Oi0006891,Ord003448,Prod00098,1.0,0
Oi0006892,Ord003448,Prod00243,2.0,10
Oi0006894,Ord003450,Prod00195,3.0,10
Oi0006896,Ord003451,Prod00035,4.0,10
Oi0006897,Ord003451,Prod00307,1.0,15
Oi0006898,Ord003451,Prod00430,2.0,0
Oi0006899,Ord003452,Prod00257,5.0,25
Oi0006900,Ord003453,Prod00394,2.0,20
Oi0006901,Ord003453,Prod00322,1.0,25
Oi0006902,Ord003453,Prod00402,500.0,5
Oi0006903,Ord003453,Prod00191,1.0,0
Oi0006905,Ord003454,Prod00452,2.0,0
Oi0006906,Ord003455,Prod00321,3.0,20
Oi0006907,Ord003455,Prod00584,5.0,0
Oi0006908,Ord003455,Prod00426,1.0,20
Oi0006909,Ord003456,Prod00431,5.0,0
Oi0006910,Ord003456,Prod00571,5.0,0
Oi0006911,Ord003456,Prod00156,10.0,0
Oi0006912,Ord003457,Prod00553,3.0,0
Oi0006913,Ord003458,Prod00282,5.0,0
Oi0006914,Ord003459,Prod00211,2.0,20
Oi0006915,Ord003459,Prod00275,1.0,15
Oi0006916,Ord003460,Prod00200,3.0,20
Oi0006917,Ord003461,Prod00474,10.0,10
Oi0006918,Ord003461,Prod00072,1.0,0
Oi0006919,Ord003461,Prod00360,1.0,10
Oi0006924,Ord003464,Prod00025,4.0,0
Oi0006925,Ord003465,Prod00342,1.0,0
Oi0006928,Ord003466,Prod00508,10.0,10
Oi0006929,Ord003466,Prod00405,3.0,0
Oi0006930,Ord003466,Prod00457,5.0,5
Oi0006931,Ord003466,Prod00124,5.0,15
Oi0006932,Ord003467,Prod00477,5.0,25
Oi0006933,Ord003467,Prod00334,500.0,5
Oi0006934,Ord003467,Prod00135,2.0,0
Oi0006935,Ord003468,Prod00163,1.0,5
Oi0006936,Ord003468,Prod00441,4.0,0
Oi0006937,Ord003469,Prod00276,4.0,0
Oi0006938,Ord003469,Prod00152,1.0,15
Oi0006939,Ord003469,Prod00037,1.0,25
Oi0006940,Ord003469,Prod00429,10.0,25
Oi0006941,Ord003470,Prod00226,1.0,0
Oi0006942,Ord003471,Prod00528,1.0,10
Oi0006943,Ord003471,Prod00081,4.0,15
Oi0006944,Ord003471,Prod00361,3.0,0
Oi0006946,Ord003472,Prod00145,2.0,0
Oi0006947,Ord003473,Prod00352,5.0,10
Oi0006948,Ord003473,Prod00388,10.0,0
Oi0006949,Ord003473,Prod00132,2.0,20
Oi0006951,Ord003474,Prod00539,2.0,25
Oi0006952,Ord003474,Prod00024,3.0,0
Oi0006953,Ord003474,Prod00140,1.0,15
Oi0006954,Ord003475,Prod00233,5.0,5
Oi0006956,Ord003475,Prod00585,3.0,0
Oi0006957,Ord003476,Prod00227,4.0,0
Oi0006958,Ord003476,Prod00582,2.0,15
Oi0006959,Ord003477,Prod00387,1.0,15
Oi0006960,Ord003478,Prod00299,1.0,0
Oi0006961,Ord003479,Prod00520,2.0,0
Oi0006962,Ord003479,Prod00259,1.0,20
Oi0006963,Ord003480,Prod00516,1.0,0
Oi0006964,Ord003480,Prod00225,1.0,0
Oi0006965,Ord003481,Prod00328,2.0,25
Oi0006966,Ord003481,Prod00355,1.0,10
Oi0006967,Ord003482,Prod00267,3.0,0
Oi0006968,Ord003482,Prod00239,1.0,5
Oi0006969,Ord003483,Prod00505,3.0,15
Oi0006970,Ord003483,Prod00240,5.0,0
Oi0006971,Ord003483,Prod00566,1.0,0
Oi0006972,Ord003483,Prod00574,4.0,20
Oi0006974,Ord003485,Prod00174,5.0,20
Oi0006975,Ord003485,Prod00516,2.0,15
Oi0006976,Ord003485,Prod00568,5.0,5
Oi0006977,Ord003486,Prod00329,2.0,20
Oi0006978,Ord003487,Prod00344,10.0,10
Oi0006979,Ord003488,Prod00572,1.0,0
Oi0006980,Ord003488,Prod00512,10.0,5
Oi0006981,Ord003489,Prod00292,1.0,20
Oi0006982,Ord003490,Prod00268,1.0,0
Oi0006983,Ord003490,Prod00463,2.0,10
Oi0006984,Ord003490,Prod00242,1.0,15
Oi0006985,Ord003490,Prod00404,1.0,0
Oi0006986,Ord003491,Prod00032,3.0,0
Oi0006987,Ord003491,Prod00439,1.0,20
Oi0006988,Ord003491,Prod00540,5.0,5
Oi0006989,Ord003492,Prod00556,2.0,5
Oi0006990,Ord003493,Prod00234,5.0,0
Oi0006991,Ord003494,Prod00221,1.0,20
Oi0006992,Ord003495,Prod00141,3.0,5
Oi0006993,Ord003495,Prod00233,4.0,25
Oi0006994,Ord003495,Prod00595,1.0,0
Oi0006995,Ord003495,Prod00232,5.0,0
Oi0006996,Ord003496,Prod00090,1.0,0
Oi0006997,Ord003497,Prod00030,3.0,0
Oi0006998,Ord003497,Prod00109,2.0,10
Oi0006999,Ord003498,Prod00411,2.0,0
Oi0007000,Ord003498,Prod00253,2.0,5
Oi0007001,Ord003499,Prod00367,2.0,25
Oi0007002,Ord003500,Prod00224,10.0,0
Oi0007003,Ord003500,Prod00391,4.0,15
Oi0007004,Ord003501,Prod00497,5.0,0
Oi0007005,Ord003502,Prod00236,1.0,0
Oi0007006,Ord003503,Prod00089,2.0,5
Oi0007007,Ord003504,Prod00327,4.0,0
Oi0007008,Ord003505,Prod00429,1.0,20
Oi0007009,Ord003505,Prod00192,4.0,25
Oi0007010,Ord003506,Prod00372,1.0,15
Oi0007011,Ord003506,Prod00514,2.0,15
Oi0007012,Ord003506,Prod00515,1.0,10
Oi0007014,Ord003507,Prod00413,1.0,10
Oi0007015,Ord003508,Prod00134,1.0,5
Oi0007016,Ord003508,Prod00272,4.0,15
Oi0007017,Ord003508,Prod00122,10.0,10
Oi0007018,Ord003508,Prod00260,1.0,0
Oi0007019,Ord003509,Prod00599,10.0,25
Oi0007020,Ord003510,Prod00347,3.0,15
Oi0007021,Ord003510,Prod00263,1.0,5
Oi0007022,Ord003511,Prod00229,2.0,0
Oi0007023,Ord003512,Prod00326,4.0,20
Oi0007024,Ord003513,Prod00064,4.0,0
Oi0007025,Ord003513,Prod00297,1.0,5
Oi0007026,Ord003514,Prod00403,4.0,5
Oi0007027,Ord003515,Prod00122,3.0,0
Oi0007028,Ord003516,Prod00516,5.0,0
Oi0007029,Ord003517,Prod00446,2.0,0
Oi0007030,Ord003518,Prod00179,10.0,25
Oi0007031,Ord003518,Prod00111,4.0,0
Oi0007032,Ord003519,Prod00352,10.0,20
Oi0007033,Ord003519,Prod00268,4.0,0
Oi0007034,Ord003520,Prod00171,2.0,0
Oi0007035,Ord003520,Prod00479,2.0,0
Oi0007037,Ord003522,Prod00570,4.0,20
Oi0007038,Ord003523,Prod00465,1.0,15
Oi0007039,Ord003524,Prod00042,4.0,0
Oi0007040,Ord003524,Prod00429,1.0,10
Oi0007041,Ord003525,Prod00019,1.0,20
Oi0007042,Ord003525,Prod00234,1.0,0
Oi0007043,Ord003526,Prod00138,10.0,0
Oi0007044,Ord003526,Prod00324,1.0,0
Oi0007045,Ord003526,Prod00312,10.0,10
Oi0007046,Ord003526,Prod00506,1.0,0
Oi0007047,Ord003527,Prod00446,1.0,0
Oi0007049,Ord003528,Prod00356,2.0,0
Oi0007050,Ord003529,Prod00198,1.0,20
Oi0007051,Ord003529,Prod00320,2.0,20
Oi0007053,Ord003530,Prod00008,1.0,0
Oi0007054,Ord003531,Prod00260,1.0,0
Oi0007055,Ord003532,Prod00276,10.0,0
Oi0007056,Ord003533,Prod00292,5.0,0
Oi0007057,Ord003534,Prod00018,4.0,0
Oi0007058,Ord003534,Prod00553,1.0,15
Oi0007059,Ord003534,Prod00054,4.0,15
Oi0007060,Ord003534,Prod00542,3.0,0
Oi0007061,Ord003535,Prod00055,5.0,25
Oi0007062,Ord003536,Prod00485,10.0,0
Oi0007065,Ord003537,Prod00149,1.0,20
Oi0007066,Ord003538,Prod00031,4.0,0
Oi0007068,Ord003539,Prod00132,10.0,5
Oi0007069,Ord003540,Prod00316,2.0,25
Oi0007070,Ord003540,Prod00371,10.0,5
Oi0007073,Ord003541,Prod00557,1.0,5
Oi0007074,Ord003541,Prod00003,4.0,20
Oi0007075,Ord003542,Prod00103,4.0,25
Oi0007076,Ord003542,Prod00048,10.0,5
Oi0007077,Ord003543,Prod00194,10.0,0
Oi0007078,Ord003543,Prod00211,2.0,0
Oi0007079,Ord003543,Prod00014,1.0,0
Oi0007080,Ord003544,Prod00305,1.0,15
Oi0007083,Ord003546,Prod00404,1.0,15
Oi0007084,Ord003546,Prod00177,5.0,10
Oi0007085,Ord003546,Prod00541,1.0,5
Oi0007086,Ord003547,Prod00226,4.0,5
Oi0007087,Ord003547,Prod00206,2.0,0
Oi0007088,Ord003548,Prod00055,1.0,15
Oi0007089,Ord003548,Prod00267,5.0,0
Oi0007090,Ord003549,Prod00588,4.0,15
Oi0007091,Ord003549,Prod00512,1.0,15
Oi0007092,Ord003550,Prod00490,5.0,0
Oi0007093,Ord003551,Prod00108,2.0,10
Oi0007094,Ord003552,Prod00586,1.0,0
Oi0007095,Ord003552,Prod00518,10.0,25
Oi0007096,Ord003552,Prod00114,10.0,0
Oi0007097,Ord003552,Prod00153,10.0,0
Oi0007098,Ord003553,Prod00592,10.0,25
Oi0007099,Ord003553,Prod00076,3.0,15
Oi0007100,Ord003553,Prod00273,4.0,0
Oi0007101,Ord003553,Prod00089,3.0,0
Oi0007102,Ord003554,Prod00210,2.0,0
Oi0007103,Ord003555,Prod00056,1.0,15
Oi0007104,Ord003556,Prod00011,4.0,10
Oi0007105,Ord003557,Prod00306,2.0,5
Oi0007106,Ord003558,Prod00148,4.0,0
Oi0007107,Ord003558,Prod00382,5.0,25
Oi0007108,Ord003559,Prod00334,5.0,5
Oi0007109,Ord003559,Prod00205,2.0,0
Oi0007110,Ord003560,Prod00401,1.0,5
Oi0007111,Ord003561,Prod00094,2.0,0
Oi0007112,Ord003561,Prod00326,3.0,10
Oi0007114,Ord003563,Prod00236,1.0,0
Oi0007115,Ord003563,Prod00260,1.0,5
Oi0007116,Ord003564,Prod00586,10.0,0
Oi0007117,Ord003565,Prod00540,1.0,25
Oi0007118,Ord003565,Prod00484,1.0,0
Oi0007119,Ord003566,Prod00523,2.0,10
Oi0007120,Ord003567,Prod00116,5.0,0
Oi0007121,Ord003567,Prod00219,2.0,0
Oi0007122,Ord003567,Prod00261,4.0,5
Oi0007123,Ord003568,Prod00306,4.0,10
Oi0007124,Ord003569,Prod00142,10.0,15
Oi0007125,Ord003569,Prod00412,4.0,0
Oi0007126,Ord003569,Prod00391,1.0,20
Oi0007127,Ord003569,Prod00567,1.0,0
Oi0007129,Ord003571,Prod00298,2.0,0
Oi0007130,Ord003572,Prod00370,3.0,0
Oi0007131,Ord003572,Prod00084,5.0,0
Oi0007132,Ord003572,Prod00579,2.0,10
Oi0007133,Ord003573,Prod00193,4.0,10
Oi0007135,Ord003575,Prod00188,3.0,25
Oi0007136,Ord003575,Prod00467,1.0,10
Oi0007137,Ord003575,Prod00032,2.0,0
Oi0007138,Ord003576,Prod00155,4.0,15
Oi0007140,Ord003578,Prod00465,1.0,0
Oi0007141,Ord003579,Prod00108,4.0,0
Oi0007142,Ord003579,Prod00170,2.0,20
Oi0007143,Ord003580,Prod00182,1.0,15
Oi0007144,Ord003580,Prod00502,2.0,0
Oi0007145,Ord003581,Prod00522,4.0,0
Oi0007146,Ord003582,Prod00217,2.0,20
Oi0007148,Ord003583,Prod00491,10.0,10
Oi0007149,Ord003584,Prod00378,10.0,20
Oi0007150,Ord003584,Prod00151,3.0,0
Oi0007151,Ord003584,Prod00397,1.0,0
Oi0007152,Ord003584,Prod00518,2.0,10
Oi0007153,Ord003585,Prod00201,1.0,15
Oi0007154,Ord003586,Prod00408,2.0,0
Oi0007155,Ord003586,Prod00435,1.0,25
Oi0007156,Ord003587,Prod00135,1.0,20
Oi0007157,Ord003588,Prod00201,1.0,15
Oi0007158,Ord003588,Prod00278,1.0,5
Oi0007159,Ord003588,Prod00443,3.0,5
Oi0007160,Ord003589,Prod00204,10.0,5
Oi0007161,Ord003590,Prod00063,5.0,0
Oi0007162,Ord003591,Prod00390,1.0,20
Oi0007163,Ord003591,Prod00561,4.0,5
Oi0007165,Ord003592,Prod00380,2.0,10
Oi0007166,Ord003593,Prod00519,10.0,0
Oi0007167,Ord003593,Prod00047,1.0,0
Oi0007168,Ord003593,Prod00327,2.0,15
Oi0007169,Ord003593,Prod00482,3.0,0
Oi0007170,Ord003594,Prod00472,4.0,5
Oi0007171,Ord003594,Prod00562,4.0,15
Oi0007172,Ord003595,Prod00551,3.0,0
Oi0007174,Ord003595,Prod00080,1.0,0
Oi0007175,Ord003595,Prod00586,1.0,0
Oi0007176,Ord003596,Prod00359,1.0,5
Oi0007177,Ord003596,Prod00364,2.0,25
Oi0007178,Ord003596,Prod00043,3.0,0
Oi0007179,Ord003596,Prod00311,1.0,20
Oi0007180,Ord003597,Prod00298,3.0,25
Oi0007181,Ord003597,Prod00189,2.0,10
Oi0007184,Ord003600,Prod00297,3.0,15
Oi0007186,Ord003601,Prod00324,2.0,0
Oi0007187,Ord003602,Prod00127,2.0,15
Oi0007188,Ord003603,Prod00586,1.0,0
Oi0007189,Ord003603,Prod00038,1.0,25
Oi0007191,Ord003604,Prod00096,1.0,5
Oi0007193,Ord003604,Prod00122,10.0,10
Oi0007194,Ord003605,Prod00085,10.0,25
Oi0007195,Ord003606,Prod00562,2.0,5
Oi0007196,Ord003606,Prod00002,1.0,10
Oi0007198,Ord003606,Prod00349,5.0,20
Oi0007199,Ord003607,Prod00090,1.0,0
Oi0007200,Ord003608,Prod00254,3.0,20
Oi0007201,Ord003608,Prod00026,10.0,25
Oi0007202,Ord003609,Prod00425,1.0,15
Oi0007203,Ord003609,Prod00468,1.0,20
Oi0007204,Ord003609,Prod00457,1.0,0
Oi0007205,Ord003609,Prod00600,4.0,10
Oi0007206,Ord003610,Prod00017,5.0,0
Oi0007207,Ord003610,Prod00290,1.0,0
Oi0007208,Ord003610,Prod00500,3.0,5
Oi0007210,Ord003611,Prod00511,2.0,20
Oi0007211,Ord003612,Prod00505,4.0,0
Oi0007212,Ord003613,Prod00398,1.0,0
Oi0007213,Ord003614,Prod00549,4.0,25
Oi0007214,Ord003614,Prod00582,1.0,15
Oi0007215,Ord003614,Prod00435,1.0,0
Oi0007216,Ord003615,Prod00236,1.0,5
Oi0007217,Ord003616,Prod00461,4.0,0
Oi0007218,Ord003617,Prod00298,1.0,10
Oi0007219,Ord003617,Prod00311,1.0,20
Oi0007221,Ord003617,Prod00473,1.0,0
Oi0007222,Ord003618,Prod00597,2.0,0
Oi0007223,Ord003618,Prod00499,2.0,20
Oi0007224,Ord003619,Prod00184,1.0,20
Oi0007225,Ord003620,Prod00519,4.0,20
Oi0007226,Ord003620,Prod00528,1.0,20
Oi0007227,Ord003621,Prod00335,2.0,15
Oi0007228,Ord003621,Prod00393,4.0,15
Oi0007229,Ord003621,Prod00324,3.0,10
Oi0007230,Ord003622,Prod00516,4.0,10
Oi0007231,Ord003622,Prod00467,4.0,20
Oi0007232,Ord003622,Prod00027,4.0,5
Oi0007233,Ord003623,Prod00586,1.0,25
Oi0007235,Ord003625,Prod00254,3.0,25
Oi0007236,Ord003625,Prod00086,5.0,5
Oi0007237,Ord003626,Prod00149,3.0,5
Oi0007238,Ord003626,Prod00369,3.0,5
Oi0007239,Ord003627,Prod00433,3.0,15
Oi0007240,Ord003627,Prod00073,5.0,0
Oi0007241,Ord003628,Prod00256,5.0,0
Oi0007244,Ord003628,Prod00146,1.0,25
Oi0007246,Ord003630,Prod00343,5.0,20
Oi0007247,Ord003630,Prod00225,4.0,10
Oi0007248,Ord003631,Prod00068,2.0,10
Oi0007249,Ord003632,Prod00474,2.0,5
Oi0007250,Ord003633,Prod00569,4.0,0
Oi0007251,Ord003633,Prod00291,4.0,15
Oi0007252,Ord003634,Prod00236,1.0,15
Oi0007254,Ord003635,Prod00191,2.0,15
Oi0007255,Ord003635,Prod00232,4.0,0
Oi0007256,Ord003636,Prod00029,2.0,0
Oi0007257,Ord003636,Prod00146,4.0,15
Oi0007258,Ord003636,Prod00410,10.0,0
Oi0007259,Ord003636,Prod00067,2.0,0
Oi0007261,Ord003637,Prod00593,2.0,0
Oi0007262,Ord003638,Prod00125,4.0,25
Oi0007263,Ord003639,Prod00115,2.0,0
Oi0007264,Ord003639,Prod00122,3.0,0
Oi0007265,Ord003639,Prod00546,4.0,5
Oi0007266,Ord003640,Prod00367,2.0,10
Oi0007267,Ord003641,Prod00512,1.0,0
Oi0007268,Ord003641,Prod00117,3.0,0
Oi0007269,Ord003642,Prod00038,2.0,0
Oi0007270,Ord003643,Prod00344,3.0,10
Oi0007271,Ord003644,Prod00424,5.0,0
Oi0007272,Ord003645,Prod00149,3.0,15
Oi0007273,Ord003645,Prod00146,1.0,0
Oi0007274,Ord003646,Prod00201,2.0,0
Oi0007275,Ord003647,Prod00284,2.0,20
Oi0007276,Ord003648,Prod00058,2.0,25
Oi0007277,Ord003649,Prod00392,1.0,15
Oi0007278,Ord003650,Prod00512,2.0,25
Oi0007279,Ord003650,Prod00529,5.0,15
Oi0007280,Ord003651,Prod00541,1.0,15
Oi0007281,Ord003651,Prod00066,5.0,0
Oi0007282,Ord003652,Prod00306,1.0,15
Oi0007285,Ord003654,Prod00020,1.0,0
Oi0007286,Ord003654,Prod00226,5.0,0
Oi0007287,Ord003654,Prod00506,2.0,15
Oi0007289,Ord003655,Prod00153,1.0,5
Oi0007290,Ord003656,Prod00153,10.0,5
Oi0007291,Ord003656,Prod00123,500.0,20
Oi0007294,Ord003657,Prod00100,4.0,0
Oi0007295,Ord003658,Prod00582,1.0,0
Oi0007296,Ord003659,Prod00498,1.0,0
Oi0007297,Ord003659,Prod00302,3.0,0
Oi0007298,Ord003659,Prod00334,3.0,20
Oi0007299,Ord003659,Prod00367,2.0,0
Oi0007300,Ord003660,Prod00389,10.0,5
Oi0007301,Ord003660,Prod00072,4.0,20
Oi0007302,Ord003660,Prod00156,5.0,0
Oi0007305,Ord003662,Prod00436,2.0,20
Oi0007307,Ord003662,Prod00488,1.0,0
Oi0007308,Ord003663,Prod00075,4.0,25
Oi0007309,Ord003664,Prod00118,10.0,5
Oi0007311,Ord003665,Prod00552,1.0,0
Oi0007312,Ord003666,Prod00208,2.0,25
Oi0007313,Ord003666,Prod00582,1.0,0
Oi0007314,Ord003666,Prod00371,3.0,10
Oi0007316,Ord003667,Prod00045,10.0,0
Oi0007317,Ord003668,Prod00589,5.0,0
Oi0007318,Ord003668,Prod00224,1.0,15
Oi0007319,Ord003668,Prod00445,2.0,0
Oi0007320,Ord003669,Prod00032,1.0,15
Oi0007321,Ord003670,Prod00221,1.0,10
Oi0007322,Ord003671,Prod00134,1.0,10
Oi0007323,Ord003671,Prod00172,2.0,0
Oi0007324,Ord003672,Prod00521,5.0,25
Oi0007325,Ord003672,Prod00378,1.0,10
Oi0007326,Ord003672,Prod00099,500.0,0
Oi0007327,Ord003673,Prod00011,5.0,0
Oi0007328,Ord003673,Prod00005,1.0,25
Oi0007329,Ord003673,Prod00383,5.0,25
Oi0007330,Ord003673,Prod00484,1.0,10
Oi0007331,Ord003674,Prod00163,4.0,10
Oi0007332,Ord003674,Prod00307,1.0,5
Oi0007333,Ord003674,Prod00580,2.0,15
Oi0007334,Ord003674,Prod00494,10.0,10
Oi0007335,Ord003675,Prod00159,500.0,10
Oi0007336,Ord003675,Prod00331,1.0,5
Oi0007337,Ord003675,Prod00113,5.0,0
Oi0007338,Ord003675,Prod00061,10.0,5
Oi0007340,Ord003676,Prod00371,1.0,10
Oi0007341,Ord003677,Prod00181,1.0,0
Oi0007342,Ord003678,Prod00050,2.0,15
Oi0007343,Ord003679,Prod00536,10.0,10
Oi0007344,Ord003679,Prod00275,3.0,0
Oi0007345,Ord003680,Prod00563,3.0,10
Oi0007346,Ord003680,Prod00392,5.0,0
Oi0007347,Ord003681,Prod00089,2.0,0
Oi0007348,Ord003682,Prod00049,1.0,25
Oi0007349,Ord003683,Prod00399,4.0,5
Oi0007350,Ord003684,Prod00450,1.0,0
Oi0007351,Ord003685,Prod00447,1.0,0
Oi0007352,Ord003686,Prod00320,1.0,0
Oi0007354,Ord003687,Prod00419,10.0,25
Oi0007355,Ord003688,Prod00181,2.0,25
Oi0007356,Ord003689,Prod00196,1.0,0
Oi0007357,Ord003690,Prod00074,1.0,0
Oi0007358,Ord003690,Prod00328,1.0,0
Oi0007359,Ord003691,Prod00064,3.0,25
Oi0007360,Ord003691,Prod00001,5.0,15
Oi0007362,Ord003691,Prod00563,1.0,0
Oi0007363,Ord003692,Prod00412,3.0,25
Oi0007364,Ord003692,Prod00309,1.0,5
Oi0007365,Ord003692,Prod00064,1.0,0
Oi0007366,Ord003693,Prod00549,3.0,20
Oi0007367,Ord003694,Prod00276,500.0,0
Oi0007369,Ord003695,Prod00328,1.0,0
Oi0007370,Ord003696,Prod00124,2.0,0
Oi0007371,Ord003697,Prod00036,5.0,20
Oi0007372,Ord003698,Prod00082,1.0,0
Oi0007373,Ord003698,Prod00036,10.0,20
Oi0007374,Ord003698,Prod00290,10.0,0
Oi0007375,Ord003698,Prod00436,1.0,25
Oi0007376,Ord003699,Prod00151,1.0,0
Oi0007378,Ord003700,Prod00316,10.0,10
Oi0007379,Ord003701,Prod00015,4.0,25
Oi0007380,Ord003702,Prod00527,1.0,25
Oi0007381,Ord003702,Prod00229,2.0,20
Oi0007382,Ord003703,Prod00486,1.0,0
Oi0007383,Ord003704,Prod00119,2.0,20
Oi0007384,Ord003705,Prod00269,2.0,0
Oi0007385,Ord003706,Prod00323,5.0,0
Oi0007386,Ord003706,Prod00283,5.0,20
Oi0007387,Ord003706,Prod00336,1.0,5
Oi0007388,Ord003707,Prod00574,2.0,5
Oi0007389,Ord003707,Prod00433,1.0,20
Oi0007390,Ord003707,Prod00123,4.0,20
Oi0007391,Ord003707,Prod00253,1.0,0
Oi0007392,Ord003708,Prod00064,10.0,0
Oi0007394,Ord003709,Prod00556,1.0,0
Oi0007395,Ord003710,Prod00204,10.0,10
Oi0007396,Ord003710,Prod00248,1.0,5
Oi0007397,Ord003711,Prod00388,10.0,10
Oi0007398,Ord003711,Prod00557,10.0,5
Oi0007399,Ord003712,Prod00023,1.0,20
Oi0007401,Ord003712,Prod00262,10.0,15
Oi0007402,Ord003712,Prod00328,2.0,15
Oi0007403,Ord003713,Prod00524,2.0,5
Oi0007404,Ord003713,Prod00548,2.0,0
Oi0007405,Ord003714,Prod00429,1.0,5
Oi0007406,Ord003714,Prod00339,1.0,20
Oi0007407,Ord003715,Prod00019,5.0,10
Oi0007408,Ord003716,Prod00185,2.0,20
Oi0007409,Ord003717,Prod00273,5.0,10
Oi0007410,Ord003717,Prod00294,10.0,20
Oi0007411,Ord003718,Prod00220,5.0,0
Oi0007412,Ord003718,Prod00251,3.0,10
Oi0007413,Ord003718,Prod00382,3.0,0
Oi0007414,Ord003718,Prod00213,3.0,20
Oi0007415,Ord003719,Prod00289,3.0,10
Oi0007416,Ord003720,Prod00222,2.0,5
Oi0007418,Ord003721,Prod00532,2.0,10
Oi0007419,Ord003721,Prod00588,3.0,5
Oi0007420,Ord003722,Prod00483,2.0,20
Oi0007421,Ord003722,Prod00202,2.0,0
Oi0007422,Ord003722,Prod00196,4.0,20
Oi0007423,Ord003723,Prod00306,2.0,0
Oi0007424,Ord003724,Prod00526,5.0,0
Oi0007425,Ord003724,Prod00177,2.0,10
Oi0007426,Ord003725,Prod00049,1.0,20
Oi0007427,Ord003726,Prod00193,4.0,0
Oi0007428,Ord003726,Prod00106,10.0,0
Oi0007429,Ord003727,Prod00165,2.0,5
Oi0007430,Ord003728,Prod00261,3.0,0
Oi0007431,Ord003728,Prod00573,1.0,25
Oi0007432,Ord003729,Prod00336,5.0,25
Oi0007433,Ord003730,Prod00512,2.0,0
Oi0007434,Ord003731,Prod00437,2.0,15
Oi0007435,Ord003732,Prod00040,2.0,5
Oi0007436,Ord003733,Prod00063,2.0,25
Oi0007437,Ord003734,Prod00068,4.0,10
Oi0007438,Ord003735,Prod00066,1.0,15
Oi0007439,Ord003735,Prod00009,2.0,15
Oi0007440,Ord003736,Prod00061,1.0,0
Oi0007441,Ord003736,Prod00064,3.0,5
Oi0007442,Ord003736,Prod00374,5.0,10
Oi0007443,Ord003737,Prod00146,5.0,0
Oi0007444,Ord003738,Prod00398,3.0,25
Oi0007445,Ord003738,Prod00203,1.0,0
Oi0007446,Ord003738,Prod00072,1.0,0
Oi0007447,Ord003738,Prod00486,2.0,15
Oi0007448,Ord003739,Prod00486,4.0,25
Oi0007449,Ord003739,Prod00481,1.0,0
Oi0007451,Ord003740,Prod00104,2.0,5
Oi0007452,Ord003740,Prod00409,4.0,0
Oi0007453,Ord003741,Prod00064,1.0,25
Oi0007454,Ord003741,Prod00590,4.0,0
Oi0007455,Ord003741,Prod00142,2.0,20
Oi0007456,Ord003741,Prod00217,1.0,20
Oi0007457,Ord003742,Prod00262,4.0,20
Oi0007458,Ord003742,Prod00041,1.0,25
Oi0007460,Ord003742,Prod00192,2.0,5
Oi0007462,Ord003743,Prod00348,2.0,0
Oi0007464,Ord003743,Prod00228,2.0,15
Oi0007465,Ord003744,Prod00168,1.0,15
Oi0007466,Ord003745,Prod00499,10.0,25
Oi0007469,Ord003747,Prod00551,2.0,20
Oi0007470,Ord003748,Prod00072,1.0,20
Oi0007471,Ord003748,Prod00133,1.0,0
Oi0007474,Ord003749,Prod00454,5.0,10
Oi0007475,Ord003750,Prod00386,5.0,25
Oi0007476,Ord003750,Prod00303,10.0,0
Oi0007478,Ord003751,Prod00503,5.0,0
Oi0007479,Ord003751,Prod00141,4.0,20
Oi0007480,Ord003751,Prod00524,4.0,25
Oi0007481,Ord003752,Prod00437,2.0,25
Oi0007483,Ord003753,Prod00504,10.0,0
Oi0007484,Ord003754,Prod00108,2.0,0
Oi0007485,Ord003755,Prod00534,1.0,20
Oi0007487,Ord003756,Prod00151,2.0,5
Oi0007488,Ord003757,Prod00429,3.0,25
Oi0007489,Ord003758,Prod00097,2.0,0
Oi0007490,Ord003759,Prod00491,2.0,25
Oi0007491,Ord003759,Prod00407,5.0,20
Oi0007492,Ord003759,Prod00015,1.0,15
Oi0007493,Ord003760,Prod00110,2.0,25
Oi0007494,Ord003760,Prod00376,1.0,0
Oi0007495,Ord003760,Prod00392,4.0,0
Oi0007496,Ord003760,Prod00040,2.0,0
Oi0007498,Ord003762,Prod00020,2.0,0
Oi0007499,Ord003762,Prod00063,5.0,0
Oi0007500,Ord003762,Prod00281,1.0,15
Oi0007501,Ord003763,Prod00174,3.0,0
Oi0007502,Ord003763,Prod00406,10.0,5
Oi0007503,Ord003764,Prod00336,1.0,10
Oi0007504,Ord003765,Prod00393,3.0,15
Oi0007505,Ord003766,Prod00147,3.0,0
Oi0007506,Ord003767,Prod00245,4.0,0
Oi0007507,Ord003767,Prod00265,4.0,10
Oi0007508,Ord003767,Prod00441,4.0,0
Oi0007511,Ord003769,Prod00162,3.0,10
Oi0007512,Ord003769,Prod00114,2.0,20
Oi0007513,Ord003770,Prod00401,2.0,0
Oi0007514,Ord003771,Prod00462,2.0,20
Oi0007515,Ord003772,Prod00034,2.0,10
Oi0007516,Ord003773,Prod00082,10.0,10
Oi0007517,Ord003773,Prod00475,2.0,25
Oi0007518,Ord003773,Prod00375,3.0,25
Oi0007519,Ord003773,Prod00380,4.0,10
Oi0007520,Ord003774,Prod00341,1.0,10
Oi0007521,Ord003775,Prod00244,5.0,10
Oi0007522,Ord003775,Prod00459,3.0,20
Oi0007523,Ord003775,Prod00123,1.0,0
Oi0007524,Ord003776,Prod00301,1.0,20
Oi0007525,Ord003776,Prod00069,1.0,25
Oi0007526,Ord003776,Prod00199,5.0,25
Oi0007527,Ord003776,Prod00171,2.0,20
Oi0007528,Ord003777,Prod00274,10.0,20
Oi0007529,Ord003778,Prod00510,1.0,20
Oi0007530,Ord003779,Prod00320,1.0,10
Oi0007531,Ord003779,Prod00530,1.0,0
Oi0007532,Ord003780,Prod00498,1.0,20
Oi0007533,Ord003781,Prod00452,2.0,0
Oi0007535,Ord003782,Prod00028,10.0,25
Oi0007536,Ord003783,Prod00379,2.0,0
Oi0007537,Ord003784,Prod00023,2.0,0
Oi0007538,Ord003785,Prod00090,1.0,0
Oi0007539,Ord003786,Prod00201,5.0,0
Oi0007540,Ord003786,Prod00376,4.0,0
Oi0007541,Ord003786,Prod00563,2.0,10
Oi0007542,Ord003786,Prod00095,1.0,0
Oi0007545,Ord003788,Prod00252,5.0,20
Oi0007546,Ord003788,Prod00209,1.0,10
Oi0007547,Ord003788,Prod00147,10.0,5
Oi0007549,Ord003789,Prod00277,1.0,0
Oi0007550,Ord003789,Prod00514,4.0,0
Oi0007552,Ord003789,Prod00054,3.0,15
Oi0007553,Ord003790,Prod00073,5.0,0
Oi0007554,Ord003790,Prod00003,1.0,25
Oi0007555,Ord003791,Prod00212,3.0,0
Oi0007556,Ord003792,Prod00173,3.0,20
Oi0007557,Ord003792,Prod00486,1.0,0
Oi0007558,Ord003793,Prod00076,10.0,0
Oi0007559,Ord003793,Prod00395,10.0,5
Oi0007560,Ord003793,Prod00200,1.0,25
Oi0007562,Ord003794,Prod00042,3.0,0
Oi0007563,Ord003795,Prod00027,2.0,0
Oi0007564,Ord003796,Prod00234,1.0,0
Oi0007565,Ord003796,Prod00339,1.0,20
Oi0007566,Ord003796,Prod00534,10.0,0
Oi0007568,Ord003797,Prod00043,1.0,0
Oi0007569,Ord003798,Prod00539,5.0,0
Oi0007570,Ord003799,Prod00548,1.0,20
Oi0007571,Ord003800,Prod00262,1.0,25
Oi0007572,Ord003800,Prod00182,3.0,25
Oi0007573,Ord003800,Prod00238,2.0,0
Oi0007575,Ord003801,Prod00440,4.0,0
Oi0007576,Ord003801,Prod00321,4.0,10
Oi0007579,Ord003802,Prod00060,5.0,0
Oi0007581,Ord003803,Prod00469,4.0,5
Oi0007582,Ord003803,Prod00252,10.0,10
Oi0007583,Ord003803,Prod00159,10.0,0
Oi0007584,Ord003804,Prod00261,10.0,0
Oi0007586,Ord003805,Prod00263,3.0,10
Oi0007587,Ord003805,Prod00524,2.0,25
Oi0007588,Ord003805,Prod00305,2.0,25
Oi0007590,Ord003806,Prod00255,1.0,25
Oi0007591,Ord003807,Prod00293,1.0,15
Oi0007592,Ord003808,Prod00501,5.0,20
Oi0007593,Ord003809,Prod00372,1.0,15
Oi0007594,Ord003809,Prod00585,1.0,5
Oi0007596,Ord003811,Prod00428,500.0,20
Oi0007597,Ord003811,Prod00105,1.0,5
Oi0007598,Ord003812,Prod00258,3.0,5
Oi0007599,Ord003812,Prod00345,10.0,20
Oi0007600,Ord003813,Prod00192,10.0,20
Oi0007601,Ord003814,Prod00442,2.0,15
Oi0007602,Ord003815,Prod00294,2.0,0
Oi0007603,Ord003815,Prod00278,1.0,5
Oi0007604,Ord003815,Prod00346,5.0,10
Oi0007605,Ord003816,Prod00269,1.0,20
Oi0007606,Ord003817,Prod00056,5.0,25
Oi0007607,Ord003817,Prod00533,1.0,10
Oi0007608,Ord003817,Prod00597,1.0,10
Oi0007609,Ord003818,Prod00385,1.0,15
Oi0007610,Ord003818,Prod00107,4.0,0
Oi0007611,Ord003819,Prod00256,1.0,15
Oi0007614,Ord003820,Prod00135,3.0,0
Oi0007615,Ord003820,Prod00511,1.0,10
Oi0007616,Ord003820,Prod00385,2.0,0
Oi0007617,Ord003821,Prod00304,4.0,0
Oi0007618,Ord003822,Prod00171,10.0,10
Oi0007619,Ord003822,Prod00491,2.0,5
Oi0007621,Ord003823,Prod00040,1.0,15
Oi0007622,Ord003823,Prod00159,4.0,15
Oi0007624,Ord003824,Prod00540,2.0,25
Oi0007626,Ord003824,Prod00517,2.0,0
Oi0007627,Ord003824,Prod00177,1.0,10
Oi0007631,Ord003826,Prod00293,2.0,0
Oi0007632,Ord003827,Prod00307,2.0,10
Oi0007633,Ord003828,Prod00080,1.0,0
Oi0007634,Ord003829,Prod00374,1.0,20
Oi0007637,Ord003830,Prod00196,1.0,0
Oi0007638,Ord003830,Prod00025,5.0,25
Oi0007639,Ord003831,Prod00401,1.0,10
Oi0007640,Ord003832,Prod00342,1.0,20
Oi0007641,Ord003833,Prod00594,4.0,0
Oi0007642,Ord003833,Prod00061,5.0,10
Oi0007644,Ord003835,Prod00334,10.0,20
Oi0007645,Ord003835,Prod00374,1.0,25
Oi0007646,Ord003835,Prod00122,10.0,5
Oi0007647,Ord003835,Prod00144,1.0,15
Oi0007648,Ord003836,Prod00333,5.0,10
Oi0007649,Ord003836,Prod00452,2.0,25
Oi0007650,Ord003836,Prod00055,10.0,0
Oi0007651,Ord003836,Prod00594,5.0,15
Oi0007652,Ord003837,Prod00376,1.0,0
Oi0007654,Ord003838,Prod00259,1.0,25
Oi0007655,Ord003839,Prod00447,1.0,25
Oi0007657,Ord003841,Prod00455,1.0,25
Oi0007658,Ord003841,Prod00111,2.0,25
Oi0007659,Ord003841,Prod00331,4.0,0
Oi0007660,Ord003842,Prod00376,1.0,0
Oi0007661,Ord003842,Prod00094,3.0,25
Oi0007662,Ord003843,Prod00100,1.0,10
Oi0007663,Ord003844,Prod00174,3.0,25
Oi0007664,Ord003845,Prod00574,5.0,10
Oi0007665,Ord003845,Prod00027,5.0,0
Oi0007667,Ord003847,Prod00520,10.0,0
Oi0007668,Ord003847,Prod00554,2.0,0
Oi0007669,Ord003847,Prod00338,2.0,0
Oi0007670,Ord003847,Prod00348,2.0,0
Oi0007672,Ord003848,Prod00525,5.0,0
Oi0007673,Ord003849,Prod00424,1.0,15
Oi0007674,Ord003849,Prod00182,1.0,15
Oi0007675,Ord003849,Prod00312,10.0,15
Oi0007676,Ord003850,Prod00523,3.0,25
Oi0007677,Ord003850,Prod00489,4.0,10
Oi0007678,Ord003850,Prod00143,1.0,0
Oi0007679,Ord003850,Prod00071,10.0,25
Oi0007680,Ord003851,Prod00255,3.0,10
Oi0007681,Ord003851,Prod00364,1.0,20
Oi0007682,Ord003851,Prod00096,2.0,0
Oi0007684,Ord003852,Prod00214,2.0,0
Oi0007685,Ord003853,Prod00230,2.0,0
Oi0007686,Ord003854,Prod00028,1.0,25
Oi0007687,Ord003854,Prod00157,10.0,0
Oi0007689,Ord003855,Prod00315,1.0,25
Oi0007690,Ord003856,Prod00060,10.0,20
Oi0007691,Ord003856,Prod00015,1.0,25
Oi0007692,Ord003856,Prod00174,1.0,20
Oi0007695,Ord003857,Prod00590,1.0,5
Oi0007696,Ord003857,Prod00550,4.0,10
Oi0007697,Ord003858,Prod00468,1.0,0
Oi0007698,Ord003859,Prod00029,3.0,15
Oi0007699,Ord003859,Prod00077,1.0,0
Oi0007701,Ord003861,Prod00021,1.0,25
Oi0007702,Ord003862,Prod00073,4.0,0
Oi0007703,Ord003863,Prod00006,2.0,15
Oi0007704,Ord003863,Prod00430,4.0,10
Oi0007705,Ord003864,Prod00392,3.0,0
Oi0007706,Ord003864,Prod00339,1.0,0
Oi0007707,Ord003865,Prod00006,3.0,0
Oi0007708,Ord003866,Prod00036,3.0,20
Oi0007709,Ord003866,Prod00435,2.0,0
Oi0007710,Ord003866,Prod00527,10.0,25
Oi0007711,Ord003867,Prod00102,1.0,10
Oi0007713,Ord003868,Prod00276,2.0,0
Oi0007714,Ord003868,Prod00053,1.0,25
Oi0007715,Ord003869,Prod00450,1.0,0
Oi0007716,Ord003870,Prod00429,4.0,25
Oi0007717,Ord003871,Prod00529,2.0,0
Oi0007718,Ord003872,Prod00097,3.0,5
Oi0007719,Ord003872,Prod00173,1.0,0
Oi0007720,Ord003873,Prod00466,5.0,15
Oi0007721,Ord003873,Prod00571,2.0,25
Oi0007722,Ord003874,Prod00537,2.0,0
Oi0007723,Ord003874,Prod00024,10.0,10
Oi0007724,Ord003875,Prod00591,5.0,25
Oi0007726,Ord003876,Prod00448,2.0,0
Oi0007727,Ord003877,Prod00282,10.0,0
Oi0007728,Ord003877,Prod00319,10.0,0
Oi0007729,Ord003877,Prod00270,4.0,0
Oi0007730,Ord003877,Prod00394,2.0,25
Oi0007732,Ord003878,Prod00353,10.0,20
Oi0007733,Ord003878,Prod00228,2.0,0
Oi0007734,Ord003878,Prod00278,1.0,0
Oi0007736,Ord003879,Prod00373,10.0,5
Oi0007737,Ord003879,Prod00191,5.0,20
Oi0007738,Ord003880,Prod00194,10.0,5
Oi0007739,Ord003881,Prod00501,1.0,5
Oi0007740,Ord003882,Prod00315,1.0,0
Oi0007741,Ord003883,Prod00568,5.0,5
Oi0007742,Ord003883,Prod00499,2.0,0
Oi0007743,Ord003883,Prod00376,3.0,5
Oi0007744,Ord003883,Prod00542,1.0,10
Oi0007745,Ord003884,Prod00090,1.0,10
Oi0007746,Ord003884,Prod00074,3.0,15
Oi0007747,Ord003884,Prod00347,2.0,0
Oi0007748,Ord003884,Prod00383,10.0,5
Oi0007749,Ord003885,Prod00184,2.0,0
Oi0007752,Ord003886,Prod00572,1.0,0
Oi0007753,Ord003886,Prod00403,1.0,15
Oi0007754,Ord003886,Prod00273,1.0,5
Oi0007755,Ord003887,Prod00039,2.0,25
Oi0007756,Ord003887,Prod00310,2.0,0
Oi0007757,Ord003888,Prod00147,1.0,0
Oi0007758,Ord003889,Prod00017,5.0,5
Oi0007759,Ord003890,Prod00007,10.0,20
Oi0007761,Ord003891,Prod00469,2.0,5
Oi0007762,Ord003892,Prod00032,3.0,15
Oi0007763,Ord003892,Prod00411,3.0,0
Oi0007764,Ord003892,Prod00572,1.0,0
Oi0007765,Ord003892,Prod00278,10.0,25
Oi0007766,Ord003893,Prod00545,1.0,25
Oi0007767,Ord003893,Prod00496,10.0,10
Oi0007768,Ord003894,Prod00590,5.0,0
Oi0007769,Ord003894,Prod00006,5.0,0
Oi0007770,Ord003895,Prod00170,3.0,0
Oi0007771,Ord003895,Prod00463,1.0,0
Oi0007772,Ord003896,Prod00075,4.0,25
Oi0007773,Ord003896,Prod00481,3.0,25
Oi0007774,Ord003897,Prod00128,2.0,0
Oi0007775,Ord003898,Prod00149,10.0,10
Oi0007777,Ord003898,Prod00033,1.0,10
Oi0007778,Ord003899,Prod00598,2.0,20
Oi0007779,Ord003900,Prod00195,5.0,20
Oi0007780,Ord003901,Prod00240,10.0,5
Oi0007782,Ord003902,Prod00009,10.0,5
Oi0007783,Ord003902,Prod00345,3.0,5
Oi0007784,Ord003902,Prod00474,1.0,0
Oi0007785,Ord003903,Prod00236,2.0,25
Oi0007786,Ord003903,Prod00008,2.0,0
Oi0007787,Ord003904,Prod00008,1.0,25
Oi0007788,Ord003905,Prod00297,3.0,10
Oi0007789,Ord003905,Prod00210,2.0,20
Oi0007790,Ord003905,Prod00522,10.0,10
Oi0007791,Ord003905,Prod00476,1.0,5
Oi0007792,Ord003906,Prod00432,3.0,20
Oi0007793,Ord003907,Prod00013,3.0,0
Oi0007794,Ord003907,Prod00194,1.0,5
Oi0007795,Ord003907,Prod00124,1.0,0
Oi0007797,Ord003908,Prod00215,2.0,25
Oi0007798,Ord003909,Prod00389,1.0,25
Oi0007799,Ord003909,Prod00029,2.0,0
Oi0007800,Ord003910,Prod00202,1.0,0
Oi0007801,Ord003910,Prod00454,5.0,25
Oi0007802,Ord003911,Prod00396,5.0,15
Oi0007803,Ord003912,Prod00164,2.0,0
Oi0007804,Ord003913,Prod00537,2.0,20
Oi0007805,Ord003913,Prod00477,10.0,15
Oi0007806,Ord003913,Prod00017,1.0,10
Oi0007807,Ord003913,Prod00331,500.0,0
Oi0007808,Ord003914,Prod00352,4.0,5
Oi0007809,Ord003914,Prod00420,1.0,20
Oi0007810,Ord003915,Prod00594,4.0,25
Oi0007811,Ord003916,Prod00216,3.0,15
Oi0007813,Ord003916,Prod00162,3.0,0
Oi0007814,Ord003917,Prod00078,10.0,25
Oi0007815,Ord003917,Prod00573,3.0,15
Oi0007817,Ord003919,Prod00221,4.0,25
Oi0007818,Ord003919,Prod00600,10.0,0
Oi0007820,Ord003919,Prod00131,2.0,25
Oi0007821,Ord003920,Prod00381,1.0,15
Oi0007822,Ord003920,Prod00311,3.0,0
Oi0007823,Ord003920,Prod00367,1.0,0
Oi0007824,Ord003921,Prod00118,10.0,0
Oi0007825,Ord003921,Prod00452,1.0,15
Oi0007826,Ord003921,Prod00511,5.0,10
Oi0007828,Ord003922,Prod00576,1.0,5
Oi0007831,Ord003924,Prod00144,1.0,20
Oi0007832,Ord003925,Prod00365,10.0,0
Oi0007833,Ord003925,Prod00224,10.0,5
Oi0007834,Ord003925,Prod00552,3.0,5
Oi0007835,Ord003926,Prod00292,10.0,10
Oi0007836,Ord003927,Prod00294,2.0,5
Oi0007839,Ord003929,Prod00129,2.0,5
Oi0007840,Ord003930,Prod00189,4.0,5
Oi0007841,Ord003931,Prod00285,2.0,0
Oi0007842,Ord003932,Prod00498,1.0,0
Oi0007843,Ord003932,Prod00568,10.0,0
Oi0007846,Ord003934,Prod00352,1.0,15
Oi0007847,Ord003935,Prod00517,1.0,0
Oi0007848,Ord003936,Prod00301,5.0,15
Oi0007849,Ord003936,Prod00430,1.0,0
Oi0007850,Ord003936,Prod00103,1.0,15
Oi0007851,Ord003936,Prod00513,3.0,0
Oi0007852,Ord003937,Prod00343,1.0,25
Oi0007853,Ord003937,Prod00520,1.0,0
Oi0007854,Ord003938,Prod00233,2.0,25
Oi0007855,Ord003938,Prod00042,1.0,20
Oi0007857,Ord003940,Prod00312,10.0,0
Oi0007858,Ord003940,Prod00263,2.0,0
Oi0007859,Ord003940,Prod00219,1.0,10
Oi0007860,Ord003941,Prod00413,1.0,25
Oi0007861,Ord003941,Prod00101,2.0,0
Oi0007862,Ord003941,Prod00580,4.0,25
Oi0007863,Ord003941,Prod00012,2.0,0
Oi0007864,Ord003942,Prod00175,1.0,15
Oi0007865,Ord003942,Prod00018,10.0,15
Oi0007866,Ord003943,Prod00334,2.0,0
Oi0007868,Ord003944,Prod00306,4.0,5
Oi0007869,Ord003945,Prod00059,10.0,25
Oi0007870,Ord003945,Prod00242,3.0,20
Oi0007872,Ord003946,Prod00415,1.0,0
Oi0007873,Ord003947,Prod00041,2.0,0
Oi0007874,Ord003947,Prod00132,1.0,10
Oi0007875,Ord003948,Prod00581,2.0,0
Oi0007877,Ord003949,Prod00084,1.0,0
Oi0007878,Ord003950,Prod00051,1.0,5
Oi0007879,Ord003951,Prod00011,2.0,15
Oi0007880,Ord003951,Prod00070,2.0,25
Oi0007882,Ord003952,Prod00263,1.0,10
Oi0007884,Ord003954,Prod00558,5.0,25
Oi0007886,Ord003955,Prod00251,1.0,20
Oi0007887,Ord003956,Prod00525,3.0,0
Oi0007889,Ord003956,Prod00149,2.0,0
Oi0007892,Ord003958,Prod00423,1.0,0
Oi0007893,Ord003958,Prod00518,5.0,5
Oi0007894,Ord003958,Prod00315,4.0,0
Oi0007895,Ord003959,Prod00497,1.0,5
Oi0007897,Ord003960,Prod00254,1.0,0
Oi0007898,Ord003961,Prod00322,10.0,0
Oi0007899,Ord003961,Prod00267,1.0,25
Oi0007900,Ord003962,Prod00062,2.0,0
Oi0007902,Ord003962,Prod00348,1.0,0
Oi0007903,Ord003963,Prod00132,2.0,0
Oi0007904,Ord003963,Prod00319,1.0,0
Oi0007905,Ord003964,Prod00302,3.0,5
Oi0007906,Ord003965,Prod00575,2.0,15
Oi0007907,Ord003966,Prod00477,5.0,15
Oi0007908,Ord003966,Prod00450,3.0,0
Oi0007910,Ord003968,Prod00323,4.0,25
Oi0007911,Ord003969,Prod00196,1.0,0
Oi0007912,Ord003969,Prod00250,2.0,0
Oi0007913,Ord003969,Prod00222,2.0,15
Oi0007914,Ord003969,Prod00435,1.0,20
Oi0007915,Ord003970,Prod00237,2.0,5
Oi0007917,Ord003971,Prod00220,10.0,25
Oi0007918,Ord003972,Prod00026,10.0,0
Oi0007920,Ord003973,Prod00346,10.0,10
Oi0007921,Ord003973,Prod00106,1.0,25
Oi0007922,Ord003974,Prod00285,1.0,10
Oi0007924,Ord003974,Prod00073,1.0,0
Oi0007925,Ord003974,Prod00482,1.0,20
Oi0007926,Ord003975,Prod00318,1.0,15
Oi0007927,Ord003976,Prod00396,2.0,5
Oi0007930,Ord003978,Prod00135,1.0,15
Oi0007931,Ord003978,Prod00600,2.0,10
Oi0007933,Ord003979,Prod00245,5.0,0
Oi0007934,Ord003979,Prod00312,4.0,5
Oi0007935,Ord003979,Prod00502,10.0,20
Oi0007936,Ord003980,Prod00077,1.0,25
Oi0007937,Ord003981,Prod00540,1.0,0
Oi0007938,Ord003981,Prod00535,4.0,15
Oi0007939,Ord003981,Prod00598,1.0,5
Oi0007940,Ord003982,Prod00544,1.0,0
Oi0007941,Ord003983,Prod00397,10.0,15
Oi0007942,Ord003983,Prod00285,10.0,15
Oi0007943,Ord003984,Prod00312,4.0,15
Oi0007944,Ord003984,Prod00135,5.0,0
Oi0007945,Ord003985,Prod00330,1.0,25
Oi0007946,Ord003985,Prod00110,3.0,25
Oi0007947,Ord003985,Prod00349,2.0,10
Oi0007948,Ord003986,Prod00247,3.0,10
Oi0007949,Ord003987,Prod00426,1.0,5
Oi0007950,Ord003987,Prod00210,1.0,5
Oi0007951,Ord003987,Prod00563,2.0,0
Oi0007952,Ord003988,Prod00573,3.0,15
Oi0007953,Ord003988,Prod00315,2.0,0
Oi0007954,Ord003988,Prod00388,1.0,0
Oi0007956,Ord003990,Prod00436,1.0,10
Oi0007957,Ord003991,Prod00415,4.0,15
Oi0007958,Ord003991,Prod00114,2.0,0
Oi0007959,Ord003991,Prod00142,1.0,0
Oi0007960,Ord003991,Prod00396,4.0,5
Oi0007962,Ord003993,Prod00008,1.0,15
Oi0007964,Ord003995,Prod00584,10.0,15
Oi0007965,Ord003996,Prod00206,10.0,15
Oi0007966,Ord003996,Prod00264,2.0,0
Oi0007967,Ord003996,Prod00217,3.0,0
Oi0007968,Ord003996,Prod00500,2.0,15
Oi0007970,Ord003997,Prod00177,3.0,5
Oi0007971,Ord003998,Prod00352,3.0,20
Oi0007972,Ord003998,Prod00472,1.0,25
Oi0007973,Ord003999,Prod00080,1.0,0
Oi0007974,Ord003999,Prod00257,3.0,0
Oi0007976,Ord004000,Prod00487,1.0,0
Oi0007977,Ord004000,Prod00315,3.0,10
Oi0007978,Ord004001,Prod00297,2.0,25
Oi0007979,Ord004001,Prod00450,10.0,5
Oi0007980,Ord004001,Prod00343,3.0,20
Oi0007983,Ord004002,Prod00477,5.0,10
Oi0007984,Ord004003,Prod00198,4.0,5
Oi0007986,Ord004004,Prod00015,1.0,0
Oi0007987,Ord004004,Prod00272,4.0,15
Oi0007988,Ord004004,Prod00566,3.0,0
Oi0007989,Ord004005,Prod00408,3.0,0
Oi0007990,Ord004006,Prod00198,1.0,0
Oi0007991,Ord004007,Prod00459,2.0,15
Oi0007992,Ord004008,Prod00226,1.0,25
Oi0007993,Ord004009,Prod00161,2.0,0
Oi0007994,Ord004009,Prod00332,3.0,10
Oi0007995,Ord004010,Prod00239,3.0,15
Oi0007996,Ord004011,Prod00257,3.0,15
Oi0007998,Ord004012,Prod00100,1.0,0
Oi0007999,Ord004013,Prod00339,3.0,0
Oi0008000,Ord004014,Prod00571,10.0,0
Oi0008002,Ord004015,Prod00283,4.0,15
Oi0008003,Ord004015,Prod00134,3.0,10
Oi0008004,Ord004015,Prod00050,1.0,0
Oi0008005,Ord004016,Prod00198,1.0,0
Oi0008006,Ord004016,Prod00280,1.0,25
Oi0008007,Ord004016,Prod00398,1.0,5
Oi0008008,Ord004016,Prod00465,1.0,20
Oi0008009,Ord004017,Prod00218,10.0,25
Oi0008010,Ord004017,Prod00425,4.0,0
Oi0008011,Ord004018,Prod00552,5.0,25
Oi0008012,Ord004018,Prod00500,4.0,0
Oi0008013,Ord004019,Prod00566,4.0,5
Oi0008014,Ord004019,Prod00164,1.0,15
Oi0008015,Ord004020,Prod00201,3.0,10
Oi0008016,Ord004021,Prod00441,4.0,10
Oi0008017,Ord004022,Prod00102,5.0,0
Oi0008019,Ord004022,Prod00326,3.0,20
Oi0008020,Ord004022,Prod00570,2.0,25
Oi0008021,Ord004023,Prod00491,2.0,0
Oi0008022,Ord004024,Prod00423,2.0,0
Oi0008024,Ord004025,Prod00189,4.0,10
Oi0008025,Ord004026,Prod00136,1.0,0
Oi0008026,Ord004027,Prod00433,1.0,10
Oi0008027,Ord004027,Prod00166,5.0,0
Oi0008028,Ord004027,Prod00375,5.0,0
Oi0008029,Ord004028,Prod00418,1.0,0
Oi0008030,Ord004028,Prod00600,10.0,5
Oi0008031,Ord004029,Prod00061,5.0,10
Oi0008032,Ord004029,Prod00506,1.0,15
Oi0008033,Ord004029,Prod00247,1.0,15
Oi0008034,Ord004030,Prod00113,3.0,15
Oi0008035,Ord004030,Prod00474,1.0,5
Oi0008036,Ord004030,Prod00183,2.0,5
Oi0008037,Ord004030,Prod00345,10.0,0
Oi0008038,Ord004031,Prod00005,1.0,0
Oi0008039,Ord004031,Prod00352,2.0,15
Oi0008040,Ord004031,Prod00325,10.0,5
Oi0008042,Ord004032,Prod00571,3.0,25
Oi0008043,Ord004032,Prod00454,1.0,15
Oi0008044,Ord004033,Prod00131,1.0,0
Oi0008045,Ord004033,Prod00364,5.0,0
Oi0008046,Ord004033,Prod00207,4.0,20
Oi0008047,Ord004034,Prod00374,10.0,20
Oi0008048,Ord004035,Prod00184,2.0,5
Oi0008049,Ord004036,Prod00474,4.0,0
Oi0008050,Ord004036,Prod00456,1.0,0
Oi0008051,Ord004037,Prod00565,2.0,15
Oi0008052,Ord004038,Prod00387,10.0,0
Oi0008053,Ord004038,Prod00142,2.0,10
Oi0008054,Ord004038,Prod00383,5.0,10
Oi0008055,Ord004039,Prod00331,1.0,5
Oi0008056,Ord004040,Prod00511,3.0,0
Oi0008057,Ord004040,Prod00463,4.0,25
Oi0008058,Ord004040,Prod00334,3.0,0
Oi0008059,Ord004041,Prod00527,1.0,25
Oi0008060,Ord004042,Prod00537,1.0,15
Oi0008061,Ord004043,Prod00556,2.0,0
Oi0008062,Ord004043,Prod00194,10.0,0
Oi0008063,Ord004044,Prod00324,5.0,0
Oi0008065,Ord004045,Prod00363,1.0,20
Oi0008066,Ord004045,Prod00349,3.0,0
Oi0008067,Ord004046,Prod00130,2.0,25
Oi0008068,Ord004046,Prod00554,10.0,25
Oi0008069,Ord004046,Prod00527,4.0,0
Oi0008070,Ord004047,Prod00354,4.0,0
Oi0008071,Ord004048,Prod00419,5.0,20
Oi0008072,Ord004048,Prod00025,5.0,15
Oi0008073,Ord004048,Prod00441,4.0,15
Oi0008075,Ord004049,Prod00504,5.0,20
Oi0008076,Ord004049,Prod00311,2.0,0
Oi0008077,Ord004049,Prod00399,5.0,25
Oi0008078,Ord004050,Prod00484,3.0,5
Oi0008080,Ord004051,Prod00020,2.0,25
Oi0008081,Ord004052,Prod00329,5.0,10
Oi0008082,Ord004053,Prod00458,1.0,5
Oi0008084,Ord004054,Prod00429,5.0,10
Oi0008085,Ord004054,Prod00445,2.0,25
Oi0008086,Ord004054,Prod00017,3.0,0
Oi0008087,Ord004055,Prod00318,3.0,25
Oi0008088,Ord004055,Prod00262,10.0,25
Oi0008089,Ord004056,Prod00275,1.0,25
Oi0008090,Ord004056,Prod00434,2.0,20
Oi0008091,Ord004057,Prod00299,1.0,0
Oi0008092,Ord004058,Prod00564,2.0,20
Oi0008093,Ord004058,Prod00475,2.0,15
Oi0008094,Ord004059,Prod00313,5.0,5
Oi0008095,Ord004060,Prod00273,5.0,10
Oi0008096,Ord004061,Prod00142,1.0,10
Oi0008097,Ord004061,Prod00328,1.0,0
Oi0008098,Ord004062,Prod00332,1.0,25
Oi0008099,Ord004063,Prod00019,1.0,15
Oi0008100,Ord004063,Prod00533,1.0,0
Oi0008101,Ord004063,Prod00337,1.0,15
Oi0008102,Ord004064,Prod00089,2.0,5
Oi0008103,Ord004065,Prod00127,2.0,25
Oi0008105,Ord004065,Prod00592,3.0,15
Oi0008106,Ord004066,Prod00354,5.0,0
Oi0008107,Ord004067,Prod00390,2.0,10
Oi0008110,Ord004067,Prod00479,1.0,0
Oi0008111,Ord004068,Prod00489,4.0,0
Oi0008112,Ord004068,Prod00218,5.0,0
Oi0008113,Ord004068,Prod00534,3.0,15
Oi0008114,Ord004069,Prod00440,10.0,15
Oi0008115,Ord004069,Prod00035,1.0,10
Oi0008116,Ord004070,Prod00054,1.0,0
Oi0008117,Ord004070,Prod00483,4.0,0
Oi0008118,Ord004071,Prod00592,1.0,0
Oi0008119,Ord004072,Prod00293,1.0,25
Oi0008120,Ord004073,Prod00123,1.0,0
Oi0008121,Ord004074,Prod00279,2.0,0
Oi0008122,Ord004074,Prod00331,2.0,0
Oi0008123,Ord004075,Prod00029,1.0,0
Oi0008125,Ord004075,Prod00356,1.0,15
Oi0008127,Ord004077,Prod00167,10.0,0
Oi0008128,Ord004078,Prod00395,4.0,0
Oi0008129,Ord004078,Prod00020,4.0,0
Oi0008130,Ord004079,Prod00306,4.0,20
Oi0008131,Ord004080,Prod00510,10.0,20
Oi0008132,Ord004080,Prod00541,1.0,15
Oi0008133,Ord004081,Prod00039,1.0,15
Oi0008134,Ord004082,Prod00191,1.0,0
Oi0008135,Ord004082,Prod00268,10.0,20
Oi0008137,Ord004083,Prod00069,3.0,20
Oi0008138,Ord004083,Prod00259,2.0,0
Oi0008139,Ord004084,Prod00026,10.0,0
Oi0008140,Ord004084,Prod00404,2.0,5
Oi0008141,Ord004084,Prod00555,2.0,0
Oi0008143,Ord004085,Prod00045,1.0,0
Oi0008144,Ord004085,Prod00365,2.0,0
Oi0008145,Ord004085,Prod00579,1.0,25
Oi0008146,Ord004086,Prod00164,1.0,5
Oi0008147,Ord004086,Prod00347,5.0,0
Oi0008150,Ord004087,Prod00184,3.0,25
Oi0008151,Ord004088,Prod00494,4.0,0
Oi0008153,Ord004089,Prod00344,1.0,0
Oi0008154,Ord004089,Prod00263,2.0,0
Oi0008155,Ord004090,Prod00571,2.0,25
Oi0008157,Ord004092,Prod00122,10.0,15
Oi0008158,Ord004093,Prod00027,3.0,0
Oi0008159,Ord004094,Prod00391,10.0,10
Oi0008160,Ord004095,Prod00524,1.0,0
Oi0008161,Ord004095,Prod00199,1.0,0
Oi0008162,Ord004096,Prod00339,1.0,0
Oi0008163,Ord004096,Prod00263,1.0,5
Oi0008164,Ord004096,Prod00356,2.0,10
Oi0008165,Ord004096,Prod00521,1.0,25
Oi0008166,Ord004097,Prod00206,2.0,5
Oi0008167,Ord004097,Prod00037,4.0,15
Oi0008168,Ord004098,Prod00471,2.0,10
Oi0008169,Ord004098,Prod00594,1.0,10
Oi0008170,Ord004099,Prod00537,1.0,0
Oi0008171,Ord004099,Prod00214,4.0,25
Oi0008172,Ord004100,Prod00552,1.0,25
Oi0008173,Ord004101,Prod00335,1.0,0
Oi0008176,Ord004102,Prod00460,2.0,20
Oi0008177,Ord004102,Prod00084,1.0,25
Oi0008178,Ord004102,Prod00293,1.0,25
Oi0008179,Ord004103,Prod00365,2.0,0
Oi0008180,Ord004103,Prod00071,2.0,0
Oi0008181,Ord004103,Prod00194,2.0,10
Oi0008182,Ord004104,Prod00554,3.0,0
Oi0008183,Ord004104,Prod00065,1.0,0
Oi0008184,Ord004104,Prod00576,1.0,0
Oi0008185,Ord004105,Prod00378,1.0,0
Oi0008186,Ord004106,Prod00583,10.0,15
Oi0008190,Ord004107,Prod00548,4.0,25
Oi0008191,Ord004107,Prod00344,2.0,25
Oi0008192,Ord004107,Prod00171,3.0,5
Oi0008193,Ord004107,Prod00076,10.0,0
Oi0008196,Ord004109,Prod00328,1.0,10
Oi0008197,Ord004110,Prod00523,1.0,20
Oi0008198,Ord004111,Prod00402,1.0,5
Oi0008201,Ord004111,Prod00002,2.0,0
Oi0008202,Ord004112,Prod00352,1.0,15
Oi0008203,Ord004113,Prod00107,1.0,20
Oi0008204,Ord004114,Prod00018,2.0,10
Oi0008205,Ord004114,Prod00548,1.0,0
Oi0008206,Ord004115,Prod00430,4.0,15
Oi0008207,Ord004115,Prod00282,1.0,20
Oi0008208,Ord004115,Prod00268,5.0,0
Oi0008209,Ord004115,Prod00331,10.0,15
Oi0008210,Ord004116,Prod00208,5.0,0
Oi0008211,Ord004116,Prod00420,2.0,25
Oi0008212,Ord004117,Prod00561,5.0,0
Oi0008213,Ord004117,Prod00008,1.0,0
Oi0008214,Ord004118,Prod00274,2.0,15
Oi0008215,Ord004119,Prod00049,1.0,25
Oi0008216,Ord004120,Prod00285,3.0,0
Oi0008217,Ord004120,Prod00035,4.0,10
Oi0008218,Ord004121,Prod00361,4.0,0
Oi0008219,Ord004121,Prod00364,4.0,25
Oi0008220,Ord004121,Prod00434,2.0,10
Oi0008221,Ord004121,Prod00548,4.0,0
Oi0008224,Ord004122,Prod00381,10.0,20
Oi0008226,Ord004123,Prod00419,2.0,20
Oi0008227,Ord004123,Prod00187,1.0,25
Oi0008231,Ord004126,Prod00523,1.0,15
Oi0008233,Ord004127,Prod00277,4.0,5
Oi0008234,Ord004128,Prod00363,2.0,0
Oi0008236,Ord004128,Prod00314,1.0,5
Oi0008237,Ord004129,Prod00223,1.0,15
Oi0008238,Ord004130,Prod00498,2.0,0
Oi0008239,Ord004130,Prod00574,3.0,5
Oi0008240,Ord004130,Prod00524,10.0,25
Oi0008242,Ord004131,Prod00157,2.0,0
Oi0008243,Ord004132,Prod00089,10.0,10
Oi0008244,Ord004132,Prod00492,1.0,0
Oi0008245,Ord004132,Prod00467,1.0,10
Oi0008246,Ord004132,Prod00205,10.0,15
Oi0008248,Ord004134,Prod00036,1.0,0
Oi0008249,Ord004135,Prod00471,4.0,0
Oi0008250,Ord004135,Prod00206,1.0,0
Oi0008251,Ord004136,Prod00096,3.0,25
Oi0008252,Ord004137,Prod00007,2.0,15
Oi0008253,Ord004137,Prod00155,4.0,10
Oi0008254,Ord004137,Prod00014,10.0,0
Oi0008255,Ord004137,Prod00127,5.0,15
Oi0008256,Ord004138,Prod00465,1.0,0
Oi0008257,Ord004138,Prod00073,10.0,25
Oi0008258,Ord004138,Prod00457,3.0,0
Oi0008259,Ord004138,Prod00143,1.0,5
Oi0008260,Ord004139,Prod00578,2.0,0
Oi0008261,Ord004140,Prod00254,3.0,0
Oi0008263,Ord004141,Prod00381,2.0,0
Oi0008266,Ord004142,Prod00093,2.0,5
Oi0008267,Ord004143,Prod00242,5.0,20
Oi0008268,Ord004143,Prod00579,1.0,0
Oi0008269,Ord004144,Prod00337,1.0,0
Oi0008270,Ord004145,Prod00475,3.0,25
Oi0008271,Ord004146,Prod00519,1.0,25
Oi0008272,Ord004146,Prod00034,10.0,0
Oi0008273,Ord004147,Prod00132,1.0,0
Oi0008275,Ord004147,Prod00230,1.0,0
Oi0008276,Ord004148,Prod00381,10.0,0
Oi0008277,Ord004149,Prod00115,2.0,0
Oi0008278,Ord004150,Prod00379,2.0,0
Oi0008279,Ord004151,Prod00342,2.0,15
Oi0008282,Ord004152,Prod00004,1.0,10
Oi0008283,Ord004153,Prod00164,2.0,0
Oi0008284,Ord004153,Prod00245,5.0,0
Oi0008286,Ord004154,Prod00185,10.0,5
Oi0008287,Ord004154,Prod00074,2.0,0
Oi0008288,Ord004155,Prod00440,4.0,0
Oi0008289,Ord004156,Prod00004,10.0,25
Oi0008291,Ord004158,Prod00257,10.0,10
Oi0008292,Ord004159,Prod00512,10.0,0
Oi0008293,Ord004159,Prod00456,1.0,0
Oi0008295,Ord004160,Prod00553,500.0,10
Oi0008296,Ord004161,Prod00518,3.0,0
Oi0008297,Ord004162,Prod00582,1.0,25
Oi0008298,Ord004163,Prod00514,5.0,15
Oi0008299,Ord004163,Prod00599,3.0,0
Oi0008300,Ord004164,Prod00142,1.0,0
Oi0008301,Ord004164,Prod00477,10.0,0
Oi0008302,Ord004164,Prod00185,1.0,0
Oi0008303,Ord004164,Prod00174,1.0,25
Oi0008305,Ord004166,Prod00421,1.0,0
Oi0008306,Ord004166,Prod00173,5.0,5
Oi0008307,Ord004167,Prod00314,1.0,5
Oi0008308,Ord004167,Prod00572,2.0,15
Oi0008309,Ord004167,Prod00536,3.0,10
Oi0008311,Ord004169,Prod00440,1.0,20
Oi0008312,Ord004169,Prod00484,3.0,0
Oi0008313,Ord004169,Prod00013,1.0,20
Oi0008314,Ord004170,Prod00399,4.0,0
Oi0008315,Ord004170,Prod00095,3.0,5
Oi0008316,Ord004170,Prod00054,5.0,0
Oi0008317,Ord004171,Prod00091,10.0,0
Oi0008318,Ord004171,Prod00255,2.0,15
Oi0008319,Ord004172,Prod00216,5.0,5
Oi0008320,Ord004172,Prod00594,4.0,0
Oi0008321,Ord004173,Prod00291,1.0,5
Oi0008322,Ord004174,Prod00382,2.0,25
Oi0008323,Ord004174,Prod00071,5.0,25
Oi0008324,Ord004175,Prod00461,3.0,0
Oi0008325,Ord004175,Prod00321,1.0,20
Oi0008326,Ord004175,Prod00125,1.0,15
Oi0008327,Ord004175,Prod00404,4.0,10
Oi0008328,Ord004176,Prod00008,1.0,10
Oi0008329,Ord004177,Prod00066,1.0,10
Oi0008330,Ord004178,Prod00523,5.0,15
Oi0008331,Ord004179,Prod00254,2.0,20
Oi0008332,Ord004179,Prod00255,1.0,0
Oi0008333,Ord004179,Prod00349,1.0,0
Oi0008334,Ord004179,Prod00486,1.0,10
Oi0008335,Ord004180,Prod00225,3.0,10
Oi0008336,Ord004181,Prod00437,4.0,0
Oi0008337,Ord004181,Prod00427,1.0,15
Oi0008338,Ord004181,Prod00099,5.0,0
Oi0008339,Ord004181,Prod00475,3.0,15
Oi0008340,Ord004182,Prod00500,4.0,25
Oi0008341,Ord004183,Prod00385,4.0,0
Oi0008344,Ord004184,Prod00519,2.0,25
Oi0008345,Ord004185,Prod00132,1.0,0
Oi0008346,Ord004186,Prod00332,5.0,0
Oi0008348,Ord004186,Prod00493,3.0,0
Oi0008349,Ord004187,Prod00086,2.0,0
Oi0008350,Ord004187,Prod00076,2.0,5
Oi0008351,Ord004187,Prod00320,4.0,10
Oi0008352,Ord004187,Prod00523,1.0,20
Oi0008353,Ord004188,Prod00269,3.0,10
Oi0008354,Ord004189,Prod00560,10.0,15
Oi0008355,Ord004190,Prod00012,2.0,0
Oi0008357,Ord004191,Prod00341,10.0,5
Oi0008358,Ord004191,Prod00382,2.0,0
Oi0008359,Ord004191,Prod00567,2.0,20
Oi0008360,Ord004192,Prod00361,1.0,5
Oi0008361,Ord004193,Prod00174,1.0,25
Oi0008362,Ord004193,Prod00567,2.0,0
Oi0008363,Ord004194,Prod00532,1.0,25
Oi0008364,Ord004194,Prod00326,1.0,5
Oi0008365,Ord004195,Prod00420,3.0,10
Oi0008366,Ord004195,Prod00589,1.0,5
Oi0008367,Ord004195,Prod00245,1.0,0
Oi0008368,Ord004195,Prod00323,1.0,20
Oi0008369,Ord004196,Prod00093,1.0,10
Oi0008370,Ord004197,Prod00539,3.0,15
Oi0008371,Ord004198,Prod00483,10.0,0
Oi0008372,Ord004199,Prod00289,1.0,0
Oi0008373,Ord004200,Prod00012,1.0,0
Oi0008374,Ord004200,Prod00282,2.0,20
Oi0008375,Ord004201,Prod00392,2.0,10
Oi0008376,Ord004201,Prod00029,2.0,0
Oi0008377,Ord004201,Prod00285,2.0,15
Oi0008378,Ord004201,Prod00556,4.0,10
Oi0008379,Ord004202,Prod00236,3.0,15
Oi0008380,Ord004202,Prod00127,5.0,5
Oi0008381,Ord004203,Prod00355,4.0,10
Oi0008382,Ord004204,Prod00345,5.0,20
Oi0008383,Ord004204,Prod00489,5.0,10
Oi0008384,Ord004204,Prod00140,5.0,5
Oi0008385,Ord004205,Prod00125,2.0,25
Oi0008386,Ord004205,Prod00120,2.0,0
Oi0008388,Ord004206,Prod00066,5.0,0
Oi0008389,Ord004206,Prod00479,4.0,5
Oi0008390,Ord004206,Prod00216,2.0,25
Oi0008391,Ord004206,Prod00195,2.0,0
Oi0008392,Ord004207,Prod00301,5.0,5
Oi0008393,Ord004208,Prod00340,2.0,25
Oi0008394,Ord004208,Prod00389,2.0,15
Oi0008396,Ord004208,Prod00409,5.0,10
Oi0008397,Ord004209,Prod00199,5.0,20
Oi0008398,Ord004210,Prod00250,10.0,0
Oi0008399,Ord004210,Prod00281,1.0,10
Oi0008401,Ord004210,Prod00185,10.0,5
Oi0008402,Ord004211,Prod00385,10.0,0
Oi0008403,Ord004211,Prod00481,2.0,20
Oi0008405,Ord004213,Prod00225,3.0,5
Oi0008406,Ord004214,Prod00162,4.0,5
Oi0008407,Ord004215,Prod00283,4.0,15
Oi0008408,Ord004216,Prod00559,1.0,5
Oi0008409,Ord004216,Prod00497,4.0,10
Oi0008410,Ord004217,Prod00154,10.0,20
Oi0008412,Ord004218,Prod00436,5.0,15
Oi0008413,Ord004219,Prod00577,1.0,5
Oi0008415,Ord004220,Prod00541,10.0,5
Oi0008417,Ord004220,Prod00487,10.0,0
Oi0008418,Ord004221,Prod00200,2.0,20
Oi0008419,Ord004221,Prod00334,4.0,5
Oi0008421,Ord004223,Prod00539,1.0,0
Oi0008422,Ord004223,Prod00152,2.0,0
Oi0008423,Ord004224,Prod00521,1.0,15
Oi0008424,Ord004224,Prod00170,5.0,0
Oi0008427,Ord004226,Prod00250,10.0,25
Oi0008428,Ord004227,Prod00014,4.0,5
Oi0008429,Ord004227,Prod00424,2.0,0
Oi0008430,Ord004228,Prod00419,1.0,15
Oi0008431,Ord004229,Prod00570,1.0,25
Oi0008432,Ord004230,Prod00373,10.0,15
Oi0008433,Ord004231,Prod00476,4.0,0
Oi0008434,Ord004231,Prod00429,5.0,20
Oi0008435,Ord004231,Prod00571,5.0,5
Oi0008436,Ord004232,Prod00311,4.0,0
Oi0008438,Ord004233,Prod00108,4.0,20
Oi0008440,Ord004235,Prod00331,2.0,0
Oi0008441,Ord004235,Prod00198,2.0,15
Oi0008442,Ord004235,Prod00277,10.0,0
Oi0008443,Ord004235,Prod00184,1.0,5
Oi0008444,Ord004236,Prod00308,2.0,5
Oi0008445,Ord004237,Prod00389,2.0,0
Oi0008446,Ord004237,Prod00347,10.0,0
Oi0008447,Ord004237,Prod00062,2.0,15
Oi0008448,Ord004237,Prod00564,10.0,0
Oi0008449,Ord004238,Prod00338,2.0,25
Oi0008450,Ord004239,Prod00211,1.0,5
Oi0008451,Ord004240,Prod00226,2.0,25
Oi0008452,Ord004240,Prod00392,1.0,10
Oi0008453,Ord004241,Prod00366,2.0,0
Oi0008454,Ord004241,Prod00482,1.0,0
Oi0008455,Ord004242,Prod00498,1.0,0
Oi0008456,Ord004242,Prod00161,10.0,0
Oi0008457,Ord004243,Prod00423,5.0,5
Oi0008459,Ord004243,Prod00443,10.0,0
Oi0008460,Ord004243,Prod00477,5.0,0
Oi0008461,Ord004244,Prod00170,2.0,20
Oi0008462,Ord004244,Prod00050,2.0,5
Oi0008463,Ord004244,Prod00003,1.0,20
Oi0008464,Ord004244,Prod00125,1.0,25
Oi0008465,Ord004245,Prod00145,1.0,0
Oi0008466,Ord004245,Prod00208,5.0,0
Oi0008468,Ord004247,Prod00323,1.0,10
Oi0008469,Ord004247,Prod00438,5.0,20
Oi0008470,Ord004248,Prod00113,1.0,25
Oi0008472,Ord004249,Prod00170,2.0,0
Oi0008473,Ord004249,Prod00051,1.0,25
Oi0008474,Ord004250,Prod00402,1.0,5
Oi0008475,Ord004250,Prod00137,1.0,15
Oi0008476,Ord004251,Prod00082,1.0,20
Oi0008477,Ord004251,Prod00452,2.0,0
Oi0008478,Ord004252,Prod00457,2.0,0
Oi0008479,Ord004252,Prod00298,2.0,0
Oi0008480,Ord004252,Prod00025,1.0,10
Oi0008481,Ord004252,Prod00446,1.0,10
Oi0008482,Ord004253,Prod00126,1.0,0
Oi0008483,Ord004254,Prod00237,1.0,0
Oi0008484,Ord004254,Prod00155,4.0,0
Oi0008486,Ord004256,Prod00178,1.0,0
Oi0008488,Ord004256,Prod00547,10.0,5
Oi0008489,Ord004257,Prod00465,1.0,15
Oi0008490,Ord004257,Prod00273,10.0,10
Oi0008491,Ord004257,Prod00474,5.0,20
Oi0008493,Ord004258,Prod00035,2.0,15
Oi0008495,Ord004259,Prod00117,4.0,0
Oi0008496,Ord004259,Prod00239,1.0,25
Oi0008497,Ord004260,Prod00107,2.0,15
Oi0008498,Ord004260,Prod00418,3.0,20
Oi0008499,Ord004260,Prod00264,5.0,25
Oi0008500,Ord004260,Prod00209,1.0,5
Oi0008504,Ord004261,Prod00182,2.0,25
Oi0008506,Ord004262,Prod00020,1.0,0
Oi0008507,Ord004263,Prod00380,3.0,20
Oi0008508,Ord004263,Prod00310,10.0,5
Oi0008509,Ord004264,Prod00263,1.0,15
Oi0008510,Ord004264,Prod00542,4.0,0
Oi0008511,Ord004264,Prod00227,1.0,0
Oi0008514,Ord004265,Prod00579,3.0,20
Oi0008515,Ord004266,Prod00596,2.0,20
Oi0008516,Ord004267,Prod00222,10.0,0
Oi0008517,Ord004267,Prod00062,1.0,0
Oi0008518,Ord004268,Prod00314,1.0,20
Oi0008519,Ord004269,Prod00534,3.0,5
Oi0008520,Ord004270,Prod00578,1.0,0
Oi0008521,Ord004270,Prod00441,1.0,20
Oi0008522,Ord004271,Prod00206,2.0,15
Oi0008524,Ord004271,Prod00511,3.0,20
Oi0008525,Ord004272,Prod00292,1.0,25
Oi0008526,Ord004272,Prod00553,1.0,10
Oi0008528,Ord004272,Prod00489,3.0,20
Oi0008529,Ord004273,Prod00219,2.0,5
Oi0008530,Ord004273,Prod00196,1.0,0
Oi0008531,Ord004274,Prod00026,2.0,10
Oi0008532,Ord004275,Prod00548,1.0,0
Oi0008533,Ord004275,Prod00314,1.0,0
Oi0008535,Ord004276,Prod00013,5.0,0
Oi0008537,Ord004276,Prod00534,10.0,20
Oi0008538,Ord004277,Prod00142,4.0,20
Oi0008539,Ord004277,Prod00056,2.0,20
Oi0008540,Ord004277,Prod00334,1.0,0
Oi0008542,Ord004278,Prod00378,1.0,0
Oi0008543,Ord004279,Prod00513,10.0,15
Oi0008544,Ord004280,Prod00326,2.0,20
Oi0008545,Ord004281,Prod00364,5.0,0
Oi0008546,Ord004282,Prod00369,5.0,0
Oi0008547,Ord004282,Prod00131,5.0,0
Oi0008548,Ord004282,Prod00553,3.0,0
Oi0008549,Ord004283,Prod00140,3.0,10
Oi0008551,Ord004283,Prod00345,1.0,0
Oi0008553,Ord004284,Prod00589,2.0,5
Oi0008554,Ord004284,Prod00574,4.0,25
Oi0008555,Ord004284,Prod00440,2.0,20
Oi0008556,Ord004285,Prod00078,4.0,25
Oi0008557,Ord004285,Prod00419,2.0,0
Oi0008558,Ord004285,Prod00281,1.0,10
Oi0008559,Ord004285,Prod00442,2.0,5
Oi0008560,Ord004286,Prod00479,2.0,5
Oi0008561,Ord004286,Prod00232,1.0,0
Oi0008562,Ord004286,Prod00157,1.0,0
Oi0008564,Ord004287,Prod00293,5.0,10
Oi0008565,Ord004287,Prod00353,2.0,0
Oi0008566,Ord004287,Prod00127,2.0,20
Oi0008567,Ord004288,Prod00335,1.0,0
Oi0008568,Ord004289,Prod00089,3.0,15
Oi0008569,Ord004289,Prod00418,1.0,25
Oi0008570,Ord004289,Prod00320,1.0,15
Oi0008571,Ord004290,Prod00081,4.0,10
Oi0008572,Ord004291,Prod00081,3.0,5
Oi0008574,Ord004292,Prod00348,1.0,0
Oi0008575,Ord004292,Prod00422,1.0,5
Oi0008576,Ord004292,Prod00421,2.0,10
Oi0008578,Ord004294,Prod00469,2.0,25
Oi0008579,Ord004294,Prod00308,10.0,0
Oi0008580,Ord004294,Prod00185,1.0,25
Oi0008581,Ord004294,Prod00229,1.0,0
Oi0008582,Ord004295,Prod00450,4.0,20
Oi0008583,Ord004295,Prod00248,4.0,0
Oi0008584,Ord004296,Prod00411,10.0,0
Oi0008585,Ord004296,Prod00579,5.0,15
Oi0008586,Ord004297,Prod00200,10.0,15
Oi0008587,Ord004297,Prod00241,5.0,10
Oi0008588,Ord004298,Prod00286,1.0,5
Oi0008589,Ord004298,Prod00201,1.0,20
Oi0008590,Ord004299,Prod00401,2.0,15
Oi0008591,Ord004300,Prod00403,2.0,15
Oi0008592,Ord004300,Prod00256,4.0,15
Oi0008593,Ord004301,Prod00204,4.0,10
Oi0008596,Ord004303,Prod00357,2.0,25
Oi0008597,Ord004304,Prod00455,2.0,20
Oi0008598,Ord004304,Prod00153,4.0,10
Oi0008599,Ord004304,Prod00046,1.0,15
Oi0008600,Ord004305,Prod00067,3.0,25
Oi0008601,Ord004305,Prod00164,1.0,15
Oi0008603,Ord004307,Prod00074,1.0,25
Oi0008605,Ord004308,Prod00448,4.0,15
Oi0008606,Ord004308,Prod00285,4.0,10
Oi0008607,Ord004308,Prod00171,1.0,0
Oi0008609,Ord004309,Prod00177,1.0,0
Oi0008610,Ord004310,Prod00133,4.0,20
Oi0008612,Ord004310,Prod00224,1.0,0
Oi0008613,Ord004311,Prod00267,5.0,20
Oi0008615,Ord004311,Prod00486,5.0,0
Oi0008616,Ord004312,Prod00372,3.0,25
Oi0008617,Ord004312,Prod00534,2.0,10
Oi0008618,Ord004312,Prod00587,2.0,0
Oi0008619,Ord004313,Prod00063,2.0,15
Oi0008621,Ord004315,Prod00349,5.0,15
Oi0008622,Ord004315,Prod00420,3.0,0
Oi0008623,Ord004316,Prod00508,2.0,10
Oi0008624,Ord004316,Prod00505,2.0,15
Oi0008625,Ord004316,Prod00030,10.0,15
Oi0008626,Ord004317,Prod00196,1.0,20
Oi0008628,Ord004317,Prod00356,1.0,5
Oi0008629,Ord004318,Prod00323,3.0,5
Oi0008630,Ord004319,Prod00564,5.0,10
Oi0008631,Ord004319,Prod00409,4.0,0
Oi0008632,Ord004319,Prod00134,2.0,5
Oi0008633,Ord004320,Prod00368,1.0,0
Oi0008635,Ord004321,Prod00592,3.0,15
Oi0008636,Ord004322,Prod00269,1.0,0
Oi0008637,Ord004322,Prod00149,1.0,20
Oi0008641,Ord004324,Prod00301,2.0,10
Oi0008642,Ord004325,Prod00358,10.0,0
Oi0008643,Ord004325,Prod00113,1.0,0
Oi0008644,Ord004325,Prod00493,2.0,25
Oi0008645,Ord004326,Prod00002,5.0,0
Oi0008646,Ord004327,Prod00070,5.0,0
Oi0008647,Ord004327,Prod00016,4.0,10
Oi0008648,Ord004328,Prod00463,5.0,0
Oi0008650,Ord004329,Prod00210,2.0,0
Oi0008651,Ord004330,Prod00193,5.0,15
Oi0008652,Ord004331,Prod00248,1.0,0
Oi0008653,Ord004332,Prod00444,1.0,20
Oi0008654,Ord004332,Prod00201,10.0,20
Oi0008655,Ord004333,Prod00027,3.0,25
Oi0008656,Ord004333,Prod00271,4.0,10
Oi0008657,Ord004333,Prod00179,10.0,20
Oi0008658,Ord004333,Prod00053,4.0,10
Oi0008659,Ord004334,Prod00089,2.0,20
Oi0008660,Ord004335,Prod00119,3.0,0
Oi0008662,Ord004337,Prod00273,10.0,0
Oi0008663,Ord004337,Prod00598,1.0,25
Oi0008664,Ord004338,Prod00277,1.0,20
Oi0008665,Ord004338,Prod00487,5.0,0
Oi0008666,Ord004338,Prod00163,4.0,20
Oi0008667,Ord004338,Prod00251,1.0,0
Oi0008668,Ord004339,Prod00446,1.0,10
Oi0008669,Ord004339,Prod00066,1.0,25
Oi0008670,Ord004340,Prod00023,3.0,0
Oi0008671,Ord004340,Prod00117,3.0,0
Oi0008673,Ord004341,Prod00595,4.0,15
Oi0008674,Ord004341,Prod00456,4.0,10
Oi0008675,Ord004342,Prod00140,1.0,25
Oi0008676,Ord004342,Prod00431,5.0,25
Oi0008677,Ord004343,Prod00189,2.0,10
Oi0008679,Ord004343,Prod00047,2.0,20
Oi0008680,Ord004343,Prod00122,4.0,25
Oi0008681,Ord004344,Prod00212,4.0,15
Oi0008683,Ord004344,Prod00321,1.0,15
Oi0008684,Ord004344,Prod00343,1.0,25
Oi0008685,Ord004345,Prod00024,5.0,0
Oi0008686,Ord004346,Prod00340,5.0,0
Oi0008687,Ord004346,Prod00571,1.0,0
Oi0008688,Ord004346,Prod00145,5.0,0
Oi0008689,Ord004347,Prod00189,4.0,0
Oi0008690,Ord004347,Prod00330,1.0,5
Oi0008692,Ord004348,Prod00299,1.0,20
Oi0008693,Ord004348,Prod00370,1.0,0
Oi0008694,Ord004348,Prod00174,1.0,15
Oi0008695,Ord004349,Prod00477,1.0,0
Oi0008696,Ord004350,Prod00450,3.0,0
Oi0008697,Ord004351,Prod00118,10.0,0
Oi0008698,Ord004351,Prod00472,3.0,20
Oi0008700,Ord004353,Prod00439,5.0,5
Oi0008701,Ord004354,Prod00576,10.0,5
Oi0008702,Ord004355,Prod00215,10.0,20
Oi0008703,Ord004355,Prod00249,1.0,10
Oi0008704,Ord004355,Prod00371,4.0,10
Oi0008705,Ord004355,Prod00312,2.0,5
Oi0008706,Ord004356,Prod00459,1.0,0
Oi0008708,Ord004357,Prod00086,2.0,0
Oi0008709,Ord004358,Prod00502,2.0,0
Oi0008710,Ord004358,Prod00348,1.0,0
Oi0008711,Ord004358,Prod00263,2.0,5
Oi0008712,Ord004358,Prod00594,5.0,15
Oi0008713,Ord004359,Prod00216,3.0,15
Oi0008714,Ord004360,Prod00537,10.0,0
Oi0008715,Ord004360,Prod00128,10.0,25
Oi0008717,Ord004362,Prod00495,10.0,25
Oi0008718,Ord004363,Prod00248,3.0,10
Oi0008719,Ord004363,Prod00013,2.0,15
Oi0008720,Ord004363,Prod00580,10.0,25
Oi0008721,Ord004363,Prod00272,2.0,20
Oi0008722,Ord004364,Prod00155,1.0,0
Oi0008724,Ord004365,Prod00214,2.0,25
Oi0008725,Ord004365,Prod00115,1.0,25
Oi0008727,Ord004367,Prod00093,1.0,25
Oi0008729,Ord004368,Prod00428,3.0,10
Oi0008731,Ord004369,Prod00186,5.0,0
Oi0008732,Ord004370,Prod00542,1.0,0
Oi0008733,Ord004370,Prod00110,2.0,0
Oi0008734,Ord004371,Prod00297,1.0,25
Oi0008735,Ord004372,Prod00074,1.0,25
Oi0008737,Ord004373,Prod00168,5.0,20
Oi0008738,Ord004373,Prod00001,5.0,10
Oi0008739,Ord004373,Prod00501,5.0,0
Oi0008740,Ord004373,Prod00465,2.0,0
Oi0008741,Ord004374,Prod00130,1.0,0
Oi0008742,Ord004374,Prod00323,3.0,10
Oi0008743,Ord004374,Prod00424,1.0,25
Oi0008744,Ord004374,Prod00255,1.0,25
Oi0008745,Ord004375,Prod00315,3.0,0
Oi0008746,Ord004376,Prod00596,4.0,25
Oi0008748,Ord004377,Prod00186,3.0,10
Oi0008749,Ord004377,Prod00077,3.0,10
Oi0008750,Ord004378,Prod00403,1.0,10
Oi0008751,Ord004379,Prod00201,2.0,0
Oi0008752,Ord004380,Prod00127,2.0,5
Oi0008753,Ord004380,Prod00388,5.0,20
Oi0008754,Ord004380,Prod00064,1.0,25
Oi0008755,Ord004381,Prod00485,3.0,0
Oi0008756,Ord004381,Prod00041,10.0,15
Oi0008757,Ord004382,Prod00497,10.0,20
Oi0008758,Ord004383,Prod00463,2.0,5
Oi0008759,Ord004383,Prod00037,4.0,0
Oi0008760,Ord004383,Prod00006,3.0,5
Oi0008761,Ord004384,Prod00499,1.0,5
Oi0008763,Ord004386,Prod00455,1.0,25
Oi0008764,Ord004387,Prod00080,2.0,0
Oi0008765,Ord004388,Prod00014,4.0,25
Oi0008766,Ord004389,Prod00016,10.0,10
Oi0008767,Ord004389,Prod00491,1.0,10
Oi0008768,Ord004389,Prod00023,1.0,5
Oi0008769,Ord004390,Prod00467,1.0,10
Oi0008770,Ord004391,Prod00422,10.0,20
Oi0008771,Ord004391,Prod00580,1.0,15
Oi0008772,Ord004391,Prod00259,1.0,15
Oi0008773,Ord004392,Prod00564,1.0,5
Oi0008775,Ord004393,Prod00185,2.0,15
Oi0008776,Ord004393,Prod00189,1.0,0
Oi0008777,Ord004393,Prod00468,10.0,25
Oi0008778,Ord004393,Prod00189,1.0,0
Oi0008779,Ord004394,Prod00446,2.0,0
Oi0008781,Ord004395,Prod00219,10.0,0
Oi0008782,Ord004395,Prod00290,1.0,0
Oi0008783,Ord004395,Prod00093,4.0,10
Oi0008784,Ord004396,Prod00017,10.0,10
Oi0008785,Ord004397,Prod00217,5.0,10
Oi0008786,Ord004397,Prod00007,500.0,20
Oi0008787,Ord004398,Prod00004,4.0,25
Oi0008788,Ord004399,Prod00406,2.0,15
Oi0008789,Ord004399,Prod00415,2.0,10
Oi0008790,Ord004400,Prod00031,1.0,5
Oi0008791,Ord004401,Prod00054,3.0,5
Oi0008792,Ord004402,Prod00283,4.0,25
Oi0008793,Ord004402,Prod00583,1.0,0
Oi0008794,Ord004402,Prod00056,3.0,0
Oi0008796,Ord004403,Prod00151,1.0,20
Oi0008797,Ord004403,Prod00396,1.0,20
Oi0008798,Ord004404,Prod00106,2.0,0
Oi0008799,Ord004404,Prod00169,10.0,10
Oi0008800,Ord004405,Prod00512,5.0,15
Oi0008801,Ord004405,Prod00456,2.0,5
Oi0008802,Ord004405,Prod00595,4.0,0
Oi0008803,Ord004406,Prod00506,2.0,0
Oi0008804,Ord004406,Prod00181,5.0,15
Oi0008805,Ord004407,Prod00266,5.0,25
Oi0008806,Ord004408,Prod00566,5.0,10
Oi0008807,Ord004409,Prod00152,1.0,0
Oi0008808,Ord004409,Prod00485,2.0,20
Oi0008809,Ord004410,Prod00050,5.0,25
Oi0008810,Ord004411,Prod00317,2.0,0
Oi0008811,Ord004411,Prod00567,1.0,15
Oi0008812,Ord004411,Prod00282,2.0,25
Oi0008813,Ord004412,Prod00010,2.0,0
Oi0008814,Ord004412,Prod00550,1.0,25
Oi0008815,Ord004413,Prod00222,5.0,10
Oi0008816,Ord004414,Prod00167,1.0,5
Oi0008817,Ord004415,Prod00118,3.0,15
Oi0008818,Ord004415,Prod00514,10.0,25
Oi0008819,Ord004416,Prod00281,2.0,0
Oi0008820,Ord004417,Prod00156,10.0,15
Oi0008821,Ord004417,Prod00193,10.0,0
Oi0008822,Ord004417,Prod00426,1.0,20
Oi0008823,Ord004418,Prod00246,1.0,0
Oi0008824,Ord004418,Prod00526,3.0,25
Oi0008825,Ord004418,Prod00094,1.0,15
Oi0008827,Ord004420,Prod00461,1.0,10
Oi0008828,Ord004420,Prod00169,2.0,5
Oi0008829,Ord004421,Prod00036,3.0,15
Oi0008830,Ord004422,Prod00550,2.0,10
Oi0008831,Ord004422,Prod00138,1.0,0
Oi0008832,Ord004422,Prod00350,2.0,25
Oi0008833,Ord004423,Prod00465,1.0,15
Oi0008834,Ord004424,Prod00111,1.0,0
Oi0008835,Ord004424,Prod00329,1.0,0
Oi0008837,Ord004424,Prod00189,500.0,25
Oi0008838,Ord004425,Prod00365,4.0,15
Oi0008840,Ord004426,Prod00262,1.0,0
Oi0008841,Ord004426,Prod00450,5.0,25
Oi0008842,Ord004427,Prod00403,5.0,0
Oi0008843,Ord004428,Prod00367,2.0,15
Oi0008845,Ord004429,Prod00403,3.0,20
Oi0008846,Ord004429,Prod00237,3.0,5
Oi0008847,Ord004429,Prod00153,10.0,0
Oi0008848,Ord004430,Prod00137,4.0,15
Oi0008849,Ord004430,Prod00164,2.0,0
Oi0008850,Ord004430,Prod00486,1.0,20
Oi0008851,Ord004430,Prod00581,5.0,0
Oi0008852,Ord004431,Prod00460,2.0,10
Oi0008853,Ord004432,Prod00056,1.0,10
Oi0008854,Ord004432,Prod00159,4.0,0
Oi0008856,Ord004432,Prod00061,4.0,25
Oi0008857,Ord004433,Prod00508,2.0,25
Oi0008859,Ord004434,Prod00555,5.0,5
Oi0008860,Ord004435,Prod00240,1.0,15
Oi0008861,Ord004435,Prod00533,2.0,0
Oi0008862,Ord004435,Prod00015,1.0,0
Oi0008863,Ord004436,Prod00351,5.0,15
Oi0008865,Ord004437,Prod00074,2.0,5
Oi0008866,Ord004438,Prod00034,4.0,0
Oi0008867,Ord004438,Prod00533,10.0,0
Oi0008868,Ord004439,Prod00347,1.0,0
Oi0008869,Ord004439,Prod00447,3.0,20
Oi0008870,Ord004439,Prod00579,1.0,5
Oi0008871,Ord004439,Prod00028,5.0,15
Oi0008872,Ord004440,Prod00173,5.0,15
Oi0008873,Ord004441,Prod00560,5.0,20
Oi0008874,Ord004441,Prod00008,10.0,15
Oi0008875,Ord004442,Prod00206,4.0,15
Oi0008876,Ord004442,Prod00599,3.0,25
Oi0008878,Ord004443,Prod00187,2.0,20
Oi0008879,Ord004443,Prod00457,1.0,0
Oi0008881,Ord004445,Prod00301,1.0,25
Oi0008882,Ord004446,Prod00085,1.0,0
Oi0008883,Ord004446,Prod00587,2.0,0
Oi0008884,Ord004446,Prod00371,4.0,0
Oi0008885,Ord004447,Prod00269,2.0,10
Oi0008886,Ord004448,Prod00120,3.0,25
Oi0008887,Ord004448,Prod00062,4.0,0
Oi0008889,Ord004450,Prod00060,5.0,5
Oi0008890,Ord004450,Prod00298,2.0,20
Oi0008891,Ord004451,Prod00119,2.0,0
Oi0008892,Ord004452,Prod00326,2.0,10
Oi0008896,Ord004453,Prod00360,4.0,15
Oi0008897,Ord004454,Prod00333,4.0,0
Oi0008898,Ord004455,Prod00200,2.0,0
Oi0008899,Ord004455,Prod00458,1.0,0
Oi0008900,Ord004455,Prod00258,1.0,5
Oi0008901,Ord004455,Prod00135,5.0,10
Oi0008902,Ord004456,Prod00567,2.0,25
Oi0008904,Ord004456,Prod00224,2.0,25
Oi0008905,Ord004457,Prod00289,5.0,0
Oi0008906,Ord004457,Prod00532,2.0,15
Oi0008907,Ord004458,Prod00456,5.0,25
Oi0008909,Ord004458,Prod00010,1.0,0
Oi0008911,Ord004459,Prod00373,3.0,5
Oi0008912,Ord004459,Prod00285,4.0,0
Oi0008913,Ord004460,Prod00311,5.0,25
Oi0008914,Ord004460,Prod00270,10.0,15
Oi0008915,Ord004460,Prod00102,1.0,25
Oi0008916,Ord004461,Prod00510,1.0,20
Oi0008917,Ord004461,Prod00545,1.0,0
Oi0008918,Ord004461,Prod00112,10.0,0
Oi0008919,Ord004461,Prod00216,4.0,0
Oi0008920,Ord004462,Prod00441,3.0,0
Oi0008921,Ord004463,Prod00414,1.0,25
Oi0008922,Ord004463,Prod00492,10.0,20
Oi0008923,Ord004463,Prod00370,1.0,20
Oi0008924,Ord004463,Prod00035,4.0,25
Oi0008925,Ord004464,Prod00566,10.0,5
Oi0008926,Ord004464,Prod00143,2.0,5
Oi0008927,Ord004464,Prod00365,1.0,10
Oi0008928,Ord004465,Prod00258,3.0,15
Oi0008929,Ord004466,Prod00220,1.0,15
Oi0008930,Ord004466,Prod00476,10.0,10
Oi0008931,Ord004466,Prod00592,2.0,5
Oi0008932,Ord004467,Prod00209,5.0,20
Oi0008933,Ord004468,Prod00091,2.0,10
Oi0008934,Ord004468,Prod00159,10.0,10
Oi0008935,Ord004468,Prod00091,3.0,15
Oi0008936,Ord004468,Prod00348,3.0,20
Oi0008938,Ord004469,Prod00195,1.0,0
Oi0008939,Ord004470,Prod00523,1.0,0
Oi0008940,Ord004471,Prod00084,1.0,5
Oi0008941,Ord004472,Prod00392,10.0,10
Oi0008942,Ord004473,Prod00169,1.0,5
Oi0008943,Ord004473,Prod00540,1.0,10
Oi0008944,Ord004474,Prod00342,3.0,0
Oi0008945,Ord004475,Prod00383,3.0,0
Oi0008946,Ord004475,Prod00444,3.0,25
Oi0008947,Ord004476,Prod00207,5.0,0
Oi0008948,Ord004477,Prod00230,4.0,0
Oi0008949,Ord004478,Prod00273,10.0,0
Oi0008950,Ord004479,Prod00454,5.0,0
Oi0008951,Ord004480,Prod00437,1.0,0
Oi0008952,Ord004480,Prod00460,1.0,0
Oi0008953,Ord004481,Prod00452,10.0,0
Oi0008955,Ord004481,Prod00228,2.0,5
Oi0008956,Ord004481,Prod00177,2.0,0
Oi0008958,Ord004482,Prod00217,1.0,0
Oi0008959,Ord004482,Prod00441,2.0,10
Oi0008960,Ord004482,Prod00486,2.0,15
Oi0008961,Ord004483,Prod00135,1.0,0
Oi0008962,Ord004483,Prod00421,3.0,0
Oi0008963,Ord004484,Prod00215,10.0,25
Oi0008964,Ord004485,Prod00530,1.0,15
Oi0008965,Ord004485,Prod00376,5.0,0
Oi0008966,Ord004486,Prod00222,2.0,25
Oi0008967,Ord004486,Prod00153,10.0,20
Oi0008968,Ord004486,Prod00033,1.0,10
Oi0008969,Ord004487,Prod00557,3.0,10
Oi0008970,Ord004487,Prod00555,2.0,0
Oi0008972,Ord004488,Prod00391,1.0,0
Oi0008974,Ord004489,Prod00148,3.0,5
Oi0008975,Ord004489,Prod00260,3.0,25
Oi0008976,Ord004490,Prod00281,3.0,15
Oi0008977,Ord004491,Prod00382,1.0,25
Oi0008978,Ord004492,Prod00159,4.0,25
Oi0008979,Ord004493,Prod00141,3.0,15
Oi0008980,Ord004493,Prod00172,5.0,10
Oi0008981,Ord004494,Prod00143,2.0,0
Oi0008982,Ord004495,Prod00411,2.0,10
Oi0008983,Ord004495,Prod00394,4.0,15
Oi0008984,Ord004496,Prod00076,5.0,0
Oi0008986,Ord004497,Prod00525,2.0,10
Oi0008987,Ord004498,Prod00283,4.0,15
Oi0008988,Ord004499,Prod00405,10.0,0
Oi0008989,Ord004500,Prod00020,2.0,10
Oi0008990,Ord004501,Prod00340,2.0,10
Oi0008991,Ord004501,Prod00115,3.0,25
Oi0008994,Ord004502,Prod00511,5.0,0
Oi0008995,Ord004503,Prod00536,2.0,0
Oi0008996,Ord004504,Prod00234,2.0,10
Oi0008997,Ord004505,Prod00179,2.0,0
Oi0008998,Ord004505,Prod00493,1.0,0
Oi0008999,Ord004506,Prod00346,10.0,10
Oi0009000,Ord004506,Prod00040,1.0,10
Oi0009001,Ord004506,Prod00419,1.0,25
Oi0009003,Ord004507,Prod00200,1.0,25
Oi0009004,Ord004508,Prod00496,4.0,20
Oi0009005,Ord004509,Prod00161,5.0,0
Oi0009006,Ord004509,Prod00595,1.0,0
Oi0009007,Ord004509,Prod00305,1.0,15
Oi0009008,Ord004509,Prod00073,5.0,5
Oi0009009,Ord004510,Prod00040,5.0,15
Oi0009010,Ord004511,Prod00112,1.0,15
Oi0009012,Ord004513,Prod00267,1.0,5
Oi0009013,Ord004514,Prod00199,1.0,0
Oi0009015,Ord004515,Prod00198,10.0,0
Oi0009016,Ord004516,Prod00309,4.0,25
Oi0009017,Ord004516,Prod00270,5.0,15
Oi0009018,Ord004516,Prod00093,5.0,5
Oi0009019,Ord004516,Prod00367,2.0,10
Oi0009020,Ord004517,Prod00566,10.0,10
Oi0009021,Ord004517,Prod00002,2.0,10
Oi0009023,Ord004519,Prod00367,4.0,20
Oi0009026,Ord004520,Prod00009,3.0,0
Oi0009027,Ord004520,Prod00013,4.0,20
Oi0009028,Ord004521,Prod00340,5.0,0
Oi0009029,Ord004521,Prod00027,500.0,0
Oi0009032,Ord004522,Prod00375,2.0,15
Oi0009033,Ord004522,Prod00584,1.0,15
Oi0009034,Ord004522,Prod00109,1.0,25
Oi0009035,Ord004523,Prod00292,4.0,0
Oi0009036,Ord004523,Prod00080,1.0,0
Oi0009037,Ord004524,Prod00530,2.0,10
Oi0009039,Ord004526,Prod00033,5.0,5
Oi0009040,Ord004527,Prod00489,5.0,15
Oi0009041,Ord004528,Prod00194,1.0,0
Oi0009042,Ord004529,Prod00313,10.0,0
Oi0009043,Ord004530,Prod00303,1.0,0
Oi0009044,Ord004531,Prod00163,5.0,20
Oi0009046,Ord004532,Prod00229,10.0,0
Oi0009047,Ord004532,Prod00479,10.0,0
Oi0009048,Ord004533,Prod00028,1.0,20
Oi0009049,Ord004533,Prod00308,3.0,25
Oi0009050,Ord004533,Prod00042,3.0,0
Oi0009052,Ord004534,Prod00093,1.0,5
Oi0009053,Ord004534,Prod00443,3.0,20
Oi0009054,Ord004535,Prod00494,4.0,0
Oi0009055,Ord004535,Prod00199,1.0,5
Oi0009056,Ord004535,Prod00267,10.0,5
Oi0009057,Ord004535,Prod00021,2.0,0
Oi0009058,Ord004536,Prod00451,10.0,25
Oi0009059,Ord004537,Prod00258,1.0,0
Oi0009060,Ord004537,Prod00354,1.0,0
Oi0009061,Ord004538,Prod00420,1.0,10
Oi0009062,Ord004539,Prod00450,2.0,0
Oi0009063,Ord004539,Prod00493,2.0,0
Oi0009064,Ord004539,Prod00148,1.0,10
Oi0009065,Ord004539,Prod00376,4.0,20
Oi0009066,Ord004540,Prod00203,4.0,5
Oi0009067,Ord004540,Prod00305,3.0,10
Oi0009068,Ord004540,Prod00589,1.0,0
Oi0009069,Ord004541,Prod00162,1.0,0
Oi0009070,Ord004542,Prod00243,1.0,5
Oi0009071,Ord004542,Prod00187,4.0,25
Oi0009072,Ord004543,Prod00394,3.0,10
Oi0009073,Ord004544,Prod00027,1.0,0
Oi0009074,Ord004545,Prod00357,10.0,0
Oi0009075,Ord004545,Prod00306,1.0,15
Oi0009076,Ord004546,Prod00575,1.0,10
Oi0009078,Ord004546,Prod00320,5.0,20
Oi0009080,Ord004548,Prod00302,2.0,0
Oi0009081,Ord004548,Prod00581,5.0,25
Oi0009084,Ord004549,Prod00388,2.0,15
Oi0009085,Ord004550,Prod00144,1.0,0
Oi0009086,Ord004551,Prod00143,1.0,20
Oi0009087,Ord004551,Prod00311,5.0,5
Oi0009088,Ord004551,Prod00383,2.0,5
Oi0009089,Ord004551,Prod00452,1.0,5
Oi0009090,Ord004552,Prod00003,2.0,20
Oi0009091,Ord004552,Prod00033,4.0,0
Oi0009092,Ord004553,Prod00329,1.0,5
Oi0009093,Ord004554,Prod00089,1.0,0
Oi0009094,Ord004554,Prod00415,1.0,5
Oi0009095,Ord004554,Prod00580,4.0,5
Oi0009097,Ord004556,Prod00582,2.0,10
Oi0009100,Ord004558,Prod00432,1.0,25
Oi0009101,Ord004558,Prod00182,5.0,15
Oi0009102,Ord004558,Prod00307,10.0,0
Oi0009103,Ord004559,Prod00373,2.0,15
Oi0009104,Ord004560,Prod00326,2.0,20
Oi0009105,Ord004561,Prod00586,2.0,0
Oi0009106,Ord004562,Prod00577,1.0,0
Oi0009107,Ord004562,Prod00239,1.0,0
Oi0009108,Ord004562,Prod00574,10.0,20
Oi0009109,Ord004562,Prod00175,2.0,0
Oi0009110,Ord004563,Prod00008,10.0,20
Oi0009111,Ord004563,Prod00374,4.0,5
Oi0009112,Ord004564,Prod00196,1.0,25
Oi0009114,Ord004565,Prod00475,10.0,0
Oi0009115,Ord004565,Prod00432,2.0,0
Oi0009116,Ord004566,Prod00409,4.0,25
Oi0009117,Ord004567,Prod00485,5.0,0
Oi0009118,Ord004567,Prod00497,5.0,15
Oi0009119,Ord004568,Prod00011,3.0,15
Oi0009120,Ord004568,Prod00045,2.0,25
Oi0009121,Ord004568,Prod00143,1.0,0
Oi0009122,Ord004569,Prod00234,1.0,0
Oi0009124,Ord004569,Prod00392,3.0,20
Oi0009125,Ord004569,Prod00083,2.0,20
Oi0009126,Ord004570,Prod00265,3.0,10
Oi0009128,Ord004571,Prod00385,2.0,0
Oi0009129,Ord004572,Prod00207,2.0,20
Oi0009130,Ord004573,Prod00158,3.0,15
Oi0009131,Ord004574,Prod00290,1.0,0
Oi0009132,Ord004574,Prod00213,1.0,15
Oi0009133,Ord004575,Prod00002,1.0,25
Oi0009135,Ord004576,Prod00402,4.0,10
Oi0009136,Ord004577,Prod00191,5.0,10
Oi0009137,Ord004577,Prod00067,5.0,0
Oi0009138,Ord004578,Prod00430,10.0,5
Oi0009140,Ord004579,Prod00395,2.0,15
Oi0009141,Ord004580,Prod00559,10.0,0
Oi0009143,Ord004580,Prod00234,2.0,25
Oi0009144,Ord004580,Prod00365,1.0,10
Oi0009145,Ord004581,Prod00357,5.0,10
Oi0009146,Ord004582,Prod00059,1.0,25
Oi0009147,Ord004582,Prod00060,5.0,25
Oi0009148,Ord004582,Prod00314,5.0,0
Oi0009149,Ord004583,Prod00313,3.0,0
Oi0009150,Ord004584,Prod00446,1.0,0
Oi0009151,Ord004584,Prod00545,5.0,0
Oi0009152,Ord004584,Prod00446,5.0,25
Oi0009153,Ord004585,Prod00089,3.0,5
Oi0009154,Ord004585,Prod00464,1.0,0
Oi0009155,Ord004586,Prod00236,2.0,15
Oi0009156,Ord004586,Prod00240,1.0,0
Oi0009157,Ord004586,Prod00239,2.0,0
Oi0009158,Ord004586,Prod00366,2.0,20
Oi0009159,Ord004587,Prod00018,3.0,15
Oi0009160,Ord004587,Prod00288,2.0,0
Oi0009161,Ord004587,Prod00076,1.0,10
Oi0009163,Ord004588,Prod00540,1.0,15
Oi0009164,Ord004588,Prod00454,1.0,25
Oi0009165,Ord004589,Prod00001,3.0,25
Oi0009166,Ord004590,Prod00145,1.0,0
Oi0009167,Ord004590,Prod00463,1.0,20
Oi0009168,Ord004591,Prod00063,1.0,5
Oi0009169,Ord004591,Prod00485,4.0,0
Oi0009170,Ord004592,Prod00159,4.0,20
Oi0009171,Ord004592,Prod00580,10.0,5
Oi0009172,Ord004592,Prod00473,3.0,0
Oi0009173,Ord004592,Prod00200,3.0,20
Oi0009174,Ord004593,Prod00373,1.0,0
Oi0009175,Ord004593,Prod00519,2.0,15
Oi0009176,Ord004593,Prod00409,2.0,0
Oi0009177,Ord004594,Prod00109,2.0,0
Oi0009179,Ord004594,Prod00024,5.0,0
Oi0009180,Ord004595,Prod00333,5.0,20
Oi0009181,Ord004596,Prod00412,2.0,15
Oi0009184,Ord004597,Prod00041,2.0,10
Oi0009185,Ord004597,Prod00212,1.0,10
Oi0009186,Ord004598,Prod00136,10.0,10
Oi0009187,Ord004598,Prod00272,1.0,5
Oi0009188,Ord004598,Prod00286,4.0,0
Oi0009189,Ord004598,Prod00141,1.0,10
Oi0009190,Ord004599,Prod00369,2.0,20
Oi0009191,Ord004599,Prod00094,3.0,0
Oi0009193,Ord004600,Prod00049,4.0,25
Oi0009195,Ord004600,Prod00096,10.0,10
Oi0009196,Ord004601,Prod00153,2.0,20
Oi0009198,Ord004602,Prod00441,1.0,0
Oi0009199,Ord004602,Prod00049,3.0,25
Oi0009200,Ord004603,Prod00061,5.0,20
Oi0009201,Ord004604,Prod00561,1.0,10
Oi0009202,Ord004604,Prod00090,3.0,0
Oi0009203,Ord004605,Prod00312,10.0,15
Oi0009204,Ord004606,Prod00049,4.0,0
Oi0009205,Ord004606,Prod00333,10.0,10
Oi0009206,Ord004606,Prod00503,1.0,5
Oi0009208,Ord004607,Prod00393,2.0,20
Oi0009210,Ord004607,Prod00110,1.0,5
Oi0009211,Ord004608,Prod00294,3.0,0
Oi0009212,Ord004609,Prod00540,2.0,20
Oi0009213,Ord004610,Prod00556,5.0,25
Oi0009214,Ord004610,Prod00195,1.0,0
Oi0009215,Ord004611,Prod00464,5.0,20
Oi0009217,Ord004612,Prod00534,2.0,5
Oi0009218,Ord004612,Prod00476,3.0,10
Oi0009220,Ord004614,Prod00302,10.0,10
Oi0009222,Ord004615,Prod00291,10.0,0
Oi0009223,Ord004616,Prod00172,5.0,0
Oi0009224,Ord004616,Prod00423,1.0,20
Oi0009225,Ord004616,Prod00025,1.0,20
Oi0009226,Ord004616,Prod00128,5.0,5
Oi0009227,Ord004617,Prod00309,4.0,0
Oi0009228,Ord004617,Prod00531,3.0,15
Oi0009229,Ord004617,Prod00271,10.0,25
Oi0009230,Ord004618,Prod00126,1.0,0
Oi0009231,Ord004619,Prod00348,2.0,10
Oi0009232,Ord004620,Prod00135,4.0,15
Oi0009233,Ord004621,Prod00029,2.0,25
Oi0009234,Ord004621,Prod00209,2.0,0
Oi0009235,Ord004621,Prod00151,2.0,10
Oi0009236,Ord004622,Prod00016,2.0,15
Oi0009237,Ord004622,Prod00252,1.0,0
Oi0009239,Ord004623,Prod00230,1.0,0
Oi0009240,Ord004623,Prod00367,1.0,5
Oi0009241,Ord004623,Prod00383,4.0,0
Oi0009242,Ord004624,Prod00533,1.0,20
Oi0009243,Ord004625,Prod00133,1.0,5
Oi0009244,Ord004625,Prod00500,2.0,20
Oi0009245,Ord004625,Prod00560,1.0,5
Oi0009246,Ord004626,Prod00267,1.0,20
Oi0009247,Ord004627,Prod00043,4.0,25
Oi0009248,Ord004628,Prod00591,1.0,5
Oi0009249,Ord004628,Prod00141,10.0,15
Oi0009250,Ord004628,Prod00226,4.0,0
Oi0009251,Ord004628,Prod00369,1.0,0
Oi0009252,Ord004629,Prod00163,1.0,0
Oi0009253,Ord004629,Prod00383,1.0,25
Oi0009254,Ord004629,Prod00182,1.0,0
Oi0009255,Ord004629,Prod00566,1.0,0
Oi0009259,Ord004632,Prod00369,1.0,15
Oi0009260,Ord004633,Prod00584,1.0,25
Oi0009261,Ord004633,Prod00593,1.0,10
Oi0009262,Ord004633,Prod00448,1.0,5
Oi0009263,Ord004634,Prod00597,10.0,15
Oi0009264,Ord004635,Prod00234,2.0,0
Oi0009265,Ord004635,Prod00374,2.0,5
Oi0009266,Ord004636,Prod00547,4.0,5
Oi0009267,Ord004636,Prod00067,1.0,5
Oi0009269,Ord004636,Prod00501,4.0,0
Oi0009270,Ord004637,Prod00081,1.0,5
Oi0009271,Ord004637,Prod00168,1.0,5
Oi0009272,Ord004637,Prod00063,1.0,0
Oi0009273,Ord004637,Prod00199,1.0,0
Oi0009274,Ord004638,Prod00183,3.0,5
Oi0009275,Ord004639,Prod00097,10.0,25
Oi0009277,Ord004639,Prod00152,4.0,0
Oi0009278,Ord004639,Prod00458,4.0,0
Oi0009279,Ord004640,Prod00024,5.0,15
Oi0009280,Ord004641,Prod00527,3.0,20
Oi0009281,Ord004641,Prod00149,10.0,0
Oi0009282,Ord004641,Prod00144,2.0,25
Oi0009283,Ord004642,Prod00045,1.0,25
Oi0009284,Ord004642,Prod00054,1.0,10
Oi0009285,Ord004643,Prod00151,1.0,15
Oi0009286,Ord004644,Prod00321,1.0,0
Oi0009287,Ord004644,Prod00070,1.0,0
Oi0009288,Ord004644,Prod00259,10.0,0
Oi0009289,Ord004645,Prod00137,2.0,0
Oi0009290,Ord004645,Prod00571,2.0,5
Oi0009291,Ord004645,Prod00394,1.0,0
Oi0009293,Ord004646,Prod00577,1.0,20
Oi0009294,Ord004646,Prod00166,1.0,25
Oi0009295,Ord004646,Prod00117,1.0,0
Oi0009296,Ord004647,Prod00393,2.0,10
Oi0009297,Ord004647,Prod00537,1.0,5
Oi0009298,Ord004647,Prod00308,5.0,25
Oi0009299,Ord004647,Prod00127,5.0,0
Oi0009300,Ord004648,Prod00242,3.0,0
Oi0009301,Ord004648,Prod00283,2.0,0
Oi0009302,Ord004648,Prod00481,2.0,10
Oi0009303,Ord004649,Prod00360,3.0,5
Oi0009304,Ord004649,Prod00358,2.0,0
Oi0009305,Ord004649,Prod00455,1.0,5
Oi0009307,Ord004650,Prod00129,1.0,0
Oi0009308,Ord004650,Prod00271,10.0,0
Oi0009309,Ord004651,Prod00234,5.0,0
Oi0009310,Ord004651,Prod00143,1.0,0
Oi0009311,Ord004652,Prod00274,2.0,0
Oi0009313,Ord004653,Prod00055,10.0,15
Oi0009314,Ord004653,Prod00343,2.0,0
Oi0009315,Ord004654,Prod00454,2.0,0
Oi0009317,Ord004656,Prod00215,1.0,0
Oi0009319,Ord004657,Prod00552,1.0,5
Oi0009320,Ord004657,Prod00316,1.0,5
Oi0009321,Ord004657,Prod00236,1.0,25
Oi0009322,Ord004658,Prod00168,5.0,10
Oi0009323,Ord004658,Prod00319,1.0,10
Oi0009324,Ord004659,Prod00446,2.0,20
Oi0009325,Ord004659,Prod00070,5.0,5
Oi0009326,Ord004659,Prod00242,3.0,5
Oi0009327,Ord004659,Prod00054,1.0,0
Oi0009329,Ord004661,Prod00477,1.0,15
Oi0009330,Ord004661,Prod00103,4.0,0
Oi0009332,Ord004662,Prod00076,5.0,0
Oi0009333,Ord004663,Prod00540,1.0,0
Oi0009334,Ord004663,Prod00068,5.0,15
Oi0009335,Ord004664,Prod00118,2.0,0
Oi0009336,Ord004665,Prod00245,3.0,10
Oi0009337,Ord004665,Prod00162,1.0,15
Oi0009339,Ord004667,Prod00112,4.0,20
Oi0009340,Ord004667,Prod00525,5.0,0
Oi0009341,Ord004668,Prod00537,3.0,20
Oi0009343,Ord004669,Prod00443,1.0,20
Oi0009344,Ord004669,Prod00373,2.0,25
Oi0009345,Ord004669,Prod00085,3.0,20
Oi0009346,Ord004670,Prod00490,1.0,5
Oi0009347,Ord004670,Prod00481,10.0,25
Oi0009348,Ord004670,Prod00293,1.0,5
Oi0009351,Ord004671,Prod00178,1.0,5
Oi0009352,Ord004671,Prod00552,1.0,10
Oi0009355,Ord004673,Prod00142,3.0,0
Oi0009356,Ord004674,Prod00355,4.0,0
Oi0009357,Ord004675,Prod00004,2.0,0
Oi0009358,Ord004676,Prod00262,5.0,25
Oi0009359,Ord004676,Prod00429,2.0,5
Oi0009361,Ord004677,Prod00231,3.0,25
Oi0009362,Ord004677,Prod00082,1.0,0
Oi0009364,Ord004678,Prod00355,10.0,15
Oi0009365,Ord004678,Prod00030,10.0,15
Oi0009367,Ord004678,Prod00062,4.0,20
Oi0009368,Ord004679,Prod00504,5.0,15
Oi0009371,Ord004681,Prod00416,1.0,15
Oi0009372,Ord004682,Prod00336,1.0,0
Oi0009373,Ord004683,Prod00349,3.0,0
Oi0009374,Ord004683,Prod00248,3.0,15
Oi0009375,Ord004683,Prod00343,2.0,0
Oi0009376,Ord004683,Prod00595,1.0,0
Oi0009378,Ord004685,Prod00247,2.0,10
Oi0009379,Ord004686,Prod00039,2.0,0
Oi0009380,Ord004686,Prod00479,1.0,25
Oi0009381,Ord004687,Prod00552,1.0,15
Oi0009382,Ord004687,Prod00510,2.0,10
Oi0009383,Ord004688,Prod00534,4.0,25
Oi0009384,Ord004688,Prod00099,4.0,0
Oi0009385,Ord004689,Prod00195,1.0,20
Oi0009386,Ord004690,Prod00255,1.0,0
Oi0009387,Ord004691,Prod00599,2.0,20
Oi0009388,Ord004692,Prod00360,5.0,0
Oi0009389,Ord004692,Prod00419,1.0,10
Oi0009390,Ord004692,Prod00260,1.0,20
Oi0009391,Ord004693,Prod00011,2.0,10
Oi0009393,Ord004693,Prod00202,2.0,15
Oi0009394,Ord004693,Prod00420,1.0,0
Oi0009395,Ord004694,Prod00383,1.0,0
Oi0009396,Ord004694,Prod00556,10.0,25
Oi0009397,Ord004694,Prod00151,3.0,0
Oi0009398,Ord004694,Prod00594,10.0,25
Oi0009399,Ord004695,Prod00142,4.0,25
Oi0009400,Ord004695,Prod00344,4.0,0
Oi0009402,Ord004697,Prod00275,2.0,20
Oi0009403,Ord004698,Prod00005,2.0,15
Oi0009404,Ord004699,Prod00325,4.0,0
Oi0009405,Ord004700,Prod00339,1.0,25
Oi0009407,Ord004701,Prod00006,3.0,5
Oi0009408,Ord004701,Prod00391,1.0,0
Oi0009409,Ord004701,Prod00247,10.0,0
Oi0009410,Ord004702,Prod00524,4.0,25
Oi0009411,Ord004702,Prod00130,3.0,0
Oi0009412,Ord004703,Prod00418,2.0,15
Oi0009413,Ord004704,Prod00133,3.0,0
Oi0009414,Ord004704,Prod00142,4.0,10
Oi0009415,Ord004705,Prod00551,2.0,0
Oi0009416,Ord004706,Prod00321,2.0,10
Oi0009417,Ord004706,Prod00293,3.0,10
Oi0009418,Ord004707,Prod00206,2.0,20
Oi0009419,Ord004708,Prod00218,3.0,10
Oi0009420,Ord004709,Prod00484,2.0,10
Oi0009421,Ord004709,Prod00439,5.0,10
Oi0009422,Ord004709,Prod00229,3.0,5
Oi0009423,Ord004710,Prod00176,10.0,15
Oi0009424,Ord004711,Prod00490,5.0,0
Oi0009425,Ord004712,Prod00408,5.0,20
Oi0009427,Ord004712,Prod00044,10.0,20
Oi0009428,Ord004712,Prod00003,2.0,20
Oi0009429,Ord004713,Prod00460,1.0,0
Oi0009430,Ord004713,Prod00575,5.0,0
Oi0009431,Ord004713,Prod00510,10.0,0
Oi0009432,Ord004714,Prod00158,3.0,15
Oi0009433,Ord004714,Prod00589,5.0,15
Oi0009434,Ord004715,Prod00557,2.0,15
Oi0009435,Ord004716,Prod00413,4.0,0
Oi0009436,Ord004717,Prod00067,10.0,0
Oi0009437,Ord004717,Prod00357,10.0,0
Oi0009440,Ord004718,Prod00240,5.0,20
Oi0009441,Ord004719,Prod00567,1.0,0
Oi0009442,Ord004719,Prod00585,1.0,10
Oi0009443,Ord004720,Prod00093,2.0,5
Oi0009444,Ord004720,Prod00452,2.0,20
Oi0009445,Ord004720,Prod00221,1.0,25
Oi0009446,Ord004720,Prod00403,2.0,20
Oi0009448,Ord004721,Prod00552,1.0,0
Oi0009449,Ord004721,Prod00309,1.0,20
Oi0009450,Ord004721,Prod00294,2.0,0
Oi0009451,Ord004722,Prod00571,1.0,5
Oi0009452,Ord004723,Prod00215,2.0,0
Oi0009454,Ord004725,Prod00277,4.0,25
Oi0009455,Ord004726,Prod00170,5.0,15
Oi0009456,Ord004727,Prod00341,1.0,15
Oi0009457,Ord004727,Prod00303,1.0,0
Oi0009458,Ord004727,Prod00020,2.0,0
Oi0009459,Ord004727,Prod00066,10.0,25
Oi0009460,Ord004728,Prod00480,2.0,0
Oi0009461,Ord004728,Prod00496,1.0,0
Oi0009462,Ord004728,Prod00211,4.0,0
Oi0009463,Ord004729,Prod00398,2.0,20
Oi0009464,Ord004730,Prod00056,10.0,0
Oi0009465,Ord004730,Prod00237,4.0,20
Oi0009466,Ord004731,Prod00468,10.0,10
Oi0009468,Ord004732,Prod00367,10.0,0
Oi0009469,Ord004732,Prod00176,1.0,20
Oi0009470,Ord004733,Prod00302,2.0,0
Oi0009471,Ord004733,Prod00019,1.0,15
Oi0009472,Ord004733,Prod00312,2.0,0
Oi0009473,Ord004734,Prod00489,5.0,0
Oi0009475,Ord004734,Prod00523,10.0,0
Oi0009476,Ord004735,Prod00016,3.0,0
Oi0009477,Ord004735,Prod00347,1.0,0
Oi0009478,Ord004736,Prod00419,1.0,25
Oi0009479,Ord004737,Prod00148,10.0,20
Oi0009480,Ord004737,Prod00293,4.0,0
Oi0009481,Ord004737,Prod00099,4.0,0
Oi0009482,Ord004738,Prod00446,2.0,0
Oi0009483,Ord004738,Prod00380,2.0,25
Oi0009484,Ord004739,Prod00268,3.0,5
Oi0009486,Ord004740,Prod00196,3.0,0
Oi0009487,Ord004740,Prod00157,1.0,20
Oi0009488,Ord004740,Prod00002,5.0,5
Oi0009489,Ord004740,Prod00278,4.0,0
Oi0009491,Ord004741,Prod00362,500.0,5
Oi0009492,Ord004741,Prod00476,1.0,5
Oi0009493,Ord004742,Prod00548,1.0,20
Oi0009494,Ord004742,Prod00310,1.0,10
Oi0009495,Ord004742,Prod00068,1.0,15
Oi0009497,Ord004743,Prod00306,2.0,10
Oi0009498,Ord004743,Prod00078,5.0,0
Oi0009500,Ord004745,Prod00384,3.0,0
Oi0009501,Ord004746,Prod00413,5.0,25
Oi0009502,Ord004747,Prod00427,2.0,20
Oi0009503,Ord004747,Prod00168,10.0,0
Oi0009504,Ord004747,Prod00478,10.0,0
Oi0009505,Ord004747,Prod00215,3.0,5
Oi0009506,Ord004748,Prod00194,2.0,5
Oi0009507,Ord004749,Prod00055,2.0,10
Oi0009508,Ord004749,Prod00281,3.0,0
Oi0009509,Ord004749,Prod00596,2.0,20
Oi0009510,Ord004749,Prod00468,4.0,0
Oi0009511,Ord004750,Prod00167,2.0,0
Oi0009512,Ord004751,Prod00389,2.0,15
Oi0009513,Ord004751,Prod00309,1.0,0
Oi0009514,Ord004752,Prod00387,2.0,5
Oi0009515,Ord004752,Prod00594,1.0,0
Oi0009516,Ord004752,Prod00456,2.0,0
Oi0009517,Ord004752,Prod00485,1.0,5
Oi0009518,Ord004753,Prod00053,4.0,15
Oi0009519,Ord004753,Prod00006,4.0,25
Oi0009520,Ord004753,Prod00455,4.0,25
Oi0009522,Ord004754,Prod00276,1.0,15
Oi0009523,Ord004755,Prod00102,1.0,0
Oi0009525,Ord004757,Prod00528,10.0,10
Oi0009526,Ord004757,Prod00007,1.0,25
Oi0009527,Ord004758,Prod00437,1.0,0
Oi0009528,Ord004758,Prod00163,10.0,25
Oi0009529,Ord004758,Prod00177,2.0,0
Oi0009530,Ord004759,Prod00044,1.0,0
Oi0009531,Ord004760,Prod00296,1.0,25
Oi0009532,Ord004760,Prod00286,1.0,0
Oi0009533,Ord004761,Prod00202,1.0,0
Oi0009534,Ord004762,Prod00066,1.0,10
Oi0009535,Ord004762,Prod00536,1.0,10
Oi0009536,Ord004763,Prod00091,1.0,15
Oi0009538,Ord004764,Prod00330,2.0,0
Oi0009539,Ord004764,Prod00557,2.0,5
Oi0009540,Ord004765,Prod00558,2.0,25
Oi0009542,Ord004766,Prod00493,1.0,0
Oi0009543,Ord004766,Prod00066,1.0,15
Oi0009545,Ord004767,Prod00503,3.0,0
Oi0009547,Ord004769,Prod00513,5.0,10
Oi0009548,Ord004769,Prod00457,4.0,25
Oi0009550,Ord004770,Prod00059,5.0,15
Oi0009551,Ord004771,Prod00551,3.0,0
Oi0009552,Ord004772,Prod00292,1.0,0
Oi0009554,Ord004773,Prod00545,5.0,0
Oi0009555,Ord004773,Prod00579,1.0,25
Oi0009556,Ord004774,Prod00198,2.0,5
Oi0009557,Ord004775,Prod00475,10.0,0
Oi0009558,Ord004776,Prod00070,1.0,0
Oi0009559,Ord004777,Prod00031,3.0,25
Oi0009560,Ord004777,Prod00340,1.0,0
Oi0009561,Ord004777,Prod00110,1.0,10
Oi0009562,Ord004778,Prod00177,4.0,10
Oi0009565,Ord004779,Prod00597,1.0,20
Oi0009566,Ord004780,Prod00551,2.0,5
Oi0009567,Ord004780,Prod00455,1.0,0
Oi0009568,Ord004781,Prod00490,1.0,0
Oi0009569,Ord004781,Prod00130,4.0,15
Oi0009570,Ord004782,Prod00577,10.0,5
Oi0009571,Ord004782,Prod00459,1.0,25
Oi0009572,Ord004782,Prod00540,3.0,15
Oi0009573,Ord004783,Prod00116,2.0,0
Oi0009574,Ord004784,Prod00438,4.0,0
Oi0009575,Ord004784,Prod00278,1.0,0
Oi0009576,Ord004784,Prod00098,1.0,20
Oi0009578,Ord004786,Prod00254,1.0,15
Oi0009580,Ord004786,Prod00245,1.0,5
Oi0009581,Ord004786,Prod00139,10.0,20
Oi0009582,Ord004787,Prod00390,1.0,0
Oi0009584,Ord004787,Prod00232,5.0,10
Oi0009585,Ord004787,Prod00324,3.0,25
Oi0009586,Ord004788,Prod00460,2.0,20
Oi0009587,Ord004789,Prod00446,3.0,0
Oi0009588,Ord004789,Prod00105,1.0,0
Oi0009589,Ord004789,Prod00111,10.0,0
Oi0009590,Ord004789,Prod00308,5.0,10
Oi0009591,Ord004790,Prod00593,5.0,25
Oi0009592,Ord004790,Prod00150,2.0,0
Oi0009593,Ord004791,Prod00467,1.0,0
Oi0009594,Ord004791,Prod00220,5.0,0
Oi0009596,Ord004792,Prod00166,5.0,0
Oi0009597,Ord004792,Prod00494,2.0,0
Oi0009598,Ord004792,Prod00429,10.0,10
Oi0009599,Ord004793,Prod00044,4.0,10
Oi0009600,Ord004793,Prod00019,2.0,25
Oi0009601,Ord004793,Prod00076,2.0,20
Oi0009602,Ord004794,Prod00553,3.0,10
Oi0009603,Ord004794,Prod00059,4.0,5
Oi0009604,Ord004795,Prod00001,1.0,0
Oi0009605,Ord004796,Prod00096,2.0,20
Oi0009606,Ord004796,Prod00472,2.0,25
Oi0009608,Ord004797,Prod00507,2.0,10
Oi0009610,Ord004798,Prod00562,1.0,25
Oi0009611,Ord004798,Prod00327,2.0,20
Oi0009612,Ord004798,Prod00101,3.0,10
Oi0009615,Ord004801,Prod00277,4.0,0
Oi0009616,Ord004802,Prod00447,1.0,20
Oi0009617,Ord004802,Prod00225,10.0,0
Oi0009618,Ord004803,Prod00005,1.0,20
Oi0009619,Ord004804,Prod00381,5.0,25
Oi0009622,Ord004804,Prod00164,4.0,15
Oi0009623,Ord004805,Prod00047,2.0,5
Oi0009624,Ord004805,Prod00105,2.0,10
Oi0009625,Ord004805,Prod00555,5.0,10
Oi0009626,Ord004806,Prod00061,10.0,10
Oi0009627,Ord004807,Prod00464,1.0,25
Oi0009628,Ord004807,Prod00595,10.0,0
Oi0009629,Ord004808,Prod00534,10.0,10
Oi0009630,Ord004809,Prod00559,1.0,0
Oi0009631,Ord004810,Prod00369,5.0,0
Oi0009633,Ord004810,Prod00091,5.0,20
Oi0009634,Ord004811,Prod00546,2.0,0
Oi0009635,Ord004811,Prod00575,2.0,25
Oi0009636,Ord004812,Prod00132,2.0,0
Oi0009637,Ord004812,Prod00296,2.0,20
Oi0009638,Ord004813,Prod00014,10.0,20
Oi0009640,Ord004813,Prod00008,10.0,0
Oi0009642,Ord004814,Prod00432,1.0,10
Oi0009643,Ord004814,Prod00110,1.0,10
Oi0009644,Ord004814,Prod00415,3.0,0
Oi0009645,Ord004814,Prod00494,4.0,15
Oi0009646,Ord004815,Prod00450,10.0,10
Oi0009647,Ord004815,Prod00209,5.0,25
Oi0009648,Ord004815,Prod00349,1.0,10
Oi0009649,Ord004816,Prod00452,2.0,25
Oi0009650,Ord004817,Prod00217,1.0,10
Oi0009651,Ord004817,Prod00021,1.0,10
Oi0009652,Ord004817,Prod00037,5.0,0
Oi0009653,Ord004818,Prod00220,1.0,20
Oi0009655,Ord004820,Prod00174,3.0,5
Oi0009657,Ord004821,Prod00392,1.0,10
Oi0009658,Ord004822,Prod00054,5.0,0
Oi0009659,Ord004822,Prod00014,2.0,15
Oi0009660,Ord004823,Prod00460,4.0,0
Oi0009661,Ord004823,Prod00084,10.0,5
Oi0009662,Ord004824,Prod00519,2.0,0
Oi0009663,Ord004825,Prod00574,5.0,0
Oi0009664,Ord004826,Prod00102,1.0,25
Oi0009665,Ord004827,Prod00432,10.0,5
Oi0009666,Ord004827,Prod00246,1.0,15
Oi0009667,Ord004827,Prod00130,4.0,25
Oi0009669,Ord004828,Prod00140,2.0,20
Oi0009670,Ord004828,Prod00030,5.0,5
Oi0009671,Ord004828,Prod00503,2.0,15
Oi0009672,Ord004829,Prod00421,1.0,10
Oi0009674,Ord004829,Prod00156,1.0,20
Oi0009675,Ord004830,Prod00581,1.0,0
Oi0009677,Ord004831,Prod00242,2.0,10
Oi0009678,Ord004831,Prod00297,10.0,0
Oi0009679,Ord004832,Prod00027,10.0,0
Oi0009680,Ord004832,Prod00072,2.0,0
Oi0009681,Ord004832,Prod00225,4.0,15
Oi0009682,Ord004832,Prod00037,1.0,15
Oi0009686,Ord004834,Prod00564,2.0,10
Oi0009687,Ord004834,Prod00306,1.0,25
Oi0009689,Ord004834,Prod00141,1.0,0
Oi0009690,Ord004835,Prod00234,4.0,25
Oi0009691,Ord004835,Prod00009,2.0,5
Oi0009692,Ord004836,Prod00129,4.0,0
Oi0009693,Ord004836,Prod00329,1.0,20
Oi0009694,Ord004836,Prod00021,2.0,25
Oi0009696,Ord004837,Prod00403,3.0,10
Oi0009697,Ord004837,Prod00586,5.0,0
Oi0009698,Ord004838,Prod00153,1.0,0
Oi0009699,Ord004838,Prod00115,3.0,0
Oi0009700,Ord004839,Prod00164,10.0,25
Oi0009701,Ord004840,Prod00492,3.0,0
Oi0009702,Ord004841,Prod00424,3.0,20
Oi0009703,Ord004842,Prod00107,10.0,0
Oi0009704,Ord004843,Prod00042,4.0,0
Oi0009705,Ord004843,Prod00469,3.0,15
Oi0009706,Ord004843,Prod00290,2.0,0
Oi0009707,Ord004843,Prod00545,5.0,15
Oi0009708,Ord004844,Prod00231,5.0,5
Oi0009709,Ord004845,Prod00067,5.0,0
Oi0009710,Ord004845,Prod00161,2.0,25
Oi0009711,Ord004846,Prod00003,3.0,10
Oi0009713,Ord004847,Prod00577,4.0,0
Oi0009714,Ord004847,Prod00123,4.0,0
Oi0009715,Ord004847,Prod00311,2.0,5
Oi0009718,Ord004848,Prod00037,1.0,5
Oi0009719,Ord004848,Prod00489,1.0,20
Oi0009721,Ord004850,Prod00492,1.0,0
Oi0009722,Ord004850,Prod00430,1.0,5
Oi0009724,Ord004851,Prod00018,1.0,15
Oi0009726,Ord004851,Prod00562,3.0,0
Oi0009727,Ord004852,Prod00497,1.0,0
Oi0009728,Ord004852,Prod00340,1.0,0
Oi0009730,Ord004852,Prod00539,2.0,10
Oi0009731,Ord004853,Prod00541,2.0,0
Oi0009733,Ord004853,Prod00484,1.0,15
Oi0009734,Ord004854,Prod00540,2.0,25
Oi0009735,Ord004854,Prod00598,4.0,0
Oi0009736,Ord004855,Prod00595,3.0,25
Oi0009737,Ord004855,Prod00297,10.0,25
Oi0009738,Ord004855,Prod00459,10.0,0
Oi0009739,Ord004856,Prod00441,2.0,5
Oi0009740,Ord004857,Prod00138,5.0,15
Oi0009741,Ord004858,Prod00207,2.0,25
Oi0009742,Ord004859,Prod00327,3.0,25
Oi0009743,Ord004859,Prod00144,5.0,25
Oi0009744,Ord004860,Prod00132,10.0,0
Oi0009745,Ord004861,Prod00199,1.0,20
Oi0009746,Ord004861,Prod00514,3.0,25
Oi0009747,Ord004861,Prod00171,2.0,10
Oi0009748,Ord004862,Prod00575,1.0,25
Oi0009749,Ord004862,Prod00013,1.0,10
Oi0009750,Ord004863,Prod00038,3.0,20
Oi0009751,Ord004864,Prod00463,2.0,15
Oi0009752,Ord004865,Prod00080,2.0,10
Oi0009753,Ord004865,Prod00117,1.0,25
Oi0009754,Ord004866,Prod00266,2.0,25
Oi0009755,Ord004866,Prod00257,3.0,0
Oi0009756,Ord004867,Prod00088,2.0,0
Oi0009757,Ord004867,Prod00177,4.0,15
Oi0009758,Ord004868,Prod00315,2.0,20
Oi0009759,Ord004869,Prod00438,5.0,0
Oi0009760,Ord004869,Prod00172,3.0,0
Oi0009761,Ord004870,Prod00085,1.0,10
Oi0009762,Ord004870,Prod00307,1.0,0
Oi0009763,Ord004870,Prod00393,1.0,0
Oi0009764,Ord004871,Prod00187,3.0,5
Oi0009765,Ord004871,Prod00445,1.0,20
Oi0009766,Ord004871,Prod00165,1.0,10
Oi0009768,Ord004872,Prod00592,4.0,20
Oi0009769,Ord004873,Prod00581,2.0,0
Oi0009770,Ord004873,Prod00373,3.0,0
Oi0009771,Ord004874,Prod00238,4.0,0
Oi0009773,Ord004874,Prod00537,2.0,15
Oi0009774,Ord004874,Prod00423,5.0,0
Oi0009776,Ord004875,Prod00085,1.0,0
Oi0009778,Ord004876,Prod00347,1.0,5
Oi0009779,Ord004876,Prod00288,1.0,25
Oi0009780,Ord004876,Prod00184,1.0,0
Oi0009782,Ord004877,Prod00370,1.0,0
Oi0009783,Ord004877,Prod00205,4.0,0
Oi0009784,Ord004877,Prod00045,3.0,0
Oi0009785,Ord004878,Prod00483,3.0,5
Oi0009786,Ord004879,Prod00407,1.0,0
Oi0009787,Ord004880,Prod00562,5.0,0
Oi0009788,Ord004881,Prod00408,4.0,25
Oi0009789,Ord004881,Prod00524,2.0,5
Oi0009790,Ord004882,Prod00147,3.0,10
Oi0009791,Ord004883,Prod00356,2.0,5
Oi0009792,Ord004883,Prod00546,2.0,0
Oi0009793,Ord004884,Prod00324,1.0,0
Oi0009795,Ord004884,Prod00083,1.0,20
Oi0009796,Ord004885,Prod00267,2.0,5
Oi0009797,Ord004885,Prod00089,3.0,0
Oi0009798,Ord004885,Prod00079,3.0,0
Oi0009800,Ord004886,Prod00498,5.0,25
Oi0009802,Ord004887,Prod00317,10.0,0
Oi0009803,Ord004888,Prod00464,2.0,15
Oi0009804,Ord004889,Prod00113,2.0,20
Oi0009805,Ord004889,Prod00552,1.0,0
Oi0009806,Ord004889,Prod00301,2.0,20
Oi0009808,Ord004890,Prod00321,1.0,15
Oi0009809,Ord004890,Prod00569,1.0,15
Oi0009810,Ord004891,Prod00036,5.0,0
Oi0009811,Ord004891,Prod00502,5.0,0
Oi0009812,Ord004892,Prod00556,5.0,25
Oi0009813,Ord004893,Prod00558,10.0,20
Oi0009814,Ord004893,Prod00337,1.0,20
Oi0009815,Ord004894,Prod00142,3.0,0
Oi0009817,Ord004896,Prod00418,1.0,20
Oi0009818,Ord004896,Prod00568,3.0,0
Oi0009819,Ord004896,Prod00568,1.0,10
Oi0009820,Ord004897,Prod00320,5.0,0
Oi0009822,Ord004897,Prod00027,500.0,5
Oi0009823,Ord004898,Prod00587,1.0,25
Oi0009824,Ord004899,Prod00200,4.0,15
Oi0009825,Ord004900,Prod00218,2.0,0
Oi0009826,Ord004900,Prod00419,10.0,0
Oi0009827,Ord004900,Prod00016,5.0,20
Oi0009829,Ord004901,Prod00205,500.0,25
Oi0009830,Ord004901,Prod00073,10.0,20
Oi0009831,Ord004902,Prod00482,1.0,0
Oi0009832,Ord004903,Prod00561,1.0,0
Oi0009833,Ord004903,Prod00148,10.0,10
Oi0009834,Ord004904,Prod00596,5.0,25
Oi0009836,Ord004905,Prod00270,2.0,25
Oi0009837,Ord004905,Prod00361,1.0,0
Oi0009838,Ord004906,Prod00544,3.0,15
Oi0009839,Ord004906,Prod00237,3.0,0
Oi0009840,Ord004907,Prod00070,4.0,0
Oi0009841,Ord004907,Prod00341,4.0,0
Oi0009842,Ord004908,Prod00482,5.0,0
Oi0009843,Ord004909,Prod00471,1.0,15
Oi0009844,Ord004909,Prod00239,1.0,25
Oi0009846,Ord004909,Prod00331,2.0,10
Oi0009847,Ord004910,Prod00452,1.0,10
Oi0009848,Ord004911,Prod00026,3.0,0
Oi0009850,Ord004912,Prod00105,2.0,20
Oi0009852,Ord004912,Prod00467,1.0,20
Oi0009853,Ord004913,Prod00074,4.0,25
Oi0009854,Ord004914,Prod00374,4.0,0
Oi0009855,Ord004914,Prod00029,2.0,0
Oi0009856,Ord004914,Prod00389,2.0,10
Oi0009857,Ord004915,Prod00058,1.0,0
Oi0009858,Ord004916,Prod00487,5.0,25
Oi0009859,Ord004916,Prod00540,1.0,0
Oi0009860,Ord004917,Prod00523,10.0,0
Oi0009861,Ord004917,Prod00132,1.0,0
Oi0009862,Ord004918,Prod00266,1.0,15
Oi0009863,Ord004919,Prod00044,2.0,10
Oi0009864,Ord004920,Prod00354,1.0,0
Oi0009865,Ord004920,Prod00350,1.0,20
Oi0009866,Ord004920,Prod00394,500.0,10
Oi0009867,Ord004921,Prod00543,4.0,10
Oi0009868,Ord004921,Prod00412,3.0,0
Oi0009869,Ord004921,Prod00096,5.0,15
Oi0009870,Ord004922,Prod00149,10.0,10
Oi0009871,Ord004923,Prod00325,5.0,0
Oi0009872,Ord004924,Prod00486,1.0,20
Oi0009873,Ord004924,Prod00595,1.0,0
Oi0009875,Ord004926,Prod00114,2.0,0
Oi0009876,Ord004926,Prod00312,2.0,15
Oi0009877,Ord004926,Prod00006,3.0,0
Oi0009878,Ord004927,Prod00420,1.0,25
Oi0009879,Ord004927,Prod00473,2.0,5
Oi0009880,Ord004928,Prod00099,1.0,10
Oi0009881,Ord004928,Prod00223,2.0,5
Oi0009882,Ord004929,Prod00514,5.0,5
Oi0009883,Ord004929,Prod00394,10.0,0
Oi0009884,Ord004930,Prod00017,1.0,0
Oi0009885,Ord004930,Prod00210,10.0,5
Oi0009886,Ord004930,Prod00459,10.0,0
Oi0009887,Ord004931,Prod00251,2.0,0
Oi0009888,Ord004932,Prod00406,10.0,10
Oi0009889,Ord004932,Prod00008,1.0,25
Oi0009890,Ord004932,Prod00562,4.0,25
Oi0009891,Ord004933,Prod00176,2.0,25
Oi0009892,Ord004933,Prod00110,5.0,10
Oi0009895,Ord004934,Prod00487,4.0,20
Oi0009896,Ord004935,Prod00180,5.0,0
Oi0009897,Ord004936,Prod00473,2.0,0
Oi0009899,Ord004937,Prod00502,5.0,15
Oi0009900,Ord004937,Prod00569,1.0,0
Oi0009901,Ord004938,Prod00117,1.0,10
Oi0009902,Ord004938,Prod00385,5.0,0
Oi0009903,Ord004939,Prod00145,5.0,0
Oi0009904,Ord004939,Prod00137,2.0,0
Oi0009906,Ord004940,Prod00046,2.0,0
Oi0009907,Ord004940,Prod00135,1.0,0
Oi0009908,Ord004941,Prod00318,1.0,0
Oi0009909,Ord004942,Prod00539,2.0,25
Oi0009910,Ord004942,Prod00193,1.0,0
Oi0009911,Ord004943,Prod00211,4.0,25
Oi0009912,Ord004943,Prod00268,2.0,0
Oi0009914,Ord004944,Prod00501,10.0,5
Oi0009916,Ord004945,Prod00501,5.0,5
Oi0009917,Ord004946,Prod00102,1.0,10
Oi0009918,Ord004947,Prod00270,1.0,0
Oi0009920,Ord004948,Prod00368,2.0,20
Oi0009921,Ord004948,Prod00104,1.0,0
Oi0009922,Ord004949,Prod00029,2.0,0
Oi0009924,Ord004950,Prod00496,5.0,25
Oi0009925,Ord004950,Prod00115,1.0,0
Oi0009926,Ord004951,Prod00430,2.0,5
Oi0009927,Ord004952,Prod00334,1.0,10
Oi0009928,Ord004952,Prod00015,1.0,20
Oi0009929,Ord004953,Prod00219,3.0,0
Oi0009930,Ord004954,Prod00442,10.0,5
Oi0009931,Ord004955,Prod00600,5.0,0
Oi0009932,Ord004955,Prod00416,2.0,0
Oi0009933,Ord004955,Prod00153,2.0,15
Oi0009934,Ord004955,Prod00551,2.0,25
Oi0009935,Ord004956,Prod00483,1.0,0
Oi0009936,Ord004957,Prod00036,1.0,0
Oi0009937,Ord004957,Prod00401,3.0,0
Oi0009938,Ord004957,Prod00384,5.0,0
Oi0009939,Ord004958,Prod00066,1.0,25
Oi0009940,Ord004959,Prod00351,5.0,0
Oi0009941,Ord004959,Prod00302,2.0,15
Oi0009942,Ord004960,Prod00299,1.0,0
Oi0009943,Ord004961,Prod00238,1.0,15
Oi0009944,Ord004962,Prod00599,2.0,25
Oi0009945,Ord004963,Prod00255,1.0,0
Oi0009946,Ord004964,Prod00131,1.0,5
Oi0009947,Ord004964,Prod00191,1.0,0
Oi0009948,Ord004964,Prod00597,1.0,10
Oi0009949,Ord004965,Prod00406,5.0,0
Oi0009950,Ord004966,Prod00345,5.0,20
Oi0009952,Ord004968,Prod00437,2.0,0
Oi0009955,Ord004971,Prod00186,2.0,0
Oi0009956,Ord004972,Prod00336,5.0,25
Oi0009957,Ord004972,Prod00228,5.0,15
Oi0009958,Ord004972,Prod00158,3.0,0
Oi0009959,Ord004972,Prod00379,2.0,0
Oi0009960,Ord004973,Prod00445,3.0,20
Oi0009961,Ord004973,Prod00421,2.0,10
Oi0009962,Ord004973,Prod00101,4.0,25
Oi0009965,Ord004975,Prod00241,1.0,25
Oi0009966,Ord004975,Prod00593,5.0,0
Oi0009967,Ord004976,Prod00574,2.0,0
Oi0009968,Ord004977,Prod00599,1.0,10
Oi0009969,Ord004977,Prod00002,1.0,15
Oi0009970,Ord004978,Prod00212,2.0,0
Oi0009971,Ord004978,Prod00123,5.0,0
Oi0009972,Ord004979,Prod00494,1.0,0
Oi0009973,Ord004979,Prod00278,10.0,10
Oi0009974,Ord004980,Prod00093,4.0,25
Oi0009975,Ord004980,Prod00352,1.0,0
Oi0009976,Ord004980,Prod00249,10.0,5
Oi0009977,Ord004981,Prod00507,1.0,0
Oi0009978,Ord004982,Prod00306,1.0,5
Oi0009979,Ord004982,Prod00292,5.0,15
Oi0009980,Ord004982,Prod00005,2.0,25
Oi0009981,Ord004982,Prod00357,10.0,5
Oi0009982,Ord004983,Prod00072,1.0,5
Oi0009984,Ord004983,Prod00039,5.0,0
Oi0009985,Ord004984,Prod00525,5.0,0
Oi0009986,Ord004984,Prod00201,10.0,25
Oi0009987,Ord004984,Prod00484,1.0,0
Oi0009989,Ord004985,Prod00221,4.0,0
Oi0009992,Ord004985,Prod00594,10.0,0
Oi0009993,Ord004986,Prod00577,5.0,15
Oi0009994,Ord004986,Prod00431,10.0,25
Oi0009995,Ord004986,Prod00334,1.0,0
Oi0009996,Ord004987,Prod00490,3.0,15
Oi0009998,Ord004989,Prod00060,10.0,25
Oi0009999,Ord004990,Prod00031,10.0,25
Oi0010000,Ord004991,Prod00358,2.0,20
Oi0010001,Ord004991,Prod00483,3.0,25
Oi0010004,Ord004992,Prod00498,10.0,10
Oi0010005,Ord004992,Prod00341,10.0,15
Oi0010006,Ord004992,Prod00535,1.0,10
Oi0010007,Ord004992,Prod00446,1.0,20
Oi0010008,Ord004993,Prod00400,2.0,10
Oi0010009,Ord004994,Prod00583,2.0,25
Oi0010010,Ord004994,Prod00118,3.0,25
Oi0010015,Ord004996,Prod00331,1.0,0
Oi0010016,Ord004996,Prod00476,1.0,0
Oi0010017,Ord004996,Prod00467,1.0,0
Oi0010019,Ord004997,Prod00457,1.0,20
Oi0010020,Ord004997,Prod00488,1.0,20
Oi0010022,Ord004998,Prod00199,1.0,0
Oi0010023,Ord004999,Prod00244,4.0,0
Oi0010024,Ord005000,Prod00391,1.0,20
Oi0010025,Ord005000,Prod00416,1.0,20
Oi0010026,Ord005001,Prod00129,1.0,15
Oi0010027,Ord005001,Prod00521,3.0,0
Oi0010028,Ord005001,Prod00130,3.0,0
Oi0010029,Ord005002,Prod00049,10.0,25
Oi0010030,Ord005003,Prod00266,5.0,20
Oi0010031,Ord005003,Prod00228,4.0,15
Oi0010032,Ord005004,Prod00282,10.0,25
Oi0010033,Ord005004,Prod00034,1.0,20
Oi0010034,Ord005005,Prod00366,2.0,5
Oi0010036,Ord005007,Prod00294,2.0,0
Oi0010037,Ord005008,Prod00035,2.0,25
Oi0010039,Ord005008,Prod00209,1.0,15
Oi0010040,Ord005009,Prod00095,1.0,20
Oi0010041,Ord005009,Prod00064,3.0,25
Oi0010042,Ord005010,Prod00059,3.0,25
Oi0010043,Ord005010,Prod00335,2.0,10
Oi0010044,Ord005011,Prod00409,4.0,0
Oi0010045,Ord005011,Prod00489,3.0,25
Oi0010046,Ord005012,Prod00264,1.0,0
Oi0010047,Ord005012,Prod00576,1.0,0
Oi0010048,Ord005012,Prod00529,10.0,0
Oi0010049,Ord005013,Prod00558,3.0,0
Oi0010050,Ord005013,Prod00219,1.0,25
Oi0010051,Ord005013,Prod00248,1.0,0
Oi0010052,Ord005014,Prod00013,5.0,0
Oi0010053,Ord005014,Prod00133,4.0,20
Oi0010055,Ord005015,Prod00425,2.0,0
Oi0010056,Ord005016,Prod00188,1.0,10
Oi0010057,Ord005016,Prod00104,10.0,0
Oi0010058,Ord005016,Prod00190,10.0,0
Oi0010059,Ord005017,Prod00481,2.0,0
Oi0010060,Ord005017,Prod00268,5.0,5
Oi0010061,Ord005018,Prod00344,1.0,5
Oi0010062,Ord005019,Prod00059,1.0,5
Oi0010064,Ord005020,Prod00331,1.0,25
Oi0010065,Ord005021,Prod00387,3.0,0
Oi0010066,Ord005022,Prod00418,5.0,20
Oi0010069,Ord005024,Prod00543,5.0,25
Oi0010071,Ord005025,Prod00473,10.0,0
Oi0010072,Ord005026,Prod00175,1.0,10
Oi0010073,Ord005026,Prod00119,2.0,25
Oi0010074,Ord005026,Prod00356,2.0,20
Oi0010075,Ord005027,Prod00234,1.0,15
Oi0010077,Ord005028,Prod00081,1.0,0
Oi0010078,Ord005029,Prod00286,10.0,20
Oi0010079,Ord005030,Prod00275,1.0,10
Oi0010080,Ord005031,Prod00342,1.0,5
Oi0010081,Ord005032,Prod00362,2.0,15
Oi0010082,Ord005032,Prod00339,1.0,20
Oi0010084,Ord005033,Prod00415,2.0,25
Oi0010086,Ord005034,Prod00598,1.0,5
Oi0010087,Ord005034,Prod00143,2.0,10
Oi0010088,Ord005035,Prod00004,4.0,0
Oi0010091,Ord005038,Prod00347,10.0,25
Oi0010092,Ord005038,Prod00224,10.0,20
Oi0010093,Ord005038,Prod00381,2.0,5
Oi0010094,Ord005038,Prod00571,5.0,0
Oi0010095,Ord005039,Prod00373,10.0,20
Oi0010096,Ord005039,Prod00588,2.0,5
Oi0010098,Ord005039,Prod00031,1.0,5
Oi0010100,Ord005040,Prod00283,1.0,5
Oi0010101,Ord005040,Prod00394,1.0,0
Oi0010102,Ord005040,Prod00407,10.0,0
Oi0010103,Ord005041,Prod00293,5.0,20
Oi0010104,Ord005042,Prod00003,5.0,0
Oi0010106,Ord005044,Prod00193,1.0,5
Oi0010107,Ord005044,Prod00364,10.0,0
Oi0010108,Ord005045,Prod00481,2.0,20
Oi0010109,Ord005045,Prod00223,1.0,25
Oi0010110,Ord005046,Prod00537,4.0,10
Oi0010111,Ord005047,Prod00541,4.0,25
Oi0010112,Ord005048,Prod00159,10.0,0
Oi0010114,Ord005049,Prod00462,1.0,0
Oi0010115,Ord005050,Prod00190,2.0,20
Oi0010116,Ord005051,Prod00142,4.0,10
Oi0010119,Ord005053,Prod00336,1.0,10
Oi0010121,Ord005053,Prod00196,4.0,0
Oi0010122,Ord005054,Prod00194,3.0,5
Oi0010123,Ord005054,Prod00202,4.0,20
Oi0010124,Ord005055,Prod00416,2.0,0
Oi0010125,Ord005056,Prod00151,1.0,15
Oi0010126,Ord005056,Prod00477,2.0,20
Oi0010127,Ord005057,Prod00114,2.0,20
Oi0010128,Ord005057,Prod00306,1.0,0
Oi0010129,Ord005057,Prod00515,2.0,5
Oi0010131,Ord005059,Prod00189,2.0,10
Oi0010132,Ord005059,Prod00221,4.0,0
Oi0010133,Ord005059,Prod00186,3.0,10
Oi0010134,Ord005059,Prod00334,1.0,0
Oi0010135,Ord005060,Prod00533,3.0,0
Oi0010136,Ord005061,Prod00530,1.0,0
Oi0010137,Ord005062,Prod00117,10.0,0
Oi0010138,Ord005063,Prod00520,10.0,5
Oi0010139,Ord005063,Prod00125,10.0,0
Oi0010140,Ord005064,Prod00394,1.0,25
Oi0010141,Ord005064,Prod00398,1.0,5
Oi0010142,Ord005064,Prod00279,1.0,20
Oi0010143,Ord005064,Prod00367,3.0,5
Oi0010144,Ord005065,Prod00032,4.0,0
Oi0010145,Ord005065,Prod00270,1.0,10
Oi0010147,Ord005066,Prod00432,1.0,0
Oi0010148,Ord005067,Prod00255,5.0,5
Oi0010149,Ord005067,Prod00472,2.0,0
Oi0010150,Ord005067,Prod00010,5.0,0
Oi0010151,Ord005067,Prod00132,1.0,0
Oi0010153,Ord005069,Prod00496,10.0,10
Oi0010154,Ord005070,Prod00303,1.0,10
Oi0010155,Ord005071,Prod00006,3.0,0
Oi0010156,Ord005072,Prod00597,1.0,0
Oi0010157,Ord005073,Prod00568,10.0,0
Oi0010158,Ord005073,Prod00096,5.0,15
Oi0010159,Ord005073,Prod00388,3.0,5
Oi0010160,Ord005073,Prod00088,3.0,0
Oi0010161,Ord005074,Prod00009,1.0,25
Oi0010162,Ord005075,Prod00554,3.0,5
Oi0010163,Ord005076,Prod00047,4.0,5
Oi0010164,Ord005076,Prod00329,1.0,0
Oi0010165,Ord005076,Prod00474,1.0,20
Oi0010166,Ord005076,Prod00150,1.0,0
Oi0010167,Ord005077,Prod00412,500.0,20
Oi0010168,Ord005078,Prod00547,1.0,0
Oi0010170,Ord005079,Prod00497,10.0,15
Oi0010171,Ord005079,Prod00017,5.0,15
Oi0010173,Ord005080,Prod00130,2.0,0
Oi0010174,Ord005080,Prod00528,3.0,10
Oi0010175,Ord005080,Prod00592,10.0,15
Oi0010176,Ord005080,Prod00019,10.0,0
Oi0010177,Ord005081,Prod00395,1.0,15
Oi0010178,Ord005081,Prod00338,1.0,0
Oi0010179,Ord005081,Prod00119,1.0,20
Oi0010180,Ord005081,Prod00398,10.0,25
Oi0010181,Ord005082,Prod00128,1.0,5
Oi0010182,Ord005082,Prod00048,1.0,25
Oi0010183,Ord005083,Prod00018,2.0,10
Oi0010184,Ord005083,Prod00100,4.0,5
Oi0010185,Ord005084,Prod00439,4.0,0
Oi0010186,Ord005084,Prod00515,1.0,0
Oi0010187,Ord005085,Prod00586,2.0,5
Oi0010189,Ord005086,Prod00111,10.0,0
Oi0010190,Ord005086,Prod00344,1.0,15
Oi0010192,Ord005088,Prod00028,1.0,0
Oi0010193,Ord005088,Prod00487,1.0,10
Oi0010194,Ord005088,Prod00475,10.0,5
Oi0010195,Ord005089,Prod00532,1.0,10
Oi0010196,Ord005090,Prod00127,5.0,15
Oi0010197,Ord005090,Prod00100,2.0,0
Oi0010198,Ord005091,Prod00566,2.0,20
Oi0010199,Ord005092,Prod00558,5.0,25
Oi0010200,Ord005092,Prod00553,3.0,20
Oi0010201,Ord005093,Prod00529,10.0,5
Oi0010202,Ord005094,Prod00105,3.0,20
Oi0010203,Ord005095,Prod00203,1.0,20
Oi0010204,Ord005095,Prod00069,5.0,15
Oi0010205,Ord005096,Prod00521,5.0,25
Oi0010207,Ord005097,Prod00237,1.0,25
Oi0010208,Ord005098,Prod00149,4.0,25
Oi0010209,Ord005099,Prod00442,5.0,15
Oi0010210,Ord005099,Prod00314,5.0,10
Oi0010211,Ord005099,Prod00595,1.0,5
Oi0010212,Ord005100,Prod00427,2.0,25
Oi0010214,Ord005100,Prod00442,4.0,0
Oi0010215,Ord005101,Prod00509,2.0,20
Oi0010216,Ord005102,Prod00539,4.0,0
Oi0010217,Ord005102,Prod00183,1.0,10
Oi0010218,Ord005102,Prod00309,2.0,0
Oi0010219,Ord005102,Prod00360,5.0,10
Oi0010220,Ord005103,Prod00289,1.0,0
Oi0010221,Ord005104,Prod00436,1.0,10
Oi0010222,Ord005105,Prod00422,500.0,25
Oi0010223,Ord005105,Prod00008,2.0,0
Oi0010224,Ord005106,Prod00277,5.0,0
Oi0010225,Ord005106,Prod00492,2.0,0
Oi0010226,Ord005106,Prod00464,3.0,20
Oi0010227,Ord005107,Prod00038,1.0,0
Oi0010228,Ord005107,Prod00272,10.0,25
Oi0010229,Ord005107,Prod00308,5.0,10
Oi0010230,Ord005108,Prod00016,3.0,20
Oi0010231,Ord005108,Prod00349,5.0,0
Oi0010232,Ord005109,Prod00524,2.0,5
Oi0010233,Ord005109,Prod00238,5.0,0
Oi0010234,Ord005109,Prod00295,2.0,25
Oi0010235,Ord005109,Prod00548,5.0,15
Oi0010236,Ord005110,Prod00527,3.0,10
Oi0010237,Ord005111,Prod00277,1.0,15
Oi0010240,Ord005114,Prod00132,2.0,0
Oi0010241,Ord005115,Prod00177,2.0,10
Oi0010242,Ord005115,Prod00293,2.0,0
Oi0010244,Ord005116,Prod00347,3.0,0
Oi0010245,Ord005116,Prod00227,10.0,15
Oi0010246,Ord005116,Prod00544,1.0,25
Oi0010248,Ord005118,Prod00172,2.0,0
Oi0010249,Ord005118,Prod00555,2.0,15
Oi0010250,Ord005118,Prod00547,10.0,20
Oi0010251,Ord005119,Prod00259,4.0,0
Oi0010253,Ord005120,Prod00111,3.0,20
Oi0010254,Ord005120,Prod00223,3.0,5
Oi0010255,Ord005121,Prod00103,3.0,0
Oi0010256,Ord005122,Prod00270,1.0,20
Oi0010257,Ord005123,Prod00563,1.0,5
Oi0010258,Ord005123,Prod00350,5.0,20
Oi0010259,Ord005124,Prod00369,10.0,10
Oi0010260,Ord005125,Prod00171,3.0,0
Oi0010261,Ord005125,Prod00544,10.0,20
Oi0010262,Ord005126,Prod00254,2.0,0
Oi0010263,Ord005127,Prod00222,4.0,20
Oi0010264,Ord005127,Prod00265,2.0,0
Oi0010265,Ord005128,Prod00579,2.0,15
Oi0010266,Ord005128,Prod00151,1.0,0
Oi0010267,Ord005128,Prod00117,1.0,0
Oi0010268,Ord005129,Prod00446,5.0,0
Oi0010269,Ord005130,Prod00180,1.0,5
Oi0010270,Ord005130,Prod00185,4.0,15
Oi0010272,Ord005131,Prod00387,5.0,25
Oi0010273,Ord005132,Prod00368,3.0,10
Oi0010274,Ord005132,Prod00429,1.0,10
Oi0010275,Ord005133,Prod00567,4.0,10
Oi0010276,Ord005133,Prod00244,1.0,0
Oi0010277,Ord005134,Prod00175,1.0,25
Oi0010279,Ord005136,Prod00566,2.0,25
Oi0010280,Ord005137,Prod00166,1.0,0
Oi0010281,Ord005137,Prod00015,3.0,5
Oi0010282,Ord005137,Prod00540,2.0,5
Oi0010283,Ord005137,Prod00097,1.0,10
Oi0010284,Ord005138,Prod00016,2.0,10
Oi0010285,Ord005139,Prod00120,5.0,15
Oi0010286,Ord005140,Prod00477,4.0,10
Oi0010287,Ord005141,Prod00267,2.0,20
Oi0010288,Ord005142,Prod00152,5.0,20
Oi0010289,Ord005142,Prod00579,5.0,5
Oi0010291,Ord005144,Prod00444,1.0,0
Oi0010292,Ord005144,Prod00167,3.0,0
Oi0010293,Ord005144,Prod00498,1.0,5
Oi0010294,Ord005145,Prod00545,2.0,5
Oi0010295,Ord005145,Prod00543,1.0,10
Oi0010296,Ord005146,Prod00481,1.0,5
Oi0010297,Ord005147,Prod00230,10.0,0
Oi0010298,Ord005148,Prod00189,2.0,5
Oi0010299,Ord005149,Prod00266,4.0,15
Oi0010300,Ord005149,Prod00216,2.0,0
Oi0010301,Ord005150,Prod00559,1.0,5
Oi0010302,Ord005151,Prod00106,2.0,25
Oi0010303,Ord005151,Prod00072,3.0,10
Oi0010304,Ord005151,Prod00077,3.0,10
Oi0010305,Ord005152,Prod00268,1.0,10
Oi0010306,Ord005153,Prod00290,2.0,20
Oi0010307,Ord005154,Prod00023,1.0,10
Oi0010308,Ord005154,Prod00150,1.0,0
Oi0010309,Ord005154,Prod00594,1.0,10
Oi0010310,Ord005154,Prod00410,2.0,0
Oi0010311,Ord005155,Prod00338,1.0,25
Oi0010312,Ord005155,Prod00551,2.0,5
Oi0010313,Ord005156,Prod00407,1.0,5
Oi0010314,Ord005157,Prod00130,1.0,0
Oi0010315,Ord005157,Prod00185,2.0,0
Oi0010316,Ord005158,Prod00165,5.0,0
Oi0010317,Ord005158,Prod00299,5.0,25
Oi0010318,Ord005158,Prod00235,1.0,15
Oi0010319,Ord005159,Prod00426,4.0,15
Oi0010320,Ord005160,Prod00262,1.0,5
Oi0010321,Ord005160,Prod00288,10.0,0
Oi0010322,Ord005160,Prod00125,4.0,0
Oi0010323,Ord005161,Prod00027,5.0,0
Oi0010324,Ord005161,Prod00573,2.0,15
Oi0010325,Ord005161,Prod00310,1.0,10
Oi0010326,Ord005162,Prod00309,4.0,10
Oi0010327,Ord005163,Prod00178,1.0,25
Oi0010328,Ord005164,Prod00518,4.0,20
Oi0010330,Ord005165,Prod00012,1.0,0
Oi0010331,Ord005165,Prod00307,2.0,10
Oi0010332,Ord005166,Prod00562,1.0,25
Oi0010333,Ord005167,Prod00189,2.0,25
Oi0010334,Ord005168,Prod00475,4.0,5
Oi0010335,Ord005169,Prod00323,3.0,15
Oi0010336,Ord005169,Prod00503,5.0,15
Oi0010337,Ord005169,Prod00555,500.0,0
Oi0010338,Ord005170,Prod00441,1.0,0
Oi0010339,Ord005171,Prod00295,2.0,0
Oi0010340,Ord005171,Prod00584,10.0,0
Oi0010341,Ord005172,Prod00587,1.0,10
Oi0010342,Ord005173,Prod00135,2.0,10
Oi0010343,Ord005173,Prod00041,4.0,25
Oi0010344,Ord005174,Prod00424,5.0,0
Oi0010345,Ord005175,Prod00208,2.0,10
Oi0010347,Ord005176,Prod00591,2.0,15
Oi0010348,Ord005177,Prod00414,1.0,5
Oi0010350,Ord005177,Prod00441,4.0,25
Oi0010352,Ord005179,Prod00358,2.0,5
Oi0010353,Ord005180,Prod00415,5.0,10
Oi0010354,Ord005181,Prod00508,2.0,0
Oi0010355,Ord005181,Prod00355,1.0,0
Oi0010356,Ord005182,Prod00409,1.0,10
Oi0010357,Ord005183,Prod00135,3.0,20
Oi0010359,Ord005183,Prod00582,10.0,5
Oi0010360,Ord005183,Prod00332,3.0,0
Oi0010361,Ord005184,Prod00303,2.0,0
Oi0010362,Ord005184,Prod00401,1.0,15
Oi0010363,Ord005185,Prod00378,1.0,20
Oi0010364,Ord005186,Prod00560,10.0,25
Oi0010365,Ord005186,Prod00360,5.0,0
Oi0010366,Ord005186,Prod00558,5.0,0
Oi0010367,Ord005187,Prod00266,4.0,20
Oi0010368,Ord005187,Prod00411,1.0,20
Oi0010369,Ord005188,Prod00163,5.0,0
Oi0010370,Ord005188,Prod00348,2.0,20
Oi0010371,Ord005189,Prod00050,4.0,20
Oi0010372,Ord005189,Prod00189,1.0,10
Oi0010373,Ord005190,Prod00528,1.0,25
Oi0010375,Ord005191,Prod00099,10.0,0
Oi0010376,Ord005191,Prod00156,4.0,0
Oi0010377,Ord005191,Prod00102,500.0,20
Oi0010378,Ord005191,Prod00240,4.0,20
Oi0010379,Ord005192,Prod00098,4.0,5
Oi0010380,Ord005192,Prod00426,2.0,0
Oi0010381,Ord005192,Prod00042,1.0,5
Oi0010382,Ord005193,Prod00490,4.0,0
Oi0010383,Ord005193,Prod00493,5.0,10
Oi0010384,Ord005193,Prod00063,2.0,20
Oi0010385,Ord005194,Prod00427,2.0,25
Oi0010386,Ord005195,Prod00157,4.0,10
Oi0010387,Ord005195,Prod00314,2.0,5
Oi0010389,Ord005196,Prod00320,2.0,0
Oi0010390,Ord005196,Prod00465,1.0,25
Oi0010391,Ord005196,Prod00478,10.0,20
Oi0010393,Ord005198,Prod00060,1.0,25
Oi0010394,Ord005199,Prod00202,1.0,0
Oi0010395,Ord005200,Prod00288,1.0,0
Oi0010396,Ord005200,Prod00059,4.0,25
Oi0010397,Ord005200,Prod00517,3.0,20
Oi0010398,Ord005200,Prod00039,1.0,20
Oi0010399,Ord005201,Prod00349,1.0,20
Oi0010401,Ord005201,Prod00366,1.0,25
Oi0010402,Ord005202,Prod00353,10.0,15
Oi0010403,Ord005202,Prod00161,1.0,0
Oi0010404,Ord005202,Prod00116,10.0,0
Oi0010405,Ord005202,Prod00023,2.0,15
Oi0010406,Ord005203,Prod00473,2.0,5
Oi0010408,Ord005204,Prod00011,1.0,0
Oi0010409,Ord005204,Prod00016,3.0,0
Oi0010411,Ord005206,Prod00037,2.0,15
Oi0010412,Ord005207,Prod00577,1.0,10
Oi0010413,Ord005208,Prod00260,2.0,0
Oi0010415,Ord005209,Prod00205,1.0,5
Oi0010416,Ord005209,Prod00122,5.0,0
Oi0010417,Ord005210,Prod00049,5.0,20
Oi0010418,Ord005211,Prod00258,4.0,5
Oi0010419,Ord005212,Prod00350,1.0,10
Oi0010420,Ord005213,Prod00028,3.0,25
Oi0010421,Ord005213,Prod00058,5.0,15
Oi0010422,Ord005213,Prod00345,1.0,0
Oi0010423,Ord005213,Prod00401,1.0,10
Oi0010424,Ord005214,Prod00148,1.0,5
Oi0010425,Ord005214,Prod00006,4.0,15
Oi0010426,Ord005214,Prod00553,2.0,5
Oi0010427,Ord005214,Prod00267,1.0,20
Oi0010428,Ord005215,Prod00184,1.0,25
Oi0010429,Ord005216,Prod00054,1.0,5
Oi0010430,Ord005216,Prod00409,5.0,0
Oi0010431,Ord005216,Prod00198,1.0,5
Oi0010432,Ord005216,Prod00012,2.0,20
Oi0010433,Ord005217,Prod00493,4.0,20
Oi0010435,Ord005218,Prod00527,1.0,0
Oi0010436,Ord005218,Prod00010,2.0,10
Oi0010437,Ord005219,Prod00093,3.0,20
Oi0010438,Ord005220,Prod00482,2.0,10
Oi0010439,Ord005220,Prod00135,10.0,10
Oi0010440,Ord005221,Prod00127,3.0,0
Oi0010441,Ord005221,Prod00463,2.0,5
Oi0010442,Ord005222,Prod00476,2.0,5
Oi0010443,Ord005222,Prod00493,2.0,15
Oi0010444,Ord005223,Prod00015,3.0,10
Oi0010445,Ord005223,Prod00135,1.0,0
Oi0010446,Ord005223,Prod00429,2.0,0
Oi0010447,Ord005224,Prod00236,4.0,0
Oi0010448,Ord005224,Prod00011,1.0,20
Oi0010449,Ord005224,Prod00244,1.0,5
Oi0010450,Ord005224,Prod00097,2.0,10
Oi0010451,Ord005225,Prod00593,1.0,5
Oi0010452,Ord005225,Prod00393,1.0,0
Oi0010453,Ord005225,Prod00479,5.0,5
Oi0010454,Ord005226,Prod00127,4.0,0
Oi0010455,Ord005227,Prod00366,3.0,20
Oi0010456,Ord005228,Prod00390,10.0,20
Oi0010457,Ord005229,Prod00312,1.0,0
Oi0010458,Ord005229,Prod00402,2.0,0
Oi0010459,Ord005229,Prod00337,4.0,0
Oi0010460,Ord005229,Prod00572,5.0,25
Oi0010461,Ord005230,Prod00403,3.0,0
Oi0010462,Ord005231,Prod00003,1.0,10
Oi0010463,Ord005232,Prod00359,10.0,5
Oi0010464,Ord005233,Prod00438,1.0,0
Oi0010465,Ord005233,Prod00399,1.0,0
Oi0010466,Ord005234,Prod00533,2.0,20
Oi0010467,Ord005235,Prod00066,2.0,0
Oi0010468,Ord005236,Prod00153,10.0,20
Oi0010469,Ord005236,Prod00061,10.0,10
Oi0010471,Ord005238,Prod00355,1.0,20
Oi0010472,Ord005239,Prod00424,10.0,5
Oi0010473,Ord005239,Prod00555,5.0,10
Oi0010474,Ord005240,Prod00560,5.0,15
Oi0010475,Ord005241,Prod00542,1.0,25
Oi0010476,Ord005241,Prod00235,3.0,20
Oi0010477,Ord005242,Prod00491,1.0,20
Oi0010478,Ord005242,Prod00450,1.0,0
Oi0010481,Ord005243,Prod00407,4.0,0
Oi0010482,Ord005243,Prod00544,2.0,25
Oi0010483,Ord005243,Prod00070,4.0,0
Oi0010484,Ord005244,Prod00587,5.0,5
Oi0010485,Ord005244,Prod00237,10.0,10
Oi0010486,Ord005244,Prod00552,2.0,10
Oi0010487,Ord005245,Prod00219,4.0,0
Oi0010488,Ord005245,Prod00177,4.0,0
Oi0010489,Ord005246,Prod00191,3.0,5
Oi0010490,Ord005247,Prod00098,1.0,0
Oi0010491,Ord005247,Prod00077,2.0,0
Oi0010492,Ord005247,Prod00074,4.0,0
Oi0010493,Ord005247,Prod00146,1.0,25
Oi0010494,Ord005248,Prod00288,2.0,25
Oi0010495,Ord005249,Prod00028,2.0,10
Oi0010496,Ord005249,Prod00136,1.0,0
Oi0010498,Ord005250,Prod00262,3.0,5
Oi0010499,Ord005250,Prod00166,3.0,15
Oi0010500,Ord005250,Prod00186,5.0,15
Oi0010505,Ord005253,Prod00143,1.0,0
Oi0010506,Ord005254,Prod00420,1.0,0
Oi0010508,Ord005254,Prod00316,5.0,0
Oi0010509,Ord005254,Prod00075,3.0,0
Oi0010510,Ord005255,Prod00258,2.0,0
Oi0010511,Ord005255,Prod00216,4.0,15
Oi0010512,Ord005255,Prod00262,4.0,20
Oi0010513,Ord005256,Prod00110,3.0,10
Oi0010514,Ord005256,Prod00352,1.0,0
Oi0010515,Ord005256,Prod00155,1.0,25
Oi0010516,Ord005257,Prod00175,2.0,20
Oi0010517,Ord005258,Prod00487,4.0,25
Oi0010519,Ord005258,Prod00101,3.0,20
Oi0010521,Ord005259,Prod00277,2.0,25
Oi0010522,Ord005260,Prod00188,4.0,20
Oi0010523,Ord005261,Prod00577,1.0,5
Oi0010524,Ord005262,Prod00480,5.0,0
Oi0010525,Ord005262,Prod00514,5.0,5
Oi0010526,Ord005263,Prod00354,2.0,0
Oi0010527,Ord005263,Prod00059,5.0,0
Oi0010528,Ord005263,Prod00003,1.0,10
Oi0010529,Ord005264,Prod00467,4.0,5
Oi0010530,Ord005264,Prod00269,5.0,0
Oi0010531,Ord005264,Prod00308,2.0,20
Oi0010532,Ord005264,Prod00286,10.0,0
Oi0010533,Ord005265,Prod00492,10.0,20
Oi0010534,Ord005265,Prod00560,1.0,0
Oi0010535,Ord005265,Prod00450,10.0,0
Oi0010536,Ord005265,Prod00266,2.0,0
Oi0010537,Ord005266,Prod00419,2.0,15
Oi0010538,Ord005266,Prod00594,1.0,0
Oi0010539,Ord005266,Prod00138,2.0,5
Oi0010540,Ord005266,Prod00288,1.0,10
Oi0010542,Ord005268,Prod00201,4.0,10
Oi0010543,Ord005268,Prod00324,5.0,5
Oi0010545,Ord005268,Prod00352,5.0,0
Oi0010546,Ord005269,Prod00402,1.0,0
Oi0010547,Ord005270,Prod00036,2.0,15
Oi0010548,Ord005270,Prod00242,1.0,20
Oi0010550,Ord005271,Prod00112,1.0,15
Oi0010551,Ord005271,Prod00049,4.0,0
Oi0010552,Ord005271,Prod00099,2.0,25
Oi0010553,Ord005271,Prod00410,2.0,15
Oi0010554,Ord005272,Prod00317,1.0,10
Oi0010555,Ord005273,Prod00491,10.0,0
Oi0010557,Ord005274,Prod00037,2.0,5
Oi0010558,Ord005274,Prod00368,2.0,0
Oi0010560,Ord005275,Prod00295,1.0,0
Oi0010561,Ord005275,Prod00116,1.0,15
Oi0010562,Ord005275,Prod00384,2.0,20
Oi0010564,Ord005277,Prod00096,5.0,0
Oi0010565,Ord005278,Prod00107,1.0,25
Oi0010567,Ord005278,Prod00221,1.0,0
Oi0010568,Ord005279,Prod00361,1.0,20
Oi0010569,Ord005279,Prod00593,3.0,0
Oi0010570,Ord005279,Prod00415,4.0,0
Oi0010572,Ord005280,Prod00219,4.0,0
Oi0010573,Ord005281,Prod00527,2.0,0
Oi0010574,Ord005282,Prod00359,2.0,25
Oi0010575,Ord005282,Prod00160,1.0,0
Oi0010576,Ord005283,Prod00295,5.0,15
Oi0010577,Ord005283,Prod00376,2.0,0
Oi0010578,Ord005283,Prod00032,1.0,20
Oi0010579,Ord005283,Prod00284,2.0,20
Oi0010580,Ord005284,Prod00414,2.0,0
Oi0010581,Ord005284,Prod00564,3.0,0
Oi0010582,Ord005285,Prod00185,2.0,5
Oi0010583,Ord005286,Prod00149,1.0,20
Oi0010584,Ord005286,Prod00358,1.0,0
Oi0010585,Ord005287,Prod00306,1.0,0
Oi0010586,Ord005288,Prod00097,1.0,20
Oi0010587,Ord005288,Prod00519,3.0,0
Oi0010588,Ord005288,Prod00496,1.0,25
Oi0010589,Ord005288,Prod00328,1.0,0
Oi0010590,Ord005289,Prod00239,2.0,0
Oi0010591,Ord005289,Prod00546,2.0,15
Oi0010592,Ord005289,Prod00448,2.0,0
Oi0010593,Ord005290,Prod00337,10.0,10
Oi0010594,Ord005290,Prod00168,1.0,15
Oi0010595,Ord005291,Prod00282,4.0,5
Oi0010596,Ord005291,Prod00013,1.0,0
Oi0010598,Ord005292,Prod00029,10.0,0
Oi0010599,Ord005292,Prod00199,1.0,15
Oi0010600,Ord005292,Prod00485,1.0,20
Oi0010602,Ord005293,Prod00415,10.0,5
Oi0010603,Ord005294,Prod00289,5.0,10
Oi0010604,Ord005294,Prod00147,2.0,0
Oi0010605,Ord005294,Prod00195,1.0,25
Oi0010606,Ord005294,Prod00331,2.0,0
Oi0010608,Ord005296,Prod00130,1.0,0
Oi0010609,Ord005296,Prod00117,1.0,0
Oi0010610,Ord005296,Prod00305,5.0,0
Oi0010611,Ord005296,Prod00001,2.0,15
Oi0010612,Ord005297,Prod00542,3.0,0
Oi0010613,Ord005298,Prod00382,4.0,10
Oi0010614,Ord005298,Prod00323,1.0,20
Oi0010615,Ord005299,Prod00536,10.0,5
Oi0010616,Ord005299,Prod00085,2.0,15
Oi0010618,Ord005300,Prod00117,3.0,0
Oi0010619,Ord005300,Prod00381,3.0,0
Oi0010620,Ord005300,Prod00506,5.0,5
Oi0010621,Ord005301,Prod00212,10.0,0
Oi0010622,Ord005301,Prod00219,1.0,15
Oi0010624,Ord005301,Prod00232,4.0,25
Oi0010625,Ord005302,Prod00098,2.0,10
Oi0010626,Ord005302,Prod00352,1.0,0
Oi0010627,Ord005302,Prod00530,3.0,0
Oi0010628,Ord005302,Prod00535,1.0,25
Oi0010629,Ord005303,Prod00035,2.0,10
Oi0010630,Ord005304,Prod00314,1.0,15
Oi0010631,Ord005305,Prod00580,2.0,15
Oi0010633,Ord005306,Prod00299,4.0,5
Oi0010634,Ord005307,Prod00340,4.0,15
Oi0010635,Ord005308,Prod00157,2.0,0
Oi0010636,Ord005308,Prod00172,5.0,20
Oi0010637,Ord005308,Prod00141,1.0,0
Oi0010638,Ord005308,Prod00046,10.0,25
Oi0010639,Ord005309,Prod00455,2.0,0
Oi0010640,Ord005310,Prod00523,2.0,25
Oi0010641,Ord005311,Prod00143,3.0,10
Oi0010642,Ord005312,Prod00356,2.0,0
Oi0010643,Ord005313,Prod00495,10.0,25
Oi0010644,Ord005313,Prod00269,4.0,0
Oi0010645,Ord005314,Prod00280,4.0,10
Oi0010646,Ord005315,Prod00196,3.0,10
Oi0010647,Ord005316,Prod00509,1.0,15
Oi0010648,Ord005317,Prod00218,3.0,15
Oi0010649,Ord005317,Prod00306,1.0,25
Oi0010650,Ord005317,Prod00413,1.0,20
Oi0010651,Ord005317,Prod00293,5.0,0
Oi0010652,Ord005318,Prod00131,1.0,20
Oi0010653,Ord005319,Prod00412,2.0,20
Oi0010654,Ord005319,Prod00222,1.0,0
Oi0010655,Ord005320,Prod00186,1.0,5
Oi0010656,Ord005321,Prod00376,2.0,10
Oi0010657,Ord005322,Prod00141,1.0,20
Oi0010658,Ord005323,Prod00159,5.0,25
Oi0010659,Ord005324,Prod00157,2.0,10
Oi0010660,Ord005324,Prod00469,4.0,10
Oi0010661,Ord005325,Prod00551,2.0,0
Oi0010662,Ord005326,Prod00092,5.0,0
Oi0010663,Ord005326,Prod00454,1.0,25
Oi0010664,Ord005326,Prod00371,1.0,15
Oi0010666,Ord005327,Prod00322,1.0,10
Oi0010667,Ord005327,Prod00025,1.0,15
Oi0010668,Ord005328,Prod00584,1.0,0
Oi0010669,Ord005329,Prod00135,10.0,0
Oi0010670,Ord005329,Prod00294,5.0,20
Oi0010671,Ord005329,Prod00112,1.0,20
Oi0010672,Ord005330,Prod00268,3.0,10
Oi0010673,Ord005331,Prod00068,3.0,25
Oi0010674,Ord005331,Prod00571,10.0,0
Oi0010675,Ord005331,Prod00066,1.0,0
Oi0010676,Ord005331,Prod00013,10.0,25
Oi0010677,Ord005332,Prod00294,4.0,10
Oi0010678,Ord005332,Prod00234,1.0,20
Oi0010679,Ord005332,Prod00537,2.0,15
Oi0010680,Ord005333,Prod00193,2.0,5
Oi0010681,Ord005333,Prod00085,10.0,10
Oi0010682,Ord005333,Prod00421,2.0,0
Oi0010683,Ord005333,Prod00011,2.0,25
Oi0010684,Ord005334,Prod00364,2.0,20
Oi0010685,Ord005335,Prod00092,4.0,0
Oi0010687,Ord005336,Prod00389,1.0,0
Oi0010688,Ord005336,Prod00198,1.0,5
Oi0010689,Ord005336,Prod00180,3.0,20
Oi0010690,Ord005337,Prod00383,2.0,0
Oi0010691,Ord005338,Prod00531,3.0,5
Oi0010692,Ord005338,Prod00529,1.0,0
Oi0010693,Ord005338,Prod00158,500.0,25
Oi0010694,Ord005338,Prod00411,2.0,0
Oi0010695,Ord005339,Prod00182,1.0,20
Oi0010696,Ord005340,Prod00481,1.0,0
Oi0010698,Ord005341,Prod00485,3.0,20
Oi0010699,Ord005341,Prod00131,3.0,0
Oi0010700,Ord005341,Prod00213,3.0,0
Oi0010701,Ord005341,Prod00034,2.0,25
Oi0010702,Ord005342,Prod00225,3.0,15
Oi0010703,Ord005342,Prod00587,3.0,0
Oi0010704,Ord005342,Prod00304,1.0,25
Oi0010705,Ord005342,Prod00042,1.0,10
Oi0010706,Ord005343,Prod00229,1.0,15
Oi0010707,Ord005343,Prod00077,2.0,10
Oi0010708,Ord005344,Prod00130,2.0,10
Oi0010709,Ord005344,Prod00227,1.0,5
Oi0010710,Ord005345,Prod00126,1.0,25
Oi0010711,Ord005345,Prod00151,1.0,0
Oi0010712,Ord005346,Prod00132,1.0,15
Oi0010713,Ord005346,Prod00154,10.0,20
Oi0010715,Ord005347,Prod00241,2.0,0
Oi0010716,Ord005347,Prod00393,1.0,0
Oi0010717,Ord005348,Prod00431,1.0,0
Oi0010718,Ord005349,Prod00530,2.0,20
Oi0010719,Ord005349,Prod00309,10.0,0
Oi0010720,Ord005349,Prod00213,1.0,5
Oi0010721,Ord005350,Prod00102,1.0,20
Oi0010722,Ord005351,Prod00295,1.0,25
Oi0010723,Ord005352,Prod00020,10.0,20
Oi0010726,Ord005353,Prod00051,4.0,25
Oi0010727,Ord005353,Prod00314,1.0,5
Oi0010728,Ord005353,Prod00579,10.0,0
Oi0010729,Ord005354,Prod00029,5.0,15
Oi0010730,Ord005355,Prod00169,4.0,20
Oi0010732,Ord005355,Prod00422,5.0,0
Oi0010733,Ord005356,Prod00089,10.0,0
Oi0010734,Ord005356,Prod00430,10.0,25
Oi0010735,Ord005357,Prod00333,1.0,0
Oi0010736,Ord005357,Prod00132,2.0,0
Oi0010737,Ord005357,Prod00260,4.0,20
Oi0010738,Ord005358,Prod00375,2.0,10
Oi0010739,Ord005358,Prod00258,5.0,0
Oi0010741,Ord005360,Prod00128,4.0,10
Oi0010743,Ord005360,Prod00414,2.0,0
Oi0010744,Ord005361,Prod00053,1.0,5
Oi0010745,Ord005361,Prod00063,2.0,5
Oi0010747,Ord005361,Prod00034,2.0,15
Oi0010748,Ord005362,Prod00071,4.0,20
Oi0010749,Ord005363,Prod00328,5.0,15
Oi0010750,Ord005363,Prod00594,1.0,20
Oi0010751,Ord005364,Prod00073,4.0,20
Oi0010752,Ord005364,Prod00177,4.0,0
Oi0010754,Ord005366,Prod00042,1.0,10
Oi0010755,Ord005367,Prod00343,1.0,20
Oi0010756,Ord005368,Prod00596,3.0,0
Oi0010757,Ord005369,Prod00489,10.0,20
Oi0010759,Ord005369,Prod00424,4.0,20
Oi0010760,Ord005369,Prod00084,10.0,5
Oi0010761,Ord005370,Prod00328,2.0,10
Oi0010762,Ord005371,Prod00194,2.0,20
Oi0010763,Ord005371,Prod00436,2.0,15
Oi0010764,Ord005372,Prod00434,10.0,0
Oi0010765,Ord005372,Prod00277,1.0,20
Oi0010766,Ord005373,Prod00099,2.0,5
Oi0010767,Ord005373,Prod00074,4.0,20
Oi0010769,Ord005374,Prod00168,1.0,10
Oi0010771,Ord005375,Prod00216,5.0,0
Oi0010772,Ord005375,Prod00396,1.0,25
Oi0010773,Ord005375,Prod00367,2.0,25
Oi0010774,Ord005376,Prod00515,10.0,10
Oi0010775,Ord005376,Prod00149,5.0,5
Oi0010776,Ord005376,Prod00499,2.0,0
Oi0010777,Ord005376,Prod00217,5.0,0
Oi0010778,Ord005377,Prod00195,1.0,15
Oi0010779,Ord005377,Prod00104,2.0,25
Oi0010780,Ord005378,Prod00010,4.0,15
Oi0010781,Ord005378,Prod00594,3.0,25
Oi0010782,Ord005378,Prod00528,1.0,0
Oi0010783,Ord005379,Prod00295,1.0,0
Oi0010784,Ord005379,Prod00371,3.0,0
Oi0010785,Ord005379,Prod00165,1.0,0
Oi0010786,Ord005380,Prod00426,1.0,0
Oi0010788,Ord005382,Prod00466,1.0,20
Oi0010789,Ord005382,Prod00399,1.0,15
Oi0010791,Ord005384,Prod00390,4.0,0
Oi0010792,Ord005385,Prod00090,2.0,10
Oi0010793,Ord005386,Prod00219,2.0,15
Oi0010794,Ord005386,Prod00014,2.0,10
Oi0010796,Ord005387,Prod00127,1.0,15
Oi0010797,Ord005388,Prod00031,2.0,15
Oi0010798,Ord005389,Prod00192,2.0,0
Oi0010799,Ord005390,Prod00200,2.0,15
Oi0010800,Ord005391,Prod00184,1.0,15
Oi0010801,Ord005392,Prod00448,5.0,0
Oi0010802,Ord005393,Prod00426,10.0,0
Oi0010804,Ord005394,Prod00144,10.0,5
Oi0010806,Ord005394,Prod00320,2.0,5
Oi0010807,Ord005395,Prod00450,2.0,0
Oi0010808,Ord005395,Prod00381,2.0,0
Oi0010809,Ord005395,Prod00103,1.0,25
Oi0010810,Ord005396,Prod00110,1.0,15
Oi0010812,Ord005397,Prod00358,4.0,20
Oi0010813,Ord005398,Prod00165,2.0,10
Oi0010815,Ord005398,Prod00511,5.0,0
Oi0010816,Ord005399,Prod00354,2.0,20
Oi0010817,Ord005400,Prod00274,5.0,5
Oi0010818,Ord005400,Prod00378,1.0,20
Oi0010820,Ord005400,Prod00180,4.0,0
Oi0010821,Ord005401,Prod00472,3.0,15
Oi0010823,Ord005402,Prod00591,1.0,15
Oi0010824,Ord005403,Prod00324,1.0,5
Oi0010825,Ord005403,Prod00352,1.0,5
Oi0010826,Ord005404,Prod00376,3.0,5
Oi0010827,Ord005405,Prod00586,2.0,5
Oi0010828,Ord005405,Prod00381,3.0,20
Oi0010830,Ord005406,Prod00269,1.0,20
Oi0010831,Ord005406,Prod00356,1.0,0
Oi0010832,Ord005406,Prod00368,4.0,0
Oi0010833,Ord005407,Prod00230,1.0,20
Oi0010834,Ord005407,Prod00529,1.0,10
Oi0010835,Ord005407,Prod00459,4.0,0
Oi0010836,Ord005407,Prod00168,3.0,10
Oi0010837,Ord005408,Prod00572,2.0,0
Oi0010838,Ord005408,Prod00580,1.0,0
Oi0010840,Ord005409,Prod00126,3.0,15
Oi0010841,Ord005409,Prod00024,3.0,15
Oi0010842,Ord005409,Prod00228,3.0,0
Oi0010844,Ord005411,Prod00214,2.0,20
Oi0010845,Ord005411,Prod00477,3.0,5
Oi0010846,Ord005411,Prod00356,4.0,15
Oi0010847,Ord005412,Prod00314,4.0,0
Oi0010848,Ord005413,Prod00222,4.0,25
Oi0010850,Ord005415,Prod00035,4.0,15
Oi0010852,Ord005415,Prod00173,2.0,0
Oi0010853,Ord005415,Prod00217,1.0,15
Oi0010854,Ord005416,Prod00380,1.0,10
Oi0010855,Ord005417,Prod00587,2.0,0
Oi0010857,Ord005417,Prod00242,2.0,25
Oi0010858,Ord005417,Prod00272,2.0,10
Oi0010859,Ord005418,Prod00058,1.0,0
Oi0010860,Ord005418,Prod00537,1.0,0
Oi0010861,Ord005418,Prod00387,1.0,10
Oi0010862,Ord005418,Prod00427,10.0,0
Oi0010863,Ord005419,Prod00385,500.0,10
Oi0010864,Ord005419,Prod00149,5.0,25
Oi0010865,Ord005419,Prod00152,4.0,25
Oi0010866,Ord005420,Prod00271,5.0,10
Oi0010867,Ord005421,Prod00544,1.0,0
Oi0010868,Ord005422,Prod00281,2.0,15
Oi0010869,Ord005423,Prod00015,2.0,0
Oi0010870,Ord005423,Prod00524,4.0,25
Oi0010871,Ord005424,Prod00086,2.0,20
Oi0010872,Ord005424,Prod00068,4.0,25
Oi0010873,Ord005424,Prod00448,5.0,20
Oi0010874,Ord005424,Prod00562,3.0,20
Oi0010875,Ord005425,Prod00364,3.0,0
Oi0010876,Ord005426,Prod00235,4.0,10
Oi0010877,Ord005426,Prod00169,1.0,0
Oi0010878,Ord005426,Prod00070,1.0,15
Oi0010879,Ord005427,Prod00124,2.0,0
Oi0010881,Ord005429,Prod00515,2.0,20
Oi0010882,Ord005430,Prod00294,1.0,5
Oi0010883,Ord005430,Prod00231,2.0,5
Oi0010884,Ord005430,Prod00165,10.0,0
Oi0010885,Ord005431,Prod00424,4.0,5
Oi0010886,Ord005431,Prod00437,10.0,15
Oi0010887,Ord005432,Prod00060,3.0,0
Oi0010888,Ord005432,Prod00379,1.0,10
Oi0010890,Ord005432,Prod00348,5.0,15
Oi0010891,Ord005433,Prod00004,3.0,0
Oi0010892,Ord005434,Prod00072,2.0,20
Oi0010894,Ord005435,Prod00347,4.0,5
Oi0010895,Ord005436,Prod00347,1.0,0
Oi0010896,Ord005436,Prod00467,1.0,15
Oi0010898,Ord005437,Prod00441,1.0,0
Oi0010899,Ord005437,Prod00482,1.0,0
Oi0010900,Ord005438,Prod00316,3.0,0
Oi0010901,Ord005438,Prod00487,10.0,15
Oi0010902,Ord005439,Prod00192,10.0,25
Oi0010903,Ord005439,Prod00311,3.0,0
Oi0010905,Ord005440,Prod00426,5.0,0
Oi0010906,Ord005440,Prod00281,5.0,15
Oi0010907,Ord005441,Prod00191,5.0,5
Oi0010909,Ord005442,Prod00168,1.0,0
Oi0010910,Ord005443,Prod00444,2.0,5
Oi0010911,Ord005443,Prod00531,4.0,25
Oi0010912,Ord005444,Prod00551,5.0,0
Oi0010913,Ord005445,Prod00097,4.0,20
Oi0010914,Ord005445,Prod00007,5.0,0
Oi0010915,Ord005446,Prod00350,1.0,15
Oi0010916,Ord005446,Prod00053,1.0,10
Oi0010917,Ord005447,Prod00460,3.0,5
Oi0010918,Ord005447,Prod00441,3.0,20
Oi0010920,Ord005448,Prod00249,1.0,10
Oi0010921,Ord005448,Prod00456,1.0,5
Oi0010922,Ord005449,Prod00076,2.0,0
Oi0010923,Ord005450,Prod00059,1.0,0
Oi0010924,Ord005451,Prod00172,2.0,0
Oi0010925,Ord005451,Prod00496,10.0,15
Oi0010926,Ord005451,Prod00023,3.0,0
Oi0010927,Ord005452,Prod00126,2.0,0
Oi0010928,Ord005453,Prod00315,10.0,25
Oi0010929,Ord005453,Prod00496,500.0,0
Oi0010930,Ord005454,Prod00248,1.0,0
Oi0010931,Ord005455,Prod00302,3.0,5
Oi0010932,Ord005456,Prod00558,2.0,20
Oi0010933,Ord005456,Prod00129,3.0,20
Oi0010935,Ord005456,Prod00316,4.0,25
Oi0010936,Ord005457,Prod00385,4.0,15
Oi0010938,Ord005458,Prod00285,4.0,5
Oi0010939,Ord005458,Prod00524,2.0,25
Oi0010940,Ord005458,Prod00110,1.0,0
Oi0010941,Ord005459,Prod00023,4.0,10
Oi0010942,Ord005459,Prod00432,1.0,20
Oi0010944,Ord005459,Prod00010,2.0,20
Oi0010945,Ord005460,Prod00238,2.0,25
Oi0010946,Ord005460,Prod00031,1.0,20
Oi0010947,Ord005461,Prod00244,1.0,25
Oi0010948,Ord005461,Prod00099,4.0,0
Oi0010949,Ord005462,Prod00581,1.0,0
Oi0010950,Ord005462,Prod00258,2.0,25
Oi0010951,Ord005463,Prod00067,10.0,15
Oi0010952,Ord005464,Prod00119,1.0,15
Oi0010953,Ord005464,Prod00286,2.0,25
Oi0010954,Ord005464,Prod00009,2.0,15
Oi0010956,Ord005465,Prod00169,1.0,0
Oi0010957,Ord005465,Prod00233,5.0,5
Oi0010958,Ord005465,Prod00521,5.0,10
Oi0010959,Ord005466,Prod00227,10.0,0
Oi0010960,Ord005466,Prod00044,2.0,0
Oi0010962,Ord005466,Prod00327,1.0,10
Oi0010963,Ord005467,Prod00144,10.0,0
Oi0010964,Ord005467,Prod00363,5.0,0
Oi0010965,Ord005467,Prod00390,1.0,5
Oi0010966,Ord005467,Prod00200,10.0,0
Oi0010967,Ord005468,Prod00082,3.0,10
Oi0010968,Ord005468,Prod00145,10.0,0
Oi0010969,Ord005469,Prod00431,1.0,0
Oi0010970,Ord005469,Prod00313,1.0,0
Oi0010972,Ord005471,Prod00348,4.0,15
Oi0010973,Ord005471,Prod00188,10.0,20
Oi0010974,Ord005471,Prod00326,5.0,5
Oi0010975,Ord005471,Prod00145,2.0,5
Oi0010976,Ord005472,Prod00578,2.0,10
Oi0010977,Ord005473,Prod00419,10.0,0
Oi0010978,Ord005473,Prod00483,1.0,20
Oi0010979,Ord005473,Prod00485,4.0,0
Oi0010980,Ord005473,Prod00206,1.0,10
Oi0010981,Ord005474,Prod00451,10.0,5
Oi0010982,Ord005475,Prod00510,5.0,0
Oi0010983,Ord005475,Prod00462,2.0,25
Oi0010984,Ord005476,Prod00171,2.0,5
Oi0010985,Ord005477,Prod00080,4.0,20
Oi0010986,Ord005477,Prod00082,2.0,25
Oi0010987,Ord005477,Prod00268,2.0,0
Oi0010988,Ord005478,Prod00313,4.0,0
Oi0010989,Ord005479,Prod00344,2.0,10
Oi0010990,Ord005479,Prod00114,1.0,0
Oi0010991,Ord005480,Prod00145,10.0,0
Oi0010992,Ord005480,Prod00062,4.0,5
Oi0010993,Ord005481,Prod00176,2.0,15
Oi0010995,Ord005482,Prod00405,1.0,10
Oi0010996,Ord005483,Prod00322,1.0,25
Oi0010997,Ord005484,Prod00001,1.0,10
Oi0010998,Ord005485,Prod00331,4.0,0
Oi0010999,Ord005486,Prod00031,10.0,0
Oi0011000,Ord005486,Prod00178,10.0,0
Oi0011001,Ord005486,Prod00041,3.0,0
Oi0011002,Ord005486,Prod00173,4.0,0
Oi0011003,Ord005487,Prod00092,3.0,0
Oi0011004,Ord005488,Prod00521,5.0,0
Oi0011005,Ord005489,Prod00105,1.0,15
Oi0011006,Ord005489,Prod00383,3.0,5
Oi0011007,Ord005490,Prod00053,3.0,0
Oi0011008,Ord005490,Prod00247,10.0,15
Oi0011009,Ord005490,Prod00465,4.0,0
Oi0011010,Ord005491,Prod00171,500.0,20
Oi0011011,Ord005491,Prod00354,5.0,5
Oi0011013,Ord005493,Prod00356,1.0,10
Oi0011014,Ord005493,Prod00388,4.0,5
Oi0011015,Ord005493,Prod00411,1.0,5
Oi0011016,Ord005493,Prod00122,1.0,10
Oi0011017,Ord005494,Prod00116,4.0,0
Oi0011018,Ord005495,Prod00198,4.0,0
Oi0011019,Ord005495,Prod00081,1.0,10
Oi0011020,Ord005495,Prod00508,5.0,20
Oi0011021,Ord005496,Prod00034,1.0,5
Oi0011022,Ord005496,Prod00584,1.0,0
Oi0011024,Ord005497,Prod00599,1.0,0
Oi0011025,Ord005498,Prod00599,5.0,5
Oi0011026,Ord005498,Prod00564,5.0,25
Oi0011028,Ord005498,Prod00145,2.0,5
Oi0011030,Ord005499,Prod00273,3.0,10
Oi0011031,Ord005499,Prod00439,2.0,0
Oi0011032,Ord005500,Prod00574,3.0,15
Oi0011033,Ord005501,Prod00496,2.0,20
Oi0011034,Ord005502,Prod00361,1.0,10
Oi0011035,Ord005503,Prod00355,10.0,0
Oi0011036,Ord005503,Prod00178,1.0,10
Oi0011037,Ord005503,Prod00408,3.0,25
Oi0011038,Ord005504,Prod00352,2.0,0
Oi0011039,Ord005505,Prod00389,1.0,0
Oi0011040,Ord005506,Prod00462,10.0,0
Oi0011041,Ord005507,Prod00433,4.0,0
Oi0011042,Ord005508,Prod00051,5.0,10
Oi0011043,Ord005508,Prod00073,5.0,0
Oi0011044,Ord005508,Prod00167,5.0,20
Oi0011045,Ord005508,Prod00547,4.0,5
Oi0011046,Ord005509,Prod00262,2.0,0
Oi0011047,Ord005509,Prod00070,4.0,0
Oi0011048,Ord005510,Prod00473,1.0,25
Oi0011050,Ord005512,Prod00477,5.0,20
Oi0011052,Ord005513,Prod00529,1.0,0
Oi0011053,Ord005514,Prod00431,5.0,0
Oi0011054,Ord005514,Prod00362,2.0,0
Oi0011055,Ord005514,Prod00205,1.0,15
Oi0011056,Ord005515,Prod00498,1.0,15
Oi0011057,Ord005515,Prod00430,1.0,0
Oi0011058,Ord005516,Prod00169,10.0,10
Oi0011059,Ord005517,Prod00102,3.0,25
Oi0011060,Ord005518,Prod00238,1.0,0
Oi0011061,Ord005519,Prod00078,1.0,0
Oi0011062,Ord005520,Prod00411,2.0,15
Oi0011063,Ord005520,Prod00037,2.0,20
Oi0011064,Ord005520,Prod00152,2.0,0
Oi0011065,Ord005520,Prod00431,1.0,0
Oi0011066,Ord005521,Prod00112,5.0,0
Oi0011067,Ord005522,Prod00479,1.0,15
Oi0011068,Ord005523,Prod00382,1.0,0
Oi0011069,Ord005524,Prod00131,4.0,25
Oi0011070,Ord005525,Prod00301,10.0,15
Oi0011071,Ord005526,Prod00327,4.0,0
Oi0011072,Ord005527,Prod00258,2.0,10
Oi0011073,Ord005527,Prod00557,2.0,0
Oi0011074,Ord005528,Prod00344,1.0,0
Oi0011075,Ord005528,Prod00529,3.0,0
Oi0011076,Ord005529,Prod00228,3.0,25
Oi0011077,Ord005530,Prod00596,1.0,0
Oi0011079,Ord005530,Prod00475,2.0,0
Oi0011080,Ord005531,Prod00120,1.0,15
Oi0011082,Ord005531,Prod00030,2.0,0
Oi0011083,Ord005532,Prod00159,2.0,10
Oi0011084,Ord005532,Prod00329,2.0,0
Oi0011086,Ord005533,Prod00368,1.0,0
Oi0011089,Ord005534,Prod00333,1.0,10
Oi0011090,Ord005535,Prod00596,10.0,0
Oi0011091,Ord005536,Prod00572,2.0,5
Oi0011092,Ord005537,Prod00044,4.0,15
Oi0011093,Ord005538,Prod00081,2.0,15
Oi0011094,Ord005539,Prod00204,5.0,10
Oi0011096,Ord005541,Prod00073,4.0,0
Oi0011097,Ord005542,Prod00468,1.0,10
Oi0011098,Ord005542,Prod00399,1.0,0
Oi0011100,Ord005543,Prod00308,2.0,0
Oi0011101,Ord005544,Prod00135,1.0,5
Oi0011102,Ord005544,Prod00563,2.0,20
Oi0011103,Ord005544,Prod00276,10.0,0
Oi0011104,Ord005545,Prod00138,10.0,0
Oi0011105,Ord005546,Prod00567,1.0,0
Oi0011106,Ord005547,Prod00065,5.0,0
Oi0011107,Ord005548,Prod00385,3.0,15
Oi0011110,Ord005550,Prod00423,2.0,0
Oi0011113,Ord005553,Prod00161,1.0,15
Oi0011114,Ord005553,Prod00360,1.0,0
Oi0011115,Ord005553,Prod00003,1.0,5
Oi0011116,Ord005553,Prod00591,2.0,5
Oi0011117,Ord005554,Prod00327,2.0,0
Oi0011118,Ord005554,Prod00438,3.0,5
Oi0011121,Ord005556,Prod00251,5.0,10
Oi0011122,Ord005556,Prod00281,3.0,0
Oi0011123,Ord005556,Prod00584,5.0,20
Oi0011124,Ord005556,Prod00365,5.0,0
Oi0011125,Ord005557,Prod00425,5.0,10
Oi0011126,Ord005557,Prod00054,2.0,20
Oi0011127,Ord005558,Prod00457,5.0,0
Oi0011128,Ord005558,Prod00565,2.0,0
Oi0011129,Ord005558,Prod00479,1.0,0
Oi0011130,Ord005559,Prod00452,4.0,15
Oi0011131,Ord005559,Prod00173,2.0,0
Oi0011132,Ord005559,Prod00044,2.0,25
Oi0011133,Ord005560,Prod00591,1.0,10
Oi0011134,Ord005561,Prod00112,1.0,5
Oi0011135,Ord005562,Prod00082,10.0,25
Oi0011136,Ord005562,Prod00029,1.0,0
Oi0011137,Ord005562,Prod00012,2.0,25
Oi0011139,Ord005563,Prod00510,4.0,0
Oi0011140,Ord005564,Prod00175,4.0,20
Oi0011142,Ord005564,Prod00547,3.0,15
Oi0011143,Ord005565,Prod00415,3.0,0
Oi0011144,Ord005565,Prod00550,2.0,10
Oi0011145,Ord005566,Prod00450,2.0,20
Oi0011146,Ord005567,Prod00323,1.0,5
Oi0011147,Ord005567,Prod00323,4.0,25
Oi0011148,Ord005567,Prod00186,2.0,25
Oi0011149,Ord005567,Prod00293,1.0,0
Oi0011150,Ord005568,Prod00460,1.0,0
Oi0011151,Ord005569,Prod00009,10.0,15
Oi0011152,Ord005570,Prod00040,10.0,15
Oi0011153,Ord005570,Prod00092,5.0,25
Oi0011154,Ord005570,Prod00070,3.0,0
Oi0011155,Ord005570,Prod00014,3.0,15
Oi0011156,Ord005571,Prod00148,1.0,10
Oi0011157,Ord005571,Prod00516,10.0,20
Oi0011160,Ord005573,Prod00596,5.0,0
Oi0011161,Ord005574,Prod00269,1.0,0
Oi0011162,Ord005574,Prod00073,2.0,0
Oi0011163,Ord005575,Prod00477,2.0,0
Oi0011164,Ord005575,Prod00437,3.0,15
Oi0011165,Ord005575,Prod00424,5.0,25
Oi0011166,Ord005575,Prod00079,4.0,10
Oi0011167,Ord005576,Prod00440,1.0,20
Oi0011168,Ord005576,Prod00474,2.0,0
Oi0011169,Ord005576,Prod00461,2.0,0
Oi0011170,Ord005576,Prod00597,1.0,20
Oi0011171,Ord005577,Prod00054,1.0,0
Oi0011172,Ord005578,Prod00230,10.0,0
Oi0011173,Ord005579,Prod00271,5.0,10
Oi0011174,Ord005580,Prod00092,5.0,25
Oi0011175,Ord005580,Prod00400,2.0,20
Oi0011176,Ord005580,Prod00075,10.0,15
Oi0011177,Ord005581,Prod00337,1.0,20
Oi0011178,Ord005581,Prod00588,2.0,25
Oi0011179,Ord005581,Prod00429,2.0,5
Oi0011180,Ord005582,Prod00132,2.0,0
Oi0011181,Ord005583,Prod00329,2.0,10
Oi0011182,Ord005584,Prod00036,5.0,20
Oi0011183,Ord005584,Prod00265,1.0,0
Oi0011184,Ord005584,Prod00552,1.0,25
Oi0011185,Ord005584,Prod00362,1.0,0
Oi0011186,Ord005585,Prod00579,10.0,25
Oi0011187,Ord005585,Prod00011,2.0,20
Oi0011189,Ord005586,Prod00215,1.0,0
Oi0011190,Ord005586,Prod00517,3.0,5
Oi0011191,Ord005587,Prod00523,5.0,10
Oi0011192,Ord005587,Prod00339,10.0,20
Oi0011193,Ord005588,Prod00588,10.0,0
Oi0011195,Ord005588,Prod00035,3.0,10
Oi0011196,Ord005589,Prod00029,1.0,0
Oi0011197,Ord005589,Prod00500,10.0,10
Oi0011198,Ord005590,Prod00039,1.0,10
Oi0011200,Ord005591,Prod00073,3.0,20
Oi0011201,Ord005592,Prod00368,2.0,25
Oi0011202,Ord005592,Prod00322,1.0,0
Oi0011203,Ord005593,Prod00101,5.0,15
Oi0011204,Ord005593,Prod00095,1.0,15
Oi0011205,Ord005593,Prod00578,5.0,25
Oi0011206,Ord005594,Prod00188,2.0,0
Oi0011207,Ord005594,Prod00191,5.0,0
Oi0011208,Ord005595,Prod00439,3.0,5
Oi0011209,Ord005596,Prod00342,10.0,5
Oi0011210,Ord005596,Prod00340,4.0,5
Oi0011211,Ord005596,Prod00476,2.0,20
Oi0011212,Ord005596,Prod00267,5.0,10
Oi0011213,Ord005597,Prod00356,10.0,15
Oi0011214,Ord005597,Prod00388,10.0,0
Oi0011215,Ord005598,Prod00051,1.0,10
Oi0011216,Ord005598,Prod00364,1.0,15
Oi0011217,Ord005599,Prod00504,4.0,10
Oi0011218,Ord005600,Prod00367,1.0,25
Oi0011219,Ord005601,Prod00306,1.0,0
Oi0011220,Ord005602,Prod00460,1.0,15
Oi0011221,Ord005602,Prod00554,4.0,20
Oi0011222,Ord005603,Prod00552,1.0,10
Oi0011223,Ord005603,Prod00483,4.0,10
Oi0011224,Ord005604,Prod00333,2.0,10
Oi0011225,Ord005605,Prod00429,2.0,25
Oi0011227,Ord005607,Prod00109,1.0,10
Oi0011228,Ord005607,Prod00104,2.0,5
Oi0011230,Ord005608,Prod00153,2.0,0
Oi0011234,Ord005610,Prod00219,3.0,0
Oi0011235,Ord005610,Prod00440,1.0,5
Oi0011236,Ord005610,Prod00502,2.0,20
Oi0011237,Ord005611,Prod00119,1.0,0
Oi0011238,Ord005612,Prod00045,4.0,10
Oi0011240,Ord005614,Prod00347,2.0,5
Oi0011241,Ord005614,Prod00205,1.0,20
Oi0011242,Ord005615,Prod00343,2.0,25
Oi0011244,Ord005616,Prod00021,1.0,0
Oi0011245,Ord005616,Prod00188,4.0,20
Oi0011246,Ord005616,Prod00541,1.0,0
Oi0011247,Ord005617,Prod00526,10.0,0
Oi0011248,Ord005618,Prod00598,1.0,0
Oi0011250,Ord005618,Prod00246,2.0,10
Oi0011251,Ord005619,Prod00023,1.0,20
Oi0011252,Ord005619,Prod00573,2.0,20
Oi0011253,Ord005620,Prod00536,3.0,25
Oi0011254,Ord005620,Prod00364,1.0,0
Oi0011256,Ord005620,Prod00119,10.0,15
Oi0011258,Ord005621,Prod00045,5.0,20
Oi0011259,Ord005621,Prod00505,3.0,25
Oi0011261,Ord005622,Prod00229,10.0,5
Oi0011262,Ord005622,Prod00002,4.0,25
Oi0011263,Ord005622,Prod00102,5.0,5
Oi0011264,Ord005623,Prod00398,1.0,10
Oi0011265,Ord005623,Prod00391,2.0,5
Oi0011266,Ord005623,Prod00582,4.0,20
Oi0011267,Ord005623,Prod00283,2.0,25
Oi0011268,Ord005624,Prod00162,1.0,10
Oi0011269,Ord005624,Prod00337,4.0,0
Oi0011270,Ord005624,Prod00355,5.0,25
Oi0011271,Ord005624,Prod00351,1.0,10
Oi0011272,Ord005625,Prod00041,1.0,5
Oi0011273,Ord005625,Prod00082,10.0,0
Oi0011274,Ord005626,Prod00020,2.0,10
Oi0011275,Ord005626,Prod00549,10.0,5
Oi0011276,Ord005627,Prod00200,1.0,10
Oi0011278,Ord005628,Prod00021,1.0,0
Oi0011279,Ord005629,Prod00228,10.0,0
Oi0011281,Ord005629,Prod00589,10.0,0
Oi0011282,Ord005630,Prod00370,2.0,25
Oi0011284,Ord005631,Prod00101,1.0,25
Oi0011285,Ord005631,Prod00541,1.0,25
Oi0011287,Ord005632,Prod00389,1.0,10
Oi0011288,Ord005633,Prod00474,10.0,15
Oi0011289,Ord005633,Prod00274,5.0,0
Oi0011290,Ord005633,Prod00360,2.0,10
Oi0011292,Ord005635,Prod00074,2.0,20
Oi0011293,Ord005636,Prod00599,1.0,20
Oi0011294,Ord005636,Prod00066,10.0,5
Oi0011295,Ord005636,Prod00543,1.0,0
Oi0011296,Ord005636,Prod00545,1.0,20
Oi0011297,Ord005637,Prod00406,2.0,25
Oi0011298,Ord005637,Prod00399,1.0,0
Oi0011299,Ord005638,Prod00040,1.0,15
Oi0011300,Ord005639,Prod00569,2.0,15
Oi0011302,Ord005640,Prod00217,10.0,0
Oi0011303,Ord005640,Prod00395,4.0,20
Oi0011304,Ord005641,Prod00351,3.0,25
Oi0011305,Ord005642,Prod00240,4.0,0
Oi0011306,Ord005642,Prod00541,1.0,5
Oi0011307,Ord005642,Prod00368,1.0,15
Oi0011308,Ord005643,Prod00030,3.0,10
Oi0011310,Ord005644,Prod00212,10.0,0
Oi0011311,Ord005645,Prod00082,1.0,20
Oi0011312,Ord005645,Prod00519,4.0,0
Oi0011314,Ord005647,Prod00173,4.0,5
Oi0011315,Ord005648,Prod00394,5.0,5
Oi0011317,Ord005649,Prod00185,2.0,5
Oi0011318,Ord005650,Prod00237,3.0,0
Oi0011320,Ord005650,Prod00178,1.0,20
Oi0011321,Ord005650,Prod00240,4.0,5
Oi0011322,Ord005651,Prod00430,1.0,15
Oi0011323,Ord005652,Prod00455,1.0,10
Oi0011324,Ord005652,Prod00516,5.0,15
Oi0011325,Ord005653,Prod00587,1.0,25
Oi0011327,Ord005654,Prod00063,2.0,5
Oi0011328,Ord005655,Prod00293,1.0,5
Oi0011330,Ord005656,Prod00321,5.0,10
Oi0011331,Ord005657,Prod00403,5.0,15
Oi0011332,Ord005657,Prod00142,2.0,25
Oi0011333,Ord005658,Prod00480,4.0,5
Oi0011334,Ord005659,Prod00135,2.0,0
Oi0011335,Ord005659,Prod00439,1.0,10
Oi0011336,Ord005659,Prod00435,4.0,25
Oi0011337,Ord005659,Prod00217,3.0,0
Oi0011338,Ord005660,Prod00089,2.0,0
Oi0011339,Ord005661,Prod00562,10.0,0
Oi0011340,Ord005662,Prod00242,1.0,10
Oi0011341,Ord005663,Prod00198,4.0,0
Oi0011342,Ord005663,Prod00361,4.0,15
Oi0011343,Ord005663,Prod00392,4.0,0
Oi0011344,Ord005663,Prod00222,1.0,0
Oi0011345,Ord005664,Prod00514,1.0,25
Oi0011347,Ord005666,Prod00302,2.0,20
Oi0011348,Ord005666,Prod00350,1.0,5
Oi0011349,Ord005667,Prod00051,1.0,0
Oi0011350,Ord005667,Prod00313,4.0,0
Oi0011351,Ord005667,Prod00402,2.0,20
Oi0011352,Ord005668,Prod00092,5.0,0
Oi0011353,Ord005669,Prod00557,5.0,25
Oi0011354,Ord005669,Prod00431,1.0,20
Oi0011355,Ord005669,Prod00129,1.0,15
Oi0011356,Ord005670,Prod00599,1.0,0
Oi0011357,Ord005670,Prod00382,10.0,10
Oi0011358,Ord005670,Prod00389,1.0,5
Oi0011359,Ord005671,Prod00450,1.0,20
Oi0011360,Ord005671,Prod00434,1.0,5
Oi0011361,Ord005672,Prod00412,4.0,10
Oi0011362,Ord005673,Prod00047,2.0,0
Oi0011363,Ord005673,Prod00488,3.0,5
Oi0011364,Ord005674,Prod00243,2.0,20
Oi0011365,Ord005674,Prod00482,500.0,0
Oi0011366,Ord005674,Prod00066,1.0,10
Oi0011367,Ord005675,Prod00363,1.0,0
Oi0011368,Ord005675,Prod00398,5.0,0
Oi0011369,Ord005676,Prod00066,5.0,0
Oi0011370,Ord005676,Prod00127,1.0,0
Oi0011371,Ord005676,Prod00267,500.0,25
Oi0011372,Ord005677,Prod00015,1.0,0
Oi0011373,Ord005677,Prod00535,10.0,0
Oi0011375,Ord005678,Prod00524,3.0,0
Oi0011376,Ord005678,Prod00478,2.0,0
Oi0011377,Ord005678,Prod00278,5.0,0
Oi0011379,Ord005679,Prod00151,1.0,0
Oi0011380,Ord005679,Prod00494,2.0,0
Oi0011382,Ord005680,Prod00161,3.0,20
Oi0011383,Ord005680,Prod00445,4.0,10
Oi0011384,Ord005681,Prod00368,2.0,10
Oi0011385,Ord005682,Prod00163,2.0,5
Oi0011387,Ord005683,Prod00499,2.0,0
Oi0011388,Ord005683,Prod00600,2.0,20
Oi0011389,Ord005683,Prod00012,1.0,5
Oi0011390,Ord005684,Prod00258,2.0,0
Oi0011391,Ord005684,Prod00133,2.0,10
Oi0011392,Ord005684,Prod00183,4.0,10
Oi0011393,Ord005684,Prod00416,2.0,0
Oi0011394,Ord005685,Prod00036,1.0,20
Oi0011395,Ord005685,Prod00433,1.0,0
Oi0011398,Ord005687,Prod00142,1.0,5
Oi0011399,Ord005688,Prod00226,4.0,15
Oi0011400,Ord005688,Prod00223,2.0,0
Oi0011401,Ord005688,Prod00201,1.0,0
Oi0011402,Ord005688,Prod00571,4.0,0
Oi0011404,Ord005689,Prod00068,4.0,5
Oi0011405,Ord005689,Prod00241,1.0,0
Oi0011408,Ord005691,Prod00343,1.0,5
Oi0011409,Ord005692,Prod00283,1.0,20
Oi0011411,Ord005693,Prod00274,1.0,25
Oi0011412,Ord005694,Prod00051,1.0,25
Oi0011413,Ord005695,Prod00090,3.0,15
Oi0011415,Ord005696,Prod00049,1.0,0
Oi0011416,Ord005697,Prod00283,10.0,10
Oi0011418,Ord005697,Prod00154,1.0,25
Oi0011419,Ord005697,Prod00576,1.0,0
Oi0011420,Ord005698,Prod00065,1.0,0
Oi0011421,Ord005698,Prod00019,2.0,0
Oi0011422,Ord005699,Prod00313,3.0,10
Oi0011423,Ord005699,Prod00285,5.0,15
Oi0011424,Ord005699,Prod00373,1.0,0
Oi0011425,Ord005699,Prod00226,1.0,0
Oi0011426,Ord005700,Prod00279,4.0,5
Oi0011427,Ord005700,Prod00089,1.0,20
Oi0011428,Ord005700,Prod00403,2.0,0
Oi0011429,Ord005701,Prod00132,5.0,25
Oi0011430,Ord005701,Prod00156,4.0,0
Oi0011431,Ord005701,Prod00080,5.0,5
Oi0011432,Ord005702,Prod00571,4.0,0
Oi0011433,Ord005702,Prod00004,1.0,0
Oi0011434,Ord005703,Prod00168,4.0,25
Oi0011435,Ord005704,Prod00273,1.0,0
Oi0011437,Ord005706,Prod00553,1.0,5
Oi0011438,Ord005706,Prod00085,3.0,0
Oi0011439,Ord005706,Prod00387,2.0,15
Oi0011441,Ord005707,Prod00056,5.0,0
Oi0011442,Ord005708,Prod00019,3.0,0
Oi0011443,Ord005708,Prod00200,1.0,25
Oi0011444,Ord005709,Prod00066,1.0,0
Oi0011445,Ord005710,Prod00477,2.0,0
Oi0011446,Ord005710,Prod00261,1.0,25
Oi0011448,Ord005711,Prod00298,1.0,5
Oi0011449,Ord005711,Prod00569,3.0,0
Oi0011450,Ord005712,Prod00418,5.0,0
Oi0011452,Ord005714,Prod00037,5.0,0
Oi0011454,Ord005716,Prod00096,3.0,0
Oi0011455,Ord005716,Prod00040,2.0,20
Oi0011457,Ord005717,Prod00502,2.0,5
Oi0011458,Ord005718,Prod00131,5.0,0
Oi0011459,Ord005718,Prod00296,1.0,15
Oi0011461,Ord005718,Prod00031,2.0,5
Oi0011462,Ord005719,Prod00398,10.0,15
Oi0011463,Ord005720,Prod00597,10.0,0
Oi0011464,Ord005721,Prod00005,2.0,25
Oi0011465,Ord005722,Prod00387,10.0,25
Oi0011466,Ord005722,Prod00520,3.0,15
Oi0011467,Ord005723,Prod00575,4.0,20
Oi0011468,Ord005724,Prod00165,10.0,0
Oi0011469,Ord005725,Prod00108,5.0,20
Oi0011470,Ord005726,Prod00451,2.0,25
Oi0011471,Ord005727,Prod00329,1.0,10
Oi0011473,Ord005729,Prod00392,1.0,25
Oi0011474,Ord005730,Prod00242,5.0,10
Oi0011475,Ord005730,Prod00241,3.0,5
Oi0011476,Ord005731,Prod00441,1.0,15
Oi0011477,Ord005731,Prod00045,10.0,0
Oi0011478,Ord005732,Prod00465,1.0,10
Oi0011479,Ord005732,Prod00090,10.0,10
Oi0011480,Ord005732,Prod00240,4.0,15
Oi0011481,Ord005733,Prod00004,1.0,0
Oi0011482,Ord005734,Prod00590,5.0,20
Oi0011483,Ord005734,Prod00247,4.0,10
Oi0011485,Ord005736,Prod00442,5.0,0
Oi0011487,Ord005737,Prod00142,5.0,5
Oi0011488,Ord005737,Prod00204,1.0,0
Oi0011489,Ord005738,Prod00020,1.0,10
Oi0011490,Ord005738,Prod00462,1.0,0
Oi0011491,Ord005738,Prod00263,5.0,0
Oi0011492,Ord005739,Prod00106,2.0,0
Oi0011493,Ord005739,Prod00163,2.0,10
Oi0011494,Ord005740,Prod00546,1.0,15
Oi0011495,Ord005740,Prod00286,2.0,0
Oi0011496,Ord005740,Prod00392,3.0,15
Oi0011497,Ord005740,Prod00531,2.0,0
Oi0011499,Ord005741,Prod00099,10.0,5
Oi0011500,Ord005741,Prod00545,1.0,0
Oi0011501,Ord005741,Prod00258,2.0,15
Oi0011505,Ord005744,Prod00511,1.0,0
Oi0011506,Ord005744,Prod00599,1.0,10
Oi0011508,Ord005744,Prod00118,1.0,0
Oi0011509,Ord005745,Prod00006,4.0,20
Oi0011510,Ord005745,Prod00186,2.0,20
Oi0011512,Ord005746,Prod00125,2.0,0
Oi0011513,Ord005747,Prod00328,1.0,15
Oi0011514,Ord005748,Prod00352,5.0,0
Oi0011515,Ord005748,Prod00102,1.0,0
Oi0011516,Ord005749,Prod00090,1.0,25
Oi0011517,Ord005750,Prod00552,2.0,0
Oi0011519,Ord005752,Prod00521,4.0,0
Oi0011520,Ord005753,Prod00317,2.0,25
Oi0011521,Ord005753,Prod00219,1.0,0
Oi0011522,Ord005753,Prod00461,2.0,25
Oi0011523,Ord005753,Prod00401,2.0,15
Oi0011524,Ord005754,Prod00280,10.0,25
Oi0011525,Ord005754,Prod00311,1.0,15
Oi0011526,Ord005755,Prod00454,4.0,5
Oi0011527,Ord005755,Prod00428,10.0,25
Oi0011528,Ord005756,Prod00492,5.0,25
Oi0011529,Ord005757,Prod00339,4.0,20
Oi0011530,Ord005757,Prod00436,4.0,0
Oi0011531,Ord005757,Prod00331,1.0,0
Oi0011532,Ord005757,Prod00115,2.0,25
Oi0011533,Ord005758,Prod00362,1.0,0
Oi0011534,Ord005758,Prod00227,2.0,20
Oi0011536,Ord005758,Prod00214,1.0,15
Oi0011538,Ord005759,Prod00212,10.0,10
Oi0011539,Ord005759,Prod00501,2.0,10
Oi0011540,Ord005760,Prod00541,1.0,15
Oi0011541,Ord005761,Prod00046,2.0,25
Oi0011543,Ord005762,Prod00476,1.0,5
Oi0011544,Ord005762,Prod00104,1.0,25
Oi0011545,Ord005762,Prod00201,2.0,25
Oi0011546,Ord005762,Prod00392,3.0,5
Oi0011548,Ord005763,Prod00408,5.0,0
Oi0011549,Ord005763,Prod00004,2.0,0
Oi0011550,Ord005763,Prod00537,2.0,0
Oi0011551,Ord005764,Prod00265,10.0,10
Oi0011552,Ord005764,Prod00016,10.0,25
Oi0011553,Ord005764,Prod00016,1.0,10
Oi0011554,Ord005764,Prod00566,5.0,15
Oi0011555,Ord005765,Prod00259,1.0,10
Oi0011557,Ord005766,Prod00130,2.0,0
Oi0011558,Ord005766,Prod00268,10.0,20
Oi0011559,Ord005767,Prod00378,2.0,15
Oi0011561,Ord005768,Prod00062,4.0,0
Oi0011562,Ord005769,Prod00141,1.0,10
Oi0011563,Ord005769,Prod00564,5.0,0
Oi0011564,Ord005769,Prod00333,1.0,5
Oi0011565,Ord005770,Prod00429,5.0,20
Oi0011566,Ord005771,Prod00421,1.0,0
Oi0011567,Ord005771,Prod00497,1.0,25
Oi0011568,Ord005772,Prod00586,2.0,0
Oi0011569,Ord005773,Prod00289,10.0,0
Oi0011571,Ord005773,Prod00211,10.0,0
Oi0011572,Ord005774,Prod00144,1.0,0
Oi0011573,Ord005774,Prod00338,1.0,5
Oi0011574,Ord005775,Prod00272,2.0,0
Oi0011575,Ord005775,Prod00248,3.0,15
Oi0011576,Ord005776,Prod00448,5.0,0
Oi0011577,Ord005777,Prod00483,2.0,5
Oi0011578,Ord005777,Prod00270,1.0,25
Oi0011579,Ord005777,Prod00181,10.0,5
Oi0011580,Ord005777,Prod00500,1.0,15
Oi0011582,Ord005778,Prod00347,10.0,20
Oi0011584,Ord005780,Prod00050,1.0,5
Oi0011585,Ord005781,Prod00424,1.0,5
Oi0011587,Ord005781,Prod00255,3.0,0
Oi0011588,Ord005782,Prod00280,4.0,15
Oi0011589,Ord005783,Prod00572,3.0,10
Oi0011590,Ord005784,Prod00325,1.0,0
Oi0011591,Ord005785,Prod00215,2.0,0
Oi0011592,Ord005785,Prod00353,4.0,15
Oi0011594,Ord005786,Prod00329,2.0,5
Oi0011595,Ord005787,Prod00474,2.0,20
Oi0011596,Ord005788,Prod00303,1.0,20
Oi0011597,Ord005789,Prod00590,1.0,0
Oi0011598,Ord005789,Prod00073,1.0,0
Oi0011599,Ord005790,Prod00467,2.0,10
Oi0011600,Ord005790,Prod00080,5.0,20
Oi0011602,Ord005792,Prod00585,2.0,0
Oi0011603,Ord005792,Prod00472,1.0,5
Oi0011604,Ord005793,Prod00271,4.0,15
Oi0011605,Ord005793,Prod00334,10.0,25
Oi0011606,Ord005794,Prod00221,2.0,10
Oi0011607,Ord005795,Prod00497,4.0,25
Oi0011608,Ord005795,Prod00518,4.0,20
Oi0011609,Ord005795,Prod00432,2.0,0
Oi0011610,Ord005795,Prod00344,2.0,25
Oi0011611,Ord005796,Prod00179,4.0,10
Oi0011612,Ord005796,Prod00248,1.0,10
Oi0011614,Ord005797,Prod00420,1.0,5
Oi0011615,Ord005798,Prod00322,2.0,25
Oi0011616,Ord005798,Prod00404,10.0,5
Oi0011617,Ord005798,Prod00233,1.0,10
Oi0011620,Ord005799,Prod00552,2.0,0
Oi0011621,Ord005799,Prod00436,5.0,20
Oi0011622,Ord005800,Prod00099,5.0,5
Oi0011623,Ord005800,Prod00243,1.0,20
Oi0011624,Ord005801,Prod00220,10.0,20
Oi0011625,Ord005802,Prod00105,4.0,15
Oi0011626,Ord005803,Prod00409,1.0,10
Oi0011628,Ord005804,Prod00201,2.0,0
Oi0011629,Ord005804,Prod00586,1.0,25
Oi0011630,Ord005805,Prod00117,4.0,0
Oi0011631,Ord005806,Prod00389,1.0,25
Oi0011633,Ord005807,Prod00397,2.0,0
Oi0011634,Ord005808,Prod00115,10.0,5
Oi0011635,Ord005808,Prod00185,4.0,0
Oi0011636,Ord005808,Prod00015,2.0,15
Oi0011637,Ord005809,Prod00582,2.0,25
Oi0011638,Ord005809,Prod00134,5.0,20
Oi0011640,Ord005809,Prod00552,1.0,20
Oi0011641,Ord005810,Prod00055,3.0,0
Oi0011642,Ord005810,Prod00353,10.0,10
Oi0011643,Ord005810,Prod00014,3.0,15
Oi0011644,Ord005811,Prod00324,1.0,0
Oi0011646,Ord005811,Prod00203,1.0,0
Oi0011647,Ord005812,Prod00415,4.0,0
Oi0011648,Ord005812,Prod00357,3.0,15
Oi0011649,Ord005813,Prod00598,2.0,20
Oi0011650,Ord005814,Prod00464,1.0,0
Oi0011651,Ord005814,Prod00167,2.0,0
Oi0011652,Ord005815,Prod00595,2.0,0
Oi0011654,Ord005815,Prod00357,10.0,20
Oi0011655,Ord005815,Prod00169,2.0,20
Oi0011656,Ord005816,Prod00046,3.0,0
Oi0011657,Ord005816,Prod00448,2.0,25
Oi0011658,Ord005817,Prod00226,2.0,15
Oi0011659,Ord005817,Prod00147,5.0,20
Oi0011660,Ord005818,Prod00458,10.0,15
Oi0011662,Ord005820,Prod00569,2.0,0
Oi0011663,Ord005820,Prod00007,2.0,25
Oi0011664,Ord005821,Prod00588,10.0,15
Oi0011665,Ord005822,Prod00352,10.0,15
Oi0011666,Ord005823,Prod00539,1.0,0
Oi0011667,Ord005823,Prod00195,10.0,15
Oi0011668,Ord005824,Prod00003,5.0,0
Oi0011669,Ord005824,Prod00520,5.0,15
Oi0011670,Ord005824,Prod00372,2.0,20
Oi0011671,Ord005825,Prod00038,2.0,0
Oi0011672,Ord005825,Prod00546,1.0,0
Oi0011673,Ord005826,Prod00518,10.0,15
Oi0011674,Ord005826,Prod00571,5.0,0
Oi0011675,Ord005826,Prod00127,2.0,0
Oi0011676,Ord005827,Prod00384,2.0,15
Oi0011677,Ord005827,Prod00578,1.0,0
Oi0011678,Ord005828,Prod00534,3.0,10
Oi0011679,Ord005828,Prod00498,1.0,5
Oi0011680,Ord005829,Prod00530,1.0,25
Oi0011681,Ord005829,Prod00573,1.0,25
Oi0011682,Ord005830,Prod00556,3.0,5
Oi0011683,Ord005830,Prod00509,2.0,20
Oi0011684,Ord005831,Prod00171,4.0,0
Oi0011685,Ord005831,Prod00551,1.0,0
Oi0011686,Ord005832,Prod00132,4.0,0
Oi0011687,Ord005833,Prod00430,2.0,15
Oi0011688,Ord005833,Prod00282,5.0,20
Oi0011689,Ord005834,Prod00149,2.0,10
Oi0011690,Ord005834,Prod00033,2.0,0
Oi0011691,Ord005835,Prod00510,1.0,0
Oi0011692,Ord005835,Prod00371,4.0,5
Oi0011693,Ord005835,Prod00580,2.0,0
Oi0011695,Ord005836,Prod00024,5.0,0
Oi0011696,Ord005837,Prod00354,1.0,15
Oi0011697,Ord005837,Prod00090,1.0,20
Oi0011698,Ord005837,Prod00600,5.0,15
Oi0011699,Ord005838,Prod00521,5.0,10
Oi0011700,Ord005839,Prod00023,10.0,25
Oi0011701,Ord005840,Prod00132,2.0,10
Oi0011702,Ord005840,Prod00142,1.0,25
Oi0011703,Ord005841,Prod00136,3.0,0
Oi0011704,Ord005842,Prod00257,10.0,5
Oi0011705,Ord005843,Prod00005,2.0,5
Oi0011706,Ord005843,Prod00151,1.0,25
Oi0011707,Ord005843,Prod00075,5.0,15
Oi0011708,Ord005843,Prod00156,5.0,25
Oi0011709,Ord005844,Prod00023,1.0,0
Oi0011710,Ord005845,Prod00595,1.0,25
Oi0011711,Ord005846,Prod00152,2.0,10
Oi0011712,Ord005846,Prod00033,3.0,5
Oi0011713,Ord005846,Prod00194,10.0,20
Oi0011714,Ord005846,Prod00384,10.0,0
Oi0011715,Ord005847,Prod00315,1.0,0
Oi0011716,Ord005847,Prod00039,10.0,5
Oi0011717,Ord005848,Prod00039,4.0,5
Oi0011718,Ord005849,Prod00580,5.0,10
Oi0011719,Ord005850,Prod00577,1.0,0
Oi0011720,Ord005850,Prod00097,1.0,10
Oi0011721,Ord005851,Prod00475,2.0,0
Oi0011722,Ord005852,Prod00496,4.0,0
Oi0011724,Ord005853,Prod00079,4.0,0
Oi0011726,Ord005853,Prod00163,1.0,15
Oi0011727,Ord005854,Prod00319,10.0,0
Oi0011728,Ord005854,Prod00208,5.0,15
Oi0011729,Ord005854,Prod00077,5.0,0
Oi0011730,Ord005855,Prod00164,1.0,0
Oi0011731,Ord005855,Prod00526,5.0,0
Oi0011732,Ord005856,Prod00305,4.0,20
Oi0011733,Ord005856,Prod00027,5.0,0
Oi0011734,Ord005856,Prod00147,1.0,15
Oi0011736,Ord005857,Prod00002,5.0,15
Oi0011737,Ord005858,Prod00285,1.0,20
Oi0011738,Ord005859,Prod00165,4.0,0
Oi0011739,Ord005859,Prod00147,1.0,25
Oi0011740,Ord005860,Prod00576,1.0,5
Oi0011741,Ord005860,Prod00499,2.0,0
Oi0011742,Ord005860,Prod00546,1.0,0
Oi0011743,Ord005860,Prod00177,3.0,25
Oi0011744,Ord005861,Prod00210,1.0,5
Oi0011745,Ord005862,Prod00279,10.0,25
Oi0011746,Ord005863,Prod00061,4.0,0
Oi0011748,Ord005863,Prod00234,1.0,25
Oi0011750,Ord005864,Prod00541,3.0,25
Oi0011751,Ord005865,Prod00408,2.0,10
Oi0011752,Ord005866,Prod00241,5.0,5
Oi0011753,Ord005866,Prod00457,3.0,0
Oi0011754,Ord005866,Prod00355,1.0,20
Oi0011755,Ord005866,Prod00286,2.0,5
Oi0011756,Ord005867,Prod00218,1.0,25
Oi0011757,Ord005868,Prod00482,1.0,20
Oi0011758,Ord005868,Prod00562,1.0,0
Oi0011759,Ord005868,Prod00563,10.0,0
Oi0011761,Ord005869,Prod00284,2.0,25
Oi0011762,Ord005869,Prod00151,1.0,0
Oi0011763,Ord005870,Prod00290,2.0,0
Oi0011765,Ord005872,Prod00219,1.0,25
Oi0011766,Ord005873,Prod00384,2.0,0
Oi0011767,Ord005873,Prod00459,1.0,0
Oi0011768,Ord005874,Prod00305,4.0,0
Oi0011769,Ord005875,Prod00418,2.0,15
Oi0011770,Ord005876,Prod00490,1.0,25
Oi0011771,Ord005876,Prod00447,5.0,20
Oi0011772,Ord005876,Prod00310,1.0,25
Oi0011773,Ord005876,Prod00382,2.0,5
Oi0011774,Ord005877,Prod00265,1.0,15
Oi0011775,Ord005878,Prod00145,2.0,5
Oi0011776,Ord005878,Prod00577,4.0,10
Oi0011778,Ord005879,Prod00418,10.0,15
Oi0011779,Ord005879,Prod00505,1.0,10
Oi0011780,Ord005879,Prod00319,4.0,10
Oi0011782,Ord005880,Prod00226,1.0,15
Oi0011784,Ord005881,Prod00020,2.0,20
Oi0011785,Ord005882,Prod00395,10.0,5
Oi0011786,Ord005882,Prod00118,1.0,0
Oi0011788,Ord005883,Prod00109,4.0,0
Oi0011789,Ord005884,Prod00270,5.0,25
Oi0011790,Ord005885,Prod00208,3.0,0
Oi0011791,Ord005885,Prod00322,2.0,25
Oi0011792,Ord005886,Prod00012,5.0,10
Oi0011793,Ord005887,Prod00031,4.0,20
Oi0011794,Ord005887,Prod00442,1.0,0
Oi0011795,Ord005887,Prod00441,1.0,25
Oi0011796,Ord005887,Prod00348,3.0,5
Oi0011797,Ord005888,Prod00176,10.0,5
Oi0011798,Ord005889,Prod00305,1.0,10
Oi0011799,Ord005889,Prod00579,1.0,0
Oi0011800,Ord005890,Prod00421,5.0,25
Oi0011801,Ord005891,Prod00332,4.0,10
Oi0011802,Ord005891,Prod00068,2.0,20
Oi0011803,Ord005891,Prod00582,10.0,25
Oi0011804,Ord005892,Prod00234,2.0,15
Oi0011805,Ord005893,Prod00193,10.0,10
Oi0011806,Ord005894,Prod00207,2.0,0
Oi0011807,Ord005895,Prod00075,5.0,0
Oi0011808,Ord005896,Prod00259,2.0,15
Oi0011812,Ord005897,Prod00527,5.0,10
Oi0011813,Ord005897,Prod00454,2.0,25
Oi0011814,Ord005897,Prod00422,3.0,0
Oi0011815,Ord005898,Prod00456,4.0,5
Oi0011816,Ord005898,Prod00067,3.0,15
Oi0011817,Ord005899,Prod00444,10.0,0
Oi0011819,Ord005900,Prod00276,2.0,25
Oi0011820,Ord005901,Prod00201,1.0,0
Oi0011822,Ord005901,Prod00020,10.0,25
Oi0011825,Ord005903,Prod00058,1.0,0
Oi0011826,Ord005903,Prod00112,1.0,10
Oi0011827,Ord005903,Prod00558,5.0,25
Oi0011829,Ord005904,Prod00497,5.0,5
Oi0011830,Ord005904,Prod00153,4.0,25
Oi0011831,Ord005905,Prod00089,1.0,5
Oi0011833,Ord005906,Prod00072,4.0,25
Oi0011834,Ord005906,Prod00295,10.0,0
Oi0011835,Ord005906,Prod00146,2.0,25
Oi0011836,Ord005907,Prod00149,2.0,20
Oi0011837,Ord005908,Prod00254,2.0,25
Oi0011838,Ord005908,Prod00347,1.0,15
Oi0011839,Ord005909,Prod00025,1.0,25
Oi0011840,Ord005909,Prod00447,2.0,15
Oi0011841,Ord005910,Prod00089,1.0,20
Oi0011842,Ord005911,Prod00336,4.0,0
Oi0011843,Ord005911,Prod00177,5.0,25
Oi0011844,Ord005912,Prod00408,1.0,25
Oi0011845,Ord005912,Prod00519,2.0,0
Oi0011846,Ord005912,Prod00149,10.0,10
Oi0011847,Ord005912,Prod00036,10.0,10
Oi0011849,Ord005913,Prod00396,2.0,0
Oi0011850,Ord005913,Prod00264,10.0,10
Oi0011851,Ord005914,Prod00281,5.0,5
Oi0011852,Ord005914,Prod00445,1.0,20
Oi0011853,Ord005914,Prod00430,10.0,25
Oi0011854,Ord005914,Prod00489,1.0,15
Oi0011856,Ord005915,Prod00276,2.0,5
Oi0011857,Ord005915,Prod00257,2.0,0
Oi0011858,Ord005915,Prod00571,2.0,0
Oi0011859,Ord005916,Prod00267,2.0,0
Oi0011860,Ord005916,Prod00163,1.0,10
Oi0011861,Ord005917,Prod00526,1.0,10
Oi0011862,Ord005918,Prod00260,3.0,5
Oi0011863,Ord005918,Prod00195,2.0,0
Oi0011864,Ord005919,Prod00389,2.0,0
Oi0011865,Ord005919,Prod00258,2.0,10
Oi0011866,Ord005919,Prod00382,2.0,20
Oi0011867,Ord005919,Prod00552,10.0,20
Oi0011868,Ord005920,Prod00397,1.0,5
Oi0011869,Ord005921,Prod00551,4.0,5
Oi0011870,Ord005921,Prod00154,1.0,20
Oi0011871,Ord005921,Prod00013,3.0,0
Oi0011872,Ord005922,Prod00041,1.0,0
Oi0011873,Ord005922,Prod00123,5.0,5
Oi0011874,Ord005922,Prod00358,5.0,0
Oi0011875,Ord005922,Prod00032,4.0,5
Oi0011876,Ord005923,Prod00376,1.0,0
Oi0011877,Ord005923,Prod00058,4.0,0
Oi0011879,Ord005923,Prod00175,4.0,0
Oi0011880,Ord005924,Prod00551,5.0,25
Oi0011882,Ord005925,Prod00130,1.0,0
Oi0011883,Ord005925,Prod00409,10.0,15
Oi0011884,Ord005925,Prod00292,2.0,10
Oi0011885,Ord005926,Prod00133,4.0,10
Oi0011886,Ord005926,Prod00549,1.0,0
Oi0011887,Ord005927,Prod00474,4.0,5
Oi0011888,Ord005928,Prod00105,3.0,0
Oi0011889,Ord005928,Prod00140,5.0,15
Oi0011890,Ord005929,Prod00535,1.0,0
Oi0011891,Ord005930,Prod00379,5.0,0
Oi0011892,Ord005930,Prod00407,3.0,0
Oi0011893,Ord005931,Prod00108,1.0,0
Oi0011894,Ord005932,Prod00487,3.0,0
Oi0011895,Ord005933,Prod00516,3.0,5
Oi0011896,Ord005934,Prod00445,4.0,0
Oi0011897,Ord005935,Prod00346,3.0,0
Oi0011898,Ord005935,Prod00381,1.0,20
Oi0011899,Ord005935,Prod00342,5.0,5
Oi0011900,Ord005936,Prod00542,2.0,0
Oi0011901,Ord005936,Prod00070,1.0,0
Oi0011902,Ord005937,Prod00462,1.0,0
Oi0011903,Ord005938,Prod00174,3.0,15
Oi0011904,Ord005939,Prod00195,2.0,0
Oi0011905,Ord005939,Prod00546,5.0,10
Oi0011908,Ord005940,Prod00040,3.0,5
Oi0011909,Ord005940,Prod00438,4.0,5
Oi0011910,Ord005941,Prod00258,4.0,10
Oi0011912,Ord005941,Prod00595,10.0,5
Oi0011913,Ord005942,Prod00061,10.0,0
Oi0011914,Ord005942,Prod00402,1.0,25
Oi0011915,Ord005942,Prod00298,10.0,20
Oi0011916,Ord005943,Prod00337,1.0,0
Oi0011917,Ord005943,Prod00249,1.0,0
Oi0011919,Ord005944,Prod00272,10.0,15
Oi0011920,Ord005945,Prod00130,1.0,10
Oi0011921,Ord005945,Prod00286,2.0,20
Oi0011922,Ord005945,Prod00339,2.0,15
Oi0011924,Ord005947,Prod00279,1.0,25
Oi0011925,Ord005947,Prod00288,1.0,0
Oi0011926,Ord005947,Prod00123,1.0,0
Oi0011927,Ord005948,Prod00200,3.0,0
Oi0011928,Ord005948,Prod00563,1.0,0
Oi0011930,Ord005949,Prod00600,1.0,15
Oi0011932,Ord005950,Prod00025,3.0,0
Oi0011933,Ord005951,Prod00421,2.0,25
Oi0011934,Ord005952,Prod00248,500.0,15
Oi0011935,Ord005952,Prod00098,4.0,0
Oi0011936,Ord005953,Prod00199,1.0,15
Oi0011937,Ord005953,Prod00333,1.0,15
Oi0011938,Ord005953,Prod00264,1.0,5
Oi0011939,Ord005953,Prod00082,5.0,0
Oi0011940,Ord005954,Prod00589,3.0,15
Oi0011941,Ord005955,Prod00374,2.0,15
Oi0011942,Ord005955,Prod00109,1.0,5
Oi0011943,Ord005955,Prod00599,2.0,20
Oi0011944,Ord005956,Prod00347,2.0,25
Oi0011945,Ord005957,Prod00354,1.0,25
Oi0011946,Ord005958,Prod00359,1.0,5
Oi0011947,Ord005959,Prod00264,3.0,0
Oi0011948,Ord005960,Prod00270,4.0,5
Oi0011949,Ord005960,Prod00074,1.0,10
Oi0011950,Ord005960,Prod00319,10.0,0
Oi0011952,Ord005961,Prod00147,2.0,5
Oi0011953,Ord005961,Prod00466,3.0,15
Oi0011954,Ord005962,Prod00034,2.0,20
Oi0011955,Ord005962,Prod00060,3.0,0
Oi0011956,Ord005963,Prod00109,3.0,15
Oi0011957,Ord005963,Prod00047,4.0,0
Oi0011958,Ord005964,Prod00168,2.0,10
Oi0011960,Ord005964,Prod00290,4.0,15
Oi0011961,Ord005964,Prod00534,2.0,0
Oi0011963,Ord005965,Prod00117,10.0,20
Oi0011964,Ord005965,Prod00077,4.0,0
Oi0011965,Ord005966,Prod00575,2.0,5
Oi0011966,Ord005966,Prod00072,1.0,10
Oi0011967,Ord005967,Prod00078,4.0,15
Oi0011968,Ord005967,Prod00506,4.0,25
Oi0011969,Ord005968,Prod00594,1.0,5
Oi0011970,Ord005969,Prod00230,2.0,0
Oi0011971,Ord005970,Prod00423,1.0,0
Oi0011972,Ord005970,Prod00296,10.0,20
Oi0011973,Ord005970,Prod00542,2.0,0
Oi0011974,Ord005971,Prod00494,2.0,10
Oi0011975,Ord005971,Prod00446,10.0,15
Oi0011976,Ord005972,Prod00259,1.0,0
Oi0011977,Ord005973,Prod00035,10.0,0
Oi0011978,Ord005974,Prod00227,5.0,15
Oi0011979,Ord005974,Prod00347,500.0,25
Oi0011980,Ord005975,Prod00080,2.0,5
Oi0011981,Ord005975,Prod00092,1.0,0
Oi0011982,Ord005976,Prod00033,1.0,0
Oi0011983,Ord005976,Prod00148,1.0,0
Oi0011984,Ord005976,Prod00184,4.0,0
Oi0011985,Ord005977,Prod00501,3.0,10
Oi0011986,Ord005977,Prod00227,10.0,0
Oi0011987,Ord005977,Prod00205,2.0,20
Oi0011989,Ord005978,Prod00109,2.0,25
Oi0011990,Ord005978,Prod00540,1.0,20
Oi0011991,Ord005979,Prod00386,1.0,0
Oi0011993,Ord005980,Prod00073,2.0,25
Oi0011994,Ord005980,Prod00103,3.0,20
Oi0011995,Ord005981,Prod00076,4.0,10
Oi0011997,Ord005982,Prod00181,3.0,0
Oi0011998,Ord005982,Prod00145,2.0,0
Oi0011999,Ord005982,Prod00036,4.0,0
Oi0012000,Ord005983,Prod00211,2.0,25
Oi0012001,Ord005983,Prod00422,2.0,0
Oi0012002,Ord005983,Prod00060,2.0,20
Oi0012003,Ord005983,Prod00334,1.0,20
Oi0012004,Ord005984,Prod00138,1.0,15
Oi0012005,Ord005985,Prod00114,10.0,10
Oi0012006,Ord005985,Prod00282,1.0,15
Oi0012007,Ord005986,Prod00494,5.0,15
Oi0012008,Ord005987,Prod00138,2.0,10
Oi0012010,Ord005988,Prod00276,2.0,20
Oi0012011,Ord005989,Prod00343,1.0,0
Oi0012012,Ord005989,Prod00531,4.0,25
Oi0012013,Ord005990,Prod00157,3.0,0
Oi0012014,Ord005990,Prod00289,3.0,20
Oi0012016,Ord005990,Prod00292,5.0,20
Oi0012017,Ord005991,Prod00131,10.0,0
Oi0012018,Ord005991,Prod00572,1.0,0
Oi0012019,Ord005991,Prod00123,5.0,25
Oi0012020,Ord005992,Prod00547,4.0,25
Oi0012021,Ord005993,Prod00072,2.0,0
Oi0012022,Ord005993,Prod00483,3.0,10
Oi0012024,Ord005994,Prod00307,10.0,0
Oi0012025,Ord005994,Prod00549,2.0,25
Oi0012026,Ord005994,Prod00049,2.0,20
Oi0012027,Ord005994,Prod00012,10.0,0
Oi0012028,Ord005995,Prod00191,5.0,0
Oi0012029,Ord005996,Prod00599,4.0,10
Oi0012030,Ord005997,Prod00196,10.0,10
Oi0012031,Ord005997,Prod00347,4.0,25
Oi0012032,Ord005997,Prod00268,10.0,15
Oi0012033,Ord005997,Prod00117,1.0,10
Oi0012034,Ord005998,Prod00241,3.0,0
Oi0012035,Ord005998,Prod00517,3.0,0
Oi0012036,Ord005998,Prod00403,2.0,5
Oi0012037,Ord005998,Prod00328,3.0,0
Oi0012038,Ord005999,Prod00179,4.0,15
Oi0012039,Ord005999,Prod00349,1.0,0
Oi0012040,Ord005999,Prod00320,2.0,0
Oi0012041,Ord006000,Prod00223,10.0,0
Oi0012042,Ord006000,Prod00327,1.0,15
Oi0012043,Ord006000,Prod00099,3.0,5
Oi0012044,Ord006000,Prod00536,4.0,0
Oi0012045,Ord006001,Prod00031,3.0,25
Oi0012046,Ord006001,Prod00161,5.0,15
Oi0012047,Ord006002,Prod00154,2.0,10
Oi0012048,Ord006002,Prod00457,1.0,0
Oi0012050,Ord006002,Prod00204,10.0,20
Oi0012051,Ord006003,Prod00507,2.0,10
Oi0012052,Ord006003,Prod00472,10.0,0
Oi0012053,Ord006004,Prod00416,1.0,15
Oi0012054,Ord006005,Prod00058,1.0,0
Oi0012055,Ord006006,Prod00396,1.0,5
Oi0012056,Ord006007,Prod00461,1.0,0
Oi0012057,Ord006007,Prod00112,2.0,15
Oi0012058,Ord006007,Prod00380,1.0,20
Oi0012059,Ord006008,Prod00237,1.0,5
Oi0012061,Ord006010,Prod00212,5.0,0
Oi0012062,Ord006011,Prod00060,10.0,10
Oi0012063,Ord006012,Prod00222,2.0,10
Oi0012064,Ord006012,Prod00066,1.0,0
Oi0012065,Ord006013,Prod00262,1.0,0
Oi0012066,Ord006014,Prod00195,1.0,5
Oi0012067,Ord006015,Prod00500,4.0,0
Oi0012068,Ord006015,Prod00296,5.0,0
Oi0012069,Ord006015,Prod00501,10.0,25
Oi0012070,Ord006015,Prod00125,4.0,20
Oi0012071,Ord006016,Prod00184,1.0,0
Oi0012072,Ord006016,Prod00419,1.0,0
Oi0012073,Ord006016,Prod00229,2.0,0
Oi0012074,Ord006017,Prod00296,1.0,20
Oi0012075,Ord006017,Prod00049,5.0,0
Oi0012076,Ord006017,Prod00142,1.0,25
Oi0012077,Ord006017,Prod00102,1.0,0
Oi0012078,Ord006018,Prod00583,3.0,25
Oi0012079,Ord006018,Prod00492,1.0,10
Oi0012080,Ord006018,Prod00548,1.0,25
Oi0012081,Ord006018,Prod00408,1.0,0
Oi0012083,Ord006019,Prod00378,1.0,0
Oi0012084,Ord006019,Prod00232,5.0,5
Oi0012085,Ord006019,Prod00539,5.0,0
Oi0012086,Ord006020,Prod00513,1.0,25
Oi0012087,Ord006020,Prod00279,2.0,0
Oi0012088,Ord006021,Prod00130,5.0,20
Oi0012089,Ord006022,Prod00296,1.0,15
Oi0012090,Ord006023,Prod00072,10.0,15
Oi0012091,Ord006023,Prod00219,1.0,0
Oi0012092,Ord006023,Prod00273,1.0,25
Oi0012093,Ord006023,Prod00159,1.0,15
Oi0012094,Ord006024,Prod00433,10.0,0
Oi0012095,Ord006024,Prod00044,3.0,0
Oi0012096,Ord006024,Prod00218,10.0,0
Oi0012097,Ord006025,Prod00163,1.0,0
Oi0012098,Ord006026,Prod00269,1.0,0
Oi0012099,Ord006026,Prod00563,3.0,0
Oi0012100,Ord006027,Prod00103,10.0,0
Oi0012102,Ord006028,Prod00066,5.0,25
Oi0012103,Ord006028,Prod00454,5.0,0
Oi0012104,Ord006028,Prod00564,2.0,0
Oi0012105,Ord006029,Prod00006,3.0,5
Oi0012106,Ord006029,Prod00095,10.0,15
Oi0012107,Ord006030,Prod00223,5.0,20
Oi0012108,Ord006030,Prod00116,3.0,15
Oi0012109,Ord006030,Prod00279,1.0,5
Oi0012110,Ord006031,Prod00438,3.0,20
Oi0012112,Ord006031,Prod00362,2.0,0
Oi0012113,Ord006031,Prod00152,3.0,20
Oi0012114,Ord006032,Prod00278,4.0,0
Oi0012115,Ord006033,Prod00042,1.0,0
Oi0012116,Ord006034,Prod00532,2.0,15
Oi0012117,Ord006035,Prod00153,1.0,5
Oi0012118,Ord006035,Prod00102,1.0,20
Oi0012119,Ord006036,Prod00138,3.0,5
Oi0012120,Ord006036,Prod00584,10.0,0
Oi0012121,Ord006037,Prod00108,10.0,25
Oi0012122,Ord006037,Prod00236,1.0,20
Oi0012123,Ord006037,Prod00525,3.0,5
Oi0012124,Ord006037,Prod00544,1.0,0
Oi0012125,Ord006038,Prod00433,1.0,20
Oi0012126,Ord006038,Prod00237,5.0,0
Oi0012127,Ord006038,Prod00271,1.0,15
Oi0012128,Ord006038,Prod00140,1.0,0
Oi0012129,Ord006039,Prod00350,1.0,5
Oi0012130,Ord006040,Prod00279,5.0,0
Oi0012131,Ord006041,Prod00351,2.0,15
Oi0012132,Ord006041,Prod00047,1.0,0
Oi0012134,Ord006041,Prod00226,5.0,10
Oi0012136,Ord006043,Prod00388,4.0,20
Oi0012137,Ord006043,Prod00365,2.0,0
Oi0012138,Ord006044,Prod00259,1.0,0
Oi0012140,Ord006046,Prod00574,2.0,5
Oi0012141,Ord006046,Prod00509,1.0,5
Oi0012142,Ord006047,Prod00437,1.0,15
Oi0012143,Ord006048,Prod00479,10.0,25
Oi0012144,Ord006049,Prod00366,1.0,0
Oi0012145,Ord006049,Prod00253,1.0,15
Oi0012146,Ord006049,Prod00545,2.0,5
Oi0012147,Ord006049,Prod00095,1.0,5
Oi0012148,Ord006050,Prod00372,1.0,5
Oi0012149,Ord006050,Prod00368,1.0,25
Oi0012150,Ord006050,Prod00431,2.0,10
Oi0012151,Ord006050,Prod00468,2.0,25
Oi0012152,Ord006051,Prod00277,2.0,25
Oi0012153,Ord006051,Prod00098,1.0,20
Oi0012154,Ord006051,Prod00498,2.0,20
Oi0012155,Ord006051,Prod00537,10.0,15
Oi0012156,Ord006052,Prod00219,10.0,25
Oi0012157,Ord006053,Prod00184,1.0,0
Oi0012158,Ord006053,Prod00515,4.0,20
Oi0012159,Ord006054,Prod00138,4.0,0
Oi0012160,Ord006054,Prod00049,3.0,0
Oi0012161,Ord006054,Prod00462,2.0,20
Oi0012162,Ord006055,Prod00091,1.0,20
Oi0012163,Ord006055,Prod00240,3.0,15
Oi0012164,Ord006056,Prod00421,2.0,0
Oi0012165,Ord006057,Prod00034,1.0,10
Oi0012166,Ord006058,Prod00066,5.0,15
Oi0012168,Ord006059,Prod00064,10.0,0
Oi0012169,Ord006060,Prod00339,1.0,15
Oi0012170,Ord006061,Prod00472,3.0,20
Oi0012171,Ord006061,Prod00217,3.0,15
Oi0012172,Ord006062,Prod00035,2.0,15
Oi0012173,Ord006062,Prod00038,3.0,0
Oi0012174,Ord006063,Prod00238,5.0,10
Oi0012175,Ord006063,Prod00203,10.0,15
Oi0012176,Ord006064,Prod00542,1.0,20
Oi0012177,Ord006065,Prod00312,1.0,5
Oi0012178,Ord006066,Prod00017,1.0,20
Oi0012179,Ord006066,Prod00291,2.0,0
Oi0012180,Ord006066,Prod00038,5.0,25
Oi0012181,Ord006067,Prod00118,10.0,10
Oi0012182,Ord006068,Prod00131,1.0,0
Oi0012183,Ord006068,Prod00004,2.0,5
Oi0012184,Ord006068,Prod00178,2.0,10
Oi0012185,Ord006069,Prod00416,1.0,25
Oi0012186,Ord006069,Prod00136,1.0,10
Oi0012187,Ord006070,Prod00111,3.0,25
Oi0012188,Ord006070,Prod00479,5.0,20
Oi0012189,Ord006071,Prod00436,1.0,15
Oi0012190,Ord006071,Prod00124,2.0,15
Oi0012192,Ord006071,Prod00507,5.0,0
Oi0012193,Ord006072,Prod00435,4.0,20
Oi0012194,Ord006072,Prod00240,2.0,20
Oi0012195,Ord006072,Prod00401,3.0,10
Oi0012196,Ord006072,Prod00373,4.0,0
Oi0012198,Ord006074,Prod00124,10.0,0
Oi0012199,Ord006074,Prod00251,1.0,20
Oi0012200,Ord006074,Prod00424,5.0,20
Oi0012202,Ord006075,Prod00029,2.0,15
Oi0012204,Ord006076,Prod00018,2.0,0
Oi0012205,Ord006076,Prod00373,1.0,5
Oi0012206,Ord006076,Prod00397,1.0,15
Oi0012208,Ord006077,Prod00509,1.0,20
Oi0012209,Ord006078,Prod00418,1.0,0
Oi0012210,Ord006079,Prod00310,10.0,0
Oi0012211,Ord006079,Prod00272,5.0,0
Oi0012212,Ord006080,Prod00332,1.0,0
Oi0012213,Ord006080,Prod00426,1.0,0
Oi0012214,Ord006081,Prod00072,5.0,5
Oi0012216,Ord006081,Prod00521,2.0,10
Oi0012217,Ord006082,Prod00436,2.0,5
Oi0012218,Ord006083,Prod00100,2.0,0
Oi0012219,Ord006084,Prod00195,5.0,0
Oi0012220,Ord006084,Prod00241,1.0,0
Oi0012224,Ord006086,Prod00519,3.0,0
Oi0012225,Ord006087,Prod00303,2.0,0
Oi0012226,Ord006087,Prod00380,10.0,15
Oi0012227,Ord006088,Prod00541,5.0,20
Oi0012228,Ord006089,Prod00152,3.0,0
Oi0012229,Ord006090,Prod00086,1.0,20
Oi0012230,Ord006091,Prod00522,1.0,5
Oi0012231,Ord006091,Prod00312,4.0,10
Oi0012233,Ord006091,Prod00227,1.0,0
Oi0012235,Ord006092,Prod00299,3.0,0
Oi0012236,Ord006092,Prod00520,1.0,5
Oi0012237,Ord006093,Prod00001,1.0,0
Oi0012238,Ord006094,Prod00502,2.0,15
Oi0012239,Ord006095,Prod00062,2.0,15
Oi0012240,Ord006095,Prod00541,5.0,20
Oi0012241,Ord006096,Prod00337,4.0,20
Oi0012242,Ord006096,Prod00199,2.0,5
Oi0012243,Ord006097,Prod00082,2.0,10
Oi0012244,Ord006097,Prod00554,4.0,15
Oi0012245,Ord006098,Prod00151,4.0,15
Oi0012246,Ord006099,Prod00275,2.0,0
Oi0012247,Ord006100,Prod00442,2.0,15
Oi0012248,Ord006100,Prod00049,2.0,0
Oi0012249,Ord006100,Prod00552,5.0,0
Oi0012250,Ord006100,Prod00496,1.0,0
Oi0012251,Ord006101,Prod00508,5.0,15
Oi0012253,Ord006101,Prod00071,10.0,5
Oi0012254,Ord006102,Prod00362,2.0,0
Oi0012255,Ord006103,Prod00599,4.0,0
Oi0012256,Ord006103,Prod00032,1.0,0
Oi0012257,Ord006103,Prod00153,2.0,20
Oi0012258,Ord006103,Prod00450,2.0,0
Oi0012259,Ord006104,Prod00277,2.0,0
Oi0012261,Ord006104,Prod00062,3.0,25
Oi0012262,Ord006105,Prod00133,10.0,0
Oi0012263,Ord006105,Prod00344,2.0,20
Oi0012264,Ord006106,Prod00230,2.0,15
Oi0012265,Ord006106,Prod00164,1.0,25
Oi0012266,Ord006107,Prod00248,2.0,15
Oi0012267,Ord006107,Prod00549,5.0,25
Oi0012268,Ord006107,Prod00498,2.0,0
Oi0012269,Ord006107,Prod00501,1.0,10
Oi0012270,Ord006108,Prod00386,3.0,10
Oi0012271,Ord006109,Prod00450,1.0,20
Oi0012272,Ord006109,Prod00342,3.0,0
Oi0012273,Ord006109,Prod00039,2.0,0
Oi0012274,Ord006109,Prod00338,2.0,10
Oi0012276,Ord006111,Prod00007,10.0,0
Oi0012277,Ord006111,Prod00110,3.0,25
Oi0012280,Ord006112,Prod00175,1.0,10
Oi0012281,Ord006113,Prod00237,1.0,25
Oi0012282,Ord006113,Prod00240,3.0,25
Oi0012283,Ord006113,Prod00579,3.0,0
Oi0012284,Ord006113,Prod00106,1.0,0
Oi0012285,Ord006114,Prod00282,1.0,0
Oi0012288,Ord006115,Prod00199,10.0,10
Oi0012289,Ord006115,Prod00576,2.0,0
Oi0012291,Ord006115,Prod00526,2.0,15
Oi0012292,Ord006116,Prod00560,1.0,5
Oi0012293,Ord006117,Prod00119,1.0,10
Oi0012295,Ord006119,Prod00275,2.0,0
Oi0012296,Ord006120,Prod00226,5.0,0
Oi0012298,Ord006120,Prod00297,2.0,0
Oi0012299,Ord006121,Prod00347,10.0,20
Oi0012300,Ord006121,Prod00210,4.0,0
Oi0012301,Ord006121,Prod00398,5.0,20
Oi0012302,Ord006122,Prod00366,4.0,5
Oi0012303,Ord006122,Prod00262,1.0,15
Oi0012305,Ord006123,Prod00143,4.0,5
Oi0012306,Ord006123,Prod00430,2.0,0
Oi0012307,Ord006124,Prod00195,5.0,25
Oi0012308,Ord006124,Prod00179,1.0,0
Oi0012309,Ord006124,Prod00575,10.0,5
Oi0012310,Ord006124,Prod00547,1.0,0
Oi0012311,Ord006125,Prod00259,3.0,10
Oi0012312,Ord006126,Prod00131,1.0,5
Oi0012313,Ord006126,Prod00404,5.0,5
Oi0012314,Ord006127,Prod00531,10.0,10
Oi0012315,Ord006128,Prod00004,5.0,0
Oi0012316,Ord006129,Prod00266,2.0,25
Oi0012317,Ord006129,Prod00208,5.0,15
Oi0012318,Ord006129,Prod00055,1.0,20
Oi0012319,Ord006130,Prod00552,1.0,0
Oi0012320,Ord006131,Prod00132,3.0,10
Oi0012321,Ord006132,Prod00391,2.0,25
Oi0012322,Ord006132,Prod00552,5.0,20
Oi0012323,Ord006132,Prod00177,5.0,10
Oi0012324,Ord006132,Prod00173,2.0,0
Oi0012326,Ord006133,Prod00338,3.0,0
Oi0012327,Ord006133,Prod00347,10.0,0
Oi0012328,Ord006133,Prod00425,4.0,20
Oi0012329,Ord006134,Prod00182,3.0,15
Oi0012330,Ord006135,Prod00395,10.0,0
Oi0012331,Ord006135,Prod00429,1.0,0
Oi0012333,Ord006136,Prod00119,2.0,0
Oi0012334,Ord006136,Prod00182,1.0,10
Oi0012335,Ord006137,Prod00516,10.0,0
Oi0012336,Ord006137,Prod00142,5.0,25
Oi0012337,Ord006137,Prod00269,1.0,0
Oi0012338,Ord006138,Prod00049,4.0,0
Oi0012339,Ord006139,Prod00540,4.0,10
Oi0012340,Ord006140,Prod00100,1.0,10
Oi0012341,Ord006140,Prod00278,1.0,0
Oi0012342,Ord006141,Prod00187,2.0,5
Oi0012343,Ord006142,Prod00003,10.0,5
Oi0012344,Ord006143,Prod00522,3.0,20
Oi0012346,Ord006143,Prod00067,3.0,10
Oi0012347,Ord006144,Prod00459,5.0,15
Oi0012348,Ord006144,Prod00582,3.0,0
Oi0012349,Ord006145,Prod00454,4.0,5
Oi0012351,Ord006146,Prod00531,5.0,20
Oi0012352,Ord006146,Prod00353,1.0,0
Oi0012353,Ord006147,Prod00289,1.0,0
Oi0012355,Ord006147,Prod00073,10.0,10
Oi0012356,Ord006148,Prod00227,4.0,20
Oi0012357,Ord006148,Prod00554,5.0,10
Oi0012358,Ord006149,Prod00160,4.0,0
Oi0012359,Ord006149,Prod00239,5.0,0
Oi0012360,Ord006150,Prod00249,2.0,0
Oi0012361,Ord006150,Prod00587,1.0,25
Oi0012362,Ord006151,Prod00547,1.0,0
Oi0012363,Ord006151,Prod00501,5.0,25
Oi0012364,Ord006152,Prod00047,2.0,10
Oi0012365,Ord006153,Prod00439,1.0,10
Oi0012366,Ord006154,Prod00142,500.0,0
Oi0012367,Ord006154,Prod00323,1.0,0
Oi0012368,Ord006155,Prod00080,5.0,15
Oi0012369,Ord006155,Prod00495,2.0,15
Oi0012370,Ord006155,Prod00170,2.0,0
Oi0012371,Ord006156,Prod00179,4.0,0
Oi0012373,Ord006157,Prod00238,3.0,5
Oi0012374,Ord006157,Prod00482,10.0,10
Oi0012377,Ord006159,Prod00188,1.0,15
Oi0012378,Ord006159,Prod00105,2.0,20
Oi0012379,Ord006160,Prod00216,5.0,0
Oi0012380,Ord006160,Prod00315,1.0,0
Oi0012381,Ord006160,Prod00509,10.0,0
Oi0012382,Ord006160,Prod00183,2.0,0
Oi0012383,Ord006161,Prod00429,2.0,0
Oi0012384,Ord006161,Prod00378,2.0,0
Oi0012386,Ord006161,Prod00107,2.0,15
Oi0012387,Ord006162,Prod00431,10.0,20
Oi0012388,Ord006162,Prod00349,5.0,0
Oi0012389,Ord006162,Prod00210,1.0,20
Oi0012390,Ord006163,Prod00523,10.0,20
Oi0012391,Ord006163,Prod00153,10.0,5
Oi0012393,Ord006165,Prod00309,2.0,0
Oi0012394,Ord006166,Prod00339,1.0,0
Oi0012395,Ord006166,Prod00068,5.0,15
Oi0012397,Ord006167,Prod00364,1.0,0
Oi0012398,Ord006168,Prod00541,1.0,0
Oi0012400,Ord006168,Prod00172,4.0,5
Oi0012401,Ord006168,Prod00200,4.0,0
Oi0012402,Ord006169,Prod00559,2.0,25
Oi0012403,Ord006170,Prod00542,3.0,25
Oi0012404,Ord006171,Prod00354,5.0,25
Oi0012405,Ord006172,Prod00214,10.0,0
Oi0012406,Ord006172,Prod00442,1.0,10
Oi0012408,Ord006173,Prod00393,1.0,20
Oi0012409,Ord006174,Prod00290,3.0,10
Oi0012410,Ord006174,Prod00579,2.0,15
Oi0012411,Ord006174,Prod00202,1.0,0
Oi0012412,Ord006174,Prod00071,1.0,15
Oi0012414,Ord006176,Prod00425,10.0,15
Oi0012415,Ord006177,Prod00347,10.0,10
Oi0012416,Ord006177,Prod00317,2.0,10
Oi0012417,Ord006178,Prod00384,2.0,10
Oi0012418,Ord006179,Prod00066,4.0,20
Oi0012419,Ord006179,Prod00013,1.0,0
Oi0012420,Ord006180,Prod00092,3.0,0
Oi0012421,Ord006180,Prod00116,3.0,25
Oi0012422,Ord006180,Prod00457,10.0,5
Oi0012424,Ord006181,Prod00564,500.0,0
Oi0012425,Ord006181,Prod00069,5.0,25
Oi0012426,Ord006182,Prod00186,1.0,10
Oi0012427,Ord006183,Prod00587,4.0,0
Oi0012428,Ord006183,Prod00322,2.0,0
Oi0012429,Ord006184,Prod00562,2.0,20
Oi0012430,Ord006184,Prod00159,1.0,0
Oi0012431,Ord006185,Prod00304,2.0,0
Oi0012432,Ord006186,Prod00006,1.0,25
Oi0012433,Ord006186,Prod00542,2.0,5
Oi0012434,Ord006187,Prod00094,4.0,10
Oi0012435,Ord006188,Prod00293,4.0,5
Oi0012436,Ord006188,Prod00213,3.0,0
Oi0012437,Ord006189,Prod00191,3.0,0
Oi0012438,Ord006189,Prod00153,2.0,20
Oi0012439,Ord006189,Prod00315,2.0,15
Oi0012440,Ord006189,Prod00558,4.0,0
Oi0012441,Ord006190,Prod00585,3.0,5
Oi0012442,Ord006191,Prod00550,5.0,20
Oi0012443,Ord006191,Prod00341,5.0,15
Oi0012444,Ord006191,Prod00552,2.0,15
Oi0012445,Ord006191,Prod00012,2.0,5
Oi0012447,Ord006192,Prod00081,10.0,20
Oi0012449,Ord006192,Prod00077,4.0,20
Oi0012450,Ord006193,Prod00446,5.0,0
Oi0012451,Ord006194,Prod00183,1.0,5
Oi0012452,Ord006195,Prod00267,10.0,0
Oi0012453,Ord006196,Prod00216,1.0,25
Oi0012454,Ord006197,Prod00321,2.0,25
Oi0012455,Ord006197,Prod00437,3.0,0
Oi0012456,Ord006197,Prod00526,1.0,0
Oi0012457,Ord006198,Prod00253,2.0,25
Oi0012458,Ord006198,Prod00028,2.0,0
Oi0012459,Ord006199,Prod00076,2.0,0
Oi0012460,Ord006200,Prod00465,1.0,10
Oi0012461,Ord006200,Prod00488,1.0,10
Oi0012462,Ord006200,Prod00230,1.0,5
Oi0012463,Ord006200,Prod00182,2.0,0
Oi0012464,Ord006201,Prod00253,1.0,5
Oi0012465,Ord006201,Prod00231,1.0,0
Oi0012467,Ord006202,Prod00037,1.0,15
Oi0012468,Ord006202,Prod00097,2.0,15
Oi0012470,Ord006204,Prod00542,2.0,15
Oi0012471,Ord006205,Prod00362,5.0,25
Oi0012472,Ord006205,Prod00383,1.0,10
Oi0012473,Ord006206,Prod00375,4.0,5
Oi0012474,Ord006206,Prod00063,3.0,0
Oi0012476,Ord006208,Prod00556,10.0,25
Oi0012477,Ord006209,Prod00431,2.0,5
Oi0012478,Ord006209,Prod00571,1.0,25
Oi0012479,Ord006209,Prod00132,5.0,10
Oi0012480,Ord006210,Prod00204,2.0,0
Oi0012481,Ord006211,Prod00438,1.0,15
Oi0012482,Ord006211,Prod00048,4.0,10
Oi0012483,Ord006211,Prod00182,2.0,20
Oi0012484,Ord006211,Prod00508,5.0,0
Oi0012486,Ord006212,Prod00353,1.0,0
Oi0012488,Ord006212,Prod00582,1.0,15
Oi0012489,Ord006213,Prod00019,5.0,0
Oi0012490,Ord006214,Prod00125,10.0,10
Oi0012491,Ord006215,Prod00554,2.0,0
Oi0012492,Ord006215,Prod00521,3.0,5
Oi0012494,Ord006216,Prod00314,10.0,5
Oi0012495,Ord006216,Prod00567,10.0,0
Oi0012498,Ord006218,Prod00154,2.0,20
Oi0012499,Ord006219,Prod00393,1.0,0
Oi0012500,Ord006219,Prod00223,4.0,0
Oi0012501,Ord006220,Prod00238,1.0,0
Oi0012502,Ord006220,Prod00400,2.0,25
Oi0012503,Ord006221,Prod00170,2.0,10
Oi0012506,Ord006222,Prod00184,2.0,25
Oi0012507,Ord006223,Prod00466,1.0,25
Oi0012508,Ord006224,Prod00406,3.0,0
Oi0012509,Ord006224,Prod00043,2.0,0
Oi0012510,Ord006224,Prod00450,2.0,10
Oi0012511,Ord006224,Prod00269,1.0,20
Oi0012513,Ord006226,Prod00338,2.0,25
Oi0012514,Ord006227,Prod00430,1.0,0
Oi0012516,Ord006228,Prod00503,2.0,0
Oi0012517,Ord006228,Prod00537,10.0,0
Oi0012518,Ord006228,Prod00582,3.0,0
Oi0012519,Ord006228,Prod00073,5.0,0
Oi0012520,Ord006229,Prod00386,5.0,15
Oi0012521,Ord006230,Prod00360,4.0,10
Oi0012522,Ord006230,Prod00346,1.0,10
Oi0012524,Ord006230,Prod00578,2.0,0
Oi0012525,Ord006231,Prod00557,5.0,10
Oi0012526,Ord006231,Prod00209,2.0,0
Oi0012528,Ord006233,Prod00260,10.0,0
Oi0012529,Ord006234,Prod00309,4.0,25
Oi0012530,Ord006235,Prod00457,3.0,15
Oi0012531,Ord006236,Prod00582,5.0,20
Oi0012532,Ord006236,Prod00382,1.0,15
Oi0012533,Ord006236,Prod00096,4.0,5
Oi0012534,Ord006237,Prod00093,10.0,15
Oi0012537,Ord006239,Prod00435,10.0,10
Oi0012538,Ord006239,Prod00356,1.0,0
Oi0012539,Ord006239,Prod00119,2.0,5
Oi0012540,Ord006240,Prod00140,10.0,0
Oi0012541,Ord006240,Prod00489,5.0,25
Oi0012542,Ord006240,Prod00378,1.0,0
Oi0012543,Ord006241,Prod00042,4.0,25
Oi0012544,Ord006241,Prod00024,1.0,0
Oi0012545,Ord006241,Prod00104,2.0,25
Oi0012547,Ord006243,Prod00397,1.0,0
Oi0012548,Ord006243,Prod00341,10.0,5
Oi0012549,Ord006244,Prod00485,1.0,0
Oi0012550,Ord006245,Prod00133,2.0,0
Oi0012551,Ord006246,Prod00162,5.0,20
Oi0012552,Ord006246,Prod00225,3.0,0
Oi0012553,Ord006246,Prod00276,1.0,15
Oi0012554,Ord006246,Prod00215,3.0,15
Oi0012555,Ord006247,Prod00491,2.0,20
Oi0012556,Ord006247,Prod00507,1.0,0
Oi0012557,Ord006248,Prod00097,1.0,10
Oi0012558,Ord006249,Prod00356,2.0,25
Oi0012559,Ord006249,Prod00273,4.0,15
Oi0012560,Ord006250,Prod00560,5.0,10
Oi0012561,Ord006250,Prod00248,2.0,15
Oi0012562,Ord006250,Prod00505,1.0,0
Oi0012564,Ord006251,Prod00251,2.0,0
Oi0012565,Ord006252,Prod00358,2.0,10
Oi0012566,Ord006253,Prod00397,5.0,15
Oi0012567,Ord006254,Prod00317,4.0,10
Oi0012568,Ord006255,Prod00090,3.0,0
Oi0012569,Ord006256,Prod00562,4.0,5
Oi0012570,Ord006257,Prod00091,4.0,0
Oi0012571,Ord006257,Prod00419,2.0,0
Oi0012572,Ord006257,Prod00561,1.0,10
Oi0012573,Ord006258,Prod00551,500.0,0
Oi0012575,Ord006258,Prod00283,4.0,0
Oi0012576,Ord006258,Prod00578,4.0,15
Oi0012578,Ord006259,Prod00223,1.0,0
Oi0012579,Ord006259,Prod00005,5.0,5
Oi0012580,Ord006259,Prod00118,2.0,20
Oi0012581,Ord006260,Prod00357,1.0,10
Oi0012582,Ord006260,Prod00251,10.0,10
Oi0012584,Ord006261,Prod00442,2.0,0
Oi0012586,Ord006261,Prod00333,2.0,5
Oi0012587,Ord006262,Prod00568,4.0,0
Oi0012588,Ord006263,Prod00078,1.0,10
Oi0012589,Ord006263,Prod00163,1.0,20
Oi0012590,Ord006264,Prod00034,1.0,0
Oi0012591,Ord006265,Prod00496,2.0,25
Oi0012592,Ord006265,Prod00063,3.0,0
Oi0012593,Ord006265,Prod00055,10.0,5
Oi0012594,Ord006265,Prod00332,1.0,0
Oi0012595,Ord006266,Prod00142,5.0,10
Oi0012596,Ord006266,Prod00570,2.0,15
Oi0012597,Ord006266,Prod00468,5.0,0
Oi0012598,Ord006266,Prod00221,10.0,0
Oi0012599,Ord006267,Prod00384,1.0,0
Oi0012600,Ord006267,Prod00493,5.0,10
Oi0012601,Ord006267,Prod00205,10.0,10
Oi0012602,Ord006267,Prod00388,1.0,5
Oi0012603,Ord006268,Prod00411,10.0,15
Oi0012604,Ord006268,Prod00231,3.0,20
Oi0012605,Ord006268,Prod00493,4.0,0
Oi0012606,Ord006269,Prod00452,3.0,20
Oi0012607,Ord006270,Prod00573,1.0,0
Oi0012608,Ord006270,Prod00231,3.0,5
Oi0012609,Ord006270,Prod00020,10.0,15
Oi0012610,Ord006270,Prod00373,10.0,15
Oi0012612,Ord006271,Prod00037,2.0,0
Oi0012613,Ord006272,Prod00591,1.0,10
Oi0012614,Ord006272,Prod00210,2.0,0
Oi0012615,Ord006272,Prod00432,3.0,10
Oi0012616,Ord006272,Prod00253,3.0,5
Oi0012617,Ord006273,Prod00186,2.0,0
Oi0012619,Ord006274,Prod00498,1.0,0
Oi0012620,Ord006275,Prod00349,500.0,20
Oi0012621,Ord006275,Prod00149,2.0,0
Oi0012622,Ord006275,Prod00015,2.0,10
Oi0012623,Ord006275,Prod00317,1.0,5
Oi0012625,Ord006276,Prod00241,1.0,5
Oi0012626,Ord006277,Prod00539,4.0,10
Oi0012629,Ord006279,Prod00353,5.0,0
Oi0012630,Ord006279,Prod00288,2.0,0
Oi0012632,Ord006281,Prod00423,10.0,15
Oi0012633,Ord006281,Prod00456,3.0,0
Oi0012634,Ord006281,Prod00478,1.0,0
Oi0012635,Ord006281,Prod00551,1.0,20
Oi0012636,Ord006282,Prod00152,3.0,10
Oi0012637,Ord006282,Prod00338,10.0,15
Oi0012638,Ord006283,Prod00114,1.0,15
Oi0012640,Ord006284,Prod00256,4.0,5
Oi0012641,Ord006285,Prod00251,2.0,25
Oi0012642,Ord006285,Prod00268,1.0,0
Oi0012643,Ord006286,Prod00441,3.0,25
Oi0012644,Ord006286,Prod00527,1.0,20
Oi0012645,Ord006287,Prod00132,4.0,0
Oi0012646,Ord006288,Prod00549,1.0,10
Oi0012647,Ord006288,Prod00522,3.0,0
Oi0012648,Ord006289,Prod00236,5.0,10
Oi0012649,Ord006290,Prod00166,3.0,5
Oi0012650,Ord006291,Prod00189,10.0,25
Oi0012651,Ord006292,Prod00518,4.0,5
Oi0012653,Ord006292,Prod00582,2.0,10
Oi0012654,Ord006293,Prod00366,4.0,0
Oi0012655,Ord006293,Prod00340,10.0,0
Oi0012656,Ord006294,Prod00151,4.0,25
Oi0012657,Ord006294,Prod00424,2.0,0
Oi0012658,Ord006295,Prod00296,3.0,0
Oi0012659,Ord006296,Prod00296,10.0,0
Oi0012660,Ord006296,Prod00151,1.0,25
Oi0012661,Ord006297,Prod00475,2.0,20
Oi0012662,Ord006297,Prod00088,5.0,0
Oi0012663,Ord006297,Prod00187,2.0,5
Oi0012664,Ord006297,Prod00527,3.0,25
Oi0012666,Ord006298,Prod00239,3.0,0
Oi0012667,Ord006298,Prod00582,10.0,0
Oi0012668,Ord006299,Prod00576,1.0,15
Oi0012669,Ord006299,Prod00450,1.0,15
Oi0012670,Ord006300,Prod00072,3.0,0
Oi0012671,Ord006301,Prod00261,5.0,0
Oi0012672,Ord006301,Prod00224,2.0,0
Oi0012673,Ord006302,Prod00371,2.0,25
Oi0012674,Ord006303,Prod00010,4.0,0
Oi0012675,Ord006304,Prod00303,4.0,5
Oi0012676,Ord006304,Prod00420,1.0,5
Oi0012678,Ord006304,Prod00280,2.0,15
Oi0012679,Ord006305,Prod00546,3.0,15
Oi0012681,Ord006307,Prod00459,3.0,0
Oi0012682,Ord006307,Prod00439,1.0,20
Oi0012683,Ord006308,Prod00301,1.0,0
Oi0012686,Ord006310,Prod00006,1.0,25
Oi0012687,Ord006310,Prod00067,1.0,25
Oi0012688,Ord006311,Prod00240,10.0,0
Oi0012689,Ord006311,Prod00129,10.0,10
Oi0012690,Ord006312,Prod00309,5.0,0
Oi0012691,Ord006312,Prod00047,3.0,0
Oi0012692,Ord006312,Prod00381,2.0,0
Oi0012693,Ord006313,Prod00424,5.0,15
Oi0012694,Ord006314,Prod00071,2.0,5
Oi0012695,Ord006314,Prod00062,3.0,0
Oi0012696,Ord006314,Prod00305,4.0,20
Oi0012697,Ord006314,Prod00181,1.0,10
Oi0012698,Ord006315,Prod00082,4.0,0
Oi0012699,Ord006316,Prod00001,1.0,5
Oi0012701,Ord006316,Prod00070,5.0,5
Oi0012702,Ord006317,Prod00335,4.0,0
Oi0012703,Ord006318,Prod00218,2.0,20
Oi0012704,Ord006318,Prod00301,3.0,20
Oi0012705,Ord006318,Prod00276,2.0,10
Oi0012706,Ord006318,Prod00110,5.0,0
Oi0012708,Ord006319,Prod00028,1.0,0
Oi0012709,Ord006319,Prod00279,5.0,15
Oi0012711,Ord006320,Prod00548,2.0,15
Oi0012712,Ord006321,Prod00042,2.0,10
Oi0012714,Ord006322,Prod00037,5.0,10
Oi0012717,Ord006325,Prod00569,10.0,10
Oi0012718,Ord006326,Prod00465,1.0,0
Oi0012719,Ord006327,Prod00524,2.0,20
Oi0012720,Ord006327,Prod00312,1.0,10
Oi0012721,Ord006328,Prod00079,2.0,0
Oi0012722,Ord006328,Prod00286,4.0,20
Oi0012723,Ord006329,Prod00225,1.0,0
Oi0012725,Ord006329,Prod00445,1.0,0
Oi0012726,Ord006330,Prod00431,1.0,0
Oi0012727,Ord006331,Prod00434,2.0,5
Oi0012728,Ord006332,Prod00298,4.0,15
Oi0012729,Ord006333,Prod00297,4.0,5
Oi0012731,Ord006334,Prod00524,2.0,20
Oi0012732,Ord006334,Prod00273,3.0,25
Oi0012733,Ord006334,Prod00351,2.0,0
Oi0012734,Ord006335,Prod00436,10.0,20
Oi0012735,Ord006336,Prod00477,4.0,25
Oi0012736,Ord006337,Prod00439,3.0,15
Oi0012737,Ord006337,Prod00027,3.0,20
Oi0012738,Ord006338,Prod00249,10.0,0
Oi0012739,Ord006338,Prod00146,4.0,0
Oi0012740,Ord006339,Prod00562,2.0,5
Oi0012741,Ord006339,Prod00382,1.0,25
Oi0012742,Ord006340,Prod00242,10.0,15
Oi0012743,Ord006340,Prod00201,10.0,0
Oi0012744,Ord006341,Prod00549,10.0,0
Oi0012745,Ord006342,Prod00202,1.0,0
Oi0012746,Ord006343,Prod00249,10.0,5
Oi0012747,Ord006343,Prod00420,2.0,10
Oi0012748,Ord006343,Prod00211,4.0,0
Oi0012749,Ord006343,Prod00479,3.0,0
Oi0012750,Ord006344,Prod00306,10.0,5
Oi0012751,Ord006345,Prod00211,1.0,10
Oi0012752,Ord006346,Prod00376,1.0,0
Oi0012753,Ord006346,Prod00265,4.0,25
Oi0012754,Ord006347,Prod00016,1.0,25
Oi0012755,Ord006347,Prod00159,1.0,25
Oi0012756,Ord006347,Prod00077,2.0,0
Oi0012758,Ord006348,Prod00058,4.0,0
Oi0012760,Ord006349,Prod00329,2.0,25
Oi0012761,Ord006349,Prod00092,4.0,10
Oi0012762,Ord006349,Prod00477,1.0,15
Oi0012763,Ord006350,Prod00108,10.0,10
Oi0012764,Ord006350,Prod00083,3.0,0
Oi0012765,Ord006351,Prod00173,4.0,20
Oi0012766,Ord006351,Prod00135,5.0,0
Oi0012767,Ord006351,Prod00170,3.0,0
Oi0012769,Ord006352,Prod00313,2.0,0
Oi0012770,Ord006352,Prod00031,4.0,25
Oi0012771,Ord006353,Prod00533,2.0,0
Oi0012772,Ord006354,Prod00364,1.0,0
Oi0012773,Ord006355,Prod00071,4.0,20
Oi0012774,Ord006355,Prod00555,1.0,0
Oi0012775,Ord006355,Prod00283,2.0,20
Oi0012776,Ord006356,Prod00173,2.0,10
Oi0012777,Ord006357,Prod00271,10.0,0
Oi0012779,Ord006358,Prod00059,1.0,0
Oi0012780,Ord006358,Prod00212,2.0,20
Oi0012781,Ord006358,Prod00140,3.0,15
Oi0012782,Ord006359,Prod00215,2.0,25
Oi0012783,Ord006359,Prod00444,4.0,0
Oi0012784,Ord006360,Prod00571,2.0,25
Oi0012785,Ord006360,Prod00126,2.0,5
Oi0012786,Ord006360,Prod00088,2.0,0
Oi0012787,Ord006361,Prod00144,5.0,5
Oi0012788,Ord006362,Prod00098,1.0,25
Oi0012789,Ord006362,Prod00026,1.0,15
Oi0012790,Ord006362,Prod00324,1.0,10
Oi0012791,Ord006362,Prod00078,2.0,20
Oi0012792,Ord006363,Prod00032,10.0,20
Oi0012793,Ord006363,Prod00458,1.0,10
Oi0012794,Ord006364,Prod00050,1.0,10
Oi0012795,Ord006364,Prod00092,1.0,10
Oi0012796,Ord006365,Prod00288,1.0,20
Oi0012797,Ord006365,Prod00303,1.0,10
Oi0012798,Ord006365,Prod00541,1.0,0
Oi0012800,Ord006366,Prod00217,4.0,0
Oi0012801,Ord006366,Prod00271,2.0,0
Oi0012802,Ord006366,Prod00543,3.0,5
Oi0012803,Ord006366,Prod00416,3.0,0
Oi0012804,Ord006367,Prod00072,1.0,5
Oi0012805,Ord006368,Prod00151,5.0,0
Oi0012808,Ord006369,Prod00178,4.0,5
Oi0012809,Ord006370,Prod00451,4.0,25
Oi0012810,Ord006370,Prod00530,2.0,10
Oi0012812,Ord006372,Prod00141,2.0,15
Oi0012813,Ord006373,Prod00461,10.0,10
Oi0012814,Ord006373,Prod00563,1.0,5
Oi0012815,Ord006374,Prod00490,1.0,15
Oi0012816,Ord006374,Prod00130,1.0,5
Oi0012817,Ord006375,Prod00419,2.0,0
Oi0012818,Ord006375,Prod00542,5.0,20
Oi0012819,Ord006376,Prod00371,1.0,25
Oi0012820,Ord006377,Prod00012,5.0,0
Oi0012821,Ord006377,Prod00257,1.0,15
Oi0012822,Ord006377,Prod00220,1.0,0
Oi0012823,Ord006378,Prod00251,3.0,20
Oi0012824,Ord006379,Prod00213,3.0,15
Oi0012825,Ord006379,Prod00178,1.0,0
Oi0012826,Ord006379,Prod00176,4.0,5
Oi0012827,Ord006380,Prod00461,1.0,25
Oi0012828,Ord006381,Prod00117,1.0,0
Oi0012829,Ord006381,Prod00050,1.0,5
Oi0012830,Ord006381,Prod00110,1.0,0
Oi0012831,Ord006381,Prod00214,4.0,0
Oi0012832,Ord006382,Prod00233,3.0,15
Oi0012834,Ord006384,Prod00083,2.0,20
Oi0012835,Ord006384,Prod00082,1.0,0
Oi0012836,Ord006385,Prod00169,1.0,10
Oi0012837,Ord006386,Prod00564,1.0,0
Oi0012838,Ord006386,Prod00116,4.0,10
Oi0012839,Ord006387,Prod00598,1.0,5
Oi0012840,Ord006388,Prod00325,2.0,5
Oi0012841,Ord006388,Prod00450,4.0,20
Oi0012842,Ord006389,Prod00361,4.0,25
Oi0012843,Ord006390,Prod00195,2.0,5
Oi0012844,Ord006390,Prod00501,2.0,25
Oi0012845,Ord006391,Prod00500,500.0,0
Oi0012846,Ord006392,Prod00447,1.0,0
Oi0012847,Ord006392,Prod00351,1.0,10
Oi0012848,Ord006392,Prod00148,1.0,0
Oi0012849,Ord006393,Prod00209,1.0,5
Oi0012850,Ord006393,Prod00193,4.0,5
Oi0012851,Ord006393,Prod00330,2.0,10
Oi0012852,Ord006394,Prod00045,1.0,20
Oi0012853,Ord006394,Prod00340,1.0,0
Oi0012854,Ord006395,Prod00177,2.0,15
Oi0012855,Ord006395,Prod00397,1.0,25
Oi0012856,Ord006396,Prod00208,1.0,0
Oi0012857,Ord006396,Prod00073,1.0,0
Oi0012858,Ord006397,Prod00024,5.0,15
Oi0012859,Ord006397,Prod00529,10.0,0
Oi0012860,Ord006397,Prod00072,1.0,25
Oi0012861,Ord006398,Prod00315,10.0,20
Oi0012862,Ord006399,Prod00070,4.0,5
Oi0012863,Ord006399,Prod00032,3.0,0
Oi0012864,Ord006400,Prod00216,2.0,10
Oi0012865,Ord006401,Prod00344,2.0,0
Oi0012866,Ord006401,Prod00381,1.0,25
Oi0012867,Ord006401,Prod00021,10.0,0
Oi0012868,Ord006401,Prod00551,5.0,0
Oi0012869,Ord006402,Prod00573,3.0,0
Oi0012871,Ord006402,Prod00003,3.0,15
Oi0012872,Ord006402,Prod00515,1.0,15
Oi0012873,Ord006403,Prod00256,5.0,10
Oi0012874,Ord006403,Prod00270,1.0,5
Oi0012875,Ord006404,Prod00490,1.0,0
Oi0012876,Ord006405,Prod00269,2.0,25
Oi0012878,Ord006406,Prod00238,1.0,25
Oi0012879,Ord006407,Prod00507,4.0,0
Oi0012880,Ord006408,Prod00306,2.0,25
Oi0012881,Ord006409,Prod00546,4.0,25
Oi0012882,Ord006410,Prod00176,2.0,25
Oi0012883,Ord006410,Prod00269,1.0,0
Oi0012884,Ord006410,Prod00387,4.0,0
Oi0012885,Ord006410,Prod00308,1.0,10
Oi0012886,Ord006411,Prod00101,1.0,0
Oi0012889,Ord006413,Prod00441,3.0,0
Oi0012890,Ord006413,Prod00462,4.0,25
Oi0012892,Ord006413,Prod00219,4.0,15
Oi0012894,Ord006414,Prod00540,10.0,0
Oi0012895,Ord006414,Prod00112,1.0,25
Oi0012897,Ord006415,Prod00132,2.0,15
Oi0012898,Ord006415,Prod00516,2.0,0
Oi0012899,Ord006415,Prod00310,3.0,0
Oi0012900,Ord006416,Prod00400,3.0,0
Oi0012901,Ord006416,Prod00100,1.0,15
Oi0012902,Ord006417,Prod00256,2.0,10
Oi0012903,Ord006417,Prod00093,3.0,0
Oi0012906,Ord006419,Prod00035,5.0,20
Oi0012907,Ord006420,Prod00290,1.0,5
Oi0012908,Ord006420,Prod00012,1.0,5
Oi0012909,Ord006421,Prod00250,1.0,5
Oi0012910,Ord006421,Prod00183,10.0,0
Oi0012911,Ord006421,Prod00321,1.0,0
Oi0012913,Ord006422,Prod00334,1.0,5
Oi0012914,Ord006422,Prod00341,2.0,10
Oi0012915,Ord006422,Prod00257,2.0,20
Oi0012916,Ord006423,Prod00306,5.0,5
Oi0012917,Ord006424,Prod00444,10.0,5
Oi0012919,Ord006426,Prod00062,2.0,0
Oi0012920,Ord006427,Prod00358,3.0,0
Oi0012921,Ord006428,Prod00315,10.0,0
Oi0012922,Ord006428,Prod00109,5.0,20
Oi0012924,Ord006430,Prod00579,4.0,20
Oi0012925,Ord006430,Prod00192,1.0,15
Oi0012926,Ord006430,Prod00221,1.0,20
Oi0012927,Ord006430,Prod00502,4.0,25
Oi0012928,Ord006431,Prod00082,10.0,0
Oi0012929,Ord006431,Prod00161,5.0,0
Oi0012930,Ord006432,Prod00153,2.0,0
Oi0012932,Ord006433,Prod00365,1.0,15
Oi0012933,Ord006433,Prod00279,2.0,20
Oi0012934,Ord006434,Prod00272,2.0,5
Oi0012935,Ord006435,Prod00483,1.0,0
Oi0012936,Ord006435,Prod00141,1.0,25
Oi0012937,Ord006436,Prod00507,4.0,10
Oi0012938,Ord006436,Prod00146,4.0,15
Oi0012939,Ord006436,Prod00421,1.0,0
Oi0012940,Ord006436,Prod00580,4.0,5
Oi0012941,Ord006437,Prod00592,1.0,10
Oi0012942,Ord006437,Prod00457,3.0,10
Oi0012943,Ord006438,Prod00117,3.0,0
Oi0012944,Ord006439,Prod00431,1.0,0
Oi0012945,Ord006440,Prod00132,1.0,0
Oi0012947,Ord006441,Prod00571,4.0,10
Oi0012948,Ord006441,Prod00272,5.0,20
Oi0012949,Ord006441,Prod00581,2.0,0
Oi0012950,Ord006442,Prod00599,4.0,15
Oi0012951,Ord006443,Prod00353,3.0,0
Oi0012952,Ord006444,Prod00172,3.0,0
Oi0012953,Ord006444,Prod00292,10.0,5
Oi0012954,Ord006445,Prod00322,1.0,10
Oi0012955,Ord006446,Prod00414,3.0,0
Oi0012956,Ord006446,Prod00422,2.0,0
Oi0012957,Ord006446,Prod00352,1.0,20
Oi0012958,Ord006447,Prod00190,1.0,25
Oi0012959,Ord006447,Prod00315,10.0,0
Oi0012960,Ord006448,Prod00592,10.0,10
Oi0012962,Ord006449,Prod00132,2.0,10
Oi0012963,Ord006449,Prod00509,3.0,5
Oi0012964,Ord006450,Prod00488,1.0,15
Oi0012965,Ord006450,Prod00135,1.0,5
Oi0012966,Ord006450,Prod00003,1.0,0
Oi0012967,Ord006451,Prod00581,4.0,0
Oi0012968,Ord006452,Prod00141,1.0,0
Oi0012969,Ord006453,Prod00053,1.0,0
Oi0012970,Ord006453,Prod00050,4.0,20
Oi0012971,Ord006453,Prod00293,10.0,10
Oi0012972,Ord006454,Prod00505,10.0,25
Oi0012973,Ord006454,Prod00455,2.0,15
Oi0012974,Ord006455,Prod00519,1.0,15
Oi0012975,Ord006455,Prod00100,1.0,5
Oi0012976,Ord006455,Prod00313,1.0,0
Oi0012977,Ord006456,Prod00492,2.0,0
Oi0012978,Ord006457,Prod00544,3.0,10
Oi0012979,Ord006457,Prod00285,3.0,15
Oi0012980,Ord006458,Prod00560,4.0,25
Oi0012981,Ord006458,Prod00592,5.0,0
Oi0012983,Ord006460,Prod00163,2.0,20
Oi0012984,Ord006460,Prod00418,3.0,10
Oi0012985,Ord006460,Prod00370,2.0,0
Oi0012986,Ord006460,Prod00551,5.0,20
Oi0012987,Ord006461,Prod00301,1.0,0
Oi0012988,Ord006461,Prod00274,1.0,0
Oi0012990,Ord006462,Prod00105,1.0,0
Oi0012991,Ord006463,Prod00575,4.0,15
Oi0012992,Ord006463,Prod00334,1.0,0
Oi0012994,Ord006465,Prod00536,4.0,20
Oi0012996,Ord006465,Prod00242,1.0,0
Oi0012997,Ord006466,Prod00587,3.0,0
Oi0012998,Ord006466,Prod00386,2.0,0
Oi0012999,Ord006467,Prod00235,5.0,0
Oi0013000,Ord006468,Prod00232,5.0,0
Oi0013001,Ord006468,Prod00367,1.0,5
Oi0013002,Ord006468,Prod00153,1.0,0
Oi0013003,Ord006469,Prod00535,3.0,0
Oi0013004,Ord006469,Prod00018,1.0,5
Oi0013006,Ord006470,Prod00037,10.0,25
Oi0013007,Ord006470,Prod00573,1.0,15
Oi0013008,Ord006471,Prod00071,4.0,15
Oi0013009,Ord006471,Prod00196,10.0,10
Oi0013010,Ord006472,Prod00214,3.0,15
Oi0013011,Ord006472,Prod00037,1.0,25
Oi0013012,Ord006473,Prod00519,1.0,0
Oi0013013,Ord006473,Prod00333,500.0,0
Oi0013014,Ord006474,Prod00195,1.0,0
Oi0013015,Ord006474,Prod00355,3.0,25
Oi0013016,Ord006475,Prod00379,2.0,0
Oi0013017,Ord006475,Prod00496,10.0,0
Oi0013018,Ord006475,Prod00182,1.0,15
Oi0013020,Ord006477,Prod00019,1.0,25
Oi0013022,Ord006477,Prod00455,2.0,5
Oi0013023,Ord006478,Prod00361,10.0,0
Oi0013024,Ord006479,Prod00556,2.0,0
Oi0013025,Ord006480,Prod00350,2.0,25
Oi0013026,Ord006480,Prod00131,2.0,5
Oi0013027,Ord006481,Prod00337,1.0,10
Oi0013028,Ord006481,Prod00203,2.0,10
Oi0013029,Ord006481,Prod00293,2.0,10
Oi0013030,Ord006481,Prod00306,5.0,25
Oi0013032,Ord006482,Prod00382,2.0,10
Oi0013033,Ord006482,Prod00520,10.0,0
Oi0013035,Ord006484,Prod00226,1.0,0
Oi0013036,Ord006485,Prod00451,3.0,20
Oi0013037,Ord006485,Prod00487,5.0,5
Oi0013038,Ord006485,Prod00274,1.0,20
Oi0013039,Ord006485,Prod00132,2.0,20
Oi0013040,Ord006486,Prod00255,3.0,0
Oi0013041,Ord006487,Prod00238,2.0,0
Oi0013043,Ord006487,Prod00093,4.0,10
Oi0013044,Ord006488,Prod00582,1.0,0
Oi0013045,Ord006489,Prod00192,5.0,0
Oi0013046,Ord006490,Prod00487,2.0,15
Oi0013047,Ord006490,Prod00376,1.0,0
Oi0013048,Ord006490,Prod00193,5.0,15
Oi0013051,Ord006492,Prod00207,3.0,0
Oi0013053,Ord006494,Prod00277,1.0,20
Oi0013054,Ord006495,Prod00285,4.0,15
Oi0013055,Ord006495,Prod00301,10.0,10
Oi0013056,Ord006495,Prod00390,1.0,0
Oi0013057,Ord006495,Prod00448,2.0,0
Oi0013058,Ord006496,Prod00364,3.0,0
Oi0013059,Ord006496,Prod00034,1.0,0
Oi0013060,Ord006496,Prod00595,1.0,25
Oi0013062,Ord006498,Prod00171,5.0,0
Oi0013063,Ord006498,Prod00171,10.0,5
Oi0013064,Ord006498,Prod00031,2.0,0
Oi0013066,Ord006499,Prod00038,2.0,5
Oi0013067,Ord006500,Prod00275,2.0,0
Oi0013068,Ord006501,Prod00077,5.0,0
Oi0013069,Ord006501,Prod00390,2.0,0
Oi0013070,Ord006502,Prod00258,2.0,20
Oi0013071,Ord006502,Prod00355,4.0,15
Oi0013072,Ord006503,Prod00429,5.0,15
Oi0013073,Ord006503,Prod00553,3.0,0
Oi0013074,Ord006503,Prod00111,1.0,5
Oi0013075,Ord006503,Prod00074,2.0,25
Oi0013077,Ord006504,Prod00561,10.0,10
Oi0013078,Ord006504,Prod00147,1.0,15
Oi0013079,Ord006505,Prod00243,5.0,20
Oi0013080,Ord006505,Prod00367,5.0,0
Oi0013081,Ord006506,Prod00394,2.0,15
Oi0013082,Ord006507,Prod00257,10.0,15
Oi0013083,Ord006507,Prod00134,2.0,5
Oi0013084,Ord006507,Prod00290,10.0,20
Oi0013085,Ord006508,Prod00479,10.0,5
Oi0013086,Ord006508,Prod00543,2.0,0
Oi0013087,Ord006508,Prod00299,1.0,15
Oi0013088,Ord006509,Prod00471,4.0,0
Oi0013089,Ord006509,Prod00461,4.0,0
Oi0013090,Ord006509,Prod00568,2.0,25
Oi0013091,Ord006510,Prod00594,5.0,10
Oi0013092,Ord006511,Prod00560,10.0,0
Oi0013093,Ord006512,Prod00478,1.0,25
Oi0013094,Ord006513,Prod00395,2.0,0
Oi0013095,Ord006514,Prod00523,1.0,0
Oi0013096,Ord006515,Prod00164,1.0,15
Oi0013097,Ord006516,Prod00265,3.0,20
Oi0013098,Ord006517,Prod00234,1.0,0
Oi0013099,Ord006518,Prod00386,1.0,25
Oi0013100,Ord006519,Prod00331,4.0,10
Oi0013102,Ord006519,Prod00543,1.0,20
Oi0013103,Ord006520,Prod00039,10.0,0
Oi0013104,Ord006520,Prod00325,3.0,25
Oi0013105,Ord006520,Prod00395,2.0,15
Oi0013106,Ord006521,Prod00590,1.0,0
Oi0013107,Ord006522,Prod00020,1.0,0
Oi0013108,Ord006522,Prod00265,1.0,0
Oi0013109,Ord006523,Prod00284,1.0,0
Oi0013110,Ord006524,Prod00334,4.0,0
Oi0013112,Ord006526,Prod00176,3.0,20
Oi0013113,Ord006526,Prod00591,1.0,20
Oi0013114,Ord006527,Prod00053,10.0,0
Oi0013115,Ord006528,Prod00062,2.0,20
Oi0013116,Ord006529,Prod00077,1.0,0
Oi0013117,Ord006530,Prod00533,2.0,0
Oi0013118,Ord006531,Prod00014,1.0,25
Oi0013119,Ord006531,Prod00294,2.0,15
Oi0013120,Ord006532,Prod00097,5.0,20
Oi0013122,Ord006534,Prod00443,10.0,0
Oi0013124,Ord006535,Prod00061,2.0,0
Oi0013125,Ord006536,Prod00239,1.0,10
Oi0013126,Ord006536,Prod00382,3.0,20
Oi0013127,Ord006537,Prod00093,3.0,0
Oi0013128,Ord006538,Prod00184,1.0,0
Oi0013129,Ord006538,Prod00510,1.0,25
Oi0013130,Ord006539,Prod00348,1.0,25
Oi0013131,Ord006539,Prod00141,2.0,0
Oi0013132,Ord006539,Prod00234,1.0,0
Oi0013133,Ord006539,Prod00043,3.0,15
Oi0013134,Ord006540,Prod00218,1.0,0
Oi0013135,Ord006540,Prod00249,1.0,10
Oi0013136,Ord006540,Prod00109,5.0,0
Oi0013137,Ord006540,Prod00085,4.0,20
Oi0013138,Ord006541,Prod00201,2.0,0
Oi0013139,Ord006541,Prod00094,3.0,10
Oi0013140,Ord006541,Prod00232,1.0,5
Oi0013141,Ord006541,Prod00579,2.0,20
Oi0013142,Ord006542,Prod00194,10.0,5
Oi0013143,Ord006542,Prod00420,2.0,0
Oi0013144,Ord006543,Prod00600,2.0,20
Oi0013145,Ord006543,Prod00069,5.0,20
Oi0013146,Ord006544,Prod00280,1.0,20
Oi0013147,Ord006544,Prod00374,3.0,15
Oi0013148,Ord006544,Prod00153,2.0,15
Oi0013149,Ord006544,Prod00473,1.0,10
Oi0013150,Ord006545,Prod00129,10.0,0
Oi0013151,Ord006546,Prod00368,2.0,25
Oi0013152,Ord006547,Prod00448,2.0,10
Oi0013153,Ord006547,Prod00146,10.0,0
Oi0013154,Ord006547,Prod00411,2.0,0
Oi0013155,Ord006548,Prod00070,10.0,0
Oi0013156,Ord006548,Prod00010,4.0,15
Oi0013157,Ord006549,Prod00366,1.0,0
Oi0013158,Ord006550,Prod00440,2.0,0
Oi0013159,Ord006550,Prod00178,1.0,20
Oi0013160,Ord006550,Prod00575,4.0,0
Oi0013162,Ord006552,Prod00432,3.0,20
Oi0013164,Ord006554,Prod00145,2.0,25
Oi0013165,Ord006555,Prod00113,1.0,0
Oi0013167,Ord006556,Prod00370,1.0,20
Oi0013168,Ord006556,Prod00139,4.0,25
Oi0013171,Ord006558,Prod00401,1.0,25
Oi0013173,Ord006559,Prod00003,1.0,0
Oi0013174,Ord006560,Prod00222,1.0,0
Oi0013175,Ord006560,Prod00398,10.0,5
Oi0013176,Ord006560,Prod00396,3.0,25
Oi0013178,Ord006561,Prod00002,1.0,15
Oi0013180,Ord006561,Prod00533,2.0,15
Oi0013181,Ord006562,Prod00138,1.0,0
Oi0013182,Ord006562,Prod00576,1.0,0
Oi0013183,Ord006563,Prod00429,2.0,15
Oi0013184,Ord006563,Prod00521,1.0,5
Oi0013185,Ord006564,Prod00373,4.0,0
Oi0013186,Ord006565,Prod00050,5.0,20
Oi0013187,Ord006565,Prod00230,4.0,25
Oi0013189,Ord006567,Prod00295,2.0,0
Oi0013190,Ord006568,Prod00386,5.0,15
Oi0013191,Ord006569,Prod00009,1.0,5
Oi0013192,Ord006569,Prod00243,2.0,0
Oi0013196,Ord006571,Prod00507,2.0,0
Oi0013198,Ord006571,Prod00262,2.0,0
Oi0013199,Ord006571,Prod00419,1.0,25
Oi0013200,Ord006572,Prod00461,1.0,0
Oi0013202,Ord006572,Prod00261,1.0,0
Oi0013203,Ord006572,Prod00468,1.0,10
Oi0013204,Ord006573,Prod00313,4.0,25
Oi0013205,Ord006573,Prod00280,10.0,0
Oi0013206,Ord006574,Prod00170,1.0,10
Oi0013207,Ord006575,Prod00206,1.0,20
Oi0013208,Ord006575,Prod00260,4.0,5
Oi0013210,Ord006576,Prod00044,2.0,25
Oi0013212,Ord006577,Prod00118,10.0,0
Oi0013214,Ord006578,Prod00145,1.0,0
Oi0013215,Ord006578,Prod00330,2.0,20
Oi0013216,Ord006579,Prod00008,5.0,15
Oi0013217,Ord006579,Prod00106,1.0,0
Oi0013218,Ord006580,Prod00147,10.0,0
Oi0013219,Ord006581,Prod00158,2.0,0
Oi0013220,Ord006581,Prod00070,2.0,25
Oi0013221,Ord006582,Prod00331,4.0,15
Oi0013222,Ord006582,Prod00562,2.0,0
Oi0013223,Ord006583,Prod00009,1.0,10
Oi0013224,Ord006583,Prod00153,5.0,10
Oi0013225,Ord006584,Prod00165,2.0,25
Oi0013226,Ord006584,Prod00183,2.0,0
Oi0013228,Ord006586,Prod00331,3.0,0
Oi0013229,Ord006586,Prod00193,5.0,5
Oi0013230,Ord006586,Prod00132,2.0,5
Oi0013231,Ord006586,Prod00220,2.0,0
Oi0013232,Ord006587,Prod00054,1.0,5
Oi0013233,Ord006588,Prod00552,2.0,0
Oi0013234,Ord006588,Prod00289,2.0,10
Oi0013235,Ord006588,Prod00323,1.0,5
Oi0013237,Ord006589,Prod00556,1.0,25
Oi0013238,Ord006589,Prod00054,2.0,5
Oi0013239,Ord006589,Prod00498,2.0,0
Oi0013240,Ord006589,Prod00253,1.0,10
Oi0013241,Ord006590,Prod00060,10.0,10
Oi0013242,Ord006590,Prod00559,4.0,25
Oi0013243,Ord006590,Prod00558,1.0,15
Oi0013244,Ord006590,Prod00079,1.0,0
Oi0013245,Ord006591,Prod00419,2.0,10
Oi0013246,Ord006591,Prod00447,5.0,0
Oi0013247,Ord006591,Prod00412,1.0,25
Oi0013248,Ord006592,Prod00399,1.0,0
Oi0013250,Ord006593,Prod00106,5.0,20
Oi0013251,Ord006594,Prod00046,1.0,0
Oi0013253,Ord006596,Prod00279,3.0,5
Oi0013254,Ord006596,Prod00590,1.0,25
Oi0013255,Ord006597,Prod00144,3.0,20
Oi0013256,Ord006598,Prod00098,2.0,0
Oi0013257,Ord006598,Prod00142,2.0,5
Oi0013258,Ord006598,Prod00571,1.0,5
Oi0013259,Ord006598,Prod00309,1.0,5
Oi0013260,Ord006599,Prod00402,3.0,10
Oi0013261,Ord006600,Prod00324,1.0,25
Oi0013263,Ord006600,Prod00530,3.0,25
Oi0013264,Ord006601,Prod00546,5.0,15
Oi0013265,Ord006601,Prod00344,5.0,15
Oi0013266,Ord006601,Prod00232,1.0,20
Oi0013267,Ord006601,Prod00281,1.0,5
Oi0013268,Ord006602,Prod00169,1.0,15
Oi0013269,Ord006602,Prod00362,3.0,15
Oi0013270,Ord006602,Prod00599,10.0,0
Oi0013271,Ord006603,Prod00543,2.0,0
Oi0013272,Ord006604,Prod00009,10.0,0
Oi0013273,Ord006604,Prod00099,1.0,25
Oi0013274,Ord006604,Prod00429,10.0,10
Oi0013275,Ord006605,Prod00272,5.0,0
Oi0013276,Ord006605,Prod00580,4.0,5
Oi0013278,Ord006606,Prod00340,3.0,0
Oi0013279,Ord006606,Prod00516,2.0,0
Oi0013280,Ord006606,Prod00270,4.0,20
Oi0013281,Ord006607,Prod00107,1.0,0
Oi0013282,Ord006608,Prod00003,1.0,25
Oi0013283,Ord006609,Prod00410,1.0,15
Oi0013284,Ord006609,Prod00358,1.0,0
Oi0013285,Ord006610,Prod00157,10.0,20
Oi0013286,Ord006610,Prod00575,5.0,10
Oi0013287,Ord006611,Prod00165,4.0,0
Oi0013288,Ord006612,Prod00321,5.0,0
Oi0013289,Ord006612,Prod00026,10.0,15
Oi0013290,Ord006613,Prod00116,1.0,20
Oi0013291,Ord006613,Prod00219,4.0,15
Oi0013292,Ord006614,Prod00218,2.0,0
Oi0013294,Ord006616,Prod00319,1.0,15
Oi0013296,Ord006616,Prod00507,5.0,0
Oi0013297,Ord006616,Prod00296,1.0,15
Oi0013298,Ord006617,Prod00503,2.0,10
Oi0013299,Ord006617,Prod00589,1.0,25
Oi0013300,Ord006617,Prod00457,10.0,15
Oi0013301,Ord006617,Prod00078,1.0,10
Oi0013302,Ord006618,Prod00175,1.0,15
Oi0013303,Ord006619,Prod00247,4.0,0
Oi0013304,Ord006619,Prod00202,2.0,25
Oi0013305,Ord006620,Prod00407,3.0,0
Oi0013306,Ord006620,Prod00426,1.0,5
Oi0013307,Ord006621,Prod00162,3.0,15
Oi0013308,Ord006621,Prod00581,1.0,0
Oi0013309,Ord006622,Prod00289,5.0,0
Oi0013310,Ord006622,Prod00352,2.0,0
Oi0013311,Ord006622,Prod00587,2.0,20
Oi0013312,Ord006622,Prod00531,5.0,0
Oi0013313,Ord006623,Prod00542,2.0,15
Oi0013314,Ord006624,Prod00153,10.0,0
Oi0013315,Ord006624,Prod00256,4.0,20
Oi0013316,Ord006625,Prod00257,5.0,0
Oi0013317,Ord006626,Prod00547,2.0,15
Oi0013318,Ord006627,Prod00130,4.0,0
Oi0013319,Ord006627,Prod00276,4.0,25
Oi0013320,Ord006628,Prod00177,2.0,20
Oi0013321,Ord006628,Prod00393,1.0,25
Oi0013323,Ord006628,Prod00493,2.0,0
Oi0013324,Ord006629,Prod00306,10.0,10
Oi0013325,Ord006629,Prod00140,4.0,0
Oi0013326,Ord006630,Prod00547,1.0,5
Oi0013327,Ord006631,Prod00170,4.0,0
Oi0013328,Ord006631,Prod00558,3.0,15
Oi0013329,Ord006631,Prod00585,3.0,15
Oi0013330,Ord006631,Prod00105,5.0,25
Oi0013331,Ord006632,Prod00362,1.0,0
Oi0013332,Ord006633,Prod00284,5.0,15
Oi0013333,Ord006633,Prod00006,1.0,15
Oi0013334,Ord006634,Prod00496,1.0,5
Oi0013335,Ord006634,Prod00017,3.0,15
Oi0013336,Ord006634,Prod00257,3.0,20
Oi0013337,Ord006635,Prod00232,4.0,15
Oi0013338,Ord006635,Prod00294,2.0,20
Oi0013339,Ord006636,Prod00248,10.0,10
Oi0013341,Ord006637,Prod00104,1.0,0
Oi0013342,Ord006637,Prod00500,1.0,0
Oi0013344,Ord006639,Prod00033,2.0,10
Oi0013345,Ord006639,Prod00135,1.0,20
Oi0013346,Ord006640,Prod00135,5.0,20
Oi0013347,Ord006640,Prod00316,1.0,5
Oi0013348,Ord006641,Prod00261,4.0,15
Oi0013349,Ord006641,Prod00202,4.0,20
Oi0013350,Ord006641,Prod00208,2.0,5
Oi0013352,Ord006642,Prod00070,5.0,10
Oi0013353,Ord006642,Prod00156,1.0,0
Oi0013354,Ord006643,Prod00373,3.0,25
Oi0013355,Ord006643,Prod00371,10.0,25
Oi0013356,Ord006644,Prod00296,2.0,25
Oi0013357,Ord006644,Prod00233,2.0,15
Oi0013358,Ord006644,Prod00074,3.0,0
Oi0013359,Ord006645,Prod00335,3.0,5
Oi0013360,Ord006645,Prod00220,3.0,0
Oi0013361,Ord006645,Prod00497,4.0,0
Oi0013362,Ord006645,Prod00404,1.0,15
Oi0013363,Ord006646,Prod00581,5.0,10
Oi0013364,Ord006647,Prod00512,2.0,25
Oi0013365,Ord006647,Prod00352,1.0,20
Oi0013366,Ord006647,Prod00150,1.0,15
Oi0013367,Ord006647,Prod00116,4.0,15
Oi0013368,Ord006648,Prod00075,2.0,15
Oi0013369,Ord006648,Prod00408,10.0,25
Oi0013370,Ord006648,Prod00255,1.0,20
Oi0013371,Ord006649,Prod00020,10.0,0
Oi0013372,Ord006650,Prod00554,2.0,0
Oi0013373,Ord006650,Prod00571,1.0,10
Oi0013375,Ord006652,Prod00085,2.0,25
Oi0013376,Ord006653,Prod00034,2.0,0
Oi0013377,Ord006654,Prod00566,10.0,15
Oi0013378,Ord006654,Prod00172,1.0,5
Oi0013379,Ord006655,Prod00092,2.0,10
Oi0013381,Ord006656,Prod00296,10.0,10
Oi0013382,Ord006656,Prod00020,5.0,0
Oi0013383,Ord006657,Prod00080,5.0,20
Oi0013384,Ord006657,Prod00319,4.0,0
Oi0013385,Ord006657,Prod00451,3.0,0
Oi0013386,Ord006658,Prod00301,2.0,0
Oi0013387,Ord006658,Prod00451,1.0,10
Oi0013388,Ord006658,Prod00118,5.0,15
Oi0013389,Ord006659,Prod00014,5.0,0
Oi0013390,Ord006660,Prod00267,1.0,5
Oi0013391,Ord006661,Prod00584,1.0,10
Oi0013393,Ord006662,Prod00033,4.0,5
Oi0013394,Ord006662,Prod00184,1.0,25
Oi0013395,Ord006662,Prod00455,10.0,25
Oi0013396,Ord006663,Prod00331,10.0,20
Oi0013397,Ord006663,Prod00115,4.0,0
Oi0013398,Ord006663,Prod00561,1.0,15
Oi0013400,Ord006664,Prod00180,1.0,15
Oi0013401,Ord006664,Prod00289,2.0,0
Oi0013402,Ord006664,Prod00166,2.0,5
Oi0013403,Ord006665,Prod00413,2.0,10
Oi0013404,Ord006665,Prod00125,5.0,10
Oi0013405,Ord006666,Prod00527,1.0,20
Oi0013406,Ord006667,Prod00536,10.0,0
Oi0013407,Ord006667,Prod00180,4.0,5
Oi0013408,Ord006667,Prod00203,1.0,0
Oi0013409,Ord006668,Prod00062,5.0,0
Oi0013410,Ord006668,Prod00165,2.0,10
Oi0013411,Ord006669,Prod00272,3.0,0
Oi0013412,Ord006669,Prod00134,1.0,0
Oi0013414,Ord006671,Prod00374,4.0,20
Oi0013415,Ord006671,Prod00531,2.0,15
Oi0013416,Ord006672,Prod00012,2.0,20
Oi0013417,Ord006672,Prod00444,4.0,0
Oi0013418,Ord006673,Prod00090,2.0,15
Oi0013420,Ord006673,Prod00009,10.0,20
Oi0013421,Ord006674,Prod00555,1.0,0
Oi0013422,Ord006674,Prod00248,2.0,15
Oi0013423,Ord006675,Prod00589,1.0,0
Oi0013425,Ord006675,Prod00011,3.0,0
Oi0013426,Ord006675,Prod00341,10.0,20
Oi0013427,Ord006676,Prod00586,1.0,25
Oi0013428,Ord006676,Prod00079,2.0,0
Oi0013429,Ord006677,Prod00006,1.0,5
Oi0013430,Ord006678,Prod00352,4.0,15
Oi0013432,Ord006678,Prod00233,2.0,0
Oi0013433,Ord006678,Prod00301,500.0,10
Oi0013434,Ord006679,Prod00293,1.0,0
Oi0013435,Ord006679,Prod00008,1.0,15
Oi0013437,Ord006680,Prod00207,2.0,5
Oi0013439,Ord006680,Prod00250,1.0,0
Oi0013440,Ord006681,Prod00301,10.0,0
Oi0013441,Ord006682,Prod00323,1.0,15
Oi0013442,Ord006683,Prod00151,5.0,0
Oi0013443,Ord006683,Prod00392,1.0,10
Oi0013444,Ord006683,Prod00182,2.0,0
Oi0013447,Ord006684,Prod00221,3.0,0
Oi0013448,Ord006685,Prod00572,3.0,15
Oi0013450,Ord006685,Prod00108,10.0,0
Oi0013451,Ord006686,Prod00261,2.0,10
Oi0013452,Ord006686,Prod00155,4.0,0
Oi0013453,Ord006686,Prod00233,10.0,0
Oi0013454,Ord006686,Prod00494,4.0,0
Oi0013455,Ord006687,Prod00142,1.0,10
Oi0013456,Ord006688,Prod00116,1.0,25
Oi0013457,Ord006688,Prod00181,3.0,0
Oi0013459,Ord006689,Prod00319,2.0,20
Oi0013460,Ord006689,Prod00152,2.0,0
Oi0013461,Ord006689,Prod00521,2.0,15
Oi0013462,Ord006690,Prod00099,5.0,0
Oi0013463,Ord006690,Prod00180,3.0,20
Oi0013464,Ord006691,Prod00014,1.0,0
Oi0013465,Ord006692,Prod00071,1.0,10
Oi0013466,Ord006693,Prod00177,2.0,10
Oi0013467,Ord006693,Prod00386,2.0,0
Oi0013468,Ord006694,Prod00409,3.0,0
Oi0013469,Ord006694,Prod00438,3.0,20
Oi0013471,Ord006694,Prod00560,1.0,10
Oi0013472,Ord006695,Prod00376,2.0,0
Oi0013473,Ord006695,Prod00563,2.0,5
Oi0013474,Ord006695,Prod00276,1.0,0
Oi0013475,Ord006696,Prod00235,5.0,10
Oi0013476,Ord006697,Prod00312,1.0,10
Oi0013477,Ord006697,Prod00237,10.0,0
Oi0013478,Ord006698,Prod00042,500.0,25
Oi0013480,Ord006700,Prod00243,1.0,0
Oi0013481,Ord006700,Prod00120,2.0,0
Oi0013482,Ord006700,Prod00400,2.0,0
Oi0013483,Ord006701,Prod00198,2.0,10
Oi0013484,Ord006702,Prod00567,4.0,5
Oi0013485,Ord006702,Prod00225,10.0,25
Oi0013486,Ord006703,Prod00264,4.0,20
Oi0013487,Ord006703,Prod00548,4.0,0
Oi0013488,Ord006704,Prod00132,2.0,0
Oi0013489,Ord006705,Prod00344,1.0,0
Oi0013490,Ord006705,Prod00025,5.0,0
Oi0013491,Ord006706,Prod00251,1.0,0
Oi0013492,Ord006706,Prod00389,1.0,0
Oi0013494,Ord006707,Prod00132,3.0,0
Oi0013495,Ord006707,Prod00021,3.0,5
Oi0013499,Ord006709,Prod00312,2.0,15
Oi0013500,Ord006709,Prod00134,5.0,15
Oi0013501,Ord006710,Prod00283,3.0,0
Oi0013502,Ord006711,Prod00233,1.0,0
Oi0013503,Ord006712,Prod00369,2.0,0
Oi0013504,Ord006713,Prod00460,1.0,25
Oi0013505,Ord006713,Prod00360,5.0,15
Oi0013506,Ord006713,Prod00547,1.0,20
Oi0013507,Ord006713,Prod00500,10.0,0
Oi0013508,Ord006714,Prod00078,10.0,10
Oi0013510,Ord006715,Prod00324,4.0,5
Oi0013511,Ord006715,Prod00045,1.0,5
Oi0013512,Ord006715,Prod00269,3.0,0
Oi0013513,Ord006716,Prod00116,3.0,5
Oi0013514,Ord006716,Prod00059,3.0,15
Oi0013518,Ord006719,Prod00508,4.0,20
Oi0013519,Ord006720,Prod00442,1.0,0
Oi0013520,Ord006721,Prod00212,1.0,15
Oi0013521,Ord006721,Prod00050,2.0,0
Oi0013522,Ord006722,Prod00491,10.0,0
Oi0013523,Ord006722,Prod00373,1.0,15
Oi0013524,Ord006723,Prod00372,2.0,25
Oi0013525,Ord006723,Prod00319,2.0,0
Oi0013526,Ord006724,Prod00012,5.0,0
Oi0013527,Ord006725,Prod00176,1.0,0
Oi0013528,Ord006725,Prod00529,2.0,15
Oi0013529,Ord006726,Prod00021,4.0,15
Oi0013530,Ord006727,Prod00439,1.0,15
Oi0013531,Ord006727,Prod00464,1.0,0
Oi0013532,Ord006727,Prod00321,1.0,0
Oi0013533,Ord006727,Prod00046,3.0,15
Oi0013534,Ord006728,Prod00048,1.0,0
Oi0013535,Ord006728,Prod00268,10.0,20
Oi0013536,Ord006729,Prod00530,3.0,10
Oi0013537,Ord006730,Prod00454,1.0,0
Oi0013538,Ord006731,Prod00297,2.0,25
Oi0013539,Ord006732,Prod00034,10.0,20
Oi0013541,Ord006733,Prod00590,1.0,10
Oi0013543,Ord006733,Prod00495,1.0,0
Oi0013544,Ord006733,Prod00264,10.0,15
Oi0013545,Ord006734,Prod00425,3.0,0
Oi0013546,Ord006735,Prod00200,10.0,20
Oi0013547,Ord006735,Prod00479,1.0,0
Oi0013548,Ord006736,Prod00598,3.0,10
Oi0013549,Ord006737,Prod00472,4.0,0
Oi0013550,Ord006737,Prod00541,4.0,0
Oi0013551,Ord006738,Prod00271,4.0,0
Oi0013552,Ord006739,Prod00310,3.0,5
Oi0013553,Ord006739,Prod00288,1.0,5
Oi0013554,Ord006740,Prod00410,1.0,5
Oi0013555,Ord006740,Prod00350,1.0,0
Oi0013556,Ord006741,Prod00358,3.0,20
Oi0013557,Ord006741,Prod00319,2.0,5
Oi0013559,Ord006742,Prod00322,1.0,20
Oi0013561,Ord006743,Prod00381,5.0,25
Oi0013562,Ord006744,Prod00448,1.0,15
Oi0013563,Ord006745,Prod00477,2.0,0
Oi0013564,Ord006746,Prod00455,1.0,20
Oi0013567,Ord006747,Prod00129,5.0,20
Oi0013568,Ord006747,Prod00577,4.0,0
Oi0013569,Ord006747,Prod00465,2.0,0
Oi0013570,Ord006748,Prod00474,1.0,15
Oi0013572,Ord006748,Prod00161,1.0,20
Oi0013574,Ord006749,Prod00127,1.0,0
Oi0013575,Ord006750,Prod00485,5.0,15
Oi0013578,Ord006751,Prod00295,2.0,20
Oi0013579,Ord006751,Prod00547,1.0,10
Oi0013580,Ord006752,Prod00274,1.0,0
Oi0013581,Ord006752,Prod00181,1.0,0
Oi0013582,Ord006752,Prod00512,3.0,15
Oi0013583,Ord006753,Prod00460,10.0,0
Oi0013584,Ord006753,Prod00435,2.0,10
Oi0013585,Ord006754,Prod00117,1.0,20
Oi0013586,Ord006755,Prod00003,4.0,5
Oi0013587,Ord006756,Prod00261,2.0,10
Oi0013588,Ord006756,Prod00105,1.0,10
Oi0013589,Ord006757,Prod00419,2.0,0
Oi0013590,Ord006757,Prod00248,1.0,0
Oi0013591,Ord006757,Prod00040,2.0,0
Oi0013592,Ord006757,Prod00239,10.0,15
Oi0013593,Ord006758,Prod00132,3.0,0
Oi0013595,Ord006759,Prod00264,2.0,20
Oi0013596,Ord006759,Prod00450,10.0,0
Oi0013597,Ord006760,Prod00171,2.0,0
Oi0013598,Ord006761,Prod00092,5.0,25
Oi0013599,Ord006761,Prod00560,1.0,10
Oi0013600,Ord006761,Prod00153,1.0,5
Oi0013601,Ord006761,Prod00455,1.0,0
Oi0013602,Ord006762,Prod00457,1.0,15
Oi0013603,Ord006763,Prod00483,1.0,5
Oi0013604,Ord006763,Prod00177,3.0,10
Oi0013605,Ord006763,Prod00115,10.0,5
Oi0013606,Ord006764,Prod00391,5.0,25
Oi0013607,Ord006765,Prod00465,2.0,15
Oi0013609,Ord006766,Prod00590,5.0,0
Oi0013610,Ord006767,Prod00577,1.0,0
Oi0013612,Ord006768,Prod00358,1.0,20
Oi0013613,Ord006769,Prod00038,1.0,0
Oi0013614,Ord006769,Prod00147,2.0,0
Oi0013615,Ord006769,Prod00402,1.0,0
Oi0013616,Ord006769,Prod00306,10.0,5
Oi0013617,Ord006770,Prod00214,2.0,0
Oi0013619,Ord006770,Prod00106,1.0,5
Oi0013621,Ord006771,Prod00006,1.0,20
Oi0013622,Ord006771,Prod00363,4.0,25
Oi0013625,Ord006774,Prod00433,4.0,10
Oi0013626,Ord006774,Prod00536,10.0,20
Oi0013627,Ord006774,Prod00536,1.0,5
Oi0013628,Ord006774,Prod00286,2.0,20
Oi0013629,Ord006775,Prod00347,1.0,0
Oi0013630,Ord006775,Prod00103,10.0,5
Oi0013631,Ord006775,Prod00301,2.0,0
Oi0013632,Ord006775,Prod00490,1.0,10
Oi0013633,Ord006776,Prod00176,1.0,10
Oi0013634,Ord006777,Prod00213,10.0,5
Oi0013636,Ord006777,Prod00463,2.0,15
Oi0013637,Ord006778,Prod00514,3.0,20
Oi0013638,Ord006779,Prod00557,1.0,10
Oi0013639,Ord006780,Prod00508,2.0,0
Oi0013641,Ord006782,Prod00198,4.0,25
Oi0013642,Ord006783,Prod00110,4.0,0
Oi0013643,Ord006784,Prod00026,3.0,0
Oi0013644,Ord006784,Prod00497,3.0,0
Oi0013645,Ord006785,Prod00598,5.0,0
Oi0013647,Ord006785,Prod00341,2.0,15
Oi0013648,Ord006786,Prod00435,2.0,15
Oi0013649,Ord006786,Prod00229,4.0,15
Oi0013650,Ord006786,Prod00557,1.0,25
Oi0013651,Ord006786,Prod00194,1.0,0
Oi0013652,Ord006787,Prod00574,1.0,20
Oi0013653,Ord006788,Prod00481,1.0,20
Oi0013654,Ord006789,Prod00390,4.0,15
Oi0013655,Ord006789,Prod00179,1.0,20
Oi0013656,Ord006789,Prod00492,3.0,25
Oi0013657,Ord006789,Prod00130,2.0,5
Oi0013659,Ord006790,Prod00540,10.0,0
Oi0013660,Ord006790,Prod00391,5.0,10
Oi0013661,Ord006791,Prod00435,1.0,20
Oi0013663,Ord006791,Prod00043,2.0,0
Oi0013664,Ord006792,Prod00555,4.0,0
Oi0013665,Ord006793,Prod00386,5.0,25
Oi0013666,Ord006794,Prod00160,1.0,5
Oi0013667,Ord006795,Prod00139,1.0,25
Oi0013668,Ord006795,Prod00524,2.0,15
Oi0013669,Ord006796,Prod00569,4.0,0
Oi0013670,Ord006796,Prod00423,10.0,0
Oi0013671,Ord006797,Prod00284,4.0,0
Oi0013672,Ord006797,Prod00225,1.0,0
Oi0013673,Ord006798,Prod00177,3.0,0
Oi0013674,Ord006798,Prod00493,1.0,15
Oi0013675,Ord006798,Prod00482,3.0,0
Oi0013676,Ord006798,Prod00592,4.0,25
Oi0013677,Ord006799,Prod00432,4.0,5
Oi0013678,Ord006799,Prod00349,2.0,0
Oi0013679,Ord006800,Prod00519,5.0,25
Oi0013680,Ord006800,Prod00191,2.0,0
Oi0013681,Ord006801,Prod00304,1.0,0
Oi0013682,Ord006801,Prod00246,1.0,0
Oi0013683,Ord006801,Prod00452,2.0,0
Oi0013684,Ord006802,Prod00298,2.0,0
Oi0013685,Ord006803,Prod00471,10.0,10
Oi0013686,Ord006803,Prod00336,4.0,15
Oi0013688,Ord006804,Prod00480,5.0,15
Oi0013689,Ord006804,Prod00308,5.0,0
Oi0013690,Ord006805,Prod00106,10.0,0
Oi0013691,Ord006805,Prod00065,1.0,10
Oi0013692,Ord006805,Prod00591,2.0,0
Oi0013693,Ord006806,Prod00556,1.0,0
Oi0013694,Ord006806,Prod00085,1.0,20
Oi0013695,Ord006806,Prod00414,4.0,0
Oi0013696,Ord006807,Prod00587,2.0,10
Oi0013697,Ord006807,Prod00419,1.0,25
Oi0013698,Ord006808,Prod00132,4.0,10
Oi0013699,Ord006808,Prod00146,2.0,20
Oi0013700,Ord006808,Prod00084,1.0,0
Oi0013701,Ord006809,Prod00264,2.0,15
Oi0013702,Ord006810,Prod00349,10.0,25
Oi0013704,Ord006811,Prod00158,2.0,15
Oi0013705,Ord006811,Prod00132,1.0,0
Oi0013707,Ord006812,Prod00299,5.0,0
Oi0013708,Ord006813,Prod00085,2.0,25
Oi0013709,Ord006814,Prod00227,4.0,20
Oi0013710,Ord006815,Prod00278,1.0,0
Oi0013712,Ord006817,Prod00551,2.0,5
Oi0013713,Ord006817,Prod00305,5.0,10
Oi0013715,Ord006818,Prod00235,1.0,15
Oi0013716,Ord006819,Prod00484,5.0,20
Oi0013717,Ord006820,Prod00528,5.0,0
Oi0013718,Ord006820,Prod00362,2.0,25
Oi0013719,Ord006821,Prod00082,3.0,15
Oi0013720,Ord006822,Prod00443,4.0,20
Oi0013721,Ord006823,Prod00230,1.0,5
Oi0013722,Ord006823,Prod00591,1.0,20
Oi0013723,Ord006823,Prod00214,4.0,0
Oi0013724,Ord006823,Prod00368,3.0,0
Oi0013727,Ord006825,Prod00213,1.0,15
Oi0013728,Ord006826,Prod00154,1.0,0
Oi0013729,Ord006826,Prod00537,1.0,0
Oi0013730,Ord006827,Prod00491,2.0,25
Oi0013732,Ord006827,Prod00507,5.0,10
Oi0013733,Ord006828,Prod00218,4.0,0
Oi0013734,Ord006828,Prod00120,10.0,10
Oi0013735,Ord006829,Prod00038,1.0,10
Oi0013736,Ord006830,Prod00191,1.0,0
Oi0013737,Ord006830,Prod00423,3.0,0
Oi0013738,Ord006830,Prod00569,2.0,25
Oi0013739,Ord006831,Prod00444,4.0,15
Oi0013740,Ord006831,Prod00314,5.0,10
Oi0013741,Ord006831,Prod00569,5.0,15
Oi0013742,Ord006831,Prod00173,2.0,10
Oi0013744,Ord006833,Prod00151,2.0,0
Oi0013745,Ord006833,Prod00243,3.0,25
Oi0013746,Ord006834,Prod00420,2.0,0
Oi0013747,Ord006834,Prod00513,2.0,25
Oi0013748,Ord006834,Prod00522,4.0,15
Oi0013749,Ord006834,Prod00313,2.0,10
Oi0013751,Ord006836,Prod00440,1.0,0
Oi0013752,Ord006837,Prod00134,4.0,5
Oi0013753,Ord006838,Prod00341,1.0,0
Oi0013754,Ord006838,Prod00490,1.0,25
Oi0013755,Ord006838,Prod00329,2.0,25
Oi0013756,Ord006838,Prod00276,2.0,0
Oi0013758,Ord006840,Prod00235,2.0,10
Oi0013759,Ord006841,Prod00480,2.0,5
Oi0013760,Ord006842,Prod00458,5.0,15
Oi0013761,Ord006842,Prod00187,1.0,15
Oi0013762,Ord006842,Prod00277,2.0,20
Oi0013763,Ord006843,Prod00105,10.0,15
Oi0013764,Ord006843,Prod00250,1.0,25
Oi0013765,Ord006843,Prod00531,3.0,20
Oi0013766,Ord006844,Prod00135,1.0,20
Oi0013767,Ord006845,Prod00232,1.0,25
Oi0013768,Ord006846,Prod00429,2.0,25
Oi0013770,Ord006847,Prod00123,2.0,10
Oi0013772,Ord006849,Prod00285,4.0,5
Oi0013773,Ord006849,Prod00460,5.0,5
Oi0013774,Ord006850,Prod00286,1.0,25
Oi0013775,Ord006850,Prod00542,2.0,0
Oi0013776,Ord006850,Prod00095,1.0,15
Oi0013777,Ord006851,Prod00420,1.0,20
Oi0013778,Ord006851,Prod00253,4.0,10
Oi0013779,Ord006851,Prod00358,2.0,10
Oi0013781,Ord006852,Prod00349,5.0,0
Oi0013783,Ord006852,Prod00402,1.0,25
Oi0013784,Ord006853,Prod00539,1.0,15
Oi0013787,Ord006855,Prod00325,1.0,20
Oi0013789,Ord006857,Prod00040,1.0,0
Oi0013790,Ord006858,Prod00045,10.0,0
Oi0013791,Ord006859,Prod00542,2.0,25
Oi0013793,Ord006860,Prod00537,1.0,5
Oi0013794,Ord006860,Prod00061,5.0,20
Oi0013795,Ord006860,Prod00594,1.0,0
Oi0013796,Ord006861,Prod00440,1.0,0
Oi0013797,Ord006862,Prod00358,5.0,5
Oi0013798,Ord006862,Prod00210,2.0,0
Oi0013799,Ord006862,Prod00256,10.0,0
Oi0013800,Ord006862,Prod00515,2.0,20
Oi0013801,Ord006863,Prod00160,2.0,0
Oi0013802,Ord006864,Prod00561,5.0,25
Oi0013803,Ord006864,Prod00031,4.0,0
Oi0013804,Ord006864,Prod00001,4.0,0
Oi0013805,Ord006865,Prod00524,10.0,15
Oi0013806,Ord006865,Prod00418,4.0,25
Oi0013807,Ord006865,Prod00192,1.0,15
Oi0013808,Ord006865,Prod00036,5.0,0
Oi0013809,Ord006866,Prod00253,2.0,25
Oi0013810,Ord006867,Prod00106,3.0,25
Oi0013811,Ord006868,Prod00273,3.0,0
Oi0013812,Ord006868,Prod00065,5.0,25
Oi0013813,Ord006868,Prod00485,1.0,0
Oi0013814,Ord006869,Prod00137,3.0,20
Oi0013815,Ord006870,Prod00296,1.0,10
Oi0013816,Ord006871,Prod00558,1.0,15
Oi0013818,Ord006872,Prod00415,4.0,10
Oi0013819,Ord006872,Prod00047,1.0,25
Oi0013820,Ord006873,Prod00457,4.0,0
Oi0013821,Ord006873,Prod00448,4.0,15
Oi0013822,Ord006873,Prod00187,5.0,0
Oi0013823,Ord006874,Prod00552,2.0,25
Oi0013824,Ord006874,Prod00591,10.0,0
Oi0013825,Ord006874,Prod00478,4.0,5
Oi0013826,Ord006874,Prod00211,1.0,10
Oi0013827,Ord006875,Prod00458,1.0,15
Oi0013828,Ord006876,Prod00317,2.0,20
Oi0013829,Ord006877,Prod00589,4.0,0
Oi0013830,Ord006878,Prod00023,5.0,20
Oi0013831,Ord006878,Prod00069,3.0,0
Oi0013832,Ord006878,Prod00537,1.0,15
Oi0013833,Ord006879,Prod00204,5.0,15
Oi0013835,Ord006879,Prod00573,5.0,0
Oi0013836,Ord006879,Prod00095,1.0,15
Oi0013837,Ord006880,Prod00109,5.0,5
Oi0013839,Ord006882,Prod00586,10.0,5
Oi0013840,Ord006882,Prod00420,1.0,0
Oi0013841,Ord006883,Prod00084,5.0,10
Oi0013842,Ord006883,Prod00055,10.0,25
Oi0013843,Ord006883,Prod00388,4.0,0
Oi0013844,Ord006883,Prod00595,2.0,15
Oi0013845,Ord006884,Prod00073,2.0,0
Oi0013846,Ord006884,Prod00189,5.0,5
Oi0013847,Ord006884,Prod00106,5.0,5
Oi0013848,Ord006884,Prod00498,4.0,0
Oi0013849,Ord006885,Prod00126,2.0,0
Oi0013850,Ord006885,Prod00290,5.0,15
Oi0013851,Ord006886,Prod00060,1.0,15
Oi0013852,Ord006887,Prod00215,10.0,10
Oi0013853,Ord006887,Prod00374,10.0,20
Oi0013854,Ord006887,Prod00023,3.0,5
Oi0013855,Ord006888,Prod00048,10.0,15
Oi0013856,Ord006888,Prod00506,3.0,10
Oi0013857,Ord006888,Prod00365,10.0,0
Oi0013859,Ord006889,Prod00456,2.0,0
Oi0013860,Ord006890,Prod00185,3.0,25
Oi0013861,Ord006891,Prod00183,1.0,0
Oi0013863,Ord006892,Prod00020,4.0,10
Oi0013864,Ord006892,Prod00439,1.0,0
Oi0013865,Ord006892,Prod00025,5.0,15
Oi0013866,Ord006892,Prod00358,2.0,15
Oi0013867,Ord006893,Prod00338,10.0,20
Oi0013868,Ord006894,Prod00323,1.0,25
Oi0013870,Ord006895,Prod00214,4.0,5
Oi0013871,Ord006896,Prod00599,2.0,0
Oi0013872,Ord006896,Prod00328,2.0,0
Oi0013873,Ord006896,Prod00191,4.0,25
Oi0013874,Ord006897,Prod00032,5.0,0
Oi0013875,Ord006897,Prod00478,2.0,25
Oi0013876,Ord006897,Prod00141,3.0,20
Oi0013877,Ord006898,Prod00539,1.0,5
Oi0013878,Ord006899,Prod00155,10.0,15
Oi0013879,Ord006900,Prod00261,4.0,20
Oi0013881,Ord006901,Prod00178,5.0,25
Oi0013882,Ord006901,Prod00438,3.0,0
Oi0013883,Ord006902,Prod00238,1.0,0
Oi0013884,Ord006902,Prod00217,3.0,20
Oi0013885,Ord006902,Prod00138,5.0,0
Oi0013886,Ord006903,Prod00026,5.0,5
Oi0013888,Ord006904,Prod00392,2.0,20
Oi0013889,Ord006905,Prod00389,2.0,0
Oi0013891,Ord006907,Prod00499,1.0,0
Oi0013892,Ord006908,Prod00312,4.0,20
Oi0013893,Ord006909,Prod00439,3.0,10
Oi0013894,Ord006909,Prod00100,10.0,0
Oi0013895,Ord006910,Prod00367,4.0,0
Oi0013897,Ord006911,Prod00050,2.0,0
Oi0013899,Ord006912,Prod00118,10.0,15
Oi0013900,Ord006912,Prod00064,1.0,0
Oi0013901,Ord006913,Prod00235,1.0,5
Oi0013902,Ord006914,Prod00566,4.0,5
Oi0013903,Ord006914,Prod00015,2.0,0
Oi0013904,Ord006914,Prod00539,1.0,10
Oi0013905,Ord006914,Prod00113,10.0,0
Oi0013906,Ord006915,Prod00263,2.0,0
Oi0013907,Ord006915,Prod00383,1.0,25
Oi0013908,Ord006916,Prod00337,5.0,0
Oi0013909,Ord006917,Prod00391,4.0,0
Oi0013910,Ord006918,Prod00320,1.0,0
Oi0013911,Ord006918,Prod00210,2.0,0
Oi0013912,Ord006919,Prod00590,4.0,0
Oi0013913,Ord006919,Prod00253,1.0,5
Oi0013914,Ord006919,Prod00495,1.0,5
Oi0013915,Ord006920,Prod00027,1.0,25
Oi0013916,Ord006920,Prod00502,10.0,10
Oi0013917,Ord006920,Prod00017,1.0,0
Oi0013918,Ord006920,Prod00150,4.0,15
Oi0013919,Ord006921,Prod00278,2.0,0
Oi0013920,Ord006921,Prod00245,4.0,0
Oi0013921,Ord006921,Prod00448,2.0,0
Oi0013922,Ord006921,Prod00430,4.0,0
Oi0013923,Ord006922,Prod00230,1.0,20
Oi0013924,Ord006922,Prod00560,2.0,0
Oi0013927,Ord006923,Prod00145,2.0,10
Oi0013928,Ord006924,Prod00427,2.0,0
Oi0013929,Ord006925,Prod00026,1.0,25
Oi0013930,Ord006926,Prod00066,1.0,5
Oi0013931,Ord006926,Prod00558,2.0,10
Oi0013932,Ord006926,Prod00042,2.0,5
Oi0013933,Ord006927,Prod00046,1.0,0
Oi0013934,Ord006927,Prod00440,1.0,25
Oi0013935,Ord006928,Prod00056,10.0,0
Oi0013936,Ord006929,Prod00451,3.0,10
Oi0013937,Ord006930,Prod00048,3.0,0
Oi0013938,Ord006930,Prod00345,3.0,20
Oi0013939,Ord006930,Prod00402,2.0,0
Oi0013940,Ord006931,Prod00271,2.0,15
Oi0013941,Ord006932,Prod00132,4.0,0
Oi0013943,Ord006933,Prod00493,1.0,5
Oi0013945,Ord006935,Prod00501,4.0,15
Oi0013946,Ord006935,Prod00444,1.0,25
Oi0013947,Ord006935,Prod00119,10.0,25
Oi0013948,Ord006935,Prod00329,1.0,25
Oi0013949,Ord006936,Prod00555,1.0,0
Oi0013950,Ord006937,Prod00236,2.0,0
Oi0013951,Ord006937,Prod00551,2.0,0
Oi0013952,Ord006937,Prod00175,3.0,0
Oi0013953,Ord006938,Prod00218,10.0,0
Oi0013955,Ord006939,Prod00047,1.0,0
Oi0013956,Ord006940,Prod00397,1.0,0
Oi0013957,Ord006941,Prod00056,1.0,0
Oi0013958,Ord006941,Prod00132,3.0,0
Oi0013959,Ord006941,Prod00102,1.0,0
Oi0013960,Ord006942,Prod00368,1.0,5
Oi0013961,Ord006942,Prod00014,1.0,10
Oi0013962,Ord006942,Prod00448,1.0,0
Oi0013963,Ord006942,Prod00437,10.0,5
Oi0013964,Ord006943,Prod00488,4.0,20
Oi0013965,Ord006944,Prod00063,2.0,10
Oi0013966,Ord006944,Prod00243,3.0,15
Oi0013967,Ord006944,Prod00250,2.0,0
Oi0013968,Ord006945,Prod00203,1.0,0
Oi0013969,Ord006946,Prod00412,1.0,25
Oi0013971,Ord006947,Prod00295,4.0,10
Oi0013972,Ord006948,Prod00182,3.0,25
Oi0013974,Ord006948,Prod00274,10.0,15
Oi0013975,Ord006949,Prod00106,10.0,5
Oi0013976,Ord006949,Prod00346,10.0,0
Oi0013978,Ord006950,Prod00395,5.0,10
Oi0013979,Ord006951,Prod00177,3.0,10
Oi0013980,Ord006951,Prod00227,1.0,0
Oi0013981,Ord006951,Prod00387,1.0,15
Oi0013982,Ord006951,Prod00443,1.0,0
Oi0013983,Ord006952,Prod00582,1.0,5
Oi0013984,Ord006952,Prod00507,1.0,5
Oi0013985,Ord006952,Prod00297,2.0,20
Oi0013986,Ord006952,Prod00129,5.0,10
Oi0013987,Ord006953,Prod00343,2.0,25
Oi0013988,Ord006953,Prod00067,1.0,15
Oi0013990,Ord006953,Prod00309,1.0,5
Oi0013991,Ord006954,Prod00119,5.0,15
Oi0013992,Ord006954,Prod00461,1.0,5
Oi0013993,Ord006955,Prod00042,10.0,20
Oi0013994,Ord006956,Prod00573,3.0,0
Oi0013995,Ord006956,Prod00092,2.0,20
Oi0013996,Ord006957,Prod00114,4.0,20
Oi0013997,Ord006957,Prod00268,10.0,15
Oi0013998,Ord006958,Prod00544,2.0,0
Oi0013999,Ord006958,Prod00262,10.0,0
Oi0014000,Ord006959,Prod00112,2.0,25
Oi0014001,Ord006960,Prod00351,5.0,10
Oi0014002,Ord006960,Prod00387,4.0,0
Oi0014003,Ord006960,Prod00428,10.0,10
Oi0014004,Ord006960,Prod00469,3.0,0
Oi0014005,Ord006961,Prod00205,1.0,10
Oi0014006,Ord006961,Prod00342,500.0,0
Oi0014007,Ord006961,Prod00045,500.0,10
Oi0014008,Ord006962,Prod00058,1.0,0
Oi0014009,Ord006963,Prod00423,5.0,20
Oi0014010,Ord006964,Prod00550,2.0,5
Oi0014011,Ord006964,Prod00386,4.0,0
Oi0014012,Ord006964,Prod00456,2.0,20
Oi0014013,Ord006965,Prod00226,3.0,0
Oi0014014,Ord006965,Prod00037,1.0,10
Oi0014015,Ord006966,Prod00325,2.0,15
Oi0014016,Ord006966,Prod00138,1.0,10
Oi0014017,Ord006966,Prod00375,1.0,0
Oi0014018,Ord006966,Prod00073,1.0,0
Oi0014019,Ord006967,Prod00222,1.0,15
Oi0014020,Ord006967,Prod00354,5.0,15
Oi0014022,Ord006968,Prod00170,3.0,5
Oi0014024,Ord006969,Prod00548,5.0,0
Oi0014025,Ord006970,Prod00440,1.0,20
Oi0014027,Ord006971,Prod00441,1.0,10
Oi0014028,Ord006972,Prod00402,1.0,0
Oi0014030,Ord006974,Prod00574,1.0,10
Oi0014032,Ord006976,Prod00312,2.0,25
Oi0014033,Ord006976,Prod00374,3.0,5
Oi0014034,Ord006977,Prod00433,2.0,0
Oi0014035,Ord006978,Prod00114,1.0,5
Oi0014036,Ord006979,Prod00448,1.0,10
Oi0014037,Ord006979,Prod00171,2.0,10
Oi0014038,Ord006980,Prod00110,4.0,10
Oi0014039,Ord006981,Prod00424,1.0,20
Oi0014040,Ord006981,Prod00281,4.0,15
Oi0014041,Ord006982,Prod00142,5.0,0
Oi0014042,Ord006983,Prod00488,1.0,10
Oi0014043,Ord006984,Prod00065,2.0,20
Oi0014044,Ord006985,Prod00407,5.0,5
Oi0014045,Ord006985,Prod00441,2.0,0
Oi0014046,Ord006985,Prod00504,1.0,10
Oi0014047,Ord006986,Prod00328,1.0,0
Oi0014048,Ord006986,Prod00036,4.0,5
Oi0014049,Ord006986,Prod00263,1.0,0
Oi0014050,Ord006987,Prod00127,5.0,25
Oi0014051,Ord006987,Prod00193,3.0,15
Oi0014052,Ord006988,Prod00454,10.0,10
Oi0014053,Ord006989,Prod00140,4.0,5
Oi0014054,Ord006990,Prod00366,2.0,5
Oi0014056,Ord006992,Prod00523,4.0,10
Oi0014057,Ord006992,Prod00041,2.0,0
Oi0014058,Ord006993,Prod00331,1.0,10
Oi0014060,Ord006993,Prod00351,1.0,15
Oi0014061,Ord006993,Prod00166,2.0,0
Oi0014062,Ord006994,Prod00146,3.0,20
Oi0014064,Ord006996,Prod00427,3.0,0
Oi0014065,Ord006996,Prod00397,2.0,0
Oi0014066,Ord006997,Prod00017,2.0,20
Oi0014067,Ord006998,Prod00369,2.0,15
Oi0014068,Ord006998,Prod00419,4.0,10
Oi0014069,Ord006999,Prod00220,3.0,15
Oi0014071,Ord007000,Prod00275,4.0,0
Oi0014073,Ord007000,Prod00188,1.0,5
Oi0014074,Ord007001,Prod00424,2.0,25
Oi0014075,Ord007001,Prod00467,4.0,0
Oi0014076,Ord007002,Prod00494,5.0,10
Oi0014077,Ord007002,Prod00402,1.0,10
Oi0014078,Ord007003,Prod00023,2.0,25
Oi0014079,Ord007004,Prod00359,4.0,0
Oi0014080,Ord007004,Prod00200,1.0,25
Oi0014081,Ord007004,Prod00401,1.0,5
Oi0014082,Ord007004,Prod00294,2.0,25
Oi0014083,Ord007005,Prod00214,1.0,0
Oi0014084,Ord007005,Prod00590,1.0,25
Oi0014085,Ord007006,Prod00216,3.0,20
Oi0014086,Ord007006,Prod00246,1.0,5
Oi0014087,Ord007006,Prod00440,1.0,0
Oi0014088,Ord007007,Prod00467,5.0,10
Oi0014089,Ord007008,Prod00505,4.0,0
Oi0014090,Ord007008,Prod00277,1.0,10
Oi0014091,Ord007008,Prod00397,5.0,25
Oi0014092,Ord007009,Prod00523,10.0,25
Oi0014093,Ord007010,Prod00222,1.0,0
Oi0014094,Ord007011,Prod00341,2.0,0
Oi0014095,Ord007012,Prod00567,2.0,25
Oi0014096,Ord007012,Prod00059,5.0,0
Oi0014097,Ord007013,Prod00241,1.0,15
Oi0014099,Ord007013,Prod00004,3.0,20
Oi0014100,Ord007013,Prod00544,1.0,10
Oi0014101,Ord007014,Prod00419,5.0,0
Oi0014102,Ord007014,Prod00218,2.0,15
Oi0014103,Ord007015,Prod00257,1.0,0
Oi0014104,Ord007016,Prod00478,1.0,0
Oi0014106,Ord007017,Prod00465,1.0,25
Oi0014107,Ord007018,Prod00159,1.0,15
Oi0014108,Ord007018,Prod00427,10.0,15
Oi0014110,Ord007019,Prod00134,1.0,10
Oi0014111,Ord007020,Prod00383,1.0,10
Oi0014112,Ord007020,Prod00083,5.0,0
Oi0014113,Ord007021,Prod00540,10.0,5
Oi0014114,Ord007022,Prod00451,2.0,0
Oi0014115,Ord007023,Prod00502,3.0,5
Oi0014116,Ord007024,Prod00499,10.0,0
Oi0014118,Ord007026,Prod00076,1.0,5
Oi0014119,Ord007027,Prod00508,1.0,0
Oi0014120,Ord007028,Prod00186,1.0,0
Oi0014122,Ord007029,Prod00136,1.0,0
Oi0014123,Ord007030,Prod00365,2.0,20
Oi0014124,Ord007031,Prod00210,1.0,15
Oi0014125,Ord007032,Prod00598,1.0,0
Oi0014127,Ord007034,Prod00387,10.0,10
Oi0014128,Ord007034,Prod00516,1.0,0
Oi0014130,Ord007035,Prod00392,1.0,10
Oi0014131,Ord007035,Prod00260,1.0,0
Oi0014132,Ord007036,Prod00032,2.0,0
Oi0014133,Ord007037,Prod00157,1.0,15
Oi0014134,Ord007037,Prod00120,3.0,5
Oi0014137,Ord007039,Prod00062,2.0,25
Oi0014138,Ord007039,Prod00376,4.0,25
Oi0014139,Ord007039,Prod00054,1.0,0
Oi0014140,Ord007040,Prod00003,2.0,0
Oi0014141,Ord007040,Prod00522,1.0,0
Oi0014143,Ord007042,Prod00212,1.0,0
Oi0014144,Ord007042,Prod00044,1.0,5
Oi0014146,Ord007043,Prod00310,2.0,15
Oi0014147,Ord007044,Prod00149,1.0,0
Oi0014148,Ord007044,Prod00509,10.0,15
Oi0014149,Ord007044,Prod00253,1.0,5
Oi0014150,Ord007045,Prod00317,2.0,0
Oi0014151,Ord007045,Prod00152,1.0,25
Oi0014152,Ord007045,Prod00232,2.0,20
Oi0014153,Ord007046,Prod00222,2.0,10
Oi0014154,Ord007046,Prod00484,1.0,0
Oi0014155,Ord007046,Prod00582,4.0,15
Oi0014156,Ord007047,Prod00290,2.0,10
Oi0014158,Ord007048,Prod00316,4.0,20
Oi0014160,Ord007049,Prod00500,500.0,0
Oi0014161,Ord007049,Prod00490,1.0,25
Oi0014163,Ord007050,Prod00533,4.0,5
Oi0014164,Ord007051,Prod00166,3.0,0
Oi0014165,Ord007051,Prod00279,1.0,0
Oi0014166,Ord007052,Prod00266,1.0,0
Oi0014167,Ord007052,Prod00306,1.0,5
Oi0014169,Ord007054,Prod00596,2.0,0
Oi0014170,Ord007055,Prod00292,4.0,5
Oi0014171,Ord007056,Prod00082,3.0,20
Oi0014172,Ord007056,Prod00439,10.0,20
Oi0014173,Ord007056,Prod00447,2.0,5
Oi0014174,Ord007057,Prod00479,2.0,10
Oi0014175,Ord007057,Prod00525,10.0,25
Oi0014177,Ord007058,Prod00140,2.0,0
Oi0014178,Ord007058,Prod00163,10.0,15
Oi0014179,Ord007058,Prod00291,4.0,25
Oi0014180,Ord007058,Prod00419,3.0,25
Oi0014181,Ord007059,Prod00317,5.0,0
Oi0014183,Ord007059,Prod00131,1.0,25
Oi0014184,Ord007060,Prod00380,2.0,25
Oi0014185,Ord007061,Prod00323,10.0,25
Oi0014186,Ord007061,Prod00136,1.0,15
Oi0014187,Ord007061,Prod00029,3.0,10
Oi0014188,Ord007062,Prod00060,5.0,20
Oi0014189,Ord007062,Prod00143,2.0,0
Oi0014190,Ord007062,Prod00128,2.0,0
Oi0014191,Ord007062,Prod00220,2.0,25
Oi0014192,Ord007063,Prod00529,1.0,0
Oi0014193,Ord007063,Prod00493,10.0,25
Oi0014195,Ord007065,Prod00275,3.0,25
Oi0014196,Ord007065,Prod00232,1.0,0
Oi0014197,Ord007066,Prod00128,2.0,0
Oi0014199,Ord007067,Prod00093,3.0,20
Oi0014200,Ord007068,Prod00195,4.0,0
Oi0014201,Ord007069,Prod00556,5.0,20
Oi0014202,Ord007069,Prod00349,4.0,0
Oi0014203,Ord007069,Prod00255,1.0,5
Oi0014204,Ord007070,Prod00206,1.0,25
Oi0014205,Ord007070,Prod00222,1.0,10
Oi0014206,Ord007071,Prod00462,1.0,0
Oi0014207,Ord007072,Prod00138,1.0,20
Oi0014208,Ord007073,Prod00085,1.0,0
Oi0014209,Ord007073,Prod00243,3.0,0
Oi0014210,Ord007074,Prod00465,2.0,0
Oi0014211,Ord007075,Prod00426,2.0,20
Oi0014212,Ord007076,Prod00368,2.0,20
Oi0014213,Ord007076,Prod00471,1.0,15
Oi0014214,Ord007077,Prod00246,10.0,10
Oi0014215,Ord007077,Prod00459,4.0,0
Oi0014216,Ord007077,Prod00261,2.0,25
Oi0014217,Ord007078,Prod00135,5.0,5
Oi0014218,Ord007079,Prod00444,3.0,15
Oi0014219,Ord007079,Prod00350,5.0,10
Oi0014220,Ord007079,Prod00203,1.0,10
Oi0014221,Ord007080,Prod00343,5.0,5
Oi0014222,Ord007080,Prod00477,4.0,0
Oi0014226,Ord007082,Prod00533,2.0,15
Oi0014227,Ord007083,Prod00046,3.0,0
Oi0014228,Ord007083,Prod00325,1.0,0
Oi0014229,Ord007084,Prod00423,5.0,0
Oi0014231,Ord007085,Prod00406,1.0,0
Oi0014232,Ord007086,Prod00330,10.0,0
Oi0014233,Ord007086,Prod00411,10.0,0
Oi0014234,Ord007086,Prod00256,1.0,15
Oi0014236,Ord007088,Prod00269,1.0,0
Oi0014238,Ord007089,Prod00330,2.0,15
Oi0014240,Ord007089,Prod00094,2.0,20
Oi0014241,Ord007089,Prod00043,1.0,25
Oi0014242,Ord007090,Prod00283,2.0,0
Oi0014243,Ord007090,Prod00020,3.0,15
Oi0014245,Ord007090,Prod00524,1.0,15
Oi0014246,Ord007091,Prod00474,2.0,15
Oi0014247,Ord007092,Prod00186,2.0,5
Oi0014250,Ord007094,Prod00239,10.0,25
Oi0014251,Ord007094,Prod00432,1.0,0
Oi0014252,Ord007094,Prod00063,2.0,15
Oi0014254,Ord007095,Prod00016,10.0,0
Oi0014256,Ord007096,Prod00565,1.0,0
Oi0014257,Ord007097,Prod00434,1.0,5
Oi0014258,Ord007097,Prod00145,2.0,10
Oi0014260,Ord007099,Prod00382,2.0,0
Oi0014261,Ord007100,Prod00290,5.0,25
Oi0014262,Ord007101,Prod00443,1.0,10
Oi0014263,Ord007101,Prod00419,10.0,0
Oi0014264,Ord007101,Prod00422,2.0,0
Oi0014265,Ord007102,Prod00458,3.0,10
Oi0014266,Ord007102,Prod00122,4.0,0
Oi0014267,Ord007103,Prod00136,2.0,25
Oi0014268,Ord007104,Prod00034,1.0,25
Oi0014269,Ord007105,Prod00051,4.0,5
Oi0014270,Ord007105,Prod00249,3.0,15
Oi0014271,Ord007105,Prod00586,2.0,20
Oi0014272,Ord007105,Prod00307,10.0,20
Oi0014273,Ord007106,Prod00124,10.0,0
Oi0014274,Ord007106,Prod00368,2.0,0
Oi0014275,Ord007106,Prod00595,2.0,10
Oi0014276,Ord007106,Prod00389,4.0,5
Oi0014277,Ord007107,Prod00156,1.0,0
Oi0014278,Ord007107,Prod00478,2.0,20
Oi0014279,Ord007108,Prod00362,1.0,20
Oi0014280,Ord007109,Prod00431,4.0,25
Oi0014281,Ord007110,Prod00384,2.0,20
Oi0014283,Ord007111,Prod00171,10.0,5
Oi0014284,Ord007111,Prod00269,1.0,0
Oi0014285,Ord007111,Prod00081,1.0,20
Oi0014286,Ord007111,Prod00130,2.0,0
Oi0014288,Ord007113,Prod00130,2.0,5
Oi0014289,Ord007114,Prod00154,3.0,0
Oi0014290,Ord007115,Prod00431,1.0,20
Oi0014291,Ord007115,Prod00523,1.0,0
Oi0014292,Ord007115,Prod00006,10.0,25
Oi0014293,Ord007115,Prod00320,4.0,5
Oi0014294,Ord007116,Prod00281,2.0,25
Oi0014295,Ord007116,Prod00178,2.0,5
Oi0014296,Ord007116,Prod00578,4.0,20
Oi0014297,Ord007116,Prod00147,4.0,0
Oi0014298,Ord007117,Prod00032,5.0,5
Oi0014299,Ord007118,Prod00053,5.0,10
Oi0014300,Ord007118,Prod00279,2.0,0
Oi0014301,Ord007118,Prod00241,2.0,0
Oi0014302,Ord007119,Prod00550,5.0,0
Oi0014303,Ord007119,Prod00537,2.0,5
Oi0014304,Ord007119,Prod00100,4.0,20
Oi0014305,Ord007120,Prod00236,1.0,0
Oi0014306,Ord007121,Prod00380,1.0,0
Oi0014308,Ord007121,Prod00083,4.0,0
Oi0014309,Ord007122,Prod00519,4.0,20
Oi0014310,Ord007122,Prod00064,2.0,15
Oi0014311,Ord007123,Prod00105,4.0,0
Oi0014313,Ord007124,Prod00065,5.0,0
Oi0014314,Ord007125,Prod00483,5.0,20
Oi0014316,Ord007126,Prod00010,4.0,0
Oi0014317,Ord007126,Prod00511,10.0,10
Oi0014318,Ord007126,Prod00512,2.0,15
Oi0014319,Ord007127,Prod00218,1.0,25
Oi0014320,Ord007128,Prod00391,3.0,0
Oi0014321,Ord007129,Prod00220,2.0,5
Oi0014322,Ord007129,Prod00227,2.0,15
Oi0014323,Ord007129,Prod00294,3.0,5
Oi0014324,Ord007130,Prod00463,1.0,0
Oi0014325,Ord007130,Prod00017,3.0,0
Oi0014327,Ord007131,Prod00115,5.0,10
Oi0014328,Ord007131,Prod00165,1.0,0
Oi0014329,Ord007132,Prod00355,1.0,10
Oi0014330,Ord007132,Prod00043,2.0,25
Oi0014331,Ord007132,Prod00244,5.0,15
Oi0014332,Ord007132,Prod00264,1.0,5
Oi0014334,Ord007134,Prod00438,1.0,0
Oi0014335,Ord007135,Prod00555,4.0,20
Oi0014336,Ord007136,Prod00140,1.0,0
Oi0014337,Ord007137,Prod00428,1.0,20
Oi0014338,Ord007138,Prod00106,5.0,10
Oi0014339,Ord007139,Prod00570,10.0,15
Oi0014340,Ord007139,Prod00310,5.0,0
Oi0014342,Ord007141,Prod00010,4.0,5
Oi0014343,Ord007142,Prod00486,4.0,10
Oi0014344,Ord007142,Prod00162,4.0,25
Oi0014345,Ord007142,Prod00004,5.0,0
Oi0014347,Ord007144,Prod00296,2.0,20
Oi0014349,Ord007145,Prod00390,4.0,0
Oi0014350,Ord007145,Prod00189,1.0,10
Oi0014352,Ord007146,Prod00049,2.0,10
Oi0014353,Ord007147,Prod00578,10.0,15
Oi0014354,Ord007147,Prod00566,4.0,10
Oi0014355,Ord007148,Prod00499,1.0,20
Oi0014357,Ord007149,Prod00597,2.0,15
Oi0014358,Ord007150,Prod00510,4.0,15
Oi0014359,Ord007151,Prod00066,5.0,15
Oi0014361,Ord007153,Prod00229,2.0,10
Oi0014362,Ord007154,Prod00520,2.0,25
Oi0014363,Ord007155,Prod00319,3.0,0
Oi0014364,Ord007155,Prod00585,1.0,0
Oi0014365,Ord007155,Prod00311,1.0,15
Oi0014366,Ord007155,Prod00502,2.0,25
Oi0014367,Ord007156,Prod00247,3.0,5
Oi0014368,Ord007156,Prod00004,2.0,15
Oi0014369,Ord007157,Prod00235,10.0,0
Oi0014370,Ord007158,Prod00179,10.0,5
Oi0014371,Ord007158,Prod00462,2.0,10
Oi0014372,Ord007159,Prod00208,3.0,20
Oi0014373,Ord007159,Prod00046,4.0,25
Oi0014374,Ord007159,Prod00165,1.0,15
Oi0014375,Ord007159,Prod00252,4.0,15
Oi0014376,Ord007160,Prod00374,2.0,5
Oi0014377,Ord007160,Prod00409,2.0,25
Oi0014378,Ord007161,Prod00053,5.0,0
Oi0014379,Ord007162,Prod00153,1.0,0
Oi0014380,Ord007162,Prod00044,1.0,25
Oi0014381,Ord007163,Prod00341,1.0,10
Oi0014382,Ord007163,Prod00189,10.0,10
Oi0014383,Ord007163,Prod00444,2.0,15
Oi0014384,Ord007163,Prod00304,2.0,15
Oi0014385,Ord007164,Prod00289,1.0,5
Oi0014386,Ord007165,Prod00397,1.0,10
Oi0014387,Ord007165,Prod00437,4.0,0
Oi0014388,Ord007165,Prod00400,4.0,25
Oi0014389,Ord007165,Prod00167,3.0,5
Oi0014390,Ord007166,Prod00095,10.0,15
Oi0014391,Ord007167,Prod00006,4.0,5
Oi0014393,Ord007167,Prod00433,4.0,5
Oi0014394,Ord007167,Prod00172,2.0,5
Oi0014395,Ord007168,Prod00233,2.0,20
Oi0014396,Ord007168,Prod00196,3.0,15
Oi0014397,Ord007168,Prod00239,2.0,10
Oi0014398,Ord007168,Prod00515,1.0,20
Oi0014400,Ord007170,Prod00429,4.0,0
Oi0014401,Ord007170,Prod00532,2.0,20
Oi0014403,Ord007171,Prod00387,4.0,25
Oi0014404,Ord007171,Prod00149,4.0,20
Oi0014406,Ord007171,Prod00220,1.0,15
Oi0014407,Ord007172,Prod00120,10.0,0
Oi0014408,Ord007173,Prod00579,3.0,15
Oi0014409,Ord007173,Prod00177,2.0,10
Oi0014410,Ord007173,Prod00360,1.0,20
Oi0014411,Ord007173,Prod00340,4.0,0
Oi0014412,Ord007174,Prod00082,1.0,10
Oi0014413,Ord007175,Prod00588,10.0,0
Oi0014415,Ord007176,Prod00543,2.0,0
Oi0014416,Ord007177,Prod00183,3.0,5
Oi0014417,Ord007177,Prod00083,2.0,0
Oi0014418,Ord007177,Prod00122,2.0,20
Oi0014419,Ord007177,Prod00559,4.0,10
Oi0014420,Ord007178,Prod00360,2.0,5
Oi0014421,Ord007178,Prod00154,5.0,25
Oi0014422,Ord007178,Prod00064,10.0,0
Oi0014423,Ord007178,Prod00326,1.0,0
Oi0014424,Ord007179,Prod00330,3.0,10
Oi0014425,Ord007179,Prod00350,1.0,0
Oi0014426,Ord007180,Prod00067,1.0,0
Oi0014427,Ord007180,Prod00079,2.0,0
Oi0014428,Ord007180,Prod00243,4.0,0
Oi0014429,Ord007181,Prod00035,1.0,15
Oi0014430,Ord007182,Prod00124,1.0,0
Oi0014431,Ord007182,Prod00473,3.0,0
Oi0014433,Ord007183,Prod00339,1.0,0
Oi0014434,Ord007184,Prod00165,3.0,0
Oi0014435,Ord007184,Prod00263,3.0,0
Oi0014436,Ord007185,Prod00073,1.0,0
Oi0014438,Ord007185,Prod00094,1.0,0
Oi0014439,Ord007185,Prod00467,3.0,0
Oi0014440,Ord007186,Prod00442,5.0,0
Oi0014441,Ord007186,Prod00068,3.0,0
Oi0014443,Ord007187,Prod00228,4.0,25
Oi0014444,Ord007187,Prod00586,2.0,25
Oi0014445,Ord007188,Prod00129,1.0,0
Oi0014447,Ord007188,Prod00186,2.0,20
Oi0014448,Ord007188,Prod00402,1.0,10
Oi0014449,Ord007189,Prod00398,2.0,25
Oi0014450,Ord007189,Prod00127,1.0,0
Oi0014451,Ord007189,Prod00026,5.0,0
Oi0014452,Ord007189,Prod00206,4.0,0
Oi0014453,Ord007190,Prod00195,5.0,0
Oi0014454,Ord007191,Prod00034,3.0,0
Oi0014455,Ord007192,Prod00069,10.0,0
Oi0014456,Ord007193,Prod00459,10.0,0
Oi0014457,Ord007193,Prod00015,10.0,15
Oi0014458,Ord007193,Prod00111,2.0,0
Oi0014459,Ord007193,Prod00128,1.0,25
Oi0014460,Ord007194,Prod00316,4.0,15
Oi0014461,Ord007195,Prod00227,3.0,0
Oi0014463,Ord007196,Prod00010,1.0,25
Oi0014464,Ord007196,Prod00422,1.0,25
Oi0014465,Ord007197,Prod00308,3.0,0
Oi0014466,Ord007198,Prod00230,1.0,10
Oi0014467,Ord007198,Prod00107,4.0,0
Oi0014469,Ord007199,Prod00011,5.0,0
Oi0014470,Ord007199,Prod00312,3.0,0
Oi0014471,Ord007200,Prod00409,1.0,0
Oi0014472,Ord007201,Prod00332,1.0,25
Oi0014473,Ord007202,Prod00254,1.0,20
Oi0014474,Ord007202,Prod00577,2.0,5
Oi0014475,Ord007203,Prod00050,2.0,15
Oi0014476,Ord007204,Prod00029,10.0,25
Oi0014477,Ord007204,Prod00049,1.0,5
Oi0014478,Ord007204,Prod00204,10.0,15
Oi0014480,Ord007205,Prod00304,2.0,20
Oi0014481,Ord007206,Prod00284,10.0,15
Oi0014482,Ord007207,Prod00500,1.0,0
Oi0014483,Ord007208,Prod00532,2.0,25
Oi0014485,Ord007210,Prod00279,3.0,5
Oi0014486,Ord007211,Prod00024,4.0,15
Oi0014487,Ord007212,Prod00434,1.0,25
Oi0014488,Ord007213,Prod00279,3.0,20
Oi0014489,Ord007214,Prod00219,10.0,20
Oi0014490,Ord007215,Prod00037,2.0,25
Oi0014491,Ord007215,Prod00542,1.0,10
Oi0014492,Ord007216,Prod00096,1.0,15
Oi0014493,Ord007216,Prod00192,3.0,25
Oi0014494,Ord007217,Prod00111,10.0,0
Oi0014495,Ord007217,Prod00548,10.0,10
Oi0014496,Ord007218,Prod00454,2.0,20
Oi0014497,Ord007219,Prod00531,2.0,15
Oi0014498,Ord007220,Prod00132,4.0,0
Oi0014499,Ord007221,Prod00206,1.0,20
Oi0014500,Ord007221,Prod00433,3.0,15
Oi0014501,Ord007221,Prod00357,2.0,0
Oi0014502,Ord007221,Prod00279,1.0,0
Oi0014503,Ord007222,Prod00551,5.0,0
Oi0014504,Ord007222,Prod00593,4.0,0
Oi0014505,Ord007222,Prod00113,3.0,0
Oi0014507,Ord007223,Prod00483,1.0,15
Oi0014508,Ord007223,Prod00050,2.0,10
Oi0014509,Ord007223,Prod00493,2.0,10
Oi0014510,Ord007224,Prod00578,3.0,10
Oi0014511,Ord007224,Prod00166,2.0,20
Oi0014512,Ord007225,Prod00475,1.0,25
Oi0014513,Ord007226,Prod00238,3.0,15
Oi0014515,Ord007227,Prod00009,3.0,10
Oi0014516,Ord007228,Prod00489,4.0,10
Oi0014517,Ord007229,Prod00046,2.0,0
Oi0014518,Ord007229,Prod00237,10.0,5
Oi0014519,Ord007229,Prod00400,1.0,20
Oi0014521,Ord007230,Prod00316,1.0,15
Oi0014524,Ord007231,Prod00483,2.0,25
Oi0014525,Ord007232,Prod00032,1.0,5
Oi0014526,Ord007233,Prod00580,1.0,10
Oi0014527,Ord007233,Prod00260,3.0,0
Oi0014528,Ord007233,Prod00550,4.0,25
Oi0014530,Ord007235,Prod00363,2.0,5
Oi0014531,Ord007236,Prod00332,1.0,0
Oi0014532,Ord007236,Prod00490,1.0,0
Oi0014533,Ord007237,Prod00070,5.0,25
Oi0014534,Ord007238,Prod00181,2.0,0
Oi0014535,Ord007238,Prod00550,10.0,0
Oi0014536,Ord007238,Prod00111,1.0,20
Oi0014537,Ord007239,Prod00354,500.0,5
Oi0014538,Ord007240,Prod00448,5.0,20
Oi0014539,Ord007240,Prod00324,2.0,0
Oi0014541,Ord007241,Prod00329,2.0,0
Oi0014542,Ord007241,Prod00222,4.0,0
Oi0014545,Ord007242,Prod00335,1.0,0
Oi0014546,Ord007242,Prod00093,1.0,0
Oi0014547,Ord007243,Prod00056,10.0,0
Oi0014548,Ord007244,Prod00327,5.0,10
Oi0014549,Ord007245,Prod00528,10.0,25
Oi0014550,Ord007245,Prod00036,10.0,0
Oi0014551,Ord007245,Prod00426,4.0,0
Oi0014552,Ord007246,Prod00165,3.0,25
Oi0014553,Ord007246,Prod00041,1.0,10
Oi0014554,Ord007247,Prod00252,2.0,0
Oi0014555,Ord007248,Prod00416,5.0,15
Oi0014556,Ord007249,Prod00564,2.0,20
Oi0014557,Ord007250,Prod00332,4.0,5
Oi0014558,Ord007250,Prod00107,3.0,20
Oi0014559,Ord007251,Prod00195,3.0,25
Oi0014561,Ord007252,Prod00227,1.0,5
Oi0014562,Ord007252,Prod00374,3.0,15
Oi0014563,Ord007253,Prod00394,4.0,20
Oi0014564,Ord007253,Prod00164,2.0,5
Oi0014565,Ord007254,Prod00539,2.0,0
Oi0014566,Ord007254,Prod00079,1.0,10
Oi0014567,Ord007254,Prod00194,1.0,10
Oi0014568,Ord007255,Prod00288,2.0,0
Oi0014569,Ord007256,Prod00175,3.0,0
Oi0014571,Ord007256,Prod00272,3.0,0
Oi0014572,Ord007256,Prod00264,1.0,25
Oi0014573,Ord007257,Prod00076,5.0,10
Oi0014574,Ord007257,Prod00537,1.0,0
Oi0014575,Ord007258,Prod00111,5.0,15
Oi0014576,Ord007258,Prod00256,1.0,15
Oi0014577,Ord007258,Prod00264,10.0,0
Oi0014578,Ord007258,Prod00571,10.0,20
Oi0014579,Ord007259,Prod00363,2.0,25
Oi0014580,Ord007260,Prod00340,1.0,15
Oi0014581,Ord007260,Prod00131,4.0,10
Oi0014582,Ord007260,Prod00267,1.0,0
Oi0014583,Ord007260,Prod00112,10.0,10
Oi0014584,Ord007261,Prod00312,1.0,0
Oi0014585,Ord007262,Prod00134,4.0,0
Oi0014586,Ord007263,Prod00221,5.0,0
Oi0014587,Ord007263,Prod00588,5.0,10
Oi0014588,Ord007263,Prod00054,4.0,5
Oi0014589,Ord007264,Prod00559,1.0,5
Oi0014590,Ord007264,Prod00150,1.0,25
Oi0014591,Ord007265,Prod00367,1.0,0
Oi0014592,Ord007266,Prod00562,4.0,15
Oi0014595,Ord007268,Prod00135,2.0,0
Oi0014596,Ord007269,Prod00330,2.0,20
Oi0014597,Ord007270,Prod00410,1.0,20
Oi0014598,Ord007270,Prod00335,1.0,0
Oi0014599,Ord007271,Prod00473,2.0,10
Oi0014600,Ord007271,Prod00115,5.0,10
Oi0014601,Ord007272,Prod00255,1.0,0
Oi0014602,Ord007272,Prod00596,10.0,10
Oi0014603,Ord007273,Prod00032,5.0,25
Oi0014604,Ord007273,Prod00393,5.0,15
Oi0014605,Ord007274,Prod00312,1.0,25
Oi0014606,Ord007274,Prod00408,4.0,15
Oi0014607,Ord007274,Prod00550,1.0,5
Oi0014612,Ord007277,Prod00096,1.0,15
Oi0014614,Ord007278,Prod00584,5.0,5
Oi0014615,Ord007278,Prod00450,3.0,15
Oi0014616,Ord007278,Prod00071,10.0,5
Oi0014617,Ord007278,Prod00442,1.0,15
Oi0014620,Ord007279,Prod00017,1.0,5
Oi0014621,Ord007279,Prod00089,1.0,15
Oi0014622,Ord007280,Prod00027,2.0,10
Oi0014623,Ord007280,Prod00455,10.0,0
Oi0014624,Ord007281,Prod00262,10.0,0
Oi0014625,Ord007281,Prod00410,10.0,25
Oi0014626,Ord007282,Prod00050,5.0,0
Oi0014627,Ord007283,Prod00076,1.0,0
Oi0014628,Ord007284,Prod00033,10.0,10
Oi0014629,Ord007285,Prod00312,1.0,10
Oi0014630,Ord007285,Prod00163,1.0,0
Oi0014631,Ord007285,Prod00565,1.0,25
Oi0014632,Ord007285,Prod00429,2.0,20
Oi0014633,Ord007286,Prod00289,10.0,0
Oi0014634,Ord007287,Prod00024,2.0,20
Oi0014635,Ord007288,Prod00062,2.0,0
Oi0014637,Ord007288,Prod00055,2.0,20
Oi0014638,Ord007289,Prod00485,1.0,25
Oi0014639,Ord007290,Prod00213,2.0,15
Oi0014640,Ord007291,Prod00584,4.0,0
Oi0014641,Ord007292,Prod00452,4.0,5
Oi0014642,Ord007293,Prod00485,1.0,0
Oi0014644,Ord007294,Prod00323,10.0,0
Oi0014645,Ord007295,Prod00528,2.0,0
Oi0014646,Ord007296,Prod00133,1.0,20
Oi0014648,Ord007298,Prod00192,2.0,10
Oi0014649,Ord007299,Prod00485,5.0,20
Oi0014650,Ord007299,Prod00180,2.0,0
Oi0014651,Ord007299,Prod00431,1.0,15
Oi0014653,Ord007300,Prod00400,1.0,20
Oi0014654,Ord007301,Prod00168,3.0,0
Oi0014655,Ord007302,Prod00205,10.0,5
Oi0014656,Ord007302,Prod00162,1.0,5
Oi0014658,Ord007303,Prod00122,2.0,15
Oi0014659,Ord007304,Prod00584,1.0,15
Oi0014660,Ord007304,Prod00381,1.0,20
Oi0014661,Ord007304,Prod00368,2.0,25
Oi0014663,Ord007306,Prod00029,2.0,15
Oi0014664,Ord007307,Prod00486,5.0,0
Oi0014665,Ord007308,Prod00157,4.0,0
Oi0014666,Ord007309,Prod00444,1.0,20
Oi0014667,Ord007309,Prod00486,1.0,5
Oi0014668,Ord007309,Prod00581,5.0,0
Oi0014669,Ord007310,Prod00551,1.0,0
Oi0014670,Ord007311,Prod00327,1.0,0
Oi0014671,Ord007311,Prod00126,3.0,10
Oi0014672,Ord007312,Prod00516,2.0,25
Oi0014673,Ord007312,Prod00468,1.0,15
Oi0014674,Ord007312,Prod00344,2.0,20
Oi0014675,Ord007313,Prod00055,1.0,25
Oi0014676,Ord007313,Prod00594,2.0,0
Oi0014677,Ord007313,Prod00517,5.0,0
Oi0014678,Ord007313,Prod00592,4.0,0
Oi0014679,Ord007314,Prod00593,1.0,25
Oi0014680,Ord007314,Prod00246,3.0,0
Oi0014681,Ord007315,Prod00182,1.0,0
Oi0014682,Ord007316,Prod00124,3.0,0
Oi0014683,Ord007317,Prod00050,2.0,20
Oi0014684,Ord007318,Prod00108,3.0,10
Oi0014685,Ord007319,Prod00550,3.0,15
Oi0014686,Ord007320,Prod00379,5.0,0
Oi0014688,Ord007320,Prod00089,1.0,0
Oi0014689,Ord007321,Prod00477,5.0,15
Oi0014690,Ord007322,Prod00585,4.0,5
Oi0014691,Ord007323,Prod00027,2.0,5
Oi0014692,Ord007323,Prod00499,2.0,25
Oi0014693,Ord007323,Prod00149,4.0,5
Oi0014694,Ord007324,Prod00192,3.0,0
Oi0014695,Ord007325,Prod00439,1.0,25
Oi0014696,Ord007325,Prod00358,3.0,0
Oi0014697,Ord007326,Prod00224,4.0,0
Oi0014698,Ord007326,Prod00399,1.0,0
Oi0014699,Ord007326,Prod00181,4.0,0
Oi0014700,Ord007327,Prod00508,2.0,0
Oi0014701,Ord007328,Prod00155,4.0,0
Oi0014702,Ord007328,Prod00162,1.0,5
Oi0014703,Ord007329,Prod00163,2.0,0
Oi0014707,Ord007333,Prod00263,10.0,15
Oi0014709,Ord007333,Prod00339,4.0,10
Oi0014710,Ord007334,Prod00341,2.0,5
Oi0014711,Ord007334,Prod00281,4.0,20
Oi0014712,Ord007335,Prod00497,1.0,5
Oi0014713,Ord007335,Prod00267,5.0,15
Oi0014714,Ord007336,Prod00109,10.0,15
Oi0014716,Ord007336,Prod00474,5.0,25
Oi0014717,Ord007336,Prod00358,1.0,0
Oi0014718,Ord007337,Prod00175,1.0,25
Oi0014719,Ord007337,Prod00051,2.0,10
Oi0014720,Ord007337,Prod00359,1.0,5
Oi0014721,Ord007338,Prod00267,3.0,0
Oi0014722,Ord007339,Prod00276,2.0,15
Oi0014724,Ord007339,Prod00545,2.0,25
Oi0014725,Ord007339,Prod00359,2.0,5
Oi0014726,Ord007340,Prod00546,1.0,10
Oi0014727,Ord007340,Prod00553,4.0,0
Oi0014728,Ord007341,Prod00159,10.0,0
Oi0014729,Ord007341,Prod00471,1.0,10
Oi0014730,Ord007341,Prod00446,2.0,0
Oi0014731,Ord007341,Prod00360,2.0,20
Oi0014732,Ord007342,Prod00575,2.0,0
Oi0014733,Ord007342,Prod00194,4.0,10
Oi0014734,Ord007342,Prod00127,10.0,25
Oi0014735,Ord007342,Prod00177,1.0,0
Oi0014737,Ord007343,Prod00353,3.0,5
Oi0014738,Ord007343,Prod00210,2.0,25
Oi0014739,Ord007344,Prod00142,5.0,10
Oi0014740,Ord007344,Prod00117,1.0,25
Oi0014741,Ord007344,Prod00085,2.0,0
Oi0014743,Ord007346,Prod00165,5.0,0
Oi0014744,Ord007347,Prod00123,10.0,0
Oi0014745,Ord007348,Prod00289,5.0,20
Oi0014746,Ord007348,Prod00314,1.0,0
Oi0014747,Ord007349,Prod00566,4.0,15
Oi0014748,Ord007350,Prod00593,10.0,0
Oi0014749,Ord007350,Prod00263,5.0,20
Oi0014750,Ord007350,Prod00536,1.0,0
Oi0014751,Ord007351,Prod00215,3.0,10
Oi0014752,Ord007351,Prod00003,1.0,10
Oi0014753,Ord007352,Prod00046,1.0,15
Oi0014754,Ord007353,Prod00339,3.0,10
Oi0014757,Ord007354,Prod00049,1.0,25
Oi0014758,Ord007355,Prod00030,2.0,15
Oi0014760,Ord007356,Prod00131,1.0,0
Oi0014761,Ord007357,Prod00552,1.0,10
Oi0014763,Ord007358,Prod00402,2.0,5
Oi0014764,Ord007358,Prod00231,1.0,15
Oi0014766,Ord007358,Prod00258,3.0,20
Oi0014767,Ord007359,Prod00407,1.0,15
Oi0014768,Ord007360,Prod00348,5.0,0
Oi0014770,Ord007361,Prod00425,5.0,0
Oi0014771,Ord007361,Prod00175,1.0,15
Oi0014772,Ord007361,Prod00503,1.0,0
Oi0014773,Ord007362,Prod00594,5.0,0
Oi0014775,Ord007364,Prod00091,2.0,15
Oi0014777,Ord007364,Prod00211,4.0,0
Oi0014778,Ord007364,Prod00273,2.0,0
Oi0014779,Ord007365,Prod00448,1.0,0
Oi0014780,Ord007366,Prod00419,1.0,0
Oi0014781,Ord007366,Prod00128,3.0,0
Oi0014782,Ord007367,Prod00501,1.0,20
Oi0014783,Ord007368,Prod00118,5.0,5
Oi0014784,Ord007368,Prod00083,10.0,10
Oi0014785,Ord007369,Prod00185,1.0,5
Oi0014786,Ord007370,Prod00009,10.0,15
Oi0014788,Ord007371,Prod00162,1.0,20
Oi0014789,Ord007372,Prod00222,1.0,20
Oi0014790,Ord007372,Prod00355,1.0,5
Oi0014791,Ord007372,Prod00322,5.0,0
Oi0014793,Ord007373,Prod00427,10.0,0
Oi0014794,Ord007373,Prod00082,1.0,5
Oi0014795,Ord007374,Prod00460,1.0,0
Oi0014796,Ord007375,Prod00232,1.0,0
Oi0014797,Ord007376,Prod00156,2.0,25
Oi0014798,Ord007376,Prod00551,1.0,5
Oi0014799,Ord007377,Prod00063,1.0,15
Oi0014801,Ord007378,Prod00138,2.0,25
Oi0014802,Ord007379,Prod00055,10.0,0
Oi0014803,Ord007380,Prod00595,2.0,25
Oi0014804,Ord007381,Prod00512,1.0,0
Oi0014805,Ord007382,Prod00314,1.0,0
Oi0014806,Ord007382,Prod00416,1.0,25
Oi0014807,Ord007382,Prod00069,1.0,15
Oi0014808,Ord007383,Prod00176,3.0,25
Oi0014810,Ord007384,Prod00001,2.0,20
Oi0014811,Ord007385,Prod00336,1.0,0
Oi0014812,Ord007385,Prod00120,3.0,5
Oi0014813,Ord007385,Prod00278,3.0,0
Oi0014815,Ord007386,Prod00070,1.0,10
Oi0014817,Ord007387,Prod00317,2.0,0
Oi0014818,Ord007388,Prod00237,2.0,15
Oi0014820,Ord007389,Prod00358,4.0,0
Oi0014821,Ord007389,Prod00299,5.0,20
Oi0014823,Ord007389,Prod00111,4.0,25
Oi0014824,Ord007390,Prod00214,1.0,0
Oi0014825,Ord007391,Prod00324,1.0,10
Oi0014826,Ord007391,Prod00194,500.0,5
Oi0014828,Ord007393,Prod00481,2.0,20
Oi0014829,Ord007394,Prod00537,2.0,5
Oi0014830,Ord007395,Prod00553,10.0,25
Oi0014831,Ord007396,Prod00465,1.0,5
Oi0014832,Ord007396,Prod00376,1.0,0
Oi0014833,Ord007396,Prod00428,2.0,0
Oi0014834,Ord007396,Prod00420,1.0,0
Oi0014835,Ord007397,Prod00349,1.0,10
Oi0014836,Ord007397,Prod00406,1.0,5
Oi0014837,Ord007397,Prod00156,1.0,5
Oi0014838,Ord007398,Prod00440,1.0,5
Oi0014839,Ord007398,Prod00002,1.0,0
Oi0014840,Ord007398,Prod00545,1.0,25
Oi0014841,Ord007399,Prod00219,3.0,10
Oi0014842,Ord007399,Prod00043,1.0,0
Oi0014843,Ord007400,Prod00444,3.0,5
Oi0014844,Ord007400,Prod00560,10.0,5
Oi0014845,Ord007401,Prod00214,2.0,0
Oi0014847,Ord007402,Prod00262,1.0,5
Oi0014848,Ord007403,Prod00222,10.0,0
Oi0014849,Ord007403,Prod00450,4.0,20
Oi0014850,Ord007403,Prod00280,1.0,0
Oi0014851,Ord007403,Prod00125,3.0,20
Oi0014853,Ord007404,Prod00557,5.0,0
Oi0014854,Ord007404,Prod00150,10.0,10
Oi0014855,Ord007405,Prod00019,1.0,20
Oi0014856,Ord007406,Prod00107,1.0,0
Oi0014858,Ord007406,Prod00339,10.0,5
Oi0014859,Ord007406,Prod00599,3.0,25
Oi0014860,Ord007407,Prod00060,3.0,20
Oi0014861,Ord007408,Prod00572,1.0,5
Oi0014862,Ord007409,Prod00161,1.0,15
Oi0014863,Ord007410,Prod00574,10.0,10
Oi0014864,Ord007410,Prod00569,10.0,25
Oi0014866,Ord007411,Prod00011,1.0,15
Oi0014867,Ord007412,Prod00473,1.0,5
Oi0014868,Ord007412,Prod00094,4.0,5
Oi0014870,Ord007412,Prod00276,4.0,5
Oi0014871,Ord007413,Prod00194,5.0,10
Oi0014872,Ord007413,Prod00521,1.0,5
Oi0014873,Ord007413,Prod00423,3.0,15
Oi0014874,Ord007414,Prod00290,4.0,0
Oi0014875,Ord007415,Prod00233,2.0,0
Oi0014876,Ord007415,Prod00139,2.0,10
Oi0014877,Ord007416,Prod00177,2.0,0
Oi0014878,Ord007416,Prod00499,5.0,0
Oi0014880,Ord007417,Prod00168,4.0,25
Oi0014881,Ord007417,Prod00375,1.0,10
Oi0014882,Ord007417,Prod00276,1.0,20
Oi0014883,Ord007418,Prod00295,3.0,25
Oi0014884,Ord007419,Prod00154,1.0,0
Oi0014885,Ord007419,Prod00171,1.0,25
Oi0014886,Ord007420,Prod00312,2.0,10
Oi0014888,Ord007421,Prod00136,1.0,0
Oi0014889,Ord007421,Prod00310,10.0,10
Oi0014890,Ord007422,Prod00266,10.0,0
Oi0014891,Ord007422,Prod00563,1.0,0
Oi0014892,Ord007423,Prod00195,2.0,10
Oi0014893,Ord007424,Prod00288,2.0,0
Oi0014894,Ord007424,Prod00558,3.0,0
Oi0014895,Ord007424,Prod00376,2.0,10
Oi0014896,Ord007425,Prod00008,2.0,0
Oi0014897,Ord007425,Prod00361,4.0,0
Oi0014898,Ord007425,Prod00245,2.0,0
Oi0014899,Ord007426,Prod00147,4.0,0
Oi0014900,Ord007426,Prod00283,2.0,0
Oi0014901,Ord007427,Prod00367,4.0,0
Oi0014902,Ord007428,Prod00472,2.0,0
Oi0014903,Ord007428,Prod00061,1.0,20
Oi0014904,Ord007429,Prod00503,10.0,5
Oi0014905,Ord007430,Prod00400,1.0,15
Oi0014906,Ord007431,Prod00035,10.0,15
Oi0014909,Ord007431,Prod00101,2.0,0
Oi0014912,Ord007433,Prod00597,3.0,0
Oi0014913,Ord007433,Prod00158,3.0,5
Oi0014914,Ord007433,Prod00562,5.0,0
Oi0014916,Ord007434,Prod00529,1.0,10
Oi0014918,Ord007436,Prod00515,4.0,0
Oi0014919,Ord007437,Prod00170,5.0,20
Oi0014920,Ord007437,Prod00142,4.0,20
Oi0014921,Ord007438,Prod00076,3.0,5
Oi0014922,Ord007438,Prod00518,2.0,10
Oi0014923,Ord007439,Prod00494,10.0,5
Oi0014926,Ord007440,Prod00039,1.0,20
Oi0014927,Ord007441,Prod00585,1.0,20
Oi0014929,Ord007442,Prod00115,3.0,5
Oi0014930,Ord007443,Prod00441,10.0,20
Oi0014931,Ord007444,Prod00478,1.0,25
Oi0014932,Ord007445,Prod00076,1.0,25
Oi0014935,Ord007447,Prod00084,1.0,20
Oi0014936,Ord007447,Prod00077,2.0,20
Oi0014938,Ord007449,Prod00159,2.0,10
Oi0014940,Ord007450,Prod00149,1.0,0
Oi0014941,Ord007450,Prod00004,10.0,0
Oi0014942,Ord007451,Prod00099,10.0,25
Oi0014943,Ord007451,Prod00173,2.0,20
Oi0014944,Ord007452,Prod00551,1.0,0
Oi0014946,Ord007452,Prod00528,1.0,20
Oi0014947,Ord007452,Prod00571,1.0,5
Oi0014948,Ord007453,Prod00375,3.0,15
Oi0014949,Ord007453,Prod00529,3.0,0
Oi0014950,Ord007453,Prod00401,5.0,10
Oi0014952,Ord007455,Prod00162,2.0,0
Oi0014953,Ord007455,Prod00230,2.0,0
Oi0014954,Ord007456,Prod00561,1.0,0
Oi0014955,Ord007456,Prod00497,1.0,0
Oi0014956,Ord007456,Prod00089,500.0,0
Oi0014957,Ord007456,Prod00599,10.0,10
Oi0014958,Ord007457,Prod00297,1.0,0
Oi0014959,Ord007457,Prod00194,2.0,0
Oi0014960,Ord007458,Prod00534,2.0,10
Oi0014962,Ord007459,Prod00030,10.0,0
Oi0014963,Ord007459,Prod00399,3.0,20
Oi0014964,Ord007460,Prod00485,3.0,25
Oi0014965,Ord007461,Prod00241,1.0,25
Oi0014968,Ord007461,Prod00564,1.0,15
Oi0014969,Ord007462,Prod00587,2.0,0
Oi0014971,Ord007464,Prod00569,1.0,0
Oi0014972,Ord007464,Prod00597,2.0,10
Oi0014974,Ord007465,Prod00573,1.0,5
Oi0014975,Ord007465,Prod00393,2.0,15
Oi0014976,Ord007466,Prod00216,2.0,5
Oi0014977,Ord007467,Prod00222,10.0,25
Oi0014978,Ord007467,Prod00479,2.0,0
Oi0014979,Ord007467,Prod00135,3.0,0
Oi0014980,Ord007467,Prod00447,4.0,25
Oi0014981,Ord007468,Prod00119,1.0,10
Oi0014982,Ord007469,Prod00088,10.0,0
Oi0014983,Ord007470,Prod00344,1.0,0
Oi0014984,Ord007471,Prod00501,3.0,25
Oi0014985,Ord007471,Prod00288,1.0,20
Oi0014986,Ord007471,Prod00247,10.0,5
Oi0014987,Ord007472,Prod00116,4.0,10
Oi0014988,Ord007472,Prod00212,5.0,20
Oi0014989,Ord007473,Prod00522,3.0,0
Oi0014990,Ord007474,Prod00103,10.0,0
Oi0014991,Ord007475,Prod00119,4.0,0
Oi0014992,Ord007475,Prod00426,2.0,0
Oi0014993,Ord007475,Prod00450,2.0,20
Oi0014994,Ord007476,Prod00096,1.0,20
Oi0014995,Ord007477,Prod00013,4.0,25
Oi0014996,Ord007478,Prod00159,10.0,15
Oi0014997,Ord007479,Prod00395,5.0,0
Oi0014998,Ord007479,Prod00472,4.0,0
Oi0015000,Ord007480,Prod00081,4.0,15
Oi0015001,Ord007480,Prod00183,2.0,0
Oi0015002,Ord007480,Prod00475,3.0,5
Oi0015003,Ord007481,Prod00347,10.0,0
Oi0015004,Ord007481,Prod00078,3.0,15
Oi0015005,Ord007482,Prod00167,5.0,15
Oi0015006,Ord007482,Prod00045,1.0,25
Oi0015007,Ord007483,Prod00496,1.0,10
Oi0015008,Ord007483,Prod00026,10.0,25
Oi0015009,Ord007483,Prod00561,10.0,0
Oi0015010,Ord007484,Prod00131,1.0,15
Oi0015011,Ord007484,Prod00560,10.0,0
Oi0015012,Ord007484,Prod00463,1.0,15
Oi0015013,Ord007485,Prod00104,4.0,15
Oi0015015,Ord007485,Prod00450,10.0,20
Oi0015017,Ord007486,Prod00182,2.0,20
Oi0015018,Ord007486,Prod00109,1.0,15
Oi0015019,Ord007486,Prod00472,10.0,5
Oi0015022,Ord007487,Prod00238,1.0,0
Oi0015023,Ord007488,Prod00002,2.0,10
Oi0015024,Ord007488,Prod00333,5.0,20
Oi0015025,Ord007488,Prod00210,10.0,5
Oi0015027,Ord007490,Prod00186,2.0,15
Oi0015028,Ord007491,Prod00078,1.0,25
Oi0015029,Ord007491,Prod00426,1.0,20
Oi0015030,Ord007492,Prod00507,2.0,20
Oi0015031,Ord007492,Prod00393,4.0,0
Oi0015034,Ord007493,Prod00436,2.0,10
Oi0015035,Ord007493,Prod00037,2.0,10
Oi0015036,Ord007494,Prod00207,1.0,5
Oi0015037,Ord007495,Prod00176,10.0,0
Oi0015039,Ord007496,Prod00343,2.0,0
Oi0015040,Ord007496,Prod00299,5.0,10
Oi0015041,Ord007497,Prod00587,5.0,0
Oi0015042,Ord007497,Prod00174,1.0,0
Oi0015043,Ord007497,Prod00002,2.0,0
Oi0015045,Ord007498,Prod00077,1.0,25
Oi0015046,Ord007498,Prod00382,1.0,5
Oi0015047,Ord007498,Prod00085,3.0,0
Oi0015048,Ord007499,Prod00266,2.0,15
Oi0015049,Ord007500,Prod00024,4.0,15
Oi0015050,Ord007500,Prod00284,10.0,0
Oi0015052,Ord007501,Prod00351,2.0,15
Oi0015053,Ord007501,Prod00280,1.0,5
Oi0015054,Ord007501,Prod00480,2.0,20
Oi0015055,Ord007501,Prod00371,5.0,0
Oi0015056,Ord007502,Prod00107,4.0,15
Oi0015058,Ord007503,Prod00505,2.0,0
Oi0015059,Ord007503,Prod00488,2.0,0
Oi0015060,Ord007504,Prod00478,2.0,5
Oi0015061,Ord007505,Prod00522,5.0,5
Oi0015062,Ord007505,Prod00407,4.0,20
Oi0015063,Ord007506,Prod00307,2.0,25
Oi0015064,Ord007507,Prod00082,5.0,25
Oi0015065,Ord007508,Prod00432,1.0,25
Oi0015066,Ord007508,Prod00180,3.0,15
Oi0015067,Ord007508,Prod00515,1.0,0
Oi0015068,Ord007509,Prod00309,3.0,0
Oi0015069,Ord007510,Prod00381,1.0,20
Oi0015070,Ord007510,Prod00461,2.0,0
Oi0015071,Ord007511,Prod00336,1.0,0
Oi0015072,Ord007511,Prod00112,3.0,5
Oi0015073,Ord007511,Prod00094,1.0,0
Oi0015074,Ord007511,Prod00584,1.0,20
Oi0015075,Ord007512,Prod00124,1.0,20
Oi0015077,Ord007513,Prod00099,5.0,0
Oi0015078,Ord007513,Prod00183,5.0,10
Oi0015079,Ord007513,Prod00479,2.0,0
Oi0015081,Ord007514,Prod00278,10.0,0
Oi0015082,Ord007514,Prod00006,2.0,10
Oi0015083,Ord007515,Prod00163,1.0,5
Oi0015084,Ord007516,Prod00207,2.0,0
Oi0015085,Ord007517,Prod00331,1.0,0
Oi0015086,Ord007517,Prod00379,1.0,5
Oi0015087,Ord007518,Prod00420,2.0,10
Oi0015088,Ord007518,Prod00514,10.0,10
Oi0015089,Ord007518,Prod00355,3.0,10
Oi0015090,Ord007518,Prod00582,5.0,15
Oi0015091,Ord007519,Prod00429,1.0,25
Oi0015092,Ord007519,Prod00398,5.0,0
Oi0015093,Ord007519,Prod00385,3.0,0
Oi0015094,Ord007520,Prod00011,1.0,0
Oi0015095,Ord007520,Prod00257,3.0,0
Oi0015096,Ord007521,Prod00049,5.0,15
Oi0015097,Ord007521,Prod00146,2.0,0
Oi0015098,Ord007522,Prod00216,1.0,0
Oi0015099,Ord007522,Prod00312,3.0,5
Oi0015100,Ord007522,Prod00150,2.0,0
Oi0015101,Ord007523,Prod00081,3.0,5
Oi0015103,Ord007523,Prod00552,1.0,20
Oi0015104,Ord007523,Prod00237,10.0,15
Oi0015105,Ord007524,Prod00254,1.0,0
Oi0015106,Ord007524,Prod00444,5.0,20
Oi0015107,Ord007525,Prod00340,10.0,0
Oi0015108,Ord007525,Prod00142,4.0,20
Oi0015109,Ord007526,Prod00355,2.0,5
Oi0015110,Ord007526,Prod00194,2.0,5
Oi0015111,Ord007527,Prod00381,3.0,5
Oi0015112,Ord007528,Prod00594,5.0,15
Oi0015113,Ord007529,Prod00553,1.0,5
Oi0015114,Ord007529,Prod00342,3.0,5
Oi0015115,Ord007530,Prod00513,3.0,20
Oi0015116,Ord007530,Prod00463,1.0,10
Oi0015117,Ord007530,Prod00262,4.0,0
Oi0015118,Ord007531,Prod00043,3.0,25
Oi0015119,Ord007531,Prod00224,2.0,5
Oi0015120,Ord007531,Prod00115,1.0,15
Oi0015121,Ord007532,Prod00572,5.0,15
Oi0015122,Ord007533,Prod00292,3.0,10
Oi0015123,Ord007533,Prod00082,1.0,0
Oi0015124,Ord007533,Prod00232,10.0,5
Oi0015125,Ord007534,Prod00153,2.0,25
Oi0015127,Ord007535,Prod00329,3.0,0
Oi0015128,Ord007535,Prod00146,1.0,10
Oi0015129,Ord007536,Prod00118,10.0,0
Oi0015130,Ord007537,Prod00063,1.0,20
Oi0015131,Ord007537,Prod00329,2.0,10
Oi0015132,Ord007537,Prod00232,5.0,10
Oi0015133,Ord007537,Prod00082,1.0,20
Oi0015134,Ord007538,Prod00301,1.0,15
Oi0015135,Ord007538,Prod00135,10.0,0
Oi0015136,Ord007539,Prod00567,1.0,20
Oi0015137,Ord007539,Prod00339,4.0,20
Oi0015139,Ord007541,Prod00025,1.0,0
Oi0015140,Ord007542,Prod00429,10.0,25
Oi0015141,Ord007542,Prod00161,2.0,15
Oi0015142,Ord007542,Prod00327,10.0,5
Oi0015143,Ord007542,Prod00369,10.0,0
Oi0015144,Ord007543,Prod00597,10.0,0
Oi0015145,Ord007543,Prod00371,4.0,0
Oi0015146,Ord007543,Prod00457,2.0,0
Oi0015147,Ord007544,Prod00008,10.0,15
Oi0015148,Ord007545,Prod00141,2.0,15
Oi0015149,Ord007546,Prod00497,10.0,15
Oi0015150,Ord007547,Prod00328,1.0,0
Oi0015152,Ord007548,Prod00292,2.0,15
Oi0015153,Ord007548,Prod00393,2.0,0
Oi0015154,Ord007548,Prod00089,3.0,20
Oi0015156,Ord007549,Prod00060,3.0,20
Oi0015157,Ord007550,Prod00441,1.0,15
Oi0015158,Ord007550,Prod00055,2.0,10
Oi0015160,Ord007551,Prod00041,10.0,15
Oi0015161,Ord007551,Prod00336,2.0,10
Oi0015162,Ord007551,Prod00053,3.0,10
Oi0015164,Ord007552,Prod00274,5.0,15
Oi0015165,Ord007552,Prod00010,2.0,15
Oi0015166,Ord007553,Prod00217,10.0,0
Oi0015167,Ord007554,Prod00235,1.0,0
Oi0015169,Ord007555,Prod00409,10.0,5
Oi0015170,Ord007555,Prod00221,2.0,5
Oi0015171,Ord007556,Prod00477,10.0,0
Oi0015172,Ord007556,Prod00273,1.0,25
Oi0015173,Ord007556,Prod00286,3.0,15
Oi0015174,Ord007556,Prod00552,10.0,0
Oi0015175,Ord007557,Prod00334,5.0,5
Oi0015176,Ord007558,Prod00370,2.0,25
Oi0015177,Ord007558,Prod00217,10.0,15
Oi0015178,Ord007558,Prod00480,4.0,0
Oi0015179,Ord007559,Prod00014,1.0,0
Oi0015180,Ord007560,Prod00492,2.0,0
Oi0015182,Ord007560,Prod00094,3.0,0
Oi0015183,Ord007560,Prod00135,4.0,15
Oi0015184,Ord007561,Prod00006,2.0,10
Oi0015185,Ord007562,Prod00412,10.0,20
Oi0015186,Ord007562,Prod00573,2.0,25
Oi0015187,Ord007562,Prod00298,5.0,0
Oi0015189,Ord007564,Prod00264,1.0,0
Oi0015190,Ord007565,Prod00027,10.0,25
Oi0015191,Ord007566,Prod00360,1.0,0
Oi0015192,Ord007567,Prod00341,3.0,0
Oi0015193,Ord007568,Prod00051,4.0,0
Oi0015194,Ord007569,Prod00096,1.0,0
Oi0015195,Ord007569,Prod00345,5.0,10
Oi0015196,Ord007569,Prod00523,5.0,10
Oi0015197,Ord007570,Prod00400,1.0,0
Oi0015199,Ord007571,Prod00315,1.0,0
Oi0015200,Ord007572,Prod00290,1.0,20
Oi0015201,Ord007573,Prod00266,3.0,10
Oi0015202,Ord007574,Prod00003,1.0,20
Oi0015203,Ord007575,Prod00090,5.0,25
Oi0015204,Ord007575,Prod00166,3.0,0
Oi0015205,Ord007575,Prod00013,2.0,15
Oi0015207,Ord007576,Prod00404,1.0,0
Oi0015208,Ord007576,Prod00153,2.0,10
Oi0015209,Ord007576,Prod00321,2.0,15
Oi0015210,Ord007577,Prod00115,1.0,0
Oi0015211,Ord007577,Prod00563,1.0,0
Oi0015212,Ord007578,Prod00118,10.0,20
Oi0015213,Ord007578,Prod00148,2.0,20
Oi0015214,Ord007578,Prod00069,10.0,0
Oi0015215,Ord007579,Prod00202,1.0,0
Oi0015217,Ord007579,Prod00234,10.0,0
Oi0015218,Ord007579,Prod00142,1.0,10
Oi0015219,Ord007580,Prod00409,1.0,0
Oi0015220,Ord007580,Prod00133,1.0,0
Oi0015223,Ord007582,Prod00527,1.0,0
Oi0015224,Ord007582,Prod00179,2.0,25
Oi0015226,Ord007583,Prod00249,2.0,10
Oi0015227,Ord007584,Prod00065,1.0,15
Oi0015228,Ord007585,Prod00447,10.0,0
Oi0015229,Ord007585,Prod00369,10.0,10
Oi0015231,Ord007587,Prod00521,5.0,25
Oi0015232,Ord007588,Prod00586,500.0,15
Oi0015233,Ord007589,Prod00486,1.0,0
Oi0015235,Ord007590,Prod00272,1.0,0
Oi0015236,Ord007591,Prod00213,4.0,0
Oi0015237,Ord007591,Prod00395,2.0,0
Oi0015238,Ord007592,Prod00445,1.0,20
Oi0015239,Ord007593,Prod00491,10.0,0
Oi0015240,Ord007593,Prod00125,2.0,10
Oi0015241,Ord007593,Prod00108,1.0,15
Oi0015242,Ord007594,Prod00268,2.0,20
Oi0015243,Ord007595,Prod00131,2.0,0
Oi0015245,Ord007595,Prod00258,3.0,20
Oi0015246,Ord007596,Prod00463,1.0,0
Oi0015247,Ord007596,Prod00252,1.0,25
Oi0015248,Ord007596,Prod00156,3.0,5
Oi0015249,Ord007596,Prod00036,1.0,15
Oi0015250,Ord007597,Prod00366,2.0,0
Oi0015251,Ord007598,Prod00134,1.0,0
Oi0015252,Ord007598,Prod00585,1.0,20
Oi0015253,Ord007598,Prod00383,4.0,0
Oi0015254,Ord007599,Prod00203,4.0,25
Oi0015255,Ord007600,Prod00034,1.0,10
Oi0015256,Ord007600,Prod00365,2.0,0
Oi0015257,Ord007601,Prod00288,1.0,0
Oi0015258,Ord007602,Prod00138,2.0,15
Oi0015259,Ord007602,Prod00574,1.0,0
Oi0015260,Ord007603,Prod00580,3.0,15
Oi0015261,Ord007603,Prod00071,500.0,25
Oi0015262,Ord007604,Prod00595,2.0,5
Oi0015263,Ord007605,Prod00035,1.0,10
Oi0015264,Ord007605,Prod00580,4.0,15
Oi0015265,Ord007606,Prod00397,4.0,0
Oi0015266,Ord007607,Prod00344,1.0,25
Oi0015267,Ord007607,Prod00010,10.0,20
Oi0015268,Ord007608,Prod00289,4.0,20
Oi0015270,Ord007610,Prod00457,2.0,0
Oi0015271,Ord007610,Prod00511,1.0,5
Oi0015272,Ord007611,Prod00140,2.0,0
Oi0015273,Ord007611,Prod00027,2.0,10
Oi0015274,Ord007612,Prod00569,2.0,0
Oi0015275,Ord007613,Prod00589,5.0,25
Oi0015276,Ord007613,Prod00254,4.0,5
Oi0015277,Ord007613,Prod00370,1.0,20
Oi0015278,Ord007614,Prod00356,1.0,20
Oi0015279,Ord007614,Prod00301,1.0,0
Oi0015280,Ord007614,Prod00292,3.0,20
Oi0015281,Ord007615,Prod00558,1.0,20
Oi0015282,Ord007616,Prod00553,4.0,0
Oi0015283,Ord007616,Prod00048,4.0,25
Oi0015284,Ord007617,Prod00103,5.0,25
Oi0015285,Ord007618,Prod00040,10.0,25
Oi0015286,Ord007618,Prod00525,2.0,0
Oi0015287,Ord007618,Prod00339,4.0,0
Oi0015289,Ord007619,Prod00511,5.0,15
Oi0015290,Ord007619,Prod00317,10.0,0
Oi0015291,Ord007619,Prod00067,3.0,25
Oi0015292,Ord007620,Prod00072,4.0,20
Oi0015293,Ord007620,Prod00552,10.0,0
Oi0015294,Ord007620,Prod00143,5.0,25
Oi0015295,Ord007620,Prod00349,5.0,10
Oi0015296,Ord007621,Prod00335,4.0,15
Oi0015297,Ord007621,Prod00108,5.0,0
Oi0015298,Ord007622,Prod00414,4.0,20
Oi0015299,Ord007623,Prod00587,10.0,25
Oi0015300,Ord007623,Prod00339,2.0,0
Oi0015301,Ord007623,Prod00163,10.0,0
Oi0015302,Ord007624,Prod00346,5.0,20
Oi0015303,Ord007625,Prod00062,4.0,20
Oi0015304,Ord007626,Prod00080,1.0,10
Oi0015305,Ord007627,Prod00508,1.0,10
Oi0015306,Ord007627,Prod00509,1.0,0
Oi0015307,Ord007628,Prod00210,2.0,10
Oi0015308,Ord007628,Prod00277,2.0,0
Oi0015309,Ord007628,Prod00528,1.0,0
Oi0015310,Ord007628,Prod00023,10.0,0
Oi0015311,Ord007629,Prod00379,1.0,5
Oi0015312,Ord007630,Prod00202,4.0,0
Oi0015313,Ord007631,Prod00103,2.0,0
Oi0015315,Ord007632,Prod00162,4.0,10
Oi0015317,Ord007634,Prod00214,4.0,25
Oi0015318,Ord007635,Prod00367,2.0,0
Oi0015319,Ord007636,Prod00270,1.0,10
Oi0015320,Ord007636,Prod00056,5.0,20
Oi0015321,Ord007636,Prod00306,5.0,0
Oi0015322,Ord007636,Prod00308,10.0,0
Oi0015323,Ord007637,Prod00329,1.0,0
Oi0015324,Ord007637,Prod00102,2.0,0
Oi0015325,Ord007637,Prod00431,1.0,10
Oi0015326,Ord007638,Prod00003,5.0,10
Oi0015327,Ord007638,Prod00428,2.0,0
Oi0015328,Ord007639,Prod00546,4.0,0
Oi0015329,Ord007640,Prod00476,1.0,15
Oi0015330,Ord007640,Prod00578,1.0,15
Oi0015331,Ord007641,Prod00505,10.0,5
Oi0015332,Ord007641,Prod00362,1.0,0
Oi0015333,Ord007642,Prod00525,1.0,0
Oi0015336,Ord007644,Prod00137,2.0,0
Oi0015338,Ord007646,Prod00492,3.0,25
Oi0015340,Ord007648,Prod00387,5.0,25
Oi0015341,Ord007648,Prod00097,3.0,0
Oi0015342,Ord007648,Prod00016,3.0,15
Oi0015343,Ord007649,Prod00139,1.0,0
Oi0015344,Ord007649,Prod00280,2.0,0
Oi0015345,Ord007650,Prod00446,5.0,5
Oi0015346,Ord007651,Prod00406,2.0,25
Oi0015347,Ord007651,Prod00369,4.0,5
Oi0015349,Ord007651,Prod00479,5.0,25
Oi0015350,Ord007652,Prod00237,1.0,20
Oi0015351,Ord007652,Prod00329,2.0,25
Oi0015352,Ord007652,Prod00278,4.0,0
Oi0015353,Ord007653,Prod00595,1.0,15
Oi0015354,Ord007653,Prod00133,2.0,15
Oi0015358,Ord007656,Prod00084,2.0,5
Oi0015359,Ord007657,Prod00098,1.0,25
Oi0015361,Ord007659,Prod00499,1.0,20
Oi0015363,Ord007660,Prod00435,1.0,0
Oi0015364,Ord007661,Prod00508,5.0,0
Oi0015366,Ord007663,Prod00522,5.0,15
Oi0015367,Ord007664,Prod00003,5.0,0
Oi0015368,Ord007665,Prod00412,1.0,20
Oi0015370,Ord007665,Prod00177,500.0,10
Oi0015372,Ord007667,Prod00066,3.0,15
Oi0015373,Ord007667,Prod00443,1.0,15
Oi0015374,Ord007668,Prod00190,1.0,10
Oi0015376,Ord007668,Prod00535,2.0,25
Oi0015378,Ord007669,Prod00401,1.0,25
Oi0015379,Ord007669,Prod00255,5.0,0
Oi0015380,Ord007670,Prod00545,10.0,5
Oi0015381,Ord007670,Prod00574,2.0,10
Oi0015382,Ord007670,Prod00406,1.0,20
Oi0015383,Ord007671,Prod00438,1.0,0
Oi0015384,Ord007671,Prod00176,10.0,15
Oi0015385,Ord007671,Prod00346,500.0,25
Oi0015386,Ord007672,Prod00151,1.0,0
Oi0015387,Ord007672,Prod00524,10.0,10
Oi0015388,Ord007673,Prod00392,4.0,20
Oi0015389,Ord007674,Prod00204,1.0,0
Oi0015391,Ord007674,Prod00143,1.0,25
Oi0015392,Ord007674,Prod00237,4.0,0
Oi0015394,Ord007675,Prod00142,1.0,0
Oi0015395,Ord007675,Prod00338,1.0,10
Oi0015396,Ord007675,Prod00203,2.0,0
Oi0015397,Ord007676,Prod00216,5.0,20
Oi0015398,Ord007676,Prod00231,1.0,10
Oi0015399,Ord007677,Prod00110,1.0,0
Oi0015400,Ord007677,Prod00421,2.0,0
Oi0015401,Ord007677,Prod00450,2.0,15
Oi0015402,Ord007677,Prod00323,1.0,0
Oi0015403,Ord007678,Prod00493,5.0,5
Oi0015404,Ord007679,Prod00291,1.0,25
Oi0015405,Ord007680,Prod00283,3.0,0
Oi0015406,Ord007681,Prod00029,10.0,5
Oi0015408,Ord007682,Prod00341,1.0,0
Oi0015409,Ord007682,Prod00374,3.0,10
Oi0015410,Ord007683,Prod00069,1.0,0
Oi0015411,Ord007684,Prod00442,1.0,5
Oi0015412,Ord007685,Prod00521,4.0,5
Oi0015413,Ord007686,Prod00491,1.0,0
Oi0015414,Ord007687,Prod00208,10.0,10
Oi0015415,Ord007687,Prod00408,1.0,20
Oi0015416,Ord007688,Prod00521,2.0,25
Oi0015417,Ord007688,Prod00493,2.0,10
Oi0015418,Ord007688,Prod00136,2.0,0
Oi0015419,Ord007689,Prod00024,3.0,10
Oi0015420,Ord007689,Prod00155,3.0,15
Oi0015421,Ord007690,Prod00027,4.0,15
Oi0015423,Ord007691,Prod00073,2.0,0
Oi0015424,Ord007691,Prod00366,2.0,0
Oi0015425,Ord007691,Prod00506,1.0,0
Oi0015426,Ord007691,Prod00418,2.0,0
Oi0015427,Ord007692,Prod00554,3.0,0
Oi0015428,Ord007692,Prod00328,1.0,0
Oi0015429,Ord007692,Prod00342,1.0,0
Oi0015431,Ord007693,Prod00282,2.0,0
Oi0015432,Ord007693,Prod00249,5.0,10
Oi0015433,Ord007693,Prod00357,1.0,10
Oi0015434,Ord007693,Prod00488,500.0,0
Oi0015435,Ord007694,Prod00303,4.0,20
Oi0015436,Ord007694,Prod00307,1.0,0
Oi0015437,Ord007695,Prod00219,4.0,15
Oi0015438,Ord007695,Prod00461,5.0,15
Oi0015439,Ord007695,Prod00337,3.0,0
Oi0015440,Ord007696,Prod00237,2.0,20
Oi0015441,Ord007696,Prod00447,2.0,5
Oi0015442,Ord007696,Prod00003,2.0,15
Oi0015443,Ord007696,Prod00468,5.0,25
Oi0015444,Ord007697,Prod00509,3.0,25
Oi0015445,Ord007698,Prod00216,1.0,0
Oi0015446,Ord007698,Prod00584,5.0,0
Oi0015448,Ord007698,Prod00554,10.0,15
Oi0015449,Ord007699,Prod00027,10.0,10
Oi0015450,Ord007699,Prod00514,2.0,25
Oi0015451,Ord007699,Prod00399,4.0,15
Oi0015452,Ord007699,Prod00535,2.0,10
Oi0015453,Ord007700,Prod00021,1.0,0
Oi0015454,Ord007701,Prod00169,3.0,25
Oi0015455,Ord007701,Prod00533,1.0,10
Oi0015456,Ord007701,Prod00265,1.0,15
Oi0015457,Ord007702,Prod00029,1.0,10
Oi0015458,Ord007703,Prod00414,5.0,0
Oi0015459,Ord007704,Prod00550,2.0,0
Oi0015461,Ord007705,Prod00271,1.0,5
Oi0015462,Ord007705,Prod00005,2.0,0
Oi0015463,Ord007705,Prod00084,1.0,5
Oi0015464,Ord007706,Prod00519,2.0,0
Oi0015465,Ord007706,Prod00263,2.0,10
Oi0015466,Ord007707,Prod00132,3.0,0
Oi0015467,Ord007707,Prod00438,1.0,10
Oi0015468,Ord007708,Prod00489,5.0,15
Oi0015471,Ord007709,Prod00283,1.0,0
Oi0015472,Ord007709,Prod00134,10.0,0
Oi0015473,Ord007710,Prod00041,2.0,25
Oi0015474,Ord007710,Prod00357,1.0,25
Oi0015475,Ord007710,Prod00175,10.0,25
Oi0015478,Ord007712,Prod00583,1.0,0
Oi0015479,Ord007712,Prod00069,3.0,25
Oi0015480,Ord007712,Prod00018,5.0,10
Oi0015482,Ord007713,Prod00290,5.0,0
Oi0015483,Ord007714,Prod00399,10.0,25
Oi0015485,Ord007714,Prod00034,4.0,0
Oi0015486,Ord007715,Prod00023,2.0,0
Oi0015488,Ord007717,Prod00054,5.0,10
Oi0015489,Ord007718,Prod00157,2.0,15
Oi0015491,Ord007718,Prod00501,1.0,20
Oi0015492,Ord007719,Prod00144,1.0,15
Oi0015493,Ord007720,Prod00199,1.0,10
Oi0015494,Ord007720,Prod00446,10.0,5
Oi0015495,Ord007720,Prod00486,2.0,0
Oi0015496,Ord007720,Prod00366,1.0,20
Oi0015497,Ord007721,Prod00235,3.0,0
Oi0015500,Ord007721,Prod00409,2.0,20
Oi0015502,Ord007722,Prod00315,1.0,0
Oi0015503,Ord007723,Prod00284,1.0,0
Oi0015504,Ord007723,Prod00135,10.0,15
Oi0015505,Ord007723,Prod00552,4.0,15
Oi0015507,Ord007724,Prod00368,1.0,20
Oi0015509,Ord007725,Prod00552,2.0,25
Oi0015510,Ord007726,Prod00561,10.0,0
Oi0015511,Ord007726,Prod00312,1.0,0
Oi0015514,Ord007727,Prod00061,2.0,0
Oi0015516,Ord007729,Prod00111,3.0,0
Oi0015517,Ord007730,Prod00293,1.0,10
Oi0015519,Ord007731,Prod00405,10.0,10
Oi0015520,Ord007732,Prod00177,1.0,0
Oi0015521,Ord007733,Prod00162,5.0,20
Oi0015522,Ord007733,Prod00455,10.0,0
Oi0015523,Ord007734,Prod00535,500.0,15
Oi0015524,Ord007735,Prod00424,1.0,20
Oi0015525,Ord007736,Prod00091,4.0,10
Oi0015526,Ord007737,Prod00290,1.0,0
Oi0015527,Ord007737,Prod00046,1.0,5
Oi0015528,Ord007738,Prod00309,4.0,0
Oi0015529,Ord007739,Prod00450,10.0,0
Oi0015530,Ord007739,Prod00475,1.0,0
Oi0015531,Ord007740,Prod00476,1.0,0
Oi0015532,Ord007741,Prod00340,1.0,10
Oi0015533,Ord007741,Prod00045,4.0,0
Oi0015534,Ord007741,Prod00343,2.0,0
Oi0015535,Ord007742,Prod00273,2.0,20
Oi0015536,Ord007742,Prod00294,5.0,5
Oi0015537,Ord007742,Prod00512,1.0,25
Oi0015538,Ord007743,Prod00354,5.0,5
Oi0015539,Ord007744,Prod00458,4.0,0
Oi0015541,Ord007744,Prod00175,4.0,5
Oi0015542,Ord007745,Prod00101,2.0,25
Oi0015543,Ord007746,Prod00414,10.0,0
Oi0015544,Ord007747,Prod00552,4.0,25
Oi0015545,Ord007748,Prod00533,2.0,20
Oi0015546,Ord007749,Prod00480,3.0,15
Oi0015547,Ord007749,Prod00034,1.0,0
Oi0015548,Ord007750,Prod00352,2.0,25
Oi0015550,Ord007751,Prod00371,3.0,0
Oi0015551,Ord007751,Prod00270,1.0,25
Oi0015552,Ord007751,Prod00098,4.0,25
Oi0015553,Ord007752,Prod00487,10.0,0
Oi0015554,Ord007752,Prod00258,1.0,0
Oi0015555,Ord007753,Prod00038,2.0,5
Oi0015556,Ord007754,Prod00108,4.0,20
Oi0015557,Ord007754,Prod00061,5.0,0
Oi0015558,Ord007754,Prod00389,1.0,0
Oi0015559,Ord007754,Prod00368,2.0,0
Oi0015560,Ord007755,Prod00102,5.0,0
Oi0015562,Ord007757,Prod00354,3.0,20
Oi0015564,Ord007758,Prod00092,1.0,5
Oi0015565,Ord007759,Prod00496,5.0,0
Oi0015566,Ord007759,Prod00466,3.0,10
Oi0015567,Ord007759,Prod00389,5.0,0
Oi0015568,Ord007760,Prod00297,1.0,10
Oi0015569,Ord007760,Prod00071,3.0,20
Oi0015570,Ord007761,Prod00252,3.0,15
Oi0015571,Ord007761,Prod00327,2.0,0
Oi0015573,Ord007762,Prod00494,1.0,0
Oi0015575,Ord007763,Prod00319,4.0,20
Oi0015576,Ord007763,Prod00289,10.0,15
Oi0015577,Ord007764,Prod00259,1.0,0
Oi0015579,Ord007764,Prod00438,3.0,15
Oi0015580,Ord007764,Prod00509,1.0,0
Oi0015581,Ord007765,Prod00326,1.0,0
Oi0015583,Ord007767,Prod00501,10.0,25
Oi0015584,Ord007767,Prod00332,1.0,25
Oi0015586,Ord007768,Prod00266,5.0,10
Oi0015587,Ord007769,Prod00356,2.0,10
Oi0015589,Ord007769,Prod00005,1.0,0
Oi0015591,Ord007770,Prod00582,4.0,25
Oi0015592,Ord007771,Prod00556,2.0,5
Oi0015593,Ord007772,Prod00375,1.0,10
Oi0015594,Ord007773,Prod00507,1.0,20
Oi0015596,Ord007774,Prod00285,1.0,25
Oi0015597,Ord007775,Prod00259,3.0,0
Oi0015598,Ord007775,Prod00177,1.0,0
Oi0015600,Ord007776,Prod00038,10.0,0
Oi0015602,Ord007777,Prod00117,3.0,20
Oi0015603,Ord007777,Prod00328,1.0,20
Oi0015604,Ord007778,Prod00071,1.0,0
Oi0015605,Ord007779,Prod00292,2.0,10
Oi0015606,Ord007779,Prod00175,1.0,10
Oi0015607,Ord007780,Prod00519,1.0,0
Oi0015609,Ord007781,Prod00225,4.0,25
Oi0015610,Ord007782,Prod00351,10.0,0
Oi0015612,Ord007783,Prod00381,2.0,0
Oi0015613,Ord007784,Prod00585,1.0,15
Oi0015614,Ord007784,Prod00035,1.0,0
Oi0015615,Ord007785,Prod00321,10.0,0
Oi0015616,Ord007785,Prod00316,1.0,20
Oi0015617,Ord007785,Prod00507,1.0,0
Oi0015618,Ord007785,Prod00241,4.0,5
Oi0015619,Ord007786,Prod00399,2.0,25
Oi0015620,Ord007787,Prod00138,1.0,20
Oi0015621,Ord007788,Prod00381,10.0,0
Oi0015622,Ord007788,Prod00399,3.0,20
Oi0015623,Ord007789,Prod00033,1.0,0
Oi0015624,Ord007789,Prod00132,5.0,20
Oi0015625,Ord007789,Prod00094,1.0,20
Oi0015626,Ord007789,Prod00295,2.0,20
Oi0015627,Ord007790,Prod00552,1.0,10
Oi0015628,Ord007791,Prod00393,1.0,15
Oi0015629,Ord007791,Prod00539,10.0,15
Oi0015630,Ord007792,Prod00168,2.0,0
Oi0015631,Ord007793,Prod00569,3.0,0
Oi0015632,Ord007794,Prod00259,4.0,0
Oi0015634,Ord007795,Prod00390,4.0,0
Oi0015636,Ord007796,Prod00182,3.0,20
Oi0015637,Ord007796,Prod00475,5.0,0
Oi0015638,Ord007797,Prod00372,1.0,5
Oi0015639,Ord007797,Prod00159,5.0,15
Oi0015640,Ord007797,Prod00037,3.0,20
Oi0015641,Ord007797,Prod00304,1.0,15
Oi0015642,Ord007798,Prod00304,2.0,0
Oi0015643,Ord007798,Prod00113,1.0,15
Oi0015644,Ord007799,Prod00440,1.0,0
Oi0015645,Ord007799,Prod00393,1.0,0
Oi0015646,Ord007799,Prod00060,1.0,25
Oi0015647,Ord007799,Prod00277,3.0,15
Oi0015648,Ord007800,Prod00358,5.0,10
Oi0015649,Ord007801,Prod00203,5.0,20
Oi0015651,Ord007803,Prod00251,1.0,0
Oi0015652,Ord007804,Prod00025,1.0,5
Oi0015653,Ord007804,Prod00468,2.0,20
Oi0015655,Ord007805,Prod00021,5.0,20
Oi0015656,Ord007805,Prod00380,5.0,10
Oi0015657,Ord007805,Prod00171,3.0,20
Oi0015658,Ord007806,Prod00369,4.0,20
Oi0015659,Ord007807,Prod00176,1.0,15
Oi0015660,Ord007807,Prod00364,10.0,25
Oi0015661,Ord007807,Prod00130,5.0,5
Oi0015662,Ord007807,Prod00176,3.0,25
Oi0015663,Ord007808,Prod00370,3.0,0
Oi0015664,Ord007808,Prod00583,1.0,20
Oi0015665,Ord007809,Prod00158,2.0,15
Oi0015667,Ord007811,Prod00275,5.0,0
Oi0015668,Ord007811,Prod00565,10.0,0
Oi0015669,Ord007811,Prod00472,5.0,10
Oi0015670,Ord007812,Prod00299,10.0,15
Oi0015671,Ord007813,Prod00488,2.0,10
Oi0015672,Ord007813,Prod00344,1.0,0
Oi0015673,Ord007814,Prod00461,3.0,10
Oi0015674,Ord007815,Prod00493,2.0,5
Oi0015675,Ord007816,Prod00277,5.0,0
Oi0015676,Ord007816,Prod00522,1.0,25
Oi0015678,Ord007817,Prod00166,1.0,15
Oi0015679,Ord007818,Prod00355,3.0,15
Oi0015680,Ord007819,Prod00240,5.0,25
Oi0015681,Ord007819,Prod00338,2.0,20
Oi0015682,Ord007820,Prod00565,4.0,10
Oi0015684,Ord007821,Prod00099,2.0,10
Oi0015685,Ord007822,Prod00047,4.0,0
Oi0015686,Ord007822,Prod00342,1.0,25
Oi0015687,Ord007823,Prod00299,1.0,0
Oi0015688,Ord007823,Prod00212,5.0,15
Oi0015689,Ord007824,Prod00074,2.0,0
Oi0015690,Ord007824,Prod00294,1.0,20
Oi0015691,Ord007825,Prod00131,1.0,10
Oi0015692,Ord007825,Prod00039,2.0,5
Oi0015693,Ord007826,Prod00150,1.0,0
Oi0015694,Ord007826,Prod00224,5.0,25
Oi0015696,Ord007826,Prod00596,3.0,15
Oi0015698,Ord007828,Prod00299,3.0,0
Oi0015701,Ord007830,Prod00185,3.0,10
Oi0015702,Ord007830,Prod00458,1.0,0
Oi0015703,Ord007830,Prod00250,2.0,15
Oi0015705,Ord007831,Prod00206,1.0,0
Oi0015706,Ord007831,Prod00375,1.0,0
Oi0015707,Ord007831,Prod00597,2.0,0
Oi0015708,Ord007832,Prod00480,1.0,5
Oi0015709,Ord007832,Prod00016,2.0,15
Oi0015710,Ord007832,Prod00413,1.0,20
Oi0015712,Ord007834,Prod00138,4.0,25
Oi0015713,Ord007835,Prod00414,1.0,5
Oi0015714,Ord007835,Prod00272,5.0,15
Oi0015715,Ord007836,Prod00365,1.0,0
Oi0015716,Ord007836,Prod00485,1.0,0
Oi0015717,Ord007836,Prod00104,4.0,0
Oi0015718,Ord007837,Prod00069,4.0,15
Oi0015724,Ord007840,Prod00009,10.0,10
Oi0015725,Ord007841,Prod00059,4.0,10
Oi0015726,Ord007841,Prod00246,3.0,25
Oi0015727,Ord007841,Prod00031,1.0,10
Oi0015728,Ord007842,Prod00434,5.0,10
Oi0015730,Ord007842,Prod00258,1.0,10
Oi0015731,Ord007842,Prod00581,5.0,0
Oi0015732,Ord007843,Prod00083,4.0,20
Oi0015733,Ord007844,Prod00373,2.0,10
Oi0015734,Ord007844,Prod00119,5.0,0
Oi0015735,Ord007844,Prod00165,2.0,15
Oi0015736,Ord007844,Prod00570,3.0,0
Oi0015737,Ord007845,Prod00451,1.0,10
Oi0015738,Ord007845,Prod00296,2.0,15
Oi0015739,Ord007846,Prod00532,4.0,20
Oi0015740,Ord007846,Prod00225,1.0,25
Oi0015741,Ord007847,Prod00046,5.0,5
Oi0015742,Ord007847,Prod00574,2.0,10
Oi0015743,Ord007848,Prod00356,1.0,20
Oi0015744,Ord007848,Prod00465,5.0,25
Oi0015745,Ord007849,Prod00261,2.0,25
Oi0015749,Ord007851,Prod00107,1.0,0
Oi0015750,Ord007852,Prod00266,3.0,15
Oi0015752,Ord007853,Prod00241,2.0,20
Oi0015754,Ord007854,Prod00074,4.0,20
Oi0015755,Ord007855,Prod00324,5.0,0
Oi0015756,Ord007856,Prod00310,1.0,0
Oi0015757,Ord007857,Prod00072,1.0,0
Oi0015758,Ord007857,Prod00102,4.0,25
Oi0015759,Ord007857,Prod00355,3.0,5
Oi0015760,Ord007857,Prod00202,4.0,15
Oi0015761,Ord007858,Prod00320,3.0,25
Oi0015762,Ord007858,Prod00115,5.0,0
Oi0015764,Ord007859,Prod00486,2.0,5
Oi0015765,Ord007859,Prod00035,4.0,25
Oi0015766,Ord007860,Prod00551,5.0,0
Oi0015767,Ord007860,Prod00395,4.0,20
Oi0015768,Ord007861,Prod00573,2.0,0
Oi0015769,Ord007862,Prod00176,1.0,20
Oi0015770,Ord007863,Prod00503,2.0,20
Oi0015771,Ord007863,Prod00276,10.0,10
Oi0015772,Ord007864,Prod00115,2.0,0
Oi0015773,Ord007864,Prod00568,5.0,25
Oi0015774,Ord007865,Prod00547,1.0,15
Oi0015775,Ord007866,Prod00186,1.0,0
Oi0015776,Ord007866,Prod00010,4.0,0
Oi0015777,Ord007866,Prod00541,5.0,0
Oi0015778,Ord007866,Prod00280,2.0,5
Oi0015779,Ord007867,Prod00120,3.0,0
Oi0015781,Ord007868,Prod00497,2.0,25
Oi0015782,Ord007868,Prod00072,1.0,15
Oi0015783,Ord007869,Prod00019,3.0,20
Oi0015784,Ord007870,Prod00044,1.0,0
Oi0015785,Ord007871,Prod00142,10.0,5
Oi0015786,Ord007871,Prod00557,10.0,15
Oi0015787,Ord007871,Prod00140,3.0,0
Oi0015788,Ord007871,Prod00259,3.0,15
Oi0015789,Ord007872,Prod00548,5.0,0
Oi0015790,Ord007873,Prod00434,2.0,25
Oi0015791,Ord007874,Prod00054,2.0,10
Oi0015792,Ord007875,Prod00041,2.0,0
Oi0015793,Ord007876,Prod00454,2.0,15
Oi0015794,Ord007876,Prod00321,1.0,20
Oi0015795,Ord007877,Prod00548,2.0,5
Oi0015796,Ord007877,Prod00523,10.0,15
Oi0015797,Ord007878,Prod00559,1.0,15
Oi0015798,Ord007878,Prod00130,2.0,0
Oi0015799,Ord007878,Prod00558,10.0,25
Oi0015800,Ord007878,Prod00209,2.0,25
Oi0015801,Ord007879,Prod00531,1.0,0
Oi0015802,Ord007879,Prod00441,10.0,10
Oi0015803,Ord007879,Prod00267,1.0,0
Oi0015804,Ord007879,Prod00468,1.0,0
Oi0015805,Ord007880,Prod00262,1.0,10
Oi0015806,Ord007881,Prod00361,1.0,0
Oi0015807,Ord007882,Prod00312,10.0,0
Oi0015808,Ord007882,Prod00448,1.0,15
Oi0015809,Ord007882,Prod00092,1.0,15
Oi0015811,Ord007884,Prod00032,10.0,10
Oi0015812,Ord007884,Prod00112,10.0,20
Oi0015813,Ord007884,Prod00378,2.0,5
Oi0015814,Ord007885,Prod00313,3.0,20
Oi0015815,Ord007885,Prod00135,4.0,0
Oi0015816,Ord007886,Prod00198,2.0,0
Oi0015817,Ord007886,Prod00587,1.0,20
Oi0015818,Ord007887,Prod00485,4.0,0
Oi0015819,Ord007887,Prod00075,4.0,0
Oi0015820,Ord007887,Prod00105,1.0,5
Oi0015821,Ord007887,Prod00366,10.0,5
Oi0015822,Ord007888,Prod00144,2.0,25
Oi0015823,Ord007888,Prod00446,1.0,10
Oi0015824,Ord007888,Prod00034,4.0,25
Oi0015825,Ord007888,Prod00404,1.0,25
Oi0015826,Ord007889,Prod00595,1.0,20
Oi0015827,Ord007889,Prod00297,2.0,0
Oi0015829,Ord007889,Prod00331,5.0,5
Oi0015830,Ord007890,Prod00521,3.0,10
Oi0015831,Ord007890,Prod00316,1.0,0
Oi0015832,Ord007890,Prod00507,1.0,0
Oi0015833,Ord007890,Prod00097,1.0,15
Oi0015835,Ord007892,Prod00430,2.0,0
Oi0015836,Ord007892,Prod00332,2.0,25
Oi0015838,Ord007893,Prod00380,2.0,0
Oi0015839,Ord007894,Prod00402,1.0,20
Oi0015840,Ord007894,Prod00579,3.0,0
Oi0015841,Ord007895,Prod00316,1.0,20
Oi0015843,Ord007896,Prod00338,4.0,0
Oi0015844,Ord007896,Prod00476,1.0,15
Oi0015845,Ord007896,Prod00258,1.0,25
Oi0015846,Ord007897,Prod00108,10.0,0
Oi0015847,Ord007898,Prod00342,2.0,20
Oi0015848,Ord007898,Prod00306,1.0,25
Oi0015849,Ord007898,Prod00183,1.0,0
Oi0015850,Ord007898,Prod00438,10.0,0
Oi0015851,Ord007899,Prod00072,1.0,20
Oi0015853,Ord007900,Prod00537,5.0,20
Oi0015855,Ord007902,Prod00040,2.0,20
Oi0015856,Ord007903,Prod00469,2.0,0
Oi0015857,Ord007903,Prod00159,1.0,5
Oi0015858,Ord007903,Prod00352,5.0,0
Oi0015859,Ord007903,Prod00431,10.0,25
Oi0015860,Ord007904,Prod00176,1.0,20
Oi0015861,Ord007905,Prod00463,5.0,0
Oi0015862,Ord007906,Prod00199,1.0,0
Oi0015863,Ord007906,Prod00353,3.0,10
Oi0015864,Ord007906,Prod00396,3.0,25
Oi0015865,Ord007907,Prod00054,3.0,20
Oi0015866,Ord007908,Prod00015,3.0,15
Oi0015867,Ord007908,Prod00077,4.0,15
Oi0015868,Ord007908,Prod00030,2.0,0
Oi0015869,Ord007908,Prod00291,2.0,0
Oi0015870,Ord007909,Prod00258,10.0,0
Oi0015873,Ord007912,Prod00591,3.0,10
Oi0015874,Ord007913,Prod00114,5.0,25
Oi0015875,Ord007914,Prod00412,3.0,0
Oi0015876,Ord007915,Prod00331,1.0,5
Oi0015877,Ord007915,Prod00156,5.0,15
Oi0015879,Ord007917,Prod00228,1.0,0
Oi0015880,Ord007917,Prod00005,2.0,15
Oi0015881,Ord007918,Prod00003,4.0,15
Oi0015882,Ord007919,Prod00325,2.0,0
Oi0015883,Ord007920,Prod00117,1.0,20
Oi0015885,Ord007920,Prod00467,5.0,10
Oi0015886,Ord007920,Prod00033,4.0,0
Oi0015887,Ord007921,Prod00079,3.0,0
Oi0015888,Ord007922,Prod00258,3.0,10
Oi0015889,Ord007922,Prod00349,2.0,0
Oi0015890,Ord007923,Prod00328,1.0,0
Oi0015891,Ord007923,Prod00167,5.0,0
Oi0015892,Ord007924,Prod00030,4.0,0
Oi0015893,Ord007924,Prod00094,1.0,0
Oi0015894,Ord007925,Prod00088,2.0,0
Oi0015895,Ord007926,Prod00316,2.0,0
Oi0015897,Ord007927,Prod00258,1.0,0
Oi0015898,Ord007927,Prod00375,3.0,20
Oi0015900,Ord007929,Prod00217,5.0,0
Oi0015901,Ord007929,Prod00477,1.0,20
Oi0015902,Ord007929,Prod00386,1.0,0
Oi0015903,Ord007930,Prod00473,1.0,0
Oi0015904,Ord007931,Prod00254,1.0,15
Oi0015905,Ord007931,Prod00534,1.0,10
Oi0015906,Ord007932,Prod00425,10.0,0
Oi0015907,Ord007933,Prod00302,1.0,15
Oi0015908,Ord007933,Prod00171,3.0,10
Oi0015909,Ord007933,Prod00217,5.0,25
Oi0015910,Ord007934,Prod00070,1.0,15
Oi0015911,Ord007934,Prod00143,1.0,20
Oi0015912,Ord007935,Prod00091,1.0,0
Oi0015914,Ord007936,Prod00141,3.0,10
Oi0015915,Ord007936,Prod00451,1.0,10
Oi0015916,Ord007937,Prod00563,1.0,25
Oi0015917,Ord007937,Prod00263,2.0,15
Oi0015918,Ord007938,Prod00463,3.0,25
Oi0015919,Ord007938,Prod00474,2.0,0
Oi0015920,Ord007938,Prod00342,10.0,25
Oi0015921,Ord007939,Prod00152,1.0,0
Oi0015922,Ord007940,Prod00030,4.0,0
Oi0015923,Ord007940,Prod00566,4.0,0
Oi0015925,Ord007941,Prod00133,2.0,5
Oi0015926,Ord007942,Prod00445,1.0,20
Oi0015927,Ord007942,Prod00473,2.0,10
Oi0015928,Ord007943,Prod00332,1.0,0
Oi0015929,Ord007944,Prod00369,2.0,15
Oi0015930,Ord007945,Prod00475,1.0,0
Oi0015931,Ord007946,Prod00378,2.0,10
Oi0015932,Ord007946,Prod00587,3.0,0
Oi0015933,Ord007947,Prod00305,2.0,0
Oi0015934,Ord007947,Prod00401,2.0,0
Oi0015935,Ord007948,Prod00382,1.0,20
Oi0015936,Ord007948,Prod00335,3.0,0
Oi0015937,Ord007948,Prod00571,1.0,5
Oi0015938,Ord007949,Prod00335,10.0,0
Oi0015939,Ord007950,Prod00309,1.0,5
Oi0015940,Ord007950,Prod00396,1.0,15
Oi0015941,Ord007950,Prod00034,10.0,5
Oi0015942,Ord007950,Prod00565,2.0,25
Oi0015943,Ord007951,Prod00541,5.0,10
Oi0015944,Ord007951,Prod00559,3.0,10
Oi0015945,Ord007951,Prod00041,1.0,0
Oi0015946,Ord007951,Prod00282,1.0,15
Oi0015947,Ord007952,Prod00398,5.0,25
Oi0015948,Ord007953,Prod00466,3.0,25
Oi0015949,Ord007953,Prod00335,1.0,0
Oi0015950,Ord007953,Prod00120,4.0,0
Oi0015951,Ord007953,Prod00402,1.0,15
Oi0015952,Ord007954,Prod00571,3.0,10
Oi0015953,Ord007954,Prod00365,1.0,25
Oi0015955,Ord007955,Prod00558,1.0,20
Oi0015956,Ord007955,Prod00264,1.0,0
Oi0015958,Ord007957,Prod00376,2.0,0
Oi0015959,Ord007957,Prod00250,10.0,20
Oi0015961,Ord007959,Prod00195,10.0,20
Oi0015962,Ord007959,Prod00202,4.0,5
Oi0015963,Ord007959,Prod00312,1.0,15
Oi0015964,Ord007960,Prod00519,10.0,0
Oi0015965,Ord007961,Prod00559,1.0,0
Oi0015966,Ord007962,Prod00021,1.0,10
Oi0015967,Ord007963,Prod00345,1.0,10
Oi0015968,Ord007964,Prod00457,2.0,15
Oi0015969,Ord007965,Prod00133,2.0,15
Oi0015970,Ord007966,Prod00353,2.0,10
Oi0015972,Ord007967,Prod00584,5.0,10
Oi0015973,Ord007967,Prod00522,1.0,5
Oi0015974,Ord007967,Prod00551,3.0,0
Oi0015975,Ord007968,Prod00594,1.0,5
Oi0015976,Ord007968,Prod00400,2.0,5
Oi0015978,Ord007969,Prod00266,5.0,10
Oi0015979,Ord007970,Prod00574,10.0,5
Oi0015980,Ord007971,Prod00425,10.0,10
Oi0015981,Ord007971,Prod00524,1.0,20
Oi0015982,Ord007971,Prod00226,1.0,0
Oi0015983,Ord007972,Prod00594,2.0,0
Oi0015985,Ord007973,Prod00577,4.0,10
Oi0015986,Ord007974,Prod00547,5.0,15
Oi0015987,Ord007974,Prod00589,1.0,5
Oi0015988,Ord007975,Prod00543,2.0,10
Oi0015989,Ord007975,Prod00061,1.0,20
Oi0015990,Ord007975,Prod00322,3.0,10
Oi0015991,Ord007976,Prod00585,5.0,0
Oi0015992,Ord007976,Prod00312,3.0,10
Oi0015993,Ord007977,Prod00171,4.0,10
Oi0015994,Ord007977,Prod00273,4.0,0
Oi0015996,Ord007978,Prod00360,1.0,10
Oi0015997,Ord007978,Prod00237,1.0,15
Oi0015998,Ord007978,Prod00311,1.0,0
Oi0015999,Ord007979,Prod00441,5.0,0
Oi0016000,Ord007979,Prod00375,10.0,0
Oi0016001,Ord007980,Prod00324,5.0,25
Oi0016003,Ord007982,Prod00469,4.0,20
Oi0016004,Ord007982,Prod00339,1.0,5
Oi0016005,Ord007982,Prod00567,1.0,0
Oi0016006,Ord007983,Prod00362,2.0,0
Oi0016008,Ord007984,Prod00593,10.0,25
Oi0016009,Ord007984,Prod00110,2.0,0
Oi0016010,Ord007984,Prod00433,5.0,10
Oi0016012,Ord007986,Prod00593,1.0,0
Oi0016013,Ord007987,Prod00238,3.0,25
Oi0016015,Ord007988,Prod00206,2.0,10
Oi0016016,Ord007988,Prod00294,1.0,15
Oi0016017,Ord007989,Prod00191,4.0,5
Oi0016018,Ord007990,Prod00563,1.0,25
Oi0016019,Ord007990,Prod00429,3.0,0
Oi0016020,Ord007990,Prod00388,3.0,5
Oi0016021,Ord007990,Prod00242,1.0,15
Oi0016022,Ord007991,Prod00583,1.0,0
Oi0016023,Ord007991,Prod00384,4.0,25
Oi0016024,Ord007992,Prod00048,2.0,15
Oi0016025,Ord007993,Prod00265,1.0,0
Oi0016026,Ord007994,Prod00315,1.0,0
Oi0016027,Ord007994,Prod00368,4.0,15
Oi0016028,Ord007995,Prod00207,1.0,10
Oi0016029,Ord007995,Prod00278,2.0,10
Oi0016031,Ord007996,Prod00126,3.0,5
Oi0016032,Ord007996,Prod00494,2.0,0
Oi0016033,Ord007997,Prod00600,3.0,0
Oi0016034,Ord007997,Prod00102,1.0,15
Oi0016035,Ord007997,Prod00520,5.0,15
Oi0016036,Ord007997,Prod00160,2.0,0
Oi0016037,Ord007998,Prod00209,1.0,25
Oi0016038,Ord007999,Prod00420,2.0,0
Oi0016039,Ord007999,Prod00080,2.0,0
Oi0016041,Ord007999,Prod00429,1.0,25
Oi0016042,Ord008000,Prod00214,1.0,0
Oi0016043,Ord008001,Prod00593,2.0,5
Oi0016044,Ord008001,Prod00588,2.0,20
Oi0016045,Ord008001,Prod00477,1.0,25
Oi0016046,Ord008001,Prod00094,10.0,10
Oi0016047,Ord008002,Prod00447,1.0,5
Oi0016048,Ord008002,Prod00207,1.0,0
Oi0016049,Ord008002,Prod00442,5.0,0
Oi0016050,Ord008003,Prod00304,2.0,0
Oi0016051,Ord008004,Prod00110,3.0,5
Oi0016052,Ord008005,Prod00510,3.0,0
Oi0016053,Ord008005,Prod00165,1.0,25
Oi0016054,Ord008005,Prod00266,1.0,20
Oi0016055,Ord008005,Prod00558,1.0,15
Oi0016056,Ord008006,Prod00281,5.0,0
Oi0016058,Ord008006,Prod00188,1.0,20
Oi0016059,Ord008006,Prod00600,1.0,0
Oi0016060,Ord008007,Prod00157,2.0,20
Oi0016061,Ord008007,Prod00599,1.0,5
Oi0016062,Ord008008,Prod00069,4.0,25
Oi0016063,Ord008009,Prod00441,10.0,10
Oi0016064,Ord008009,Prod00029,1.0,15
Oi0016065,Ord008009,Prod00248,1.0,25
Oi0016066,Ord008009,Prod00143,2.0,0
Oi0016067,Ord008010,Prod00177,4.0,15
Oi0016068,Ord008010,Prod00554,1.0,15
Oi0016069,Ord008011,Prod00200,5.0,25
Oi0016070,Ord008011,Prod00540,10.0,15
Oi0016071,Ord008011,Prod00101,4.0,5
Oi0016072,Ord008012,Prod00345,1.0,0
Oi0016073,Ord008012,Prod00478,5.0,10
Oi0016075,Ord008012,Prod00039,2.0,0
Oi0016076,Ord008013,Prod00203,4.0,5
Oi0016077,Ord008013,Prod00068,4.0,10
Oi0016078,Ord008014,Prod00020,1.0,10
Oi0016079,Ord008014,Prod00278,2.0,0
Oi0016080,Ord008014,Prod00222,2.0,25
Oi0016081,Ord008015,Prod00561,1.0,20
Oi0016082,Ord008015,Prod00257,3.0,20
Oi0016083,Ord008016,Prod00600,1.0,10
Oi0016084,Ord008017,Prod00005,5.0,25
Oi0016085,Ord008018,Prod00420,1.0,15
Oi0016086,Ord008018,Prod00267,1.0,10
Oi0016087,Ord008018,Prod00510,10.0,5
Oi0016088,Ord008019,Prod00220,1.0,25
Oi0016089,Ord008020,Prod00486,1.0,20
Oi0016090,Ord008020,Prod00452,2.0,0
Oi0016091,Ord008020,Prod00093,1.0,20
Oi0016092,Ord008021,Prod00113,1.0,0
Oi0016093,Ord008021,Prod00541,10.0,0
Oi0016094,Ord008021,Prod00307,1.0,15
Oi0016095,Ord008022,Prod00066,3.0,15
Oi0016096,Ord008023,Prod00296,1.0,0
Oi0016097,Ord008024,Prod00209,5.0,20
Oi0016098,Ord008024,Prod00019,3.0,15
Oi0016099,Ord008024,Prod00185,1.0,0
Oi0016100,Ord008024,Prod00565,2.0,10
Oi0016101,Ord008025,Prod00413,1.0,20
Oi0016102,Ord008026,Prod00210,2.0,15
Oi0016103,Ord008027,Prod00422,2.0,0
Oi0016105,Ord008029,Prod00184,2.0,0
Oi0016106,Ord008029,Prod00426,1.0,20
Oi0016107,Ord008030,Prod00098,10.0,0
Oi0016109,Ord008030,Prod00402,10.0,25
Oi0016110,Ord008031,Prod00555,2.0,0
Oi0016112,Ord008032,Prod00240,5.0,25
Oi0016113,Ord008033,Prod00214,5.0,10
Oi0016114,Ord008033,Prod00164,10.0,0
Oi0016115,Ord008033,Prod00379,2.0,0
Oi0016116,Ord008033,Prod00478,1.0,15
Oi0016117,Ord008034,Prod00308,2.0,10
Oi0016118,Ord008034,Prod00045,5.0,5
Oi0016119,Ord008034,Prod00514,1.0,20
Oi0016120,Ord008035,Prod00219,5.0,20
Oi0016121,Ord008035,Prod00028,1.0,10
Oi0016123,Ord008036,Prod00164,1.0,25
Oi0016124,Ord008037,Prod00283,1.0,25
Oi0016125,Ord008037,Prod00389,3.0,10
Oi0016126,Ord008038,Prod00176,2.0,0
Oi0016127,Ord008038,Prod00547,4.0,0
Oi0016128,Ord008039,Prod00032,1.0,0
Oi0016130,Ord008040,Prod00125,1.0,25
Oi0016131,Ord008040,Prod00280,1.0,5
Oi0016132,Ord008040,Prod00325,1.0,5
Oi0016133,Ord008040,Prod00173,10.0,0
Oi0016134,Ord008041,Prod00247,1.0,0
Oi0016135,Ord008042,Prod00592,1.0,0
Oi0016136,Ord008043,Prod00090,5.0,0
Oi0016137,Ord008043,Prod00332,2.0,25
Oi0016138,Ord008043,Prod00508,2.0,20
Oi0016139,Ord008044,Prod00506,1.0,5
Oi0016140,Ord008045,Prod00576,4.0,5
Oi0016142,Ord008046,Prod00413,2.0,15
Oi0016143,Ord008046,Prod00546,2.0,0
Oi0016144,Ord008047,Prod00531,1.0,25
Oi0016145,Ord008048,Prod00302,2.0,5
Oi0016147,Ord008049,Prod00444,4.0,15
Oi0016149,Ord008050,Prod00598,3.0,25
Oi0016151,Ord008051,Prod00331,3.0,0
Oi0016152,Ord008052,Prod00496,1.0,0
Oi0016153,Ord008053,Prod00001,2.0,20
Oi0016154,Ord008054,Prod00451,2.0,5
Oi0016155,Ord008055,Prod00284,10.0,0
Oi0016156,Ord008056,Prod00048,4.0,25
Oi0016157,Ord008057,Prod00285,1.0,15
Oi0016158,Ord008058,Prod00298,1.0,10
Oi0016159,Ord008058,Prod00563,1.0,15
Oi0016160,Ord008058,Prod00067,3.0,5
Oi0016162,Ord008059,Prod00238,2.0,20
Oi0016163,Ord008060,Prod00040,2.0,0
Oi0016164,Ord008061,Prod00392,5.0,10
Oi0016165,Ord008061,Prod00509,4.0,0
Oi0016166,Ord008062,Prod00584,1.0,10
Oi0016167,Ord008062,Prod00137,2.0,0
Oi0016170,Ord008064,Prod00021,4.0,15
Oi0016171,Ord008065,Prod00244,4.0,5
Oi0016173,Ord008066,Prod00361,1.0,0
Oi0016174,Ord008067,Prod00430,1.0,25
Oi0016176,Ord008068,Prod00277,5.0,25
Oi0016177,Ord008068,Prod00111,2.0,15
Oi0016178,Ord008068,Prod00092,10.0,0
Oi0016179,Ord008069,Prod00243,5.0,15
Oi0016180,Ord008069,Prod00374,2.0,20
Oi0016181,Ord008069,Prod00223,10.0,0
Oi0016182,Ord008069,Prod00090,5.0,15
Oi0016183,Ord008070,Prod00001,2.0,20
Oi0016185,Ord008071,Prod00311,3.0,25
Oi0016186,Ord008072,Prod00091,2.0,0
Oi0016187,Ord008072,Prod00036,2.0,0
Oi0016188,Ord008073,Prod00109,4.0,25
Oi0016189,Ord008074,Prod00007,3.0,0
Oi0016190,Ord008074,Prod00048,1.0,10
Oi0016191,Ord008075,Prod00520,1.0,0
Oi0016193,Ord008076,Prod00553,10.0,0
Oi0016195,Ord008077,Prod00391,10.0,25
Oi0016197,Ord008078,Prod00234,1.0,5
Oi0016198,Ord008078,Prod00246,2.0,10
Oi0016199,Ord008079,Prod00173,1.0,5
Oi0016200,Ord008080,Prod00213,1.0,0
Oi0016201,Ord008081,Prod00403,3.0,5
Oi0016202,Ord008081,Prod00301,2.0,15
Oi0016204,Ord008081,Prod00040,3.0,0
Oi0016207,Ord008084,Prod00531,3.0,15
Oi0016208,Ord008084,Prod00256,1.0,10
Oi0016209,Ord008084,Prod00328,3.0,0
Oi0016210,Ord008085,Prod00489,4.0,20
Oi0016211,Ord008085,Prod00285,4.0,10
Oi0016213,Ord008085,Prod00196,3.0,10
Oi0016215,Ord008087,Prod00517,1.0,10
Oi0016216,Ord008088,Prod00216,1.0,0
Oi0016218,Ord008089,Prod00029,1.0,20
Oi0016222,Ord008093,Prod00239,2.0,5
Oi0016223,Ord008094,Prod00178,1.0,0
Oi0016224,Ord008095,Prod00455,2.0,20
Oi0016226,Ord008095,Prod00223,10.0,0
Oi0016227,Ord008095,Prod00508,5.0,0
Oi0016228,Ord008096,Prod00212,1.0,0
Oi0016229,Ord008096,Prod00348,5.0,10
Oi0016230,Ord008097,Prod00498,1.0,25
Oi0016231,Ord008098,Prod00357,3.0,15
Oi0016232,Ord008099,Prod00460,1.0,5
Oi0016233,Ord008099,Prod00539,2.0,15
Oi0016234,Ord008099,Prod00576,1.0,0
Oi0016235,Ord008099,Prod00522,1.0,0
Oi0016236,Ord008100,Prod00164,10.0,5
Oi0016237,Ord008100,Prod00545,3.0,0
Oi0016238,Ord008101,Prod00122,2.0,20
Oi0016239,Ord008102,Prod00142,1.0,0
Oi0016240,Ord008102,Prod00202,3.0,20
Oi0016242,Ord008102,Prod00301,10.0,15
Oi0016243,Ord008103,Prod00365,3.0,25
Oi0016244,Ord008103,Prod00029,2.0,10
Oi0016246,Ord008104,Prod00482,1.0,0
Oi0016247,Ord008104,Prod00016,4.0,25
Oi0016248,Ord008105,Prod00074,1.0,20
Oi0016249,Ord008105,Prod00484,1.0,10
Oi0016250,Ord008106,Prod00354,2.0,25
Oi0016251,Ord008107,Prod00183,1.0,0
Oi0016252,Ord008107,Prod00413,2.0,5
Oi0016254,Ord008109,Prod00173,5.0,15
Oi0016255,Ord008109,Prod00496,1.0,10
Oi0016256,Ord008110,Prod00592,5.0,25
Oi0016257,Ord008111,Prod00562,4.0,0
Oi0016258,Ord008112,Prod00125,5.0,5
Oi0016259,Ord008112,Prod00046,1.0,25
Oi0016260,Ord008112,Prod00302,10.0,0
Oi0016261,Ord008112,Prod00122,5.0,25
Oi0016263,Ord008113,Prod00036,1.0,10
Oi0016265,Ord008115,Prod00050,1.0,0
Oi0016266,Ord008116,Prod00242,1.0,0
Oi0016268,Ord008117,Prod00096,5.0,0
Oi0016269,Ord008117,Prod00551,1.0,0
Oi0016270,Ord008117,Prod00119,3.0,0
Oi0016271,Ord008118,Prod00306,2.0,10
Oi0016273,Ord008120,Prod00454,1.0,20
Oi0016274,Ord008121,Prod00313,1.0,5
Oi0016275,Ord008122,Prod00509,1.0,5
Oi0016278,Ord008123,Prod00291,10.0,5
Oi0016279,Ord008124,Prod00178,1.0,25
Oi0016280,Ord008125,Prod00016,4.0,10
Oi0016281,Ord008126,Prod00553,1.0,5
Oi0016282,Ord008126,Prod00088,1.0,15
Oi0016283,Ord008126,Prod00421,2.0,0
Oi0016284,Ord008126,Prod00562,2.0,15
Oi0016285,Ord008127,Prod00046,2.0,0
Oi0016286,Ord008127,Prod00132,2.0,10
Oi0016287,Ord008128,Prod00312,10.0,0
Oi0016288,Ord008128,Prod00469,2.0,0
Oi0016289,Ord008128,Prod00026,1.0,15
Oi0016290,Ord008129,Prod00012,5.0,0
Oi0016291,Ord008129,Prod00303,1.0,15
Oi0016292,Ord008130,Prod00255,2.0,25
Oi0016293,Ord008131,Prod00182,10.0,15
Oi0016294,Ord008131,Prod00090,1.0,10
Oi0016295,Ord008131,Prod00571,1.0,0
Oi0016297,Ord008132,Prod00232,1.0,10
Oi0016298,Ord008132,Prod00181,4.0,0
Oi0016299,Ord008133,Prod00463,1.0,15
Oi0016300,Ord008133,Prod00378,10.0,10
Oi0016302,Ord008134,Prod00206,4.0,25
Oi0016303,Ord008134,Prod00314,1.0,5
Oi0016305,Ord008134,Prod00028,2.0,0
Oi0016306,Ord008135,Prod00307,1.0,5
Oi0016307,Ord008136,Prod00526,2.0,10
Oi0016308,Ord008136,Prod00455,1.0,0
Oi0016310,Ord008138,Prod00334,2.0,20
Oi0016311,Ord008138,Prod00044,2.0,20
Oi0016312,Ord008138,Prod00139,10.0,20
Oi0016313,Ord008139,Prod00461,2.0,10
Oi0016314,Ord008140,Prod00030,4.0,15
Oi0016315,Ord008140,Prod00480,3.0,15
Oi0016316,Ord008141,Prod00263,4.0,5
Oi0016317,Ord008141,Prod00399,10.0,25
Oi0016318,Ord008141,Prod00495,1.0,25
Oi0016319,Ord008141,Prod00402,3.0,25
Oi0016320,Ord008142,Prod00278,5.0,0
Oi0016321,Ord008143,Prod00498,5.0,0
Oi0016322,Ord008143,Prod00058,1.0,0
Oi0016323,Ord008144,Prod00181,1.0,5
Oi0016324,Ord008145,Prod00077,1.0,0
Oi0016325,Ord008146,Prod00175,4.0,5
Oi0016326,Ord008146,Prod00293,10.0,15
Oi0016327,Ord008146,Prod00192,4.0,15
Oi0016328,Ord008146,Prod00116,1.0,15
Oi0016329,Ord008147,Prod00440,5.0,20
Oi0016330,Ord008147,Prod00442,1.0,5
Oi0016331,Ord008147,Prod00571,5.0,5
Oi0016333,Ord008148,Prod00228,5.0,15
Oi0016334,Ord008148,Prod00487,10.0,10
Oi0016335,Ord008148,Prod00047,2.0,25
Oi0016336,Ord008148,Prod00132,5.0,15
Oi0016337,Ord008149,Prod00141,3.0,5
Oi0016338,Ord008150,Prod00445,1.0,0
Oi0016342,Ord008151,Prod00579,5.0,0
Oi0016343,Ord008151,Prod00291,4.0,10
Oi0016344,Ord008151,Prod00170,4.0,0
Oi0016346,Ord008152,Prod00162,1.0,10
Oi0016347,Ord008153,Prod00199,3.0,0
Oi0016348,Ord008153,Prod00045,1.0,0
Oi0016349,Ord008153,Prod00590,1.0,0
Oi0016350,Ord008154,Prod00149,2.0,5
Oi0016351,Ord008155,Prod00231,1.0,20
Oi0016352,Ord008155,Prod00571,1.0,15
Oi0016353,Ord008156,Prod00376,1.0,5
Oi0016354,Ord008156,Prod00552,2.0,20
Oi0016355,Ord008156,Prod00227,4.0,0
Oi0016356,Ord008156,Prod00168,2.0,15
Oi0016357,Ord008157,Prod00500,4.0,0
Oi0016358,Ord008157,Prod00178,1.0,25
Oi0016360,Ord008159,Prod00213,4.0,0
Oi0016361,Ord008160,Prod00474,4.0,25
Oi0016362,Ord008160,Prod00504,1.0,0
Oi0016363,Ord008160,Prod00540,1.0,15
Oi0016364,Ord008160,Prod00114,5.0,0
Oi0016365,Ord008161,Prod00067,1.0,10
Oi0016366,Ord008161,Prod00428,2.0,15
Oi0016367,Ord008161,Prod00598,10.0,5
Oi0016368,Ord008162,Prod00599,1.0,10
Oi0016369,Ord008162,Prod00540,1.0,0
Oi0016370,Ord008162,Prod00304,1.0,20
Oi0016371,Ord008162,Prod00539,4.0,15
Oi0016372,Ord008163,Prod00233,1.0,20
Oi0016373,Ord008164,Prod00303,1.0,20
Oi0016375,Ord008166,Prod00095,10.0,15
Oi0016376,Ord008166,Prod00166,1.0,25
Oi0016378,Ord008168,Prod00248,2.0,15
Oi0016379,Ord008169,Prod00473,1.0,20
Oi0016380,Ord008169,Prod00559,2.0,0
Oi0016381,Ord008170,Prod00282,4.0,15
Oi0016383,Ord008172,Prod00270,1.0,15
Oi0016384,Ord008172,Prod00036,2.0,15
Oi0016386,Ord008173,Prod00046,5.0,5
Oi0016387,Ord008173,Prod00384,1.0,15
Oi0016388,Ord008173,Prod00442,4.0,20
Oi0016389,Ord008174,Prod00332,2.0,0
Oi0016390,Ord008174,Prod00237,1.0,20
Oi0016392,Ord008175,Prod00565,5.0,0
Oi0016393,Ord008175,Prod00284,1.0,0
Oi0016394,Ord008176,Prod00032,1.0,5
Oi0016395,Ord008177,Prod00509,5.0,25
Oi0016396,Ord008178,Prod00509,1.0,15
Oi0016397,Ord008178,Prod00252,3.0,10
Oi0016398,Ord008178,Prod00039,3.0,0
Oi0016399,Ord008179,Prod00462,4.0,20
Oi0016400,Ord008179,Prod00107,1.0,0
Oi0016401,Ord008179,Prod00285,1.0,20
Oi0016402,Ord008180,Prod00118,4.0,20
Oi0016403,Ord008181,Prod00434,1.0,0
Oi0016404,Ord008182,Prod00387,2.0,5
Oi0016405,Ord008182,Prod00328,3.0,5
Oi0016408,Ord008183,Prod00162,5.0,10
Oi0016409,Ord008184,Prod00128,1.0,5
Oi0016411,Ord008185,Prod00424,10.0,10
Oi0016413,Ord008186,Prod00387,4.0,0
Oi0016415,Ord008187,Prod00416,4.0,0
Oi0016416,Ord008187,Prod00099,1.0,15
Oi0016417,Ord008187,Prod00241,1.0,0
Oi0016418,Ord008188,Prod00277,1.0,5
Oi0016419,Ord008189,Prod00582,1.0,0
Oi0016420,Ord008190,Prod00171,10.0,20
Oi0016421,Ord008190,Prod00280,2.0,0
Oi0016422,Ord008191,Prod00457,1.0,5
Oi0016424,Ord008192,Prod00271,2.0,0
Oi0016425,Ord008193,Prod00445,5.0,20
Oi0016426,Ord008194,Prod00005,5.0,5
Oi0016427,Ord008194,Prod00046,4.0,0
Oi0016428,Ord008195,Prod00162,3.0,25
Oi0016429,Ord008196,Prod00340,2.0,5
Oi0016431,Ord008197,Prod00275,10.0,20
Oi0016435,Ord008199,Prod00581,5.0,10
Oi0016436,Ord008199,Prod00332,2.0,5
Oi0016437,Ord008200,Prod00572,10.0,15
Oi0016438,Ord008200,Prod00306,1.0,20
Oi0016439,Ord008200,Prod00190,3.0,5
Oi0016440,Ord008201,Prod00435,4.0,20
Oi0016441,Ord008201,Prod00597,1.0,15
Oi0016443,Ord008202,Prod00026,1.0,0
Oi0016444,Ord008202,Prod00112,4.0,10
Oi0016445,Ord008202,Prod00464,3.0,10
Oi0016446,Ord008203,Prod00225,2.0,15
Oi0016447,Ord008204,Prod00351,1.0,0
Oi0016448,Ord008204,Prod00051,2.0,20
Oi0016450,Ord008205,Prod00331,1.0,10
Oi0016451,Ord008205,Prod00536,2.0,5
Oi0016452,Ord008206,Prod00162,2.0,0
Oi0016453,Ord008207,Prod00549,4.0,0
Oi0016455,Ord008208,Prod00370,1.0,25
Oi0016457,Ord008210,Prod00426,4.0,10
Oi0016458,Ord008211,Prod00499,2.0,0
Oi0016461,Ord008212,Prod00219,3.0,20
Oi0016462,Ord008213,Prod00140,2.0,0
Oi0016463,Ord008214,Prod00272,1.0,0
Oi0016464,Ord008215,Prod00409,10.0,15
Oi0016465,Ord008216,Prod00176,1.0,0
Oi0016466,Ord008217,Prod00288,2.0,0
Oi0016467,Ord008218,Prod00423,1.0,0
Oi0016468,Ord008219,Prod00122,4.0,0
Oi0016469,Ord008220,Prod00452,2.0,15
Oi0016470,Ord008220,Prod00060,3.0,0
Oi0016472,Ord008222,Prod00208,2.0,0
Oi0016473,Ord008223,Prod00127,1.0,0
Oi0016475,Ord008223,Prod00166,4.0,25
Oi0016476,Ord008223,Prod00312,3.0,15
Oi0016477,Ord008224,Prod00391,3.0,25
Oi0016478,Ord008224,Prod00045,1.0,0
Oi0016479,Ord008224,Prod00293,1.0,10
Oi0016480,Ord008224,Prod00055,10.0,20
Oi0016481,Ord008225,Prod00498,1.0,25
Oi0016483,Ord008227,Prod00321,1.0,20
Oi0016484,Ord008227,Prod00310,10.0,0
Oi0016485,Ord008227,Prod00578,2.0,25
Oi0016486,Ord008227,Prod00235,2.0,0
Oi0016487,Ord008228,Prod00001,2.0,25
Oi0016488,Ord008228,Prod00090,10.0,0
Oi0016489,Ord008228,Prod00390,4.0,10
Oi0016490,Ord008229,Prod00233,1.0,0
Oi0016491,Ord008229,Prod00298,1.0,10
Oi0016492,Ord008229,Prod00256,3.0,10
Oi0016493,Ord008229,Prod00062,5.0,0
Oi0016494,Ord008230,Prod00399,3.0,0
Oi0016495,Ord008230,Prod00338,1.0,0
Oi0016496,Ord008231,Prod00126,10.0,25
Oi0016497,Ord008231,Prod00331,2.0,0
Oi0016498,Ord008232,Prod00444,2.0,5
Oi0016499,Ord008232,Prod00261,1.0,25
Oi0016500,Ord008232,Prod00328,1.0,15
Oi0016501,Ord008232,Prod00305,2.0,20
Oi0016502,Ord008233,Prod00214,2.0,5
Oi0016503,Ord008233,Prod00285,2.0,25
Oi0016507,Ord008236,Prod00294,4.0,5
Oi0016508,Ord008236,Prod00205,2.0,15
Oi0016509,Ord008237,Prod00158,4.0,0
Oi0016510,Ord008238,Prod00372,2.0,20
Oi0016511,Ord008238,Prod00011,2.0,0
Oi0016513,Ord008238,Prod00153,3.0,0
Oi0016514,Ord008239,Prod00014,10.0,15
Oi0016515,Ord008239,Prod00482,3.0,25
Oi0016516,Ord008239,Prod00098,1.0,5
Oi0016517,Ord008240,Prod00493,2.0,0
Oi0016518,Ord008241,Prod00032,2.0,15
Oi0016519,Ord008241,Prod00199,1.0,0
Oi0016520,Ord008241,Prod00153,1.0,5
Oi0016521,Ord008241,Prod00045,2.0,5
Oi0016522,Ord008242,Prod00009,3.0,0
Oi0016523,Ord008242,Prod00187,1.0,10
Oi0016524,Ord008243,Prod00493,4.0,0
Oi0016526,Ord008243,Prod00480,4.0,10
Oi0016528,Ord008244,Prod00520,4.0,25
Oi0016529,Ord008244,Prod00546,10.0,20
Oi0016530,Ord008244,Prod00421,1.0,0
Oi0016532,Ord008245,Prod00005,5.0,0
Oi0016533,Ord008245,Prod00353,1.0,20
Oi0016534,Ord008245,Prod00194,1.0,15
Oi0016535,Ord008245,Prod00507,1.0,0
Oi0016536,Ord008246,Prod00345,2.0,0
Oi0016537,Ord008247,Prod00532,2.0,0
Oi0016538,Ord008247,Prod00552,4.0,20
Oi0016539,Ord008248,Prod00061,10.0,0
Oi0016540,Ord008248,Prod00048,3.0,20
Oi0016541,Ord008248,Prod00175,10.0,5
Oi0016542,Ord008249,Prod00357,1.0,0
Oi0016543,Ord008249,Prod00571,2.0,0
Oi0016544,Ord008249,Prod00126,1.0,0
Oi0016545,Ord008250,Prod00011,3.0,0
Oi0016546,Ord008250,Prod00105,1.0,0
Oi0016547,Ord008251,Prod00179,4.0,25
Oi0016548,Ord008251,Prod00010,1.0,0
Oi0016550,Ord008252,Prod00552,1.0,0
Oi0016551,Ord008252,Prod00491,3.0,0
Oi0016553,Ord008254,Prod00432,1.0,0
Oi0016554,Ord008254,Prod00298,2.0,0
Oi0016555,Ord008255,Prod00318,1.0,0
Oi0016556,Ord008256,Prod00471,1.0,5
Oi0016557,Ord008257,Prod00132,1.0,10
Oi0016558,Ord008257,Prod00103,4.0,15
Oi0016559,Ord008258,Prod00170,2.0,25
Oi0016560,Ord008258,Prod00354,2.0,5
Oi0016561,Ord008259,Prod00382,2.0,0
Oi0016562,Ord008259,Prod00038,4.0,15
Oi0016563,Ord008259,Prod00309,4.0,15
Oi0016565,Ord008260,Prod00421,2.0,25
Oi0016568,Ord008261,Prod00317,2.0,0
Oi0016569,Ord008261,Prod00594,1.0,20
Oi0016570,Ord008262,Prod00165,1.0,5
Oi0016571,Ord008263,Prod00597,3.0,20
Oi0016572,Ord008264,Prod00238,10.0,5
Oi0016574,Ord008265,Prod00481,2.0,25
Oi0016575,Ord008265,Prod00180,4.0,0
Oi0016576,Ord008265,Prod00442,2.0,10
Oi0016578,Ord008266,Prod00009,2.0,0
Oi0016579,Ord008266,Prod00224,1.0,20
Oi0016580,Ord008266,Prod00274,5.0,0
Oi0016581,Ord008267,Prod00114,2.0,20
Oi0016582,Ord008267,Prod00163,2.0,5
Oi0016583,Ord008267,Prod00513,4.0,10
Oi0016584,Ord008268,Prod00186,3.0,25
Oi0016587,Ord008270,Prod00558,1.0,20
Oi0016588,Ord008270,Prod00023,2.0,10
Oi0016589,Ord008271,Prod00232,2.0,10
Oi0016590,Ord008272,Prod00380,1.0,20
Oi0016591,Ord008272,Prod00103,2.0,0
Oi0016592,Ord008272,Prod00433,4.0,10
Oi0016593,Ord008272,Prod00564,10.0,10
Oi0016594,Ord008273,Prod00568,5.0,20
Oi0016595,Ord008273,Prod00007,2.0,0
Oi0016597,Ord008274,Prod00516,2.0,0
Oi0016598,Ord008275,Prod00037,3.0,20
Oi0016599,Ord008275,Prod00517,2.0,5
Oi0016600,Ord008276,Prod00018,2.0,0
Oi0016602,Ord008277,Prod00228,4.0,0
Oi0016603,Ord008277,Prod00359,2.0,0
Oi0016604,Ord008278,Prod00288,3.0,15
Oi0016605,Ord008278,Prod00208,2.0,5
Oi0016607,Ord008280,Prod00051,3.0,0
Oi0016608,Ord008280,Prod00039,1.0,10
Oi0016609,Ord008280,Prod00544,10.0,15
Oi0016610,Ord008280,Prod00559,2.0,0
Oi0016611,Ord008281,Prod00492,3.0,5
Oi0016613,Ord008282,Prod00439,5.0,0
Oi0016614,Ord008282,Prod00590,1.0,5
Oi0016615,Ord008283,Prod00257,2.0,0
Oi0016616,Ord008283,Prod00239,2.0,25
Oi0016618,Ord008284,Prod00584,4.0,20
Oi0016619,Ord008285,Prod00271,4.0,25
Oi0016620,Ord008285,Prod00019,2.0,25
Oi0016621,Ord008286,Prod00508,10.0,20
Oi0016622,Ord008286,Prod00445,3.0,15
Oi0016624,Ord008287,Prod00402,2.0,0
Oi0016625,Ord008288,Prod00091,2.0,10
Oi0016626,Ord008289,Prod00014,2.0,20
Oi0016627,Ord008289,Prod00269,2.0,0
Oi0016628,Ord008289,Prod00232,4.0,10
Oi0016629,Ord008290,Prod00104,1.0,0
Oi0016630,Ord008291,Prod00214,1.0,5
Oi0016631,Ord008292,Prod00165,1.0,15
Oi0016632,Ord008292,Prod00055,4.0,0
Oi0016633,Ord008292,Prod00014,1.0,25
Oi0016634,Ord008292,Prod00116,2.0,0
Oi0016635,Ord008293,Prod00260,3.0,0
Oi0016636,Ord008293,Prod00499,3.0,25
Oi0016637,Ord008293,Prod00541,2.0,20
Oi0016638,Ord008293,Prod00439,5.0,25
Oi0016639,Ord008294,Prod00505,1.0,15
Oi0016640,Ord008294,Prod00332,1.0,0
Oi0016641,Ord008294,Prod00399,5.0,15
Oi0016642,Ord008294,Prod00018,5.0,0
Oi0016643,Ord008295,Prod00138,5.0,0
Oi0016645,Ord008295,Prod00250,2.0,0
Oi0016646,Ord008295,Prod00224,2.0,10
Oi0016647,Ord008296,Prod00277,3.0,0
Oi0016648,Ord008296,Prod00051,1.0,5
Oi0016649,Ord008297,Prod00501,2.0,0
Oi0016651,Ord008298,Prod00597,2.0,0
Oi0016653,Ord008299,Prod00244,1.0,5
Oi0016654,Ord008299,Prod00132,10.0,20
Oi0016655,Ord008299,Prod00554,5.0,20
Oi0016656,Ord008300,Prod00553,1.0,15
Oi0016658,Ord008302,Prod00269,2.0,20
Oi0016659,Ord008303,Prod00155,2.0,5
Oi0016660,Ord008304,Prod00271,3.0,10
Oi0016661,Ord008304,Prod00140,2.0,0
Oi0016662,Ord008305,Prod00325,1.0,5
Oi0016663,Ord008305,Prod00579,4.0,5
Oi0016664,Ord008306,Prod00595,3.0,0
Oi0016665,Ord008306,Prod00469,10.0,0
Oi0016666,Ord008307,Prod00222,5.0,0
Oi0016667,Ord008307,Prod00196,10.0,15
Oi0016668,Ord008308,Prod00559,1.0,20
Oi0016669,Ord008308,Prod00343,2.0,0
Oi0016670,Ord008309,Prod00436,1.0,10
Oi0016671,Ord008309,Prod00491,1.0,20
Oi0016672,Ord008310,Prod00442,2.0,20
Oi0016673,Ord008311,Prod00129,5.0,0
Oi0016674,Ord008311,Prod00112,5.0,0
Oi0016675,Ord008311,Prod00092,3.0,0
Oi0016676,Ord008311,Prod00272,10.0,0
Oi0016677,Ord008312,Prod00346,10.0,10
Oi0016678,Ord008312,Prod00435,3.0,20
Oi0016679,Ord008313,Prod00353,2.0,0
Oi0016681,Ord008315,Prod00186,1.0,0
Oi0016682,Ord008315,Prod00183,1.0,10
Oi0016683,Ord008315,Prod00043,1.0,0
Oi0016684,Ord008315,Prod00174,3.0,20
Oi0016685,Ord008316,Prod00511,1.0,0
Oi0016686,Ord008316,Prod00335,10.0,10
Oi0016688,Ord008317,Prod00558,2.0,0
Oi0016689,Ord008318,Prod00160,2.0,0
Oi0016690,Ord008318,Prod00397,1.0,25
Oi0016691,Ord008319,Prod00255,2.0,10
Oi0016692,Ord008320,Prod00347,4.0,5
Oi0016695,Ord008321,Prod00086,1.0,25
Oi0016696,Ord008321,Prod00039,10.0,15
Oi0016697,Ord008322,Prod00063,1.0,15
Oi0016698,Ord008322,Prod00280,3.0,0
Oi0016699,Ord008322,Prod00172,10.0,25
Oi0016700,Ord008323,Prod00556,10.0,20
Oi0016702,Ord008324,Prod00447,1.0,10
Oi0016703,Ord008325,Prod00478,1.0,5
Oi0016704,Ord008325,Prod00102,2.0,5
Oi0016706,Ord008326,Prod00075,10.0,5
Oi0016707,Ord008326,Prod00108,3.0,10
Oi0016709,Ord008328,Prod00576,1.0,0
Oi0016710,Ord008328,Prod00387,500.0,25
Oi0016711,Ord008329,Prod00441,3.0,0
Oi0016712,Ord008330,Prod00274,1.0,5
Oi0016713,Ord008331,Prod00511,1.0,20
Oi0016715,Ord008331,Prod00178,10.0,10
Oi0016716,Ord008332,Prod00086,10.0,5
Oi0016717,Ord008333,Prod00031,5.0,15
Oi0016718,Ord008334,Prod00083,4.0,10
Oi0016719,Ord008335,Prod00401,1.0,0
Oi0016720,Ord008336,Prod00371,1.0,0
Oi0016722,Ord008336,Prod00318,2.0,0
Oi0016723,Ord008337,Prod00435,2.0,0
Oi0016724,Ord008337,Prod00114,3.0,10
Oi0016725,Ord008337,Prod00008,3.0,25
Oi0016726,Ord008337,Prod00242,4.0,20
Oi0016727,Ord008338,Prod00389,4.0,10
Oi0016728,Ord008338,Prod00353,1.0,0
Oi0016729,Ord008338,Prod00218,1.0,10
Oi0016730,Ord008338,Prod00058,5.0,0
Oi0016731,Ord008339,Prod00335,4.0,0
Oi0016732,Ord008340,Prod00539,10.0,15
Oi0016733,Ord008341,Prod00401,2.0,0
Oi0016734,Ord008342,Prod00206,1.0,0
Oi0016736,Ord008343,Prod00145,1.0,15
Oi0016737,Ord008343,Prod00190,10.0,0
Oi0016738,Ord008344,Prod00276,3.0,0
Oi0016739,Ord008345,Prod00212,3.0,10
Oi0016740,Ord008346,Prod00467,1.0,5
Oi0016741,Ord008346,Prod00540,2.0,25
Oi0016742,Ord008347,Prod00494,1.0,25
Oi0016744,Ord008347,Prod00533,10.0,0
Oi0016745,Ord008348,Prod00413,2.0,5
Oi0016746,Ord008349,Prod00202,10.0,5
Oi0016747,Ord008350,Prod00391,3.0,15
Oi0016748,Ord008351,Prod00172,4.0,15
Oi0016749,Ord008351,Prod00241,1.0,0
Oi0016750,Ord008352,Prod00396,2.0,0
Oi0016751,Ord008352,Prod00426,10.0,10
Oi0016752,Ord008353,Prod00574,10.0,10
Oi0016753,Ord008353,Prod00035,10.0,0
Oi0016754,Ord008353,Prod00147,10.0,25
Oi0016755,Ord008354,Prod00302,10.0,10
Oi0016756,Ord008354,Prod00132,1.0,0
Oi0016757,Ord008354,Prod00248,1.0,10
Oi0016759,Ord008355,Prod00243,2.0,5
Oi0016760,Ord008355,Prod00444,2.0,5
Oi0016761,Ord008356,Prod00396,3.0,0
Oi0016762,Ord008356,Prod00516,1.0,5
Oi0016763,Ord008357,Prod00076,1.0,15
Oi0016764,Ord008358,Prod00224,2.0,15
Oi0016766,Ord008359,Prod00127,3.0,0
Oi0016767,Ord008360,Prod00476,1.0,5
Oi0016768,Ord008360,Prod00068,4.0,5
Oi0016769,Ord008360,Prod00381,1.0,0
Oi0016770,Ord008360,Prod00283,1.0,0
Oi0016771,Ord008361,Prod00585,1.0,10
Oi0016772,Ord008362,Prod00543,10.0,20
Oi0016773,Ord008363,Prod00450,2.0,10
Oi0016775,Ord008364,Prod00304,5.0,10
Oi0016776,Ord008365,Prod00294,1.0,0
Oi0016777,Ord008365,Prod00045,5.0,5
Oi0016778,Ord008365,Prod00320,10.0,0
Oi0016780,Ord008366,Prod00466,1.0,5
Oi0016781,Ord008367,Prod00571,1.0,15
Oi0016782,Ord008367,Prod00093,1.0,15
Oi0016783,Ord008367,Prod00295,10.0,5
Oi0016784,Ord008368,Prod00172,5.0,15
Oi0016785,Ord008369,Prod00201,2.0,0
Oi0016786,Ord008369,Prod00236,2.0,20
Oi0016787,Ord008369,Prod00396,4.0,10
Oi0016791,Ord008370,Prod00362,2.0,5
Oi0016792,Ord008371,Prod00078,1.0,5
Oi0016793,Ord008371,Prod00271,2.0,10
Oi0016794,Ord008372,Prod00588,10.0,20
Oi0016795,Ord008373,Prod00245,10.0,0
Oi0016796,Ord008374,Prod00071,1.0,20
Oi0016798,Ord008375,Prod00278,2.0,0
Oi0016799,Ord008376,Prod00330,1.0,0
Oi0016800,Ord008377,Prod00102,4.0,25
Oi0016801,Ord008377,Prod00446,3.0,5
Oi0016803,Ord008377,Prod00211,3.0,0
Oi0016804,Ord008378,Prod00513,10.0,0
Oi0016805,Ord008379,Prod00526,1.0,20
Oi0016806,Ord008380,Prod00016,2.0,25
Oi0016808,Ord008382,Prod00030,1.0,5
Oi0016809,Ord008383,Prod00247,2.0,0
Oi0016811,Ord008384,Prod00439,3.0,15
Oi0016812,Ord008385,Prod00162,1.0,5
Oi0016813,Ord008386,Prod00397,1.0,5
Oi0016814,Ord008386,Prod00282,1.0,25
Oi0016816,Ord008386,Prod00409,5.0,25
Oi0016817,Ord008387,Prod00219,3.0,15
Oi0016818,Ord008387,Prod00147,3.0,10
Oi0016819,Ord008387,Prod00230,4.0,25
Oi0016820,Ord008387,Prod00219,2.0,0
Oi0016821,Ord008388,Prod00593,3.0,25
Oi0016822,Ord008388,Prod00309,2.0,0
Oi0016824,Ord008389,Prod00463,1.0,15
Oi0016825,Ord008390,Prod00519,3.0,0
Oi0016826,Ord008390,Prod00479,1.0,25
Oi0016827,Ord008390,Prod00555,1.0,20
Oi0016828,Ord008391,Prod00367,1.0,0
Oi0016829,Ord008392,Prod00110,2.0,20
Oi0016830,Ord008393,Prod00077,3.0,5
Oi0016831,Ord008394,Prod00369,2.0,0
Oi0016833,Ord008394,Prod00109,3.0,10
Oi0016834,Ord008394,Prod00445,1.0,0
Oi0016836,Ord008395,Prod00056,2.0,5
Oi0016837,Ord008395,Prod00485,1.0,20
Oi0016838,Ord008395,Prod00462,3.0,0
Oi0016839,Ord008396,Prod00456,3.0,0
Oi0016840,Ord008397,Prod00388,4.0,0
Oi0016841,Ord008397,Prod00482,10.0,0
Oi0016842,Ord008397,Prod00142,2.0,10
Oi0016843,Ord008397,Prod00495,4.0,5
Oi0016844,Ord008398,Prod00581,1.0,0
Oi0016845,Ord008398,Prod00541,3.0,15
Oi0016846,Ord008399,Prod00267,2.0,5
Oi0016847,Ord008400,Prod00387,1.0,0
Oi0016848,Ord008400,Prod00525,2.0,15
Oi0016849,Ord008400,Prod00389,1.0,10
Oi0016850,Ord008401,Prod00005,1.0,10
Oi0016851,Ord008402,Prod00360,2.0,10
Oi0016852,Ord008403,Prod00273,10.0,20
Oi0016853,Ord008403,Prod00168,3.0,5
Oi0016854,Ord008403,Prod00308,5.0,0
Oi0016856,Ord008404,Prod00077,1.0,0
Oi0016857,Ord008404,Prod00225,1.0,15
Oi0016858,Ord008405,Prod00494,3.0,10
Oi0016859,Ord008405,Prod00583,3.0,0
Oi0016860,Ord008405,Prod00594,2.0,0
Oi0016861,Ord008405,Prod00385,1.0,10
Oi0016862,Ord008406,Prod00439,2.0,0
Oi0016863,Ord008406,Prod00056,1.0,0
Oi0016864,Ord008407,Prod00327,4.0,0
Oi0016865,Ord008408,Prod00472,2.0,5
Oi0016867,Ord008409,Prod00142,4.0,5
Oi0016868,Ord008409,Prod00342,2.0,0
Oi0016869,Ord008410,Prod00504,5.0,15
Oi0016870,Ord008411,Prod00129,2.0,0
Oi0016871,Ord008412,Prod00301,2.0,25
Oi0016872,Ord008412,Prod00539,3.0,5
Oi0016874,Ord008412,Prod00259,2.0,0
Oi0016875,Ord008413,Prod00262,1.0,0
Oi0016877,Ord008414,Prod00158,10.0,10
Oi0016878,Ord008414,Prod00202,10.0,25
Oi0016879,Ord008414,Prod00276,5.0,15
Oi0016880,Ord008415,Prod00192,5.0,15
Oi0016881,Ord008415,Prod00079,2.0,0
Oi0016882,Ord008415,Prod00232,1.0,0
Oi0016883,Ord008416,Prod00204,10.0,25
Oi0016884,Ord008417,Prod00473,1.0,0
Oi0016885,Ord008417,Prod00034,1.0,0
Oi0016886,Ord008417,Prod00543,4.0,20
Oi0016887,Ord008417,Prod00266,4.0,0
Oi0016888,Ord008418,Prod00269,1.0,0
Oi0016889,Ord008418,Prod00455,1.0,0
Oi0016890,Ord008419,Prod00033,2.0,0
Oi0016891,Ord008420,Prod00484,2.0,5
Oi0016893,Ord008421,Prod00064,2.0,10
Oi0016894,Ord008422,Prod00305,1.0,15
Oi0016895,Ord008423,Prod00441,1.0,0
Oi0016896,Ord008423,Prod00179,5.0,20
Oi0016897,Ord008424,Prod00159,1.0,5
Oi0016898,Ord008425,Prod00046,1.0,10
Oi0016899,Ord008425,Prod00441,3.0,0
Oi0016900,Ord008425,Prod00186,1.0,20
Oi0016901,Ord008425,Prod00079,1.0,25
Oi0016902,Ord008426,Prod00071,1.0,0
Oi0016903,Ord008426,Prod00311,3.0,0
Oi0016904,Ord008427,Prod00574,3.0,0
Oi0016906,Ord008428,Prod00237,2.0,20
Oi0016907,Ord008429,Prod00551,3.0,0
Oi0016908,Ord008429,Prod00412,4.0,0
Oi0016910,Ord008429,Prod00439,2.0,0
Oi0016912,Ord008430,Prod00241,5.0,5
Oi0016913,Ord008431,Prod00536,4.0,25
Oi0016915,Ord008431,Prod00106,3.0,0
Oi0016916,Ord008431,Prod00243,2.0,0
Oi0016917,Ord008432,Prod00476,3.0,10
Oi0016918,Ord008433,Prod00290,2.0,20
Oi0016919,Ord008433,Prod00418,1.0,10
Oi0016921,Ord008435,Prod00116,1.0,25
Oi0016922,Ord008435,Prod00443,1.0,0
Oi0016923,Ord008436,Prod00515,1.0,15
Oi0016925,Ord008437,Prod00309,1.0,0
Oi0016926,Ord008437,Prod00003,4.0,0
Oi0016927,Ord008437,Prod00081,5.0,20
Oi0016928,Ord008438,Prod00403,4.0,5
Oi0016929,Ord008438,Prod00090,2.0,10
Oi0016931,Ord008439,Prod00312,10.0,10
Oi0016932,Ord008439,Prod00069,2.0,20
Oi0016933,Ord008439,Prod00120,2.0,0
Oi0016934,Ord008440,Prod00182,1.0,0
Oi0016935,Ord008440,Prod00320,5.0,10
Oi0016936,Ord008440,Prod00018,3.0,10
Oi0016937,Ord008440,Prod00179,3.0,0
Oi0016938,Ord008441,Prod00589,5.0,5
Oi0016939,Ord008441,Prod00080,4.0,5
Oi0016940,Ord008442,Prod00011,4.0,0
Oi0016941,Ord008443,Prod00532,1.0,20
Oi0016943,Ord008445,Prod00144,5.0,20
Oi0016945,Ord008445,Prod00533,4.0,15
Oi0016946,Ord008446,Prod00549,2.0,15
Oi0016947,Ord008446,Prod00535,1.0,0
Oi0016948,Ord008446,Prod00160,1.0,25
Oi0016949,Ord008446,Prod00459,5.0,0
Oi0016950,Ord008447,Prod00342,5.0,15
Oi0016951,Ord008448,Prod00055,5.0,0
Oi0016952,Ord008448,Prod00514,1.0,25
Oi0016954,Ord008450,Prod00319,4.0,0
Oi0016956,Ord008450,Prod00116,1.0,20
Oi0016958,Ord008451,Prod00141,5.0,15
Oi0016959,Ord008451,Prod00240,1.0,0
Oi0016960,Ord008452,Prod00481,1.0,15
Oi0016961,Ord008452,Prod00541,2.0,5
Oi0016962,Ord008452,Prod00577,3.0,25
Oi0016963,Ord008453,Prod00334,5.0,0
Oi0016964,Ord008453,Prod00241,3.0,10
Oi0016965,Ord008454,Prod00564,2.0,0
Oi0016966,Ord008454,Prod00370,1.0,0
Oi0016967,Ord008454,Prod00006,1.0,0
Oi0016968,Ord008455,Prod00496,2.0,20
Oi0016970,Ord008455,Prod00288,2.0,15
Oi0016971,Ord008456,Prod00296,1.0,25
Oi0016972,Ord008457,Prod00222,2.0,10
Oi0016973,Ord008458,Prod00562,1.0,0
Oi0016975,Ord008459,Prod00272,2.0,0
Oi0016977,Ord008460,Prod00292,3.0,20
Oi0016978,Ord008460,Prod00536,1.0,5
Oi0016979,Ord008460,Prod00427,1.0,15
Oi0016980,Ord008461,Prod00132,2.0,20
Oi0016982,Ord008461,Prod00095,1.0,0
Oi0016983,Ord008461,Prod00053,5.0,5
Oi0016984,Ord008462,Prod00268,3.0,0
Oi0016985,Ord008463,Prod00398,2.0,20
Oi0016986,Ord008463,Prod00345,2.0,25
Oi0016987,Ord008463,Prod00332,2.0,0
Oi0016988,Ord008463,Prod00431,1.0,0
Oi0016990,Ord008465,Prod00290,2.0,0
Oi0016991,Ord008465,Prod00445,5.0,10
Oi0016992,Ord008466,Prod00036,2.0,0
Oi0016993,Ord008467,Prod00003,2.0,5
Oi0016994,Ord008467,Prod00033,1.0,25
Oi0016995,Ord008467,Prod00304,2.0,10
Oi0016996,Ord008468,Prod00450,1.0,5
Oi0016998,Ord008469,Prod00433,1.0,20
Oi0016999,Ord008469,Prod00061,10.0,0
Oi0017000,Ord008470,Prod00240,2.0,10
Oi0017001,Ord008471,Prod00269,3.0,0
Oi0017003,Ord008472,Prod00196,4.0,0
Oi0017004,Ord008472,Prod00079,5.0,25
Oi0017005,Ord008473,Prod00360,10.0,15
Oi0017006,Ord008474,Prod00546,10.0,5
Oi0017007,Ord008474,Prod00328,2.0,5
Oi0017008,Ord008475,Prod00080,2.0,10
Oi0017009,Ord008476,Prod00273,1.0,15
Oi0017010,Ord008476,Prod00491,2.0,0
Oi0017012,Ord008478,Prod00050,2.0,15
Oi0017013,Ord008478,Prod00351,5.0,15
Oi0017015,Ord008480,Prod00410,1.0,10
Oi0017016,Ord008480,Prod00169,1.0,15
Oi0017018,Ord008481,Prod00570,3.0,0
Oi0017019,Ord008481,Prod00549,1.0,5
Oi0017020,Ord008481,Prod00240,2.0,20
Oi0017021,Ord008482,Prod00188,1.0,0
Oi0017022,Ord008483,Prod00509,4.0,25
Oi0017023,Ord008483,Prod00432,3.0,5
Oi0017024,Ord008483,Prod00296,5.0,0
Oi0017025,Ord008484,Prod00457,2.0,10
Oi0017026,Ord008485,Prod00363,5.0,0
Oi0017027,Ord008486,Prod00308,5.0,5
Oi0017028,Ord008486,Prod00294,3.0,10
Oi0017029,Ord008486,Prod00161,1.0,0
Oi0017030,Ord008487,Prod00461,1.0,5
Oi0017031,Ord008487,Prod00151,5.0,0
Oi0017032,Ord008488,Prod00073,1.0,0
Oi0017034,Ord008488,Prod00268,2.0,0
Oi0017035,Ord008489,Prod00113,4.0,10
Oi0017036,Ord008490,Prod00577,2.0,10
Oi0017037,Ord008490,Prod00542,5.0,15
Oi0017038,Ord008491,Prod00543,2.0,5
Oi0017039,Ord008492,Prod00345,4.0,10
Oi0017040,Ord008492,Prod00585,1.0,0
Oi0017041,Ord008493,Prod00431,1.0,20
Oi0017042,Ord008493,Prod00447,5.0,0
Oi0017043,Ord008494,Prod00039,10.0,0
Oi0017044,Ord008494,Prod00462,1.0,0
Oi0017045,Ord008494,Prod00209,2.0,0
Oi0017046,Ord008494,Prod00552,3.0,25
Oi0017047,Ord008495,Prod00387,2.0,10
Oi0017048,Ord008496,Prod00528,1.0,0
Oi0017049,Ord008496,Prod00079,5.0,15
Oi0017050,Ord008496,Prod00543,1.0,0
Oi0017051,Ord008496,Prod00236,2.0,20
Oi0017052,Ord008497,Prod00308,1.0,0
Oi0017053,Ord008497,Prod00242,4.0,15
Oi0017054,Ord008497,Prod00112,10.0,0
Oi0017055,Ord008497,Prod00521,1.0,5
Oi0017056,Ord008498,Prod00388,2.0,20
Oi0017057,Ord008498,Prod00072,5.0,25
Oi0017058,Ord008498,Prod00306,1.0,0
Oi0017060,Ord008499,Prod00357,5.0,0
Oi0017061,Ord008499,Prod00056,4.0,5
Oi0017062,Ord008499,Prod00352,3.0,25
Oi0017063,Ord008500,Prod00535,1.0,0
Oi0017064,Ord008500,Prod00096,2.0,5
Oi0017065,Ord008500,Prod00462,1.0,5
Oi0017066,Ord008500,Prod00093,1.0,20
Oi0017067,Ord008501,Prod00136,2.0,25
Oi0017068,Ord008502,Prod00049,2.0,15
Oi0017069,Ord008502,Prod00063,10.0,0
Oi0017070,Ord008503,Prod00069,1.0,0
Oi0017071,Ord008504,Prod00075,5.0,0
Oi0017072,Ord008504,Prod00347,1.0,10
Oi0017073,Ord008505,Prod00266,1.0,0
Oi0017075,Ord008506,Prod00525,5.0,0
Oi0017076,Ord008506,Prod00244,4.0,0
Oi0017077,Ord008506,Prod00369,1.0,0
Oi0017078,Ord008506,Prod00209,10.0,15
Oi0017079,Ord008507,Prod00357,1.0,0
Oi0017080,Ord008507,Prod00244,1.0,15
Oi0017081,Ord008507,Prod00270,2.0,25
Oi0017082,Ord008508,Prod00295,1.0,15
Oi0017083,Ord008508,Prod00114,1.0,5
Oi0017084,Ord008509,Prod00432,3.0,10
Oi0017085,Ord008510,Prod00177,10.0,0
Oi0017086,Ord008510,Prod00216,1.0,25
Oi0017087,Ord008511,Prod00021,5.0,5
Oi0017088,Ord008511,Prod00023,5.0,0
Oi0017089,Ord008511,Prod00469,1.0,0
Oi0017090,Ord008512,Prod00231,10.0,10
Oi0017091,Ord008513,Prod00081,3.0,20
Oi0017092,Ord008513,Prod00308,4.0,5
Oi0017093,Ord008513,Prod00130,2.0,10
Oi0017094,Ord008513,Prod00252,1.0,0
Oi0017095,Ord008514,Prod00185,2.0,5
Oi0017096,Ord008514,Prod00010,5.0,0
Oi0017097,Ord008514,Prod00008,1.0,5
Oi0017098,Ord008515,Prod00529,1.0,20
Oi0017101,Ord008517,Prod00036,5.0,10
Oi0017102,Ord008518,Prod00210,1.0,5
Oi0017103,Ord008519,Prod00045,5.0,15
Oi0017104,Ord008519,Prod00316,3.0,10
Oi0017105,Ord008519,Prod00281,2.0,20
Oi0017106,Ord008520,Prod00484,3.0,0
Oi0017107,Ord008520,Prod00124,3.0,0
Oi0017108,Ord008520,Prod00042,4.0,20
Oi0017109,Ord008521,Prod00268,5.0,10
Oi0017110,Ord008522,Prod00162,1.0,25
Oi0017111,Ord008522,Prod00236,5.0,20
Oi0017112,Ord008523,Prod00565,2.0,0
Oi0017113,Ord008523,Prod00471,5.0,5
Oi0017116,Ord008524,Prod00546,1.0,25
Oi0017117,Ord008524,Prod00205,2.0,20
Oi0017118,Ord008524,Prod00307,4.0,15
Oi0017119,Ord008524,Prod00483,1.0,5
Oi0017121,Ord008525,Prod00090,4.0,0
Oi0017122,Ord008525,Prod00576,2.0,10
Oi0017123,Ord008526,Prod00599,4.0,0
Oi0017124,Ord008527,Prod00149,1.0,0
Oi0017125,Ord008527,Prod00462,4.0,25
Oi0017126,Ord008528,Prod00161,1.0,25
Oi0017127,Ord008528,Prod00071,2.0,5
Oi0017129,Ord008529,Prod00101,2.0,0
Oi0017130,Ord008529,Prod00445,2.0,15
Oi0017131,Ord008529,Prod00481,4.0,15
Oi0017132,Ord008530,Prod00361,500.0,10
Oi0017133,Ord008531,Prod00125,2.0,0
Oi0017135,Ord008532,Prod00215,5.0,10
Oi0017136,Ord008532,Prod00018,2.0,0
Oi0017137,Ord008532,Prod00525,1.0,0
Oi0017138,Ord008532,Prod00387,5.0,0
Oi0017139,Ord008533,Prod00508,1.0,20
Oi0017141,Ord008535,Prod00315,1.0,0
Oi0017142,Ord008535,Prod00138,4.0,20
Oi0017143,Ord008536,Prod00221,3.0,20
Oi0017144,Ord008536,Prod00466,2.0,10
Oi0017145,Ord008536,Prod00537,3.0,15
Oi0017146,Ord008537,Prod00542,4.0,0
Oi0017147,Ord008538,Prod00277,1.0,0
Oi0017148,Ord008538,Prod00103,1.0,5
Oi0017149,Ord008539,Prod00188,1.0,0
Oi0017150,Ord008539,Prod00313,2.0,15
Oi0017151,Ord008540,Prod00401,2.0,0
Oi0017152,Ord008541,Prod00024,2.0,10
Oi0017153,Ord008541,Prod00185,1.0,0
Oi0017154,Ord008542,Prod00007,2.0,15
Oi0017155,Ord008542,Prod00024,2.0,10
Oi0017156,Ord008543,Prod00127,1.0,5
Oi0017157,Ord008543,Prod00222,2.0,25
Oi0017158,Ord008544,Prod00114,2.0,20
Oi0017159,Ord008545,Prod00403,2.0,25
Oi0017160,Ord008545,Prod00142,1.0,0
Oi0017161,Ord008546,Prod00043,1.0,0
Oi0017162,Ord008546,Prod00324,4.0,20
Oi0017163,Ord008547,Prod00588,2.0,0
Oi0017164,Ord008548,Prod00552,5.0,25
Oi0017165,Ord008548,Prod00117,2.0,0
Oi0017166,Ord008548,Prod00084,5.0,0
Oi0017167,Ord008549,Prod00184,1.0,0
Oi0017168,Ord008550,Prod00420,2.0,5
Oi0017169,Ord008551,Prod00158,1.0,0
Oi0017170,Ord008551,Prod00270,2.0,15
Oi0017171,Ord008552,Prod00157,3.0,10
Oi0017172,Ord008552,Prod00297,2.0,25
Oi0017173,Ord008553,Prod00541,10.0,10
Oi0017174,Ord008553,Prod00024,2.0,0
Oi0017175,Ord008553,Prod00008,1.0,0
Oi0017176,Ord008554,Prod00143,1.0,20
Oi0017177,Ord008555,Prod00257,2.0,10
Oi0017178,Ord008555,Prod00035,2.0,25
Oi0017179,Ord008556,Prod00269,5.0,25
Oi0017180,Ord008556,Prod00570,4.0,5
Oi0017182,Ord008557,Prod00035,2.0,5
Oi0017183,Ord008557,Prod00007,2.0,20
Oi0017184,Ord008558,Prod00579,2.0,0
Oi0017185,Ord008559,Prod00577,1.0,5
Oi0017186,Ord008559,Prod00285,3.0,5
Oi0017187,Ord008560,Prod00303,5.0,10
Oi0017188,Ord008560,Prod00085,1.0,0
Oi0017189,Ord008560,Prod00506,1.0,10
Oi0017190,Ord008561,Prod00290,5.0,0
Oi0017191,Ord008562,Prod00522,4.0,25
Oi0017192,Ord008562,Prod00315,5.0,20
Oi0017193,Ord008562,Prod00279,2.0,25
Oi0017194,Ord008563,Prod00354,3.0,5
Oi0017196,Ord008564,Prod00563,3.0,5
Oi0017197,Ord008564,Prod00314,2.0,25
Oi0017198,Ord008564,Prod00085,1.0,15
Oi0017200,Ord008565,Prod00188,3.0,15
Oi0017201,Ord008566,Prod00358,1.0,0
Oi0017202,Ord008567,Prod00108,5.0,0
Oi0017203,Ord008567,Prod00341,1.0,0
Oi0017204,Ord008568,Prod00132,1.0,10
Oi0017205,Ord008569,Prod00374,1.0,0
Oi0017207,Ord008570,Prod00507,5.0,0
Oi0017209,Ord008570,Prod00515,1.0,5
Oi0017210,Ord008570,Prod00530,3.0,25
Oi0017211,Ord008571,Prod00543,4.0,20
Oi0017212,Ord008571,Prod00385,2.0,5
Oi0017213,Ord008572,Prod00201,1.0,20
Oi0017214,Ord008573,Prod00520,1.0,20
Oi0017215,Ord008574,Prod00430,2.0,0
Oi0017216,Ord008575,Prod00252,2.0,25
Oi0017218,Ord008575,Prod00222,2.0,5
Oi0017219,Ord008576,Prod00153,2.0,10
Oi0017220,Ord008577,Prod00420,3.0,0
Oi0017221,Ord008578,Prod00201,3.0,0
Oi0017222,Ord008579,Prod00185,2.0,0
Oi0017223,Ord008579,Prod00332,3.0,0
Oi0017224,Ord008580,Prod00103,1.0,25
Oi0017225,Ord008581,Prod00188,1.0,0
Oi0017226,Ord008582,Prod00452,3.0,0
Oi0017227,Ord008583,Prod00518,2.0,0
Oi0017228,Ord008584,Prod00186,4.0,5
Oi0017229,Ord008584,Prod00226,1.0,0
Oi0017230,Ord008585,Prod00319,1.0,0
Oi0017231,Ord008586,Prod00487,2.0,0
Oi0017232,Ord008586,Prod00547,2.0,10
Oi0017233,Ord008587,Prod00222,4.0,10
Oi0017234,Ord008588,Prod00293,4.0,15
Oi0017237,Ord008589,Prod00406,10.0,5
Oi0017238,Ord008589,Prod00135,2.0,0
Oi0017239,Ord008589,Prod00212,1.0,20
Oi0017240,Ord008589,Prod00268,3.0,0
Oi0017241,Ord008590,Prod00135,2.0,15
Oi0017242,Ord008590,Prod00422,3.0,5
Oi0017243,Ord008590,Prod00316,2.0,10
Oi0017244,Ord008590,Prod00498,1.0,10
Oi0017245,Ord008591,Prod00482,4.0,0
Oi0017246,Ord008591,Prod00061,1.0,5
Oi0017247,Ord008592,Prod00070,5.0,20
Oi0017250,Ord008594,Prod00525,1.0,15
Oi0017251,Ord008595,Prod00353,1.0,25
Oi0017252,Ord008596,Prod00095,1.0,15
Oi0017254,Ord008597,Prod00400,1.0,15
Oi0017255,Ord008597,Prod00034,1.0,0
Oi0017256,Ord008598,Prod00457,2.0,20
Oi0017257,Ord008598,Prod00353,4.0,10
Oi0017258,Ord008599,Prod00489,2.0,15
Oi0017259,Ord008599,Prod00564,1.0,25
Oi0017260,Ord008600,Prod00018,10.0,20
Oi0017262,Ord008601,Prod00289,5.0,0
Oi0017263,Ord008601,Prod00132,1.0,25
Oi0017264,Ord008601,Prod00440,2.0,5
Oi0017265,Ord008601,Prod00036,1.0,20
Oi0017266,Ord008602,Prod00354,5.0,10
Oi0017267,Ord008602,Prod00395,5.0,25
Oi0017268,Ord008602,Prod00106,1.0,0
Oi0017269,Ord008602,Prod00382,4.0,0
Oi0017270,Ord008603,Prod00220,10.0,15
Oi0017271,Ord008603,Prod00054,4.0,0
Oi0017272,Ord008604,Prod00042,1.0,0
Oi0017273,Ord008604,Prod00311,4.0,15
Oi0017274,Ord008605,Prod00543,1.0,5
Oi0017275,Ord008606,Prod00547,3.0,10
Oi0017276,Ord008607,Prod00497,2.0,10
Oi0017277,Ord008607,Prod00159,5.0,25
Oi0017278,Ord008608,Prod00409,1.0,0
Oi0017279,Ord008608,Prod00472,2.0,5
Oi0017280,Ord008608,Prod00348,2.0,15
Oi0017281,Ord008609,Prod00016,1.0,0
Oi0017283,Ord008610,Prod00342,1.0,0
Oi0017284,Ord008611,Prod00533,10.0,0
Oi0017285,Ord008611,Prod00428,4.0,10
Oi0017287,Ord008612,Prod00439,2.0,0
Oi0017289,Ord008613,Prod00294,1.0,10
Oi0017290,Ord008613,Prod00174,4.0,5
Oi0017292,Ord008615,Prod00157,10.0,15
Oi0017293,Ord008616,Prod00128,2.0,5
Oi0017294,Ord008616,Prod00041,2.0,10
Oi0017295,Ord008616,Prod00081,2.0,20
Oi0017296,Ord008616,Prod00012,1.0,20
Oi0017297,Ord008617,Prod00387,10.0,0
Oi0017298,Ord008618,Prod00133,1.0,20
Oi0017300,Ord008619,Prod00231,1.0,25
Oi0017302,Ord008621,Prod00541,1.0,25
Oi0017303,Ord008622,Prod00148,4.0,15
Oi0017304,Ord008622,Prod00517,1.0,25
Oi0017305,Ord008623,Prod00242,5.0,0
Oi0017306,Ord008624,Prod00194,1.0,0
Oi0017307,Ord008624,Prod00105,3.0,25
Oi0017308,Ord008625,Prod00309,3.0,10
Oi0017311,Ord008626,Prod00309,2.0,20
Oi0017312,Ord008626,Prod00263,2.0,10
Oi0017313,Ord008626,Prod00365,2.0,25
Oi0017314,Ord008627,Prod00238,1.0,20
Oi0017315,Ord008627,Prod00316,1.0,5
Oi0017316,Ord008628,Prod00479,1.0,15
Oi0017317,Ord008628,Prod00533,4.0,15
Oi0017318,Ord008629,Prod00118,10.0,10
Oi0017319,Ord008629,Prod00261,1.0,0
Oi0017320,Ord008630,Prod00044,5.0,15
Oi0017321,Ord008631,Prod00458,3.0,0
Oi0017322,Ord008632,Prod00479,1.0,10
Oi0017323,Ord008632,Prod00083,1.0,5
Oi0017324,Ord008632,Prod00402,1.0,0
Oi0017325,Ord008633,Prod00161,1.0,0
Oi0017326,Ord008633,Prod00098,1.0,25
Oi0017327,Ord008633,Prod00177,2.0,0
Oi0017328,Ord008634,Prod00231,1.0,0
Oi0017329,Ord008634,Prod00200,2.0,0
Oi0017330,Ord008634,Prod00096,5.0,5
Oi0017331,Ord008634,Prod00226,1.0,0
Oi0017332,Ord008635,Prod00389,1.0,15
Oi0017333,Ord008636,Prod00430,2.0,0
Oi0017334,Ord008637,Prod00098,5.0,25
Oi0017335,Ord008637,Prod00203,3.0,0
Oi0017336,Ord008638,Prod00202,4.0,15
Oi0017338,Ord008640,Prod00513,4.0,0
Oi0017339,Ord008641,Prod00154,1.0,20
Oi0017340,Ord008641,Prod00581,1.0,15
Oi0017341,Ord008641,Prod00247,4.0,0
Oi0017342,Ord008642,Prod00567,4.0,15
Oi0017343,Ord008642,Prod00545,3.0,20
Oi0017344,Ord008643,Prod00357,2.0,15
Oi0017345,Ord008644,Prod00542,5.0,15
Oi0017346,Ord008644,Prod00467,2.0,20
Oi0017347,Ord008645,Prod00356,2.0,10
Oi0017348,Ord008645,Prod00504,4.0,25
Oi0017349,Ord008646,Prod00572,4.0,20
Oi0017350,Ord008647,Prod00055,5.0,0
Oi0017351,Ord008647,Prod00092,4.0,25
Oi0017352,Ord008647,Prod00396,2.0,10
Oi0017354,Ord008648,Prod00551,2.0,15
Oi0017355,Ord008648,Prod00302,1.0,5
Oi0017356,Ord008649,Prod00142,3.0,10
Oi0017357,Ord008649,Prod00005,1.0,20
Oi0017358,Ord008650,Prod00435,5.0,0
Oi0017359,Ord008651,Prod00125,1.0,10
Oi0017361,Ord008652,Prod00596,10.0,15
Oi0017362,Ord008653,Prod00059,3.0,0
Oi0017363,Ord008654,Prod00171,2.0,20
Oi0017364,Ord008654,Prod00124,10.0,10
Oi0017365,Ord008655,Prod00588,10.0,0
Oi0017366,Ord008656,Prod00589,5.0,0
Oi0017367,Ord008657,Prod00276,1.0,0
Oi0017368,Ord008657,Prod00251,5.0,10
Oi0017369,Ord008657,Prod00307,10.0,20
Oi0017372,Ord008658,Prod00238,2.0,25
Oi0017373,Ord008658,Prod00362,1.0,10
Oi0017374,Ord008659,Prod00428,4.0,25
Oi0017375,Ord008659,Prod00019,1.0,15
Oi0017376,Ord008660,Prod00418,4.0,20
Oi0017378,Ord008662,Prod00368,4.0,5
Oi0017380,Ord008663,Prod00198,10.0,25
Oi0017381,Ord008663,Prod00491,1.0,5
Oi0017382,Ord008664,Prod00006,3.0,0
Oi0017383,Ord008665,Prod00162,2.0,20
Oi0017384,Ord008665,Prod00248,1.0,20
Oi0017385,Ord008666,Prod00252,5.0,0
Oi0017386,Ord008667,Prod00132,1.0,0
Oi0017387,Ord008668,Prod00366,2.0,25
Oi0017388,Ord008669,Prod00336,2.0,20
Oi0017389,Ord008669,Prod00141,1.0,0
Oi0017390,Ord008669,Prod00418,2.0,0
Oi0017391,Ord008669,Prod00192,2.0,0
Oi0017392,Ord008670,Prod00154,2.0,5
Oi0017393,Ord008670,Prod00160,10.0,25
Oi0017394,Ord008671,Prod00298,2.0,0
Oi0017395,Ord008672,Prod00059,1.0,20
Oi0017396,Ord008672,Prod00191,2.0,15
Oi0017397,Ord008672,Prod00308,1.0,0
Oi0017398,Ord008672,Prod00315,4.0,5
Oi0017399,Ord008673,Prod00214,3.0,0
Oi0017400,Ord008673,Prod00517,2.0,5
Oi0017401,Ord008673,Prod00271,5.0,0
Oi0017402,Ord008673,Prod00330,1.0,15
Oi0017403,Ord008674,Prod00163,2.0,0
Oi0017404,Ord008675,Prod00189,2.0,25
Oi0017405,Ord008675,Prod00384,2.0,15
Oi0017406,Ord008676,Prod00151,1.0,0
Oi0017407,Ord008676,Prod00451,1.0,20
Oi0017408,Ord008676,Prod00151,10.0,15
Oi0017409,Ord008676,Prod00411,1.0,0
Oi0017410,Ord008677,Prod00144,1.0,5
Oi0017411,Ord008678,Prod00219,4.0,0
Oi0017413,Ord008679,Prod00595,10.0,0
Oi0017415,Ord008679,Prod00090,2.0,15
Oi0017416,Ord008679,Prod00262,1.0,0
Oi0017417,Ord008680,Prod00326,1.0,25
Oi0017418,Ord008680,Prod00283,5.0,25
Oi0017419,Ord008681,Prod00094,1.0,15
Oi0017420,Ord008681,Prod00222,3.0,25
Oi0017421,Ord008681,Prod00373,1.0,10
Oi0017422,Ord008681,Prod00216,1.0,20
Oi0017423,Ord008682,Prod00437,5.0,0
Oi0017424,Ord008682,Prod00093,3.0,15
Oi0017425,Ord008683,Prod00098,1.0,5
Oi0017426,Ord008684,Prod00226,1.0,25
Oi0017427,Ord008684,Prod00248,1.0,20
Oi0017428,Ord008685,Prod00033,1.0,20
Oi0017429,Ord008686,Prod00027,5.0,0
Oi0017430,Ord008687,Prod00181,1.0,5
Oi0017431,Ord008688,Prod00488,5.0,5
Oi0017432,Ord008689,Prod00181,2.0,0
Oi0017433,Ord008689,Prod00586,1.0,0
Oi0017434,Ord008689,Prod00051,1.0,0
Oi0017435,Ord008689,Prod00145,5.0,10
Oi0017436,Ord008690,Prod00539,4.0,10
Oi0017439,Ord008691,Prod00204,1.0,10
Oi0017440,Ord008691,Prod00113,3.0,20
Oi0017441,Ord008692,Prod00041,10.0,10
Oi0017442,Ord008692,Prod00229,2.0,0
Oi0017443,Ord008692,Prod00005,1.0,10
Oi0017444,Ord008693,Prod00516,10.0,15
Oi0017446,Ord008694,Prod00575,1.0,20
Oi0017448,Ord008695,Prod00537,2.0,15
Oi0017449,Ord008695,Prod00511,10.0,20
Oi0017450,Ord008695,Prod00386,4.0,0
Oi0017451,Ord008695,Prod00206,4.0,0
Oi0017453,Ord008696,Prod00090,3.0,25
Oi0017455,Ord008697,Prod00580,1.0,20
Oi0017456,Ord008698,Prod00484,2.0,25
Oi0017457,Ord008699,Prod00059,1.0,25
Oi0017458,Ord008700,Prod00475,4.0,0
Oi0017460,Ord008701,Prod00161,1.0,0
Oi0017461,Ord008702,Prod00425,1.0,25
Oi0017462,Ord008702,Prod00579,2.0,5
Oi0017463,Ord008702,Prod00397,10.0,0
Oi0017464,Ord008702,Prod00176,1.0,20
Oi0017465,Ord008703,Prod00463,3.0,5
Oi0017466,Ord008703,Prod00135,5.0,5
Oi0017467,Ord008704,Prod00065,1.0,0
Oi0017468,Ord008704,Prod00366,4.0,20
Oi0017469,Ord008704,Prod00192,4.0,20
Oi0017470,Ord008705,Prod00591,1.0,25
Oi0017471,Ord008706,Prod00042,1.0,20
Oi0017472,Ord008706,Prod00594,1.0,20
Oi0017473,Ord008706,Prod00274,1.0,25
Oi0017475,Ord008707,Prod00565,3.0,15
Oi0017477,Ord008707,Prod00431,1.0,0
Oi0017478,Ord008707,Prod00420,5.0,10
Oi0017479,Ord008708,Prod00193,4.0,0
Oi0017480,Ord008708,Prod00028,2.0,25
Oi0017481,Ord008708,Prod00361,2.0,20
Oi0017482,Ord008708,Prod00282,1.0,10
Oi0017483,Ord008709,Prod00224,2.0,25
Oi0017484,Ord008709,Prod00568,3.0,0
Oi0017485,Ord008709,Prod00137,10.0,0
Oi0017486,Ord008710,Prod00334,2.0,15
Oi0017488,Ord008710,Prod00528,10.0,5
Oi0017490,Ord008711,Prod00156,4.0,15
Oi0017491,Ord008712,Prod00491,1.0,5
Oi0017492,Ord008712,Prod00301,1.0,0
Oi0017493,Ord008712,Prod00236,4.0,20
Oi0017494,Ord008712,Prod00079,4.0,0
Oi0017495,Ord008713,Prod00446,1.0,5
Oi0017496,Ord008714,Prod00068,4.0,25
Oi0017497,Ord008715,Prod00369,3.0,25
Oi0017498,Ord008716,Prod00298,1.0,5
Oi0017499,Ord008716,Prod00251,1.0,5
Oi0017500,Ord008717,Prod00597,5.0,0
Oi0017502,Ord008717,Prod00025,2.0,20
Oi0017503,Ord008717,Prod00436,1.0,20
Oi0017504,Ord008718,Prod00307,5.0,20
Oi0017505,Ord008719,Prod00518,1.0,0
Oi0017506,Ord008720,Prod00230,2.0,0
Oi0017507,Ord008721,Prod00542,1.0,15
Oi0017508,Ord008721,Prod00423,2.0,10
Oi0017510,Ord008721,Prod00018,3.0,5
Oi0017512,Ord008722,Prod00372,1.0,10
Oi0017513,Ord008722,Prod00315,2.0,0
Oi0017514,Ord008723,Prod00082,2.0,10
Oi0017515,Ord008724,Prod00021,1.0,20
Oi0017516,Ord008725,Prod00566,2.0,10
Oi0017517,Ord008726,Prod00360,2.0,20
Oi0017518,Ord008727,Prod00545,10.0,5
Oi0017519,Ord008727,Prod00351,1.0,5
Oi0017520,Ord008727,Prod00414,1.0,0
Oi0017521,Ord008728,Prod00292,4.0,20
Oi0017522,Ord008728,Prod00132,10.0,20
Oi0017523,Ord008728,Prod00437,3.0,25
Oi0017525,Ord008730,Prod00443,10.0,10
Oi0017526,Ord008731,Prod00585,1.0,5
Oi0017527,Ord008731,Prod00111,1.0,20
Oi0017529,Ord008732,Prod00398,3.0,10
Oi0017530,Ord008732,Prod00166,3.0,5
Oi0017531,Ord008733,Prod00158,10.0,0
Oi0017532,Ord008733,Prod00140,1.0,0
Oi0017533,Ord008733,Prod00098,2.0,5
Oi0017534,Ord008734,Prod00599,1.0,0
Oi0017535,Ord008735,Prod00089,4.0,25
Oi0017536,Ord008735,Prod00421,2.0,10
Oi0017537,Ord008735,Prod00037,1.0,0
Oi0017538,Ord008736,Prod00344,5.0,0
Oi0017539,Ord008736,Prod00431,1.0,15
Oi0017540,Ord008736,Prod00030,2.0,0
Oi0017541,Ord008736,Prod00459,3.0,0
Oi0017543,Ord008737,Prod00390,3.0,10
Oi0017544,Ord008737,Prod00570,10.0,20
Oi0017545,Ord008738,Prod00260,1.0,20
Oi0017546,Ord008738,Prod00578,1.0,0
Oi0017547,Ord008738,Prod00046,10.0,15
Oi0017548,Ord008739,Prod00296,4.0,5
Oi0017549,Ord008739,Prod00334,4.0,5
Oi0017551,Ord008739,Prod00413,1.0,15
Oi0017552,Ord008740,Prod00546,2.0,10
Oi0017553,Ord008741,Prod00120,1.0,20
Oi0017554,Ord008742,Prod00540,3.0,25
Oi0017555,Ord008743,Prod00286,10.0,10
Oi0017556,Ord008744,Prod00367,2.0,0
Oi0017557,Ord008744,Prod00254,1.0,0
Oi0017558,Ord008744,Prod00172,3.0,0
Oi0017559,Ord008745,Prod00229,3.0,0
Oi0017560,Ord008746,Prod00055,4.0,15
Oi0017562,Ord008747,Prod00059,10.0,0
Oi0017563,Ord008748,Prod00331,2.0,20
Oi0017564,Ord008748,Prod00075,10.0,5
Oi0017566,Ord008748,Prod00534,1.0,25
Oi0017567,Ord008749,Prod00388,5.0,10
Oi0017568,Ord008750,Prod00597,2.0,0
Oi0017569,Ord008751,Prod00367,2.0,0
Oi0017571,Ord008752,Prod00170,10.0,0
Oi0017572,Ord008753,Prod00069,1.0,10
Oi0017573,Ord008753,Prod00452,5.0,5
Oi0017575,Ord008755,Prod00433,10.0,25
Oi0017576,Ord008755,Prod00162,10.0,0
Oi0017577,Ord008755,Prod00071,5.0,15
Oi0017578,Ord008755,Prod00213,1.0,25
Oi0017579,Ord008756,Prod00447,1.0,10
Oi0017580,Ord008757,Prod00266,2.0,5
Oi0017581,Ord008757,Prod00344,1.0,10
Oi0017584,Ord008759,Prod00533,500.0,20
Oi0017585,Ord008759,Prod00062,5.0,25
Oi0017586,Ord008759,Prod00513,2.0,5
Oi0017588,Ord008760,Prod00101,3.0,0
Oi0017589,Ord008761,Prod00382,5.0,0
Oi0017590,Ord008761,Prod00599,2.0,20
Oi0017591,Ord008761,Prod00107,1.0,20
Oi0017592,Ord008762,Prod00174,1.0,20
Oi0017593,Ord008763,Prod00007,2.0,0
Oi0017594,Ord008763,Prod00394,1.0,5
Oi0017595,Ord008763,Prod00562,4.0,5
Oi0017596,Ord008763,Prod00363,10.0,0
Oi0017597,Ord008764,Prod00232,10.0,10
Oi0017598,Ord008765,Prod00442,2.0,10
Oi0017599,Ord008766,Prod00581,1.0,15
Oi0017600,Ord008767,Prod00241,1.0,15
Oi0017601,Ord008767,Prod00507,1.0,0
Oi0017602,Ord008767,Prod00473,3.0,0
Oi0017603,Ord008768,Prod00512,1.0,5
Oi0017604,Ord008769,Prod00505,4.0,20
Oi0017605,Ord008769,Prod00071,4.0,25
Oi0017607,Ord008769,Prod00005,3.0,25
Oi0017608,Ord008770,Prod00567,3.0,0
Oi0017609,Ord008770,Prod00426,1.0,15
Oi0017610,Ord008770,Prod00576,1.0,5
Oi0017611,Ord008770,Prod00458,1.0,10
Oi0017612,Ord008771,Prod00497,10.0,5
Oi0017613,Ord008772,Prod00094,3.0,10
Oi0017614,Ord008772,Prod00293,3.0,0
Oi0017615,Ord008773,Prod00116,1.0,10
Oi0017616,Ord008774,Prod00110,5.0,10
Oi0017617,Ord008775,Prod00256,1.0,0
Oi0017619,Ord008776,Prod00337,5.0,20
Oi0017620,Ord008777,Prod00140,1.0,0
Oi0017623,Ord008778,Prod00586,10.0,0
Oi0017624,Ord008779,Prod00119,1.0,0
Oi0017626,Ord008779,Prod00494,1.0,20
Oi0017627,Ord008779,Prod00301,1.0,0
Oi0017628,Ord008780,Prod00179,2.0,25
Oi0017629,Ord008780,Prod00078,1.0,0
Oi0017630,Ord008781,Prod00034,1.0,25
Oi0017631,Ord008781,Prod00228,1.0,25
Oi0017632,Ord008782,Prod00439,4.0,5
Oi0017635,Ord008782,Prod00142,1.0,25
Oi0017636,Ord008783,Prod00373,2.0,20
Oi0017637,Ord008784,Prod00414,1.0,0
Oi0017638,Ord008784,Prod00492,1.0,15
Oi0017639,Ord008784,Prod00562,2.0,10
Oi0017640,Ord008784,Prod00225,1.0,15
Oi0017641,Ord008785,Prod00348,2.0,0
Oi0017642,Ord008785,Prod00568,3.0,20
Oi0017643,Ord008785,Prod00362,1.0,0
Oi0017644,Ord008786,Prod00063,1.0,5
Oi0017645,Ord008786,Prod00028,10.0,0
Oi0017647,Ord008787,Prod00233,4.0,0
Oi0017648,Ord008787,Prod00355,4.0,10
Oi0017649,Ord008788,Prod00123,2.0,5
Oi0017650,Ord008789,Prod00535,1.0,15
Oi0017651,Ord008789,Prod00576,4.0,20
Oi0017653,Ord008791,Prod00296,1.0,10
Oi0017655,Ord008793,Prod00536,10.0,0
Oi0017656,Ord008793,Prod00319,2.0,5
Oi0017657,Ord008794,Prod00108,1.0,0
Oi0017658,Ord008794,Prod00099,1.0,0
Oi0017660,Ord008794,Prod00254,2.0,10
Oi0017661,Ord008795,Prod00227,1.0,25
Oi0017662,Ord008796,Prod00316,3.0,5
Oi0017664,Ord008796,Prod00029,1.0,15
Oi0017666,Ord008797,Prod00600,4.0,25
Oi0017667,Ord008797,Prod00176,1.0,15
Oi0017668,Ord008798,Prod00132,2.0,15
Oi0017669,Ord008799,Prod00096,1.0,5
Oi0017671,Ord008800,Prod00584,1.0,20
Oi0017672,Ord008801,Prod00584,1.0,20
Oi0017673,Ord008802,Prod00319,2.0,15
Oi0017674,Ord008803,Prod00100,1.0,0
Oi0017675,Ord008803,Prod00513,2.0,5
Oi0017676,Ord008804,Prod00232,1.0,0
Oi0017677,Ord008805,Prod00266,1.0,10
Oi0017678,Ord008805,Prod00163,1.0,20
Oi0017679,Ord008805,Prod00153,1.0,15
Oi0017681,Ord008807,Prod00296,10.0,0
Oi0017682,Ord008807,Prod00276,5.0,25
Oi0017683,Ord008808,Prod00189,1.0,5
Oi0017684,Ord008808,Prod00549,2.0,20
Oi0017685,Ord008809,Prod00475,2.0,15
Oi0017686,Ord008809,Prod00082,5.0,0
Oi0017687,Ord008810,Prod00343,5.0,10
Oi0017688,Ord008810,Prod00179,5.0,15
Oi0017689,Ord008810,Prod00355,10.0,0
Oi0017690,Ord008810,Prod00571,2.0,20
Oi0017691,Ord008811,Prod00108,10.0,5
Oi0017692,Ord008811,Prod00303,4.0,5
Oi0017694,Ord008812,Prod00407,4.0,25
Oi0017695,Ord008812,Prod00379,2.0,0
Oi0017696,Ord008812,Prod00240,10.0,25
Oi0017697,Ord008812,Prod00431,10.0,0
Oi0017698,Ord008813,Prod00257,3.0,15
Oi0017699,Ord008813,Prod00539,3.0,0
Oi0017700,Ord008813,Prod00344,2.0,5
Oi0017701,Ord008814,Prod00242,2.0,20
Oi0017702,Ord008815,Prod00523,3.0,0
Oi0017703,Ord008815,Prod00258,10.0,5
Oi0017706,Ord008818,Prod00599,1.0,0
Oi0017707,Ord008818,Prod00250,3.0,5
Oi0017708,Ord008818,Prod00114,5.0,25
Oi0017709,Ord008819,Prod00488,5.0,5
Oi0017710,Ord008819,Prod00311,10.0,20
Oi0017711,Ord008820,Prod00340,1.0,10
Oi0017712,Ord008821,Prod00002,2.0,0
Oi0017713,Ord008821,Prod00331,10.0,25
Oi0017714,Ord008822,Prod00527,2.0,25
Oi0017715,Ord008822,Prod00481,3.0,0
Oi0017716,Ord008822,Prod00062,2.0,15
Oi0017717,Ord008822,Prod00526,1.0,0
Oi0017719,Ord008823,Prod00003,2.0,20
Oi0017720,Ord008823,Prod00460,2.0,10
Oi0017721,Ord008824,Prod00468,4.0,15
Oi0017723,Ord008825,Prod00244,10.0,0
Oi0017724,Ord008826,Prod00023,3.0,15
Oi0017725,Ord008826,Prod00010,1.0,20
Oi0017726,Ord008827,Prod00281,1.0,15
Oi0017727,Ord008827,Prod00372,1.0,20
Oi0017728,Ord008827,Prod00364,1.0,20
Oi0017729,Ord008828,Prod00196,1.0,25
Oi0017730,Ord008828,Prod00489,2.0,15
Oi0017731,Ord008828,Prod00187,5.0,0
Oi0017732,Ord008829,Prod00185,500.0,20
Oi0017733,Ord008829,Prod00135,5.0,20
Oi0017734,Ord008829,Prod00387,4.0,20
Oi0017735,Ord008830,Prod00570,3.0,20
Oi0017736,Ord008831,Prod00020,10.0,15
Oi0017737,Ord008831,Prod00036,10.0,10
Oi0017739,Ord008832,Prod00078,2.0,25
Oi0017740,Ord008833,Prod00424,2.0,0
Oi0017741,Ord008833,Prod00143,5.0,20
Oi0017742,Ord008833,Prod00577,3.0,0
Oi0017743,Ord008833,Prod00025,1.0,15
Oi0017744,Ord008834,Prod00289,2.0,0
Oi0017745,Ord008834,Prod00317,1.0,0
Oi0017746,Ord008834,Prod00498,4.0,0
Oi0017747,Ord008834,Prod00306,3.0,25
Oi0017750,Ord008835,Prod00423,1.0,5
Oi0017751,Ord008836,Prod00139,1.0,0
Oi0017752,Ord008837,Prod00165,2.0,25
Oi0017754,Ord008837,Prod00333,5.0,25
Oi0017755,Ord008837,Prod00098,4.0,15
Oi0017756,Ord008838,Prod00530,1.0,10
Oi0017757,Ord008839,Prod00065,10.0,20
Oi0017758,Ord008839,Prod00426,4.0,5
Oi0017759,Ord008840,Prod00519,2.0,0
Oi0017760,Ord008841,Prod00424,4.0,15
Oi0017761,Ord008842,Prod00471,5.0,25
Oi0017762,Ord008843,Prod00302,1.0,0
Oi0017764,Ord008843,Prod00506,1.0,0
Oi0017765,Ord008843,Prod00460,10.0,20
Oi0017766,Ord008844,Prod00002,1.0,0
Oi0017767,Ord008844,Prod00399,4.0,25
Oi0017768,Ord008844,Prod00061,10.0,20
Oi0017769,Ord008845,Prod00056,1.0,0
Oi0017771,Ord008847,Prod00106,1.0,0
Oi0017772,Ord008847,Prod00243,3.0,0
Oi0017773,Ord008847,Prod00588,1.0,25
Oi0017774,Ord008847,Prod00299,1.0,10
Oi0017775,Ord008848,Prod00309,1.0,20
Oi0017777,Ord008848,Prod00336,4.0,0
Oi0017778,Ord008848,Prod00382,1.0,20
Oi0017779,Ord008849,Prod00265,1.0,0
Oi0017780,Ord008849,Prod00548,3.0,25
Oi0017785,Ord008853,Prod00374,2.0,0
Oi0017786,Ord008853,Prod00002,1.0,0
Oi0017787,Ord008854,Prod00278,5.0,10
Oi0017788,Ord008854,Prod00492,3.0,0
Oi0017789,Ord008854,Prod00100,4.0,25
Oi0017790,Ord008854,Prod00566,1.0,20
Oi0017791,Ord008855,Prod00280,2.0,0
Oi0017793,Ord008856,Prod00370,2.0,20
Oi0017794,Ord008857,Prod00533,1.0,15
Oi0017796,Ord008858,Prod00508,10.0,25
Oi0017797,Ord008859,Prod00241,1.0,5
Oi0017798,Ord008859,Prod00537,1.0,0
Oi0017799,Ord008859,Prod00439,1.0,0
Oi0017800,Ord008859,Prod00519,1.0,25
Oi0017801,Ord008860,Prod00239,10.0,20
Oi0017802,Ord008860,Prod00535,4.0,0
Oi0017803,Ord008861,Prod00330,2.0,0
Oi0017804,Ord008862,Prod00238,1.0,25
Oi0017805,Ord008862,Prod00224,5.0,10
Oi0017806,Ord008862,Prod00181,1.0,5
Oi0017807,Ord008863,Prod00088,1.0,20
Oi0017809,Ord008863,Prod00147,3.0,20
Oi0017810,Ord008864,Prod00552,3.0,5
Oi0017811,Ord008865,Prod00367,1.0,25
Oi0017812,Ord008865,Prod00083,3.0,25
Oi0017813,Ord008866,Prod00266,2.0,25
Oi0017814,Ord008866,Prod00566,3.0,20
Oi0017815,Ord008866,Prod00213,1.0,10
Oi0017816,Ord008867,Prod00562,4.0,20
Oi0017817,Ord008867,Prod00078,3.0,0
Oi0017818,Ord008868,Prod00481,5.0,5
Oi0017820,Ord008869,Prod00441,10.0,5
Oi0017821,Ord008869,Prod00214,1.0,5
Oi0017822,Ord008870,Prod00127,1.0,20
Oi0017823,Ord008870,Prod00563,1.0,15
Oi0017824,Ord008871,Prod00292,3.0,0
Oi0017825,Ord008872,Prod00143,1.0,0
Oi0017826,Ord008872,Prod00231,2.0,25
Oi0017827,Ord008872,Prod00064,5.0,10
Oi0017828,Ord008873,Prod00349,1.0,0
Oi0017829,Ord008873,Prod00036,3.0,10
Oi0017831,Ord008875,Prod00208,1.0,20
Oi0017832,Ord008875,Prod00125,3.0,10
Oi0017833,Ord008876,Prod00229,4.0,10
Oi0017834,Ord008877,Prod00366,1.0,0
Oi0017835,Ord008877,Prod00179,2.0,5
Oi0017836,Ord008878,Prod00413,4.0,25
Oi0017837,Ord008878,Prod00598,5.0,20
Oi0017838,Ord008879,Prod00599,1.0,20
Oi0017839,Ord008879,Prod00588,10.0,0
Oi0017840,Ord008880,Prod00294,1.0,15
Oi0017843,Ord008880,Prod00131,5.0,15
Oi0017844,Ord008881,Prod00229,10.0,20
Oi0017845,Ord008882,Prod00398,1.0,15
Oi0017846,Ord008882,Prod00394,3.0,5
Oi0017847,Ord008883,Prod00163,1.0,0
Oi0017848,Ord008883,Prod00502,5.0,15
Oi0017849,Ord008883,Prod00136,10.0,0
Oi0017851,Ord008884,Prod00227,10.0,20
Oi0017852,Ord008885,Prod00595,4.0,0
Oi0017853,Ord008886,Prod00126,10.0,0
Oi0017854,Ord008886,Prod00043,2.0,0
Oi0017856,Ord008887,Prod00273,2.0,20
Oi0017857,Ord008888,Prod00080,3.0,0
Oi0017859,Ord008889,Prod00114,3.0,0
Oi0017861,Ord008890,Prod00239,10.0,0
Oi0017862,Ord008890,Prod00459,1.0,0
Oi0017863,Ord008890,Prod00186,4.0,10
Oi0017864,Ord008891,Prod00310,1.0,0
Oi0017865,Ord008892,Prod00259,10.0,10
Oi0017866,Ord008892,Prod00545,5.0,25
Oi0017867,Ord008892,Prod00372,4.0,5
Oi0017868,Ord008892,Prod00273,4.0,25
Oi0017869,Ord008893,Prod00418,3.0,5
Oi0017870,Ord008894,Prod00393,2.0,25
Oi0017874,Ord008897,Prod00232,1.0,5
Oi0017875,Ord008897,Prod00211,2.0,15
Oi0017876,Ord008897,Prod00102,1.0,0
Oi0017877,Ord008897,Prod00210,4.0,10
Oi0017878,Ord008898,Prod00540,1.0,0
Oi0017879,Ord008899,Prod00301,4.0,5
Oi0017880,Ord008899,Prod00498,1.0,10
Oi0017881,Ord008900,Prod00122,3.0,20
Oi0017883,Ord008900,Prod00235,1.0,0
Oi0017884,Ord008900,Prod00047,10.0,25
Oi0017885,Ord008901,Prod00270,2.0,25
Oi0017886,Ord008902,Prod00138,3.0,0
Oi0017887,Ord008902,Prod00023,10.0,10
Oi0017888,Ord008903,Prod00184,1.0,5
Oi0017889,Ord008903,Prod00160,2.0,20
Oi0017890,Ord008903,Prod00034,2.0,15
Oi0017891,Ord008904,Prod00224,1.0,15
Oi0017892,Ord008904,Prod00031,2.0,10
Oi0017893,Ord008904,Prod00450,1.0,25
Oi0017896,Ord008905,Prod00513,2.0,10
Oi0017897,Ord008905,Prod00231,10.0,0
Oi0017898,Ord008906,Prod00341,10.0,10
Oi0017899,Ord008907,Prod00213,1.0,0
Oi0017900,Ord008907,Prod00490,1.0,0
Oi0017901,Ord008907,Prod00240,4.0,0
Oi0017902,Ord008908,Prod00445,1.0,10
Oi0017903,Ord008909,Prod00458,5.0,0
Oi0017904,Ord008909,Prod00523,10.0,25
Oi0017905,Ord008909,Prod00495,3.0,0
Oi0017906,Ord008910,Prod00225,5.0,0
Oi0017907,Ord008910,Prod00418,4.0,0
Oi0017908,Ord008911,Prod00098,1.0,20
Oi0017909,Ord008911,Prod00396,10.0,0
Oi0017910,Ord008911,Prod00493,5.0,0
Oi0017911,Ord008911,Prod00382,5.0,5
Oi0017912,Ord008912,Prod00154,2.0,15
Oi0017914,Ord008913,Prod00324,5.0,15
Oi0017915,Ord008913,Prod00173,3.0,0
Oi0017916,Ord008914,Prod00475,4.0,5
Oi0017917,Ord008915,Prod00208,2.0,0
Oi0017918,Ord008915,Prod00177,5.0,25
Oi0017919,Ord008915,Prod00562,1.0,10
Oi0017920,Ord008916,Prod00305,10.0,0
Oi0017921,Ord008917,Prod00297,1.0,5
Oi0017922,Ord008918,Prod00294,5.0,0
Oi0017923,Ord008918,Prod00008,3.0,15
Oi0017924,Ord008919,Prod00017,500.0,0
Oi0017925,Ord008920,Prod00369,2.0,0
Oi0017926,Ord008920,Prod00474,5.0,10
Oi0017927,Ord008920,Prod00382,1.0,0
Oi0017928,Ord008921,Prod00381,2.0,25
Oi0017929,Ord008922,Prod00260,4.0,0
Oi0017930,Ord008922,Prod00374,2.0,25
Oi0017931,Ord008923,Prod00262,10.0,0
Oi0017932,Ord008923,Prod00307,4.0,0
Oi0017934,Ord008924,Prod00480,1.0,10
Oi0017935,Ord008924,Prod00004,1.0,0
Oi0017936,Ord008925,Prod00131,5.0,25
Oi0017938,Ord008926,Prod00042,1.0,25
Oi0017939,Ord008927,Prod00143,10.0,0
Oi0017940,Ord008927,Prod00250,2.0,0
Oi0017941,Ord008927,Prod00385,2.0,5
Oi0017942,Ord008928,Prod00117,5.0,0
Oi0017943,Ord008929,Prod00337,2.0,0
Oi0017944,Ord008930,Prod00489,1.0,0
Oi0017945,Ord008930,Prod00058,3.0,10
Oi0017946,Ord008930,Prod00427,2.0,0
Oi0017947,Ord008931,Prod00175,5.0,10
Oi0017948,Ord008931,Prod00129,3.0,5
Oi0017949,Ord008932,Prod00010,1.0,25
Oi0017952,Ord008934,Prod00238,1.0,25
Oi0017953,Ord008934,Prod00509,4.0,15
Oi0017954,Ord008934,Prod00073,2.0,20
Oi0017955,Ord008934,Prod00455,3.0,25
Oi0017956,Ord008935,Prod00593,1.0,5
Oi0017957,Ord008936,Prod00084,1.0,20
Oi0017958,Ord008936,Prod00568,1.0,0
Oi0017959,Ord008936,Prod00172,3.0,5
Oi0017960,Ord008936,Prod00356,5.0,20
Oi0017961,Ord008937,Prod00479,10.0,20
Oi0017962,Ord008938,Prod00540,2.0,15
Oi0017963,Ord008938,Prod00482,1.0,0
Oi0017964,Ord008939,Prod00060,1.0,10
Oi0017965,Ord008940,Prod00560,10.0,25
Oi0017966,Ord008941,Prod00473,1.0,0
Oi0017968,Ord008941,Prod00402,2.0,20
Oi0017969,Ord008941,Prod00371,1.0,10
Oi0017970,Ord008942,Prod00309,1.0,0
Oi0017971,Ord008942,Prod00459,10.0,0
Oi0017972,Ord008942,Prod00278,4.0,15
Oi0017973,Ord008942,Prod00495,1.0,10
Oi0017974,Ord008943,Prod00094,3.0,25
Oi0017975,Ord008943,Prod00387,3.0,0
Oi0017976,Ord008944,Prod00312,4.0,15
Oi0017978,Ord008945,Prod00321,5.0,5
Oi0017979,Ord008945,Prod00155,2.0,0
Oi0017980,Ord008946,Prod00523,4.0,0
Oi0017981,Ord008946,Prod00308,3.0,10
Oi0017982,Ord008947,Prod00224,2.0,0
Oi0017983,Ord008947,Prod00188,1.0,0
Oi0017984,Ord008948,Prod00483,1.0,25
Oi0017985,Ord008949,Prod00440,1.0,0
Oi0017986,Ord008949,Prod00139,1.0,25
Oi0017987,Ord008950,Prod00376,3.0,0
Oi0017988,Ord008950,Prod00097,2.0,0
Oi0017989,Ord008950,Prod00042,10.0,0
Oi0017990,Ord008951,Prod00156,5.0,0
Oi0017991,Ord008952,Prod00172,4.0,0
Oi0017992,Ord008953,Prod00399,2.0,15
Oi0017993,Ord008954,Prod00014,4.0,10
Oi0017995,Ord008954,Prod00154,2.0,0
Oi0017996,Ord008954,Prod00054,2.0,20
Oi0017997,Ord008955,Prod00067,3.0,20
Oi0017998,Ord008955,Prod00106,1.0,10
Oi0017999,Ord008956,Prod00119,1.0,0
Oi0018000,Ord008957,Prod00109,1.0,0
Oi0018001,Ord008958,Prod00165,1.0,10
Oi0018002,Ord008958,Prod00577,1.0,25
Oi0018003,Ord008959,Prod00056,2.0,0
Oi0018004,Ord008959,Prod00584,5.0,10
Oi0018005,Ord008960,Prod00391,10.0,5
Oi0018006,Ord008961,Prod00588,2.0,5
Oi0018007,Ord008962,Prod00180,1.0,0
Oi0018008,Ord008963,Prod00346,1.0,0
Oi0018009,Ord008963,Prod00293,1.0,0
Oi0018010,Ord008964,Prod00532,2.0,20
Oi0018011,Ord008964,Prod00252,1.0,0
Oi0018012,Ord008965,Prod00235,4.0,5
Oi0018013,Ord008965,Prod00364,1.0,0
Oi0018014,Ord008965,Prod00080,2.0,5
Oi0018015,Ord008966,Prod00570,3.0,0
Oi0018016,Ord008967,Prod00145,10.0,0
Oi0018017,Ord008967,Prod00536,4.0,20
Oi0018018,Ord008967,Prod00010,1.0,0
Oi0018019,Ord008968,Prod00115,1.0,20
Oi0018021,Ord008968,Prod00206,1.0,0
Oi0018022,Ord008968,Prod00508,1.0,0
Oi0018023,Ord008969,Prod00534,2.0,10
Oi0018024,Ord008969,Prod00263,1.0,15
Oi0018025,Ord008969,Prod00259,4.0,0
Oi0018026,Ord008969,Prod00046,1.0,25
Oi0018027,Ord008970,Prod00223,1.0,20
Oi0018029,Ord008970,Prod00206,3.0,5
Oi0018030,Ord008971,Prod00103,2.0,10
Oi0018031,Ord008972,Prod00483,1.0,20
Oi0018033,Ord008972,Prod00392,4.0,0
Oi0018034,Ord008973,Prod00045,1.0,25
Oi0018035,Ord008973,Prod00361,10.0,0
Oi0018036,Ord008974,Prod00554,1.0,20
Oi0018037,Ord008975,Prod00152,1.0,20
Oi0018038,Ord008975,Prod00099,10.0,10
Oi0018040,Ord008976,Prod00246,5.0,0
Oi0018041,Ord008977,Prod00192,5.0,5
Oi0018043,Ord008979,Prod00009,10.0,20
Oi0018044,Ord008979,Prod00231,2.0,5
Oi0018047,Ord008980,Prod00437,1.0,20
Oi0018048,Ord008981,Prod00310,2.0,25
Oi0018049,Ord008981,Prod00353,2.0,20
Oi0018050,Ord008981,Prod00374,2.0,0
Oi0018052,Ord008982,Prod00450,2.0,0
Oi0018053,Ord008983,Prod00270,1.0,0
Oi0018054,Ord008983,Prod00079,5.0,10
Oi0018055,Ord008983,Prod00532,2.0,25
Oi0018056,Ord008984,Prod00507,1.0,5
Oi0018057,Ord008985,Prod00288,3.0,0
Oi0018058,Ord008985,Prod00450,4.0,0
Oi0018060,Ord008986,Prod00288,2.0,0
Oi0018061,Ord008987,Prod00518,2.0,10
Oi0018062,Ord008988,Prod00436,5.0,20
Oi0018063,Ord008988,Prod00561,2.0,0
Oi0018065,Ord008989,Prod00269,3.0,15
Oi0018066,Ord008990,Prod00004,1.0,0
Oi0018067,Ord008991,Prod00446,5.0,10
Oi0018068,Ord008992,Prod00298,4.0,15
Oi0018069,Ord008993,Prod00540,1.0,5
Oi0018070,Ord008993,Prod00142,1.0,5
Oi0018071,Ord008994,Prod00438,5.0,0
Oi0018072,Ord008994,Prod00189,2.0,0
Oi0018073,Ord008994,Prod00019,2.0,0
Oi0018074,Ord008994,Prod00404,2.0,5
Oi0018075,Ord008995,Prod00307,1.0,0
Oi0018076,Ord008995,Prod00558,2.0,10
Oi0018077,Ord008995,Prod00269,1.0,20
Oi0018078,Ord008995,Prod00101,2.0,20
Oi0018079,Ord008996,Prod00206,2.0,0
Oi0018080,Ord008996,Prod00460,4.0,0
Oi0018081,Ord008996,Prod00327,1.0,25
Oi0018082,Ord008996,Prod00487,1.0,5
Oi0018083,Ord008997,Prod00423,2.0,0
Oi0018084,Ord008997,Prod00506,1.0,10
Oi0018085,Ord008997,Prod00079,2.0,15
Oi0018086,Ord008998,Prod00004,3.0,0
Oi0018087,Ord008999,Prod00332,2.0,25
Oi0018088,Ord008999,Prod00025,1.0,15
Oi0018089,Ord008999,Prod00194,1.0,0
Oi0018090,Ord009000,Prod00342,5.0,20
Oi0018091,Ord009000,Prod00423,2.0,25
Oi0018092,Ord003844,Prod00521,1.0,0
Oi0018094,Ord006189,Prod00530,10.0,0
Oi0018095,Ord003491,Prod00001,4.0,15
Oi0018096,Ord003491,Prod00272,1.0,15
Oi0018102,Ord004362,Prod00139,10.0,0
Oi0018103,Ord004362,Prod00515,1.0,0
Oi0018104,Ord004362,Prod00227,1.0,0
Oi0018105,Ord004362,Prod00489,4.0,0
Oi0018107,Ord007528,Prod00119,1.0,20
Oi0018109,Ord003530,Prod00206,1.0,0
Oi0018110,Ord003530,Prod00546,2.0,15
Oi0018111,Ord003530,Prod00309,2.0,20
Oi0018113,Ord005785,Prod00274,3.0,20
Oi0018116,Ord005862,Prod00517,1.0,25
Oi0018117,Ord008683,Prod00505,1.0,0
Oi0018118,Ord008683,Prod00367,3.0,0
Oi0018119,Ord000251,Prod00101,1.0,10
Oi0018120,Ord000251,Prod00390,10.0,15
Oi0018121,Ord003127,Prod00355,1.0,0
Oi0018122,Ord004295,Prod00565,5.0,20
Oi0018124,Ord004295,Prod00343,1.0,20
Oi0018125,Ord004295,Prod00114,3.0,0
Oi0018126,Ord003673,Prod00213,1.0,5
Oi0018127,Ord003673,Prod00192,3.0,15
Oi0018128,Ord003673,Prod00383,3.0,0
Oi0018129,Ord004811,Prod00035,2.0,0
Oi0018130,Ord004811,Prod00370,2.0,25
Oi0018131,Ord004811,Prod00531,3.0,25
Oi0018132,Ord004811,Prod00467,10.0,0
Oi0018133,Ord007266,Prod00119,4.0,15
Oi0018134,Ord007266,Prod00364,1.0,5
Oi0018135,Ord005873,Prod00437,10.0,15
Oi0018138,Ord005873,Prod00071,5.0,20
Oi0018139,Ord007974,Prod00285,4.0,10
Oi0018140,Ord005867,Prod00593,2.0,10
Oi0018141,Ord007733,Prod00547,10.0,20
Oi0018142,Ord007733,Prod00085,2.0,5
Oi0018143,Ord007123,Prod00041,1.0,10
Oi0018144,Ord007123,Prod00525,10.0,0
Oi0018145,Ord007123,Prod00532,2.0,0
Oi0018146,Ord007123,Prod00338,1.0,0
Oi0018147,Ord000043,Prod00594,1.0,0
Oi0018148,Ord008941,Prod00037,1.0,0
Oi0018149,Ord008941,Prod00396,1.0,10
