shipment_id,order_id,ship_date,delivery_date,carrier,shipping_cost,delivery_status,delivery_days,ship_month
Shp000002,Ord000002,2022-09-05,2022-09-06,Indiapost,413.53,Delivered,1,2022-09
Shp000003,Ord000003,2024-04-04,2024-04-19,Dtdc,552.47,Delivered,15,2024-04
Shp000004,Ord000004,2024-11-29,2024-11-30,Dtdc,66.02,Delivered,1,2024-11
Shp000005,Ord000005,2023-07-04,2023-07-10,Dtdc,82.97,Returned To Origin,6,2023-07
Shp000006,Ord000006,2023-04-09,2023-04-11,Bluedart,801.61,In Transit,2,2023-04
Shp000007,Ord000007,2023-03-14,2023-03-22,Xpressbees,94.57,Lost,8,2023-03
Shp000009,Ord000009,2024-10-28,2024-11-03,Ekart,,Returned To Origin,6,2024-10
Shp000010,Ord000010,2024-04-21,2024-04-24,Indiapost,498.56,Delivered,3,2024-04
Shp000011,Ord000011,2022-09-27,2022-10-02,Dtdc,782.79,Returned To Origin,5,2022-09
Shp000012,Ord000012,2022-12-24,2022-12-28,Xpressbees,451.79,Lost,4,2022-12
Shp000014,Ord000014,2022-08-15,2022-08-22,Delhivery,759.08,In Transit,7,2022-08
Shp000015,Ord000015,2023-07-23,2023-08-02,Indiapost,642.99,In Transit,10,2023-07
Shp000016,Ord000016,2022-11-03,2022-11-08,Fedex,651.72,Lost,5,2022-11
Shp000017,Ord000017,2024-05-23,2024-05-25,Ekart,51.28,Lost,2,2024-05
Shp000018,Ord000018,2022-11-11,2022-11-15,Xpressbees,419.41,In Transit,4,2022-11
Shp000019,Ord000019,2022-03-22,2022-03-26,Dtdc,193.48,Returned To Origin,4,2022-03
Shp000020,Ord000020,2024-05-12,2024-05-19,Fedex,273.77,Returned To Origin,7,2024-05
Shp000021,Ord000021,2024-07-02,2024-07-06,Ekart,580.34,Returned To Origin,4,2024-07
Shp000023,Ord000023,2024-09-02,2024-09-09,Bluedart,749.99,Returned To Origin,7,2024-09
Shp000024,Ord000024,2022-08-10,2022-08-17,Bluedart,459.31,Lost,7,2022-08
Shp000025,Ord000025,2023-11-05,2023-11-07,Ekart,564.46,Delayed,2,2023-11
Shp000026,Ord000026,2022-10-12,2022-10-13,Delhivery,666.39,In Transit,1,2022-10
Shp000027,Ord000027,2024-01-16,2024-01-20,Bluedart,655.09,Returned To Origin,4,2024-01
Shp000028,Ord000028,2022-04-14,2022-04-17,Delhivery,415.03,Returned To Origin,3,2022-04
Shp000029,Ord000029,2024-08-09,2024-08-16,Dtdc,884.33,In Transit,7,2024-08
Shp000030,Ord000030,2024-06-30,2024-07-08,Ekart,439.83,Lost,8,2024-06
Shp000031,Ord000031,2022-06-18,2022-06-20,Ekart,618.04,In Transit,2,2022-06
Shp000033,Ord000033,2023-07-18,2023-08-02,Dtdc,733.99,Lost,15,2023-07
Shp000034,Ord000034,2022-11-18,2022-11-20,Dtdc,352.1,Delayed,2,2022-11
Shp000035,Ord000035,2022-07-14,2022-07-16,Indiapost,186.2,Delayed,2,2022-07
Shp000036,Ord000036,2022-03-07,2022-03-12,Dtdc,738.51,Delivered,5,2022-03
Shp000037,Ord000037,2022-02-06,2022-02-09,Indiapost,457.5,Lost,3,2022-02
Shp000038,Ord000038,2022-05-23,2022-05-30,Delhivery,528.23,In Transit,7,2022-05
Shp000040,Ord000040,2022-09-13,2022-09-14,Ekart,853.06,Delivered,1,2022-09
Shp000041,Ord000041,2022-11-02,2022-11-07,Xpressbees,673.34,In Transit,5,2022-11
Shp000042,Ord000042,2024-07-27,2024-08-02,Delhivery,514.44,Returned To Origin,6,2024-07
Shp000043,Ord000043,2023-08-11,2023-08-13,Indiapost,490.7,Lost,2,2023-08
Shp000044,Ord000044,2023-08-29,2023-08-31,Indiapost,381.32,Returned To Origin,2,2023-08
Shp000045,Ord000045,2024-03-25,2024-03-30,Indiapost,565.55,Returned To Origin,5,2024-03
Shp000046,Ord000046,2024-08-01,2024-08-11,Fedex,888.48,Delayed,10,2024-08
Shp000047,Ord000047,2022-01-22,2022-01-27,Bluedart,298.22,Lost,5,2022-01
Shp000048,Ord000048,2022-10-17,2022-10-24,Xpressbees,388.57,Lost,7,2022-10
Shp000049,Ord000049,2023-09-14,2023-09-16,Ekart,,Delivered,2,2023-09
Shp000050,Ord000050,2022-09-04,2022-09-09,Ekart,109.36,Lost,5,2022-09
Shp000051,Ord000051,2023-05-13,2023-05-16,Ekart,794.94,Returned To Origin,3,2023-05
Shp000052,Ord000052,2024-12-13,2024-12-18,Fedex,144.73,Returned To Origin,5,2024-12
Shp000053,Ord000053,2022-04-03,2022-04-06,Delhivery,330.7,Delayed,3,2022-04
Shp000054,Ord000054,2024-10-06,2024-10-09,Indiapost,89.65,In Transit,3,2024-10
Shp000055,Ord000055,2024-10-20,2024-10-21,Ekart,63.91,Delivered,1,2024-10
Shp000056,Ord000056,2022-05-23,2022-05-27,Indiapost,221.49,Delivered,4,2022-05
Shp000057,Ord000057,2022-02-19,2022-02-22,Bluedart,95.65,Lost,3,2022-02
Shp000058,Ord000058,2023-03-12,2023-03-15,Bluedart,176.43,Delayed,3,2023-03
Shp000060,Ord000060,2024-01-15,2024-01-16,Xpressbees,65.19,Delivered,1,2024-01
Shp000061,Ord000061,2024-01-16,2024-01-19,Fedex,152.75,Delayed,3,2024-01
Shp000062,Ord000062,2024-12-13,2024-12-16,Xpressbees,395.69,Delayed,3,2024-12
Shp000063,Ord000063,2022-09-01,2022-09-16,Ekart,853.28,Lost,15,2022-09
Shp000064,Ord000064,2023-03-16,2023-03-17,Delhivery,689.17,In Transit,1,2023-03
Shp000065,Ord000065,2024-08-04,2024-08-09,Bluedart,870.28,In Transit,5,2024-08
Shp000067,Ord000067,2023-12-26,2023-12-29,Ekart,544.13,Delivered,3,2023-12
Shp000068,Ord000068,2023-01-05,2023-01-08,Bluedart,70.51,Lost,3,2023-01
Shp000069,Ord000069,2024-04-14,2024-04-16,Indiapost,291.27,Delivered,2,2024-04
Shp000070,Ord000070,2022-03-18,2022-03-24,Ekart,274.73,In Transit,6,2022-03
Shp000071,Ord000071,2024-05-26,2024-05-29,Delhivery,112.3,Delivered,3,2024-05
Shp000072,Ord000072,2022-06-18,2022-06-20,Indiapost,59.74,Returned To Origin,2,2022-06
Shp000073,Ord000073,2023-02-18,2023-02-21,Xpressbees,491.29,In Transit,3,2023-02
Shp000074,Ord000074,2022-11-14,2022-11-19,Delhivery,598.27,Delayed,5,2022-11
Shp000075,Ord000075,2024-06-02,2024-06-05,Delhivery,234.96,Returned To Origin,3,2024-06
Shp000076,Ord000076,2023-01-14,2023-01-18,Delhivery,265.67,Delivered,4,2023-01
Shp000078,Ord000078,2022-05-24,2022-05-25,Dtdc,480.59,Delayed,1,2022-05
Shp000079,Ord000079,2024-09-10,2024-09-14,Xpressbees,812.51,Delayed,4,2024-09
Shp000080,Ord000080,2022-12-10,2022-12-12,Indiapost,885.28,Delivered,2,2022-12
Shp000081,Ord000081,2024-05-01,2024-05-08,Xpressbees,355.68,In Transit,7,2024-05
Shp000082,Ord000082,2023-11-13,2023-11-14,Indiapost,533.64,Delayed,1,2023-11
Shp000083,Ord000083,2024-12-17,2024-12-27,Ekart,697.94,Lost,10,2024-12
Shp000086,Ord000086,2022-05-06,2022-05-10,Ekart,292.5,Lost,4,2022-05
Shp000087,Ord000087,2023-05-20,2023-05-24,Ekart,792.53,Returned To Origin,4,2023-05
Shp000088,Ord000088,2022-09-10,2022-09-11,Indiapost,199.24,Lost,1,2022-09
Shp000089,Ord000089,2024-10-24,2024-10-27,Fedex,868.35,Delivered,3,2024-10
Shp000090,Ord000090,2023-08-30,2023-09-02,Indiapost,116.79,In Transit,3,2023-08
Shp000091,Ord000091,2023-12-05,2023-12-12,Dtdc,35.22,Lost,7,2023-12
Shp000092,Ord000092,2022-04-26,2022-04-29,Indiapost,195.29,Delayed,3,2022-04
Shp000094,Ord000094,2024-05-15,2024-05-18,Xpressbees,,In Transit,3,2024-05
Shp000095,Ord000095,2024-01-27,2024-01-31,Indiapost,647.8,Returned To Origin,4,2024-01
Shp000096,Ord000096,2022-06-23,2022-07-03,Ekart,34.7,In Transit,10,2022-06
Shp000097,Ord000097,2022-09-30,2022-10-02,Dtdc,354.31,Lost,2,2022-09
Shp000098,Ord000098,2022-09-04,2022-09-09,Xpressbees,31.96,Returned To Origin,5,2022-09
Shp000099,Ord000099,2024-12-20,2025-01-04,Fedex,56.67,Delivered,15,2024-12
Shp000100,Ord000100,2024-08-17,2024-08-21,Xpressbees,330.89,Delayed,4,2024-08
Shp000101,Ord000101,2023-06-19,2023-06-21,Delhivery,460.38,In Transit,2,2023-06
Shp000102,Ord000102,2023-09-07,2023-09-11,Bluedart,788.74,Returned To Origin,4,2023-09
Shp000103,Ord000103,2024-03-29,2024-04-13,Dtdc,554.89,Delivered,15,2024-03
Shp000105,Ord000105,2023-09-16,2023-09-24,Indiapost,38.48,Returned To Origin,8,2023-09
Shp000107,Ord000107,2024-04-24,2024-04-25,Delhivery,359.04,Delivered,1,2024-04
Shp000108,Ord000108,2024-10-06,2024-10-10,Delhivery,645.47,Lost,4,2024-10
Shp000109,Ord000109,2024-10-15,2024-10-18,Ekart,796.56,In Transit,3,2024-10
Shp000110,Ord000110,2024-08-25,2024-08-28,Fedex,379.53,In Transit,3,2024-08
Shp000111,Ord000111,2024-04-30,2024-05-10,Dtdc,331.53,In Transit,10,2024-04
Shp000112,Ord000112,2024-03-19,2024-03-24,Ekart,95.24,Lost,5,2024-03
Shp000114,Ord000114,2024-07-24,2024-07-29,Fedex,869.41,Lost,5,2024-07
Shp000115,Ord000115,2022-08-25,2022-08-28,Fedex,826.54,Returned To Origin,3,2022-08
Shp000116,Ord000116,2024-07-09,2024-07-19,Fedex,331.69,Delivered,10,2024-07
Shp000117,Ord000117,2022-02-01,2022-02-11,Ekart,794.75,Delayed,10,2022-02
Shp000118,Ord000118,2022-03-27,2022-03-30,Ekart,889.35,Delayed,3,2022-03
Shp000120,Ord000120,2023-08-28,2023-09-05,Ekart,30.14,Lost,8,2023-08
Shp000121,Ord000121,2024-07-08,2024-07-14,Indiapost,367.42,In Transit,6,2024-07
Shp000122,Ord000122,2024-11-14,2024-11-29,Fedex,685.38,In Transit,15,2024-11
Shp000123,Ord000123,2022-09-08,2022-09-11,Xpressbees,845.32,Delivered,3,2022-09
Shp000124,Ord000124,2024-08-25,2024-08-27,Bluedart,94.07,Lost,2,2024-08
Shp000126,Ord000126,2024-05-20,2024-05-26,Xpressbees,226.69,Delayed,6,2024-05
Shp000127,Ord000127,2023-03-08,2023-03-13,Fedex,152.08,In Transit,5,2023-03
Shp000128,Ord000128,2024-07-12,2024-07-15,Dtdc,697.04,Delayed,3,2024-07
Shp000129,Ord000129,2023-02-09,2023-02-10,Xpressbees,618.1,Returned To Origin,1,2023-02
Shp000130,Ord000130,2022-06-28,2022-07-06,Indiapost,516.11,Returned To Origin,8,2022-06
Shp000131,Ord000131,2022-05-20,2022-05-23,Fedex,226.55,Lost,3,2022-05
Shp000132,Ord000132,2023-06-29,2023-06-30,Delhivery,,Delayed,1,2023-06
Shp000134,Ord000134,2023-03-01,2023-03-16,Ekart,240.3,Lost,15,2023-03
Shp000135,Ord000135,2022-06-23,2022-06-24,Dtdc,638.58,In Transit,1,2022-06
Shp000137,Ord000137,2022-08-01,2022-08-16,Delhivery,425.57,Returned To Origin,15,2022-08
Shp000138,Ord000138,2024-10-02,2024-10-12,Indiapost,878.74,Returned To Origin,10,2024-10
Shp000139,Ord000139,2023-01-02,2023-01-07,Bluedart,473.02,In Transit,5,2023-01
Shp000140,Ord000140,2022-07-06,2022-07-11,Indiapost,174.3,Lost,5,2022-07
Shp000142,Ord000142,2022-06-12,2022-06-17,Fedex,156.28,In Transit,5,2022-06
Shp000143,Ord000143,2023-09-14,2023-09-17,Dtdc,620.2,Returned To Origin,3,2023-09
Shp000144,Ord000144,2024-06-14,2024-06-16,Indiapost,848.57,In Transit,2,2024-06
Shp000145,Ord000145,2022-06-23,2022-07-03,Xpressbees,133.57,Delivered,10,2022-06
Shp000148,Ord000148,2022-10-08,2022-10-15,Bluedart,529.06,In Transit,7,2022-10
Shp000149,Ord000149,2024-02-15,2024-02-19,Xpressbees,346.95,Delivered,4,2024-02
Shp000150,Ord000150,2024-10-26,2024-11-02,Delhivery,110.38,Delayed,7,2024-10
Shp000151,Ord000151,2022-06-25,2022-07-02,Dtdc,267.7,Returned To Origin,7,2022-06
Shp000152,Ord000152,2024-11-30,2024-12-06,Xpressbees,576.55,In Transit,6,2024-11
Shp000153,Ord000153,2023-07-26,2023-07-27,Ekart,38.48,In Transit,1,2023-07
Shp000154,Ord000154,2023-11-08,2023-11-18,Ekart,567.83,Delivered,10,2023-11
Shp000155,Ord000155,2022-03-29,2022-04-13,Bluedart,803.3,In Transit,15,2022-03
Shp000156,Ord000156,2022-04-07,2022-04-22,Delhivery,503.33,Delayed,15,2022-04
Shp000157,Ord000157,2024-02-15,2024-02-18,Dtdc,298.72,Returned To Origin,3,2024-02
Shp000158,Ord000158,2024-02-03,2024-02-06,Xpressbees,610.42,Lost,3,2024-02
Shp000159,Ord000159,2022-03-17,2022-03-24,Bluedart,98.94,Lost,7,2022-03
Shp000160,Ord000160,2023-01-07,2023-01-15,Xpressbees,458.52,Delayed,8,2023-01
Shp000161,Ord000161,2024-09-16,2024-09-17,Delhivery,278.14,Returned To Origin,1,2024-09
Shp000162,Ord000162,2024-09-10,2024-09-15,Xpressbees,256.35,In Transit,5,2024-09
Shp000163,Ord000163,2023-09-29,2023-10-03,Xpressbees,857.43,Delayed,4,2023-09
Shp000164,Ord000164,2022-05-19,2022-05-27,Bluedart,344.13,Delivered,8,2022-05
Shp000165,Ord000165,2024-05-15,2024-05-18,Indiapost,611.34,Delivered,3,2024-05
Shp000166,Ord000166,2022-03-04,2022-03-09,Fedex,501.15,Lost,5,2022-03
Shp000167,Ord000167,2022-03-17,2022-04-01,Indiapost,724.43,Delayed,15,2022-03
Shp000169,Ord000169,2023-12-15,2023-12-22,Fedex,289.13,Delivered,7,2023-12
Shp000611,Ord000611,2022-01-22,2022-01-24,Dtdc,650.54,Delayed,2,2022-01
Shp000170,Ord000170,2023-08-25,2023-08-31,Dtdc,522.92,In Transit,6,2023-08
Shp000171,Ord000171,2024-09-23,2024-09-26,Xpressbees,366.8,In Transit,3,2024-09
Shp000172,Ord000172,2022-10-05,2022-10-12,Fedex,571.58,In Transit,7,2022-10
Shp000174,Ord000174,2022-03-05,2022-03-15,Ekart,555.45,Lost,10,2022-03
Shp000175,Ord000175,2023-06-02,2023-06-10,Bluedart,,Delayed,8,2023-06
Shp000176,Ord000176,2023-03-15,2023-03-20,Indiapost,659.41,Lost,5,2023-03
Shp000177,Ord000177,2024-09-12,2024-09-14,Xpressbees,647.44,Delayed,2,2024-09
Shp000178,Ord000178,2023-05-17,2023-05-25,Delhivery,746.12,Lost,8,2023-05
Shp000179,Ord000179,2023-03-23,2023-03-29,Ekart,591.83,Delayed,6,2023-03
Shp000181,Ord000181,2022-02-21,2022-02-27,Delhivery,775.51,Returned To Origin,6,2022-02
Shp000182,Ord000182,2022-10-22,2022-10-30,Indiapost,487.81,Returned To Origin,8,2022-10
Shp000183,Ord000183,2024-06-16,2024-06-24,Xpressbees,620.22,Lost,8,2024-06
Shp000184,Ord000184,2023-04-15,2023-04-20,Dtdc,790.39,Delayed,5,2023-04
Shp000185,Ord000185,2022-03-16,2022-03-17,Ekart,811.3,In Transit,1,2022-03
Shp000186,Ord000186,2022-06-20,2022-06-25,Dtdc,585.14,Returned To Origin,5,2022-06
Shp000187,Ord000187,2023-09-21,2023-09-22,Delhivery,674.11,In Transit,1,2023-09
Shp000188,Ord000188,2022-02-13,2022-02-23,Bluedart,533.96,Delayed,10,2022-02
Shp000189,Ord000189,2024-05-08,2024-05-18,Indiapost,769.28,Lost,10,2024-05
Shp000191,Ord000191,2023-01-13,2023-01-28,Bluedart,198.83,Delayed,15,2023-01
Shp000193,Ord000193,2023-09-04,2023-09-12,Indiapost,650.13,Returned To Origin,8,2023-09
Shp000194,Ord000194,2022-09-11,2022-09-15,Dtdc,839.74,Returned To Origin,4,2022-09
Shp000195,Ord000195,2023-05-13,2023-05-17,Xpressbees,750.9,In Transit,4,2023-05
Shp000197,Ord000197,2024-06-01,2024-06-06,Fedex,418.41,In Transit,5,2024-06
Shp000198,Ord000198,2023-12-03,2023-12-09,Delhivery,609.25,Delivered,6,2023-12
Shp000199,Ord000199,2024-04-17,2024-04-20,Indiapost,301.56,Delayed,3,2024-04
Shp000200,Ord000200,2022-07-24,2022-07-25,Bluedart,480.89,In Transit,1,2022-07
Shp000202,Ord000202,2023-05-19,2023-05-20,Delhivery,241.65,Lost,1,2023-05
Shp000203,Ord000203,2024-10-22,2024-10-30,Fedex,133.43,Delivered,8,2024-10
Shp000205,Ord000205,2024-03-15,2024-03-30,Dtdc,70.94,Returned To Origin,15,2024-03
Shp000207,Ord000207,2024-04-26,2024-04-30,Xpressbees,878.75,Lost,4,2024-04
Shp000208,Ord000208,2022-01-17,2022-01-20,Fedex,517.0,Delivered,3,2022-01
Shp000211,Ord000211,2023-05-20,2023-05-26,Dtdc,335.34,In Transit,6,2023-05
Shp000213,Ord000213,2022-10-25,2022-10-29,Dtdc,39.63,Lost,4,2022-10
Shp000214,Ord000214,2024-10-06,2024-10-12,Bluedart,392.14,Delayed,6,2024-10
Shp000215,Ord000215,2022-05-24,2022-05-27,Indiapost,683.28,Delivered,3,2022-05
Shp000216,Ord000216,2022-01-13,2022-01-23,Dtdc,556.54,Returned To Origin,10,2022-01
Shp000217,Ord000217,2022-02-26,2022-03-03,Fedex,307.76,Returned To Origin,5,2022-02
Shp000218,Ord000218,2024-07-26,2024-07-29,Delhivery,777.6,Delivered,3,2024-07
Shp000219,Ord000219,2023-11-16,2023-11-17,Fedex,322.38,Lost,1,2023-11
Shp000220,Ord000220,2022-10-03,2022-10-08,Ekart,435.0,Lost,5,2022-10
Shp000221,Ord000221,2022-02-12,2022-02-18,Indiapost,639.39,Returned To Origin,6,2022-02
Shp000222,Ord000222,2023-04-13,2023-04-19,Ekart,240.29,Returned To Origin,6,2023-04
Shp000223,Ord000223,2023-06-17,2023-07-02,Ekart,338.96,In Transit,15,2023-06
Shp000224,Ord000224,2023-08-11,2023-08-16,Indiapost,645.92,Delivered,5,2023-08
Shp000226,Ord000226,2023-10-12,2023-10-19,Fedex,693.82,Delivered,7,2023-10
Shp000228,Ord000228,2023-10-21,2023-10-31,Ekart,848.42,Delayed,10,2023-10
Shp000229,Ord000229,2023-11-23,2023-11-29,Fedex,686.41,In Transit,6,2023-11
Shp000230,Ord000230,2023-08-22,2023-08-25,Xpressbees,626.21,Delivered,3,2023-08
Shp000231,Ord000231,2022-10-20,2022-10-25,Fedex,239.16,Returned To Origin,5,2022-10
Shp000234,Ord000234,2024-11-17,2024-11-20,Ekart,249.79,Delayed,3,2024-11
Shp000235,Ord000235,2024-09-06,2024-09-12,Bluedart,,Delayed,6,2024-09
Shp000239,Ord000239,2022-03-24,2022-03-27,Dtdc,36.57,In Transit,3,2022-03
Shp000240,Ord000240,2023-07-24,2023-07-29,Ekart,588.97,Delayed,5,2023-07
Shp000241,Ord000241,2023-08-30,2023-09-05,Indiapost,534.76,Returned To Origin,6,2023-08
Shp000242,Ord000242,2024-11-14,2024-11-15,Fedex,562.45,In Transit,1,2024-11
Shp000243,Ord000243,2024-09-21,2024-09-26,Xpressbees,529.31,Delayed,5,2024-09
Shp000244,Ord000244,2024-01-24,2024-01-28,Indiapost,598.82,Returned To Origin,4,2024-01
Shp000246,Ord000246,2022-04-09,2022-04-10,Delhivery,153.36,Delayed,1,2022-04
Shp000247,Ord000247,2024-09-24,2024-10-04,Indiapost,600.86,In Transit,10,2024-09
Shp000249,Ord000249,2024-02-01,2024-02-03,Delhivery,263.87,In Transit,2,2024-02
Shp000250,Ord000250,2024-02-26,2024-02-27,Dtdc,618.86,Delivered,1,2024-02
Shp000251,Ord000251,2024-07-04,2024-07-06,Bluedart,102.53,In Transit,2,2024-07
Shp000252,Ord000252,2022-03-12,2022-03-15,Ekart,402.41,Lost,3,2022-03
Shp000253,Ord000253,2023-05-30,2023-06-02,Delhivery,198.82,In Transit,3,2023-05
Shp000254,Ord000254,2022-09-05,2022-09-09,Dtdc,719.15,Delivered,4,2022-09
Shp000255,Ord000255,2022-05-05,2022-05-10,Indiapost,657.82,Delayed,5,2022-05
Shp000257,Ord000257,2023-01-20,2023-01-23,Ekart,92.03,Delayed,3,2023-01
Shp000258,Ord000258,2024-07-31,2024-08-07,Delhivery,48.39,Lost,7,2024-07
Shp000259,Ord000259,2022-03-23,2022-03-26,Ekart,273.56,Delivered,3,2022-03
Shp000261,Ord000261,2023-05-28,2023-05-31,Delhivery,677.16,Lost,3,2023-05
Shp000262,Ord000262,2022-05-13,2022-05-18,Dtdc,782.77,In Transit,5,2022-05
Shp000264,Ord000264,2022-08-13,2022-08-28,Indiapost,133.19,Lost,15,2022-08
Shp000266,Ord000266,2022-03-20,2022-03-25,Delhivery,187.2,In Transit,5,2022-03
Shp000267,Ord000267,2024-02-19,2024-02-26,Delhivery,69.57,Lost,7,2024-02
Shp000268,Ord000268,2024-02-15,2024-03-01,Indiapost,130.51,Returned To Origin,15,2024-02
Shp000269,Ord000269,2024-02-04,2024-02-07,Indiapost,185.42,Delivered,3,2024-02
Shp000270,Ord000270,2023-07-16,2023-07-21,Dtdc,658.6,Delayed,5,2023-07
Shp000271,Ord000271,2023-11-06,2023-11-08,Delhivery,848.32,Delayed,2,2023-11
Shp000272,Ord000272,2023-06-03,2023-06-09,Fedex,409.17,In Transit,6,2023-06
Shp000273,Ord000273,2022-07-23,2022-07-26,Indiapost,540.92,Delivered,3,2022-07
Shp000277,Ord000277,2024-05-13,2024-05-17,Delhivery,,Returned To Origin,4,2024-05
Shp000278,Ord000278,2022-06-21,2022-06-26,Bluedart,213.74,Returned To Origin,5,2022-06
Shp000279,Ord000279,2023-12-12,2023-12-20,Xpressbees,,Returned To Origin,8,2023-12
Shp000280,Ord000280,2022-02-05,2022-02-13,Bluedart,136.86,Delivered,8,2022-02
Shp000281,Ord000281,2023-08-24,2023-08-29,Bluedart,144.4,Delivered,5,2023-08
Shp000282,Ord000282,2023-08-07,2023-08-12,Dtdc,507.91,Delivered,5,2023-08
Shp000283,Ord000283,2023-11-21,2023-12-01,Dtdc,387.49,In Transit,10,2023-11
Shp000284,Ord000284,2022-08-11,2022-08-17,Dtdc,352.4,Delivered,6,2022-08
Shp000285,Ord000285,2022-03-25,2022-03-26,Ekart,436.42,In Transit,1,2022-03
Shp000286,Ord000286,2022-12-12,2022-12-15,Xpressbees,786.57,Returned To Origin,3,2022-12
Shp000287,Ord000287,2023-06-09,2023-06-11,Bluedart,575.23,Lost,2,2023-06
Shp000288,Ord000288,2022-09-22,2022-09-25,Delhivery,731.02,Delayed,3,2022-09
Shp000289,Ord000289,2023-03-25,2023-03-29,Bluedart,719.0,In Transit,4,2023-03
Shp000290,Ord000290,2023-09-30,2023-10-04,Fedex,173.94,Returned To Origin,4,2023-09
Shp000292,Ord000292,2022-03-15,2022-03-18,Xpressbees,870.4,Lost,3,2022-03
Shp000293,Ord000293,2024-11-21,2024-11-29,Dtdc,523.48,Delayed,8,2024-11
Shp000294,Ord000294,2023-03-05,2023-03-20,Delhivery,738.98,Returned To Origin,15,2023-03
Shp000295,Ord000295,2022-06-17,2022-06-22,Indiapost,447.35,In Transit,5,2022-06
Shp000296,Ord000296,2022-12-09,2022-12-13,Ekart,658.76,Delivered,4,2022-12
Shp000297,Ord000297,2023-08-02,2023-08-05,Bluedart,30.12,Lost,3,2023-08
Shp000298,Ord000298,2022-02-12,2022-02-27,Indiapost,190.55,Delayed,15,2022-02
Shp000299,Ord000299,2024-11-29,2024-12-04,Xpressbees,894.33,Delayed,5,2024-11
Shp000300,Ord000300,2022-11-04,2022-11-14,Dtdc,374.52,Delivered,10,2022-11
Shp000301,Ord000301,2023-12-22,2023-12-27,Ekart,236.62,Returned To Origin,5,2023-12
Shp000302,Ord000302,2022-02-18,2022-03-05,Fedex,702.76,In Transit,15,2022-02
Shp000303,Ord000303,2024-07-25,2024-08-09,Bluedart,500.07,Delayed,15,2024-07
Shp000305,Ord000305,2024-11-27,2024-11-30,Indiapost,839.17,Returned To Origin,3,2024-11
Shp000308,Ord000308,2022-09-14,2022-09-18,Xpressbees,418.98,Delivered,4,2022-09
Shp000310,Ord000310,2024-08-29,2024-09-13,Ekart,143.24,Delayed,15,2024-08
Shp000311,Ord000311,2023-04-16,2023-04-18,Fedex,662.21,Returned To Origin,2,2023-04
Shp000312,Ord000312,2023-04-17,2023-04-20,Delhivery,565.33,In Transit,3,2023-04
Shp000313,Ord000313,2024-03-29,2024-03-31,Delhivery,532.21,In Transit,2,2024-03
Shp000316,Ord000316,2022-06-21,2022-06-24,Indiapost,305.23,Lost,3,2022-06
Shp000317,Ord000317,2022-06-25,2022-06-27,Ekart,357.41,Delivered,2,2022-06
Shp000318,Ord000318,2023-04-19,2023-05-04,Ekart,298.51,Lost,15,2023-04
Shp000319,Ord000319,2023-09-13,2023-09-28,Indiapost,248.4,Returned To Origin,15,2023-09
Shp000320,Ord000320,2024-04-07,2024-04-15,Fedex,867.78,Returned To Origin,8,2024-04
Shp000321,Ord000321,2023-04-25,2023-05-03,Ekart,861.83,In Transit,8,2023-04
Shp000322,Ord000322,2022-03-16,2022-03-22,Fedex,551.55,Delayed,6,2022-03
Shp000323,Ord000323,2024-07-23,2024-08-02,Indiapost,264.29,In Transit,10,2024-07
Shp000325,Ord000325,2022-05-09,2022-05-12,Bluedart,768.94,Lost,3,2022-05
Shp000326,Ord000326,2023-01-11,2023-01-12,Fedex,,Delayed,1,2023-01
Shp000327,Ord000327,2024-02-06,2024-02-21,Ekart,511.57,In Transit,15,2024-02
Shp000328,Ord000328,2024-08-17,2024-08-21,Fedex,524.36,In Transit,4,2024-08
Shp000329,Ord000329,2024-04-27,2024-05-03,Indiapost,441.63,Delivered,6,2024-04
Shp000330,Ord000330,2024-09-02,2024-09-17,Xpressbees,547.97,Delivered,15,2024-09
Shp000331,Ord000331,2022-02-11,2022-02-12,Ekart,61.43,In Transit,1,2022-02
Shp000332,Ord000332,2022-05-30,2022-06-05,Fedex,223.8,In Transit,6,2022-05
Shp000333,Ord000333,2023-03-10,2023-03-14,Ekart,699.68,In Transit,4,2023-03
Shp000334,Ord000334,2023-09-27,2023-10-04,Bluedart,259.21,Delivered,7,2023-09
Shp000335,Ord000335,2024-06-25,2024-07-02,Delhivery,701.13,Returned To Origin,7,2024-06
Shp000336,Ord000336,2023-02-19,2023-03-01,Delhivery,155.93,Returned To Origin,10,2023-02
Shp000337,Ord000337,2024-07-16,2024-07-19,Delhivery,842.53,Lost,3,2024-07
Shp000338,Ord000338,2023-04-03,2023-04-04,Delhivery,126.43,Delayed,1,2023-04
Shp000339,Ord000339,2024-08-26,2024-09-02,Dtdc,710.36,In Transit,7,2024-08
Shp000341,Ord000341,2022-10-08,2022-10-18,Bluedart,378.42,Returned To Origin,10,2022-10
Shp000342,Ord000342,2023-06-06,2023-06-11,Dtdc,595.39,Lost,5,2023-06
Shp000344,Ord000344,2023-03-19,2023-03-21,Ekart,626.14,In Transit,2,2023-03
Shp000345,Ord000345,2024-04-16,2024-04-24,Indiapost,54.42,Delivered,8,2024-04
Shp000346,Ord000346,2024-02-07,2024-02-13,Delhivery,34.08,Lost,6,2024-02
Shp000347,Ord000347,2024-05-21,2024-05-29,Indiapost,610.3,Lost,8,2024-05
Shp000348,Ord000348,2024-06-25,2024-06-27,Xpressbees,444.95,In Transit,2,2024-06
Shp000350,Ord000350,2022-02-16,2022-02-21,Xpressbees,522.86,Returned To Origin,5,2022-02
Shp000351,Ord000351,2022-06-11,2022-06-15,Ekart,833.48,Lost,4,2022-06
Shp000352,Ord000352,2023-02-25,2023-02-27,Delhivery,69.88,Delivered,2,2023-02
Shp000353,Ord000353,2024-03-27,2024-03-28,Delhivery,633.3,Delivered,1,2024-03
Shp000354,Ord000354,2024-07-25,2024-07-29,Ekart,74.26,Lost,4,2024-07
Shp000355,Ord000355,2024-04-10,2024-04-25,Indiapost,383.61,Lost,15,2024-04
Shp000356,Ord000356,2024-06-16,2024-06-23,Fedex,286.87,Returned To Origin,7,2024-06
Shp000358,Ord000358,2023-03-17,2023-03-20,Bluedart,635.17,Delayed,3,2023-03
Shp000360,Ord000360,2022-11-11,2022-11-16,Indiapost,456.83,Lost,5,2022-11
Shp000361,Ord000361,2022-11-03,2022-11-10,Xpressbees,487.54,In Transit,7,2022-11
Shp000362,Ord000362,2024-10-21,2024-10-22,Fedex,40.29,Returned To Origin,1,2024-10
Shp000363,Ord000363,2022-02-07,2022-02-15,Dtdc,839.18,In Transit,8,2022-02
Shp000364,Ord000364,2022-01-28,2022-01-30,Indiapost,799.99,Delayed,2,2022-01
Shp000365,Ord000365,2022-07-28,2022-07-31,Indiapost,252.22,Lost,3,2022-07
Shp000366,Ord000366,2024-05-11,2024-05-12,Ekart,303.58,Lost,1,2024-05
Shp000367,Ord000367,2022-06-09,2022-06-12,Indiapost,267.78,Returned To Origin,3,2022-06
Shp000368,Ord000368,2022-11-22,2022-11-25,Delhivery,260.38,Returned To Origin,3,2022-11
Shp000369,Ord000369,2022-01-15,2022-01-23,Xpressbees,108.67,In Transit,8,2022-01
Shp000370,Ord000370,2023-12-24,2023-12-28,Fedex,861.59,Lost,4,2023-12
Shp000372,Ord000372,2024-07-10,2024-07-15,Dtdc,283.39,Lost,5,2024-07
Shp000373,Ord000373,2022-10-09,2022-10-15,Xpressbees,572.86,In Transit,6,2022-10
Shp000374,Ord000374,2024-04-14,2024-04-17,Bluedart,138.85,Delayed,3,2024-04
Shp000375,Ord000375,2023-09-25,2023-09-30,Indiapost,43.59,Returned To Origin,5,2023-09
Shp000376,Ord000376,2022-06-15,2022-06-21,Xpressbees,732.21,Lost,6,2022-06
Shp000377,Ord000377,2024-12-10,2024-12-25,Xpressbees,273.24,Returned To Origin,15,2024-12
Shp000378,Ord000378,2022-01-15,2022-01-20,Xpressbees,375.69,Lost,5,2022-01
Shp000379,Ord000379,2024-05-28,2024-06-12,Indiapost,172.03,Returned To Origin,15,2024-05
Shp000380,Ord000380,2023-03-23,2023-03-27,Bluedart,412.86,Delayed,4,2023-03
Shp000381,Ord000381,2023-08-25,2023-09-04,Bluedart,52.01,In Transit,10,2023-08
Shp000382,Ord000382,2024-03-07,2024-03-15,Dtdc,569.48,Returned To Origin,8,2024-03
Shp000383,Ord000383,2023-11-20,2023-12-05,Xpressbees,817.59,Returned To Origin,15,2023-11
Shp000384,Ord000384,2022-02-10,2022-02-18,Xpressbees,710.69,In Transit,8,2022-02
Shp000385,Ord000385,2022-02-16,2022-02-23,Indiapost,31.49,Lost,7,2022-02
Shp000386,Ord000386,2022-09-27,2022-10-04,Delhivery,552.04,Delivered,7,2022-09
Shp000387,Ord000387,2024-01-28,2024-01-31,Xpressbees,471.76,Delayed,3,2024-01
Shp000388,Ord000388,2023-05-24,2023-05-27,Dtdc,339.54,In Transit,3,2023-05
Shp000389,Ord000389,2023-07-22,2023-07-27,Dtdc,470.81,Returned To Origin,5,2023-07
Shp000391,Ord000391,2023-11-12,2023-11-13,Ekart,690.84,Lost,1,2023-11
Shp000392,Ord000392,2023-07-24,2023-07-28,Xpressbees,553.5,In Transit,4,2023-07
Shp000393,Ord000393,2022-03-31,2022-04-07,Bluedart,111.35,Delayed,7,2022-03
Shp000394,Ord000394,2022-08-02,2022-08-05,Indiapost,242.67,Delivered,3,2022-08
Shp000395,Ord000395,2022-06-09,2022-06-17,Xpressbees,716.33,Delayed,8,2022-06
Shp000396,Ord000396,2022-12-19,2022-12-22,Fedex,,Lost,3,2022-12
Shp000397,Ord000397,2024-08-31,2024-09-07,Dtdc,90.2,In Transit,7,2024-08
Shp000398,Ord000398,2023-06-05,2023-06-09,Ekart,216.9,Delayed,4,2023-06
Shp000399,Ord000399,2023-04-23,2023-04-28,Fedex,782.34,Delayed,5,2023-04
Shp000400,Ord000400,2023-03-23,2023-03-29,Dtdc,389.55,Returned To Origin,6,2023-03
Shp000401,Ord000401,2023-11-20,2023-11-27,Dtdc,338.59,Returned To Origin,7,2023-11
Shp000402,Ord000402,2024-05-21,2024-05-28,Bluedart,322.43,In Transit,7,2024-05
Shp000403,Ord000403,2022-05-01,2022-05-08,Fedex,,Delayed,7,2022-05
Shp000404,Ord000404,2023-09-16,2023-09-19,Xpressbees,258.12,Delivered,3,2023-09
Shp000406,Ord000406,2024-07-02,2024-07-12,Delhivery,149.91,Delivered,10,2024-07
Shp000407,Ord000407,2024-03-12,2024-03-14,Indiapost,288.41,Returned To Origin,2,2024-03
Shp000408,Ord000408,2022-02-22,2022-03-04,Delhivery,129.43,Delayed,10,2022-02
Shp000409,Ord000409,2024-10-27,2024-11-04,Ekart,118.23,In Transit,8,2024-10
Shp000411,Ord000411,2024-10-08,2024-10-16,Delhivery,404.47,Lost,8,2024-10
Shp000412,Ord000412,2023-05-15,2023-05-18,Bluedart,884.68,Lost,3,2023-05
Shp000413,Ord000413,2022-03-22,2022-03-25,Delhivery,469.92,Delayed,3,2022-03
Shp000414,Ord000414,2022-10-29,2022-10-31,Xpressbees,779.28,Delivered,2,2022-10
Shp000415,Ord000415,2024-04-22,2024-04-30,Delhivery,361.32,Delivered,8,2024-04
Shp000416,Ord000416,2024-06-10,2024-06-18,Fedex,892.95,Returned To Origin,8,2024-06
Shp000417,Ord000417,2023-02-24,2023-02-26,Xpressbees,813.76,Delayed,2,2023-02
Shp000418,Ord000418,2022-01-19,2022-01-27,Fedex,381.32,Delivered,8,2022-01
Shp000419,Ord000419,2023-03-14,2023-03-16,Indiapost,701.08,Delayed,2,2023-03
Shp000420,Ord000420,2023-01-22,2023-01-27,Delhivery,884.44,Delayed,5,2023-01
Shp000422,Ord000422,2023-11-23,2023-11-29,Delhivery,777.07,Returned To Origin,6,2023-11
Shp000423,Ord000423,2022-06-05,2022-06-11,Bluedart,361.83,In Transit,6,2022-06
Shp000424,Ord000424,2022-10-04,2022-10-05,Xpressbees,897.19,Delivered,1,2022-10
Shp000425,Ord000425,2024-08-17,2024-08-22,Dtdc,136.94,Lost,5,2024-08
Shp000427,Ord000427,2022-01-12,2022-01-16,Xpressbees,721.04,In Transit,4,2022-01
Shp000428,Ord000428,2022-05-16,2022-05-31,Dtdc,899.85,In Transit,15,2022-05
Shp000429,Ord000429,2022-12-30,2023-01-04,Ekart,94.68,In Transit,5,2022-12
Shp000430,Ord000430,2023-02-21,2023-02-27,Xpressbees,252.82,Delivered,6,2023-02
Shp000431,Ord000431,2022-04-19,2022-04-23,Indiapost,535.69,Delayed,4,2022-04
Shp000433,Ord000433,2024-09-26,2024-10-11,Xpressbees,634.69,Delayed,15,2024-09
Shp000434,Ord000434,2023-03-04,2023-03-09,Xpressbees,640.76,In Transit,5,2023-03
Shp000435,Ord000435,2023-04-25,2023-05-02,Bluedart,429.33,Delivered,7,2023-04
Shp000436,Ord000436,2022-07-30,2022-08-02,Indiapost,650.86,Lost,3,2022-07
Shp000437,Ord000437,2022-02-24,2022-03-03,Bluedart,188.99,In Transit,7,2022-02
Shp000438,Ord000438,2022-10-17,2022-10-19,Delhivery,221.16,Delayed,2,2022-10
Shp000439,Ord000439,2023-05-23,2023-05-28,Delhivery,884.89,Returned To Origin,5,2023-05
Shp000440,Ord000440,2022-06-01,2022-06-02,Dtdc,212.68,Lost,1,2022-06
Shp000442,Ord000442,2022-07-31,2022-08-02,Ekart,784.17,Delayed,2,2022-07
Shp000443,Ord000443,2022-03-25,2022-03-28,Ekart,826.02,Lost,3,2022-03
Shp000444,Ord000444,2023-05-11,2023-05-16,Ekart,346.48,Lost,5,2023-05
Shp000445,Ord000445,2023-08-28,2023-09-12,Bluedart,242.02,Lost,15,2023-08
Shp000446,Ord000446,2024-07-10,2024-07-13,Xpressbees,659.96,Delayed,3,2024-07
Shp000447,Ord000447,2022-11-16,2022-11-21,Ekart,204.11,Delivered,5,2022-11
Shp000448,Ord000448,2023-02-12,2023-02-17,Fedex,765.06,Returned To Origin,5,2023-02
Shp000450,Ord000450,2023-03-15,2023-03-16,Fedex,829.12,Lost,1,2023-03
Shp000451,Ord000451,2023-08-16,2023-08-19,Fedex,749.72,In Transit,3,2023-08
Shp000452,Ord000452,2023-08-26,2023-09-05,Fedex,790.74,Delivered,10,2023-08
Shp000453,Ord000453,2022-09-26,2022-10-03,Ekart,644.87,Delivered,7,2022-09
Shp000454,Ord000454,2022-09-16,2022-09-23,Ekart,725.07,Returned To Origin,7,2022-09
Shp000455,Ord000455,2022-02-28,2022-03-08,Indiapost,127.87,In Transit,8,2022-02
Shp000456,Ord000456,2022-10-24,2022-10-29,Fedex,703.47,Lost,5,2022-10
Shp000457,Ord000457,2024-08-12,2024-08-16,Ekart,558.46,Returned To Origin,4,2024-08
Shp000458,Ord000458,2022-07-07,2022-07-09,Fedex,708.27,Delayed,2,2022-07
Shp000459,Ord000459,2022-11-15,2022-11-25,Bluedart,31.1,In Transit,10,2022-11
Shp000460,Ord000460,2022-12-05,2022-12-10,Xpressbees,561.0,Delayed,5,2022-12
Shp000461,Ord000461,2023-10-22,2023-10-23,Ekart,247.36,Returned To Origin,1,2023-10
Shp000462,Ord000462,2023-09-01,2023-09-02,Xpressbees,286.13,Lost,1,2023-09
Shp000463,Ord000463,2023-10-08,2023-10-14,Fedex,66.37,Lost,6,2023-10
Shp000464,Ord000464,2022-03-25,2022-03-28,Fedex,597.53,Delayed,3,2022-03
Shp000465,Ord000465,2023-11-24,2023-11-27,Xpressbees,681.25,Returned To Origin,3,2023-11
Shp000467,Ord000467,2023-11-19,2023-12-04,Indiapost,444.7,Returned To Origin,15,2023-11
Shp000468,Ord000468,2022-04-23,2022-04-30,Ekart,106.66,Returned To Origin,7,2022-04
Shp000469,Ord000469,2024-05-24,2024-05-27,Bluedart,132.6,Delayed,3,2024-05
Shp000471,Ord000471,2023-05-27,2023-05-30,Dtdc,757.48,Returned To Origin,3,2023-05
Shp000474,Ord000474,2022-04-19,2022-04-22,Xpressbees,791.29,In Transit,3,2022-04
Shp000475,Ord000475,2023-04-04,2023-04-06,Dtdc,153.49,Delayed,2,2023-04
Shp000476,Ord000476,2023-03-08,2023-03-16,Delhivery,393.26,Delayed,8,2023-03
Shp000477,Ord000477,2024-07-03,2024-07-05,Ekart,218.69,Delayed,2,2024-07
Shp000478,Ord000478,2023-03-11,2023-03-15,Xpressbees,228.95,In Transit,4,2023-03
Shp000479,Ord000479,2022-04-29,2022-05-03,Dtdc,373.18,Delivered,4,2022-04
Shp000480,Ord000480,2022-03-26,2022-03-31,Dtdc,617.32,In Transit,5,2022-03
Shp000481,Ord000481,2024-08-06,2024-08-07,Bluedart,304.23,Returned To Origin,1,2024-08
Shp000482,Ord000482,2024-11-29,2024-12-04,Bluedart,126.97,In Transit,5,2024-11
Shp000483,Ord000483,2023-04-07,2023-04-12,Dtdc,76.57,Delivered,5,2023-04
Shp000485,Ord000485,2024-07-23,2024-07-26,Fedex,381.49,Delivered,3,2024-07
Shp000486,Ord000486,2024-04-12,2024-04-13,Ekart,769.68,In Transit,1,2024-04
Shp000487,Ord000487,2023-05-30,2023-06-04,Fedex,876.01,Delivered,5,2023-05
Shp000488,Ord000488,2022-10-27,2022-10-30,Xpressbees,191.5,Delayed,3,2022-10
Shp000489,Ord000489,2022-03-19,2022-03-22,Fedex,314.97,Returned To Origin,3,2022-03
Shp000490,Ord000490,2023-04-22,2023-04-27,Bluedart,274.99,Delivered,5,2023-04
Shp000491,Ord000491,2023-08-24,2023-09-03,Dtdc,832.53,Delivered,10,2023-08
Shp000492,Ord000492,2022-01-12,2022-01-14,Bluedart,722.54,Delayed,2,2022-01
Shp000493,Ord000493,2023-01-31,2023-02-01,Delhivery,769.81,Delayed,1,2023-01
Shp000494,Ord000494,2022-05-14,2022-05-20,Xpressbees,848.28,Lost,6,2022-05
Shp000495,Ord000495,2022-05-17,2022-05-24,Fedex,302.2,Lost,7,2022-05
Shp000496,Ord000496,2023-01-31,2023-02-05,Fedex,720.43,Returned To Origin,5,2023-01
Shp000497,Ord000497,2024-04-19,2024-04-25,Indiapost,496.04,Delayed,6,2024-04
Shp000498,Ord000498,2023-05-27,2023-06-11,Dtdc,769.5,Returned To Origin,15,2023-05
Shp000499,Ord000499,2024-04-07,2024-04-13,Delhivery,673.52,Returned To Origin,6,2024-04
Shp000500,Ord000500,2024-05-31,2024-06-06,Xpressbees,494.44,In Transit,6,2024-05
Shp000502,Ord000502,2024-06-20,2024-06-23,Bluedart,635.87,In Transit,3,2024-06
Shp000503,Ord000503,2022-05-17,2022-05-20,Bluedart,325.41,Delivered,3,2022-05
Shp000504,Ord000504,2023-12-10,2023-12-25,Ekart,164.22,Returned To Origin,15,2023-12
Shp000507,Ord000507,2022-07-25,2022-07-31,Ekart,156.5,Lost,6,2022-07
Shp000508,Ord000508,2023-10-19,2023-10-24,Xpressbees,49.35,Delivered,5,2023-10
Shp000509,Ord000509,2022-10-26,2022-11-05,Ekart,65.01,In Transit,10,2022-10
Shp000510,Ord000510,2024-01-15,2024-01-18,Indiapost,449.71,Returned To Origin,3,2024-01
Shp000511,Ord000511,2022-08-15,2022-08-17,Bluedart,433.97,Lost,2,2022-08
Shp000512,Ord000512,2023-09-23,2023-09-25,Fedex,369.86,In Transit,2,2023-09
Shp000513,Ord000513,2024-01-04,2024-01-08,Bluedart,675.9,Returned To Origin,4,2024-01
Shp000514,Ord000514,2022-01-20,2022-01-25,Dtdc,190.4,In Transit,5,2022-01
Shp000516,Ord000516,2022-01-07,2022-01-08,Dtdc,206.28,Lost,1,2022-01
Shp000517,Ord000517,2024-04-19,2024-05-04,Ekart,330.38,Delayed,15,2024-04
Shp000518,Ord000518,2023-12-26,2024-01-10,Ekart,530.3,Delivered,15,2023-12
Shp000519,Ord000519,2022-08-31,2022-09-05,Ekart,712.02,Lost,5,2022-08
Shp000521,Ord000521,2022-07-16,2022-07-31,Bluedart,222.89,Returned To Origin,15,2022-07
Shp000522,Ord000522,2024-04-26,2024-04-30,Ekart,850.1,Delayed,4,2024-04
Shp000523,Ord000523,2023-05-28,2023-05-31,Delhivery,892.34,In Transit,3,2023-05
Shp000524,Ord000524,2023-02-28,2023-03-03,Indiapost,850.85,Delivered,3,2023-02
Shp000525,Ord000525,2022-08-18,2022-08-20,Indiapost,168.76,Returned To Origin,2,2022-08
Shp000526,Ord000526,2024-09-07,2024-09-22,Delhivery,858.93,Delivered,15,2024-09
Shp000527,Ord000527,2022-04-25,2022-05-02,Delhivery,712.84,Lost,7,2022-04
Shp000528,Ord000528,2023-06-25,2023-06-27,Bluedart,899.58,In Transit,2,2023-06
Shp000529,Ord000529,2022-01-17,2022-01-25,Fedex,43.01,Lost,8,2022-01
Shp000531,Ord000531,2022-01-06,2022-01-21,Fedex,870.43,In Transit,15,2022-01
Shp000532,Ord000532,2023-01-13,2023-01-19,Xpressbees,157.9,Delayed,6,2023-01
Shp000533,Ord000533,2022-02-22,2022-03-01,Xpressbees,863.37,Delivered,7,2022-02
Shp000534,Ord000534,2022-05-18,2022-05-19,Fedex,599.66,In Transit,1,2022-05
Shp000535,Ord000535,2022-11-21,2022-11-22,Indiapost,659.28,Lost,1,2022-11
Shp000537,Ord000537,2024-12-09,2024-12-13,Fedex,41.32,Delivered,4,2024-12
Shp000540,Ord000540,2024-08-22,2024-08-28,Indiapost,161.83,Delayed,6,2024-08
Shp000541,Ord000541,2023-04-25,2023-05-03,Xpressbees,678.01,Delivered,8,2023-04
Shp000543,Ord000543,2023-10-20,2023-10-24,Xpressbees,115.86,In Transit,4,2023-10
Shp000544,Ord000544,2023-06-23,2023-07-08,Bluedart,517.99,Lost,15,2023-06
Shp000545,Ord000545,2024-12-28,2024-12-31,Bluedart,555.44,Delivered,3,2024-12
Shp000546,Ord000546,2023-02-19,2023-02-24,Delhivery,136.84,Returned To Origin,5,2023-02
Shp000548,Ord000548,2022-04-14,2022-04-20,Xpressbees,396.92,Lost,6,2022-04
Shp000549,Ord000549,2023-10-03,2023-10-07,Fedex,792.56,Returned To Origin,4,2023-10
Shp000550,Ord000550,2024-03-30,2024-04-14,Ekart,506.76,Delivered,15,2024-03
Shp000551,Ord000551,2022-12-28,2022-12-30,Ekart,371.52,Returned To Origin,2,2022-12
Shp000552,Ord000552,2022-03-24,2022-03-30,Indiapost,860.78,Delayed,6,2022-03
Shp000553,Ord000553,2024-07-07,2024-07-22,Fedex,828.99,Returned To Origin,15,2024-07
Shp000555,Ord000555,2023-08-12,2023-08-22,Bluedart,838.86,Lost,10,2023-08
Shp000556,Ord000556,2024-01-26,2024-02-02,Dtdc,189.92,Lost,7,2024-01
Shp000557,Ord000557,2022-04-07,2022-04-13,Dtdc,51.16,In Transit,6,2022-04
Shp000558,Ord000558,2022-04-18,2022-04-19,Dtdc,754.8,Delivered,1,2022-04
Shp000559,Ord000559,2022-12-27,2022-12-31,Bluedart,,Returned To Origin,4,2022-12
Shp000560,Ord000560,2023-07-06,2023-07-16,Ekart,862.08,Returned To Origin,10,2023-07
Shp000561,Ord000561,2022-11-06,2022-11-11,Dtdc,328.05,Delivered,5,2022-11
Shp000562,Ord000562,2024-04-20,2024-04-21,Dtdc,275.82,Delayed,1,2024-04
Shp000563,Ord000563,2024-05-29,2024-06-06,Xpressbees,459.07,In Transit,8,2024-05
Shp000564,Ord000564,2024-01-02,2024-01-05,Xpressbees,365.25,Delivered,3,2024-01
Shp000566,Ord000566,2022-03-17,2022-03-23,Ekart,855.8,Returned To Origin,6,2022-03
Shp000567,Ord000567,2023-06-03,2023-06-08,Ekart,370.7,Delivered,5,2023-06
Shp000568,Ord000568,2024-07-31,2024-08-15,Fedex,268.54,In Transit,15,2024-07
Shp000569,Ord000569,2023-11-07,2023-11-22,Ekart,872.5,Delayed,15,2023-11
Shp000570,Ord000570,2022-09-26,2022-10-02,Delhivery,330.91,Lost,6,2022-09
Shp000571,Ord000571,2024-03-24,2024-04-08,Dtdc,166.64,Returned To Origin,15,2024-03
Shp000572,Ord000572,2023-05-13,2023-05-23,Dtdc,554.83,Returned To Origin,10,2023-05
Shp000573,Ord000573,2023-01-29,2023-02-13,Bluedart,32.21,Delivered,15,2023-01
Shp000574,Ord000574,2022-04-24,2022-04-27,Dtdc,141.09,Delayed,3,2022-04
Shp000575,Ord000575,2022-01-14,2022-01-29,Delhivery,258.26,Delayed,15,2022-01
Shp000576,Ord000576,2023-03-25,2023-03-26,Xpressbees,856.24,In Transit,1,2023-03
Shp000577,Ord000577,2024-04-29,2024-05-07,Ekart,359.69,Returned To Origin,8,2024-04
Shp000578,Ord000578,2023-05-19,2023-05-22,Dtdc,461.48,Lost,3,2023-05
Shp000580,Ord000580,2022-11-28,2022-12-02,Ekart,281.69,Lost,4,2022-11
Shp000581,Ord000581,2022-01-28,2022-02-05,Delhivery,759.93,Delivered,8,2022-01
Shp000582,Ord000582,2022-10-02,2022-10-17,Fedex,287.79,Delivered,15,2022-10
Shp000583,Ord000583,2023-07-26,2023-07-29,Delhivery,136.23,Delivered,3,2023-07
Shp000584,Ord000584,2023-07-12,2023-07-18,Fedex,487.65,Delivered,6,2023-07
Shp000585,Ord000585,2024-05-17,2024-05-18,Ekart,776.44,Delayed,1,2024-05
Shp000586,Ord000586,2024-11-13,2024-11-21,Delhivery,373.97,In Transit,8,2024-11
Shp000587,Ord000587,2024-05-31,2024-06-08,Delhivery,874.16,In Transit,8,2024-05
Shp000590,Ord000590,2023-01-11,2023-01-21,Dtdc,497.24,In Transit,10,2023-01
Shp000591,Ord000591,2022-09-21,2022-09-27,Fedex,496.61,Lost,6,2022-09
Shp000592,Ord000592,2022-05-21,2022-05-25,Bluedart,208.25,Returned To Origin,4,2022-05
Shp000593,Ord000593,2023-10-22,2023-10-29,Indiapost,303.59,Delivered,7,2023-10
Shp000597,Ord000597,2023-04-23,2023-04-30,Bluedart,750.92,In Transit,7,2023-04
Shp000598,Ord000598,2024-08-20,2024-08-26,Fedex,286.73,Delayed,6,2024-08
Shp000599,Ord000599,2023-04-07,2023-04-17,Xpressbees,560.49,Delivered,10,2023-04
Shp000600,Ord000600,2022-02-03,2022-02-18,Fedex,373.6,Delivered,15,2022-02
Shp000601,Ord000601,2022-11-27,2022-11-29,Bluedart,107.38,Delivered,2,2022-11
Shp000603,Ord000603,2022-03-04,2022-03-14,Ekart,36.41,Returned To Origin,10,2022-03
Shp000604,Ord000604,2023-03-13,2023-03-14,Xpressbees,208.78,In Transit,1,2023-03
Shp000605,Ord000605,2023-11-26,2023-11-27,Xpressbees,862.87,In Transit,1,2023-11
Shp000606,Ord000606,2023-11-05,2023-11-08,Fedex,387.21,Returned To Origin,3,2023-11
Shp000607,Ord000607,2022-12-21,2022-12-26,Bluedart,421.22,Lost,5,2022-12
Shp000608,Ord000608,2023-12-21,2023-12-24,Dtdc,220.48,In Transit,3,2023-12
Shp000609,Ord000609,2022-01-15,2022-01-30,Indiapost,884.65,Delayed,15,2022-01
Shp000610,Ord000610,2022-04-15,2022-04-16,Ekart,267.44,Returned To Origin,1,2022-04
Shp000612,Ord000612,2024-09-15,2024-09-22,Bluedart,381.56,Returned To Origin,7,2024-09
Shp000614,Ord000614,2022-05-14,2022-05-22,Xpressbees,478.86,Lost,8,2022-05
Shp000615,Ord000615,2022-02-13,2022-02-16,Xpressbees,176.74,Lost,3,2022-02
Shp000617,Ord000617,2024-08-20,2024-08-24,Bluedart,201.54,Returned To Origin,4,2024-08
Shp000618,Ord000618,2024-10-13,2024-10-20,Bluedart,263.3,Delayed,7,2024-10
Shp000619,Ord000619,2022-10-19,2022-10-25,Dtdc,110.15,Delayed,6,2022-10
Shp000620,Ord000620,2023-05-12,2023-05-18,Indiapost,824.01,Delayed,6,2023-05
Shp000621,Ord000621,2024-11-23,2024-12-01,Bluedart,120.81,In Transit,8,2024-11
Shp000622,Ord000622,2024-07-04,2024-07-08,Ekart,249.89,Delayed,4,2024-07
Shp000623,Ord000623,2024-12-23,2024-12-26,Indiapost,190.27,Lost,3,2024-12
Shp000624,Ord000624,2023-11-12,2023-11-13,Bluedart,603.67,Delivered,1,2023-11
Shp000625,Ord000625,2024-10-04,2024-10-06,Bluedart,426.8,Delivered,2,2024-10
Shp000626,Ord000626,2022-02-04,2022-02-06,Delhivery,496.19,Delayed,2,2022-02
Shp000627,Ord000627,2023-08-10,2023-08-14,Delhivery,32.08,Delayed,4,2023-08
Shp000628,Ord000628,2022-12-12,2022-12-16,Dtdc,867.33,Lost,4,2022-12
Shp000629,Ord000629,2024-09-25,2024-09-28,Xpressbees,703.33,In Transit,3,2024-09
Shp000630,Ord000630,2023-08-03,2023-08-11,Bluedart,166.36,Returned To Origin,8,2023-08
Shp000631,Ord000631,2023-10-30,2023-11-05,Ekart,278.4,In Transit,6,2023-10
Shp000632,Ord000632,2023-12-09,2023-12-24,Ekart,180.83,Lost,15,2023-12
Shp000633,Ord000633,2023-07-16,2023-07-22,Indiapost,769.75,Delivered,6,2023-07
Shp000634,Ord000634,2023-01-16,2023-01-20,Delhivery,869.93,Lost,4,2023-01
Shp000635,Ord000635,2022-11-19,2022-11-22,Dtdc,166.91,Delayed,3,2022-11
Shp000636,Ord000636,2024-07-07,2024-07-14,Fedex,827.67,Delivered,7,2024-07
Shp000637,Ord000637,2024-12-10,2024-12-20,Fedex,84.89,Delayed,10,2024-12
Shp000638,Ord000638,2024-04-08,2024-04-12,Fedex,109.93,Lost,4,2024-04
Shp000639,Ord000639,2023-02-26,2023-03-03,Ekart,598.24,Lost,5,2023-02
Shp000640,Ord000640,2024-08-24,2024-09-01,Dtdc,307.82,Lost,8,2024-08
Shp000642,Ord000642,2023-03-11,2023-03-13,Bluedart,37.94,Delivered,2,2023-03
Shp000643,Ord000643,2022-06-21,2022-06-22,Delhivery,85.64,Returned To Origin,1,2022-06
Shp000646,Ord000646,2023-08-12,2023-08-27,Ekart,542.88,In Transit,15,2023-08
Shp000647,Ord000647,2023-04-24,2023-04-27,Ekart,852.56,Delivered,3,2023-04
Shp000648,Ord000648,2022-12-02,2022-12-03,Xpressbees,324.01,Delivered,1,2022-12
Shp000650,Ord000650,2023-12-24,2023-12-29,Indiapost,419.22,Lost,5,2023-12
Shp000651,Ord000651,2023-03-29,2023-04-06,Dtdc,215.76,Delivered,8,2023-03
Shp000652,Ord000652,2022-02-16,2022-02-19,Dtdc,184.5,In Transit,3,2022-02
Shp000653,Ord000653,2023-05-27,2023-05-30,Delhivery,455.05,In Transit,3,2023-05
Shp000654,Ord000654,2022-04-13,2022-04-20,Dtdc,667.0,Delivered,7,2022-04
Shp000655,Ord000655,2024-01-21,2024-01-28,Xpressbees,55.54,Returned To Origin,7,2024-01
Shp000656,Ord000656,2023-04-03,2023-04-04,Fedex,656.66,Delayed,1,2023-04
Shp000657,Ord000657,2022-01-11,2022-01-16,Indiapost,52.59,In Transit,5,2022-01
Shp000659,Ord000659,2023-06-09,2023-06-13,Bluedart,853.24,Delivered,4,2023-06
Shp000660,Ord000660,2023-09-25,2023-09-28,Dtdc,400.21,Delayed,3,2023-09
Shp000661,Ord000661,2024-07-19,2024-07-23,Bluedart,898.35,In Transit,4,2024-07
Shp000662,Ord000662,2022-02-20,2022-02-23,Fedex,304.39,Delivered,3,2022-02
Shp000664,Ord000664,2022-12-22,2022-12-26,Delhivery,653.98,Lost,4,2022-12
Shp000665,Ord000665,2023-08-24,2023-08-26,Indiapost,86.03,Lost,2,2023-08
Shp000666,Ord000666,2024-03-20,2024-03-22,Delhivery,452.27,Lost,2,2024-03
Shp000667,Ord000667,2023-07-13,2023-07-17,Fedex,493.5,In Transit,4,2023-07
Shp000669,Ord000669,2022-01-14,2022-01-24,Fedex,240.31,Delayed,10,2022-01
Shp000670,Ord000670,2023-02-07,2023-02-10,Xpressbees,58.1,Lost,3,2023-02
Shp000671,Ord000671,2022-12-10,2022-12-18,Dtdc,339.36,In Transit,8,2022-12
Shp000672,Ord000672,2024-04-03,2024-04-11,Delhivery,522.21,In Transit,8,2024-04
Shp000673,Ord000673,2023-01-26,2023-01-29,Indiapost,252.16,In Transit,3,2023-01
Shp000674,Ord000674,2024-08-19,2024-08-22,Delhivery,562.95,Returned To Origin,3,2024-08
Shp000675,Ord000675,2024-07-10,2024-07-17,Ekart,213.85,Delivered,7,2024-07
Shp000676,Ord000676,2022-10-09,2022-10-13,Indiapost,103.56,Returned To Origin,4,2022-10
Shp000677,Ord000677,2024-12-10,2024-12-12,Delhivery,430.82,Lost,2,2024-12
Shp000679,Ord000679,2023-04-30,2023-05-03,Dtdc,381.93,Lost,3,2023-04
Shp000680,Ord000680,2023-09-22,2023-09-25,Delhivery,,In Transit,3,2023-09
Shp000682,Ord000682,2024-09-15,2024-09-25,Fedex,558.42,Delivered,10,2024-09
Shp000684,Ord000684,2023-10-10,2023-10-13,Fedex,385.0,Delivered,3,2023-10
Shp000685,Ord000685,2024-01-26,2024-01-28,Indiapost,323.15,Delayed,2,2024-01
Shp000686,Ord000686,2024-09-13,2024-09-19,Fedex,131.14,Delivered,6,2024-09
Shp000688,Ord000688,2024-01-07,2024-01-11,Bluedart,348.43,In Transit,4,2024-01
Shp000689,Ord000689,2023-12-26,2024-01-01,Fedex,740.16,Returned To Origin,6,2023-12
Shp000690,Ord000690,2024-07-31,2024-08-04,Delhivery,60.12,Delayed,4,2024-07
Shp000691,Ord000691,2024-05-08,2024-05-13,Fedex,336.19,Returned To Origin,5,2024-05
Shp000692,Ord000692,2022-10-11,2022-10-26,Indiapost,394.31,Lost,15,2022-10
Shp000693,Ord000693,2024-12-28,2024-12-31,Ekart,212.38,Lost,3,2024-12
Shp000694,Ord000694,2024-02-29,2024-03-06,Bluedart,174.83,In Transit,6,2024-02
Shp000695,Ord000695,2022-01-06,2022-01-09,Ekart,549.66,Returned To Origin,3,2022-01
Shp000697,Ord000697,2023-04-23,2023-05-08,Dtdc,473.81,Delayed,15,2023-04
Shp000698,Ord000698,2024-04-05,2024-04-08,Dtdc,163.39,In Transit,3,2024-04
Shp000699,Ord000699,2024-01-22,2024-01-23,Xpressbees,,Lost,1,2024-01
Shp000700,Ord000700,2023-02-22,2023-03-04,Bluedart,675.36,Lost,10,2023-02
Shp000701,Ord000701,2022-03-11,2022-03-16,Xpressbees,777.13,Returned To Origin,5,2022-03
Shp000703,Ord000703,2024-02-16,2024-02-20,Fedex,144.51,Delivered,4,2024-02
Shp000704,Ord000704,2023-08-06,2023-08-11,Fedex,319.05,Returned To Origin,5,2023-08
Shp000705,Ord000705,2022-04-17,2022-04-21,Fedex,59.81,Returned To Origin,4,2022-04
Shp000706,Ord000706,2024-07-14,2024-07-17,Fedex,841.82,Delivered,3,2024-07
Shp000708,Ord000708,2024-07-24,2024-08-08,Fedex,360.04,Lost,15,2024-07
Shp000709,Ord000709,2024-08-24,2024-08-27,Delhivery,123.79,Lost,3,2024-08
Shp000711,Ord000711,2022-10-12,2022-10-18,Fedex,841.84,Returned To Origin,6,2022-10
Shp000713,Ord000713,2022-10-20,2022-10-22,Bluedart,886.95,Lost,2,2022-10
Shp000714,Ord000714,2022-07-15,2022-07-18,Delhivery,120.39,Delayed,3,2022-07
Shp000715,Ord000715,2022-02-03,2022-02-18,Fedex,266.46,Delayed,15,2022-02
Shp000716,Ord000716,2022-10-15,2022-10-20,Ekart,458.57,Lost,5,2022-10
Shp000717,Ord000717,2024-02-10,2024-02-25,Fedex,178.61,Returned To Origin,15,2024-02
Shp000718,Ord000718,2024-10-26,2024-11-01,Fedex,504.57,Delayed,6,2024-10
Shp000719,Ord000719,2024-08-27,2024-09-03,Indiapost,211.43,Lost,7,2024-08
Shp000720,Ord000720,2023-02-06,2023-02-09,Ekart,217.22,Returned To Origin,3,2023-02
Shp000721,Ord000721,2022-11-26,2022-12-02,Bluedart,556.65,Lost,6,2022-11
Shp000722,Ord000722,2023-07-27,2023-08-04,Fedex,,In Transit,8,2023-07
Shp000723,Ord000723,2024-12-23,2024-12-25,Ekart,157.12,Returned To Origin,2,2024-12
Shp000724,Ord000724,2024-02-23,2024-02-25,Dtdc,135.74,Lost,2,2024-02
Shp000725,Ord000725,2022-02-05,2022-02-13,Ekart,733.92,Delivered,8,2022-02
Shp000726,Ord000726,2022-01-22,2022-01-25,Delhivery,131.96,In Transit,3,2022-01
Shp000727,Ord000727,2023-01-25,2023-01-27,Xpressbees,463.25,In Transit,2,2023-01
Shp000729,Ord000729,2023-11-18,2023-11-19,Dtdc,405.95,Delayed,1,2023-11
Shp000730,Ord000730,2022-05-22,2022-05-25,Xpressbees,307.89,In Transit,3,2022-05
Shp000731,Ord000731,2023-12-15,2023-12-19,Bluedart,762.37,Returned To Origin,4,2023-12
Shp000732,Ord000732,2024-04-26,2024-04-28,Fedex,868.24,Lost,2,2024-04
Shp000734,Ord000734,2024-09-24,2024-10-09,Fedex,163.1,In Transit,15,2024-09
Shp000735,Ord000735,2022-03-05,2022-03-15,Xpressbees,878.71,Delivered,10,2022-03
Shp000737,Ord000737,2023-01-01,2023-01-07,Delhivery,560.09,Delivered,6,2023-01
Shp000738,Ord000738,2022-12-18,2022-12-28,Bluedart,139.01,Delayed,10,2022-12
Shp000739,Ord000739,2022-01-19,2022-01-26,Delhivery,236.0,Delivered,7,2022-01
Shp000741,Ord000741,2023-12-03,2023-12-18,Xpressbees,668.54,Returned To Origin,15,2023-12
Shp000743,Ord000743,2023-05-19,2023-05-26,Fedex,453.4,Lost,7,2023-05
Shp000744,Ord000744,2023-06-20,2023-06-30,Ekart,365.82,In Transit,10,2023-06
Shp000745,Ord000745,2022-07-19,2022-07-26,Xpressbees,612.64,In Transit,7,2022-07
Shp000746,Ord000746,2024-05-19,2024-05-21,Delhivery,137.23,Delivered,2,2024-05
Shp000747,Ord000747,2024-11-15,2024-11-18,Dtdc,106.51,Returned To Origin,3,2024-11
Shp000749,Ord000749,2024-10-27,2024-10-28,Indiapost,315.72,Returned To Origin,1,2024-10
Shp000750,Ord000750,2022-05-25,2022-06-02,Bluedart,700.17,Returned To Origin,8,2022-05
Shp000752,Ord000752,2022-12-22,2022-12-27,Ekart,44.4,Returned To Origin,5,2022-12
Shp000754,Ord000754,2022-09-06,2022-09-09,Dtdc,129.31,Lost,3,2022-09
Shp000755,Ord000755,2022-06-29,2022-07-06,Fedex,401.06,Delivered,7,2022-06
Shp000756,Ord000756,2022-10-14,2022-10-15,Xpressbees,453.8,Delivered,1,2022-10
Shp000757,Ord000757,2023-09-16,2023-09-22,Bluedart,196.61,Lost,6,2023-09
Shp000758,Ord000758,2024-01-26,2024-01-28,Delhivery,380.09,Delivered,2,2024-01
Shp000759,Ord000759,2023-09-28,2023-10-13,Dtdc,150.45,Delayed,15,2023-09
Shp000762,Ord000762,2022-05-03,2022-05-06,Ekart,778.13,Lost,3,2022-05
Shp000764,Ord000764,2022-04-19,2022-04-27,Fedex,180.89,In Transit,8,2022-04
Shp000765,Ord000765,2022-03-10,2022-03-14,Dtdc,594.24,Delivered,4,2022-03
Shp000766,Ord000766,2022-04-07,2022-04-15,Delhivery,736.18,Returned To Origin,8,2022-04
Shp000767,Ord000767,2024-12-10,2024-12-13,Delhivery,470.42,Delivered,3,2024-12
Shp000768,Ord000768,2022-11-09,2022-11-15,Fedex,668.22,Delivered,6,2022-11
Shp000769,Ord000769,2023-01-19,2023-01-22,Indiapost,258.85,Returned To Origin,3,2023-01
Shp000770,Ord000770,2024-06-20,2024-06-28,Delhivery,254.04,Delayed,8,2024-06
Shp000771,Ord000771,2023-01-09,2023-01-16,Delhivery,824.3,Delivered,7,2023-01
Shp000772,Ord000772,2024-06-27,2024-07-12,Dtdc,46.74,Delivered,15,2024-06
Shp000773,Ord000773,2024-10-19,2024-10-21,Xpressbees,171.9,Delivered,2,2024-10
Shp000774,Ord000774,2023-08-08,2023-08-13,Fedex,589.62,Returned To Origin,5,2023-08
Shp000775,Ord000775,2023-10-25,2023-10-26,Dtdc,462.81,Delivered,1,2023-10
Shp000776,Ord000776,2022-03-11,2022-03-15,Indiapost,628.45,Lost,4,2022-03
Shp000777,Ord000777,2023-06-05,2023-06-20,Dtdc,632.69,Delivered,15,2023-06
Shp000778,Ord000778,2024-07-28,2024-08-07,Delhivery,394.07,In Transit,10,2024-07
Shp000779,Ord000779,2024-01-17,2024-01-19,Indiapost,757.99,Returned To Origin,2,2024-01
Shp000780,Ord000780,2023-09-26,2023-10-01,Delhivery,505.25,Returned To Origin,5,2023-09
Shp000781,Ord000781,2022-01-04,2022-01-14,Dtdc,877.3,Delayed,10,2022-01
Shp000782,Ord000782,2024-08-07,2024-08-14,Ekart,,Returned To Origin,7,2024-08
Shp000784,Ord000784,2024-06-13,2024-06-23,Bluedart,522.23,Delivered,10,2024-06
Shp000785,Ord000785,2023-07-24,2023-07-28,Bluedart,35.58,Lost,4,2023-07
Shp000786,Ord000786,2022-01-26,2022-02-03,Fedex,864.16,Returned To Origin,8,2022-01
Shp000787,Ord000787,2022-05-18,2022-05-23,Ekart,571.7,Returned To Origin,5,2022-05
Shp000788,Ord000788,2022-09-22,2022-09-25,Fedex,685.66,Lost,3,2022-09
Shp000790,Ord000790,2022-12-27,2022-12-29,Dtdc,503.96,Delivered,2,2022-12
Shp000791,Ord000791,2022-12-21,2022-12-24,Dtdc,457.77,Lost,3,2022-12
Shp000792,Ord000792,2024-12-22,2024-12-25,Xpressbees,364.23,Returned To Origin,3,2024-12
Shp000793,Ord000793,2024-11-30,2024-12-04,Indiapost,818.52,Delivered,4,2024-11
Shp000794,Ord000794,2022-12-13,2022-12-15,Ekart,374.57,Returned To Origin,2,2022-12
Shp000795,Ord000795,2024-08-22,2024-08-24,Indiapost,561.21,Delivered,2,2024-08
Shp000796,Ord000796,2024-02-25,2024-03-01,Indiapost,287.2,Delivered,5,2024-02
Shp000797,Ord000797,2024-01-28,2024-01-31,Ekart,196.89,Returned To Origin,3,2024-01
Shp000798,Ord000798,2024-12-09,2024-12-19,Delhivery,64.79,Delivered,10,2024-12
Shp000799,Ord000799,2023-04-04,2023-04-05,Ekart,891.65,Returned To Origin,1,2023-04
Shp000801,Ord000801,2023-01-20,2023-02-04,Ekart,494.27,Delayed,15,2023-01
Shp000802,Ord000802,2024-09-13,2024-09-17,Indiapost,44.1,Delayed,4,2024-09
Shp000803,Ord000803,2023-04-23,2023-05-01,Bluedart,96.3,Delivered,8,2023-04
Shp000804,Ord000804,2024-09-27,2024-09-30,Fedex,134.3,Returned To Origin,3,2024-09
Shp000805,Ord000805,2022-08-03,2022-08-04,Indiapost,293.31,Lost,1,2022-08
Shp000806,Ord000806,2023-08-11,2023-08-16,Indiapost,416.36,In Transit,5,2023-08
Shp000808,Ord000808,2023-02-03,2023-02-07,Fedex,459.51,In Transit,4,2023-02
Shp000810,Ord000810,2022-04-20,2022-04-22,Fedex,280.14,Lost,2,2022-04
Shp000811,Ord000811,2023-07-15,2023-07-16,Dtdc,442.82,Delivered,1,2023-07
Shp000813,Ord000813,2022-08-01,2022-08-07,Xpressbees,91.38,Delivered,6,2022-08
Shp000814,Ord000814,2022-02-12,2022-02-27,Ekart,352.76,Delayed,15,2022-02
Shp000815,Ord000815,2024-10-31,2024-11-01,Delhivery,570.77,Delivered,1,2024-10
Shp000817,Ord000817,2022-11-18,2022-11-19,Dtdc,339.66,In Transit,1,2022-11
Shp000819,Ord000819,2022-04-24,2022-04-30,Fedex,526.44,Delivered,6,2022-04
Shp000820,Ord000820,2023-11-24,2023-11-27,Ekart,816.97,Lost,3,2023-11
Shp000821,Ord000821,2023-08-17,2023-08-21,Xpressbees,183.35,In Transit,4,2023-08
Shp000822,Ord000822,2023-10-22,2023-10-29,Bluedart,430.77,Delayed,7,2023-10
Shp000823,Ord000823,2024-07-12,2024-07-13,Indiapost,496.41,Lost,1,2024-07
Shp000824,Ord000824,2023-08-03,2023-08-11,Dtdc,473.82,In Transit,8,2023-08
Shp000825,Ord000825,2022-10-18,2022-11-02,Xpressbees,714.11,Delayed,15,2022-10
Shp000827,Ord000827,2023-09-10,2023-09-25,Ekart,220.8,In Transit,15,2023-09
Shp000828,Ord000828,2023-08-24,2023-09-01,Bluedart,668.31,Returned To Origin,8,2023-08
Shp000829,Ord000829,2022-04-23,2022-05-03,Ekart,641.22,Lost,10,2022-04
Shp000830,Ord000830,2023-12-15,2023-12-20,Ekart,363.52,Returned To Origin,5,2023-12
Shp000831,Ord000831,2024-11-23,2024-11-27,Bluedart,41.75,Returned To Origin,4,2024-11
Shp000833,Ord000833,2022-03-17,2022-03-24,Ekart,69.34,Delayed,7,2022-03
Shp000834,Ord000834,2024-07-31,2024-08-04,Indiapost,806.44,Returned To Origin,4,2024-07
Shp000835,Ord000835,2024-06-13,2024-06-18,Delhivery,515.15,Delayed,5,2024-06
Shp000836,Ord000836,2024-06-03,2024-06-13,Fedex,363.86,In Transit,10,2024-06
Shp000837,Ord000837,2022-06-20,2022-06-27,Dtdc,228.02,Delivered,7,2022-06
Shp000839,Ord000839,2024-10-29,2024-11-01,Delhivery,182.21,Delayed,3,2024-10
Shp000841,Ord000841,2023-08-17,2023-08-27,Dtdc,102.55,Delayed,10,2023-08
Shp000842,Ord000842,2023-07-27,2023-07-30,Bluedart,311.88,Delayed,3,2023-07
Shp000843,Ord000843,2022-06-28,2022-07-01,Xpressbees,572.18,Returned To Origin,3,2022-06
Shp000844,Ord000844,2022-03-04,2022-03-05,Ekart,333.4,In Transit,1,2022-03
Shp000845,Ord000845,2023-03-12,2023-03-19,Fedex,545.97,Delayed,7,2023-03
Shp000846,Ord000846,2023-05-19,2023-05-24,Xpressbees,527.19,Returned To Origin,5,2023-05
Shp000848,Ord000848,2023-09-12,2023-09-15,Bluedart,102.99,Returned To Origin,3,2023-09
Shp000849,Ord000849,2022-01-02,2022-01-03,Xpressbees,409.69,Lost,1,2022-01
Shp000850,Ord000850,2022-03-18,2022-03-28,Fedex,456.86,Lost,10,2022-03
Shp000851,Ord000851,2024-11-26,2024-12-03,Bluedart,599.95,Returned To Origin,7,2024-11
Shp000854,Ord000854,2022-09-26,2022-09-30,Xpressbees,336.17,In Transit,4,2022-09
Shp000855,Ord000855,2023-09-14,2023-09-22,Bluedart,,Delayed,8,2023-09
Shp000856,Ord000856,2022-11-07,2022-11-14,Ekart,742.33,In Transit,7,2022-11
Shp000857,Ord000857,2024-02-27,2024-03-01,Bluedart,332.72,Delivered,3,2024-02
Shp000858,Ord000858,2023-10-16,2023-10-23,Xpressbees,530.46,Delivered,7,2023-10
Shp000859,Ord000859,2022-08-16,2022-08-18,Bluedart,659.94,Lost,2,2022-08
Shp000860,Ord000860,2023-08-15,2023-08-17,Dtdc,892.59,Delivered,2,2023-08
Shp000861,Ord000861,2023-06-17,2023-06-24,Delhivery,586.21,Lost,7,2023-06
Shp000862,Ord000862,2023-12-10,2023-12-25,Bluedart,434.8,Delivered,15,2023-12
Shp000863,Ord000863,2022-10-03,2022-10-13,Xpressbees,754.52,In Transit,10,2022-10
Shp000864,Ord000864,2024-09-19,2024-09-22,Delhivery,494.42,Returned To Origin,3,2024-09
Shp000865,Ord000865,2023-10-24,2023-10-27,Bluedart,729.42,Delayed,3,2023-10
Shp000866,Ord000866,2024-12-15,2024-12-18,Indiapost,125.95,Delayed,3,2024-12
Shp000867,Ord000867,2024-01-29,2024-02-03,Dtdc,346.62,Delivered,5,2024-01
Shp000868,Ord000868,2022-04-17,2022-05-02,Indiapost,110.84,Returned To Origin,15,2022-04
Shp000869,Ord000869,2023-01-16,2023-01-26,Indiapost,363.88,Returned To Origin,10,2023-01
Shp000870,Ord000870,2023-03-15,2023-03-16,Bluedart,653.13,Lost,1,2023-03
Shp000871,Ord000871,2023-04-25,2023-05-10,Fedex,611.54,Delayed,15,2023-04
Shp000873,Ord000873,2022-08-16,2022-08-18,Xpressbees,755.64,Delayed,2,2022-08
Shp000874,Ord000874,2022-07-28,2022-07-29,Delhivery,253.81,Lost,1,2022-07
Shp000875,Ord000875,2024-11-09,2024-11-15,Xpressbees,880.78,Delivered,6,2024-11
Shp000877,Ord000877,2022-04-30,2022-05-03,Dtdc,734.63,Lost,3,2022-04
Shp000879,Ord000879,2022-06-24,2022-06-26,Xpressbees,122.52,Returned To Origin,2,2022-06
Shp000880,Ord000880,2023-02-23,2023-02-27,Xpressbees,181.29,Delayed,4,2023-02
Shp000882,Ord000882,2023-11-01,2023-11-11,Dtdc,414.29,Returned To Origin,10,2023-11
Shp000883,Ord000883,2023-03-22,2023-04-01,Bluedart,210.42,Returned To Origin,10,2023-03
Shp000884,Ord000884,2024-02-20,2024-02-27,Delhivery,526.73,Delayed,7,2024-02
Shp000885,Ord000885,2023-01-28,2023-02-04,Delhivery,652.6,Lost,7,2023-01
Shp000887,Ord000887,2024-02-15,2024-02-22,Indiapost,490.62,Delayed,7,2024-02
Shp000888,Ord000888,2024-06-04,2024-06-14,Bluedart,213.28,Lost,10,2024-06
Shp000889,Ord000889,2023-08-14,2023-08-22,Indiapost,48.96,Delivered,8,2023-08
Shp000890,Ord000890,2023-05-11,2023-05-15,Ekart,260.83,Delivered,4,2023-05
Shp000891,Ord000891,2022-12-13,2022-12-20,Xpressbees,405.12,Delivered,7,2022-12
Shp000892,Ord000892,2023-05-26,2023-05-31,Dtdc,324.55,Delivered,5,2023-05
Shp000893,Ord000893,2023-09-04,2023-09-10,Indiapost,137.24,In Transit,6,2023-09
Shp000894,Ord000894,2023-06-29,2023-07-04,Bluedart,101.66,Delivered,5,2023-06
Shp000895,Ord000895,2024-04-03,2024-04-08,Ekart,106.08,Returned To Origin,5,2024-04
Shp000896,Ord000896,2024-06-25,2024-07-05,Fedex,463.99,Delayed,10,2024-06
Shp000897,Ord000897,2023-09-04,2023-09-10,Dtdc,128.09,Delayed,6,2023-09
Shp000898,Ord000898,2022-07-12,2022-07-14,Dtdc,608.21,Delivered,2,2022-07
Shp000899,Ord000899,2022-07-03,2022-07-05,Dtdc,492.8,Delayed,2,2022-07
Shp000900,Ord000900,2023-03-19,2023-03-23,Ekart,805.44,In Transit,4,2023-03
Shp000901,Ord000901,2022-04-15,2022-04-23,Indiapost,654.79,Delayed,8,2022-04
Shp000903,Ord000903,2024-12-16,2024-12-19,Delhivery,700.79,Delivered,3,2024-12
Shp000904,Ord000904,2023-12-25,2023-12-29,Delhivery,216.35,Delivered,4,2023-12
Shp000905,Ord000905,2024-09-30,2024-10-05,Ekart,244.13,Lost,5,2024-09
Shp000906,Ord000906,2024-06-20,2024-06-25,Ekart,368.01,Delayed,5,2024-06
Shp000907,Ord000907,2023-07-18,2023-07-28,Bluedart,342.87,Delayed,10,2023-07
Shp000909,Ord000909,2023-09-27,2023-10-07,Indiapost,377.3,Delayed,10,2023-09
Shp000910,Ord000910,2024-03-10,2024-03-13,Bluedart,292.9,Delivered,3,2024-03
Shp000911,Ord000911,2024-03-14,2024-03-24,Fedex,127.52,Delayed,10,2024-03
Shp000912,Ord000912,2022-11-02,2022-11-06,Xpressbees,755.65,In Transit,4,2022-11
Shp000913,Ord000913,2024-01-10,2024-01-25,Delhivery,194.82,Delivered,15,2024-01
Shp000915,Ord000915,2024-11-26,2024-11-28,Bluedart,426.06,Delivered,2,2024-11
Shp000916,Ord000916,2024-04-26,2024-05-11,Xpressbees,294.83,In Transit,15,2024-04
Shp000917,Ord000917,2024-02-29,2024-03-02,Ekart,460.15,Delivered,2,2024-02
Shp000918,Ord000918,2024-01-18,2024-01-23,Ekart,875.98,Delivered,5,2024-01
Shp000919,Ord000919,2023-04-17,2023-04-19,Ekart,344.26,In Transit,2,2023-04
Shp000920,Ord000920,2023-08-31,2023-09-03,Xpressbees,574.34,Delivered,3,2023-08
Shp000921,Ord000921,2023-07-24,2023-07-30,Ekart,621.91,Returned To Origin,6,2023-07
Shp000922,Ord000922,2022-01-08,2022-01-23,Fedex,469.9,Lost,15,2022-01
Shp000925,Ord000925,2023-02-05,2023-02-15,Dtdc,487.96,In Transit,10,2023-02
Shp000926,Ord000926,2022-02-04,2022-02-09,Fedex,75.78,Delayed,5,2022-02
Shp000927,Ord000927,2024-03-07,2024-03-17,Indiapost,224.97,Delayed,10,2024-03
Shp000928,Ord000928,2022-10-23,2022-10-28,Dtdc,67.07,In Transit,5,2022-10
Shp000930,Ord000930,2024-04-26,2024-05-06,Fedex,718.45,Returned To Origin,10,2024-04
Shp000931,Ord000931,2023-10-25,2023-11-01,Fedex,741.83,Delivered,7,2023-10
Shp000932,Ord000932,2024-03-25,2024-04-09,Dtdc,494.08,Delivered,15,2024-03
Shp000933,Ord000933,2024-06-30,2024-07-02,Dtdc,840.74,In Transit,2,2024-06
Shp000934,Ord000934,2024-01-19,2024-02-03,Xpressbees,547.51,Lost,15,2024-01
Shp000935,Ord000935,2024-07-25,2024-08-02,Dtdc,680.84,Returned To Origin,8,2024-07
Shp000936,Ord000936,2024-03-01,2024-03-08,Bluedart,408.35,Returned To Origin,7,2024-03
Shp000937,Ord000937,2024-03-28,2024-04-04,Dtdc,845.08,Lost,7,2024-03
Shp000939,Ord000939,2023-10-22,2023-10-25,Ekart,555.54,Delivered,3,2023-10
Shp000940,Ord000940,2023-05-12,2023-05-27,Bluedart,790.67,Lost,15,2023-05
Shp000941,Ord000941,2023-07-10,2023-07-11,Ekart,767.92,Returned To Origin,1,2023-07
Shp000942,Ord000942,2023-02-12,2023-02-13,Delhivery,229.07,Lost,1,2023-02
Shp000943,Ord000943,2024-12-17,2024-12-21,Ekart,629.17,In Transit,4,2024-12
Shp000944,Ord000944,2023-05-30,2023-06-09,Ekart,157.55,Lost,10,2023-05
Shp000947,Ord000947,2024-07-11,2024-07-18,Indiapost,589.29,Lost,7,2024-07
Shp000948,Ord000948,2022-06-07,2022-06-22,Ekart,384.68,In Transit,15,2022-06
Shp000949,Ord000949,2024-07-27,2024-08-04,Bluedart,108.4,Delayed,8,2024-07
Shp000950,Ord000950,2022-12-01,2022-12-02,Fedex,190.2,Returned To Origin,1,2022-12
Shp000951,Ord000951,2024-08-27,2024-08-29,Bluedart,810.96,Delivered,2,2024-08
Shp000952,Ord000952,2024-06-29,2024-07-07,Delhivery,255.58,In Transit,8,2024-06
Shp000953,Ord000953,2024-10-03,2024-10-06,Bluedart,170.66,Delayed,3,2024-10
Shp000954,Ord000954,2022-07-05,2022-07-20,Ekart,537.09,Returned To Origin,15,2022-07
Shp000955,Ord000955,2024-01-04,2024-01-19,Ekart,499.43,Returned To Origin,15,2024-01
Shp000956,Ord000956,2022-11-27,2022-12-12,Dtdc,735.23,Delivered,15,2022-11
Shp000957,Ord000957,2023-09-28,2023-10-04,Indiapost,756.56,In Transit,6,2023-09
Shp000958,Ord000958,2022-06-02,2022-06-04,Dtdc,457.65,Lost,2,2022-06
Shp000960,Ord000960,2023-08-12,2023-08-13,Fedex,293.99,Returned To Origin,1,2023-08
Shp000962,Ord000962,2023-04-08,2023-04-11,Bluedart,236.59,Returned To Origin,3,2023-04
Shp000963,Ord000963,2022-11-27,2022-11-30,Bluedart,256.02,Returned To Origin,3,2022-11
Shp000964,Ord000964,2022-03-04,2022-03-07,Dtdc,286.75,Lost,3,2022-03
Shp001834,Ord001834,2022-09-22,2022-10-02,Fedex,579.68,Delayed,10,2022-09
Shp000965,Ord000965,2024-02-26,2024-02-29,Bluedart,106.73,Lost,3,2024-02
Shp000966,Ord000966,2024-09-29,2024-10-09,Dtdc,278.17,Lost,10,2024-09
Shp000968,Ord000968,2023-10-13,2023-10-23,Delhivery,810.62,Delivered,10,2023-10
Shp000969,Ord000969,2023-04-15,2023-04-30,Fedex,258.84,Returned To Origin,15,2023-04
Shp000971,Ord000971,2022-06-27,2022-06-30,Xpressbees,90.93,Delivered,3,2022-06
Shp000972,Ord000972,2023-12-25,2023-12-27,Fedex,750.03,Returned To Origin,2,2023-12
Shp000973,Ord000973,2024-11-02,2024-11-10,Ekart,839.55,In Transit,8,2024-11
Shp000975,Ord000975,2022-08-30,2022-09-09,Xpressbees,604.72,Returned To Origin,10,2022-08
Shp000976,Ord000976,2022-02-18,2022-02-23,Dtdc,717.81,Lost,5,2022-02
Shp000978,Ord000978,2024-05-28,2024-05-30,Fedex,723.59,Lost,2,2024-05
Shp000979,Ord000979,2023-06-06,2023-06-10,Indiapost,200.69,Delivered,4,2023-06
Shp000981,Ord000981,2022-05-14,2022-05-16,Indiapost,799.01,Delayed,2,2022-05
Shp000982,Ord000982,2024-06-24,2024-06-25,Bluedart,82.61,In Transit,1,2024-06
Shp000983,Ord000983,2024-08-25,2024-08-26,Dtdc,76.5,Lost,1,2024-08
Shp000984,Ord000984,2024-10-13,2024-10-28,Fedex,633.01,Lost,15,2024-10
Shp000985,Ord000985,2024-11-07,2024-11-15,Indiapost,487.67,Delayed,8,2024-11
Shp000986,Ord000986,2023-04-12,2023-04-20,Bluedart,,Delivered,8,2023-04
Shp000987,Ord000987,2024-09-13,2024-09-28,Ekart,682.13,Lost,15,2024-09
Shp000988,Ord000988,2022-07-02,2022-07-03,Bluedart,206.62,In Transit,1,2022-07
Shp000989,Ord000989,2022-01-13,2022-01-16,Bluedart,866.23,Lost,3,2022-01
Shp000990,Ord000990,2023-10-20,2023-10-25,Ekart,143.37,Delayed,5,2023-10
Shp000992,Ord000992,2022-07-20,2022-07-22,Xpressbees,804.19,Lost,2,2022-07
Shp000994,Ord000994,2023-06-20,2023-07-05,Indiapost,46.49,Delivered,15,2023-06
Shp000995,Ord000995,2022-02-13,2022-02-23,Indiapost,483.09,Delayed,10,2022-02
Shp000996,Ord000996,2023-10-04,2023-10-11,Dtdc,787.21,Delayed,7,2023-10
Shp000997,Ord000997,2023-01-20,2023-02-04,Ekart,892.09,Delivered,15,2023-01
Shp000999,Ord000999,2023-11-16,2023-11-26,Xpressbees,651.07,In Transit,10,2023-11
Shp001000,Ord001000,2024-10-24,2024-10-31,Ekart,865.3,Lost,7,2024-10
Shp001001,Ord001001,2022-07-23,2022-07-28,Indiapost,847.44,Delivered,5,2022-07
Shp001002,Ord001002,2023-12-23,2023-12-26,Xpressbees,332.27,Delayed,3,2023-12
Shp001003,Ord001003,2022-10-24,2022-10-31,Delhivery,897.58,Lost,7,2022-10
Shp001004,Ord001004,2023-10-27,2023-11-11,Xpressbees,597.74,Delivered,15,2023-10
Shp001005,Ord001005,2023-03-29,2023-04-02,Dtdc,454.4,Returned To Origin,4,2023-03
Shp001006,Ord001006,2022-05-11,2022-05-17,Delhivery,386.96,Delayed,6,2022-05
Shp001007,Ord001007,2023-05-02,2023-05-10,Delhivery,858.37,Delayed,8,2023-05
Shp001008,Ord001008,2022-09-10,2022-09-14,Bluedart,445.78,Returned To Origin,4,2022-09
Shp001009,Ord001009,2024-10-30,2024-11-05,Dtdc,604.31,Returned To Origin,6,2024-10
Shp001010,Ord001010,2023-01-11,2023-01-13,Fedex,482.61,In Transit,2,2023-01
Shp001011,Ord001011,2024-12-26,2025-01-01,Dtdc,469.37,In Transit,6,2024-12
Shp001012,Ord001012,2022-07-27,2022-08-02,Indiapost,489.62,Lost,6,2022-07
Shp001013,Ord001013,2023-10-24,2023-10-31,Indiapost,592.83,In Transit,7,2023-10
Shp001014,Ord001014,2023-03-12,2023-03-14,Xpressbees,363.24,In Transit,2,2023-03
Shp001015,Ord001015,2023-10-12,2023-10-15,Xpressbees,815.97,In Transit,3,2023-10
Shp001016,Ord001016,2022-01-02,2022-01-06,Fedex,674.89,Returned To Origin,4,2022-01
Shp001017,Ord001017,2024-02-07,2024-02-17,Dtdc,374.31,In Transit,10,2024-02
Shp001018,Ord001018,2024-01-13,2024-01-15,Indiapost,868.0,Delayed,2,2024-01
Shp001019,Ord001019,2023-08-18,2023-08-21,Delhivery,430.25,Returned To Origin,3,2023-08
Shp001020,Ord001020,2022-12-25,2022-12-27,Fedex,539.6,Lost,2,2022-12
Shp001021,Ord001021,2022-03-02,2022-03-05,Xpressbees,647.42,Delayed,3,2022-03
Shp001022,Ord001022,2023-10-05,2023-10-12,Dtdc,581.7,Delivered,7,2023-10
Shp001024,Ord001024,2022-03-19,2022-03-22,Indiapost,586.0,Lost,3,2022-03
Shp001025,Ord001025,2023-09-24,2023-09-27,Dtdc,845.02,Returned To Origin,3,2023-09
Shp001026,Ord001026,2022-04-17,2022-04-20,Dtdc,472.55,Lost,3,2022-04
Shp001027,Ord001027,2023-05-22,2023-05-27,Xpressbees,501.75,In Transit,5,2023-05
Shp001028,Ord001028,2022-10-13,2022-10-16,Dtdc,40.96,Delivered,3,2022-10
Shp001029,Ord001029,2022-11-17,2022-11-27,Xpressbees,122.41,In Transit,10,2022-11
Shp001030,Ord001030,2022-11-22,2022-11-30,Bluedart,370.21,Delivered,8,2022-11
Shp001031,Ord001031,2024-02-15,2024-02-19,Ekart,671.02,Delivered,4,2024-02
Shp001032,Ord001032,2024-07-24,2024-07-31,Bluedart,569.76,Delivered,7,2024-07
Shp001033,Ord001033,2022-07-29,2022-08-13,Indiapost,171.89,In Transit,15,2022-07
Shp001035,Ord001035,2022-05-04,2022-05-14,Indiapost,681.5,In Transit,10,2022-05
Shp001036,Ord001036,2023-03-27,2023-03-29,Indiapost,782.7,Lost,2,2023-03
Shp001037,Ord001037,2023-03-18,2023-03-28,Dtdc,469.69,Delayed,10,2023-03
Shp001038,Ord001038,2023-11-12,2023-11-20,Fedex,567.34,Delivered,8,2023-11
Shp001039,Ord001039,2022-06-28,2022-07-04,Ekart,319.09,Delivered,6,2022-06
Shp001040,Ord001040,2022-03-30,2022-04-02,Indiapost,454.19,Delivered,3,2022-03
Shp001041,Ord001041,2024-03-16,2024-03-17,Bluedart,719.16,Lost,1,2024-03
Shp001042,Ord001042,2024-10-18,2024-10-21,Xpressbees,393.88,In Transit,3,2024-10
Shp001043,Ord001043,2024-06-04,2024-06-08,Indiapost,557.54,Returned To Origin,4,2024-06
Shp001044,Ord001044,2022-08-01,2022-08-08,Dtdc,96.62,Delayed,7,2022-08
Shp001045,Ord001045,2022-02-03,2022-02-11,Xpressbees,364.57,In Transit,8,2022-02
Shp001046,Ord001046,2024-12-15,2024-12-25,Fedex,729.82,Returned To Origin,10,2024-12
Shp001047,Ord001047,2024-05-28,2024-05-31,Fedex,486.53,In Transit,3,2024-05
Shp001835,Ord001835,2024-12-09,2024-12-24,Fedex,401.01,Lost,15,2024-12
Shp001048,Ord001048,2022-05-01,2022-05-05,Xpressbees,775.95,Returned To Origin,4,2022-05
Shp001050,Ord001050,2024-03-09,2024-03-19,Xpressbees,574.33,Returned To Origin,10,2024-03
Shp001051,Ord001051,2022-11-19,2022-11-25,Fedex,650.99,Delayed,6,2022-11
Shp001052,Ord001052,2024-06-08,2024-06-14,Indiapost,450.96,Lost,6,2024-06
Shp001055,Ord001055,2022-08-22,2022-08-28,Ekart,132.93,Returned To Origin,6,2022-08
Shp001056,Ord001056,2024-04-29,2024-05-02,Fedex,350.41,In Transit,3,2024-04
Shp001057,Ord001057,2022-08-12,2022-08-16,Dtdc,562.57,Returned To Origin,4,2022-08
Shp001060,Ord001060,2022-04-18,2022-04-22,Indiapost,440.35,Delivered,4,2022-04
Shp001062,Ord001062,2024-04-25,2024-04-26,Bluedart,628.19,Delayed,1,2024-04
Shp001063,Ord001063,2022-09-30,2022-10-07,Ekart,783.25,In Transit,7,2022-09
Shp001064,Ord001064,2022-03-14,2022-03-18,Bluedart,194.83,In Transit,4,2022-03
Shp001066,Ord001066,2024-03-06,2024-03-14,Dtdc,119.5,Returned To Origin,8,2024-03
Shp001067,Ord001067,2022-05-21,2022-05-23,Ekart,64.09,Returned To Origin,2,2022-05
Shp001068,Ord001068,2022-06-26,2022-06-30,Ekart,655.99,Lost,4,2022-06
Shp001069,Ord001069,2024-09-27,2024-09-28,Fedex,489.18,Delayed,1,2024-09
Shp001070,Ord001070,2024-06-18,2024-06-25,Dtdc,700.58,Delivered,7,2024-06
Shp001071,Ord001071,2023-03-09,2023-03-13,Xpressbees,135.06,Lost,4,2023-03
Shp001073,Ord001073,2022-08-30,2022-09-06,Delhivery,536.75,Returned To Origin,7,2022-08
Shp001074,Ord001074,2023-07-13,2023-07-17,Xpressbees,504.2,Lost,4,2023-07
Shp001075,Ord001075,2022-08-10,2022-08-12,Bluedart,320.38,Lost,2,2022-08
Shp001076,Ord001076,2024-02-03,2024-02-11,Xpressbees,269.76,Lost,8,2024-02
Shp001078,Ord001078,2023-10-18,2023-10-20,Fedex,697.32,Delayed,2,2023-10
Shp001079,Ord001079,2023-04-06,2023-04-11,Fedex,117.99,In Transit,5,2023-04
Shp001080,Ord001080,2023-03-25,2023-03-28,Fedex,758.97,Returned To Origin,3,2023-03
Shp001081,Ord001081,2024-06-09,2024-06-10,Bluedart,434.29,Delivered,1,2024-06
Shp001082,Ord001082,2024-08-31,2024-09-08,Xpressbees,521.87,In Transit,8,2024-08
Shp001083,Ord001083,2023-03-23,2023-03-29,Ekart,867.18,Delayed,6,2023-03
Shp001084,Ord001084,2024-06-27,2024-07-01,Indiapost,296.64,Delayed,4,2024-06
Shp001085,Ord001085,2024-04-04,2024-04-12,Xpressbees,624.59,In Transit,8,2024-04
Shp001086,Ord001086,2022-08-06,2022-08-09,Xpressbees,58.22,Delivered,3,2022-08
Shp001087,Ord001087,2024-09-08,2024-09-16,Bluedart,70.1,Delivered,8,2024-09
Shp001088,Ord001088,2022-09-13,2022-09-28,Delhivery,206.05,Returned To Origin,15,2022-09
Shp001089,Ord001089,2024-03-30,2024-04-02,Dtdc,812.79,In Transit,3,2024-03
Shp001090,Ord001090,2022-04-21,2022-04-23,Ekart,756.64,Returned To Origin,2,2022-04
Shp001091,Ord001091,2022-10-05,2022-10-07,Xpressbees,747.32,Returned To Origin,2,2022-10
Shp001092,Ord001092,2024-08-21,2024-08-22,Ekart,767.04,In Transit,1,2024-08
Shp001093,Ord001093,2022-08-04,2022-08-06,Fedex,837.86,Delivered,2,2022-08
Shp001094,Ord001094,2022-06-13,2022-06-19,Xpressbees,886.2,Delayed,6,2022-06
Shp001095,Ord001095,2022-04-19,2022-04-24,Delhivery,606.33,Returned To Origin,5,2022-04
Shp001096,Ord001096,2023-06-12,2023-06-19,Indiapost,691.79,In Transit,7,2023-06
Shp001097,Ord001097,2024-12-11,2024-12-14,Delhivery,710.77,Delivered,3,2024-12
Shp001098,Ord001098,2022-04-30,2022-05-02,Delhivery,310.17,Returned To Origin,2,2022-04
Shp001099,Ord001099,2024-10-25,2024-10-27,Xpressbees,645.9,Returned To Origin,2,2024-10
Shp001100,Ord001100,2024-07-10,2024-07-17,Bluedart,175.55,Returned To Origin,7,2024-07
Shp001102,Ord001102,2024-02-19,2024-02-22,Indiapost,792.11,Delayed,3,2024-02
Shp001104,Ord001104,2022-01-05,2022-01-15,Dtdc,443.0,Lost,10,2022-01
Shp001105,Ord001105,2024-08-08,2024-08-13,Dtdc,394.24,Lost,5,2024-08
Shp001106,Ord001106,2024-11-30,2024-12-07,Delhivery,338.74,Delivered,7,2024-11
Shp001107,Ord001107,2024-09-05,2024-09-06,Bluedart,570.07,Lost,1,2024-09
Shp001108,Ord001108,2022-01-24,2022-01-28,Dtdc,171.86,In Transit,4,2022-01
Shp001109,Ord001109,2023-01-12,2023-01-20,Ekart,401.53,Lost,8,2023-01
Shp001111,Ord001111,2022-07-14,2022-07-20,Dtdc,625.66,In Transit,6,2022-07
Shp001112,Ord001112,2022-04-06,2022-04-11,Ekart,871.08,In Transit,5,2022-04
Shp001113,Ord001113,2024-01-08,2024-01-13,Ekart,685.82,Lost,5,2024-01
Shp001114,Ord001114,2023-03-18,2023-03-19,Dtdc,607.85,Delivered,1,2023-03
Shp001115,Ord001115,2024-05-12,2024-05-15,Bluedart,491.03,In Transit,3,2024-05
Shp001116,Ord001116,2022-04-18,2022-04-21,Delhivery,651.13,Returned To Origin,3,2022-04
Shp001117,Ord001117,2023-05-10,2023-05-17,Fedex,74.7,Delayed,7,2023-05
Shp001118,Ord001118,2023-02-14,2023-02-19,Ekart,604.4,Lost,5,2023-02
Shp001119,Ord001119,2023-01-30,2023-02-02,Indiapost,604.69,Delivered,3,2023-01
Shp001120,Ord001120,2024-07-17,2024-07-22,Ekart,271.69,In Transit,5,2024-07
Shp001121,Ord001121,2022-10-14,2022-10-22,Indiapost,744.07,In Transit,8,2022-10
Shp001122,Ord001122,2023-08-07,2023-08-12,Dtdc,577.08,Delayed,5,2023-08
Shp001123,Ord001123,2024-03-07,2024-03-15,Dtdc,884.01,Delayed,8,2024-03
Shp001125,Ord001125,2024-11-26,2024-11-29,Dtdc,30.92,Delayed,3,2024-11
Shp001126,Ord001126,2023-10-16,2023-10-21,Dtdc,875.78,Returned To Origin,5,2023-10
Shp001127,Ord001127,2023-09-30,2023-10-06,Dtdc,468.6,Delivered,6,2023-09
Shp001128,Ord001128,2023-06-03,2023-06-09,Indiapost,92.61,Lost,6,2023-06
Shp001131,Ord001131,2024-04-12,2024-04-15,Fedex,372.92,In Transit,3,2024-04
Shp001132,Ord001132,2023-01-13,2023-01-20,Delhivery,81.61,Delivered,7,2023-01
Shp001133,Ord001133,2022-03-26,2022-04-03,Delhivery,742.21,Delayed,8,2022-03
Shp001135,Ord001135,2022-02-25,2022-03-03,Ekart,582.66,Delivered,6,2022-02
Shp001136,Ord001136,2023-06-08,2023-06-13,Xpressbees,618.58,Delayed,5,2023-06
Shp001137,Ord001137,2023-07-10,2023-07-18,Bluedart,513.59,Returned To Origin,8,2023-07
Shp001138,Ord001138,2023-06-06,2023-06-14,Fedex,300.75,Returned To Origin,8,2023-06
Shp001139,Ord001139,2022-02-01,2022-02-06,Fedex,609.47,Returned To Origin,5,2022-02
Shp001140,Ord001140,2024-05-02,2024-05-06,Bluedart,159.46,In Transit,4,2024-05
Shp001141,Ord001141,2023-03-20,2023-03-21,Dtdc,153.57,Returned To Origin,1,2023-03
Shp001142,Ord001142,2023-05-03,2023-05-18,Xpressbees,333.62,In Transit,15,2023-05
Shp001143,Ord001143,2024-11-17,2024-11-20,Ekart,483.76,Lost,3,2024-11
Shp001144,Ord001144,2023-01-24,2023-01-30,Dtdc,632.51,Returned To Origin,6,2023-01
Shp001145,Ord001145,2022-07-03,2022-07-07,Dtdc,848.22,Delayed,4,2022-07
Shp001146,Ord001146,2022-01-12,2022-01-27,Ekart,548.11,Delayed,15,2022-01
Shp001147,Ord001147,2023-03-06,2023-03-09,Delhivery,109.32,Delayed,3,2023-03
Shp001148,Ord001148,2022-09-11,2022-09-16,Indiapost,644.13,Delayed,5,2022-09
Shp001149,Ord001149,2023-05-27,2023-05-31,Ekart,429.95,Returned To Origin,4,2023-05
Shp001150,Ord001150,2023-03-16,2023-03-24,Ekart,495.52,Delayed,8,2023-03
Shp001151,Ord001151,2024-12-14,2024-12-15,Fedex,704.74,Delivered,1,2024-12
Shp001152,Ord001152,2023-11-27,2023-12-02,Xpressbees,46.31,Lost,5,2023-11
Shp001153,Ord001153,2022-10-11,2022-10-19,Fedex,171.87,Lost,8,2022-10
Shp001154,Ord001154,2023-10-24,2023-10-27,Delhivery,245.65,Lost,3,2023-10
Shp001155,Ord001155,2023-08-18,2023-08-23,Indiapost,282.35,Lost,5,2023-08
Shp001156,Ord001156,2024-06-03,2024-06-18,Xpressbees,718.15,Lost,15,2024-06
Shp001157,Ord001157,2023-04-23,2023-05-01,Ekart,229.04,Lost,8,2023-04
Shp001158,Ord001158,2023-04-24,2023-05-04,Delhivery,659.94,In Transit,10,2023-04
Shp001159,Ord001159,2022-09-13,2022-09-21,Fedex,430.25,Returned To Origin,8,2022-09
Shp001160,Ord001160,2022-05-18,2022-05-22,Indiapost,331.49,In Transit,4,2022-05
Shp001162,Ord001162,2022-12-11,2022-12-15,Dtdc,691.09,Delivered,4,2022-12
Shp001163,Ord001163,2022-09-29,2022-10-14,Indiapost,823.59,Lost,15,2022-09
Shp001164,Ord001164,2023-12-23,2023-12-29,Indiapost,735.24,Delivered,6,2023-12
Shp001165,Ord001165,2023-08-19,2023-09-03,Delhivery,654.04,Delivered,15,2023-08
Shp001166,Ord001166,2023-03-20,2023-03-28,Xpressbees,542.97,In Transit,8,2023-03
Shp001167,Ord001167,2023-06-12,2023-06-13,Bluedart,224.08,Delayed,1,2023-06
Shp001169,Ord001169,2024-12-31,2025-01-03,Fedex,366.02,Returned To Origin,3,2024-12
Shp001170,Ord001170,2023-08-15,2023-08-19,Dtdc,289.63,In Transit,4,2023-08
Shp001171,Ord001171,2023-02-10,2023-02-15,Dtdc,891.47,Delivered,5,2023-02
Shp001172,Ord001172,2022-09-29,2022-10-02,Delhivery,338.14,In Transit,3,2022-09
Shp001173,Ord001173,2023-07-16,2023-07-19,Dtdc,402.73,Returned To Origin,3,2023-07
Shp001176,Ord001176,2022-08-18,2022-08-20,Fedex,226.46,In Transit,2,2022-08
Shp001178,Ord001178,2023-11-29,2023-12-02,Dtdc,818.17,In Transit,3,2023-11
Shp001179,Ord001179,2024-12-16,2024-12-19,Xpressbees,613.37,Returned To Origin,3,2024-12
Shp001180,Ord001180,2023-01-07,2023-01-17,Fedex,156.97,Delayed,10,2023-01
Shp001181,Ord001181,2022-11-20,2022-11-21,Bluedart,433.96,Delayed,1,2022-11
Shp001182,Ord001182,2022-09-15,2022-09-18,Ekart,522.25,Delayed,3,2022-09
Shp001183,Ord001183,2023-04-25,2023-05-05,Xpressbees,280.42,Delayed,10,2023-04
Shp001184,Ord001184,2023-02-14,2023-02-17,Delhivery,273.47,Returned To Origin,3,2023-02
Shp001185,Ord001185,2023-08-13,2023-08-21,Fedex,754.97,Delivered,8,2023-08
Shp001187,Ord001187,2024-02-21,2024-02-27,Indiapost,189.62,In Transit,6,2024-02
Shp001188,Ord001188,2023-10-06,2023-10-16,Fedex,221.64,Delivered,10,2023-10
Shp001190,Ord001190,2024-01-25,2024-02-09,Ekart,463.7,Delivered,15,2024-01
Shp001191,Ord001191,2022-10-13,2022-10-16,Ekart,,Lost,3,2022-10
Shp001192,Ord001192,2024-05-21,2024-05-27,Fedex,138.82,In Transit,6,2024-05
Shp001194,Ord001194,2022-05-19,2022-05-23,Indiapost,189.05,Lost,4,2022-05
Shp001195,Ord001195,2022-01-26,2022-02-02,Dtdc,719.84,Lost,7,2022-01
Shp001196,Ord001196,2023-07-03,2023-07-13,Dtdc,488.68,Returned To Origin,10,2023-07
Shp001197,Ord001197,2024-11-21,2024-11-27,Xpressbees,,In Transit,6,2024-11
Shp001198,Ord001198,2022-03-03,2022-03-13,Ekart,782.02,In Transit,10,2022-03
Shp001199,Ord001199,2024-09-19,2024-09-29,Indiapost,788.8,Returned To Origin,10,2024-09
Shp001200,Ord001200,2024-02-11,2024-02-15,Fedex,568.02,Delayed,4,2024-02
Shp001201,Ord001201,2024-12-05,2024-12-12,Ekart,510.54,Returned To Origin,7,2024-12
Shp001202,Ord001202,2024-07-20,2024-07-30,Ekart,441.3,Delivered,10,2024-07
Shp001203,Ord001203,2024-08-30,2024-09-03,Bluedart,845.74,Delayed,4,2024-08
Shp001204,Ord001204,2024-04-06,2024-04-14,Fedex,360.41,Delayed,8,2024-04
Shp001205,Ord001205,2024-12-21,2024-12-27,Fedex,418.14,Lost,6,2024-12
Shp001206,Ord001206,2023-03-01,2023-03-11,Bluedart,889.26,Delayed,10,2023-03
Shp001207,Ord001207,2022-03-22,2022-03-25,Dtdc,541.34,Returned To Origin,3,2022-03
Shp001209,Ord001209,2023-04-28,2023-05-04,Delhivery,115.23,Delivered,6,2023-04
Shp001210,Ord001210,2024-01-25,2024-01-27,Ekart,420.01,Lost,2,2024-01
Shp001211,Ord001211,2024-02-05,2024-02-11,Dtdc,567.37,Returned To Origin,6,2024-02
Shp001213,Ord001213,2022-06-11,2022-06-17,Indiapost,844.42,Returned To Origin,6,2022-06
Shp001214,Ord001214,2022-03-21,2022-03-25,Delhivery,514.41,In Transit,4,2022-03
Shp001215,Ord001215,2022-10-22,2022-10-23,Indiapost,598.2,Delivered,1,2022-10
Shp001216,Ord001216,2023-08-22,2023-08-24,Dtdc,761.08,Delivered,2,2023-08
Shp001217,Ord001217,2022-04-10,2022-04-12,Fedex,201.11,Returned To Origin,2,2022-04
Shp001218,Ord001218,2024-09-23,2024-09-30,Ekart,65.27,Returned To Origin,7,2024-09
Shp001219,Ord001219,2024-09-06,2024-09-13,Delhivery,213.02,Lost,7,2024-09
Shp001220,Ord001220,2024-03-10,2024-03-13,Fedex,261.48,Lost,3,2024-03
Shp001221,Ord001221,2024-11-16,2024-12-01,Xpressbees,220.75,In Transit,15,2024-11
Shp001223,Ord001223,2023-12-19,2023-12-20,Ekart,796.66,Returned To Origin,1,2023-12
Shp001224,Ord001224,2024-01-30,2024-02-04,Dtdc,360.38,Delivered,5,2024-01
Shp001225,Ord001225,2023-10-28,2023-11-07,Dtdc,258.76,Returned To Origin,10,2023-10
Shp001227,Ord001227,2024-08-07,2024-08-15,Xpressbees,356.9,Returned To Origin,8,2024-08
Shp001228,Ord001228,2022-06-24,2022-06-28,Ekart,717.11,In Transit,4,2022-06
Shp001230,Ord001230,2024-05-31,2024-06-10,Xpressbees,181.18,Returned To Origin,10,2024-05
Shp001231,Ord001231,2022-12-20,2022-12-26,Bluedart,831.5,Delivered,6,2022-12
Shp001232,Ord001232,2023-01-19,2023-01-24,Ekart,75.14,In Transit,5,2023-01
Shp001235,Ord001235,2023-12-28,2024-01-05,Bluedart,701.4,Delivered,8,2023-12
Shp001236,Ord001236,2022-06-09,2022-06-10,Delhivery,233.23,Lost,1,2022-06
Shp001237,Ord001237,2022-05-11,2022-05-26,Dtdc,101.35,Returned To Origin,15,2022-05
Shp001238,Ord001238,2023-04-14,2023-04-20,Bluedart,777.44,Returned To Origin,6,2023-04
Shp001240,Ord001240,2023-06-24,2023-06-27,Fedex,306.68,Delayed,3,2023-06
Shp001241,Ord001241,2023-03-12,2023-03-19,Indiapost,237.6,Delayed,7,2023-03
Shp001242,Ord001242,2022-12-16,2022-12-31,Bluedart,33.82,Delivered,15,2022-12
Shp001243,Ord001243,2024-11-08,2024-11-10,Xpressbees,839.45,Lost,2,2024-11
Shp001244,Ord001244,2022-04-24,2022-05-01,Ekart,841.69,In Transit,7,2022-04
Shp001245,Ord001245,2023-08-14,2023-08-15,Bluedart,710.39,Lost,1,2023-08
Shp001246,Ord001246,2023-01-28,2023-02-03,Ekart,565.72,Delayed,6,2023-01
Shp001247,Ord001247,2022-05-18,2022-05-25,Dtdc,52.69,In Transit,7,2022-05
Shp001248,Ord001248,2023-06-21,2023-06-26,Bluedart,48.63,In Transit,5,2023-06
Shp001249,Ord001249,2022-09-25,2022-09-30,Indiapost,331.46,Delivered,5,2022-09
Shp001251,Ord001251,2024-09-10,2024-09-17,Fedex,567.04,In Transit,7,2024-09
Shp001254,Ord001254,2024-05-08,2024-05-14,Xpressbees,415.17,Lost,6,2024-05
Shp001255,Ord001255,2022-01-11,2022-01-18,Xpressbees,615.2,Delivered,7,2022-01
Shp001256,Ord001256,2023-02-12,2023-02-15,Bluedart,495.66,Returned To Origin,3,2023-02
Shp001257,Ord001257,2022-11-30,2022-12-03,Delhivery,195.41,Lost,3,2022-11
Shp001258,Ord001258,2023-04-01,2023-04-09,Indiapost,877.56,Delayed,8,2023-04
Shp001259,Ord001259,2023-08-28,2023-08-31,Dtdc,522.2,Lost,3,2023-08
Shp001260,Ord001260,2024-04-15,2024-04-17,Ekart,506.41,Delivered,2,2024-04
Shp001261,Ord001261,2023-09-26,2023-10-11,Xpressbees,878.39,Returned To Origin,15,2023-09
Shp001262,Ord001262,2022-02-13,2022-02-19,Delhivery,630.47,In Transit,6,2022-02
Shp001263,Ord001263,2023-01-13,2023-01-18,Indiapost,457.65,Returned To Origin,5,2023-01
Shp001264,Ord001264,2023-11-13,2023-11-18,Delhivery,670.44,Lost,5,2023-11
Shp001265,Ord001265,2024-11-25,2024-11-26,Delhivery,825.16,Delivered,1,2024-11
Shp001266,Ord001266,2024-11-18,2024-11-21,Indiapost,820.83,Lost,3,2024-11
Shp001267,Ord001267,2023-11-26,2023-11-27,Bluedart,744.71,Delivered,1,2023-11
Shp001268,Ord001268,2022-02-06,2022-02-08,Fedex,689.19,Delivered,2,2022-02
Shp001269,Ord001269,2023-06-30,2023-07-05,Delhivery,561.28,In Transit,5,2023-06
Shp001270,Ord001270,2023-08-20,2023-08-23,Xpressbees,447.14,Returned To Origin,3,2023-08
Shp001271,Ord001271,2024-10-21,2024-11-05,Ekart,163.0,Returned To Origin,15,2024-10
Shp001273,Ord001273,2024-02-12,2024-02-19,Dtdc,624.31,Delayed,7,2024-02
Shp001275,Ord001275,2023-04-10,2023-04-17,Delhivery,470.62,Lost,7,2023-04
Shp001276,Ord001276,2024-04-18,2024-04-19,Xpressbees,800.66,Delayed,1,2024-04
Shp001278,Ord001278,2022-12-17,2022-12-23,Ekart,745.25,Returned To Origin,6,2022-12
Shp001279,Ord001279,2024-09-25,2024-10-10,Bluedart,257.56,Returned To Origin,15,2024-09
Shp001280,Ord001280,2022-07-28,2022-08-02,Fedex,522.78,In Transit,5,2022-07
Shp001281,Ord001281,2022-08-13,2022-08-16,Xpressbees,683.95,In Transit,3,2022-08
Shp001282,Ord001282,2024-02-13,2024-02-16,Indiapost,578.93,Lost,3,2024-02
Shp001284,Ord001284,2023-03-07,2023-03-08,Ekart,651.03,Delivered,1,2023-03
Shp001285,Ord001285,2024-02-26,2024-02-27,Fedex,362.03,Lost,1,2024-02
Shp001286,Ord001286,2024-10-10,2024-10-18,Delhivery,638.99,Delivered,8,2024-10
Shp001287,Ord001287,2023-05-23,2023-05-25,Indiapost,,Delayed,2,2023-05
Shp001288,Ord001288,2023-09-01,2023-09-04,Dtdc,432.38,Delivered,3,2023-09
Shp001289,Ord001289,2022-08-08,2022-08-11,Dtdc,150.33,Lost,3,2022-08
Shp001290,Ord001290,2023-04-11,2023-04-14,Fedex,257.6,Delivered,3,2023-04
Shp001291,Ord001291,2024-08-14,2024-08-18,Indiapost,641.43,Delayed,4,2024-08
Shp001292,Ord001292,2022-07-23,2022-07-24,Indiapost,585.59,Delayed,1,2022-07
Shp001294,Ord001294,2023-06-12,2023-06-27,Indiapost,93.61,Returned To Origin,15,2023-06
Shp001296,Ord001296,2023-10-27,2023-10-29,Dtdc,674.23,In Transit,2,2023-10
Shp001297,Ord001297,2024-01-10,2024-01-14,Ekart,692.97,In Transit,4,2024-01
Shp001298,Ord001298,2022-12-11,2022-12-17,Delhivery,88.55,In Transit,6,2022-12
Shp001300,Ord001300,2024-01-13,2024-01-20,Ekart,589.15,Delivered,7,2024-01
Shp001302,Ord001302,2022-07-19,2022-07-26,Fedex,492.51,Lost,7,2022-07
Shp001303,Ord001303,2022-09-03,2022-09-13,Bluedart,656.89,Returned To Origin,10,2022-09
Shp001304,Ord001304,2023-02-23,2023-02-25,Delhivery,816.29,Delivered,2,2023-02
Shp001305,Ord001305,2024-12-31,2025-01-03,Dtdc,682.12,Lost,3,2024-12
Shp001306,Ord001306,2022-02-21,2022-03-03,Indiapost,182.17,Delayed,10,2022-02
Shp001307,Ord001307,2024-07-28,2024-07-30,Bluedart,770.56,Delivered,2,2024-07
Shp001309,Ord001309,2024-12-13,2024-12-18,Dtdc,277.37,Lost,5,2024-12
Shp001310,Ord001310,2023-12-23,2023-12-26,Fedex,406.97,Lost,3,2023-12
Shp001311,Ord001311,2022-11-30,2022-12-04,Bluedart,,Lost,4,2022-11
Shp001313,Ord001313,2023-08-29,2023-09-13,Bluedart,202.63,In Transit,15,2023-08
Shp001314,Ord001314,2022-10-23,2022-10-24,Fedex,388.16,Lost,1,2022-10
Shp001315,Ord001315,2023-01-26,2023-02-05,Fedex,684.43,Delivered,10,2023-01
Shp001316,Ord001316,2023-12-08,2023-12-15,Ekart,642.64,In Transit,7,2023-12
Shp001317,Ord001317,2023-01-27,2023-02-03,Delhivery,460.81,Delivered,7,2023-01
Shp001318,Ord001318,2022-06-08,2022-06-10,Fedex,496.02,Delivered,2,2022-06
Shp001319,Ord001319,2023-08-20,2023-08-30,Indiapost,834.48,Returned To Origin,10,2023-08
Shp001320,Ord001320,2023-10-24,2023-10-26,Delhivery,663.16,In Transit,2,2023-10
Shp001321,Ord001321,2023-04-21,2023-04-27,Bluedart,76.72,Returned To Origin,6,2023-04
Shp001323,Ord001323,2022-06-22,2022-06-26,Indiapost,162.6,In Transit,4,2022-06
Shp001324,Ord001324,2024-11-09,2024-11-13,Fedex,241.77,Delivered,4,2024-11
Shp001325,Ord001325,2022-01-21,2022-01-25,Delhivery,429.54,Delayed,4,2022-01
Shp001326,Ord001326,2022-07-29,2022-08-13,Bluedart,764.74,Delayed,15,2022-07
Shp001327,Ord001327,2023-09-19,2023-09-20,Fedex,190.94,In Transit,1,2023-09
Shp001328,Ord001328,2022-05-17,2022-05-21,Indiapost,550.09,Delayed,4,2022-05
Shp001330,Ord001330,2024-03-29,2024-03-30,Dtdc,530.36,Delayed,1,2024-03
Shp001331,Ord001331,2023-01-07,2023-01-13,Bluedart,350.88,In Transit,6,2023-01
Shp001332,Ord001332,2022-08-02,2022-08-09,Ekart,204.7,Delivered,7,2022-08
Shp001333,Ord001333,2023-03-19,2023-03-21,Indiapost,338.85,In Transit,2,2023-03
Shp001334,Ord001334,2024-11-19,2024-11-22,Xpressbees,749.77,Lost,3,2024-11
Shp001335,Ord001335,2023-08-16,2023-08-26,Delhivery,312.44,Returned To Origin,10,2023-08
Shp001336,Ord001336,2022-03-13,2022-03-21,Indiapost,437.5,Delivered,8,2022-03
Shp001338,Ord001338,2024-03-16,2024-03-23,Dtdc,758.7,Delayed,7,2024-03
Shp001339,Ord001339,2022-08-08,2022-08-23,Dtdc,819.48,Lost,15,2022-08
Shp001340,Ord001340,2023-06-19,2023-07-04,Xpressbees,708.94,In Transit,15,2023-06
Shp001341,Ord001341,2022-06-22,2022-06-24,Fedex,852.99,Delayed,2,2022-06
Shp001342,Ord001342,2022-02-17,2022-02-18,Xpressbees,638.82,Returned To Origin,1,2022-02
Shp001343,Ord001343,2024-11-07,2024-11-09,Indiapost,465.6,Lost,2,2024-11
Shp001344,Ord001344,2022-11-11,2022-11-21,Xpressbees,727.36,In Transit,10,2022-11
Shp001346,Ord001346,2022-11-02,2022-11-05,Fedex,327.37,Delivered,3,2022-11
Shp001347,Ord001347,2024-12-24,2024-12-27,Fedex,501.75,Returned To Origin,3,2024-12
Shp001348,Ord001348,2024-03-24,2024-03-31,Fedex,221.85,Lost,7,2024-03
Shp001349,Ord001349,2023-05-03,2023-05-04,Dtdc,497.28,In Transit,1,2023-05
Shp001350,Ord001350,2024-10-22,2024-10-25,Bluedart,128.74,Delivered,3,2024-10
Shp001351,Ord001351,2023-09-12,2023-09-15,Indiapost,182.75,Lost,3,2023-09
Shp001352,Ord001352,2024-04-19,2024-04-29,Fedex,306.95,In Transit,10,2024-04
Shp001353,Ord001353,2024-07-25,2024-07-28,Xpressbees,140.93,Lost,3,2024-07
Shp001354,Ord001354,2023-03-23,2023-04-02,Delhivery,113.35,Delivered,10,2023-03
Shp001355,Ord001355,2022-05-07,2022-05-17,Dtdc,59.17,In Transit,10,2022-05
Shp001356,Ord001356,2024-06-22,2024-06-24,Fedex,774.55,Lost,2,2024-06
Shp001357,Ord001357,2024-07-23,2024-07-31,Dtdc,516.04,Returned To Origin,8,2024-07
Shp001358,Ord001358,2024-09-09,2024-09-10,Xpressbees,856.4,Lost,1,2024-09
Shp001359,Ord001359,2022-09-29,2022-10-02,Xpressbees,273.44,Delivered,3,2022-09
Shp001361,Ord001361,2022-07-12,2022-07-16,Fedex,235.66,Returned To Origin,4,2022-07
Shp001362,Ord001362,2022-08-18,2022-08-23,Ekart,31.08,Returned To Origin,5,2022-08
Shp001363,Ord001363,2022-07-18,2022-07-22,Ekart,882.8,Delayed,4,2022-07
Shp001364,Ord001364,2022-07-06,2022-07-13,Delhivery,134.7,Delayed,7,2022-07
Shp001365,Ord001365,2023-05-25,2023-05-27,Xpressbees,487.94,Delivered,2,2023-05
Shp001366,Ord001366,2022-10-01,2022-10-04,Xpressbees,281.15,Lost,3,2022-10
Shp001367,Ord001367,2024-10-08,2024-10-11,Ekart,111.45,Delayed,3,2024-10
Shp001368,Ord001368,2022-04-16,2022-04-22,Dtdc,287.57,In Transit,6,2022-04
Shp001369,Ord001369,2022-11-25,2022-11-28,Bluedart,883.85,In Transit,3,2022-11
Shp001370,Ord001370,2022-07-14,2022-07-16,Delhivery,360.01,In Transit,2,2022-07
Shp001371,Ord001371,2023-05-24,2023-05-27,Delhivery,715.3,Lost,3,2023-05
Shp001372,Ord001372,2023-08-26,2023-09-10,Dtdc,182.74,In Transit,15,2023-08
Shp001373,Ord001373,2022-05-04,2022-05-07,Dtdc,421.49,Lost,3,2022-05
Shp001374,Ord001374,2023-07-09,2023-07-12,Ekart,100.31,Returned To Origin,3,2023-07
Shp001375,Ord001375,2023-03-16,2023-03-18,Indiapost,462.84,Lost,2,2023-03
Shp001376,Ord001376,2024-05-03,2024-05-18,Dtdc,318.65,Delayed,15,2024-05
Shp001378,Ord001378,2023-07-25,2023-07-30,Xpressbees,84.37,Delivered,5,2023-07
Shp001379,Ord001379,2024-09-20,2024-10-05,Xpressbees,731.71,In Transit,15,2024-09
Shp001380,Ord001380,2023-09-01,2023-09-06,Indiapost,874.35,Returned To Origin,5,2023-09
Shp001381,Ord001381,2022-03-14,2022-03-21,Dtdc,218.27,Delivered,7,2022-03
Shp001382,Ord001382,2024-01-22,2024-01-28,Delhivery,297.89,Returned To Origin,6,2024-01
Shp001383,Ord001383,2024-12-23,2024-12-26,Dtdc,67.82,Delivered,3,2024-12
Shp001384,Ord001384,2023-09-23,2023-09-27,Delhivery,421.41,Delayed,4,2023-09
Shp001385,Ord001385,2023-03-05,2023-03-12,Xpressbees,518.5,Delayed,7,2023-03
Shp001386,Ord001386,2022-08-03,2022-08-13,Indiapost,129.75,Delivered,10,2022-08
Shp001387,Ord001387,2024-03-14,2024-03-22,Fedex,436.89,Returned To Origin,8,2024-03
Shp001389,Ord001389,2024-03-06,2024-03-12,Bluedart,846.33,In Transit,6,2024-03
Shp001390,Ord001390,2023-07-11,2023-07-19,Bluedart,264.84,Returned To Origin,8,2023-07
Shp001391,Ord001391,2024-03-17,2024-04-01,Xpressbees,669.75,Lost,15,2024-03
Shp001392,Ord001392,2024-10-07,2024-10-14,Delhivery,66.69,Delivered,7,2024-10
Shp001393,Ord001393,2023-06-27,2023-07-05,Bluedart,899.31,Delivered,8,2023-06
Shp001395,Ord001395,2022-05-31,2022-06-03,Xpressbees,543.87,Returned To Origin,3,2022-05
Shp001396,Ord001396,2023-11-20,2023-12-05,Bluedart,567.07,Delivered,15,2023-11
Shp001397,Ord001397,2022-02-26,2022-02-27,Indiapost,778.11,Returned To Origin,1,2022-02
Shp001398,Ord001398,2024-11-16,2024-12-01,Ekart,215.65,Delayed,15,2024-11
Shp001399,Ord001399,2023-03-07,2023-03-09,Indiapost,276.93,In Transit,2,2023-03
Shp001400,Ord001400,2022-09-20,2022-09-30,Bluedart,366.44,Delayed,10,2022-09
Shp001401,Ord001401,2024-12-21,2024-12-27,Bluedart,176.82,Delivered,6,2024-12
Shp001403,Ord001403,2023-02-28,2023-03-03,Delhivery,827.26,Returned To Origin,3,2023-02
Shp001404,Ord001404,2024-03-19,2024-03-26,Indiapost,548.64,Delayed,7,2024-03
Shp001405,Ord001405,2024-11-05,2024-11-20,Delhivery,634.8,Lost,15,2024-11
Shp001406,Ord001406,2024-12-27,2025-01-01,Bluedart,104.4,In Transit,5,2024-12
Shp001407,Ord001407,2023-05-27,2023-06-06,Delhivery,830.91,Delayed,10,2023-05
Shp001409,Ord001409,2022-09-17,2022-09-27,Ekart,767.93,Delayed,10,2022-09
Shp001410,Ord001410,2024-04-16,2024-04-21,Fedex,183.0,Delivered,5,2024-04
Shp001412,Ord001412,2024-01-31,2024-02-03,Fedex,723.41,Lost,3,2024-01
Shp001413,Ord001413,2022-02-04,2022-02-07,Fedex,260.18,Delivered,3,2022-02
Shp001414,Ord001414,2024-06-19,2024-06-23,Bluedart,734.62,In Transit,4,2024-06
Shp001415,Ord001415,2024-12-09,2024-12-19,Ekart,412.13,Delivered,10,2024-12
Shp001416,Ord001416,2024-08-02,2024-08-17,Dtdc,99.18,Delayed,15,2024-08
Shp001417,Ord001417,2024-09-30,2024-10-06,Ekart,651.54,In Transit,6,2024-09
Shp001418,Ord001418,2022-11-15,2022-11-16,Ekart,72.17,Delayed,1,2022-11
Shp001419,Ord001419,2024-09-03,2024-09-09,Indiapost,306.19,Returned To Origin,6,2024-09
Shp001420,Ord001420,2022-08-12,2022-08-17,Indiapost,602.57,Delayed,5,2022-08
Shp001422,Ord001422,2023-12-10,2023-12-11,Indiapost,378.26,In Transit,1,2023-12
Shp001424,Ord001424,2023-06-26,2023-06-29,Dtdc,124.2,Returned To Origin,3,2023-06
Shp001425,Ord001425,2022-01-08,2022-01-11,Fedex,823.4,Delivered,3,2022-01
Shp001426,Ord001426,2024-08-14,2024-08-29,Dtdc,828.36,Delivered,15,2024-08
Shp001427,Ord001427,2024-07-15,2024-07-21,Bluedart,76.47,Delayed,6,2024-07
Shp001428,Ord001428,2023-12-20,2024-01-04,Indiapost,636.29,Delivered,15,2023-12
Shp001429,Ord001429,2023-07-18,2023-07-21,Dtdc,580.48,In Transit,3,2023-07
Shp001430,Ord001430,2023-01-10,2023-01-25,Xpressbees,467.88,Returned To Origin,15,2023-01
Shp001433,Ord001433,2024-08-29,2024-09-05,Fedex,294.13,Returned To Origin,7,2024-08
Shp001434,Ord001434,2023-05-24,2023-05-26,Delhivery,256.41,Returned To Origin,2,2023-05
Shp001435,Ord001435,2024-08-23,2024-08-30,Xpressbees,884.14,Lost,7,2024-08
Shp001437,Ord001437,2024-12-19,2024-12-25,Fedex,634.52,Returned To Origin,6,2024-12
Shp001438,Ord001438,2024-03-30,2024-04-04,Ekart,196.45,Delayed,5,2024-03
Shp001440,Ord001440,2022-11-11,2022-11-14,Indiapost,353.35,Returned To Origin,3,2022-11
Shp001441,Ord001441,2022-01-19,2022-01-29,Fedex,415.41,Delivered,10,2022-01
Shp001442,Ord001442,2022-04-23,2022-04-24,Fedex,662.46,In Transit,1,2022-04
Shp001443,Ord001443,2023-08-01,2023-08-04,Bluedart,229.57,Returned To Origin,3,2023-08
Shp001444,Ord001444,2024-07-12,2024-07-15,Dtdc,381.78,Lost,3,2024-07
Shp001445,Ord001445,2023-04-15,2023-04-19,Bluedart,167.33,In Transit,4,2023-04
Shp001446,Ord001446,2023-05-25,2023-05-30,Fedex,356.16,Returned To Origin,5,2023-05
Shp001448,Ord001448,2024-05-14,2024-05-19,Ekart,111.12,Lost,5,2024-05
Shp001449,Ord001449,2024-11-27,2024-12-04,Delhivery,147.14,Delivered,7,2024-11
Shp001451,Ord001451,2024-03-30,2024-04-07,Dtdc,391.86,In Transit,8,2024-03
Shp001452,Ord001452,2024-05-19,2024-05-20,Dtdc,548.86,Delivered,1,2024-05
Shp001453,Ord001453,2024-09-20,2024-09-26,Indiapost,513.65,Returned To Origin,6,2024-09
Shp001454,Ord001454,2024-12-16,2024-12-23,Delhivery,357.66,Returned To Origin,7,2024-12
Shp001455,Ord001455,2023-11-28,2023-12-13,Delhivery,486.3,Lost,15,2023-11
Shp001457,Ord001457,2023-08-21,2023-08-25,Fedex,595.37,Returned To Origin,4,2023-08
Shp001458,Ord001458,2023-10-26,2023-11-03,Fedex,404.33,Delivered,8,2023-10
Shp001459,Ord001459,2022-11-17,2022-11-20,Delhivery,203.41,In Transit,3,2022-11
Shp001461,Ord001461,2023-11-27,2023-12-02,Ekart,286.11,Lost,5,2023-11
Shp001462,Ord001462,2023-09-14,2023-09-21,Xpressbees,511.29,In Transit,7,2023-09
Shp001464,Ord001464,2023-10-16,2023-10-24,Fedex,673.4,Delivered,8,2023-10
Shp001466,Ord001466,2024-09-23,2024-09-24,Xpressbees,52.57,In Transit,1,2024-09
Shp001467,Ord001467,2023-12-25,2023-12-31,Fedex,355.6,Delivered,6,2023-12
Shp001468,Ord001468,2022-03-07,2022-03-11,Delhivery,219.94,Lost,4,2022-03
Shp001469,Ord001469,2023-03-28,2023-04-04,Delhivery,316.91,Returned To Origin,7,2023-03
Shp001470,Ord001470,2022-12-16,2022-12-24,Bluedart,717.84,Returned To Origin,8,2022-12
Shp001471,Ord001471,2024-10-27,2024-10-31,Ekart,500.38,Delayed,4,2024-10
Shp001473,Ord001473,2024-12-13,2024-12-21,Ekart,320.52,Returned To Origin,8,2024-12
Shp001475,Ord001475,2022-03-24,2022-03-27,Dtdc,642.91,Delayed,3,2022-03
Shp001476,Ord001476,2023-10-27,2023-11-02,Dtdc,206.07,In Transit,6,2023-10
Shp001477,Ord001477,2024-10-07,2024-10-09,Dtdc,657.77,In Transit,2,2024-10
Shp001478,Ord001478,2023-09-13,2023-09-17,Fedex,752.83,Lost,4,2023-09
Shp001479,Ord001479,2024-04-07,2024-04-13,Ekart,493.77,Delivered,6,2024-04
Shp001480,Ord001480,2022-08-28,2022-09-01,Xpressbees,570.1,Delivered,4,2022-08
Shp001481,Ord001481,2023-05-21,2023-05-28,Fedex,867.78,Returned To Origin,7,2023-05
Shp001482,Ord001482,2023-07-16,2023-07-21,Bluedart,726.71,Lost,5,2023-07
Shp001483,Ord001483,2022-02-12,2022-02-14,Xpressbees,184.0,In Transit,2,2022-02
Shp001485,Ord001485,2022-09-22,2022-09-25,Fedex,496.66,Delivered,3,2022-09
Shp001486,Ord001486,2022-08-13,2022-08-23,Xpressbees,498.73,Returned To Origin,10,2022-08
Shp001488,Ord001488,2023-03-03,2023-03-13,Indiapost,694.39,Lost,10,2023-03
Shp001489,Ord001489,2024-05-23,2024-06-07,Ekart,657.47,In Transit,15,2024-05
Shp001490,Ord001490,2023-11-29,2023-12-07,Bluedart,485.33,Lost,8,2023-11
Shp001493,Ord001493,2022-11-28,2022-12-05,Fedex,432.59,Delayed,7,2022-11
Shp001494,Ord001494,2024-12-30,2025-01-02,Bluedart,144.22,Delivered,3,2024-12
Shp001495,Ord001495,2022-09-20,2022-09-23,Bluedart,515.79,Lost,3,2022-09
Shp001496,Ord001496,2022-11-16,2022-11-18,Bluedart,457.43,Delayed,2,2022-11
Shp001497,Ord001497,2024-11-07,2024-11-14,Indiapost,366.12,In Transit,7,2024-11
Shp001499,Ord001499,2023-07-31,2023-08-03,Xpressbees,678.49,Delivered,3,2023-07
Shp001500,Ord001500,2024-07-14,2024-07-21,Indiapost,55.59,Delayed,7,2024-07
Shp001501,Ord001501,2022-10-17,2022-11-01,Dtdc,433.58,In Transit,15,2022-10
Shp001503,Ord001503,2024-01-31,2024-02-10,Indiapost,632.41,Delivered,10,2024-01
Shp001505,Ord001505,2023-08-17,2023-08-27,Delhivery,784.01,Lost,10,2023-08
Shp001506,Ord001506,2024-09-09,2024-09-17,Dtdc,334.99,In Transit,8,2024-09
Shp001507,Ord001507,2024-03-21,2024-03-23,Dtdc,111.0,Delivered,2,2024-03
Shp001508,Ord001508,2022-03-21,2022-03-28,Bluedart,761.11,In Transit,7,2022-03
Shp001509,Ord001509,2023-12-07,2023-12-17,Dtdc,562.26,Lost,10,2023-12
Shp001510,Ord001510,2023-12-28,2024-01-03,Fedex,862.02,Delivered,6,2023-12
Shp001511,Ord001511,2022-04-14,2022-04-24,Xpressbees,295.78,Delivered,10,2022-04
Shp001512,Ord001512,2023-05-19,2023-05-20,Dtdc,45.6,In Transit,1,2023-05
Shp001513,Ord001513,2023-06-20,2023-06-26,Dtdc,211.16,Lost,6,2023-06
Shp001514,Ord001514,2024-10-09,2024-10-12,Indiapost,502.21,Lost,3,2024-10
Shp001515,Ord001515,2024-04-30,2024-05-15,Xpressbees,535.41,Lost,15,2024-04
Shp001517,Ord001517,2023-05-13,2023-05-28,Delhivery,526.76,Returned To Origin,15,2023-05
Shp001518,Ord001518,2024-03-27,2024-04-11,Bluedart,607.17,Returned To Origin,15,2024-03
Shp001519,Ord001519,2023-09-09,2023-09-12,Bluedart,115.41,Delayed,3,2023-09
Shp001520,Ord001520,2022-01-19,2022-01-21,Indiapost,883.49,In Transit,2,2022-01
Shp001521,Ord001521,2024-07-03,2024-07-07,Dtdc,277.36,Returned To Origin,4,2024-07
Shp001522,Ord001522,2022-08-04,2022-08-14,Xpressbees,231.73,Delayed,10,2022-08
Shp001523,Ord001523,2024-09-09,2024-09-17,Ekart,576.5,Lost,8,2024-09
Shp001524,Ord001524,2022-06-12,2022-06-20,Xpressbees,474.18,Lost,8,2022-06
Shp001526,Ord001526,2024-10-10,2024-10-11,Indiapost,552.94,In Transit,1,2024-10
Shp001527,Ord001527,2023-02-17,2023-02-22,Indiapost,378.04,Returned To Origin,5,2023-02
Shp001528,Ord001528,2022-04-05,2022-04-10,Dtdc,251.22,Lost,5,2022-04
Shp001530,Ord001530,2022-12-22,2022-12-27,Delhivery,35.47,Lost,5,2022-12
Shp001531,Ord001531,2024-09-16,2024-09-21,Xpressbees,407.35,In Transit,5,2024-09
Shp001532,Ord001532,2023-09-02,2023-09-09,Ekart,679.0,Delivered,7,2023-09
Shp001533,Ord001533,2024-09-22,2024-09-25,Ekart,800.52,In Transit,3,2024-09
Shp001534,Ord001534,2024-04-01,2024-04-04,Xpressbees,631.54,Delivered,3,2024-04
Shp001535,Ord001535,2023-04-11,2023-04-19,Delhivery,865.46,Lost,8,2023-04
Shp001538,Ord001538,2023-03-21,2023-03-24,Bluedart,800.72,Delivered,3,2023-03
Shp001541,Ord001541,2024-03-29,2024-04-02,Indiapost,453.42,Delayed,4,2024-03
Shp001542,Ord001542,2022-04-21,2022-04-23,Delhivery,887.18,Delayed,2,2022-04
Shp001543,Ord001543,2023-01-03,2023-01-11,Fedex,340.71,Returned To Origin,8,2023-01
Shp001544,Ord001544,2022-12-12,2022-12-20,Bluedart,601.77,Delayed,8,2022-12
Shp001545,Ord001545,2024-09-11,2024-09-19,Delhivery,207.91,Delayed,8,2024-09
Shp001546,Ord001546,2022-03-29,2022-04-03,Xpressbees,461.13,Returned To Origin,5,2022-03
Shp001547,Ord001547,2022-12-08,2022-12-13,Xpressbees,842.11,In Transit,5,2022-12
Shp001548,Ord001548,2023-11-20,2023-11-23,Ekart,703.08,Delivered,3,2023-11
Shp001549,Ord001549,2022-02-27,2022-03-06,Bluedart,334.92,Lost,7,2022-02
Shp001550,Ord001550,2024-09-20,2024-09-27,Ekart,609.73,Delayed,7,2024-09
Shp001551,Ord001551,2023-03-07,2023-03-12,Dtdc,300.3,Returned To Origin,5,2023-03
Shp001552,Ord001552,2022-06-29,2022-07-06,Dtdc,149.33,Returned To Origin,7,2022-06
Shp001553,Ord001553,2025-01-01,2025-01-08,Ekart,508.07,Delayed,7,2025-01
Shp001554,Ord001554,2024-08-18,2024-08-24,Dtdc,656.79,Delayed,6,2024-08
Shp001555,Ord001555,2022-09-23,2022-09-26,Ekart,749.95,Delayed,3,2022-09
Shp001556,Ord001556,2022-12-22,2022-12-29,Ekart,128.24,Delivered,7,2022-12
Shp001557,Ord001557,2024-02-05,2024-02-13,Dtdc,408.77,Delivered,8,2024-02
Shp001558,Ord001558,2024-05-08,2024-05-11,Delhivery,514.03,In Transit,3,2024-05
Shp001559,Ord001559,2022-04-07,2022-04-10,Dtdc,398.06,Delayed,3,2022-04
Shp001561,Ord001561,2022-05-18,2022-05-26,Delhivery,545.47,Delayed,8,2022-05
Shp001562,Ord001562,2023-08-12,2023-08-15,Bluedart,61.07,Returned To Origin,3,2023-08
Shp001563,Ord001563,2022-01-24,2022-02-03,Delhivery,79.37,In Transit,10,2022-01
Shp001565,Ord001565,2023-03-13,2023-03-16,Bluedart,347.68,Returned To Origin,3,2023-03
Shp001567,Ord001567,2022-12-22,2022-12-28,Dtdc,877.59,In Transit,6,2022-12
Shp001568,Ord001568,2022-04-11,2022-04-18,Dtdc,829.67,Delivered,7,2022-04
Shp001569,Ord001569,2022-10-01,2022-10-04,Dtdc,609.57,Returned To Origin,3,2022-10
Shp001570,Ord001570,2023-05-04,2023-05-10,Dtdc,735.91,Lost,6,2023-05
Shp001571,Ord001571,2023-01-12,2023-01-27,Dtdc,311.99,Delayed,15,2023-01
Shp001572,Ord001572,2024-04-03,2024-04-18,Delhivery,138.48,In Transit,15,2024-04
Shp001573,Ord001573,2022-11-24,2022-12-02,Dtdc,755.31,Returned To Origin,8,2022-11
Shp003099,Ord003099,2023-06-30,2023-07-04,Ekart,106.07,Delayed,4,2023-06
Shp001577,Ord001577,2024-03-15,2024-03-18,Xpressbees,712.49,Lost,3,2024-03
Shp001578,Ord001578,2024-04-19,2024-04-26,Ekart,791.92,Returned To Origin,7,2024-04
Shp001579,Ord001579,2022-12-23,2022-12-24,Bluedart,341.23,Delayed,1,2022-12
Shp001580,Ord001580,2023-06-10,2023-06-12,Bluedart,,In Transit,2,2023-06
Shp001581,Ord001581,2022-03-19,2022-03-29,Xpressbees,811.61,Lost,10,2022-03
Shp001582,Ord001582,2024-08-14,2024-08-17,Dtdc,798.65,Returned To Origin,3,2024-08
Shp001583,Ord001583,2022-06-16,2022-06-19,Dtdc,777.24,In Transit,3,2022-06
Shp001584,Ord001584,2023-02-18,2023-02-20,Bluedart,386.2,Returned To Origin,2,2023-02
Shp001585,Ord001585,2022-04-15,2022-04-18,Xpressbees,770.98,In Transit,3,2022-04
Shp001586,Ord001586,2024-11-17,2024-11-25,Ekart,802.34,Lost,8,2024-11
Shp001587,Ord001587,2024-06-21,2024-06-29,Ekart,38.18,Delayed,8,2024-06
Shp001588,Ord001588,2022-08-22,2022-09-06,Bluedart,295.01,Lost,15,2022-08
Shp001589,Ord001589,2022-06-23,2022-06-30,Dtdc,119.55,In Transit,7,2022-06
Shp001590,Ord001590,2022-01-28,2022-02-12,Fedex,198.26,In Transit,15,2022-01
Shp001591,Ord001591,2024-03-19,2024-03-20,Xpressbees,333.99,Returned To Origin,1,2024-03
Shp001592,Ord001592,2022-08-24,2022-08-27,Dtdc,805.83,Returned To Origin,3,2022-08
Shp001593,Ord001593,2022-10-13,2022-10-16,Ekart,199.67,Returned To Origin,3,2022-10
Shp001594,Ord001594,2024-09-25,2024-09-28,Bluedart,135.34,In Transit,3,2024-09
Shp001595,Ord001595,2022-04-20,2022-04-30,Fedex,326.54,Returned To Origin,10,2022-04
Shp001597,Ord001597,2024-12-19,2024-12-22,Delhivery,467.0,Delivered,3,2024-12
Shp001598,Ord001598,2022-11-21,2022-11-24,Fedex,642.81,Lost,3,2022-11
Shp001599,Ord001599,2022-02-01,2022-02-04,Bluedart,635.27,Delivered,3,2022-02
Shp001600,Ord001600,2023-07-07,2023-07-10,Ekart,454.02,Returned To Origin,3,2023-07
Shp001602,Ord001602,2023-10-11,2023-10-15,Dtdc,472.9,Returned To Origin,4,2023-10
Shp001603,Ord001603,2023-06-30,2023-07-02,Delhivery,185.53,In Transit,2,2023-06
Shp001605,Ord001605,2023-04-13,2023-04-21,Fedex,248.86,In Transit,8,2023-04
Shp001606,Ord001606,2024-09-07,2024-09-10,Delhivery,688.4,Delayed,3,2024-09
Shp001607,Ord001607,2023-05-06,2023-05-16,Fedex,698.83,In Transit,10,2023-05
Shp001608,Ord001608,2023-04-23,2023-04-30,Fedex,243.3,Delivered,7,2023-04
Shp001609,Ord001609,2022-05-21,2022-05-25,Ekart,387.18,Delayed,4,2022-05
Shp001610,Ord001610,2023-11-16,2023-11-22,Fedex,503.77,Delivered,6,2023-11
Shp001611,Ord001611,2023-12-30,2024-01-05,Fedex,705.51,Delayed,6,2023-12
Shp001612,Ord001612,2022-01-27,2022-02-01,Delhivery,565.73,Delayed,5,2022-01
Shp001613,Ord001613,2024-02-28,2024-03-05,Xpressbees,867.35,Returned To Origin,6,2024-02
Shp001614,Ord001614,2022-12-17,2022-12-23,Xpressbees,239.2,Lost,6,2022-12
Shp001616,Ord001616,2023-04-11,2023-04-12,Xpressbees,174.72,In Transit,1,2023-04
Shp001617,Ord001617,2023-01-11,2023-01-26,Fedex,774.66,Delivered,15,2023-01
Shp001618,Ord001618,2022-05-08,2022-05-14,Bluedart,610.83,Lost,6,2022-05
Shp001620,Ord001620,2022-04-09,2022-04-13,Fedex,576.45,Lost,4,2022-04
Shp001622,Ord001622,2023-04-02,2023-04-17,Dtdc,66.42,Delivered,15,2023-04
Shp001623,Ord001623,2022-11-25,2022-12-01,Ekart,837.53,In Transit,6,2022-11
Shp001624,Ord001624,2024-12-01,2024-12-03,Bluedart,31.51,Delayed,2,2024-12
Shp001625,Ord001625,2023-06-06,2023-06-12,Dtdc,582.04,In Transit,6,2023-06
Shp001626,Ord001626,2024-09-06,2024-09-09,Fedex,201.41,Returned To Origin,3,2024-09
Shp001627,Ord001627,2022-02-19,2022-02-20,Indiapost,72.0,In Transit,1,2022-02
Shp001628,Ord001628,2022-05-20,2022-05-26,Bluedart,681.63,Delayed,6,2022-05
Shp001630,Ord001630,2023-03-20,2023-03-26,Delhivery,768.27,In Transit,6,2023-03
Shp001633,Ord001633,2023-07-29,2023-08-06,Indiapost,503.2,In Transit,8,2023-07
Shp001634,Ord001634,2024-08-10,2024-08-15,Dtdc,726.83,Returned To Origin,5,2024-08
Shp001635,Ord001635,2024-09-16,2024-09-18,Bluedart,452.95,Returned To Origin,2,2024-09
Shp001636,Ord001636,2023-01-19,2023-01-25,Bluedart,207.07,Delivered,6,2023-01
Shp001637,Ord001637,2023-08-24,2023-08-26,Delhivery,201.46,Delivered,2,2023-08
Shp001638,Ord001638,2023-10-17,2023-10-20,Indiapost,378.21,Delayed,3,2023-10
Shp001639,Ord001639,2023-11-20,2023-11-30,Ekart,634.44,Returned To Origin,10,2023-11
Shp001640,Ord001640,2024-06-28,2024-07-13,Xpressbees,129.92,Returned To Origin,15,2024-06
Shp001641,Ord001641,2022-10-12,2022-10-27,Fedex,494.02,In Transit,15,2022-10
Shp001642,Ord001642,2023-09-08,2023-09-12,Fedex,731.75,Returned To Origin,4,2023-09
Shp001643,Ord001643,2024-12-18,2024-12-21,Indiapost,820.32,Delivered,3,2024-12
Shp001644,Ord001644,2023-02-13,2023-02-16,Bluedart,402.23,Returned To Origin,3,2023-02
Shp001645,Ord001645,2024-11-15,2024-11-19,Dtdc,76.44,Returned To Origin,4,2024-11
Shp001646,Ord001646,2023-10-24,2023-10-27,Delhivery,659.43,Delayed,3,2023-10
Shp001647,Ord001647,2023-11-21,2023-11-27,Fedex,173.23,Delayed,6,2023-11
Shp001650,Ord001650,2023-05-21,2023-05-24,Ekart,865.87,Returned To Origin,3,2023-05
Shp001651,Ord001651,2024-11-21,2024-11-29,Indiapost,373.9,Delivered,8,2024-11
Shp001652,Ord001652,2023-06-24,2023-07-01,Delhivery,628.86,Delayed,7,2023-06
Shp001653,Ord001653,2023-02-11,2023-02-12,Bluedart,716.84,In Transit,1,2023-02
Shp001654,Ord001654,2023-07-11,2023-07-21,Fedex,853.04,Delivered,10,2023-07
Shp001655,Ord001655,2022-02-08,2022-02-12,Fedex,509.75,Delayed,4,2022-02
Shp001656,Ord001656,2023-10-19,2023-10-25,Fedex,139.84,Delivered,6,2023-10
Shp001657,Ord001657,2022-07-02,2022-07-07,Indiapost,465.53,In Transit,5,2022-07
Shp001658,Ord001658,2024-03-02,2024-03-10,Dtdc,584.97,In Transit,8,2024-03
Shp001659,Ord001659,2022-05-15,2022-05-25,Bluedart,649.7,In Transit,10,2022-05
Shp001660,Ord001660,2022-06-05,2022-06-09,Delhivery,209.52,Delivered,4,2022-06
Shp001662,Ord001662,2022-03-06,2022-03-07,Fedex,80.67,Delivered,1,2022-03
Shp001663,Ord001663,2024-12-06,2024-12-08,Xpressbees,321.54,Delayed,2,2024-12
Shp001664,Ord001664,2022-02-23,2022-02-27,Indiapost,321.01,Lost,4,2022-02
Shp001666,Ord001666,2024-11-18,2024-11-26,Xpressbees,126.43,Delayed,8,2024-11
Shp001667,Ord001667,2024-11-11,2024-11-13,Xpressbees,512.85,Returned To Origin,2,2024-11
Shp001668,Ord001668,2022-11-04,2022-11-10,Ekart,440.84,Lost,6,2022-11
Shp001669,Ord001669,2022-08-16,2022-08-19,Xpressbees,575.25,In Transit,3,2022-08
Shp001670,Ord001670,2022-02-01,2022-02-09,Fedex,587.95,Delivered,8,2022-02
Shp001671,Ord001671,2023-09-27,2023-09-30,Dtdc,250.72,Delivered,3,2023-09
Shp001672,Ord001672,2022-07-28,2022-08-05,Xpressbees,65.46,In Transit,8,2022-07
Shp001673,Ord001673,2022-06-28,2022-07-01,Bluedart,758.46,Lost,3,2022-06
Shp001674,Ord001674,2022-01-17,2022-01-21,Dtdc,855.89,Delivered,4,2022-01
Shp001675,Ord001675,2022-09-11,2022-09-13,Dtdc,774.94,Lost,2,2022-09
Shp001678,Ord001678,2024-03-26,2024-04-01,Indiapost,105.85,Delivered,6,2024-03
Shp001679,Ord001679,2024-09-12,2024-09-20,Xpressbees,373.6,Lost,8,2024-09
Shp001680,Ord001680,2023-04-28,2023-05-03,Dtdc,853.8,In Transit,5,2023-04
Shp001681,Ord001681,2023-04-27,2023-05-01,Bluedart,107.81,Delayed,4,2023-04
Shp001682,Ord001682,2022-01-24,2022-02-08,Xpressbees,274.33,In Transit,15,2022-01
Shp001683,Ord001683,2022-08-19,2022-08-22,Dtdc,41.28,Delivered,3,2022-08
Shp001684,Ord001684,2024-04-23,2024-04-29,Dtdc,87.86,Lost,6,2024-04
Shp001685,Ord001685,2024-12-30,2025-01-06,Delhivery,534.4,Delivered,7,2024-12
Shp001686,Ord001686,2023-02-23,2023-02-27,Delhivery,236.21,Delayed,4,2023-02
Shp001687,Ord001687,2022-09-08,2022-09-09,Ekart,71.75,Lost,1,2022-09
Shp001688,Ord001688,2024-07-13,2024-07-16,Fedex,725.56,Delivered,3,2024-07
Shp001689,Ord001689,2024-04-13,2024-04-16,Xpressbees,469.22,In Transit,3,2024-04
Shp001690,Ord001690,2022-01-01,2022-01-09,Xpressbees,393.88,Delayed,8,2022-01
Shp001692,Ord001692,2023-02-17,2023-02-18,Dtdc,198.71,Lost,1,2023-02
Shp001694,Ord001694,2022-02-09,2022-02-17,Fedex,309.4,In Transit,8,2022-02
Shp001695,Ord001695,2023-06-16,2023-06-26,Delhivery,470.71,Returned To Origin,10,2023-06
Shp001698,Ord001698,2024-09-03,2024-09-13,Dtdc,,Lost,10,2024-09
Shp001699,Ord001699,2024-01-18,2024-01-22,Dtdc,741.48,Returned To Origin,4,2024-01
Shp001700,Ord001700,2024-08-19,2024-08-21,Indiapost,320.2,In Transit,2,2024-08
Shp001701,Ord001701,2022-04-13,2022-04-21,Xpressbees,567.51,Delayed,8,2022-04
Shp001702,Ord001702,2023-05-08,2023-05-13,Bluedart,352.26,Delayed,5,2023-05
Shp001704,Ord001704,2023-10-26,2023-11-10,Xpressbees,383.36,Lost,15,2023-10
Shp001706,Ord001706,2022-02-02,2022-02-06,Fedex,309.87,Lost,4,2022-02
Shp001707,Ord001707,2023-12-30,2024-01-09,Ekart,65.89,Delivered,10,2023-12
Shp001708,Ord001708,2024-12-13,2024-12-18,Ekart,844.16,In Transit,5,2024-12
Shp001709,Ord001709,2023-08-21,2023-08-26,Bluedart,713.46,In Transit,5,2023-08
Shp001712,Ord001712,2024-08-02,2024-08-12,Xpressbees,94.2,In Transit,10,2024-08
Shp001714,Ord001714,2023-06-17,2023-06-21,Fedex,766.89,Lost,4,2023-06
Shp001715,Ord001715,2024-12-04,2024-12-12,Dtdc,435.54,Delivered,8,2024-12
Shp001717,Ord001717,2022-02-28,2022-03-08,Delhivery,264.41,In Transit,8,2022-02
Shp001718,Ord001718,2024-05-07,2024-05-12,Xpressbees,351.76,In Transit,5,2024-05
Shp001719,Ord001719,2023-06-07,2023-06-14,Delhivery,55.01,Returned To Origin,7,2023-06
Shp001720,Ord001720,2022-07-06,2022-07-13,Bluedart,374.53,Returned To Origin,7,2022-07
Shp001721,Ord001721,2022-02-10,2022-02-13,Delhivery,474.5,Returned To Origin,3,2022-02
Shp001722,Ord001722,2022-03-09,2022-03-19,Indiapost,758.57,Delivered,10,2022-03
Shp001723,Ord001723,2024-04-16,2024-04-24,Ekart,192.64,In Transit,8,2024-04
Shp001724,Ord001724,2024-03-29,2024-04-04,Delhivery,425.86,Delayed,6,2024-03
Shp001726,Ord001726,2024-08-23,2024-08-31,Delhivery,94.85,Returned To Origin,8,2024-08
Shp001727,Ord001727,2023-07-26,2023-07-31,Bluedart,648.48,Delayed,5,2023-07
Shp001728,Ord001728,2024-05-19,2024-05-22,Dtdc,677.8,In Transit,3,2024-05
Shp001729,Ord001729,2023-11-15,2023-11-20,Fedex,730.77,Delivered,5,2023-11
Shp001730,Ord001730,2023-02-13,2023-02-19,Dtdc,541.47,Delayed,6,2023-02
Shp001731,Ord001731,2023-03-13,2023-03-17,Fedex,620.95,Delayed,4,2023-03
Shp001732,Ord001732,2024-03-16,2024-03-19,Xpressbees,507.51,Delivered,3,2024-03
Shp001733,Ord001733,2024-01-06,2024-01-13,Indiapost,387.63,In Transit,7,2024-01
Shp001734,Ord001734,2024-10-07,2024-10-13,Indiapost,617.46,Delayed,6,2024-10
Shp001735,Ord001735,2023-06-04,2023-06-07,Delhivery,244.82,In Transit,3,2023-06
Shp001736,Ord001736,2022-02-28,2022-03-15,Delhivery,344.4,Delivered,15,2022-02
Shp001737,Ord001737,2022-04-22,2022-04-29,Fedex,753.17,Returned To Origin,7,2022-04
Shp001738,Ord001738,2023-12-14,2023-12-18,Dtdc,821.04,Delayed,4,2023-12
Shp001739,Ord001739,2022-02-08,2022-02-09,Bluedart,273.78,Returned To Origin,1,2022-02
Shp001740,Ord001740,2024-01-04,2024-01-14,Indiapost,63.79,In Transit,10,2024-01
Shp001741,Ord001741,2023-02-11,2023-02-19,Indiapost,510.11,In Transit,8,2023-02
Shp001742,Ord001742,2022-06-15,2022-06-18,Dtdc,648.87,Returned To Origin,3,2022-06
Shp001743,Ord001743,2022-07-18,2022-07-24,Dtdc,504.11,Returned To Origin,6,2022-07
Shp001744,Ord001744,2022-02-21,2022-02-24,Dtdc,488.29,Delayed,3,2022-02
Shp001745,Ord001745,2023-03-31,2023-04-05,Bluedart,267.04,In Transit,5,2023-03
Shp001746,Ord001746,2024-12-21,2024-12-22,Fedex,887.98,Delayed,1,2024-12
Shp001747,Ord001747,2022-08-27,2022-08-30,Ekart,79.68,Returned To Origin,3,2022-08
Shp001748,Ord001748,2022-06-04,2022-06-19,Fedex,331.78,Returned To Origin,15,2022-06
Shp001749,Ord001749,2022-08-13,2022-08-20,Fedex,214.71,Delivered,7,2022-08
Shp001750,Ord001750,2023-08-30,2023-09-09,Xpressbees,332.94,Returned To Origin,10,2023-08
Shp001751,Ord001751,2023-02-19,2023-02-20,Bluedart,630.68,Delivered,1,2023-02
Shp001752,Ord001752,2022-03-23,2022-04-02,Xpressbees,249.94,Delayed,10,2022-03
Shp001753,Ord001753,2022-06-22,2022-06-25,Dtdc,71.61,Delayed,3,2022-06
Shp001755,Ord001755,2024-09-12,2024-09-16,Xpressbees,310.88,Returned To Origin,4,2024-09
Shp001756,Ord001756,2024-05-05,2024-05-09,Fedex,896.44,Delayed,4,2024-05
Shp001757,Ord001757,2022-02-09,2022-02-16,Ekart,391.2,Lost,7,2022-02
Shp001758,Ord001758,2023-03-26,2023-04-10,Xpressbees,545.57,Delivered,15,2023-03
Shp001759,Ord001759,2022-03-24,2022-03-27,Indiapost,802.01,Delivered,3,2022-03
Shp001760,Ord001760,2023-07-30,2023-08-14,Xpressbees,473.41,Delayed,15,2023-07
Shp001762,Ord001762,2024-11-27,2024-12-02,Xpressbees,740.44,Returned To Origin,5,2024-11
Shp001763,Ord001763,2022-06-17,2022-06-20,Fedex,160.82,In Transit,3,2022-06
Shp001764,Ord001764,2022-02-17,2022-02-24,Bluedart,721.35,Delayed,7,2022-02
Shp001765,Ord001765,2023-11-28,2023-12-13,Delhivery,746.2,Returned To Origin,15,2023-11
Shp001766,Ord001766,2024-06-19,2024-06-22,Bluedart,546.35,Delivered,3,2024-06
Shp001767,Ord001767,2023-12-05,2023-12-12,Delhivery,781.93,In Transit,7,2023-12
Shp001768,Ord001768,2022-10-31,2022-11-06,Bluedart,48.99,Lost,6,2022-10
Shp001769,Ord001769,2024-09-13,2024-09-17,Delhivery,614.36,Lost,4,2024-09
Shp001770,Ord001770,2022-06-18,2022-06-24,Delhivery,227.43,Lost,6,2022-06
Shp001771,Ord001771,2024-12-30,2025-01-07,Ekart,59.07,Delivered,8,2024-12
Shp001772,Ord001772,2022-04-18,2022-04-21,Indiapost,353.24,Delivered,3,2022-04
Shp001773,Ord001773,2024-09-12,2024-09-14,Dtdc,865.62,In Transit,2,2024-09
Shp001774,Ord001774,2022-07-12,2022-07-15,Ekart,220.02,Delivered,3,2022-07
Shp001775,Ord001775,2023-01-01,2023-01-11,Fedex,355.31,Delivered,10,2023-01
Shp001776,Ord001776,2022-01-05,2022-01-20,Bluedart,488.07,Lost,15,2022-01
Shp001777,Ord001777,2022-03-11,2022-03-19,Ekart,554.05,Delayed,8,2022-03
Shp001778,Ord001778,2022-08-12,2022-08-27,Fedex,550.26,Delivered,15,2022-08
Shp001779,Ord001779,2024-01-11,2024-01-15,Xpressbees,696.24,In Transit,4,2024-01
Shp001780,Ord001780,2024-04-18,2024-04-22,Bluedart,632.78,In Transit,4,2024-04
Shp001782,Ord001782,2022-08-17,2022-08-20,Delhivery,824.39,Delayed,3,2022-08
Shp001783,Ord001783,2022-05-07,2022-05-08,Delhivery,844.42,Returned To Origin,1,2022-05
Shp001784,Ord001784,2022-02-11,2022-02-16,Indiapost,851.15,Returned To Origin,5,2022-02
Shp001785,Ord001785,2024-04-26,2024-05-02,Delhivery,770.04,Delayed,6,2024-04
Shp001786,Ord001786,2022-05-10,2022-05-13,Fedex,531.65,Lost,3,2022-05
Shp001787,Ord001787,2024-02-01,2024-02-03,Xpressbees,38.17,Lost,2,2024-02
Shp001788,Ord001788,2024-11-17,2024-11-24,Xpressbees,217.59,Delivered,7,2024-11
Shp001789,Ord001789,2023-07-30,2023-08-07,Delhivery,299.52,Returned To Origin,8,2023-07
Shp001790,Ord001790,2022-12-14,2022-12-16,Dtdc,564.68,Returned To Origin,2,2022-12
Shp001791,Ord001791,2022-11-23,2022-12-01,Xpressbees,659.95,Delivered,8,2022-11
Shp001792,Ord001792,2023-11-11,2023-11-17,Xpressbees,430.14,In Transit,6,2023-11
Shp001793,Ord001793,2023-11-20,2023-11-24,Xpressbees,419.23,Delayed,4,2023-11
Shp001794,Ord001794,2022-11-23,2022-11-30,Ekart,574.1,In Transit,7,2022-11
Shp001795,Ord001795,2023-07-21,2023-08-05,Fedex,621.09,Lost,15,2023-07
Shp001796,Ord001796,2023-09-21,2023-09-25,Bluedart,226.84,Returned To Origin,4,2023-09
Shp001798,Ord001798,2023-05-14,2023-05-21,Bluedart,618.23,Delivered,7,2023-05
Shp001799,Ord001799,2024-12-24,2025-01-01,Ekart,761.89,In Transit,8,2024-12
Shp001801,Ord001801,2024-04-03,2024-04-10,Dtdc,607.94,Delivered,7,2024-04
Shp001803,Ord001803,2024-11-18,2024-11-24,Xpressbees,666.8,Lost,6,2024-11
Shp001805,Ord001805,2022-07-13,2022-07-16,Delhivery,514.61,Returned To Origin,3,2022-07
Shp001806,Ord001806,2024-05-28,2024-06-03,Bluedart,782.8,In Transit,6,2024-05
Shp001807,Ord001807,2022-03-20,2022-03-23,Indiapost,294.27,In Transit,3,2022-03
Shp001808,Ord001808,2023-11-28,2023-12-01,Bluedart,594.45,Returned To Origin,3,2023-11
Shp001809,Ord001809,2022-08-15,2022-08-18,Dtdc,702.64,In Transit,3,2022-08
Shp001810,Ord001810,2024-01-03,2024-01-13,Ekart,305.56,In Transit,10,2024-01
Shp001811,Ord001811,2024-01-24,2024-01-25,Xpressbees,99.94,Returned To Origin,1,2024-01
Shp001812,Ord001812,2022-02-19,2022-02-24,Bluedart,556.46,Lost,5,2022-02
Shp001813,Ord001813,2022-09-13,2022-09-16,Ekart,237.91,Returned To Origin,3,2022-09
Shp001814,Ord001814,2022-03-11,2022-03-13,Xpressbees,181.26,Returned To Origin,2,2022-03
Shp001817,Ord001817,2023-01-15,2023-01-17,Delhivery,512.1,Lost,2,2023-01
Shp001819,Ord001819,2024-02-14,2024-02-15,Indiapost,573.55,In Transit,1,2024-02
Shp001820,Ord001820,2022-04-08,2022-04-14,Dtdc,134.97,In Transit,6,2022-04
Shp001821,Ord001821,2024-09-13,2024-09-16,Ekart,642.82,Lost,3,2024-09
Shp001822,Ord001822,2024-05-18,2024-05-26,Bluedart,536.83,Lost,8,2024-05
Shp001823,Ord001823,2024-09-19,2024-09-24,Bluedart,326.82,Delivered,5,2024-09
Shp001824,Ord001824,2022-09-12,2022-09-27,Dtdc,671.18,Delivered,15,2022-09
Shp001825,Ord001825,2024-01-06,2024-01-10,Indiapost,310.58,Delayed,4,2024-01
Shp001827,Ord001827,2022-01-21,2022-01-31,Fedex,49.96,Lost,10,2022-01
Shp001829,Ord001829,2022-03-28,2022-03-30,Indiapost,439.76,Delivered,2,2022-03
Shp001830,Ord001830,2023-04-06,2023-04-08,Ekart,532.94,Delivered,2,2023-04
Shp001831,Ord001831,2022-05-24,2022-05-26,Ekart,834.96,Returned To Origin,2,2022-05
Shp001832,Ord001832,2022-08-21,2022-08-27,Xpressbees,715.74,Delayed,6,2022-08
Shp001833,Ord001833,2023-04-22,2023-04-29,Dtdc,712.21,Delayed,7,2023-04
Shp001836,Ord001836,2022-11-28,2022-11-29,Xpressbees,511.57,Lost,1,2022-11
Shp001837,Ord001837,2023-04-12,2023-04-17,Fedex,256.04,Delayed,5,2023-04
Shp001838,Ord001838,2024-02-20,2024-02-25,Bluedart,510.26,In Transit,5,2024-02
Shp001839,Ord001839,2024-09-21,2024-09-26,Xpressbees,399.5,Returned To Origin,5,2024-09
Shp001841,Ord001841,2024-09-30,2024-10-08,Dtdc,167.39,Returned To Origin,8,2024-09
Shp001843,Ord001843,2022-05-25,2022-05-26,Dtdc,394.19,Delayed,1,2022-05
Shp001844,Ord001844,2023-11-23,2023-12-03,Bluedart,51.29,Returned To Origin,10,2023-11
Shp001845,Ord001845,2023-12-11,2023-12-14,Dtdc,189.75,Returned To Origin,3,2023-12
Shp001846,Ord001846,2022-04-26,2022-04-29,Indiapost,465.24,Delivered,3,2022-04
Shp001847,Ord001847,2022-12-17,2022-12-18,Ekart,679.15,In Transit,1,2022-12
Shp001848,Ord001848,2023-04-16,2023-04-21,Dtdc,866.26,Returned To Origin,5,2023-04
Shp001851,Ord001851,2022-03-22,2022-03-30,Ekart,822.03,Returned To Origin,8,2022-03
Shp001855,Ord001855,2023-02-19,2023-02-24,Delhivery,584.28,Returned To Origin,5,2023-02
Shp001856,Ord001856,2023-11-11,2023-11-14,Dtdc,767.1,Delayed,3,2023-11
Shp001857,Ord001857,2024-11-14,2024-11-15,Bluedart,623.06,In Transit,1,2024-11
Shp001858,Ord001858,2022-07-15,2022-07-18,Xpressbees,741.92,Delayed,3,2022-07
Shp001860,Ord001860,2024-05-14,2024-05-19,Dtdc,89.05,Returned To Origin,5,2024-05
Shp001862,Ord001862,2023-03-29,2023-04-05,Indiapost,121.68,Lost,7,2023-03
Shp001863,Ord001863,2022-08-02,2022-08-03,Delhivery,513.01,Lost,1,2022-08
Shp001864,Ord001864,2022-07-13,2022-07-20,Xpressbees,67.83,Delivered,7,2022-07
Shp001865,Ord001865,2023-02-17,2023-02-22,Ekart,75.88,Returned To Origin,5,2023-02
Shp001866,Ord001866,2024-11-07,2024-11-22,Fedex,396.33,Lost,15,2024-11
Shp001867,Ord001867,2022-11-12,2022-11-17,Xpressbees,414.42,In Transit,5,2022-11
Shp001868,Ord001868,2022-03-11,2022-03-17,Fedex,354.95,In Transit,6,2022-03
Shp001869,Ord001869,2022-05-23,2022-05-29,Xpressbees,243.68,In Transit,6,2022-05
Shp001871,Ord001871,2024-01-27,2024-01-30,Dtdc,30.98,Delivered,3,2024-01
Shp001872,Ord001872,2022-02-19,2022-02-23,Delhivery,325.17,Delivered,4,2022-02
Shp001873,Ord001873,2023-11-24,2023-11-30,Bluedart,681.12,Delivered,6,2023-11
Shp001874,Ord001874,2024-01-09,2024-01-12,Dtdc,321.46,Lost,3,2024-01
Shp001875,Ord001875,2022-11-29,2022-12-01,Bluedart,195.25,Delivered,2,2022-11
Shp001877,Ord001877,2022-11-07,2022-11-17,Dtdc,152.9,Lost,10,2022-11
Shp001878,Ord001878,2022-01-05,2022-01-15,Delhivery,535.25,Returned To Origin,10,2022-01
Shp001879,Ord001879,2023-01-20,2023-01-23,Xpressbees,192.75,Delivered,3,2023-01
Shp001881,Ord001881,2022-11-24,2022-11-28,Dtdc,873.47,Delayed,4,2022-11
Shp001882,Ord001882,2024-07-30,2024-08-02,Bluedart,481.03,Lost,3,2024-07
Shp001883,Ord001883,2022-09-11,2022-09-18,Indiapost,515.47,In Transit,7,2022-09
Shp001884,Ord001884,2024-09-04,2024-09-12,Bluedart,711.89,Returned To Origin,8,2024-09
Shp001885,Ord001885,2024-09-20,2024-09-25,Fedex,277.05,Delayed,5,2024-09
Shp001886,Ord001886,2024-05-09,2024-05-11,Indiapost,436.91,Returned To Origin,2,2024-05
Shp001887,Ord001887,2022-06-10,2022-06-13,Fedex,849.84,In Transit,3,2022-06
Shp001889,Ord001889,2022-11-01,2022-11-16,Bluedart,264.45,In Transit,15,2022-11
Shp001890,Ord001890,2022-11-02,2022-11-12,Ekart,33.64,Returned To Origin,10,2022-11
Shp001891,Ord001891,2023-09-16,2023-09-21,Xpressbees,535.54,Returned To Origin,5,2023-09
Shp001892,Ord001892,2022-06-05,2022-06-15,Fedex,798.78,Returned To Origin,10,2022-06
Shp001893,Ord001893,2024-10-18,2024-11-02,Xpressbees,493.21,In Transit,15,2024-10
Shp001894,Ord001894,2023-07-19,2023-08-03,Ekart,577.48,Delayed,15,2023-07
Shp001895,Ord001895,2022-01-10,2022-01-13,Indiapost,827.0,Delayed,3,2022-01
Shp001896,Ord001896,2024-08-18,2024-08-22,Xpressbees,62.16,In Transit,4,2024-08
Shp001897,Ord001897,2023-11-09,2023-11-17,Fedex,700.07,Delivered,8,2023-11
Shp001898,Ord001898,2023-09-23,2023-10-08,Ekart,151.23,Delayed,15,2023-09
Shp001899,Ord001899,2024-01-18,2024-01-28,Fedex,830.02,In Transit,10,2024-01
Shp001900,Ord001900,2023-05-28,2023-05-29,Ekart,571.06,In Transit,1,2023-05
Shp001901,Ord001901,2022-11-09,2022-11-16,Fedex,627.57,Delivered,7,2022-11
Shp001902,Ord001902,2023-03-16,2023-03-22,Bluedart,486.99,In Transit,6,2023-03
Shp001903,Ord001903,2024-03-03,2024-03-18,Fedex,822.11,Delayed,15,2024-03
Shp001905,Ord001905,2023-10-05,2023-10-07,Delhivery,683.05,Delivered,2,2023-10
Shp001907,Ord001907,2023-09-04,2023-09-08,Ekart,207.83,Returned To Origin,4,2023-09
Shp001908,Ord001908,2023-10-19,2023-10-22,Xpressbees,211.91,Delivered,3,2023-10
Shp001909,Ord001909,2022-06-19,2022-06-24,Indiapost,454.98,Delivered,5,2022-06
Shp001910,Ord001910,2022-10-16,2022-10-31,Delhivery,297.73,Delivered,15,2022-10
Shp001911,Ord001911,2024-06-19,2024-07-04,Indiapost,,Delivered,15,2024-06
Shp001912,Ord001912,2024-12-05,2024-12-11,Xpressbees,259.21,Delayed,6,2024-12
Shp001913,Ord001913,2024-02-03,2024-02-10,Ekart,592.52,In Transit,7,2024-02
Shp001916,Ord001916,2024-10-21,2024-10-27,Dtdc,555.74,Delayed,6,2024-10
Shp001917,Ord001917,2022-11-07,2022-11-12,Bluedart,253.0,Delivered,5,2022-11
Shp001918,Ord001918,2023-04-27,2023-05-02,Fedex,697.45,In Transit,5,2023-04
Shp001919,Ord001919,2022-10-08,2022-10-09,Ekart,136.33,Returned To Origin,1,2022-10
Shp001920,Ord001920,2023-04-19,2023-04-24,Delhivery,427.72,Delayed,5,2023-04
Shp001921,Ord001921,2024-11-05,2024-11-06,Ekart,278.99,In Transit,1,2024-11
Shp001922,Ord001922,2024-04-21,2024-05-06,Xpressbees,300.76,In Transit,15,2024-04
Shp001924,Ord001924,2022-06-20,2022-06-25,Delhivery,439.61,Lost,5,2022-06
Shp001925,Ord001925,2023-06-14,2023-06-21,Dtdc,187.47,Lost,7,2023-06
Shp001926,Ord001926,2022-06-18,2022-06-24,Bluedart,751.82,Returned To Origin,6,2022-06
Shp001928,Ord001928,2024-03-27,2024-04-04,Ekart,674.61,In Transit,8,2024-03
Shp001929,Ord001929,2023-04-13,2023-04-23,Dtdc,524.28,Delayed,10,2023-04
Shp001930,Ord001930,2024-04-25,2024-05-03,Indiapost,519.9,Delivered,8,2024-04
Shp001931,Ord001931,2023-12-10,2023-12-13,Ekart,804.55,Lost,3,2023-12
Shp001932,Ord001932,2022-02-21,2022-02-28,Bluedart,732.95,Delayed,7,2022-02
Shp001933,Ord001933,2024-01-24,2024-01-27,Fedex,654.79,Lost,3,2024-01
Shp001934,Ord001934,2022-04-16,2022-05-01,Indiapost,168.57,Delivered,15,2022-04
Shp001935,Ord001935,2024-09-21,2024-09-29,Bluedart,196.34,Delivered,8,2024-09
Shp001936,Ord001936,2022-12-09,2022-12-16,Ekart,339.51,Returned To Origin,7,2022-12
Shp001938,Ord001938,2022-02-09,2022-02-24,Dtdc,390.99,Lost,15,2022-02
Shp001940,Ord001940,2022-01-30,2022-02-14,Ekart,585.9,Lost,15,2022-01
Shp001942,Ord001942,2022-08-20,2022-08-23,Ekart,210.15,Lost,3,2022-08
Shp001943,Ord001943,2023-08-08,2023-08-14,Dtdc,515.73,Delivered,6,2023-08
Shp001944,Ord001944,2022-05-28,2022-06-04,Ekart,228.99,Delivered,7,2022-05
Shp001945,Ord001945,2024-02-23,2024-02-26,Dtdc,726.92,Delivered,3,2024-02
Shp001946,Ord001946,2022-06-16,2022-07-01,Delhivery,725.86,In Transit,15,2022-06
Shp001947,Ord001947,2024-08-02,2024-08-04,Xpressbees,480.32,Delivered,2,2024-08
Shp001948,Ord001948,2023-10-17,2023-11-01,Indiapost,431.74,In Transit,15,2023-10
Shp001949,Ord001949,2023-10-26,2023-11-03,Ekart,741.51,In Transit,8,2023-10
Shp001950,Ord001950,2023-06-30,2023-07-07,Indiapost,437.73,In Transit,7,2023-06
Shp001951,Ord001951,2023-09-25,2023-10-05,Dtdc,642.67,In Transit,10,2023-09
Shp001954,Ord001954,2022-11-24,2022-11-29,Dtdc,243.84,Lost,5,2022-11
Shp001955,Ord001955,2024-02-28,2024-03-02,Indiapost,56.84,Delayed,3,2024-02
Shp001956,Ord001956,2023-09-21,2023-09-24,Delhivery,198.03,Delayed,3,2023-09
Shp001957,Ord001957,2024-11-20,2024-11-23,Xpressbees,153.04,Delayed,3,2024-11
Shp001958,Ord001958,2022-12-11,2022-12-17,Indiapost,124.13,Delivered,6,2022-12
Shp001959,Ord001959,2023-10-24,2023-10-28,Ekart,100.21,Delivered,4,2023-10
Shp001961,Ord001961,2023-03-13,2023-03-16,Indiapost,281.46,Delayed,3,2023-03
Shp001962,Ord001962,2022-02-16,2022-02-19,Indiapost,245.63,Delivered,3,2022-02
Shp001963,Ord001963,2022-09-16,2022-09-20,Bluedart,655.7,Returned To Origin,4,2022-09
Shp001964,Ord001964,2023-12-20,2023-12-30,Fedex,252.38,Delivered,10,2023-12
Shp001965,Ord001965,2024-06-01,2024-06-16,Xpressbees,468.48,Returned To Origin,15,2024-06
Shp001966,Ord001966,2024-05-02,2024-05-04,Delhivery,535.12,Returned To Origin,2,2024-05
Shp001967,Ord001967,2024-11-18,2024-11-20,Ekart,576.95,Returned To Origin,2,2024-11
Shp001968,Ord001968,2022-06-19,2022-06-23,Ekart,781.81,Lost,4,2022-06
Shp001969,Ord001969,2024-01-16,2024-01-19,Delhivery,852.98,Returned To Origin,3,2024-01
Shp001970,Ord001970,2022-06-04,2022-06-05,Bluedart,718.69,Delayed,1,2022-06
Shp001971,Ord001971,2023-06-21,2023-06-26,Delhivery,351.25,Delayed,5,2023-06
Shp001972,Ord001972,2022-03-02,2022-03-07,Ekart,752.16,Delayed,5,2022-03
Shp001973,Ord001973,2023-07-04,2023-07-05,Indiapost,729.2,Delayed,1,2023-07
Shp001974,Ord001974,2024-05-28,2024-06-07,Fedex,634.36,Delivered,10,2024-05
Shp001975,Ord001975,2023-11-21,2023-11-26,Fedex,630.3,Lost,5,2023-11
Shp001976,Ord001976,2024-10-09,2024-10-12,Fedex,620.64,In Transit,3,2024-10
Shp001977,Ord001977,2024-07-27,2024-08-02,Fedex,78.22,Delayed,6,2024-07
Shp001978,Ord001978,2022-11-13,2022-11-16,Fedex,503.71,Lost,3,2022-11
Shp001979,Ord001979,2023-03-07,2023-03-10,Bluedart,870.94,In Transit,3,2023-03
Shp001980,Ord001980,2024-10-02,2024-10-07,Ekart,308.34,Returned To Origin,5,2024-10
Shp001981,Ord001981,2022-12-01,2022-12-04,Delhivery,329.16,Delivered,3,2022-12
Shp001983,Ord001983,2022-07-11,2022-07-19,Dtdc,112.59,Lost,8,2022-07
Shp001984,Ord001984,2022-09-14,2022-09-17,Delhivery,608.8,Delayed,3,2022-09
Shp001986,Ord001986,2022-07-28,2022-08-03,Ekart,332.68,Returned To Origin,6,2022-07
Shp001987,Ord001987,2022-01-03,2022-01-06,Dtdc,892.12,Lost,3,2022-01
Shp001990,Ord001990,2023-03-22,2023-03-25,Delhivery,47.22,Delivered,3,2023-03
Shp001992,Ord001992,2023-06-02,2023-06-03,Xpressbees,673.47,Delivered,1,2023-06
Shp001993,Ord001993,2023-03-09,2023-03-10,Indiapost,116.53,Lost,1,2023-03
Shp001994,Ord001994,2023-10-27,2023-11-11,Xpressbees,469.17,In Transit,15,2023-10
Shp001995,Ord001995,2024-06-01,2024-06-04,Delhivery,253.14,Lost,3,2024-06
Shp001996,Ord001996,2023-05-11,2023-05-21,Indiapost,310.99,Delivered,10,2023-05
Shp001997,Ord001997,2023-05-22,2023-05-23,Delhivery,143.29,Delayed,1,2023-05
Shp001998,Ord001998,2022-07-19,2022-07-27,Dtdc,671.35,Delivered,8,2022-07
Shp001999,Ord001999,2022-06-18,2022-06-19,Fedex,128.52,Lost,1,2022-06
Shp002000,Ord002000,2023-10-24,2023-10-26,Dtdc,226.48,Delayed,2,2023-10
Shp002001,Ord002001,2023-05-12,2023-05-15,Indiapost,745.63,Returned To Origin,3,2023-05
Shp002002,Ord002002,2023-09-05,2023-09-08,Ekart,86.54,Delayed,3,2023-09
Shp002004,Ord002004,2022-08-31,2022-09-02,Ekart,711.35,Returned To Origin,2,2022-08
Shp002005,Ord002005,2022-03-08,2022-03-11,Bluedart,38.6,Delayed,3,2022-03
Shp002006,Ord002006,2022-08-02,2022-08-05,Fedex,640.47,Returned To Origin,3,2022-08
Shp002007,Ord002007,2024-03-14,2024-03-16,Indiapost,611.34,Returned To Origin,2,2024-03
Shp002008,Ord002008,2023-07-20,2023-07-21,Indiapost,82.69,Delayed,1,2023-07
Shp002009,Ord002009,2022-03-27,2022-03-30,Delhivery,565.4,Returned To Origin,3,2022-03
Shp002010,Ord002010,2024-08-19,2024-08-22,Indiapost,737.39,Lost,3,2024-08
Shp002011,Ord002011,2022-09-10,2022-09-12,Xpressbees,710.85,In Transit,2,2022-09
Shp002012,Ord002012,2023-08-15,2023-08-17,Delhivery,734.95,Lost,2,2023-08
Shp002013,Ord002013,2022-09-23,2022-10-01,Indiapost,130.05,In Transit,8,2022-09
Shp002014,Ord002014,2024-05-11,2024-05-13,Indiapost,774.1,Lost,2,2024-05
Shp002015,Ord002015,2024-07-13,2024-07-23,Ekart,884.8,In Transit,10,2024-07
Shp002016,Ord002016,2024-10-16,2024-10-23,Bluedart,413.08,In Transit,7,2024-10
Shp002017,Ord002017,2023-07-18,2023-07-25,Delhivery,718.81,Returned To Origin,7,2023-07
Shp002018,Ord002018,2022-04-08,2022-04-11,Delhivery,833.25,Delivered,3,2022-04
Shp002019,Ord002019,2022-03-10,2022-03-14,Dtdc,784.63,Returned To Origin,4,2022-03
Shp002020,Ord002020,2023-01-06,2023-01-16,Delhivery,277.25,Returned To Origin,10,2023-01
Shp002021,Ord002021,2024-10-19,2024-10-21,Ekart,258.11,Returned To Origin,2,2024-10
Shp002022,Ord002022,2024-05-22,2024-05-27,Fedex,711.1,In Transit,5,2024-05
Shp002024,Ord002024,2024-05-31,2024-06-01,Xpressbees,666.72,Lost,1,2024-05
Shp002025,Ord002025,2022-12-16,2022-12-18,Indiapost,823.93,In Transit,2,2022-12
Shp002026,Ord002026,2023-10-30,2023-11-14,Ekart,594.78,Returned To Origin,15,2023-10
Shp002027,Ord002027,2024-05-09,2024-05-15,Xpressbees,592.4,Delayed,6,2024-05
Shp002030,Ord002030,2024-11-24,2024-11-25,Ekart,584.86,Delayed,1,2024-11
Shp002031,Ord002031,2024-07-20,2024-07-23,Delhivery,453.75,In Transit,3,2024-07
Shp002032,Ord002032,2023-06-24,2023-06-25,Xpressbees,41.26,Returned To Origin,1,2023-06
Shp002033,Ord002033,2024-06-02,2024-06-10,Bluedart,680.16,Lost,8,2024-06
Shp002034,Ord002034,2022-02-11,2022-02-17,Delhivery,434.86,Delivered,6,2022-02
Shp002035,Ord002035,2022-10-12,2022-10-17,Delhivery,46.57,In Transit,5,2022-10
Shp002036,Ord002036,2024-03-18,2024-03-21,Ekart,146.08,Delayed,3,2024-03
Shp002037,Ord002037,2024-08-18,2024-08-22,Delhivery,363.34,Returned To Origin,4,2024-08
Shp002039,Ord002039,2022-07-29,2022-08-01,Bluedart,,Lost,3,2022-07
Shp002040,Ord002040,2024-03-20,2024-03-23,Indiapost,190.99,In Transit,3,2024-03
Shp002042,Ord002042,2022-02-19,2022-03-01,Xpressbees,378.98,In Transit,10,2022-02
Shp002043,Ord002043,2023-10-04,2023-10-09,Bluedart,897.62,Delivered,5,2023-10
Shp002044,Ord002044,2024-07-22,2024-08-01,Indiapost,775.12,Delivered,10,2024-07
Shp002046,Ord002046,2024-01-12,2024-01-18,Fedex,503.7,In Transit,6,2024-01
Shp002047,Ord002047,2023-12-14,2023-12-20,Bluedart,109.52,Delivered,6,2023-12
Shp002049,Ord002049,2022-09-01,2022-09-02,Indiapost,877.42,Delivered,1,2022-09
Shp002050,Ord002050,2022-12-17,2022-12-22,Delhivery,476.09,Returned To Origin,5,2022-12
Shp002051,Ord002051,2022-03-30,2022-04-02,Delhivery,620.69,Delayed,3,2022-03
Shp002053,Ord002053,2022-08-19,2022-08-23,Fedex,861.56,Returned To Origin,4,2022-08
Shp002054,Ord002054,2022-12-13,2022-12-15,Delhivery,514.3,In Transit,2,2022-12
Shp002055,Ord002055,2023-02-15,2023-02-18,Xpressbees,747.16,Delivered,3,2023-02
Shp002056,Ord002056,2024-02-08,2024-02-11,Delhivery,456.36,In Transit,3,2024-02
Shp002059,Ord002059,2024-10-10,2024-10-11,Ekart,583.99,Delayed,1,2024-10
Shp002060,Ord002060,2022-07-18,2022-07-22,Xpressbees,702.81,Delivered,4,2022-07
Shp002061,Ord002061,2022-04-06,2022-04-09,Ekart,738.29,In Transit,3,2022-04
Shp002062,Ord002062,2022-03-08,2022-03-16,Fedex,210.76,Lost,8,2022-03
Shp002063,Ord002063,2024-07-15,2024-07-30,Delhivery,98.96,Lost,15,2024-07
Shp002064,Ord002064,2022-04-08,2022-04-12,Dtdc,672.51,Lost,4,2022-04
Shp002065,Ord002065,2022-02-18,2022-02-23,Xpressbees,48.63,In Transit,5,2022-02
Shp002066,Ord002066,2024-12-28,2025-01-03,Indiapost,411.58,Delayed,6,2024-12
Shp002067,Ord002067,2022-03-05,2022-03-12,Fedex,466.56,Returned To Origin,7,2022-03
Shp002068,Ord002068,2022-04-01,2022-04-11,Delhivery,52.63,Delivered,10,2022-04
Shp002069,Ord002069,2024-06-15,2024-06-18,Dtdc,110.61,Delivered,3,2024-06
Shp002070,Ord002070,2024-05-27,2024-05-31,Ekart,283.45,Lost,4,2024-05
Shp002071,Ord002071,2024-03-24,2024-03-31,Ekart,398.87,Returned To Origin,7,2024-03
Shp002072,Ord002072,2023-07-03,2023-07-10,Dtdc,,In Transit,7,2023-07
Shp002073,Ord002073,2022-01-30,2022-02-04,Ekart,60.68,Delivered,5,2022-01
Shp002074,Ord002074,2023-02-23,2023-02-24,Fedex,43.84,Delivered,1,2023-02
Shp002075,Ord002075,2022-01-12,2022-01-15,Indiapost,814.87,In Transit,3,2022-01
Shp002076,Ord002076,2024-04-21,2024-04-26,Ekart,510.43,Delayed,5,2024-04
Shp002077,Ord002077,2022-07-19,2022-07-22,Indiapost,764.78,Returned To Origin,3,2022-07
Shp002078,Ord002078,2024-01-10,2024-01-12,Delhivery,290.02,Delayed,2,2024-01
Shp002079,Ord002079,2022-11-13,2022-11-15,Bluedart,,Returned To Origin,2,2022-11
Shp002081,Ord002081,2024-08-12,2024-08-16,Xpressbees,297.22,Delayed,4,2024-08
Shp002082,Ord002082,2022-09-06,2022-09-12,Dtdc,183.34,Returned To Origin,6,2022-09
Shp002083,Ord002083,2022-03-20,2022-03-22,Delhivery,564.87,Returned To Origin,2,2022-03
Shp002084,Ord002084,2022-01-09,2022-01-16,Indiapost,394.59,In Transit,7,2022-01
Shp002085,Ord002085,2024-04-26,2024-04-29,Delhivery,168.06,Returned To Origin,3,2024-04
Shp002088,Ord002088,2022-04-25,2022-04-27,Ekart,106.7,In Transit,2,2022-04
Shp002090,Ord002090,2022-05-24,2022-05-26,Bluedart,187.68,In Transit,2,2022-05
Shp002091,Ord002091,2024-07-11,2024-07-21,Fedex,874.39,In Transit,10,2024-07
Shp002092,Ord002092,2022-07-20,2022-07-26,Dtdc,,Delivered,6,2022-07
Shp002093,Ord002093,2022-10-12,2022-10-15,Xpressbees,374.77,Delivered,3,2022-10
Shp002094,Ord002094,2023-06-08,2023-06-11,Xpressbees,603.93,Delivered,3,2023-06
Shp002095,Ord002095,2024-05-14,2024-05-24,Fedex,623.56,Returned To Origin,10,2024-05
Shp002096,Ord002096,2022-07-20,2022-07-26,Delhivery,233.58,Returned To Origin,6,2022-07
Shp002097,Ord002097,2022-06-25,2022-06-27,Dtdc,752.8,Delayed,2,2022-06
Shp002098,Ord002098,2023-05-29,2023-06-01,Indiapost,592.17,Delayed,3,2023-05
Shp002099,Ord002099,2022-04-15,2022-04-21,Ekart,872.98,In Transit,6,2022-04
Shp002100,Ord002100,2022-07-14,2022-07-15,Xpressbees,679.59,Delivered,1,2022-07
Shp002101,Ord002101,2023-12-21,2023-12-26,Dtdc,759.41,Returned To Origin,5,2023-12
Shp002102,Ord002102,2022-12-11,2022-12-15,Xpressbees,796.04,Delayed,4,2022-12
Shp002104,Ord002104,2022-02-22,2022-02-25,Delhivery,684.02,Delivered,3,2022-02
Shp002105,Ord002105,2023-08-22,2023-08-25,Bluedart,840.83,Delayed,3,2023-08
Shp002106,Ord002106,2023-07-25,2023-07-28,Fedex,404.49,Lost,3,2023-07
Shp002107,Ord002107,2024-07-08,2024-07-18,Ekart,59.43,In Transit,10,2024-07
Shp002108,Ord002108,2022-12-19,2022-12-22,Dtdc,194.59,Lost,3,2022-12
Shp002109,Ord002109,2022-07-22,2022-07-23,Delhivery,,Delivered,1,2022-07
Shp002111,Ord002111,2022-05-13,2022-05-17,Delhivery,535.94,Returned To Origin,4,2022-05
Shp002113,Ord002113,2024-04-19,2024-04-23,Delhivery,418.88,Lost,4,2024-04
Shp002115,Ord002115,2024-11-24,2024-11-27,Dtdc,878.18,Delayed,3,2024-11
Shp002116,Ord002116,2022-01-15,2022-01-16,Ekart,236.05,In Transit,1,2022-01
Shp002117,Ord002117,2022-01-18,2022-01-21,Fedex,362.28,Lost,3,2022-01
Shp002118,Ord002118,2022-04-25,2022-05-10,Bluedart,576.44,Lost,15,2022-04
Shp002119,Ord002119,2024-12-22,2024-12-25,Indiapost,487.36,Returned To Origin,3,2024-12
Shp002120,Ord002120,2023-11-03,2023-11-06,Delhivery,787.74,Lost,3,2023-11
Shp002121,Ord002121,2024-09-04,2024-09-05,Bluedart,382.84,Delivered,1,2024-09
Shp002122,Ord002122,2022-12-17,2022-12-19,Indiapost,427.27,Delayed,2,2022-12
Shp002123,Ord002123,2024-01-23,2024-01-27,Ekart,436.78,Returned To Origin,4,2024-01
Shp002124,Ord002124,2024-10-12,2024-10-27,Ekart,281.62,Lost,15,2024-10
Shp002125,Ord002125,2022-04-30,2022-05-04,Delhivery,707.24,Lost,4,2022-04
Shp002126,Ord002126,2022-12-20,2022-12-24,Delhivery,436.7,Returned To Origin,4,2022-12
Shp002127,Ord002127,2024-06-13,2024-06-21,Xpressbees,271.77,Returned To Origin,8,2024-06
Shp002128,Ord002128,2023-07-25,2023-08-02,Xpressbees,318.57,In Transit,8,2023-07
Shp002130,Ord002130,2024-03-23,2024-03-27,Xpressbees,609.15,Returned To Origin,4,2024-03
Shp002131,Ord002131,2022-12-19,2022-12-25,Indiapost,425.22,In Transit,6,2022-12
Shp002132,Ord002132,2024-09-18,2024-09-26,Bluedart,722.34,Returned To Origin,8,2024-09
Shp002133,Ord002133,2022-05-15,2022-05-18,Dtdc,642.25,In Transit,3,2022-05
Shp002135,Ord002135,2022-11-23,2022-11-30,Bluedart,399.15,Lost,7,2022-11
Shp002136,Ord002136,2024-06-06,2024-06-08,Indiapost,490.71,Returned To Origin,2,2024-06
Shp002139,Ord002139,2023-08-08,2023-08-23,Fedex,202.36,In Transit,15,2023-08
Shp002140,Ord002140,2023-05-10,2023-05-11,Ekart,577.74,Delivered,1,2023-05
Shp002141,Ord002141,2023-10-10,2023-10-13,Xpressbees,,In Transit,3,2023-10
Shp002142,Ord002142,2022-07-19,2022-07-20,Delhivery,867.82,Delayed,1,2022-07
Shp002143,Ord002143,2024-02-18,2024-02-21,Ekart,653.33,In Transit,3,2024-02
Shp002144,Ord002144,2023-06-10,2023-06-16,Xpressbees,78.9,In Transit,6,2023-06
Shp002146,Ord002146,2024-01-25,2024-02-04,Fedex,681.72,Returned To Origin,10,2024-01
Shp002147,Ord002147,2022-10-14,2022-10-15,Fedex,737.14,Returned To Origin,1,2022-10
Shp002148,Ord002148,2022-02-21,2022-02-25,Bluedart,543.43,Delivered,4,2022-02
Shp002149,Ord002149,2024-10-12,2024-10-22,Bluedart,631.59,Returned To Origin,10,2024-10
Shp002150,Ord002150,2024-10-22,2024-10-26,Fedex,568.51,Lost,4,2024-10
Shp002152,Ord002152,2024-04-12,2024-04-19,Xpressbees,189.16,In Transit,7,2024-04
Shp002153,Ord002153,2022-08-23,2022-08-28,Bluedart,556.38,Returned To Origin,5,2022-08
Shp002155,Ord002155,2024-12-09,2024-12-12,Fedex,490.59,In Transit,3,2024-12
Shp002156,Ord002156,2023-01-02,2023-01-12,Bluedart,727.97,In Transit,10,2023-01
Shp002157,Ord002157,2023-11-13,2023-11-16,Fedex,239.85,Returned To Origin,3,2023-11
Shp002159,Ord002159,2023-12-12,2023-12-15,Bluedart,721.71,Lost,3,2023-12
Shp002160,Ord002160,2024-10-10,2024-10-25,Xpressbees,552.15,Delayed,15,2024-10
Shp002161,Ord002161,2023-06-20,2023-06-22,Dtdc,600.37,Returned To Origin,2,2023-06
Shp002162,Ord002162,2022-03-22,2022-04-01,Ekart,556.1,Lost,10,2022-03
Shp002163,Ord002163,2022-03-27,2022-04-06,Ekart,94.79,In Transit,10,2022-03
Shp002164,Ord002164,2023-02-26,2023-03-08,Fedex,603.96,Delayed,10,2023-02
Shp002165,Ord002165,2023-09-27,2023-09-29,Fedex,127.95,Lost,2,2023-09
Shp002166,Ord002166,2022-04-21,2022-04-22,Indiapost,193.17,Lost,1,2022-04
Shp002168,Ord002168,2022-12-25,2022-12-29,Ekart,497.17,Lost,4,2022-12
Shp002169,Ord002169,2024-02-15,2024-02-19,Ekart,359.08,Returned To Origin,4,2024-02
Shp002170,Ord002170,2023-08-22,2023-08-28,Fedex,623.94,Returned To Origin,6,2023-08
Shp002171,Ord002171,2023-04-14,2023-04-16,Dtdc,41.36,Lost,2,2023-04
Shp002172,Ord002172,2022-08-19,2022-08-20,Xpressbees,107.93,In Transit,1,2022-08
Shp002175,Ord002175,2023-11-20,2023-11-26,Fedex,198.94,Returned To Origin,6,2023-11
Shp002176,Ord002176,2022-07-11,2022-07-18,Bluedart,419.71,Delayed,7,2022-07
Shp002177,Ord002177,2022-05-29,2022-06-01,Delhivery,495.48,Delivered,3,2022-05
Shp002178,Ord002178,2024-10-10,2024-10-11,Bluedart,,Lost,1,2024-10
Shp002179,Ord002179,2022-05-18,2022-05-23,Delhivery,118.47,Delivered,5,2022-05
Shp002180,Ord002180,2024-08-17,2024-08-20,Dtdc,230.29,Delayed,3,2024-08
Shp002183,Ord002183,2022-05-17,2022-05-24,Dtdc,895.84,Lost,7,2022-05
Shp002184,Ord002184,2022-10-27,2022-10-29,Indiapost,117.29,Returned To Origin,2,2022-10
Shp002185,Ord002185,2022-08-24,2022-08-29,Indiapost,570.5,In Transit,5,2022-08
Shp002186,Ord002186,2024-12-06,2024-12-12,Xpressbees,112.11,In Transit,6,2024-12
Shp002187,Ord002187,2023-08-27,2023-09-01,Indiapost,631.54,Delivered,5,2023-08
Shp002188,Ord002188,2022-10-26,2022-10-30,Dtdc,223.15,Returned To Origin,4,2022-10
Shp002189,Ord002189,2024-08-22,2024-08-23,Indiapost,220.84,Returned To Origin,1,2024-08
Shp002191,Ord002191,2024-06-08,2024-06-09,Xpressbees,158.09,Delayed,1,2024-06
Shp002192,Ord002192,2023-01-06,2023-01-07,Indiapost,644.75,Returned To Origin,1,2023-01
Shp002193,Ord002193,2024-11-29,2024-12-05,Xpressbees,384.98,In Transit,6,2024-11
Shp002194,Ord002194,2022-10-13,2022-10-18,Indiapost,173.16,Lost,5,2022-10
Shp002195,Ord002195,2022-08-11,2022-08-16,Delhivery,554.52,Delivered,5,2022-08
Shp002196,Ord002196,2022-04-01,2022-04-04,Xpressbees,102.57,Delivered,3,2022-04
Shp002197,Ord002197,2023-09-12,2023-09-19,Dtdc,197.64,Delivered,7,2023-09
Shp002198,Ord002198,2023-06-21,2023-06-25,Ekart,722.9,Lost,4,2023-06
Shp002199,Ord002199,2024-01-29,2024-02-06,Xpressbees,712.45,Returned To Origin,8,2024-01
Shp002200,Ord002200,2024-05-08,2024-05-11,Fedex,873.07,Lost,3,2024-05
Shp002201,Ord002201,2024-02-05,2024-02-20,Dtdc,456.92,Delivered,15,2024-02
Shp002202,Ord002202,2023-12-11,2023-12-14,Fedex,534.27,In Transit,3,2023-12
Shp002203,Ord002203,2024-08-28,2024-09-01,Indiapost,593.74,In Transit,4,2024-08
Shp002204,Ord002204,2024-06-11,2024-06-21,Delhivery,45.94,Delivered,10,2024-06
Shp002205,Ord002205,2024-12-16,2024-12-17,Ekart,708.02,Lost,1,2024-12
Shp002208,Ord002208,2023-03-02,2023-03-08,Dtdc,859.06,Delayed,6,2023-03
Shp002209,Ord002209,2024-09-11,2024-09-15,Dtdc,73.1,Delivered,4,2024-09
Shp002210,Ord002210,2023-05-26,2023-05-27,Fedex,616.92,Delivered,1,2023-05
Shp002211,Ord002211,2023-01-07,2023-01-17,Fedex,761.06,Delivered,10,2023-01
Shp002212,Ord002212,2023-10-21,2023-10-26,Delhivery,34.43,In Transit,5,2023-10
Shp002213,Ord002213,2022-07-10,2022-07-18,Bluedart,625.79,Lost,8,2022-07
Shp002214,Ord002214,2023-01-08,2023-01-23,Indiapost,815.35,Lost,15,2023-01
Shp002216,Ord002216,2023-08-08,2023-08-23,Indiapost,615.22,Returned To Origin,15,2023-08
Shp002217,Ord002217,2023-01-15,2023-01-23,Xpressbees,854.7,Lost,8,2023-01
Shp002218,Ord002218,2022-11-15,2022-11-17,Fedex,481.57,In Transit,2,2022-11
Shp002219,Ord002219,2022-08-12,2022-08-15,Fedex,687.32,Delivered,3,2022-08
Shp002221,Ord002221,2024-07-14,2024-07-15,Delhivery,239.75,In Transit,1,2024-07
Shp002223,Ord002223,2024-01-20,2024-01-25,Indiapost,672.92,Returned To Origin,5,2024-01
Shp002225,Ord002225,2023-08-19,2023-08-21,Ekart,552.92,Lost,2,2023-08
Shp002226,Ord002226,2023-12-02,2023-12-08,Xpressbees,791.02,In Transit,6,2023-12
Shp002227,Ord002227,2022-06-01,2022-06-06,Fedex,624.85,In Transit,5,2022-06
Shp002229,Ord002229,2022-07-07,2022-07-12,Bluedart,631.72,Delayed,5,2022-07
Shp002230,Ord002230,2023-04-24,2023-05-01,Ekart,572.03,Lost,7,2023-04
Shp002231,Ord002231,2023-01-21,2023-01-26,Ekart,861.88,Delivered,5,2023-01
Shp002232,Ord002232,2022-07-16,2022-07-22,Indiapost,531.16,Delivered,6,2022-07
Shp002233,Ord002233,2024-02-28,2024-03-02,Dtdc,561.83,In Transit,3,2024-02
Shp002234,Ord002234,2023-08-27,2023-08-30,Fedex,687.0,Delayed,3,2023-08
Shp002235,Ord002235,2023-12-22,2024-01-01,Fedex,694.44,Returned To Origin,10,2023-12
Shp002237,Ord002237,2024-02-17,2024-02-22,Indiapost,147.62,Delayed,5,2024-02
Shp002238,Ord002238,2022-11-11,2022-11-14,Indiapost,121.71,Delayed,3,2022-11
Shp002239,Ord002239,2023-12-19,2023-12-23,Fedex,626.79,Lost,4,2023-12
Shp002240,Ord002240,2022-08-09,2022-08-24,Fedex,255.11,Delivered,15,2022-08
Shp002241,Ord002241,2024-04-26,2024-05-06,Delhivery,528.24,Returned To Origin,10,2024-04
Shp002242,Ord002242,2024-09-21,2024-09-26,Delhivery,888.53,In Transit,5,2024-09
Shp002243,Ord002243,2024-02-12,2024-02-15,Delhivery,657.14,In Transit,3,2024-02
Shp002244,Ord002244,2024-10-27,2024-10-28,Fedex,480.2,Delivered,1,2024-10
Shp002245,Ord002245,2024-09-06,2024-09-09,Fedex,274.03,Delivered,3,2024-09
Shp002246,Ord002246,2024-08-15,2024-08-17,Dtdc,626.83,Lost,2,2024-08
Shp002247,Ord002247,2023-12-23,2023-12-29,Bluedart,739.37,Delayed,6,2023-12
Shp002250,Ord002250,2023-08-13,2023-08-28,Bluedart,787.86,Returned To Origin,15,2023-08
Shp002251,Ord002251,2023-12-04,2023-12-06,Fedex,264.9,Delivered,2,2023-12
Shp002252,Ord002252,2022-07-14,2022-07-15,Xpressbees,329.83,Delivered,1,2022-07
Shp002253,Ord002253,2022-10-13,2022-10-23,Bluedart,389.41,Delayed,10,2022-10
Shp002255,Ord002255,2024-09-20,2024-09-23,Delhivery,,Returned To Origin,3,2024-09
Shp002256,Ord002256,2024-05-31,2024-06-07,Ekart,678.6,Delivered,7,2024-05
Shp002257,Ord002257,2023-07-10,2023-07-13,Xpressbees,334.81,Returned To Origin,3,2023-07
Shp002258,Ord002258,2022-02-04,2022-02-09,Fedex,634.3,In Transit,5,2022-02
Shp002261,Ord002261,2022-12-25,2023-01-02,Xpressbees,277.84,Delayed,8,2022-12
Shp002262,Ord002262,2023-05-02,2023-05-04,Delhivery,555.24,In Transit,2,2023-05
Shp002263,Ord002263,2022-06-04,2022-06-10,Delhivery,329.73,Delivered,6,2022-06
Shp002264,Ord002264,2022-06-06,2022-06-11,Dtdc,331.32,Lost,5,2022-06
Shp002265,Ord002265,2023-04-05,2023-04-10,Delhivery,672.55,Returned To Origin,5,2023-04
Shp002266,Ord002266,2022-07-06,2022-07-16,Delhivery,285.37,Delayed,10,2022-07
Shp002267,Ord002267,2022-12-21,2022-12-26,Indiapost,233.48,Delivered,5,2022-12
Shp002268,Ord002268,2023-06-06,2023-06-11,Dtdc,800.22,Returned To Origin,5,2023-06
Shp002269,Ord002269,2022-06-25,2022-06-28,Delhivery,155.96,Returned To Origin,3,2022-06
Shp002271,Ord002271,2022-04-01,2022-04-05,Delhivery,778.27,Returned To Origin,4,2022-04
Shp002272,Ord002272,2024-03-02,2024-03-09,Bluedart,94.86,Delivered,7,2024-03
Shp002273,Ord002273,2023-01-21,2023-01-24,Ekart,174.51,Delayed,3,2023-01
Shp002274,Ord002274,2024-11-21,2024-11-28,Xpressbees,505.77,Delivered,7,2024-11
Shp002275,Ord002275,2023-04-16,2023-04-19,Fedex,224.25,Delivered,3,2023-04
Shp002276,Ord002276,2022-09-28,2022-10-01,Xpressbees,824.9,Returned To Origin,3,2022-09
Shp002278,Ord002278,2022-05-09,2022-05-11,Xpressbees,72.92,Delivered,2,2022-05
Shp002279,Ord002279,2022-11-20,2022-11-22,Delhivery,226.62,Returned To Origin,2,2022-11
Shp002281,Ord002281,2023-05-31,2023-06-15,Bluedart,878.16,Lost,15,2023-05
Shp002283,Ord002283,2022-02-10,2022-02-13,Bluedart,611.8,In Transit,3,2022-02
Shp002284,Ord002284,2022-05-29,2022-06-13,Ekart,708.2,Returned To Origin,15,2022-05
Shp002285,Ord002285,2023-09-21,2023-09-25,Dtdc,237.23,Returned To Origin,4,2023-09
Shp002286,Ord002286,2023-10-17,2023-10-27,Dtdc,,Returned To Origin,10,2023-10
Shp002288,Ord002288,2022-11-11,2022-11-12,Xpressbees,748.82,Lost,1,2022-11
Shp002289,Ord002289,2023-05-01,2023-05-04,Fedex,433.38,Delayed,3,2023-05
Shp002290,Ord002290,2023-10-11,2023-10-16,Bluedart,,In Transit,5,2023-10
Shp002291,Ord002291,2022-02-01,2022-02-08,Ekart,303.66,Delivered,7,2022-02
Shp002292,Ord002292,2022-06-25,2022-06-28,Indiapost,281.55,In Transit,3,2022-06
Shp002293,Ord002293,2022-12-12,2022-12-13,Fedex,609.99,Delayed,1,2022-12
Shp002294,Ord002294,2023-11-27,2023-12-04,Fedex,235.33,Delivered,7,2023-11
Shp002296,Ord002296,2022-06-15,2022-06-17,Indiapost,124.35,In Transit,2,2022-06
Shp002297,Ord002297,2022-05-13,2022-05-15,Dtdc,129.47,In Transit,2,2022-05
Shp002298,Ord002298,2023-07-20,2023-07-30,Fedex,703.74,Lost,10,2023-07
Shp002299,Ord002299,2022-01-31,2022-02-01,Delhivery,659.24,In Transit,1,2022-01
Shp002300,Ord002300,2022-05-27,2022-06-02,Xpressbees,259.46,Delivered,6,2022-05
Shp002301,Ord002301,2022-10-30,2022-11-06,Ekart,569.98,Delayed,7,2022-10
Shp002303,Ord002303,2024-07-23,2024-07-27,Fedex,334.36,Returned To Origin,4,2024-07
Shp002304,Ord002304,2023-09-06,2023-09-11,Xpressbees,772.91,In Transit,5,2023-09
Shp002306,Ord002306,2024-01-14,2024-01-21,Bluedart,692.83,In Transit,7,2024-01
Shp002307,Ord002307,2023-08-18,2023-08-24,Bluedart,148.22,In Transit,6,2023-08
Shp002308,Ord002308,2022-09-30,2022-10-10,Fedex,483.8,Returned To Origin,10,2022-09
Shp002309,Ord002309,2022-02-01,2022-02-11,Dtdc,483.55,Delayed,10,2022-02
Shp002310,Ord002310,2023-09-14,2023-09-22,Xpressbees,51.45,Delayed,8,2023-09
Shp002312,Ord002312,2024-05-23,2024-05-26,Ekart,48.61,Delivered,3,2024-05
Shp002314,Ord002314,2023-10-25,2023-10-28,Fedex,46.53,In Transit,3,2023-10
Shp002315,Ord002315,2022-07-15,2022-07-17,Dtdc,385.95,Delivered,2,2022-07
Shp002316,Ord002316,2024-05-30,2024-06-02,Indiapost,790.24,Returned To Origin,3,2024-05
Shp002317,Ord002317,2022-10-02,2022-10-17,Ekart,97.25,Lost,15,2022-10
Shp002318,Ord002318,2024-08-18,2024-08-25,Indiapost,144.52,Returned To Origin,7,2024-08
Shp002319,Ord002319,2022-07-12,2022-07-22,Xpressbees,805.65,Delivered,10,2022-07
Shp002320,Ord002320,2023-06-21,2023-06-29,Delhivery,480.73,In Transit,8,2023-06
Shp002321,Ord002321,2024-11-21,2024-11-29,Fedex,871.61,Lost,8,2024-11
Shp002322,Ord002322,2024-06-29,2024-06-30,Fedex,898.58,Delivered,1,2024-06
Shp002323,Ord002323,2024-11-27,2024-12-07,Delhivery,271.98,Returned To Origin,10,2024-11
Shp002324,Ord002324,2022-03-06,2022-03-14,Dtdc,221.49,Delivered,8,2022-03
Shp002325,Ord002325,2023-11-22,2023-11-23,Indiapost,632.05,In Transit,1,2023-11
Shp002326,Ord002326,2024-11-24,2024-11-30,Fedex,815.53,Delayed,6,2024-11
Shp002327,Ord002327,2022-05-03,2022-05-18,Delhivery,,Returned To Origin,15,2022-05
Shp002328,Ord002328,2022-12-24,2022-12-25,Ekart,74.5,Delivered,1,2022-12
Shp002330,Ord002330,2023-09-03,2023-09-05,Indiapost,512.78,In Transit,2,2023-09
Shp002331,Ord002331,2023-09-29,2023-10-01,Fedex,842.42,In Transit,2,2023-09
Shp002335,Ord002335,2023-10-15,2023-10-23,Fedex,516.95,Returned To Origin,8,2023-10
Shp002336,Ord002336,2023-11-29,2023-12-14,Xpressbees,346.51,Delayed,15,2023-11
Shp002337,Ord002337,2023-03-06,2023-03-14,Indiapost,761.08,Delayed,8,2023-03
Shp002338,Ord002338,2024-09-14,2024-09-19,Ekart,730.59,Delivered,5,2024-09
Shp002339,Ord002339,2022-12-16,2022-12-31,Delhivery,542.76,In Transit,15,2022-12
Shp002340,Ord002340,2022-06-18,2022-06-25,Indiapost,208.09,Delivered,7,2022-06
Shp002341,Ord002341,2023-07-13,2023-07-14,Ekart,609.48,Delayed,1,2023-07
Shp002342,Ord002342,2022-06-16,2022-06-19,Delhivery,439.59,Returned To Origin,3,2022-06
Shp002343,Ord002343,2022-06-11,2022-06-14,Indiapost,229.6,Delayed,3,2022-06
Shp002344,Ord002344,2024-03-13,2024-03-23,Xpressbees,332.69,Delivered,10,2024-03
Shp002345,Ord002345,2022-04-15,2022-04-23,Delhivery,85.65,Lost,8,2022-04
Shp002346,Ord002346,2022-09-22,2022-09-29,Xpressbees,645.83,Lost,7,2022-09
Shp002348,Ord002348,2022-08-26,2022-08-27,Indiapost,622.35,Lost,1,2022-08
Shp002349,Ord002349,2022-03-22,2022-03-25,Xpressbees,470.57,In Transit,3,2022-03
Shp002350,Ord002350,2022-09-01,2022-09-05,Fedex,708.26,In Transit,4,2022-09
Shp002352,Ord002352,2022-06-18,2022-06-25,Dtdc,846.66,Delayed,7,2022-06
Shp002353,Ord002353,2022-09-18,2022-09-28,Delhivery,,Delivered,10,2022-09
Shp002354,Ord002354,2024-08-01,2024-08-11,Delhivery,644.08,Returned To Origin,10,2024-08
Shp002355,Ord002355,2024-05-02,2024-05-12,Dtdc,233.7,Returned To Origin,10,2024-05
Shp002356,Ord002356,2023-11-04,2023-11-14,Delhivery,140.28,In Transit,10,2023-11
Shp002357,Ord002357,2023-08-15,2023-08-20,Bluedart,38.17,Returned To Origin,5,2023-08
Shp002358,Ord002358,2022-10-23,2022-10-26,Xpressbees,57.96,Delayed,3,2022-10
Shp002359,Ord002359,2022-05-31,2022-06-03,Xpressbees,111.06,Returned To Origin,3,2022-05
Shp002360,Ord002360,2024-12-14,2024-12-29,Ekart,432.64,Lost,15,2024-12
Shp002361,Ord002361,2024-11-13,2024-11-28,Dtdc,894.51,In Transit,15,2024-11
Shp002362,Ord002362,2022-05-03,2022-05-06,Ekart,381.6,In Transit,3,2022-05
Shp002363,Ord002363,2022-06-17,2022-06-25,Dtdc,178.57,Delivered,8,2022-06
Shp002364,Ord002364,2022-01-11,2022-01-12,Delhivery,290.58,Delivered,1,2022-01
Shp002365,Ord002365,2022-01-16,2022-01-22,Bluedart,678.81,Returned To Origin,6,2022-01
Shp002366,Ord002366,2022-07-04,2022-07-12,Delhivery,115.6,Delivered,8,2022-07
Shp002367,Ord002367,2024-07-25,2024-08-04,Dtdc,850.64,Lost,10,2024-07
Shp002369,Ord002369,2024-09-17,2024-09-21,Indiapost,835.29,Delayed,4,2024-09
Shp002370,Ord002370,2024-08-13,2024-08-16,Dtdc,295.51,Lost,3,2024-08
Shp002371,Ord002371,2024-11-26,2024-12-11,Fedex,399.38,Lost,15,2024-11
Shp002372,Ord002372,2022-05-08,2022-05-11,Dtdc,865.77,Delivered,3,2022-05
Shp002373,Ord002373,2024-07-09,2024-07-13,Xpressbees,62.73,In Transit,4,2024-07
Shp002375,Ord002375,2024-11-01,2024-11-03,Fedex,116.48,Delivered,2,2024-11
Shp002376,Ord002376,2023-06-07,2023-06-10,Xpressbees,764.53,In Transit,3,2023-06
Shp002377,Ord002377,2022-12-15,2022-12-22,Indiapost,582.68,Delivered,7,2022-12
Shp002378,Ord002378,2024-10-13,2024-10-15,Ekart,399.91,Lost,2,2024-10
Shp002379,Ord002379,2023-05-13,2023-05-21,Xpressbees,615.29,In Transit,8,2023-05
Shp002380,Ord002380,2024-05-25,2024-05-28,Bluedart,581.88,Lost,3,2024-05
Shp002381,Ord002381,2024-02-19,2024-02-22,Fedex,798.03,Lost,3,2024-02
Shp002382,Ord002382,2024-10-19,2024-10-21,Ekart,106.55,Lost,2,2024-10
Shp002383,Ord002383,2022-09-14,2022-09-16,Delhivery,127.93,Returned To Origin,2,2022-09
Shp002384,Ord002384,2024-01-20,2024-01-26,Bluedart,431.3,Returned To Origin,6,2024-01
Shp002385,Ord002385,2024-02-19,2024-02-22,Dtdc,816.98,Lost,3,2024-02
Shp002386,Ord002386,2022-12-17,2022-12-22,Ekart,583.96,Delivered,5,2022-12
Shp002389,Ord002389,2022-05-04,2022-05-19,Xpressbees,246.53,Delivered,15,2022-05
Shp002390,Ord002390,2023-08-09,2023-08-15,Bluedart,586.74,In Transit,6,2023-08
Shp002391,Ord002391,2022-04-02,2022-04-17,Dtdc,615.11,Delivered,15,2022-04
Shp002392,Ord002392,2022-12-26,2022-12-27,Dtdc,645.64,Delayed,1,2022-12
Shp002393,Ord002393,2024-08-08,2024-08-09,Bluedart,803.46,Delivered,1,2024-08
Shp002394,Ord002394,2023-05-23,2023-05-31,Ekart,403.97,Lost,8,2023-05
Shp002395,Ord002395,2022-07-30,2022-07-31,Fedex,306.2,Returned To Origin,1,2022-07
Shp002397,Ord002397,2024-06-23,2024-06-26,Bluedart,197.59,Delayed,3,2024-06
Shp002398,Ord002398,2022-03-21,2022-03-29,Dtdc,62.76,Returned To Origin,8,2022-03
Shp002399,Ord002399,2023-12-15,2023-12-20,Bluedart,258.35,Returned To Origin,5,2023-12
Shp002400,Ord002400,2022-05-11,2022-05-21,Ekart,649.46,Delayed,10,2022-05
Shp002401,Ord002401,2024-07-05,2024-07-07,Ekart,630.46,Delayed,2,2024-07
Shp002402,Ord002402,2024-06-30,2024-07-03,Bluedart,402.46,Delayed,3,2024-06
Shp002403,Ord002403,2024-02-04,2024-02-07,Indiapost,248.29,Delayed,3,2024-02
Shp002404,Ord002404,2024-08-17,2024-08-18,Delhivery,666.81,In Transit,1,2024-08
Shp002405,Ord002405,2022-05-06,2022-05-10,Xpressbees,88.51,Returned To Origin,4,2022-05
Shp002406,Ord002406,2023-08-31,2023-09-07,Fedex,792.04,In Transit,7,2023-08
Shp002407,Ord002407,2024-11-21,2024-12-01,Indiapost,196.66,Lost,10,2024-11
Shp002409,Ord002409,2022-06-24,2022-07-04,Dtdc,718.57,Delivered,10,2022-06
Shp002410,Ord002410,2022-06-27,2022-07-05,Delhivery,833.16,Delivered,8,2022-06
Shp002411,Ord002411,2022-10-17,2022-10-20,Dtdc,536.95,Delivered,3,2022-10
Shp002412,Ord002412,2023-11-11,2023-11-12,Ekart,624.77,Delayed,1,2023-11
Shp002414,Ord002414,2022-07-27,2022-07-30,Delhivery,437.51,In Transit,3,2022-07
Shp002415,Ord002415,2024-12-19,2024-12-29,Indiapost,825.58,Lost,10,2024-12
Shp002416,Ord002416,2022-05-17,2022-05-23,Fedex,636.93,In Transit,6,2022-05
Shp002417,Ord002417,2023-03-16,2023-03-31,Xpressbees,148.11,Delivered,15,2023-03
Shp002419,Ord002419,2023-10-06,2023-10-11,Xpressbees,896.48,Returned To Origin,5,2023-10
Shp002421,Ord002421,2024-06-28,2024-07-01,Ekart,111.63,Delivered,3,2024-06
Shp002422,Ord002422,2022-01-20,2022-01-23,Fedex,593.14,In Transit,3,2022-01
Shp002423,Ord002423,2023-03-07,2023-03-12,Dtdc,61.36,Delayed,5,2023-03
Shp002424,Ord002424,2024-08-15,2024-08-20,Delhivery,75.14,Delivered,5,2024-08
Shp002427,Ord002427,2024-04-14,2024-04-29,Bluedart,275.2,In Transit,15,2024-04
Shp002428,Ord002428,2022-04-13,2022-04-17,Ekart,750.83,Delivered,4,2022-04
Shp002429,Ord002429,2022-08-08,2022-08-18,Ekart,824.39,Returned To Origin,10,2022-08
Shp002431,Ord002431,2024-05-28,2024-06-03,Dtdc,403.11,Lost,6,2024-05
Shp002434,Ord002434,2023-05-31,2023-06-02,Bluedart,515.63,Lost,2,2023-05
Shp002435,Ord002435,2023-06-24,2023-06-28,Indiapost,205.77,Returned To Origin,4,2023-06
Shp002436,Ord002436,2024-01-11,2024-01-14,Indiapost,617.13,Lost,3,2024-01
Shp002438,Ord002438,2022-12-02,2022-12-05,Fedex,759.85,In Transit,3,2022-12
Shp002441,Ord002441,2024-01-21,2024-01-22,Fedex,659.36,Lost,1,2024-01
Shp002442,Ord002442,2022-08-24,2022-08-27,Indiapost,293.8,Delivered,3,2022-08
Shp002443,Ord002443,2022-04-09,2022-04-10,Indiapost,721.0,Returned To Origin,1,2022-04
Shp002444,Ord002444,2023-11-21,2023-11-24,Dtdc,248.28,Delivered,3,2023-11
Shp002445,Ord002445,2023-05-01,2023-05-11,Indiapost,749.36,Lost,10,2023-05
Shp002446,Ord002446,2022-01-05,2022-01-06,Xpressbees,740.59,Returned To Origin,1,2022-01
Shp002447,Ord002447,2024-12-19,2024-12-24,Indiapost,775.12,Delivered,5,2024-12
Shp002448,Ord002448,2022-09-06,2022-09-16,Xpressbees,306.34,Lost,10,2022-09
Shp002449,Ord002449,2022-06-15,2022-06-19,Xpressbees,88.08,Delivered,4,2022-06
Shp002451,Ord002451,2023-03-21,2023-03-24,Indiapost,462.84,Delayed,3,2023-03
Shp002452,Ord002452,2023-01-16,2023-01-31,Ekart,241.67,Lost,15,2023-01
Shp002453,Ord002453,2022-02-24,2022-02-25,Bluedart,624.26,Delivered,1,2022-02
Shp002454,Ord002454,2023-05-26,2023-06-02,Bluedart,559.56,Returned To Origin,7,2023-05
Shp002455,Ord002455,2024-09-22,2024-09-30,Fedex,853.42,Lost,8,2024-09
Shp002456,Ord002456,2023-04-19,2023-04-27,Fedex,718.54,Lost,8,2023-04
Shp002457,Ord002457,2022-02-10,2022-02-13,Indiapost,614.7,Lost,3,2022-02
Shp002458,Ord002458,2022-07-16,2022-07-24,Indiapost,644.95,Delivered,8,2022-07
Shp002459,Ord002459,2023-03-12,2023-03-19,Indiapost,461.65,In Transit,7,2023-03
Shp002460,Ord002460,2022-10-08,2022-10-11,Indiapost,513.85,Delayed,3,2022-10
Shp002461,Ord002461,2022-10-02,2022-10-08,Xpressbees,365.24,Returned To Origin,6,2022-10
Shp002462,Ord002462,2022-10-25,2022-11-02,Bluedart,97.87,Delivered,8,2022-10
Shp002463,Ord002463,2023-10-12,2023-10-20,Fedex,70.85,Delivered,8,2023-10
Shp002468,Ord002468,2022-11-11,2022-11-14,Indiapost,372.75,Delayed,3,2022-11
Shp002469,Ord002469,2024-11-17,2024-12-02,Fedex,127.15,Delivered,15,2024-11
Shp002470,Ord002470,2023-03-31,2023-04-10,Xpressbees,143.14,Delivered,10,2023-03
Shp002471,Ord002471,2024-12-18,2024-12-25,Bluedart,248.43,In Transit,7,2024-12
Shp002472,Ord002472,2022-12-17,2022-12-20,Dtdc,260.74,In Transit,3,2022-12
Shp002473,Ord002473,2022-05-15,2022-05-21,Indiapost,672.57,In Transit,6,2022-05
Shp002474,Ord002474,2023-03-14,2023-03-21,Xpressbees,,Delayed,7,2023-03
Shp002475,Ord002475,2022-05-28,2022-06-03,Delhivery,152.51,Returned To Origin,6,2022-05
Shp002476,Ord002476,2022-06-26,2022-06-29,Bluedart,543.81,Lost,3,2022-06
Shp002477,Ord002477,2024-06-08,2024-06-12,Indiapost,505.3,Returned To Origin,4,2024-06
Shp002478,Ord002478,2022-05-05,2022-05-10,Bluedart,348.11,In Transit,5,2022-05
Shp002479,Ord002479,2022-08-02,2022-08-08,Ekart,717.03,Delayed,6,2022-08
Shp002481,Ord002481,2023-01-09,2023-01-10,Bluedart,716.48,Delayed,1,2023-01
Shp002483,Ord002483,2023-04-22,2023-04-25,Fedex,255.49,Lost,3,2023-04
Shp002484,Ord002484,2023-06-18,2023-06-28,Delhivery,322.96,Returned To Origin,10,2023-06
Shp002485,Ord002485,2024-09-01,2024-09-04,Dtdc,430.13,Returned To Origin,3,2024-09
Shp002486,Ord002486,2024-02-16,2024-02-19,Fedex,848.45,In Transit,3,2024-02
Shp002487,Ord002487,2022-02-25,2022-03-02,Ekart,85.25,Delayed,5,2022-02
Shp002488,Ord002488,2025-01-01,2025-01-03,Fedex,550.8,Delayed,2,2025-01
Shp002489,Ord002489,2023-12-17,2023-12-27,Fedex,591.73,Delayed,10,2023-12
Shp002490,Ord002490,2022-04-21,2022-05-06,Dtdc,113.85,Returned To Origin,15,2022-04
Shp002492,Ord002492,2022-11-05,2022-11-13,Ekart,60.74,Returned To Origin,8,2022-11
Shp002493,Ord002493,2022-11-04,2022-11-09,Xpressbees,336.96,Delayed,5,2022-11
Shp002494,Ord002494,2023-05-31,2023-06-15,Delhivery,270.32,Delayed,15,2023-05
Shp002495,Ord002495,2023-09-16,2023-09-22,Fedex,621.39,In Transit,6,2023-09
Shp002496,Ord002496,2024-01-04,2024-01-14,Dtdc,,Delayed,10,2024-01
Shp002497,Ord002497,2022-08-18,2022-08-23,Fedex,873.45,Delivered,5,2022-08
Shp002502,Ord002502,2022-12-27,2022-12-29,Xpressbees,595.36,Delayed,2,2022-12
Shp002503,Ord002503,2022-08-08,2022-08-18,Fedex,507.85,In Transit,10,2022-08
Shp002504,Ord002504,2024-08-31,2024-09-04,Indiapost,680.91,Delivered,4,2024-08
Shp002505,Ord002505,2024-08-13,2024-08-16,Delhivery,288.27,In Transit,3,2024-08
Shp002506,Ord002506,2024-08-27,2024-08-31,Xpressbees,884.33,Lost,4,2024-08
Shp002508,Ord002508,2022-04-25,2022-04-27,Ekart,871.14,Delayed,2,2022-04
Shp002509,Ord002509,2023-11-17,2023-11-21,Bluedart,134.83,Returned To Origin,4,2023-11
Shp002510,Ord002510,2022-01-28,2022-01-29,Dtdc,700.72,In Transit,1,2022-01
Shp002512,Ord002512,2022-10-13,2022-10-17,Delhivery,332.35,Returned To Origin,4,2022-10
Shp002513,Ord002513,2024-08-21,2024-08-26,Xpressbees,754.43,In Transit,5,2024-08
Shp002516,Ord002516,2023-12-18,2023-12-21,Dtdc,538.05,Delayed,3,2023-12
Shp002519,Ord002519,2024-12-18,2024-12-28,Indiapost,589.26,Delivered,10,2024-12
Shp002520,Ord002520,2024-09-13,2024-09-18,Indiapost,269.47,Delivered,5,2024-09
Shp002521,Ord002521,2024-03-11,2024-03-16,Delhivery,580.42,Lost,5,2024-03
Shp002522,Ord002522,2023-07-19,2023-07-22,Dtdc,881.8,Delivered,3,2023-07
Shp002523,Ord002523,2023-06-22,2023-07-07,Ekart,854.53,Delivered,15,2023-06
Shp002524,Ord002524,2024-04-16,2024-04-26,Dtdc,756.41,Delayed,10,2024-04
Shp002525,Ord002525,2022-06-20,2022-06-23,Bluedart,464.51,Returned To Origin,3,2022-06
Shp002526,Ord002526,2024-05-14,2024-05-20,Bluedart,78.71,Lost,6,2024-05
Shp002527,Ord002527,2023-06-29,2023-07-04,Dtdc,554.3,Delivered,5,2023-06
Shp002528,Ord002528,2023-05-15,2023-05-19,Xpressbees,728.9,In Transit,4,2023-05
Shp002529,Ord002529,2023-01-16,2023-01-20,Fedex,868.15,In Transit,4,2023-01
Shp002530,Ord002530,2024-10-30,2024-11-04,Fedex,661.62,Returned To Origin,5,2024-10
Shp002531,Ord002531,2024-11-08,2024-11-13,Fedex,57.48,Lost,5,2024-11
Shp002533,Ord002533,2022-01-30,2022-02-06,Bluedart,246.1,Lost,7,2022-01
Shp002534,Ord002534,2022-02-01,2022-02-02,Delhivery,708.71,Lost,1,2022-02
Shp002535,Ord002535,2023-05-10,2023-05-13,Xpressbees,242.48,Returned To Origin,3,2023-05
Shp002536,Ord002536,2022-06-16,2022-06-18,Delhivery,284.94,Returned To Origin,2,2022-06
Shp002537,Ord002537,2023-09-20,2023-09-21,Dtdc,177.18,Returned To Origin,1,2023-09
Shp002538,Ord002538,2022-08-17,2022-08-21,Fedex,121.27,In Transit,4,2022-08
Shp002539,Ord002539,2022-06-15,2022-06-30,Xpressbees,302.9,Lost,15,2022-06
Shp002540,Ord002540,2023-02-08,2023-02-18,Dtdc,806.28,Delivered,10,2023-02
Shp002541,Ord002541,2023-09-10,2023-09-18,Delhivery,612.2,Delivered,8,2023-09
Shp002542,Ord002542,2023-07-20,2023-07-30,Bluedart,748.1,Returned To Origin,10,2023-07
Shp002544,Ord002544,2022-08-24,2022-09-08,Xpressbees,280.99,Delayed,15,2022-08
Shp002545,Ord002545,2022-12-17,2022-12-23,Xpressbees,332.5,Lost,6,2022-12
Shp002546,Ord002546,2022-11-19,2022-11-29,Xpressbees,797.23,Lost,10,2022-11
Shp002547,Ord002547,2023-06-09,2023-06-19,Ekart,502.83,In Transit,10,2023-06
Shp002549,Ord002549,2023-01-21,2023-01-31,Ekart,741.68,Returned To Origin,10,2023-01
Shp002550,Ord002550,2024-11-16,2024-11-18,Dtdc,446.27,Delivered,2,2024-11
Shp002551,Ord002551,2023-10-08,2023-10-16,Fedex,279.18,Returned To Origin,8,2023-10
Shp002553,Ord002553,2024-03-18,2024-03-28,Fedex,558.37,In Transit,10,2024-03
Shp002554,Ord002554,2022-02-21,2022-02-27,Ekart,209.55,Returned To Origin,6,2022-02
Shp002555,Ord002555,2022-04-25,2022-04-26,Dtdc,346.98,In Transit,1,2022-04
Shp002556,Ord002556,2023-01-05,2023-01-12,Delhivery,268.96,Delivered,7,2023-01
Shp002558,Ord002558,2023-04-02,2023-04-17,Indiapost,610.23,In Transit,15,2023-04
Shp002559,Ord002559,2024-02-17,2024-02-21,Fedex,449.6,Delivered,4,2024-02
Shp002560,Ord002560,2023-06-15,2023-06-18,Fedex,886.79,Returned To Origin,3,2023-06
Shp002561,Ord002561,2024-04-11,2024-04-19,Indiapost,663.09,Delivered,8,2024-04
Shp002562,Ord002562,2022-01-12,2022-01-18,Bluedart,849.94,Delayed,6,2022-01
Shp002563,Ord002563,2022-04-30,2022-05-04,Bluedart,54.26,Delivered,4,2022-04
Shp002564,Ord002564,2024-05-06,2024-05-09,Bluedart,707.15,Delivered,3,2024-05
Shp002565,Ord002565,2022-12-14,2022-12-20,Bluedart,501.64,In Transit,6,2022-12
Shp002566,Ord002566,2023-05-10,2023-05-18,Delhivery,880.6,Returned To Origin,8,2023-05
Shp002567,Ord002567,2023-05-10,2023-05-18,Ekart,400.67,Returned To Origin,8,2023-05
Shp002568,Ord002568,2024-03-26,2024-03-27,Bluedart,49.39,In Transit,1,2024-03
Shp002569,Ord002569,2024-05-21,2024-05-24,Xpressbees,307.0,Delayed,3,2024-05
Shp002570,Ord002570,2022-02-25,2022-02-26,Ekart,500.3,Lost,1,2022-02
Shp002572,Ord002572,2023-03-12,2023-03-27,Delhivery,63.02,Returned To Origin,15,2023-03
Shp002573,Ord002573,2024-03-15,2024-03-18,Fedex,136.59,Returned To Origin,3,2024-03
Shp002574,Ord002574,2023-02-22,2023-03-02,Delhivery,626.48,Returned To Origin,8,2023-02
Shp002575,Ord002575,2024-10-04,2024-10-06,Bluedart,740.1,In Transit,2,2024-10
Shp002576,Ord002576,2024-05-26,2024-05-29,Xpressbees,750.84,Delayed,3,2024-05
Shp002578,Ord002578,2024-08-03,2024-08-10,Xpressbees,34.38,Delivered,7,2024-08
Shp002579,Ord002579,2024-10-10,2024-10-16,Indiapost,780.12,Lost,6,2024-10
Shp002580,Ord002580,2023-08-17,2023-08-19,Fedex,867.6,In Transit,2,2023-08
Shp002581,Ord002581,2024-11-23,2024-12-08,Delhivery,405.28,Delayed,15,2024-11
Shp002583,Ord002583,2023-02-13,2023-02-16,Dtdc,131.62,In Transit,3,2023-02
Shp002584,Ord002584,2024-05-26,2024-05-31,Dtdc,93.21,Lost,5,2024-05
Shp002585,Ord002585,2024-04-17,2024-04-27,Xpressbees,145.88,Lost,10,2024-04
Shp002586,Ord002586,2024-10-24,2024-10-28,Ekart,322.78,Delivered,4,2024-10
Shp002587,Ord002587,2024-02-06,2024-02-07,Bluedart,746.89,Delivered,1,2024-02
Shp002588,Ord002588,2022-11-17,2022-11-21,Fedex,32.32,Returned To Origin,4,2022-11
Shp002589,Ord002589,2024-09-29,2024-10-02,Ekart,370.18,Returned To Origin,3,2024-09
Shp002590,Ord002590,2022-06-10,2022-06-13,Delhivery,405.47,Delayed,3,2022-06
Shp002592,Ord002592,2023-11-10,2023-11-17,Ekart,663.16,In Transit,7,2023-11
Shp002593,Ord002593,2023-02-21,2023-02-25,Bluedart,478.08,Delayed,4,2023-02
Shp002594,Ord002594,2022-10-08,2022-10-18,Bluedart,786.66,Delayed,10,2022-10
Shp002595,Ord002595,2024-07-30,2024-07-31,Fedex,179.9,Returned To Origin,1,2024-07
Shp002596,Ord002596,2024-08-22,2024-08-27,Bluedart,42.16,In Transit,5,2024-08
Shp002597,Ord002597,2024-03-30,2024-04-04,Bluedart,733.29,Delayed,5,2024-03
Shp002598,Ord002598,2023-10-09,2023-10-11,Bluedart,624.85,Returned To Origin,2,2023-10
Shp002599,Ord002599,2022-11-26,2022-11-30,Ekart,759.29,In Transit,4,2022-11
Shp002600,Ord002600,2024-12-24,2024-12-30,Indiapost,707.94,Delayed,6,2024-12
Shp002601,Ord002601,2024-04-20,2024-04-27,Fedex,132.33,Lost,7,2024-04
Shp002602,Ord002602,2024-02-13,2024-02-16,Indiapost,614.85,Returned To Origin,3,2024-02
Shp002603,Ord002603,2023-11-07,2023-11-12,Delhivery,487.38,In Transit,5,2023-11
Shp002604,Ord002604,2022-02-19,2022-02-24,Indiapost,203.44,Delivered,5,2022-02
Shp002605,Ord002605,2023-12-14,2023-12-19,Ekart,816.98,Returned To Origin,5,2023-12
Shp002606,Ord002606,2022-09-30,2022-10-06,Fedex,584.97,Delivered,6,2022-09
Shp002607,Ord002607,2022-01-23,2022-02-02,Dtdc,245.66,Lost,10,2022-01
Shp002608,Ord002608,2023-02-15,2023-02-21,Xpressbees,771.61,Delivered,6,2023-02
Shp002610,Ord002610,2023-10-21,2023-10-31,Dtdc,651.07,In Transit,10,2023-10
Shp002611,Ord002611,2022-09-14,2022-09-21,Delhivery,285.14,Delayed,7,2022-09
Shp002612,Ord002612,2024-01-27,2024-01-31,Delhivery,796.36,Delayed,4,2024-01
Shp002613,Ord002613,2024-10-10,2024-10-20,Fedex,101.09,Lost,10,2024-10
Shp002616,Ord002616,2024-07-14,2024-07-24,Indiapost,730.25,In Transit,10,2024-07
Shp002617,Ord002617,2022-12-05,2022-12-15,Xpressbees,791.24,Returned To Origin,10,2022-12
Shp002618,Ord002618,2024-05-22,2024-05-27,Ekart,159.63,Delayed,5,2024-05
Shp002619,Ord002619,2022-03-17,2022-03-23,Fedex,881.99,Delivered,6,2022-03
Shp002620,Ord002620,2022-09-28,2022-10-02,Dtdc,721.05,In Transit,4,2022-09
Shp002621,Ord002621,2024-02-17,2024-02-24,Fedex,771.23,Delivered,7,2024-02
Shp002623,Ord002623,2023-12-17,2023-12-25,Delhivery,438.08,In Transit,8,2023-12
Shp002624,Ord002624,2023-08-11,2023-08-21,Indiapost,728.82,Lost,10,2023-08
Shp002625,Ord002625,2023-11-04,2023-11-09,Xpressbees,744.33,Delayed,5,2023-11
Shp002626,Ord002626,2022-12-11,2022-12-16,Dtdc,629.6,Lost,5,2022-12
Shp002627,Ord002627,2023-08-30,2023-09-05,Xpressbees,131.77,In Transit,6,2023-08
Shp002628,Ord002628,2023-11-13,2023-11-20,Indiapost,127.29,In Transit,7,2023-11
Shp002629,Ord002629,2022-08-07,2022-08-22,Fedex,545.34,In Transit,15,2022-08
Shp002631,Ord002631,2024-09-18,2024-09-21,Xpressbees,534.35,Delivered,3,2024-09
Shp002633,Ord002633,2023-08-21,2023-08-22,Ekart,176.54,Lost,1,2023-08
Shp002634,Ord002634,2024-01-21,2024-01-26,Bluedart,854.78,Delayed,5,2024-01
Shp002635,Ord002635,2024-01-21,2024-02-05,Delhivery,460.25,Lost,15,2024-01
Shp002636,Ord002636,2024-02-22,2024-02-25,Bluedart,254.57,Returned To Origin,3,2024-02
Shp002637,Ord002637,2023-12-04,2023-12-09,Delhivery,809.06,Returned To Origin,5,2023-12
Shp002638,Ord002638,2024-09-30,2024-10-07,Fedex,248.4,Lost,7,2024-09
Shp002639,Ord002639,2024-11-16,2024-11-18,Fedex,203.8,Returned To Origin,2,2024-11
Shp002640,Ord002640,2024-06-29,2024-07-02,Bluedart,300.54,Delivered,3,2024-06
Shp002641,Ord002641,2024-04-27,2024-04-30,Fedex,701.3,Delayed,3,2024-04
Shp002642,Ord002642,2024-07-27,2024-07-31,Fedex,488.18,Delivered,4,2024-07
Shp002644,Ord002644,2022-11-08,2022-11-11,Dtdc,302.44,In Transit,3,2022-11
Shp002645,Ord002645,2022-04-30,2022-05-04,Xpressbees,295.6,Lost,4,2022-04
Shp002646,Ord002646,2022-11-07,2022-11-09,Dtdc,625.34,Returned To Origin,2,2022-11
Shp002647,Ord002647,2023-08-06,2023-08-11,Ekart,840.51,Returned To Origin,5,2023-08
Shp002648,Ord002648,2023-07-13,2023-07-17,Indiapost,671.63,Delivered,4,2023-07
Shp002650,Ord002650,2022-09-26,2022-09-28,Bluedart,871.85,Delayed,2,2022-09
Shp002653,Ord002653,2024-10-16,2024-10-18,Indiapost,125.95,Delivered,2,2024-10
Shp002656,Ord002656,2023-06-15,2023-06-25,Ekart,880.18,Lost,10,2023-06
Shp002657,Ord002657,2022-06-16,2022-06-20,Indiapost,523.42,Lost,4,2022-06
Shp002658,Ord002658,2022-02-02,2022-02-17,Bluedart,436.21,Delivered,15,2022-02
Shp002659,Ord002659,2024-01-07,2024-01-10,Bluedart,728.13,Delivered,3,2024-01
Shp002665,Ord002665,2023-11-03,2023-11-09,Xpressbees,871.94,Returned To Origin,6,2023-11
Shp002666,Ord002666,2023-03-05,2023-03-06,Xpressbees,340.52,Returned To Origin,1,2023-03
Shp002668,Ord002668,2024-12-11,2024-12-17,Fedex,112.79,Delayed,6,2024-12
Shp002669,Ord002669,2024-05-26,2024-05-28,Xpressbees,828.92,In Transit,2,2024-05
Shp002671,Ord002671,2024-01-17,2024-01-24,Bluedart,193.76,In Transit,7,2024-01
Shp002672,Ord002672,2022-12-13,2022-12-16,Xpressbees,822.92,Returned To Origin,3,2022-12
Shp002673,Ord002673,2022-07-24,2022-07-27,Dtdc,283.16,Delayed,3,2022-07
Shp002675,Ord002675,2024-01-05,2024-01-09,Dtdc,641.81,Returned To Origin,4,2024-01
Shp002676,Ord002676,2023-10-04,2023-10-07,Indiapost,759.24,Delivered,3,2023-10
Shp002677,Ord002677,2022-10-20,2022-10-23,Bluedart,701.79,In Transit,3,2022-10
Shp002678,Ord002678,2023-07-22,2023-07-25,Fedex,740.66,Delivered,3,2023-07
Shp002679,Ord002679,2022-06-09,2022-06-14,Delhivery,814.69,Returned To Origin,5,2022-06
Shp002680,Ord002680,2024-11-06,2024-11-10,Indiapost,33.61,Delayed,4,2024-11
Shp002681,Ord002681,2022-05-24,2022-05-28,Fedex,252.47,Delayed,4,2022-05
Shp002685,Ord002685,2022-03-14,2022-03-21,Xpressbees,191.67,Returned To Origin,7,2022-03
Shp002686,Ord002686,2024-06-08,2024-06-10,Delhivery,368.26,Returned To Origin,2,2024-06
Shp002689,Ord002689,2024-02-19,2024-02-22,Dtdc,733.57,Returned To Origin,3,2024-02
Shp002690,Ord002690,2023-01-06,2023-01-07,Xpressbees,194.52,Lost,1,2023-01
Shp002691,Ord002691,2022-10-29,2022-11-02,Ekart,62.54,In Transit,4,2022-10
Shp002692,Ord002692,2023-04-05,2023-04-10,Delhivery,725.98,Returned To Origin,5,2023-04
Shp002693,Ord002693,2022-10-14,2022-10-24,Ekart,261.7,Delayed,10,2022-10
Shp002694,Ord002694,2024-03-08,2024-03-14,Xpressbees,550.98,In Transit,6,2024-03
Shp002695,Ord002695,2024-08-28,2024-08-31,Xpressbees,211.86,Delayed,3,2024-08
Shp002696,Ord002696,2023-06-05,2023-06-12,Indiapost,820.36,Delivered,7,2023-06
Shp002698,Ord002698,2024-04-19,2024-04-22,Dtdc,277.78,Returned To Origin,3,2024-04
Shp002700,Ord002700,2022-08-27,2022-08-29,Dtdc,728.98,Lost,2,2022-08
Shp002702,Ord002702,2024-06-19,2024-06-29,Indiapost,,Delayed,10,2024-06
Shp002703,Ord002703,2022-07-11,2022-07-14,Delhivery,623.1,Returned To Origin,3,2022-07
Shp002704,Ord002704,2023-07-29,2023-08-05,Bluedart,775.1,In Transit,7,2023-07
Shp002705,Ord002705,2023-09-05,2023-09-20,Xpressbees,259.16,Delivered,15,2023-09
Shp002706,Ord002706,2024-09-13,2024-09-16,Dtdc,,Returned To Origin,3,2024-09
Shp002707,Ord002707,2023-07-02,2023-07-10,Fedex,350.8,Lost,8,2023-07
Shp002708,Ord002708,2024-12-08,2024-12-11,Ekart,431.52,Lost,3,2024-12
Shp002709,Ord002709,2024-11-18,2024-11-25,Dtdc,660.85,Delayed,7,2024-11
Shp002710,Ord002710,2022-05-11,2022-05-21,Xpressbees,366.72,Delayed,10,2022-05
Shp002711,Ord002711,2022-06-27,2022-06-30,Bluedart,95.35,In Transit,3,2022-06
Shp002712,Ord002712,2024-03-24,2024-04-08,Delhivery,346.08,Delayed,15,2024-03
Shp002713,Ord002713,2023-10-24,2023-10-27,Ekart,,Lost,3,2023-10
Shp002714,Ord002714,2023-11-04,2023-11-07,Bluedart,,Returned To Origin,3,2023-11
Shp002715,Ord002715,2023-11-19,2023-11-23,Delhivery,107.9,In Transit,4,2023-11
Shp002716,Ord002716,2023-07-16,2023-07-31,Bluedart,177.23,Lost,15,2023-07
Shp002717,Ord002717,2023-04-06,2023-04-16,Delhivery,50.91,Delivered,10,2023-04
Shp002718,Ord002718,2022-04-27,2022-04-30,Delhivery,673.59,Returned To Origin,3,2022-04
Shp002721,Ord002721,2023-03-20,2023-03-24,Xpressbees,114.27,Delivered,4,2023-03
Shp002723,Ord002723,2022-07-04,2022-07-12,Delhivery,715.51,Delayed,8,2022-07
Shp002726,Ord002726,2022-05-21,2022-05-24,Delhivery,848.64,Returned To Origin,3,2022-05
Shp002727,Ord002727,2023-06-03,2023-06-11,Fedex,314.05,In Transit,8,2023-06
Shp002728,Ord002728,2022-08-23,2022-09-07,Delhivery,839.16,Returned To Origin,15,2022-08
Shp002731,Ord002731,2024-10-13,2024-10-20,Fedex,64.9,Delivered,7,2024-10
Shp002733,Ord002733,2022-11-17,2022-11-22,Fedex,153.12,Delayed,5,2022-11
Shp002734,Ord002734,2024-05-19,2024-05-20,Indiapost,778.0,Delivered,1,2024-05
Shp002735,Ord002735,2022-01-19,2022-01-25,Ekart,630.78,Returned To Origin,6,2022-01
Shp002736,Ord002736,2022-04-06,2022-04-14,Bluedart,168.81,Lost,8,2022-04
Shp002740,Ord002740,2024-06-22,2024-06-25,Bluedart,246.16,In Transit,3,2024-06
Shp002743,Ord002743,2023-03-31,2023-04-06,Ekart,518.93,In Transit,6,2023-03
Shp002744,Ord002744,2022-01-16,2022-01-21,Ekart,683.44,In Transit,5,2022-01
Shp002745,Ord002745,2024-06-11,2024-06-21,Indiapost,644.62,In Transit,10,2024-06
Shp002746,Ord002746,2022-02-05,2022-02-12,Indiapost,494.36,Returned To Origin,7,2022-02
Shp002747,Ord002747,2024-04-14,2024-04-29,Dtdc,470.27,In Transit,15,2024-04
Shp002748,Ord002748,2024-08-25,2024-09-01,Indiapost,802.57,In Transit,7,2024-08
Shp002749,Ord002749,2023-12-25,2024-01-09,Delhivery,73.65,Delivered,15,2023-12
Shp002751,Ord002751,2023-03-23,2023-04-02,Dtdc,470.72,Lost,10,2023-03
Shp002752,Ord002752,2022-08-25,2022-08-26,Delhivery,556.63,Lost,1,2022-08
Shp002754,Ord002754,2024-11-17,2024-11-21,Bluedart,866.68,Delayed,4,2024-11
Shp002756,Ord002756,2023-02-18,2023-02-21,Indiapost,347.09,Delayed,3,2023-02
Shp002757,Ord002757,2023-11-04,2023-11-07,Fedex,539.18,Returned To Origin,3,2023-11
Shp002758,Ord002758,2023-02-02,2023-02-10,Indiapost,390.07,Lost,8,2023-02
Shp002760,Ord002760,2023-10-14,2023-10-15,Indiapost,770.48,Delayed,1,2023-10
Shp002762,Ord002762,2023-07-26,2023-08-03,Indiapost,197.83,Delivered,8,2023-07
Shp002763,Ord002763,2023-08-30,2023-09-02,Ekart,353.35,Returned To Origin,3,2023-08
Shp002764,Ord002764,2022-11-22,2022-11-23,Fedex,285.17,Delivered,1,2022-11
Shp002765,Ord002765,2022-07-11,2022-07-15,Bluedart,176.67,Delayed,4,2022-07
Shp002766,Ord002766,2023-03-28,2023-03-29,Fedex,551.58,Delayed,1,2023-03
Shp002767,Ord002767,2023-04-25,2023-04-27,Dtdc,681.1,Delayed,2,2023-04
Shp002769,Ord002769,2024-10-19,2024-10-22,Fedex,747.71,Delayed,3,2024-10
Shp002770,Ord002770,2023-03-01,2023-03-09,Delhivery,376.56,Delayed,8,2023-03
Shp002771,Ord002771,2022-06-20,2022-06-23,Ekart,327.66,In Transit,3,2022-06
Shp002773,Ord002773,2022-04-15,2022-04-21,Delhivery,847.27,Delayed,6,2022-04
Shp002774,Ord002774,2023-12-31,2024-01-02,Ekart,325.16,Lost,2,2023-12
Shp002775,Ord002775,2023-05-14,2023-05-21,Fedex,407.85,Delivered,7,2023-05
Shp002776,Ord002776,2024-05-30,2024-06-02,Indiapost,156.12,Delivered,3,2024-05
Shp002777,Ord002777,2023-11-19,2023-12-04,Delhivery,231.87,Delivered,15,2023-11
Shp002778,Ord002778,2022-12-02,2022-12-05,Delhivery,770.17,In Transit,3,2022-12
Shp002780,Ord002780,2023-03-03,2023-03-09,Indiapost,31.89,Delivered,6,2023-03
Shp002781,Ord002781,2024-12-14,2024-12-17,Xpressbees,749.1,Delayed,3,2024-12
Shp002782,Ord002782,2024-04-17,2024-04-24,Indiapost,862.11,Delayed,7,2024-04
Shp002783,Ord002783,2023-10-14,2023-10-19,Ekart,419.61,Returned To Origin,5,2023-10
Shp002786,Ord002786,2022-10-19,2022-11-03,Delhivery,599.31,Delayed,15,2022-10
Shp002787,Ord002787,2022-08-18,2022-08-21,Fedex,84.34,In Transit,3,2022-08
Shp002788,Ord002788,2022-04-25,2022-04-29,Ekart,380.11,In Transit,4,2022-04
Shp002789,Ord002789,2023-08-25,2023-09-04,Dtdc,782.86,Returned To Origin,10,2023-08
Shp002790,Ord002790,2024-11-27,2024-11-28,Bluedart,686.02,In Transit,1,2024-11
Shp002791,Ord002791,2022-01-19,2022-01-27,Fedex,895.74,Returned To Origin,8,2022-01
Shp002792,Ord002792,2022-06-21,2022-06-26,Fedex,792.61,Delayed,5,2022-06
Shp002794,Ord002794,2024-11-16,2024-11-23,Ekart,727.07,Delivered,7,2024-11
Shp002795,Ord002795,2024-12-31,2025-01-04,Fedex,179.13,Lost,4,2024-12
Shp002796,Ord002796,2024-03-11,2024-03-16,Xpressbees,248.36,In Transit,5,2024-03
Shp002797,Ord002797,2023-03-22,2023-03-30,Delhivery,509.53,Delivered,8,2023-03
Shp002798,Ord002798,2024-02-07,2024-02-17,Indiapost,102.55,Lost,10,2024-02
Shp002799,Ord002799,2023-12-19,2023-12-27,Indiapost,808.42,In Transit,8,2023-12
Shp002800,Ord002800,2024-01-28,2024-02-01,Xpressbees,791.73,Delayed,4,2024-01
Shp002801,Ord002801,2024-12-21,2024-12-29,Indiapost,717.79,Returned To Origin,8,2024-12
Shp002802,Ord002802,2024-09-08,2024-09-13,Ekart,743.76,Lost,5,2024-09
Shp002803,Ord002803,2024-06-24,2024-06-27,Xpressbees,691.36,Lost,3,2024-06
Shp002804,Ord002804,2024-08-14,2024-08-18,Delhivery,660.74,Returned To Origin,4,2024-08
Shp002806,Ord002806,2024-03-05,2024-03-20,Xpressbees,,Returned To Origin,15,2024-03
Shp002807,Ord002807,2022-11-25,2022-11-28,Delhivery,631.96,Delivered,3,2022-11
Shp002808,Ord002808,2023-09-19,2023-09-22,Ekart,533.88,Returned To Origin,3,2023-09
Shp002809,Ord002809,2023-06-22,2023-06-29,Dtdc,692.05,In Transit,7,2023-06
Shp002810,Ord002810,2023-05-02,2023-05-12,Bluedart,842.73,Delayed,10,2023-05
Shp002811,Ord002811,2022-07-29,2022-08-06,Fedex,42.86,In Transit,8,2022-07
Shp002812,Ord002812,2024-12-24,2024-12-25,Fedex,427.38,Delayed,1,2024-12
Shp002813,Ord002813,2023-03-15,2023-03-23,Fedex,831.86,Lost,8,2023-03
Shp002814,Ord002814,2024-02-20,2024-02-23,Bluedart,715.89,Lost,3,2024-02
Shp002815,Ord002815,2022-07-12,2022-07-14,Bluedart,429.33,Delayed,2,2022-07
Shp002816,Ord002816,2024-11-13,2024-11-20,Ekart,372.17,Returned To Origin,7,2024-11
Shp002817,Ord002817,2023-07-14,2023-07-21,Xpressbees,453.28,Returned To Origin,7,2023-07
Shp002819,Ord002819,2023-10-20,2023-10-30,Delhivery,247.74,Delivered,10,2023-10
Shp002821,Ord002821,2024-06-21,2024-06-28,Fedex,141.9,Delivered,7,2024-06
Shp002822,Ord002822,2023-02-17,2023-03-04,Dtdc,243.4,Lost,15,2023-02
Shp002823,Ord002823,2024-10-15,2024-10-17,Fedex,547.92,Lost,2,2024-10
Shp002824,Ord002824,2022-11-07,2022-11-12,Ekart,446.23,Delayed,5,2022-11
Shp002825,Ord002825,2024-08-12,2024-08-17,Ekart,60.62,Delayed,5,2024-08
Shp002826,Ord002826,2022-05-04,2022-05-05,Delhivery,855.35,Returned To Origin,1,2022-05
Shp002827,Ord002827,2022-03-05,2022-03-06,Fedex,872.19,Delayed,1,2022-03
Shp002828,Ord002828,2024-01-02,2024-01-04,Delhivery,475.19,Lost,2,2024-01
Shp002829,Ord002829,2024-06-28,2024-07-04,Fedex,629.68,Delayed,6,2024-06
Shp002830,Ord002830,2023-09-15,2023-09-19,Indiapost,330.52,Delayed,4,2023-09
Shp002831,Ord002831,2022-02-16,2022-02-22,Bluedart,579.29,Lost,6,2022-02
Shp002832,Ord002832,2023-12-30,2024-01-03,Dtdc,435.42,Delivered,4,2023-12
Shp002833,Ord002833,2022-09-04,2022-09-05,Dtdc,879.64,Delivered,1,2022-09
Shp002834,Ord002834,2023-07-30,2023-08-02,Delhivery,319.5,Returned To Origin,3,2023-07
Shp002835,Ord002835,2024-02-06,2024-02-09,Xpressbees,765.66,Delayed,3,2024-02
Shp002837,Ord002837,2022-08-01,2022-08-03,Fedex,886.24,Returned To Origin,2,2022-08
Shp002838,Ord002838,2024-06-12,2024-06-15,Delhivery,706.08,Delayed,3,2024-06
Shp002840,Ord002840,2024-02-20,2024-02-22,Fedex,279.22,Lost,2,2024-02
Shp002841,Ord002841,2022-10-12,2022-10-19,Indiapost,151.72,Delayed,7,2022-10
Shp002842,Ord002842,2023-07-31,2023-08-02,Indiapost,86.72,In Transit,2,2023-07
Shp002843,Ord002843,2024-06-24,2024-06-28,Indiapost,422.29,Lost,4,2024-06
Shp002844,Ord002844,2023-01-01,2023-01-05,Xpressbees,266.27,Delivered,4,2023-01
Shp002845,Ord002845,2022-06-17,2022-06-20,Fedex,662.3,In Transit,3,2022-06
Shp002846,Ord002846,2023-03-13,2023-03-28,Indiapost,638.21,In Transit,15,2023-03
Shp002848,Ord002848,2023-06-10,2023-06-13,Xpressbees,359.87,Delivered,3,2023-06
Shp002850,Ord002850,2023-03-20,2023-03-23,Dtdc,575.4,Returned To Origin,3,2023-03
Shp002851,Ord002851,2024-11-12,2024-11-14,Delhivery,132.52,Delayed,2,2024-11
Shp002852,Ord002852,2022-07-21,2022-07-29,Ekart,793.18,In Transit,8,2022-07
Shp002853,Ord002853,2023-02-02,2023-02-03,Fedex,331.44,Returned To Origin,1,2023-02
Shp002854,Ord002854,2022-09-25,2022-09-27,Xpressbees,598.33,Delivered,2,2022-09
Shp002855,Ord002855,2024-05-30,2024-06-14,Ekart,567.09,In Transit,15,2024-05
Shp002857,Ord002857,2023-03-27,2023-04-11,Ekart,419.93,Returned To Origin,15,2023-03
Shp002858,Ord002858,2024-10-18,2024-10-23,Dtdc,386.95,In Transit,5,2024-10
Shp002859,Ord002859,2022-10-02,2022-10-09,Xpressbees,,Delivered,7,2022-10
Shp002860,Ord002860,2024-02-05,2024-02-08,Fedex,615.98,Returned To Origin,3,2024-02
Shp002861,Ord002861,2023-03-10,2023-03-11,Dtdc,330.94,Delivered,1,2023-03
Shp002862,Ord002862,2022-06-13,2022-06-15,Delhivery,305.89,Lost,2,2022-06
Shp002864,Ord002864,2023-08-01,2023-08-04,Dtdc,462.12,Returned To Origin,3,2023-08
Shp002865,Ord002865,2024-04-20,2024-04-22,Ekart,44.01,Lost,2,2024-04
Shp002866,Ord002866,2023-05-21,2023-05-26,Dtdc,594.39,Delayed,5,2023-05
Shp002867,Ord002867,2024-02-15,2024-02-20,Delhivery,632.05,Delivered,5,2024-02
Shp002868,Ord002868,2024-06-24,2024-06-27,Indiapost,118.93,Lost,3,2024-06
Shp002869,Ord002869,2022-03-22,2022-03-29,Xpressbees,873.09,Returned To Origin,7,2022-03
Shp002870,Ord002870,2024-04-10,2024-04-13,Delhivery,569.64,Lost,3,2024-04
Shp002873,Ord002873,2022-06-09,2022-06-16,Indiapost,601.26,Returned To Origin,7,2022-06
Shp002875,Ord002875,2024-05-22,2024-05-27,Indiapost,820.32,Delayed,5,2024-05
Shp002876,Ord002876,2023-04-26,2023-04-29,Ekart,893.38,In Transit,3,2023-04
Shp002877,Ord002877,2022-11-04,2022-11-12,Fedex,323.61,Lost,8,2022-11
Shp002879,Ord002879,2024-01-09,2024-01-13,Bluedart,563.9,Delayed,4,2024-01
Shp002881,Ord002881,2023-11-03,2023-11-13,Indiapost,667.93,In Transit,10,2023-11
Shp002882,Ord002882,2023-07-29,2023-08-02,Indiapost,490.83,Delivered,4,2023-07
Shp002883,Ord002883,2022-05-08,2022-05-13,Fedex,594.68,In Transit,5,2022-05
Shp002884,Ord002884,2023-02-27,2023-03-05,Dtdc,403.52,Returned To Origin,6,2023-02
Shp002885,Ord002885,2024-10-10,2024-10-12,Xpressbees,843.29,Delivered,2,2024-10
Shp002886,Ord002886,2022-07-16,2022-07-26,Indiapost,80.65,In Transit,10,2022-07
Shp002887,Ord002887,2024-04-20,2024-04-26,Bluedart,883.61,Lost,6,2024-04
Shp002888,Ord002888,2024-05-10,2024-05-20,Bluedart,457.59,Returned To Origin,10,2024-05
Shp002889,Ord002889,2022-10-28,2022-10-31,Fedex,798.72,Lost,3,2022-10
Shp002890,Ord002890,2022-10-28,2022-11-07,Dtdc,704.52,Returned To Origin,10,2022-10
Shp002891,Ord002891,2024-04-03,2024-04-04,Delhivery,614.65,Lost,1,2024-04
Shp002892,Ord002892,2024-02-07,2024-02-12,Bluedart,692.85,Delayed,5,2024-02
Shp002893,Ord002893,2024-12-23,2024-12-31,Delhivery,589.57,Delivered,8,2024-12
Shp002894,Ord002894,2022-02-20,2022-02-24,Ekart,94.11,In Transit,4,2022-02
Shp002895,Ord002895,2024-04-18,2024-04-24,Fedex,635.42,Returned To Origin,6,2024-04
Shp002896,Ord002896,2023-07-17,2023-08-01,Indiapost,896.12,Delivered,15,2023-07
Shp002897,Ord002897,2024-10-15,2024-10-20,Dtdc,162.46,Lost,5,2024-10
Shp002899,Ord002899,2024-11-23,2024-12-03,Delhivery,,Delayed,10,2024-11
Shp002900,Ord002900,2023-01-18,2023-01-20,Xpressbees,791.74,Delivered,2,2023-01
Shp002901,Ord002901,2024-05-17,2024-05-19,Xpressbees,520.53,Lost,2,2024-05
Shp002902,Ord002902,2024-12-22,2025-01-01,Bluedart,261.95,In Transit,10,2024-12
Shp002903,Ord002903,2024-07-25,2024-07-28,Indiapost,99.95,In Transit,3,2024-07
Shp002904,Ord002904,2023-06-18,2023-06-19,Indiapost,893.42,Delayed,1,2023-06
Shp002905,Ord002905,2023-01-17,2023-01-27,Delhivery,541.5,Delivered,10,2023-01
Shp002906,Ord002906,2023-10-12,2023-10-19,Fedex,756.41,In Transit,7,2023-10
Shp002907,Ord002907,2023-01-16,2023-01-19,Delhivery,865.4,Lost,3,2023-01
Shp002908,Ord002908,2022-05-28,2022-06-01,Delhivery,701.3,Returned To Origin,4,2022-05
Shp002909,Ord002909,2024-09-26,2024-09-27,Ekart,866.32,Delivered,1,2024-09
Shp002910,Ord002910,2024-12-30,2025-01-07,Ekart,767.57,Delayed,8,2024-12
Shp002911,Ord002911,2022-05-13,2022-05-18,Dtdc,697.4,Delayed,5,2022-05
Shp002913,Ord002913,2022-05-03,2022-05-05,Fedex,307.59,Delivered,2,2022-05
Shp002915,Ord002915,2024-05-04,2024-05-05,Xpressbees,505.25,In Transit,1,2024-05
Shp002916,Ord002916,2022-03-30,2022-03-31,Ekart,182.45,Delayed,1,2022-03
Shp002917,Ord002917,2023-04-27,2023-04-30,Xpressbees,673.18,Delayed,3,2023-04
Shp002918,Ord002918,2024-07-16,2024-07-18,Dtdc,581.85,Delivered,2,2024-07
Shp002919,Ord002919,2022-05-04,2022-05-05,Ekart,717.12,Delayed,1,2022-05
Shp002920,Ord002920,2024-12-03,2024-12-05,Ekart,279.66,In Transit,2,2024-12
Shp002922,Ord002922,2024-08-22,2024-08-28,Delhivery,310.45,Returned To Origin,6,2024-08
Shp002923,Ord002923,2022-10-05,2022-10-09,Xpressbees,350.56,Delayed,4,2022-10
Shp002924,Ord002924,2022-03-16,2022-03-18,Fedex,771.4,Delayed,2,2022-03
Shp002925,Ord002925,2023-05-27,2023-06-02,Xpressbees,778.37,In Transit,6,2023-05
Shp002927,Ord002927,2024-04-24,2024-05-02,Dtdc,33.78,In Transit,8,2024-04
Shp002928,Ord002928,2023-07-27,2023-07-29,Dtdc,378.32,In Transit,2,2023-07
Shp002929,Ord002929,2023-06-28,2023-07-02,Xpressbees,845.3,Delayed,4,2023-06
Shp002930,Ord002930,2023-05-25,2023-05-26,Xpressbees,155.9,Lost,1,2023-05
Shp002931,Ord002931,2023-01-17,2023-02-01,Fedex,788.51,Delayed,15,2023-01
Shp002933,Ord002933,2023-08-23,2023-08-29,Xpressbees,53.34,In Transit,6,2023-08
Shp002934,Ord002934,2023-07-31,2023-08-15,Ekart,224.79,Delayed,15,2023-07
Shp002937,Ord002937,2024-02-07,2024-02-08,Xpressbees,192.98,Returned To Origin,1,2024-02
Shp002938,Ord002938,2022-04-17,2022-04-20,Ekart,440.28,Delivered,3,2022-04
Shp002939,Ord002939,2024-01-22,2024-01-30,Dtdc,240.0,In Transit,8,2024-01
Shp002940,Ord002940,2023-03-25,2023-03-31,Indiapost,300.22,In Transit,6,2023-03
Shp002941,Ord002941,2024-01-22,2024-01-25,Xpressbees,109.67,Delayed,3,2024-01
Shp002942,Ord002942,2024-01-03,2024-01-06,Indiapost,409.6,Delivered,3,2024-01
Shp002944,Ord002944,2024-06-24,2024-06-30,Fedex,862.54,Delayed,6,2024-06
Shp002945,Ord002945,2022-12-20,2022-12-26,Delhivery,213.44,Lost,6,2022-12
Shp002946,Ord002946,2023-04-26,2023-05-03,Xpressbees,449.3,In Transit,7,2023-04
Shp002947,Ord002947,2022-09-16,2022-09-20,Indiapost,353.96,Delayed,4,2022-09
Shp002948,Ord002948,2022-02-14,2022-02-18,Delhivery,881.19,In Transit,4,2022-02
Shp002949,Ord002949,2024-06-04,2024-06-07,Xpressbees,342.79,Returned To Origin,3,2024-06
Shp002952,Ord002952,2022-01-06,2022-01-14,Ekart,346.34,Delivered,8,2022-01
Shp002953,Ord002953,2022-10-28,2022-11-03,Ekart,533.2,Returned To Origin,6,2022-10
Shp002954,Ord002954,2022-10-08,2022-10-16,Ekart,684.77,In Transit,8,2022-10
Shp002956,Ord002956,2024-05-02,2024-05-05,Ekart,285.75,Lost,3,2024-05
Shp002957,Ord002957,2022-03-31,2022-04-05,Indiapost,121.47,In Transit,5,2022-03
Shp002958,Ord002958,2022-06-14,2022-06-29,Indiapost,383.58,Returned To Origin,15,2022-06
Shp002959,Ord002959,2024-09-13,2024-09-16,Bluedart,892.94,In Transit,3,2024-09
Shp002960,Ord002960,2023-04-17,2023-05-02,Xpressbees,595.38,Returned To Origin,15,2023-04
Shp002961,Ord002961,2022-11-07,2022-11-22,Ekart,226.99,Lost,15,2022-11
Shp002962,Ord002962,2022-03-17,2022-03-18,Ekart,344.51,Returned To Origin,1,2022-03
Shp002963,Ord002963,2024-10-25,2024-10-28,Indiapost,571.7,Delivered,3,2024-10
Shp002964,Ord002964,2022-05-07,2022-05-10,Xpressbees,609.56,Delayed,3,2022-05
Shp002965,Ord002965,2024-01-22,2024-01-27,Ekart,117.74,Delivered,5,2024-01
Shp002966,Ord002966,2022-06-30,2022-07-03,Ekart,467.36,Returned To Origin,3,2022-06
Shp002967,Ord002967,2024-01-11,2024-01-14,Indiapost,228.18,Delayed,3,2024-01
Shp002968,Ord002968,2024-06-23,2024-07-01,Delhivery,240.53,Delayed,8,2024-06
Shp002969,Ord002969,2023-08-13,2023-08-20,Bluedart,604.44,Lost,7,2023-08
Shp002970,Ord002970,2024-04-04,2024-04-07,Fedex,482.23,In Transit,3,2024-04
Shp002972,Ord002972,2022-07-28,2022-08-02,Delhivery,67.87,Delayed,5,2022-07
Shp002973,Ord002973,2024-11-22,2024-12-07,Delhivery,83.22,Delayed,15,2024-11
Shp002974,Ord002974,2022-03-21,2022-03-25,Fedex,488.53,Lost,4,2022-03
Shp002975,Ord002975,2023-04-20,2023-04-24,Xpressbees,761.58,Delayed,4,2023-04
Shp002976,Ord002976,2024-12-22,2025-01-06,Fedex,100.09,Lost,15,2024-12
Shp002977,Ord002977,2022-02-11,2022-02-16,Bluedart,715.18,In Transit,5,2022-02
Shp002978,Ord002978,2024-10-30,2024-11-02,Dtdc,680.33,Delivered,3,2024-10
Shp002979,Ord002979,2022-08-25,2022-09-04,Indiapost,189.21,Lost,10,2022-08
Shp002980,Ord002980,2024-08-03,2024-08-06,Bluedart,781.16,Lost,3,2024-08
Shp002981,Ord002981,2022-07-15,2022-07-19,Indiapost,553.02,Delivered,4,2022-07
Shp002982,Ord002982,2024-08-10,2024-08-18,Xpressbees,819.43,Returned To Origin,8,2024-08
Shp002984,Ord002984,2024-03-29,2024-04-04,Fedex,32.8,Returned To Origin,6,2024-03
Shp002985,Ord002985,2023-02-18,2023-02-25,Xpressbees,674.03,Lost,7,2023-02
Shp002987,Ord002987,2024-02-17,2024-02-20,Ekart,729.38,Delayed,3,2024-02
Shp002989,Ord002989,2023-09-27,2023-09-30,Indiapost,339.68,Returned To Origin,3,2023-09
Shp002991,Ord002991,2024-03-13,2024-03-20,Fedex,757.28,Delivered,7,2024-03
Shp002993,Ord002993,2022-02-25,2022-02-28,Dtdc,403.98,Returned To Origin,3,2022-02
Shp002995,Ord002995,2024-11-18,2024-11-25,Bluedart,280.58,Returned To Origin,7,2024-11
Shp002998,Ord002998,2023-09-06,2023-09-10,Delhivery,640.88,In Transit,4,2023-09
Shp002999,Ord002999,2024-10-01,2024-10-03,Bluedart,735.49,Lost,2,2024-10
Shp003000,Ord003000,2023-03-12,2023-03-15,Indiapost,324.7,Returned To Origin,3,2023-03
Shp003001,Ord003001,2024-03-29,2024-04-03,Bluedart,893.06,Delayed,5,2024-03
Shp003002,Ord003002,2023-08-06,2023-08-16,Fedex,150.01,Delayed,10,2023-08
Shp003003,Ord003003,2022-12-03,2022-12-13,Dtdc,595.56,Lost,10,2022-12
Shp003004,Ord003004,2024-10-23,2024-10-29,Delhivery,253.43,Returned To Origin,6,2024-10
Shp003005,Ord003005,2023-03-14,2023-03-17,Fedex,232.88,Returned To Origin,3,2023-03
Shp003006,Ord003006,2022-08-11,2022-08-14,Delhivery,109.13,Delivered,3,2022-08
Shp003007,Ord003007,2022-06-18,2022-06-19,Bluedart,782.41,Lost,1,2022-06
Shp003008,Ord003008,2022-05-28,2022-06-07,Bluedart,39.82,Returned To Origin,10,2022-05
Shp003011,Ord003011,2023-09-09,2023-09-12,Delhivery,862.77,In Transit,3,2023-09
Shp003014,Ord003014,2024-09-21,2024-09-25,Indiapost,543.82,Delivered,4,2024-09
Shp003015,Ord003015,2023-07-30,2023-08-07,Fedex,680.44,Delivered,8,2023-07
Shp003016,Ord003016,2022-11-05,2022-11-13,Bluedart,496.74,Returned To Origin,8,2022-11
Shp003017,Ord003017,2024-11-08,2024-11-16,Ekart,583.89,Delivered,8,2024-11
Shp003019,Ord003019,2024-06-04,2024-06-19,Fedex,643.05,Lost,15,2024-06
Shp003020,Ord003020,2023-10-31,2023-11-08,Bluedart,660.57,Lost,8,2023-10
Shp003022,Ord003022,2023-11-13,2023-11-21,Xpressbees,456.88,In Transit,8,2023-11
Shp003023,Ord003023,2022-11-03,2022-11-08,Dtdc,850.89,Lost,5,2022-11
Shp003024,Ord003024,2022-07-29,2022-08-03,Indiapost,794.71,Lost,5,2022-07
Shp003025,Ord003025,2022-05-03,2022-05-18,Indiapost,371.1,Lost,15,2022-05
Shp003026,Ord003026,2024-01-31,2024-02-01,Ekart,419.81,Returned To Origin,1,2024-01
Shp003027,Ord003027,2022-10-18,2022-10-28,Fedex,234.95,Lost,10,2022-10
Shp003028,Ord003028,2022-04-18,2022-04-21,Xpressbees,,Delayed,3,2022-04
Shp003029,Ord003029,2023-08-20,2023-08-23,Delhivery,218.87,Lost,3,2023-08
Shp003030,Ord003030,2024-03-01,2024-03-04,Delhivery,631.5,In Transit,3,2024-03
Shp003031,Ord003031,2023-05-03,2023-05-13,Dtdc,812.84,Delayed,10,2023-05
Shp003032,Ord003032,2023-08-02,2023-08-10,Delhivery,862.61,Delayed,8,2023-08
Shp003033,Ord003033,2022-03-16,2022-03-26,Bluedart,331.52,Delivered,10,2022-03
Shp003034,Ord003034,2023-05-19,2023-05-22,Delhivery,792.42,Delivered,3,2023-05
Shp003035,Ord003035,2023-04-20,2023-05-05,Xpressbees,511.36,In Transit,15,2023-04
Shp003036,Ord003036,2023-12-08,2023-12-15,Bluedart,428.68,Delayed,7,2023-12
Shp003037,Ord003037,2023-09-10,2023-09-13,Indiapost,711.53,Returned To Origin,3,2023-09
Shp003038,Ord003038,2023-07-07,2023-07-15,Ekart,548.85,In Transit,8,2023-07
Shp003039,Ord003039,2024-10-28,2024-11-04,Indiapost,284.63,In Transit,7,2024-10
Shp003040,Ord003040,2023-09-06,2023-09-14,Dtdc,93.2,Delayed,8,2023-09
Shp003041,Ord003041,2022-06-21,2022-06-24,Delhivery,375.99,Returned To Origin,3,2022-06
Shp003042,Ord003042,2024-02-08,2024-02-23,Dtdc,845.44,In Transit,15,2024-02
Shp003043,Ord003043,2024-02-14,2024-02-20,Xpressbees,724.34,Lost,6,2024-02
Shp003044,Ord003044,2024-08-06,2024-08-21,Indiapost,61.31,Delivered,15,2024-08
Shp003045,Ord003045,2024-08-22,2024-08-26,Xpressbees,643.36,Lost,4,2024-08
Shp003046,Ord003046,2024-05-07,2024-05-11,Indiapost,32.99,Lost,4,2024-05
Shp003047,Ord003047,2023-03-10,2023-03-18,Ekart,883.58,In Transit,8,2023-03
Shp003048,Ord003048,2024-09-06,2024-09-11,Dtdc,627.33,Delivered,5,2024-09
Shp003049,Ord003049,2022-10-27,2022-10-30,Fedex,876.82,Returned To Origin,3,2022-10
Shp003050,Ord003050,2023-02-08,2023-02-16,Indiapost,813.46,Lost,8,2023-02
Shp003051,Ord003051,2022-01-22,2022-01-23,Fedex,817.27,Lost,1,2022-01
Shp003053,Ord003053,2023-08-01,2023-08-08,Dtdc,433.51,Returned To Origin,7,2023-08
Shp003054,Ord003054,2023-04-11,2023-04-13,Ekart,85.21,Delivered,2,2023-04
Shp003055,Ord003055,2023-05-17,2023-05-24,Indiapost,234.09,Delivered,7,2023-05
Shp003056,Ord003056,2024-02-18,2024-02-21,Fedex,166.25,Delayed,3,2024-02
Shp003057,Ord003057,2023-09-17,2023-09-22,Bluedart,286.74,Returned To Origin,5,2023-09
Shp003061,Ord003061,2023-03-30,2023-04-07,Indiapost,537.37,Delayed,8,2023-03
Shp003062,Ord003062,2023-07-18,2023-07-23,Delhivery,374.78,Delivered,5,2023-07
Shp003063,Ord003063,2024-07-21,2024-07-29,Xpressbees,478.85,Delivered,8,2024-07
Shp003064,Ord003064,2022-06-10,2022-06-20,Bluedart,138.01,Delivered,10,2022-06
Shp003065,Ord003065,2023-11-22,2023-11-24,Indiapost,795.82,Lost,2,2023-11
Shp003066,Ord003066,2022-05-27,2022-05-30,Fedex,627.61,Lost,3,2022-05
Shp003067,Ord003067,2024-10-21,2024-10-27,Indiapost,105.46,Delivered,6,2024-10
Shp003070,Ord003070,2022-07-03,2022-07-07,Dtdc,797.9,In Transit,4,2022-07
Shp003071,Ord003071,2023-12-30,2024-01-14,Indiapost,79.09,Delivered,15,2023-12
Shp003072,Ord003072,2023-10-12,2023-10-19,Xpressbees,79.46,Delayed,7,2023-10
Shp003073,Ord003073,2023-05-27,2023-06-03,Ekart,788.12,Returned To Origin,7,2023-05
Shp003074,Ord003074,2023-05-31,2023-06-06,Xpressbees,660.92,In Transit,6,2023-05
Shp003075,Ord003075,2022-12-14,2022-12-15,Fedex,436.54,In Transit,1,2022-12
Shp003076,Ord003076,2023-04-03,2023-04-05,Dtdc,168.78,Returned To Origin,2,2023-04
Shp003078,Ord003078,2022-01-23,2022-01-25,Bluedart,312.47,Delayed,2,2022-01
Shp003079,Ord003079,2022-06-04,2022-06-14,Ekart,559.63,Lost,10,2022-06
Shp003080,Ord003080,2024-09-15,2024-09-22,Xpressbees,835.41,Delivered,7,2024-09
Shp003081,Ord003081,2023-09-18,2023-09-19,Dtdc,626.1,Returned To Origin,1,2023-09
Shp003083,Ord003083,2023-12-29,2023-12-30,Dtdc,566.41,Delayed,1,2023-12
Shp003084,Ord003084,2022-08-08,2022-08-14,Xpressbees,65.8,Delivered,6,2022-08
Shp003085,Ord003085,2022-11-22,2022-12-07,Bluedart,807.25,Delivered,15,2022-11
Shp003086,Ord003086,2022-03-14,2022-03-29,Xpressbees,641.35,In Transit,15,2022-03
Shp003088,Ord003088,2024-03-03,2024-03-11,Xpressbees,375.16,Returned To Origin,8,2024-03
Shp003089,Ord003089,2023-06-14,2023-06-24,Delhivery,433.24,In Transit,10,2023-06
Shp003090,Ord003090,2023-10-01,2023-10-02,Delhivery,125.24,Lost,1,2023-10
Shp003092,Ord003092,2022-02-10,2022-02-14,Bluedart,308.0,Returned To Origin,4,2022-02
Shp003093,Ord003093,2023-08-26,2023-09-03,Delhivery,264.39,Lost,8,2023-08
Shp003094,Ord003094,2024-05-26,2024-06-02,Ekart,177.25,Delayed,7,2024-05
Shp003095,Ord003095,2023-10-17,2023-10-24,Fedex,124.9,Delayed,7,2023-10
Shp003096,Ord003096,2022-07-25,2022-08-09,Fedex,128.37,Lost,15,2022-07
Shp003098,Ord003098,2024-10-17,2024-10-25,Xpressbees,628.79,Lost,8,2024-10
Shp003101,Ord003101,2022-08-21,2022-08-31,Delhivery,575.69,Delayed,10,2022-08
Shp003102,Ord003102,2023-10-31,2023-11-01,Xpressbees,349.5,Returned To Origin,1,2023-10
Shp003104,Ord003104,2022-08-13,2022-08-18,Xpressbees,745.75,Delayed,5,2022-08
Shp003105,Ord003105,2024-09-06,2024-09-10,Indiapost,428.05,Lost,4,2024-09
Shp003108,Ord003108,2022-08-09,2022-08-17,Indiapost,796.19,Returned To Origin,8,2022-08
Shp003109,Ord003109,2022-11-06,2022-11-13,Delhivery,838.75,In Transit,7,2022-11
Shp003111,Ord003111,2022-05-15,2022-05-22,Bluedart,372.44,Delivered,7,2022-05
Shp003112,Ord003112,2024-09-18,2024-09-28,Delhivery,724.02,Returned To Origin,10,2024-09
Shp003113,Ord003113,2023-03-08,2023-03-11,Dtdc,615.49,Delayed,3,2023-03
Shp003114,Ord003114,2024-12-07,2024-12-12,Bluedart,358.43,In Transit,5,2024-12
Shp003115,Ord003115,2024-09-19,2024-09-27,Indiapost,412.75,Lost,8,2024-09
Shp003116,Ord003116,2024-09-19,2024-09-26,Fedex,573.21,In Transit,7,2024-09
Shp003117,Ord003117,2023-09-25,2023-10-02,Indiapost,188.02,Returned To Origin,7,2023-09
Shp003118,Ord003118,2024-06-25,2024-07-02,Ekart,433.79,Lost,7,2024-06
Shp003119,Ord003119,2024-01-28,2024-02-02,Xpressbees,795.4,Lost,5,2024-01
Shp003120,Ord003120,2023-04-18,2023-04-24,Dtdc,510.94,Delivered,6,2023-04
Shp003122,Ord003122,2022-11-15,2022-11-23,Delhivery,608.79,Lost,8,2022-11
Shp003124,Ord003124,2023-02-05,2023-02-20,Indiapost,621.04,Lost,15,2023-02
Shp003125,Ord003125,2022-08-16,2022-08-22,Bluedart,132.6,Lost,6,2022-08
Shp003126,Ord003126,2022-05-07,2022-05-22,Xpressbees,116.76,In Transit,15,2022-05
Shp003127,Ord003127,2024-05-31,2024-06-06,Dtdc,241.75,Returned To Origin,6,2024-05
Shp003128,Ord003128,2023-07-05,2023-07-20,Xpressbees,612.88,Delivered,15,2023-07
Shp003129,Ord003129,2022-11-23,2022-11-24,Dtdc,114.79,Lost,1,2022-11
Shp003130,Ord003130,2022-07-05,2022-07-09,Xpressbees,36.32,Lost,4,2022-07
Shp003131,Ord003131,2022-03-20,2022-03-27,Delhivery,463.73,Returned To Origin,7,2022-03
Shp003132,Ord003132,2023-03-26,2023-04-05,Delhivery,718.61,Delayed,10,2023-03
Shp003133,Ord003133,2024-03-11,2024-03-12,Ekart,536.33,In Transit,1,2024-03
Shp003134,Ord003134,2023-06-21,2023-07-06,Indiapost,407.51,Delivered,15,2023-06
Shp003135,Ord003135,2023-04-09,2023-04-12,Dtdc,471.99,Lost,3,2023-04
Shp003136,Ord003136,2024-09-09,2024-09-14,Delhivery,248.13,In Transit,5,2024-09
Shp003137,Ord003137,2024-09-20,2024-09-24,Bluedart,219.61,Lost,4,2024-09
Shp003138,Ord003138,2024-09-03,2024-09-06,Delhivery,410.17,Lost,3,2024-09
Shp003139,Ord003139,2023-12-10,2023-12-12,Dtdc,515.52,Returned To Origin,2,2023-12
Shp003140,Ord003140,2024-03-28,2024-04-05,Bluedart,435.39,Returned To Origin,8,2024-03
Shp003141,Ord003141,2023-04-05,2023-04-09,Delhivery,640.26,In Transit,4,2023-04
Shp003142,Ord003142,2022-04-10,2022-04-13,Indiapost,600.49,Returned To Origin,3,2022-04
Shp003143,Ord003143,2024-06-17,2024-06-24,Dtdc,652.11,Lost,7,2024-06
Shp003144,Ord003144,2025-01-01,2025-01-04,Xpressbees,420.07,In Transit,3,2025-01
Shp003146,Ord003146,2023-07-21,2023-07-26,Bluedart,775.71,Lost,5,2023-07
Shp003147,Ord003147,2023-06-20,2023-06-24,Ekart,891.02,Returned To Origin,4,2023-06
Shp003148,Ord003148,2024-04-09,2024-04-12,Fedex,341.17,Returned To Origin,3,2024-04
Shp003149,Ord003149,2025-01-01,2025-01-02,Dtdc,418.53,Returned To Origin,1,2025-01
Shp003153,Ord003153,2024-07-15,2024-07-17,Delhivery,458.68,Returned To Origin,2,2024-07
Shp003154,Ord003154,2022-04-20,2022-04-22,Delhivery,574.02,In Transit,2,2022-04
Shp003155,Ord003155,2023-09-15,2023-09-30,Xpressbees,293.33,In Transit,15,2023-09
Shp003157,Ord003157,2024-12-13,2024-12-20,Indiapost,552.29,In Transit,7,2024-12
Shp003158,Ord003158,2022-01-28,2022-02-03,Indiapost,450.58,Delayed,6,2022-01
Shp003159,Ord003159,2022-12-12,2022-12-14,Dtdc,296.32,Returned To Origin,2,2022-12
Shp003160,Ord003160,2022-10-24,2022-11-01,Xpressbees,104.7,Delayed,8,2022-10
Shp003161,Ord003161,2023-04-23,2023-04-25,Dtdc,846.57,In Transit,2,2023-04
Shp003162,Ord003162,2023-02-10,2023-02-14,Ekart,871.26,In Transit,4,2023-02
Shp003164,Ord003164,2022-07-18,2022-07-20,Fedex,273.33,Delayed,2,2022-07
Shp003165,Ord003165,2022-10-18,2022-10-23,Dtdc,328.55,Returned To Origin,5,2022-10
Shp003166,Ord003166,2024-01-22,2024-02-06,Delhivery,128.7,Returned To Origin,15,2024-01
Shp003167,Ord003167,2022-11-20,2022-11-23,Indiapost,441.22,Delivered,3,2022-11
Shp003168,Ord003168,2024-05-03,2024-05-04,Fedex,275.1,In Transit,1,2024-05
Shp003169,Ord003169,2022-05-20,2022-05-26,Indiapost,719.83,Delayed,6,2022-05
Shp003170,Ord003170,2024-08-11,2024-08-15,Indiapost,412.35,Lost,4,2024-08
Shp003171,Ord003171,2023-06-19,2023-06-26,Dtdc,632.96,In Transit,7,2023-06
Shp003172,Ord003172,2024-08-13,2024-08-16,Delhivery,801.62,In Transit,3,2024-08
Shp003173,Ord003173,2023-09-27,2023-10-12,Dtdc,151.44,Delayed,15,2023-09
Shp003174,Ord003174,2023-03-15,2023-03-18,Bluedart,785.76,In Transit,3,2023-03
Shp003175,Ord003175,2023-08-10,2023-08-11,Xpressbees,633.03,Lost,1,2023-08
Shp003176,Ord003176,2023-12-15,2023-12-30,Dtdc,593.96,Lost,15,2023-12
Shp003177,Ord003177,2024-09-08,2024-09-11,Dtdc,136.75,Returned To Origin,3,2024-09
Shp003178,Ord003178,2023-07-30,2023-08-02,Indiapost,231.41,Returned To Origin,3,2023-07
Shp003179,Ord003179,2023-08-06,2023-08-16,Fedex,332.76,Delivered,10,2023-08
Shp003180,Ord003180,2024-09-28,2024-10-04,Delhivery,787.37,Delivered,6,2024-09
Shp003181,Ord003181,2022-11-17,2022-11-19,Delhivery,298.97,In Transit,2,2022-11
Shp003182,Ord003182,2024-12-24,2024-12-25,Bluedart,256.34,In Transit,1,2024-12
Shp003183,Ord003183,2022-10-09,2022-10-24,Xpressbees,879.14,Lost,15,2022-10
Shp003184,Ord003184,2024-01-21,2024-01-29,Dtdc,864.04,Lost,8,2024-01
Shp003185,Ord003185,2023-11-06,2023-11-10,Ekart,454.74,Lost,4,2023-11
Shp003186,Ord003186,2024-10-23,2024-10-27,Indiapost,387.19,In Transit,4,2024-10
Shp003187,Ord003187,2024-06-02,2024-06-08,Indiapost,405.13,Delivered,6,2024-06
Shp003188,Ord003188,2024-06-10,2024-06-16,Delhivery,641.17,Returned To Origin,6,2024-06
Shp003189,Ord003189,2022-09-11,2022-09-21,Bluedart,400.09,Returned To Origin,10,2022-09
Shp003190,Ord003190,2023-05-27,2023-06-01,Delhivery,610.98,Lost,5,2023-05
Shp003191,Ord003191,2022-06-10,2022-06-17,Ekart,55.1,In Transit,7,2022-06
Shp003192,Ord003192,2022-07-12,2022-07-17,Ekart,79.8,In Transit,5,2022-07
Shp003193,Ord003193,2023-07-03,2023-07-09,Bluedart,138.79,Returned To Origin,6,2023-07
Shp003194,Ord003194,2023-04-23,2023-04-28,Fedex,669.81,Returned To Origin,5,2023-04
Shp003196,Ord003196,2022-08-24,2022-08-31,Dtdc,586.79,In Transit,7,2022-08
Shp003197,Ord003197,2022-10-31,2022-11-15,Fedex,119.64,Lost,15,2022-10
Shp003198,Ord003198,2022-01-13,2022-01-28,Ekart,837.89,Returned To Origin,15,2022-01
Shp003199,Ord003199,2023-05-11,2023-05-18,Bluedart,43.19,In Transit,7,2023-05
Shp003201,Ord003201,2023-03-20,2023-03-24,Xpressbees,392.25,In Transit,4,2023-03
Shp003202,Ord003202,2024-06-25,2024-07-02,Bluedart,619.4,Delayed,7,2024-06
Shp003203,Ord003203,2023-06-28,2023-07-04,Bluedart,636.51,Delayed,6,2023-06
Shp003204,Ord003204,2022-01-18,2022-01-24,Bluedart,99.97,In Transit,6,2022-01
Shp003205,Ord003205,2024-06-22,2024-06-30,Delhivery,32.32,In Transit,8,2024-06
Shp003207,Ord003207,2023-02-11,2023-02-16,Indiapost,422.64,In Transit,5,2023-02
Shp003208,Ord003208,2024-06-25,2024-07-03,Indiapost,539.64,Lost,8,2024-06
Shp003209,Ord003209,2024-07-27,2024-07-31,Dtdc,550.68,Returned To Origin,4,2024-07
Shp003210,Ord003210,2023-12-20,2023-12-21,Indiapost,457.97,Delivered,1,2023-12
Shp003211,Ord003211,2022-03-01,2022-03-16,Indiapost,897.36,Delivered,15,2022-03
Shp003212,Ord003212,2023-08-26,2023-08-28,Xpressbees,615.72,Delayed,2,2023-08
Shp003214,Ord003214,2023-04-28,2023-05-01,Dtdc,680.46,Delayed,3,2023-04
Shp003216,Ord003216,2024-11-21,2024-11-22,Delhivery,594.41,Delivered,1,2024-11
Shp003217,Ord003217,2024-03-29,2024-04-04,Xpressbees,626.3,Returned To Origin,6,2024-03
Shp003218,Ord003218,2024-04-23,2024-04-30,Ekart,499.17,Delayed,7,2024-04
Shp003219,Ord003219,2023-01-01,2023-01-06,Indiapost,535.63,Delayed,5,2023-01
Shp003220,Ord003220,2024-07-26,2024-07-29,Dtdc,894.66,Lost,3,2024-07
Shp003221,Ord003221,2024-02-17,2024-02-24,Bluedart,723.92,Lost,7,2024-02
Shp003222,Ord003222,2023-01-28,2023-01-29,Delhivery,282.59,Delivered,1,2023-01
Shp003223,Ord003223,2023-03-15,2023-03-18,Ekart,490.63,Delayed,3,2023-03
Shp003224,Ord003224,2024-10-09,2024-10-14,Xpressbees,771.36,Returned To Origin,5,2024-10
Shp003225,Ord003225,2023-09-01,2023-09-11,Bluedart,553.66,Returned To Origin,10,2023-09
Shp003226,Ord003226,2022-02-10,2022-02-15,Fedex,131.3,Returned To Origin,5,2022-02
Shp003227,Ord003227,2022-03-17,2022-03-20,Delhivery,821.41,In Transit,3,2022-03
Shp003228,Ord003228,2022-07-10,2022-07-25,Fedex,337.01,Returned To Origin,15,2022-07
Shp003229,Ord003229,2023-05-18,2023-06-02,Delhivery,401.44,Lost,15,2023-05
Shp003230,Ord003230,2022-04-16,2022-04-21,Indiapost,342.36,In Transit,5,2022-04
Shp003231,Ord003231,2022-03-31,2022-04-10,Dtdc,175.54,Returned To Origin,10,2022-03
Shp003233,Ord003233,2022-02-26,2022-03-01,Delhivery,149.44,Lost,3,2022-02
Shp003234,Ord003234,2023-08-29,2023-09-02,Delhivery,310.66,Delayed,4,2023-08
Shp003236,Ord003236,2022-09-11,2022-09-14,Delhivery,547.76,Returned To Origin,3,2022-09
Shp003237,Ord003237,2024-11-03,2024-11-18,Indiapost,276.17,Lost,15,2024-11
Shp003238,Ord003238,2023-04-16,2023-04-17,Bluedart,173.52,Delayed,1,2023-04
Shp003239,Ord003239,2023-09-23,2023-10-03,Xpressbees,211.65,Lost,10,2023-09
Shp003240,Ord003240,2022-03-21,2022-03-28,Dtdc,875.26,Delivered,7,2022-03
Shp003241,Ord003241,2022-09-30,2022-10-03,Dtdc,259.22,Delivered,3,2022-09
Shp003242,Ord003242,2022-05-31,2022-06-15,Xpressbees,406.69,Returned To Origin,15,2022-05
Shp003243,Ord003243,2023-07-10,2023-07-25,Indiapost,536.68,Lost,15,2023-07
Shp003244,Ord003244,2024-12-21,2024-12-22,Dtdc,123.65,Lost,1,2024-12
Shp003246,Ord003246,2022-09-19,2022-10-04,Dtdc,290.99,In Transit,15,2022-09
Shp003249,Ord003249,2022-08-16,2022-08-22,Xpressbees,346.59,Delayed,6,2022-08
Shp003250,Ord003250,2023-03-14,2023-03-29,Ekart,465.61,Delayed,15,2023-03
Shp003251,Ord003251,2023-11-19,2023-11-21,Fedex,485.04,Lost,2,2023-11
Shp003252,Ord003252,2023-04-02,2023-04-06,Bluedart,652.0,Delivered,4,2023-04
Shp003253,Ord003253,2024-12-02,2024-12-08,Delhivery,498.73,Lost,6,2024-12
Shp003254,Ord003254,2022-08-07,2022-08-17,Dtdc,469.82,Returned To Origin,10,2022-08
Shp003255,Ord003255,2022-09-21,2022-10-01,Ekart,231.78,Delivered,10,2022-09
Shp003257,Ord003257,2024-08-31,2024-09-03,Bluedart,899.26,In Transit,3,2024-08
Shp003259,Ord003259,2023-01-18,2023-01-24,Indiapost,711.16,Returned To Origin,6,2023-01
Shp003260,Ord003260,2024-03-06,2024-03-16,Indiapost,37.39,Lost,10,2024-03
Shp003262,Ord003262,2022-05-03,2022-05-07,Dtdc,560.8,Lost,4,2022-05
Shp003263,Ord003263,2023-03-24,2023-03-30,Dtdc,139.27,Lost,6,2023-03
Shp003264,Ord003264,2024-03-16,2024-03-20,Xpressbees,496.24,Delivered,4,2024-03
Shp003265,Ord003265,2023-04-09,2023-04-17,Fedex,513.57,Returned To Origin,8,2023-04
Shp003267,Ord003267,2023-08-26,2023-08-30,Fedex,271.66,Returned To Origin,4,2023-08
Shp003268,Ord003268,2024-06-03,2024-06-18,Delhivery,608.55,Returned To Origin,15,2024-06
Shp003271,Ord003271,2024-11-26,2024-12-11,Ekart,207.76,In Transit,15,2024-11
Shp003272,Ord003272,2022-09-22,2022-09-29,Bluedart,624.48,In Transit,7,2022-09
Shp003273,Ord003273,2023-04-19,2023-04-29,Indiapost,366.18,Delayed,10,2023-04
Shp003275,Ord003275,2023-08-02,2023-08-07,Ekart,740.96,Returned To Origin,5,2023-08
Shp003276,Ord003276,2024-01-26,2024-02-01,Indiapost,,Lost,6,2024-01
Shp003277,Ord003277,2023-02-20,2023-02-28,Xpressbees,511.37,Delayed,8,2023-02
Shp003278,Ord003278,2023-12-10,2023-12-15,Ekart,843.25,Lost,5,2023-12
Shp003279,Ord003279,2024-11-17,2024-11-27,Delhivery,295.11,Lost,10,2024-11
Shp003280,Ord003280,2024-08-08,2024-08-11,Bluedart,185.93,In Transit,3,2024-08
Shp003281,Ord003281,2022-05-11,2022-05-16,Dtdc,554.31,Delayed,5,2022-05
Shp003282,Ord003282,2023-06-11,2023-06-14,Dtdc,221.65,Lost,3,2023-06
Shp003283,Ord003283,2024-11-01,2024-11-04,Bluedart,716.82,Lost,3,2024-11
Shp003284,Ord003284,2022-03-30,2022-04-06,Dtdc,884.3,Returned To Origin,7,2022-03
Shp003285,Ord003285,2023-12-20,2023-12-23,Ekart,871.81,In Transit,3,2023-12
Shp003286,Ord003286,2022-10-07,2022-10-08,Delhivery,844.32,Returned To Origin,1,2022-10
Shp003287,Ord003287,2022-05-11,2022-05-21,Indiapost,765.22,Returned To Origin,10,2022-05
Shp003289,Ord003289,2023-03-02,2023-03-06,Fedex,619.27,In Transit,4,2023-03
Shp003290,Ord003290,2023-07-18,2023-07-23,Ekart,198.23,Delivered,5,2023-07
Shp003292,Ord003292,2024-10-01,2024-10-08,Indiapost,777.23,Lost,7,2024-10
Shp003293,Ord003293,2022-04-15,2022-04-22,Bluedart,92.07,Delayed,7,2022-04
Shp003294,Ord003294,2022-04-21,2022-04-23,Dtdc,67.88,In Transit,2,2022-04
Shp003295,Ord003295,2023-09-06,2023-09-09,Xpressbees,183.15,Delayed,3,2023-09
Shp003297,Ord003297,2022-05-21,2022-05-27,Bluedart,188.17,Returned To Origin,6,2022-05
Shp003298,Ord003298,2023-08-26,2023-08-31,Delhivery,244.81,Returned To Origin,5,2023-08
Shp003300,Ord003300,2023-10-31,2023-11-02,Fedex,246.97,Delivered,2,2023-10
Shp003301,Ord003301,2023-02-19,2023-02-23,Ekart,317.12,Delivered,4,2023-02
Shp003302,Ord003302,2024-03-29,2024-04-01,Xpressbees,714.03,Returned To Origin,3,2024-03
Shp003303,Ord003303,2024-09-07,2024-09-13,Delhivery,440.65,Lost,6,2024-09
Shp003304,Ord003304,2023-01-31,2023-02-06,Indiapost,813.23,Lost,6,2023-01
Shp003305,Ord003305,2023-06-12,2023-06-13,Ekart,402.79,Delivered,1,2023-06
Shp003306,Ord003306,2022-09-04,2022-09-07,Ekart,162.11,Returned To Origin,3,2022-09
Shp003307,Ord003307,2023-08-20,2023-08-21,Dtdc,271.08,Lost,1,2023-08
Shp003308,Ord003308,2022-01-03,2022-01-07,Bluedart,864.34,Returned To Origin,4,2022-01
Shp003309,Ord003309,2022-11-19,2022-11-26,Ekart,568.47,Returned To Origin,7,2022-11
Shp003310,Ord003310,2023-04-14,2023-04-17,Ekart,853.55,Lost,3,2023-04
Shp003311,Ord003311,2023-04-20,2023-04-23,Xpressbees,697.16,Delivered,3,2023-04
Shp003312,Ord003312,2024-04-29,2024-05-03,Bluedart,296.24,Returned To Origin,4,2024-04
Shp003313,Ord003313,2022-07-21,2022-07-22,Ekart,423.49,In Transit,1,2022-07
Shp003314,Ord003314,2022-07-21,2022-07-22,Delhivery,678.83,Delayed,1,2022-07
Shp003315,Ord003315,2023-11-03,2023-11-11,Xpressbees,372.06,Delayed,8,2023-11
Shp003318,Ord003318,2023-09-20,2023-09-24,Xpressbees,835.52,Returned To Origin,4,2023-09
Shp003319,Ord003319,2023-12-28,2024-01-04,Fedex,569.51,Lost,7,2023-12
Shp003320,Ord003320,2024-12-04,2024-12-09,Fedex,477.56,Lost,5,2024-12
Shp003321,Ord003321,2022-02-22,2022-03-09,Indiapost,728.33,In Transit,15,2022-02
Shp003322,Ord003322,2022-09-08,2022-09-09,Indiapost,322.93,Returned To Origin,1,2022-09
Shp003323,Ord003323,2024-01-31,2024-02-03,Xpressbees,381.23,Lost,3,2024-01
Shp003324,Ord003324,2022-10-02,2022-10-09,Dtdc,634.11,Delivered,7,2022-10
Shp003325,Ord003325,2023-03-04,2023-03-07,Bluedart,894.48,Delivered,3,2023-03
Shp003326,Ord003326,2023-05-18,2023-06-02,Ekart,602.24,Delivered,15,2023-05
Shp003327,Ord003327,2023-10-17,2023-10-22,Dtdc,621.34,Delivered,5,2023-10
Shp003328,Ord003328,2024-08-31,2024-09-05,Xpressbees,572.48,Delayed,5,2024-08
Shp003329,Ord003329,2023-05-10,2023-05-25,Fedex,734.49,Delayed,15,2023-05
Shp003330,Ord003330,2022-05-29,2022-06-06,Bluedart,827.67,Delayed,8,2022-05
Shp003331,Ord003331,2022-10-07,2022-10-08,Delhivery,204.69,Delivered,1,2022-10
Shp003332,Ord003332,2023-03-21,2023-03-27,Indiapost,779.39,Delayed,6,2023-03
Shp003333,Ord003333,2024-11-23,2024-12-01,Ekart,853.44,In Transit,8,2024-11
Shp003334,Ord003334,2022-09-29,2022-10-02,Indiapost,50.27,Delivered,3,2022-09
Shp003335,Ord003335,2023-03-29,2023-04-02,Bluedart,681.44,Returned To Origin,4,2023-03
Shp003336,Ord003336,2022-02-02,2022-02-12,Ekart,667.34,In Transit,10,2022-02
Shp003337,Ord003337,2023-08-26,2023-08-29,Fedex,178.79,Lost,3,2023-08
Shp003338,Ord003338,2023-10-17,2023-10-19,Fedex,791.24,Delayed,2,2023-10
Shp003339,Ord003339,2022-05-14,2022-05-19,Ekart,720.49,In Transit,5,2022-05
Shp003340,Ord003340,2024-01-18,2024-01-26,Fedex,69.31,Delayed,8,2024-01
Shp003341,Ord003341,2023-03-11,2023-03-19,Indiapost,665.5,Lost,8,2023-03
Shp003342,Ord003342,2024-01-09,2024-01-19,Bluedart,672.04,Delayed,10,2024-01
Shp003343,Ord003343,2023-08-29,2023-08-30,Indiapost,634.8,Delayed,1,2023-08
Shp003344,Ord003344,2023-11-19,2023-11-25,Xpressbees,378.12,Returned To Origin,6,2023-11
Shp003345,Ord003345,2023-09-28,2023-09-30,Indiapost,787.94,Delayed,2,2023-09
Shp003346,Ord003346,2023-07-17,2023-07-18,Bluedart,213.19,Lost,1,2023-07
Shp003347,Ord003347,2023-03-30,2023-04-07,Fedex,378.6,In Transit,8,2023-03
Shp003349,Ord003349,2023-02-17,2023-02-20,Fedex,140.48,Delivered,3,2023-02
Shp003350,Ord003350,2022-08-11,2022-08-26,Fedex,321.54,In Transit,15,2022-08
Shp003351,Ord003351,2024-08-09,2024-08-10,Indiapost,842.93,Returned To Origin,1,2024-08
Shp003352,Ord003352,2022-08-25,2022-08-26,Indiapost,791.98,Returned To Origin,1,2022-08
Shp003353,Ord003353,2022-12-06,2022-12-09,Bluedart,174.65,Lost,3,2022-12
Shp003354,Ord003354,2024-12-07,2024-12-22,Delhivery,608.9,Delivered,15,2024-12
Shp003356,Ord003356,2024-02-27,2024-02-29,Bluedart,815.16,In Transit,2,2024-02
Shp003358,Ord003358,2022-12-19,2022-12-24,Dtdc,143.83,Delayed,5,2022-12
Shp003359,Ord003359,2024-10-20,2024-10-26,Delhivery,852.62,Lost,6,2024-10
Shp003361,Ord003361,2024-08-17,2024-08-22,Ekart,666.97,Delayed,5,2024-08
Shp003362,Ord003362,2023-10-10,2023-10-14,Indiapost,682.28,Lost,4,2023-10
Shp003363,Ord003363,2024-12-23,2025-01-02,Fedex,845.95,In Transit,10,2024-12
Shp003365,Ord003365,2023-03-21,2023-03-31,Xpressbees,201.37,Delayed,10,2023-03
Shp003366,Ord003366,2024-07-05,2024-07-09,Dtdc,162.57,Returned To Origin,4,2024-07
Shp003367,Ord003367,2023-11-18,2023-11-26,Indiapost,546.95,Delivered,8,2023-11
Shp003368,Ord003368,2024-06-12,2024-06-13,Ekart,864.0,Delayed,1,2024-06
Shp003369,Ord003369,2024-11-27,2024-12-03,Xpressbees,330.03,In Transit,6,2024-11
Shp003371,Ord003371,2022-05-14,2022-05-16,Fedex,89.63,Delayed,2,2022-05
Shp003372,Ord003372,2024-11-24,2024-11-26,Xpressbees,818.0,Delivered,2,2024-11
Shp003373,Ord003373,2024-09-12,2024-09-20,Dtdc,476.94,Delivered,8,2024-09
Shp003376,Ord003376,2023-02-16,2023-03-03,Fedex,415.75,In Transit,15,2023-02
Shp003377,Ord003377,2022-04-13,2022-04-23,Xpressbees,488.84,In Transit,10,2022-04
Shp003378,Ord003378,2022-01-06,2022-01-07,Indiapost,546.15,Delayed,1,2022-01
Shp003379,Ord003379,2022-10-05,2022-10-11,Dtdc,523.13,Lost,6,2022-10
Shp003380,Ord003380,2022-12-14,2022-12-21,Delhivery,819.51,Returned To Origin,7,2022-12
Shp003381,Ord003381,2023-10-31,2023-11-15,Bluedart,450.37,Delayed,15,2023-10
Shp003382,Ord003382,2022-11-28,2022-12-05,Bluedart,135.51,Lost,7,2022-11
Shp003383,Ord003383,2023-01-11,2023-01-26,Dtdc,137.31,In Transit,15,2023-01
Shp003385,Ord003385,2022-08-23,2022-08-29,Fedex,146.17,Delivered,6,2022-08
Shp003386,Ord003386,2023-07-04,2023-07-19,Dtdc,262.68,In Transit,15,2023-07
Shp003387,Ord003387,2022-05-29,2022-06-01,Bluedart,562.02,Delivered,3,2022-05
Shp003388,Ord003388,2022-07-26,2022-07-29,Bluedart,696.46,Delivered,3,2022-07
Shp003389,Ord003389,2024-12-31,2025-01-08,Dtdc,826.48,Delivered,8,2024-12
Shp003390,Ord003390,2024-08-13,2024-08-19,Xpressbees,492.73,Delayed,6,2024-08
Shp003392,Ord003392,2023-10-19,2023-10-24,Delhivery,862.93,Delayed,5,2023-10
Shp003393,Ord003393,2024-05-05,2024-05-06,Bluedart,766.81,Delivered,1,2024-05
Shp003394,Ord003394,2022-10-11,2022-10-12,Ekart,549.28,Lost,1,2022-10
Shp003396,Ord003396,2024-01-02,2024-01-05,Indiapost,593.78,Delayed,3,2024-01
Shp003397,Ord003397,2024-04-23,2024-04-29,Fedex,646.41,Returned To Origin,6,2024-04
Shp003398,Ord003398,2024-12-04,2024-12-08,Xpressbees,478.16,Delayed,4,2024-12
Shp003399,Ord003399,2024-09-08,2024-09-09,Fedex,413.24,Delayed,1,2024-09
Shp003400,Ord003400,2023-03-29,2023-04-13,Delhivery,689.8,Returned To Origin,15,2023-03
Shp003401,Ord003401,2023-07-18,2023-07-19,Fedex,325.79,Lost,1,2023-07
Shp003403,Ord003403,2023-06-10,2023-06-25,Delhivery,561.51,Delayed,15,2023-06
Shp003404,Ord003404,2022-02-04,2022-02-12,Ekart,895.35,Delivered,8,2022-02
Shp003405,Ord003405,2023-11-08,2023-11-23,Indiapost,208.9,Returned To Origin,15,2023-11
Shp003407,Ord003407,2024-01-06,2024-01-09,Xpressbees,690.96,Delivered,3,2024-01
Shp003408,Ord003408,2024-01-14,2024-01-24,Xpressbees,276.38,Delivered,10,2024-01
Shp003409,Ord003409,2023-06-14,2023-06-17,Bluedart,546.54,Delayed,3,2023-06
Shp003410,Ord003410,2024-04-30,2024-05-03,Delhivery,837.56,Lost,3,2024-04
Shp003411,Ord003411,2024-08-13,2024-08-28,Xpressbees,734.32,Returned To Origin,15,2024-08
Shp003412,Ord003412,2023-05-11,2023-05-15,Ekart,648.54,Delivered,4,2023-05
Shp003413,Ord003413,2023-02-03,2023-02-09,Xpressbees,755.7,Delayed,6,2023-02
Shp003414,Ord003414,2024-02-21,2024-03-07,Dtdc,186.72,In Transit,15,2024-02
Shp003415,Ord003415,2022-09-14,2022-09-21,Fedex,460.02,Lost,7,2022-09
Shp003416,Ord003416,2023-10-20,2023-10-23,Indiapost,36.13,Delayed,3,2023-10
Shp003417,Ord003417,2024-06-02,2024-06-17,Dtdc,109.24,Returned To Origin,15,2024-06
Shp003418,Ord003418,2024-12-16,2024-12-18,Bluedart,600.0,Lost,2,2024-12
Shp003420,Ord003420,2022-12-13,2022-12-28,Delhivery,769.74,Delayed,15,2022-12
Shp003421,Ord003421,2022-07-13,2022-07-20,Fedex,430.51,In Transit,7,2022-07
Shp003423,Ord003423,2023-12-02,2023-12-05,Delhivery,82.33,Delivered,3,2023-12
Shp003424,Ord003424,2024-10-07,2024-10-13,Xpressbees,459.28,Lost,6,2024-10
Shp003425,Ord003425,2022-12-13,2022-12-16,Ekart,607.97,Delayed,3,2022-12
Shp003428,Ord003428,2023-05-28,2023-05-29,Indiapost,410.8,In Transit,1,2023-05
Shp003429,Ord003429,2022-11-24,2022-11-25,Xpressbees,762.16,In Transit,1,2022-11
Shp003430,Ord003430,2023-03-23,2023-04-02,Fedex,444.41,Lost,10,2023-03
Shp003431,Ord003431,2022-05-20,2022-05-22,Indiapost,898.5,Delayed,2,2022-05
Shp003432,Ord003432,2024-11-11,2024-11-14,Fedex,352.18,Lost,3,2024-11
Shp003433,Ord003433,2022-01-01,2022-01-09,Bluedart,515.19,Lost,8,2022-01
Shp003434,Ord003434,2024-02-23,2024-03-04,Delhivery,502.85,Delayed,10,2024-02
Shp003435,Ord003435,2024-08-17,2024-08-21,Ekart,879.83,Lost,4,2024-08
Shp003438,Ord003438,2023-08-24,2023-08-31,Indiapost,879.74,Delayed,7,2023-08
Shp003439,Ord003439,2024-05-11,2024-05-12,Delhivery,384.43,Delayed,1,2024-05
Shp003440,Ord003440,2024-12-16,2024-12-17,Indiapost,52.25,Delivered,1,2024-12
Shp003441,Ord003441,2024-01-21,2024-01-24,Xpressbees,475.36,Delayed,3,2024-01
Shp003443,Ord003443,2023-04-03,2023-04-06,Fedex,32.61,Returned To Origin,3,2023-04
Shp003444,Ord003444,2024-08-05,2024-08-20,Bluedart,545.83,Delayed,15,2024-08
Shp003445,Ord003445,2023-06-25,2023-07-10,Ekart,471.91,Returned To Origin,15,2023-06
Shp003446,Ord003446,2023-01-06,2023-01-13,Indiapost,180.68,Lost,7,2023-01
Shp003448,Ord003448,2022-01-28,2022-02-03,Ekart,67.8,Lost,6,2022-01
Shp003449,Ord003449,2022-06-16,2022-06-21,Fedex,469.35,Lost,5,2022-06
Shp003450,Ord003450,2024-04-27,2024-05-04,Delhivery,394.78,In Transit,7,2024-04
Shp003451,Ord003451,2024-08-20,2024-08-30,Ekart,155.88,In Transit,10,2024-08
Shp003452,Ord003452,2022-04-23,2022-04-25,Dtdc,740.07,Delayed,2,2022-04
Shp003453,Ord003453,2022-08-07,2022-08-10,Xpressbees,674.6,Delivered,3,2022-08
Shp003454,Ord003454,2022-05-16,2022-05-18,Delhivery,757.47,Delivered,2,2022-05
Shp003455,Ord003455,2022-02-27,2022-02-28,Fedex,435.92,Delayed,1,2022-02
Shp003456,Ord003456,2022-03-21,2022-03-24,Xpressbees,663.79,Returned To Origin,3,2022-03
Shp003457,Ord003457,2022-06-30,2022-07-15,Indiapost,348.01,Delivered,15,2022-06
Shp003458,Ord003458,2023-12-16,2023-12-22,Dtdc,474.93,Returned To Origin,6,2023-12
Shp003459,Ord003459,2023-11-26,2023-12-01,Bluedart,92.61,Delayed,5,2023-11
Shp003460,Ord003460,2023-09-06,2023-09-14,Fedex,158.12,Delayed,8,2023-09
Shp003462,Ord003462,2023-12-31,2024-01-03,Xpressbees,880.1,Returned To Origin,3,2023-12
Shp003463,Ord003463,2023-08-15,2023-08-22,Bluedart,832.65,Returned To Origin,7,2023-08
Shp003464,Ord003464,2022-11-04,2022-11-06,Xpressbees,104.86,Delayed,2,2022-11
Shp003465,Ord003465,2024-12-11,2024-12-19,Fedex,140.38,Returned To Origin,8,2024-12
Shp003466,Ord003466,2023-11-28,2023-12-08,Delhivery,181.83,Delayed,10,2023-11
Shp003468,Ord003468,2022-01-10,2022-01-20,Indiapost,94.37,Lost,10,2022-01
Shp003470,Ord003470,2022-10-08,2022-10-18,Bluedart,268.23,Lost,10,2022-10
Shp003471,Ord003471,2023-06-11,2023-06-19,Ekart,176.83,Delivered,8,2023-06
Shp003472,Ord003472,2022-06-23,2022-06-26,Xpressbees,847.67,Delivered,3,2022-06
Shp003473,Ord003473,2024-08-13,2024-08-16,Delhivery,178.36,Lost,3,2024-08
Shp003475,Ord003475,2022-12-20,2022-12-22,Delhivery,68.57,Delayed,2,2022-12
Shp003477,Ord003477,2024-11-25,2024-11-28,Ekart,863.7,Delayed,3,2024-11
Shp003478,Ord003478,2022-07-02,2022-07-07,Xpressbees,179.61,Lost,5,2022-07
Shp003479,Ord003479,2022-02-21,2022-02-23,Fedex,93.3,Delayed,2,2022-02
Shp003480,Ord003480,2024-01-18,2024-01-28,Ekart,665.01,Lost,10,2024-01
Shp003481,Ord003481,2022-08-26,2022-09-02,Dtdc,113.17,Returned To Origin,7,2022-08
Shp003482,Ord003482,2024-05-25,2024-06-01,Indiapost,74.67,Lost,7,2024-05
Shp003483,Ord003483,2024-08-20,2024-08-30,Fedex,384.92,In Transit,10,2024-08
Shp003484,Ord003484,2023-11-03,2023-11-11,Ekart,50.18,Lost,8,2023-11
Shp003485,Ord003485,2024-02-11,2024-02-13,Delhivery,70.3,Delivered,2,2024-02
Shp003486,Ord003486,2022-08-23,2022-08-29,Ekart,862.0,Delivered,6,2022-08
Shp003488,Ord003488,2023-06-04,2023-06-10,Dtdc,321.33,Delivered,6,2023-06
Shp003490,Ord003490,2022-08-01,2022-08-07,Dtdc,438.23,In Transit,6,2022-08
Shp003491,Ord003491,2023-12-21,2023-12-22,Xpressbees,237.67,Delivered,1,2023-12
Shp003492,Ord003492,2024-08-26,2024-09-02,Xpressbees,684.45,Delayed,7,2024-08
Shp003493,Ord003493,2022-08-28,2022-08-30,Indiapost,337.24,In Transit,2,2022-08
Shp003495,Ord003495,2022-03-14,2022-03-29,Bluedart,270.21,Lost,15,2022-03
Shp003496,Ord003496,2022-09-10,2022-09-13,Delhivery,202.33,Returned To Origin,3,2022-09
Shp003497,Ord003497,2024-01-01,2024-01-05,Indiapost,620.19,Returned To Origin,4,2024-01
Shp003498,Ord003498,2024-12-27,2024-12-30,Dtdc,776.79,Lost,3,2024-12
Shp003499,Ord003499,2024-10-30,2024-11-14,Indiapost,653.99,Delivered,15,2024-10
Shp003500,Ord003500,2024-07-04,2024-07-09,Bluedart,417.24,Delayed,5,2024-07
Shp003501,Ord003501,2023-07-13,2023-07-18,Bluedart,821.68,Delivered,5,2023-07
Shp003502,Ord003502,2023-06-11,2023-06-18,Ekart,658.15,Delivered,7,2023-06
Shp003503,Ord003503,2024-02-13,2024-02-18,Delhivery,68.01,Lost,5,2024-02
Shp003504,Ord003504,2023-04-20,2023-05-05,Delhivery,745.21,In Transit,15,2023-04
Shp003505,Ord003505,2022-03-20,2022-03-23,Dtdc,173.89,Delayed,3,2022-03
Shp003506,Ord003506,2023-06-22,2023-06-25,Ekart,547.63,In Transit,3,2023-06
Shp003507,Ord003507,2023-04-22,2023-04-30,Delhivery,128.94,In Transit,8,2023-04
Shp003508,Ord003508,2024-05-16,2024-05-24,Ekart,770.69,Delayed,8,2024-05
Shp003509,Ord003509,2024-05-25,2024-05-29,Delhivery,116.12,Delivered,4,2024-05
Shp003510,Ord003510,2023-05-25,2023-05-27,Ekart,792.18,Returned To Origin,2,2023-05
Shp003511,Ord003511,2022-11-25,2022-11-29,Xpressbees,247.44,Lost,4,2022-11
Shp003512,Ord003512,2024-07-02,2024-07-04,Dtdc,285.1,Delivered,2,2024-07
Shp003513,Ord003513,2024-02-01,2024-02-04,Delhivery,428.67,Delivered,3,2024-02
Shp003515,Ord003515,2024-10-10,2024-10-15,Delhivery,423.74,Lost,5,2024-10
Shp003516,Ord003516,2023-05-24,2023-05-31,Bluedart,872.97,Delayed,7,2023-05
Shp003519,Ord003519,2022-06-07,2022-06-13,Bluedart,462.21,Lost,6,2022-06
Shp003520,Ord003520,2023-12-31,2024-01-05,Bluedart,368.85,Delivered,5,2023-12
Shp003521,Ord003521,2022-10-04,2022-10-10,Ekart,697.89,Delayed,6,2022-10
Shp003522,Ord003522,2022-05-01,2022-05-06,Ekart,828.11,Delayed,5,2022-05
Shp003523,Ord003523,2022-03-13,2022-03-16,Ekart,499.79,In Transit,3,2022-03
Shp003524,Ord003524,2023-11-21,2023-11-24,Ekart,197.55,Returned To Origin,3,2023-11
Shp003525,Ord003525,2024-04-18,2024-04-28,Ekart,553.07,In Transit,10,2024-04
Shp003526,Ord003526,2024-08-12,2024-08-13,Ekart,104.31,Lost,1,2024-08
Shp003527,Ord003527,2024-02-02,2024-02-10,Dtdc,288.0,Delivered,8,2024-02
Shp003528,Ord003528,2024-12-13,2024-12-23,Xpressbees,296.03,Returned To Origin,10,2024-12
Shp003529,Ord003529,2023-02-24,2023-02-28,Xpressbees,487.06,Delivered,4,2023-02
Shp003531,Ord003531,2022-03-15,2022-03-20,Bluedart,36.53,In Transit,5,2022-03
Shp003532,Ord003532,2023-12-27,2024-01-03,Bluedart,467.14,Returned To Origin,7,2023-12
Shp003533,Ord003533,2024-01-02,2024-01-06,Xpressbees,763.49,Lost,4,2024-01
Shp003535,Ord003535,2022-02-08,2022-02-11,Dtdc,372.18,Lost,3,2022-02
Shp003536,Ord003536,2023-05-16,2023-05-26,Delhivery,611.9,Returned To Origin,10,2023-05
Shp003537,Ord003537,2023-09-08,2023-09-11,Xpressbees,769.73,In Transit,3,2023-09
Shp003538,Ord003538,2024-03-27,2024-03-30,Dtdc,573.27,Lost,3,2024-03
Shp003539,Ord003539,2022-07-28,2022-08-07,Fedex,892.82,Delivered,10,2022-07
Shp003541,Ord003541,2022-05-21,2022-05-24,Delhivery,557.73,In Transit,3,2022-05
Shp003542,Ord003542,2023-11-28,2023-12-04,Xpressbees,188.94,In Transit,6,2023-11
Shp003543,Ord003543,2022-09-16,2022-09-23,Dtdc,881.91,Delivered,7,2022-09
Shp003544,Ord003544,2023-10-18,2023-10-24,Xpressbees,753.36,Returned To Origin,6,2023-10
Shp003545,Ord003545,2023-06-03,2023-06-11,Ekart,348.05,Returned To Origin,8,2023-06
Shp003546,Ord003546,2022-06-30,2022-07-10,Delhivery,591.79,Delayed,10,2022-06
Shp003548,Ord003548,2022-11-07,2022-11-14,Ekart,89.93,Lost,7,2022-11
Shp003552,Ord003552,2022-06-01,2022-06-08,Ekart,818.99,Lost,7,2022-06
Shp003553,Ord003553,2022-07-06,2022-07-07,Xpressbees,622.76,Lost,1,2022-07
Shp003554,Ord003554,2022-11-11,2022-11-21,Indiapost,707.84,Returned To Origin,10,2022-11
Shp003555,Ord003555,2023-10-16,2023-10-18,Fedex,857.92,Delayed,2,2023-10
Shp003556,Ord003556,2023-05-30,2023-06-09,Ekart,755.46,Returned To Origin,10,2023-05
Shp003557,Ord003557,2022-12-18,2022-12-22,Fedex,149.35,Delivered,4,2022-12
Shp003558,Ord003558,2022-04-25,2022-04-28,Indiapost,557.47,In Transit,3,2022-04
Shp003560,Ord003560,2024-04-05,2024-04-15,Dtdc,104.21,In Transit,10,2024-04
Shp003562,Ord003562,2023-06-25,2023-06-28,Indiapost,862.0,Lost,3,2023-06
Shp003563,Ord003563,2024-12-14,2024-12-16,Bluedart,713.1,Delivered,2,2024-12
Shp003564,Ord003564,2023-10-14,2023-10-20,Fedex,148.09,Delayed,6,2023-10
Shp003565,Ord003565,2023-01-06,2023-01-07,Indiapost,366.59,Lost,1,2023-01
Shp003566,Ord003566,2022-02-18,2022-02-19,Bluedart,674.43,In Transit,1,2022-02
Shp003567,Ord003567,2023-07-04,2023-07-12,Indiapost,421.03,Returned To Origin,8,2023-07
Shp003568,Ord003568,2023-07-28,2023-07-31,Indiapost,328.09,Lost,3,2023-07
Shp003569,Ord003569,2023-03-06,2023-03-09,Xpressbees,811.43,Delivered,3,2023-03
Shp003571,Ord003571,2024-02-02,2024-02-10,Ekart,328.39,Delayed,8,2024-02
Shp003572,Ord003572,2023-01-05,2023-01-20,Ekart,850.54,Delayed,15,2023-01
Shp003574,Ord003574,2023-06-11,2023-06-12,Delhivery,360.44,Lost,1,2023-06
Shp003575,Ord003575,2024-07-17,2024-07-20,Bluedart,702.16,Lost,3,2024-07
Shp003576,Ord003576,2024-07-22,2024-08-01,Bluedart,499.33,In Transit,10,2024-07
Shp003577,Ord003577,2022-10-14,2022-10-19,Indiapost,300.86,Delivered,5,2022-10
Shp003578,Ord003578,2023-07-26,2023-07-29,Delhivery,432.76,Lost,3,2023-07
Shp003579,Ord003579,2022-08-16,2022-08-22,Ekart,367.28,Delivered,6,2022-08
Shp003581,Ord003581,2024-05-30,2024-06-01,Indiapost,869.07,Lost,2,2024-05
Shp003582,Ord003582,2022-07-09,2022-07-24,Fedex,681.74,Delayed,15,2022-07
Shp003583,Ord003583,2023-06-06,2023-06-09,Delhivery,235.54,Delayed,3,2023-06
Shp003584,Ord003584,2022-10-26,2022-10-27,Bluedart,799.71,In Transit,1,2022-10
Shp003586,Ord003586,2022-12-20,2022-12-21,Indiapost,117.8,Delivered,1,2022-12
Shp003587,Ord003587,2022-07-26,2022-07-29,Delhivery,560.73,In Transit,3,2022-07
Shp003588,Ord003588,2022-08-19,2022-08-22,Ekart,552.44,Delayed,3,2022-08
Shp003590,Ord003590,2024-11-20,2024-11-28,Ekart,792.78,Delayed,8,2024-11
Shp003591,Ord003591,2023-11-06,2023-11-11,Xpressbees,403.72,Delivered,5,2023-11
Shp003593,Ord003593,2022-04-25,2022-04-29,Xpressbees,770.03,Lost,4,2022-04
Shp003594,Ord003594,2022-11-01,2022-11-02,Bluedart,722.11,Delivered,1,2022-11
Shp003595,Ord003595,2022-07-05,2022-07-06,Indiapost,57.81,Delayed,1,2022-07
Shp003596,Ord003596,2024-05-15,2024-05-22,Ekart,584.78,In Transit,7,2024-05
Shp003597,Ord003597,2022-03-01,2022-03-08,Delhivery,238.1,Lost,7,2022-03
Shp003598,Ord003598,2023-05-16,2023-05-19,Xpressbees,678.77,Returned To Origin,3,2023-05
Shp003599,Ord003599,2022-10-15,2022-10-25,Bluedart,826.57,In Transit,10,2022-10
Shp003601,Ord003601,2023-05-29,2023-05-30,Dtdc,771.92,In Transit,1,2023-05
Shp003602,Ord003602,2024-04-19,2024-04-20,Indiapost,535.16,Returned To Origin,1,2024-04
Shp003603,Ord003603,2024-08-25,2024-08-26,Dtdc,669.83,Delayed,1,2024-08
Shp003604,Ord003604,2022-11-08,2022-11-13,Fedex,459.0,Delayed,5,2022-11
Shp003605,Ord003605,2023-03-29,2023-04-01,Delhivery,816.73,Lost,3,2023-03
Shp003606,Ord003606,2024-01-15,2024-01-18,Xpressbees,766.74,Returned To Origin,3,2024-01
Shp003608,Ord003608,2023-10-05,2023-10-08,Indiapost,166.32,Lost,3,2023-10
Shp003609,Ord003609,2024-06-23,2024-07-01,Bluedart,803.81,In Transit,8,2024-06
Shp003611,Ord003611,2023-12-04,2023-12-10,Indiapost,547.29,Delayed,6,2023-12
Shp003612,Ord003612,2024-11-09,2024-11-17,Fedex,650.79,Lost,8,2024-11
Shp003613,Ord003613,2023-02-07,2023-02-17,Indiapost,277.85,Delayed,10,2023-02
Shp003614,Ord003614,2023-03-17,2023-03-23,Bluedart,103.24,Delivered,6,2023-03
Shp003615,Ord003615,2022-01-28,2022-01-31,Ekart,351.14,Delivered,3,2022-01
Shp003616,Ord003616,2022-09-23,2022-10-03,Indiapost,64.14,Delayed,10,2022-09
Shp003617,Ord003617,2022-06-26,2022-07-02,Dtdc,898.88,Returned To Origin,6,2022-06
Shp003618,Ord003618,2022-10-28,2022-11-01,Fedex,343.33,Lost,4,2022-10
Shp003619,Ord003619,2023-03-24,2023-03-26,Indiapost,708.3,In Transit,2,2023-03
Shp003620,Ord003620,2024-05-22,2024-05-25,Indiapost,235.42,Lost,3,2024-05
Shp003621,Ord003621,2024-08-30,2024-09-09,Ekart,504.04,Delivered,10,2024-08
Shp003622,Ord003622,2023-06-13,2023-06-16,Bluedart,359.92,Lost,3,2023-06
Shp003623,Ord003623,2022-01-14,2022-01-22,Ekart,552.55,Returned To Origin,8,2022-01
Shp003624,Ord003624,2024-06-02,2024-06-05,Dtdc,342.84,In Transit,3,2024-06
Shp003625,Ord003625,2023-12-03,2023-12-10,Indiapost,377.22,Lost,7,2023-12
Shp003626,Ord003626,2024-01-10,2024-01-15,Fedex,736.84,Delayed,5,2024-01
Shp003627,Ord003627,2022-05-09,2022-05-24,Indiapost,341.91,In Transit,15,2022-05
Shp003628,Ord003628,2022-11-13,2022-11-14,Delhivery,315.22,Lost,1,2022-11
Shp003629,Ord003629,2022-05-24,2022-06-03,Bluedart,586.54,In Transit,10,2022-05
Shp003630,Ord003630,2024-06-30,2024-07-01,Xpressbees,636.55,Returned To Origin,1,2024-06
Shp003631,Ord003631,2023-04-07,2023-04-08,Dtdc,645.1,Delayed,1,2023-04
Shp003632,Ord003632,2023-04-22,2023-04-30,Delhivery,676.5,Delayed,8,2023-04
Shp003633,Ord003633,2024-03-07,2024-03-15,Fedex,62.89,In Transit,8,2024-03
Shp003634,Ord003634,2024-09-26,2024-10-02,Dtdc,520.66,Returned To Origin,6,2024-09
Shp003635,Ord003635,2023-12-06,2023-12-12,Fedex,44.39,Lost,6,2023-12
Shp003636,Ord003636,2022-05-21,2022-06-05,Dtdc,403.3,Delivered,15,2022-05
Shp003637,Ord003637,2022-12-27,2022-12-29,Indiapost,549.53,Delayed,2,2022-12
Shp003638,Ord003638,2023-02-22,2023-03-04,Delhivery,540.17,Delivered,10,2023-02
Shp003639,Ord003639,2022-02-14,2022-02-15,Bluedart,798.08,Lost,1,2022-02
Shp003640,Ord003640,2024-09-09,2024-09-12,Fedex,785.65,Lost,3,2024-09
Shp003642,Ord003642,2024-02-11,2024-02-19,Ekart,840.45,Delayed,8,2024-02
Shp003643,Ord003643,2024-02-10,2024-02-11,Dtdc,864.31,Delayed,1,2024-02
Shp003645,Ord003645,2024-03-30,2024-04-02,Bluedart,468.11,Delayed,3,2024-03
Shp003646,Ord003646,2022-04-07,2022-04-08,Fedex,634.51,Delivered,1,2022-04
Shp003647,Ord003647,2023-06-19,2023-07-04,Ekart,301.46,Returned To Origin,15,2023-06
Shp003648,Ord003648,2022-12-14,2022-12-22,Bluedart,813.6,In Transit,8,2022-12
Shp003650,Ord003650,2022-12-21,2022-12-23,Bluedart,280.93,Delivered,2,2022-12
Shp003651,Ord003651,2023-12-20,2023-12-22,Ekart,742.93,Delayed,2,2023-12
Shp003652,Ord003652,2024-03-09,2024-03-17,Fedex,56.58,Returned To Origin,8,2024-03
Shp003653,Ord003653,2022-04-12,2022-04-15,Xpressbees,503.32,Lost,3,2022-04
Shp003655,Ord003655,2024-02-29,2024-03-05,Xpressbees,346.66,Lost,5,2024-02
Shp003657,Ord003657,2022-03-23,2022-03-26,Xpressbees,833.15,Delayed,3,2022-03
Shp003658,Ord003658,2022-05-17,2022-05-21,Dtdc,778.98,In Transit,4,2022-05
Shp003659,Ord003659,2023-11-23,2023-11-28,Delhivery,281.72,Delivered,5,2023-11
Shp003660,Ord003660,2022-04-17,2022-04-20,Delhivery,219.83,Returned To Origin,3,2022-04
Shp003661,Ord003661,2022-12-17,2022-12-25,Xpressbees,381.74,Delivered,8,2022-12
Shp003662,Ord003662,2023-12-17,2023-12-25,Delhivery,545.71,In Transit,8,2023-12
Shp003664,Ord003664,2022-02-05,2022-02-07,Delhivery,424.65,In Transit,2,2022-02
Shp003665,Ord003665,2022-10-01,2022-10-03,Ekart,97.69,Lost,2,2022-10
Shp003666,Ord003666,2022-05-24,2022-06-08,Fedex,257.71,Delivered,15,2022-05
Shp003667,Ord003667,2024-10-18,2024-10-24,Fedex,105.98,Returned To Origin,6,2024-10
Shp003668,Ord003668,2024-04-08,2024-04-14,Fedex,742.05,Lost,6,2024-04
Shp003669,Ord003669,2023-07-04,2023-07-05,Indiapost,109.32,Delayed,1,2023-07
Shp003671,Ord003671,2024-02-28,2024-03-02,Fedex,364.63,Delivered,3,2024-02
Shp003672,Ord003672,2022-09-25,2022-09-27,Xpressbees,435.68,Returned To Origin,2,2022-09
Shp003673,Ord003673,2024-03-28,2024-03-31,Indiapost,253.76,Delayed,3,2024-03
Shp003674,Ord003674,2023-12-16,2023-12-31,Delhivery,889.05,Delivered,15,2023-12
Shp003675,Ord003675,2024-06-20,2024-07-05,Bluedart,379.56,Delivered,15,2024-06
Shp003676,Ord003676,2022-02-08,2022-02-12,Xpressbees,442.31,Delayed,4,2022-02
Shp003677,Ord003677,2023-01-28,2023-02-03,Delhivery,260.95,Delayed,6,2023-01
Shp003678,Ord003678,2023-05-24,2023-05-30,Indiapost,421.39,Delivered,6,2023-05
Shp003679,Ord003679,2023-01-26,2023-01-31,Indiapost,233.47,Returned To Origin,5,2023-01
Shp003680,Ord003680,2022-12-01,2022-12-07,Indiapost,187.95,Delayed,6,2022-12
Shp003681,Ord003681,2022-04-06,2022-04-14,Fedex,97.55,In Transit,8,2022-04
Shp003682,Ord003682,2023-06-21,2023-06-25,Bluedart,654.99,Delayed,4,2023-06
Shp003683,Ord003683,2024-12-13,2024-12-21,Fedex,404.33,Returned To Origin,8,2024-12
Shp003684,Ord003684,2023-04-13,2023-04-18,Delhivery,266.48,In Transit,5,2023-04
Shp003685,Ord003685,2022-11-16,2022-11-19,Bluedart,48.66,Returned To Origin,3,2022-11
Shp003686,Ord003686,2024-08-16,2024-08-31,Delhivery,220.57,In Transit,15,2024-08
Shp003687,Ord003687,2022-08-18,2022-08-23,Indiapost,480.5,Delivered,5,2022-08
Shp003688,Ord003688,2023-08-05,2023-08-06,Indiapost,153.78,Lost,1,2023-08
Shp003689,Ord003689,2024-04-10,2024-04-13,Xpressbees,309.98,Delivered,3,2024-04
Shp003690,Ord003690,2024-06-28,2024-06-30,Xpressbees,494.9,In Transit,2,2024-06
Shp003691,Ord003691,2022-09-21,2022-09-24,Fedex,224.06,Delayed,3,2022-09
Shp003692,Ord003692,2023-03-13,2023-03-21,Dtdc,505.45,Lost,8,2023-03
Shp003693,Ord003693,2023-11-06,2023-11-13,Bluedart,74.72,Returned To Origin,7,2023-11
Shp003694,Ord003694,2024-09-18,2024-09-26,Indiapost,402.34,Delayed,8,2024-09
Shp003695,Ord003695,2023-05-18,2023-05-22,Ekart,642.23,Lost,4,2023-05
Shp003696,Ord003696,2024-08-11,2024-08-12,Ekart,307.77,In Transit,1,2024-08
Shp003697,Ord003697,2024-03-21,2024-03-28,Bluedart,309.67,Returned To Origin,7,2024-03
Shp003698,Ord003698,2022-03-17,2022-03-25,Indiapost,472.22,In Transit,8,2022-03
Shp003699,Ord003699,2024-05-08,2024-05-09,Dtdc,436.98,Returned To Origin,1,2024-05
Shp003700,Ord003700,2024-04-02,2024-04-03,Dtdc,38.65,Returned To Origin,1,2024-04
Shp003701,Ord003701,2024-03-21,2024-03-29,Dtdc,80.9,In Transit,8,2024-03
Shp003702,Ord003702,2022-06-12,2022-06-19,Dtdc,413.13,Lost,7,2022-06
Shp003703,Ord003703,2023-02-17,2023-02-20,Xpressbees,141.0,Returned To Origin,3,2023-02
Shp003704,Ord003704,2024-11-16,2024-11-21,Xpressbees,286.14,Delayed,5,2024-11
Shp003705,Ord003705,2022-05-16,2022-05-23,Fedex,487.1,Lost,7,2022-05
Shp003706,Ord003706,2022-11-16,2022-11-19,Fedex,190.88,Returned To Origin,3,2022-11
Shp003707,Ord003707,2023-05-16,2023-05-18,Fedex,896.04,Lost,2,2023-05
Shp003709,Ord003709,2023-11-29,2023-11-30,Delhivery,821.0,In Transit,1,2023-11
Shp003710,Ord003710,2024-12-28,2025-01-04,Xpressbees,340.43,Delivered,7,2024-12
Shp003711,Ord003711,2024-01-07,2024-01-17,Indiapost,559.23,Lost,10,2024-01
Shp003712,Ord003712,2024-04-03,2024-04-06,Ekart,36.61,Lost,3,2024-04
Shp003713,Ord003713,2023-04-18,2023-04-21,Indiapost,650.89,Returned To Origin,3,2023-04
Shp003714,Ord003714,2022-09-23,2022-09-30,Bluedart,754.65,Delivered,7,2022-09
Shp003715,Ord003715,2024-05-29,2024-06-04,Bluedart,95.14,Returned To Origin,6,2024-05
Shp003716,Ord003716,2023-12-10,2023-12-25,Delhivery,575.76,Lost,15,2023-12
Shp003717,Ord003717,2023-10-07,2023-10-11,Delhivery,895.87,Delayed,4,2023-10
Shp003718,Ord003718,2024-07-26,2024-07-31,Dtdc,125.18,Delayed,5,2024-07
Shp003719,Ord003719,2022-09-09,2022-09-17,Dtdc,274.88,Delivered,8,2022-09
Shp003720,Ord003720,2022-07-27,2022-08-06,Indiapost,551.82,In Transit,10,2022-07
Shp003721,Ord003721,2024-09-10,2024-09-20,Ekart,885.63,Delivered,10,2024-09
Shp003723,Ord003723,2024-05-21,2024-05-26,Xpressbees,317.54,Lost,5,2024-05
Shp003724,Ord003724,2024-10-19,2024-10-24,Dtdc,679.39,Returned To Origin,5,2024-10
Shp003725,Ord003725,2023-12-06,2023-12-10,Ekart,80.45,Delayed,4,2023-12
Shp003726,Ord003726,2022-04-30,2022-05-01,Ekart,50.32,Delayed,1,2022-04
Shp003728,Ord003728,2024-08-30,2024-09-02,Ekart,157.92,Delivered,3,2024-08
Shp003730,Ord003730,2023-01-30,2023-02-04,Bluedart,457.41,In Transit,5,2023-01
Shp003732,Ord003732,2023-07-06,2023-07-07,Dtdc,744.72,Lost,1,2023-07
Shp003734,Ord003734,2022-04-27,2022-05-01,Bluedart,325.27,In Transit,4,2022-04
Shp003735,Ord003735,2024-08-17,2024-08-27,Fedex,477.06,In Transit,10,2024-08
Shp003736,Ord003736,2024-10-10,2024-10-16,Bluedart,191.11,Returned To Origin,6,2024-10
Shp003737,Ord003737,2022-09-13,2022-09-23,Indiapost,334.28,Returned To Origin,10,2022-09
Shp003740,Ord003740,2024-10-14,2024-10-24,Xpressbees,130.59,Lost,10,2024-10
Shp003741,Ord003741,2024-04-10,2024-04-25,Delhivery,184.7,Returned To Origin,15,2024-04
Shp003742,Ord003742,2024-08-18,2024-08-24,Ekart,168.76,Lost,6,2024-08
Shp003743,Ord003743,2022-12-30,2023-01-05,Indiapost,377.02,Delayed,6,2022-12
Shp003744,Ord003744,2024-09-03,2024-09-05,Fedex,810.49,Delivered,2,2024-09
Shp003745,Ord003745,2023-04-08,2023-04-11,Ekart,597.67,Lost,3,2023-04
Shp003747,Ord003747,2022-11-13,2022-11-16,Indiapost,606.86,Delayed,3,2022-11
Shp003748,Ord003748,2024-11-10,2024-11-20,Ekart,846.85,Lost,10,2024-11
Shp003749,Ord003749,2022-12-19,2022-12-21,Ekart,262.73,Returned To Origin,2,2022-12
Shp003750,Ord003750,2024-06-23,2024-06-26,Ekart,476.68,Delayed,3,2024-06
Shp003751,Ord003751,2024-09-06,2024-09-14,Dtdc,815.34,Returned To Origin,8,2024-09
Shp003752,Ord003752,2023-02-07,2023-02-15,Indiapost,427.16,Delivered,8,2023-02
Shp003753,Ord003753,2024-04-07,2024-04-10,Indiapost,,Returned To Origin,3,2024-04
Shp003754,Ord003754,2023-02-23,2023-02-26,Delhivery,439.31,In Transit,3,2023-02
Shp003755,Ord003755,2022-08-17,2022-08-22,Delhivery,513.04,In Transit,5,2022-08
Shp003756,Ord003756,2023-07-22,2023-07-25,Delhivery,232.53,Delayed,3,2023-07
Shp003757,Ord003757,2024-01-01,2024-01-05,Indiapost,665.4,Lost,4,2024-01
Shp003758,Ord003758,2022-01-07,2022-01-13,Bluedart,588.93,Lost,6,2022-01
Shp003759,Ord003759,2024-10-17,2024-10-27,Delhivery,598.57,Delivered,10,2024-10
Shp003760,Ord003760,2023-10-15,2023-10-22,Delhivery,203.81,Returned To Origin,7,2023-10
Shp003761,Ord003761,2024-10-05,2024-10-08,Xpressbees,775.88,Lost,3,2024-10
Shp003762,Ord003762,2023-10-24,2023-10-29,Ekart,554.53,In Transit,5,2023-10
Shp003763,Ord003763,2022-02-07,2022-02-13,Ekart,31.33,Lost,6,2022-02
Shp003764,Ord003764,2023-01-15,2023-01-25,Indiapost,123.09,Delayed,10,2023-01
Shp003765,Ord003765,2023-01-20,2023-01-26,Xpressbees,393.51,Returned To Origin,6,2023-01
Shp003766,Ord003766,2024-12-22,2024-12-27,Bluedart,292.81,Returned To Origin,5,2024-12
Shp003767,Ord003767,2023-07-04,2023-07-07,Fedex,365.4,In Transit,3,2023-07
Shp003768,Ord003768,2023-12-03,2023-12-05,Indiapost,468.7,Returned To Origin,2,2023-12
Shp003769,Ord003769,2022-05-04,2022-05-14,Xpressbees,201.61,In Transit,10,2022-05
Shp003770,Ord003770,2024-03-24,2024-03-26,Dtdc,637.8,Delayed,2,2024-03
Shp003771,Ord003771,2023-02-18,2023-02-28,Bluedart,437.4,Lost,10,2023-02
Shp003772,Ord003772,2024-08-07,2024-08-11,Dtdc,197.75,Lost,4,2024-08
Shp003774,Ord003774,2022-01-28,2022-02-07,Delhivery,211.01,Lost,10,2022-01
Shp003775,Ord003775,2022-06-10,2022-06-20,Indiapost,525.45,Delivered,10,2022-06
Shp003776,Ord003776,2022-07-30,2022-08-05,Delhivery,432.43,Delayed,6,2022-07
Shp003777,Ord003777,2022-06-24,2022-07-02,Dtdc,515.28,Delivered,8,2022-06
Shp003779,Ord003779,2024-02-04,2024-02-08,Ekart,95.17,In Transit,4,2024-02
Shp003780,Ord003780,2023-03-03,2023-03-04,Xpressbees,283.44,Returned To Origin,1,2023-03
Shp003782,Ord003782,2022-07-23,2022-07-26,Ekart,476.28,Delayed,3,2022-07
Shp003783,Ord003783,2024-07-21,2024-07-28,Ekart,283.34,Returned To Origin,7,2024-07
Shp003784,Ord003784,2022-03-17,2022-03-21,Dtdc,190.82,In Transit,4,2022-03
Shp003785,Ord003785,2024-02-08,2024-02-12,Bluedart,564.55,Delayed,4,2024-02
Shp003786,Ord003786,2023-12-10,2023-12-25,Ekart,771.39,In Transit,15,2023-12
Shp003787,Ord003787,2022-07-24,2022-08-01,Dtdc,398.73,Delivered,8,2022-07
Shp003788,Ord003788,2022-07-21,2022-07-23,Bluedart,332.13,In Transit,2,2022-07
Shp003789,Ord003789,2022-07-13,2022-07-14,Indiapost,152.18,Delayed,1,2022-07
Shp003790,Ord003790,2024-09-28,2024-10-02,Indiapost,170.96,In Transit,4,2024-09
Shp003791,Ord003791,2024-10-27,2024-10-28,Fedex,346.91,Lost,1,2024-10
Shp003792,Ord003792,2023-05-17,2023-05-20,Fedex,318.4,Returned To Origin,3,2023-05
Shp003794,Ord003794,2023-05-21,2023-05-25,Delhivery,99.75,Lost,4,2023-05
Shp003795,Ord003795,2024-03-17,2024-03-23,Fedex,598.52,Returned To Origin,6,2024-03
Shp003797,Ord003797,2022-05-28,2022-05-29,Ekart,208.13,Returned To Origin,1,2022-05
Shp003798,Ord003798,2022-10-29,2022-11-03,Indiapost,886.87,In Transit,5,2022-10
Shp003799,Ord003799,2024-09-22,2024-09-25,Indiapost,577.22,In Transit,3,2024-09
Shp003800,Ord003800,2022-10-01,2022-10-09,Indiapost,58.84,In Transit,8,2022-10
Shp003801,Ord003801,2024-04-28,2024-05-13,Bluedart,830.96,Delivered,15,2024-04
Shp003802,Ord003802,2024-11-26,2024-11-28,Fedex,460.98,In Transit,2,2024-11
Shp003803,Ord003803,2022-06-17,2022-06-23,Indiapost,223.05,Lost,6,2022-06
Shp003804,Ord003804,2022-06-15,2022-06-20,Delhivery,398.76,Lost,5,2022-06
Shp003805,Ord003805,2023-04-10,2023-04-13,Delhivery,893.76,Returned To Origin,3,2023-04
Shp003806,Ord003806,2024-09-10,2024-09-15,Dtdc,421.95,Delivered,5,2024-09
Shp003807,Ord003807,2024-12-16,2024-12-22,Fedex,565.08,Delayed,6,2024-12
Shp003809,Ord003809,2024-05-07,2024-05-15,Indiapost,555.9,In Transit,8,2024-05
Shp003810,Ord003810,2024-02-16,2024-02-23,Dtdc,686.89,Delivered,7,2024-02
Shp003811,Ord003811,2024-09-21,2024-09-24,Xpressbees,430.81,Lost,3,2024-09
Shp003812,Ord003812,2023-09-10,2023-09-11,Indiapost,727.25,Delayed,1,2023-09
Shp003814,Ord003814,2024-08-04,2024-08-11,Fedex,195.14,In Transit,7,2024-08
Shp003815,Ord003815,2022-10-29,2022-11-05,Fedex,129.28,In Transit,7,2022-10
Shp003817,Ord003817,2022-11-22,2022-12-07,Delhivery,441.4,Delayed,15,2022-11
Shp003818,Ord003818,2023-01-14,2023-01-19,Dtdc,170.96,Returned To Origin,5,2023-01
Shp003819,Ord003819,2024-05-14,2024-05-19,Delhivery,599.33,Lost,5,2024-05
Shp003820,Ord003820,2023-06-02,2023-06-05,Indiapost,697.1,Delayed,3,2023-06
Shp003821,Ord003821,2022-05-09,2022-05-15,Ekart,359.75,Returned To Origin,6,2022-05
Shp003822,Ord003822,2022-03-14,2022-03-24,Fedex,352.26,Delivered,10,2022-03
Shp003823,Ord003823,2022-10-01,2022-10-04,Ekart,474.94,Delivered,3,2022-10
Shp003824,Ord003824,2023-10-21,2023-11-05,Fedex,109.84,Returned To Origin,15,2023-10
Shp003825,Ord003825,2022-10-11,2022-10-21,Dtdc,581.9,Lost,10,2022-10
Shp003826,Ord003826,2024-12-24,2025-01-03,Bluedart,463.52,Lost,10,2024-12
Shp003827,Ord003827,2024-01-20,2024-01-23,Fedex,201.87,Returned To Origin,3,2024-01
Shp003829,Ord003829,2022-10-11,2022-10-13,Xpressbees,685.61,Delayed,2,2022-10
Shp003830,Ord003830,2024-02-20,2024-02-24,Ekart,135.36,Delivered,4,2024-02
Shp003831,Ord003831,2023-10-18,2023-10-24,Dtdc,196.02,Delivered,6,2023-10
Shp003832,Ord003832,2024-01-13,2024-01-15,Dtdc,639.44,Returned To Origin,2,2024-01
Shp003833,Ord003833,2024-11-25,2024-12-10,Fedex,419.98,Delivered,15,2024-11
Shp003834,Ord003834,2023-11-02,2023-11-05,Fedex,778.97,Returned To Origin,3,2023-11
Shp003835,Ord003835,2023-10-30,2023-11-02,Dtdc,840.28,Returned To Origin,3,2023-10
Shp003836,Ord003836,2022-07-18,2022-08-02,Dtdc,135.89,Lost,15,2022-07
Shp003837,Ord003837,2023-02-05,2023-02-11,Bluedart,659.61,Delivered,6,2023-02
Shp003838,Ord003838,2023-10-15,2023-10-19,Ekart,545.37,In Transit,4,2023-10
Shp003840,Ord003840,2023-07-06,2023-07-14,Indiapost,400.61,Delayed,8,2023-07
Shp003841,Ord003841,2024-08-11,2024-08-14,Xpressbees,502.72,Delivered,3,2024-08
Shp003842,Ord003842,2023-03-27,2023-03-28,Bluedart,270.96,In Transit,1,2023-03
Shp003843,Ord003843,2022-06-26,2022-07-02,Ekart,108.14,Delivered,6,2022-06
Shp003844,Ord003844,2024-03-15,2024-03-21,Xpressbees,204.16,Lost,6,2024-03
Shp003845,Ord003845,2024-10-21,2024-10-28,Xpressbees,223.16,Returned To Origin,7,2024-10
Shp003846,Ord003846,2022-01-19,2022-01-22,Fedex,777.48,In Transit,3,2022-01
Shp003847,Ord003847,2024-05-24,2024-05-27,Bluedart,428.0,Delayed,3,2024-05
Shp003848,Ord003848,2023-03-08,2023-03-23,Bluedart,753.15,In Transit,15,2023-03
Shp003849,Ord003849,2024-02-18,2024-02-26,Xpressbees,855.29,Returned To Origin,8,2024-02
Shp003850,Ord003850,2022-04-23,2022-04-29,Dtdc,802.74,Returned To Origin,6,2022-04
Shp003851,Ord003851,2024-09-20,2024-10-05,Xpressbees,777.85,Lost,15,2024-09
Shp003852,Ord003852,2023-01-23,2023-01-24,Xpressbees,411.27,Returned To Origin,1,2023-01
Shp003853,Ord003853,2022-12-20,2023-01-04,Fedex,521.1,Delayed,15,2022-12
Shp003854,Ord003854,2022-04-30,2022-05-15,Ekart,584.82,Returned To Origin,15,2022-04
Shp003856,Ord003856,2022-07-28,2022-08-03,Indiapost,528.57,Delivered,6,2022-07
Shp003859,Ord003859,2024-09-08,2024-09-14,Bluedart,320.21,In Transit,6,2024-09
Shp003860,Ord003860,2023-07-22,2023-07-24,Fedex,489.24,Delayed,2,2023-07
Shp003861,Ord003861,2024-08-23,2024-08-24,Indiapost,86.23,In Transit,1,2024-08
Shp003862,Ord003862,2022-01-20,2022-01-21,Dtdc,420.29,In Transit,1,2022-01
Shp003863,Ord003863,2024-04-08,2024-04-14,Bluedart,277.86,Lost,6,2024-04
Shp003865,Ord003865,2023-01-07,2023-01-17,Dtdc,260.15,Returned To Origin,10,2023-01
Shp003866,Ord003866,2023-02-15,2023-02-19,Fedex,851.01,In Transit,4,2023-02
Shp003867,Ord003867,2023-10-10,2023-10-11,Ekart,532.19,Delayed,1,2023-10
Shp003869,Ord003869,2024-07-16,2024-07-18,Delhivery,326.7,Delivered,2,2024-07
Shp003870,Ord003870,2022-02-02,2022-02-06,Dtdc,78.96,Returned To Origin,4,2022-02
Shp003872,Ord003872,2023-07-17,2023-07-20,Indiapost,579.83,Delayed,3,2023-07
Shp003874,Ord003874,2024-10-07,2024-10-10,Indiapost,260.48,Delivered,3,2024-10
Shp003875,Ord003875,2023-02-09,2023-02-15,Bluedart,700.49,Delivered,6,2023-02
Shp003877,Ord003877,2023-01-15,2023-01-18,Ekart,309.63,Delivered,3,2023-01
Shp003878,Ord003878,2022-12-14,2022-12-18,Ekart,36.07,Delayed,4,2022-12
Shp003879,Ord003879,2024-01-07,2024-01-08,Fedex,585.34,Delivered,1,2024-01
Shp003880,Ord003880,2023-09-06,2023-09-09,Xpressbees,274.93,In Transit,3,2023-09
Shp003881,Ord003881,2024-08-20,2024-08-26,Bluedart,67.27,Delivered,6,2024-08
Shp003882,Ord003882,2022-07-18,2022-07-24,Bluedart,299.0,In Transit,6,2022-07
Shp003884,Ord003884,2022-08-27,2022-09-03,Fedex,775.06,Returned To Origin,7,2022-08
Shp003886,Ord003886,2024-02-23,2024-02-29,Bluedart,368.04,Delayed,6,2024-02
Shp003887,Ord003887,2024-07-23,2024-07-26,Indiapost,476.61,In Transit,3,2024-07
Shp003889,Ord003889,2024-01-22,2024-01-26,Xpressbees,683.69,Delivered,4,2024-01
Shp003890,Ord003890,2023-11-13,2023-11-16,Fedex,512.84,Delivered,3,2023-11
Shp003893,Ord003893,2022-08-23,2022-08-29,Xpressbees,604.89,In Transit,6,2022-08
Shp003894,Ord003894,2023-07-10,2023-07-13,Ekart,554.46,Returned To Origin,3,2023-07
Shp003895,Ord003895,2023-07-31,2023-08-01,Fedex,877.62,Returned To Origin,1,2023-07
Shp003896,Ord003896,2023-08-22,2023-08-25,Fedex,104.3,In Transit,3,2023-08
Shp003897,Ord003897,2024-03-31,2024-04-08,Dtdc,676.35,Delivered,8,2024-03
Shp003898,Ord003898,2024-10-03,2024-10-09,Dtdc,736.62,Lost,6,2024-10
Shp003899,Ord003899,2022-06-19,2022-06-24,Ekart,131.49,Delivered,5,2022-06
Shp003900,Ord003900,2024-02-20,2024-02-24,Bluedart,853.15,Returned To Origin,4,2024-02
Shp003902,Ord003902,2024-07-25,2024-07-29,Delhivery,841.44,Lost,4,2024-07
Shp003903,Ord003903,2022-09-19,2022-09-22,Fedex,270.53,Returned To Origin,3,2022-09
Shp003904,Ord003904,2023-03-27,2023-03-30,Delhivery,764.89,Lost,3,2023-03
Shp003906,Ord003906,2022-01-20,2022-01-22,Fedex,59.82,Delivered,2,2022-01
Shp003907,Ord003907,2023-07-10,2023-07-18,Fedex,142.82,Returned To Origin,8,2023-07
Shp003908,Ord003908,2024-08-23,2024-08-27,Delhivery,427.03,Delayed,4,2024-08
Shp003909,Ord003909,2024-06-28,2024-07-08,Dtdc,764.73,Lost,10,2024-06
Shp003910,Ord003910,2024-03-10,2024-03-13,Fedex,481.74,Returned To Origin,3,2024-03
Shp003911,Ord003911,2022-10-18,2022-10-21,Xpressbees,339.22,Delayed,3,2022-10
Shp003912,Ord003912,2023-08-07,2023-08-14,Dtdc,380.46,Returned To Origin,7,2023-08
Shp003913,Ord003913,2022-05-07,2022-05-13,Dtdc,36.28,Lost,6,2022-05
Shp003914,Ord003914,2022-07-16,2022-07-23,Dtdc,233.54,Lost,7,2022-07
Shp003915,Ord003915,2022-02-24,2022-03-04,Delhivery,150.28,Returned To Origin,8,2022-02
Shp003916,Ord003916,2023-04-20,2023-04-22,Delhivery,421.32,In Transit,2,2023-04
Shp003917,Ord003917,2023-12-25,2024-01-01,Indiapost,522.41,Lost,7,2023-12
Shp003918,Ord003918,2022-01-18,2022-01-24,Ekart,897.92,Lost,6,2022-01
Shp003919,Ord003919,2023-12-28,2023-12-31,Bluedart,,Returned To Origin,3,2023-12
Shp003920,Ord003920,2024-09-09,2024-09-24,Xpressbees,289.62,Returned To Origin,15,2024-09
Shp003921,Ord003921,2024-01-05,2024-01-20,Indiapost,,Returned To Origin,15,2024-01
Shp003922,Ord003922,2024-03-31,2024-04-08,Dtdc,149.49,Lost,8,2024-03
Shp003923,Ord003923,2022-08-24,2022-09-01,Bluedart,453.8,Returned To Origin,8,2022-08
Shp003924,Ord003924,2024-03-09,2024-03-16,Bluedart,860.35,Lost,7,2024-03
Shp003925,Ord003925,2022-03-26,2022-04-03,Xpressbees,321.78,Delivered,8,2022-03
Shp003926,Ord003926,2024-12-11,2024-12-19,Fedex,219.4,Lost,8,2024-12
Shp003927,Ord003927,2023-11-20,2023-12-05,Delhivery,,Returned To Origin,15,2023-11
Shp003928,Ord003928,2023-01-03,2023-01-04,Dtdc,485.51,In Transit,1,2023-01
Shp003929,Ord003929,2023-05-15,2023-05-16,Xpressbees,588.44,In Transit,1,2023-05
Shp003930,Ord003930,2023-08-17,2023-08-21,Dtdc,299.11,Returned To Origin,4,2023-08
Shp003931,Ord003931,2023-10-25,2023-10-28,Ekart,338.34,Delayed,3,2023-10
Shp003932,Ord003932,2023-11-11,2023-11-14,Xpressbees,316.21,Delivered,3,2023-11
Shp003933,Ord003933,2024-02-18,2024-03-04,Fedex,557.13,Delayed,15,2024-02
Shp003934,Ord003934,2022-09-20,2022-09-23,Dtdc,897.89,Lost,3,2022-09
Shp003935,Ord003935,2022-12-10,2022-12-13,Dtdc,232.41,Delivered,3,2022-12
Shp003936,Ord003936,2024-05-12,2024-05-22,Ekart,480.83,Delayed,10,2024-05
Shp003937,Ord003937,2024-02-10,2024-02-14,Delhivery,210.96,Delayed,4,2024-02
Shp003939,Ord003939,2024-07-29,2024-08-13,Fedex,818.07,Delivered,15,2024-07
Shp003940,Ord003940,2022-10-08,2022-10-11,Delhivery,836.17,In Transit,3,2022-10
Shp003942,Ord003942,2024-07-24,2024-07-28,Delhivery,689.2,Delivered,4,2024-07
Shp003943,Ord003943,2022-10-25,2022-10-27,Fedex,298.49,Delivered,2,2022-10
Shp003945,Ord003945,2022-12-08,2022-12-11,Xpressbees,220.13,Returned To Origin,3,2022-12
Shp003946,Ord003946,2023-11-18,2023-11-23,Dtdc,397.78,Delivered,5,2023-11
Shp003947,Ord003947,2024-08-15,2024-08-19,Bluedart,602.45,In Transit,4,2024-08
Shp003948,Ord003948,2024-07-06,2024-07-11,Dtdc,565.9,In Transit,5,2024-07
Shp003949,Ord003949,2024-02-25,2024-03-06,Delhivery,393.21,Lost,10,2024-02
Shp003950,Ord003950,2024-08-23,2024-09-02,Dtdc,358.15,Delivered,10,2024-08
Shp003951,Ord003951,2022-01-25,2022-01-28,Dtdc,489.36,Delayed,3,2022-01
Shp003952,Ord003952,2022-04-15,2022-04-21,Indiapost,,In Transit,6,2022-04
Shp003953,Ord003953,2024-11-02,2024-11-12,Bluedart,449.27,In Transit,10,2024-11
Shp003954,Ord003954,2023-03-15,2023-03-22,Indiapost,521.93,Delayed,7,2023-03
Shp003958,Ord003958,2023-02-19,2023-02-22,Xpressbees,296.01,Lost,3,2023-02
Shp003959,Ord003959,2024-08-31,2024-09-07,Delhivery,855.39,Lost,7,2024-08
Shp003960,Ord003960,2022-12-21,2022-12-28,Xpressbees,773.19,Returned To Origin,7,2022-12
Shp003961,Ord003961,2024-08-04,2024-08-07,Dtdc,592.37,Delivered,3,2024-08
Shp003962,Ord003962,2023-08-18,2023-08-21,Dtdc,126.66,Delayed,3,2023-08
Shp003963,Ord003963,2022-03-30,2022-04-14,Fedex,409.43,In Transit,15,2022-03
Shp003964,Ord003964,2024-05-30,2024-06-05,Dtdc,122.16,Lost,6,2024-05
Shp003965,Ord003965,2023-03-17,2023-03-20,Indiapost,510.35,Delivered,3,2023-03
Shp003967,Ord003967,2022-09-27,2022-09-30,Ekart,,In Transit,3,2022-09
Shp003968,Ord003968,2022-10-18,2022-10-25,Bluedart,426.25,In Transit,7,2022-10
Shp003971,Ord003971,2024-08-15,2024-08-20,Delhivery,784.89,Delayed,5,2024-08
Shp003972,Ord003972,2022-05-12,2022-05-17,Delhivery,526.16,Lost,5,2022-05
Shp003973,Ord003973,2023-09-24,2023-09-28,Ekart,615.4,Delivered,4,2023-09
Shp003974,Ord003974,2022-05-21,2022-05-25,Delhivery,201.03,Delayed,4,2022-05
Shp003975,Ord003975,2022-04-14,2022-04-18,Bluedart,,Lost,4,2022-04
Shp003977,Ord003977,2024-02-02,2024-02-09,Fedex,168.66,Delivered,7,2024-02
Shp003978,Ord003978,2024-12-13,2024-12-14,Bluedart,569.61,Returned To Origin,1,2024-12
Shp003981,Ord003981,2022-03-31,2022-04-03,Delhivery,95.43,In Transit,3,2022-03
Shp003982,Ord003982,2024-05-26,2024-05-30,Indiapost,148.34,Delayed,4,2024-05
Shp003983,Ord003983,2022-04-24,2022-05-01,Indiapost,432.13,Delivered,7,2022-04
Shp003984,Ord003984,2024-08-25,2024-08-27,Indiapost,32.58,In Transit,2,2024-08
Shp003985,Ord003985,2023-07-16,2023-07-21,Ekart,193.37,Lost,5,2023-07
Shp003986,Ord003986,2023-05-11,2023-05-14,Bluedart,390.22,Lost,3,2023-05
Shp003987,Ord003987,2022-03-03,2022-03-09,Fedex,552.99,Returned To Origin,6,2022-03
Shp003988,Ord003988,2023-03-17,2023-03-20,Bluedart,568.85,Delayed,3,2023-03
Shp003989,Ord003989,2023-04-20,2023-04-30,Xpressbees,893.72,Delivered,10,2023-04
Shp003990,Ord003990,2023-11-14,2023-11-16,Bluedart,894.07,Delivered,2,2023-11
Shp003991,Ord003991,2024-08-11,2024-08-21,Bluedart,170.15,Returned To Origin,10,2024-08
Shp003992,Ord003992,2022-05-12,2022-05-14,Delhivery,380.05,Lost,2,2022-05
Shp003993,Ord003993,2024-02-27,2024-03-05,Dtdc,798.29,In Transit,7,2024-02
Shp003994,Ord003994,2024-01-19,2024-01-21,Ekart,867.82,Returned To Origin,2,2024-01
Shp003995,Ord003995,2024-05-02,2024-05-17,Xpressbees,585.73,Lost,15,2024-05
Shp003996,Ord003996,2023-12-30,2024-01-06,Delhivery,335.84,Lost,7,2023-12
Shp003998,Ord003998,2023-05-04,2023-05-07,Fedex,361.64,Returned To Origin,3,2023-05
Shp003999,Ord003999,2024-04-29,2024-05-02,Xpressbees,641.99,Delivered,3,2024-04
Shp004000,Ord004000,2024-05-23,2024-05-29,Fedex,514.53,Delayed,6,2024-05
Shp004001,Ord004001,2024-03-12,2024-03-19,Xpressbees,835.86,Returned To Origin,7,2024-03
Shp004002,Ord004002,2024-10-22,2024-10-25,Fedex,162.41,Returned To Origin,3,2024-10
Shp004003,Ord004003,2022-12-05,2022-12-06,Delhivery,774.94,Delivered,1,2022-12
Shp004004,Ord004004,2022-09-19,2022-09-29,Ekart,303.44,Delayed,10,2022-09
Shp004005,Ord004005,2023-08-25,2023-08-27,Xpressbees,214.96,In Transit,2,2023-08
Shp004006,Ord004006,2024-09-15,2024-09-19,Ekart,804.15,Delayed,4,2024-09
Shp004007,Ord004007,2023-11-22,2023-11-25,Delhivery,272.21,Lost,3,2023-11
Shp004009,Ord004009,2024-07-23,2024-07-24,Delhivery,626.86,Lost,1,2024-07
Shp004010,Ord004010,2022-01-19,2022-02-03,Dtdc,667.44,Returned To Origin,15,2022-01
Shp004011,Ord004011,2024-12-18,2025-01-02,Indiapost,691.01,Delayed,15,2024-12
Shp004013,Ord004013,2022-01-15,2022-01-18,Bluedart,754.22,Returned To Origin,3,2022-01
Shp004015,Ord004015,2023-12-19,2023-12-25,Fedex,,In Transit,6,2023-12
Shp004016,Ord004016,2024-12-13,2024-12-18,Bluedart,384.25,Returned To Origin,5,2024-12
Shp004017,Ord004017,2022-07-21,2022-07-26,Bluedart,575.64,Lost,5,2022-07
Shp004018,Ord004018,2023-01-23,2023-01-26,Ekart,578.5,Lost,3,2023-01
Shp004019,Ord004019,2022-01-14,2022-01-17,Xpressbees,876.18,Delivered,3,2022-01
Shp004020,Ord004020,2023-09-03,2023-09-06,Fedex,191.09,Delivered,3,2023-09
Shp004022,Ord004022,2024-10-09,2024-10-19,Dtdc,500.35,Delivered,10,2024-10
Shp004023,Ord004023,2024-02-12,2024-02-17,Ekart,451.2,Lost,5,2024-02
Shp004024,Ord004024,2022-10-11,2022-10-18,Xpressbees,273.78,Lost,7,2022-10
Shp004025,Ord004025,2024-07-15,2024-07-21,Delhivery,381.48,In Transit,6,2024-07
Shp004026,Ord004026,2024-02-22,2024-02-27,Delhivery,763.12,Delayed,5,2024-02
Shp004027,Ord004027,2023-05-02,2023-05-09,Ekart,416.61,Delivered,7,2023-05
Shp004029,Ord004029,2023-03-23,2023-03-30,Bluedart,716.59,Delivered,7,2023-03
Shp004031,Ord004031,2024-07-21,2024-07-22,Dtdc,846.96,Lost,1,2024-07
Shp004032,Ord004032,2023-11-27,2023-11-29,Ekart,280.18,In Transit,2,2023-11
Shp004033,Ord004033,2024-07-19,2024-07-27,Ekart,806.81,Lost,8,2024-07
Shp004034,Ord004034,2023-01-22,2023-01-26,Bluedart,728.66,Delayed,4,2023-01
Shp004035,Ord004035,2024-11-20,2024-11-21,Delhivery,535.68,Delayed,1,2024-11
Shp004036,Ord004036,2023-04-04,2023-04-19,Delhivery,546.85,Lost,15,2023-04
Shp004037,Ord004037,2024-05-01,2024-05-11,Dtdc,856.03,Delayed,10,2024-05
Shp004038,Ord004038,2024-08-21,2024-08-24,Fedex,100.41,Lost,3,2024-08
Shp004039,Ord004039,2024-11-02,2024-11-05,Bluedart,,Lost,3,2024-11
Shp004040,Ord004040,2023-01-30,2023-02-02,Bluedart,384.6,Returned To Origin,3,2023-01
Shp004042,Ord004042,2024-06-18,2024-06-20,Ekart,297.74,Lost,2,2024-06
Shp004043,Ord004043,2023-12-19,2023-12-24,Xpressbees,693.27,Delivered,5,2023-12
Shp004045,Ord004045,2022-04-16,2022-04-22,Dtdc,175.91,Delivered,6,2022-04
Shp004047,Ord004047,2024-10-30,2024-11-07,Xpressbees,512.56,Delivered,8,2024-10
Shp004049,Ord004049,2022-07-29,2022-08-02,Xpressbees,534.73,Delivered,4,2022-07
Shp004051,Ord004051,2022-05-31,2022-06-15,Xpressbees,302.38,Returned To Origin,15,2022-05
Shp004052,Ord004052,2022-02-10,2022-02-16,Dtdc,550.36,In Transit,6,2022-02
Shp004053,Ord004053,2023-01-04,2023-01-08,Bluedart,295.65,Lost,4,2023-01
Shp004054,Ord004054,2024-08-20,2024-08-30,Bluedart,401.85,Delivered,10,2024-08
Shp004055,Ord004055,2022-01-19,2022-02-03,Delhivery,45.81,Delayed,15,2022-01
Shp004057,Ord004057,2024-04-17,2024-04-27,Delhivery,301.06,Returned To Origin,10,2024-04
Shp004058,Ord004058,2022-02-13,2022-02-19,Ekart,673.81,Returned To Origin,6,2022-02
Shp004059,Ord004059,2022-05-19,2022-05-21,Xpressbees,756.3,Delayed,2,2022-05
Shp004060,Ord004060,2024-12-30,2025-01-09,Ekart,375.9,Delivered,10,2024-12
Shp004061,Ord004061,2022-10-01,2022-10-06,Dtdc,622.1,Delivered,5,2022-10
Shp004062,Ord004062,2023-02-14,2023-02-15,Ekart,51.18,Lost,1,2023-02
Shp004063,Ord004063,2023-03-06,2023-03-12,Fedex,799.77,Delivered,6,2023-03
Shp004064,Ord004064,2022-01-24,2022-01-27,Fedex,628.27,Lost,3,2022-01
Shp004065,Ord004065,2022-09-06,2022-09-16,Delhivery,565.64,Delivered,10,2022-09
Shp004066,Ord004066,2023-06-06,2023-06-14,Delhivery,378.32,In Transit,8,2023-06
Shp004067,Ord004067,2024-05-11,2024-05-14,Delhivery,835.51,Lost,3,2024-05
Shp004068,Ord004068,2025-01-01,2025-01-09,Ekart,728.19,Returned To Origin,8,2025-01
Shp004071,Ord004071,2023-11-08,2023-11-09,Bluedart,285.81,Returned To Origin,1,2023-11
Shp004072,Ord004072,2024-03-27,2024-04-06,Dtdc,737.04,Delivered,10,2024-03
Shp004074,Ord004074,2023-01-21,2023-01-25,Delhivery,370.67,Delivered,4,2023-01
Shp004075,Ord004075,2023-08-03,2023-08-06,Xpressbees,824.65,Delayed,3,2023-08
Shp004076,Ord004076,2022-09-14,2022-09-17,Xpressbees,895.12,In Transit,3,2022-09
Shp004077,Ord004077,2024-04-02,2024-04-09,Bluedart,343.04,In Transit,7,2024-04
Shp004078,Ord004078,2023-05-11,2023-05-18,Indiapost,623.31,Delivered,7,2023-05
Shp004079,Ord004079,2022-02-07,2022-02-08,Delhivery,876.54,Lost,1,2022-02
Shp004080,Ord004080,2023-03-14,2023-03-18,Delhivery,329.21,In Transit,4,2023-03
Shp004081,Ord004081,2024-10-26,2024-11-03,Dtdc,518.44,Delivered,8,2024-10
Shp004082,Ord004082,2023-09-29,2023-10-03,Delhivery,831.76,Lost,4,2023-09
Shp004083,Ord004083,2023-10-04,2023-10-11,Indiapost,164.02,Lost,7,2023-10
Shp004084,Ord004084,2022-06-14,2022-06-15,Indiapost,272.07,Lost,1,2022-06
Shp004085,Ord004085,2022-06-18,2022-06-26,Indiapost,669.06,In Transit,8,2022-06
Shp004086,Ord004086,2023-12-29,2024-01-02,Ekart,606.97,Lost,4,2023-12
Shp004088,Ord004088,2022-02-09,2022-02-17,Indiapost,763.86,Delivered,8,2022-02
Shp004089,Ord004089,2024-12-03,2024-12-11,Ekart,662.95,Delivered,8,2024-12
Shp004090,Ord004090,2022-09-22,2022-09-28,Ekart,822.75,In Transit,6,2022-09
Shp004091,Ord004091,2024-04-01,2024-04-03,Indiapost,417.98,Delayed,2,2024-04
Shp004092,Ord004092,2022-01-04,2022-01-12,Dtdc,792.5,Delivered,8,2022-01
Shp004093,Ord004093,2022-03-15,2022-03-21,Bluedart,741.88,Lost,6,2022-03
Shp004095,Ord004095,2022-10-20,2022-10-27,Ekart,290.33,Delayed,7,2022-10
Shp004096,Ord004096,2023-09-04,2023-09-05,Fedex,382.72,In Transit,1,2023-09
Shp004098,Ord004098,2022-06-13,2022-06-19,Dtdc,346.83,Delivered,6,2022-06
Shp004099,Ord004099,2023-07-20,2023-07-23,Ekart,628.67,Delayed,3,2023-07
Shp004101,Ord004101,2022-10-13,2022-10-16,Ekart,876.93,Delayed,3,2022-10
Shp004102,Ord004102,2023-03-11,2023-03-13,Ekart,415.23,Lost,2,2023-03
Shp004103,Ord004103,2024-08-22,2024-08-27,Fedex,145.31,Returned To Origin,5,2024-08
Shp004104,Ord004104,2024-05-30,2024-06-03,Dtdc,189.76,Delivered,4,2024-05
Shp004106,Ord004106,2022-08-11,2022-08-19,Indiapost,573.35,Lost,8,2022-08
Shp004107,Ord004107,2022-11-17,2022-11-24,Ekart,217.88,In Transit,7,2022-11
Shp004108,Ord004108,2023-04-26,2023-04-29,Delhivery,233.14,Delayed,3,2023-04
Shp004109,Ord004109,2022-11-17,2022-11-25,Indiapost,164.58,Delivered,8,2022-11
Shp004110,Ord004110,2023-12-31,2024-01-05,Xpressbees,887.05,Delivered,5,2023-12
Shp004111,Ord004111,2022-09-17,2022-09-23,Ekart,729.41,Returned To Origin,6,2022-09
Shp004112,Ord004112,2022-08-17,2022-08-18,Indiapost,761.94,Delivered,1,2022-08
Shp004113,Ord004113,2024-09-12,2024-09-15,Indiapost,813.24,Delayed,3,2024-09
Shp004114,Ord004114,2023-03-30,2023-04-09,Dtdc,676.81,Delivered,10,2023-03
Shp004115,Ord004115,2024-03-08,2024-03-09,Fedex,297.56,Delayed,1,2024-03
Shp004116,Ord004116,2022-07-30,2022-08-01,Delhivery,760.79,Returned To Origin,2,2022-07
Shp004117,Ord004117,2023-05-04,2023-05-07,Delhivery,303.62,In Transit,3,2023-05
Shp004118,Ord004118,2024-01-21,2024-01-26,Delhivery,250.42,Returned To Origin,5,2024-01
Shp004119,Ord004119,2022-08-13,2022-08-23,Bluedart,666.71,Delayed,10,2022-08
Shp004120,Ord004120,2024-11-01,2024-11-16,Dtdc,157.05,Lost,15,2024-11
Shp004122,Ord004122,2022-06-30,2022-07-03,Dtdc,747.96,Delayed,3,2022-06
Shp004124,Ord004124,2023-09-03,2023-09-13,Bluedart,211.84,Returned To Origin,10,2023-09
Shp004125,Ord004125,2024-09-20,2024-09-28,Delhivery,,Lost,8,2024-09
Shp004126,Ord004126,2024-11-28,2024-12-04,Indiapost,440.42,Delivered,6,2024-11
Shp004127,Ord004127,2023-07-10,2023-07-12,Fedex,33.27,Delivered,2,2023-07
Shp004128,Ord004128,2024-01-10,2024-01-14,Ekart,817.72,Returned To Origin,4,2024-01
Shp004129,Ord004129,2024-04-18,2024-04-25,Dtdc,56.18,In Transit,7,2024-04
Shp004130,Ord004130,2024-09-10,2024-09-11,Delhivery,478.38,In Transit,1,2024-09
Shp004131,Ord004131,2022-08-16,2022-08-19,Ekart,668.65,Lost,3,2022-08
Shp004132,Ord004132,2022-06-08,2022-06-09,Bluedart,882.39,In Transit,1,2022-06
Shp004134,Ord004134,2023-10-26,2023-10-31,Bluedart,108.13,Delivered,5,2023-10
Shp004135,Ord004135,2022-01-31,2022-02-06,Dtdc,719.77,Lost,6,2022-01
Shp004138,Ord004138,2023-06-27,2023-07-04,Bluedart,575.93,Delayed,7,2023-06
Shp004139,Ord004139,2023-05-29,2023-06-05,Delhivery,557.81,In Transit,7,2023-05
Shp004140,Ord004140,2023-03-27,2023-03-31,Dtdc,653.73,Returned To Origin,4,2023-03
Shp004141,Ord004141,2024-10-14,2024-10-21,Indiapost,383.37,Delivered,7,2024-10
Shp004143,Ord004143,2023-01-18,2023-01-19,Dtdc,365.33,Delayed,1,2023-01
Shp004144,Ord004144,2024-12-01,2024-12-07,Indiapost,218.45,Lost,6,2024-12
Shp004145,Ord004145,2024-04-29,2024-05-03,Bluedart,64.61,Lost,4,2024-04
Shp004146,Ord004146,2023-07-14,2023-07-17,Xpressbees,839.08,Lost,3,2023-07
Shp004147,Ord004147,2024-02-27,2024-03-01,Bluedart,461.74,Returned To Origin,3,2024-02
Shp004149,Ord004149,2024-12-22,2024-12-29,Ekart,832.31,Delayed,7,2024-12
Shp004150,Ord004150,2022-08-07,2022-08-13,Fedex,798.24,Delayed,6,2022-08
Shp004151,Ord004151,2022-06-07,2022-06-10,Ekart,48.69,Returned To Origin,3,2022-06
Shp004153,Ord004153,2022-09-29,2022-10-05,Xpressbees,505.72,Returned To Origin,6,2022-09
Shp004154,Ord004154,2022-11-11,2022-11-16,Xpressbees,764.94,Returned To Origin,5,2022-11
Shp004155,Ord004155,2023-08-08,2023-08-14,Delhivery,339.14,In Transit,6,2023-08
Shp004157,Ord004157,2023-06-19,2023-06-20,Bluedart,286.98,Returned To Origin,1,2023-06
Shp004158,Ord004158,2023-10-13,2023-10-15,Delhivery,754.34,Lost,2,2023-10
Shp004160,Ord004160,2024-10-28,2024-11-02,Xpressbees,444.41,Lost,5,2024-10
Shp004161,Ord004161,2024-04-24,2024-04-27,Delhivery,607.55,In Transit,3,2024-04
Shp004162,Ord004162,2023-02-17,2023-02-18,Xpressbees,241.51,Returned To Origin,1,2023-02
Shp004163,Ord004163,2023-04-15,2023-04-18,Xpressbees,114.24,Returned To Origin,3,2023-04
Shp004164,Ord004164,2022-08-05,2022-08-10,Fedex,630.8,In Transit,5,2022-08
Shp004165,Ord004165,2024-01-21,2024-01-31,Xpressbees,250.41,In Transit,10,2024-01
Shp004167,Ord004167,2024-05-16,2024-05-18,Xpressbees,778.35,In Transit,2,2024-05
Shp004168,Ord004168,2022-12-30,2023-01-07,Dtdc,307.16,Returned To Origin,8,2022-12
Shp004169,Ord004169,2023-07-11,2023-07-14,Ekart,66.95,In Transit,3,2023-07
Shp004172,Ord004172,2024-03-11,2024-03-14,Dtdc,61.61,Delivered,3,2024-03
Shp004173,Ord004173,2022-08-09,2022-08-14,Ekart,182.21,Returned To Origin,5,2022-08
Shp004174,Ord004174,2023-01-08,2023-01-12,Fedex,393.77,In Transit,4,2023-01
Shp004176,Ord004176,2022-09-26,2022-09-28,Bluedart,484.67,Lost,2,2022-09
Shp004178,Ord004178,2023-06-20,2023-06-26,Ekart,651.68,Lost,6,2023-06
Shp004179,Ord004179,2022-12-07,2022-12-14,Indiapost,391.35,In Transit,7,2022-12
Shp004180,Ord004180,2024-03-21,2024-03-24,Ekart,717.19,Lost,3,2024-03
Shp004181,Ord004181,2024-11-13,2024-11-20,Ekart,661.13,Delayed,7,2024-11
Shp004183,Ord004183,2022-03-23,2022-03-26,Bluedart,308.52,Delivered,3,2022-03
Shp004184,Ord004184,2023-05-19,2023-05-26,Fedex,66.26,Delayed,7,2023-05
Shp004185,Ord004185,2024-04-29,2024-05-04,Delhivery,826.06,In Transit,5,2024-04
Shp004187,Ord004187,2024-10-23,2024-10-31,Dtdc,374.56,Returned To Origin,8,2024-10
Shp004188,Ord004188,2023-06-23,2023-06-27,Dtdc,785.85,Lost,4,2023-06
Shp004189,Ord004189,2022-03-08,2022-03-11,Fedex,301.17,Lost,3,2022-03
Shp004190,Ord004190,2023-09-17,2023-10-02,Dtdc,,Lost,15,2023-09
Shp004191,Ord004191,2024-09-10,2024-09-14,Indiapost,463.76,Delivered,4,2024-09
Shp004192,Ord004192,2024-01-17,2024-01-27,Dtdc,399.42,Delivered,10,2024-01
Shp004193,Ord004193,2024-03-09,2024-03-24,Delhivery,190.95,Lost,15,2024-03
Shp004194,Ord004194,2024-09-18,2024-09-24,Xpressbees,868.17,Delayed,6,2024-09
Shp004195,Ord004195,2022-12-14,2022-12-24,Ekart,529.36,In Transit,10,2022-12
Shp004196,Ord004196,2024-10-20,2024-11-04,Delhivery,462.29,Lost,15,2024-10
Shp004197,Ord004197,2023-06-28,2023-07-02,Xpressbees,737.8,Delayed,4,2023-06
Shp004198,Ord004198,2024-09-17,2024-09-22,Delhivery,457.5,Delivered,5,2024-09
Shp004199,Ord004199,2022-03-27,2022-03-31,Xpressbees,855.47,In Transit,4,2022-03
Shp004200,Ord004200,2023-10-16,2023-10-20,Dtdc,78.66,Delivered,4,2023-10
Shp004201,Ord004201,2022-07-02,2022-07-12,Fedex,263.42,Lost,10,2022-07
Shp004202,Ord004202,2022-11-15,2022-11-22,Dtdc,227.67,Returned To Origin,7,2022-11
Shp004203,Ord004203,2022-02-22,2022-02-25,Dtdc,359.57,Returned To Origin,3,2022-02
Shp004204,Ord004204,2022-12-16,2022-12-19,Fedex,578.85,Delivered,3,2022-12
Shp004205,Ord004205,2023-06-03,2023-06-11,Bluedart,354.17,Lost,8,2023-06
Shp004206,Ord004206,2024-07-27,2024-07-30,Fedex,294.74,Delayed,3,2024-07
Shp004207,Ord004207,2024-07-15,2024-07-20,Ekart,553.27,Returned To Origin,5,2024-07
Shp004208,Ord004208,2024-01-01,2024-01-16,Indiapost,503.68,Returned To Origin,15,2024-01
Shp004209,Ord004209,2022-11-11,2022-11-17,Bluedart,663.81,Lost,6,2022-11
Shp004210,Ord004210,2024-08-09,2024-08-14,Bluedart,258.52,Delivered,5,2024-08
Shp004212,Ord004212,2023-02-05,2023-02-08,Delhivery,579.41,In Transit,3,2023-02
Shp004213,Ord004213,2023-06-15,2023-06-25,Delhivery,232.44,Delayed,10,2023-06
Shp004215,Ord004215,2022-01-26,2022-01-30,Indiapost,712.96,In Transit,4,2022-01
Shp004217,Ord004217,2024-03-17,2024-03-20,Xpressbees,95.65,Returned To Origin,3,2024-03
Shp004218,Ord004218,2024-10-04,2024-10-07,Fedex,395.91,Returned To Origin,3,2024-10
Shp004219,Ord004219,2022-08-16,2022-08-17,Delhivery,53.46,Returned To Origin,1,2022-08
Shp004220,Ord004220,2023-09-11,2023-09-16,Ekart,304.63,Returned To Origin,5,2023-09
Shp004221,Ord004221,2022-01-12,2022-01-22,Delhivery,,Delayed,10,2022-01
Shp004222,Ord004222,2022-09-09,2022-09-13,Dtdc,94.03,Lost,4,2022-09
Shp004224,Ord004224,2023-01-18,2023-01-26,Ekart,200.13,Delivered,8,2023-01
Shp004225,Ord004225,2024-05-21,2024-05-27,Xpressbees,395.36,In Transit,6,2024-05
Shp004226,Ord004226,2022-12-13,2022-12-19,Dtdc,62.15,Delivered,6,2022-12
Shp004227,Ord004227,2024-10-16,2024-10-31,Delhivery,471.86,Delivered,15,2024-10
Shp004229,Ord004229,2023-04-23,2023-04-29,Delhivery,678.7,Lost,6,2023-04
Shp004233,Ord004233,2023-05-07,2023-05-10,Dtdc,350.66,Lost,3,2023-05
Shp004234,Ord004234,2022-09-09,2022-09-24,Ekart,440.75,Lost,15,2022-09
Shp004235,Ord004235,2023-07-06,2023-07-08,Delhivery,154.33,In Transit,2,2023-07
Shp004236,Ord004236,2022-03-18,2022-03-19,Indiapost,346.2,In Transit,1,2022-03
Shp004237,Ord004237,2023-07-25,2023-07-28,Delhivery,600.75,In Transit,3,2023-07
Shp004238,Ord004238,2023-07-31,2023-08-10,Indiapost,771.22,Delivered,10,2023-07
Shp004239,Ord004239,2022-01-14,2022-01-17,Ekart,798.56,In Transit,3,2022-01
Shp004240,Ord004240,2023-10-02,2023-10-10,Indiapost,743.4,In Transit,8,2023-10
Shp004241,Ord004241,2024-03-17,2024-04-01,Bluedart,252.85,Delayed,15,2024-03
Shp004242,Ord004242,2022-10-21,2022-11-05,Indiapost,784.49,Delayed,15,2022-10
Shp004243,Ord004243,2024-01-25,2024-01-30,Xpressbees,437.28,Lost,5,2024-01
Shp004244,Ord004244,2023-07-27,2023-07-30,Indiapost,682.46,Delivered,3,2023-07
Shp004246,Ord004246,2022-01-16,2022-01-20,Dtdc,551.91,Returned To Origin,4,2022-01
Shp004247,Ord004247,2024-01-17,2024-01-25,Bluedart,656.96,Lost,8,2024-01
Shp004248,Ord004248,2024-06-29,2024-07-09,Fedex,891.29,Delayed,10,2024-06
Shp004249,Ord004249,2023-02-11,2023-02-15,Fedex,834.64,Delivered,4,2023-02
Shp004250,Ord004250,2022-04-07,2022-04-17,Fedex,186.27,Lost,10,2022-04
Shp004251,Ord004251,2022-03-17,2022-03-25,Xpressbees,172.72,Delivered,8,2022-03
Shp004252,Ord004252,2024-10-30,2024-11-05,Ekart,758.2,Returned To Origin,6,2024-10
Shp004253,Ord004253,2024-05-20,2024-05-23,Xpressbees,492.67,Lost,3,2024-05
Shp004254,Ord004254,2023-01-27,2023-01-31,Indiapost,879.63,Delayed,4,2023-01
Shp004255,Ord004255,2024-07-29,2024-08-13,Fedex,,Lost,15,2024-07
Shp004256,Ord004256,2023-06-19,2023-06-27,Xpressbees,198.6,Returned To Origin,8,2023-06
Shp004257,Ord004257,2024-08-25,2024-08-30,Ekart,723.54,Lost,5,2024-08
Shp004259,Ord004259,2024-03-03,2024-03-05,Ekart,233.55,Delivered,2,2024-03
Shp004260,Ord004260,2024-04-28,2024-05-01,Delhivery,487.02,Returned To Origin,3,2024-04
Shp004261,Ord004261,2024-01-07,2024-01-13,Fedex,677.33,Delivered,6,2024-01
Shp004262,Ord004262,2022-07-28,2022-08-12,Bluedart,838.14,Returned To Origin,15,2022-07
Shp004265,Ord004265,2024-05-23,2024-05-29,Ekart,751.32,Returned To Origin,6,2024-05
Shp004266,Ord004266,2022-02-02,2022-02-07,Fedex,561.78,Lost,5,2022-02
Shp004267,Ord004267,2024-06-14,2024-06-22,Indiapost,411.15,In Transit,8,2024-06
Shp004268,Ord004268,2023-09-20,2023-10-05,Delhivery,899.64,Lost,15,2023-09
Shp004269,Ord004269,2022-06-16,2022-06-26,Xpressbees,330.96,In Transit,10,2022-06
Shp004270,Ord004270,2024-11-17,2024-11-20,Dtdc,287.81,Delivered,3,2024-11
Shp004271,Ord004271,2023-02-15,2023-02-18,Bluedart,413.69,Delivered,3,2023-02
Shp004272,Ord004272,2022-08-19,2022-08-24,Ekart,423.22,Lost,5,2022-08
Shp004273,Ord004273,2022-11-02,2022-11-06,Ekart,830.91,Delivered,4,2022-11
Shp004274,Ord004274,2022-10-15,2022-10-30,Ekart,414.06,Delivered,15,2022-10
Shp004275,Ord004275,2024-08-31,2024-09-01,Fedex,723.94,Delayed,1,2024-08
Shp004276,Ord004276,2024-10-24,2024-10-28,Delhivery,421.54,In Transit,4,2024-10
Shp004277,Ord004277,2024-08-06,2024-08-13,Xpressbees,,Delivered,7,2024-08
Shp004279,Ord004279,2022-01-14,2022-01-22,Fedex,452.59,Returned To Origin,8,2022-01
Shp004281,Ord004281,2024-10-02,2024-10-12,Xpressbees,537.74,Delivered,10,2024-10
Shp004282,Ord004282,2024-04-17,2024-04-25,Indiapost,247.47,Returned To Origin,8,2024-04
Shp004283,Ord004283,2024-11-02,2024-11-04,Delhivery,,Lost,2,2024-11
Shp004284,Ord004284,2022-04-28,2022-05-03,Dtdc,788.86,Returned To Origin,5,2022-04
Shp004285,Ord004285,2022-03-20,2022-03-24,Xpressbees,682.87,In Transit,4,2022-03
Shp004286,Ord004286,2023-08-12,2023-08-14,Dtdc,514.31,Delayed,2,2023-08
Shp004287,Ord004287,2022-02-25,2022-03-04,Delhivery,526.84,In Transit,7,2022-02
Shp004288,Ord004288,2023-10-07,2023-10-14,Fedex,261.4,In Transit,7,2023-10
Shp004289,Ord004289,2023-12-06,2023-12-21,Dtdc,266.23,Delayed,15,2023-12
Shp004290,Ord004290,2022-06-13,2022-06-14,Ekart,765.1,Lost,1,2022-06
Shp004292,Ord004292,2024-09-16,2024-09-20,Fedex,578.64,Delivered,4,2024-09
Shp004293,Ord004293,2024-03-28,2024-04-01,Ekart,278.01,In Transit,4,2024-03
Shp004294,Ord004294,2024-02-25,2024-03-02,Delhivery,509.96,In Transit,6,2024-02
Shp004295,Ord004295,2024-01-19,2024-02-03,Xpressbees,585.35,Delivered,15,2024-01
Shp004296,Ord004296,2024-12-26,2024-12-29,Fedex,356.91,Returned To Origin,3,2024-12
Shp004297,Ord004297,2022-01-03,2022-01-13,Delhivery,683.26,Lost,10,2022-01
Shp004298,Ord004298,2022-04-16,2022-04-26,Dtdc,629.53,Delivered,10,2022-04
Shp004299,Ord004299,2024-06-13,2024-06-23,Ekart,276.26,Lost,10,2024-06
Shp004300,Ord004300,2023-03-29,2023-04-01,Bluedart,361.61,Delayed,3,2023-03
Shp004301,Ord004301,2024-10-24,2024-11-08,Dtdc,258.7,Returned To Origin,15,2024-10
Shp004303,Ord004303,2023-10-25,2023-11-09,Ekart,140.79,Lost,15,2023-10
Shp004304,Ord004304,2023-09-20,2023-09-22,Bluedart,891.47,In Transit,2,2023-09
Shp004305,Ord004305,2022-03-05,2022-03-15,Bluedart,821.34,Returned To Origin,10,2022-03
Shp004306,Ord004306,2024-04-03,2024-04-11,Bluedart,261.97,Delayed,8,2024-04
Shp004309,Ord004309,2023-01-08,2023-01-13,Bluedart,137.24,Returned To Origin,5,2023-01
Shp004310,Ord004310,2024-11-10,2024-11-13,Indiapost,664.21,In Transit,3,2024-11
Shp004312,Ord004312,2022-01-27,2022-01-29,Delhivery,246.46,Delayed,2,2022-01
Shp004313,Ord004313,2023-03-16,2023-03-31,Delhivery,504.31,Returned To Origin,15,2023-03
Shp004315,Ord004315,2023-08-14,2023-08-21,Xpressbees,183.49,Lost,7,2023-08
Shp004316,Ord004316,2022-06-21,2022-06-26,Fedex,302.26,Lost,5,2022-06
Shp004317,Ord004317,2023-09-19,2023-09-26,Dtdc,38.2,Delivered,7,2023-09
Shp004319,Ord004319,2023-12-27,2024-01-03,Indiapost,664.48,Returned To Origin,7,2023-12
Shp004320,Ord004320,2024-06-20,2024-06-23,Ekart,324.84,Returned To Origin,3,2024-06
Shp004321,Ord004321,2023-03-31,2023-04-04,Ekart,574.69,Delayed,4,2023-03
Shp004322,Ord004322,2022-01-24,2022-01-28,Bluedart,351.07,Delayed,4,2022-01
Shp004323,Ord004323,2024-05-26,2024-05-31,Dtdc,62.68,Returned To Origin,5,2024-05
Shp004325,Ord004325,2023-06-24,2023-07-01,Bluedart,587.02,In Transit,7,2023-06
Shp005840,Ord005840,2023-02-16,2023-02-22,Fedex,358.27,Delayed,6,2023-02
Shp004326,Ord004326,2022-06-27,2022-06-28,Dtdc,481.44,Delivered,1,2022-06
Shp004327,Ord004327,2022-05-29,2022-06-04,Dtdc,341.1,Delivered,6,2022-05
Shp004328,Ord004328,2022-11-14,2022-11-29,Xpressbees,467.55,Lost,15,2022-11
Shp004329,Ord004329,2022-05-06,2022-05-14,Delhivery,443.7,Lost,8,2022-05
Shp004330,Ord004330,2023-06-14,2023-06-15,Dtdc,785.9,Lost,1,2023-06
Shp004331,Ord004331,2022-05-19,2022-05-26,Dtdc,105.16,Delayed,7,2022-05
Shp004332,Ord004332,2024-09-22,2024-09-27,Bluedart,,Lost,5,2024-09
Shp004334,Ord004334,2024-04-01,2024-04-04,Xpressbees,644.62,Delivered,3,2024-04
Shp004337,Ord004337,2024-01-28,2024-02-05,Dtdc,448.52,Delayed,8,2024-01
Shp004338,Ord004338,2023-08-23,2023-08-26,Indiapost,681.34,Delayed,3,2023-08
Shp004340,Ord004340,2022-12-13,2022-12-20,Bluedart,172.37,In Transit,7,2022-12
Shp004341,Ord004341,2023-04-27,2023-05-04,Indiapost,386.25,Delivered,7,2023-04
Shp004342,Ord004342,2022-05-18,2022-05-25,Bluedart,387.93,Returned To Origin,7,2022-05
Shp004343,Ord004343,2023-03-27,2023-04-06,Dtdc,748.93,Lost,10,2023-03
Shp004344,Ord004344,2024-07-10,2024-07-25,Xpressbees,861.71,Delayed,15,2024-07
Shp004345,Ord004345,2022-09-30,2022-10-10,Indiapost,553.98,Lost,10,2022-09
Shp004347,Ord004347,2022-07-12,2022-07-17,Dtdc,741.91,In Transit,5,2022-07
Shp004348,Ord004348,2024-01-13,2024-01-16,Fedex,847.48,Delivered,3,2024-01
Shp004349,Ord004349,2023-06-03,2023-06-13,Xpressbees,385.91,Delayed,10,2023-06
Shp004350,Ord004350,2024-02-18,2024-02-24,Xpressbees,,In Transit,6,2024-02
Shp004352,Ord004352,2023-10-21,2023-10-31,Xpressbees,57.2,Delivered,10,2023-10
Shp004353,Ord004353,2022-03-26,2022-04-05,Delhivery,163.69,Lost,10,2022-03
Shp004354,Ord004354,2024-07-10,2024-07-11,Xpressbees,156.6,Delivered,1,2024-07
Shp004355,Ord004355,2022-09-18,2022-09-24,Fedex,749.05,In Transit,6,2022-09
Shp004356,Ord004356,2022-01-16,2022-01-23,Delhivery,88.38,Returned To Origin,7,2022-01
Shp004358,Ord004358,2023-03-27,2023-04-03,Xpressbees,814.07,Lost,7,2023-03
Shp004359,Ord004359,2024-12-04,2024-12-14,Delhivery,609.76,Delivered,10,2024-12
Shp004360,Ord004360,2024-06-19,2024-06-22,Bluedart,392.11,Lost,3,2024-06
Shp004362,Ord004362,2024-01-14,2024-01-15,Indiapost,572.34,In Transit,1,2024-01
Shp004363,Ord004363,2022-05-28,2022-06-01,Indiapost,501.54,In Transit,4,2022-05
Shp004364,Ord004364,2023-11-17,2023-11-27,Delhivery,237.88,Delivered,10,2023-11
Shp004365,Ord004365,2023-01-10,2023-01-11,Ekart,861.17,Lost,1,2023-01
Shp004366,Ord004366,2023-05-28,2023-05-30,Dtdc,638.56,In Transit,2,2023-05
Shp004367,Ord004367,2023-02-15,2023-02-21,Dtdc,450.64,Delivered,6,2023-02
Shp004368,Ord004368,2022-10-23,2022-10-26,Indiapost,131.02,Delivered,3,2022-10
Shp004369,Ord004369,2023-10-08,2023-10-15,Ekart,228.33,Returned To Origin,7,2023-10
Shp004370,Ord004370,2022-11-22,2022-11-25,Bluedart,793.68,Delayed,3,2022-11
Shp004373,Ord004373,2022-04-04,2022-04-06,Indiapost,657.54,Delayed,2,2022-04
Shp004374,Ord004374,2022-08-11,2022-08-19,Xpressbees,204.79,Lost,8,2022-08
Shp004375,Ord004375,2022-05-13,2022-05-20,Delhivery,436.81,Returned To Origin,7,2022-05
Shp004377,Ord004377,2023-02-19,2023-02-23,Ekart,392.74,Delayed,4,2023-02
Shp004378,Ord004378,2023-02-01,2023-02-09,Indiapost,603.69,In Transit,8,2023-02
Shp004379,Ord004379,2022-05-04,2022-05-08,Indiapost,296.18,Returned To Origin,4,2022-05
Shp004380,Ord004380,2022-02-09,2022-02-13,Xpressbees,121.42,Delivered,4,2022-02
Shp004382,Ord004382,2022-10-05,2022-10-06,Fedex,163.88,Lost,1,2022-10
Shp004383,Ord004383,2022-06-09,2022-06-19,Delhivery,245.78,Delivered,10,2022-06
Shp004384,Ord004384,2023-08-18,2023-08-22,Dtdc,473.78,Returned To Origin,4,2023-08
Shp004385,Ord004385,2022-02-17,2022-02-20,Ekart,685.4,Delayed,3,2022-02
Shp004386,Ord004386,2022-10-12,2022-10-15,Delhivery,102.27,Returned To Origin,3,2022-10
Shp004388,Ord004388,2024-05-09,2024-05-15,Ekart,125.84,Delayed,6,2024-05
Shp004390,Ord004390,2024-07-01,2024-07-06,Ekart,464.19,Returned To Origin,5,2024-07
Shp004393,Ord004393,2024-04-08,2024-04-11,Ekart,817.03,Returned To Origin,3,2024-04
Shp004394,Ord004394,2023-02-17,2023-02-18,Ekart,417.24,Delayed,1,2023-02
Shp004395,Ord004395,2024-08-29,2024-08-30,Fedex,757.07,Delayed,1,2024-08
Shp004396,Ord004396,2024-12-27,2025-01-11,Indiapost,680.58,In Transit,15,2024-12
Shp004397,Ord004397,2024-09-21,2024-09-29,Indiapost,440.85,Lost,8,2024-09
Shp004398,Ord004398,2022-10-27,2022-11-03,Delhivery,,Returned To Origin,7,2022-10
Shp004399,Ord004399,2023-11-28,2023-12-01,Xpressbees,521.12,Delayed,3,2023-11
Shp004400,Ord004400,2022-06-30,2022-07-03,Dtdc,780.95,Delayed,3,2022-06
Shp004401,Ord004401,2022-02-07,2022-02-22,Indiapost,590.05,In Transit,15,2022-02
Shp004402,Ord004402,2023-04-02,2023-04-09,Fedex,885.59,Delivered,7,2023-04
Shp004403,Ord004403,2024-08-06,2024-08-13,Xpressbees,565.9,In Transit,7,2024-08
Shp004404,Ord004404,2022-10-16,2022-10-17,Delhivery,640.59,Returned To Origin,1,2022-10
Shp004407,Ord004407,2023-02-11,2023-02-14,Ekart,829.74,Returned To Origin,3,2023-02
Shp004411,Ord004411,2022-06-26,2022-06-27,Xpressbees,650.61,Returned To Origin,1,2022-06
Shp004412,Ord004412,2022-03-21,2022-03-29,Fedex,77.04,Returned To Origin,8,2022-03
Shp004413,Ord004413,2022-04-18,2022-05-03,Indiapost,588.94,In Transit,15,2022-04
Shp004414,Ord004414,2023-09-25,2023-09-29,Indiapost,486.44,In Transit,4,2023-09
Shp004415,Ord004415,2023-01-02,2023-01-05,Ekart,195.91,Delayed,3,2023-01
Shp004416,Ord004416,2022-07-20,2022-07-23,Indiapost,,In Transit,3,2022-07
Shp004418,Ord004418,2022-12-15,2022-12-16,Xpressbees,789.32,Returned To Origin,1,2022-12
Shp004419,Ord004419,2023-06-13,2023-06-20,Xpressbees,819.38,Delayed,7,2023-06
Shp004420,Ord004420,2023-01-26,2023-01-29,Xpressbees,548.66,Lost,3,2023-01
Shp005841,Ord005841,2022-10-08,2022-10-09,Ekart,75.08,Lost,1,2022-10
Shp004422,Ord004422,2024-08-24,2024-08-26,Ekart,359.79,Delivered,2,2024-08
Shp004423,Ord004423,2024-08-05,2024-08-15,Xpressbees,806.55,In Transit,10,2024-08
Shp004424,Ord004424,2023-05-31,2023-06-01,Xpressbees,129.32,In Transit,1,2023-05
Shp004425,Ord004425,2022-05-07,2022-05-14,Fedex,353.86,Lost,7,2022-05
Shp004427,Ord004427,2024-08-09,2024-08-12,Fedex,458.11,Delivered,3,2024-08
Shp004428,Ord004428,2022-05-16,2022-05-18,Ekart,637.13,Delivered,2,2022-05
Shp004429,Ord004429,2024-09-24,2024-10-04,Dtdc,160.88,Delivered,10,2024-09
Shp004430,Ord004430,2023-10-06,2023-10-16,Xpressbees,895.57,Returned To Origin,10,2023-10
Shp004431,Ord004431,2023-03-13,2023-03-16,Bluedart,593.75,In Transit,3,2023-03
Shp004432,Ord004432,2023-04-02,2023-04-06,Ekart,343.96,Delayed,4,2023-04
Shp004433,Ord004433,2023-05-24,2023-05-27,Bluedart,35.73,Returned To Origin,3,2023-05
Shp004434,Ord004434,2024-03-15,2024-03-30,Delhivery,454.57,In Transit,15,2024-03
Shp004435,Ord004435,2024-03-03,2024-03-07,Dtdc,448.84,Lost,4,2024-03
Shp004436,Ord004436,2022-10-28,2022-11-07,Dtdc,335.29,Delayed,10,2022-10
Shp004438,Ord004438,2022-01-14,2022-01-29,Indiapost,482.62,In Transit,15,2022-01
Shp004439,Ord004439,2022-05-29,2022-06-02,Fedex,896.8,Delivered,4,2022-05
Shp004440,Ord004440,2024-04-28,2024-05-03,Xpressbees,474.35,Delayed,5,2024-04
Shp004442,Ord004442,2024-12-25,2024-12-30,Dtdc,215.19,Delayed,5,2024-12
Shp004443,Ord004443,2022-09-16,2022-10-01,Dtdc,739.95,In Transit,15,2022-09
Shp004444,Ord004444,2024-06-16,2024-06-19,Fedex,195.09,In Transit,3,2024-06
Shp004445,Ord004445,2023-06-19,2023-06-27,Xpressbees,606.11,Lost,8,2023-06
Shp004446,Ord004446,2022-01-16,2022-01-22,Xpressbees,194.04,Lost,6,2022-01
Shp004447,Ord004447,2023-04-13,2023-04-15,Delhivery,698.11,Returned To Origin,2,2023-04
Shp004448,Ord004448,2022-07-13,2022-07-16,Bluedart,788.95,Lost,3,2022-07
Shp004449,Ord004449,2023-05-05,2023-05-08,Bluedart,767.42,Delivered,3,2023-05
Shp004450,Ord004450,2022-12-19,2022-12-25,Indiapost,683.37,Delayed,6,2022-12
Shp004451,Ord004451,2022-02-16,2022-02-18,Dtdc,505.85,Lost,2,2022-02
Shp004452,Ord004452,2023-06-20,2023-06-23,Delhivery,813.37,Delayed,3,2023-06
Shp004453,Ord004453,2023-03-27,2023-03-30,Delhivery,542.88,Returned To Origin,3,2023-03
Shp004454,Ord004454,2023-05-03,2023-05-10,Xpressbees,497.13,In Transit,7,2023-05
Shp004455,Ord004455,2024-04-13,2024-04-19,Ekart,437.17,In Transit,6,2024-04
Shp004456,Ord004456,2022-11-18,2022-11-25,Xpressbees,647.05,Lost,7,2022-11
Shp004457,Ord004457,2023-10-02,2023-10-10,Fedex,346.41,In Transit,8,2023-10
Shp004459,Ord004459,2024-09-09,2024-09-14,Bluedart,531.27,Returned To Origin,5,2024-09
Shp004461,Ord004461,2023-11-07,2023-11-09,Delhivery,790.51,In Transit,2,2023-11
Shp004462,Ord004462,2024-02-13,2024-02-17,Bluedart,447.1,In Transit,4,2024-02
Shp004463,Ord004463,2023-08-02,2023-08-05,Ekart,860.52,Delayed,3,2023-08
Shp004464,Ord004464,2023-03-12,2023-03-19,Dtdc,148.06,Delayed,7,2023-03
Shp004467,Ord004467,2023-08-16,2023-08-24,Indiapost,876.89,Returned To Origin,8,2023-08
Shp004468,Ord004468,2024-12-10,2024-12-15,Ekart,315.32,Delivered,5,2024-12
Shp004469,Ord004469,2023-11-09,2023-11-16,Xpressbees,802.37,Delayed,7,2023-11
Shp004470,Ord004470,2024-08-10,2024-08-25,Dtdc,38.48,Delayed,15,2024-08
Shp004471,Ord004471,2023-05-26,2023-05-30,Delhivery,615.79,Delayed,4,2023-05
Shp004473,Ord004473,2023-02-21,2023-02-25,Ekart,422.51,Returned To Origin,4,2023-02
Shp004474,Ord004474,2024-11-19,2024-11-27,Delhivery,660.3,Delayed,8,2024-11
Shp004476,Ord004476,2024-08-28,2024-08-29,Bluedart,652.67,In Transit,1,2024-08
Shp004477,Ord004477,2023-05-07,2023-05-17,Xpressbees,644.95,Delivered,10,2023-05
Shp004478,Ord004478,2023-06-05,2023-06-08,Indiapost,579.73,In Transit,3,2023-06
Shp004479,Ord004479,2022-02-24,2022-02-27,Fedex,241.29,Lost,3,2022-02
Shp004480,Ord004480,2023-01-15,2023-01-19,Dtdc,892.75,Delivered,4,2023-01
Shp004481,Ord004481,2023-09-27,2023-10-03,Dtdc,235.62,Lost,6,2023-09
Shp004483,Ord004483,2023-11-12,2023-11-19,Ekart,652.78,Returned To Origin,7,2023-11
Shp004484,Ord004484,2023-06-10,2023-06-13,Bluedart,542.08,In Transit,3,2023-06
Shp004485,Ord004485,2024-01-08,2024-01-18,Delhivery,678.61,Returned To Origin,10,2024-01
Shp004486,Ord004486,2024-01-09,2024-01-16,Indiapost,131.12,Delivered,7,2024-01
Shp004487,Ord004487,2023-09-17,2023-09-24,Delhivery,287.14,Lost,7,2023-09
Shp004488,Ord004488,2022-06-26,2022-07-04,Delhivery,832.2,In Transit,8,2022-06
Shp004489,Ord004489,2022-04-25,2022-05-05,Xpressbees,460.33,Delayed,10,2022-04
Shp004490,Ord004490,2023-11-06,2023-11-09,Indiapost,816.83,Lost,3,2023-11
Shp004492,Ord004492,2023-04-01,2023-04-04,Fedex,262.01,Delivered,3,2023-04
Shp004493,Ord004493,2024-03-07,2024-03-12,Fedex,185.99,In Transit,5,2024-03
Shp004494,Ord004494,2024-12-27,2024-12-31,Bluedart,292.6,Lost,4,2024-12
Shp004495,Ord004495,2023-03-09,2023-03-15,Ekart,768.57,Returned To Origin,6,2023-03
Shp004497,Ord004497,2024-06-13,2024-06-21,Bluedart,170.66,Lost,8,2024-06
Shp004498,Ord004498,2024-05-13,2024-05-19,Ekart,692.63,Delivered,6,2024-05
Shp004499,Ord004499,2022-04-13,2022-04-28,Bluedart,569.47,Lost,15,2022-04
Shp004501,Ord004501,2022-04-24,2022-04-27,Xpressbees,230.04,Delayed,3,2022-04
Shp004502,Ord004502,2022-07-30,2022-08-14,Delhivery,535.16,In Transit,15,2022-07
Shp004504,Ord004504,2024-03-08,2024-03-11,Ekart,254.57,Lost,3,2024-03
Shp004505,Ord004505,2023-10-14,2023-10-24,Delhivery,767.9,Lost,10,2023-10
Shp004506,Ord004506,2022-02-15,2022-02-18,Delhivery,384.13,Lost,3,2022-02
Shp004507,Ord004507,2023-12-09,2023-12-12,Bluedart,337.61,Delayed,3,2023-12
Shp004508,Ord004508,2024-08-23,2024-08-26,Ekart,650.25,Delivered,3,2024-08
Shp004509,Ord004509,2022-09-15,2022-09-30,Ekart,896.3,Returned To Origin,15,2022-09
Shp004510,Ord004510,2022-04-16,2022-05-01,Dtdc,881.06,Delivered,15,2022-04
Shp004511,Ord004511,2024-08-19,2024-08-24,Indiapost,51.19,Delayed,5,2024-08
Shp004512,Ord004512,2022-04-12,2022-04-15,Fedex,187.85,Delayed,3,2022-04
Shp004513,Ord004513,2024-09-02,2024-09-12,Dtdc,430.57,Delayed,10,2024-09
Shp004514,Ord004514,2023-09-03,2023-09-11,Bluedart,609.99,In Transit,8,2023-09
Shp004515,Ord004515,2024-09-25,2024-10-05,Dtdc,195.65,Lost,10,2024-09
Shp004516,Ord004516,2023-02-01,2023-02-16,Fedex,406.69,Lost,15,2023-02
Shp004517,Ord004517,2024-12-18,2024-12-20,Delhivery,166.22,Delivered,2,2024-12
Shp004518,Ord004518,2024-11-15,2024-11-19,Fedex,758.66,Delayed,4,2024-11
Shp004519,Ord004519,2024-11-07,2024-11-14,Xpressbees,282.96,Delivered,7,2024-11
Shp004520,Ord004520,2024-08-31,2024-09-03,Fedex,760.31,Delivered,3,2024-08
Shp004521,Ord004521,2023-03-04,2023-03-14,Bluedart,873.69,Delayed,10,2023-03
Shp004522,Ord004522,2024-02-05,2024-02-11,Fedex,644.57,Delayed,6,2024-02
Shp004524,Ord004524,2024-09-22,2024-09-27,Dtdc,346.54,Returned To Origin,5,2024-09
Shp004525,Ord004525,2024-06-23,2024-06-24,Fedex,,Delayed,1,2024-06
Shp004526,Ord004526,2023-08-15,2023-08-23,Bluedart,521.84,Delivered,8,2023-08
Shp004527,Ord004527,2023-02-03,2023-02-06,Bluedart,357.06,Returned To Origin,3,2023-02
Shp004529,Ord004529,2022-02-17,2022-03-04,Bluedart,831.68,Delayed,15,2022-02
Shp004530,Ord004530,2022-01-16,2022-01-17,Delhivery,191.36,Delayed,1,2022-01
Shp004531,Ord004531,2024-06-25,2024-06-29,Xpressbees,137.42,Delivered,4,2024-06
Shp004532,Ord004532,2023-12-26,2024-01-02,Ekart,588.77,Returned To Origin,7,2023-12
Shp004533,Ord004533,2023-11-01,2023-11-02,Ekart,425.79,Delivered,1,2023-11
Shp004534,Ord004534,2024-04-10,2024-04-20,Dtdc,125.15,In Transit,10,2024-04
Shp004535,Ord004535,2022-04-03,2022-04-08,Dtdc,639.14,Returned To Origin,5,2022-04
Shp004536,Ord004536,2022-01-30,2022-02-14,Indiapost,197.26,Delivered,15,2022-01
Shp004537,Ord004537,2022-03-18,2022-03-21,Dtdc,298.59,In Transit,3,2022-03
Shp004538,Ord004538,2023-01-21,2023-01-25,Indiapost,738.8,Lost,4,2023-01
Shp004539,Ord004539,2023-11-21,2023-11-24,Xpressbees,638.76,Returned To Origin,3,2023-11
Shp004540,Ord004540,2022-11-16,2022-11-24,Xpressbees,122.33,Delivered,8,2022-11
Shp004541,Ord004541,2022-03-06,2022-03-12,Dtdc,736.03,Lost,6,2022-03
Shp004542,Ord004542,2023-05-07,2023-05-22,Bluedart,479.32,Lost,15,2023-05
Shp004543,Ord004543,2024-03-01,2024-03-07,Xpressbees,839.66,Returned To Origin,6,2024-03
Shp004544,Ord004544,2024-04-13,2024-04-28,Delhivery,699.76,In Transit,15,2024-04
Shp004545,Ord004545,2022-04-23,2022-04-26,Delhivery,357.9,Lost,3,2022-04
Shp004549,Ord004549,2024-05-29,2024-06-01,Indiapost,181.88,In Transit,3,2024-05
Shp004550,Ord004550,2022-11-11,2022-11-21,Xpressbees,109.63,In Transit,10,2022-11
Shp004553,Ord004553,2023-12-29,2023-12-31,Bluedart,413.5,Returned To Origin,2,2023-12
Shp004554,Ord004554,2023-07-12,2023-07-16,Ekart,378.01,Lost,4,2023-07
Shp004555,Ord004555,2022-04-16,2022-04-22,Bluedart,291.34,Delivered,6,2022-04
Shp004556,Ord004556,2022-06-11,2022-06-14,Xpressbees,186.74,In Transit,3,2022-06
Shp004557,Ord004557,2023-07-22,2023-07-26,Delhivery,755.25,Delayed,4,2023-07
Shp004558,Ord004558,2023-02-25,2023-02-28,Indiapost,428.24,Lost,3,2023-02
Shp004559,Ord004559,2022-05-31,2022-06-05,Dtdc,270.66,Lost,5,2022-05
Shp004560,Ord004560,2022-02-25,2022-02-27,Dtdc,493.56,Delivered,2,2022-02
Shp004562,Ord004562,2023-02-08,2023-02-16,Bluedart,356.11,In Transit,8,2023-02
Shp004563,Ord004563,2024-12-14,2024-12-29,Delhivery,522.63,In Transit,15,2024-12
Shp004564,Ord004564,2024-10-17,2024-10-18,Bluedart,827.93,In Transit,1,2024-10
Shp004565,Ord004565,2022-06-10,2022-06-16,Xpressbees,517.54,In Transit,6,2022-06
Shp004566,Ord004566,2022-08-13,2022-08-17,Indiapost,320.72,Lost,4,2022-08
Shp004568,Ord004568,2024-08-10,2024-08-17,Ekart,297.58,Delivered,7,2024-08
Shp004569,Ord004569,2022-09-28,2022-10-01,Indiapost,563.54,In Transit,3,2022-09
Shp004570,Ord004570,2022-04-23,2022-04-30,Ekart,857.12,Delayed,7,2022-04
Shp004571,Ord004571,2023-01-10,2023-01-14,Dtdc,384.84,Lost,4,2023-01
Shp004572,Ord004572,2024-04-01,2024-04-03,Ekart,66.92,Lost,2,2024-04
Shp004573,Ord004573,2023-03-04,2023-03-14,Ekart,721.49,Delayed,10,2023-03
Shp004574,Ord004574,2022-05-17,2022-05-24,Fedex,267.37,Returned To Origin,7,2022-05
Shp004575,Ord004575,2025-01-02,2025-01-08,Dtdc,879.26,Lost,6,2025-01
Shp004576,Ord004576,2022-06-06,2022-06-16,Dtdc,223.88,In Transit,10,2022-06
Shp004577,Ord004577,2024-04-28,2024-04-30,Ekart,376.21,Delayed,2,2024-04
Shp004579,Ord004579,2024-03-17,2024-04-01,Delhivery,639.88,Returned To Origin,15,2024-03
Shp004582,Ord004582,2022-10-21,2022-10-25,Bluedart,686.11,Delayed,4,2022-10
Shp004583,Ord004583,2022-08-20,2022-08-24,Fedex,135.94,In Transit,4,2022-08
Shp004584,Ord004584,2022-01-25,2022-01-28,Fedex,354.37,In Transit,3,2022-01
Shp004585,Ord004585,2024-06-23,2024-06-29,Dtdc,399.11,Delayed,6,2024-06
Shp004586,Ord004586,2022-08-24,2022-08-27,Indiapost,246.47,In Transit,3,2022-08
Shp004587,Ord004587,2024-12-17,2024-12-27,Xpressbees,888.07,Returned To Origin,10,2024-12
Shp004588,Ord004588,2024-09-16,2024-09-23,Ekart,651.99,In Transit,7,2024-09
Shp004589,Ord004589,2023-07-08,2023-07-10,Ekart,412.42,Delayed,2,2023-07
Shp004590,Ord004590,2023-02-02,2023-02-10,Xpressbees,251.55,Lost,8,2023-02
Shp004591,Ord004591,2022-05-24,2022-05-28,Xpressbees,97.63,In Transit,4,2022-05
Shp004592,Ord004592,2022-02-17,2022-02-23,Xpressbees,321.34,Lost,6,2022-02
Shp004593,Ord004593,2022-03-11,2022-03-21,Ekart,794.49,Delivered,10,2022-03
Shp004594,Ord004594,2023-10-24,2023-10-26,Fedex,39.77,Delivered,2,2023-10
Shp004596,Ord004596,2022-04-19,2022-04-26,Fedex,824.43,Returned To Origin,7,2022-04
Shp004597,Ord004597,2023-12-27,2024-01-02,Bluedart,334.27,In Transit,6,2023-12
Shp004598,Ord004598,2023-10-27,2023-10-31,Delhivery,569.34,Delayed,4,2023-10
Shp004599,Ord004599,2024-07-19,2024-07-25,Indiapost,690.18,Lost,6,2024-07
Shp004601,Ord004601,2024-05-18,2024-05-22,Xpressbees,619.57,In Transit,4,2024-05
Shp004605,Ord004605,2022-11-08,2022-11-16,Fedex,413.08,Delivered,8,2022-11
Shp004606,Ord004606,2024-01-22,2024-02-06,Bluedart,467.28,Returned To Origin,15,2024-01
Shp004607,Ord004607,2022-07-17,2022-07-18,Ekart,195.43,In Transit,1,2022-07
Shp004608,Ord004608,2023-09-04,2023-09-08,Xpressbees,114.22,Delivered,4,2023-09
Shp004609,Ord004609,2024-04-07,2024-04-10,Fedex,314.16,In Transit,3,2024-04
Shp004611,Ord004611,2024-10-30,2024-11-14,Dtdc,897.93,Delivered,15,2024-10
Shp004612,Ord004612,2023-03-24,2023-03-28,Delhivery,142.48,Delivered,4,2023-03
Shp004613,Ord004613,2024-09-27,2024-09-29,Fedex,,In Transit,2,2024-09
Shp004614,Ord004614,2023-09-17,2023-09-24,Indiapost,227.83,Delayed,7,2023-09
Shp004615,Ord004615,2022-01-10,2022-01-13,Delhivery,40.64,In Transit,3,2022-01
Shp004616,Ord004616,2023-11-21,2023-11-22,Delhivery,759.13,Delayed,1,2023-11
Shp004617,Ord004617,2024-07-04,2024-07-05,Indiapost,602.65,Delivered,1,2024-07
Shp004618,Ord004618,2024-07-04,2024-07-08,Bluedart,705.71,Delivered,4,2024-07
Shp004619,Ord004619,2022-12-19,2022-12-24,Xpressbees,58.51,Returned To Origin,5,2022-12
Shp004620,Ord004620,2022-02-27,2022-03-05,Delhivery,112.36,Delayed,6,2022-02
Shp004622,Ord004622,2023-06-11,2023-06-14,Indiapost,153.04,Delivered,3,2023-06
Shp004623,Ord004623,2022-12-02,2022-12-06,Xpressbees,331.39,In Transit,4,2022-12
Shp004625,Ord004625,2022-07-23,2022-07-31,Delhivery,813.6,Delayed,8,2022-07
Shp004626,Ord004626,2023-01-30,2023-01-31,Ekart,671.93,Returned To Origin,1,2023-01
Shp004627,Ord004627,2023-08-17,2023-08-27,Xpressbees,,Lost,10,2023-08
Shp004628,Ord004628,2024-06-11,2024-06-21,Bluedart,530.6,In Transit,10,2024-06
Shp004629,Ord004629,2024-01-24,2024-01-29,Ekart,123.19,Delayed,5,2024-01
Shp004630,Ord004630,2023-04-23,2023-04-26,Dtdc,407.35,Returned To Origin,3,2023-04
Shp004631,Ord004631,2024-08-28,2024-09-07,Bluedart,313.27,Delayed,10,2024-08
Shp004633,Ord004633,2022-02-22,2022-02-25,Indiapost,472.09,In Transit,3,2022-02
Shp004635,Ord004635,2024-04-24,2024-04-25,Fedex,771.77,Delivered,1,2024-04
Shp004636,Ord004636,2022-11-22,2022-11-26,Delhivery,259.48,Lost,4,2022-11
Shp004638,Ord004638,2023-08-02,2023-08-07,Delhivery,,Lost,5,2023-08
Shp004639,Ord004639,2023-07-23,2023-07-31,Ekart,76.44,Delayed,8,2023-07
Shp004640,Ord004640,2022-01-14,2022-01-15,Delhivery,84.39,Delayed,1,2022-01
Shp004641,Ord004641,2022-01-08,2022-01-14,Ekart,707.81,Returned To Origin,6,2022-01
Shp004642,Ord004642,2023-08-17,2023-08-23,Dtdc,516.78,Returned To Origin,6,2023-08
Shp004643,Ord004643,2023-12-12,2023-12-18,Fedex,834.21,Delivered,6,2023-12
Shp004644,Ord004644,2023-05-30,2023-06-05,Dtdc,814.15,Lost,6,2023-05
Shp004645,Ord004645,2023-07-20,2023-07-23,Bluedart,501.21,Delivered,3,2023-07
Shp004646,Ord004646,2023-10-03,2023-10-06,Indiapost,600.64,Delivered,3,2023-10
Shp004647,Ord004647,2023-10-20,2023-10-27,Delhivery,,Delivered,7,2023-10
Shp004648,Ord004648,2023-05-08,2023-05-10,Indiapost,86.27,Lost,2,2023-05
Shp004649,Ord004649,2024-11-06,2024-11-10,Ekart,888.05,Delayed,4,2024-11
Shp004650,Ord004650,2023-04-20,2023-04-26,Dtdc,440.54,Delivered,6,2023-04
Shp004652,Ord004652,2022-04-14,2022-04-15,Dtdc,801.36,Lost,1,2022-04
Shp004653,Ord004653,2023-08-26,2023-08-30,Fedex,594.63,Delayed,4,2023-08
Shp004654,Ord004654,2023-08-02,2023-08-07,Ekart,567.65,In Transit,5,2023-08
Shp004655,Ord004655,2022-05-29,2022-06-01,Fedex,703.69,Delivered,3,2022-05
Shp004658,Ord004658,2022-07-14,2022-07-17,Bluedart,849.88,Delayed,3,2022-07
Shp004660,Ord004660,2022-12-27,2023-01-06,Ekart,884.52,Delivered,10,2022-12
Shp004661,Ord004661,2024-12-24,2024-12-28,Fedex,759.36,Delayed,4,2024-12
Shp004662,Ord004662,2024-12-04,2024-12-12,Fedex,606.36,Lost,8,2024-12
Shp004663,Ord004663,2023-04-07,2023-04-10,Delhivery,772.77,Delayed,3,2023-04
Shp004664,Ord004664,2023-12-07,2023-12-11,Xpressbees,485.89,Returned To Origin,4,2023-12
Shp004665,Ord004665,2024-12-15,2024-12-21,Fedex,235.63,Delayed,6,2024-12
Shp004666,Ord004666,2022-11-15,2022-11-20,Delhivery,564.08,Returned To Origin,5,2022-11
Shp004667,Ord004667,2024-08-06,2024-08-12,Fedex,730.01,Lost,6,2024-08
Shp004668,Ord004668,2023-11-02,2023-11-07,Ekart,840.52,Lost,5,2023-11
Shp004669,Ord004669,2023-08-25,2023-08-28,Indiapost,186.18,Returned To Origin,3,2023-08
Shp004670,Ord004670,2023-08-24,2023-08-27,Dtdc,196.9,Returned To Origin,3,2023-08
Shp004671,Ord004671,2024-10-24,2024-11-08,Delhivery,571.79,Delivered,15,2024-10
Shp004672,Ord004672,2024-11-20,2024-11-22,Indiapost,546.98,Lost,2,2024-11
Shp004673,Ord004673,2022-08-03,2022-08-06,Delhivery,235.26,Lost,3,2022-08
Shp004674,Ord004674,2023-07-03,2023-07-05,Xpressbees,751.99,Lost,2,2023-07
Shp004675,Ord004675,2022-04-21,2022-04-24,Indiapost,512.52,Lost,3,2022-04
Shp004676,Ord004676,2024-07-18,2024-07-21,Fedex,767.68,Lost,3,2024-07
Shp004677,Ord004677,2024-07-21,2024-07-24,Fedex,276.95,Delivered,3,2024-07
Shp004678,Ord004678,2022-03-24,2022-03-30,Indiapost,129.72,Delayed,6,2022-03
Shp004679,Ord004679,2022-09-28,2022-10-13,Ekart,181.04,Returned To Origin,15,2022-09
Shp004681,Ord004681,2024-09-14,2024-09-29,Bluedart,633.82,Lost,15,2024-09
Shp004682,Ord004682,2022-06-25,2022-06-30,Xpressbees,828.11,In Transit,5,2022-06
Shp004683,Ord004683,2024-08-26,2024-09-02,Indiapost,835.91,Lost,7,2024-08
Shp004684,Ord004684,2022-03-31,2022-04-03,Fedex,601.68,Lost,3,2022-03
Shp004685,Ord004685,2024-05-10,2024-05-16,Ekart,620.29,Delivered,6,2024-05
Shp004686,Ord004686,2023-08-14,2023-08-22,Xpressbees,757.07,In Transit,8,2023-08
Shp004687,Ord004687,2022-12-02,2022-12-10,Bluedart,613.68,Returned To Origin,8,2022-12
Shp004689,Ord004689,2023-03-20,2023-03-23,Dtdc,192.09,Returned To Origin,3,2023-03
Shp004691,Ord004691,2022-04-05,2022-04-12,Dtdc,43.63,Delivered,7,2022-04
Shp004692,Ord004692,2022-09-24,2022-09-27,Indiapost,712.04,In Transit,3,2022-09
Shp004693,Ord004693,2024-09-02,2024-09-07,Indiapost,300.32,Lost,5,2024-09
Shp004694,Ord004694,2023-05-16,2023-05-24,Fedex,636.37,In Transit,8,2023-05
Shp004695,Ord004695,2023-12-04,2023-12-05,Bluedart,525.61,Returned To Origin,1,2023-12
Shp004698,Ord004698,2022-01-11,2022-01-14,Xpressbees,749.62,Lost,3,2022-01
Shp004699,Ord004699,2022-08-22,2022-08-24,Ekart,180.81,Returned To Origin,2,2022-08
Shp004701,Ord004701,2022-12-25,2022-12-28,Dtdc,757.53,Lost,3,2022-12
Shp004703,Ord004703,2023-04-25,2023-05-01,Bluedart,551.87,Delivered,6,2023-04
Shp004704,Ord004704,2023-03-09,2023-03-13,Bluedart,898.44,Delayed,4,2023-03
Shp004706,Ord004706,2024-01-14,2024-01-19,Fedex,481.67,In Transit,5,2024-01
Shp004707,Ord004707,2022-02-09,2022-02-24,Indiapost,769.63,Delivered,15,2022-02
Shp004708,Ord004708,2024-09-29,2024-10-02,Ekart,89.39,Returned To Origin,3,2024-09
Shp004709,Ord004709,2022-04-29,2022-05-07,Ekart,214.7,Delivered,8,2022-04
Shp004710,Ord004710,2023-07-16,2023-07-17,Bluedart,407.56,In Transit,1,2023-07
Shp004712,Ord004712,2024-04-18,2024-04-21,Delhivery,802.57,Returned To Origin,3,2024-04
Shp004714,Ord004714,2023-02-06,2023-02-10,Indiapost,369.46,Delayed,4,2023-02
Shp004715,Ord004715,2023-09-25,2023-09-29,Indiapost,844.85,Lost,4,2023-09
Shp004716,Ord004716,2022-07-18,2022-07-24,Dtdc,800.78,In Transit,6,2022-07
Shp004719,Ord004719,2022-05-21,2022-05-28,Indiapost,728.17,Delivered,7,2022-05
Shp004720,Ord004720,2022-09-24,2022-09-28,Bluedart,432.9,Delayed,4,2022-09
Shp004721,Ord004721,2024-03-06,2024-03-07,Delhivery,572.16,Returned To Origin,1,2024-03
Shp004722,Ord004722,2024-04-14,2024-04-21,Ekart,653.28,Returned To Origin,7,2024-04
Shp004723,Ord004723,2022-05-03,2022-05-06,Bluedart,514.08,Delayed,3,2022-05
Shp004724,Ord004724,2024-06-09,2024-06-16,Ekart,838.83,Delayed,7,2024-06
Shp004725,Ord004725,2024-06-27,2024-07-07,Indiapost,478.33,Delivered,10,2024-06
Shp004726,Ord004726,2023-08-30,2023-09-02,Ekart,602.98,In Transit,3,2023-08
Shp004727,Ord004727,2023-07-13,2023-07-21,Indiapost,390.4,Lost,8,2023-07
Shp004728,Ord004728,2022-01-14,2022-01-19,Ekart,435.57,Lost,5,2022-01
Shp004729,Ord004729,2022-08-13,2022-08-20,Xpressbees,321.36,Lost,7,2022-08
Shp004730,Ord004730,2022-07-13,2022-07-16,Xpressbees,301.33,Delivered,3,2022-07
Shp004731,Ord004731,2024-05-17,2024-05-21,Delhivery,149.12,Returned To Origin,4,2024-05
Shp004732,Ord004732,2022-03-25,2022-04-01,Xpressbees,697.31,Delivered,7,2022-03
Shp004733,Ord004733,2022-01-10,2022-01-25,Ekart,44.98,Lost,15,2022-01
Shp004734,Ord004734,2024-10-01,2024-10-05,Ekart,125.05,Lost,4,2024-10
Shp004735,Ord004735,2022-10-19,2022-10-27,Fedex,349.1,Returned To Origin,8,2022-10
Shp004736,Ord004736,2023-01-17,2023-01-22,Indiapost,672.52,Delivered,5,2023-01
Shp004738,Ord004738,2022-06-27,2022-06-30,Xpressbees,500.38,Delivered,3,2022-06
Shp004739,Ord004739,2022-05-18,2022-05-28,Bluedart,757.93,Delivered,10,2022-05
Shp004740,Ord004740,2023-06-14,2023-06-18,Delhivery,411.99,In Transit,4,2023-06
Shp004741,Ord004741,2024-04-16,2024-04-21,Delhivery,176.7,In Transit,5,2024-04
Shp004742,Ord004742,2022-12-05,2022-12-06,Ekart,,Delivered,1,2022-12
Shp004743,Ord004743,2022-06-16,2022-06-19,Bluedart,351.19,Delayed,3,2022-06
Shp004744,Ord004744,2022-10-04,2022-10-11,Delhivery,306.72,Lost,7,2022-10
Shp004745,Ord004745,2023-04-05,2023-04-10,Indiapost,483.74,Delayed,5,2023-04
Shp004746,Ord004746,2022-09-13,2022-09-16,Indiapost,407.51,Returned To Origin,3,2022-09
Shp004747,Ord004747,2023-08-01,2023-08-09,Indiapost,286.59,Lost,8,2023-08
Shp004748,Ord004748,2022-05-26,2022-05-29,Fedex,781.43,In Transit,3,2022-05
Shp004749,Ord004749,2022-03-26,2022-03-29,Dtdc,61.41,Returned To Origin,3,2022-03
Shp004750,Ord004750,2023-04-10,2023-04-13,Indiapost,636.61,Delivered,3,2023-04
Shp004751,Ord004751,2024-04-22,2024-04-29,Bluedart,299.94,In Transit,7,2024-04
Shp004752,Ord004752,2024-08-13,2024-08-18,Bluedart,273.27,Returned To Origin,5,2024-08
Shp004756,Ord004756,2024-07-07,2024-07-10,Indiapost,260.85,In Transit,3,2024-07
Shp004757,Ord004757,2024-06-26,2024-07-06,Xpressbees,276.16,Returned To Origin,10,2024-06
Shp004758,Ord004758,2024-12-10,2024-12-14,Fedex,584.12,Returned To Origin,4,2024-12
Shp004759,Ord004759,2023-11-20,2023-11-26,Indiapost,365.23,Returned To Origin,6,2023-11
Shp004760,Ord004760,2022-09-18,2022-10-03,Fedex,420.04,Delayed,15,2022-09
Shp004761,Ord004761,2023-07-09,2023-07-16,Bluedart,291.65,Lost,7,2023-07
Shp004762,Ord004762,2022-11-01,2022-11-05,Indiapost,745.31,Lost,4,2022-11
Shp004764,Ord004764,2023-02-05,2023-02-08,Indiapost,711.01,Returned To Origin,3,2023-02
Shp004765,Ord004765,2024-12-22,2024-12-28,Delhivery,157.37,Delivered,6,2024-12
Shp004766,Ord004766,2023-12-15,2023-12-19,Dtdc,378.19,Lost,4,2023-12
Shp004767,Ord004767,2022-10-14,2022-10-17,Ekart,185.2,Returned To Origin,3,2022-10
Shp004768,Ord004768,2022-04-13,2022-04-20,Fedex,479.71,In Transit,7,2022-04
Shp004769,Ord004769,2022-09-11,2022-09-16,Delhivery,622.06,Lost,5,2022-09
Shp004771,Ord004771,2023-07-21,2023-07-24,Dtdc,238.12,Delivered,3,2023-07
Shp004772,Ord004772,2022-09-16,2022-09-21,Indiapost,621.55,Delayed,5,2022-09
Shp004773,Ord004773,2023-06-03,2023-06-06,Bluedart,140.89,Lost,3,2023-06
Shp004774,Ord004774,2024-11-11,2024-11-12,Ekart,858.01,In Transit,1,2024-11
Shp004775,Ord004775,2024-10-29,2024-11-01,Ekart,189.39,Returned To Origin,3,2024-10
Shp004777,Ord004777,2024-10-02,2024-10-17,Indiapost,687.91,Delayed,15,2024-10
Shp004778,Ord004778,2023-02-03,2023-02-05,Fedex,453.03,Lost,2,2023-02
Shp004779,Ord004779,2024-11-08,2024-11-18,Bluedart,605.98,Returned To Origin,10,2024-11
Shp004780,Ord004780,2022-12-18,2022-12-25,Ekart,309.55,Delayed,7,2022-12
Shp004781,Ord004781,2022-10-29,2022-11-05,Dtdc,744.34,Delivered,7,2022-10
Shp004782,Ord004782,2023-11-26,2023-12-02,Ekart,381.54,Delivered,6,2023-11
Shp004783,Ord004783,2022-11-12,2022-11-13,Fedex,492.77,Delivered,1,2022-11
Shp004784,Ord004784,2023-12-05,2023-12-20,Xpressbees,557.45,Returned To Origin,15,2023-12
Shp004785,Ord004785,2024-06-18,2024-06-20,Fedex,602.85,Delivered,2,2024-06
Shp004786,Ord004786,2024-03-02,2024-03-05,Xpressbees,320.75,Delayed,3,2024-03
Shp004787,Ord004787,2022-07-03,2022-07-07,Ekart,883.55,Returned To Origin,4,2022-07
Shp004788,Ord004788,2022-06-23,2022-07-01,Delhivery,864.98,Delayed,8,2022-06
Shp004789,Ord004789,2022-03-24,2022-03-29,Dtdc,581.41,Lost,5,2022-03
Shp004790,Ord004790,2022-03-27,2022-03-29,Xpressbees,283.02,Delivered,2,2022-03
Shp004791,Ord004791,2022-06-05,2022-06-08,Fedex,384.12,Delayed,3,2022-06
Shp004792,Ord004792,2024-05-28,2024-06-04,Bluedart,488.0,Delayed,7,2024-05
Shp004794,Ord004794,2023-12-24,2023-12-28,Bluedart,739.54,In Transit,4,2023-12
Shp004795,Ord004795,2024-10-22,2024-10-25,Indiapost,311.04,Returned To Origin,3,2024-10
Shp004796,Ord004796,2024-02-05,2024-02-12,Dtdc,449.43,Returned To Origin,7,2024-02
Shp004797,Ord004797,2022-06-20,2022-06-27,Bluedart,344.82,Returned To Origin,7,2022-06
Shp004798,Ord004798,2023-04-28,2023-05-01,Indiapost,234.83,Returned To Origin,3,2023-04
Shp004799,Ord004799,2024-06-06,2024-06-12,Fedex,787.31,Delayed,6,2024-06
Shp004801,Ord004801,2023-12-26,2024-01-03,Indiapost,79.76,Lost,8,2023-12
Shp004802,Ord004802,2024-02-03,2024-02-10,Dtdc,108.57,Delayed,7,2024-02
Shp004803,Ord004803,2023-02-24,2023-02-25,Delhivery,357.76,Lost,1,2023-02
Shp004804,Ord004804,2022-08-16,2022-08-26,Xpressbees,835.35,Delivered,10,2022-08
Shp004805,Ord004805,2024-05-29,2024-06-02,Xpressbees,313.82,Delivered,4,2024-05
Shp004807,Ord004807,2022-04-07,2022-04-11,Fedex,517.0,In Transit,4,2022-04
Shp004808,Ord004808,2022-04-18,2022-04-28,Xpressbees,447.81,Delivered,10,2022-04
Shp004809,Ord004809,2024-01-02,2024-01-08,Bluedart,146.03,Delivered,6,2024-01
Shp004810,Ord004810,2024-08-02,2024-08-08,Indiapost,316.38,Delivered,6,2024-08
Shp004811,Ord004811,2023-10-24,2023-10-31,Dtdc,285.47,Delivered,7,2023-10
Shp004812,Ord004812,2022-05-26,2022-06-02,Delhivery,250.99,Returned To Origin,7,2022-05
Shp004813,Ord004813,2024-01-13,2024-01-23,Dtdc,101.69,Lost,10,2024-01
Shp004814,Ord004814,2022-05-10,2022-05-25,Delhivery,131.72,In Transit,15,2022-05
Shp004816,Ord004816,2023-01-04,2023-01-11,Dtdc,534.59,In Transit,7,2023-01
Shp004817,Ord004817,2024-05-22,2024-05-29,Bluedart,402.56,In Transit,7,2024-05
Shp004818,Ord004818,2023-12-30,2024-01-02,Bluedart,253.91,Returned To Origin,3,2023-12
Shp004819,Ord004819,2023-01-30,2023-02-02,Delhivery,176.62,Lost,3,2023-01
Shp004820,Ord004820,2024-01-15,2024-01-25,Xpressbees,301.47,Returned To Origin,10,2024-01
Shp004821,Ord004821,2023-02-22,2023-02-27,Ekart,817.66,Delivered,5,2023-02
Shp004823,Ord004823,2024-09-09,2024-09-19,Bluedart,55.18,Lost,10,2024-09
Shp004824,Ord004824,2023-11-21,2023-11-23,Indiapost,883.07,Delayed,2,2023-11
Shp004827,Ord004827,2023-11-17,2023-11-22,Dtdc,619.51,In Transit,5,2023-11
Shp004828,Ord004828,2024-04-09,2024-04-14,Indiapost,805.45,Returned To Origin,5,2024-04
Shp004830,Ord004830,2022-06-25,2022-07-02,Ekart,461.1,Delayed,7,2022-06
Shp004831,Ord004831,2023-07-13,2023-07-21,Fedex,453.84,Delivered,8,2023-07
Shp004832,Ord004832,2023-01-18,2023-01-21,Indiapost,95.41,Delivered,3,2023-01
Shp004833,Ord004833,2022-10-31,2022-11-07,Ekart,393.85,Delivered,7,2022-10
Shp004834,Ord004834,2024-10-28,2024-10-31,Indiapost,220.64,Lost,3,2024-10
Shp004835,Ord004835,2023-07-20,2023-07-27,Bluedart,395.28,Returned To Origin,7,2023-07
Shp004837,Ord004837,2023-08-10,2023-08-12,Delhivery,354.61,Returned To Origin,2,2023-08
Shp004839,Ord004839,2022-05-20,2022-05-27,Indiapost,353.88,Returned To Origin,7,2022-05
Shp004840,Ord004840,2023-12-25,2024-01-09,Ekart,33.52,Delayed,15,2023-12
Shp004842,Ord004842,2024-04-09,2024-04-24,Indiapost,330.84,Lost,15,2024-04
Shp004843,Ord004843,2022-06-11,2022-06-16,Ekart,519.54,In Transit,5,2022-06
Shp004845,Ord004845,2023-01-17,2023-01-25,Fedex,559.49,Returned To Origin,8,2023-01
Shp004846,Ord004846,2022-07-04,2022-07-10,Ekart,352.83,Returned To Origin,6,2022-07
Shp004847,Ord004847,2024-10-25,2024-11-04,Delhivery,241.06,Delayed,10,2024-10
Shp004848,Ord004848,2023-04-23,2023-04-24,Dtdc,122.87,Delayed,1,2023-04
Shp004849,Ord004849,2022-11-28,2022-12-08,Bluedart,80.99,Lost,10,2022-11
Shp004850,Ord004850,2024-04-09,2024-04-24,Delhivery,82.71,Returned To Origin,15,2024-04
Shp004851,Ord004851,2024-01-26,2024-01-27,Xpressbees,652.1,Returned To Origin,1,2024-01
Shp004852,Ord004852,2024-01-04,2024-01-05,Ekart,474.63,Returned To Origin,1,2024-01
Shp004853,Ord004853,2023-01-09,2023-01-15,Ekart,749.35,Delayed,6,2023-01
Shp004854,Ord004854,2024-09-03,2024-09-18,Xpressbees,721.89,Lost,15,2024-09
Shp004855,Ord004855,2023-02-28,2023-03-05,Fedex,566.95,Returned To Origin,5,2023-02
Shp004856,Ord004856,2024-04-26,2024-05-01,Dtdc,455.1,Returned To Origin,5,2024-04
Shp004857,Ord004857,2022-12-21,2022-12-22,Xpressbees,345.1,Delayed,1,2022-12
Shp004858,Ord004858,2022-10-21,2022-10-24,Bluedart,97.53,Delivered,3,2022-10
Shp004859,Ord004859,2024-04-01,2024-04-04,Indiapost,865.13,Delivered,3,2024-04
Shp004861,Ord004861,2024-02-06,2024-02-13,Xpressbees,616.48,In Transit,7,2024-02
Shp004862,Ord004862,2022-07-06,2022-07-09,Delhivery,899.56,Lost,3,2022-07
Shp004863,Ord004863,2024-02-17,2024-02-21,Xpressbees,141.52,Delivered,4,2024-02
Shp004864,Ord004864,2023-01-28,2023-01-31,Fedex,407.99,Returned To Origin,3,2023-01
Shp004867,Ord004867,2022-12-05,2022-12-20,Xpressbees,700.23,In Transit,15,2022-12
Shp004868,Ord004868,2024-09-06,2024-09-13,Ekart,264.13,Lost,7,2024-09
Shp004869,Ord004869,2024-07-23,2024-07-26,Delhivery,775.81,Returned To Origin,3,2024-07
Shp004870,Ord004870,2023-03-24,2023-03-27,Fedex,284.63,Delayed,3,2023-03
Shp004871,Ord004871,2024-04-21,2024-04-27,Fedex,514.52,Delivered,6,2024-04
Shp004872,Ord004872,2024-09-13,2024-09-16,Delhivery,415.01,Delayed,3,2024-09
Shp004873,Ord004873,2022-09-19,2022-09-21,Xpressbees,875.86,In Transit,2,2022-09
Shp004874,Ord004874,2024-11-14,2024-11-17,Indiapost,,Lost,3,2024-11
Shp004875,Ord004875,2024-07-31,2024-08-01,Fedex,229.6,Delayed,1,2024-07
Shp004876,Ord004876,2024-10-18,2024-10-19,Ekart,117.34,In Transit,1,2024-10
Shp004877,Ord004877,2022-06-01,2022-06-03,Delhivery,767.87,In Transit,2,2022-06
Shp004878,Ord004878,2024-12-18,2024-12-26,Bluedart,,Delayed,8,2024-12
Shp004879,Ord004879,2024-09-17,2024-09-22,Ekart,209.87,In Transit,5,2024-09
Shp004880,Ord004880,2023-09-30,2023-10-03,Delhivery,412.28,In Transit,3,2023-09
Shp004881,Ord004881,2022-12-07,2022-12-10,Bluedart,334.25,Delayed,3,2022-12
Shp004882,Ord004882,2022-10-01,2022-10-06,Ekart,802.39,Returned To Origin,5,2022-10
Shp004883,Ord004883,2023-11-27,2023-12-12,Delhivery,475.2,Lost,15,2023-11
Shp004884,Ord004884,2022-06-11,2022-06-14,Bluedart,346.63,Delayed,3,2022-06
Shp004885,Ord004885,2022-07-11,2022-07-18,Bluedart,170.1,Delivered,7,2022-07
Shp004886,Ord004886,2024-06-20,2024-06-26,Bluedart,587.92,Returned To Origin,6,2024-06
Shp004887,Ord004887,2022-06-27,2022-07-05,Indiapost,551.38,Returned To Origin,8,2022-06
Shp004888,Ord004888,2022-01-09,2022-01-15,Fedex,792.03,Delivered,6,2022-01
Shp004891,Ord004891,2022-03-27,2022-04-06,Xpressbees,280.17,Delayed,10,2022-03
Shp004892,Ord004892,2022-04-25,2022-05-10,Dtdc,33.75,Delayed,15,2022-04
Shp004894,Ord004894,2023-07-20,2023-07-21,Bluedart,127.97,Returned To Origin,1,2023-07
Shp004895,Ord004895,2024-12-29,2025-01-01,Dtdc,549.18,Delayed,3,2024-12
Shp004898,Ord004898,2024-06-25,2024-06-28,Indiapost,35.92,Returned To Origin,3,2024-06
Shp004900,Ord004900,2022-07-27,2022-07-29,Dtdc,583.84,Returned To Origin,2,2022-07
Shp004901,Ord004901,2022-01-15,2022-01-18,Xpressbees,362.48,Delayed,3,2022-01
Shp004902,Ord004902,2023-03-31,2023-04-06,Fedex,611.03,Delivered,6,2023-03
Shp004903,Ord004903,2024-06-21,2024-07-06,Xpressbees,310.53,Delivered,15,2024-06
Shp004904,Ord004904,2023-07-14,2023-07-17,Fedex,592.48,In Transit,3,2023-07
Shp004905,Ord004905,2023-01-14,2023-01-20,Delhivery,621.86,In Transit,6,2023-01
Shp004906,Ord004906,2024-01-15,2024-01-21,Fedex,596.88,Returned To Origin,6,2024-01
Shp004907,Ord004907,2022-03-08,2022-03-14,Delhivery,557.16,In Transit,6,2022-03
Shp004908,Ord004908,2022-09-19,2022-09-21,Indiapost,448.76,In Transit,2,2022-09
Shp004909,Ord004909,2024-09-17,2024-09-21,Ekart,399.48,Lost,4,2024-09
Shp004912,Ord004912,2024-09-13,2024-09-16,Dtdc,144.17,Lost,3,2024-09
Shp004915,Ord004915,2024-02-18,2024-02-22,Fedex,53.73,In Transit,4,2024-02
Shp004916,Ord004916,2024-01-29,2024-02-04,Xpressbees,166.64,Delayed,6,2024-01
Shp004917,Ord004917,2024-03-06,2024-03-09,Bluedart,648.61,Delivered,3,2024-03
Shp004920,Ord004920,2024-06-30,2024-07-03,Indiapost,70.85,Delayed,3,2024-06
Shp004921,Ord004921,2022-11-22,2022-12-02,Ekart,,Returned To Origin,10,2022-11
Shp004922,Ord004922,2024-03-03,2024-03-06,Bluedart,270.78,Lost,3,2024-03
Shp004925,Ord004925,2023-12-09,2023-12-15,Fedex,560.13,Delivered,6,2023-12
Shp004926,Ord004926,2024-07-18,2024-07-20,Fedex,456.6,In Transit,2,2024-07
Shp004927,Ord004927,2022-03-15,2022-03-20,Bluedart,310.63,Delivered,5,2022-03
Shp004929,Ord004929,2022-02-01,2022-02-09,Fedex,515.28,Delayed,8,2022-02
Shp004930,Ord004930,2023-03-02,2023-03-07,Ekart,803.08,In Transit,5,2023-03
Shp004931,Ord004931,2022-02-09,2022-02-12,Fedex,85.51,Delayed,3,2022-02
Shp004932,Ord004932,2022-05-10,2022-05-17,Bluedart,110.87,Delayed,7,2022-05
Shp004933,Ord004933,2024-03-03,2024-03-09,Fedex,696.36,Delayed,6,2024-03
Shp004934,Ord004934,2023-05-05,2023-05-09,Dtdc,745.85,Delivered,4,2023-05
Shp004935,Ord004935,2023-01-04,2023-01-10,Xpressbees,632.08,Returned To Origin,6,2023-01
Shp004936,Ord004936,2022-05-11,2022-05-19,Indiapost,890.35,Lost,8,2022-05
Shp004937,Ord004937,2023-06-24,2023-07-04,Ekart,752.23,In Transit,10,2023-06
Shp004938,Ord004938,2025-01-03,2025-01-18,Indiapost,,Delayed,15,2025-01
Shp004939,Ord004939,2022-12-13,2022-12-28,Delhivery,821.69,Returned To Origin,15,2022-12
Shp004940,Ord004940,2022-07-30,2022-08-09,Bluedart,719.77,Delayed,10,2022-07
Shp004941,Ord004941,2023-07-04,2023-07-07,Dtdc,627.32,Returned To Origin,3,2023-07
Shp004943,Ord004943,2023-06-14,2023-06-15,Fedex,251.72,In Transit,1,2023-06
Shp004944,Ord004944,2023-06-14,2023-06-17,Xpressbees,,Delivered,3,2023-06
Shp004945,Ord004945,2022-07-16,2022-07-24,Fedex,60.36,Lost,8,2022-07
Shp004946,Ord004946,2022-03-28,2022-03-30,Fedex,865.7,Delayed,2,2022-03
Shp004947,Ord004947,2023-06-21,2023-06-25,Bluedart,150.04,Delayed,4,2023-06
Shp004948,Ord004948,2022-05-31,2022-06-08,Bluedart,422.65,In Transit,8,2022-05
Shp004949,Ord004949,2022-12-31,2023-01-07,Indiapost,185.67,Delayed,7,2022-12
Shp004950,Ord004950,2024-08-22,2024-08-30,Bluedart,680.09,In Transit,8,2024-08
Shp004951,Ord004951,2022-07-06,2022-07-09,Bluedart,367.81,Delivered,3,2022-07
Shp004953,Ord004953,2024-08-14,2024-08-29,Indiapost,810.97,Lost,15,2024-08
Shp004954,Ord004954,2022-07-03,2022-07-04,Bluedart,895.97,Delivered,1,2022-07
Shp004955,Ord004955,2022-04-23,2022-04-27,Indiapost,297.18,Delayed,4,2022-04
Shp004956,Ord004956,2024-09-28,2024-09-29,Ekart,155.44,Delayed,1,2024-09
Shp004957,Ord004957,2023-06-06,2023-06-16,Indiapost,533.13,Returned To Origin,10,2023-06
Shp004958,Ord004958,2023-08-15,2023-08-23,Indiapost,686.39,Returned To Origin,8,2023-08
Shp004959,Ord004959,2024-03-03,2024-03-06,Fedex,824.06,Delayed,3,2024-03
Shp004960,Ord004960,2023-07-24,2023-07-26,Bluedart,292.32,Returned To Origin,2,2023-07
Shp004962,Ord004962,2022-03-13,2022-03-19,Fedex,369.43,Returned To Origin,6,2022-03
Shp004963,Ord004963,2024-03-26,2024-03-29,Delhivery,127.29,In Transit,3,2024-03
Shp004964,Ord004964,2023-08-16,2023-08-19,Delhivery,828.97,Returned To Origin,3,2023-08
Shp004967,Ord004967,2022-06-09,2022-06-14,Xpressbees,66.27,Delivered,5,2022-06
Shp004968,Ord004968,2024-06-05,2024-06-13,Delhivery,,Delayed,8,2024-06
Shp004969,Ord004969,2024-05-23,2024-05-26,Fedex,47.52,Delivered,3,2024-05
Shp004970,Ord004970,2023-05-31,2023-06-06,Indiapost,544.31,Delivered,6,2023-05
Shp004971,Ord004971,2022-04-28,2022-05-01,Fedex,644.06,Returned To Origin,3,2022-04
Shp004972,Ord004972,2022-11-16,2022-11-23,Dtdc,571.37,Delayed,7,2022-11
Shp004973,Ord004973,2024-02-20,2024-02-27,Delhivery,774.76,Delayed,7,2024-02
Shp004976,Ord004976,2022-08-19,2022-08-24,Delhivery,97.11,Lost,5,2022-08
Shp004977,Ord004977,2023-08-03,2023-08-13,Bluedart,877.15,Delivered,10,2023-08
Shp004978,Ord004978,2022-01-25,2022-01-27,Dtdc,518.93,Returned To Origin,2,2022-01
Shp004979,Ord004979,2024-03-23,2024-04-02,Ekart,362.18,Delivered,10,2024-03
Shp004980,Ord004980,2024-04-17,2024-04-21,Delhivery,55.86,In Transit,4,2024-04
Shp004981,Ord004981,2022-03-07,2022-03-08,Xpressbees,497.66,Delayed,1,2022-03
Shp004982,Ord004982,2024-11-09,2024-11-15,Fedex,559.3,In Transit,6,2024-11
Shp004983,Ord004983,2023-01-16,2023-01-19,Ekart,83.29,In Transit,3,2023-01
Shp004984,Ord004984,2024-05-27,2024-05-30,Dtdc,368.21,Delivered,3,2024-05
Shp004985,Ord004985,2024-10-14,2024-10-17,Fedex,344.57,Delivered,3,2024-10
Shp004986,Ord004986,2023-04-09,2023-04-19,Xpressbees,719.65,Delivered,10,2023-04
Shp004987,Ord004987,2024-09-09,2024-09-10,Indiapost,45.61,Lost,1,2024-09
Shp004988,Ord004988,2023-05-28,2023-06-05,Dtdc,79.14,Lost,8,2023-05
Shp004989,Ord004989,2024-02-13,2024-02-20,Fedex,880.66,Delayed,7,2024-02
Shp004990,Ord004990,2022-09-06,2022-09-21,Delhivery,871.15,Delayed,15,2022-09
Shp004991,Ord004991,2022-10-31,2022-11-08,Delhivery,598.51,In Transit,8,2022-10
Shp004992,Ord004992,2024-04-17,2024-04-18,Xpressbees,126.44,In Transit,1,2024-04
Shp004993,Ord004993,2023-05-03,2023-05-07,Bluedart,83.27,Lost,4,2023-05
Shp004994,Ord004994,2022-05-28,2022-05-31,Indiapost,440.82,In Transit,3,2022-05
Shp004995,Ord004995,2022-06-18,2022-06-23,Xpressbees,246.65,Delayed,5,2022-06
Shp004996,Ord004996,2023-03-01,2023-03-11,Bluedart,190.6,In Transit,10,2023-03
Shp004997,Ord004997,2022-02-18,2022-02-25,Indiapost,643.52,Lost,7,2022-02
Shp004998,Ord004998,2022-11-25,2022-11-29,Fedex,798.93,Lost,4,2022-11
Shp005000,Ord005000,2024-05-29,2024-06-13,Delhivery,805.28,Delivered,15,2024-05
Shp005001,Ord005001,2023-04-30,2023-05-06,Dtdc,483.12,Returned To Origin,6,2023-04
Shp005002,Ord005002,2022-03-21,2022-03-27,Fedex,207.72,Delivered,6,2022-03
Shp005003,Ord005003,2022-08-01,2022-08-05,Delhivery,177.26,Returned To Origin,4,2022-08
Shp005004,Ord005004,2024-12-23,2024-12-26,Fedex,333.29,In Transit,3,2024-12
Shp005005,Ord005005,2022-04-25,2022-05-05,Dtdc,879.62,In Transit,10,2022-04
Shp005006,Ord005006,2024-09-15,2024-09-22,Delhivery,428.39,In Transit,7,2024-09
Shp005007,Ord005007,2024-10-10,2024-10-18,Delhivery,489.15,In Transit,8,2024-10
Shp005009,Ord005009,2024-09-14,2024-09-22,Bluedart,765.08,In Transit,8,2024-09
Shp005010,Ord005010,2022-09-04,2022-09-07,Fedex,246.85,Returned To Origin,3,2022-09
Shp005011,Ord005011,2024-02-18,2024-02-26,Delhivery,211.04,Delivered,8,2024-02
Shp005012,Ord005012,2023-05-16,2023-05-20,Ekart,518.1,Lost,4,2023-05
Shp005013,Ord005013,2023-12-27,2024-01-02,Xpressbees,392.97,Returned To Origin,6,2023-12
Shp005014,Ord005014,2024-12-10,2024-12-17,Xpressbees,725.07,Returned To Origin,7,2024-12
Shp005015,Ord005015,2024-11-26,2024-11-27,Xpressbees,863.45,Delayed,1,2024-11
Shp005016,Ord005016,2024-04-29,2024-04-30,Ekart,444.49,Delivered,1,2024-04
Shp005017,Ord005017,2024-10-23,2024-10-29,Ekart,782.72,Delivered,6,2024-10
Shp005018,Ord005018,2024-09-18,2024-09-21,Indiapost,846.87,Delayed,3,2024-09
Shp005020,Ord005020,2023-11-17,2023-12-02,Bluedart,889.08,Returned To Origin,15,2023-11
Shp005021,Ord005021,2022-05-31,2022-06-03,Indiapost,235.36,Delayed,3,2022-05
Shp005022,Ord005022,2022-10-02,2022-10-06,Fedex,891.17,Delayed,4,2022-10
Shp005023,Ord005023,2023-09-20,2023-09-28,Ekart,375.72,Lost,8,2023-09
Shp005024,Ord005024,2023-01-28,2023-01-31,Delhivery,247.93,Delivered,3,2023-01
Shp005025,Ord005025,2024-08-15,2024-08-25,Delhivery,61.91,Delayed,10,2024-08
Shp005027,Ord005027,2024-03-31,2024-04-04,Bluedart,537.61,In Transit,4,2024-03
Shp005028,Ord005028,2022-11-26,2022-12-03,Dtdc,842.81,In Transit,7,2022-11
Shp005029,Ord005029,2022-06-19,2022-07-04,Fedex,560.89,Delivered,15,2022-06
Shp005030,Ord005030,2022-01-21,2022-01-27,Dtdc,616.45,Returned To Origin,6,2022-01
Shp005031,Ord005031,2022-07-31,2022-08-08,Bluedart,105.15,Delivered,8,2022-07
Shp005032,Ord005032,2022-09-26,2022-09-27,Ekart,126.24,In Transit,1,2022-09
Shp005033,Ord005033,2024-06-21,2024-06-23,Bluedart,868.25,Delivered,2,2024-06
Shp005034,Ord005034,2022-08-09,2022-08-17,Xpressbees,252.14,Delayed,8,2022-08
Shp005035,Ord005035,2022-10-03,2022-10-04,Indiapost,96.65,Delivered,1,2022-10
Shp005036,Ord005036,2022-02-23,2022-02-27,Dtdc,587.51,Returned To Origin,4,2022-02
Shp005037,Ord005037,2025-01-01,2025-01-07,Ekart,858.05,Delayed,6,2025-01
Shp005038,Ord005038,2022-04-27,2022-05-03,Bluedart,281.9,Delayed,6,2022-04
Shp005039,Ord005039,2023-12-13,2023-12-20,Xpressbees,645.48,Delivered,7,2023-12
Shp005042,Ord005042,2024-02-14,2024-02-15,Bluedart,539.41,Lost,1,2024-02
Shp005043,Ord005043,2023-02-12,2023-02-22,Delhivery,88.44,Delivered,10,2023-02
Shp005044,Ord005044,2022-03-10,2022-03-20,Fedex,512.09,Lost,10,2022-03
Shp005046,Ord005046,2024-01-18,2024-01-28,Indiapost,382.65,Delivered,10,2024-01
Shp005047,Ord005047,2022-05-21,2022-05-22,Dtdc,236.31,Delayed,1,2022-05
Shp005048,Ord005048,2023-07-16,2023-07-31,Dtdc,604.87,Lost,15,2023-07
Shp005050,Ord005050,2022-06-02,2022-06-06,Fedex,653.9,Lost,4,2022-06
Shp005051,Ord005051,2023-06-21,2023-07-06,Fedex,251.92,In Transit,15,2023-06
Shp005052,Ord005052,2023-05-11,2023-05-26,Xpressbees,34.03,Lost,15,2023-05
Shp005053,Ord005053,2024-05-06,2024-05-21,Indiapost,789.41,Delivered,15,2024-05
Shp005054,Ord005054,2023-10-15,2023-10-21,Xpressbees,126.26,In Transit,6,2023-10
Shp005055,Ord005055,2022-02-20,2022-02-25,Fedex,340.03,Delayed,5,2022-02
Shp005056,Ord005056,2022-08-05,2022-08-09,Fedex,760.35,Delayed,4,2022-08
Shp005057,Ord005057,2022-08-20,2022-08-25,Indiapost,454.13,Returned To Origin,5,2022-08
Shp005058,Ord005058,2022-03-24,2022-03-29,Xpressbees,277.59,Returned To Origin,5,2022-03
Shp005059,Ord005059,2024-09-22,2024-09-25,Bluedart,527.96,Lost,3,2024-09
Shp005060,Ord005060,2023-12-28,2023-12-29,Indiapost,497.04,Delivered,1,2023-12
Shp005061,Ord005061,2022-08-07,2022-08-14,Indiapost,411.8,In Transit,7,2022-08
Shp005063,Ord005063,2024-10-04,2024-10-07,Fedex,844.17,Returned To Origin,3,2024-10
Shp005064,Ord005064,2022-02-15,2022-02-19,Dtdc,757.96,Delayed,4,2022-02
Shp005065,Ord005065,2024-08-29,2024-09-02,Bluedart,63.17,Delayed,4,2024-08
Shp005067,Ord005067,2024-07-13,2024-07-18,Fedex,261.75,In Transit,5,2024-07
Shp005068,Ord005068,2022-11-03,2022-11-18,Ekart,469.67,In Transit,15,2022-11
Shp005071,Ord005071,2023-06-03,2023-06-08,Bluedart,676.86,Delayed,5,2023-06
Shp005072,Ord005072,2023-02-08,2023-02-11,Ekart,39.34,Lost,3,2023-02
Shp005073,Ord005073,2023-07-24,2023-08-03,Ekart,395.77,Lost,10,2023-07
Shp005074,Ord005074,2023-06-26,2023-06-29,Dtdc,444.37,In Transit,3,2023-06
Shp005077,Ord005077,2023-03-12,2023-03-14,Dtdc,332.57,Lost,2,2023-03
Shp005078,Ord005078,2023-04-28,2023-05-03,Xpressbees,175.72,Lost,5,2023-04
Shp005079,Ord005079,2024-02-15,2024-02-21,Indiapost,725.93,Delivered,6,2024-02
Shp005080,Ord005080,2024-05-23,2024-05-27,Ekart,197.46,Delayed,4,2024-05
Shp005081,Ord005081,2023-01-28,2023-02-12,Bluedart,701.47,Delayed,15,2023-01
Shp005083,Ord005083,2022-06-23,2022-06-29,Dtdc,769.99,In Transit,6,2022-06
Shp005084,Ord005084,2023-08-28,2023-09-05,Bluedart,71.15,Returned To Origin,8,2023-08
Shp005085,Ord005085,2022-08-15,2022-08-23,Dtdc,638.47,Lost,8,2022-08
Shp005087,Ord005087,2022-03-02,2022-03-09,Fedex,807.0,In Transit,7,2022-03
Shp005089,Ord005089,2022-12-30,2023-01-09,Dtdc,214.33,Returned To Origin,10,2022-12
Shp005090,Ord005090,2024-12-09,2024-12-11,Indiapost,335.88,Delayed,2,2024-12
Shp005091,Ord005091,2022-01-29,2022-01-30,Dtdc,694.11,Lost,1,2022-01
Shp005092,Ord005092,2022-11-28,2022-12-13,Indiapost,578.19,In Transit,15,2022-11
Shp005093,Ord005093,2022-10-23,2022-10-31,Xpressbees,184.72,Delayed,8,2022-10
Shp005095,Ord005095,2023-09-23,2023-09-28,Bluedart,214.01,Delayed,5,2023-09
Shp005096,Ord005096,2024-05-16,2024-05-24,Dtdc,847.75,Lost,8,2024-05
Shp005097,Ord005097,2024-12-12,2024-12-18,Bluedart,822.74,Returned To Origin,6,2024-12
Shp005098,Ord005098,2023-03-13,2023-03-19,Xpressbees,397.12,Lost,6,2023-03
Shp005099,Ord005099,2022-12-20,2022-12-22,Bluedart,819.9,Returned To Origin,2,2022-12
Shp005100,Ord005100,2024-12-23,2024-12-26,Xpressbees,464.2,Delivered,3,2024-12
Shp005102,Ord005102,2023-10-24,2023-10-30,Fedex,553.63,Lost,6,2023-10
Shp005103,Ord005103,2024-12-21,2024-12-24,Xpressbees,291.51,Returned To Origin,3,2024-12
Shp005104,Ord005104,2022-11-18,2022-11-26,Fedex,788.21,In Transit,8,2022-11
Shp005105,Ord005105,2022-06-11,2022-06-18,Xpressbees,638.01,Returned To Origin,7,2022-06
Shp005106,Ord005106,2022-03-29,2022-03-30,Ekart,281.66,Delivered,1,2022-03
Shp005107,Ord005107,2022-12-31,2023-01-01,Fedex,346.89,Delayed,1,2022-12
Shp005108,Ord005108,2022-01-22,2022-01-28,Fedex,286.46,Lost,6,2022-01
Shp005109,Ord005109,2022-03-28,2022-04-04,Fedex,392.95,Lost,7,2022-03
Shp005110,Ord005110,2022-09-17,2022-09-24,Ekart,590.81,Lost,7,2022-09
Shp005111,Ord005111,2022-11-13,2022-11-20,Fedex,,Delivered,7,2022-11
Shp005112,Ord005112,2022-07-07,2022-07-15,Dtdc,469.44,Delivered,8,2022-07
Shp005114,Ord005114,2022-12-31,2023-01-01,Dtdc,857.21,Returned To Origin,1,2022-12
Shp005115,Ord005115,2022-11-13,2022-11-28,Indiapost,629.38,Lost,15,2022-11
Shp005116,Ord005116,2023-11-10,2023-11-14,Dtdc,390.86,Delayed,4,2023-11
Shp005117,Ord005117,2024-12-12,2024-12-19,Bluedart,398.71,Delivered,7,2024-12
Shp005118,Ord005118,2022-10-27,2022-11-03,Xpressbees,240.09,Delivered,7,2022-10
Shp005119,Ord005119,2022-06-04,2022-06-14,Indiapost,122.83,Returned To Origin,10,2022-06
Shp005121,Ord005121,2024-02-28,2024-02-29,Dtdc,369.18,Lost,1,2024-02
Shp005122,Ord005122,2022-01-26,2022-02-02,Delhivery,307.62,Lost,7,2022-01
Shp005123,Ord005123,2024-04-23,2024-04-29,Dtdc,335.35,Lost,6,2024-04
Shp005124,Ord005124,2022-05-22,2022-05-24,Dtdc,383.14,In Transit,2,2022-05
Shp005126,Ord005126,2023-08-28,2023-08-30,Delhivery,,Delayed,2,2023-08
Shp005127,Ord005127,2022-06-11,2022-06-14,Xpressbees,612.75,Returned To Origin,3,2022-06
Shp005128,Ord005128,2024-04-27,2024-05-03,Dtdc,415.58,Lost,6,2024-04
Shp005129,Ord005129,2023-08-31,2023-09-01,Ekart,175.4,Returned To Origin,1,2023-08
Shp005130,Ord005130,2024-05-27,2024-05-29,Indiapost,818.2,Lost,2,2024-05
Shp005132,Ord005132,2023-11-06,2023-11-10,Fedex,95.19,Delivered,4,2023-11
Shp005133,Ord005133,2022-05-14,2022-05-29,Dtdc,,Lost,15,2022-05
Shp005134,Ord005134,2023-01-29,2023-02-03,Bluedart,274.23,Returned To Origin,5,2023-01
Shp005135,Ord005135,2022-12-21,2022-12-23,Bluedart,599.89,Lost,2,2022-12
Shp005137,Ord005137,2024-09-16,2024-09-20,Bluedart,302.38,Lost,4,2024-09
Shp005138,Ord005138,2022-02-17,2022-02-19,Indiapost,86.98,In Transit,2,2022-02
Shp005139,Ord005139,2024-04-08,2024-04-23,Xpressbees,696.8,In Transit,15,2024-04
Shp005140,Ord005140,2023-04-25,2023-04-28,Indiapost,747.05,Delivered,3,2023-04
Shp005143,Ord005143,2023-12-17,2024-01-01,Bluedart,816.03,Returned To Origin,15,2023-12
Shp005144,Ord005144,2024-05-22,2024-05-25,Bluedart,808.72,Returned To Origin,3,2024-05
Shp005145,Ord005145,2023-02-26,2023-03-06,Fedex,304.24,Returned To Origin,8,2023-02
Shp005146,Ord005146,2022-01-03,2022-01-04,Dtdc,261.56,Delivered,1,2022-01
Shp005147,Ord005147,2024-11-07,2024-11-13,Fedex,191.85,Delivered,6,2024-11
Shp005148,Ord005148,2022-07-14,2022-07-29,Fedex,645.82,Delivered,15,2022-07
Shp005149,Ord005149,2024-05-13,2024-05-18,Bluedart,863.52,In Transit,5,2024-05
Shp005150,Ord005150,2023-12-30,2024-01-03,Bluedart,57.33,Delivered,4,2023-12
Shp005151,Ord005151,2023-12-15,2023-12-21,Xpressbees,401.76,Returned To Origin,6,2023-12
Shp005152,Ord005152,2023-08-21,2023-08-22,Delhivery,66.34,Lost,1,2023-08
Shp005154,Ord005154,2022-06-17,2022-06-19,Fedex,666.78,In Transit,2,2022-06
Shp005155,Ord005155,2022-06-29,2022-07-07,Indiapost,234.95,Returned To Origin,8,2022-06
Shp005157,Ord005157,2024-09-13,2024-09-15,Dtdc,149.71,Delivered,2,2024-09
Shp005158,Ord005158,2023-02-13,2023-02-28,Delhivery,228.19,Delayed,15,2023-02
Shp005159,Ord005159,2024-07-26,2024-07-30,Xpressbees,512.69,Delayed,4,2024-07
Shp005160,Ord005160,2022-08-30,2022-09-06,Xpressbees,840.21,Delivered,7,2022-08
Shp005161,Ord005161,2024-02-26,2024-02-29,Delhivery,108.3,Delivered,3,2024-02
Shp005162,Ord005162,2022-10-21,2022-10-24,Indiapost,687.07,Delayed,3,2022-10
Shp005163,Ord005163,2024-10-17,2024-10-20,Ekart,708.94,Delayed,3,2024-10
Shp005164,Ord005164,2024-04-30,2024-05-06,Xpressbees,898.39,Delayed,6,2024-04
Shp005166,Ord005166,2024-08-11,2024-08-14,Ekart,256.29,Returned To Origin,3,2024-08
Shp005167,Ord005167,2024-07-22,2024-07-27,Indiapost,570.85,Delivered,5,2024-07
Shp005169,Ord005169,2024-07-03,2024-07-18,Ekart,241.49,Delayed,15,2024-07
Shp005170,Ord005170,2022-07-27,2022-08-11,Delhivery,510.14,Lost,15,2022-07
Shp005171,Ord005171,2023-10-28,2023-10-31,Fedex,443.06,Delivered,3,2023-10
Shp005172,Ord005172,2024-11-29,2024-12-06,Ekart,881.77,In Transit,7,2024-11
Shp005173,Ord005173,2024-09-29,2024-10-09,Indiapost,697.25,Returned To Origin,10,2024-09
Shp005174,Ord005174,2023-01-23,2023-01-31,Xpressbees,655.77,Delivered,8,2023-01
Shp005175,Ord005175,2022-12-31,2023-01-03,Fedex,260.5,Delivered,3,2022-12
Shp005176,Ord005176,2023-03-24,2023-03-31,Xpressbees,302.13,Delivered,7,2023-03
Shp005177,Ord005177,2023-02-20,2023-02-22,Xpressbees,197.6,Returned To Origin,2,2023-02
Shp005178,Ord005178,2024-09-25,2024-09-28,Delhivery,589.26,Lost,3,2024-09
Shp005180,Ord005180,2023-07-06,2023-07-16,Ekart,55.34,Lost,10,2023-07
Shp005182,Ord005182,2023-12-06,2023-12-11,Fedex,259.46,Delayed,5,2023-12
Shp005183,Ord005183,2023-11-10,2023-11-11,Delhivery,128.82,In Transit,1,2023-11
Shp005186,Ord005186,2022-12-28,2022-12-29,Xpressbees,628.7,Delivered,1,2022-12
Shp005187,Ord005187,2024-09-30,2024-10-02,Delhivery,307.64,Delayed,2,2024-09
Shp005188,Ord005188,2023-11-23,2023-12-08,Delhivery,318.39,In Transit,15,2023-11
Shp005189,Ord005189,2023-05-11,2023-05-21,Fedex,242.93,Returned To Origin,10,2023-05
Shp005190,Ord005190,2024-08-25,2024-09-09,Dtdc,240.74,Delivered,15,2024-08
Shp005191,Ord005191,2024-12-01,2024-12-04,Ekart,560.84,Lost,3,2024-12
Shp005193,Ord005193,2023-03-28,2023-04-01,Bluedart,220.5,Lost,4,2023-03
Shp005194,Ord005194,2024-11-24,2024-11-25,Xpressbees,516.2,In Transit,1,2024-11
Shp005195,Ord005195,2022-04-10,2022-04-13,Ekart,331.91,Lost,3,2022-04
Shp005196,Ord005196,2023-09-20,2023-09-28,Ekart,291.21,In Transit,8,2023-09
Shp005197,Ord005197,2023-09-21,2023-09-24,Xpressbees,509.95,Delivered,3,2023-09
Shp005198,Ord005198,2022-07-25,2022-08-01,Indiapost,195.89,In Transit,7,2022-07
Shp005199,Ord005199,2024-03-22,2024-03-25,Dtdc,745.4,In Transit,3,2024-03
Shp005200,Ord005200,2022-05-15,2022-05-22,Fedex,529.85,In Transit,7,2022-05
Shp005201,Ord005201,2024-11-19,2024-11-24,Indiapost,327.66,Returned To Origin,5,2024-11
Shp005202,Ord005202,2024-10-12,2024-10-17,Ekart,408.14,Lost,5,2024-10
Shp005203,Ord005203,2024-08-15,2024-08-21,Bluedart,154.39,Delayed,6,2024-08
Shp005204,Ord005204,2023-12-25,2023-12-31,Ekart,233.79,In Transit,6,2023-12
Shp005205,Ord005205,2024-02-01,2024-02-02,Fedex,549.22,In Transit,1,2024-02
Shp005206,Ord005206,2024-01-17,2024-02-01,Xpressbees,109.09,Delivered,15,2024-01
Shp005207,Ord005207,2024-05-11,2024-05-26,Ekart,86.82,Delayed,15,2024-05
Shp005209,Ord005209,2024-09-24,2024-09-25,Bluedart,308.64,In Transit,1,2024-09
Shp005210,Ord005210,2022-08-03,2022-08-08,Delhivery,414.38,Lost,5,2022-08
Shp005211,Ord005211,2023-01-01,2023-01-04,Xpressbees,804.98,Delayed,3,2023-01
Shp005212,Ord005212,2023-10-17,2023-10-23,Xpressbees,597.78,In Transit,6,2023-10
Shp005213,Ord005213,2022-08-12,2022-08-18,Fedex,,Returned To Origin,6,2022-08
Shp005214,Ord005214,2022-08-24,2022-08-30,Dtdc,456.06,Returned To Origin,6,2022-08
Shp005215,Ord005215,2024-07-27,2024-08-01,Indiapost,82.26,In Transit,5,2024-07
Shp005216,Ord005216,2023-01-22,2023-01-23,Delhivery,440.05,Returned To Origin,1,2023-01
Shp005218,Ord005218,2022-11-13,2022-11-18,Bluedart,155.09,Returned To Origin,5,2022-11
Shp005221,Ord005221,2024-01-31,2024-02-05,Fedex,587.33,Lost,5,2024-01
Shp005222,Ord005222,2024-12-14,2024-12-20,Dtdc,659.72,Lost,6,2024-12
Shp005224,Ord005224,2023-04-17,2023-04-27,Xpressbees,126.82,Delivered,10,2023-04
Shp005225,Ord005225,2023-12-02,2023-12-05,Delhivery,619.61,Delivered,3,2023-12
Shp005226,Ord005226,2022-06-27,2022-07-12,Fedex,211.57,Returned To Origin,15,2022-06
Shp005227,Ord005227,2022-05-16,2022-05-17,Indiapost,360.32,Delayed,1,2022-05
Shp005228,Ord005228,2022-07-06,2022-07-12,Delhivery,,Returned To Origin,6,2022-07
Shp005230,Ord005230,2022-03-02,2022-03-04,Fedex,218.14,Delivered,2,2022-03
Shp005232,Ord005232,2023-05-03,2023-05-11,Indiapost,881.7,In Transit,8,2023-05
Shp005233,Ord005233,2023-12-15,2023-12-23,Indiapost,413.42,Delayed,8,2023-12
Shp005234,Ord005234,2022-06-06,2022-06-07,Dtdc,717.62,In Transit,1,2022-06
Shp005235,Ord005235,2022-01-26,2022-01-27,Ekart,165.28,Delayed,1,2022-01
Shp005236,Ord005236,2024-07-07,2024-07-13,Xpressbees,879.61,In Transit,6,2024-07
Shp005237,Ord005237,2024-09-15,2024-09-23,Indiapost,684.6,Lost,8,2024-09
Shp005238,Ord005238,2024-05-09,2024-05-14,Xpressbees,728.33,In Transit,5,2024-05
Shp005239,Ord005239,2024-01-04,2024-01-10,Dtdc,432.52,Delayed,6,2024-01
Shp005240,Ord005240,2024-06-24,2024-06-29,Indiapost,526.98,In Transit,5,2024-06
Shp005241,Ord005241,2024-02-10,2024-02-25,Fedex,317.43,In Transit,15,2024-02
Shp005242,Ord005242,2024-05-20,2024-05-21,Fedex,604.64,Delivered,1,2024-05
Shp005243,Ord005243,2023-01-23,2023-01-26,Delhivery,353.72,Returned To Origin,3,2023-01
Shp005244,Ord005244,2023-02-23,2023-02-26,Fedex,589.95,Lost,3,2023-02
Shp005245,Ord005245,2024-05-16,2024-05-20,Dtdc,622.7,Delayed,4,2024-05
Shp005247,Ord005247,2024-02-28,2024-03-07,Fedex,195.65,In Transit,8,2024-02
Shp005248,Ord005248,2023-01-23,2023-01-29,Delhivery,636.98,Lost,6,2023-01
Shp005249,Ord005249,2022-08-31,2022-09-08,Xpressbees,100.65,Delivered,8,2022-08
Shp005250,Ord005250,2022-02-17,2022-02-27,Delhivery,749.83,Lost,10,2022-02
Shp005251,Ord005251,2024-05-21,2024-05-26,Bluedart,232.86,In Transit,5,2024-05
Shp005252,Ord005252,2023-11-26,2023-12-02,Delhivery,,Delivered,6,2023-11
Shp005253,Ord005253,2024-09-26,2024-10-01,Delhivery,755.51,Lost,5,2024-09
Shp005254,Ord005254,2025-01-02,2025-01-03,Bluedart,476.45,Lost,1,2025-01
Shp005255,Ord005255,2023-03-27,2023-04-11,Ekart,242.22,Delivered,15,2023-03
Shp005256,Ord005256,2023-10-15,2023-10-25,Bluedart,246.8,Returned To Origin,10,2023-10
Shp005257,Ord005257,2023-03-01,2023-03-07,Bluedart,271.26,In Transit,6,2023-03
Shp005258,Ord005258,2024-08-27,2024-08-29,Fedex,580.93,Lost,2,2024-08
Shp005259,Ord005259,2024-04-26,2024-05-04,Indiapost,312.34,Delivered,8,2024-04
Shp005260,Ord005260,2023-06-03,2023-06-09,Fedex,300.04,Delayed,6,2023-06
Shp005261,Ord005261,2024-07-15,2024-07-23,Dtdc,172.44,Lost,8,2024-07
Shp005263,Ord005263,2024-03-15,2024-03-17,Bluedart,671.33,In Transit,2,2024-03
Shp005264,Ord005264,2022-08-18,2022-08-19,Fedex,616.95,Delivered,1,2022-08
Shp005265,Ord005265,2024-10-05,2024-10-08,Indiapost,873.72,Returned To Origin,3,2024-10
Shp005266,Ord005266,2023-02-05,2023-02-11,Bluedart,278.28,Returned To Origin,6,2023-02
Shp005268,Ord005268,2023-12-16,2023-12-20,Delhivery,207.58,In Transit,4,2023-12
Shp005269,Ord005269,2025-01-02,2025-01-06,Indiapost,616.58,Delayed,4,2025-01
Shp005270,Ord005270,2023-02-01,2023-02-06,Dtdc,784.35,Delivered,5,2023-02
Shp005271,Ord005271,2023-10-07,2023-10-13,Bluedart,39.32,Returned To Origin,6,2023-10
Shp005272,Ord005272,2023-04-28,2023-05-06,Ekart,729.01,In Transit,8,2023-04
Shp005273,Ord005273,2023-12-16,2023-12-23,Bluedart,396.12,Delivered,7,2023-12
Shp005274,Ord005274,2023-08-18,2023-08-26,Dtdc,54.93,Delivered,8,2023-08
Shp005275,Ord005275,2024-07-08,2024-07-12,Fedex,776.64,Lost,4,2024-07
Shp005276,Ord005276,2022-05-18,2022-05-28,Ekart,131.05,Delayed,10,2022-05
Shp005277,Ord005277,2022-07-10,2022-07-20,Xpressbees,896.06,Lost,10,2022-07
Shp005280,Ord005280,2022-10-25,2022-10-29,Ekart,850.57,In Transit,4,2022-10
Shp005281,Ord005281,2022-11-14,2022-11-19,Ekart,435.23,Returned To Origin,5,2022-11
Shp005282,Ord005282,2023-04-14,2023-04-17,Ekart,270.78,Delayed,3,2023-04
Shp005283,Ord005283,2024-11-28,2024-12-01,Delhivery,579.66,Lost,3,2024-11
Shp005284,Ord005284,2024-11-07,2024-11-10,Fedex,692.03,Delayed,3,2024-11
Shp005285,Ord005285,2024-12-29,2025-01-01,Dtdc,88.55,In Transit,3,2024-12
Shp005286,Ord005286,2023-09-04,2023-09-05,Ekart,208.64,Returned To Origin,1,2023-09
Shp005287,Ord005287,2024-01-30,2024-02-02,Indiapost,897.82,Delivered,3,2024-01
Shp005288,Ord005288,2024-05-20,2024-05-22,Ekart,,Delayed,2,2024-05
Shp005290,Ord005290,2022-05-17,2022-05-20,Dtdc,635.23,Delayed,3,2022-05
Shp005291,Ord005291,2022-11-14,2022-11-21,Bluedart,673.58,Lost,7,2022-11
Shp005292,Ord005292,2024-11-13,2024-11-23,Delhivery,344.31,Returned To Origin,10,2024-11
Shp005293,Ord005293,2022-09-03,2022-09-05,Xpressbees,308.98,Lost,2,2022-09
Shp005295,Ord005295,2022-06-15,2022-06-17,Dtdc,92.4,Delivered,2,2022-06
Shp005296,Ord005296,2024-11-02,2024-11-03,Xpressbees,286.17,Delayed,1,2024-11
Shp005297,Ord005297,2024-02-24,2024-02-27,Dtdc,892.28,Delivered,3,2024-02
Shp005298,Ord005298,2023-05-30,2023-06-05,Indiapost,465.38,Returned To Origin,6,2023-05
Shp005300,Ord005300,2023-05-16,2023-05-22,Fedex,310.68,Delayed,6,2023-05
Shp005301,Ord005301,2023-12-28,2024-01-05,Delhivery,795.4,Delivered,8,2023-12
Shp005303,Ord005303,2024-10-22,2024-10-27,Bluedart,739.67,In Transit,5,2024-10
Shp005304,Ord005304,2022-11-27,2022-12-02,Ekart,219.21,In Transit,5,2022-11
Shp005305,Ord005305,2023-04-04,2023-04-19,Xpressbees,89.17,Delayed,15,2023-04
Shp005307,Ord005307,2024-07-15,2024-07-17,Bluedart,752.57,Delayed,2,2024-07
Shp005308,Ord005308,2024-10-17,2024-11-01,Dtdc,444.73,Returned To Origin,15,2024-10
Shp005309,Ord005309,2024-01-06,2024-01-12,Bluedart,819.77,Delivered,6,2024-01
Shp005311,Ord005311,2023-01-18,2023-01-20,Xpressbees,141.65,Delayed,2,2023-01
Shp005313,Ord005313,2024-08-01,2024-08-05,Delhivery,679.48,In Transit,4,2024-08
Shp005314,Ord005314,2022-11-14,2022-11-21,Delhivery,423.42,Returned To Origin,7,2022-11
Shp005315,Ord005315,2022-03-18,2022-03-25,Indiapost,223.09,Returned To Origin,7,2022-03
Shp005316,Ord005316,2024-08-10,2024-08-25,Delhivery,811.27,Returned To Origin,15,2024-08
Shp005318,Ord005318,2023-05-23,2023-05-27,Delhivery,437.88,Delivered,4,2023-05
Shp005319,Ord005319,2023-07-29,2023-08-03,Indiapost,685.81,Delayed,5,2023-07
Shp005320,Ord005320,2022-04-28,2022-05-05,Indiapost,231.9,Returned To Origin,7,2022-04
Shp005321,Ord005321,2023-11-09,2023-11-15,Xpressbees,595.67,Delivered,6,2023-11
Shp005322,Ord005322,2024-01-14,2024-01-17,Fedex,858.44,In Transit,3,2024-01
Shp005323,Ord005323,2024-04-09,2024-04-12,Indiapost,629.7,Returned To Origin,3,2024-04
Shp005324,Ord005324,2023-02-01,2023-02-06,Delhivery,472.91,Delayed,5,2023-02
Shp005325,Ord005325,2022-05-14,2022-05-18,Dtdc,639.99,Delivered,4,2022-05
Shp005326,Ord005326,2022-07-10,2022-07-11,Fedex,642.34,Delivered,1,2022-07
Shp005327,Ord005327,2024-06-03,2024-06-11,Indiapost,457.07,Lost,8,2024-06
Shp005328,Ord005328,2022-03-08,2022-03-15,Dtdc,460.9,In Transit,7,2022-03
Shp005330,Ord005330,2022-02-15,2022-02-16,Ekart,846.18,Returned To Origin,1,2022-02
Shp005331,Ord005331,2022-07-26,2022-08-02,Fedex,112.25,Lost,7,2022-07
Shp005332,Ord005332,2022-02-18,2022-03-05,Fedex,885.95,Returned To Origin,15,2022-02
Shp005333,Ord005333,2023-11-11,2023-11-15,Ekart,669.34,Delivered,4,2023-11
Shp005334,Ord005334,2023-10-02,2023-10-10,Dtdc,58.15,In Transit,8,2023-10
Shp005335,Ord005335,2023-04-12,2023-04-16,Indiapost,557.56,In Transit,4,2023-04
Shp005336,Ord005336,2023-12-04,2023-12-14,Dtdc,88.89,Delivered,10,2023-12
Shp005337,Ord005337,2023-11-24,2023-12-01,Fedex,462.84,Delayed,7,2023-11
Shp005338,Ord005338,2022-06-18,2022-06-24,Fedex,363.55,Returned To Origin,6,2022-06
Shp005339,Ord005339,2024-03-02,2024-03-07,Delhivery,,Delayed,5,2024-03
Shp005341,Ord005341,2023-09-01,2023-09-16,Dtdc,554.15,Lost,15,2023-09
Shp005342,Ord005342,2022-04-13,2022-04-16,Bluedart,245.75,In Transit,3,2022-04
Shp005343,Ord005343,2022-08-04,2022-08-14,Indiapost,357.58,Delayed,10,2022-08
Shp005344,Ord005344,2023-08-19,2023-08-29,Bluedart,39.61,Delivered,10,2023-08
Shp005345,Ord005345,2022-11-23,2022-11-30,Indiapost,72.48,Returned To Origin,7,2022-11
Shp005347,Ord005347,2023-03-04,2023-03-19,Fedex,99.77,Delayed,15,2023-03
Shp005348,Ord005348,2023-12-12,2023-12-18,Bluedart,210.52,In Transit,6,2023-12
Shp005349,Ord005349,2024-06-23,2024-06-25,Bluedart,588.85,Returned To Origin,2,2024-06
Shp005350,Ord005350,2024-02-26,2024-03-12,Ekart,869.1,In Transit,15,2024-02
Shp005351,Ord005351,2022-07-08,2022-07-11,Ekart,,Delivered,3,2022-07
Shp005352,Ord005352,2024-11-26,2024-11-27,Bluedart,82.3,In Transit,1,2024-11
Shp005353,Ord005353,2022-11-30,2022-12-06,Indiapost,,Lost,6,2022-11
Shp005355,Ord005355,2024-10-21,2024-10-24,Delhivery,720.46,Returned To Origin,3,2024-10
Shp005356,Ord005356,2024-05-01,2024-05-04,Indiapost,,In Transit,3,2024-05
Shp005357,Ord005357,2022-12-26,2023-01-05,Indiapost,564.51,In Transit,10,2022-12
Shp005358,Ord005358,2022-12-12,2022-12-27,Ekart,343.46,Delayed,15,2022-12
Shp005359,Ord005359,2022-07-26,2022-08-05,Delhivery,483.19,Delayed,10,2022-07
Shp005360,Ord005360,2024-03-29,2024-03-30,Xpressbees,372.77,Delivered,1,2024-03
Shp005361,Ord005361,2024-05-14,2024-05-22,Ekart,153.65,Returned To Origin,8,2024-05
Shp005362,Ord005362,2024-12-09,2024-12-11,Indiapost,789.58,Delivered,2,2024-12
Shp005363,Ord005363,2024-01-24,2024-01-31,Dtdc,281.86,In Transit,7,2024-01
Shp005364,Ord005364,2023-02-22,2023-02-23,Fedex,801.15,Lost,1,2023-02
Shp005365,Ord005365,2022-02-18,2022-02-26,Bluedart,145.2,Returned To Origin,8,2022-02
Shp005366,Ord005366,2022-02-20,2022-03-07,Xpressbees,49.6,Returned To Origin,15,2022-02
Shp005367,Ord005367,2022-09-13,2022-09-15,Bluedart,62.61,In Transit,2,2022-09
Shp005368,Ord005368,2022-12-19,2022-12-27,Indiapost,853.62,Returned To Origin,8,2022-12
Shp005370,Ord005370,2024-11-13,2024-11-19,Bluedart,834.11,Returned To Origin,6,2024-11
Shp005372,Ord005372,2023-01-25,2023-01-30,Bluedart,612.67,Delayed,5,2023-01
Shp005373,Ord005373,2023-10-09,2023-10-13,Ekart,884.1,Returned To Origin,4,2023-10
Shp005374,Ord005374,2023-08-23,2023-08-29,Ekart,495.27,Lost,6,2023-08
Shp005375,Ord005375,2023-12-22,2023-12-28,Indiapost,158.0,Returned To Origin,6,2023-12
Shp005376,Ord005376,2024-01-21,2024-01-23,Fedex,857.14,Delivered,2,2024-01
Shp005377,Ord005377,2022-04-30,2022-05-01,Delhivery,140.59,Returned To Origin,1,2022-04
Shp005379,Ord005379,2023-12-14,2023-12-21,Bluedart,159.86,Delivered,7,2023-12
Shp005380,Ord005380,2022-09-16,2022-09-26,Bluedart,522.38,Delayed,10,2022-09
Shp005381,Ord005381,2024-08-23,2024-08-24,Delhivery,416.74,Delayed,1,2024-08
Shp005382,Ord005382,2024-07-22,2024-07-28,Delhivery,527.62,In Transit,6,2024-07
Shp005383,Ord005383,2024-01-07,2024-01-12,Fedex,615.72,Lost,5,2024-01
Shp005384,Ord005384,2022-09-15,2022-09-16,Bluedart,762.09,Lost,1,2022-09
Shp005385,Ord005385,2022-09-13,2022-09-18,Dtdc,686.0,Delivered,5,2022-09
Shp005386,Ord005386,2022-11-15,2022-11-17,Bluedart,358.77,Delayed,2,2022-11
Shp005387,Ord005387,2024-04-16,2024-04-18,Ekart,686.66,Lost,2,2024-04
Shp006023,Ord006023,2023-05-10,2023-05-11,Xpressbees,,Delivered,1,2023-05
Shp005388,Ord005388,2022-07-11,2022-07-26,Bluedart,581.09,Returned To Origin,15,2022-07
Shp005389,Ord005389,2022-02-06,2022-02-13,Indiapost,602.46,Delayed,7,2022-02
Shp005390,Ord005390,2023-10-21,2023-10-26,Xpressbees,68.58,In Transit,5,2023-10
Shp005391,Ord005391,2024-08-08,2024-08-11,Fedex,855.21,Returned To Origin,3,2024-08
Shp005392,Ord005392,2023-09-21,2023-10-06,Bluedart,459.52,In Transit,15,2023-09
Shp005393,Ord005393,2022-03-28,2022-04-07,Fedex,579.34,Delayed,10,2022-03
Shp005394,Ord005394,2024-08-05,2024-08-11,Ekart,207.38,Lost,6,2024-08
Shp005395,Ord005395,2022-10-28,2022-10-29,Indiapost,883.29,Delayed,1,2022-10
Shp005396,Ord005396,2024-10-22,2024-10-30,Xpressbees,282.16,Returned To Origin,8,2024-10
Shp005397,Ord005397,2022-03-30,2022-04-03,Xpressbees,399.35,Returned To Origin,4,2022-03
Shp005398,Ord005398,2024-05-23,2024-05-31,Indiapost,492.38,Lost,8,2024-05
Shp005399,Ord005399,2024-08-26,2024-09-02,Fedex,612.89,Returned To Origin,7,2024-08
Shp005400,Ord005400,2022-12-31,2023-01-04,Indiapost,609.59,Returned To Origin,4,2022-12
Shp005401,Ord005401,2024-07-23,2024-08-07,Xpressbees,273.99,In Transit,15,2024-07
Shp005403,Ord005403,2023-03-04,2023-03-05,Dtdc,472.9,In Transit,1,2023-03
Shp005404,Ord005404,2022-05-24,2022-05-30,Dtdc,,In Transit,6,2022-05
Shp005405,Ord005405,2024-10-14,2024-10-19,Delhivery,547.65,Lost,5,2024-10
Shp005406,Ord005406,2023-09-06,2023-09-10,Xpressbees,800.83,In Transit,4,2023-09
Shp005407,Ord005407,2024-07-12,2024-07-16,Indiapost,83.37,Lost,4,2024-07
Shp005409,Ord005409,2022-04-02,2022-04-07,Delhivery,151.08,Delivered,5,2022-04
Shp005411,Ord005411,2024-04-16,2024-04-26,Bluedart,570.18,Delivered,10,2024-04
Shp005412,Ord005412,2023-09-26,2023-10-06,Delhivery,721.03,Returned To Origin,10,2023-09
Shp005413,Ord005413,2022-08-29,2022-09-06,Xpressbees,627.46,Delivered,8,2022-08
Shp005414,Ord005414,2024-03-15,2024-03-20,Dtdc,656.83,Delivered,5,2024-03
Shp005415,Ord005415,2023-09-14,2023-09-17,Dtdc,271.17,Delayed,3,2023-09
Shp005416,Ord005416,2023-05-28,2023-06-02,Ekart,561.44,Returned To Origin,5,2023-05
Shp005417,Ord005417,2022-09-08,2022-09-16,Ekart,634.55,Lost,8,2022-09
Shp005418,Ord005418,2023-05-27,2023-06-01,Ekart,306.21,In Transit,5,2023-05
Shp005419,Ord005419,2022-10-18,2022-10-22,Indiapost,322.16,Returned To Origin,4,2022-10
Shp005420,Ord005420,2023-04-28,2023-05-13,Indiapost,439.16,Delayed,15,2023-04
Shp005422,Ord005422,2022-09-26,2022-09-29,Xpressbees,56.39,Delayed,3,2022-09
Shp005423,Ord005423,2022-04-10,2022-04-15,Xpressbees,,In Transit,5,2022-04
Shp005425,Ord005425,2024-06-21,2024-06-24,Dtdc,557.46,Returned To Origin,3,2024-06
Shp005426,Ord005426,2023-08-28,2023-09-05,Bluedart,,Delivered,8,2023-08
Shp005427,Ord005427,2023-12-31,2024-01-06,Xpressbees,706.38,Returned To Origin,6,2023-12
Shp005428,Ord005428,2022-09-18,2022-09-25,Delhivery,482.42,Delayed,7,2022-09
Shp005429,Ord005429,2022-08-30,2022-09-07,Ekart,798.28,Delayed,8,2022-08
Shp005430,Ord005430,2024-05-30,2024-06-06,Ekart,719.25,Delivered,7,2024-05
Shp005431,Ord005431,2023-05-19,2023-05-22,Dtdc,337.85,In Transit,3,2023-05
Shp005433,Ord005433,2023-07-31,2023-08-03,Dtdc,395.24,Delivered,3,2023-07
Shp005434,Ord005434,2024-06-04,2024-06-06,Xpressbees,405.2,Delivered,2,2024-06
Shp005435,Ord005435,2023-05-10,2023-05-13,Delhivery,497.13,Lost,3,2023-05
Shp005436,Ord005436,2024-04-06,2024-04-11,Indiapost,898.31,In Transit,5,2024-04
Shp005437,Ord005437,2024-11-14,2024-11-21,Fedex,559.06,Returned To Origin,7,2024-11
Shp005438,Ord005438,2024-02-07,2024-02-10,Bluedart,150.94,In Transit,3,2024-02
Shp005439,Ord005439,2024-11-08,2024-11-09,Fedex,392.74,Delayed,1,2024-11
Shp005440,Ord005440,2024-10-08,2024-10-09,Fedex,446.76,Returned To Origin,1,2024-10
Shp005442,Ord005442,2023-09-13,2023-09-16,Indiapost,750.37,Delayed,3,2023-09
Shp005443,Ord005443,2024-06-11,2024-06-14,Indiapost,271.67,Lost,3,2024-06
Shp005446,Ord005446,2022-08-31,2022-09-05,Indiapost,884.64,In Transit,5,2022-08
Shp005447,Ord005447,2022-08-25,2022-08-27,Fedex,440.06,Delayed,2,2022-08
Shp005448,Ord005448,2024-12-21,2025-01-05,Fedex,860.93,Delivered,15,2024-12
Shp005449,Ord005449,2022-09-06,2022-09-08,Indiapost,565.35,Returned To Origin,2,2022-09
Shp005450,Ord005450,2022-03-07,2022-03-10,Bluedart,358.88,Delivered,3,2022-03
Shp005453,Ord005453,2023-08-29,2023-09-03,Fedex,554.11,Returned To Origin,5,2023-08
Shp005455,Ord005455,2022-07-29,2022-08-06,Fedex,811.09,Delayed,8,2022-07
Shp005456,Ord005456,2022-06-04,2022-06-07,Fedex,428.62,Returned To Origin,3,2022-06
Shp005457,Ord005457,2022-03-19,2022-03-29,Fedex,113.18,Delivered,10,2022-03
Shp005458,Ord005458,2024-01-04,2024-01-06,Bluedart,747.37,Lost,2,2024-01
Shp005461,Ord005461,2022-04-06,2022-04-21,Fedex,191.2,Returned To Origin,15,2022-04
Shp005462,Ord005462,2023-02-23,2023-03-03,Xpressbees,237.04,Lost,8,2023-02
Shp005463,Ord005463,2024-06-29,2024-07-07,Bluedart,698.74,In Transit,8,2024-06
Shp005464,Ord005464,2022-07-10,2022-07-11,Xpressbees,352.74,Delivered,1,2022-07
Shp005465,Ord005465,2022-06-12,2022-06-22,Delhivery,829.16,Returned To Origin,10,2022-06
Shp005466,Ord005466,2024-12-19,2024-12-25,Xpressbees,744.52,Delivered,6,2024-12
Shp005467,Ord005467,2022-10-30,2022-11-02,Delhivery,151.78,Returned To Origin,3,2022-10
Shp005468,Ord005468,2024-05-30,2024-06-07,Xpressbees,83.97,Returned To Origin,8,2024-05
Shp005469,Ord005469,2023-09-22,2023-10-07,Xpressbees,567.35,Lost,15,2023-09
Shp005471,Ord005471,2022-08-18,2022-08-19,Ekart,549.19,Delivered,1,2022-08
Shp005472,Ord005472,2024-06-01,2024-06-04,Fedex,418.96,Lost,3,2024-06
Shp005473,Ord005473,2022-05-31,2022-06-08,Ekart,674.08,Delayed,8,2022-05
Shp005476,Ord005476,2024-07-05,2024-07-10,Indiapost,460.65,Returned To Origin,5,2024-07
Shp005481,Ord005481,2024-10-27,2024-10-30,Fedex,497.29,Lost,3,2024-10
Shp005484,Ord005484,2023-04-17,2023-04-25,Delhivery,109.2,In Transit,8,2023-04
Shp005485,Ord005485,2023-02-08,2023-02-10,Bluedart,658.49,Returned To Origin,2,2023-02
Shp005486,Ord005486,2023-08-01,2023-08-02,Indiapost,46.82,Returned To Origin,1,2023-08
Shp005487,Ord005487,2023-03-02,2023-03-04,Indiapost,750.16,Delayed,2,2023-03
Shp005490,Ord005490,2023-07-13,2023-07-16,Xpressbees,128.84,In Transit,3,2023-07
Shp005491,Ord005491,2024-11-07,2024-11-17,Dtdc,651.01,Returned To Origin,10,2024-11
Shp005492,Ord005492,2023-03-26,2023-04-02,Dtdc,623.38,Returned To Origin,7,2023-03
Shp005493,Ord005493,2022-12-15,2022-12-19,Indiapost,861.18,In Transit,4,2022-12
Shp005495,Ord005495,2024-06-14,2024-06-18,Xpressbees,173.29,Returned To Origin,4,2024-06
Shp005497,Ord005497,2024-02-15,2024-02-25,Indiapost,232.05,Lost,10,2024-02
Shp005498,Ord005498,2024-10-21,2024-10-29,Bluedart,891.77,Delayed,8,2024-10
Shp005499,Ord005499,2023-07-22,2023-07-25,Dtdc,762.42,In Transit,3,2023-07
Shp005500,Ord005500,2023-02-18,2023-02-28,Indiapost,689.79,In Transit,10,2023-02
Shp005501,Ord005501,2022-06-10,2022-06-11,Ekart,110.37,Delivered,1,2022-06
Shp005502,Ord005502,2024-08-01,2024-08-03,Indiapost,868.32,In Transit,2,2024-08
Shp005503,Ord005503,2022-06-11,2022-06-12,Bluedart,815.84,Lost,1,2022-06
Shp005504,Ord005504,2023-06-06,2023-06-16,Ekart,538.27,Lost,10,2023-06
Shp005505,Ord005505,2023-08-15,2023-08-18,Xpressbees,161.67,Lost,3,2023-08
Shp005506,Ord005506,2022-01-31,2022-02-08,Indiapost,536.51,Returned To Origin,8,2022-01
Shp005507,Ord005507,2023-08-21,2023-08-26,Dtdc,630.52,Returned To Origin,5,2023-08
Shp005511,Ord005511,2024-03-26,2024-04-10,Xpressbees,453.71,Returned To Origin,15,2024-03
Shp005512,Ord005512,2023-02-20,2023-02-21,Dtdc,653.98,Returned To Origin,1,2023-02
Shp005513,Ord005513,2023-09-14,2023-09-17,Bluedart,349.7,Delivered,3,2023-09
Shp005514,Ord005514,2022-09-18,2022-09-21,Indiapost,456.65,In Transit,3,2022-09
Shp005515,Ord005515,2023-02-17,2023-02-25,Fedex,866.19,In Transit,8,2023-02
Shp005516,Ord005516,2023-11-19,2023-11-23,Ekart,860.8,Returned To Origin,4,2023-11
Shp005517,Ord005517,2022-09-22,2022-09-24,Delhivery,573.46,Delayed,2,2022-09
Shp005519,Ord005519,2023-03-14,2023-03-29,Delhivery,92.07,Delivered,15,2023-03
Shp005520,Ord005520,2023-04-08,2023-04-10,Delhivery,721.59,Returned To Origin,2,2023-04
Shp005522,Ord005522,2023-08-14,2023-08-17,Ekart,722.87,Delayed,3,2023-08
Shp005523,Ord005523,2023-07-13,2023-07-18,Ekart,72.33,Delivered,5,2023-07
Shp005525,Ord005525,2023-08-06,2023-08-10,Ekart,643.63,Delivered,4,2023-08
Shp005526,Ord005526,2023-05-15,2023-05-17,Xpressbees,125.26,In Transit,2,2023-05
Shp005527,Ord005527,2024-04-18,2024-04-19,Dtdc,703.39,Delivered,1,2024-04
Shp005528,Ord005528,2022-10-07,2022-10-22,Ekart,159.61,Delayed,15,2022-10
Shp005530,Ord005530,2024-04-20,2024-04-28,Fedex,619.15,Returned To Origin,8,2024-04
Shp005531,Ord005531,2024-03-26,2024-03-27,Indiapost,886.93,Returned To Origin,1,2024-03
Shp005532,Ord005532,2022-06-10,2022-06-13,Ekart,572.92,Lost,3,2022-06
Shp005533,Ord005533,2023-11-01,2023-11-05,Bluedart,832.63,In Transit,4,2023-11
Shp005534,Ord005534,2024-08-21,2024-08-28,Ekart,250.04,Lost,7,2024-08
Shp005536,Ord005536,2024-03-17,2024-03-20,Xpressbees,324.84,Delivered,3,2024-03
Shp005537,Ord005537,2023-01-16,2023-01-19,Fedex,420.08,Delayed,3,2023-01
Shp005538,Ord005538,2024-05-17,2024-05-27,Dtdc,477.88,Lost,10,2024-05
Shp005540,Ord005540,2023-07-09,2023-07-12,Dtdc,865.64,Returned To Origin,3,2023-07
Shp005541,Ord005541,2024-08-23,2024-08-26,Bluedart,261.55,Returned To Origin,3,2024-08
Shp005542,Ord005542,2024-08-05,2024-08-11,Ekart,404.99,Delayed,6,2024-08
Shp005543,Ord005543,2022-06-23,2022-07-08,Bluedart,522.98,Returned To Origin,15,2022-06
Shp005544,Ord005544,2022-12-24,2023-01-03,Bluedart,85.1,Returned To Origin,10,2022-12
Shp005545,Ord005545,2022-05-22,2022-05-29,Dtdc,640.89,Returned To Origin,7,2022-05
Shp005546,Ord005546,2022-02-11,2022-02-13,Delhivery,51.8,Delayed,2,2022-02
Shp005548,Ord005548,2024-10-28,2024-11-03,Bluedart,461.52,In Transit,6,2024-10
Shp005549,Ord005549,2023-12-23,2024-01-02,Bluedart,881.0,Lost,10,2023-12
Shp005550,Ord005550,2024-06-29,2024-07-05,Ekart,644.15,In Transit,6,2024-06
Shp005551,Ord005551,2023-10-20,2023-11-04,Bluedart,120.3,Delayed,15,2023-10
Shp005552,Ord005552,2024-07-22,2024-07-25,Xpressbees,356.03,Delivered,3,2024-07
Shp005553,Ord005553,2022-01-20,2022-01-28,Fedex,191.37,Lost,8,2022-01
Shp005554,Ord005554,2023-10-10,2023-10-17,Dtdc,803.74,Delivered,7,2023-10
Shp005555,Ord005555,2023-05-01,2023-05-16,Ekart,682.59,In Transit,15,2023-05
Shp005557,Ord005557,2024-06-12,2024-06-19,Bluedart,234.72,Returned To Origin,7,2024-06
Shp005558,Ord005558,2024-10-31,2024-11-10,Ekart,543.61,Delayed,10,2024-10
Shp005560,Ord005560,2023-08-09,2023-08-12,Fedex,32.2,Returned To Origin,3,2023-08
Shp005561,Ord005561,2022-06-19,2022-06-22,Xpressbees,353.87,Delivered,3,2022-06
Shp005562,Ord005562,2022-03-01,2022-03-08,Dtdc,,Delivered,7,2022-03
Shp005563,Ord005563,2024-01-20,2024-01-30,Delhivery,365.53,Delayed,10,2024-01
Shp005565,Ord005565,2022-11-18,2022-11-23,Xpressbees,550.68,Returned To Origin,5,2022-11
Shp005566,Ord005566,2024-04-19,2024-04-29,Ekart,327.79,In Transit,10,2024-04
Shp005567,Ord005567,2024-03-23,2024-04-02,Dtdc,603.26,Returned To Origin,10,2024-03
Shp005568,Ord005568,2023-09-21,2023-09-24,Ekart,64.95,Lost,3,2023-09
Shp005569,Ord005569,2023-11-05,2023-11-09,Ekart,679.5,Delivered,4,2023-11
Shp005570,Ord005570,2024-09-21,2024-09-27,Ekart,219.82,Returned To Origin,6,2024-09
Shp005571,Ord005571,2024-07-02,2024-07-12,Xpressbees,829.84,Returned To Origin,10,2024-07
Shp005572,Ord005572,2023-02-06,2023-02-07,Bluedart,219.82,In Transit,1,2023-02
Shp005574,Ord005574,2024-12-12,2024-12-27,Indiapost,605.89,Lost,15,2024-12
Shp005575,Ord005575,2023-02-27,2023-03-04,Fedex,614.87,In Transit,5,2023-02
Shp005577,Ord005577,2023-06-20,2023-06-27,Fedex,801.11,Returned To Origin,7,2023-06
Shp005578,Ord005578,2023-07-19,2023-07-25,Dtdc,796.1,Delayed,6,2023-07
Shp005579,Ord005579,2024-12-28,2024-12-30,Ekart,852.19,Lost,2,2024-12
Shp005581,Ord005581,2024-04-15,2024-04-22,Indiapost,868.69,In Transit,7,2024-04
Shp005583,Ord005583,2023-05-17,2023-05-25,Bluedart,74.91,Lost,8,2023-05
Shp005584,Ord005584,2022-05-05,2022-05-12,Fedex,560.55,Lost,7,2022-05
Shp005585,Ord005585,2023-03-23,2023-03-28,Xpressbees,363.43,Delivered,5,2023-03
Shp005586,Ord005586,2024-06-19,2024-06-22,Delhivery,800.33,Delivered,3,2024-06
Shp005587,Ord005587,2022-12-17,2022-12-21,Dtdc,563.59,Lost,4,2022-12
Shp005589,Ord005589,2023-10-18,2023-10-22,Dtdc,598.74,Delayed,4,2023-10
Shp005590,Ord005590,2024-06-11,2024-06-21,Fedex,552.23,Delivered,10,2024-06
Shp005592,Ord005592,2023-03-23,2023-03-27,Ekart,435.81,Returned To Origin,4,2023-03
Shp005593,Ord005593,2022-01-23,2022-01-30,Ekart,61.73,Delayed,7,2022-01
Shp005595,Ord005595,2024-05-21,2024-05-22,Indiapost,450.51,Lost,1,2024-05
Shp005596,Ord005596,2024-04-13,2024-04-21,Ekart,623.29,Delivered,8,2024-04
Shp005597,Ord005597,2023-01-26,2023-01-27,Ekart,149.75,Returned To Origin,1,2023-01
Shp005598,Ord005598,2023-05-31,2023-06-07,Ekart,347.42,Delayed,7,2023-05
Shp005599,Ord005599,2023-02-03,2023-02-06,Xpressbees,356.19,In Transit,3,2023-02
Shp005600,Ord005600,2024-10-13,2024-10-14,Delhivery,879.15,Delayed,1,2024-10
Shp005601,Ord005601,2024-05-23,2024-05-30,Fedex,752.94,Delayed,7,2024-05
Shp005603,Ord005603,2022-01-30,2022-02-02,Delhivery,370.85,In Transit,3,2022-01
Shp005605,Ord005605,2024-09-23,2024-09-26,Indiapost,255.62,Delivered,3,2024-09
Shp005607,Ord005607,2023-03-01,2023-03-05,Dtdc,807.85,Returned To Origin,4,2023-03
Shp005608,Ord005608,2022-10-04,2022-10-12,Dtdc,694.82,Delayed,8,2022-10
Shp005609,Ord005609,2024-11-08,2024-11-10,Dtdc,492.04,Returned To Origin,2,2024-11
Shp005610,Ord005610,2022-12-22,2023-01-01,Bluedart,555.76,Delivered,10,2022-12
Shp005611,Ord005611,2023-06-20,2023-06-23,Bluedart,465.69,Lost,3,2023-06
Shp005612,Ord005612,2023-09-17,2023-09-23,Ekart,637.01,Returned To Origin,6,2023-09
Shp005613,Ord005613,2024-09-13,2024-09-23,Indiapost,856.99,Lost,10,2024-09
Shp005614,Ord005614,2023-12-11,2023-12-18,Delhivery,847.94,Lost,7,2023-12
Shp005615,Ord005615,2023-03-28,2023-04-12,Bluedart,790.3,Delivered,15,2023-03
Shp005617,Ord005617,2024-07-05,2024-07-09,Delhivery,575.54,Delivered,4,2024-07
Shp005619,Ord005619,2022-11-17,2022-11-21,Dtdc,181.09,Delivered,4,2022-11
Shp005620,Ord005620,2024-11-19,2024-11-26,Dtdc,770.94,Delivered,7,2024-11
Shp005621,Ord005621,2022-11-20,2022-11-23,Fedex,198.94,Returned To Origin,3,2022-11
Shp005622,Ord005622,2022-11-04,2022-11-08,Xpressbees,401.54,In Transit,4,2022-11
Shp005623,Ord005623,2024-09-13,2024-09-23,Xpressbees,212.43,Delivered,10,2024-09
Shp005624,Ord005624,2023-10-14,2023-10-21,Bluedart,757.0,Returned To Origin,7,2023-10
Shp005625,Ord005625,2022-06-26,2022-07-06,Bluedart,298.63,Lost,10,2022-06
Shp005626,Ord005626,2022-03-15,2022-03-16,Indiapost,440.53,Delayed,1,2022-03
Shp005627,Ord005627,2022-04-26,2022-04-27,Bluedart,780.08,Delivered,1,2022-04
Shp005628,Ord005628,2024-04-23,2024-04-26,Fedex,517.35,In Transit,3,2024-04
Shp005629,Ord005629,2024-03-16,2024-03-31,Delhivery,107.55,In Transit,15,2024-03
Shp005630,Ord005630,2023-07-01,2023-07-07,Dtdc,54.49,In Transit,6,2023-07
Shp005631,Ord005631,2022-03-04,2022-03-10,Fedex,30.19,Delivered,6,2022-03
Shp005632,Ord005632,2023-08-25,2023-08-26,Dtdc,474.63,Delayed,1,2023-08
Shp005633,Ord005633,2022-02-27,2022-03-07,Xpressbees,128.73,Delivered,8,2022-02
Shp005634,Ord005634,2024-07-23,2024-07-25,Fedex,149.3,In Transit,2,2024-07
Shp005635,Ord005635,2023-09-22,2023-09-29,Ekart,137.17,In Transit,7,2023-09
Shp005636,Ord005636,2024-06-20,2024-06-21,Indiapost,86.55,Delayed,1,2024-06
Shp005637,Ord005637,2024-10-27,2024-10-30,Bluedart,655.04,Delivered,3,2024-10
Shp005638,Ord005638,2024-10-30,2024-11-05,Indiapost,505.02,Delivered,6,2024-10
Shp005639,Ord005639,2023-12-25,2024-01-01,Bluedart,660.21,In Transit,7,2023-12
Shp005641,Ord005641,2022-02-09,2022-02-15,Fedex,614.29,Delivered,6,2022-02
Shp005642,Ord005642,2024-09-10,2024-09-25,Indiapost,672.54,Delayed,15,2024-09
Shp005643,Ord005643,2023-03-21,2023-03-27,Ekart,386.83,Lost,6,2023-03
Shp005644,Ord005644,2023-07-27,2023-08-01,Xpressbees,141.84,Delayed,5,2023-07
Shp005645,Ord005645,2024-08-30,2024-09-04,Xpressbees,350.28,Delayed,5,2024-08
Shp005646,Ord005646,2023-08-05,2023-08-10,Indiapost,581.28,Delivered,5,2023-08
Shp005647,Ord005647,2024-01-17,2024-01-22,Delhivery,231.56,Returned To Origin,5,2024-01
Shp005648,Ord005648,2023-06-24,2023-06-27,Delhivery,840.17,Delayed,3,2023-06
Shp005649,Ord005649,2022-09-04,2022-09-08,Indiapost,250.05,Lost,4,2022-09
Shp005650,Ord005650,2022-07-23,2022-08-07,Xpressbees,658.71,In Transit,15,2022-07
Shp005651,Ord005651,2023-04-03,2023-04-11,Indiapost,61.37,Delivered,8,2023-04
Shp005653,Ord005653,2023-03-09,2023-03-24,Fedex,842.07,In Transit,15,2023-03
Shp005654,Ord005654,2023-08-10,2023-08-13,Indiapost,818.32,Lost,3,2023-08
Shp005655,Ord005655,2022-02-21,2022-03-08,Indiapost,794.25,Delivered,15,2022-02
Shp005657,Ord005657,2022-12-27,2023-01-02,Dtdc,525.56,Returned To Origin,6,2022-12
Shp005658,Ord005658,2023-12-31,2024-01-10,Delhivery,,In Transit,10,2023-12
Shp005659,Ord005659,2023-12-07,2023-12-15,Dtdc,523.93,Delayed,8,2023-12
Shp005660,Ord005660,2023-02-14,2023-02-17,Bluedart,754.02,In Transit,3,2023-02
Shp005664,Ord005664,2022-08-01,2022-08-07,Fedex,373.53,Delayed,6,2022-08
Shp005665,Ord005665,2022-10-14,2022-10-19,Indiapost,274.85,Returned To Origin,5,2022-10
Shp005666,Ord005666,2024-10-04,2024-10-05,Dtdc,150.32,Delayed,1,2024-10
Shp005668,Ord005668,2024-02-06,2024-02-12,Fedex,884.01,Delivered,6,2024-02
Shp005669,Ord005669,2023-08-22,2023-08-30,Xpressbees,473.65,Delayed,8,2023-08
Shp005670,Ord005670,2024-05-30,2024-06-04,Dtdc,202.14,Delivered,5,2024-05
Shp005672,Ord005672,2024-10-06,2024-10-14,Indiapost,254.55,Lost,8,2024-10
Shp005674,Ord005674,2022-03-26,2022-03-29,Dtdc,,In Transit,3,2022-03
Shp005675,Ord005675,2023-01-26,2023-01-30,Dtdc,676.3,Delayed,4,2023-01
Shp005676,Ord005676,2022-01-23,2022-01-28,Ekart,425.35,Lost,5,2022-01
Shp005677,Ord005677,2023-05-30,2023-06-01,Xpressbees,230.35,Lost,2,2023-05
Shp005678,Ord005678,2023-08-29,2023-08-31,Fedex,160.21,Delayed,2,2023-08
Shp005679,Ord005679,2024-08-13,2024-08-20,Bluedart,645.91,In Transit,7,2024-08
Shp005680,Ord005680,2023-05-27,2023-06-02,Fedex,578.06,Returned To Origin,6,2023-05
Shp005682,Ord005682,2024-11-25,2024-11-30,Fedex,366.64,Lost,5,2024-11
Shp005683,Ord005683,2024-04-20,2024-04-22,Dtdc,198.7,Delayed,2,2024-04
Shp005685,Ord005685,2023-09-25,2023-10-01,Dtdc,775.16,Returned To Origin,6,2023-09
Shp005686,Ord005686,2024-11-24,2024-11-30,Ekart,540.82,Delivered,6,2024-11
Shp005687,Ord005687,2022-01-11,2022-01-12,Bluedart,637.08,In Transit,1,2022-01
Shp005688,Ord005688,2022-05-22,2022-05-23,Dtdc,468.53,Delivered,1,2022-05
Shp005690,Ord005690,2022-01-31,2022-02-07,Fedex,353.47,In Transit,7,2022-01
Shp005692,Ord005692,2022-07-16,2022-07-22,Indiapost,762.4,Lost,6,2022-07
Shp005693,Ord005693,2023-11-26,2023-11-28,Fedex,712.81,Lost,2,2023-11
Shp005694,Ord005694,2024-09-20,2024-09-21,Ekart,232.13,Delayed,1,2024-09
Shp005695,Ord005695,2023-03-05,2023-03-10,Fedex,346.63,In Transit,5,2023-03
Shp005697,Ord005697,2023-10-15,2023-10-18,Fedex,373.15,Delayed,3,2023-10
Shp005698,Ord005698,2024-07-28,2024-08-02,Fedex,856.22,Returned To Origin,5,2024-07
Shp005699,Ord005699,2022-12-23,2022-12-26,Fedex,48.62,Delayed,3,2022-12
Shp005700,Ord005700,2022-01-29,2022-02-13,Bluedart,470.98,Lost,15,2022-01
Shp005701,Ord005701,2022-07-07,2022-07-08,Delhivery,781.25,Delivered,1,2022-07
Shp005703,Ord005703,2024-06-09,2024-06-13,Ekart,451.96,Returned To Origin,4,2024-06
Shp005704,Ord005704,2023-08-24,2023-08-27,Ekart,75.01,Delayed,3,2023-08
Shp005705,Ord005705,2024-12-07,2024-12-14,Indiapost,152.46,Delayed,7,2024-12
Shp005707,Ord005707,2022-06-06,2022-06-08,Ekart,860.12,Delivered,2,2022-06
Shp005708,Ord005708,2023-05-22,2023-05-24,Bluedart,564.73,Returned To Origin,2,2023-05
Shp005710,Ord005710,2022-02-08,2022-02-10,Bluedart,381.44,Returned To Origin,2,2022-02
Shp005711,Ord005711,2023-07-14,2023-07-18,Ekart,863.24,Delivered,4,2023-07
Shp005712,Ord005712,2022-04-28,2022-05-13,Indiapost,30.22,Returned To Origin,15,2022-04
Shp005713,Ord005713,2022-01-16,2022-01-19,Bluedart,219.33,Lost,3,2022-01
Shp005714,Ord005714,2022-05-11,2022-05-18,Dtdc,809.34,In Transit,7,2022-05
Shp005715,Ord005715,2022-11-15,2022-11-25,Indiapost,57.71,In Transit,10,2022-11
Shp005718,Ord005718,2022-11-03,2022-11-11,Xpressbees,56.92,Delayed,8,2022-11
Shp005720,Ord005720,2023-08-05,2023-08-08,Bluedart,845.95,Lost,3,2023-08
Shp005721,Ord005721,2024-03-02,2024-03-07,Fedex,178.69,Returned To Origin,5,2024-03
Shp005722,Ord005722,2023-02-14,2023-02-17,Indiapost,618.82,Delayed,3,2023-02
Shp005723,Ord005723,2022-07-15,2022-07-18,Delhivery,570.06,Delayed,3,2022-07
Shp005724,Ord005724,2022-12-15,2022-12-19,Delhivery,706.97,Delayed,4,2022-12
Shp005725,Ord005725,2022-07-17,2022-07-21,Dtdc,586.92,Delayed,4,2022-07
Shp005726,Ord005726,2024-12-23,2024-12-28,Fedex,809.77,Delivered,5,2024-12
Shp005727,Ord005727,2024-10-30,2024-11-03,Indiapost,532.23,Lost,4,2024-10
Shp005728,Ord005728,2023-08-29,2023-09-04,Ekart,565.14,Returned To Origin,6,2023-08
Shp005730,Ord005730,2024-07-03,2024-07-13,Fedex,233.94,Returned To Origin,10,2024-07
Shp005731,Ord005731,2023-09-27,2023-09-28,Delhivery,617.11,Delayed,1,2023-09
Shp005732,Ord005732,2023-12-21,2023-12-26,Ekart,512.33,Delivered,5,2023-12
Shp005734,Ord005734,2024-12-11,2024-12-12,Ekart,393.36,Delivered,1,2024-12
Shp005735,Ord005735,2023-05-30,2023-06-04,Xpressbees,222.2,In Transit,5,2023-05
Shp005736,Ord005736,2023-02-16,2023-02-21,Xpressbees,880.98,Delivered,5,2023-02
Shp005737,Ord005737,2024-08-17,2024-08-22,Fedex,739.77,Returned To Origin,5,2024-08
Shp005738,Ord005738,2024-04-13,2024-04-17,Dtdc,,In Transit,4,2024-04
Shp005739,Ord005739,2023-12-24,2024-01-08,Ekart,,Delayed,15,2023-12
Shp005740,Ord005740,2022-04-30,2022-05-07,Xpressbees,769.11,Delayed,7,2022-04
Shp005741,Ord005741,2024-09-13,2024-09-17,Indiapost,631.59,Delayed,4,2024-09
Shp005742,Ord005742,2023-07-02,2023-07-17,Bluedart,295.62,Delayed,15,2023-07
Shp005743,Ord005743,2024-07-16,2024-07-31,Indiapost,834.96,Delivered,15,2024-07
Shp005744,Ord005744,2022-03-13,2022-03-14,Ekart,636.36,Delayed,1,2022-03
Shp005745,Ord005745,2023-04-21,2023-05-06,Bluedart,406.49,Delayed,15,2023-04
Shp005746,Ord005746,2023-12-28,2024-01-12,Indiapost,859.89,Delayed,15,2023-12
Shp005747,Ord005747,2022-10-10,2022-10-18,Bluedart,890.05,Returned To Origin,8,2022-10
Shp005748,Ord005748,2024-09-27,2024-09-30,Ekart,865.67,Delayed,3,2024-09
Shp005750,Ord005750,2023-10-06,2023-10-07,Xpressbees,413.68,In Transit,1,2023-10
Shp005751,Ord005751,2022-04-19,2022-04-29,Delhivery,620.56,Lost,10,2022-04
Shp005752,Ord005752,2023-01-17,2023-01-23,Fedex,740.2,Delayed,6,2023-01
Shp005753,Ord005753,2024-08-07,2024-08-11,Indiapost,313.79,In Transit,4,2024-08
Shp005754,Ord005754,2022-10-15,2022-10-19,Delhivery,244.74,In Transit,4,2022-10
Shp005755,Ord005755,2024-01-01,2024-01-07,Xpressbees,74.53,Returned To Origin,6,2024-01
Shp005756,Ord005756,2024-05-01,2024-05-04,Xpressbees,450.89,Delivered,3,2024-05
Shp005759,Ord005759,2024-04-15,2024-04-23,Dtdc,737.87,Delayed,8,2024-04
Shp005760,Ord005760,2022-05-30,2022-06-14,Xpressbees,705.44,Delivered,15,2022-05
Shp005761,Ord005761,2022-12-30,2023-01-05,Xpressbees,752.53,Returned To Origin,6,2022-12
Shp005762,Ord005762,2023-09-02,2023-09-05,Bluedart,821.49,In Transit,3,2023-09
Shp005763,Ord005763,2024-04-21,2024-04-28,Ekart,590.71,Returned To Origin,7,2024-04
Shp005764,Ord005764,2022-10-24,2022-11-03,Indiapost,568.61,Delivered,10,2022-10
Shp005765,Ord005765,2024-03-23,2024-03-28,Dtdc,243.93,Delayed,5,2024-03
Shp005766,Ord005766,2024-08-08,2024-08-18,Xpressbees,300.52,Returned To Origin,10,2024-08
Shp005767,Ord005767,2022-12-23,2022-12-28,Indiapost,66.69,In Transit,5,2022-12
Shp005768,Ord005768,2024-10-18,2024-10-21,Ekart,262.27,In Transit,3,2024-10
Shp005769,Ord005769,2024-05-26,2024-05-28,Fedex,69.02,In Transit,2,2024-05
Shp005771,Ord005771,2023-05-18,2023-05-21,Indiapost,838.71,Delayed,3,2023-05
Shp005772,Ord005772,2024-05-19,2024-05-29,Delhivery,770.43,Returned To Origin,10,2024-05
Shp005773,Ord005773,2023-10-26,2023-10-29,Dtdc,103.43,Lost,3,2023-10
Shp005774,Ord005774,2023-01-19,2023-01-25,Delhivery,509.99,In Transit,6,2023-01
Shp005775,Ord005775,2024-03-07,2024-03-10,Bluedart,191.97,Returned To Origin,3,2024-03
Shp005776,Ord005776,2024-03-25,2024-04-02,Ekart,371.74,Delivered,8,2024-03
Shp005778,Ord005778,2023-05-16,2023-05-23,Xpressbees,441.56,In Transit,7,2023-05
Shp005779,Ord005779,2023-07-01,2023-07-04,Ekart,658.39,Delayed,3,2023-07
Shp005780,Ord005780,2023-02-14,2023-02-21,Bluedart,346.74,Lost,7,2023-02
Shp005781,Ord005781,2024-12-28,2025-01-02,Dtdc,282.32,Delivered,5,2024-12
Shp005783,Ord005783,2022-07-15,2022-07-30,Ekart,735.96,In Transit,15,2022-07
Shp005784,Ord005784,2023-12-30,2024-01-02,Delhivery,89.14,Delayed,3,2023-12
Shp005785,Ord005785,2024-05-28,2024-05-31,Xpressbees,391.23,Lost,3,2024-05
Shp005786,Ord005786,2022-09-09,2022-09-19,Indiapost,56.24,Delayed,10,2022-09
Shp005787,Ord005787,2023-07-18,2023-07-20,Indiapost,834.19,Returned To Origin,2,2023-07
Shp005788,Ord005788,2023-06-24,2023-07-04,Delhivery,454.21,Returned To Origin,10,2023-06
Shp005789,Ord005789,2022-12-25,2022-12-31,Xpressbees,635.88,In Transit,6,2022-12
Shp005791,Ord005791,2022-09-01,2022-09-02,Xpressbees,133.02,In Transit,1,2022-09
Shp005792,Ord005792,2022-01-18,2022-01-25,Fedex,521.09,Lost,7,2022-01
Shp005794,Ord005794,2024-01-04,2024-01-10,Dtdc,670.18,Returned To Origin,6,2024-01
Shp005795,Ord005795,2022-07-16,2022-07-19,Fedex,644.91,Lost,3,2022-07
Shp005796,Ord005796,2024-12-04,2024-12-06,Fedex,693.9,Delivered,2,2024-12
Shp005797,Ord005797,2024-02-18,2024-02-24,Delhivery,745.58,Delayed,6,2024-02
Shp005798,Ord005798,2023-08-01,2023-08-05,Bluedart,248.72,In Transit,4,2023-08
Shp005799,Ord005799,2024-02-10,2024-02-18,Delhivery,724.12,Delivered,8,2024-02
Shp005800,Ord005800,2023-06-23,2023-06-26,Indiapost,425.88,In Transit,3,2023-06
Shp005801,Ord005801,2023-01-02,2023-01-08,Fedex,93.46,Lost,6,2023-01
Shp005802,Ord005802,2023-06-21,2023-06-24,Ekart,746.92,Delivered,3,2023-06
Shp005803,Ord005803,2024-08-20,2024-08-30,Indiapost,155.01,In Transit,10,2024-08
Shp005804,Ord005804,2022-01-11,2022-01-21,Bluedart,239.49,Lost,10,2022-01
Shp005805,Ord005805,2022-10-10,2022-10-25,Delhivery,212.52,Lost,15,2022-10
Shp005806,Ord005806,2023-09-05,2023-09-15,Dtdc,558.08,In Transit,10,2023-09
Shp005807,Ord005807,2024-03-17,2024-03-27,Indiapost,80.12,Lost,10,2024-03
Shp005808,Ord005808,2022-01-30,2022-02-02,Bluedart,611.28,Delayed,3,2022-01
Shp005809,Ord005809,2022-08-20,2022-08-24,Indiapost,446.49,Returned To Origin,4,2022-08
Shp005810,Ord005810,2022-09-30,2022-10-07,Bluedart,169.84,Returned To Origin,7,2022-09
Shp005811,Ord005811,2022-09-13,2022-09-23,Indiapost,31.99,Delivered,10,2022-09
Shp005812,Ord005812,2024-07-29,2024-08-01,Bluedart,275.6,Lost,3,2024-07
Shp005813,Ord005813,2022-10-30,2022-11-03,Bluedart,846.45,Returned To Origin,4,2022-10
Shp005815,Ord005815,2024-04-05,2024-04-15,Delhivery,160.44,Returned To Origin,10,2024-04
Shp005816,Ord005816,2024-04-14,2024-04-22,Bluedart,889.82,Returned To Origin,8,2024-04
Shp005818,Ord005818,2022-06-03,2022-06-06,Delhivery,831.67,Delivered,3,2022-06
Shp005819,Ord005819,2023-07-13,2023-07-18,Delhivery,372.75,In Transit,5,2023-07
Shp005820,Ord005820,2022-01-30,2022-02-01,Ekart,292.94,Lost,2,2022-01
Shp005821,Ord005821,2024-07-16,2024-07-21,Xpressbees,469.98,Lost,5,2024-07
Shp005823,Ord005823,2022-05-24,2022-05-29,Xpressbees,777.89,In Transit,5,2022-05
Shp005824,Ord005824,2023-04-29,2023-05-01,Fedex,736.97,Delivered,2,2023-04
Shp005826,Ord005826,2022-11-24,2022-11-26,Bluedart,306.45,Delivered,2,2022-11
Shp005827,Ord005827,2024-07-07,2024-07-10,Fedex,814.72,Delivered,3,2024-07
Shp005828,Ord005828,2024-07-18,2024-07-23,Fedex,833.81,Delivered,5,2024-07
Shp005829,Ord005829,2022-10-19,2022-10-22,Delhivery,441.99,In Transit,3,2022-10
Shp005830,Ord005830,2024-09-26,2024-09-28,Bluedart,399.84,Lost,2,2024-09
Shp005831,Ord005831,2023-07-10,2023-07-15,Fedex,302.54,Delivered,5,2023-07
Shp005832,Ord005832,2023-02-01,2023-02-08,Delhivery,440.85,Delivered,7,2023-02
Shp005833,Ord005833,2024-01-10,2024-01-13,Delhivery,631.08,Delivered,3,2024-01
Shp005834,Ord005834,2024-11-10,2024-11-25,Xpressbees,474.81,In Transit,15,2024-11
Shp005835,Ord005835,2023-09-23,2023-10-03,Xpressbees,44.32,Delivered,10,2023-09
Shp005836,Ord005836,2022-09-09,2022-09-24,Indiapost,231.8,Delivered,15,2022-09
Shp005837,Ord005837,2023-01-10,2023-01-18,Delhivery,529.12,Returned To Origin,8,2023-01
Shp005838,Ord005838,2023-06-19,2023-06-29,Ekart,34.64,Delivered,10,2023-06
Shp005842,Ord005842,2022-10-11,2022-10-19,Delhivery,477.89,Delayed,8,2022-10
Shp005843,Ord005843,2024-05-19,2024-05-24,Dtdc,143.72,Returned To Origin,5,2024-05
Shp005844,Ord005844,2024-05-04,2024-05-08,Dtdc,195.17,Lost,4,2024-05
Shp005845,Ord005845,2022-05-07,2022-05-17,Xpressbees,266.22,Lost,10,2022-05
Shp005846,Ord005846,2022-08-20,2022-08-27,Xpressbees,482.61,Delayed,7,2022-08
Shp005848,Ord005848,2022-07-31,2022-08-07,Indiapost,383.48,In Transit,7,2022-07
Shp005849,Ord005849,2022-02-05,2022-02-11,Fedex,371.96,Delayed,6,2022-02
Shp005850,Ord005850,2024-09-29,2024-10-02,Delhivery,454.41,Delivered,3,2024-09
Shp005851,Ord005851,2024-03-13,2024-03-20,Fedex,638.44,Lost,7,2024-03
Shp005852,Ord005852,2023-06-23,2023-06-26,Bluedart,111.27,Delivered,3,2023-06
Shp005853,Ord005853,2022-06-16,2022-06-19,Xpressbees,196.06,In Transit,3,2022-06
Shp005855,Ord005855,2024-03-02,2024-03-06,Bluedart,165.93,In Transit,4,2024-03
Shp005858,Ord005858,2022-02-06,2022-02-21,Ekart,149.06,Delayed,15,2022-02
Shp005859,Ord005859,2022-01-28,2022-02-12,Indiapost,245.82,Returned To Origin,15,2022-01
Shp005860,Ord005860,2024-01-09,2024-01-14,Dtdc,241.68,Delayed,5,2024-01
Shp005861,Ord005861,2024-08-11,2024-08-16,Indiapost,230.05,Lost,5,2024-08
Shp005862,Ord005862,2023-04-25,2023-04-27,Dtdc,125.47,Delivered,2,2023-04
Shp005863,Ord005863,2023-05-13,2023-05-23,Fedex,785.4,Lost,10,2023-05
Shp005864,Ord005864,2023-10-05,2023-10-12,Indiapost,525.32,In Transit,7,2023-10
Shp005865,Ord005865,2022-03-04,2022-03-19,Delhivery,479.07,Lost,15,2022-03
Shp005866,Ord005866,2022-10-10,2022-10-14,Indiapost,444.16,Lost,4,2022-10
Shp005867,Ord005867,2023-01-15,2023-01-17,Delhivery,69.58,Lost,2,2023-01
Shp005868,Ord005868,2023-10-08,2023-10-13,Ekart,508.26,Returned To Origin,5,2023-10
Shp005870,Ord005870,2022-03-03,2022-03-08,Fedex,818.73,Delivered,5,2022-03
Shp005871,Ord005871,2022-01-30,2022-02-06,Xpressbees,592.29,Delayed,7,2022-01
Shp005873,Ord005873,2023-10-23,2023-10-31,Bluedart,795.28,Delivered,8,2023-10
Shp005874,Ord005874,2022-12-28,2023-01-04,Ekart,199.72,Delayed,7,2022-12
Shp005875,Ord005875,2022-12-19,2022-12-26,Delhivery,457.65,Lost,7,2022-12
Shp005876,Ord005876,2023-03-07,2023-03-15,Delhivery,655.23,Returned To Origin,8,2023-03
Shp005877,Ord005877,2024-07-16,2024-07-23,Indiapost,93.68,Delivered,7,2024-07
Shp005878,Ord005878,2023-04-04,2023-04-09,Fedex,668.68,Delayed,5,2023-04
Shp005879,Ord005879,2024-12-30,2025-01-07,Indiapost,558.34,Returned To Origin,8,2024-12
Shp005881,Ord005881,2023-07-26,2023-07-28,Bluedart,232.38,Delayed,2,2023-07
Shp005882,Ord005882,2024-02-21,2024-02-29,Bluedart,51.11,Returned To Origin,8,2024-02
Shp005883,Ord005883,2022-06-10,2022-06-20,Fedex,390.24,Lost,10,2022-06
Shp005885,Ord005885,2022-06-27,2022-06-30,Ekart,474.72,Lost,3,2022-06
Shp005887,Ord005887,2023-01-05,2023-01-08,Indiapost,684.43,Delivered,3,2023-01
Shp005888,Ord005888,2024-04-20,2024-04-23,Ekart,464.54,In Transit,3,2024-04
Shp005889,Ord005889,2022-09-13,2022-09-19,Xpressbees,305.67,Delayed,6,2022-09
Shp005890,Ord005890,2022-03-11,2022-03-12,Bluedart,62.42,Returned To Origin,1,2022-03
Shp005891,Ord005891,2024-01-03,2024-01-09,Fedex,663.87,Delayed,6,2024-01
Shp005892,Ord005892,2024-01-30,2024-01-31,Bluedart,179.77,Delivered,1,2024-01
Shp005893,Ord005893,2022-06-06,2022-06-14,Fedex,143.66,Lost,8,2022-06
Shp005894,Ord005894,2023-06-20,2023-06-30,Delhivery,684.54,Delivered,10,2023-06
Shp005895,Ord005895,2024-05-10,2024-05-13,Ekart,875.98,In Transit,3,2024-05
Shp005896,Ord005896,2022-04-29,2022-05-03,Indiapost,125.87,Delayed,4,2022-04
Shp005897,Ord005897,2023-02-03,2023-02-06,Bluedart,340.74,In Transit,3,2023-02
Shp005898,Ord005898,2023-10-23,2023-11-02,Fedex,570.82,Returned To Origin,10,2023-10
Shp005899,Ord005899,2024-10-15,2024-10-25,Fedex,289.45,Lost,10,2024-10
Shp005900,Ord005900,2023-03-13,2023-03-21,Xpressbees,567.35,In Transit,8,2023-03
Shp005901,Ord005901,2022-08-29,2022-09-03,Ekart,208.1,In Transit,5,2022-08
Shp005902,Ord005902,2022-06-30,2022-07-15,Bluedart,282.69,Delayed,15,2022-06
Shp005905,Ord005905,2024-12-07,2024-12-10,Delhivery,227.94,Lost,3,2024-12
Shp005906,Ord005906,2022-06-12,2022-06-19,Delhivery,250.64,Lost,7,2022-06
Shp005907,Ord005907,2022-07-06,2022-07-08,Indiapost,579.85,Delivered,2,2022-07
Shp005908,Ord005908,2023-01-11,2023-01-12,Bluedart,819.02,In Transit,1,2023-01
Shp005909,Ord005909,2023-02-12,2023-02-27,Indiapost,893.03,Lost,15,2023-02
Shp005910,Ord005910,2022-04-16,2022-04-23,Fedex,629.77,In Transit,7,2022-04
Shp005912,Ord005912,2024-03-04,2024-03-08,Delhivery,150.56,Returned To Origin,4,2024-03
Shp005913,Ord005913,2022-09-27,2022-10-03,Delhivery,189.79,Returned To Origin,6,2022-09
Shp005914,Ord005914,2024-06-30,2024-07-06,Ekart,163.87,Lost,6,2024-06
Shp005915,Ord005915,2023-06-18,2023-06-26,Dtdc,532.74,Delayed,8,2023-06
Shp005916,Ord005916,2023-05-13,2023-05-21,Fedex,688.08,Delayed,8,2023-05
Shp005917,Ord005917,2023-12-22,2024-01-01,Indiapost,829.34,Delivered,10,2023-12
Shp005920,Ord005920,2022-10-26,2022-10-30,Indiapost,268.16,Returned To Origin,4,2022-10
Shp005921,Ord005921,2024-01-31,2024-02-03,Xpressbees,93.07,Returned To Origin,3,2024-01
Shp005922,Ord005922,2023-11-04,2023-11-14,Fedex,119.89,Delayed,10,2023-11
Shp005923,Ord005923,2022-12-26,2022-12-27,Ekart,111.19,Delivered,1,2022-12
Shp005924,Ord005924,2023-01-18,2023-01-25,Fedex,188.94,Returned To Origin,7,2023-01
Shp005925,Ord005925,2022-11-12,2022-11-20,Xpressbees,,Lost,8,2022-11
Shp005926,Ord005926,2024-08-25,2024-08-28,Xpressbees,451.8,Lost,3,2024-08
Shp005927,Ord005927,2024-03-21,2024-03-28,Bluedart,446.52,Delivered,7,2024-03
Shp005928,Ord005928,2024-06-19,2024-06-21,Xpressbees,51.18,Returned To Origin,2,2024-06
Shp005929,Ord005929,2023-12-24,2023-12-29,Fedex,656.38,Lost,5,2023-12
Shp005930,Ord005930,2024-01-12,2024-01-15,Dtdc,309.09,In Transit,3,2024-01
Shp005933,Ord005933,2023-07-26,2023-07-31,Dtdc,412.93,Delivered,5,2023-07
Shp005934,Ord005934,2022-08-17,2022-08-25,Bluedart,159.49,Delayed,8,2022-08
Shp005936,Ord005936,2022-07-07,2022-07-22,Delhivery,323.43,In Transit,15,2022-07
Shp005937,Ord005937,2022-11-12,2022-11-15,Indiapost,133.06,Returned To Origin,3,2022-11
Shp005939,Ord005939,2024-04-08,2024-04-11,Dtdc,689.93,Delayed,3,2024-04
Shp005940,Ord005940,2024-11-23,2024-11-24,Bluedart,286.49,Delayed,1,2024-11
Shp005941,Ord005941,2022-07-10,2022-07-20,Ekart,480.51,Delayed,10,2022-07
Shp005942,Ord005942,2023-03-13,2023-03-19,Fedex,654.0,Returned To Origin,6,2023-03
Shp005943,Ord005943,2022-08-07,2022-08-10,Xpressbees,618.99,Returned To Origin,3,2022-08
Shp005944,Ord005944,2022-11-06,2022-11-10,Indiapost,544.01,Delayed,4,2022-11
Shp005945,Ord005945,2023-10-10,2023-10-13,Bluedart,674.95,Lost,3,2023-10
Shp005946,Ord005946,2023-06-13,2023-06-16,Bluedart,,Delayed,3,2023-06
Shp005947,Ord005947,2024-06-11,2024-06-12,Indiapost,739.55,Returned To Origin,1,2024-06
Shp005949,Ord005949,2022-08-11,2022-08-21,Fedex,346.52,In Transit,10,2022-08
Shp005951,Ord005951,2024-10-21,2024-10-24,Fedex,52.74,Returned To Origin,3,2024-10
Shp005952,Ord005952,2022-04-22,2022-04-25,Ekart,301.35,Delayed,3,2022-04
Shp005953,Ord005953,2024-01-01,2024-01-16,Dtdc,360.56,In Transit,15,2024-01
Shp005954,Ord005954,2022-07-28,2022-08-07,Bluedart,871.62,Delayed,10,2022-07
Shp005955,Ord005955,2024-03-08,2024-03-18,Fedex,892.56,Lost,10,2024-03
Shp005956,Ord005956,2023-03-31,2023-04-05,Ekart,600.62,In Transit,5,2023-03
Shp005957,Ord005957,2022-11-27,2022-12-07,Bluedart,546.84,In Transit,10,2022-11
Shp005958,Ord005958,2024-10-31,2024-11-04,Fedex,150.44,Returned To Origin,4,2024-10
Shp005959,Ord005959,2022-10-07,2022-10-17,Indiapost,752.87,Returned To Origin,10,2022-10
Shp005960,Ord005960,2024-10-10,2024-10-13,Indiapost,193.54,Returned To Origin,3,2024-10
Shp005961,Ord005961,2023-06-29,2023-07-01,Bluedart,323.59,Delayed,2,2023-06
Shp005962,Ord005962,2022-08-21,2022-08-24,Ekart,448.02,Returned To Origin,3,2022-08
Shp005964,Ord005964,2022-03-08,2022-03-18,Dtdc,540.47,In Transit,10,2022-03
Shp005965,Ord005965,2022-03-18,2022-03-21,Indiapost,890.4,Delayed,3,2022-03
Shp005966,Ord005966,2022-04-17,2022-04-20,Dtdc,112.02,Delivered,3,2022-04
Shp005967,Ord005967,2022-08-12,2022-08-13,Ekart,458.3,Delivered,1,2022-08
Shp005968,Ord005968,2022-07-26,2022-08-01,Bluedart,469.05,Delivered,6,2022-07
Shp005969,Ord005969,2024-01-30,2024-02-01,Bluedart,745.72,Delayed,2,2024-01
Shp005970,Ord005970,2022-06-28,2022-07-03,Bluedart,413.73,Lost,5,2022-06
Shp005971,Ord005971,2024-05-17,2024-06-01,Dtdc,370.57,In Transit,15,2024-05
Shp005972,Ord005972,2022-11-07,2022-11-09,Dtdc,548.89,Delayed,2,2022-11
Shp005973,Ord005973,2022-03-22,2022-03-30,Dtdc,256.74,Lost,8,2022-03
Shp005975,Ord005975,2023-08-12,2023-08-15,Fedex,249.16,Delayed,3,2023-08
Shp005976,Ord005976,2023-11-09,2023-11-10,Indiapost,525.13,Delivered,1,2023-11
Shp005977,Ord005977,2023-09-11,2023-09-14,Indiapost,406.25,Delayed,3,2023-09
Shp005978,Ord005978,2024-08-20,2024-08-28,Indiapost,372.33,Delivered,8,2024-08
Shp005979,Ord005979,2024-06-05,2024-06-06,Ekart,125.42,Returned To Origin,1,2024-06
Shp005982,Ord005982,2023-09-14,2023-09-20,Xpressbees,55.89,Delivered,6,2023-09
Shp005983,Ord005983,2022-12-07,2022-12-13,Ekart,718.97,Returned To Origin,6,2022-12
Shp005984,Ord005984,2022-11-16,2022-11-20,Xpressbees,,Delayed,4,2022-11
Shp005985,Ord005985,2022-06-13,2022-06-14,Fedex,404.26,Returned To Origin,1,2022-06
Shp005986,Ord005986,2022-01-30,2022-02-07,Xpressbees,459.46,Lost,8,2022-01
Shp005987,Ord005987,2023-09-01,2023-09-06,Ekart,203.42,Delayed,5,2023-09
Shp005988,Ord005988,2024-04-02,2024-04-05,Ekart,694.26,In Transit,3,2024-04
Shp005989,Ord005989,2024-07-19,2024-08-03,Dtdc,608.91,Delivered,15,2024-07
Shp005990,Ord005990,2022-03-09,2022-03-15,Ekart,344.97,Returned To Origin,6,2022-03
Shp005992,Ord005992,2023-05-02,2023-05-10,Delhivery,493.61,Returned To Origin,8,2023-05
Shp005993,Ord005993,2024-05-08,2024-05-15,Indiapost,293.3,Returned To Origin,7,2024-05
Shp005994,Ord005994,2022-03-20,2022-03-23,Dtdc,668.97,Delivered,3,2022-03
Shp005995,Ord005995,2023-08-26,2023-08-31,Indiapost,167.63,Delivered,5,2023-08
Shp005996,Ord005996,2022-10-21,2022-10-23,Indiapost,771.4,Returned To Origin,2,2022-10
Shp005998,Ord005998,2024-07-29,2024-08-06,Indiapost,347.62,Delivered,8,2024-07
Shp006000,Ord006000,2023-01-06,2023-01-14,Ekart,814.05,Delayed,8,2023-01
Shp006001,Ord006001,2022-12-06,2022-12-11,Dtdc,698.81,Delayed,5,2022-12
Shp006004,Ord006004,2023-10-12,2023-10-27,Fedex,236.92,Delayed,15,2023-10
Shp006006,Ord006006,2023-11-30,2023-12-02,Bluedart,449.8,Lost,2,2023-11
Shp006007,Ord006007,2022-06-05,2022-06-06,Indiapost,374.85,Returned To Origin,1,2022-06
Shp006008,Ord006008,2024-04-11,2024-04-18,Bluedart,475.59,Returned To Origin,7,2024-04
Shp006009,Ord006009,2023-11-30,2023-12-04,Dtdc,48.68,Delivered,4,2023-11
Shp006010,Ord006010,2023-05-11,2023-05-17,Ekart,420.82,Returned To Origin,6,2023-05
Shp006011,Ord006011,2023-02-28,2023-03-10,Bluedart,859.91,Delayed,10,2023-02
Shp006012,Ord006012,2024-12-15,2024-12-30,Delhivery,293.12,Returned To Origin,15,2024-12
Shp006014,Ord006014,2022-12-06,2022-12-11,Dtdc,265.34,Returned To Origin,5,2022-12
Shp006016,Ord006016,2023-02-17,2023-02-25,Xpressbees,69.21,Lost,8,2023-02
Shp006017,Ord006017,2024-06-12,2024-06-15,Dtdc,287.03,Delayed,3,2024-06
Shp006018,Ord006018,2023-06-10,2023-06-14,Dtdc,644.39,Lost,4,2023-06
Shp006020,Ord006020,2023-06-12,2023-06-15,Fedex,871.77,Delayed,3,2023-06
Shp006021,Ord006021,2024-02-12,2024-02-17,Xpressbees,99.44,Returned To Origin,5,2024-02
Shp006024,Ord006024,2024-08-21,2024-08-25,Delhivery,430.03,Delayed,4,2024-08
Shp006025,Ord006025,2023-10-03,2023-10-13,Delhivery,551.14,Lost,10,2023-10
Shp006026,Ord006026,2022-07-20,2022-07-25,Indiapost,822.09,Delivered,5,2022-07
Shp006027,Ord006027,2022-05-17,2022-06-01,Dtdc,807.83,Returned To Origin,15,2022-05
Shp006028,Ord006028,2023-11-11,2023-11-21,Bluedart,166.68,Delivered,10,2023-11
Shp006029,Ord006029,2024-05-18,2024-05-24,Fedex,169.64,Delivered,6,2024-05
Shp006030,Ord006030,2023-07-17,2023-07-21,Bluedart,773.72,Delayed,4,2023-07
Shp006031,Ord006031,2022-02-26,2022-03-08,Delhivery,318.62,In Transit,10,2022-02
Shp006032,Ord006032,2023-03-22,2023-03-30,Bluedart,537.44,Delayed,8,2023-03
Shp006033,Ord006033,2022-08-03,2022-08-06,Fedex,890.8,Delivered,3,2022-08
Shp006034,Ord006034,2024-09-13,2024-09-18,Dtdc,697.48,Delivered,5,2024-09
Shp006036,Ord006036,2023-11-23,2023-11-29,Fedex,75.18,In Transit,6,2023-11
Shp006038,Ord006038,2023-09-07,2023-09-15,Dtdc,216.3,Delayed,8,2023-09
Shp006039,Ord006039,2023-12-08,2023-12-18,Bluedart,172.14,Delivered,10,2023-12
Shp006040,Ord006040,2022-11-01,2022-11-07,Delhivery,516.57,Returned To Origin,6,2022-11
Shp006041,Ord006041,2022-10-09,2022-10-17,Indiapost,225.66,Delayed,8,2022-10
Shp006042,Ord006042,2023-06-13,2023-06-28,Xpressbees,235.59,Lost,15,2023-06
Shp006043,Ord006043,2022-07-21,2022-07-26,Xpressbees,409.73,In Transit,5,2022-07
Shp006044,Ord006044,2023-01-31,2023-02-05,Xpressbees,896.48,Delayed,5,2023-01
Shp006045,Ord006045,2023-04-04,2023-04-07,Indiapost,866.5,Delivered,3,2023-04
Shp006046,Ord006046,2024-07-18,2024-07-20,Bluedart,372.58,Delivered,2,2024-07
Shp006047,Ord006047,2022-07-21,2022-07-29,Dtdc,681.94,Delivered,8,2022-07
Shp006048,Ord006048,2023-08-07,2023-08-10,Dtdc,68.77,Delayed,3,2023-08
Shp006049,Ord006049,2022-08-10,2022-08-25,Dtdc,396.35,Delivered,15,2022-08
Shp006050,Ord006050,2024-10-24,2024-11-03,Fedex,473.01,Lost,10,2024-10
Shp006051,Ord006051,2022-09-30,2022-10-02,Delhivery,154.13,Lost,2,2022-09
Shp006052,Ord006052,2023-03-11,2023-03-15,Delhivery,763.92,Delivered,4,2023-03
Shp006054,Ord006054,2024-04-17,2024-04-19,Dtdc,239.59,In Transit,2,2024-04
Shp006055,Ord006055,2024-12-08,2024-12-16,Bluedart,805.65,Lost,8,2024-12
Shp006056,Ord006056,2022-07-25,2022-08-09,Ekart,33.35,Delivered,15,2022-07
Shp006057,Ord006057,2022-05-20,2022-05-27,Bluedart,296.45,Delivered,7,2022-05
Shp006058,Ord006058,2024-03-26,2024-03-29,Fedex,308.91,Delayed,3,2024-03
Shp006060,Ord006060,2023-07-27,2023-07-28,Dtdc,724.0,Delivered,1,2023-07
Shp006061,Ord006061,2023-06-22,2023-06-30,Fedex,261.62,Returned To Origin,8,2023-06
Shp006062,Ord006062,2022-02-01,2022-02-04,Dtdc,505.71,Delivered,3,2022-02
Shp006063,Ord006063,2022-07-21,2022-07-24,Dtdc,548.56,In Transit,3,2022-07
Shp006064,Ord006064,2022-04-19,2022-04-21,Dtdc,505.64,Delayed,2,2022-04
Shp006066,Ord006066,2022-03-27,2022-03-28,Ekart,641.21,Returned To Origin,1,2022-03
Shp006067,Ord006067,2022-10-06,2022-10-13,Indiapost,676.55,Returned To Origin,7,2022-10
Shp006069,Ord006069,2024-05-13,2024-05-17,Ekart,40.26,Delivered,4,2024-05
Shp006070,Ord006070,2024-02-28,2024-03-14,Delhivery,294.8,Returned To Origin,15,2024-02
Shp006071,Ord006071,2022-06-26,2022-06-29,Ekart,184.5,Returned To Origin,3,2022-06
Shp006072,Ord006072,2022-01-23,2022-01-28,Delhivery,726.21,Delayed,5,2022-01
Shp006073,Ord006073,2023-07-12,2023-07-15,Fedex,796.8,Returned To Origin,3,2023-07
Shp006074,Ord006074,2022-01-15,2022-01-23,Xpressbees,338.59,Lost,8,2022-01
Shp006075,Ord006075,2024-06-27,2024-07-07,Dtdc,702.13,Returned To Origin,10,2024-06
Shp006076,Ord006076,2024-06-29,2024-07-01,Fedex,406.48,Delivered,2,2024-06
Shp006078,Ord006078,2024-01-27,2024-02-03,Xpressbees,424.22,Lost,7,2024-01
Shp006079,Ord006079,2023-02-05,2023-02-11,Bluedart,878.1,Returned To Origin,6,2023-02
Shp006081,Ord006081,2024-07-07,2024-07-14,Fedex,529.2,Returned To Origin,7,2024-07
Shp006083,Ord006083,2022-10-03,2022-10-07,Dtdc,511.9,Delivered,4,2022-10
Shp006085,Ord006085,2022-02-03,2022-02-07,Ekart,147.21,In Transit,4,2022-02
Shp006086,Ord006086,2023-07-10,2023-07-13,Xpressbees,257.88,Returned To Origin,3,2023-07
Shp006087,Ord006087,2022-05-20,2022-05-21,Ekart,614.54,Delivered,1,2022-05
Shp006088,Ord006088,2022-02-04,2022-02-11,Xpressbees,770.36,Lost,7,2022-02
Shp006089,Ord006089,2022-04-11,2022-04-12,Ekart,613.6,Delivered,1,2022-04
Shp006090,Ord006090,2024-07-04,2024-07-07,Xpressbees,465.99,Delivered,3,2024-07
Shp006091,Ord006091,2022-06-23,2022-06-25,Xpressbees,801.14,Delivered,2,2022-06
Shp006092,Ord006092,2023-11-24,2023-11-27,Fedex,511.74,Delayed,3,2023-11
Shp006093,Ord006093,2024-08-24,2024-08-31,Fedex,793.79,Delivered,7,2024-08
Shp006095,Ord006095,2023-02-01,2023-02-06,Indiapost,527.48,Delayed,5,2023-02
Shp006097,Ord006097,2023-09-14,2023-09-17,Ekart,359.23,Returned To Origin,3,2023-09
Shp006098,Ord006098,2024-03-15,2024-03-17,Ekart,479.26,Delivered,2,2024-03
Shp006099,Ord006099,2024-07-31,2024-08-07,Delhivery,762.62,In Transit,7,2024-07
Shp006101,Ord006101,2023-12-27,2024-01-04,Bluedart,758.42,Delayed,8,2023-12
Shp006102,Ord006102,2022-11-08,2022-11-12,Delhivery,169.63,Returned To Origin,4,2022-11
Shp006103,Ord006103,2024-07-16,2024-07-31,Bluedart,556.38,In Transit,15,2024-07
Shp006104,Ord006104,2023-11-06,2023-11-11,Fedex,209.35,Returned To Origin,5,2023-11
Shp006105,Ord006105,2024-06-30,2024-07-07,Fedex,338.72,Returned To Origin,7,2024-06
Shp006106,Ord006106,2022-03-19,2022-03-29,Indiapost,99.64,Lost,10,2022-03
Shp006107,Ord006107,2024-03-24,2024-03-27,Delhivery,759.88,Lost,3,2024-03
Shp006108,Ord006108,2024-11-16,2024-11-17,Bluedart,208.64,Delayed,1,2024-11
Shp006109,Ord006109,2023-11-27,2023-12-05,Ekart,220.12,Delayed,8,2023-11
Shp006110,Ord006110,2023-06-30,2023-07-04,Dtdc,562.35,Lost,4,2023-06
Shp006111,Ord006111,2024-02-17,2024-02-22,Dtdc,827.53,In Transit,5,2024-02
Shp006113,Ord006113,2023-12-05,2023-12-07,Delhivery,875.22,Delayed,2,2023-12
Shp006115,Ord006115,2023-09-20,2023-09-25,Ekart,681.87,In Transit,5,2023-09
Shp006116,Ord006116,2023-10-01,2023-10-03,Bluedart,648.21,In Transit,2,2023-10
Shp006117,Ord006117,2024-11-21,2024-11-26,Delhivery,425.96,Lost,5,2024-11
Shp006118,Ord006118,2024-03-06,2024-03-08,Dtdc,636.73,Delayed,2,2024-03
Shp006119,Ord006119,2022-10-13,2022-10-14,Dtdc,272.03,Lost,1,2022-10
Shp006120,Ord006120,2024-02-20,2024-02-23,Bluedart,843.7,Delivered,3,2024-02
Shp006121,Ord006121,2024-03-29,2024-04-01,Dtdc,,Delivered,3,2024-03
Shp006122,Ord006122,2024-09-17,2024-09-24,Bluedart,75.11,In Transit,7,2024-09
Shp006123,Ord006123,2024-05-09,2024-05-19,Delhivery,683.77,Lost,10,2024-05
Shp006124,Ord006124,2024-04-27,2024-04-30,Xpressbees,489.58,Delivered,3,2024-04
Shp006125,Ord006125,2022-05-14,2022-05-22,Delhivery,774.5,Returned To Origin,8,2022-05
Shp006126,Ord006126,2022-01-28,2022-02-03,Delhivery,577.12,Lost,6,2022-01
Shp006127,Ord006127,2022-09-29,2022-10-02,Dtdc,,Lost,3,2022-09
Shp006128,Ord006128,2023-12-28,2024-01-02,Xpressbees,200.55,Delivered,5,2023-12
Shp006129,Ord006129,2022-02-17,2022-02-23,Fedex,525.03,In Transit,6,2022-02
Shp006130,Ord006130,2023-08-12,2023-08-20,Bluedart,532.87,Lost,8,2023-08
Shp006131,Ord006131,2022-09-28,2022-10-13,Ekart,297.69,Delivered,15,2022-09
Shp006133,Ord006133,2022-11-06,2022-11-13,Indiapost,821.22,Lost,7,2022-11
Shp006134,Ord006134,2023-12-16,2023-12-19,Dtdc,230.09,Lost,3,2023-12
Shp006135,Ord006135,2022-09-14,2022-09-19,Delhivery,669.15,Delivered,5,2022-09
Shp006136,Ord006136,2024-09-02,2024-09-17,Xpressbees,201.25,Returned To Origin,15,2024-09
Shp006137,Ord006137,2023-01-15,2023-01-22,Fedex,216.55,Delivered,7,2023-01
Shp006138,Ord006138,2022-08-28,2022-09-05,Bluedart,586.33,Lost,8,2022-08
Shp006139,Ord006139,2024-09-11,2024-09-17,Dtdc,152.8,Delayed,6,2024-09
Shp006140,Ord006140,2024-07-07,2024-07-22,Bluedart,652.93,In Transit,15,2024-07
Shp006141,Ord006141,2023-03-31,2023-04-15,Dtdc,551.74,In Transit,15,2023-03
Shp006142,Ord006142,2023-11-17,2023-11-25,Delhivery,59.01,Delivered,8,2023-11
Shp006143,Ord006143,2022-11-04,2022-11-08,Fedex,310.44,Delivered,4,2022-11
Shp006144,Ord006144,2022-03-12,2022-03-17,Dtdc,870.52,Lost,5,2022-03
Shp006146,Ord006146,2023-06-08,2023-06-11,Dtdc,477.86,Returned To Origin,3,2023-06
Shp006147,Ord006147,2023-05-30,2023-06-02,Indiapost,220.89,In Transit,3,2023-05
Shp006148,Ord006148,2023-11-15,2023-11-22,Dtdc,553.77,Returned To Origin,7,2023-11
Shp006151,Ord006151,2022-01-09,2022-01-19,Xpressbees,556.17,Returned To Origin,10,2022-01
Shp006152,Ord006152,2023-02-07,2023-02-11,Bluedart,300.27,Delivered,4,2023-02
Shp006153,Ord006153,2024-05-26,2024-05-28,Xpressbees,139.91,Delayed,2,2024-05
Shp006154,Ord006154,2024-02-19,2024-02-27,Delhivery,308.79,Returned To Origin,8,2024-02
Shp006155,Ord006155,2022-05-18,2022-05-21,Ekart,815.14,Returned To Origin,3,2022-05
Shp006157,Ord006157,2023-07-20,2023-07-24,Xpressbees,30.82,Delayed,4,2023-07
Shp006158,Ord006158,2023-06-03,2023-06-09,Fedex,519.05,Delivered,6,2023-06
Shp006159,Ord006159,2022-05-14,2022-05-24,Delhivery,225.26,Delayed,10,2022-05
Shp006160,Ord006160,2022-02-17,2022-02-19,Ekart,85.17,Delivered,2,2022-02
Shp006161,Ord006161,2023-10-27,2023-10-28,Bluedart,859.37,Delivered,1,2023-10
Shp006162,Ord006162,2022-11-21,2022-11-28,Bluedart,638.99,Delayed,7,2022-11
Shp006165,Ord006165,2023-01-17,2023-01-22,Ekart,42.81,Delayed,5,2023-01
Shp006166,Ord006166,2023-06-13,2023-06-28,Xpressbees,817.74,Returned To Origin,15,2023-06
Shp006167,Ord006167,2022-07-24,2022-07-29,Xpressbees,574.71,Lost,5,2022-07
Shp006169,Ord006169,2024-04-28,2024-05-04,Indiapost,663.63,Delayed,6,2024-04
Shp006170,Ord006170,2023-11-06,2023-11-10,Fedex,365.66,In Transit,4,2023-11
Shp006171,Ord006171,2023-01-17,2023-01-19,Fedex,95.6,Delivered,2,2023-01
Shp006172,Ord006172,2024-01-31,2024-02-15,Ekart,51.35,Delivered,15,2024-01
Shp006173,Ord006173,2022-03-05,2022-03-07,Fedex,547.76,Lost,2,2022-03
Shp006174,Ord006174,2023-07-06,2023-07-11,Xpressbees,365.78,Delivered,5,2023-07
Shp006175,Ord006175,2024-06-24,2024-07-09,Bluedart,372.69,Lost,15,2024-06
Shp006177,Ord006177,2024-05-14,2024-05-18,Indiapost,317.61,In Transit,4,2024-05
Shp006180,Ord006180,2022-02-17,2022-02-18,Delhivery,812.09,Returned To Origin,1,2022-02
Shp006182,Ord006182,2023-07-07,2023-07-17,Dtdc,64.43,Delivered,10,2023-07
Shp006183,Ord006183,2023-03-05,2023-03-08,Delhivery,203.31,Delayed,3,2023-03
Shp006184,Ord006184,2024-08-18,2024-08-28,Fedex,865.43,Delayed,10,2024-08
Shp006187,Ord006187,2023-08-11,2023-08-21,Fedex,746.89,Returned To Origin,10,2023-08
Shp006188,Ord006188,2024-12-15,2024-12-19,Delhivery,210.75,Delayed,4,2024-12
Shp006190,Ord006190,2022-09-26,2022-10-02,Ekart,892.24,In Transit,6,2022-09
Shp006191,Ord006191,2022-05-14,2022-05-17,Fedex,131.98,Delayed,3,2022-05
Shp006192,Ord006192,2022-05-11,2022-05-19,Ekart,408.6,Delayed,8,2022-05
Shp006193,Ord006193,2022-12-26,2022-12-28,Delhivery,872.52,Returned To Origin,2,2022-12
Shp006194,Ord006194,2023-05-27,2023-06-02,Ekart,769.11,Returned To Origin,6,2023-05
Shp006195,Ord006195,2024-01-02,2024-01-08,Bluedart,473.03,Delivered,6,2024-01
Shp006196,Ord006196,2023-07-22,2023-07-30,Fedex,345.32,Returned To Origin,8,2023-07
Shp006197,Ord006197,2023-04-04,2023-04-07,Indiapost,167.97,Delivered,3,2023-04
Shp006198,Ord006198,2023-09-19,2023-10-04,Ekart,156.19,In Transit,15,2023-09
Shp006199,Ord006199,2024-03-10,2024-03-15,Ekart,646.19,Delivered,5,2024-03
Shp006200,Ord006200,2023-04-28,2023-05-02,Xpressbees,444.38,Delayed,4,2023-04
Shp006201,Ord006201,2023-02-14,2023-02-20,Delhivery,269.99,Lost,6,2023-02
Shp006202,Ord006202,2024-12-21,2024-12-23,Dtdc,431.77,Lost,2,2024-12
Shp006203,Ord006203,2024-04-25,2024-05-02,Ekart,629.78,In Transit,7,2024-04
Shp006204,Ord006204,2023-05-01,2023-05-11,Fedex,882.91,Delayed,10,2023-05
Shp006206,Ord006206,2022-03-05,2022-03-13,Fedex,436.74,Returned To Origin,8,2022-03
Shp006207,Ord006207,2023-09-04,2023-09-09,Ekart,291.94,Returned To Origin,5,2023-09
Shp006209,Ord006209,2024-11-20,2024-11-26,Indiapost,878.58,Returned To Origin,6,2024-11
Shp006210,Ord006210,2024-10-03,2024-10-10,Fedex,255.91,Delayed,7,2024-10
Shp006211,Ord006211,2023-09-16,2023-09-22,Ekart,348.81,Lost,6,2023-09
Shp006213,Ord006213,2022-02-05,2022-02-11,Bluedart,559.34,Delayed,6,2022-02
Shp006214,Ord006214,2024-06-22,2024-06-25,Indiapost,76.32,Delivered,3,2024-06
Shp006215,Ord006215,2022-04-01,2022-04-04,Dtdc,289.91,Delayed,3,2022-04
Shp006216,Ord006216,2023-01-13,2023-01-15,Bluedart,470.4,Delivered,2,2023-01
Shp006217,Ord006217,2022-02-07,2022-02-22,Delhivery,509.04,In Transit,15,2022-02
Shp006219,Ord006219,2023-03-03,2023-03-18,Indiapost,890.31,In Transit,15,2023-03
Shp006220,Ord006220,2024-01-17,2024-01-25,Ekart,853.96,In Transit,8,2024-01
Shp006221,Ord006221,2023-10-27,2023-11-02,Delhivery,45.71,Delivered,6,2023-10
Shp006222,Ord006222,2023-02-15,2023-02-18,Delhivery,571.38,In Transit,3,2023-02
Shp006223,Ord006223,2024-09-24,2024-09-27,Xpressbees,617.47,Lost,3,2024-09
Shp006224,Ord006224,2024-12-13,2024-12-16,Delhivery,260.23,Lost,3,2024-12
Shp006225,Ord006225,2023-08-21,2023-08-22,Indiapost,102.57,In Transit,1,2023-08
Shp006226,Ord006226,2023-11-28,2023-12-01,Xpressbees,859.23,In Transit,3,2023-11
Shp006227,Ord006227,2023-09-13,2023-09-16,Xpressbees,788.79,In Transit,3,2023-09
Shp006228,Ord006228,2024-08-21,2024-09-05,Delhivery,397.27,Delayed,15,2024-08
Shp006229,Ord006229,2024-09-17,2024-09-21,Delhivery,,In Transit,4,2024-09
Shp006230,Ord006230,2022-06-14,2022-06-17,Indiapost,420.72,Delayed,3,2022-06
Shp006232,Ord006232,2023-05-15,2023-05-18,Indiapost,102.17,Delayed,3,2023-05
Shp006233,Ord006233,2023-01-22,2023-01-25,Dtdc,455.59,Delivered,3,2023-01
Shp006234,Ord006234,2022-10-11,2022-10-12,Ekart,345.73,Delayed,1,2022-10
Shp006235,Ord006235,2022-02-21,2022-02-24,Fedex,86.65,Returned To Origin,3,2022-02
Shp006236,Ord006236,2023-05-20,2023-06-04,Delhivery,560.04,Lost,15,2023-05
Shp006237,Ord006237,2024-03-29,2024-04-13,Dtdc,531.22,Returned To Origin,15,2024-03
Shp006238,Ord006238,2024-02-03,2024-02-06,Indiapost,338.89,In Transit,3,2024-02
Shp006239,Ord006239,2022-07-09,2022-07-14,Dtdc,866.93,Lost,5,2022-07
Shp006240,Ord006240,2024-03-12,2024-03-19,Bluedart,566.49,Returned To Origin,7,2024-03
Shp006241,Ord006241,2024-02-16,2024-02-19,Bluedart,765.48,Lost,3,2024-02
Shp006242,Ord006242,2024-08-06,2024-08-14,Fedex,83.64,In Transit,8,2024-08
Shp006243,Ord006243,2022-07-26,2022-07-29,Dtdc,149.08,Returned To Origin,3,2022-07
Shp006246,Ord006246,2022-10-20,2022-11-04,Delhivery,810.24,Lost,15,2022-10
Shp006249,Ord006249,2023-04-15,2023-04-18,Delhivery,192.19,Returned To Origin,3,2023-04
Shp006250,Ord006250,2022-10-22,2022-10-30,Ekart,837.15,Returned To Origin,8,2022-10
Shp006252,Ord006252,2024-06-19,2024-06-25,Indiapost,118.31,Delayed,6,2024-06
Shp006253,Ord006253,2023-06-06,2023-06-13,Xpressbees,889.71,Lost,7,2023-06
Shp006254,Ord006254,2022-09-19,2022-09-29,Indiapost,866.55,In Transit,10,2022-09
Shp006255,Ord006255,2024-08-18,2024-08-20,Bluedart,196.36,Returned To Origin,2,2024-08
Shp006256,Ord006256,2024-11-23,2024-11-26,Fedex,189.85,Lost,3,2024-11
Shp006257,Ord006257,2024-10-22,2024-10-26,Delhivery,599.77,Lost,4,2024-10
Shp006258,Ord006258,2024-07-04,2024-07-06,Indiapost,527.85,Delivered,2,2024-07
Shp006259,Ord006259,2024-07-26,2024-07-27,Fedex,457.47,Returned To Origin,1,2024-07
Shp006262,Ord006262,2023-09-28,2023-09-29,Delhivery,704.54,Delayed,1,2023-09
Shp006263,Ord006263,2023-10-11,2023-10-19,Ekart,530.73,Delayed,8,2023-10
Shp006265,Ord006265,2024-12-31,2025-01-15,Delhivery,857.12,Delivered,15,2024-12
Shp006266,Ord006266,2023-07-06,2023-07-16,Bluedart,633.87,Delivered,10,2023-07
Shp006268,Ord006268,2024-08-29,2024-09-04,Xpressbees,219.66,In Transit,6,2024-08
Shp006269,Ord006269,2024-08-24,2024-08-29,Bluedart,406.55,Returned To Origin,5,2024-08
Shp006270,Ord006270,2022-04-22,2022-04-25,Xpressbees,477.18,In Transit,3,2022-04
Shp006271,Ord006271,2024-07-11,2024-07-18,Fedex,315.07,Delayed,7,2024-07
Shp006272,Ord006272,2024-07-08,2024-07-11,Dtdc,358.62,Delivered,3,2024-07
Shp006273,Ord006273,2024-06-10,2024-06-11,Xpressbees,47.03,Delayed,1,2024-06
Shp006274,Ord006274,2022-11-13,2022-11-14,Bluedart,128.93,Lost,1,2022-11
Shp006276,Ord006276,2022-06-25,2022-07-03,Xpressbees,625.25,In Transit,8,2022-06
Shp006277,Ord006277,2022-07-11,2022-07-26,Bluedart,244.39,In Transit,15,2022-07
Shp006278,Ord006278,2022-05-25,2022-05-30,Indiapost,31.52,Lost,5,2022-05
Shp006279,Ord006279,2022-05-27,2022-06-03,Fedex,106.27,Lost,7,2022-05
Shp006281,Ord006281,2023-05-18,2023-05-21,Delhivery,192.05,Delayed,3,2023-05
Shp006282,Ord006282,2024-11-11,2024-11-16,Dtdc,580.62,Lost,5,2024-11
Shp006283,Ord006283,2023-06-12,2023-06-27,Xpressbees,47.19,Returned To Origin,15,2023-06
Shp006285,Ord006285,2023-01-13,2023-01-19,Delhivery,562.73,Delivered,6,2023-01
Shp006286,Ord006286,2023-06-14,2023-06-18,Bluedart,84.72,Delivered,4,2023-06
Shp006287,Ord006287,2023-07-16,2023-07-24,Indiapost,725.25,In Transit,8,2023-07
Shp006288,Ord006288,2022-03-25,2022-03-28,Delhivery,262.4,Delivered,3,2022-03
Shp006289,Ord006289,2024-03-31,2024-04-08,Ekart,793.4,Lost,8,2024-03
Shp006290,Ord006290,2023-12-31,2024-01-15,Dtdc,212.12,Delayed,15,2023-12
Shp006291,Ord006291,2024-04-17,2024-04-18,Indiapost,882.15,Delayed,1,2024-04
Shp006292,Ord006292,2022-12-22,2022-12-25,Dtdc,282.15,Lost,3,2022-12
Shp006293,Ord006293,2023-11-10,2023-11-13,Dtdc,855.64,Returned To Origin,3,2023-11
Shp006294,Ord006294,2022-07-25,2022-08-02,Indiapost,745.51,Returned To Origin,8,2022-07
Shp006295,Ord006295,2022-03-17,2022-03-24,Indiapost,721.23,In Transit,7,2022-03
Shp006296,Ord006296,2024-11-09,2024-11-11,Xpressbees,40.41,In Transit,2,2024-11
Shp006297,Ord006297,2024-10-01,2024-10-04,Ekart,641.77,In Transit,3,2024-10
Shp006298,Ord006298,2024-03-18,2024-03-21,Bluedart,897.64,Returned To Origin,3,2024-03
Shp006300,Ord006300,2024-12-30,2024-12-31,Ekart,237.27,Delivered,1,2024-12
Shp006301,Ord006301,2023-07-20,2023-07-22,Delhivery,585.49,In Transit,2,2023-07
Shp006302,Ord006302,2022-03-25,2022-03-26,Xpressbees,488.41,Delayed,1,2022-03
Shp006303,Ord006303,2022-04-10,2022-04-12,Dtdc,819.57,Returned To Origin,2,2022-04
Shp006304,Ord006304,2023-06-22,2023-06-25,Fedex,508.42,Delivered,3,2023-06
Shp006305,Ord006305,2022-05-22,2022-06-01,Dtdc,389.35,Delivered,10,2022-05
Shp006306,Ord006306,2022-01-23,2022-01-31,Bluedart,355.87,Returned To Origin,8,2022-01
Shp006307,Ord006307,2023-02-16,2023-02-22,Delhivery,53.15,Delivered,6,2023-02
Shp006309,Ord006309,2024-05-27,2024-06-11,Indiapost,281.42,Lost,15,2024-05
Shp006310,Ord006310,2023-03-31,2023-04-02,Dtdc,53.74,Delivered,2,2023-03
Shp006311,Ord006311,2024-09-11,2024-09-15,Xpressbees,535.3,In Transit,4,2024-09
Shp006312,Ord006312,2023-03-01,2023-03-16,Ekart,299.89,Returned To Origin,15,2023-03
Shp006315,Ord006315,2024-06-27,2024-07-12,Delhivery,446.08,Lost,15,2024-06
Shp006316,Ord006316,2023-01-07,2023-01-13,Ekart,262.24,Delivered,6,2023-01
Shp006317,Ord006317,2022-10-18,2022-10-22,Dtdc,879.89,In Transit,4,2022-10
Shp006319,Ord006319,2024-06-18,2024-07-03,Indiapost,141.06,Returned To Origin,15,2024-06
Shp006320,Ord006320,2024-10-05,2024-10-12,Delhivery,309.21,Returned To Origin,7,2024-10
Shp006321,Ord006321,2023-09-05,2023-09-12,Fedex,155.34,Returned To Origin,7,2023-09
Shp006322,Ord006322,2023-03-20,2023-03-23,Bluedart,310.3,In Transit,3,2023-03
Shp006323,Ord006323,2024-07-08,2024-07-13,Indiapost,595.82,Lost,5,2024-07
Shp006324,Ord006324,2023-07-09,2023-07-16,Bluedart,440.28,In Transit,7,2023-07
Shp006325,Ord006325,2024-04-17,2024-04-20,Delhivery,836.67,Delivered,3,2024-04
Shp006326,Ord006326,2024-08-23,2024-08-25,Fedex,115.76,In Transit,2,2024-08
Shp006327,Ord006327,2022-06-15,2022-06-20,Fedex,344.23,Delivered,5,2022-06
Shp006328,Ord006328,2022-02-22,2022-02-28,Indiapost,732.71,In Transit,6,2022-02
Shp006330,Ord006330,2024-11-19,2024-11-20,Ekart,328.28,Lost,1,2024-11
Shp006331,Ord006331,2022-04-16,2022-04-19,Dtdc,777.98,Delayed,3,2022-04
Shp006332,Ord006332,2024-09-24,2024-09-25,Fedex,819.8,Lost,1,2024-09
Shp006334,Ord006334,2022-12-17,2022-12-19,Bluedart,145.37,In Transit,2,2022-12
Shp006336,Ord006336,2024-07-30,2024-08-02,Xpressbees,809.9,In Transit,3,2024-07
Shp006337,Ord006337,2022-01-20,2022-01-25,Ekart,393.49,Lost,5,2022-01
Shp006338,Ord006338,2023-01-05,2023-01-12,Delhivery,506.98,Lost,7,2023-01
Shp006339,Ord006339,2022-03-20,2022-03-30,Ekart,396.19,In Transit,10,2022-03
Shp006340,Ord006340,2022-07-17,2022-07-20,Delhivery,423.57,In Transit,3,2022-07
Shp006342,Ord006342,2023-06-27,2023-07-12,Dtdc,151.7,Lost,15,2023-06
Shp006343,Ord006343,2023-12-06,2023-12-12,Ekart,714.3,In Transit,6,2023-12
Shp006344,Ord006344,2022-03-31,2022-04-03,Indiapost,150.55,In Transit,3,2022-03
Shp006345,Ord006345,2023-08-26,2023-08-31,Bluedart,671.9,Delayed,5,2023-08
Shp006346,Ord006346,2024-11-20,2024-11-27,Ekart,114.07,Delayed,7,2024-11
Shp006347,Ord006347,2023-04-20,2023-04-26,Fedex,121.32,Returned To Origin,6,2023-04
Shp006348,Ord006348,2022-12-25,2023-01-04,Fedex,288.15,Returned To Origin,10,2022-12
Shp006349,Ord006349,2022-04-28,2022-05-01,Indiapost,536.13,In Transit,3,2022-04
Shp006351,Ord006351,2024-01-04,2024-01-10,Indiapost,614.93,In Transit,6,2024-01
Shp006352,Ord006352,2022-12-12,2022-12-14,Delhivery,573.75,Returned To Origin,2,2022-12
Shp006354,Ord006354,2023-07-21,2023-07-23,Ekart,488.17,In Transit,2,2023-07
Shp006356,Ord006356,2023-03-24,2023-03-25,Delhivery,212.02,In Transit,1,2023-03
Shp006357,Ord006357,2024-03-27,2024-04-01,Ekart,466.67,Lost,5,2024-03
Shp006359,Ord006359,2024-05-17,2024-05-25,Fedex,696.63,Lost,8,2024-05
Shp006362,Ord006362,2023-05-26,2023-06-03,Ekart,838.9,Delayed,8,2023-05
Shp006363,Ord006363,2023-11-25,2023-11-28,Indiapost,,Returned To Origin,3,2023-11
Shp006365,Ord006365,2022-06-08,2022-06-11,Delhivery,199.68,In Transit,3,2022-06
Shp006366,Ord006366,2022-05-05,2022-05-06,Dtdc,895.22,Returned To Origin,1,2022-05
Shp006368,Ord006368,2023-10-25,2023-10-29,Delhivery,362.07,Lost,4,2023-10
Shp006369,Ord006369,2024-12-16,2024-12-26,Delhivery,609.22,Lost,10,2024-12
Shp006370,Ord006370,2022-06-18,2022-06-21,Bluedart,372.94,In Transit,3,2022-06
Shp006371,Ord006371,2024-11-22,2024-12-02,Xpressbees,289.53,Lost,10,2024-11
Shp006372,Ord006372,2023-08-13,2023-08-28,Xpressbees,656.9,In Transit,15,2023-08
Shp006373,Ord006373,2022-02-26,2022-03-13,Delhivery,865.32,In Transit,15,2022-02
Shp006374,Ord006374,2023-12-05,2023-12-20,Xpressbees,407.17,Returned To Origin,15,2023-12
Shp006375,Ord006375,2024-11-26,2024-12-04,Delhivery,822.71,Lost,8,2024-11
Shp006376,Ord006376,2022-12-22,2022-12-27,Delhivery,842.1,Returned To Origin,5,2022-12
Shp006377,Ord006377,2024-12-10,2024-12-14,Bluedart,69.42,Delayed,4,2024-12
Shp006378,Ord006378,2024-10-23,2024-10-24,Fedex,774.06,Delayed,1,2024-10
Shp006379,Ord006379,2022-12-31,2023-01-10,Bluedart,897.82,Returned To Origin,10,2022-12
Shp006380,Ord006380,2022-10-26,2022-11-01,Indiapost,609.5,Delivered,6,2022-10
Shp006381,Ord006381,2024-05-12,2024-05-20,Dtdc,202.57,Returned To Origin,8,2024-05
Shp006382,Ord006382,2024-01-20,2024-01-23,Fedex,651.11,Lost,3,2024-01
Shp006383,Ord006383,2022-11-14,2022-11-17,Ekart,870.78,Lost,3,2022-11
Shp006384,Ord006384,2022-10-16,2022-10-17,Fedex,647.48,Delivered,1,2022-10
Shp006387,Ord006387,2023-11-20,2023-11-28,Dtdc,325.91,In Transit,8,2023-11
Shp006388,Ord006388,2022-05-20,2022-05-23,Delhivery,233.72,In Transit,3,2022-05
Shp006389,Ord006389,2023-05-06,2023-05-11,Xpressbees,659.32,Delayed,5,2023-05
Shp006390,Ord006390,2022-07-10,2022-07-13,Indiapost,726.88,Delivered,3,2022-07
Shp006391,Ord006391,2024-08-22,2024-08-26,Delhivery,277.82,Delayed,4,2024-08
Shp006392,Ord006392,2023-02-20,2023-02-23,Fedex,522.57,Lost,3,2023-02
Shp006393,Ord006393,2023-12-18,2023-12-24,Dtdc,250.75,Delivered,6,2023-12
Shp006395,Ord006395,2024-07-27,2024-08-02,Ekart,625.83,Delayed,6,2024-07
Shp006396,Ord006396,2024-01-15,2024-01-18,Xpressbees,344.54,Lost,3,2024-01
Shp006398,Ord006398,2024-01-18,2024-01-19,Delhivery,345.46,In Transit,1,2024-01
Shp006399,Ord006399,2024-01-31,2024-02-03,Dtdc,430.49,In Transit,3,2024-01
Shp006400,Ord006400,2024-02-21,2024-02-23,Ekart,844.59,Lost,2,2024-02
Shp006403,Ord006403,2023-08-31,2023-09-03,Bluedart,864.92,Delayed,3,2023-08
Shp006404,Ord006404,2023-02-25,2023-02-27,Fedex,653.98,Delayed,2,2023-02
Shp006405,Ord006405,2024-08-19,2024-08-23,Bluedart,369.05,Delivered,4,2024-08
Shp006407,Ord006407,2024-04-13,2024-04-15,Bluedart,,Returned To Origin,2,2024-04
Shp006408,Ord006408,2023-05-03,2023-05-13,Indiapost,401.8,Delivered,10,2023-05
Shp006409,Ord006409,2023-09-28,2023-10-01,Delhivery,733.05,In Transit,3,2023-09
Shp006410,Ord006410,2023-03-26,2023-04-01,Delhivery,159.66,Delayed,6,2023-03
Shp006411,Ord006411,2022-08-08,2022-08-09,Fedex,367.23,In Transit,1,2022-08
Shp006412,Ord006412,2024-10-06,2024-10-11,Bluedart,313.38,In Transit,5,2024-10
Shp006413,Ord006413,2024-08-16,2024-08-20,Ekart,550.78,Lost,4,2024-08
Shp006414,Ord006414,2023-02-07,2023-02-15,Ekart,853.84,In Transit,8,2023-02
Shp006415,Ord006415,2024-07-16,2024-07-26,Dtdc,454.37,Lost,10,2024-07
Shp006416,Ord006416,2022-10-14,2022-10-15,Delhivery,681.21,Delayed,1,2022-10
Shp006417,Ord006417,2022-03-01,2022-03-02,Delhivery,699.39,Delivered,1,2022-03
Shp006418,Ord006418,2022-12-24,2022-12-27,Ekart,821.33,Delivered,3,2022-12
Shp006419,Ord006419,2022-04-20,2022-04-26,Dtdc,74.07,Delayed,6,2022-04
Shp006420,Ord006420,2022-03-05,2022-03-13,Indiapost,353.01,Returned To Origin,8,2022-03
Shp006421,Ord006421,2022-05-05,2022-05-13,Ekart,549.1,Returned To Origin,8,2022-05
Shp006422,Ord006422,2023-02-27,2023-03-02,Dtdc,329.95,Returned To Origin,3,2023-02
Shp006423,Ord006423,2022-12-22,2022-12-25,Ekart,812.23,Lost,3,2022-12
Shp006424,Ord006424,2024-01-04,2024-01-10,Bluedart,709.55,Lost,6,2024-01
Shp006425,Ord006425,2024-07-31,2024-08-10,Delhivery,764.91,Delayed,10,2024-07
Shp006426,Ord006426,2024-03-23,2024-03-24,Delhivery,219.78,Lost,1,2024-03
Shp006427,Ord006427,2022-04-16,2022-04-26,Xpressbees,598.64,In Transit,10,2022-04
Shp006428,Ord006428,2024-09-09,2024-09-13,Ekart,447.48,In Transit,4,2024-09
Shp006429,Ord006429,2024-08-05,2024-08-11,Delhivery,797.18,Returned To Origin,6,2024-08
Shp006430,Ord006430,2024-07-13,2024-07-14,Fedex,519.85,In Transit,1,2024-07
Shp006431,Ord006431,2022-01-21,2022-01-27,Indiapost,520.6,Delivered,6,2022-01
Shp006432,Ord006432,2024-06-02,2024-06-10,Indiapost,134.51,In Transit,8,2024-06
Shp006436,Ord006436,2022-04-05,2022-04-06,Ekart,772.37,Delayed,1,2022-04
Shp006438,Ord006438,2023-03-03,2023-03-09,Indiapost,892.25,In Transit,6,2023-03
Shp006439,Ord006439,2022-07-24,2022-07-31,Indiapost,316.78,Lost,7,2022-07
Shp006441,Ord006441,2023-11-20,2023-11-22,Xpressbees,490.46,Delivered,2,2023-11
Shp006442,Ord006442,2022-10-04,2022-10-09,Xpressbees,331.91,In Transit,5,2022-10
Shp006443,Ord006443,2023-09-14,2023-09-17,Ekart,77.9,Delivered,3,2023-09
Shp006444,Ord006444,2023-09-09,2023-09-11,Dtdc,405.8,Delayed,2,2023-09
Shp006445,Ord006445,2024-02-27,2024-02-28,Ekart,762.38,Lost,1,2024-02
Shp006446,Ord006446,2023-12-14,2023-12-17,Ekart,233.82,Lost,3,2023-12
Shp006447,Ord006447,2024-06-29,2024-07-02,Bluedart,464.12,Delivered,3,2024-06
Shp006448,Ord006448,2024-12-22,2024-12-30,Bluedart,390.2,Returned To Origin,8,2024-12
Shp006452,Ord006452,2023-10-08,2023-10-11,Indiapost,755.47,Returned To Origin,3,2023-10
Shp006453,Ord006453,2023-04-21,2023-04-27,Indiapost,736.08,Delivered,6,2023-04
Shp006454,Ord006454,2023-10-21,2023-10-23,Xpressbees,604.23,Returned To Origin,2,2023-10
Shp006455,Ord006455,2024-07-05,2024-07-15,Xpressbees,83.0,Delayed,10,2024-07
Shp006456,Ord006456,2023-02-21,2023-03-03,Dtdc,353.72,Lost,10,2023-02
Shp006459,Ord006459,2022-06-17,2022-06-27,Delhivery,89.29,Returned To Origin,10,2022-06
Shp006462,Ord006462,2022-01-29,2022-02-03,Bluedart,248.83,Lost,5,2022-01
Shp006464,Ord006464,2024-10-16,2024-10-26,Dtdc,225.35,Delayed,10,2024-10
Shp006465,Ord006465,2023-07-14,2023-07-21,Fedex,36.94,Returned To Origin,7,2023-07
Shp006467,Ord006467,2023-07-04,2023-07-14,Xpressbees,816.66,Delivered,10,2023-07
Shp006468,Ord006468,2024-11-02,2024-11-07,Bluedart,250.64,Delivered,5,2024-11
Shp006470,Ord006470,2022-03-11,2022-03-15,Indiapost,756.58,Returned To Origin,4,2022-03
Shp006472,Ord006472,2024-02-11,2024-02-18,Ekart,698.99,Delivered,7,2024-02
Shp006473,Ord006473,2024-06-01,2024-06-05,Delhivery,64.64,In Transit,4,2024-06
Shp006474,Ord006474,2022-05-06,2022-05-11,Indiapost,695.07,In Transit,5,2022-05
Shp006475,Ord006475,2024-10-11,2024-10-14,Indiapost,769.68,Lost,3,2024-10
Shp006476,Ord006476,2022-09-13,2022-09-28,Bluedart,871.64,Lost,15,2022-09
Shp006477,Ord006477,2023-01-30,2023-02-01,Ekart,294.69,In Transit,2,2023-01
Shp006479,Ord006479,2024-11-11,2024-11-12,Delhivery,473.02,Delivered,1,2024-11
Shp006480,Ord006480,2024-08-29,2024-09-01,Xpressbees,802.4,Delayed,3,2024-08
Shp006481,Ord006481,2024-09-11,2024-09-19,Indiapost,767.28,Lost,8,2024-09
Shp006482,Ord006482,2024-05-22,2024-05-25,Dtdc,585.54,Lost,3,2024-05
Shp006483,Ord006483,2024-06-07,2024-06-17,Fedex,673.33,Delivered,10,2024-06
Shp006485,Ord006485,2022-02-18,2022-02-21,Fedex,306.31,Delayed,3,2022-02
Shp006486,Ord006486,2023-04-20,2023-04-30,Delhivery,145.5,Lost,10,2023-04
Shp006487,Ord006487,2022-08-17,2022-08-18,Bluedart,895.05,Returned To Origin,1,2022-08
Shp006488,Ord006488,2024-09-08,2024-09-13,Bluedart,272.85,In Transit,5,2024-09
Shp006489,Ord006489,2024-08-25,2024-09-09,Bluedart,775.33,In Transit,15,2024-08
Shp006491,Ord006491,2023-08-27,2023-09-02,Bluedart,340.44,Delayed,6,2023-08
Shp006492,Ord006492,2023-01-28,2023-02-07,Fedex,375.9,Returned To Origin,10,2023-01
Shp006493,Ord006493,2023-02-21,2023-02-24,Indiapost,775.22,In Transit,3,2023-02
Shp006494,Ord006494,2023-09-23,2023-10-03,Bluedart,887.91,Lost,10,2023-09
Shp006495,Ord006495,2022-10-16,2022-10-18,Fedex,257.04,Lost,2,2022-10
Shp006496,Ord006496,2024-04-23,2024-05-08,Indiapost,523.68,In Transit,15,2024-04
Shp006497,Ord006497,2024-07-28,2024-08-04,Xpressbees,857.02,Delivered,7,2024-07
Shp006498,Ord006498,2023-01-03,2023-01-11,Indiapost,412.74,Lost,8,2023-01
Shp006499,Ord006499,2023-01-18,2023-01-19,Indiapost,871.19,Returned To Origin,1,2023-01
Shp006500,Ord006500,2022-07-28,2022-07-30,Dtdc,315.1,Lost,2,2022-07
Shp006501,Ord006501,2022-06-13,2022-06-16,Bluedart,90.2,Lost,3,2022-06
Shp006502,Ord006502,2022-08-03,2022-08-11,Fedex,587.89,In Transit,8,2022-08
Shp006503,Ord006503,2024-04-20,2024-05-05,Dtdc,137.5,Returned To Origin,15,2024-04
Shp006504,Ord006504,2022-04-12,2022-04-13,Delhivery,88.26,Returned To Origin,1,2022-04
Shp006505,Ord006505,2024-10-26,2024-11-01,Indiapost,266.82,In Transit,6,2024-10
Shp006506,Ord006506,2024-06-26,2024-07-06,Delhivery,137.2,Delivered,10,2024-06
Shp006509,Ord006509,2024-09-14,2024-09-17,Indiapost,654.19,Returned To Origin,3,2024-09
Shp006510,Ord006510,2024-01-18,2024-01-21,Indiapost,564.44,Lost,3,2024-01
Shp006511,Ord006511,2023-03-08,2023-03-12,Indiapost,818.42,Delivered,4,2023-03
Shp006512,Ord006512,2024-08-25,2024-08-31,Delhivery,191.25,Lost,6,2024-08
Shp006513,Ord006513,2022-10-20,2022-10-21,Bluedart,867.45,Lost,1,2022-10
Shp006514,Ord006514,2023-02-22,2023-02-25,Indiapost,618.72,In Transit,3,2023-02
Shp006515,Ord006515,2024-11-11,2024-11-13,Fedex,859.47,Delivered,2,2024-11
Shp006516,Ord006516,2022-05-24,2022-05-27,Bluedart,611.91,Lost,3,2022-05
Shp006518,Ord006518,2022-01-26,2022-01-30,Fedex,651.0,Lost,4,2022-01
Shp006519,Ord006519,2024-08-07,2024-08-10,Xpressbees,371.61,Returned To Origin,3,2024-08
Shp006520,Ord006520,2024-08-18,2024-08-21,Dtdc,485.62,Delayed,3,2024-08
Shp006521,Ord006521,2023-12-26,2024-01-01,Delhivery,707.39,Delivered,6,2023-12
Shp006522,Ord006522,2024-04-27,2024-04-28,Xpressbees,57.85,Delayed,1,2024-04
Shp006524,Ord006524,2022-08-26,2022-09-10,Fedex,453.86,Delivered,15,2022-08
Shp006525,Ord006525,2023-08-20,2023-08-26,Dtdc,360.24,In Transit,6,2023-08
Shp006526,Ord006526,2024-04-06,2024-04-14,Bluedart,759.81,Delayed,8,2024-04
Shp006527,Ord006527,2022-04-23,2022-04-29,Bluedart,890.03,Delayed,6,2022-04
Shp006528,Ord006528,2024-12-01,2024-12-07,Indiapost,348.86,In Transit,6,2024-12
Shp006529,Ord006529,2024-09-22,2024-09-25,Bluedart,644.27,In Transit,3,2024-09
Shp006530,Ord006530,2024-08-24,2024-09-08,Xpressbees,570.4,In Transit,15,2024-08
Shp006532,Ord006532,2022-02-07,2022-02-13,Ekart,427.04,Lost,6,2022-02
Shp006533,Ord006533,2022-08-16,2022-08-21,Dtdc,134.97,Lost,5,2022-08
Shp006534,Ord006534,2023-08-06,2023-08-10,Bluedart,842.75,Delayed,4,2023-08
Shp006535,Ord006535,2024-06-22,2024-06-23,Xpressbees,240.18,Delivered,1,2024-06
Shp006536,Ord006536,2024-05-21,2024-05-26,Dtdc,277.91,Returned To Origin,5,2024-05
Shp006537,Ord006537,2022-02-09,2022-02-19,Delhivery,136.75,Lost,10,2022-02
Shp006539,Ord006539,2022-05-30,2022-06-06,Indiapost,361.69,Returned To Origin,7,2022-05
Shp006540,Ord006540,2024-12-16,2024-12-18,Bluedart,193.12,In Transit,2,2024-12
Shp006541,Ord006541,2023-09-10,2023-09-13,Dtdc,870.96,Lost,3,2023-09
Shp006542,Ord006542,2022-10-13,2022-10-19,Bluedart,275.7,Returned To Origin,6,2022-10
Shp006543,Ord006543,2024-05-11,2024-05-13,Ekart,497.81,Lost,2,2024-05
Shp006544,Ord006544,2024-05-09,2024-05-15,Bluedart,862.14,Returned To Origin,6,2024-05
Shp006545,Ord006545,2022-11-18,2022-11-23,Bluedart,,Delayed,5,2022-11
Shp006546,Ord006546,2024-04-04,2024-04-07,Xpressbees,788.34,Delayed,3,2024-04
Shp006547,Ord006547,2022-11-02,2022-11-03,Bluedart,307.45,Delivered,1,2022-11
Shp006548,Ord006548,2023-01-01,2023-01-04,Fedex,98.14,In Transit,3,2023-01
Shp006550,Ord006550,2024-10-04,2024-10-10,Xpressbees,614.32,Returned To Origin,6,2024-10
Shp006551,Ord006551,2022-07-15,2022-07-16,Bluedart,811.24,In Transit,1,2022-07
Shp006553,Ord006553,2022-06-16,2022-06-17,Indiapost,511.3,Delivered,1,2022-06
Shp006554,Ord006554,2024-10-31,2024-11-05,Indiapost,288.47,Returned To Origin,5,2024-10
Shp006555,Ord006555,2022-05-09,2022-05-17,Fedex,66.23,Lost,8,2022-05
Shp006557,Ord006557,2022-04-24,2022-04-27,Delhivery,257.66,Returned To Origin,3,2022-04
Shp006558,Ord006558,2022-10-21,2022-10-27,Xpressbees,822.11,In Transit,6,2022-10
Shp006559,Ord006559,2022-09-10,2022-09-15,Delhivery,889.98,Delivered,5,2022-09
Shp006560,Ord006560,2023-10-06,2023-10-09,Indiapost,131.43,Delayed,3,2023-10
Shp006561,Ord006561,2023-09-09,2023-09-14,Ekart,856.21,Delivered,5,2023-09
Shp006562,Ord006562,2022-07-07,2022-07-10,Xpressbees,503.12,In Transit,3,2022-07
Shp006563,Ord006563,2024-07-09,2024-07-11,Fedex,841.96,Delayed,2,2024-07
Shp006564,Ord006564,2024-10-30,2024-11-07,Delhivery,773.87,Delivered,8,2024-10
Shp006565,Ord006565,2024-10-15,2024-10-22,Fedex,61.65,Lost,7,2024-10
Shp006566,Ord006566,2023-06-26,2023-06-29,Xpressbees,118.35,In Transit,3,2023-06
Shp006567,Ord006567,2023-04-15,2023-04-23,Bluedart,219.38,In Transit,8,2023-04
Shp006568,Ord006568,2024-01-05,2024-01-13,Delhivery,691.71,Lost,8,2024-01
Shp006569,Ord006569,2024-11-30,2024-12-01,Ekart,858.03,Delayed,1,2024-11
Shp006570,Ord006570,2023-02-20,2023-02-22,Dtdc,748.88,In Transit,2,2023-02
Shp006571,Ord006571,2022-07-06,2022-07-07,Indiapost,772.24,Delayed,1,2022-07
Shp006572,Ord006572,2022-07-18,2022-07-28,Fedex,725.63,Delivered,10,2022-07
Shp006573,Ord006573,2023-01-25,2023-02-04,Delhivery,621.72,Returned To Origin,10,2023-01
Shp006574,Ord006574,2024-01-14,2024-01-21,Indiapost,821.57,Returned To Origin,7,2024-01
Shp006575,Ord006575,2022-05-30,2022-06-14,Fedex,583.01,Delayed,15,2022-05
Shp006576,Ord006576,2022-10-02,2022-10-08,Bluedart,150.36,Delayed,6,2022-10
Shp006577,Ord006577,2024-01-11,2024-01-15,Delhivery,653.91,Returned To Origin,4,2024-01
Shp006578,Ord006578,2024-11-18,2024-11-22,Bluedart,672.33,Delivered,4,2024-11
Shp006579,Ord006579,2024-09-18,2024-10-03,Delhivery,238.9,Lost,15,2024-09
Shp006580,Ord006580,2022-12-11,2022-12-14,Bluedart,637.92,Lost,3,2022-12
Shp006581,Ord006581,2022-02-17,2022-02-22,Xpressbees,405.0,Delivered,5,2022-02
Shp006582,Ord006582,2023-01-27,2023-02-02,Xpressbees,,Lost,6,2023-01
Shp006583,Ord006583,2023-08-04,2023-08-19,Bluedart,406.67,Returned To Origin,15,2023-08
Shp006584,Ord006584,2022-08-20,2022-08-23,Fedex,142.4,Returned To Origin,3,2022-08
Shp006585,Ord006585,2023-07-05,2023-07-08,Indiapost,862.5,Delayed,3,2023-07
Shp006586,Ord006586,2024-11-14,2024-11-20,Indiapost,44.78,Delivered,6,2024-11
Shp006587,Ord006587,2024-06-26,2024-06-27,Ekart,478.62,Returned To Origin,1,2024-06
Shp006589,Ord006589,2022-11-06,2022-11-16,Dtdc,337.31,In Transit,10,2022-11
Shp006594,Ord006594,2023-03-22,2023-04-06,Xpressbees,755.78,In Transit,15,2023-03
Shp006595,Ord006595,2024-07-31,2024-08-02,Xpressbees,515.32,Returned To Origin,2,2024-07
Shp006596,Ord006596,2024-07-21,2024-08-05,Xpressbees,343.76,In Transit,15,2024-07
Shp006597,Ord006597,2024-12-02,2024-12-08,Xpressbees,877.73,In Transit,6,2024-12
Shp006598,Ord006598,2024-02-12,2024-02-19,Bluedart,123.98,Returned To Origin,7,2024-02
Shp006599,Ord006599,2023-09-16,2023-09-18,Ekart,874.01,Delivered,2,2023-09
Shp006600,Ord006600,2023-05-26,2023-06-02,Dtdc,64.84,Delayed,7,2023-05
Shp006601,Ord006601,2024-02-02,2024-02-03,Fedex,161.99,Lost,1,2024-02
Shp006602,Ord006602,2023-01-15,2023-01-21,Delhivery,628.5,Delayed,6,2023-01
Shp006603,Ord006603,2022-10-23,2022-10-28,Dtdc,61.4,Delayed,5,2022-10
Shp006604,Ord006604,2024-03-07,2024-03-12,Indiapost,428.32,Lost,5,2024-03
Shp006606,Ord006606,2023-06-02,2023-06-12,Dtdc,614.95,Delayed,10,2023-06
Shp006607,Ord006607,2022-11-26,2022-11-27,Indiapost,598.54,Delivered,1,2022-11
Shp006609,Ord006609,2022-04-03,2022-04-11,Fedex,223.93,Lost,8,2022-04
Shp006610,Ord006610,2022-08-08,2022-08-18,Ekart,580.06,In Transit,10,2022-08
Shp006612,Ord006612,2024-06-15,2024-06-23,Ekart,733.08,In Transit,8,2024-06
Shp006615,Ord006615,2022-11-28,2022-12-08,Dtdc,299.02,Delayed,10,2022-11
Shp006616,Ord006616,2022-03-04,2022-03-05,Fedex,382.41,Delayed,1,2022-03
Shp006617,Ord006617,2023-08-18,2023-08-22,Fedex,863.46,Lost,4,2023-08
Shp006619,Ord006619,2024-03-15,2024-03-20,Ekart,605.58,Delayed,5,2024-03
Shp006620,Ord006620,2022-07-16,2022-07-31,Bluedart,324.49,Lost,15,2022-07
Shp006621,Ord006621,2022-05-23,2022-05-25,Delhivery,378.61,Lost,2,2022-05
Shp006622,Ord006622,2022-04-29,2022-05-02,Delhivery,371.03,Delivered,3,2022-04
Shp006623,Ord006623,2022-06-20,2022-06-23,Delhivery,810.87,Delivered,3,2022-06
Shp006624,Ord006624,2023-01-17,2023-01-22,Bluedart,850.42,Delivered,5,2023-01
Shp006625,Ord006625,2023-07-15,2023-07-16,Delhivery,776.41,Delivered,1,2023-07
Shp006626,Ord006626,2022-05-03,2022-05-11,Delhivery,550.43,Delivered,8,2022-05
Shp006627,Ord006627,2023-07-18,2023-07-23,Dtdc,561.47,Delayed,5,2023-07
Shp006628,Ord006628,2024-07-18,2024-07-25,Indiapost,785.43,Delayed,7,2024-07
Shp006629,Ord006629,2024-12-30,2025-01-02,Delhivery,172.5,Returned To Origin,3,2024-12
Shp006630,Ord006630,2024-04-22,2024-04-24,Indiapost,295.16,Lost,2,2024-04
Shp006631,Ord006631,2024-10-14,2024-10-17,Delhivery,262.01,In Transit,3,2024-10
Shp006632,Ord006632,2024-09-15,2024-09-16,Xpressbees,389.66,Lost,1,2024-09
Shp006633,Ord006633,2023-09-24,2023-09-28,Xpressbees,885.13,Delayed,4,2023-09
Shp006634,Ord006634,2024-03-15,2024-03-17,Dtdc,61.59,Delivered,2,2024-03
Shp006635,Ord006635,2022-07-16,2022-07-19,Xpressbees,681.59,In Transit,3,2022-07
Shp006636,Ord006636,2023-03-11,2023-03-17,Bluedart,446.17,In Transit,6,2023-03
Shp006637,Ord006637,2023-11-17,2023-11-23,Fedex,349.15,Delivered,6,2023-11
Shp006638,Ord006638,2023-10-15,2023-10-21,Bluedart,347.35,In Transit,6,2023-10
Shp006640,Ord006640,2023-07-29,2023-07-30,Xpressbees,886.87,Returned To Origin,1,2023-07
Shp006642,Ord006642,2024-07-26,2024-07-30,Xpressbees,256.22,Lost,4,2024-07
Shp006643,Ord006643,2022-07-15,2022-07-19,Indiapost,714.86,Delivered,4,2022-07
Shp006644,Ord006644,2022-11-04,2022-11-10,Bluedart,740.27,Delivered,6,2022-11
Shp006646,Ord006646,2023-01-22,2023-01-27,Indiapost,272.19,Delayed,5,2023-01
Shp006648,Ord006648,2024-06-18,2024-06-26,Xpressbees,638.75,Lost,8,2024-06
Shp006649,Ord006649,2023-11-21,2023-12-06,Dtdc,504.49,Delivered,15,2023-11
Shp006650,Ord006650,2023-04-17,2023-04-25,Ekart,580.65,Returned To Origin,8,2023-04
Shp006651,Ord006651,2022-11-07,2022-11-11,Ekart,586.45,Lost,4,2022-11
Shp006652,Ord006652,2023-06-26,2023-06-28,Xpressbees,625.26,Delivered,2,2023-06
Shp006653,Ord006653,2022-12-19,2022-12-25,Bluedart,735.05,Delayed,6,2022-12
Shp006654,Ord006654,2024-07-07,2024-07-13,Ekart,150.16,Delayed,6,2024-07
Shp006655,Ord006655,2023-09-06,2023-09-09,Indiapost,646.08,Delivered,3,2023-09
Shp006656,Ord006656,2024-08-30,2024-08-31,Dtdc,166.39,Delivered,1,2024-08
Shp006657,Ord006657,2022-07-04,2022-07-08,Indiapost,568.74,In Transit,4,2022-07
Shp006660,Ord006660,2024-02-16,2024-02-17,Dtdc,847.58,Delayed,1,2024-02
Shp006661,Ord006661,2022-05-16,2022-05-23,Dtdc,377.23,Delayed,7,2022-05
Shp006662,Ord006662,2022-05-26,2022-06-02,Fedex,431.44,Delayed,7,2022-05
Shp006663,Ord006663,2022-12-17,2022-12-22,Dtdc,790.36,In Transit,5,2022-12
Shp006664,Ord006664,2022-10-02,2022-10-03,Xpressbees,869.61,Delayed,1,2022-10
Shp006665,Ord006665,2022-08-19,2022-08-23,Indiapost,302.2,Delayed,4,2022-08
Shp006666,Ord006666,2024-11-28,2024-12-02,Dtdc,790.7,Delayed,4,2024-11
Shp006667,Ord006667,2024-11-18,2024-11-25,Bluedart,326.14,Lost,7,2024-11
Shp006668,Ord006668,2023-12-27,2024-01-03,Indiapost,54.61,Returned To Origin,7,2023-12
Shp006669,Ord006669,2024-05-16,2024-05-20,Indiapost,733.8,In Transit,4,2024-05
Shp006670,Ord006670,2024-03-11,2024-03-13,Ekart,818.8,In Transit,2,2024-03
Shp006672,Ord006672,2024-12-24,2024-12-25,Xpressbees,510.15,Returned To Origin,1,2024-12
Shp006673,Ord006673,2023-08-18,2023-08-28,Bluedart,778.89,In Transit,10,2023-08
Shp006674,Ord006674,2023-09-23,2023-09-25,Fedex,831.67,Lost,2,2023-09
Shp006675,Ord006675,2022-02-16,2022-03-03,Xpressbees,79.71,Returned To Origin,15,2022-02
Shp006676,Ord006676,2022-11-12,2022-11-22,Ekart,538.4,Returned To Origin,10,2022-11
Shp006677,Ord006677,2024-12-10,2024-12-13,Bluedart,138.93,Returned To Origin,3,2024-12
Shp006678,Ord006678,2022-03-11,2022-03-16,Dtdc,695.26,Delivered,5,2022-03
Shp006679,Ord006679,2022-06-25,2022-06-29,Xpressbees,244.97,Returned To Origin,4,2022-06
Shp006681,Ord006681,2023-02-27,2023-03-07,Ekart,292.65,Lost,8,2023-02
Shp006682,Ord006682,2024-11-27,2024-12-05,Dtdc,572.96,Delivered,8,2024-11
Shp006683,Ord006683,2024-03-21,2024-03-24,Bluedart,284.6,Returned To Origin,3,2024-03
Shp006684,Ord006684,2022-11-01,2022-11-04,Delhivery,614.93,Delayed,3,2022-11
Shp006685,Ord006685,2024-05-07,2024-05-11,Fedex,658.32,Delayed,4,2024-05
Shp006686,Ord006686,2024-06-06,2024-06-21,Xpressbees,678.72,In Transit,15,2024-06
Shp006687,Ord006687,2024-10-01,2024-10-03,Delhivery,191.11,Delivered,2,2024-10
Shp006688,Ord006688,2023-09-07,2023-09-17,Dtdc,841.37,Lost,10,2023-09
Shp006689,Ord006689,2024-02-21,2024-02-27,Xpressbees,465.2,Lost,6,2024-02
Shp006692,Ord006692,2023-09-12,2023-09-20,Bluedart,501.75,In Transit,8,2023-09
Shp006693,Ord006693,2023-05-16,2023-05-19,Indiapost,719.93,Delayed,3,2023-05
Shp006694,Ord006694,2023-09-17,2023-09-23,Fedex,70.15,In Transit,6,2023-09
Shp006695,Ord006695,2023-04-16,2023-04-21,Dtdc,217.57,In Transit,5,2023-04
Shp006696,Ord006696,2022-12-22,2022-12-29,Dtdc,881.46,Delivered,7,2022-12
Shp006697,Ord006697,2023-04-11,2023-04-21,Bluedart,253.27,Delayed,10,2023-04
Shp006698,Ord006698,2022-06-24,2022-06-26,Xpressbees,130.51,Delivered,2,2022-06
Shp006699,Ord006699,2023-12-27,2023-12-31,Fedex,204.36,Delivered,4,2023-12
Shp006700,Ord006700,2022-09-12,2022-09-18,Ekart,796.9,Lost,6,2022-09
Shp006701,Ord006701,2023-03-19,2023-03-22,Delhivery,179.61,In Transit,3,2023-03
Shp006702,Ord006702,2024-09-06,2024-09-09,Fedex,570.56,In Transit,3,2024-09
Shp006704,Ord006704,2024-12-09,2024-12-13,Delhivery,419.59,In Transit,4,2024-12
Shp006705,Ord006705,2022-11-22,2022-11-23,Bluedart,343.59,Returned To Origin,1,2022-11
Shp006707,Ord006707,2024-07-01,2024-07-08,Dtdc,209.51,Delayed,7,2024-07
Shp006708,Ord006708,2023-11-06,2023-11-07,Ekart,361.43,Delayed,1,2023-11
Shp006709,Ord006709,2022-02-21,2022-02-24,Ekart,444.75,Lost,3,2022-02
Shp006710,Ord006710,2022-05-15,2022-05-18,Indiapost,154.67,Delayed,3,2022-05
Shp006712,Ord006712,2022-04-17,2022-04-20,Ekart,132.46,Returned To Origin,3,2022-04
Shp006713,Ord006713,2023-12-12,2023-12-13,Delhivery,613.18,In Transit,1,2023-12
Shp006715,Ord006715,2023-07-03,2023-07-06,Bluedart,79.69,Lost,3,2023-07
Shp006717,Ord006717,2023-06-11,2023-06-15,Xpressbees,363.79,Returned To Origin,4,2023-06
Shp006718,Ord006718,2023-03-29,2023-04-08,Bluedart,843.46,In Transit,10,2023-03
Shp006719,Ord006719,2024-10-11,2024-10-13,Xpressbees,351.93,In Transit,2,2024-10
Shp006720,Ord006720,2022-01-08,2022-01-12,Ekart,283.54,Delayed,4,2022-01
Shp006721,Ord006721,2022-02-18,2022-02-23,Ekart,91.26,Lost,5,2022-02
Shp006722,Ord006722,2023-10-09,2023-10-12,Xpressbees,629.43,Delayed,3,2023-10
Shp006723,Ord006723,2024-10-11,2024-10-17,Indiapost,496.49,Returned To Origin,6,2024-10
Shp006724,Ord006724,2023-09-30,2023-10-07,Delhivery,298.25,Delivered,7,2023-09
Shp006725,Ord006725,2023-04-20,2023-04-28,Indiapost,531.9,Delayed,8,2023-04
Shp006726,Ord006726,2024-11-23,2024-12-03,Delhivery,755.47,Delayed,10,2024-11
Shp006727,Ord006727,2023-12-09,2023-12-14,Indiapost,519.9,Delayed,5,2023-12
Shp006728,Ord006728,2023-10-31,2023-11-05,Dtdc,475.92,Lost,5,2023-10
Shp006729,Ord006729,2023-03-25,2023-04-01,Dtdc,562.94,Lost,7,2023-03
Shp006730,Ord006730,2023-08-14,2023-08-29,Xpressbees,445.42,Delivered,15,2023-08
Shp006731,Ord006731,2023-02-20,2023-02-21,Xpressbees,798.26,Delayed,1,2023-02
Shp006732,Ord006732,2023-11-19,2023-11-24,Fedex,135.34,Delivered,5,2023-11
Shp006733,Ord006733,2023-02-12,2023-02-15,Delhivery,506.13,Returned To Origin,3,2023-02
Shp006735,Ord006735,2024-05-21,2024-05-22,Delhivery,810.22,In Transit,1,2024-05
Shp006736,Ord006736,2022-07-18,2022-07-20,Ekart,37.14,Lost,2,2022-07
Shp006737,Ord006737,2022-11-11,2022-11-14,Dtdc,386.22,Delivered,3,2022-11
Shp006738,Ord006738,2022-01-28,2022-02-05,Dtdc,275.29,Delayed,8,2022-01
Shp006739,Ord006739,2024-06-06,2024-06-21,Dtdc,575.73,Delayed,15,2024-06
Shp006740,Ord006740,2024-02-13,2024-02-14,Dtdc,589.11,Delayed,1,2024-02
Shp006741,Ord006741,2024-12-17,2024-12-27,Dtdc,304.19,Lost,10,2024-12
Shp006742,Ord006742,2022-08-29,2022-09-13,Indiapost,700.19,In Transit,15,2022-08
Shp006743,Ord006743,2023-12-12,2023-12-17,Bluedart,868.0,Delivered,5,2023-12
Shp006744,Ord006744,2022-09-02,2022-09-03,Ekart,840.3,Delivered,1,2022-09
Shp006745,Ord006745,2024-04-19,2024-04-26,Xpressbees,317.17,Delayed,7,2024-04
Shp006746,Ord006746,2022-12-30,2023-01-14,Dtdc,670.98,Delayed,15,2022-12
Shp006748,Ord006748,2022-04-03,2022-04-06,Delhivery,656.19,Delivered,3,2022-04
Shp006749,Ord006749,2023-11-16,2023-11-23,Bluedart,884.27,Lost,7,2023-11
Shp006750,Ord006750,2024-07-17,2024-08-01,Xpressbees,411.12,In Transit,15,2024-07
Shp006751,Ord006751,2024-02-06,2024-02-07,Delhivery,514.43,Delivered,1,2024-02
Shp006752,Ord006752,2024-02-21,2024-02-23,Xpressbees,638.75,Delivered,2,2024-02
Shp006753,Ord006753,2024-06-16,2024-07-01,Xpressbees,828.04,In Transit,15,2024-06
Shp006754,Ord006754,2024-03-27,2024-03-29,Fedex,225.46,Delayed,2,2024-03
Shp006755,Ord006755,2024-07-10,2024-07-25,Delhivery,274.5,In Transit,15,2024-07
Shp006756,Ord006756,2023-01-03,2023-01-07,Indiapost,242.14,Lost,4,2023-01
Shp006758,Ord006758,2024-05-26,2024-05-27,Xpressbees,713.89,Delayed,1,2024-05
Shp006759,Ord006759,2024-06-23,2024-06-29,Fedex,669.85,Lost,6,2024-06
Shp006761,Ord006761,2023-07-10,2023-07-16,Xpressbees,481.34,In Transit,6,2023-07
Shp006765,Ord006765,2022-07-29,2022-08-05,Fedex,278.14,Returned To Origin,7,2022-07
Shp006766,Ord006766,2024-01-25,2024-01-27,Delhivery,662.53,Delayed,2,2024-01
Shp006767,Ord006767,2024-11-25,2024-12-05,Fedex,745.28,Lost,10,2024-11
Shp006768,Ord006768,2023-05-30,2023-06-02,Xpressbees,854.52,Lost,3,2023-05
Shp006769,Ord006769,2024-05-18,2024-05-21,Xpressbees,333.49,Delivered,3,2024-05
Shp006770,Ord006770,2023-01-22,2023-01-29,Delhivery,169.73,Returned To Origin,7,2023-01
Shp006771,Ord006771,2024-12-20,2024-12-22,Bluedart,639.31,Delayed,2,2024-12
Shp006772,Ord006772,2023-02-23,2023-02-28,Bluedart,54.97,Delayed,5,2023-02
Shp006775,Ord006775,2022-11-15,2022-11-18,Dtdc,308.6,Delivered,3,2022-11
Shp006776,Ord006776,2023-09-23,2023-09-30,Ekart,333.5,Returned To Origin,7,2023-09
Shp006777,Ord006777,2023-06-17,2023-06-23,Ekart,247.79,In Transit,6,2023-06
Shp006778,Ord006778,2024-05-08,2024-05-15,Indiapost,667.43,Delivered,7,2024-05
Shp006779,Ord006779,2022-01-28,2022-02-04,Delhivery,403.9,Returned To Origin,7,2022-01
Shp006782,Ord006782,2024-03-17,2024-03-27,Dtdc,693.09,Lost,10,2024-03
Shp006783,Ord006783,2024-02-11,2024-02-18,Bluedart,731.2,Returned To Origin,7,2024-02
Shp006784,Ord006784,2022-06-10,2022-06-11,Dtdc,296.64,Delayed,1,2022-06
Shp006785,Ord006785,2024-11-27,2024-11-30,Dtdc,584.77,Returned To Origin,3,2024-11
Shp006786,Ord006786,2023-01-23,2023-01-31,Bluedart,73.82,Delayed,8,2023-01
Shp006787,Ord006787,2023-08-03,2023-08-07,Delhivery,833.65,Delivered,4,2023-08
Shp006788,Ord006788,2024-08-17,2024-08-20,Bluedart,59.98,Returned To Origin,3,2024-08
Shp006789,Ord006789,2024-11-17,2024-11-20,Delhivery,310.83,Returned To Origin,3,2024-11
Shp006790,Ord006790,2022-05-22,2022-05-28,Bluedart,599.69,Delivered,6,2022-05
Shp006791,Ord006791,2024-01-03,2024-01-11,Ekart,379.53,Delayed,8,2024-01
Shp006792,Ord006792,2024-06-15,2024-06-18,Fedex,627.01,Lost,3,2024-06
Shp006793,Ord006793,2022-11-11,2022-11-18,Indiapost,533.63,Lost,7,2022-11
Shp006794,Ord006794,2024-06-15,2024-06-17,Delhivery,381.61,Delivered,2,2024-06
Shp006795,Ord006795,2023-03-15,2023-03-30,Indiapost,271.96,Returned To Origin,15,2023-03
Shp006797,Ord006797,2022-04-07,2022-04-14,Xpressbees,399.09,Delayed,7,2022-04
Shp006798,Ord006798,2023-02-06,2023-02-11,Ekart,654.15,Lost,5,2023-02
Shp006799,Ord006799,2022-10-27,2022-10-30,Delhivery,696.5,Returned To Origin,3,2022-10
Shp006800,Ord006800,2023-12-26,2023-12-29,Indiapost,658.81,Lost,3,2023-12
Shp006802,Ord006802,2022-10-22,2022-10-27,Ekart,113.35,Lost,5,2022-10
Shp006803,Ord006803,2023-11-02,2023-11-04,Fedex,,Lost,2,2023-11
Shp006804,Ord006804,2022-12-09,2022-12-24,Delhivery,628.02,In Transit,15,2022-12
Shp006805,Ord006805,2024-05-14,2024-05-24,Dtdc,394.6,Returned To Origin,10,2024-05
Shp006807,Ord006807,2024-02-06,2024-02-10,Dtdc,552.59,Returned To Origin,4,2024-02
Shp006808,Ord006808,2024-03-28,2024-04-01,Delhivery,267.55,Returned To Origin,4,2024-03
Shp006809,Ord006809,2024-02-27,2024-03-06,Dtdc,,Returned To Origin,8,2024-02
Shp006811,Ord006811,2022-09-17,2022-09-25,Xpressbees,262.09,Returned To Origin,8,2022-09
Shp006813,Ord006813,2023-10-19,2023-10-24,Bluedart,558.92,In Transit,5,2023-10
Shp006814,Ord006814,2024-01-12,2024-01-13,Indiapost,,Delayed,1,2024-01
Shp006815,Ord006815,2022-10-23,2022-10-26,Delhivery,445.0,Delayed,3,2022-10
Shp006816,Ord006816,2023-07-29,2023-08-03,Fedex,387.87,Returned To Origin,5,2023-07
Shp006817,Ord006817,2022-03-20,2022-03-25,Fedex,325.47,Delivered,5,2022-03
Shp006818,Ord006818,2024-01-30,2024-02-02,Indiapost,280.54,Delivered,3,2024-01
Shp006819,Ord006819,2022-07-15,2022-07-21,Delhivery,849.59,Delayed,6,2022-07
Shp006820,Ord006820,2022-01-28,2022-02-05,Ekart,86.88,In Transit,8,2022-01
Shp006821,Ord006821,2023-03-22,2023-03-23,Indiapost,347.71,Delayed,1,2023-03
Shp006822,Ord006822,2023-05-31,2023-06-08,Bluedart,267.21,Delivered,8,2023-05
Shp006823,Ord006823,2023-03-31,2023-04-10,Bluedart,262.9,Delivered,10,2023-03
Shp006824,Ord006824,2024-04-22,2024-04-25,Dtdc,44.78,Delayed,3,2024-04
Shp006825,Ord006825,2024-05-21,2024-05-27,Fedex,804.95,Lost,6,2024-05
Shp006827,Ord006827,2024-09-25,2024-09-26,Bluedart,,In Transit,1,2024-09
Shp006829,Ord006829,2024-03-02,2024-03-10,Bluedart,247.2,In Transit,8,2024-03
Shp006830,Ord006830,2022-09-22,2022-10-07,Bluedart,487.81,Returned To Origin,15,2022-09
Shp006831,Ord006831,2022-10-27,2022-11-03,Delhivery,157.52,Returned To Origin,7,2022-10
Shp006832,Ord006832,2024-04-11,2024-04-12,Ekart,870.52,In Transit,1,2024-04
Shp006833,Ord006833,2023-06-22,2023-06-26,Fedex,666.13,Returned To Origin,4,2023-06
Shp006834,Ord006834,2022-02-03,2022-02-11,Bluedart,188.07,Delayed,8,2022-02
Shp006835,Ord006835,2023-05-24,2023-05-30,Indiapost,710.73,In Transit,6,2023-05
Shp006836,Ord006836,2022-07-29,2022-08-08,Ekart,847.15,Delayed,10,2022-07
Shp006837,Ord006837,2024-07-16,2024-07-22,Delhivery,195.54,Delayed,6,2024-07
Shp006838,Ord006838,2022-04-03,2022-04-11,Indiapost,248.49,Delayed,8,2022-04
Shp006839,Ord006839,2024-06-16,2024-06-26,Bluedart,526.59,Returned To Origin,10,2024-06
Shp006841,Ord006841,2024-06-06,2024-06-13,Xpressbees,480.03,Delivered,7,2024-06
Shp006842,Ord006842,2024-04-16,2024-04-19,Dtdc,553.97,Returned To Origin,3,2024-04
Shp006843,Ord006843,2022-09-13,2022-09-15,Fedex,454.88,Delivered,2,2022-09
Shp006844,Ord006844,2022-12-27,2023-01-06,Fedex,37.2,Delivered,10,2022-12
Shp006845,Ord006845,2024-05-05,2024-05-12,Xpressbees,652.1,Delivered,7,2024-05
Shp006846,Ord006846,2024-11-28,2024-12-13,Delhivery,803.8,Returned To Origin,15,2024-11
Shp006847,Ord006847,2022-07-28,2022-08-02,Delhivery,806.53,In Transit,5,2022-07
Shp006848,Ord006848,2023-09-02,2023-09-09,Xpressbees,494.75,Delivered,7,2023-09
Shp006849,Ord006849,2024-10-26,2024-10-30,Ekart,686.42,Lost,4,2024-10
Shp006850,Ord006850,2022-07-30,2022-08-06,Delhivery,572.25,Delivered,7,2022-07
Shp006852,Ord006852,2022-02-16,2022-02-21,Bluedart,,Lost,5,2022-02
Shp006853,Ord006853,2024-03-22,2024-04-01,Delhivery,871.56,In Transit,10,2024-03
Shp006855,Ord006855,2024-10-25,2024-10-26,Bluedart,727.97,Delivered,1,2024-10
Shp006856,Ord006856,2024-06-28,2024-06-29,Ekart,882.66,Delayed,1,2024-06
Shp006857,Ord006857,2022-02-26,2022-03-13,Indiapost,393.09,In Transit,15,2022-02
Shp006859,Ord006859,2024-04-15,2024-04-25,Xpressbees,492.73,Returned To Origin,10,2024-04
Shp006860,Ord006860,2023-09-01,2023-09-11,Ekart,395.47,Returned To Origin,10,2023-09
Shp006861,Ord006861,2022-04-09,2022-04-19,Xpressbees,184.65,Delivered,10,2022-04
Shp006863,Ord006863,2022-06-05,2022-06-07,Bluedart,755.1,Returned To Origin,2,2022-06
Shp006864,Ord006864,2023-02-12,2023-02-17,Xpressbees,311.11,Delivered,5,2023-02
Shp006866,Ord006866,2024-05-06,2024-05-09,Delhivery,210.48,Delayed,3,2024-05
Shp006867,Ord006867,2022-04-12,2022-04-13,Bluedart,642.74,In Transit,1,2022-04
Shp006868,Ord006868,2024-01-20,2024-01-23,Dtdc,172.22,Lost,3,2024-01
Shp006869,Ord006869,2022-05-04,2022-05-07,Bluedart,323.36,Returned To Origin,3,2022-05
Shp006870,Ord006870,2022-05-24,2022-06-01,Ekart,133.27,Lost,8,2022-05
Shp006871,Ord006871,2022-10-28,2022-11-02,Ekart,124.35,Delivered,5,2022-10
Shp006872,Ord006872,2023-11-21,2023-11-24,Delhivery,680.47,Delayed,3,2023-11
Shp006873,Ord006873,2024-03-28,2024-04-05,Fedex,698.21,In Transit,8,2024-03
Shp006874,Ord006874,2023-12-07,2023-12-15,Indiapost,140.95,Delayed,8,2023-12
Shp006875,Ord006875,2024-03-21,2024-03-23,Delhivery,239.3,Lost,2,2024-03
Shp006876,Ord006876,2022-06-24,2022-06-30,Ekart,661.93,Delayed,6,2022-06
Shp006877,Ord006877,2023-09-21,2023-09-26,Delhivery,479.08,In Transit,5,2023-09
Shp006878,Ord006878,2023-07-09,2023-07-19,Ekart,351.62,Returned To Origin,10,2023-07
Shp006879,Ord006879,2023-10-11,2023-10-21,Xpressbees,792.5,Delayed,10,2023-10
Shp006881,Ord006881,2022-05-12,2022-05-19,Xpressbees,45.15,Lost,7,2022-05
Shp006882,Ord006882,2022-01-26,2022-01-31,Dtdc,91.23,Returned To Origin,5,2022-01
Shp006883,Ord006883,2023-05-12,2023-05-18,Fedex,302.38,Delivered,6,2023-05
Shp006884,Ord006884,2024-05-29,2024-06-01,Bluedart,149.38,Delivered,3,2024-05
Shp006885,Ord006885,2022-05-24,2022-05-29,Xpressbees,187.08,Delayed,5,2022-05
Shp006886,Ord006886,2024-09-04,2024-09-09,Bluedart,172.56,Returned To Origin,5,2024-09
Shp006887,Ord006887,2022-02-19,2022-02-26,Ekart,91.37,Delayed,7,2022-02
Shp006888,Ord006888,2023-10-12,2023-10-17,Fedex,175.06,Returned To Origin,5,2023-10
Shp006890,Ord006890,2023-06-03,2023-06-18,Ekart,337.42,In Transit,15,2023-06
Shp006891,Ord006891,2023-05-13,2023-05-21,Ekart,71.42,In Transit,8,2023-05
Shp006893,Ord006893,2022-04-13,2022-04-20,Xpressbees,163.47,Delivered,7,2022-04
Shp006894,Ord006894,2023-11-26,2023-12-01,Indiapost,246.19,In Transit,5,2023-11
Shp006895,Ord006895,2023-08-27,2023-09-04,Bluedart,526.63,Lost,8,2023-08
Shp006897,Ord006897,2022-04-16,2022-04-26,Bluedart,689.06,In Transit,10,2022-04
Shp006898,Ord006898,2022-06-12,2022-06-14,Bluedart,274.8,Delayed,2,2022-06
Shp006900,Ord006900,2023-03-31,2023-04-15,Bluedart,507.14,Lost,15,2023-03
Shp006901,Ord006901,2023-05-09,2023-05-17,Delhivery,436.85,Returned To Origin,8,2023-05
Shp006903,Ord006903,2022-02-10,2022-02-14,Ekart,163.13,Lost,4,2022-02
Shp006904,Ord006904,2022-01-07,2022-01-11,Delhivery,780.41,In Transit,4,2022-01
Shp006905,Ord006905,2022-06-03,2022-06-06,Delhivery,424.34,Delayed,3,2022-06
Shp006906,Ord006906,2023-11-10,2023-11-17,Fedex,204.26,Delivered,7,2023-11
Shp006907,Ord006907,2024-06-24,2024-07-09,Dtdc,759.01,Returned To Origin,15,2024-06
Shp006908,Ord006908,2022-12-20,2022-12-24,Bluedart,87.03,Lost,4,2022-12
Shp006910,Ord006910,2023-12-29,2024-01-01,Delhivery,341.01,Returned To Origin,3,2023-12
Shp006911,Ord006911,2024-05-27,2024-05-29,Dtdc,511.29,In Transit,2,2024-05
Shp006912,Ord006912,2024-03-02,2024-03-12,Fedex,794.56,Returned To Origin,10,2024-03
Shp006913,Ord006913,2023-12-30,2024-01-05,Dtdc,762.85,In Transit,6,2023-12
Shp006914,Ord006914,2023-12-12,2023-12-16,Delhivery,859.44,Delayed,4,2023-12
Shp006915,Ord006915,2022-11-04,2022-11-12,Xpressbees,519.9,Returned To Origin,8,2022-11
Shp006916,Ord006916,2023-10-20,2023-10-28,Fedex,485.88,Delayed,8,2023-10
Shp006917,Ord006917,2022-10-25,2022-10-27,Bluedart,884.75,Returned To Origin,2,2022-10
Shp006918,Ord006918,2022-09-20,2022-09-26,Ekart,816.89,Lost,6,2022-09
Shp006919,Ord006919,2023-02-28,2023-03-02,Ekart,864.08,Lost,2,2023-02
Shp006920,Ord006920,2022-12-16,2022-12-23,Xpressbees,331.24,In Transit,7,2022-12
Shp006921,Ord006921,2024-12-16,2024-12-26,Dtdc,316.4,In Transit,10,2024-12
Shp006923,Ord006923,2023-07-14,2023-07-16,Delhivery,899.95,Lost,2,2023-07
Shp006924,Ord006924,2022-11-24,2022-11-29,Dtdc,104.77,Delayed,5,2022-11
Shp006925,Ord006925,2023-01-24,2023-02-03,Xpressbees,479.27,Delayed,10,2023-01
Shp006926,Ord006926,2022-10-17,2022-10-22,Xpressbees,125.67,Delivered,5,2022-10
Shp006928,Ord006928,2024-03-19,2024-03-22,Fedex,627.11,Lost,3,2024-03
Shp006929,Ord006929,2024-07-15,2024-07-18,Indiapost,741.93,Delayed,3,2024-07
Shp006930,Ord006930,2023-01-30,2023-02-02,Fedex,191.63,Returned To Origin,3,2023-01
Shp006931,Ord006931,2024-11-18,2024-11-22,Xpressbees,597.72,In Transit,4,2024-11
Shp006932,Ord006932,2024-03-05,2024-03-11,Fedex,217.4,Lost,6,2024-03
Shp006933,Ord006933,2022-02-04,2022-02-08,Ekart,103.52,Delayed,4,2022-02
Shp006935,Ord006935,2024-05-22,2024-05-25,Ekart,530.3,Delivered,3,2024-05
Shp006936,Ord006936,2023-10-05,2023-10-08,Indiapost,809.73,Returned To Origin,3,2023-10
Shp006937,Ord006937,2022-06-15,2022-06-18,Bluedart,288.96,Delivered,3,2022-06
Shp006938,Ord006938,2023-05-14,2023-05-21,Delhivery,441.2,Delayed,7,2023-05
Shp006939,Ord006939,2023-10-14,2023-10-18,Bluedart,898.33,Lost,4,2023-10
Shp006940,Ord006940,2022-08-23,2022-08-28,Dtdc,641.19,Returned To Origin,5,2022-08
Shp006941,Ord006941,2024-11-08,2024-11-10,Bluedart,217.6,In Transit,2,2024-11
Shp006942,Ord006942,2023-04-14,2023-04-21,Fedex,630.5,Lost,7,2023-04
Shp006944,Ord006944,2023-12-31,2024-01-04,Xpressbees,898.09,Delayed,4,2023-12
Shp006945,Ord006945,2023-01-15,2023-01-18,Fedex,824.79,Delayed,3,2023-01
Shp006946,Ord006946,2023-02-15,2023-02-17,Fedex,834.1,Delayed,2,2023-02
Shp006947,Ord006947,2024-03-06,2024-03-14,Delhivery,541.33,Returned To Origin,8,2024-03
Shp006948,Ord006948,2024-06-18,2024-06-25,Xpressbees,599.36,Returned To Origin,7,2024-06
Shp006949,Ord006949,2024-01-29,2024-02-03,Indiapost,42.93,Delayed,5,2024-01
Shp006950,Ord006950,2023-10-23,2023-11-02,Ekart,652.51,Lost,10,2023-10
Shp006951,Ord006951,2023-09-12,2023-09-16,Bluedart,95.63,Delivered,4,2023-09
Shp006953,Ord006953,2024-10-08,2024-10-18,Xpressbees,783.73,Delivered,10,2024-10
Shp006954,Ord006954,2024-05-18,2024-05-21,Bluedart,224.79,In Transit,3,2024-05
Shp006955,Ord006955,2022-01-20,2022-01-28,Indiapost,648.13,In Transit,8,2022-01
Shp006956,Ord006956,2022-01-16,2022-01-21,Indiapost,780.7,Delivered,5,2022-01
Shp006958,Ord006958,2023-11-20,2023-11-22,Xpressbees,317.48,Returned To Origin,2,2023-11
Shp006960,Ord006960,2024-08-07,2024-08-17,Fedex,812.03,Delivered,10,2024-08
Shp006961,Ord006961,2023-02-16,2023-02-19,Xpressbees,744.3,Lost,3,2023-02
Shp006964,Ord006964,2024-12-14,2024-12-24,Bluedart,315.65,Delivered,10,2024-12
Shp006967,Ord006967,2023-02-20,2023-02-28,Indiapost,566.37,Lost,8,2023-02
Shp006969,Ord006969,2023-02-16,2023-02-20,Fedex,588.44,Returned To Origin,4,2023-02
Shp006971,Ord006971,2023-07-28,2023-08-05,Ekart,430.1,Delayed,8,2023-07
Shp006972,Ord006972,2023-11-02,2023-11-04,Fedex,549.58,Delivered,2,2023-11
Shp006974,Ord006974,2024-06-29,2024-07-14,Dtdc,345.61,Lost,15,2024-06
Shp006975,Ord006975,2023-06-12,2023-06-14,Fedex,464.14,In Transit,2,2023-06
Shp006977,Ord006977,2024-07-25,2024-07-28,Delhivery,438.13,Delayed,3,2024-07
Shp006978,Ord006978,2024-08-15,2024-08-20,Fedex,450.63,Lost,5,2024-08
Shp006979,Ord006979,2022-05-13,2022-05-15,Dtdc,210.73,Lost,2,2022-05
Shp006980,Ord006980,2023-04-22,2023-04-27,Indiapost,138.77,Delivered,5,2023-04
Shp006981,Ord006981,2023-10-23,2023-10-28,Ekart,771.84,In Transit,5,2023-10
Shp006983,Ord006983,2022-11-01,2022-11-05,Fedex,217.89,In Transit,4,2022-11
Shp006984,Ord006984,2022-05-18,2022-05-21,Xpressbees,433.37,Returned To Origin,3,2022-05
Shp006985,Ord006985,2022-09-24,2022-10-04,Xpressbees,387.65,Delayed,10,2022-09
Shp006986,Ord006986,2024-12-30,2024-12-31,Delhivery,816.11,Delivered,1,2024-12
Shp006987,Ord006987,2022-09-17,2022-09-19,Ekart,,Lost,2,2022-09
Shp006988,Ord006988,2024-05-12,2024-05-19,Dtdc,869.3,Lost,7,2024-05
Shp006989,Ord006989,2022-08-29,2022-09-03,Indiapost,465.38,In Transit,5,2022-08
Shp006990,Ord006990,2024-06-04,2024-06-09,Ekart,239.91,Lost,5,2024-06
Shp006991,Ord006991,2022-11-13,2022-11-19,Delhivery,616.49,In Transit,6,2022-11
Shp006992,Ord006992,2022-11-28,2022-12-01,Bluedart,338.14,Delivered,3,2022-11
Shp006993,Ord006993,2024-09-15,2024-09-17,Indiapost,746.44,Delivered,2,2024-09
Shp006994,Ord006994,2024-02-24,2024-03-03,Indiapost,764.97,Delivered,8,2024-02
Shp006995,Ord006995,2023-04-19,2023-04-25,Delhivery,222.48,In Transit,6,2023-04
Shp006997,Ord006997,2023-01-26,2023-01-29,Indiapost,520.84,Delayed,3,2023-01
Shp006999,Ord006999,2022-11-21,2022-12-06,Indiapost,243.47,In Transit,15,2022-11
Shp007000,Ord007000,2022-09-20,2022-10-05,Xpressbees,305.89,Lost,15,2022-09
Shp007001,Ord007001,2023-11-24,2023-11-25,Bluedart,277.0,Delivered,1,2023-11
Shp007002,Ord007002,2024-11-26,2024-11-29,Delhivery,577.79,Returned To Origin,3,2024-11
Shp007004,Ord007004,2022-02-04,2022-02-12,Dtdc,404.1,Returned To Origin,8,2022-02
Shp007277,Ord007277,2024-01-05,2024-01-09,Fedex,307.84,Lost,4,2024-01
Shp007005,Ord007005,2022-05-16,2022-05-18,Xpressbees,853.16,Delivered,2,2022-05
Shp007006,Ord007006,2022-05-06,2022-05-10,Fedex,93.71,In Transit,4,2022-05
Shp007008,Ord007008,2023-06-26,2023-07-11,Xpressbees,170.03,Delivered,15,2023-06
Shp007009,Ord007009,2024-03-20,2024-04-04,Delhivery,227.35,In Transit,15,2024-03
Shp007010,Ord007010,2023-07-03,2023-07-08,Bluedart,311.12,In Transit,5,2023-07
Shp007011,Ord007011,2022-12-20,2022-12-24,Delhivery,684.05,Returned To Origin,4,2022-12
Shp007013,Ord007013,2022-02-28,2022-03-04,Xpressbees,342.77,In Transit,4,2022-02
Shp007014,Ord007014,2023-11-04,2023-11-14,Delhivery,190.0,Delayed,10,2023-11
Shp007015,Ord007015,2023-01-14,2023-01-29,Dtdc,526.24,Delivered,15,2023-01
Shp007017,Ord007017,2023-05-05,2023-05-12,Dtdc,428.22,In Transit,7,2023-05
Shp007018,Ord007018,2024-07-13,2024-07-20,Ekart,601.87,Lost,7,2024-07
Shp007021,Ord007021,2024-05-23,2024-05-31,Fedex,850.09,Delayed,8,2024-05
Shp007022,Ord007022,2022-07-16,2022-07-31,Delhivery,824.7,In Transit,15,2022-07
Shp007023,Ord007023,2023-06-07,2023-06-12,Fedex,193.24,Delivered,5,2023-06
Shp007024,Ord007024,2024-11-26,2024-11-29,Delhivery,314.59,Delayed,3,2024-11
Shp007025,Ord007025,2023-03-31,2023-04-08,Dtdc,555.43,Lost,8,2023-03
Shp007026,Ord007026,2024-02-14,2024-02-24,Xpressbees,414.86,In Transit,10,2024-02
Shp007027,Ord007027,2022-06-18,2022-06-20,Xpressbees,732.8,In Transit,2,2022-06
Shp007028,Ord007028,2022-03-09,2022-03-16,Xpressbees,346.62,Delayed,7,2022-03
Shp007029,Ord007029,2023-04-24,2023-04-29,Dtdc,436.39,Delayed,5,2023-04
Shp007030,Ord007030,2024-10-13,2024-10-28,Fedex,889.56,In Transit,15,2024-10
Shp007031,Ord007031,2022-02-17,2022-02-20,Bluedart,223.19,Lost,3,2022-02
Shp007032,Ord007032,2023-05-21,2023-05-24,Bluedart,423.92,Lost,3,2023-05
Shp007033,Ord007033,2023-04-24,2023-04-26,Indiapost,346.39,Delayed,2,2023-04
Shp007034,Ord007034,2022-02-07,2022-02-08,Ekart,322.68,Delayed,1,2022-02
Shp007036,Ord007036,2022-05-28,2022-06-05,Ekart,428.61,Returned To Origin,8,2022-05
Shp007038,Ord007038,2024-09-12,2024-09-17,Bluedart,718.66,Lost,5,2024-09
Shp007039,Ord007039,2023-09-23,2023-09-27,Fedex,419.98,Lost,4,2023-09
Shp007042,Ord007042,2022-10-15,2022-10-23,Indiapost,430.1,Returned To Origin,8,2022-10
Shp007043,Ord007043,2023-05-20,2023-05-26,Fedex,363.77,Lost,6,2023-05
Shp007045,Ord007045,2023-01-02,2023-01-05,Indiapost,446.47,Returned To Origin,3,2023-01
Shp007046,Ord007046,2022-01-18,2022-01-21,Indiapost,855.51,Delivered,3,2022-01
Shp007047,Ord007047,2023-07-27,2023-07-28,Delhivery,610.8,Lost,1,2023-07
Shp007048,Ord007048,2024-11-13,2024-11-19,Ekart,224.34,Lost,6,2024-11
Shp007050,Ord007050,2024-03-29,2024-04-08,Ekart,38.02,Lost,10,2024-03
Shp007051,Ord007051,2023-09-07,2023-09-22,Indiapost,720.09,In Transit,15,2023-09
Shp007052,Ord007052,2023-04-13,2023-04-17,Dtdc,574.48,In Transit,4,2023-04
Shp007053,Ord007053,2022-04-14,2022-04-18,Xpressbees,262.75,Delayed,4,2022-04
Shp007054,Ord007054,2023-01-12,2023-01-18,Bluedart,669.89,Delivered,6,2023-01
Shp007055,Ord007055,2022-12-25,2022-12-28,Indiapost,733.56,Lost,3,2022-12
Shp007056,Ord007056,2022-03-19,2022-03-29,Delhivery,720.71,Returned To Origin,10,2022-03
Shp007059,Ord007059,2023-11-13,2023-11-15,Fedex,645.29,Returned To Origin,2,2023-11
Shp007060,Ord007060,2023-05-16,2023-05-18,Indiapost,880.36,In Transit,2,2023-05
Shp007062,Ord007062,2024-05-29,2024-06-04,Fedex,58.41,Delivered,6,2024-05
Shp007063,Ord007063,2024-01-09,2024-01-11,Delhivery,412.85,Returned To Origin,2,2024-01
Shp007065,Ord007065,2024-07-27,2024-07-29,Fedex,467.49,Lost,2,2024-07
Shp007066,Ord007066,2022-04-01,2022-04-04,Ekart,44.67,Lost,3,2022-04
Shp007067,Ord007067,2024-04-04,2024-04-11,Xpressbees,795.12,Returned To Origin,7,2024-04
Shp007068,Ord007068,2023-01-05,2023-01-20,Delhivery,180.6,Lost,15,2023-01
Shp007069,Ord007069,2022-06-21,2022-07-01,Ekart,200.69,Delivered,10,2022-06
Shp007070,Ord007070,2023-12-30,2024-01-02,Delhivery,131.85,Lost,3,2023-12
Shp007073,Ord007073,2024-05-21,2024-05-25,Delhivery,104.95,In Transit,4,2024-05
Shp007074,Ord007074,2022-09-18,2022-09-26,Delhivery,685.69,Returned To Origin,8,2022-09
Shp007075,Ord007075,2022-10-18,2022-10-21,Delhivery,308.82,Delivered,3,2022-10
Shp007076,Ord007076,2022-05-12,2022-05-15,Dtdc,74.02,Delivered,3,2022-05
Shp007077,Ord007077,2022-04-23,2022-04-25,Dtdc,761.87,Delayed,2,2022-04
Shp007078,Ord007078,2023-09-19,2023-09-24,Delhivery,811.53,Delayed,5,2023-09
Shp007079,Ord007079,2024-06-17,2024-06-21,Indiapost,877.38,Delivered,4,2024-06
Shp007080,Ord007080,2023-11-12,2023-11-16,Dtdc,898.6,Delivered,4,2023-11
Shp007081,Ord007081,2022-10-25,2022-10-30,Bluedart,688.68,Returned To Origin,5,2022-10
Shp007082,Ord007082,2022-07-19,2022-07-23,Bluedart,581.56,In Transit,4,2022-07
Shp007083,Ord007083,2023-03-28,2023-04-02,Bluedart,332.01,Lost,5,2023-03
Shp007084,Ord007084,2022-10-05,2022-10-15,Indiapost,313.69,Returned To Origin,10,2022-10
Shp007085,Ord007085,2023-12-24,2023-12-27,Dtdc,65.99,Returned To Origin,3,2023-12
Shp007086,Ord007086,2024-05-13,2024-05-20,Xpressbees,817.56,Lost,7,2024-05
Shp007087,Ord007087,2024-09-07,2024-09-08,Delhivery,674.27,Delayed,1,2024-09
Shp007088,Ord007088,2022-02-15,2022-03-02,Indiapost,233.42,Delivered,15,2022-02
Shp007089,Ord007089,2023-01-23,2023-01-31,Dtdc,623.19,Lost,8,2023-01
Shp007090,Ord007090,2023-07-27,2023-08-04,Ekart,103.16,Delivered,8,2023-07
Shp007091,Ord007091,2024-06-21,2024-06-28,Fedex,65.37,Returned To Origin,7,2024-06
Shp007092,Ord007092,2024-10-23,2024-10-29,Fedex,331.22,In Transit,6,2024-10
Shp007093,Ord007093,2023-02-23,2023-03-02,Bluedart,404.73,Delivered,7,2023-02
Shp007094,Ord007094,2023-08-05,2023-08-15,Bluedart,812.24,Delivered,10,2023-08
Shp007095,Ord007095,2023-07-11,2023-07-26,Bluedart,85.28,In Transit,15,2023-07
Shp007096,Ord007096,2022-12-23,2022-12-28,Delhivery,288.47,Delayed,5,2022-12
Shp007097,Ord007097,2022-03-11,2022-03-14,Ekart,830.56,Delivered,3,2022-03
Shp007098,Ord007098,2024-02-04,2024-02-08,Bluedart,331.51,Lost,4,2024-02
Shp007099,Ord007099,2023-08-10,2023-08-17,Indiapost,227.78,Returned To Origin,7,2023-08
Shp007101,Ord007101,2024-11-02,2024-11-07,Bluedart,829.17,Lost,5,2024-11
Shp007102,Ord007102,2023-01-30,2023-02-14,Bluedart,307.97,In Transit,15,2023-01
Shp007105,Ord007105,2023-12-28,2024-01-03,Delhivery,415.11,Delivered,6,2023-12
Shp007107,Ord007107,2022-02-11,2022-02-17,Ekart,128.57,Delivered,6,2022-02
Shp007108,Ord007108,2022-09-18,2022-09-28,Xpressbees,60.95,Returned To Origin,10,2022-09
Shp007109,Ord007109,2022-06-24,2022-07-04,Fedex,737.62,Lost,10,2022-06
Shp007110,Ord007110,2022-02-15,2022-02-25,Bluedart,679.42,In Transit,10,2022-02
Shp007111,Ord007111,2024-04-15,2024-04-23,Xpressbees,166.62,Delayed,8,2024-04
Shp007112,Ord007112,2022-08-12,2022-08-15,Fedex,625.0,Returned To Origin,3,2022-08
Shp007113,Ord007113,2024-02-19,2024-02-27,Xpressbees,301.19,Lost,8,2024-02
Shp007114,Ord007114,2024-05-26,2024-06-05,Bluedart,156.06,In Transit,10,2024-05
Shp007115,Ord007115,2022-11-14,2022-11-18,Dtdc,83.39,In Transit,4,2022-11
Shp007116,Ord007116,2023-05-29,2023-06-01,Indiapost,855.24,Delivered,3,2023-05
Shp007117,Ord007117,2023-06-22,2023-07-02,Fedex,827.18,In Transit,10,2023-06
Shp007118,Ord007118,2024-12-14,2024-12-20,Delhivery,822.58,Delayed,6,2024-12
Shp007119,Ord007119,2023-02-22,2023-02-28,Fedex,159.2,Delayed,6,2023-02
Shp007120,Ord007120,2022-10-25,2022-11-09,Indiapost,571.37,Delayed,15,2022-10
Shp007121,Ord007121,2023-07-18,2023-07-20,Ekart,794.51,Delayed,2,2023-07
Shp007122,Ord007122,2023-05-18,2023-05-23,Xpressbees,551.79,Lost,5,2023-05
Shp007123,Ord007123,2024-08-18,2024-08-24,Dtdc,434.26,Lost,6,2024-08
Shp007124,Ord007124,2024-06-01,2024-06-06,Fedex,375.19,Returned To Origin,5,2024-06
Shp007125,Ord007125,2023-10-09,2023-10-19,Delhivery,436.24,Delivered,10,2023-10
Shp007127,Ord007127,2023-03-24,2023-03-25,Indiapost,630.95,Returned To Origin,1,2023-03
Shp007128,Ord007128,2023-07-20,2023-07-25,Ekart,157.17,Delayed,5,2023-07
Shp007130,Ord007130,2023-02-13,2023-02-14,Bluedart,752.34,In Transit,1,2023-02
Shp007132,Ord007132,2024-01-15,2024-01-25,Xpressbees,704.55,Lost,10,2024-01
Shp007133,Ord007133,2023-06-29,2023-07-03,Fedex,611.74,Returned To Origin,4,2023-06
Shp007134,Ord007134,2022-01-18,2022-01-19,Xpressbees,147.63,Delivered,1,2022-01
Shp007135,Ord007135,2024-08-03,2024-08-18,Xpressbees,183.0,Lost,15,2024-08
Shp007137,Ord007137,2022-04-21,2022-04-26,Bluedart,191.45,Lost,5,2022-04
Shp007138,Ord007138,2022-09-23,2022-09-26,Indiapost,665.01,Returned To Origin,3,2022-09
Shp007139,Ord007139,2023-03-17,2023-03-21,Bluedart,355.71,Delayed,4,2023-03
Shp007140,Ord007140,2023-08-25,2023-08-26,Delhivery,837.63,Delivered,1,2023-08
Shp007141,Ord007141,2022-11-14,2022-11-18,Bluedart,78.93,Lost,4,2022-11
Shp007144,Ord007144,2024-04-26,2024-05-02,Fedex,598.2,In Transit,6,2024-04
Shp007145,Ord007145,2023-07-28,2023-08-01,Indiapost,30.46,In Transit,4,2023-07
Shp007146,Ord007146,2024-01-18,2024-01-26,Fedex,590.14,In Transit,8,2024-01
Shp007147,Ord007147,2022-09-02,2022-09-07,Indiapost,866.35,In Transit,5,2022-09
Shp007148,Ord007148,2024-01-22,2024-01-24,Indiapost,865.77,Returned To Origin,2,2024-01
Shp007149,Ord007149,2024-12-13,2024-12-20,Ekart,500.07,Lost,7,2024-12
Shp007150,Ord007150,2022-08-17,2022-08-19,Fedex,205.26,Returned To Origin,2,2022-08
Shp007151,Ord007151,2022-07-16,2022-07-31,Delhivery,164.46,Returned To Origin,15,2022-07
Shp007153,Ord007153,2022-01-10,2022-01-20,Ekart,729.36,Delivered,10,2022-01
Shp007154,Ord007154,2022-04-09,2022-04-16,Bluedart,558.62,In Transit,7,2022-04
Shp007155,Ord007155,2024-10-28,2024-11-05,Xpressbees,617.08,In Transit,8,2024-10
Shp007157,Ord007157,2022-07-06,2022-07-10,Fedex,89.91,Delayed,4,2022-07
Shp007158,Ord007158,2024-08-10,2024-08-13,Ekart,382.64,Returned To Origin,3,2024-08
Shp007160,Ord007160,2024-02-29,2024-03-03,Fedex,232.94,In Transit,3,2024-02
Shp007161,Ord007161,2022-10-23,2022-10-30,Bluedart,45.98,Delayed,7,2022-10
Shp007162,Ord007162,2023-03-10,2023-03-15,Indiapost,487.13,Returned To Origin,5,2023-03
Shp007163,Ord007163,2024-05-18,2024-05-24,Delhivery,799.09,Delivered,6,2024-05
Shp007164,Ord007164,2023-05-21,2023-05-25,Ekart,,Returned To Origin,4,2023-05
Shp007165,Ord007165,2023-06-02,2023-06-12,Indiapost,35.81,In Transit,10,2023-06
Shp007166,Ord007166,2024-07-01,2024-07-16,Ekart,234.96,Delayed,15,2024-07
Shp007167,Ord007167,2024-08-12,2024-08-15,Fedex,605.71,Returned To Origin,3,2024-08
Shp007168,Ord007168,2024-04-30,2024-05-05,Bluedart,887.48,Lost,5,2024-04
Shp007169,Ord007169,2024-09-09,2024-09-24,Fedex,92.73,Returned To Origin,15,2024-09
Shp007170,Ord007170,2024-06-23,2024-06-28,Dtdc,701.46,Delayed,5,2024-06
Shp007171,Ord007171,2024-05-22,2024-05-27,Delhivery,113.74,Returned To Origin,5,2024-05
Shp007172,Ord007172,2022-09-22,2022-10-07,Indiapost,57.57,Lost,15,2022-09
Shp007173,Ord007173,2024-08-13,2024-08-16,Delhivery,497.36,In Transit,3,2024-08
Shp007175,Ord007175,2023-02-23,2023-03-05,Xpressbees,380.98,Delayed,10,2023-02
Shp007176,Ord007176,2022-12-20,2022-12-28,Delhivery,122.87,Lost,8,2022-12
Shp007178,Ord007178,2022-08-19,2022-08-22,Delhivery,892.78,Delivered,3,2022-08
Shp007181,Ord007181,2022-01-22,2022-01-23,Delhivery,139.75,Lost,1,2022-01
Shp007182,Ord007182,2024-02-02,2024-02-12,Indiapost,269.67,Delivered,10,2024-02
Shp007183,Ord007183,2022-02-21,2022-02-23,Bluedart,,Returned To Origin,2,2022-02
Shp007184,Ord007184,2023-01-02,2023-01-05,Xpressbees,516.45,In Transit,3,2023-01
Shp007185,Ord007185,2024-03-11,2024-03-13,Xpressbees,844.41,Delayed,2,2024-03
Shp007186,Ord007186,2024-02-02,2024-02-04,Fedex,331.16,Delivered,2,2024-02
Shp007187,Ord007187,2022-10-13,2022-10-28,Fedex,210.89,Delayed,15,2022-10
Shp007188,Ord007188,2024-12-14,2024-12-24,Bluedart,858.86,Delivered,10,2024-12
Shp007189,Ord007189,2022-07-30,2022-08-09,Dtdc,578.04,Lost,10,2022-07
Shp007190,Ord007190,2022-08-05,2022-08-13,Ekart,303.86,In Transit,8,2022-08
Shp007191,Ord007191,2023-02-18,2023-02-21,Dtdc,701.97,Lost,3,2023-02
Shp007193,Ord007193,2022-07-30,2022-08-07,Ekart,498.36,Delayed,8,2022-07
Shp007194,Ord007194,2024-12-31,2025-01-06,Dtdc,379.55,Returned To Origin,6,2024-12
Shp007196,Ord007196,2024-03-03,2024-03-08,Fedex,408.48,Delayed,5,2024-03
Shp007197,Ord007197,2024-08-14,2024-08-29,Fedex,840.29,Lost,15,2024-08
Shp007199,Ord007199,2022-07-13,2022-07-16,Ekart,725.81,Delayed,3,2022-07
Shp007201,Ord007201,2023-08-23,2023-09-07,Ekart,63.05,Returned To Origin,15,2023-08
Shp007202,Ord007202,2022-07-14,2022-07-19,Indiapost,554.29,Returned To Origin,5,2022-07
Shp007203,Ord007203,2023-10-16,2023-10-19,Ekart,230.04,Returned To Origin,3,2023-10
Shp007204,Ord007204,2024-10-21,2024-10-27,Fedex,183.86,Delivered,6,2024-10
Shp007205,Ord007205,2024-06-28,2024-07-13,Indiapost,503.04,Delivered,15,2024-06
Shp007208,Ord007208,2023-05-31,2023-06-07,Fedex,575.21,Lost,7,2023-05
Shp007209,Ord007209,2022-10-12,2022-10-13,Dtdc,842.11,In Transit,1,2022-10
Shp007210,Ord007210,2023-04-09,2023-04-15,Dtdc,651.36,Returned To Origin,6,2023-04
Shp007211,Ord007211,2024-08-14,2024-08-21,Indiapost,711.66,In Transit,7,2024-08
Shp007212,Ord007212,2023-01-19,2023-01-27,Fedex,632.88,Returned To Origin,8,2023-01
Shp007213,Ord007213,2023-01-17,2023-01-22,Delhivery,433.15,In Transit,5,2023-01
Shp007214,Ord007214,2023-07-25,2023-07-28,Xpressbees,605.52,Delayed,3,2023-07
Shp007215,Ord007215,2022-04-23,2022-05-03,Delhivery,645.05,Returned To Origin,10,2022-04
Shp007216,Ord007216,2022-09-09,2022-09-10,Dtdc,129.05,In Transit,1,2022-09
Shp007217,Ord007217,2022-06-25,2022-07-10,Indiapost,,In Transit,15,2022-06
Shp007219,Ord007219,2022-07-30,2022-08-01,Indiapost,102.92,Delayed,2,2022-07
Shp007220,Ord007220,2024-03-31,2024-04-02,Ekart,68.87,In Transit,2,2024-03
Shp007222,Ord007222,2022-09-18,2022-09-25,Fedex,834.98,Delivered,7,2022-09
Shp007223,Ord007223,2024-03-22,2024-04-06,Indiapost,328.69,Lost,15,2024-03
Shp007225,Ord007225,2022-09-14,2022-09-21,Ekart,228.03,In Transit,7,2022-09
Shp007226,Ord007226,2022-04-06,2022-04-16,Xpressbees,756.91,Lost,10,2022-04
Shp007227,Ord007227,2023-04-22,2023-04-28,Bluedart,331.27,Returned To Origin,6,2023-04
Shp007228,Ord007228,2024-03-26,2024-04-10,Delhivery,805.25,Returned To Origin,15,2024-03
Shp007229,Ord007229,2022-11-12,2022-11-20,Fedex,350.32,Delivered,8,2022-11
Shp007230,Ord007230,2022-09-17,2022-09-27,Bluedart,559.13,Lost,10,2022-09
Shp007231,Ord007231,2023-05-24,2023-05-31,Bluedart,238.13,Delayed,7,2023-05
Shp007232,Ord007232,2022-05-14,2022-05-24,Xpressbees,30.47,Delivered,10,2022-05
Shp007233,Ord007233,2023-07-31,2023-08-03,Ekart,463.2,Lost,3,2023-07
Shp007234,Ord007234,2022-06-17,2022-06-25,Bluedart,690.61,Lost,8,2022-06
Shp007236,Ord007236,2022-04-19,2022-04-22,Xpressbees,279.24,In Transit,3,2022-04
Shp007238,Ord007238,2022-12-15,2022-12-20,Fedex,691.42,Lost,5,2022-12
Shp007239,Ord007239,2024-11-17,2024-11-19,Delhivery,729.17,Delivered,2,2024-11
Shp007240,Ord007240,2024-09-17,2024-09-18,Xpressbees,127.19,Delivered,1,2024-09
Shp007242,Ord007242,2022-10-01,2022-10-16,Indiapost,391.55,In Transit,15,2022-10
Shp007243,Ord007243,2024-02-24,2024-03-03,Ekart,317.33,Delayed,8,2024-02
Shp007245,Ord007245,2023-01-02,2023-01-05,Delhivery,542.52,Delivered,3,2023-01
Shp007246,Ord007246,2024-09-01,2024-09-05,Xpressbees,291.48,In Transit,4,2024-09
Shp007247,Ord007247,2022-04-24,2022-04-30,Delhivery,805.07,In Transit,6,2022-04
Shp007248,Ord007248,2024-03-04,2024-03-07,Xpressbees,341.55,Returned To Origin,3,2024-03
Shp007249,Ord007249,2023-03-27,2023-03-29,Indiapost,177.3,Lost,2,2023-03
Shp007250,Ord007250,2024-02-19,2024-02-25,Indiapost,852.64,Lost,6,2024-02
Shp007251,Ord007251,2022-07-31,2022-08-06,Bluedart,887.24,Delayed,6,2022-07
Shp007253,Ord007253,2024-01-04,2024-01-05,Ekart,34.09,Lost,1,2024-01
Shp007254,Ord007254,2025-01-03,2025-01-07,Dtdc,473.37,Returned To Origin,4,2025-01
Shp007256,Ord007256,2024-10-02,2024-10-08,Xpressbees,811.76,Returned To Origin,6,2024-10
Shp007257,Ord007257,2024-12-21,2024-12-28,Ekart,863.93,Delayed,7,2024-12
Shp007259,Ord007259,2023-02-22,2023-02-25,Ekart,462.76,In Transit,3,2023-02
Shp007260,Ord007260,2023-12-15,2023-12-17,Delhivery,593.71,Delayed,2,2023-12
Shp007261,Ord007261,2023-06-27,2023-07-12,Xpressbees,645.64,In Transit,15,2023-06
Shp007262,Ord007262,2023-11-30,2023-12-07,Dtdc,332.7,Delayed,7,2023-11
Shp007263,Ord007263,2022-09-17,2022-10-02,Fedex,30.06,In Transit,15,2022-09
Shp007264,Ord007264,2024-11-01,2024-11-05,Fedex,793.66,Returned To Origin,4,2024-11
Shp007266,Ord007266,2022-07-31,2022-08-10,Xpressbees,,In Transit,10,2022-07
Shp007267,Ord007267,2024-05-15,2024-05-21,Xpressbees,663.11,In Transit,6,2024-05
Shp007268,Ord007268,2024-12-11,2024-12-12,Bluedart,460.98,Delivered,1,2024-12
Shp007270,Ord007270,2024-06-06,2024-06-21,Bluedart,333.31,In Transit,15,2024-06
Shp007271,Ord007271,2024-12-20,2024-12-30,Fedex,330.93,Delivered,10,2024-12
Shp007272,Ord007272,2024-02-20,2024-02-24,Bluedart,627.83,Lost,4,2024-02
Shp007273,Ord007273,2024-04-24,2024-04-27,Fedex,717.79,Lost,3,2024-04
Shp007274,Ord007274,2022-11-26,2022-12-04,Xpressbees,767.23,In Transit,8,2022-11
Shp007275,Ord007275,2024-05-27,2024-05-29,Fedex,608.23,Delivered,2,2024-05
Shp007276,Ord007276,2023-01-20,2023-02-04,Ekart,591.22,Delayed,15,2023-01
Shp007278,Ord007278,2022-09-11,2022-09-12,Bluedart,784.87,In Transit,1,2022-09
Shp007279,Ord007279,2022-03-29,2022-04-01,Ekart,37.88,Delayed,3,2022-03
Shp007281,Ord007281,2024-09-24,2024-10-09,Ekart,104.36,Delayed,15,2024-09
Shp007282,Ord007282,2024-01-31,2024-02-01,Dtdc,773.75,Returned To Origin,1,2024-01
Shp007283,Ord007283,2023-10-27,2023-11-03,Dtdc,790.55,Delayed,7,2023-10
Shp007284,Ord007284,2022-09-24,2022-10-02,Delhivery,277.74,Returned To Origin,8,2022-09
Shp007286,Ord007286,2022-06-10,2022-06-20,Xpressbees,245.59,Delayed,10,2022-06
Shp007287,Ord007287,2023-09-08,2023-09-10,Ekart,221.92,Delivered,2,2023-09
Shp007291,Ord007291,2022-04-15,2022-04-21,Bluedart,382.26,Lost,6,2022-04
Shp007292,Ord007292,2023-01-16,2023-01-20,Bluedart,887.35,Lost,4,2023-01
Shp007294,Ord007294,2024-05-04,2024-05-19,Fedex,642.9,Lost,15,2024-05
Shp007295,Ord007295,2022-02-22,2022-03-02,Dtdc,494.27,Returned To Origin,8,2022-02
Shp007296,Ord007296,2022-08-01,2022-08-11,Indiapost,299.26,Delayed,10,2022-08
Shp007297,Ord007297,2023-08-06,2023-08-14,Delhivery,742.52,Returned To Origin,8,2023-08
Shp007298,Ord007298,2022-03-30,2022-04-14,Delhivery,799.11,Delayed,15,2022-03
Shp007299,Ord007299,2023-07-25,2023-07-29,Dtdc,331.7,In Transit,4,2023-07
Shp007300,Ord007300,2022-07-10,2022-07-17,Delhivery,635.68,Returned To Origin,7,2022-07
Shp007301,Ord007301,2022-08-06,2022-08-07,Bluedart,89.59,In Transit,1,2022-08
Shp007302,Ord007302,2024-12-14,2024-12-24,Xpressbees,372.15,Delivered,10,2024-12
Shp007303,Ord007303,2024-10-04,2024-10-07,Bluedart,513.25,In Transit,3,2024-10
Shp007304,Ord007304,2022-09-26,2022-09-29,Dtdc,508.16,Lost,3,2022-09
Shp007305,Ord007305,2022-04-12,2022-04-19,Ekart,158.72,In Transit,7,2022-04
Shp007306,Ord007306,2022-09-15,2022-09-19,Dtdc,605.72,Returned To Origin,4,2022-09
Shp007307,Ord007307,2022-08-18,2022-08-26,Ekart,189.48,Returned To Origin,8,2022-08
Shp007308,Ord007308,2022-05-29,2022-06-01,Dtdc,681.51,Delayed,3,2022-05
Shp007309,Ord007309,2022-03-11,2022-03-21,Xpressbees,548.0,In Transit,10,2022-03
Shp007311,Ord007311,2023-12-17,2023-12-21,Delhivery,299.8,In Transit,4,2023-12
Shp007312,Ord007312,2023-05-09,2023-05-11,Bluedart,83.69,Delayed,2,2023-05
Shp007314,Ord007314,2024-05-28,2024-05-30,Dtdc,602.13,Returned To Origin,2,2024-05
Shp007316,Ord007316,2022-06-16,2022-06-21,Ekart,472.43,Delivered,5,2022-06
Shp007317,Ord007317,2024-09-14,2024-09-17,Delhivery,,Returned To Origin,3,2024-09
Shp007318,Ord007318,2024-12-24,2024-12-27,Indiapost,132.12,Delivered,3,2024-12
Shp007319,Ord007319,2022-05-27,2022-05-30,Delhivery,176.69,Delayed,3,2022-05
Shp007320,Ord007320,2022-10-01,2022-10-08,Delhivery,288.65,Delayed,7,2022-10
Shp007321,Ord007321,2022-05-11,2022-05-12,Bluedart,319.93,In Transit,1,2022-05
Shp007322,Ord007322,2023-05-23,2023-05-26,Bluedart,501.64,In Transit,3,2023-05
Shp007323,Ord007323,2024-11-12,2024-11-13,Ekart,577.43,Lost,1,2024-11
Shp007324,Ord007324,2024-07-07,2024-07-13,Indiapost,95.55,Lost,6,2024-07
Shp007325,Ord007325,2023-03-22,2023-04-06,Delhivery,326.44,Lost,15,2023-03
Shp007326,Ord007326,2023-05-29,2023-06-01,Delhivery,554.47,Delayed,3,2023-05
Shp007328,Ord007328,2022-05-15,2022-05-18,Delhivery,418.36,Delivered,3,2022-05
Shp007330,Ord007330,2022-12-29,2023-01-05,Indiapost,866.18,Returned To Origin,7,2022-12
Shp007331,Ord007331,2024-08-10,2024-08-16,Bluedart,739.39,Lost,6,2024-08
Shp007332,Ord007332,2023-06-26,2023-06-30,Bluedart,73.88,Returned To Origin,4,2023-06
Shp007335,Ord007335,2023-11-14,2023-11-17,Delhivery,331.34,Returned To Origin,3,2023-11
Shp007336,Ord007336,2024-10-01,2024-10-02,Indiapost,327.45,Returned To Origin,1,2024-10
Shp007337,Ord007337,2024-07-01,2024-07-04,Ekart,307.98,Lost,3,2024-07
Shp007338,Ord007338,2023-03-19,2023-03-21,Delhivery,34.2,Lost,2,2023-03
Shp007339,Ord007339,2022-12-16,2022-12-17,Fedex,814.47,In Transit,1,2022-12
Shp007340,Ord007340,2024-03-08,2024-03-16,Delhivery,625.1,Lost,8,2024-03
Shp007341,Ord007341,2024-03-21,2024-03-25,Indiapost,362.48,Returned To Origin,4,2024-03
Shp007342,Ord007342,2023-03-11,2023-03-21,Ekart,215.46,Delivered,10,2023-03
Shp007343,Ord007343,2023-06-08,2023-06-13,Fedex,765.23,Returned To Origin,5,2023-06
Shp007344,Ord007344,2022-02-13,2022-02-16,Delhivery,629.31,Delivered,3,2022-02
Shp007346,Ord007346,2023-02-22,2023-03-02,Xpressbees,101.87,In Transit,8,2023-02
Shp007347,Ord007347,2022-03-04,2022-03-19,Indiapost,150.15,Delivered,15,2022-03
Shp007348,Ord007348,2022-07-28,2022-07-30,Fedex,770.59,Delivered,2,2022-07
Shp007349,Ord007349,2024-03-13,2024-03-21,Xpressbees,665.96,Delivered,8,2024-03
Shp007350,Ord007350,2024-08-04,2024-08-14,Bluedart,638.57,Delayed,10,2024-08
Shp007351,Ord007351,2023-06-28,2023-07-03,Dtdc,867.37,Delivered,5,2023-06
Shp007352,Ord007352,2022-11-29,2022-12-04,Delhivery,157.09,Returned To Origin,5,2022-11
Shp007353,Ord007353,2022-05-12,2022-05-17,Dtdc,125.51,Delivered,5,2022-05
Shp007355,Ord007355,2022-03-19,2022-03-23,Ekart,547.71,Delivered,4,2022-03
Shp007356,Ord007356,2022-12-28,2022-12-31,Dtdc,692.79,Delayed,3,2022-12
Shp007357,Ord007357,2024-04-15,2024-04-23,Delhivery,639.82,Returned To Origin,8,2024-04
Shp007358,Ord007358,2022-11-16,2022-11-19,Fedex,646.41,Delayed,3,2022-11
Shp007359,Ord007359,2022-01-17,2022-01-18,Ekart,427.94,Delayed,1,2022-01
Shp007360,Ord007360,2023-01-16,2023-01-20,Xpressbees,403.76,Delayed,4,2023-01
Shp007361,Ord007361,2023-08-23,2023-08-25,Fedex,524.98,Delayed,2,2023-08
Shp007363,Ord007363,2022-04-29,2022-05-04,Ekart,,Delayed,5,2022-04
Shp007364,Ord007364,2023-06-17,2023-06-25,Bluedart,180.78,Delayed,8,2023-06
Shp007365,Ord007365,2022-08-04,2022-08-07,Xpressbees,128.15,Delayed,3,2022-08
Shp007366,Ord007366,2024-07-17,2024-08-01,Bluedart,68.63,Delayed,15,2024-07
Shp007367,Ord007367,2023-12-28,2023-12-31,Ekart,87.85,Delayed,3,2023-12
Shp007368,Ord007368,2024-09-12,2024-09-19,Ekart,383.34,Delivered,7,2024-09
Shp007369,Ord007369,2024-06-08,2024-06-12,Delhivery,166.22,Lost,4,2024-06
Shp007370,Ord007370,2023-01-10,2023-01-17,Ekart,285.71,Returned To Origin,7,2023-01
Shp007371,Ord007371,2023-08-24,2023-09-01,Indiapost,395.12,In Transit,8,2023-08
Shp007372,Ord007372,2022-10-18,2022-10-20,Xpressbees,477.69,Delivered,2,2022-10
Shp007373,Ord007373,2023-05-27,2023-06-04,Indiapost,257.19,Returned To Origin,8,2023-05
Shp007375,Ord007375,2023-05-06,2023-05-21,Indiapost,585.48,In Transit,15,2023-05
Shp007377,Ord007377,2023-05-01,2023-05-07,Ekart,93.79,Delivered,6,2023-05
Shp007378,Ord007378,2023-07-10,2023-07-18,Fedex,30.56,Delayed,8,2023-07
Shp007379,Ord007379,2022-10-18,2022-10-20,Ekart,540.2,In Transit,2,2022-10
Shp007380,Ord007380,2022-09-18,2022-09-28,Delhivery,527.83,Delayed,10,2022-09
Shp007381,Ord007381,2022-08-11,2022-08-17,Dtdc,179.95,Delayed,6,2022-08
Shp007383,Ord007383,2024-03-15,2024-03-19,Xpressbees,300.97,Delivered,4,2024-03
Shp007385,Ord007385,2022-06-28,2022-07-03,Dtdc,832.72,Delayed,5,2022-06
Shp007386,Ord007386,2022-03-15,2022-03-25,Fedex,530.58,Lost,10,2022-03
Shp007387,Ord007387,2024-01-15,2024-01-18,Dtdc,411.45,In Transit,3,2024-01
Shp007388,Ord007388,2022-10-23,2022-10-27,Dtdc,774.74,Delivered,4,2022-10
Shp007389,Ord007389,2023-08-02,2023-08-03,Indiapost,267.82,Returned To Origin,1,2023-08
Shp007390,Ord007390,2024-10-22,2024-11-06,Xpressbees,128.29,Delivered,15,2024-10
Shp007393,Ord007393,2022-07-18,2022-07-21,Xpressbees,659.81,Lost,3,2022-07
Shp007394,Ord007394,2023-06-13,2023-06-14,Delhivery,840.4,Delayed,1,2023-06
Shp007395,Ord007395,2023-02-10,2023-02-25,Ekart,297.19,In Transit,15,2023-02
Shp007396,Ord007396,2022-06-19,2022-06-25,Fedex,191.78,In Transit,6,2022-06
Shp007398,Ord007398,2023-06-24,2023-07-09,Xpressbees,132.88,Delivered,15,2023-06
Shp007401,Ord007401,2022-04-17,2022-04-20,Fedex,756.72,In Transit,3,2022-04
Shp007403,Ord007403,2023-04-03,2023-04-08,Dtdc,552.74,Returned To Origin,5,2023-04
Shp007404,Ord007404,2024-09-25,2024-09-30,Bluedart,599.24,In Transit,5,2024-09
Shp007405,Ord007405,2024-07-04,2024-07-05,Indiapost,307.7,Delayed,1,2024-07
Shp007406,Ord007406,2022-09-27,2022-10-01,Ekart,289.93,Returned To Origin,4,2022-09
Shp007407,Ord007407,2024-07-13,2024-07-18,Fedex,483.36,In Transit,5,2024-07
Shp007408,Ord007408,2023-11-12,2023-11-19,Delhivery,747.29,Delayed,7,2023-11
Shp007409,Ord007409,2022-06-18,2022-06-21,Fedex,391.87,Delayed,3,2022-06
Shp007410,Ord007410,2023-04-26,2023-05-06,Fedex,373.64,Delayed,10,2023-04
Shp007411,Ord007411,2023-07-24,2023-07-28,Delhivery,690.63,Returned To Origin,4,2023-07
Shp007414,Ord007414,2022-02-19,2022-02-25,Bluedart,279.72,Lost,6,2022-02
Shp007415,Ord007415,2022-10-28,2022-10-31,Delhivery,321.03,In Transit,3,2022-10
Shp007416,Ord007416,2024-09-20,2024-09-25,Dtdc,49.77,Returned To Origin,5,2024-09
Shp007417,Ord007417,2022-03-21,2022-04-05,Xpressbees,252.12,In Transit,15,2022-03
Shp007418,Ord007418,2024-08-15,2024-08-17,Indiapost,215.63,Returned To Origin,2,2024-08
Shp007420,Ord007420,2023-07-18,2023-07-26,Indiapost,319.8,Delivered,8,2023-07
Shp007421,Ord007421,2023-05-26,2023-05-29,Dtdc,112.47,Delivered,3,2023-05
Shp007422,Ord007422,2023-02-21,2023-02-25,Bluedart,415.29,Lost,4,2023-02
Shp007423,Ord007423,2023-09-12,2023-09-15,Xpressbees,193.7,Returned To Origin,3,2023-09
Shp007424,Ord007424,2023-12-03,2023-12-07,Bluedart,247.54,Lost,4,2023-12
Shp007426,Ord007426,2023-09-11,2023-09-14,Indiapost,422.65,In Transit,3,2023-09
Shp007427,Ord007427,2024-11-22,2024-11-29,Indiapost,180.02,Delivered,7,2024-11
Shp007428,Ord007428,2024-08-08,2024-08-15,Bluedart,473.61,Delivered,7,2024-08
Shp007429,Ord007429,2023-03-21,2023-03-25,Dtdc,710.18,Returned To Origin,4,2023-03
Shp007430,Ord007430,2023-08-07,2023-08-17,Bluedart,458.55,Delayed,10,2023-08
Shp007431,Ord007431,2023-03-29,2023-04-13,Indiapost,71.88,Delayed,15,2023-03
Shp007432,Ord007432,2023-12-18,2023-12-24,Delhivery,512.47,Returned To Origin,6,2023-12
Shp007434,Ord007434,2023-03-30,2023-04-04,Ekart,235.32,Delivered,5,2023-03
Shp007436,Ord007436,2024-11-10,2024-11-15,Dtdc,661.47,Delayed,5,2024-11
Shp007438,Ord007438,2022-05-02,2022-05-12,Delhivery,490.84,In Transit,10,2022-05
Shp007441,Ord007441,2022-11-23,2022-11-24,Dtdc,161.9,Delayed,1,2022-11
Shp007442,Ord007442,2022-02-28,2022-03-08,Indiapost,153.82,Lost,8,2022-02
Shp007443,Ord007443,2024-03-24,2024-03-26,Dtdc,274.31,Returned To Origin,2,2024-03
Shp007444,Ord007444,2024-03-28,2024-04-07,Dtdc,658.54,In Transit,10,2024-03
Shp007445,Ord007445,2024-06-23,2024-06-28,Fedex,782.2,Delivered,5,2024-06
Shp007446,Ord007446,2024-09-23,2024-09-27,Indiapost,331.5,In Transit,4,2024-09
Shp007447,Ord007447,2023-06-05,2023-06-12,Dtdc,555.8,Lost,7,2023-06
Shp007448,Ord007448,2024-10-17,2024-10-20,Indiapost,431.41,In Transit,3,2024-10
Shp007449,Ord007449,2022-08-27,2022-08-29,Xpressbees,143.53,Delayed,2,2022-08
Shp007450,Ord007450,2023-05-08,2023-05-18,Bluedart,595.62,Returned To Origin,10,2023-05
Shp007451,Ord007451,2024-02-17,2024-02-19,Fedex,284.94,Returned To Origin,2,2024-02
Shp007452,Ord007452,2024-03-07,2024-03-08,Delhivery,115.43,Delayed,1,2024-03
Shp007453,Ord007453,2022-08-31,2022-09-15,Indiapost,388.41,Delivered,15,2022-08
Shp007455,Ord007455,2024-03-22,2024-04-06,Dtdc,361.2,Delayed,15,2024-03
Shp007456,Ord007456,2024-10-17,2024-10-19,Dtdc,391.26,Delivered,2,2024-10
Shp007457,Ord007457,2022-05-03,2022-05-06,Ekart,,Delivered,3,2022-05
Shp007458,Ord007458,2023-07-13,2023-07-21,Fedex,588.5,Lost,8,2023-07
Shp007459,Ord007459,2024-05-05,2024-05-20,Dtdc,690.06,Lost,15,2024-05
Shp007460,Ord007460,2024-05-24,2024-05-29,Fedex,505.41,Delivered,5,2024-05
Shp007461,Ord007461,2023-08-23,2023-08-25,Bluedart,145.31,Delivered,2,2023-08
Shp007462,Ord007462,2024-01-26,2024-02-05,Indiapost,114.94,Delayed,10,2024-01
Shp007463,Ord007463,2022-12-26,2023-01-10,Indiapost,153.07,Returned To Origin,15,2022-12
Shp007464,Ord007464,2024-07-20,2024-08-04,Bluedart,408.91,Lost,15,2024-07
Shp007465,Ord007465,2024-12-16,2024-12-24,Delhivery,255.95,Delayed,8,2024-12
Shp007467,Ord007467,2023-07-28,2023-08-01,Indiapost,657.13,In Transit,4,2023-07
Shp007468,Ord007468,2024-03-18,2024-03-25,Fedex,244.75,In Transit,7,2024-03
Shp007469,Ord007469,2023-04-22,2023-04-25,Delhivery,35.13,Delivered,3,2023-04
Shp007470,Ord007470,2023-05-22,2023-05-24,Dtdc,461.94,Delivered,2,2023-05
Shp007471,Ord007471,2022-05-22,2022-05-26,Delhivery,390.54,Delivered,4,2022-05
Shp007472,Ord007472,2022-08-10,2022-08-16,Fedex,531.92,Returned To Origin,6,2022-08
Shp007473,Ord007473,2024-10-12,2024-10-27,Ekart,66.17,Returned To Origin,15,2024-10
Shp007474,Ord007474,2022-10-20,2022-10-25,Xpressbees,898.01,Lost,5,2022-10
Shp007475,Ord007475,2024-08-24,2024-08-25,Xpressbees,,Returned To Origin,1,2024-08
Shp007477,Ord007477,2023-02-10,2023-02-25,Dtdc,282.13,Delivered,15,2023-02
Shp007478,Ord007478,2023-04-02,2023-04-05,Ekart,303.08,Lost,3,2023-04
Shp007480,Ord007480,2023-07-26,2023-07-29,Ekart,87.7,In Transit,3,2023-07
Shp007481,Ord007481,2022-10-28,2022-10-31,Xpressbees,545.27,Delayed,3,2022-10
Shp007482,Ord007482,2022-09-23,2022-09-27,Xpressbees,236.2,Lost,4,2022-09
Shp007483,Ord007483,2024-03-30,2024-04-04,Fedex,618.74,Delivered,5,2024-03
Shp007484,Ord007484,2024-08-29,2024-09-02,Fedex,529.94,Lost,4,2024-08
Shp007485,Ord007485,2022-07-10,2022-07-12,Delhivery,,Lost,2,2022-07
Shp007486,Ord007486,2024-01-11,2024-01-16,Fedex,74.84,Returned To Origin,5,2024-01
Shp007487,Ord007487,2022-06-02,2022-06-05,Delhivery,107.04,Returned To Origin,3,2022-06
Shp007488,Ord007488,2023-07-31,2023-08-06,Bluedart,489.27,Returned To Origin,6,2023-07
Shp007489,Ord007489,2024-12-27,2025-01-02,Xpressbees,351.59,In Transit,6,2024-12
Shp007490,Ord007490,2023-07-14,2023-07-17,Ekart,376.32,In Transit,3,2023-07
Shp007491,Ord007491,2024-07-27,2024-08-02,Indiapost,809.42,Delivered,6,2024-07
Shp007492,Ord007492,2022-03-24,2022-03-30,Ekart,295.0,Delayed,6,2022-03
Shp007493,Ord007493,2023-03-11,2023-03-18,Ekart,791.54,Returned To Origin,7,2023-03
Shp007494,Ord007494,2024-08-28,2024-09-02,Delhivery,532.51,Delivered,5,2024-08
Shp007495,Ord007495,2023-06-19,2023-06-27,Xpressbees,806.45,Lost,8,2023-06
Shp007496,Ord007496,2024-02-29,2024-03-06,Ekart,248.96,Lost,6,2024-02
Shp007497,Ord007497,2024-06-21,2024-07-06,Dtdc,777.64,In Transit,15,2024-06
Shp007498,Ord007498,2022-05-09,2022-05-14,Delhivery,584.81,Returned To Origin,5,2022-05
Shp007499,Ord007499,2023-06-30,2023-07-03,Indiapost,51.15,Lost,3,2023-06
Shp007501,Ord007501,2023-05-28,2023-06-02,Indiapost,649.1,Delayed,5,2023-05
Shp007503,Ord007503,2024-03-31,2024-04-06,Xpressbees,891.07,In Transit,6,2024-03
Shp007504,Ord007504,2022-09-01,2022-09-02,Fedex,145.97,Lost,1,2022-09
Shp007505,Ord007505,2023-02-27,2023-03-06,Fedex,83.59,Delayed,7,2023-02
Shp007507,Ord007507,2023-04-08,2023-04-23,Ekart,427.51,In Transit,15,2023-04
Shp007508,Ord007508,2022-06-29,2022-07-02,Dtdc,485.47,Returned To Origin,3,2022-06
Shp007510,Ord007510,2023-07-26,2023-08-03,Ekart,170.22,Delayed,8,2023-07
Shp007511,Ord007511,2022-10-26,2022-11-05,Bluedart,351.48,Delivered,10,2022-10
Shp007512,Ord007512,2023-02-16,2023-02-23,Indiapost,486.85,Lost,7,2023-02
Shp007513,Ord007513,2024-01-22,2024-01-28,Delhivery,154.71,Delivered,6,2024-01
Shp007514,Ord007514,2022-08-23,2022-08-29,Bluedart,431.52,Lost,6,2022-08
Shp007515,Ord007515,2023-08-17,2023-08-25,Delhivery,744.99,Delivered,8,2023-08
Shp007517,Ord007517,2023-11-06,2023-11-14,Bluedart,87.04,In Transit,8,2023-11
Shp007520,Ord007520,2024-05-13,2024-05-17,Indiapost,403.71,Returned To Origin,4,2024-05
Shp007521,Ord007521,2022-10-29,2022-10-30,Indiapost,720.12,Delivered,1,2022-10
Shp007522,Ord007522,2024-11-09,2024-11-16,Dtdc,257.64,In Transit,7,2024-11
Shp007523,Ord007523,2023-10-06,2023-10-21,Ekart,623.5,Delivered,15,2023-10
Shp007524,Ord007524,2022-06-27,2022-07-03,Fedex,856.33,Delayed,6,2022-06
Shp007525,Ord007525,2024-09-13,2024-09-28,Fedex,616.34,Delivered,15,2024-09
Shp007526,Ord007526,2023-01-30,2023-02-06,Bluedart,,Delayed,7,2023-01
Shp007527,Ord007527,2023-07-15,2023-07-16,Dtdc,367.48,Returned To Origin,1,2023-07
Shp007529,Ord007529,2022-06-29,2022-07-03,Bluedart,814.1,Delivered,4,2022-06
Shp007530,Ord007530,2022-02-19,2022-02-22,Ekart,690.0,Delayed,3,2022-02
Shp007531,Ord007531,2022-02-16,2022-02-22,Bluedart,701.02,Delivered,6,2022-02
Shp007532,Ord007532,2022-10-05,2022-10-09,Fedex,679.91,Delayed,4,2022-10
Shp007533,Ord007533,2022-07-17,2022-07-18,Fedex,474.21,Delayed,1,2022-07
Shp007534,Ord007534,2023-11-29,2023-12-04,Bluedart,654.61,Lost,5,2023-11
Shp007535,Ord007535,2024-07-03,2024-07-06,Dtdc,529.49,Returned To Origin,3,2024-07
Shp007536,Ord007536,2023-09-08,2023-09-16,Fedex,226.26,Lost,8,2023-09
Shp007538,Ord007538,2023-11-05,2023-11-06,Bluedart,106.64,Returned To Origin,1,2023-11
Shp007539,Ord007539,2022-12-15,2022-12-30,Bluedart,772.6,Returned To Origin,15,2022-12
Shp007540,Ord007540,2024-03-26,2024-04-03,Delhivery,183.72,Delayed,8,2024-03
Shp007542,Ord007542,2024-01-31,2024-02-07,Ekart,371.27,Returned To Origin,7,2024-01
Shp007543,Ord007543,2023-03-26,2023-03-31,Xpressbees,114.8,Returned To Origin,5,2023-03
Shp007544,Ord007544,2024-03-20,2024-03-26,Bluedart,628.32,Delivered,6,2024-03
Shp007545,Ord007545,2023-03-25,2023-03-29,Xpressbees,693.32,Returned To Origin,4,2023-03
Shp007546,Ord007546,2022-09-01,2022-09-11,Fedex,56.39,In Transit,10,2022-09
Shp007548,Ord007548,2022-07-06,2022-07-14,Indiapost,379.38,In Transit,8,2022-07
Shp007549,Ord007549,2024-08-06,2024-08-08,Fedex,875.27,In Transit,2,2024-08
Shp007550,Ord007550,2024-02-08,2024-02-18,Fedex,,Lost,10,2024-02
Shp007551,Ord007551,2024-04-20,2024-04-30,Xpressbees,300.95,Delayed,10,2024-04
Shp007552,Ord007552,2024-09-22,2024-09-23,Ekart,485.11,Returned To Origin,1,2024-09
Shp007555,Ord007555,2022-06-14,2022-06-16,Dtdc,824.66,Delayed,2,2022-06
Shp007556,Ord007556,2024-05-24,2024-06-03,Bluedart,731.5,Returned To Origin,10,2024-05
Shp007557,Ord007557,2023-04-08,2023-04-13,Indiapost,880.52,Delivered,5,2023-04
Shp007558,Ord007558,2024-06-09,2024-06-14,Indiapost,311.38,Lost,5,2024-06
Shp007559,Ord007559,2024-06-20,2024-06-30,Fedex,365.18,In Transit,10,2024-06
Shp007560,Ord007560,2023-12-24,2023-12-27,Dtdc,241.64,In Transit,3,2023-12
Shp007561,Ord007561,2023-04-23,2023-04-26,Xpressbees,486.64,In Transit,3,2023-04
Shp007562,Ord007562,2023-09-14,2023-09-15,Dtdc,249.31,Returned To Origin,1,2023-09
Shp007564,Ord007564,2023-02-22,2023-02-28,Dtdc,620.99,In Transit,6,2023-02
Shp007565,Ord007565,2024-06-01,2024-06-06,Delhivery,871.88,Delivered,5,2024-06
Shp007566,Ord007566,2023-08-13,2023-08-28,Xpressbees,296.98,Returned To Origin,15,2023-08
Shp007567,Ord007567,2023-12-23,2023-12-28,Indiapost,248.16,In Transit,5,2023-12
Shp007568,Ord007568,2022-05-07,2022-05-08,Delhivery,256.69,Delayed,1,2022-05
Shp007569,Ord007569,2023-09-29,2023-09-30,Dtdc,494.55,Delivered,1,2023-09
Shp007574,Ord007574,2022-09-19,2022-09-22,Delhivery,82.55,Delayed,3,2022-09
Shp007575,Ord007575,2024-02-10,2024-02-16,Indiapost,159.52,In Transit,6,2024-02
Shp007576,Ord007576,2023-02-18,2023-02-21,Bluedart,864.45,Lost,3,2023-02
Shp007577,Ord007577,2024-03-27,2024-04-03,Bluedart,324.23,Delivered,7,2024-03
Shp007578,Ord007578,2023-10-23,2023-10-28,Dtdc,674.03,Lost,5,2023-10
Shp007579,Ord007579,2022-09-26,2022-10-02,Xpressbees,786.38,In Transit,6,2022-09
Shp007580,Ord007580,2023-11-11,2023-11-15,Delhivery,381.77,Returned To Origin,4,2023-11
Shp007581,Ord007581,2023-09-02,2023-09-10,Dtdc,256.02,Delayed,8,2023-09
Shp007582,Ord007582,2024-02-05,2024-02-11,Indiapost,169.43,Returned To Origin,6,2024-02
Shp007583,Ord007583,2022-10-06,2022-10-07,Fedex,356.77,Delivered,1,2022-10
Shp007584,Ord007584,2023-05-01,2023-05-11,Ekart,302.72,In Transit,10,2023-05
Shp007586,Ord007586,2024-02-29,2024-03-05,Fedex,594.28,Returned To Origin,5,2024-02
Shp007587,Ord007587,2023-03-05,2023-03-08,Delhivery,394.6,Delayed,3,2023-03
Shp007588,Ord007588,2022-09-09,2022-09-13,Bluedart,790.47,Delayed,4,2022-09
Shp007589,Ord007589,2022-08-21,2022-08-25,Xpressbees,212.71,Returned To Origin,4,2022-08
Shp007590,Ord007590,2023-11-06,2023-11-13,Ekart,333.77,Lost,7,2023-11
Shp007591,Ord007591,2023-07-21,2023-07-27,Dtdc,231.48,Delivered,6,2023-07
Shp007592,Ord007592,2024-03-29,2024-04-05,Xpressbees,304.82,In Transit,7,2024-03
Shp007594,Ord007594,2022-01-31,2022-02-04,Delhivery,631.19,Delayed,4,2022-01
Shp007595,Ord007595,2022-01-06,2022-01-16,Ekart,551.4,Lost,10,2022-01
Shp007596,Ord007596,2024-02-16,2024-02-19,Indiapost,744.99,Lost,3,2024-02
Shp007598,Ord007598,2022-07-19,2022-08-03,Indiapost,351.91,Delivered,15,2022-07
Shp007599,Ord007599,2023-11-07,2023-11-22,Fedex,177.89,Lost,15,2023-11
Shp007600,Ord007600,2022-10-31,2022-11-07,Dtdc,523.08,Lost,7,2022-10
Shp007601,Ord007601,2023-03-21,2023-03-24,Indiapost,311.36,Delayed,3,2023-03
Shp007602,Ord007602,2024-10-11,2024-10-12,Fedex,490.14,Returned To Origin,1,2024-10
Shp007603,Ord007603,2024-01-15,2024-01-19,Indiapost,417.66,Returned To Origin,4,2024-01
Shp007605,Ord007605,2023-05-26,2023-05-31,Bluedart,561.79,In Transit,5,2023-05
Shp007606,Ord007606,2024-05-19,2024-05-22,Dtdc,193.11,Delivered,3,2024-05
Shp007607,Ord007607,2024-12-28,2025-01-05,Bluedart,828.9,Lost,8,2024-12
Shp007608,Ord007608,2022-08-31,2022-09-08,Dtdc,372.5,Delivered,8,2022-08
Shp007610,Ord007610,2022-01-10,2022-01-13,Xpressbees,875.98,Returned To Origin,3,2022-01
Shp007611,Ord007611,2024-11-13,2024-11-20,Xpressbees,313.62,Delayed,7,2024-11
Shp007612,Ord007612,2023-05-03,2023-05-08,Bluedart,851.44,Lost,5,2023-05
Shp007614,Ord007614,2023-01-30,2023-02-14,Bluedart,647.51,Lost,15,2023-01
Shp007615,Ord007615,2022-07-26,2022-07-27,Xpressbees,165.2,Delivered,1,2022-07
Shp007616,Ord007616,2022-10-23,2022-10-30,Fedex,341.24,Lost,7,2022-10
Shp007617,Ord007617,2022-07-22,2022-08-06,Indiapost,818.17,Lost,15,2022-07
Shp007618,Ord007618,2022-04-23,2022-05-01,Indiapost,572.55,Returned To Origin,8,2022-04
Shp007619,Ord007619,2024-11-27,2024-12-01,Fedex,308.75,Delayed,4,2024-11
Shp007620,Ord007620,2022-02-26,2022-03-06,Ekart,252.25,Delivered,8,2022-02
Shp007621,Ord007621,2022-05-30,2022-06-14,Ekart,659.0,In Transit,15,2022-05
Shp007622,Ord007622,2024-02-27,2024-03-02,Delhivery,76.32,In Transit,4,2024-02
Shp007623,Ord007623,2024-11-30,2024-12-03,Ekart,513.87,Delayed,3,2024-11
Shp007624,Ord007624,2022-01-21,2022-01-31,Bluedart,69.92,Lost,10,2022-01
Shp007625,Ord007625,2023-12-18,2023-12-22,Delhivery,651.69,Delivered,4,2023-12
Shp007626,Ord007626,2024-02-02,2024-02-05,Bluedart,38.15,Returned To Origin,3,2024-02
Shp007627,Ord007627,2023-12-30,2024-01-14,Fedex,660.01,In Transit,15,2023-12
Shp007628,Ord007628,2022-08-01,2022-08-04,Delhivery,823.98,Delayed,3,2022-08
Shp007629,Ord007629,2022-06-30,2022-07-10,Delhivery,400.01,Lost,10,2022-06
Shp007631,Ord007631,2024-10-03,2024-10-13,Bluedart,864.54,Lost,10,2024-10
Shp007633,Ord007633,2023-07-28,2023-07-31,Delhivery,742.04,Delivered,3,2023-07
Shp007635,Ord007635,2023-10-15,2023-10-17,Dtdc,202.08,Delayed,2,2023-10
Shp007636,Ord007636,2022-10-10,2022-10-17,Fedex,448.35,Lost,7,2022-10
Shp007637,Ord007637,2023-10-17,2023-10-20,Fedex,106.09,Lost,3,2023-10
Shp007638,Ord007638,2024-02-29,2024-03-15,Dtdc,131.77,Lost,15,2024-02
Shp007639,Ord007639,2024-03-23,2024-03-24,Fedex,338.33,Lost,1,2024-03
Shp007640,Ord007640,2022-04-23,2022-04-28,Dtdc,812.16,In Transit,5,2022-04
Shp007641,Ord007641,2023-03-24,2023-04-03,Ekart,781.32,Delayed,10,2023-03
Shp007643,Ord007643,2023-04-25,2023-04-28,Bluedart,496.91,Delivered,3,2023-04
Shp007645,Ord007645,2023-08-20,2023-08-23,Indiapost,641.06,Returned To Origin,3,2023-08
Shp007646,Ord007646,2022-02-14,2022-02-15,Indiapost,739.19,In Transit,1,2022-02
Shp007647,Ord007647,2022-06-29,2022-07-06,Indiapost,220.48,Delivered,7,2022-06
Shp007648,Ord007648,2023-09-26,2023-10-06,Dtdc,86.0,In Transit,10,2023-09
Shp007649,Ord007649,2024-01-19,2024-01-26,Bluedart,330.44,In Transit,7,2024-01
Shp007650,Ord007650,2023-03-14,2023-03-16,Dtdc,145.47,Delayed,2,2023-03
Shp007651,Ord007651,2023-01-10,2023-01-14,Delhivery,415.14,Lost,4,2023-01
Shp007652,Ord007652,2023-09-07,2023-09-14,Dtdc,327.78,Returned To Origin,7,2023-09
Shp007653,Ord007653,2023-04-13,2023-04-20,Ekart,765.58,Delivered,7,2023-04
Shp007654,Ord007654,2022-06-14,2022-06-20,Dtdc,861.7,In Transit,6,2022-06
Shp007656,Ord007656,2023-05-16,2023-05-21,Delhivery,695.71,In Transit,5,2023-05
Shp007657,Ord007657,2024-03-21,2024-03-24,Ekart,699.58,Delayed,3,2024-03
Shp007658,Ord007658,2022-04-21,2022-04-22,Indiapost,513.53,In Transit,1,2022-04
Shp007659,Ord007659,2022-05-09,2022-05-14,Bluedart,723.53,In Transit,5,2022-05
Shp007660,Ord007660,2023-09-08,2023-09-11,Dtdc,825.86,Lost,3,2023-09
Shp007661,Ord007661,2023-07-27,2023-07-30,Ekart,308.27,Delivered,3,2023-07
Shp007663,Ord007663,2022-10-18,2022-10-21,Fedex,800.2,Delivered,3,2022-10
Shp007664,Ord007664,2023-10-03,2023-10-13,Indiapost,272.6,Lost,10,2023-10
Shp007665,Ord007665,2024-07-27,2024-08-06,Dtdc,248.01,Returned To Origin,10,2024-07
Shp007667,Ord007667,2023-09-10,2023-09-16,Bluedart,363.1,Returned To Origin,6,2023-09
Shp007668,Ord007668,2024-09-10,2024-09-13,Delhivery,195.24,Delayed,3,2024-09
Shp007669,Ord007669,2022-01-14,2022-01-21,Bluedart,663.99,Lost,7,2022-01
Shp007671,Ord007671,2024-09-03,2024-09-06,Ekart,641.21,In Transit,3,2024-09
Shp007672,Ord007672,2023-07-06,2023-07-10,Bluedart,621.28,In Transit,4,2023-07
Shp007673,Ord007673,2022-02-16,2022-02-23,Delhivery,155.06,Lost,7,2022-02
Shp007675,Ord007675,2024-08-15,2024-08-22,Ekart,199.16,Returned To Origin,7,2024-08
Shp007676,Ord007676,2022-07-15,2022-07-18,Bluedart,771.13,Lost,3,2022-07
Shp007677,Ord007677,2023-07-19,2023-07-20,Xpressbees,551.91,Lost,1,2023-07
Shp007678,Ord007678,2024-08-04,2024-08-10,Bluedart,415.23,Returned To Origin,6,2024-08
Shp007681,Ord007681,2024-09-23,2024-10-01,Delhivery,751.52,Returned To Origin,8,2024-09
Shp007682,Ord007682,2022-02-15,2022-02-19,Dtdc,35.31,Returned To Origin,4,2022-02
Shp007683,Ord007683,2023-09-20,2023-09-28,Fedex,298.92,Delayed,8,2023-09
Shp007685,Ord007685,2023-03-21,2023-04-05,Xpressbees,821.6,Lost,15,2023-03
Shp007686,Ord007686,2024-08-27,2024-09-06,Xpressbees,719.89,Lost,10,2024-08
Shp007687,Ord007687,2023-10-18,2023-11-02,Ekart,751.87,In Transit,15,2023-10
Shp007689,Ord007689,2023-08-17,2023-08-27,Xpressbees,569.93,Delivered,10,2023-08
Shp007691,Ord007691,2023-05-16,2023-05-24,Dtdc,94.56,Delayed,8,2023-05
Shp007692,Ord007692,2023-09-12,2023-09-27,Bluedart,813.34,Delayed,15,2023-09
Shp007693,Ord007693,2022-04-23,2022-05-01,Xpressbees,614.72,Delivered,8,2022-04
Shp007694,Ord007694,2023-11-16,2023-11-19,Delhivery,161.32,Lost,3,2023-11
Shp007695,Ord007695,2022-04-05,2022-04-10,Xpressbees,529.01,Delivered,5,2022-04
Shp007696,Ord007696,2023-07-09,2023-07-15,Ekart,450.14,Delivered,6,2023-07
Shp007697,Ord007697,2023-10-19,2023-10-23,Bluedart,764.15,In Transit,4,2023-10
Shp007698,Ord007698,2023-08-15,2023-08-25,Ekart,678.19,Returned To Origin,10,2023-08
Shp007699,Ord007699,2023-05-27,2023-05-30,Ekart,388.15,Lost,3,2023-05
Shp007701,Ord007701,2023-04-04,2023-04-11,Delhivery,445.93,Lost,7,2023-04
Shp007702,Ord007702,2022-06-27,2022-07-05,Delhivery,66.63,Lost,8,2022-06
Shp007703,Ord007703,2024-08-26,2024-09-01,Xpressbees,846.65,Lost,6,2024-08
Shp007704,Ord007704,2023-02-17,2023-02-23,Xpressbees,149.7,Lost,6,2023-02
Shp007705,Ord007705,2025-01-01,2025-01-03,Xpressbees,825.38,In Transit,2,2025-01
Shp007706,Ord007706,2022-09-04,2022-09-10,Fedex,529.97,In Transit,6,2022-09
Shp007707,Ord007707,2022-01-26,2022-02-02,Dtdc,151.55,Returned To Origin,7,2022-01
Shp007708,Ord007708,2022-09-15,2022-09-18,Indiapost,784.18,Returned To Origin,3,2022-09
Shp007709,Ord007709,2023-08-24,2023-09-08,Indiapost,657.48,Delayed,15,2023-08
Shp007710,Ord007710,2022-11-07,2022-11-17,Bluedart,75.33,Returned To Origin,10,2022-11
Shp007711,Ord007711,2024-08-29,2024-08-30,Bluedart,594.8,Delivered,1,2024-08
Shp007712,Ord007712,2023-09-18,2023-09-25,Ekart,387.65,Lost,7,2023-09
Shp007714,Ord007714,2024-07-13,2024-07-21,Ekart,690.77,Delivered,8,2024-07
Shp007717,Ord007717,2023-08-21,2023-08-22,Fedex,784.16,Delivered,1,2023-08
Shp007718,Ord007718,2023-02-27,2023-03-07,Ekart,131.67,Returned To Origin,8,2023-02
Shp007719,Ord007719,2024-05-02,2024-05-03,Delhivery,205.52,In Transit,1,2024-05
Shp007720,Ord007720,2023-09-25,2023-09-26,Ekart,,Returned To Origin,1,2023-09
Shp007721,Ord007721,2023-09-06,2023-09-11,Dtdc,485.38,Delayed,5,2023-09
Shp007722,Ord007722,2024-02-26,2024-02-28,Xpressbees,96.33,In Transit,2,2024-02
Shp007723,Ord007723,2022-11-27,2022-11-30,Ekart,509.61,Delivered,3,2022-11
Shp007724,Ord007724,2022-11-17,2022-11-23,Dtdc,188.68,Lost,6,2022-11
Shp007725,Ord007725,2023-05-11,2023-05-12,Bluedart,599.99,In Transit,1,2023-05
Shp007726,Ord007726,2024-02-13,2024-02-16,Dtdc,320.53,Lost,3,2024-02
Shp007727,Ord007727,2022-07-02,2022-07-12,Indiapost,723.23,Returned To Origin,10,2022-07
Shp007728,Ord007728,2024-05-29,2024-06-06,Xpressbees,633.24,Delivered,8,2024-05
Shp007730,Ord007730,2024-03-31,2024-04-01,Ekart,351.97,In Transit,1,2024-03
Shp007731,Ord007731,2022-10-13,2022-10-21,Dtdc,195.85,Delayed,8,2022-10
Shp007733,Ord007733,2022-03-20,2022-03-23,Xpressbees,240.03,In Transit,3,2022-03
Shp007734,Ord007734,2024-09-27,2024-10-04,Ekart,,In Transit,7,2024-09
Shp007735,Ord007735,2024-05-07,2024-05-08,Fedex,775.46,Delivered,1,2024-05
Shp007738,Ord007738,2024-10-15,2024-10-19,Fedex,54.72,Returned To Origin,4,2024-10
Shp007739,Ord007739,2024-12-28,2025-01-12,Dtdc,157.16,Delayed,15,2024-12
Shp007741,Ord007741,2024-04-13,2024-04-15,Fedex,211.47,In Transit,2,2024-04
Shp007742,Ord007742,2024-04-25,2024-05-05,Fedex,539.49,In Transit,10,2024-04
Shp007743,Ord007743,2022-10-01,2022-10-05,Bluedart,494.02,Delivered,4,2022-10
Shp007744,Ord007744,2023-07-30,2023-08-05,Indiapost,391.27,Delivered,6,2023-07
Shp007745,Ord007745,2023-06-22,2023-07-02,Fedex,438.57,Returned To Origin,10,2023-06
Shp007747,Ord007747,2023-06-30,2023-07-03,Indiapost,325.17,Lost,3,2023-06
Shp007750,Ord007750,2023-07-09,2023-07-19,Ekart,471.27,In Transit,10,2023-07
Shp007752,Ord007752,2022-09-06,2022-09-12,Delhivery,765.71,Delayed,6,2022-09
Shp007753,Ord007753,2024-09-01,2024-09-03,Ekart,332.31,In Transit,2,2024-09
Shp007754,Ord007754,2022-03-25,2022-03-28,Bluedart,231.53,In Transit,3,2022-03
Shp007756,Ord007756,2023-04-21,2023-04-23,Fedex,350.37,Delayed,2,2023-04
Shp007757,Ord007757,2024-04-14,2024-04-29,Bluedart,348.33,Returned To Origin,15,2024-04
Shp007758,Ord007758,2024-08-02,2024-08-07,Bluedart,231.07,In Transit,5,2024-08
Shp007759,Ord007759,2022-01-04,2022-01-07,Bluedart,215.35,Lost,3,2022-01
Shp007760,Ord007760,2022-04-14,2022-04-20,Fedex,459.68,In Transit,6,2022-04
Shp007761,Ord007761,2022-03-09,2022-03-13,Delhivery,772.31,Delayed,4,2022-03
Shp007762,Ord007762,2024-06-15,2024-06-20,Dtdc,704.06,Lost,5,2024-06
Shp007763,Ord007763,2024-03-06,2024-03-12,Dtdc,245.83,Returned To Origin,6,2024-03
Shp007765,Ord007765,2024-06-08,2024-06-09,Dtdc,206.42,Delivered,1,2024-06
Shp007768,Ord007768,2022-02-02,2022-02-05,Indiapost,796.59,Lost,3,2022-02
Shp007769,Ord007769,2023-06-27,2023-07-04,Fedex,864.74,Returned To Origin,7,2023-06
Shp007772,Ord007772,2022-01-08,2022-01-11,Dtdc,757.12,Delivered,3,2022-01
Shp007773,Ord007773,2023-12-27,2023-12-28,Dtdc,294.74,Delivered,1,2023-12
Shp007775,Ord007775,2022-09-11,2022-09-21,Xpressbees,322.53,In Transit,10,2022-09
Shp007776,Ord007776,2023-06-15,2023-06-18,Fedex,610.27,Delayed,3,2023-06
Shp007777,Ord007777,2022-10-23,2022-10-29,Xpressbees,569.44,Delayed,6,2022-10
Shp007778,Ord007778,2022-09-18,2022-09-23,Indiapost,124.48,Delayed,5,2022-09
Shp007780,Ord007780,2024-10-06,2024-10-09,Bluedart,642.99,Delivered,3,2024-10
Shp007781,Ord007781,2024-12-10,2024-12-20,Fedex,771.67,Delayed,10,2024-12
Shp007783,Ord007783,2022-05-19,2022-05-22,Dtdc,579.54,Lost,3,2022-05
Shp007784,Ord007784,2022-12-06,2022-12-10,Ekart,448.47,In Transit,4,2022-12
Shp007787,Ord007787,2022-01-17,2022-01-27,Dtdc,560.15,Delivered,10,2022-01
Shp007789,Ord007789,2023-03-14,2023-03-17,Bluedart,854.34,In Transit,3,2023-03
Shp007791,Ord007791,2024-05-18,2024-06-02,Delhivery,634.36,In Transit,15,2024-05
Shp007792,Ord007792,2024-09-14,2024-09-24,Bluedart,520.69,In Transit,10,2024-09
Shp007793,Ord007793,2022-06-13,2022-06-20,Bluedart,30.67,Delivered,7,2022-06
Shp007794,Ord007794,2023-08-19,2023-08-25,Xpressbees,412.39,Returned To Origin,6,2023-08
Shp007795,Ord007795,2023-12-10,2023-12-13,Dtdc,320.96,Delivered,3,2023-12
Shp007796,Ord007796,2023-08-26,2023-09-01,Delhivery,357.23,Delivered,6,2023-08
Shp007797,Ord007797,2023-12-25,2023-12-26,Delhivery,233.14,Delivered,1,2023-12
Shp007798,Ord007798,2022-06-25,2022-06-28,Bluedart,416.85,Lost,3,2022-06
Shp007799,Ord007799,2022-08-10,2022-08-15,Delhivery,289.47,In Transit,5,2022-08
Shp007800,Ord007800,2023-07-03,2023-07-18,Indiapost,729.06,In Transit,15,2023-07
Shp007802,Ord007802,2023-06-23,2023-06-25,Indiapost,590.18,Delivered,2,2023-06
Shp007803,Ord007803,2023-01-19,2023-01-23,Indiapost,617.9,Lost,4,2023-01
Shp007804,Ord007804,2023-01-27,2023-01-30,Fedex,723.19,Returned To Origin,3,2023-01
Shp007805,Ord007805,2023-07-24,2023-07-31,Bluedart,605.39,Lost,7,2023-07
Shp007807,Ord007807,2022-06-29,2022-07-03,Delhivery,137.21,In Transit,4,2022-06
Shp007808,Ord007808,2023-03-28,2023-03-31,Dtdc,689.03,Delivered,3,2023-03
Shp007809,Ord007809,2023-12-14,2023-12-22,Xpressbees,550.5,Delivered,8,2023-12
Shp007811,Ord007811,2024-02-04,2024-02-09,Fedex,388.56,In Transit,5,2024-02
Shp007812,Ord007812,2024-12-28,2025-01-01,Delhivery,343.18,In Transit,4,2024-12
Shp007813,Ord007813,2023-06-11,2023-06-12,Indiapost,629.71,Delivered,1,2023-06
Shp007814,Ord007814,2022-07-07,2022-07-13,Bluedart,526.93,In Transit,6,2022-07
Shp007815,Ord007815,2022-03-17,2022-03-20,Fedex,39.37,Delivered,3,2022-03
Shp007816,Ord007816,2023-12-26,2023-12-30,Ekart,308.31,Returned To Origin,4,2023-12
Shp007817,Ord007817,2022-12-04,2022-12-14,Fedex,537.82,In Transit,10,2022-12
Shp007818,Ord007818,2024-04-07,2024-04-09,Bluedart,567.9,In Transit,2,2024-04
Shp007819,Ord007819,2022-05-04,2022-05-06,Fedex,827.88,Lost,2,2022-05
Shp007820,Ord007820,2022-09-24,2022-09-28,Ekart,618.42,Returned To Origin,4,2022-09
Shp007821,Ord007821,2022-08-17,2022-09-01,Delhivery,719.42,In Transit,15,2022-08
Shp007822,Ord007822,2023-09-03,2023-09-18,Xpressbees,514.98,Lost,15,2023-09
Shp007824,Ord007824,2023-04-19,2023-04-29,Indiapost,120.26,Delayed,10,2023-04
Shp007825,Ord007825,2024-06-01,2024-06-08,Xpressbees,730.51,Delivered,7,2024-06
Shp007826,Ord007826,2024-03-14,2024-03-21,Bluedart,190.41,In Transit,7,2024-03
Shp007827,Ord007827,2023-02-18,2023-02-21,Dtdc,610.39,Lost,3,2023-02
Shp007828,Ord007828,2023-05-31,2023-06-05,Bluedart,338.39,Delivered,5,2023-05
Shp007829,Ord007829,2022-04-15,2022-04-30,Indiapost,434.4,Returned To Origin,15,2022-04
Shp007831,Ord007831,2024-08-06,2024-08-21,Indiapost,320.05,In Transit,15,2024-08
Shp007832,Ord007832,2022-10-06,2022-10-11,Xpressbees,365.68,Delayed,5,2022-10
Shp007833,Ord007833,2024-06-14,2024-06-29,Ekart,720.69,Delivered,15,2024-06
Shp007835,Ord007835,2022-03-12,2022-03-22,Indiapost,524.5,Delivered,10,2022-03
Shp007836,Ord007836,2022-10-20,2022-10-27,Fedex,219.48,In Transit,7,2022-10
Shp007837,Ord007837,2022-08-03,2022-08-13,Ekart,653.05,Delayed,10,2022-08
Shp007838,Ord007838,2024-10-31,2024-11-06,Indiapost,396.65,Delivered,6,2024-10
Shp007839,Ord007839,2022-10-28,2022-11-02,Fedex,238.9,Delayed,5,2022-10
Shp007840,Ord007840,2022-04-22,2022-04-26,Ekart,364.25,Lost,4,2022-04
Shp007841,Ord007841,2023-10-25,2023-10-27,Bluedart,816.58,Lost,2,2023-10
Shp007843,Ord007843,2024-01-02,2024-01-09,Xpressbees,223.77,In Transit,7,2024-01
Shp007844,Ord007844,2022-10-04,2022-10-08,Bluedart,404.09,Returned To Origin,4,2022-10
Shp007845,Ord007845,2024-03-19,2024-03-20,Bluedart,795.61,Delivered,1,2024-03
Shp007846,Ord007846,2024-04-11,2024-04-18,Delhivery,,Delivered,7,2024-04
Shp007847,Ord007847,2024-11-24,2024-12-02,Bluedart,407.1,Lost,8,2024-11
Shp007848,Ord007848,2023-01-21,2023-01-22,Fedex,333.52,In Transit,1,2023-01
Shp007849,Ord007849,2022-05-28,2022-06-03,Indiapost,111.28,Lost,6,2022-05
Shp007850,Ord007850,2022-08-31,2022-09-03,Bluedart,37.02,Delivered,3,2022-08
Shp007852,Ord007852,2024-04-18,2024-04-20,Indiapost,171.25,Delayed,2,2024-04
Shp007853,Ord007853,2023-07-29,2023-08-13,Indiapost,126.55,Returned To Origin,15,2023-07
Shp007854,Ord007854,2024-07-10,2024-07-17,Delhivery,58.37,Delivered,7,2024-07
Shp007855,Ord007855,2022-01-04,2022-01-05,Dtdc,557.14,Delivered,1,2022-01
Shp007856,Ord007856,2024-11-22,2024-12-02,Xpressbees,84.96,Returned To Origin,10,2024-11
Shp007857,Ord007857,2023-09-13,2023-09-16,Fedex,716.24,In Transit,3,2023-09
Shp007858,Ord007858,2022-08-24,2022-08-30,Dtdc,290.73,Lost,6,2022-08
Shp007860,Ord007860,2022-08-09,2022-08-17,Fedex,150.49,Lost,8,2022-08
Shp007861,Ord007861,2023-04-12,2023-04-14,Delhivery,478.28,In Transit,2,2023-04
Shp007862,Ord007862,2022-07-22,2022-07-29,Xpressbees,705.45,Returned To Origin,7,2022-07
Shp007863,Ord007863,2024-04-17,2024-04-20,Bluedart,239.26,Returned To Origin,3,2024-04
Shp007864,Ord007864,2024-01-04,2024-01-19,Indiapost,,Delayed,15,2024-01
Shp007865,Ord007865,2022-12-30,2023-01-06,Ekart,634.32,Delayed,7,2022-12
Shp007867,Ord007867,2022-05-25,2022-05-26,Xpressbees,864.1,Lost,1,2022-05
Shp007868,Ord007868,2024-12-09,2024-12-15,Ekart,30.86,Delivered,6,2024-12
Shp007869,Ord007869,2024-04-16,2024-04-22,Bluedart,580.19,Delayed,6,2024-04
Shp007870,Ord007870,2023-02-27,2023-03-03,Dtdc,735.21,Lost,4,2023-02
Shp007871,Ord007871,2023-03-03,2023-03-09,Delhivery,96.27,Lost,6,2023-03
Shp007872,Ord007872,2023-09-09,2023-09-10,Fedex,869.95,In Transit,1,2023-09
Shp007874,Ord007874,2022-02-14,2022-02-17,Xpressbees,163.93,Lost,3,2022-02
Shp007875,Ord007875,2022-08-17,2022-08-25,Dtdc,443.42,In Transit,8,2022-08
Shp007876,Ord007876,2022-12-31,2023-01-04,Indiapost,391.62,Delayed,4,2022-12
Shp007877,Ord007877,2023-07-02,2023-07-06,Indiapost,760.75,Delayed,4,2023-07
Shp007879,Ord007879,2024-10-21,2024-10-28,Delhivery,262.39,Lost,7,2024-10
Shp007880,Ord007880,2024-03-18,2024-04-02,Bluedart,,Returned To Origin,15,2024-03
Shp007881,Ord007881,2023-11-09,2023-11-19,Delhivery,575.88,Delivered,10,2023-11
Shp007882,Ord007882,2022-05-23,2022-05-26,Xpressbees,681.95,In Transit,3,2022-05
Shp007883,Ord007883,2023-09-04,2023-09-09,Ekart,728.86,Lost,5,2023-09
Shp007884,Ord007884,2024-05-17,2024-05-22,Fedex,468.2,Returned To Origin,5,2024-05
Shp007885,Ord007885,2022-04-14,2022-04-18,Dtdc,346.37,Returned To Origin,4,2022-04
Shp007886,Ord007886,2024-03-20,2024-03-27,Xpressbees,441.42,Returned To Origin,7,2024-03
Shp007887,Ord007887,2024-12-14,2024-12-19,Fedex,240.43,In Transit,5,2024-12
Shp007888,Ord007888,2024-12-05,2024-12-08,Bluedart,841.84,In Transit,3,2024-12
Shp007889,Ord007889,2024-03-01,2024-03-04,Delhivery,833.47,Returned To Origin,3,2024-03
Shp007890,Ord007890,2022-09-01,2022-09-08,Fedex,421.39,In Transit,7,2022-09
Shp007891,Ord007891,2023-12-02,2023-12-06,Ekart,554.43,Delivered,4,2023-12
Shp007892,Ord007892,2022-02-05,2022-02-08,Dtdc,37.93,Delivered,3,2022-02
Shp007893,Ord007893,2022-05-09,2022-05-10,Xpressbees,823.57,In Transit,1,2022-05
Shp007894,Ord007894,2024-10-18,2024-10-22,Delhivery,96.86,Delivered,4,2024-10
Shp007895,Ord007895,2023-02-25,2023-03-04,Dtdc,89.43,Delayed,7,2023-02
Shp007896,Ord007896,2022-06-07,2022-06-11,Indiapost,645.65,Lost,4,2022-06
Shp007897,Ord007897,2022-05-03,2022-05-09,Bluedart,765.72,Delayed,6,2022-05
Shp007898,Ord007898,2023-05-21,2023-06-05,Indiapost,697.91,Lost,15,2023-05
Shp007900,Ord007900,2022-08-23,2022-08-26,Delhivery,80.48,Returned To Origin,3,2022-08
Shp007901,Ord007901,2022-09-28,2022-10-02,Delhivery,757.32,Lost,4,2022-09
Shp007902,Ord007902,2022-08-16,2022-08-17,Dtdc,337.77,Lost,1,2022-08
Shp007903,Ord007903,2023-05-22,2023-05-28,Delhivery,105.61,Delayed,6,2023-05
Shp007906,Ord007906,2024-05-11,2024-05-13,Indiapost,711.86,Delayed,2,2024-05
Shp007907,Ord007907,2022-03-04,2022-03-08,Bluedart,259.53,Lost,4,2022-03
Shp007908,Ord007908,2024-07-05,2024-07-08,Delhivery,350.59,Delivered,3,2024-07
Shp007910,Ord007910,2023-08-27,2023-09-04,Delhivery,222.86,Delayed,8,2023-08
Shp007912,Ord007912,2023-07-07,2023-07-13,Fedex,176.06,Delayed,6,2023-07
Shp007913,Ord007913,2023-09-11,2023-09-12,Dtdc,85.36,Returned To Origin,1,2023-09
Shp007914,Ord007914,2023-06-14,2023-06-18,Indiapost,55.72,Lost,4,2023-06
Shp007915,Ord007915,2022-09-02,2022-09-05,Ekart,746.56,In Transit,3,2022-09
Shp007917,Ord007917,2023-11-06,2023-11-09,Fedex,465.46,In Transit,3,2023-11
Shp007918,Ord007918,2022-03-05,2022-03-06,Fedex,787.64,In Transit,1,2022-03
Shp007919,Ord007919,2024-07-01,2024-07-11,Bluedart,774.42,In Transit,10,2024-07
Shp007921,Ord007921,2023-09-22,2023-09-24,Fedex,832.11,In Transit,2,2023-09
Shp007922,Ord007922,2022-10-15,2022-10-22,Xpressbees,419.74,Delivered,7,2022-10
Shp007923,Ord007923,2024-06-23,2024-07-03,Bluedart,559.26,In Transit,10,2024-06
Shp007924,Ord007924,2024-10-10,2024-10-14,Ekart,181.89,Delayed,4,2024-10
Shp007926,Ord007926,2022-12-14,2022-12-22,Xpressbees,845.49,Delayed,8,2022-12
Shp007928,Ord007928,2023-11-29,2023-12-05,Ekart,362.69,Returned To Origin,6,2023-11
Shp007929,Ord007929,2023-05-09,2023-05-10,Ekart,104.79,Delivered,1,2023-05
Shp007930,Ord007930,2022-09-22,2022-09-29,Fedex,332.37,Returned To Origin,7,2022-09
Shp007931,Ord007931,2022-04-15,2022-04-23,Indiapost,409.04,In Transit,8,2022-04
Shp007933,Ord007933,2023-02-22,2023-02-25,Delhivery,624.34,In Transit,3,2023-02
Shp007934,Ord007934,2022-06-20,2022-06-27,Ekart,866.79,Delayed,7,2022-06
Shp007935,Ord007935,2024-09-24,2024-09-27,Xpressbees,556.06,Lost,3,2024-09
Shp007936,Ord007936,2022-01-05,2022-01-08,Delhivery,411.27,Delivered,3,2022-01
Shp007937,Ord007937,2022-09-14,2022-09-17,Bluedart,230.57,In Transit,3,2022-09
Shp007938,Ord007938,2022-09-24,2022-09-27,Fedex,464.96,Delivered,3,2022-09
Shp007939,Ord007939,2022-01-08,2022-01-13,Indiapost,421.14,Delivered,5,2022-01
Shp007940,Ord007940,2022-03-12,2022-03-13,Xpressbees,316.56,Lost,1,2022-03
Shp007941,Ord007941,2024-08-20,2024-08-25,Bluedart,338.12,In Transit,5,2024-08
Shp007942,Ord007942,2023-02-27,2023-03-04,Dtdc,660.57,In Transit,5,2023-02
Shp007944,Ord007944,2023-09-14,2023-09-24,Ekart,109.41,In Transit,10,2023-09
Shp007945,Ord007945,2024-11-14,2024-11-18,Delhivery,134.54,Lost,4,2024-11
Shp007946,Ord007946,2022-07-27,2022-08-11,Delhivery,84.71,Returned To Origin,15,2022-07
Shp007947,Ord007947,2023-03-21,2023-03-27,Bluedart,175.41,Delayed,6,2023-03
Shp007948,Ord007948,2023-10-16,2023-10-24,Dtdc,785.13,Delivered,8,2023-10
Shp007949,Ord007949,2023-05-16,2023-05-19,Dtdc,507.29,Delayed,3,2023-05
Shp007950,Ord007950,2024-10-18,2024-10-20,Indiapost,522.06,Returned To Origin,2,2024-10
Shp007951,Ord007951,2022-04-18,2022-04-28,Ekart,277.01,Delayed,10,2022-04
Shp007953,Ord007953,2024-01-24,2024-01-27,Delhivery,346.45,Returned To Origin,3,2024-01
Shp007955,Ord007955,2023-10-31,2023-11-07,Bluedart,,Lost,7,2023-10
Shp007956,Ord007956,2024-09-22,2024-09-26,Indiapost,747.97,Delayed,4,2024-09
Shp007957,Ord007957,2022-03-30,2022-04-03,Xpressbees,585.0,Delivered,4,2022-03
Shp007958,Ord007958,2022-04-07,2022-04-08,Delhivery,889.37,Delayed,1,2022-04
Shp007959,Ord007959,2024-01-11,2024-01-15,Bluedart,741.86,Delayed,4,2024-01
Shp007960,Ord007960,2022-07-12,2022-07-27,Fedex,223.48,Lost,15,2022-07
Shp007961,Ord007961,2024-04-16,2024-04-18,Bluedart,459.61,Lost,2,2024-04
Shp007962,Ord007962,2024-06-15,2024-06-22,Bluedart,239.65,Delivered,7,2024-06
Shp007963,Ord007963,2023-11-10,2023-11-14,Indiapost,53.59,Lost,4,2023-11
Shp007964,Ord007964,2023-02-04,2023-02-05,Fedex,138.76,Lost,1,2023-02
Shp007965,Ord007965,2022-01-24,2022-01-28,Ekart,,Delayed,4,2022-01
Shp007966,Ord007966,2024-09-15,2024-09-23,Delhivery,317.59,Delayed,8,2024-09
Shp007967,Ord007967,2023-12-13,2023-12-17,Indiapost,190.57,Lost,4,2023-12
Shp007968,Ord007968,2024-04-20,2024-04-25,Fedex,462.74,Returned To Origin,5,2024-04
Shp007969,Ord007969,2023-06-15,2023-06-30,Dtdc,752.31,In Transit,15,2023-06
Shp007970,Ord007970,2023-12-17,2023-12-23,Dtdc,717.53,Delayed,6,2023-12
Shp007971,Ord007971,2024-06-09,2024-06-13,Bluedart,772.49,Lost,4,2024-06
Shp007972,Ord007972,2024-07-06,2024-07-07,Bluedart,559.94,Lost,1,2024-07
Shp007973,Ord007973,2022-12-06,2022-12-12,Bluedart,259.07,Delivered,6,2022-12
Shp007974,Ord007974,2023-11-08,2023-11-15,Fedex,600.71,Returned To Origin,7,2023-11
Shp007976,Ord007976,2024-04-14,2024-04-20,Dtdc,400.72,Delayed,6,2024-04
Shp007977,Ord007977,2022-08-22,2022-08-30,Delhivery,768.68,Returned To Origin,8,2022-08
Shp007978,Ord007978,2023-03-03,2023-03-06,Xpressbees,833.98,Lost,3,2023-03
Shp007979,Ord007979,2024-11-29,2024-11-30,Xpressbees,830.39,In Transit,1,2024-11
Shp007980,Ord007980,2022-11-07,2022-11-12,Bluedart,310.66,In Transit,5,2022-11
Shp007982,Ord007982,2024-05-14,2024-05-15,Indiapost,641.26,Returned To Origin,1,2024-05
Shp007983,Ord007983,2024-11-18,2024-11-28,Delhivery,84.64,Delayed,10,2024-11
Shp007984,Ord007984,2024-04-16,2024-04-23,Delhivery,532.39,In Transit,7,2024-04
Shp007985,Ord007985,2022-06-28,2022-07-02,Ekart,274.86,Delivered,4,2022-06
Shp007986,Ord007986,2022-10-03,2022-10-18,Dtdc,603.83,In Transit,15,2022-10
Shp007987,Ord007987,2023-09-08,2023-09-11,Indiapost,346.11,Lost,3,2023-09
Shp007988,Ord007988,2023-01-19,2023-01-21,Xpressbees,203.27,Lost,2,2023-01
Shp007989,Ord007989,2022-06-27,2022-06-30,Indiapost,729.42,Returned To Origin,3,2022-06
Shp007991,Ord007991,2024-06-09,2024-06-14,Bluedart,828.82,Returned To Origin,5,2024-06
Shp007992,Ord007992,2023-08-06,2023-08-09,Dtdc,631.96,Delivered,3,2023-08
Shp007993,Ord007993,2022-02-11,2022-02-26,Indiapost,451.33,Lost,15,2022-02
Shp007994,Ord007994,2024-11-04,2024-11-06,Delhivery,349.58,Delayed,2,2024-11
Shp007995,Ord007995,2023-08-18,2023-08-25,Bluedart,574.93,Delivered,7,2023-08
Shp007997,Ord007997,2024-06-18,2024-06-21,Xpressbees,432.54,Delayed,3,2024-06
Shp007998,Ord007998,2024-07-04,2024-07-10,Delhivery,811.36,Returned To Origin,6,2024-07
Shp007999,Ord007999,2024-12-29,2024-12-30,Fedex,175.27,Returned To Origin,1,2024-12
Shp008001,Ord008001,2022-02-17,2022-03-04,Delhivery,815.75,Delayed,15,2022-02
Shp008002,Ord008002,2022-12-12,2022-12-13,Dtdc,236.56,Lost,1,2022-12
Shp008003,Ord008003,2022-02-26,2022-03-06,Delhivery,395.56,Delivered,8,2022-02
Shp008004,Ord008004,2024-09-14,2024-09-15,Indiapost,271.79,Returned To Origin,1,2024-09
Shp008005,Ord008005,2024-04-23,2024-04-30,Ekart,174.99,Delivered,7,2024-04
Shp008006,Ord008006,2023-02-21,2023-02-26,Ekart,554.61,In Transit,5,2023-02
Shp008007,Ord008007,2024-11-27,2024-11-30,Dtdc,226.36,Delivered,3,2024-11
Shp008008,Ord008008,2024-08-20,2024-08-25,Ekart,819.27,Delivered,5,2024-08
Shp008009,Ord008009,2024-05-15,2024-05-17,Fedex,700.05,Delayed,2,2024-05
Shp008010,Ord008010,2024-07-31,2024-08-15,Dtdc,887.06,Returned To Origin,15,2024-07
Shp008011,Ord008011,2023-01-23,2023-02-07,Dtdc,497.19,Lost,15,2023-01
Shp008012,Ord008012,2023-10-10,2023-10-12,Xpressbees,694.89,Delayed,2,2023-10
Shp008013,Ord008013,2024-11-29,2024-12-03,Ekart,820.1,In Transit,4,2024-11
Shp008014,Ord008014,2024-07-27,2024-08-01,Ekart,507.97,Delivered,5,2024-07
Shp008015,Ord008015,2023-04-26,2023-05-11,Dtdc,379.92,Lost,15,2023-04
Shp008016,Ord008016,2022-01-14,2022-01-29,Dtdc,850.13,In Transit,15,2022-01
Shp008017,Ord008017,2022-10-17,2022-10-19,Xpressbees,528.01,Delivered,2,2022-10
Shp008018,Ord008018,2024-06-12,2024-06-15,Dtdc,,In Transit,3,2024-06
Shp008019,Ord008019,2023-02-08,2023-02-13,Bluedart,787.14,Delayed,5,2023-02
Shp008021,Ord008021,2024-09-22,2024-09-27,Bluedart,658.53,Delayed,5,2024-09
Shp008022,Ord008022,2024-03-02,2024-03-10,Xpressbees,609.06,Delivered,8,2024-03
Shp008023,Ord008023,2023-12-19,2023-12-29,Fedex,70.48,In Transit,10,2023-12
Shp008024,Ord008024,2024-05-17,2024-05-20,Ekart,834.73,Returned To Origin,3,2024-05
Shp008025,Ord008025,2024-07-23,2024-07-28,Dtdc,376.66,Returned To Origin,5,2024-07
Shp008028,Ord008028,2024-12-29,2025-01-01,Delhivery,882.21,Lost,3,2024-12
Shp008029,Ord008029,2024-03-23,2024-03-29,Bluedart,432.8,Delayed,6,2024-03
Shp008031,Ord008031,2024-12-22,2024-12-25,Xpressbees,347.65,Returned To Origin,3,2024-12
Shp008032,Ord008032,2024-05-13,2024-05-18,Dtdc,575.82,In Transit,5,2024-05
Shp008033,Ord008033,2022-03-20,2022-03-28,Fedex,655.9,Delivered,8,2022-03
Shp008035,Ord008035,2023-12-10,2023-12-25,Delhivery,521.19,Delivered,15,2023-12
Shp008037,Ord008037,2022-11-30,2022-12-02,Bluedart,691.93,Returned To Origin,2,2022-11
Shp008039,Ord008039,2023-11-16,2023-11-21,Fedex,539.24,In Transit,5,2023-11
Shp008041,Ord008041,2022-10-27,2022-11-01,Xpressbees,203.99,Delayed,5,2022-10
Shp008042,Ord008042,2023-02-02,2023-02-05,Xpressbees,473.81,Delivered,3,2023-02
Shp008043,Ord008043,2024-02-01,2024-02-06,Indiapost,738.81,Delivered,5,2024-02
Shp008044,Ord008044,2024-12-04,2024-12-08,Ekart,683.54,Returned To Origin,4,2024-12
Shp008045,Ord008045,2023-10-30,2023-10-31,Dtdc,236.85,Delivered,1,2023-10
Shp008046,Ord008046,2023-08-07,2023-08-22,Indiapost,60.96,Returned To Origin,15,2023-08
Shp008047,Ord008047,2022-02-06,2022-02-21,Indiapost,796.24,Delivered,15,2022-02
Shp008048,Ord008048,2023-05-30,2023-06-02,Dtdc,892.98,Lost,3,2023-05
Shp008049,Ord008049,2023-10-20,2023-10-23,Ekart,572.0,Returned To Origin,3,2023-10
Shp008050,Ord008050,2023-07-28,2023-08-03,Xpressbees,342.89,Delivered,6,2023-07
Shp008051,Ord008051,2022-03-04,2022-03-11,Ekart,883.29,Lost,7,2022-03
Shp008052,Ord008052,2022-04-29,2022-04-30,Indiapost,390.49,In Transit,1,2022-04
Shp008053,Ord008053,2024-12-14,2024-12-24,Delhivery,508.3,Lost,10,2024-12
Shp008054,Ord008054,2022-04-15,2022-04-25,Delhivery,756.2,Returned To Origin,10,2022-04
Shp008055,Ord008055,2024-01-30,2024-02-09,Bluedart,619.48,Returned To Origin,10,2024-01
Shp008056,Ord008056,2024-06-19,2024-06-29,Bluedart,202.58,Returned To Origin,10,2024-06
Shp008057,Ord008057,2023-04-03,2023-04-04,Delhivery,812.05,Lost,1,2023-04
Shp008058,Ord008058,2023-01-16,2023-01-21,Ekart,31.22,Delivered,5,2023-01
Shp008059,Ord008059,2023-09-18,2023-09-22,Xpressbees,298.51,Delayed,4,2023-09
Shp008060,Ord008060,2023-09-29,2023-10-09,Ekart,823.68,In Transit,10,2023-09
Shp008062,Ord008062,2023-10-19,2023-11-03,Dtdc,345.98,Lost,15,2023-10
Shp008063,Ord008063,2022-06-18,2022-06-21,Bluedart,784.38,Lost,3,2022-06
Shp008065,Ord008065,2024-01-20,2024-01-22,Fedex,684.29,Delivered,2,2024-01
Shp008067,Ord008067,2023-05-09,2023-05-17,Bluedart,688.32,In Transit,8,2023-05
Shp008068,Ord008068,2023-04-05,2023-04-09,Fedex,197.96,In Transit,4,2023-04
Shp008069,Ord008069,2024-02-19,2024-02-22,Fedex,813.83,Delivered,3,2024-02
Shp008070,Ord008070,2022-01-26,2022-02-02,Dtdc,449.62,Delayed,7,2022-01
Shp008071,Ord008071,2024-04-26,2024-05-01,Delhivery,187.37,In Transit,5,2024-04
Shp008073,Ord008073,2023-12-30,2024-01-02,Xpressbees,341.16,In Transit,3,2023-12
Shp008075,Ord008075,2024-01-12,2024-01-16,Fedex,839.07,Delivered,4,2024-01
Shp008076,Ord008076,2023-10-20,2023-10-21,Indiapost,547.72,Lost,1,2023-10
Shp008077,Ord008077,2022-03-10,2022-03-13,Dtdc,88.8,In Transit,3,2022-03
Shp008078,Ord008078,2024-12-21,2024-12-27,Ekart,266.34,Delivered,6,2024-12
Shp008080,Ord008080,2023-08-30,2023-08-31,Xpressbees,90.19,Lost,1,2023-08
Shp008081,Ord008081,2023-01-04,2023-01-06,Bluedart,606.4,Returned To Origin,2,2023-01
Shp008082,Ord008082,2024-08-20,2024-08-27,Fedex,461.76,Delayed,7,2024-08
Shp008083,Ord008083,2023-01-02,2023-01-07,Dtdc,610.52,Returned To Origin,5,2023-01
Shp008084,Ord008084,2022-04-15,2022-04-25,Ekart,201.95,Delivered,10,2022-04
Shp008086,Ord008086,2023-07-23,2023-07-28,Indiapost,237.84,Delivered,5,2023-07
Shp008088,Ord008088,2022-10-31,2022-11-04,Delhivery,855.92,Delayed,4,2022-10
Shp008089,Ord008089,2024-08-15,2024-08-18,Fedex,132.26,Returned To Origin,3,2024-08
Shp008091,Ord008091,2022-06-04,2022-06-19,Delhivery,802.01,Lost,15,2022-06
Shp008092,Ord008092,2022-07-10,2022-07-17,Ekart,329.54,Delivered,7,2022-07
Shp008093,Ord008093,2024-02-20,2024-02-27,Bluedart,527.68,Lost,7,2024-02
Shp008095,Ord008095,2023-06-29,2023-07-07,Bluedart,753.17,In Transit,8,2023-06
Shp008096,Ord008096,2024-12-08,2024-12-11,Delhivery,513.3,Delayed,3,2024-12
Shp008097,Ord008097,2023-03-20,2023-03-23,Bluedart,609.1,Delivered,3,2023-03
Shp008101,Ord008101,2022-02-17,2022-02-18,Bluedart,843.49,Delayed,1,2022-02
Shp008102,Ord008102,2022-01-09,2022-01-12,Xpressbees,710.75,In Transit,3,2022-01
Shp008104,Ord008104,2022-11-17,2022-11-20,Dtdc,556.43,Returned To Origin,3,2022-11
Shp008105,Ord008105,2024-04-11,2024-04-18,Bluedart,722.77,Delayed,7,2024-04
Shp008106,Ord008106,2023-11-17,2023-11-25,Indiapost,757.38,Lost,8,2023-11
Shp008108,Ord008108,2023-05-05,2023-05-08,Delhivery,453.46,Delivered,3,2023-05
Shp008109,Ord008109,2023-04-27,2023-05-07,Dtdc,444.97,Delayed,10,2023-04
Shp008110,Ord008110,2024-02-13,2024-02-17,Dtdc,859.99,Delivered,4,2024-02
Shp008111,Ord008111,2022-03-15,2022-03-21,Indiapost,248.32,Lost,6,2022-03
Shp008113,Ord008113,2022-05-19,2022-05-21,Bluedart,419.16,In Transit,2,2022-05
Shp008114,Ord008114,2023-04-19,2023-04-25,Delhivery,771.95,Delayed,6,2023-04
Shp008115,Ord008115,2022-03-23,2022-03-27,Dtdc,582.17,Returned To Origin,4,2022-03
Shp008116,Ord008116,2024-10-06,2024-10-07,Ekart,192.8,Delayed,1,2024-10
Shp008117,Ord008117,2023-05-27,2023-06-02,Indiapost,611.38,Delayed,6,2023-05
Shp008118,Ord008118,2023-08-17,2023-08-21,Xpressbees,754.56,Lost,4,2023-08
Shp008119,Ord008119,2024-11-11,2024-11-19,Dtdc,189.89,Returned To Origin,8,2024-11
Shp008121,Ord008121,2023-01-17,2023-01-20,Indiapost,604.83,Delayed,3,2023-01
Shp008122,Ord008122,2022-11-20,2022-12-05,Fedex,546.61,Returned To Origin,15,2022-11
Shp008123,Ord008123,2023-06-22,2023-06-25,Fedex,149.86,Returned To Origin,3,2023-06
Shp008125,Ord008125,2024-08-15,2024-08-18,Indiapost,784.09,In Transit,3,2024-08
Shp008126,Ord008126,2022-10-24,2022-10-28,Delhivery,500.83,Delayed,4,2022-10
Shp008128,Ord008128,2022-03-22,2022-03-23,Fedex,150.1,Delayed,1,2022-03
Shp008131,Ord008131,2022-07-25,2022-07-26,Ekart,749.8,In Transit,1,2022-07
Shp008132,Ord008132,2024-11-19,2024-12-04,Ekart,411.89,Delayed,15,2024-11
Shp008134,Ord008134,2022-05-12,2022-05-17,Indiapost,190.12,Delivered,5,2022-05
Shp008135,Ord008135,2024-10-16,2024-10-21,Bluedart,330.85,Returned To Origin,5,2024-10
Shp008136,Ord008136,2024-04-26,2024-05-11,Xpressbees,550.14,Lost,15,2024-04
Shp008137,Ord008137,2023-02-11,2023-02-21,Xpressbees,791.22,Delayed,10,2023-02
Shp008138,Ord008138,2022-01-23,2022-01-25,Delhivery,750.77,Delivered,2,2022-01
Shp008139,Ord008139,2023-08-02,2023-08-17,Indiapost,695.74,Returned To Origin,15,2023-08
Shp008140,Ord008140,2023-02-08,2023-02-13,Delhivery,63.44,Delivered,5,2023-02
Shp008141,Ord008141,2022-11-20,2022-11-27,Bluedart,138.07,Delayed,7,2022-11
Shp008142,Ord008142,2024-05-31,2024-06-02,Ekart,128.54,In Transit,2,2024-05
Shp008143,Ord008143,2024-04-02,2024-04-12,Delhivery,723.67,In Transit,10,2024-04
Shp008147,Ord008147,2024-05-29,2024-06-13,Fedex,344.56,Delayed,15,2024-05
Shp008148,Ord008148,2024-01-20,2024-01-27,Dtdc,558.48,In Transit,7,2024-01
Shp008149,Ord008149,2023-11-30,2023-12-10,Delhivery,773.57,Lost,10,2023-11
Shp008150,Ord008150,2023-05-26,2023-05-30,Fedex,699.72,Returned To Origin,4,2023-05
Shp008153,Ord008153,2024-12-16,2024-12-24,Indiapost,284.7,Delivered,8,2024-12
Shp008154,Ord008154,2024-08-19,2024-08-23,Xpressbees,599.63,In Transit,4,2024-08
Shp008155,Ord008155,2022-05-17,2022-05-18,Delhivery,236.32,Lost,1,2022-05
Shp008156,Ord008156,2023-01-08,2023-01-16,Bluedart,47.57,Returned To Origin,8,2023-01
Shp008160,Ord008160,2022-05-18,2022-05-26,Ekart,444.91,Delivered,8,2022-05
Shp008161,Ord008161,2023-11-22,2023-11-24,Ekart,545.34,Returned To Origin,2,2023-11
Shp008162,Ord008162,2023-11-29,2023-12-03,Fedex,221.69,In Transit,4,2023-11
Shp008163,Ord008163,2022-02-03,2022-02-18,Xpressbees,568.79,Delayed,15,2022-02
Shp008164,Ord008164,2023-12-19,2023-12-22,Bluedart,335.24,In Transit,3,2023-12
Shp008165,Ord008165,2024-05-10,2024-05-11,Xpressbees,47.88,In Transit,1,2024-05
Shp008166,Ord008166,2024-04-18,2024-04-19,Dtdc,268.2,In Transit,1,2024-04
Shp008167,Ord008167,2022-04-18,2022-04-24,Delhivery,560.96,In Transit,6,2022-04
Shp008168,Ord008168,2025-01-02,2025-01-07,Fedex,769.96,Delivered,5,2025-01
Shp008169,Ord008169,2023-06-05,2023-06-11,Bluedart,877.92,Returned To Origin,6,2023-06
Shp008170,Ord008170,2024-03-25,2024-03-30,Bluedart,206.01,Returned To Origin,5,2024-03
Shp008171,Ord008171,2024-12-13,2024-12-15,Fedex,835.51,In Transit,2,2024-12
Shp008175,Ord008175,2022-10-28,2022-10-31,Xpressbees,692.79,Delivered,3,2022-10
Shp008176,Ord008176,2023-02-25,2023-03-12,Delhivery,857.26,In Transit,15,2023-02
Shp008177,Ord008177,2022-07-07,2022-07-08,Dtdc,105.93,Delivered,1,2022-07
Shp008178,Ord008178,2023-04-27,2023-05-04,Bluedart,684.22,Delivered,7,2023-04
Shp008182,Ord008182,2023-03-22,2023-04-06,Dtdc,786.83,In Transit,15,2023-03
Shp008183,Ord008183,2024-06-17,2024-06-27,Indiapost,740.2,Returned To Origin,10,2024-06
Shp008184,Ord008184,2024-01-06,2024-01-16,Xpressbees,44.82,Lost,10,2024-01
Shp008185,Ord008185,2023-06-06,2023-06-21,Xpressbees,102.73,Lost,15,2023-06
Shp008186,Ord008186,2024-01-28,2024-02-01,Indiapost,66.84,In Transit,4,2024-01
Shp008187,Ord008187,2023-05-08,2023-05-13,Fedex,346.64,Delivered,5,2023-05
Shp008188,Ord008188,2023-09-05,2023-09-10,Bluedart,30.1,Lost,5,2023-09
Shp008189,Ord008189,2024-07-31,2024-08-06,Indiapost,858.39,Returned To Origin,6,2024-07
Shp008190,Ord008190,2022-01-10,2022-01-11,Dtdc,720.26,In Transit,1,2022-01
Shp008191,Ord008191,2023-02-18,2023-02-19,Xpressbees,243.0,Returned To Origin,1,2023-02
Shp008193,Ord008193,2023-08-05,2023-08-15,Bluedart,167.38,Delivered,10,2023-08
Shp008195,Ord008195,2022-04-25,2022-05-01,Dtdc,198.84,Returned To Origin,6,2022-04
Shp008196,Ord008196,2023-01-21,2023-01-25,Delhivery,533.32,In Transit,4,2023-01
Shp008197,Ord008197,2024-10-14,2024-10-18,Bluedart,125.86,Returned To Origin,4,2024-10
Shp008198,Ord008198,2022-01-12,2022-01-20,Indiapost,440.07,Returned To Origin,8,2022-01
Shp008200,Ord008200,2022-09-23,2022-09-27,Dtdc,168.68,Returned To Origin,4,2022-09
Shp008201,Ord008201,2023-07-20,2023-07-22,Ekart,589.1,Delivered,2,2023-07
Shp008204,Ord008204,2024-05-21,2024-05-23,Xpressbees,726.98,Lost,2,2024-05
Shp008207,Ord008207,2022-06-27,2022-07-01,Bluedart,638.2,In Transit,4,2022-06
Shp008208,Ord008208,2024-01-19,2024-01-25,Fedex,491.24,In Transit,6,2024-01
Shp008209,Ord008209,2023-03-17,2023-04-01,Bluedart,538.04,Delayed,15,2023-03
Shp008210,Ord008210,2024-09-16,2024-09-23,Xpressbees,898.5,In Transit,7,2024-09
Shp008213,Ord008213,2024-03-29,2024-03-31,Ekart,792.98,Lost,2,2024-03
Shp008216,Ord008216,2023-04-18,2023-04-25,Xpressbees,551.81,Delivered,7,2023-04
Shp008218,Ord008218,2024-10-06,2024-10-10,Delhivery,777.41,Lost,4,2024-10
Shp008219,Ord008219,2024-05-24,2024-05-29,Indiapost,867.7,Lost,5,2024-05
Shp008220,Ord008220,2023-02-27,2023-03-05,Delhivery,341.63,Delayed,6,2023-02
Shp008222,Ord008222,2023-11-25,2023-11-28,Ekart,648.26,Delivered,3,2023-11
Shp008223,Ord008223,2024-10-13,2024-10-28,Xpressbees,792.31,Lost,15,2024-10
Shp008224,Ord008224,2023-06-29,2023-06-30,Bluedart,726.87,Lost,1,2023-06
Shp008226,Ord008226,2022-12-16,2022-12-22,Dtdc,628.99,Delivered,6,2022-12
Shp008227,Ord008227,2022-03-12,2022-03-16,Indiapost,469.44,In Transit,4,2022-03
Shp008228,Ord008228,2022-05-09,2022-05-24,Indiapost,347.47,Returned To Origin,15,2022-05
Shp008229,Ord008229,2023-02-01,2023-02-02,Ekart,168.68,Delayed,1,2023-02
Shp008233,Ord008233,2024-11-22,2024-11-24,Ekart,404.12,Delayed,2,2024-11
Shp008234,Ord008234,2022-05-10,2022-05-17,Fedex,373.25,Returned To Origin,7,2022-05
Shp008235,Ord008235,2022-09-28,2022-10-03,Indiapost,356.97,Returned To Origin,5,2022-09
Shp008236,Ord008236,2022-12-17,2022-12-27,Xpressbees,593.05,Lost,10,2022-12
Shp008238,Ord008238,2023-03-11,2023-03-15,Indiapost,588.74,In Transit,4,2023-03
Shp008239,Ord008239,2022-12-19,2022-12-29,Dtdc,473.95,Lost,10,2022-12
Shp008240,Ord008240,2023-09-02,2023-09-04,Bluedart,744.3,Delayed,2,2023-09
Shp008242,Ord008242,2024-01-27,2024-01-31,Xpressbees,370.98,Delayed,4,2024-01
Shp008243,Ord008243,2022-11-13,2022-11-18,Dtdc,341.64,Returned To Origin,5,2022-11
Shp008244,Ord008244,2023-01-21,2023-01-28,Xpressbees,307.72,Delivered,7,2023-01
Shp008246,Ord008246,2022-02-06,2022-02-09,Fedex,823.54,Returned To Origin,3,2022-02
Shp008247,Ord008247,2024-03-23,2024-03-24,Ekart,715.13,Delivered,1,2024-03
Shp008249,Ord008249,2023-08-03,2023-08-13,Indiapost,235.46,In Transit,10,2023-08
Shp008251,Ord008251,2022-05-08,2022-05-12,Xpressbees,351.27,Returned To Origin,4,2022-05
Shp008252,Ord008252,2023-10-31,2023-11-02,Delhivery,432.57,Delivered,2,2023-10
Shp008253,Ord008253,2024-04-14,2024-04-17,Bluedart,488.78,Delayed,3,2024-04
Shp008254,Ord008254,2024-09-20,2024-09-25,Bluedart,273.68,Delivered,5,2024-09
Shp008255,Ord008255,2022-11-16,2022-11-21,Delhivery,528.59,Lost,5,2022-11
Shp008256,Ord008256,2022-03-16,2022-03-22,Xpressbees,876.23,In Transit,6,2022-03
Shp008257,Ord008257,2024-06-30,2024-07-07,Indiapost,170.1,Delayed,7,2024-06
Shp008258,Ord008258,2024-07-10,2024-07-18,Xpressbees,810.79,Lost,8,2024-07
Shp008261,Ord008261,2024-05-13,2024-05-18,Delhivery,390.44,Delayed,5,2024-05
Shp008262,Ord008262,2022-04-25,2022-04-28,Bluedart,762.39,Delayed,3,2022-04
Shp008263,Ord008263,2024-10-17,2024-10-18,Indiapost,649.98,Lost,1,2024-10
Shp008264,Ord008264,2024-10-02,2024-10-03,Indiapost,602.67,Returned To Origin,1,2024-10
Shp008265,Ord008265,2022-10-14,2022-10-15,Delhivery,813.45,Delayed,1,2022-10
Shp008266,Ord008266,2023-11-16,2023-11-20,Fedex,571.49,In Transit,4,2023-11
Shp008267,Ord008267,2022-12-13,2022-12-16,Delhivery,94.66,In Transit,3,2022-12
Shp008268,Ord008268,2023-06-17,2023-06-19,Delhivery,582.48,In Transit,2,2023-06
Shp008269,Ord008269,2024-02-28,2024-03-02,Bluedart,638.51,Delayed,3,2024-02
Shp008270,Ord008270,2023-06-14,2023-06-17,Fedex,762.73,Lost,3,2023-06
Shp008271,Ord008271,2024-12-17,2024-12-21,Bluedart,334.09,In Transit,4,2024-12
Shp008272,Ord008272,2023-05-28,2023-06-12,Bluedart,335.18,In Transit,15,2023-05
Shp008273,Ord008273,2022-06-06,2022-06-14,Xpressbees,139.07,Delayed,8,2022-06
Shp008274,Ord008274,2024-06-29,2024-07-03,Delhivery,440.48,In Transit,4,2024-06
Shp008275,Ord008275,2023-03-11,2023-03-19,Xpressbees,485.92,Delayed,8,2023-03
Shp008276,Ord008276,2023-12-18,2024-01-02,Xpressbees,348.84,In Transit,15,2023-12
Shp008277,Ord008277,2024-07-05,2024-07-12,Indiapost,91.21,Lost,7,2024-07
Shp008278,Ord008278,2024-08-29,2024-09-03,Delhivery,172.25,Delayed,5,2024-08
Shp008279,Ord008279,2022-10-03,2022-10-05,Delhivery,792.56,Delivered,2,2022-10
Shp008280,Ord008280,2022-01-15,2022-01-16,Dtdc,376.95,Returned To Origin,1,2022-01
Shp008281,Ord008281,2023-05-12,2023-05-17,Fedex,223.12,Returned To Origin,5,2023-05
Shp008282,Ord008282,2023-11-09,2023-11-17,Dtdc,682.32,Lost,8,2023-11
Shp008283,Ord008283,2022-11-14,2022-11-19,Ekart,830.58,Returned To Origin,5,2022-11
Shp008284,Ord008284,2024-07-15,2024-07-16,Xpressbees,889.1,Delayed,1,2024-07
Shp008286,Ord008286,2022-07-12,2022-07-13,Xpressbees,843.86,Delivered,1,2022-07
Shp008287,Ord008287,2022-11-14,2022-11-21,Fedex,211.64,Returned To Origin,7,2022-11
Shp008288,Ord008288,2024-12-30,2025-01-14,Indiapost,559.32,Delayed,15,2024-12
Shp008289,Ord008289,2022-09-24,2022-09-29,Bluedart,570.76,Delivered,5,2022-09
Shp008290,Ord008290,2024-10-31,2024-11-05,Dtdc,185.97,Delayed,5,2024-10
Shp008291,Ord008291,2022-11-10,2022-11-20,Dtdc,708.67,In Transit,10,2022-11
Shp008292,Ord008292,2024-05-09,2024-05-10,Dtdc,618.46,Delivered,1,2024-05
Shp008293,Ord008293,2023-11-24,2023-12-02,Xpressbees,140.94,Lost,8,2023-11
Shp008295,Ord008295,2024-01-07,2024-01-22,Xpressbees,254.58,In Transit,15,2024-01
Shp008296,Ord008296,2023-03-31,2023-04-15,Xpressbees,609.65,Lost,15,2023-03
Shp008300,Ord008300,2022-01-20,2022-01-30,Bluedart,561.53,Returned To Origin,10,2022-01
Shp008301,Ord008301,2022-01-16,2022-01-18,Delhivery,31.34,Lost,2,2022-01
Shp008302,Ord008302,2023-05-27,2023-05-30,Xpressbees,61.47,Delayed,3,2023-05
Shp008303,Ord008303,2022-01-23,2022-01-25,Ekart,444.19,Delivered,2,2022-01
Shp008304,Ord008304,2024-04-11,2024-04-19,Bluedart,222.0,Returned To Origin,8,2024-04
Shp008306,Ord008306,2024-04-08,2024-04-15,Fedex,482.08,Returned To Origin,7,2024-04
Shp008307,Ord008307,2023-08-31,2023-09-03,Ekart,787.86,Delivered,3,2023-08
Shp008308,Ord008308,2022-08-28,2022-09-05,Indiapost,47.32,Delivered,8,2022-08
Shp008309,Ord008309,2023-03-22,2023-03-30,Indiapost,167.96,In Transit,8,2023-03
Shp008310,Ord008310,2024-09-24,2024-10-04,Delhivery,592.39,Returned To Origin,10,2024-09
Shp008311,Ord008311,2024-03-22,2024-04-06,Indiapost,344.78,In Transit,15,2024-03
Shp008312,Ord008312,2023-02-18,2023-02-22,Delhivery,306.15,Lost,4,2023-02
Shp008313,Ord008313,2024-07-27,2024-07-30,Indiapost,483.63,Delivered,3,2024-07
Shp008314,Ord008314,2024-02-26,2024-03-03,Xpressbees,877.92,Delivered,6,2024-02
Shp008315,Ord008315,2022-11-20,2022-11-28,Xpressbees,760.05,In Transit,8,2022-11
Shp008316,Ord008316,2023-07-12,2023-07-14,Fedex,289.52,Delivered,2,2023-07
Shp008317,Ord008317,2024-03-18,2024-04-02,Xpressbees,79.13,In Transit,15,2024-03
Shp008319,Ord008319,2022-07-14,2022-07-21,Indiapost,645.35,Returned To Origin,7,2022-07
Shp008320,Ord008320,2024-09-16,2024-09-21,Xpressbees,854.56,In Transit,5,2024-09
Shp008321,Ord008321,2022-02-09,2022-02-12,Delhivery,357.96,Delivered,3,2022-02
Shp008322,Ord008322,2022-02-02,2022-02-08,Indiapost,47.33,In Transit,6,2022-02
Shp008323,Ord008323,2024-02-13,2024-02-16,Fedex,55.12,Delayed,3,2024-02
Shp008325,Ord008325,2022-03-25,2022-04-04,Ekart,502.06,Delivered,10,2022-03
Shp008326,Ord008326,2023-08-26,2023-08-29,Xpressbees,690.5,Lost,3,2023-08
Shp008327,Ord008327,2023-05-10,2023-05-14,Bluedart,712.09,Delayed,4,2023-05
Shp008329,Ord008329,2023-12-03,2023-12-13,Indiapost,279.32,Returned To Origin,10,2023-12
Shp008330,Ord008330,2024-05-11,2024-05-17,Dtdc,222.89,Returned To Origin,6,2024-05
Shp008331,Ord008331,2024-12-28,2024-12-31,Fedex,30.51,Returned To Origin,3,2024-12
Shp008332,Ord008332,2023-12-09,2023-12-11,Delhivery,291.74,Delivered,2,2023-12
Shp008334,Ord008334,2024-03-27,2024-03-29,Fedex,270.88,Returned To Origin,2,2024-03
Shp008335,Ord008335,2024-04-30,2024-05-03,Indiapost,678.54,Delivered,3,2024-04
Shp008336,Ord008336,2024-09-14,2024-09-21,Delhivery,741.88,Returned To Origin,7,2024-09
Shp008337,Ord008337,2023-11-21,2023-11-25,Indiapost,290.69,Lost,4,2023-11
Shp008339,Ord008339,2024-01-27,2024-01-29,Dtdc,194.09,Delivered,2,2024-01
Shp008340,Ord008340,2022-03-08,2022-03-14,Bluedart,336.86,In Transit,6,2022-03
Shp008341,Ord008341,2022-09-15,2022-09-17,Bluedart,686.59,Lost,2,2022-09
Shp008344,Ord008344,2022-02-09,2022-02-10,Delhivery,105.6,Delayed,1,2022-02
Shp008345,Ord008345,2023-01-08,2023-01-11,Indiapost,598.53,Delivered,3,2023-01
Shp008346,Ord008346,2022-07-14,2022-07-16,Indiapost,387.24,In Transit,2,2022-07
Shp008347,Ord008347,2024-07-31,2024-08-15,Fedex,343.8,In Transit,15,2024-07
Shp008348,Ord008348,2023-07-12,2023-07-19,Bluedart,220.59,Delivered,7,2023-07
Shp008349,Ord008349,2023-01-05,2023-01-20,Dtdc,665.22,Delivered,15,2023-01
Shp008350,Ord008350,2024-08-18,2024-08-21,Delhivery,887.53,Returned To Origin,3,2024-08
Shp008351,Ord008351,2023-07-18,2023-07-21,Xpressbees,185.02,Returned To Origin,3,2023-07
Shp008352,Ord008352,2022-04-07,2022-04-17,Fedex,531.99,Returned To Origin,10,2022-04
Shp008354,Ord008354,2022-09-01,2022-09-11,Fedex,709.48,Returned To Origin,10,2022-09
Shp008355,Ord008355,2024-11-30,2024-12-03,Indiapost,786.21,Delivered,3,2024-11
Shp008356,Ord008356,2023-12-05,2023-12-12,Delhivery,543.58,Delivered,7,2023-12
Shp008360,Ord008360,2023-03-18,2023-03-21,Ekart,771.55,In Transit,3,2023-03
Shp008361,Ord008361,2023-05-16,2023-05-19,Xpressbees,529.41,In Transit,3,2023-05
Shp008362,Ord008362,2024-05-08,2024-05-23,Ekart,306.72,Delivered,15,2024-05
Shp008363,Ord008363,2022-02-17,2022-03-04,Indiapost,128.33,Delivered,15,2022-02
Shp008364,Ord008364,2024-10-18,2024-10-19,Indiapost,95.76,Delivered,1,2024-10
Shp008366,Ord008366,2022-06-29,2022-07-07,Fedex,354.02,Delayed,8,2022-06
Shp008367,Ord008367,2024-03-23,2024-04-07,Bluedart,779.63,Returned To Origin,15,2024-03
Shp008368,Ord008368,2023-08-24,2023-09-03,Xpressbees,767.47,In Transit,10,2023-08
Shp008370,Ord008370,2023-04-15,2023-04-18,Delhivery,642.3,Lost,3,2023-04
Shp008371,Ord008371,2023-12-29,2024-01-01,Delhivery,678.57,Delivered,3,2023-12
Shp008372,Ord008372,2023-12-13,2023-12-17,Dtdc,378.13,Delayed,4,2023-12
Shp008374,Ord008374,2022-10-08,2022-10-14,Indiapost,53.6,Returned To Origin,6,2022-10
Shp008727,Ord008727,2022-01-28,2022-02-01,Fedex,80.01,Lost,4,2022-01
Shp008375,Ord008375,2023-04-09,2023-04-19,Bluedart,166.79,In Transit,10,2023-04
Shp008377,Ord008377,2023-06-11,2023-06-26,Ekart,482.54,In Transit,15,2023-06
Shp008378,Ord008378,2022-08-10,2022-08-13,Indiapost,317.8,Delayed,3,2022-08
Shp008379,Ord008379,2024-12-14,2024-12-16,Indiapost,548.45,Delayed,2,2024-12
Shp008380,Ord008380,2023-01-08,2023-01-23,Fedex,739.82,Lost,15,2023-01
Shp008381,Ord008381,2022-10-22,2022-10-25,Delhivery,489.61,Returned To Origin,3,2022-10
Shp008382,Ord008382,2022-11-11,2022-11-15,Delhivery,338.16,Delayed,4,2022-11
Shp008383,Ord008383,2023-09-14,2023-09-16,Bluedart,575.8,In Transit,2,2023-09
Shp008384,Ord008384,2023-12-14,2023-12-17,Ekart,766.9,Returned To Origin,3,2023-12
Shp008385,Ord008385,2023-05-23,2023-05-30,Delhivery,544.15,Delayed,7,2023-05
Shp008386,Ord008386,2022-02-23,2022-03-03,Indiapost,708.03,Lost,8,2022-02
Shp008387,Ord008387,2024-10-15,2024-10-30,Delhivery,359.67,Lost,15,2024-10
Shp008388,Ord008388,2024-10-07,2024-10-10,Ekart,486.42,In Transit,3,2024-10
Shp008389,Ord008389,2023-11-21,2023-11-25,Bluedart,816.31,Lost,4,2023-11
Shp008390,Ord008390,2024-01-20,2024-01-22,Fedex,743.54,Delayed,2,2024-01
Shp008391,Ord008391,2022-12-11,2022-12-15,Dtdc,426.67,Returned To Origin,4,2022-12
Shp008392,Ord008392,2023-10-12,2023-10-15,Bluedart,346.73,Delayed,3,2023-10
Shp008393,Ord008393,2022-04-29,2022-04-30,Indiapost,247.85,Lost,1,2022-04
Shp008394,Ord008394,2024-01-27,2024-02-03,Xpressbees,225.46,In Transit,7,2024-01
Shp008395,Ord008395,2024-03-16,2024-03-19,Bluedart,236.7,In Transit,3,2024-03
Shp008396,Ord008396,2024-05-29,2024-06-06,Xpressbees,128.47,Returned To Origin,8,2024-05
Shp008397,Ord008397,2023-03-09,2023-03-14,Fedex,443.88,Delayed,5,2023-03
Shp008398,Ord008398,2023-09-10,2023-09-13,Ekart,353.5,Returned To Origin,3,2023-09
Shp008399,Ord008399,2024-10-20,2024-10-26,Delhivery,378.22,Delayed,6,2024-10
Shp008400,Ord008400,2022-03-19,2022-03-27,Ekart,630.44,In Transit,8,2022-03
Shp008401,Ord008401,2024-10-05,2024-10-07,Bluedart,603.63,Lost,2,2024-10
Shp008402,Ord008402,2022-06-16,2022-06-23,Dtdc,400.82,Delivered,7,2022-06
Shp008403,Ord008403,2023-07-25,2023-08-02,Dtdc,146.8,Returned To Origin,8,2023-07
Shp008405,Ord008405,2023-11-12,2023-11-17,Bluedart,792.53,Delayed,5,2023-11
Shp008406,Ord008406,2022-06-23,2022-06-28,Delhivery,737.57,In Transit,5,2022-06
Shp008408,Ord008408,2023-05-31,2023-06-02,Indiapost,44.55,In Transit,2,2023-05
Shp008409,Ord008409,2022-08-30,2022-09-14,Delhivery,604.36,Delivered,15,2022-08
Shp008410,Ord008410,2024-07-03,2024-07-08,Xpressbees,615.91,In Transit,5,2024-07
Shp008411,Ord008411,2022-11-12,2022-11-15,Delhivery,124.73,Delivered,3,2022-11
Shp008412,Ord008412,2023-01-15,2023-01-21,Xpressbees,202.64,Lost,6,2023-01
Shp008413,Ord008413,2023-03-21,2023-03-25,Delhivery,377.39,Delivered,4,2023-03
Shp008414,Ord008414,2022-11-16,2022-11-19,Indiapost,142.66,Delivered,3,2022-11
Shp008415,Ord008415,2024-08-07,2024-08-17,Indiapost,459.47,Delivered,10,2024-08
Shp008416,Ord008416,2024-05-01,2024-05-08,Bluedart,547.2,Lost,7,2024-05
Shp008417,Ord008417,2024-06-19,2024-06-22,Bluedart,873.19,In Transit,3,2024-06
Shp008418,Ord008418,2024-07-15,2024-07-16,Delhivery,216.51,Delayed,1,2024-07
Shp008419,Ord008419,2023-07-27,2023-07-31,Bluedart,836.14,In Transit,4,2023-07
Shp008420,Ord008420,2022-07-31,2022-08-03,Indiapost,745.46,In Transit,3,2022-07
Shp008422,Ord008422,2023-06-22,2023-06-24,Delhivery,384.49,Lost,2,2023-06
Shp008423,Ord008423,2022-07-15,2022-07-22,Fedex,133.94,Delayed,7,2022-07
Shp008424,Ord008424,2022-09-06,2022-09-10,Ekart,329.51,Delayed,4,2022-09
Shp008425,Ord008425,2024-08-07,2024-08-13,Delhivery,436.85,Returned To Origin,6,2024-08
Shp008426,Ord008426,2022-10-25,2022-10-31,Xpressbees,863.22,Delivered,6,2022-10
Shp008427,Ord008427,2022-01-12,2022-01-22,Bluedart,319.89,Delivered,10,2022-01
Shp008428,Ord008428,2024-11-15,2024-11-16,Fedex,67.9,Lost,1,2024-11
Shp008430,Ord008430,2024-03-27,2024-04-01,Dtdc,886.88,In Transit,5,2024-03
Shp008431,Ord008431,2024-06-15,2024-06-16,Delhivery,309.17,Returned To Origin,1,2024-06
Shp008432,Ord008432,2022-01-13,2022-01-16,Delhivery,458.28,Lost,3,2022-01
Shp008434,Ord008434,2024-09-15,2024-09-22,Delhivery,796.62,Returned To Origin,7,2024-09
Shp008435,Ord008435,2023-02-03,2023-02-06,Fedex,319.53,Delayed,3,2023-02
Shp008437,Ord008437,2022-01-26,2022-02-01,Xpressbees,355.65,Delivered,6,2022-01
Shp008438,Ord008438,2023-08-06,2023-08-11,Indiapost,321.88,Returned To Origin,5,2023-08
Shp008439,Ord008439,2024-05-08,2024-05-12,Fedex,813.36,Lost,4,2024-05
Shp008440,Ord008440,2024-10-28,2024-11-05,Xpressbees,514.4,In Transit,8,2024-10
Shp008441,Ord008441,2022-11-20,2022-11-24,Delhivery,812.48,Delivered,4,2022-11
Shp008442,Ord008442,2024-08-21,2024-09-05,Ekart,781.62,Delivered,15,2024-08
Shp008444,Ord008444,2023-07-26,2023-08-02,Delhivery,231.07,Lost,7,2023-07
Shp008446,Ord008446,2023-03-25,2023-04-02,Xpressbees,806.34,Delayed,8,2023-03
Shp008447,Ord008447,2023-12-25,2023-12-26,Delhivery,765.99,Delivered,1,2023-12
Shp008448,Ord008448,2023-08-21,2023-08-22,Indiapost,50.16,Delayed,1,2023-08
Shp008449,Ord008449,2024-08-15,2024-08-19,Xpressbees,685.71,Returned To Origin,4,2024-08
Shp008451,Ord008451,2023-10-21,2023-10-22,Delhivery,159.52,Delivered,1,2023-10
Shp008452,Ord008452,2022-08-17,2022-08-22,Bluedart,457.91,Lost,5,2022-08
Shp008453,Ord008453,2023-12-19,2023-12-21,Fedex,294.68,In Transit,2,2023-12
Shp008454,Ord008454,2024-04-25,2024-04-28,Indiapost,284.05,In Transit,3,2024-04
Shp008455,Ord008455,2022-08-02,2022-08-08,Dtdc,825.39,Delivered,6,2022-08
Shp008457,Ord008457,2022-09-26,2022-10-06,Bluedart,840.56,In Transit,10,2022-09
Shp008458,Ord008458,2024-10-03,2024-10-10,Delhivery,82.2,In Transit,7,2024-10
Shp008461,Ord008461,2022-12-24,2022-12-27,Bluedart,830.31,Delayed,3,2022-12
Shp008462,Ord008462,2024-09-22,2024-09-28,Dtdc,64.41,Returned To Origin,6,2024-09
Shp008463,Ord008463,2023-02-18,2023-03-05,Ekart,431.6,Lost,15,2023-02
Shp008464,Ord008464,2022-08-17,2022-08-27,Bluedart,132.64,Returned To Origin,10,2022-08
Shp008465,Ord008465,2022-03-06,2022-03-10,Indiapost,347.22,Delivered,4,2022-03
Shp008466,Ord008466,2024-01-08,2024-01-11,Dtdc,837.27,Delivered,3,2024-01
Shp008467,Ord008467,2023-02-07,2023-02-17,Delhivery,277.33,Lost,10,2023-02
Shp008468,Ord008468,2024-05-04,2024-05-11,Delhivery,717.11,In Transit,7,2024-05
Shp008469,Ord008469,2024-02-02,2024-02-05,Indiapost,464.0,Delayed,3,2024-02
Shp008470,Ord008470,2023-05-22,2023-06-06,Dtdc,526.89,Returned To Origin,15,2023-05
Shp008471,Ord008471,2022-03-24,2022-04-03,Dtdc,486.01,Returned To Origin,10,2022-03
Shp008473,Ord008473,2022-02-27,2022-03-05,Indiapost,810.53,Delivered,6,2022-02
Shp008474,Ord008474,2022-10-14,2022-10-17,Xpressbees,483.31,Delivered,3,2022-10
Shp008475,Ord008475,2023-07-02,2023-07-09,Dtdc,165.18,Delayed,7,2023-07
Shp008476,Ord008476,2024-01-12,2024-01-15,Delhivery,237.86,Lost,3,2024-01
Shp008477,Ord008477,2022-02-07,2022-02-13,Ekart,303.88,Delayed,6,2022-02
Shp008478,Ord008478,2022-10-26,2022-11-01,Bluedart,111.32,Delivered,6,2022-10
Shp008479,Ord008479,2023-05-06,2023-05-09,Bluedart,269.97,Lost,3,2023-05
Shp008480,Ord008480,2022-11-21,2022-11-27,Fedex,801.12,In Transit,6,2022-11
Shp008481,Ord008481,2023-05-23,2023-05-26,Bluedart,353.79,Returned To Origin,3,2023-05
Shp008482,Ord008482,2024-12-19,2024-12-23,Dtdc,346.41,Lost,4,2024-12
Shp008483,Ord008483,2024-09-25,2024-09-27,Dtdc,693.21,Lost,2,2024-09
Shp008484,Ord008484,2023-12-10,2023-12-12,Indiapost,753.63,Lost,2,2023-12
Shp008486,Ord008486,2024-10-08,2024-10-18,Xpressbees,146.2,Lost,10,2024-10
Shp008488,Ord008488,2022-06-11,2022-06-14,Xpressbees,529.72,Lost,3,2022-06
Shp008489,Ord008489,2022-08-30,2022-09-09,Fedex,390.44,Returned To Origin,10,2022-08
Shp008490,Ord008490,2024-05-31,2024-06-06,Fedex,355.93,In Transit,6,2024-05
Shp008491,Ord008491,2024-08-28,2024-09-07,Xpressbees,828.41,Delayed,10,2024-08
Shp008492,Ord008492,2022-10-18,2022-10-19,Delhivery,116.93,Lost,1,2022-10
Shp008493,Ord008493,2022-10-20,2022-11-04,Indiapost,108.31,Delayed,15,2022-10
Shp008494,Ord008494,2023-01-01,2023-01-04,Xpressbees,341.19,In Transit,3,2023-01
Shp008495,Ord008495,2023-03-23,2023-03-26,Indiapost,694.52,Delivered,3,2023-03
Shp008497,Ord008497,2023-10-01,2023-10-05,Xpressbees,522.53,Returned To Origin,4,2023-10
Shp008499,Ord008499,2023-02-28,2023-03-15,Ekart,361.16,Delayed,15,2023-02
Shp008500,Ord008500,2023-09-19,2023-09-20,Xpressbees,232.08,Delivered,1,2023-09
Shp008501,Ord008501,2023-06-22,2023-06-25,Bluedart,821.96,Delayed,3,2023-06
Shp008502,Ord008502,2022-02-14,2022-02-15,Ekart,665.41,Returned To Origin,1,2022-02
Shp008503,Ord008503,2022-05-19,2022-05-25,Dtdc,845.23,Delayed,6,2022-05
Shp008504,Ord008504,2024-11-21,2024-12-06,Xpressbees,309.54,In Transit,15,2024-11
Shp008505,Ord008505,2024-12-17,2025-01-01,Delhivery,654.51,Returned To Origin,15,2024-12
Shp008506,Ord008506,2024-08-25,2024-09-09,Delhivery,589.43,In Transit,15,2024-08
Shp008507,Ord008507,2023-09-14,2023-09-21,Bluedart,647.93,Delayed,7,2023-09
Shp008508,Ord008508,2024-05-05,2024-05-12,Xpressbees,142.37,In Transit,7,2024-05
Shp008509,Ord008509,2024-12-27,2025-01-11,Bluedart,520.62,Returned To Origin,15,2024-12
Shp008510,Ord008510,2024-03-19,2024-03-21,Delhivery,190.56,Delayed,2,2024-03
Shp008513,Ord008513,2024-06-23,2024-07-01,Indiapost,55.9,Delayed,8,2024-06
Shp008514,Ord008514,2024-02-16,2024-02-19,Ekart,850.74,Returned To Origin,3,2024-02
Shp008515,Ord008515,2022-09-28,2022-09-29,Delhivery,422.76,Delayed,1,2022-09
Shp008516,Ord008516,2024-10-16,2024-10-22,Delhivery,649.26,Delayed,6,2024-10
Shp008517,Ord008517,2023-01-13,2023-01-16,Fedex,46.45,Delayed,3,2023-01
Shp008519,Ord008519,2024-01-13,2024-01-16,Dtdc,229.8,Delivered,3,2024-01
Shp008521,Ord008521,2024-09-19,2024-09-22,Fedex,586.19,Delivered,3,2024-09
Shp008522,Ord008522,2023-07-24,2023-07-29,Indiapost,682.07,In Transit,5,2023-07
Shp008523,Ord008523,2023-02-16,2023-02-22,Indiapost,382.73,Returned To Origin,6,2023-02
Shp008524,Ord008524,2023-05-17,2023-05-20,Indiapost,810.38,Delayed,3,2023-05
Shp008526,Ord008526,2022-03-05,2022-03-15,Bluedart,728.06,Lost,10,2022-03
Shp008528,Ord008528,2022-10-23,2022-10-24,Fedex,247.21,Delayed,1,2022-10
Shp008529,Ord008529,2023-06-06,2023-06-09,Indiapost,37.5,Delivered,3,2023-06
Shp008530,Ord008530,2022-10-17,2022-10-20,Delhivery,189.26,Lost,3,2022-10
Shp008531,Ord008531,2023-10-29,2023-11-01,Delhivery,203.53,Delivered,3,2023-10
Shp008532,Ord008532,2022-01-29,2022-02-04,Dtdc,623.37,Delivered,6,2022-01
Shp008533,Ord008533,2024-09-29,2024-09-30,Dtdc,549.81,In Transit,1,2024-09
Shp008534,Ord008534,2023-02-19,2023-02-20,Indiapost,791.81,Returned To Origin,1,2023-02
Shp008537,Ord008537,2022-08-17,2022-08-21,Delhivery,470.39,Delayed,4,2022-08
Shp008538,Ord008538,2024-12-16,2024-12-18,Fedex,872.54,Delivered,2,2024-12
Shp008540,Ord008540,2023-02-08,2023-02-09,Fedex,622.67,Lost,1,2023-02
Shp008541,Ord008541,2022-09-08,2022-09-12,Delhivery,551.39,Lost,4,2022-09
Shp008542,Ord008542,2023-10-17,2023-10-21,Dtdc,307.4,In Transit,4,2023-10
Shp008543,Ord008543,2023-01-23,2023-01-29,Indiapost,296.29,Lost,6,2023-01
Shp008544,Ord008544,2023-02-04,2023-02-05,Dtdc,88.67,In Transit,1,2023-02
Shp008545,Ord008545,2022-05-27,2022-06-04,Delhivery,447.21,Returned To Origin,8,2022-05
Shp008546,Ord008546,2022-11-26,2022-11-30,Bluedart,379.66,Lost,4,2022-11
Shp008547,Ord008547,2024-03-24,2024-04-01,Fedex,853.68,Delivered,8,2024-03
Shp008548,Ord008548,2023-11-01,2023-11-09,Delhivery,653.66,Delivered,8,2023-11
Shp008549,Ord008549,2022-04-19,2022-04-27,Bluedart,438.16,Delayed,8,2022-04
Shp008550,Ord008550,2024-02-21,2024-02-29,Bluedart,216.69,Delayed,8,2024-02
Shp008551,Ord008551,2024-10-17,2024-10-27,Delhivery,63.1,Delayed,10,2024-10
Shp008552,Ord008552,2024-07-16,2024-07-22,Fedex,,Lost,6,2024-07
Shp008553,Ord008553,2022-05-28,2022-06-12,Dtdc,891.71,Lost,15,2022-05
Shp008554,Ord008554,2023-04-24,2023-04-25,Indiapost,861.91,Lost,1,2023-04
Shp008555,Ord008555,2022-08-06,2022-08-09,Dtdc,564.05,In Transit,3,2022-08
Shp008556,Ord008556,2024-08-04,2024-08-14,Xpressbees,443.62,Lost,10,2024-08
Shp008557,Ord008557,2024-01-22,2024-01-24,Delhivery,572.11,Delayed,2,2024-01
Shp008558,Ord008558,2023-12-21,2023-12-24,Dtdc,762.5,Returned To Origin,3,2023-12
Shp008559,Ord008559,2024-11-09,2024-11-11,Xpressbees,73.74,Returned To Origin,2,2024-11
Shp008560,Ord008560,2022-05-14,2022-05-17,Ekart,826.34,Lost,3,2022-05
Shp008561,Ord008561,2022-08-21,2022-08-22,Indiapost,349.12,Delivered,1,2022-08
Shp008562,Ord008562,2023-09-16,2023-09-23,Delhivery,203.04,Lost,7,2023-09
Shp008563,Ord008563,2022-05-21,2022-05-29,Dtdc,63.82,Returned To Origin,8,2022-05
Shp008564,Ord008564,2023-01-05,2023-01-15,Bluedart,496.24,Lost,10,2023-01
Shp008565,Ord008565,2024-08-27,2024-09-11,Bluedart,545.59,Delayed,15,2024-08
Shp008566,Ord008566,2023-01-03,2023-01-05,Ekart,344.47,Delayed,2,2023-01
Shp008567,Ord008567,2023-08-24,2023-09-01,Bluedart,699.98,Returned To Origin,8,2023-08
Shp008568,Ord008568,2024-09-28,2024-09-30,Dtdc,617.12,Delivered,2,2024-09
Shp008569,Ord008569,2022-06-23,2022-06-30,Dtdc,214.33,Delayed,7,2022-06
Shp008570,Ord008570,2022-02-01,2022-02-09,Xpressbees,695.53,Lost,8,2022-02
Shp008571,Ord008571,2023-08-07,2023-08-11,Indiapost,637.29,Lost,4,2023-08
Shp008572,Ord008572,2024-01-21,2024-01-25,Dtdc,350.96,Returned To Origin,4,2024-01
Shp008573,Ord008573,2024-04-16,2024-04-17,Fedex,398.4,Returned To Origin,1,2024-04
Shp008574,Ord008574,2024-08-20,2024-08-27,Xpressbees,134.71,Delayed,7,2024-08
Shp008577,Ord008577,2024-07-01,2024-07-16,Ekart,131.87,Lost,15,2024-07
Shp008579,Ord008579,2022-10-09,2022-10-11,Delhivery,138.65,Delayed,2,2022-10
Shp008580,Ord008580,2024-05-15,2024-05-18,Ekart,331.34,Delivered,3,2024-05
Shp008582,Ord008582,2024-05-14,2024-05-24,Dtdc,464.45,Delivered,10,2024-05
Shp008583,Ord008583,2023-03-31,2023-04-15,Dtdc,138.31,In Transit,15,2023-03
Shp008584,Ord008584,2023-12-19,2023-12-22,Bluedart,279.69,Returned To Origin,3,2023-12
Shp008585,Ord008585,2024-03-20,2024-03-30,Xpressbees,539.19,Delayed,10,2024-03
Shp008588,Ord008588,2022-08-22,2022-08-24,Indiapost,735.84,Lost,2,2022-08
Shp008589,Ord008589,2022-11-29,2022-12-14,Bluedart,808.84,Lost,15,2022-11
Shp008590,Ord008590,2023-04-16,2023-04-17,Dtdc,840.69,Returned To Origin,1,2023-04
Shp008592,Ord008592,2023-08-12,2023-08-20,Ekart,186.7,Lost,8,2023-08
Shp008594,Ord008594,2022-03-13,2022-03-20,Delhivery,462.86,Returned To Origin,7,2022-03
Shp008595,Ord008595,2023-01-29,2023-01-30,Delhivery,330.97,Delayed,1,2023-01
Shp008597,Ord008597,2023-12-22,2023-12-27,Delhivery,280.11,Delayed,5,2023-12
Shp008601,Ord008601,2022-04-18,2022-04-21,Indiapost,841.99,Delivered,3,2022-04
Shp008602,Ord008602,2022-09-01,2022-09-16,Fedex,395.35,Returned To Origin,15,2022-09
Shp008603,Ord008603,2024-03-15,2024-03-25,Ekart,643.97,In Transit,10,2024-03
Shp008604,Ord008604,2022-07-14,2022-07-24,Bluedart,398.19,Returned To Origin,10,2022-07
Shp008606,Ord008606,2022-07-12,2022-07-27,Dtdc,161.54,Returned To Origin,15,2022-07
Shp008608,Ord008608,2023-01-15,2023-01-30,Ekart,553.33,Delivered,15,2023-01
Shp008609,Ord008609,2024-06-13,2024-06-17,Ekart,106.37,In Transit,4,2024-06
Shp008610,Ord008610,2022-08-29,2022-09-03,Xpressbees,550.36,Lost,5,2022-08
Shp008611,Ord008611,2022-10-22,2022-10-25,Delhivery,353.02,In Transit,3,2022-10
Shp008613,Ord008613,2022-05-16,2022-05-19,Indiapost,319.92,Delivered,3,2022-05
Shp008614,Ord008614,2022-08-19,2022-09-03,Ekart,492.6,Returned To Origin,15,2022-08
Shp008615,Ord008615,2023-01-23,2023-01-29,Bluedart,857.63,Delivered,6,2023-01
Shp008616,Ord008616,2023-03-25,2023-03-28,Xpressbees,882.53,Delayed,3,2023-03
Shp008617,Ord008617,2023-01-02,2023-01-10,Bluedart,586.37,In Transit,8,2023-01
Shp008618,Ord008618,2024-05-08,2024-05-13,Fedex,494.59,Returned To Origin,5,2024-05
Shp008619,Ord008619,2024-05-07,2024-05-08,Fedex,736.51,Delivered,1,2024-05
Shp008620,Ord008620,2022-03-20,2022-04-04,Indiapost,183.34,Delayed,15,2022-03
Shp008622,Ord008622,2022-12-14,2022-12-18,Bluedart,763.0,Delivered,4,2022-12
Shp008626,Ord008626,2023-06-21,2023-06-28,Indiapost,526.49,Delivered,7,2023-06
Shp008627,Ord008627,2023-03-01,2023-03-04,Ekart,413.47,Delivered,3,2023-03
Shp008628,Ord008628,2024-05-18,2024-05-25,Xpressbees,892.08,Lost,7,2024-05
Shp008629,Ord008629,2023-03-16,2023-03-23,Ekart,160.12,Lost,7,2023-03
Shp008630,Ord008630,2024-08-17,2024-08-20,Bluedart,238.23,Delivered,3,2024-08
Shp008631,Ord008631,2024-05-08,2024-05-14,Xpressbees,164.19,In Transit,6,2024-05
Shp008632,Ord008632,2022-04-16,2022-04-22,Fedex,265.74,Lost,6,2022-04
Shp008633,Ord008633,2022-05-17,2022-05-25,Bluedart,244.58,Returned To Origin,8,2022-05
Shp008634,Ord008634,2024-10-14,2024-10-17,Fedex,130.02,Delivered,3,2024-10
Shp008635,Ord008635,2023-07-22,2023-08-01,Indiapost,565.31,Lost,10,2023-07
Shp008636,Ord008636,2024-10-22,2024-10-26,Xpressbees,142.57,Returned To Origin,4,2024-10
Shp008638,Ord008638,2022-05-12,2022-05-19,Dtdc,709.5,In Transit,7,2022-05
Shp008639,Ord008639,2024-09-11,2024-09-14,Dtdc,740.07,In Transit,3,2024-09
Shp008640,Ord008640,2024-10-16,2024-10-31,Delhivery,427.97,Lost,15,2024-10
Shp008641,Ord008641,2022-08-27,2022-08-29,Delhivery,357.53,Lost,2,2022-08
Shp008642,Ord008642,2023-11-15,2023-11-17,Delhivery,629.66,Delayed,2,2023-11
Shp008643,Ord008643,2022-11-27,2022-12-04,Delhivery,818.82,Lost,7,2022-11
Shp008644,Ord008644,2023-10-15,2023-10-18,Dtdc,91.55,In Transit,3,2023-10
Shp008645,Ord008645,2022-12-23,2022-12-26,Dtdc,848.46,In Transit,3,2022-12
Shp008646,Ord008646,2022-09-14,2022-09-15,Bluedart,791.95,Delivered,1,2022-09
Shp008647,Ord008647,2024-02-10,2024-02-13,Ekart,872.39,In Transit,3,2024-02
Shp008648,Ord008648,2024-05-08,2024-05-13,Indiapost,814.24,Returned To Origin,5,2024-05
Shp008649,Ord008649,2023-07-15,2023-07-17,Delhivery,285.74,Lost,2,2023-07
Shp008650,Ord008650,2024-03-02,2024-03-07,Bluedart,273.41,Delayed,5,2024-03
Shp008651,Ord008651,2022-04-11,2022-04-17,Indiapost,796.39,Delayed,6,2022-04
Shp008652,Ord008652,2024-10-03,2024-10-04,Delhivery,799.66,Returned To Origin,1,2024-10
Shp008655,Ord008655,2023-05-17,2023-05-18,Bluedart,746.21,Returned To Origin,1,2023-05
Shp008656,Ord008656,2022-12-16,2022-12-31,Dtdc,599.72,Delivered,15,2022-12
Shp008657,Ord008657,2023-03-02,2023-03-03,Indiapost,175.48,Delayed,1,2023-03
Shp008658,Ord008658,2024-11-28,2024-11-30,Dtdc,839.36,Lost,2,2024-11
Shp008659,Ord008659,2024-09-15,2024-09-18,Fedex,804.16,In Transit,3,2024-09
Shp008660,Ord008660,2022-12-23,2022-12-30,Dtdc,817.4,Returned To Origin,7,2022-12
Shp008662,Ord008662,2023-11-20,2023-11-23,Indiapost,323.8,Delivered,3,2023-11
Shp008663,Ord008663,2024-10-14,2024-10-22,Bluedart,857.82,Returned To Origin,8,2024-10
Shp008665,Ord008665,2023-07-19,2023-07-25,Bluedart,241.0,In Transit,6,2023-07
Shp008667,Ord008667,2024-09-18,2024-09-21,Dtdc,281.03,In Transit,3,2024-09
Shp008668,Ord008668,2022-04-12,2022-04-20,Delhivery,108.37,Returned To Origin,8,2022-04
Shp008669,Ord008669,2022-07-17,2022-07-19,Xpressbees,195.74,Lost,2,2022-07
Shp008670,Ord008670,2024-10-31,2024-11-03,Dtdc,492.32,Returned To Origin,3,2024-10
Shp008671,Ord008671,2023-05-16,2023-05-31,Bluedart,280.89,Returned To Origin,15,2023-05
Shp008672,Ord008672,2023-01-12,2023-01-20,Indiapost,854.25,Delayed,8,2023-01
Shp008673,Ord008673,2022-02-02,2022-02-08,Xpressbees,829.6,In Transit,6,2022-02
Shp008674,Ord008674,2024-08-16,2024-08-19,Fedex,475.39,In Transit,3,2024-08
Shp008675,Ord008675,2023-12-27,2024-01-11,Delhivery,854.71,Delayed,15,2023-12
Shp008676,Ord008676,2022-09-17,2022-09-25,Ekart,62.35,Returned To Origin,8,2022-09
Shp008678,Ord008678,2022-09-11,2022-09-16,Fedex,734.81,Returned To Origin,5,2022-09
Shp008679,Ord008679,2024-09-30,2024-10-05,Delhivery,229.31,Returned To Origin,5,2024-09
Shp008680,Ord008680,2023-04-01,2023-04-08,Indiapost,691.44,Lost,7,2023-04
Shp008681,Ord008681,2022-11-12,2022-11-19,Delhivery,211.54,Delayed,7,2022-11
Shp008682,Ord008682,2024-08-28,2024-09-07,Indiapost,93.9,In Transit,10,2024-08
Shp008683,Ord008683,2023-02-05,2023-02-09,Ekart,750.25,Lost,4,2023-02
Shp008685,Ord008685,2024-02-09,2024-02-11,Bluedart,789.36,In Transit,2,2024-02
Shp008686,Ord008686,2024-11-04,2024-11-11,Fedex,423.9,Delivered,7,2024-11
Shp008687,Ord008687,2022-08-03,2022-08-07,Xpressbees,181.32,Delivered,4,2022-08
Shp008688,Ord008688,2024-11-26,2024-12-02,Dtdc,495.7,Returned To Origin,6,2024-11
Shp008689,Ord008689,2022-07-21,2022-07-24,Dtdc,899.32,Lost,3,2022-07
Shp008690,Ord008690,2024-05-13,2024-05-23,Indiapost,42.74,Delivered,10,2024-05
Shp008691,Ord008691,2022-04-06,2022-04-14,Indiapost,284.62,In Transit,8,2022-04
Shp008692,Ord008692,2022-07-08,2022-07-14,Dtdc,850.82,Delivered,6,2022-07
Shp008693,Ord008693,2022-05-28,2022-06-07,Delhivery,195.26,Delayed,10,2022-05
Shp008694,Ord008694,2022-08-31,2022-09-07,Dtdc,417.85,Lost,7,2022-08
Shp008696,Ord008696,2024-08-19,2024-08-23,Dtdc,450.45,Delayed,4,2024-08
Shp008697,Ord008697,2022-12-02,2022-12-06,Bluedart,646.92,Returned To Origin,4,2022-12
Shp008698,Ord008698,2024-11-05,2024-11-15,Xpressbees,602.07,In Transit,10,2024-11
Shp008700,Ord008700,2024-02-10,2024-02-25,Bluedart,252.91,Lost,15,2024-02
Shp008701,Ord008701,2023-10-10,2023-10-15,Dtdc,832.47,Lost,5,2023-10
Shp008702,Ord008702,2024-02-24,2024-02-25,Dtdc,398.22,Delivered,1,2024-02
Shp008704,Ord008704,2022-01-17,2022-01-22,Dtdc,400.61,Lost,5,2022-01
Shp008705,Ord008705,2024-11-30,2024-12-07,Fedex,772.89,Lost,7,2024-11
Shp008706,Ord008706,2022-04-03,2022-04-04,Dtdc,234.36,Delivered,1,2022-04
Shp008708,Ord008708,2024-08-11,2024-08-21,Fedex,324.23,Returned To Origin,10,2024-08
Shp008709,Ord008709,2023-02-25,2023-03-07,Bluedart,587.14,In Transit,10,2023-02
Shp008710,Ord008710,2024-01-01,2024-01-04,Ekart,739.29,Returned To Origin,3,2024-01
Shp008711,Ord008711,2023-02-07,2023-02-22,Ekart,59.86,Returned To Origin,15,2023-02
Shp008712,Ord008712,2024-09-18,2024-09-20,Ekart,237.03,Delayed,2,2024-09
Shp008713,Ord008713,2024-08-21,2024-08-23,Delhivery,562.81,In Transit,2,2024-08
Shp008714,Ord008714,2022-08-07,2022-08-09,Delhivery,,Returned To Origin,2,2022-08
Shp008715,Ord008715,2023-09-08,2023-09-09,Ekart,301.9,Lost,1,2023-09
Shp008716,Ord008716,2023-09-07,2023-09-14,Ekart,474.95,Delivered,7,2023-09
Shp008717,Ord008717,2022-11-21,2022-11-24,Indiapost,381.62,Delayed,3,2022-11
Shp008719,Ord008719,2023-08-15,2023-08-18,Delhivery,424.04,Returned To Origin,3,2023-08
Shp008720,Ord008720,2023-07-23,2023-07-29,Indiapost,886.3,Lost,6,2023-07
Shp008721,Ord008721,2024-03-05,2024-03-10,Indiapost,390.46,Delayed,5,2024-03
Shp008722,Ord008722,2023-06-08,2023-06-11,Indiapost,442.83,Delayed,3,2023-06
Shp008723,Ord008723,2023-04-17,2023-04-20,Delhivery,179.19,Returned To Origin,3,2023-04
Shp008724,Ord008724,2024-04-02,2024-04-17,Ekart,396.75,Delayed,15,2024-04
Shp008726,Ord008726,2024-09-08,2024-09-16,Bluedart,105.64,Returned To Origin,8,2024-09
Shp008728,Ord008728,2024-06-18,2024-06-19,Delhivery,518.1,Delayed,1,2024-06
Shp008729,Ord008729,2022-11-14,2022-11-17,Delhivery,589.89,Lost,3,2022-11
Shp008730,Ord008730,2022-02-22,2022-03-04,Xpressbees,621.3,Lost,10,2022-02
Shp008732,Ord008732,2024-09-28,2024-10-01,Xpressbees,64.82,Returned To Origin,3,2024-09
Shp008733,Ord008733,2024-05-01,2024-05-03,Bluedart,415.74,In Transit,2,2024-05
Shp008734,Ord008734,2024-02-12,2024-02-27,Ekart,715.6,Delayed,15,2024-02
Shp008735,Ord008735,2024-04-16,2024-04-26,Xpressbees,706.94,Delayed,10,2024-04
Shp008736,Ord008736,2024-09-20,2024-09-22,Indiapost,216.8,Returned To Origin,2,2024-09
Shp008737,Ord008737,2024-06-18,2024-06-21,Xpressbees,429.84,Delivered,3,2024-06
Shp008739,Ord008739,2022-06-25,2022-06-26,Xpressbees,576.03,Delayed,1,2022-06
Shp008740,Ord008740,2022-11-13,2022-11-21,Xpressbees,590.16,Delivered,8,2022-11
Shp008741,Ord008741,2023-01-15,2023-01-21,Xpressbees,196.16,Lost,6,2023-01
Shp008742,Ord008742,2023-05-26,2023-06-05,Xpressbees,509.35,Delayed,10,2023-05
Shp008743,Ord008743,2022-11-13,2022-11-23,Xpressbees,190.22,Delayed,10,2022-11
Shp008744,Ord008744,2023-08-10,2023-08-15,Indiapost,763.53,Delivered,5,2023-08
Shp008745,Ord008745,2022-12-18,2022-12-21,Delhivery,598.97,Returned To Origin,3,2022-12
Shp008746,Ord008746,2023-10-30,2023-11-09,Ekart,689.43,In Transit,10,2023-10
Shp008747,Ord008747,2022-10-25,2022-11-09,Bluedart,899.86,Delayed,15,2022-10
Shp008748,Ord008748,2023-04-07,2023-04-14,Fedex,877.27,Delivered,7,2023-04
Shp008750,Ord008750,2023-11-15,2023-11-25,Delhivery,815.54,Lost,10,2023-11
Shp008752,Ord008752,2023-12-06,2023-12-09,Fedex,775.69,Delivered,3,2023-12
Shp008753,Ord008753,2022-09-08,2022-09-11,Ekart,675.75,Returned To Origin,3,2022-09
Shp008754,Ord008754,2024-04-05,2024-04-10,Dtdc,820.23,Lost,5,2024-04
Shp008755,Ord008755,2023-01-21,2023-01-27,Bluedart,,In Transit,6,2023-01
Shp008756,Ord008756,2023-07-15,2023-07-16,Bluedart,505.14,Delivered,1,2023-07
Shp008757,Ord008757,2023-09-07,2023-09-15,Delhivery,426.9,In Transit,8,2023-09
Shp008758,Ord008758,2023-08-11,2023-08-12,Dtdc,448.39,In Transit,1,2023-08
Shp008760,Ord008760,2024-05-31,2024-06-01,Indiapost,264.06,Delayed,1,2024-05
Shp008761,Ord008761,2024-09-04,2024-09-11,Ekart,686.84,Lost,7,2024-09
Shp008762,Ord008762,2022-11-20,2022-11-21,Fedex,71.85,Lost,1,2022-11
Shp008763,Ord008763,2023-08-08,2023-08-13,Ekart,776.84,Returned To Origin,5,2023-08
Shp008764,Ord008764,2024-07-17,2024-07-27,Ekart,893.5,Delivered,10,2024-07
Shp008765,Ord008765,2024-03-12,2024-03-20,Xpressbees,158.87,Lost,8,2024-03
Shp008766,Ord008766,2022-10-22,2022-10-29,Ekart,443.38,Delayed,7,2022-10
Shp008768,Ord008768,2024-07-14,2024-07-24,Bluedart,809.78,Delayed,10,2024-07
Shp008769,Ord008769,2024-03-20,2024-04-04,Dtdc,400.53,Delivered,15,2024-03
Shp008770,Ord008770,2023-01-20,2023-01-30,Bluedart,823.13,Delayed,10,2023-01
Shp008771,Ord008771,2022-09-12,2022-09-15,Delhivery,431.95,Delivered,3,2022-09
Shp008772,Ord008772,2024-04-14,2024-04-21,Dtdc,153.19,In Transit,7,2024-04
Shp008773,Ord008773,2022-10-13,2022-10-19,Fedex,570.78,In Transit,6,2022-10
Shp008774,Ord008774,2024-08-16,2024-08-17,Ekart,825.63,Delivered,1,2024-08
Shp008775,Ord008775,2022-06-16,2022-06-19,Bluedart,503.91,Delayed,3,2022-06
Shp008776,Ord008776,2024-08-08,2024-08-23,Dtdc,220.09,Lost,15,2024-08
Shp008777,Ord008777,2022-12-17,2022-12-25,Delhivery,206.42,Returned To Origin,8,2022-12
Shp008779,Ord008779,2024-12-29,2025-01-02,Bluedart,830.4,Delayed,4,2024-12
Shp008780,Ord008780,2023-01-12,2023-01-13,Fedex,581.37,Delayed,1,2023-01
Shp008781,Ord008781,2022-04-14,2022-04-17,Indiapost,354.24,Returned To Origin,3,2022-04
Shp008782,Ord008782,2022-01-20,2022-02-04,Dtdc,424.54,Delivered,15,2022-01
Shp008783,Ord008783,2023-12-13,2023-12-17,Indiapost,213.89,Delayed,4,2023-12
Shp008785,Ord008785,2023-09-20,2023-09-23,Fedex,801.56,Delayed,3,2023-09
Shp008786,Ord008786,2023-06-09,2023-06-15,Dtdc,47.92,Delayed,6,2023-06
Shp008787,Ord008787,2023-05-17,2023-05-20,Fedex,696.42,Delivered,3,2023-05
Shp008788,Ord008788,2024-10-14,2024-10-17,Ekart,202.55,Returned To Origin,3,2024-10
Shp008789,Ord008789,2024-04-19,2024-04-20,Xpressbees,173.05,Delivered,1,2024-04
Shp008790,Ord008790,2022-10-22,2022-10-27,Dtdc,803.18,Delivered,5,2022-10
Shp008792,Ord008792,2024-06-27,2024-07-07,Dtdc,627.27,Lost,10,2024-06
Shp008793,Ord008793,2024-04-01,2024-04-09,Indiapost,441.37,In Transit,8,2024-04
Shp008795,Ord008795,2024-08-14,2024-08-24,Fedex,81.26,Delivered,10,2024-08
Shp008796,Ord008796,2024-01-02,2024-01-09,Indiapost,657.57,Returned To Origin,7,2024-01
Shp008797,Ord008797,2023-02-20,2023-02-28,Indiapost,481.65,Delayed,8,2023-02
Shp008798,Ord008798,2024-04-30,2024-05-02,Indiapost,458.95,Lost,2,2024-04
Shp008799,Ord008799,2023-01-30,2023-02-04,Dtdc,294.84,Lost,5,2023-01
Shp008800,Ord008800,2023-02-22,2023-02-27,Xpressbees,322.86,Delivered,5,2023-02
Shp008801,Ord008801,2023-05-29,2023-05-30,Dtdc,860.68,Lost,1,2023-05
Shp008803,Ord008803,2023-12-21,2023-12-27,Fedex,290.6,Delivered,6,2023-12
Shp008804,Ord008804,2024-01-21,2024-01-28,Ekart,727.56,Delivered,7,2024-01
Shp008805,Ord008805,2022-10-01,2022-10-06,Dtdc,474.31,Lost,5,2022-10
Shp008807,Ord008807,2024-06-20,2024-06-27,Indiapost,809.43,Delivered,7,2024-06
Shp008808,Ord008808,2022-04-26,2022-05-03,Ekart,224.87,In Transit,7,2022-04
Shp008809,Ord008809,2024-11-17,2024-11-24,Delhivery,894.72,Returned To Origin,7,2024-11
Shp008810,Ord008810,2022-10-29,2022-11-08,Xpressbees,557.86,Delayed,10,2022-10
Shp008811,Ord008811,2023-08-08,2023-08-11,Indiapost,533.32,Lost,3,2023-08
Shp008812,Ord008812,2023-07-14,2023-07-16,Indiapost,831.22,Delayed,2,2023-07
Shp008814,Ord008814,2022-01-29,2022-02-13,Fedex,655.44,Returned To Origin,15,2022-01
Shp008815,Ord008815,2022-06-18,2022-06-23,Xpressbees,165.87,Lost,5,2022-06
Shp008817,Ord008817,2022-07-25,2022-07-28,Xpressbees,709.5,In Transit,3,2022-07
Shp008819,Ord008819,2022-07-05,2022-07-12,Bluedart,753.63,Delayed,7,2022-07
Shp008821,Ord008821,2024-03-16,2024-03-18,Indiapost,434.38,Returned To Origin,2,2024-03
Shp008822,Ord008822,2022-09-12,2022-09-13,Bluedart,720.77,Delayed,1,2022-09
Shp008823,Ord008823,2022-02-24,2022-03-01,Delhivery,82.22,Returned To Origin,5,2022-02
Shp008824,Ord008824,2022-05-20,2022-05-30,Delhivery,622.6,Lost,10,2022-05
Shp008825,Ord008825,2024-01-01,2024-01-04,Fedex,865.55,Lost,3,2024-01
Shp008826,Ord008826,2024-06-24,2024-06-27,Indiapost,214.4,Delayed,3,2024-06
Shp008827,Ord008827,2024-07-17,2024-07-25,Delhivery,544.71,Lost,8,2024-07
Shp008829,Ord008829,2023-12-27,2024-01-04,Dtdc,695.9,Delivered,8,2023-12
Shp008830,Ord008830,2023-11-13,2023-11-16,Dtdc,449.15,Returned To Origin,3,2023-11
Shp008831,Ord008831,2022-09-20,2022-09-24,Xpressbees,765.45,Lost,4,2022-09
Shp008834,Ord008834,2024-11-11,2024-11-14,Xpressbees,417.87,In Transit,3,2024-11
Shp008835,Ord008835,2023-11-25,2023-11-30,Xpressbees,306.87,Delayed,5,2023-11
Shp008837,Ord008837,2024-04-15,2024-04-21,Bluedart,209.03,Lost,6,2024-04
Shp008838,Ord008838,2024-10-21,2024-10-29,Bluedart,479.36,Delayed,8,2024-10
Shp008839,Ord008839,2023-03-06,2023-03-08,Fedex,601.37,Delayed,2,2023-03
Shp008841,Ord008841,2023-05-04,2023-05-10,Dtdc,175.62,Delivered,6,2023-05
Shp008842,Ord008842,2023-11-24,2023-11-29,Dtdc,594.27,Delivered,5,2023-11
Shp008843,Ord008843,2024-06-25,2024-07-01,Dtdc,709.85,Delivered,6,2024-06
Shp008846,Ord008846,2022-08-20,2022-08-24,Fedex,59.08,Delivered,4,2022-08
Shp008847,Ord008847,2024-10-09,2024-10-11,Delhivery,205.48,In Transit,2,2024-10
Shp008848,Ord008848,2022-04-17,2022-04-20,Fedex,635.43,Delayed,3,2022-04
Shp008850,Ord008850,2022-01-06,2022-01-14,Xpressbees,236.02,Lost,8,2022-01
Shp008851,Ord008851,2024-06-03,2024-06-06,Bluedart,345.54,Lost,3,2024-06
Shp008852,Ord008852,2024-08-18,2024-08-21,Xpressbees,94.2,In Transit,3,2024-08
Shp008853,Ord008853,2024-12-12,2024-12-15,Fedex,351.37,Returned To Origin,3,2024-12
Shp008854,Ord008854,2024-03-08,2024-03-16,Xpressbees,659.63,Delivered,8,2024-03
Shp008855,Ord008855,2024-01-29,2024-02-04,Dtdc,403.54,Delivered,6,2024-01
Shp008856,Ord008856,2022-09-17,2022-09-25,Dtdc,717.91,Delivered,8,2022-09
Shp008857,Ord008857,2022-07-17,2022-07-22,Ekart,111.4,Delivered,5,2022-07
Shp008858,Ord008858,2024-04-14,2024-04-24,Delhivery,,Delayed,10,2024-04
Shp008859,Ord008859,2024-02-09,2024-02-14,Bluedart,49.09,Returned To Origin,5,2024-02
Shp008860,Ord008860,2024-09-13,2024-09-16,Ekart,146.83,Delayed,3,2024-09
Shp008861,Ord008861,2022-09-15,2022-09-17,Indiapost,575.39,Delayed,2,2022-09
Shp008863,Ord008863,2023-11-12,2023-11-16,Indiapost,411.62,Lost,4,2023-11
Shp008864,Ord008864,2022-11-28,2022-12-02,Bluedart,653.13,In Transit,4,2022-11
Shp008865,Ord008865,2023-06-29,2023-07-06,Ekart,58.44,In Transit,7,2023-06
Shp008866,Ord008866,2024-06-16,2024-06-20,Dtdc,556.19,Returned To Origin,4,2024-06
Shp008867,Ord008867,2022-11-29,2022-11-30,Fedex,507.93,In Transit,1,2022-11
Shp008868,Ord008868,2024-12-31,2025-01-03,Delhivery,486.11,Lost,3,2024-12
Shp008869,Ord008869,2023-12-28,2024-01-01,Fedex,824.8,Delayed,4,2023-12
Shp008870,Ord008870,2023-02-28,2023-03-15,Delhivery,420.18,Delivered,15,2023-02
Shp008872,Ord008872,2023-08-27,2023-09-02,Ekart,783.84,Delivered,6,2023-08
Shp008873,Ord008873,2023-08-03,2023-08-10,Xpressbees,63.56,In Transit,7,2023-08
Shp008874,Ord008874,2023-03-26,2023-04-10,Xpressbees,791.42,Delivered,15,2023-03
Shp008875,Ord008875,2023-09-03,2023-09-09,Ekart,321.95,Delayed,6,2023-09
Shp008876,Ord008876,2024-11-11,2024-11-18,Fedex,622.31,Delayed,7,2024-11
Shp008877,Ord008877,2024-06-26,2024-06-30,Delhivery,361.93,In Transit,4,2024-06
Shp008878,Ord008878,2022-05-02,2022-05-06,Xpressbees,551.34,Lost,4,2022-05
Shp008879,Ord008879,2022-11-22,2022-11-24,Fedex,166.89,In Transit,2,2022-11
Shp008880,Ord008880,2023-10-06,2023-10-09,Indiapost,,Lost,3,2023-10
Shp008881,Ord008881,2024-09-05,2024-09-15,Indiapost,725.83,Lost,10,2024-09
Shp008882,Ord008882,2023-12-22,2023-12-26,Xpressbees,346.16,Lost,4,2023-12
Shp008885,Ord008885,2024-07-30,2024-08-02,Indiapost,312.72,Delivered,3,2024-07
Shp008886,Ord008886,2022-05-21,2022-05-31,Dtdc,631.04,Delayed,10,2022-05
Shp008887,Ord008887,2023-11-20,2023-11-22,Xpressbees,351.11,In Transit,2,2023-11
Shp008888,Ord008888,2023-07-28,2023-07-29,Fedex,498.87,Lost,1,2023-07
Shp008890,Ord008890,2024-02-11,2024-02-21,Dtdc,302.94,Delayed,10,2024-02
Shp008891,Ord008891,2022-05-18,2022-05-22,Bluedart,169.19,Delayed,4,2022-05
Shp008892,Ord008892,2022-01-25,2022-02-09,Xpressbees,483.81,Delayed,15,2022-01
Shp008893,Ord008893,2022-01-11,2022-01-16,Dtdc,83.22,Delivered,5,2022-01
Shp008894,Ord008894,2024-07-08,2024-07-16,Fedex,95.15,Lost,8,2024-07
Shp008895,Ord008895,2024-03-20,2024-03-26,Bluedart,261.6,Delivered,6,2024-03
Shp008897,Ord008897,2023-09-01,2023-09-05,Xpressbees,733.5,Delayed,4,2023-09
Shp008899,Ord008899,2024-12-30,2025-01-09,Indiapost,741.13,In Transit,10,2024-12
Shp008900,Ord008900,2022-11-19,2022-11-26,Ekart,132.01,Delayed,7,2022-11
Shp008901,Ord008901,2024-11-30,2024-12-06,Fedex,276.38,Lost,6,2024-11
Shp008902,Ord008902,2024-02-01,2024-02-03,Indiapost,106.72,Delivered,2,2024-02
Shp008903,Ord008903,2024-08-16,2024-08-20,Bluedart,148.88,Delayed,4,2024-08
Shp008904,Ord008904,2022-08-29,2022-09-05,Ekart,501.66,Delayed,7,2022-08
Shp008905,Ord008905,2023-02-02,2023-02-06,Bluedart,373.2,Delivered,4,2023-02
Shp008907,Ord008907,2022-06-04,2022-06-05,Indiapost,876.26,Delivered,1,2022-06
Shp008908,Ord008908,2022-12-10,2022-12-13,Xpressbees,166.0,In Transit,3,2022-12
Shp008909,Ord008909,2022-05-31,2022-06-07,Ekart,618.33,Returned To Origin,7,2022-05
Shp008910,Ord008910,2024-04-21,2024-04-22,Xpressbees,648.62,Lost,1,2024-04
Shp008911,Ord008911,2022-08-24,2022-09-03,Bluedart,132.09,Delivered,10,2022-08
Shp008914,Ord008914,2023-06-27,2023-07-03,Xpressbees,487.05,Lost,6,2023-06
Shp008915,Ord008915,2024-10-20,2024-10-28,Ekart,687.21,Delivered,8,2024-10
Shp008916,Ord008916,2022-03-05,2022-03-06,Delhivery,590.54,Returned To Origin,1,2022-03
Shp008917,Ord008917,2023-12-26,2023-12-27,Dtdc,609.01,Delayed,1,2023-12
Shp008918,Ord008918,2024-04-10,2024-04-13,Fedex,,Delayed,3,2024-04
Shp008920,Ord008920,2024-06-08,2024-06-23,Ekart,370.45,Delayed,15,2024-06
Shp008921,Ord008921,2023-09-29,2023-10-14,Bluedart,793.39,Delayed,15,2023-09
Shp008923,Ord008923,2024-05-01,2024-05-03,Xpressbees,884.97,In Transit,2,2024-05
Shp008924,Ord008924,2024-10-14,2024-10-19,Ekart,177.48,Delayed,5,2024-10
Shp008925,Ord008925,2024-09-04,2024-09-11,Fedex,457.13,Lost,7,2024-09
Shp008926,Ord008926,2024-03-30,2024-04-01,Fedex,591.33,Delayed,2,2024-03
Shp008927,Ord008927,2024-06-16,2024-06-24,Fedex,845.33,Lost,8,2024-06
Shp008929,Ord008929,2022-10-18,2022-10-26,Fedex,220.17,In Transit,8,2022-10
Shp008931,Ord008931,2023-09-01,2023-09-08,Bluedart,386.14,Delayed,7,2023-09
Shp008932,Ord008932,2024-09-18,2024-09-20,Fedex,721.81,Returned To Origin,2,2024-09
Shp008933,Ord008933,2023-04-24,2023-04-27,Bluedart,263.95,In Transit,3,2023-04
Shp008934,Ord008934,2024-10-11,2024-10-21,Delhivery,498.02,Delayed,10,2024-10
Shp008935,Ord008935,2024-03-30,2024-04-04,Bluedart,349.72,Delivered,5,2024-03
Shp008936,Ord008936,2022-06-23,2022-07-03,Indiapost,147.5,Returned To Origin,10,2022-06
Shp008937,Ord008937,2022-02-12,2022-02-15,Indiapost,462.42,Returned To Origin,3,2022-02
Shp008938,Ord008938,2023-10-15,2023-10-30,Xpressbees,326.2,In Transit,15,2023-10
Shp008939,Ord008939,2024-05-18,2024-05-28,Fedex,234.75,Lost,10,2024-05
Shp008940,Ord008940,2023-10-19,2023-10-23,Fedex,79.4,Delayed,4,2023-10
Shp008943,Ord008943,2022-12-11,2022-12-18,Bluedart,513.34,In Transit,7,2022-12
Shp008944,Ord008944,2022-04-11,2022-04-21,Xpressbees,475.57,Delayed,10,2022-04
Shp008945,Ord008945,2024-09-02,2024-09-09,Ekart,808.94,In Transit,7,2024-09
Shp008946,Ord008946,2023-10-23,2023-10-27,Dtdc,891.71,Delayed,4,2023-10
Shp008947,Ord008947,2022-02-28,2022-03-01,Ekart,226.32,Lost,1,2022-02
Shp008948,Ord008948,2022-01-18,2022-01-26,Xpressbees,347.57,Lost,8,2022-01
Shp008949,Ord008949,2022-09-16,2022-09-18,Indiapost,809.19,In Transit,2,2022-09
Shp008950,Ord008950,2022-07-05,2022-07-06,Dtdc,454.55,Returned To Origin,1,2022-07
Shp008951,Ord008951,2023-10-28,2023-10-31,Dtdc,268.72,Delivered,3,2023-10
Shp008954,Ord008954,2022-08-03,2022-08-13,Indiapost,412.8,Lost,10,2022-08
Shp008955,Ord008955,2022-03-15,2022-03-19,Bluedart,106.08,In Transit,4,2022-03
Shp008956,Ord008956,2023-04-09,2023-04-15,Fedex,776.28,Delayed,6,2023-04
Shp008957,Ord008957,2023-01-14,2023-01-29,Xpressbees,759.92,Delayed,15,2023-01
Shp008958,Ord008958,2022-08-12,2022-08-20,Fedex,226.98,Returned To Origin,8,2022-08
Shp008959,Ord008959,2024-04-28,2024-05-04,Dtdc,253.78,Returned To Origin,6,2024-04
Shp008961,Ord008961,2023-12-27,2024-01-04,Delhivery,119.78,Lost,8,2023-12
Shp008962,Ord008962,2022-03-21,2022-03-23,Delhivery,545.09,Delivered,2,2022-03
Shp008963,Ord008963,2022-03-26,2022-04-05,Bluedart,442.3,Lost,10,2022-03
Shp008965,Ord008965,2023-02-22,2023-03-02,Xpressbees,30.28,Lost,8,2023-02
Shp008967,Ord008967,2024-09-25,2024-10-05,Indiapost,134.2,Returned To Origin,10,2024-09
Shp008968,Ord008968,2023-06-18,2023-06-20,Dtdc,884.39,Lost,2,2023-06
Shp008969,Ord008969,2024-08-18,2024-08-20,Fedex,894.14,Lost,2,2024-08
Shp008970,Ord008970,2024-07-26,2024-08-05,Bluedart,748.61,Delivered,10,2024-07
Shp008971,Ord008971,2023-07-28,2023-08-02,Xpressbees,463.68,Delivered,5,2023-07
Shp008973,Ord008973,2022-02-27,2022-03-05,Fedex,863.77,Returned To Origin,6,2022-02
Shp008974,Ord008974,2024-11-02,2024-11-09,Delhivery,612.7,Delayed,7,2024-11
Shp008975,Ord008975,2024-09-30,2024-10-08,Bluedart,148.18,Returned To Origin,8,2024-09
Shp008977,Ord008977,2022-01-09,2022-01-15,Indiapost,351.86,Delayed,6,2022-01
Shp008978,Ord008978,2023-09-27,2023-10-04,Dtdc,769.44,Delivered,7,2023-09
Shp008979,Ord008979,2024-02-18,2024-02-25,Dtdc,526.44,Returned To Origin,7,2024-02
Shp008980,Ord008980,2022-07-21,2022-08-05,Delhivery,529.5,Delivered,15,2022-07
Shp008981,Ord008981,2024-09-14,2024-09-17,Xpressbees,525.66,In Transit,3,2024-09
Shp008982,Ord008982,2022-02-19,2022-02-23,Indiapost,714.96,In Transit,4,2022-02
Shp008983,Ord008983,2022-03-15,2022-03-30,Bluedart,411.45,In Transit,15,2022-03
Shp008984,Ord008984,2022-05-06,2022-05-14,Fedex,899.62,Delivered,8,2022-05
Shp008986,Ord008986,2024-01-15,2024-01-30,Dtdc,141.85,Delivered,15,2024-01
Shp008987,Ord008987,2023-09-14,2023-09-20,Bluedart,556.4,Delivered,6,2023-09
Shp008989,Ord008989,2022-02-06,2022-02-14,Xpressbees,455.83,Delivered,8,2022-02
Shp008991,Ord008991,2024-04-23,2024-04-27,Dtdc,120.9,Delivered,4,2024-04
Shp008992,Ord008992,2023-11-15,2023-11-20,Bluedart,831.44,Returned To Origin,5,2023-11
Shp008993,Ord008993,2024-12-01,2024-12-16,Dtdc,774.03,Delayed,15,2024-12
Shp008994,Ord008994,2022-10-21,2022-10-24,Indiapost,362.08,Lost,3,2022-10
Shp008995,Ord008995,2023-10-10,2023-10-14,Indiapost,566.22,Lost,4,2023-10
Shp008996,Ord008996,2022-03-18,2022-03-25,Delhivery,394.79,Delivered,7,2022-03
Shp008998,Ord008998,2023-05-03,2023-05-06,Fedex,568.14,Lost,3,2023-05
Shp008999,Ord008999,2024-09-24,2024-09-29,Indiapost,464.21,In Transit,5,2024-09
Shp009000,Ord009000,2023-08-01,2023-08-07,Indiapost,871.24,Lost,6,2023-08
Shp009001,Ord003844,2024-03-14,2024-03-16,Xpressbees,279.05,Delivered,2,2024-03
Shp009002,Ord006189,2024-11-27,2024-11-28,Indiapost,337.27,In Transit,1,2024-11
Shp009003,Ord003491,2023-12-20,2023-12-25,Delhivery,,Delivered,5,2023-12
Shp009004,Ord003421,2024-09-03,2024-09-18,Bluedart,245.38,In Transit,15,2024-09
Shp009005,Ord005290,2022-05-16,2022-05-24,Ekart,816.68,Lost,8,2022-05
Shp009006,Ord003737,2022-09-14,2022-09-24,Delhivery,276.94,In Transit,10,2022-09
Shp009008,Ord001044,2022-07-30,2022-08-04,Ekart,792.87,Delayed,5,2022-07
Shp009009,Ord004362,2024-01-14,2024-01-16,Delhivery,733.13,Lost,2,2024-01
Shp009010,Ord007343,2023-06-10,2023-06-14,Indiapost,835.05,In Transit,4,2023-06
Shp009011,Ord007528,2022-10-03,2022-10-09,Indiapost,140.37,Lost,6,2022-10
Shp009012,Ord003530,2022-06-20,2022-06-25,Xpressbees,469.92,Delivered,5,2022-06
Shp009013,Ord004270,2024-11-18,2024-11-21,Delhivery,508.87,Returned To Origin,3,2024-11
Shp009014,Ord005785,2024-05-28,2024-06-01,Xpressbees,819.59,Lost,4,2024-05
Shp009015,Ord001158,2023-04-25,2023-04-28,Fedex,492.97,Lost,3,2023-04
Shp009016,Ord005862,2023-04-27,2023-05-07,Delhivery,197.33,Returned To Origin,10,2023-04
Shp009017,Ord008683,2023-02-03,2023-02-07,Fedex,854.55,Delayed,4,2023-02
Shp009019,Ord003127,2024-06-03,2024-06-11,Xpressbees,675.86,In Transit,8,2024-06
Shp009020,Ord004295,2024-01-21,2024-01-29,Bluedart,835.73,Delivered,8,2024-01
Shp009021,Ord003673,2024-03-27,2024-03-28,Dtdc,607.25,In Transit,1,2024-03
Shp009023,Ord007266,2022-07-29,2022-08-06,Indiapost,349.89,Delivered,8,2022-07
Shp009025,Ord007974,2023-11-05,2023-11-08,Xpressbees,876.86,Delayed,3,2023-11
Shp009026,Ord005867,2023-01-16,2023-01-18,Indiapost,35.27,Delivered,2,2023-01
Shp009027,Ord007733,2022-03-19,2022-03-23,Xpressbees,406.47,Delivered,4,2022-03
Shp009028,Ord007123,2024-08-18,2024-08-28,Delhivery,565.93,Lost,10,2024-08
Shp009029,Ord000043,2023-08-09,2023-08-17,Dtdc,196.79,Delayed,8,2023-08
Shp009030,Ord008941,2022-07-19,2022-07-21,Xpressbees,726.0,Delayed,2,2022-07
